{
"type": "FeatureCollection",
"name": "state_24_tracts_simplified",
"crs": { "type": "name", "properties": { "name": "urn:ogc:def:crs:OGC:1.3:CRS84" } },
"features": [
{ "type": "Feature", "properties": { "GEOIDFQ": "1400000US24013511000", "NAME": "5110", "NAMELSAD": "Census Tract 5110" }, "geometry": { "type": "Polygon", "coordinates": [ [ [ -77.1434, 39.5651 ], [ -77.1221, 39.5564 ], [ -77.118, 39.5687 ], [ -77.0599, 39.5689 ], [ -77.0388, 39.5144 ], [ -77.0718, 39.4924 ], [ -77.0911, 39.4916 ], [ -77.1335, 39.5085 ], [ -77.1384, 39.5205 ], [ -77.15, 39.522 ], [ -77.1519, 39.5321 ], [ -77.1597, 39.5345 ], [ -77.1434, 39.5651 ] ] ] } },
{ "type": "Feature", "properties": { "GEOIDFQ": "1400000US24510160600", "NAME": "1606", "NAMELSAD": "Census Tract 1606" }, "geometry": { "type": "Polygon", "coordinates": [ [ [ -76.669, 39.2993 ], [ -76.6608, 39.3005 ], [ -76.6594, 39.2934 ], [ -76.6697, 39.2944 ], [ -76.669, 39.2993 ] ] ] } },
{ "type": "Feature", "properties": { "GEOIDFQ": "1400000US24510271802", "NAME": "2718.02", "NAMELSAD": "Census Tract 2718.02" }, "geometry": { "type": "Polygon", "coordinates": [ [ [ -76.676, 39.349 ], [ -76.6714, 39.3452 ], [ -76.6738, 39.341 ], [ -76.6834, 39.3431 ], [ -76.676, 39.349 ] ] ] } },
{ "type": "Feature", "properties": { "GEOIDFQ": "1400000US24005411309", "NAME": "4113.09", "NAMELSAD": "Census Tract 4113.09" }, "geometry": { "type": "Polygon", "coordinates": [ [ [ -76.4557, 39.4074 ], [ -76.4638, 39.4128 ], [ -76.4448, 39.4274 ], [ -76.4268, 39.417 ], [ -76.4097, 39.4157 ], [ -76.4389, 39.3888 ], [ -76.4412, 39.4029 ], [ -76.4642, 39.4 ], [ -76.4557, 39.4074 ] ] ] } },
{ "type": "Feature", "properties": { "GEOIDFQ": "1400000US24005408303", "NAME": "4083.03", "NAMELSAD": "Census Tract 4083.03" }, "geometry": { "type": "Polygon", "coordinates": [ [ [ -76.7086, 39.4958 ], [ -76.7078, 39.4771 ], [ -76.6854, 39.4479 ], [ -76.711, 39.4466 ], [ -76.7149, 39.4415 ], [ -76.7238, 39.4491 ], [ -76.7324, 39.4599 ], [ -76.7402, 39.4953 ], [ -76.7086, 39.4958 ] ] ] } },
{ "type": "Feature", "properties": { "GEOIDFQ": "1400000US24005407002", "NAME": "4070.02", "NAMELSAD": "Census Tract 4070.02" }, "geometry": { "type": "Polygon", "coordinates": [ [ [ -76.5694, 39.7212 ], [ -76.5658, 39.6255 ], [ -76.5821, 39.6344 ], [ -76.5987, 39.6253 ], [ -76.6183, 39.624 ], [ -76.6231, 39.6142 ], [ -76.6401, 39.6271 ], [ -76.6581, 39.6231 ], [ -76.6614, 39.6132 ], [ -76.6723, 39.6334 ], [ -76.6625, 39.6542 ], [ -76.665, 39.6605 ], [ -76.6754, 39.66 ], [ -76.667, 39.6926 ], [ -76.6988, 39.7184 ], [ -76.5694, 39.7212 ] ] ] } },
{ "type": "Feature", "properties": { "GEOIDFQ": "1400000US24005407001", "NAME": "4070.01", "NAMELSAD": "Census Tract 4070.01" }, "geometry": { "type": "Polygon", "coordinates": [ [ [ -76.7068, 39.6203 ], [ -76.7034, 39.6336 ], [ -76.6813, 39.6349 ], [ -76.6722, 39.6325 ], [ -76.6614, 39.6132 ], [ -76.6581, 39.6231 ], [ -76.6346, 39.6265 ], [ -76.6194, 39.61 ], [ -76.626, 39.5987 ], [ -76.6112, 39.5842 ], [ -76.6204, 39.5845 ], [ -76.6187, 39.5786 ], [ -76.628, 39.5817 ], [ -76.6524, 39.5769 ], [ -76.6587, 39.571 ], [ -76.6557, 39.564 ], [ -76.6704, 39.5623 ], [ -76.6823, 39.572 ], [ -76.7132, 39.5787 ], [ -76.7354, 39.5943 ], [ -76.7068, 39.6203 ] ] ] } },
{ "type": "Feature", "properties": { "GEOIDFQ": "1400000US24005411308", "NAME": "4113.08", "NAMELSAD": "Census Tract 4113.08" }, "geometry": { "type": "Polygon", "coordinates": [ [ [ -76.4643, 39.4 ], [ -76.4412, 39.4029 ], [ -76.4389, 39.3888 ], [ -76.4458, 39.3823 ], [ -76.4692, 39.3883 ], [ -76.4643, 39.4 ] ] ] } },
{ "type": "Feature", "properties": { "GEOIDFQ": "1400000US24043000900", "NAME": "9", "NAMELSAD": "Census Tract 9" }, "geometry": { "type": "Polygon", "coordinates": [ [ [ -77.7543, 39.6491 ], [ -77.7253, 39.6444 ], [ -77.7357, 39.6285 ], [ -77.7359, 39.6371 ], [ -77.7598, 39.6298 ], [ -77.7705, 39.6184 ], [ -77.777, 39.624 ], [ -77.7543, 39.6491 ] ] ] } },
{ "type": "Feature", "properties": { "GEOIDFQ": "1400000US24005451500", "NAME": "4515", "NAMELSAD": "Census Tract 4515" }, "geometry": { "type": "Polygon", "coordinates": [ [ [ -76.4394, 39.3301 ], [ -76.4233, 39.315 ], [ -76.4317, 39.3148 ], [ -76.443, 39.3273 ], [ -76.4394, 39.3301 ] ] ] } },
{ "type": "Feature", "properties": { "GEOIDFQ": "1400000US24005451600", "NAME": "4516", "NAMELSAD": "Census Tract 4516" }, "geometry": { "type": "Polygon", "coordinates": [ [ [ -76.4064, 39.3395 ], [ -76.4108, 39.3356 ], [ -76.4013, 39.3195 ], [ -76.4075, 39.3055 ], [ -76.4394, 39.3301 ], [ -76.4064, 39.3395 ] ] ] } },
{ "type": "Feature", "properties": { "GEOIDFQ": "1400000US24005452100", "NAME": "4521", "NAMELSAD": "Census Tract 4521" }, "geometry": { "type": "Polygon", "coordinates": [ [ [ -76.4561, 39.2384 ], [ -76.4381, 39.2293 ], [ -76.4362, 39.2185 ], [ -76.4448, 39.2153 ], [ -76.4444, 39.2097 ], [ -76.4692, 39.2254 ], [ -76.4561, 39.2384 ] ] ] } },
{ "type": "Feature", "properties": { "GEOIDFQ": "1400000US24005451900", "NAME": "4519", "NAMELSAD": "Census Tract 4519" }, "geometry": { "type": "Polygon", "coordinates": [ [ [ -76.4423, 39.2528 ], [ -76.4345, 39.2441 ], [ -76.4073, 39.2418 ], [ -76.3423, 39.2813 ], [ -76.2877, 39.2541 ], [ -76.3324, 39.2044 ], [ -76.3495, 39.1566 ], [ -76.4465, 39.1818 ], [ -76.4501, 39.2044 ], [ -76.4362, 39.2185 ], [ -76.4381, 39.2293 ], [ -76.4433, 39.2296 ], [ -76.4397, 39.2462 ], [ -76.454, 39.2469 ], [ -76.4423, 39.2528 ] ] ] } },
{ "type": "Feature", "properties": { "GEOIDFQ": "1400000US24005452300", "NAME": "4523", "NAMELSAD": "Census Tract 4523" }, "geometry": { "type": "Polygon", "coordinates": [ [ [ -76.5014, 39.3079 ], [ -76.4893, 39.3019 ], [ -76.5204, 39.292 ], [ -76.5298, 39.2991 ], [ -76.5014, 39.3079 ] ] ] } },
{ "type": "Feature", "properties": { "GEOIDFQ": "1400000US24005452000", "NAME": "4520", "NAMELSAD": "Census Tract 4520" }, "geometry": { "type": "Polygon", "coordinates": [ [ [ -76.4397, 39.2462 ], [ -76.4424, 39.2312 ], [ -76.456, 39.2384 ], [ -76.4561, 39.2456 ], [ -76.4397, 39.2462 ] ] ] } },
{ "type": "Feature", "properties": { "GEOIDFQ": "1400000US24005490100", "NAME": "4901", "NAMELSAD": "Census Tract 4901" }, "geometry": { "type": "Polygon", "coordinates": [ [ [ -76.5949, 39.4272 ], [ -76.5573, 39.4493 ], [ -76.5554, 39.4399 ], [ -76.5436, 39.4395 ], [ -76.5435, 39.4263 ], [ -76.5365, 39.4216 ], [ -76.5548, 39.4072 ], [ -76.5687, 39.4021 ], [ -76.5859, 39.4135 ], [ -76.6005, 39.4132 ], [ -76.5949, 39.4272 ] ] ] } },
{ "type": "Feature", "properties": { "GEOIDFQ": "1400000US24510270600", "NAME": "2706", "NAMELSAD": "Census Tract 2706" }, "geometry": { "type": "Polygon", "coordinates": [ [ [ -76.5586, 39.3627 ], [ -76.5634, 39.3501 ], [ -76.573, 39.3539 ], [ -76.5735, 39.3651 ], [ -76.5586, 39.3627 ] ] ] } },
{ "type": "Feature", "properties": { "GEOIDFQ": "1400000US24510270401", "NAME": "2704.01", "NAMELSAD": "Census Tract 2704.01" }, "geometry": { "type": "Polygon", "coordinates": [ [ [ -76.5427, 39.3535 ], [ -76.5348, 39.3512 ], [ -76.5524, 39.3376 ], [ -76.5581, 39.3452 ], [ -76.5427, 39.3535 ] ] ] } },
{ "type": "Feature", "properties": { "GEOIDFQ": "1400000US24510270402", "NAME": "2704.02", "NAMELSAD": "Census Tract 2704.02" }, "geometry": { "type": "Polygon", "coordinates": [ [ [ -76.5577, 39.3567 ], [ -76.5427, 39.3535 ], [ -76.5581, 39.3452 ], [ -76.5634, 39.3501 ], [ -76.5577, 39.3567 ] ] ] } },
{ "type": "Feature", "properties": { "GEOIDFQ": "1400000US24510270502", "NAME": "2705.02", "NAMELSAD": "Census Tract 2705.02" }, "geometry": { "type": "Polygon", "coordinates": [ [ [ -76.5519, 39.3634 ], [ -76.5298, 39.3556 ], [ -76.5348, 39.3512 ], [ -76.5572, 39.3573 ], [ -76.5519, 39.3634 ] ] ] } },
{ "type": "Feature", "properties": { "GEOIDFQ": "1400000US24510151200", "NAME": "1512", "NAMELSAD": "Census Tract 1512" }, "geometry": { "type": "Polygon", "coordinates": [ [ [ -76.6564, 39.3365 ], [ -76.6576, 39.3254 ], [ -76.6643, 39.3275 ], [ -76.6659, 39.333 ], [ -76.6564, 39.3365 ] ] ] } },
{ "type": "Feature", "properties": { "GEOIDFQ": "1400000US24001001100", "NAME": "11", "NAMELSAD": "Census Tract 11" }, "geometry": { "type": "Polygon", "coordinates": [ [ [ -78.7701, 39.656 ], [ -78.7641, 39.6522 ], [ -78.7652, 39.6473 ], [ -78.7846, 39.6507 ], [ -78.7701, 39.656 ] ] ] } },
{ "type": "Feature", "properties": { "GEOIDFQ": "1400000US24009860701", "NAME": "8607.01", "NAMELSAD": "Census Tract 8607.01" }, "geometry": { "type": "Polygon", "coordinates": [ [ [ -76.6723, 38.5528 ], [ -76.6506, 38.5665 ], [ -76.6464, 38.5601 ], [ -76.6238, 38.5762 ], [ -76.6103, 38.5761 ], [ -76.6067, 38.5848 ], [ -76.5882, 38.5368 ], [ -76.6114, 38.5313 ], [ -76.6228, 38.5113 ], [ -76.6367, 38.5068 ], [ -76.6687, 38.5125 ], [ -76.6625, 38.5255 ], [ -76.6756, 38.5373 ], [ -76.6723, 38.5528 ] ] ] } },
{ "type": "Feature", "properties": { "GEOIDFQ": "1400000US24009860502", "NAME": "8605.02", "NAMELSAD": "Census Tract 8605.02" }, "geometry": { "type": "Polygon", "coordinates": [ [ [ -76.5411, 38.5587 ], [ -76.5374, 38.5791 ], [ -76.5261, 38.5866 ], [ -76.522, 38.6069 ], [ -76.5346, 38.6275 ], [ -76.529, 38.6443 ], [ -76.5184, 38.6479 ], [ -76.5071, 38.6151 ], [ -76.5137, 38.5367 ], [ -76.5462, 38.5322 ], [ -76.5528, 38.5564 ], [ -76.5411, 38.5587 ] ] ] } },
{ "type": "Feature", "properties": { "GEOIDFQ": "1400000US24009860801", "NAME": "8608.01", "NAMELSAD": "Census Tract 8608.01" }, "geometry": { "type": "Polygon", "coordinates": [ [ [ -76.5947, 38.4609 ], [ -76.594, 38.4941 ], [ -76.5643, 38.5101 ], [ -76.5207, 38.4962 ], [ -76.5104, 38.4682 ], [ -76.4934, 38.4499 ], [ -76.4811, 38.4464 ], [ -76.4894, 38.4256 ], [ -76.4863, 38.4007 ], [ -76.5063, 38.3751 ], [ -76.5341, 38.3978 ], [ -76.5584, 38.3959 ], [ -76.5656, 38.4071 ], [ -76.6108, 38.4272 ], [ -76.5947, 38.4609 ] ] ] } },
{ "type": "Feature", "properties": { "GEOIDFQ": "1400000US24009860200", "NAME": "8602", "NAMELSAD": "Census Tract 8602" }, "geometry": { "type": "Polygon", "coordinates": [ [ [ -76.6874, 38.6787 ], [ -76.6881, 38.6926 ], [ -76.6807, 38.6904 ], [ -76.6687, 38.7028 ], [ -76.6535, 38.7053 ], [ -76.645, 38.7162 ], [ -76.6241, 38.7266 ], [ -76.6046, 38.7211 ], [ -76.6071, 38.6989 ], [ -76.5958, 38.6776 ], [ -76.6071, 38.6604 ], [ -76.6171, 38.6691 ], [ -76.6302, 38.6661 ], [ -76.6866, 38.6305 ], [ -76.6921, 38.6466 ], [ -76.6833, 38.6612 ], [ -76.7007, 38.6701 ], [ -76.6874, 38.6787 ] ] ] } },
{ "type": "Feature", "properties": { "GEOIDFQ": "1400000US24009860600", "NAME": "8606", "NAMELSAD": "Census Tract 8606" }, "geometry": { "type": "Polygon", "coordinates": [ [ [ -76.6589, 38.6508 ], [ -76.6485, 38.6508 ], [ -76.6409, 38.6614 ], [ -76.6171, 38.6691 ], [ -76.6065, 38.6581 ], [ -76.605, 38.6301 ], [ -76.6147, 38.6017 ], [ -76.6068, 38.5849 ], [ -76.6103, 38.5761 ], [ -76.6238, 38.5762 ], [ -76.6464, 38.5601 ], [ -76.6506, 38.5665 ], [ -76.6723, 38.5528 ], [ -76.6807, 38.5805 ], [ -76.6723, 38.6175 ], [ -76.6866, 38.6305 ], [ -76.6589, 38.6508 ] ] ] } },
{ "type": "Feature", "properties": { "GEOIDFQ": "1400000US24009860402", "NAME": "8604.02", "NAMELSAD": "Census Tract 8604.02" }, "geometry": { "type": "Polygon", "coordinates": [ [ [ -76.5604, 38.6673 ], [ -76.5482, 38.6874 ], [ -76.5238, 38.6913 ], [ -76.5206, 38.6546 ], [ -76.5622, 38.6472 ], [ -76.5692, 38.6649 ], [ -76.5604, 38.6673 ] ] ] } },
{ "type": "Feature", "properties": { "GEOIDFQ": "1400000US24009860703", "NAME": "8607.03", "NAMELSAD": "Census Tract 8607.03" }, "geometry": { "type": "Polygon", "coordinates": [ [ [ -76.6687, 38.5125 ], [ -76.6353, 38.5069 ], [ -76.6222, 38.5118 ], [ -76.6097, 38.5324 ], [ -76.5882, 38.5368 ], [ -76.5807, 38.5318 ], [ -76.5643, 38.5101 ], [ -76.594, 38.4941 ], [ -76.5947, 38.4609 ], [ -76.6108, 38.4272 ], [ -76.6539, 38.4634 ], [ -76.6521, 38.4738 ], [ -76.6744, 38.5001 ], [ -76.6687, 38.5125 ] ] ] } },
{ "type": "Feature", "properties": { "GEOIDFQ": "1400000US24009860300", "NAME": "8603", "NAMELSAD": "Census Tract 8603" }, "geometry": { "type": "Polygon", "coordinates": [ [ [ -76.6046, 38.7211 ], [ -76.5833, 38.7213 ], [ -76.5629, 38.6476 ], [ -76.5206, 38.6546 ], [ -76.5184, 38.6479 ], [ -76.529, 38.6443 ], [ -76.5342, 38.6276 ], [ -76.5715, 38.6248 ], [ -76.605, 38.6302 ], [ -76.6071, 38.6606 ], [ -76.5958, 38.6776 ], [ -76.6082, 38.7078 ], [ -76.6046, 38.7211 ] ] ] } },
{ "type": "Feature", "properties": { "GEOIDFQ": "1400000US24009860702", "NAME": "8607.02", "NAMELSAD": "Census Tract 8607.02" }, "geometry": { "type": "Polygon", "coordinates": [ [ [ -76.5655, 38.5888 ], [ -76.5534, 38.5688 ], [ -76.5484, 38.5304 ], [ -76.5727, 38.5208 ], [ -76.5889, 38.5379 ], [ -76.6057, 38.584 ], [ -76.5655, 38.5888 ] ] ] } },
{ "type": "Feature", "properties": { "GEOIDFQ": "1400000US24009860501", "NAME": "8605.01", "NAMELSAD": "Census Tract 8605.01" }, "geometry": { "type": "Polygon", "coordinates": [ [ [ -76.605, 38.6302 ], [ -76.5715, 38.6248 ], [ -76.5346, 38.6275 ], [ -76.5219, 38.6058 ], [ -76.5411, 38.5587 ], [ -76.5528, 38.5564 ], [ -76.5658, 38.589 ], [ -76.5825, 38.5902 ], [ -76.6027, 38.5828 ], [ -76.6147, 38.6008 ], [ -76.605, 38.6302 ] ] ] } },
{ "type": "Feature", "properties": { "GEOIDFQ": "1400000US24031700834", "NAME": "7008.34", "NAMELSAD": "Census Tract 7008.34" }, "geometry": { "type": "Polygon", "coordinates": [ [ [ -77.2198, 39.1899 ], [ -77.2154, 39.1873 ], [ -77.2307, 39.1868 ], [ -77.2386, 39.1799 ], [ -77.2425, 39.1921 ], [ -77.2198, 39.1899 ] ] ] } },
{ "type": "Feature", "properties": { "GEOIDFQ": "1400000US24031701418", "NAME": "7014.18", "NAMELSAD": "Census Tract 7014.18" }, "geometry": { "type": "Polygon", "coordinates": [ [ [ -76.9523, 39.0781 ], [ -76.9359, 39.0666 ], [ -76.9496, 39.0674 ], [ -76.9523, 39.0781 ] ] ] } },
{ "type": "Feature", "properties": { "GEOIDFQ": "1400000US24031705601", "NAME": "7056.01", "NAMELSAD": "Census Tract 7056.01" }, "geometry": { "type": "Polygon", "coordinates": [ [ [ -77.1035, 38.9647 ], [ -77.0912, 38.9565 ], [ -77.1014, 38.9487 ], [ -77.1088, 38.9579 ], [ -77.1035, 38.9647 ] ] ] } },
{ "type": "Feature", "properties": { "GEOIDFQ": "1400000US24031705501", "NAME": "7055.01", "NAMELSAD": "Census Tract 7055.01" }, "geometry": { "type": "Polygon", "coordinates": [ [ [ -77.0949, 38.9627 ], [ -77.0822, 38.9636 ], [ -77.0912, 38.9565 ], [ -77.0949, 38.9627 ] ] ] } },
{ "type": "Feature", "properties": { "GEOIDFQ": "1400000US24031705701", "NAME": "7057.01", "NAMELSAD": "Census Tract 7057.01" }, "geometry": { "type": "Polygon", "coordinates": [ [ [ -77.1221, 38.9731 ], [ -77.1042, 38.9619 ], [ -77.1088, 38.9579 ], [ -77.133, 38.9695 ], [ -77.1221, 38.9731 ] ] ] } },
{ "type": "Feature", "properties": { "GEOIDFQ": "1400000US24031705702", "NAME": "7057.02", "NAMELSAD": "Census Tract 7057.02" }, "geometry": { "type": "Polygon", "coordinates": [ [ [ -77.1212, 38.9635 ], [ -77.1029, 38.9531 ], [ -77.1126, 38.9402 ], [ -77.1212, 38.9635 ] ] ] } },
{ "type": "Feature", "properties": { "GEOIDFQ": "1400000US24031705901", "NAME": "7059.01", "NAMELSAD": "Census Tract 7059.01" }, "geometry": { "type": "Polygon", "coordinates": [ [ [ -77.1517, 39.0092 ], [ -77.1177, 38.9913 ], [ -77.1377, 38.9836 ], [ -77.1571, 38.991 ], [ -77.1517, 39.0092 ] ] ] } },
{ "type": "Feature", "properties": { "GEOIDFQ": "1400000US24005421200", "NAME": "4212", "NAMELSAD": "Census Tract 4212" }, "geometry": { "type": "Polygon", "coordinates": [ [ [ -76.5008, 39.249 ], [ -76.4893, 39.25 ], [ -76.4945, 39.24 ], [ -76.5079, 39.2453 ], [ -76.5124, 39.2565 ], [ -76.5008, 39.249 ] ] ] } },
{ "type": "Feature", "properties": { "GEOIDFQ": "1400000US24005440600", "NAME": "4406", "NAMELSAD": "Census Tract 4406" }, "geometry": { "type": "Polygon", "coordinates": [ [ [ -76.5009, 39.3818 ], [ -76.4542, 39.3745 ], [ -76.4853, 39.3572 ], [ -76.506, 39.3769 ], [ -76.5009, 39.3818 ] ] ] } },
{ "type": "Feature", "properties": { "GEOIDFQ": "1400000US24005451200", "NAME": "4512", "NAMELSAD": "Census Tract 4512" }, "geometry": { "type": "Polygon", "coordinates": [ [ [ -76.4605, 39.3557 ], [ -76.4543, 39.3532 ], [ -76.468, 39.343 ], [ -76.4389, 39.3327 ], [ -76.474, 39.3286 ], [ -76.4828, 39.3364 ], [ -76.488, 39.3324 ], [ -76.4919, 39.336 ], [ -76.4605, 39.3557 ] ] ] } },
{ "type": "Feature", "properties": { "GEOIDFQ": "1400000US24005451802", "NAME": "4518.02", "NAMELSAD": "Census Tract 4518.02" }, "geometry": { "type": "Polygon", "coordinates": [ [ [ -76.4047, 39.3375 ], [ -76.4093, 39.3415 ], [ -76.3833, 39.3511 ], [ -76.3847, 39.3419 ], [ -76.3743, 39.3397 ], [ -76.3696, 39.3335 ], [ -76.3795, 39.3399 ], [ -76.39, 39.3343 ], [ -76.3976, 39.3375 ], [ -76.3926, 39.3225 ], [ -76.3629, 39.3186 ], [ -76.3605, 39.3299 ], [ -76.3473, 39.3379 ], [ -76.3224, 39.3281 ], [ -76.3156, 39.3328 ], [ -76.3066, 39.3101 ], [ -76.3319, 39.2986 ], [ -76.3438, 39.2845 ], [ -76.3603, 39.2885 ], [ -76.4075, 39.3055 ], [ -76.4013, 39.3195 ], [ -76.4108, 39.3356 ], [ -76.4047, 39.3375 ] ] ] } },
{ "type": "Feature", "properties": { "GEOIDFQ": "1400000US24005452400", "NAME": "4524", "NAMELSAD": "Census Tract 4524" }, "geometry": { "type": "Polygon", "coordinates": [ [ [ -76.4893, 39.3019 ], [ -76.4559, 39.2819 ], [ -76.4435, 39.2808 ], [ -76.4475, 39.2464 ], [ -76.4594, 39.2424 ], [ -76.4866, 39.2473 ], [ -76.4775, 39.2611 ], [ -76.4618, 39.2565 ], [ -76.4713, 39.2717 ], [ -76.5198, 39.2925 ], [ -76.4893, 39.3019 ] ] ] } },
{ "type": "Feature", "properties": { "GEOIDFQ": "1400000US24510151000", "NAME": "1510", "NAMELSAD": "Census Tract 1510" }, "geometry": { "type": "Polygon", "coordinates": [ [ [ -76.6894, 39.3408 ], [ -76.678, 39.3399 ], [ -76.6821, 39.325 ], [ -76.6901, 39.3236 ], [ -76.6894, 39.3408 ] ] ] } },
{ "type": "Feature", "properties": { "GEOIDFQ": "1400000US24510151100", "NAME": "1511", "NAMELSAD": "Census Tract 1511" }, "geometry": { "type": "Polygon", "coordinates": [ [ [ -76.678, 39.3399 ], [ -76.6662, 39.3335 ], [ -76.6648, 39.3222 ], [ -76.6806, 39.3279 ], [ -76.678, 39.3399 ] ] ] } },
{ "type": "Feature", "properties": { "GEOIDFQ": "1400000US24510150800", "NAME": "1508", "NAMELSAD": "Census Tract 1508" }, "geometry": { "type": "Polygon", "coordinates": [ [ [ -76.6811, 39.3269 ], [ -76.6714, 39.3242 ], [ -76.6742, 39.311 ], [ -76.6806, 39.3108 ], [ -76.6811, 39.3269 ] ] ] } },
{ "type": "Feature", "properties": { "GEOIDFQ": "1400000US24043011100", "NAME": "111", "NAMELSAD": "Census Tract 111" }, "geometry": { "type": "Polygon", "coordinates": [ [ [ -77.7055, 39.605 ], [ -77.7122, 39.6108 ], [ -77.7031, 39.6132 ], [ -77.7082, 39.6214 ], [ -77.6996, 39.6253 ], [ -77.7101, 39.6309 ], [ -77.6878, 39.6195 ], [ -77.6598, 39.6144 ], [ -77.6885, 39.5714 ], [ -77.6968, 39.5682 ], [ -77.6955, 39.5627 ], [ -77.7218, 39.5694 ], [ -77.7257, 39.6054 ], [ -77.7055, 39.605 ] ] ] } },
{ "type": "Feature", "properties": { "GEOIDFQ": "1400000US24043011400", "NAME": "114", "NAMELSAD": "Census Tract 114" }, "geometry": { "type": "Polygon", "coordinates": [ [ [ -77.7062, 39.5323 ], [ -77.7125, 39.5361 ], [ -77.7104, 39.5514 ], [ -77.7026, 39.5489 ], [ -77.7037, 39.5567 ], [ -77.6959, 39.5579 ], [ -77.7015, 39.5621 ], [ -77.6932, 39.5636 ], [ -77.6968, 39.5682 ], [ -77.6899, 39.5715 ], [ -77.6835, 39.5588 ], [ -77.6656, 39.5506 ], [ -77.647, 39.5548 ], [ -77.6359, 39.5511 ], [ -77.6381, 39.5298 ], [ -77.6201, 39.5243 ], [ -77.6131, 39.5277 ], [ -77.6232, 39.5011 ], [ -77.6144, 39.4916 ], [ -77.622, 39.4818 ], [ -77.6167, 39.4707 ], [ -77.6747, 39.4757 ], [ -77.6602, 39.485 ], [ -77.6605, 39.5038 ], [ -77.6696, 39.5005 ], [ -77.6781, 39.5157 ], [ -77.7013, 39.5175 ], [ -77.7128, 39.5288 ], [ -77.7062, 39.5323 ] ] ] } },
{ "type": "Feature", "properties": { "GEOIDFQ": "1400000US24043011301", "NAME": "113.01", "NAMELSAD": "Census Tract 113.01" }, "geometry": { "type": "Polygon", "coordinates": [ [ [ -77.5905, 39.6656 ], [ -77.5704, 39.686 ], [ -77.5532, 39.6745 ], [ -77.5526, 39.6667 ], [ -77.5331, 39.6633 ], [ -77.5167, 39.6634 ], [ -77.4962, 39.682 ], [ -77.4928, 39.677 ], [ -77.5291, 39.6325 ], [ -77.546, 39.6331 ], [ -77.5737, 39.613 ], [ -77.6034, 39.6256 ], [ -77.5862, 39.6426 ], [ -77.5994, 39.6436 ], [ -77.5979, 39.65 ], [ -77.6116, 39.6571 ], [ -77.5905, 39.6656 ] ] ] } },
{ "type": "Feature", "properties": { "GEOIDFQ": "1400000US24043010802", "NAME": "108.02", "NAMELSAD": "Census Tract 108.02" }, "geometry": { "type": "Polygon", "coordinates": [ [ [ -77.8318, 39.6003 ], [ -77.8001, 39.6068 ], [ -77.7847, 39.6022 ], [ -77.7788, 39.6087 ], [ -77.7544, 39.6064 ], [ -77.7659, 39.6001 ], [ -77.7813, 39.5761 ], [ -77.7894, 39.5807 ], [ -77.7957, 39.5723 ], [ -77.807, 39.57 ], [ -77.8327, 39.5754 ], [ -77.8318, 39.6003 ] ] ] } },
{ "type": "Feature", "properties": { "GEOIDFQ": "1400000US24043010300", "NAME": "103", "NAMELSAD": "Census Tract 103" }, "geometry": { "type": "Polygon", "coordinates": [ [ [ -77.7328, 39.7212 ], [ -77.6743, 39.7208 ], [ -77.7014, 39.6616 ], [ -77.7194, 39.6701 ], [ -77.719, 39.6666 ], [ -77.7342, 39.6691 ], [ -77.7338, 39.6906 ], [ -77.7431, 39.7086 ], [ -77.7328, 39.7212 ] ] ] } },
{ "type": "Feature", "properties": { "GEOIDFQ": "1400000US24043011202", "NAME": "112.02", "NAMELSAD": "Census Tract 112.02" }, "geometry": { "type": "Polygon", "coordinates": [ [ [ -77.6961, 39.6832 ], [ -77.6805, 39.6793 ], [ -77.6558, 39.6871 ], [ -77.656, 39.6664 ], [ -77.6116, 39.6571 ], [ -77.5979, 39.65 ], [ -77.5994, 39.6436 ], [ -77.5862, 39.6426 ], [ -77.6245, 39.6025 ], [ -77.6476, 39.61 ], [ -77.6365, 39.6232 ], [ -77.6511, 39.6307 ], [ -77.6431, 39.6418 ], [ -77.6508, 39.6488 ], [ -77.6734, 39.6542 ], [ -77.6888, 39.6515 ], [ -77.6892, 39.6586 ], [ -77.7013, 39.6617 ], [ -77.6961, 39.6832 ] ] ] } },
{ "type": "Feature", "properties": { "GEOIDFQ": "1400000US24043001001", "NAME": "10.01", "NAMELSAD": "Census Tract 10.01" }, "geometry": { "type": "Polygon", "coordinates": [ [ [ -77.7359, 39.6371 ], [ -77.7383, 39.6301 ], [ -77.728, 39.6241 ], [ -77.7292, 39.6053 ], [ -77.7544, 39.6064 ], [ -77.7561, 39.6236 ], [ -77.7634, 39.6266 ], [ -77.7359, 39.6371 ] ] ] } },
{ "type": "Feature", "properties": { "GEOIDFQ": "1400000US24043000602", "NAME": "6.02", "NAMELSAD": "Census Tract 6.02" }, "geometry": { "type": "Polygon", "coordinates": [ [ [ -77.728, 39.6241 ], [ -77.7154, 39.6276 ], [ -77.7147, 39.6394 ], [ -77.7039, 39.6344 ], [ -77.7013, 39.6312 ], [ -77.7101, 39.6309 ], [ -77.6997, 39.6257 ], [ -77.7082, 39.6214 ], [ -77.7025, 39.6142 ], [ -77.7125, 39.6083 ], [ -77.7057, 39.6047 ], [ -77.7292, 39.6053 ], [ -77.728, 39.6241 ] ] ] } },
{ "type": "Feature", "properties": { "GEOIDFQ": "1400000US24043010200", "NAME": "102", "NAMELSAD": "Census Tract 102" }, "geometry": { "type": "Polygon", "coordinates": [ [ [ -77.6743, 39.7208 ], [ -77.5021, 39.7169 ], [ -77.5121, 39.7047 ], [ -77.5066, 39.6964 ], [ -77.5119, 39.6899 ], [ -77.507, 39.6901 ], [ -77.5317, 39.6633 ], [ -77.5526, 39.6667 ], [ -77.5532, 39.6745 ], [ -77.5704, 39.686 ], [ -77.5906, 39.6655 ], [ -77.6172, 39.6566 ], [ -77.658, 39.6679 ], [ -77.6558, 39.6871 ], [ -77.6805, 39.6793 ], [ -77.696, 39.6833 ], [ -77.6743, 39.7208 ] ] ] } },
{ "type": "Feature", "properties": { "GEOIDFQ": "1400000US24031700810", "NAME": "7008.10", "NAMELSAD": "Census Tract 7008.10" }, "geometry": { "type": "Polygon", "coordinates": [ [ [ -77.2039, 39.2013 ], [ -77.192, 39.1907 ], [ -77.202, 39.1785 ], [ -77.2219, 39.1745 ], [ -77.2225, 39.1845 ], [ -77.2039, 39.2013 ] ] ] } },
{ "type": "Feature", "properties": { "GEOIDFQ": "1400000US24033802804", "NAME": "8028.04", "NAMELSAD": "Census Tract 8028.04" }, "geometry": { "type": "Polygon", "coordinates": [ [ [ -76.8627, 38.8898 ], [ -76.8568, 38.8731 ], [ -76.8782, 38.8754 ], [ -76.8925, 38.8661 ], [ -76.8981, 38.8869 ], [ -76.8627, 38.8898 ] ] ] } },
{ "type": "Feature", "properties": { "GEOIDFQ": "1400000US24510250205", "NAME": "2502.05", "NAMELSAD": "Census Tract 2502.05" }, "geometry": { "type": "Polygon", "coordinates": [ [ [ -76.6446, 39.2598 ], [ -76.628, 39.243 ], [ -76.6146, 39.2411 ], [ -76.6186, 39.2374 ], [ -76.6597, 39.2556 ], [ -76.6446, 39.2598 ] ] ] } },
{ "type": "Feature", "properties": { "GEOIDFQ": "1400000US24033801209", "NAME": "8012.09", "NAMELSAD": "Census Tract 8012.09" }, "geometry": { "type": "Polygon", "coordinates": [ [ [ -76.9127, 38.7336 ], [ -76.8957, 38.7518 ], [ -76.8961, 38.728 ], [ -76.9101, 38.7209 ], [ -76.9127, 38.7336 ] ] ] } },
{ "type": "Feature", "properties": { "GEOIDFQ": "1400000US24033801211", "NAME": "8012.11", "NAMELSAD": "Census Tract 8012.11" }, "geometry": { "type": "Polygon", "coordinates": [ [ [ -76.9053, 38.7902 ], [ -76.9016, 38.7989 ], [ -76.8871, 38.7748 ], [ -76.9003, 38.7728 ], [ -76.9047, 38.7799 ], [ -76.9239, 38.7809 ], [ -76.9053, 38.7902 ] ] ] } },
{ "type": "Feature", "properties": { "GEOIDFQ": "1400000US24033801005", "NAME": "8010.05", "NAMELSAD": "Census Tract 8010.05" }, "geometry": { "type": "Polygon", "coordinates": [ [ [ -76.8375, 38.7767 ], [ -76.8427, 38.7856 ], [ -76.8302, 38.7734 ], [ -76.8324, 38.7533 ], [ -76.8166, 38.746 ], [ -76.8258, 38.7354 ], [ -76.8328, 38.7444 ], [ -76.8463, 38.7462 ], [ -76.8375, 38.7767 ] ] ] } },
{ "type": "Feature", "properties": { "GEOIDFQ": "1400000US24033801216", "NAME": "8012.16", "NAMELSAD": "Census Tract 8012.16" }, "geometry": { "type": "Polygon", "coordinates": [ [ [ -76.9191, 38.7555 ], [ -76.9261, 38.7634 ], [ -76.8981, 38.7653 ], [ -76.8957, 38.7518 ], [ -76.9194, 38.7286 ], [ -76.932, 38.7477 ], [ -76.9191, 38.7555 ] ] ] } },
{ "type": "Feature", "properties": { "GEOIDFQ": "1400000US24033801213", "NAME": "8012.13", "NAMELSAD": "Census Tract 8012.13" }, "geometry": { "type": "Polygon", "coordinates": [ [ [ -76.9521, 38.7765 ], [ -76.9364, 38.7898 ], [ -76.9256, 38.7873 ], [ -76.9249, 38.7763 ], [ -76.9399, 38.7597 ], [ -76.9549, 38.7628 ], [ -76.9521, 38.7765 ] ] ] } },
{ "type": "Feature", "properties": { "GEOIDFQ": "1400000US24033801411", "NAME": "8014.11", "NAMELSAD": "Census Tract 8014.11" }, "geometry": { "type": "Polygon", "coordinates": [ [ [ -77.0109, 38.7783 ], [ -76.9975, 38.7803 ], [ -76.9938, 38.7608 ], [ -77.0167, 38.7591 ], [ -77.0109, 38.7783 ] ] ] } },
{ "type": "Feature", "properties": { "GEOIDFQ": "1400000US24033801410", "NAME": "8014.10", "NAMELSAD": "Census Tract 8014.10" }, "geometry": { "type": "Polygon", "coordinates": [ [ [ -77.0416, 38.7598 ], [ -77.0279, 38.7596 ], [ -77.0163, 38.7719 ], [ -77.0167, 38.7591 ], [ -77.0008, 38.7578 ], [ -77.0144, 38.7461 ], [ -77.0419, 38.7501 ], [ -77.0416, 38.7598 ] ] ] } },
{ "type": "Feature", "properties": { "GEOIDFQ": "1400000US24033802408", "NAME": "8024.08", "NAMELSAD": "Census Tract 8024.08" }, "geometry": { "type": "Polygon", "coordinates": [ [ [ -76.9191, 38.8696 ], [ -76.9146, 38.8606 ], [ -76.9189, 38.8602 ], [ -76.9247, 38.8649 ], [ -76.9191, 38.8696 ] ] ] } },
{ "type": "Feature", "properties": { "GEOIDFQ": "1400000US24005450200", "NAME": "4502", "NAMELSAD": "Census Tract 4502" }, "geometry": { "type": "Polygon", "coordinates": [ [ [ -76.4848, 39.3207 ], [ -76.4705, 39.3289 ], [ -76.4795, 39.3069 ], [ -76.4926, 39.303 ], [ -76.4848, 39.3207 ] ] ] } },
{ "type": "Feature", "properties": { "GEOIDFQ": "1400000US24005450300", "NAME": "4503", "NAMELSAD": "Census Tract 4503" }, "geometry": { "type": "Polygon", "coordinates": [ [ [ -76.4703, 39.3273 ], [ -76.4619, 39.3264 ], [ -76.4548, 39.3201 ], [ -76.4794, 39.3072 ], [ -76.4703, 39.3273 ] ] ] } },
{ "type": "Feature", "properties": { "GEOIDFQ": "1400000US24005450501", "NAME": "4505.01", "NAMELSAD": "Census Tract 4505.01" }, "geometry": { "type": "Polygon", "coordinates": [ [ [ -76.4683, 39.3114 ], [ -76.4548, 39.3201 ], [ -76.4487, 39.313 ], [ -76.4625, 39.2938 ], [ -76.4683, 39.3114 ] ] ] } },
{ "type": "Feature", "properties": { "GEOIDFQ": "1400000US24005450503", "NAME": "4505.03", "NAMELSAD": "Census Tract 4505.03" }, "geometry": { "type": "Polygon", "coordinates": [ [ [ -76.4522, 39.3044 ], [ -76.4512, 39.3118 ], [ -76.4459, 39.3009 ], [ -76.451, 39.2936 ], [ -76.4607, 39.2962 ], [ -76.4522, 39.3044 ] ] ] } },
{ "type": "Feature", "properties": { "GEOIDFQ": "1400000US24005450504", "NAME": "4505.04", "NAMELSAD": "Census Tract 4505.04" }, "geometry": { "type": "Polygon", "coordinates": [ [ [ -76.4487, 39.313 ], [ -76.4378, 39.301 ], [ -76.4475, 39.2934 ], [ -76.4487, 39.313 ] ] ] } },
{ "type": "Feature", "properties": { "GEOIDFQ": "1400000US24031700823", "NAME": "7008.23", "NAMELSAD": "Census Tract 7008.23" }, "geometry": { "type": "Polygon", "coordinates": [ [ [ -77.2402, 39.1398 ], [ -77.2239, 39.1341 ], [ -77.2439, 39.1266 ], [ -77.2402, 39.1398 ] ] ] } },
{ "type": "Feature", "properties": { "GEOIDFQ": "1400000US24031700718", "NAME": "7007.18", "NAMELSAD": "Census Tract 7007.18" }, "geometry": { "type": "Polygon", "coordinates": [ [ [ -77.1784, 39.1232 ], [ -77.1661, 39.1157 ], [ -77.1841, 39.1078 ], [ -77.1983, 39.1218 ], [ -77.1784, 39.1232 ] ] ] } },
{ "type": "Feature", "properties": { "GEOIDFQ": "1400000US24031701007", "NAME": "7010.07", "NAMELSAD": "Census Tract 7010.07" }, "geometry": { "type": "Polygon", "coordinates": [ [ [ -77.1875, 39.111 ], [ -77.1731, 39.0859 ], [ -77.1822, 39.0927 ], [ -77.1964, 39.0932 ], [ -77.1875, 39.111 ] ] ] } },
{ "type": "Feature", "properties": { "GEOIDFQ": "1400000US24031701006", "NAME": "7010.06", "NAMELSAD": "Census Tract 7010.06" }, "geometry": { "type": "Polygon", "coordinates": [ [ [ -77.1944, 39.0926 ], [ -77.1822, 39.0927 ], [ -77.1643, 39.0741 ], [ -77.17, 39.0698 ], [ -77.1998, 39.0812 ], [ -77.1944, 39.0926 ] ] ] } },
{ "type": "Feature", "properties": { "GEOIDFQ": "1400000US24031700724", "NAME": "7007.24", "NAMELSAD": "Census Tract 7007.24" }, "geometry": { "type": "Polygon", "coordinates": [ [ [ -77.1989, 39.1413 ], [ -77.2065, 39.1316 ], [ -77.2108, 39.1371 ], [ -77.2146, 39.1457 ], [ -77.1989, 39.1413 ] ] ] } },
{ "type": "Feature", "properties": { "GEOIDFQ": "1400000US24031700723", "NAME": "7007.23", "NAMELSAD": "Census Tract 7007.23" }, "geometry": { "type": "Polygon", "coordinates": [ [ [ -77.1924, 39.1525 ], [ -77.1935, 39.1415 ], [ -77.2147, 39.1457 ], [ -77.2169, 39.1488 ], [ -77.1924, 39.1525 ] ] ] } },
{ "type": "Feature", "properties": { "GEOIDFQ": "1400000US24033802107", "NAME": "8021.07", "NAMELSAD": "Census Tract 8021.07" }, "geometry": { "type": "Polygon", "coordinates": [ [ [ -76.903, 38.8493 ], [ -76.8955, 38.8466 ], [ -76.9036, 38.8412 ], [ -76.9004, 38.836 ], [ -76.9115, 38.8391 ], [ -76.903, 38.8493 ] ] ] } },
{ "type": "Feature", "properties": { "GEOIDFQ": "1400000US24033803525", "NAME": "8035.25", "NAMELSAD": "Census Tract 8035.25" }, "geometry": { "type": "Polygon", "coordinates": [ [ [ -76.8518, 38.9172 ], [ -76.8498, 38.9078 ], [ -76.874, 38.9039 ], [ -76.8803, 38.9111 ], [ -76.8518, 38.9172 ] ] ] } },
{ "type": "Feature", "properties": { "GEOIDFQ": "1400000US24033806713", "NAME": "8067.13", "NAMELSAD": "Census Tract 8067.13" }, "geometry": { "type": "Polygon", "coordinates": [ [ [ -76.9033, 39.0008 ], [ -76.9017, 39.0099 ], [ -76.8955, 39.0029 ], [ -76.9004, 38.9962 ], [ -76.912, 38.998 ], [ -76.9033, 39.0008 ] ] ] } },
{ "type": "Feature", "properties": { "GEOIDFQ": "1400000US24033804802", "NAME": "8048.02", "NAMELSAD": "Census Tract 8048.02" }, "geometry": { "type": "Polygon", "coordinates": [ [ [ -76.9627, 38.954 ], [ -76.9579, 38.9488 ], [ -76.9655, 38.9474 ], [ -76.9627, 38.954 ] ] ] } },
{ "type": "Feature", "properties": { "GEOIDFQ": "1400000US24033806714", "NAME": "8067.14", "NAMELSAD": "Census Tract 8067.14" }, "geometry": { "type": "Polygon", "coordinates": [ [ [ -76.9086, 39.0149 ], [ -76.9017, 39.0099 ], [ -76.9033, 39.0008 ], [ -76.9121, 38.9979 ], [ -76.9204, 38.998 ], [ -76.9211, 39.0045 ], [ -76.9086, 39.0149 ] ] ] } },
{ "type": "Feature", "properties": { "GEOIDFQ": "1400000US24510260605", "NAME": "2606.05", "NAMELSAD": "Census Tract 2606.05" }, "geometry": { "type": "Polygon", "coordinates": [ [ [ -76.5625, 39.2807 ], [ -76.5438, 39.2814 ], [ -76.5436, 39.2763 ], [ -76.535, 39.2753 ], [ -76.5296, 39.2849 ], [ -76.5295, 39.2184 ], [ -76.5719, 39.2565 ], [ -76.5776, 39.2716 ], [ -76.5625, 39.2807 ] ] ] } },
{ "type": "Feature", "properties": { "GEOIDFQ": "1400000US24510261100", "NAME": "2611", "NAMELSAD": "Census Tract 2611" }, "geometry": { "type": "Polygon", "coordinates": [ [ [ -76.5691, 39.2876 ], [ -76.5685, 39.2784 ], [ -76.571, 39.2783 ], [ -76.5691, 39.2876 ] ] ] } },
{ "type": "Feature", "properties": { "GEOIDFQ": "1400000US24510270101", "NAME": "2701.01", "NAMELSAD": "Census Tract 2701.01" }, "geometry": { "type": "Polygon", "coordinates": [ [ [ -76.5674, 39.3396 ], [ -76.5616, 39.3311 ], [ -76.5702, 39.3266 ], [ -76.5765, 39.3339 ], [ -76.5674, 39.3396 ] ] ] } },
{ "type": "Feature", "properties": { "GEOIDFQ": "1400000US24510270102", "NAME": "2701.02", "NAMELSAD": "Census Tract 2701.02" }, "geometry": { "type": "Polygon", "coordinates": [ [ [ -76.5581, 39.3452 ], [ -76.5524, 39.3376 ], [ -76.5616, 39.3311 ], [ -76.5674, 39.3396 ], [ -76.5581, 39.3452 ] ] ] } },
{ "type": "Feature", "properties": { "GEOIDFQ": "1400000US24510270200", "NAME": "2702", "NAMELSAD": "Census Tract 2702" }, "geometry": { "type": "Polygon", "coordinates": [ [ [ -76.5741, 39.3457 ], [ -76.5674, 39.3396 ], [ -76.5767, 39.3339 ], [ -76.5816, 39.3424 ], [ -76.5741, 39.3457 ] ] ] } },
{ "type": "Feature", "properties": { "GEOIDFQ": "1400000US24510270301", "NAME": "2703.01", "NAMELSAD": "Census Tract 2703.01" }, "geometry": { "type": "Polygon", "coordinates": [ [ [ -76.573, 39.3539 ], [ -76.5634, 39.3501 ], [ -76.5691, 39.3428 ], [ -76.5819, 39.3488 ], [ -76.573, 39.3539 ] ] ] } },
{ "type": "Feature", "properties": { "GEOIDFQ": "1400000US24033807410", "NAME": "8074.10", "NAMELSAD": "Census Tract 8074.10" }, "geometry": { "type": "Polygon", "coordinates": [ [ [ -76.9465, 39.0525 ], [ -76.9367, 39.0512 ], [ -76.9477, 39.0397 ], [ -76.9556, 39.0399 ], [ -76.9465, 39.0525 ] ] ] } },
{ "type": "Feature", "properties": { "GEOIDFQ": "1400000US24510270302", "NAME": "2703.02", "NAMELSAD": "Census Tract 2703.02" }, "geometry": { "type": "Polygon", "coordinates": [ [ [ -76.5634, 39.3501 ], [ -76.5581, 39.3452 ], [ -76.5674, 39.3396 ], [ -76.5634, 39.3501 ] ] ] } },
{ "type": "Feature", "properties": { "GEOIDFQ": "1400000US24031701407", "NAME": "7014.07", "NAMELSAD": "Census Tract 7014.07" }, "geometry": { "type": "Polygon", "coordinates": [ [ [ -77.0276, 39.1253 ], [ -77.0014, 39.1061 ], [ -76.9819, 39.1021 ], [ -76.9999, 39.0894 ], [ -77.0022, 39.0959 ], [ -77.0369, 39.0934 ], [ -77.0403, 39.1022 ], [ -77.0276, 39.1253 ] ] ] } },
{ "type": "Feature", "properties": { "GEOIDFQ": "1400000US24031700400", "NAME": "7004", "NAMELSAD": "Census Tract 7004" }, "geometry": { "type": "Polygon", "coordinates": [ [ [ -77.4243, 39.2204 ], [ -77.4315, 39.2322 ], [ -77.3342, 39.277 ], [ -77.3197, 39.2738 ], [ -77.3274, 39.2635 ], [ -77.3192, 39.2563 ], [ -77.3268, 39.2473 ], [ -77.3217, 39.2394 ], [ -77.334, 39.2252 ], [ -77.3264, 39.1951 ], [ -77.3126, 39.1845 ], [ -77.3422, 39.1612 ], [ -77.3467, 39.1305 ], [ -77.3639, 39.1525 ], [ -77.4136, 39.1798 ], [ -77.4354, 39.2064 ], [ -77.4243, 39.2204 ] ] ] } },
{ "type": "Feature", "properties": { "GEOIDFQ": "1400000US24031700604", "NAME": "7006.04", "NAMELSAD": "Census Tract 7006.04" }, "geometry": { "type": "Polygon", "coordinates": [ [ [ -77.3321, 39.1105 ], [ -77.3326, 39.1322 ], [ -77.286, 39.1245 ], [ -77.2803, 39.134 ], [ -77.2657, 39.1338 ], [ -77.2472, 39.1247 ], [ -77.2676, 39.1138 ], [ -77.265, 39.0835 ], [ -77.2889, 39.0818 ], [ -77.2861, 39.075 ], [ -77.296, 39.0719 ], [ -77.2938, 39.0548 ], [ -77.3108, 39.0579 ], [ -77.3128, 39.0518 ], [ -77.3421, 39.0629 ], [ -77.3415, 39.0781 ], [ -77.3292, 39.0911 ], [ -77.3362, 39.0884 ], [ -77.3438, 39.1024 ], [ -77.3321, 39.1105 ] ] ] } },
{ "type": "Feature", "properties": { "GEOIDFQ": "1400000US24031701211", "NAME": "7012.11", "NAMELSAD": "Census Tract 7012.11" }, "geometry": { "type": "Polygon", "coordinates": [ [ [ -77.1577, 39.122 ], [ -77.1313, 39.1134 ], [ -77.1253, 39.1061 ], [ -77.1436, 39.0932 ], [ -77.1584, 39.1066 ], [ -77.179, 39.1011 ], [ -77.1839, 39.108 ], [ -77.1577, 39.122 ] ] ] } },
{ "type": "Feature", "properties": { "GEOIDFQ": "1400000US24031700500", "NAME": "7005", "NAMELSAD": "Census Tract 7005" }, "geometry": { "type": "Polygon", "coordinates": [ [ [ -77.5101, 39.1794 ], [ -77.4807, 39.1882 ], [ -77.4699, 39.2122 ], [ -77.4315, 39.2322 ], [ -77.4243, 39.2204 ], [ -77.4355, 39.2063 ], [ -77.4142, 39.1803 ], [ -77.3644, 39.1528 ], [ -77.3564, 39.1387 ], [ -77.3355, 39.128 ], [ -77.3321, 39.1105 ], [ -77.3435, 39.1 ], [ -77.3294, 39.0878 ], [ -77.3415, 39.0781 ], [ -77.3421, 39.0629 ], [ -77.3858, 39.0621 ], [ -77.4606, 39.0748 ], [ -77.4854, 39.1093 ], [ -77.5207, 39.1214 ], [ -77.5277, 39.1447 ], [ -77.5101, 39.1794 ] ] ] } },
{ "type": "Feature", "properties": { "GEOIDFQ": "1400000US24031701306", "NAME": "7013.06", "NAMELSAD": "Census Tract 7013.06" }, "geometry": { "type": "Polygon", "coordinates": [ [ [ -77.1045, 39.1575 ], [ -77.0944, 39.159 ], [ -77.0886, 39.1523 ], [ -77.0917, 39.1408 ], [ -77.0795, 39.1268 ], [ -77.1008, 39.1259 ], [ -77.1045, 39.1575 ] ] ] } },
{ "type": "Feature", "properties": { "GEOIDFQ": "1400000US24031700812", "NAME": "7008.12", "NAMELSAD": "Census Tract 7008.12" }, "geometry": { "type": "Polygon", "coordinates": [ [ [ -77.2027, 39.1779 ], [ -77.1972, 39.1772 ], [ -77.1899, 39.1717 ], [ -77.192, 39.1573 ], [ -77.2052, 39.1674 ], [ -77.2027, 39.1779 ] ] ] } },
{ "type": "Feature", "properties": { "GEOIDFQ": "1400000US24031701212", "NAME": "7012.12", "NAMELSAD": "Census Tract 7012.12" }, "geometry": { "type": "Polygon", "coordinates": [ [ [ -77.144, 39.1456 ], [ -77.1231, 39.1345 ], [ -77.1146, 39.1216 ], [ -77.1013, 39.1176 ], [ -77.1076, 39.1077 ], [ -77.1247, 39.1017 ], [ -77.1289, 39.112 ], [ -77.1577, 39.1221 ], [ -77.144, 39.1456 ] ] ] } },
{ "type": "Feature", "properties": { "GEOIDFQ": "1400000US24031700204", "NAME": "7002.04", "NAMELSAD": "Census Tract 7002.04" }, "geometry": { "type": "Polygon", "coordinates": [ [ [ -77.1688, 39.3535 ], [ -77.1868, 39.3382 ], [ -77.1703, 39.3131 ], [ -77.1447, 39.2947 ], [ -77.161, 39.2898 ], [ -77.165, 39.3 ], [ -77.1832, 39.3049 ], [ -77.1975, 39.3018 ], [ -77.2056, 39.3097 ], [ -77.2351, 39.2688 ], [ -77.2411, 39.2682 ], [ -77.251, 39.27 ], [ -77.248, 39.2805 ], [ -77.2837, 39.3004 ], [ -77.1688, 39.3535 ] ] ] } },
{ "type": "Feature", "properties": { "GEOIDFQ": "1400000US24031703201", "NAME": "7032.01", "NAMELSAD": "Census Tract 7032.01" }, "geometry": { "type": "Polygon", "coordinates": [ [ [ -77.1029, 39.0901 ], [ -77.0795, 39.0932 ], [ -77.0749, 39.0803 ], [ -77.0901, 39.0789 ], [ -77.105, 39.0691 ], [ -77.1096, 39.0732 ], [ -77.1029, 39.0901 ] ] ] } },
{ "type": "Feature", "properties": { "GEOIDFQ": "1400000US24031701506", "NAME": "7015.06", "NAMELSAD": "Census Tract 7015.06" }, "geometry": { "type": "Polygon", "coordinates": [ [ [ -77.0021, 39.0758 ], [ -76.992, 39.0433 ], [ -77.006, 39.03 ], [ -77.0106, 39.0585 ], [ -77.0294, 39.0661 ], [ -77.0021, 39.0758 ] ] ] } },
{ "type": "Feature", "properties": { "GEOIDFQ": "1400000US24031701414", "NAME": "7014.14", "NAMELSAD": "Census Tract 7014.14" }, "geometry": { "type": "Polygon", "coordinates": [ [ [ -76.9768, 39.0828 ], [ -76.9644, 39.0883 ], [ -76.9482, 39.083 ], [ -76.9644, 39.0606 ], [ -76.9794, 39.0511 ], [ -76.9768, 39.0828 ] ] ] } },
{ "type": "Feature", "properties": { "GEOIDFQ": "1400000US24031706005", "NAME": "7060.05", "NAMELSAD": "Census Tract 7060.05" }, "geometry": { "type": "Polygon", "coordinates": [ [ [ -77.2122, 39.0314 ], [ -77.2039, 39.0266 ], [ -77.1944, 39.0355 ], [ -77.1766, 39.0311 ], [ -77.1651, 39.0043 ], [ -77.1692, 38.9968 ], [ -77.2192, 39.0258 ], [ -77.2122, 39.0314 ] ] ] } },
{ "type": "Feature", "properties": { "GEOIDFQ": "1400000US24031700813", "NAME": "7008.13", "NAMELSAD": "Census Tract 7008.13" }, "geometry": { "type": "Polygon", "coordinates": [ [ [ -77.2208, 39.1779 ], [ -77.202, 39.1785 ], [ -77.2096, 39.1646 ], [ -77.2246, 39.1664 ], [ -77.2208, 39.1779 ] ] ] } },
{ "type": "Feature", "properties": { "GEOIDFQ": "1400000US24031701102", "NAME": "7011.02", "NAMELSAD": "Census Tract 7011.02" }, "geometry": { "type": "Polygon", "coordinates": [ [ [ -77.112, 39.0734 ], [ -77.1145, 39.0669 ], [ -77.1215, 39.0632 ], [ -77.1412, 39.0804 ], [ -77.112, 39.0734 ] ] ] } },
{ "type": "Feature", "properties": { "GEOIDFQ": "1400000US24031702101", "NAME": "7021.01", "NAMELSAD": "Census Tract 7021.01" }, "geometry": { "type": "Polygon", "coordinates": [ [ [ -76.9941, 39.0175 ], [ -76.9841, 39.0014 ], [ -76.9953, 38.9996 ], [ -77.0049, 39.0152 ], [ -76.9941, 39.0175 ] ] ] } },
{ "type": "Feature", "properties": { "GEOIDFQ": "1400000US24031700206", "NAME": "7002.06", "NAMELSAD": "Census Tract 7002.06" }, "geometry": { "type": "Polygon", "coordinates": [ [ [ -77.2123, 39.2596 ], [ -77.2027, 39.2601 ], [ -77.2044, 39.2732 ], [ -77.1961, 39.2671 ], [ -77.1789, 39.267 ], [ -77.1711, 39.2745 ], [ -77.156, 39.2646 ], [ -77.1863, 39.2293 ], [ -77.187, 39.2373 ], [ -77.2126, 39.2538 ], [ -77.2123, 39.2596 ] ] ] } },
{ "type": "Feature", "properties": { "GEOIDFQ": "1400000US24031700606", "NAME": "7006.06", "NAMELSAD": "Census Tract 7006.06" }, "geometry": { "type": "Polygon", "coordinates": [ [ [ -77.2495, 39.0934 ], [ -77.2461, 39.1042 ], [ -77.2359, 39.1081 ], [ -77.224, 39.1033 ], [ -77.2384, 39.0866 ], [ -77.2541, 39.0798 ], [ -77.265, 39.0835 ], [ -77.2495, 39.0934 ] ] ] } },
{ "type": "Feature", "properties": { "GEOIDFQ": "1400000US24031703702", "NAME": "7037.02", "NAMELSAD": "Census Tract 7037.02" }, "geometry": { "type": "Polygon", "coordinates": [ [ [ -77.0562, 39.0549 ], [ -77.05, 39.0581 ], [ -77.052, 39.0431 ], [ -77.065, 39.0451 ], [ -77.0562, 39.0549 ] ] ] } },
{ "type": "Feature", "properties": { "GEOIDFQ": "1400000US24031700103", "NAME": "7001.03", "NAMELSAD": "Census Tract 7001.03" }, "geometry": { "type": "Polygon", "coordinates": [ [ [ -77.1447, 39.2947 ], [ -77.1306, 39.2684 ], [ -77.0817, 39.2599 ], [ -77.0559, 39.2383 ], [ -77.0627, 39.2094 ], [ -77.0904, 39.2137 ], [ -77.1008, 39.1849 ], [ -77.1167, 39.1801 ], [ -77.1179, 39.1659 ], [ -77.144, 39.1456 ], [ -77.1604, 39.159 ], [ -77.1507, 39.1783 ], [ -77.1531, 39.195 ], [ -77.1403, 39.2031 ], [ -77.1437, 39.2548 ], [ -77.1556, 39.2741 ], [ -77.1735, 39.2819 ], [ -77.1447, 39.2947 ] ] ] } },
{ "type": "Feature", "properties": { "GEOIDFQ": "1400000US24031700608", "NAME": "7006.08", "NAMELSAD": "Census Tract 7006.08" }, "geometry": { "type": "Polygon", "coordinates": [ [ [ -77.2937, 39.0549 ], [ -77.2976, 39.0656 ], [ -77.2932, 39.0745 ], [ -77.286, 39.0751 ], [ -77.2889, 39.0818 ], [ -77.2401, 39.0804 ], [ -77.2183, 39.0865 ], [ -77.23, 39.064 ], [ -77.233, 39.0315 ], [ -77.2404, 39.035 ], [ -77.2443, 39.0275 ], [ -77.275, 39.0343 ], [ -77.3083, 39.0522 ], [ -77.3094, 39.0578 ], [ -77.2937, 39.0549 ] ] ] } },
{ "type": "Feature", "properties": { "GEOIDFQ": "1400000US24031700731", "NAME": "7007.31", "NAMELSAD": "Census Tract 7007.31" }, "geometry": { "type": "Polygon", "coordinates": [ [ [ -77.1935, 39.1415 ], [ -77.1888, 39.1322 ], [ -77.1986, 39.1276 ], [ -77.2043, 39.1368 ], [ -77.1935, 39.1415 ] ] ] } },
{ "type": "Feature", "properties": { "GEOIDFQ": "1400000US24031705902", "NAME": "7059.02", "NAMELSAD": "Census Tract 7059.02" }, "geometry": { "type": "Polygon", "coordinates": [ [ [ -77.1571, 38.991 ], [ -77.1515, 38.9899 ], [ -77.1221, 38.9731 ], [ -77.1385, 38.9684 ], [ -77.1586, 38.9849 ], [ -77.1571, 38.991 ] ] ] } },
{ "type": "Feature", "properties": { "GEOIDFQ": "1400000US24031705903", "NAME": "7059.03", "NAMELSAD": "Census Tract 7059.03" }, "geometry": { "type": "Polygon", "coordinates": [ [ [ -77.1177, 38.9913 ], [ -77.1068, 38.9772 ], [ -77.1221, 38.9731 ], [ -77.1378, 38.9836 ], [ -77.1177, 38.9913 ] ] ] } },
{ "type": "Feature", "properties": { "GEOIDFQ": "1400000US24031706007", "NAME": "7060.07", "NAMELSAD": "Census Tract 7060.07" }, "geometry": { "type": "Polygon", "coordinates": [ [ [ -77.2283, 39.066 ], [ -77.1817, 39.055 ], [ -77.2039, 39.0266 ], [ -77.2122, 39.0314 ], [ -77.2194, 39.0257 ], [ -77.2348, 39.0378 ], [ -77.2283, 39.066 ] ] ] } },
{ "type": "Feature", "properties": { "GEOIDFQ": "1400000US24033802803", "NAME": "8028.03", "NAMELSAD": "Census Tract 8028.03" }, "geometry": { "type": "Polygon", "coordinates": [ [ [ -76.9099, 38.8852 ], [ -76.8981, 38.8869 ], [ -76.8935, 38.865 ], [ -76.9149, 38.8642 ], [ -76.9201, 38.8703 ], [ -76.9099, 38.8852 ] ] ] } },
{ "type": "Feature", "properties": { "GEOIDFQ": "1400000US24033802805", "NAME": "8028.05", "NAMELSAD": "Census Tract 8028.05" }, "geometry": { "type": "Polygon", "coordinates": [ [ [ -76.8867, 38.9021 ], [ -76.8773, 38.8887 ], [ -76.8927, 38.8875 ], [ -76.8997, 38.8975 ], [ -76.8867, 38.9021 ] ] ] } },
{ "type": "Feature", "properties": { "GEOIDFQ": "1400000US24031700833", "NAME": "7008.33", "NAMELSAD": "Census Tract 7008.33" }, "geometry": { "type": "Polygon", "coordinates": [ [ [ -77.2307, 39.1868 ], [ -77.2204, 39.1832 ], [ -77.2283, 39.1661 ], [ -77.2387, 39.1778 ], [ -77.2307, 39.1868 ] ] ] } },
{ "type": "Feature", "properties": { "GEOIDFQ": "1400000US24031700614", "NAME": "7006.14", "NAMELSAD": "Census Tract 7006.14" }, "geometry": { "type": "Polygon", "coordinates": [ [ [ -77.2755, 39.1591 ], [ -77.2511, 39.1537 ], [ -77.2695, 39.1401 ], [ -77.2785, 39.1527 ], [ -77.2755, 39.1591 ] ] ] } },
{ "type": "Feature", "properties": { "GEOIDFQ": "1400000US24031700829", "NAME": "7008.29", "NAMELSAD": "Census Tract 7008.29" }, "geometry": { "type": "Polygon", "coordinates": [ [ [ -77.2272, 39.1301 ], [ -77.2209, 39.1426 ], [ -77.2065, 39.1316 ], [ -77.2173, 39.1101 ], [ -77.2378, 39.1285 ], [ -77.2272, 39.1301 ] ] ] } },
{ "type": "Feature", "properties": { "GEOIDFQ": "1400000US24031700824", "NAME": "7008.24", "NAMELSAD": "Census Tract 7008.24" }, "geometry": { "type": "Polygon", "coordinates": [ [ [ -77.2453, 39.1262 ], [ -77.2402, 39.124 ], [ -77.2429, 39.1138 ], [ -77.2528, 39.1179 ], [ -77.2453, 39.1262 ] ] ] } },
{ "type": "Feature", "properties": { "GEOIDFQ": "1400000US24005411408", "NAME": "4114.08", "NAMELSAD": "Census Tract 4114.08" }, "geometry": { "type": "Polygon", "coordinates": [ [ [ -76.5044, 39.3955 ], [ -76.4802, 39.3988 ], [ -76.499, 39.3834 ], [ -76.5076, 39.3896 ], [ -76.5044, 39.3955 ] ] ] } },
{ "type": "Feature", "properties": { "GEOIDFQ": "1400000US24035990000", "NAME": "9900", "NAMELSAD": "Census Tract 9900" }, "geometry": { "type": "Polygon", "coordinates": [ [ [ -76.4036, 38.9452 ], [ -76.3675, 39.0001 ], [ -76.3517, 39.0562 ], [ -76.2745, 39.0766 ], [ -76.2662, 39.0636 ], [ -76.2704, 39.0413 ], [ -76.258, 39.0118 ], [ -76.2858, 38.9993 ], [ -76.2982, 39.0401 ], [ -76.3127, 39.0402 ], [ -76.3265, 39.0193 ], [ -76.3268, 39.0008 ], [ -76.3609, 38.9524 ], [ -76.3705, 38.8982 ], [ -76.4193, 38.9004 ], [ -76.4036, 38.9452 ] ] ] } },
{ "type": "Feature", "properties": { "GEOIDFQ": "1400000US24005408800", "NAME": "4088", "NAMELSAD": "Census Tract 4088" }, "geometry": { "type": "Polygon", "coordinates": [ [ [ -76.6341, 39.4381 ], [ -76.6264, 39.4409 ], [ -76.6166, 39.4205 ], [ -76.6293, 39.417 ], [ -76.6396, 39.4205 ], [ -76.6341, 39.4381 ] ] ] } },
{ "type": "Feature", "properties": { "GEOIDFQ": "1400000US24005411307", "NAME": "4113.07", "NAMELSAD": "Census Tract 4113.07" }, "geometry": { "type": "Polygon", "coordinates": [ [ [ -76.4692, 39.3874 ], [ -76.4458, 39.3823 ], [ -76.4542, 39.3745 ], [ -76.4721, 39.379 ], [ -76.4692, 39.3874 ] ] ] } },
{ "type": "Feature", "properties": { "GEOIDFQ": "1400000US24005490603", "NAME": "4906.03", "NAMELSAD": "Census Tract 4906.03" }, "geometry": { "type": "Polygon", "coordinates": [ [ [ -76.6245, 39.3864 ], [ -76.6111, 39.3835 ], [ -76.6229, 39.3795 ], [ -76.6183, 39.372 ], [ -76.6262, 39.372 ], [ -76.6245, 39.3864 ] ] ] } },
{ "type": "Feature", "properties": { "GEOIDFQ": "1400000US24031703202", "NAME": "7032.02", "NAMELSAD": "Census Tract 7032.02" }, "geometry": { "type": "Polygon", "coordinates": [ [ [ -77.1126, 39.0952 ], [ -77.0759, 39.1094 ], [ -77.0795, 39.0932 ], [ -77.0913, 39.0949 ], [ -77.1086, 39.0823 ], [ -77.1152, 39.0886 ], [ -77.1126, 39.0952 ] ] ] } },
{ "type": "Feature", "properties": { "GEOIDFQ": "1400000US24011955301", "NAME": "9553.01", "NAMELSAD": "Census Tract 9553.01" }, "geometry": { "type": "Polygon", "coordinates": [ [ [ -75.8509, 38.8521 ], [ -75.8508, 38.8586 ], [ -75.8193, 38.8521 ], [ -75.8258, 38.8733 ], [ -75.8152, 38.8814 ], [ -75.8138, 38.8916 ], [ -75.8315, 38.8965 ], [ -75.8336, 38.9088 ], [ -75.8087, 38.9164 ], [ -75.7864, 38.9156 ], [ -75.731, 38.9331 ], [ -75.7206, 38.8019 ], [ -75.7387, 38.7971 ], [ -75.7645, 38.8122 ], [ -75.7835, 38.8142 ], [ -75.8093, 38.8351 ], [ -75.8263, 38.8202 ], [ -75.8468, 38.8293 ], [ -75.8554, 38.8249 ], [ -75.8673, 38.8425 ], [ -75.8509, 38.8521 ] ] ] } },
{ "type": "Feature", "properties": { "GEOIDFQ": "1400000US24011955202", "NAME": "9552.02", "NAMELSAD": "Census Tract 9552.02" }, "geometry": { "type": "Polygon", "coordinates": [ [ [ -75.9381, 38.9591 ], [ -75.9428, 38.9671 ], [ -75.9266, 38.9667 ], [ -75.9133, 38.9572 ], [ -75.9093, 38.9398 ], [ -75.8946, 38.9353 ], [ -75.8927, 38.9206 ], [ -75.8708, 38.9109 ], [ -75.8645, 38.918 ], [ -75.8522, 38.9074 ], [ -75.8351, 38.9052 ], [ -75.8315, 38.8919 ], [ -75.84, 38.8866 ], [ -75.8414, 38.8661 ], [ -75.8674, 38.8423 ], [ -75.8557, 38.8315 ], [ -75.8593, 38.8254 ], [ -75.8972, 38.8152 ], [ -75.9065, 38.8197 ], [ -75.9013, 38.8247 ], [ -75.9278, 38.8389 ], [ -75.919, 38.8461 ], [ -75.9303, 38.8502 ], [ -75.9222, 38.8573 ], [ -75.9416, 38.868 ], [ -75.9392, 38.8813 ], [ -75.9515, 38.8802 ], [ -75.9404, 38.8851 ], [ -75.9486, 38.8917 ], [ -75.9443, 38.8983 ], [ -75.9492, 38.9035 ], [ -75.9431, 38.9067 ], [ -75.9492, 38.9135 ], [ -75.9435, 38.9153 ], [ -75.9534, 38.9382 ], [ -75.9381, 38.9591 ] ] ] } },
{ "type": "Feature", "properties": { "GEOIDFQ": "1400000US24011955302", "NAME": "9553.02", "NAMELSAD": "Census Tract 9553.02" }, "geometry": { "type": "Polygon", "coordinates": [ [ [ -75.8315, 38.8965 ], [ -75.8156, 38.8938 ], [ -75.8152, 38.8814 ], [ -75.8258, 38.8733 ], [ -75.8193, 38.8521 ], [ -75.8465, 38.8591 ], [ -75.8315, 38.8965 ] ] ] } },
{ "type": "Feature", "properties": { "GEOIDFQ": "1400000US24011955201", "NAME": "9552.01", "NAMELSAD": "Census Tract 9552.01" }, "geometry": { "type": "Polygon", "coordinates": [ [ [ -75.9368, 38.9718 ], [ -75.9408, 38.9768 ], [ -75.9041, 39.0104 ], [ -75.9049, 39.0163 ], [ -75.8849, 39.0174 ], [ -75.8735, 39.0102 ], [ -75.8742, 39.0011 ], [ -75.8459, 38.987 ], [ -75.8471, 38.9798 ], [ -75.8248, 38.9638 ], [ -75.8317, 38.9538 ], [ -75.8246, 38.9503 ], [ -75.8278, 38.937 ], [ -75.8348, 38.9335 ], [ -75.8271, 38.9252 ], [ -75.8296, 38.9132 ], [ -75.8513, 38.9072 ], [ -75.8645, 38.918 ], [ -75.8708, 38.9109 ], [ -75.8927, 38.9206 ], [ -75.8946, 38.9353 ], [ -75.9096, 38.94 ], [ -75.9139, 38.9579 ], [ -75.9266, 38.9667 ], [ -75.9428, 38.9671 ], [ -75.9368, 38.9718 ] ] ] } },
{ "type": "Feature", "properties": { "GEOIDFQ": "1400000US24031702501", "NAME": "7025.01", "NAMELSAD": "Census Tract 7025.01" }, "geometry": { "type": "Polygon", "coordinates": [ [ [ -77.027, 38.9946 ], [ -77.0266, 38.9845 ], [ -77.0311, 38.9881 ], [ -77.027, 38.9946 ] ] ] } },
{ "type": "Feature", "properties": { "GEOIDFQ": "1400000US24031700730", "NAME": "7007.30", "NAMELSAD": "Census Tract 7007.30" }, "geometry": { "type": "Polygon", "coordinates": [ [ [ -77.1767, 39.17 ], [ -77.1604, 39.159 ], [ -77.1765, 39.1557 ], [ -77.1855, 39.16 ], [ -77.1767, 39.17 ] ] ] } },
{ "type": "Feature", "properties": { "GEOIDFQ": "1400000US24031700838", "NAME": "7008.38", "NAMELSAD": "Census Tract 7008.38" }, "geometry": { "type": "Polygon", "coordinates": [ [ [ -77.2063, 39.1032 ], [ -77.2105, 39.1123 ], [ -77.1881, 39.1094 ], [ -77.1964, 39.0931 ], [ -77.2134, 39.1005 ], [ -77.2063, 39.1032 ] ] ] } },
{ "type": "Feature", "properties": { "GEOIDFQ": "1400000US24031700314", "NAME": "7003.14", "NAMELSAD": "Census Tract 7003.14" }, "geometry": { "type": "Polygon", "coordinates": [ [ [ -77.2596, 39.2215 ], [ -77.2462, 39.2047 ], [ -77.2629, 39.2044 ], [ -77.2713, 39.2128 ], [ -77.2596, 39.2215 ] ] ] } },
{ "type": "Feature", "properties": { "GEOIDFQ": "1400000US24031700732", "NAME": "7007.32", "NAMELSAD": "Census Tract 7007.32" }, "geometry": { "type": "Polygon", "coordinates": [ [ [ -77.2047, 39.1364 ], [ -77.1986, 39.1276 ], [ -77.1888, 39.1322 ], [ -77.1784, 39.1232 ], [ -77.1983, 39.1218 ], [ -77.2047, 39.1364 ] ] ] } },
{ "type": "Feature", "properties": { "GEOIDFQ": "1400000US24031700618", "NAME": "7006.18", "NAMELSAD": "Census Tract 7006.18" }, "geometry": { "type": "Polygon", "coordinates": [ [ [ -77.2137, 39.1001 ], [ -77.2072, 39.097 ], [ -77.2177, 39.0866 ], [ -77.2496, 39.0817 ], [ -77.2137, 39.1001 ] ] ] } },
{ "type": "Feature", "properties": { "GEOIDFQ": "1400000US24031700733", "NAME": "7007.33", "NAMELSAD": "Census Tract 7007.33" }, "geometry": { "type": "Polygon", "coordinates": [ [ [ -77.2267, 39.1678 ], [ -77.2143, 39.1667 ], [ -77.2077, 39.1639 ], [ -77.2077, 39.1557 ], [ -77.2169, 39.1488 ], [ -77.2324, 39.161 ], [ -77.2267, 39.1678 ] ] ] } },
{ "type": "Feature", "properties": { "GEOIDFQ": "1400000US24031701222", "NAME": "7012.22", "NAMELSAD": "Census Tract 7012.22" }, "geometry": { "type": "Polygon", "coordinates": [ [ [ -77.1205, 39.0448 ], [ -77.1119, 39.0447 ], [ -77.1096, 39.0366 ], [ -77.1245, 39.0355 ], [ -77.1205, 39.0448 ] ] ] } },
{ "type": "Feature", "properties": { "GEOIDFQ": "1400000US24031701223", "NAME": "7012.23", "NAMELSAD": "Census Tract 7012.23" }, "geometry": { "type": "Polygon", "coordinates": [ [ [ -77.109, 39.0388 ], [ -77.1052, 39.0306 ], [ -77.1101, 39.0289 ], [ -77.1211, 39.0336 ], [ -77.109, 39.0388 ] ] ] } },
{ "type": "Feature", "properties": { "GEOIDFQ": "1400000US24031703222", "NAME": "7032.22", "NAMELSAD": "Census Tract 7032.22" }, "geometry": { "type": "Polygon", "coordinates": [ [ [ -77.0455, 39.0756 ], [ -77.0288, 39.0691 ], [ -77.05, 39.0581 ], [ -77.0455, 39.0756 ] ] ] } },
{ "type": "Feature", "properties": { "GEOIDFQ": "1400000US24031700317", "NAME": "7003.17", "NAMELSAD": "Census Tract 7003.17" }, "geometry": { "type": "Polygon", "coordinates": [ [ [ -77.2837, 39.3004 ], [ -77.2652, 39.2906 ], [ -77.2747, 39.2833 ], [ -77.282, 39.263 ], [ -77.2749, 39.255 ], [ -77.2851, 39.2318 ], [ -77.2733, 39.2066 ], [ -77.2848, 39.2016 ], [ -77.2877, 39.1849 ], [ -77.3024, 39.1883 ], [ -77.2963, 39.1837 ], [ -77.2999, 39.175 ], [ -77.3264, 39.1951 ], [ -77.334, 39.2254 ], [ -77.3217, 39.2394 ], [ -77.3268, 39.2473 ], [ -77.3192, 39.2563 ], [ -77.3274, 39.2635 ], [ -77.3195, 39.2735 ], [ -77.334, 39.2771 ], [ -77.2837, 39.3004 ] ] ] } },
{ "type": "Feature", "properties": { "GEOIDFQ": "1400000US24031700209", "NAME": "7002.09", "NAMELSAD": "Census Tract 7002.09" }, "geometry": { "type": "Polygon", "coordinates": [ [ [ -77.2297, 39.2532 ], [ -77.2358, 39.2683 ], [ -77.2302, 39.2698 ], [ -77.187, 39.2373 ], [ -77.1869, 39.2292 ], [ -77.2105, 39.217 ], [ -77.2037, 39.2126 ], [ -77.204, 39.2014 ], [ -77.2395, 39.2107 ], [ -77.2297, 39.2532 ] ] ] } },
{ "type": "Feature", "properties": { "GEOIDFQ": "1400000US24031700318", "NAME": "7003.18", "NAMELSAD": "Census Tract 7003.18" }, "geometry": { "type": "Polygon", "coordinates": [ [ [ -77.2747, 39.2833 ], [ -77.2652, 39.2906 ], [ -77.248, 39.2805 ], [ -77.251, 39.27 ], [ -77.2355, 39.2688 ], [ -77.2779, 39.2375 ], [ -77.2749, 39.255 ], [ -77.282, 39.263 ], [ -77.2747, 39.2833 ] ] ] } },
{ "type": "Feature", "properties": { "GEOIDFQ": "1400000US24031700315", "NAME": "7003.15", "NAMELSAD": "Census Tract 7003.15" }, "geometry": { "type": "Polygon", "coordinates": [ [ [ -77.2428, 39.2627 ], [ -77.236, 39.2657 ], [ -77.2297, 39.2532 ], [ -77.2348, 39.2431 ], [ -77.2578, 39.2258 ], [ -77.2719, 39.2394 ], [ -77.2428, 39.2627 ] ] ] } },
{ "type": "Feature", "properties": { "GEOIDFQ": "1400000US24031700316", "NAME": "7003.16", "NAMELSAD": "Census Tract 7003.16" }, "geometry": { "type": "Polygon", "coordinates": [ [ [ -77.2719, 39.2394 ], [ -77.2584, 39.227 ], [ -77.2714, 39.207 ], [ -77.2851, 39.2318 ], [ -77.2719, 39.2394 ] ] ] } },
{ "type": "Feature", "properties": { "GEOIDFQ": "1400000US24031702503", "NAME": "7025.03", "NAMELSAD": "Census Tract 7025.03" }, "geometry": { "type": "Polygon", "coordinates": [ [ [ -77.0303, 39.0004 ], [ -77.0219, 38.9972 ], [ -77.0317, 38.9939 ], [ -77.0303, 39.0004 ] ] ] } },
{ "type": "Feature", "properties": { "GEOIDFQ": "1400000US24031700728", "NAME": "7007.28", "NAMELSAD": "Census Tract 7007.28" }, "geometry": { "type": "Polygon", "coordinates": [ [ [ -77.1791, 39.1376 ], [ -77.1631, 39.1183 ], [ -77.1661, 39.1157 ], [ -77.1887, 39.1323 ], [ -77.1791, 39.1376 ] ] ] } },
{ "type": "Feature", "properties": { "GEOIDFQ": "1400000US24031701425", "NAME": "7014.25", "NAMELSAD": "Census Tract 7014.25" }, "geometry": { "type": "Polygon", "coordinates": [ [ [ -76.9627, 39.0626 ], [ -76.9474, 39.051 ], [ -76.9621, 39.0312 ], [ -76.9793, 39.0511 ], [ -76.9627, 39.0626 ] ] ] } },
{ "type": "Feature", "properties": { "GEOIDFQ": "1400000US24031701427", "NAME": "7014.27", "NAMELSAD": "Census Tract 7014.27" }, "geometry": { "type": "Polygon", "coordinates": [ [ [ -76.9162, 39.1061 ], [ -76.9148, 39.1183 ], [ -76.8885, 39.131 ], [ -76.9073, 39.1179 ], [ -76.9074, 39.1062 ], [ -76.9287, 39.0767 ], [ -76.9312, 39.0867 ], [ -76.9162, 39.1061 ] ] ] } },
{ "type": "Feature", "properties": { "GEOIDFQ": "1400000US24031701424", "NAME": "7014.24", "NAMELSAD": "Census Tract 7014.24" }, "geometry": { "type": "Polygon", "coordinates": [ [ [ -76.9556, 39.0732 ], [ -76.9372, 39.0649 ], [ -76.9474, 39.051 ], [ -76.9627, 39.0626 ], [ -76.9556, 39.0732 ] ] ] } },
{ "type": "Feature", "properties": { "GEOIDFQ": "1400000US24031703223", "NAME": "7032.23", "NAMELSAD": "Census Tract 7032.23" }, "geometry": { "type": "Polygon", "coordinates": [ [ [ -77.0424, 39.0996 ], [ -77.0369, 39.0934 ], [ -77.026, 39.0932 ], [ -77.028, 39.0682 ], [ -77.0437, 39.0728 ], [ -77.0424, 39.0996 ] ] ] } },
{ "type": "Feature", "properties": { "GEOIDFQ": "1400000US24031700617", "NAME": "7006.17", "NAMELSAD": "Census Tract 7006.17" }, "geometry": { "type": "Polygon", "coordinates": [ [ [ -77.224, 39.1033 ], [ -77.2134, 39.1005 ], [ -77.2229, 39.0934 ], [ -77.2355, 39.0896 ], [ -77.224, 39.1033 ] ] ] } },
{ "type": "Feature", "properties": { "GEOIDFQ": "1400000US24031700839", "NAME": "7008.39", "NAMELSAD": "Census Tract 7008.39" }, "geometry": { "type": "Polygon", "coordinates": [ [ [ -77.1983, 39.1218 ], [ -77.1875, 39.111 ], [ -77.1952, 39.107 ], [ -77.2105, 39.1123 ], [ -77.1983, 39.1218 ] ] ] } },
{ "type": "Feature", "properties": { "GEOIDFQ": "1400000US24031700836", "NAME": "7008.36", "NAMELSAD": "Census Tract 7008.36" }, "geometry": { "type": "Polygon", "coordinates": [ [ [ -77.2157, 39.1152 ], [ -77.2111, 39.1149 ], [ -77.2063, 39.1032 ], [ -77.2204, 39.1031 ], [ -77.2157, 39.1152 ] ] ] } },
{ "type": "Feature", "properties": { "GEOIDFQ": "1400000US24031700210", "NAME": "7002.10", "NAMELSAD": "Census Tract 7002.10" }, "geometry": { "type": "Polygon", "coordinates": [ [ [ -77.2486, 39.2364 ], [ -77.2348, 39.2431 ], [ -77.2432, 39.2057 ], [ -77.2596, 39.2215 ], [ -77.2486, 39.2364 ] ] ] } },
{ "type": "Feature", "properties": { "GEOIDFQ": "1400000US24031700729", "NAME": "7007.29", "NAMELSAD": "Census Tract 7007.29" }, "geometry": { "type": "Polygon", "coordinates": [ [ [ -77.1667, 39.1572 ], [ -77.1655, 39.1506 ], [ -77.1908, 39.1563 ], [ -77.1921, 39.16 ], [ -77.1667, 39.1572 ] ] ] } },
{ "type": "Feature", "properties": { "GEOIDFQ": "1400000US24031702502", "NAME": "7025.02", "NAMELSAD": "Census Tract 7025.02" }, "geometry": { "type": "Polygon", "coordinates": [ [ [ -77.0244, 38.9954 ], [ -77.0204, 38.9799 ], [ -77.0266, 38.9845 ], [ -77.0244, 38.9954 ] ] ] } },
{ "type": "Feature", "properties": { "GEOIDFQ": "1400000US24031700725", "NAME": "7007.25", "NAMELSAD": "Census Tract 7007.25" }, "geometry": { "type": "Polygon", "coordinates": [ [ [ -77.1925, 39.1454 ], [ -77.1926, 39.1509 ], [ -77.1826, 39.1423 ], [ -77.1935, 39.1416 ], [ -77.1925, 39.1454 ] ] ] } },
{ "type": "Feature", "properties": { "GEOIDFQ": "1400000US24031700313", "NAME": "7003.13", "NAMELSAD": "Census Tract 7003.13" }, "geometry": { "type": "Polygon", "coordinates": [ [ [ -77.2533, 39.202 ], [ -77.2435, 39.2055 ], [ -77.2547, 39.1843 ], [ -77.2732, 39.2068 ], [ -77.2533, 39.202 ] ] ] } },
{ "type": "Feature", "properties": { "GEOIDFQ": "1400000US24031700726", "NAME": "7007.26", "NAMELSAD": "Census Tract 7007.26" }, "geometry": { "type": "Polygon", "coordinates": [ [ [ -77.1918, 39.1573 ], [ -77.1789, 39.1445 ], [ -77.1803, 39.1384 ], [ -77.1918, 39.1573 ] ] ] } },
{ "type": "Feature", "properties": { "GEOIDFQ": "1400000US24031701426", "NAME": "7014.26", "NAMELSAD": "Census Tract 7014.26" }, "geometry": { "type": "Polygon", "coordinates": [ [ [ -76.9287, 39.1115 ], [ -76.9321, 39.1181 ], [ -76.919, 39.1321 ], [ -76.906, 39.1228 ], [ -76.9148, 39.1183 ], [ -76.9266, 39.0904 ], [ -76.9379, 39.0955 ], [ -76.9287, 39.1115 ] ] ] } },
{ "type": "Feature", "properties": { "GEOIDFQ": "1400000US24031700837", "NAME": "7008.37", "NAMELSAD": "Census Tract 7008.37" }, "geometry": { "type": "Polygon", "coordinates": [ [ [ -77.215, 39.1234 ], [ -77.2065, 39.1316 ], [ -77.1983, 39.1218 ], [ -77.2097, 39.1141 ], [ -77.215, 39.1234 ] ] ] } },
{ "type": "Feature", "properties": { "GEOIDFQ": "1400000US24031702603", "NAME": "7026.03", "NAMELSAD": "Census Tract 7026.03" }, "geometry": { "type": "Polygon", "coordinates": [ [ [ -77.0289, 38.9899 ], [ -77.0311, 38.9881 ], [ -77.0304, 38.9901 ], [ -77.0338, 38.993 ], [ -77.0289, 38.9899 ] ] ] } },
{ "type": "Feature", "properties": { "GEOIDFQ": "1400000US24027601205", "NAME": "6012.05", "NAMELSAD": "Census Tract 6012.05" }, "geometry": { "type": "Polygon", "coordinates": [ [ [ -76.7173, 39.2255 ], [ -76.7061, 39.2209 ], [ -76.737, 39.2003 ], [ -76.7433, 39.2089 ], [ -76.7173, 39.2255 ] ] ] } },
{ "type": "Feature", "properties": { "GEOIDFQ": "1400000US24031700727", "NAME": "7007.27", "NAMELSAD": "Census Tract 7007.27" }, "geometry": { "type": "Polygon", "coordinates": [ [ [ -77.1915, 39.1415 ], [ -77.1791, 39.1376 ], [ -77.1888, 39.1322 ], [ -77.1915, 39.1415 ] ] ] } },
{ "type": "Feature", "properties": { "GEOIDFQ": "1400000US24031702604", "NAME": "7026.04", "NAMELSAD": "Census Tract 7026.04" }, "geometry": { "type": "Polygon", "coordinates": [ [ [ -77.0317, 38.9939 ], [ -77.0304, 38.9901 ], [ -77.0365, 38.9924 ], [ -77.0399, 38.9996 ], [ -77.0317, 38.9939 ] ] ] } },
{ "type": "Feature", "properties": { "GEOIDFQ": "1400000US24027605403", "NAME": "6054.03", "NAMELSAD": "Census Tract 6054.03" }, "geometry": { "type": "Polygon", "coordinates": [ [ [ -76.8745, 39.2268 ], [ -76.8577, 39.2228 ], [ -76.8701, 39.2136 ], [ -76.882, 39.2203 ], [ -76.8745, 39.2268 ] ] ] } },
{ "type": "Feature", "properties": { "GEOIDFQ": "1400000US24027601206", "NAME": "6012.06", "NAMELSAD": "Census Tract 6012.06" }, "geometry": { "type": "Polygon", "coordinates": [ [ [ -76.7075, 39.2177 ], [ -76.6964, 39.2136 ], [ -76.7199, 39.1899 ], [ -76.7364, 39.2006 ], [ -76.7075, 39.2177 ] ] ] } },
{ "type": "Feature", "properties": { "GEOIDFQ": "1400000US24027606708", "NAME": "6067.08", "NAMELSAD": "Census Tract 6067.08" }, "geometry": { "type": "Polygon", "coordinates": [ [ [ -76.8328, 39.1851 ], [ -76.8181, 39.1986 ], [ -76.7905, 39.1777 ], [ -76.8294, 39.1588 ], [ -76.8572, 39.1778 ], [ -76.8328, 39.1851 ] ] ] } },
{ "type": "Feature", "properties": { "GEOIDFQ": "1400000US24027605106", "NAME": "6051.06", "NAMELSAD": "Census Tract 6051.06" }, "geometry": { "type": "Polygon", "coordinates": [ [ [ -76.9728, 39.1669 ], [ -76.9471, 39.1916 ], [ -76.9432, 39.2039 ], [ -76.934, 39.1926 ], [ -76.9009, 39.186 ], [ -76.9289, 39.1567 ], [ -76.9374, 39.1579 ], [ -76.9313, 39.1374 ], [ -76.9383, 39.1328 ], [ -76.9478, 39.1294 ], [ -76.9585, 39.134 ], [ -76.9507, 39.1453 ], [ -76.9768, 39.1525 ], [ -76.9728, 39.1669 ] ] ] } },
{ "type": "Feature", "properties": { "GEOIDFQ": "1400000US24027606807", "NAME": "6068.07", "NAMELSAD": "Census Tract 6068.07" }, "geometry": { "type": "Polygon", "coordinates": [ [ [ -76.8839, 39.1684 ], [ -76.8683, 39.1584 ], [ -76.8515, 39.1597 ], [ -76.8425, 39.1476 ], [ -76.8491, 39.1383 ], [ -76.889, 39.1589 ], [ -76.8839, 39.1684 ] ] ] } },
{ "type": "Feature", "properties": { "GEOIDFQ": "1400000US24027606808", "NAME": "6068.08", "NAMELSAD": "Census Tract 6068.08" }, "geometry": { "type": "Polygon", "coordinates": [ [ [ -76.8892, 39.1586 ], [ -76.8491, 39.1383 ], [ -76.8626, 39.1296 ], [ -76.8728, 39.139 ], [ -76.9011, 39.1452 ], [ -76.8892, 39.1586 ] ] ] } },
{ "type": "Feature", "properties": { "GEOIDFQ": "1400000US24027605105", "NAME": "6051.05", "NAMELSAD": "Census Tract 6051.05" }, "geometry": { "type": "Polygon", "coordinates": [ [ [ -76.9289, 39.1567 ], [ -76.8961, 39.1847 ], [ -76.8745, 39.1819 ], [ -76.8929, 39.1539 ], [ -76.919, 39.1321 ], [ -76.9339, 39.1405 ], [ -76.9374, 39.1579 ], [ -76.9289, 39.1567 ] ] ] } },
{ "type": "Feature", "properties": { "GEOIDFQ": "1400000US24027604004", "NAME": "6040.04", "NAMELSAD": "Census Tract 6040.04" }, "geometry": { "type": "Polygon", "coordinates": [ [ [ -77.08, 39.2934 ], [ -77.0528, 39.2904 ], [ -77.0376, 39.2956 ], [ -77.0246, 39.2945 ], [ -77.0309, 39.2815 ], [ -77.0054, 39.2805 ], [ -76.9985, 39.2629 ], [ -77.0173, 39.2551 ], [ -77.041, 39.2342 ], [ -77.06, 39.2402 ], [ -77.0656, 39.251 ], [ -77.0817, 39.2599 ], [ -77.1147, 39.2655 ], [ -77.08, 39.2934 ] ] ] } },
{ "type": "Feature", "properties": { "GEOIDFQ": "1400000US24027604003", "NAME": "6040.03", "NAMELSAD": "Census Tract 6040.03" }, "geometry": { "type": "Polygon", "coordinates": [ [ [ -77.1181, 39.3043 ], [ -77.0948, 39.3223 ], [ -77.0626, 39.3065 ], [ -77.0614, 39.3144 ], [ -77.032, 39.318 ], [ -77.0283, 39.3243 ], [ -77.0195, 39.3206 ], [ -77.0157, 39.3526 ], [ -76.9922, 39.3598 ], [ -76.9829, 39.3501 ], [ -77.0004, 39.3025 ], [ -76.9997, 39.2756 ], [ -77.0163, 39.2838 ], [ -77.0309, 39.2815 ], [ -77.0246, 39.2945 ], [ -77.0376, 39.2956 ], [ -77.0528, 39.2904 ], [ -77.08, 39.2934 ], [ -77.115, 39.2652 ], [ -77.1346, 39.2724 ], [ -77.1181, 39.3043 ] ] ] } },
{ "type": "Feature", "properties": { "GEOIDFQ": "1400000US24001001900", "NAME": "19", "NAMELSAD": "Census Tract 19" }, "geometry": { "type": "Polygon", "coordinates": [ [ [ -78.961, 39.6657 ], [ -78.9543, 39.6447 ], [ -78.9429, 39.6351 ], [ -78.9138, 39.6324 ], [ -78.8809, 39.6411 ], [ -78.8681, 39.6336 ], [ -78.8875, 39.5944 ], [ -78.923, 39.5586 ], [ -78.9325, 39.5612 ], [ -78.9413, 39.5801 ], [ -78.9706, 39.5806 ], [ -78.9769, 39.5874 ], [ -78.9634, 39.5978 ], [ -78.9722, 39.6045 ], [ -78.9987, 39.5999 ], [ -78.961, 39.6657 ] ] ] } },
{ "type": "Feature", "properties": { "GEOIDFQ": "1400000US24027605404", "NAME": "6054.04", "NAMELSAD": "Census Tract 6054.04" }, "geometry": { "type": "Polygon", "coordinates": [ [ [ -76.8546, 39.226 ], [ -76.8461, 39.2255 ], [ -76.8597, 39.2022 ], [ -76.8701, 39.2137 ], [ -76.8546, 39.226 ] ] ] } },
{ "type": "Feature", "properties": { "GEOIDFQ": "1400000US24031703404", "NAME": "7034.04", "NAMELSAD": "Census Tract 7034.04" }, "geometry": { "type": "Polygon", "coordinates": [ [ [ -77.0735, 39.0572 ], [ -77.0649, 39.0591 ], [ -77.071, 39.0496 ], [ -77.0735, 39.0572 ] ] ] } },
{ "type": "Feature", "properties": { "GEOIDFQ": "1400000US24031701507", "NAME": "7015.07", "NAMELSAD": "Census Tract 7015.07" }, "geometry": { "type": "Polygon", "coordinates": [ [ [ -77.0022, 39.0959 ], [ -77.0021, 39.0758 ], [ -77.0293, 39.0665 ], [ -77.0239, 39.0854 ], [ -77.0262, 39.0934 ], [ -77.0351, 39.0937 ], [ -77.0022, 39.0959 ] ] ] } },
{ "type": "Feature", "properties": { "GEOIDFQ": "1400000US24031702102", "NAME": "7021.02", "NAMELSAD": "Census Tract 7021.02" }, "geometry": { "type": "Polygon", "coordinates": [ [ [ -77.0041, 39.0301 ], [ -76.9941, 39.0175 ], [ -77.0049, 39.0152 ], [ -77.0124, 39.0206 ], [ -77.0041, 39.0301 ] ] ] } },
{ "type": "Feature", "properties": { "GEOIDFQ": "1400000US24017850901", "NAME": "8509.01", "NAMELSAD": "Census Tract 8509.01" }, "geometry": { "type": "Polygon", "coordinates": [ [ [ -76.9108, 38.6264 ], [ -76.8818, 38.6145 ], [ -76.9074, 38.6011 ], [ -76.9257, 38.6117 ], [ -76.9108, 38.6264 ] ] ] } },
{ "type": "Feature", "properties": { "GEOIDFQ": "1400000US24035810800", "NAME": "8108", "NAMELSAD": "Census Tract 8108" }, "geometry": { "type": "Polygon", "coordinates": [ [ [ -76.3268, 39.0008 ], [ -76.3224, 39.0297 ], [ -76.3127, 39.0402 ], [ -76.3005, 39.0429 ], [ -76.2858, 38.9993 ], [ -76.2715, 38.9887 ], [ -76.2469, 38.9856 ], [ -76.247, 38.9707 ], [ -76.3037, 38.9749 ], [ -76.3407, 38.9836 ], [ -76.3268, 39.0008 ] ] ] } },
{ "type": "Feature", "properties": { "GEOIDFQ": "1400000US24033806712", "NAME": "8067.12", "NAMELSAD": "Census Tract 8067.12" }, "geometry": { "type": "Polygon", "coordinates": [ [ [ -76.8663, 39.0016 ], [ -76.8585, 39.0199 ], [ -76.8499, 39.0164 ], [ -76.8429, 38.9921 ], [ -76.8809, 38.9949 ], [ -76.8663, 39.0016 ] ] ] } },
{ "type": "Feature", "properties": { "GEOIDFQ": "1400000US24033806800", "NAME": "8068", "NAMELSAD": "Census Tract 8068" }, "geometry": { "type": "Polygon", "coordinates": [ [ [ -76.9201, 38.998 ], [ -76.9014, 38.9952 ], [ -76.9141, 38.9751 ], [ -76.9194, 38.9757 ], [ -76.9201, 38.998 ] ] ] } },
{ "type": "Feature", "properties": { "GEOIDFQ": "1400000US24045000400", "NAME": "4", "NAMELSAD": "Census Tract 4" }, "geometry": { "type": "Polygon", "coordinates": [ [ [ -75.6118, 38.3622 ], [ -75.5951, 38.3652 ], [ -75.601, 38.3485 ], [ -75.6261, 38.3473 ], [ -75.6118, 38.3622 ] ] ] } },
{ "type": "Feature", "properties": { "GEOIDFQ": "1400000US24510240200", "NAME": "2402", "NAMELSAD": "Census Tract 2402" }, "geometry": { "type": "Polygon", "coordinates": [ [ [ -76.5951, 39.2772 ], [ -76.5989, 39.2708 ], [ -76.6084, 39.2729 ], [ -76.6092, 39.279 ], [ -76.5951, 39.2772 ] ] ] } },
{ "type": "Feature", "properties": { "GEOIDFQ": "1400000US24510271600", "NAME": "2716", "NAMELSAD": "Census Tract 2716" }, "geometry": { "type": "Polygon", "coordinates": [ [ [ -76.6688, 39.3466 ], [ -76.6572, 39.3426 ], [ -76.6679, 39.3389 ], [ -76.6736, 39.3418 ], [ -76.6688, 39.3466 ] ] ] } },
{ "type": "Feature", "properties": { "GEOIDFQ": "1400000US24510271700", "NAME": "2717", "NAMELSAD": "Census Tract 2717" }, "geometry": { "type": "Polygon", "coordinates": [ [ [ -76.666, 39.3576 ], [ -76.6594, 39.3465 ], [ -76.6714, 39.3452 ], [ -76.6832, 39.3519 ], [ -76.666, 39.3576 ] ] ] } },
{ "type": "Feature", "properties": { "GEOIDFQ": "1400000US24021751302", "NAME": "7513.02", "NAMELSAD": "Census Tract 7513.02" }, "geometry": { "type": "Polygon", "coordinates": [ [ [ -77.4925, 39.5871 ], [ -77.4579, 39.5874 ], [ -77.4448, 39.581 ], [ -77.4388, 39.5856 ], [ -77.4357, 39.5819 ], [ -77.4045, 39.5865 ], [ -77.3965, 39.5941 ], [ -77.3865, 39.5497 ], [ -77.365, 39.5538 ], [ -77.3506, 39.5434 ], [ -77.3529, 39.5306 ], [ -77.3638, 39.5264 ], [ -77.378, 39.5057 ], [ -77.3972, 39.5023 ], [ -77.3923, 39.4881 ], [ -77.4071, 39.4854 ], [ -77.4162, 39.4949 ], [ -77.4238, 39.4897 ], [ -77.4367, 39.493 ], [ -77.4513, 39.5199 ], [ -77.471, 39.5286 ], [ -77.4799, 39.5439 ], [ -77.4908, 39.5422 ], [ -77.5011, 39.5493 ], [ -77.4925, 39.5871 ] ] ] } },
{ "type": "Feature", "properties": { "GEOIDFQ": "1400000US24001001800", "NAME": "18", "NAMELSAD": "Census Tract 18" }, "geometry": { "type": "Polygon", "coordinates": [ [ [ -78.955, 39.6763 ], [ -78.9452, 39.6763 ], [ -78.9237, 39.6553 ], [ -78.9337, 39.6335 ], [ -78.9539, 39.6442 ], [ -78.961, 39.6657 ], [ -78.955, 39.6763 ] ] ] } },
{ "type": "Feature", "properties": { "GEOIDFQ": "1400000US24001001600", "NAME": "16", "NAMELSAD": "Census Tract 16" }, "geometry": { "type": "Polygon", "coordinates": [ [ [ -78.9284, 39.7228 ], [ -78.903, 39.7229 ], [ -78.912, 39.7146 ], [ -78.9184, 39.6893 ], [ -78.9129, 39.6834 ], [ -78.8909, 39.6846 ], [ -78.8954, 39.6712 ], [ -78.9153, 39.6661 ], [ -78.9256, 39.656 ], [ -78.9435, 39.6755 ], [ -78.955, 39.6763 ], [ -78.9284, 39.7228 ] ] ] } },
{ "type": "Feature", "properties": { "GEOIDFQ": "1400000US24001000200", "NAME": "2", "NAMELSAD": "Census Tract 2" }, "geometry": { "type": "Polygon", "coordinates": [ [ [ -78.7635, 39.6098 ], [ -78.7474, 39.6056 ], [ -78.7386, 39.6099 ], [ -78.7331, 39.6147 ], [ -78.7384, 39.6273 ], [ -78.7274, 39.6268 ], [ -78.7177, 39.6349 ], [ -78.7062, 39.657 ], [ -78.7086, 39.6762 ], [ -78.6979, 39.6781 ], [ -78.6969, 39.692 ], [ -78.7041, 39.6957 ], [ -78.7097, 39.6916 ], [ -78.7178, 39.7009 ], [ -78.7033, 39.7151 ], [ -78.7064, 39.7229 ], [ -78.6337, 39.7229 ], [ -78.6508, 39.6959 ], [ -78.6358, 39.6865 ], [ -78.6393, 39.6723 ], [ -78.6568, 39.669 ], [ -78.6665, 39.643 ], [ -78.6454, 39.6358 ], [ -78.6569, 39.6101 ], [ -78.6553, 39.5633 ], [ -78.6134, 39.5372 ], [ -78.6547, 39.5346 ], [ -78.6756, 39.5402 ], [ -78.695, 39.5538 ], [ -78.7246, 39.5639 ], [ -78.7334, 39.5865 ], [ -78.7445, 39.5802 ], [ -78.757, 39.5808 ], [ -78.7782, 39.6019 ], [ -78.7635, 39.6098 ] ] ] } },
{ "type": "Feature", "properties": { "GEOIDFQ": "1400000US24001000800", "NAME": "8", "NAMELSAD": "Census Tract 8" }, "geometry": { "type": "Polygon", "coordinates": [ [ [ -78.7643, 39.649 ], [ -78.7582, 39.6494 ], [ -78.7649, 39.6324 ], [ -78.7392, 39.6256 ], [ -78.7483, 39.6267 ], [ -78.7637, 39.6188 ], [ -78.7785, 39.6239 ], [ -78.7643, 39.649 ] ] ] } },
{ "type": "Feature", "properties": { "GEOIDFQ": "1400000US24001000100", "NAME": "1", "NAMELSAD": "Census Tract 1" }, "geometry": { "type": "Polygon", "coordinates": [ [ [ -78.6535, 39.672 ], [ -78.6393, 39.6723 ], [ -78.6358, 39.6865 ], [ -78.6508, 39.6959 ], [ -78.6337, 39.7229 ], [ -78.3444, 39.7225 ], [ -78.3407, 39.7163 ], [ -78.3334, 39.7189 ], [ -78.329, 39.7123 ], [ -78.3343, 39.7099 ], [ -78.3182, 39.7025 ], [ -78.3195, 39.6951 ], [ -78.3133, 39.6927 ], [ -78.3228, 39.6892 ], [ -78.3148, 39.6851 ], [ -78.3229, 39.6839 ], [ -78.3199, 39.6762 ], [ -78.3362, 39.6807 ], [ -78.3431, 39.6765 ], [ -78.3341, 39.6624 ], [ -78.3634, 39.6603 ], [ -78.34, 39.6527 ], [ -78.346, 39.6492 ], [ -78.3338, 39.6368 ], [ -78.3563, 39.6406 ], [ -78.3555, 39.6261 ], [ -78.3814, 39.6288 ], [ -78.3738, 39.609 ], [ -78.421, 39.6242 ], [ -78.4324, 39.6218 ], [ -78.4255, 39.6077 ], [ -78.3948, 39.5852 ], [ -78.4074, 39.5786 ], [ -78.4435, 39.5913 ], [ -78.4568, 39.5876 ], [ -78.4543, 39.5741 ], [ -78.417, 39.5486 ], [ -78.4245, 39.5452 ], [ -78.4377, 39.5534 ], [ -78.4379, 39.5385 ], [ -78.4504, 39.5498 ], [ -78.4611, 39.5508 ], [ -78.4485, 39.5404 ], [ -78.4624, 39.5364 ], [ -78.4618, 39.5223 ], [ -78.4711, 39.516 ], [ -78.5231, 39.5249 ], [ -78.5661, 39.5194 ], [ -78.5876, 39.5277 ], [ -78.5908, 39.5367 ], [ -78.604, 39.5321 ], [ -78.6517, 39.5597 ], [ -78.6572, 39.6072 ], [ -78.6454, 39.6358 ], [ -78.6665, 39.643 ], [ -78.6535, 39.672 ] ] ] } },
{ "type": "Feature", "properties": { "GEOIDFQ": "1400000US24001002000", "NAME": "20", "NAMELSAD": "Census Tract 20" }, "geometry": { "type": "Polygon", "coordinates": [ [ [ -78.9399, 39.5443 ], [ -78.8971, 39.5822 ], [ -78.8774, 39.6115 ], [ -78.861, 39.5988 ], [ -78.83, 39.5953 ], [ -78.8121, 39.6003 ], [ -78.826, 39.5882 ], [ -78.8158, 39.5629 ], [ -78.8383, 39.5672 ], [ -78.8503, 39.5607 ], [ -78.8535, 39.5493 ], [ -78.8707, 39.5388 ], [ -78.8751, 39.5227 ], [ -78.8919, 39.5248 ], [ -78.8924, 39.5133 ], [ -78.9055, 39.5115 ], [ -78.9041, 39.5041 ], [ -78.9167, 39.4863 ], [ -78.9412, 39.4834 ], [ -78.9277, 39.5059 ], [ -78.9514, 39.5198 ], [ -78.9645, 39.5107 ], [ -78.9399, 39.5443 ] ] ] } },
{ "type": "Feature", "properties": { "GEOIDFQ": "1400000US24001001402", "NAME": "14.02", "NAMELSAD": "Census Tract 14.02" }, "geometry": { "type": "Polygon", "coordinates": [ [ [ -78.8014, 39.6658 ], [ -78.7903, 39.6708 ], [ -78.8123, 39.6412 ], [ -78.8262, 39.6356 ], [ -78.8304, 39.639 ], [ -78.8014, 39.6658 ] ] ] } },
{ "type": "Feature", "properties": { "GEOIDFQ": "1400000US24001001401", "NAME": "14.01", "NAMELSAD": "Census Tract 14.01" }, "geometry": { "type": "Polygon", "coordinates": [ [ [ -78.8681, 39.6336 ], [ -78.8773, 39.643 ], [ -78.8615, 39.6425 ], [ -78.8256, 39.6955 ], [ -78.8161, 39.6939 ], [ -78.8064, 39.6777 ], [ -78.7867, 39.6908 ], [ -78.7904, 39.6702 ], [ -78.8305, 39.6389 ], [ -78.8266, 39.6355 ], [ -78.8115, 39.6409 ], [ -78.8345, 39.5958 ], [ -78.8615, 39.5989 ], [ -78.8774, 39.6115 ], [ -78.8681, 39.6336 ] ] ] } },
{ "type": "Feature", "properties": { "GEOIDFQ": "1400000US24001001300", "NAME": "13", "NAMELSAD": "Census Tract 13" }, "geometry": { "type": "Polygon", "coordinates": [ [ [ -78.8124, 39.6403 ], [ -78.788, 39.6454 ], [ -78.8016, 39.6279 ], [ -78.7965, 39.6059 ], [ -78.8089, 39.6082 ], [ -78.8121, 39.6003 ], [ -78.8345, 39.5959 ], [ -78.8124, 39.6403 ] ] ] } },
{ "type": "Feature", "properties": { "GEOIDFQ": "1400000US24001002200", "NAME": "22", "NAMELSAD": "Census Tract 22" }, "geometry": { "type": "Polygon", "coordinates": [ [ [ -79.0417, 39.5247 ], [ -79.024, 39.5116 ], [ -79.0174, 39.5228 ], [ -79.0094, 39.5115 ], [ -78.9866, 39.5044 ], [ -78.974, 39.5148 ], [ -78.963, 39.5144 ], [ -78.9624, 39.5094 ], [ -78.9519, 39.5199 ], [ -78.9277, 39.5059 ], [ -78.9418, 39.4875 ], [ -78.9401, 39.4714 ], [ -78.959, 39.4627 ], [ -78.9555, 39.4415 ], [ -78.9647, 39.4383 ], [ -79.018, 39.4677 ], [ -79.0309, 39.4653 ], [ -79.0467, 39.4833 ], [ -79.0565, 39.4707 ], [ -79.0676, 39.4794 ], [ -79.0417, 39.5247 ] ] ] } },
{ "type": "Feature", "properties": { "GEOIDFQ": "1400000US24001000600", "NAME": "6", "NAMELSAD": "Census Tract 6" }, "geometry": { "type": "Polygon", "coordinates": [ [ [ -78.7582, 39.6482 ], [ -78.7372, 39.6457 ], [ -78.7327, 39.6367 ], [ -78.7177, 39.6349 ], [ -78.7363, 39.6254 ], [ -78.7632, 39.6425 ], [ -78.7582, 39.6482 ] ] ] } },
{ "type": "Feature", "properties": { "GEOIDFQ": "1400000US24001001700", "NAME": "17", "NAMELSAD": "Census Tract 17" }, "geometry": { "type": "Polygon", "coordinates": [ [ [ -78.9243, 39.6575 ], [ -78.9153, 39.6661 ], [ -78.8818, 39.6783 ], [ -78.8843, 39.6875 ], [ -78.8787, 39.6916 ], [ -78.8591, 39.6921 ], [ -78.8562, 39.6824 ], [ -78.8445, 39.6968 ], [ -78.8256, 39.6955 ], [ -78.8615, 39.6425 ], [ -78.874, 39.6441 ], [ -78.9138, 39.6324 ], [ -78.9337, 39.6336 ], [ -78.9243, 39.6575 ] ] ] } },
{ "type": "Feature", "properties": { "GEOIDFQ": "1400000US24001001502", "NAME": "15.02", "NAMELSAD": "Census Tract 15.02" }, "geometry": { "type": "Polygon", "coordinates": [ [ [ -78.8233, 39.7078 ], [ -78.8111, 39.7161 ], [ -78.8154, 39.7229 ], [ -78.7425, 39.723 ], [ -78.7698, 39.6852 ], [ -78.7886, 39.6698 ], [ -78.7939, 39.6755 ], [ -78.7864, 39.6906 ], [ -78.807, 39.6778 ], [ -78.8088, 39.6864 ], [ -78.825, 39.6986 ], [ -78.8233, 39.7078 ] ] ] } },
{ "type": "Feature", "properties": { "GEOIDFQ": "1400000US24001000500", "NAME": "5", "NAMELSAD": "Census Tract 5" }, "geometry": { "type": "Polygon", "coordinates": [ [ [ -78.7307, 39.6729 ], [ -78.7044, 39.6738 ], [ -78.7174, 39.6362 ], [ -78.732, 39.6364 ], [ -78.7359, 39.6452 ], [ -78.7528, 39.6446 ], [ -78.7586, 39.6523 ], [ -78.7307, 39.6729 ] ] ] } },
{ "type": "Feature", "properties": { "GEOIDFQ": "1400000US24045010300", "NAME": "103", "NAMELSAD": "Census Tract 103" }, "geometry": { "type": "Polygon", "coordinates": [ [ [ -75.6845, 38.3542 ], [ -75.6753, 38.3554 ], [ -75.677, 38.3793 ], [ -75.6556, 38.4125 ], [ -75.6448, 38.4109 ], [ -75.629, 38.4012 ], [ -75.6211, 38.3867 ], [ -75.6119, 38.3622 ], [ -75.6198, 38.3497 ], [ -75.6359, 38.3402 ], [ -75.696, 38.3423 ], [ -75.6845, 38.3542 ] ] ] } },
{ "type": "Feature", "properties": { "GEOIDFQ": "1400000US24510230100", "NAME": "2301", "NAMELSAD": "Census Tract 2301" }, "geometry": { "type": "Polygon", "coordinates": [ [ [ -76.619, 39.2793 ], [ -76.6145, 39.279 ], [ -76.6141, 39.2726 ], [ -76.6209, 39.2746 ], [ -76.619, 39.2793 ] ] ] } },
{ "type": "Feature", "properties": { "GEOIDFQ": "1400000US24510140100", "NAME": "1401", "NAMELSAD": "Census Tract 1401" }, "geometry": { "type": "Polygon", "coordinates": [ [ [ -76.6233, 39.3108 ], [ -76.6207, 39.3044 ], [ -76.6251, 39.3032 ], [ -76.6334, 39.3103 ], [ -76.6233, 39.3108 ] ] ] } },
{ "type": "Feature", "properties": { "GEOIDFQ": "1400000US24031700905", "NAME": "7009.05", "NAMELSAD": "Census Tract 7009.05" }, "geometry": { "type": "Polygon", "coordinates": [ [ [ -77.1334, 39.0615 ], [ -77.1304, 39.0639 ], [ -77.1261, 39.0528 ], [ -77.138, 39.0541 ], [ -77.1334, 39.0615 ] ] ] } },
{ "type": "Feature", "properties": { "GEOIDFQ": "1400000US24031706010", "NAME": "7060.10", "NAMELSAD": "Census Tract 7060.10" }, "geometry": { "type": "Polygon", "coordinates": [ [ [ -77.1642, 39.035 ], [ -77.1564, 39.0317 ], [ -77.168, 39.016 ], [ -77.1767, 39.0297 ], [ -77.1642, 39.035 ] ] ] } },
{ "type": "Feature", "properties": { "GEOIDFQ": "1400000US24031703221", "NAME": "7032.21", "NAMELSAD": "Census Tract 7032.21" }, "geometry": { "type": "Polygon", "coordinates": [ [ [ -77.0452, 39.1196 ], [ -77.034, 39.1205 ], [ -77.0446, 39.0956 ], [ -77.0601, 39.1123 ], [ -77.0452, 39.1196 ] ] ] } },
{ "type": "Feature", "properties": { "GEOIDFQ": "1400000US24031701315", "NAME": "7013.15", "NAMELSAD": "Census Tract 7013.15" }, "geometry": { "type": "Polygon", "coordinates": [ [ [ -77.0607, 39.165 ], [ -77.0407, 39.1642 ], [ -77.0534, 39.148 ], [ -77.0668, 39.1547 ], [ -77.0607, 39.165 ] ] ] } },
{ "type": "Feature", "properties": { "GEOIDFQ": "1400000US24031701316", "NAME": "7013.16", "NAMELSAD": "Census Tract 7013.16" }, "geometry": { "type": "Polygon", "coordinates": [ [ [ -77.0403, 39.1611 ], [ -77.0394, 39.175 ], [ -77.027, 39.1791 ], [ -77.0214, 39.1745 ], [ -76.9983, 39.1751 ], [ -76.9973, 39.1665 ], [ -76.9748, 39.1629 ], [ -76.9756, 39.1497 ], [ -76.963, 39.1458 ], [ -77.0276, 39.1253 ], [ -77.0339, 39.1389 ], [ -77.0536, 39.1499 ], [ -77.0403, 39.1611 ] ] ] } },
{ "type": "Feature", "properties": { "GEOIDFQ": "1400000US24031701314", "NAME": "7013.14", "NAMELSAD": "Census Tract 7013.14" }, "geometry": { "type": "Polygon", "coordinates": [ [ [ -77.0668, 39.1532 ], [ -77.0505, 39.1465 ], [ -77.0646, 39.1371 ], [ -77.0668, 39.1532 ] ] ] } },
{ "type": "Feature", "properties": { "GEOIDFQ": "1400000US24033807102", "NAME": "8071.02", "NAMELSAD": "Census Tract 8071.02" }, "geometry": { "type": "Polygon", "coordinates": [ [ [ -76.938, 38.9784 ], [ -76.9287, 38.9781 ], [ -76.9261, 38.9843 ], [ -76.9135, 38.9749 ], [ -76.9199, 38.9605 ], [ -76.9388, 38.9658 ], [ -76.938, 38.9784 ] ] ] } },
{ "type": "Feature", "properties": { "GEOIDFQ": "1400000US24033801908", "NAME": "8019.08", "NAMELSAD": "Census Tract 8019.08" }, "geometry": { "type": "Polygon", "coordinates": [ [ [ -76.9334, 38.8443 ], [ -76.9338, 38.8362 ], [ -76.9454, 38.8382 ], [ -76.956, 38.8523 ], [ -76.9334, 38.8443 ] ] ] } },
{ "type": "Feature", "properties": { "GEOIDFQ": "1400000US24031701509", "NAME": "7015.09", "NAMELSAD": "Census Tract 7015.09" }, "geometry": { "type": "Polygon", "coordinates": [ [ [ -76.9869, 39.0465 ], [ -76.9799, 39.0398 ], [ -76.9672, 39.0404 ], [ -76.9621, 39.0312 ], [ -76.9719, 39.0184 ], [ -76.992, 39.0433 ], [ -76.9869, 39.0465 ] ] ] } },
{ "type": "Feature", "properties": { "GEOIDFQ": "1400000US24003702209", "NAME": "7022.09", "NAMELSAD": "Census Tract 7022.09" }, "geometry": { "type": "Polygon", "coordinates": [ [ [ -76.6852, 39.0298 ], [ -76.6735, 39.0192 ], [ -76.6825, 39.0118 ], [ -76.6955, 39.02 ], [ -76.6852, 39.0298 ] ] ] } },
{ "type": "Feature", "properties": { "GEOIDFQ": "1400000US24003706302", "NAME": "7063.02", "NAMELSAD": "Census Tract 7063.02" }, "geometry": { "type": "Polygon", "coordinates": [ [ [ -76.4894, 38.9727 ], [ -76.4717, 38.9792 ], [ -76.4711, 38.97 ], [ -76.4926, 38.9555 ], [ -76.4894, 38.9727 ] ] ] } },
{ "type": "Feature", "properties": { "GEOIDFQ": "1400000US24003731004", "NAME": "7310.04", "NAMELSAD": "Census Tract 7310.04" }, "geometry": { "type": "Polygon", "coordinates": [ [ [ -76.455, 39.0514 ], [ -76.4455, 39.0473 ], [ -76.4445, 39.0396 ], [ -76.4677, 39.0376 ], [ -76.455, 39.0514 ] ] ] } },
{ "type": "Feature", "properties": { "GEOIDFQ": "1400000US24021751802", "NAME": "7518.02", "NAMELSAD": "Census Tract 7518.02" }, "geometry": { "type": "Polygon", "coordinates": [ [ [ -77.2483, 39.4473 ], [ -77.217, 39.4492 ], [ -77.2031, 39.461 ], [ -77.1409, 39.454 ], [ -77.1266, 39.4448 ], [ -77.148, 39.4178 ], [ -77.1544, 39.3913 ], [ -77.1629, 39.3991 ], [ -77.179, 39.4 ], [ -77.2152, 39.3693 ], [ -77.2453, 39.3784 ], [ -77.2354, 39.3984 ], [ -77.2207, 39.4091 ], [ -77.2531, 39.4207 ], [ -77.2483, 39.4473 ] ] ] } },
{ "type": "Feature", "properties": { "GEOIDFQ": "1400000US24021740200", "NAME": "7402", "NAMELSAD": "Census Tract 7402" }, "geometry": { "type": "Polygon", "coordinates": [ [ [ -77.377, 39.5071 ], [ -77.3325, 39.4927 ], [ -77.3594, 39.474 ], [ -77.3702, 39.4525 ], [ -77.3762, 39.4611 ], [ -77.3967, 39.4685 ], [ -77.3872, 39.4821 ], [ -77.3975, 39.5013 ], [ -77.377, 39.5071 ] ] ] } },
{ "type": "Feature", "properties": { "GEOIDFQ": "1400000US24021750200", "NAME": "7502", "NAMELSAD": "Census Tract 7502" }, "geometry": { "type": "Polygon", "coordinates": [ [ [ -77.4131, 39.4192 ], [ -77.4022, 39.4166 ], [ -77.4035, 39.413 ], [ -77.4149, 39.4148 ], [ -77.4131, 39.4192 ] ] ] } },
{ "type": "Feature", "properties": { "GEOIDFQ": "1400000US24021751600", "NAME": "7516", "NAMELSAD": "Census Tract 7516" }, "geometry": { "type": "Polygon", "coordinates": [ [ [ -77.295, 39.5648 ], [ -77.2425, 39.5912 ], [ -77.2385, 39.5844 ], [ -77.2305, 39.589 ], [ -77.2323, 39.5844 ], [ -77.22, 39.5819 ], [ -77.2207, 39.5756 ], [ -77.2001, 39.5786 ], [ -77.1835, 39.5598 ], [ -77.1751, 39.5599 ], [ -77.1694, 39.554 ], [ -77.1706, 39.5344 ], [ -77.1523, 39.5325 ], [ -77.15, 39.522 ], [ -77.1384, 39.5205 ], [ -77.1336, 39.5086 ], [ -77.1153, 39.4994 ], [ -77.1526, 39.491 ], [ -77.1912, 39.4945 ], [ -77.2098, 39.5121 ], [ -77.258, 39.5152 ], [ -77.3034, 39.5379 ], [ -77.295, 39.5648 ] ] ] } },
{ "type": "Feature", "properties": { "GEOIDFQ": "1400000US24003740701", "NAME": "7407.01", "NAMELSAD": "Census Tract 7407.01" }, "geometry": { "type": "Polygon", "coordinates": [ [ [ -76.7089, 39.0874 ], [ -76.7043, 39.0863 ], [ -76.7142, 39.053 ], [ -76.7183, 39.062 ], [ -76.7293, 39.0656 ], [ -76.7089, 39.0874 ] ] ] } },
{ "type": "Feature", "properties": { "GEOIDFQ": "1400000US24003751400", "NAME": "7514", "NAMELSAD": "Census Tract 7514" }, "geometry": { "type": "Polygon", "coordinates": [ [ [ -76.6973, 39.1585 ], [ -76.6464, 39.1648 ], [ -76.6424, 39.1597 ], [ -76.6598, 39.1538 ], [ -76.6504, 39.1417 ], [ -76.657, 39.1368 ], [ -76.6974, 39.1345 ], [ -76.6973, 39.1585 ] ] ] } },
{ "type": "Feature", "properties": { "GEOIDFQ": "1400000US24003740305", "NAME": "7403.05", "NAMELSAD": "Census Tract 7403.05" }, "geometry": { "type": "Polygon", "coordinates": [ [ [ -76.7107, 39.1206 ], [ -76.7013, 39.1016 ], [ -76.7171, 39.0922 ], [ -76.7242, 39.1097 ], [ -76.7107, 39.1206 ] ] ] } },
{ "type": "Feature", "properties": { "GEOIDFQ": "1400000US24005441000", "NAME": "4410", "NAMELSAD": "Census Tract 4410" }, "geometry": { "type": "Polygon", "coordinates": [ [ [ -76.5291, 39.3369 ], [ -76.514, 39.3415 ], [ -76.5297, 39.3233 ], [ -76.5291, 39.3369 ] ] ] } },
{ "type": "Feature", "properties": { "GEOIDFQ": "1400000US24005441102", "NAME": "4411.02", "NAMELSAD": "Census Tract 4411.02" }, "geometry": { "type": "Polygon", "coordinates": [ [ [ -76.5297, 39.3233 ], [ -76.5142, 39.3401 ], [ -76.5097, 39.3287 ], [ -76.5147, 39.3208 ], [ -76.5298, 39.3104 ], [ -76.5297, 39.3233 ] ] ] } },
{ "type": "Feature", "properties": { "GEOIDFQ": "1400000US24031701214", "NAME": "7012.14", "NAMELSAD": "Census Tract 7012.14" }, "geometry": { "type": "Polygon", "coordinates": [ [ [ -77.0955, 39.0349 ], [ -77.0878, 39.0293 ], [ -77.1031, 39.0225 ], [ -77.1069, 39.0348 ], [ -77.0955, 39.0349 ] ] ] } },
{ "type": "Feature", "properties": { "GEOIDFQ": "1400000US24031701215", "NAME": "7012.15", "NAMELSAD": "Census Tract 7012.15" }, "geometry": { "type": "Polygon", "coordinates": [ [ [ -77.1052, 39.0306 ], [ -77.1031, 39.0225 ], [ -77.1135, 39.0284 ], [ -77.1262, 39.0311 ], [ -77.1052, 39.0306 ] ] ] } },
{ "type": "Feature", "properties": { "GEOIDFQ": "1400000US24031701304", "NAME": "7013.04", "NAMELSAD": "Census Tract 7013.04" }, "geometry": { "type": "Polygon", "coordinates": [ [ [ -77.0616, 39.1802 ], [ -77.0668, 39.1532 ], [ -77.0972, 39.1731 ], [ -77.1008, 39.1849 ], [ -77.0616, 39.1802 ] ] ] } },
{ "type": "Feature", "properties": { "GEOIDFQ": "1400000US24031701312", "NAME": "7013.12", "NAMELSAD": "Census Tract 7013.12" }, "geometry": { "type": "Polygon", "coordinates": [ [ [ -77.0849, 39.1663 ], [ -77.0668, 39.1532 ], [ -77.0674, 39.1427 ], [ -77.0824, 39.1413 ], [ -77.0944, 39.1591 ], [ -77.0849, 39.1663 ] ] ] } },
{ "type": "Feature", "properties": { "GEOIDFQ": "1400000US24033802301", "NAME": "8023.01", "NAMELSAD": "Census Tract 8023.01" }, "geometry": { "type": "Polygon", "coordinates": [ [ [ -76.8978, 38.8635 ], [ -76.8989, 38.8578 ], [ -76.8829, 38.8626 ], [ -76.8778, 38.8579 ], [ -76.8897, 38.8512 ], [ -76.9002, 38.8549 ], [ -76.9037, 38.864 ], [ -76.8978, 38.8635 ] ] ] } },
{ "type": "Feature", "properties": { "GEOIDFQ": "1400000US24033802404", "NAME": "8024.04", "NAMELSAD": "Census Tract 8024.04" }, "geometry": { "type": "Polygon", "coordinates": [ [ [ -76.8978, 38.8635 ], [ -76.8851, 38.8713 ], [ -76.8835, 38.8647 ], [ -76.8989, 38.8588 ], [ -76.8978, 38.8635 ] ] ] } },
{ "type": "Feature", "properties": { "GEOIDFQ": "1400000US24033802501", "NAME": "8025.01", "NAMELSAD": "Census Tract 8025.01" }, "geometry": { "type": "Polygon", "coordinates": [ [ [ -76.9396, 38.8694 ], [ -76.9329, 38.865 ], [ -76.9559, 38.8534 ], [ -76.9396, 38.8694 ] ] ] } },
{ "type": "Feature", "properties": { "GEOIDFQ": "1400000US24031701313", "NAME": "7013.13", "NAMELSAD": "Census Tract 7013.13" }, "geometry": { "type": "Polygon", "coordinates": [ [ [ -77.0867, 39.1476 ], [ -77.0824, 39.1413 ], [ -77.0674, 39.1427 ], [ -77.0722, 39.1261 ], [ -77.0795, 39.1268 ], [ -77.0924, 39.1439 ], [ -77.0867, 39.1476 ] ] ] } },
{ "type": "Feature", "properties": { "GEOIDFQ": "1400000US24031701409", "NAME": "7014.09", "NAMELSAD": "Census Tract 7014.09" }, "geometry": { "type": "Polygon", "coordinates": [ [ [ -76.9621, 39.1161 ], [ -76.9419, 39.1065 ], [ -76.9287, 39.1115 ], [ -76.9482, 39.083 ], [ -76.9692, 39.0952 ], [ -76.9621, 39.1161 ] ] ] } },
{ "type": "Feature", "properties": { "GEOIDFQ": "1400000US24031704700", "NAME": "7047", "NAMELSAD": "Census Tract 7047" }, "geometry": { "type": "Polygon", "coordinates": [ [ [ -77.0988, 38.9875 ], [ -77.1015, 38.9762 ], [ -77.1099, 38.9786 ], [ -77.1186, 38.9929 ], [ -77.0988, 38.9875 ] ] ] } },
{ "type": "Feature", "properties": { "GEOIDFQ": "1400000US24031705000", "NAME": "7050", "NAMELSAD": "Census Tract 7050" }, "geometry": { "type": "Polygon", "coordinates": [ [ [ -77.0783, 39.0056 ], [ -77.0773, 38.9879 ], [ -77.0934, 38.9877 ], [ -77.1107, 39.0045 ], [ -77.0783, 39.0056 ] ] ] } },
{ "type": "Feature", "properties": { "GEOIDFQ": "1400000US24031705100", "NAME": "7051", "NAMELSAD": "Census Tract 7051" }, "geometry": { "type": "Polygon", "coordinates": [ [ [ -77.0643, 39.0116 ], [ -77.0587, 39.0037 ], [ -77.0725, 38.9857 ], [ -77.0718, 38.9766 ], [ -77.0773, 38.9767 ], [ -77.0792, 39.0069 ], [ -77.0643, 39.0116 ] ] ] } },
{ "type": "Feature", "properties": { "GEOIDFQ": "1400000US24031705200", "NAME": "7052", "NAMELSAD": "Census Tract 7052" }, "geometry": { "type": "Polygon", "coordinates": [ [ [ -77.0644, 38.9932 ], [ -77.062, 38.9863 ], [ -77.0523, 38.9868 ], [ -77.0692, 38.9737 ], [ -77.0727, 38.9854 ], [ -77.0644, 38.9932 ] ] ] } },
{ "type": "Feature", "properties": { "GEOIDFQ": "1400000US24031705300", "NAME": "7053", "NAMELSAD": "Census Tract 7053" }, "geometry": { "type": "Polygon", "coordinates": [ [ [ -77.0773, 38.9767 ], [ -77.0692, 38.9737 ], [ -77.0822, 38.9636 ], [ -77.0889, 38.969 ], [ -77.0773, 38.9767 ] ] ] } },
{ "type": "Feature", "properties": { "GEOIDFQ": "1400000US24031705400", "NAME": "7054", "NAMELSAD": "Census Tract 7054" }, "geometry": { "type": "Polygon", "coordinates": [ [ [ -77.0773, 38.9879 ], [ -77.0772, 38.9728 ], [ -77.0835, 38.9686 ], [ -77.0889, 38.969 ], [ -77.0922, 38.9824 ], [ -77.0773, 38.9879 ] ] ] } },
{ "type": "Feature", "properties": { "GEOIDFQ": "1400000US24035810902", "NAME": "8109.02", "NAMELSAD": "Census Tract 8109.02" }, "geometry": { "type": "Polygon", "coordinates": [ [ [ -76.3691, 38.8793 ], [ -76.3705, 38.8982 ], [ -76.3523, 38.9108 ], [ -76.35, 38.8988 ], [ -76.3312, 38.8913 ], [ -76.3289, 38.8586 ], [ -76.354, 38.8516 ], [ -76.3667, 38.8333 ], [ -76.3785, 38.836 ], [ -76.3798, 38.8515 ], [ -76.3691, 38.8793 ] ] ] } },
{ "type": "Feature", "properties": { "GEOIDFQ": "1400000US24005403300", "NAME": "4033", "NAMELSAD": "Census Tract 4033" }, "geometry": { "type": "Polygon", "coordinates": [ [ [ -76.7387, 39.3684 ], [ -76.7446, 39.3771 ], [ -76.7215, 39.3631 ], [ -76.7457, 39.361 ], [ -76.7387, 39.3684 ] ] ] } },
{ "type": "Feature", "properties": { "GEOIDFQ": "1400000US24005403500", "NAME": "4035", "NAMELSAD": "Census Tract 4035" }, "geometry": { "type": "Polygon", "coordinates": [ [ [ -76.6854, 39.3853 ], [ -76.6823, 39.3722 ], [ -76.7113, 39.3719 ], [ -76.717, 39.38 ], [ -76.6854, 39.3853 ] ] ] } },
{ "type": "Feature", "properties": { "GEOIDFQ": "1400000US24005403601", "NAME": "4036.01", "NAMELSAD": "Census Tract 4036.01" }, "geometry": { "type": "Polygon", "coordinates": [ [ [ -76.6786, 39.3912 ], [ -76.6629, 39.3957 ], [ -76.659, 39.3855 ], [ -76.6744, 39.3829 ], [ -76.6782, 39.372 ], [ -76.6856, 39.3818 ], [ -76.6786, 39.3912 ] ] ] } },
{ "type": "Feature", "properties": { "GEOIDFQ": "1400000US24035810700", "NAME": "8107", "NAMELSAD": "Census Tract 8107" }, "geometry": { "type": "Polygon", "coordinates": [ [ [ -76.2469, 38.9856 ], [ -76.223, 38.9807 ], [ -76.2184, 38.9746 ], [ -76.194, 38.9839 ], [ -76.1717, 38.9634 ], [ -76.1698, 38.9397 ], [ -76.1899, 38.9347 ], [ -76.2, 38.9384 ], [ -76.2102, 38.9282 ], [ -76.2179, 38.9361 ], [ -76.2339, 38.9381 ], [ -76.2469, 38.9856 ] ] ] } },
{ "type": "Feature", "properties": { "GEOIDFQ": "1400000US24035990200", "NAME": "9902", "NAMELSAD": "Census Tract 9902" }, "geometry": { "type": "Polygon", "coordinates": [ [ [ -76.2602, 39.0117 ], [ -76.215, 38.993 ], [ -76.1866, 39.0001 ], [ -76.1821, 39.0084 ], [ -76.1995, 39.0476 ], [ -76.179, 39.0758 ], [ -76.1474, 39.0997 ], [ -76.1621, 39.0697 ], [ -76.1778, 39.0626 ], [ -76.1874, 39.0472 ], [ -76.1673, 39.0083 ], [ -76.1738, 38.9979 ], [ -76.1982, 38.9807 ], [ -76.2184, 38.9746 ], [ -76.231, 38.9835 ], [ -76.2715, 38.9887 ], [ -76.2835, 39.0004 ], [ -76.2602, 39.0117 ] ] ] } },
{ "type": "Feature", "properties": { "GEOIDFQ": "1400000US24027606901", "NAME": "6069.01", "NAMELSAD": "Census Tract 6069.01" }, "geometry": { "type": "Polygon", "coordinates": [ [ [ -76.7905, 39.1777 ], [ -76.777, 39.1509 ], [ -76.7901, 39.1258 ], [ -76.8188, 39.1426 ], [ -76.8294, 39.1588 ], [ -76.7905, 39.1777 ] ] ] } },
{ "type": "Feature", "properties": { "GEOIDFQ": "1400000US24027605601", "NAME": "6056.01", "NAMELSAD": "Census Tract 6056.01" }, "geometry": { "type": "Polygon", "coordinates": [ [ [ -76.905, 39.2136 ], [ -76.8874, 39.215 ], [ -76.8843, 39.1978 ], [ -76.8941, 39.1881 ], [ -76.9084, 39.2049 ], [ -76.905, 39.2136 ] ] ] } },
{ "type": "Feature", "properties": { "GEOIDFQ": "1400000US24510250500", "NAME": "2505", "NAMELSAD": "Census Tract 2505" }, "geometry": { "type": "Polygon", "coordinates": [ [ [ -76.5931, 39.241 ], [ -76.5774, 39.2249 ], [ -76.5297, 39.2173 ], [ -76.5298, 39.2099 ], [ -76.5501, 39.1972 ], [ -76.5833, 39.2074 ], [ -76.6005, 39.2239 ], [ -76.5931, 39.241 ] ] ] } },
{ "type": "Feature", "properties": { "GEOIDFQ": "1400000US24510250600", "NAME": "2506", "NAMELSAD": "Census Tract 2506" }, "geometry": { "type": "Polygon", "coordinates": [ [ [ -76.6083, 39.2547 ], [ -76.5719, 39.2565 ], [ -76.5297, 39.2173 ], [ -76.5662, 39.2211 ], [ -76.5931, 39.241 ], [ -76.6146, 39.2411 ], [ -76.6083, 39.2547 ] ] ] } },
{ "type": "Feature", "properties": { "GEOIDFQ": "1400000US24510260101", "NAME": "2601.01", "NAMELSAD": "Census Tract 2601.01" }, "geometry": { "type": "Polygon", "coordinates": [ [ [ -76.5413, 39.3454 ], [ -76.5298, 39.3556 ], [ -76.53, 39.3357 ], [ -76.5456, 39.3424 ], [ -76.5413, 39.3454 ] ] ] } },
{ "type": "Feature", "properties": { "GEOIDFQ": "1400000US24045010400", "NAME": "104", "NAMELSAD": "Census Tract 104" }, "geometry": { "type": "Polygon", "coordinates": [ [ [ -75.6633, 38.3435 ], [ -75.6359, 38.3402 ], [ -75.6164, 38.35 ], [ -75.601, 38.3485 ], [ -75.6439, 38.2892 ], [ -75.6523, 38.2942 ], [ -75.6483, 38.3118 ], [ -75.6661, 38.3193 ], [ -75.6691, 38.3383 ], [ -75.6633, 38.3435 ] ] ] } },
{ "type": "Feature", "properties": { "GEOIDFQ": "1400000US24045010200", "NAME": "102", "NAMELSAD": "Census Tract 102" }, "geometry": { "type": "Polygon", "coordinates": [ [ [ -75.642, 38.4285 ], [ -75.5939, 38.4087 ], [ -75.6002, 38.3767 ], [ -75.6149, 38.3706 ], [ -75.6287, 38.4009 ], [ -75.6432, 38.41 ], [ -75.642, 38.4285 ] ] ] } },
{ "type": "Feature", "properties": { "GEOIDFQ": "1400000US24045010102", "NAME": "101.02", "NAMELSAD": "Census Tract 101.02" }, "geometry": { "type": "Polygon", "coordinates": [ [ [ -75.5731, 38.3692 ], [ -75.5525, 38.3658 ], [ -75.5373, 38.3697 ], [ -75.5474, 38.3423 ], [ -75.5794, 38.3601 ], [ -75.5731, 38.3692 ] ] ] } },
{ "type": "Feature", "properties": { "GEOIDFQ": "1400000US24045000100", "NAME": "1", "NAMELSAD": "Census Tract 1" }, "geometry": { "type": "Polygon", "coordinates": [ [ [ -75.5878, 38.3839 ], [ -75.5732, 38.3833 ], [ -75.5727, 38.3791 ], [ -75.5804, 38.3786 ], [ -75.5731, 38.3711 ], [ -75.5765, 38.3621 ], [ -75.5951, 38.3653 ], [ -75.5878, 38.3839 ] ] ] } },
{ "type": "Feature", "properties": { "GEOIDFQ": "1400000US24045010800", "NAME": "108", "NAMELSAD": "Census Tract 108" }, "geometry": { "type": "Polygon", "coordinates": [ [ [ -75.9235, 38.2361 ], [ -75.9294, 38.2914 ], [ -75.9252, 38.3063 ], [ -75.8963, 38.335 ], [ -75.8603, 38.3539 ], [ -75.8577, 38.3635 ], [ -75.8673, 38.3751 ], [ -75.8609, 38.3836 ], [ -75.8403, 38.3848 ], [ -75.8359, 38.3896 ], [ -75.8194, 38.3868 ], [ -75.8026, 38.3988 ], [ -75.7765, 38.406 ], [ -75.7611, 38.4041 ], [ -75.751, 38.4139 ], [ -75.7237, 38.421 ], [ -75.6986, 38.4103 ], [ -75.7058, 38.4056 ], [ -75.6915, 38.3788 ], [ -75.6763, 38.3804 ], [ -75.6756, 38.3723 ], [ -75.6753, 38.3554 ], [ -75.6845, 38.3542 ], [ -75.6959, 38.3415 ], [ -75.6669, 38.337 ], [ -75.6661, 38.3193 ], [ -75.6483, 38.3118 ], [ -75.6523, 38.2942 ], [ -75.6631, 38.2989 ], [ -75.6863, 38.2908 ], [ -75.6994, 38.2649 ], [ -75.7192, 38.266 ], [ -75.7345, 38.283 ], [ -75.7416, 38.2792 ], [ -75.749, 38.2847 ], [ -75.7518, 38.2807 ], [ -75.7529, 38.2851 ], [ -75.7687, 38.2852 ], [ -75.774, 38.2717 ], [ -75.796, 38.266 ], [ -75.8039, 38.254 ], [ -75.8351, 38.2545 ], [ -75.861, 38.2409 ], [ -75.8747, 38.22 ], [ -75.9459, 38.2173 ], [ -75.9235, 38.2361 ] ] ] } },
{ "type": "Feature", "properties": { "GEOIDFQ": "1400000US24045010603", "NAME": "106.03", "NAMELSAD": "Census Tract 106.03" }, "geometry": { "type": "Polygon", "coordinates": [ [ [ -75.5584, 38.4556 ], [ -75.4441, 38.4531 ], [ -75.4489, 38.4311 ], [ -75.438, 38.4191 ], [ -75.4592, 38.4137 ], [ -75.5022, 38.4143 ], [ -75.5021, 38.3993 ], [ -75.4959, 38.3982 ], [ -75.5041, 38.3756 ], [ -75.5373, 38.3697 ], [ -75.5441, 38.3901 ], [ -75.5716, 38.3981 ], [ -75.5584, 38.4556 ] ] ] } },
{ "type": "Feature", "properties": { "GEOIDFQ": "1400000US24045010701", "NAME": "107.01", "NAMELSAD": "Census Tract 107.01" }, "geometry": { "type": "Polygon", "coordinates": [ [ [ -75.8456, 38.4219 ], [ -75.8289, 38.4234 ], [ -75.8213, 38.4301 ], [ -75.8213, 38.4393 ], [ -75.8367, 38.4481 ], [ -75.8332, 38.4576 ], [ -75.8149, 38.4665 ], [ -75.8237, 38.481 ], [ -75.8152, 38.4888 ], [ -75.765, 38.5065 ], [ -75.7465, 38.5368 ], [ -75.7272, 38.5398 ], [ -75.7016, 38.5607 ], [ -75.6916, 38.46 ], [ -75.6992, 38.4594 ], [ -75.6979, 38.432 ], [ -75.751, 38.4139 ], [ -75.7611, 38.4041 ], [ -75.7765, 38.406 ], [ -75.8026, 38.3988 ], [ -75.8194, 38.3868 ], [ -75.8393, 38.3888 ], [ -75.851, 38.4045 ], [ -75.8456, 38.4219 ] ] ] } },
{ "type": "Feature", "properties": { "GEOIDFQ": "1400000US24045010604", "NAME": "106.04", "NAMELSAD": "Census Tract 106.04" }, "geometry": { "type": "Polygon", "coordinates": [ [ [ -75.4959, 38.3982 ], [ -75.5021, 38.3993 ], [ -75.5022, 38.4143 ], [ -75.4592, 38.4137 ], [ -75.438, 38.4191 ], [ -75.4489, 38.4311 ], [ -75.4441, 38.4531 ], [ -75.3413, 38.452 ], [ -75.3175, 38.4064 ], [ -75.3266, 38.3849 ], [ -75.4257, 38.3854 ], [ -75.5038, 38.3755 ], [ -75.4959, 38.3982 ] ] ] } },
{ "type": "Feature", "properties": { "GEOIDFQ": "1400000US24011955600", "NAME": "9556", "NAMELSAD": "Census Tract 9556" }, "geometry": { "type": "Polygon", "coordinates": [ [ [ -75.858, 38.7203 ], [ -75.833, 38.7401 ], [ -75.8125, 38.724 ], [ -75.7937, 38.7441 ], [ -75.7984, 38.7542 ], [ -75.7755, 38.7605 ], [ -75.7537, 38.7516 ], [ -75.759, 38.7423 ], [ -75.7528, 38.742 ], [ -75.7399, 38.7579 ], [ -75.7177, 38.7656 ], [ -75.7074, 38.6354 ], [ -75.7627, 38.6862 ], [ -75.7732, 38.6764 ], [ -75.7984, 38.6763 ], [ -75.8025, 38.6977 ], [ -75.8391, 38.7041 ], [ -75.8611, 38.7006 ], [ -75.858, 38.7203 ] ] ] } },
{ "type": "Feature", "properties": { "GEOIDFQ": "1400000US24031700706", "NAME": "7007.06", "NAMELSAD": "Census Tract 7007.06" }, "geometry": { "type": "Polygon", "coordinates": [ [ [ -77.2325, 39.161 ], [ -77.2126, 39.1405 ], [ -77.2444, 39.1501 ], [ -77.2518, 39.1557 ], [ -77.2325, 39.161 ] ] ] } },
{ "type": "Feature", "properties": { "GEOIDFQ": "1400000US24031702000", "NAME": "7020", "NAMELSAD": "Census Tract 7020" }, "geometry": { "type": "Polygon", "coordinates": [ [ [ -76.9982, 38.9989 ], [ -76.9841, 39.0014 ], [ -76.9949, 38.9874 ], [ -76.9982, 38.9989 ] ] ] } },
{ "type": "Feature", "properties": { "GEOIDFQ": "1400000US24031702200", "NAME": "7022", "NAMELSAD": "Census Tract 7022" }, "geometry": { "type": "Polygon", "coordinates": [ [ [ -77.0165, 39.0158 ], [ -77.0049, 39.0152 ], [ -76.9953, 38.9996 ], [ -76.9998, 39.0049 ], [ -77.0064, 39.0027 ], [ -77.0095, 39.0101 ], [ -77.0184, 39.0087 ], [ -77.0165, 39.0158 ] ] ] } },
{ "type": "Feature", "properties": { "GEOIDFQ": "1400000US24031702301", "NAME": "7023.01", "NAMELSAD": "Census Tract 7023.01" }, "geometry": { "type": "Polygon", "coordinates": [ [ [ -77.0068, 39.0025 ], [ -76.9994, 39.0046 ], [ -76.9982, 38.9989 ], [ -77.0106, 38.9996 ], [ -77.0068, 39.0025 ] ] ] } },
{ "type": "Feature", "properties": { "GEOIDFQ": "1400000US24031702302", "NAME": "7023.02", "NAMELSAD": "Census Tract 7023.02" }, "geometry": { "type": "Polygon", "coordinates": [ [ [ -77.0165, 39.0158 ], [ -77.0184, 39.0087 ], [ -77.0095, 39.0101 ], [ -77.0064, 39.0027 ], [ -77.011, 38.9998 ], [ -77.0323, 39.0149 ], [ -77.0165, 39.0158 ] ] ] } },
{ "type": "Feature", "properties": { "GEOIDFQ": "1400000US24031702401", "NAME": "7024.01", "NAMELSAD": "Census Tract 7024.01" }, "geometry": { "type": "Polygon", "coordinates": [ [ [ -77.0106, 38.9996 ], [ -77.0051, 38.9871 ], [ -77.0166, 38.9857 ], [ -77.0191, 38.9901 ], [ -77.0089, 38.9952 ], [ -77.0219, 38.9972 ], [ -77.0106, 38.9996 ] ] ] } },
{ "type": "Feature", "properties": { "GEOIDFQ": "1400000US24011955400", "NAME": "9554", "NAMELSAD": "Census Tract 9554" }, "geometry": { "type": "Polygon", "coordinates": [ [ [ -75.8677, 38.8263 ], [ -75.8468, 38.8293 ], [ -75.8263, 38.8202 ], [ -75.8093, 38.8351 ], [ -75.7835, 38.8142 ], [ -75.7645, 38.8122 ], [ -75.7387, 38.7971 ], [ -75.7206, 38.8019 ], [ -75.7177, 38.7656 ], [ -75.7399, 38.7579 ], [ -75.7528, 38.742 ], [ -75.759, 38.7423 ], [ -75.7537, 38.7516 ], [ -75.7755, 38.7605 ], [ -75.7984, 38.7542 ], [ -75.7937, 38.7441 ], [ -75.8125, 38.724 ], [ -75.8293, 38.7407 ], [ -75.8496, 38.7265 ], [ -75.8777, 38.7485 ], [ -75.8802, 38.7792 ], [ -75.897, 38.7843 ], [ -75.91, 38.8064 ], [ -75.8677, 38.8263 ] ] ] } },
{ "type": "Feature", "properties": { "GEOIDFQ": "1400000US24011955500", "NAME": "9555", "NAMELSAD": "Census Tract 9555" }, "geometry": { "type": "Polygon", "coordinates": [ [ [ -76.0088, 38.7366 ], [ -75.9954, 38.7367 ], [ -75.9969, 38.7575 ], [ -75.9764, 38.7655 ], [ -75.9664, 38.7798 ], [ -75.9495, 38.7784 ], [ -75.9325, 38.7961 ], [ -75.91, 38.8064 ], [ -75.897, 38.7843 ], [ -75.8802, 38.7792 ], [ -75.8777, 38.7485 ], [ -75.8496, 38.7265 ], [ -75.8581, 38.7199 ], [ -75.8574, 38.7043 ], [ -75.8682, 38.6951 ], [ -75.8846, 38.6942 ], [ -75.8968, 38.7014 ], [ -75.9169, 38.6803 ], [ -75.9305, 38.6759 ], [ -75.9369, 38.6801 ], [ -75.9452, 38.6741 ], [ -75.9704, 38.6831 ], [ -75.9768, 38.6978 ], [ -75.993, 38.6967 ], [ -75.9932, 38.708 ], [ -76.015, 38.7287 ], [ -76.0088, 38.7366 ] ] ] } },
{ "type": "Feature", "properties": { "GEOIDFQ": "1400000US24011955000", "NAME": "9550", "NAMELSAD": "Census Tract 9550" }, "geometry": { "type": "Polygon", "coordinates": [ [ [ -75.8349, 39.1084 ], [ -75.7911, 39.1328 ], [ -75.7478, 39.1433 ], [ -75.7398, 39.0436 ], [ -75.7644, 39.0263 ], [ -75.7653, 39.0192 ], [ -75.7854, 39.0142 ], [ -75.792, 39.0257 ], [ -75.8204, 39.0293 ], [ -75.8527, 39.0681 ], [ -75.8349, 39.1084 ] ] ] } },
{ "type": "Feature", "properties": { "GEOIDFQ": "1400000US24011955100", "NAME": "9551", "NAMELSAD": "Census Tract 9551" }, "geometry": { "type": "Polygon", "coordinates": [ [ [ -75.8828, 39.0279 ], [ -75.8784, 39.0472 ], [ -75.8528, 39.0679 ], [ -75.8204, 39.0293 ], [ -75.792, 39.0257 ], [ -75.7854, 39.0142 ], [ -75.7653, 39.0192 ], [ -75.7644, 39.0263 ], [ -75.7398, 39.0436 ], [ -75.731, 38.9331 ], [ -75.7864, 38.9156 ], [ -75.8091, 38.9163 ], [ -75.8356, 38.9056 ], [ -75.827, 38.9244 ], [ -75.8348, 38.9333 ], [ -75.8278, 38.937 ], [ -75.8246, 38.9503 ], [ -75.8317, 38.9538 ], [ -75.8248, 38.9638 ], [ -75.8471, 38.9798 ], [ -75.8459, 38.987 ], [ -75.8742, 39.0011 ], [ -75.8735, 39.0102 ], [ -75.891, 39.0215 ], [ -75.8828, 39.0279 ] ] ] } },
{ "type": "Feature", "properties": { "GEOIDFQ": "1400000US24017850711", "NAME": "8507.11", "NAMELSAD": "Census Tract 8507.11" }, "geometry": { "type": "Polygon", "coordinates": [ [ [ -76.936, 38.6341 ], [ -76.9189, 38.6185 ], [ -76.9486, 38.618 ], [ -76.9504, 38.6377 ], [ -76.936, 38.6341 ] ] ] } },
{ "type": "Feature", "properties": { "GEOIDFQ": "1400000US24045000500", "NAME": "5", "NAMELSAD": "Census Tract 5" }, "geometry": { "type": "Polygon", "coordinates": [ [ [ -75.5951, 38.3652 ], [ -75.5794, 38.3601 ], [ -75.5925, 38.3479 ], [ -75.6006, 38.3495 ], [ -75.5951, 38.3652 ] ] ] } },
{ "type": "Feature", "properties": { "GEOIDFQ": "1400000US24045000200", "NAME": "2", "NAMELSAD": "Census Tract 2" }, "geometry": { "type": "Polygon", "coordinates": [ [ [ -75.6006, 38.3779 ], [ -75.5878, 38.3839 ], [ -75.5951, 38.3652 ], [ -75.6045, 38.3648 ], [ -75.6006, 38.3779 ] ] ] } },
{ "type": "Feature", "properties": { "GEOIDFQ": "1400000US24045010101", "NAME": "101.01", "NAMELSAD": "Census Tract 101.01" }, "geometry": { "type": "Polygon", "coordinates": [ [ [ -75.5947, 38.4093 ], [ -75.5677, 38.41 ], [ -75.5716, 38.3981 ], [ -75.5441, 38.3901 ], [ -75.5373, 38.3697 ], [ -75.5525, 38.3658 ], [ -75.5727, 38.3691 ], [ -75.5804, 38.3786 ], [ -75.5727, 38.3791 ], [ -75.5732, 38.3833 ], [ -75.5987, 38.3813 ], [ -75.5947, 38.4093 ] ] ] } },
{ "type": "Feature", "properties": { "GEOIDFQ": "1400000US24045000300", "NAME": "3", "NAMELSAD": "Census Tract 3" }, "geometry": { "type": "Polygon", "coordinates": [ [ [ -75.606, 38.3776 ], [ -75.6002, 38.3767 ], [ -75.6046, 38.3647 ], [ -75.6119, 38.3622 ], [ -75.6177, 38.3676 ], [ -75.606, 38.3776 ] ] ] } },
{ "type": "Feature", "properties": { "GEOIDFQ": "1400000US24031702402", "NAME": "7024.02", "NAMELSAD": "Census Tract 7024.02" }, "geometry": { "type": "Polygon", "coordinates": [ [ [ -77.0172, 38.998 ], [ -77.0089, 38.9949 ], [ -77.0228, 38.9848 ], [ -77.0244, 38.9954 ], [ -77.0172, 38.998 ] ] ] } },
{ "type": "Feature", "properties": { "GEOIDFQ": "1400000US24003740205", "NAME": "7402.05", "NAMELSAD": "Census Tract 7402.05" }, "geometry": { "type": "Polygon", "coordinates": [ [ [ -76.6449, 39.1592 ], [ -76.6424, 39.1597 ], [ -76.6423, 39.1519 ], [ -76.6316, 39.1444 ], [ -76.6412, 39.128 ], [ -76.6449, 39.1592 ] ] ] } },
{ "type": "Feature", "properties": { "GEOIDFQ": "1400000US24003730606", "NAME": "7306.06", "NAMELSAD": "Census Tract 7306.06" }, "geometry": { "type": "Polygon", "coordinates": [ [ [ -76.6018, 39.1031 ], [ -76.5938, 39.0952 ], [ -76.5766, 39.0913 ], [ -76.5707, 39.0955 ], [ -76.5723, 39.0785 ], [ -76.5922, 39.0836 ], [ -76.5912, 39.0744 ], [ -76.6028, 39.0779 ], [ -76.6018, 39.1031 ] ] ] } },
{ "type": "Feature", "properties": { "GEOIDFQ": "1400000US24003706303", "NAME": "7063.03", "NAMELSAD": "Census Tract 7063.03" }, "geometry": { "type": "Polygon", "coordinates": [ [ [ -76.4845, 38.9565 ], [ -76.477, 38.9659 ], [ -76.4868, 38.9471 ], [ -76.4938, 38.9528 ], [ -76.4845, 38.9565 ] ] ] } },
{ "type": "Feature", "properties": { "GEOIDFQ": "1400000US24003730205", "NAME": "7302.05", "NAMELSAD": "Census Tract 7302.05" }, "geometry": { "type": "Polygon", "coordinates": [ [ [ -76.5886, 39.1408 ], [ -76.5845, 39.1341 ], [ -76.5973, 39.136 ], [ -76.6026, 39.1409 ], [ -76.5886, 39.1408 ] ] ] } },
{ "type": "Feature", "properties": { "GEOIDFQ": "1400000US24003731313", "NAME": "7313.13", "NAMELSAD": "Census Tract 7313.13" }, "geometry": { "type": "Polygon", "coordinates": [ [ [ -76.5514, 39.146 ], [ -76.5486, 39.1289 ], [ -76.5632, 39.1313 ], [ -76.5675, 39.142 ], [ -76.5514, 39.146 ] ] ] } },
{ "type": "Feature", "properties": { "GEOIDFQ": "1400000US24003701301", "NAME": "7013.01", "NAMELSAD": "Census Tract 7013.01" }, "geometry": { "type": "Polygon", "coordinates": [ [ [ -76.6833, 38.9532 ], [ -76.6202, 38.9448 ], [ -76.6037, 38.9519 ], [ -76.5981, 38.9475 ], [ -76.5981, 38.9272 ], [ -76.5687, 38.925 ], [ -76.5968, 38.892 ], [ -76.6246, 38.9117 ], [ -76.6284, 38.9229 ], [ -76.6773, 38.9096 ], [ -76.6906, 38.9235 ], [ -76.6814, 38.9313 ], [ -76.6912, 38.9349 ], [ -76.6954, 38.9482 ], [ -76.6833, 38.9532 ] ] ] } },
{ "type": "Feature", "properties": { "GEOIDFQ": "1400000US24003730508", "NAME": "7305.08", "NAMELSAD": "Census Tract 7305.08" }, "geometry": { "type": "Polygon", "coordinates": [ [ [ -76.6111, 39.138 ], [ -76.6187, 39.1367 ], [ -76.6183, 39.1266 ], [ -76.6282, 39.139 ], [ -76.6111, 39.138 ] ] ] } },
{ "type": "Feature", "properties": { "GEOIDFQ": "1400000US24003730701", "NAME": "7307.01", "NAMELSAD": "Census Tract 7307.01" }, "geometry": { "type": "Polygon", "coordinates": [ [ [ -76.5487, 39.0809 ], [ -76.5279, 39.0578 ], [ -76.5453, 39.0405 ], [ -76.5567, 39.052 ], [ -76.5486, 39.0713 ], [ -76.5588, 39.0756 ], [ -76.5487, 39.0809 ] ] ] } },
{ "type": "Feature", "properties": { "GEOIDFQ": "1400000US24003730512", "NAME": "7305.12", "NAMELSAD": "Census Tract 7305.12" }, "geometry": { "type": "Polygon", "coordinates": [ [ [ -76.6258, 39.136 ], [ -76.621, 39.1289 ], [ -76.6315, 39.1226 ], [ -76.6345, 39.1356 ], [ -76.6258, 39.136 ] ] ] } },
{ "type": "Feature", "properties": { "GEOIDFQ": "1400000US24003730403", "NAME": "7304.03", "NAMELSAD": "Census Tract 7304.03" }, "geometry": { "type": "Polygon", "coordinates": [ [ [ -76.6203, 39.151 ], [ -76.6186, 39.1398 ], [ -76.6315, 39.1443 ], [ -76.632, 39.1502 ], [ -76.6203, 39.151 ] ] ] } },
{ "type": "Feature", "properties": { "GEOIDFQ": "1400000US24003730206", "NAME": "7302.06", "NAMELSAD": "Census Tract 7302.06" }, "geometry": { "type": "Polygon", "coordinates": [ [ [ -76.5929, 39.148 ], [ -76.599, 39.156 ], [ -76.5891, 39.1647 ], [ -76.5886, 39.1408 ], [ -76.5991, 39.1443 ], [ -76.5929, 39.148 ] ] ] } },
{ "type": "Feature", "properties": { "GEOIDFQ": "1400000US24003706404", "NAME": "7064.04", "NAMELSAD": "Census Tract 7064.04" }, "geometry": { "type": "Polygon", "coordinates": [ [ [ -76.4964, 38.9609 ], [ -76.4911, 38.9598 ], [ -76.4926, 38.9501 ], [ -76.5056, 38.9557 ], [ -76.4964, 38.9609 ] ] ] } },
{ "type": "Feature", "properties": { "GEOIDFQ": "1400000US24003701103", "NAME": "7011.03", "NAMELSAD": "Census Tract 7011.03" }, "geometry": { "type": "Polygon", "coordinates": [ [ [ -76.541, 38.9452 ], [ -76.5277, 38.9364 ], [ -76.5463, 38.9271 ], [ -76.5612, 38.9341 ], [ -76.541, 38.9452 ] ] ] } },
{ "type": "Feature", "properties": { "GEOIDFQ": "1400000US24003740704", "NAME": "7407.04", "NAMELSAD": "Census Tract 7407.04" }, "geometry": { "type": "Polygon", "coordinates": [ [ [ -76.7257, 39.0656 ], [ -76.7128, 39.0519 ], [ -76.7038, 39.0524 ], [ -76.698, 39.0459 ], [ -76.6915, 39.0491 ], [ -76.6748, 39.0389 ], [ -76.6957, 39.0193 ], [ -76.7015, 39.0236 ], [ -76.7082, 39.0187 ], [ -76.7006, 39.0131 ], [ -76.7065, 38.9903 ], [ -76.7404, 39.0129 ], [ -76.7512, 39.0348 ], [ -76.7257, 39.0656 ] ] ] } },
{ "type": "Feature", "properties": { "GEOIDFQ": "1400000US24003730404", "NAME": "7304.04", "NAMELSAD": "Census Tract 7304.04" }, "geometry": { "type": "Polygon", "coordinates": [ [ [ -76.6146, 39.1537 ], [ -76.5974, 39.1348 ], [ -76.6186, 39.1398 ], [ -76.6203, 39.151 ], [ -76.6146, 39.1537 ] ] ] } },
{ "type": "Feature", "properties": { "GEOIDFQ": "1400000US24003706103", "NAME": "7061.03", "NAMELSAD": "Census Tract 7061.03" }, "geometry": { "type": "Polygon", "coordinates": [ [ [ -76.4945, 38.9852 ], [ -76.481, 38.977 ], [ -76.4856, 38.973 ], [ -76.4945, 38.9852 ] ] ] } },
{ "type": "Feature", "properties": { "GEOIDFQ": "1400000US24003706102", "NAME": "7061.02", "NAMELSAD": "Census Tract 7061.02" }, "geometry": { "type": "Polygon", "coordinates": [ [ [ -76.4971, 38.983 ], [ -76.4856, 38.973 ], [ -76.4964, 38.9717 ], [ -76.4967, 38.9785 ], [ -76.504, 38.9793 ], [ -76.4971, 38.983 ] ] ] } },
{ "type": "Feature", "properties": { "GEOIDFQ": "1400000US24003730511", "NAME": "7305.11", "NAMELSAD": "Census Tract 7305.11" }, "geometry": { "type": "Polygon", "coordinates": [ [ [ -76.6329, 39.139 ], [ -76.6316, 39.1444 ], [ -76.6258, 39.136 ], [ -76.6329, 39.139 ] ] ] } },
{ "type": "Feature", "properties": { "GEOIDFQ": "1400000US24003701202", "NAME": "7012.02", "NAMELSAD": "Census Tract 7012.02" }, "geometry": { "type": "Polygon", "coordinates": [ [ [ -76.5277, 38.9364 ], [ -76.4974, 38.911 ], [ -76.5072, 38.9015 ], [ -76.5284, 38.8945 ], [ -76.5334, 38.9064 ], [ -76.5528, 38.9181 ], [ -76.5277, 38.9364 ] ] ] } },
{ "type": "Feature", "properties": { "GEOIDFQ": "1400000US24003730507", "NAME": "7305.07", "NAMELSAD": "Census Tract 7305.07" }, "geometry": { "type": "Polygon", "coordinates": [ [ [ -76.5974, 39.1348 ], [ -76.5898, 39.1216 ], [ -76.6171, 39.1256 ], [ -76.6187, 39.1367 ], [ -76.5974, 39.1348 ] ] ] } },
{ "type": "Feature", "properties": { "GEOIDFQ": "1400000US24003701104", "NAME": "7011.04", "NAMELSAD": "Census Tract 7011.04" }, "geometry": { "type": "Polygon", "coordinates": [ [ [ -76.5551, 38.9514 ], [ -76.541, 38.9452 ], [ -76.5611, 38.9341 ], [ -76.5463, 38.9271 ], [ -76.5516, 38.9187 ], [ -76.5685, 38.927 ], [ -76.5551, 38.9514 ] ] ] } },
{ "type": "Feature", "properties": { "GEOIDFQ": "1400000US24003730101", "NAME": "7301.01", "NAMELSAD": "Census Tract 7301.01" }, "geometry": { "type": "Polygon", "coordinates": [ [ [ -76.5628, 39.1643 ], [ -76.5565, 39.1595 ], [ -76.5506, 39.1639 ], [ -76.5264, 39.1614 ], [ -76.5584, 39.1438 ], [ -76.5675, 39.142 ], [ -76.5628, 39.1643 ] ] ] } },
{ "type": "Feature", "properties": { "GEOIDFQ": "1400000US24003731209", "NAME": "7312.09", "NAMELSAD": "Census Tract 7312.09" }, "geometry": { "type": "Polygon", "coordinates": [ [ [ -76.5438, 39.1282 ], [ -76.5498, 39.1149 ], [ -76.5745, 39.1094 ], [ -76.5995, 39.1373 ], [ -76.5438, 39.1282 ] ] ] } },
{ "type": "Feature", "properties": { "GEOIDFQ": "1400000US24003731312", "NAME": "7313.12", "NAMELSAD": "Census Tract 7313.12" }, "geometry": { "type": "Polygon", "coordinates": [ [ [ -76.5464, 39.1462 ], [ -76.5408, 39.1346 ], [ -76.5346, 39.1341 ], [ -76.5348, 39.126 ], [ -76.5486, 39.1289 ], [ -76.5523, 39.1464 ], [ -76.5464, 39.1462 ] ] ] } },
{ "type": "Feature", "properties": { "GEOIDFQ": "1400000US24003731210", "NAME": "7312.10", "NAMELSAD": "Census Tract 7312.10" }, "geometry": { "type": "Polygon", "coordinates": [ [ [ -76.5438, 39.1282 ], [ -76.5173, 39.1229 ], [ -76.5347, 39.1057 ], [ -76.5497, 39.1154 ], [ -76.5438, 39.1282 ] ] ] } },
{ "type": "Feature", "properties": { "GEOIDFQ": "1400000US24003740501", "NAME": "7405.01", "NAMELSAD": "Census Tract 7405.01" }, "geometry": { "type": "Polygon", "coordinates": [ [ [ -76.8161, 39.1214 ], [ -76.8117, 39.1208 ], [ -76.8243, 39.1089 ], [ -76.8159, 39.1028 ], [ -76.7918, 39.1075 ], [ -76.8024, 39.0966 ], [ -76.8225, 39.1008 ], [ -76.8372, 39.0967 ], [ -76.8404, 39.1031 ], [ -76.8161, 39.1214 ] ] ] } },
{ "type": "Feature", "properties": { "GEOIDFQ": "1400000US24003730102", "NAME": "7301.02", "NAMELSAD": "Census Tract 7301.02" }, "geometry": { "type": "Polygon", "coordinates": [ [ [ -76.5735, 39.1935 ], [ -76.5803, 39.2066 ], [ -76.5501, 39.1972 ], [ -76.5298, 39.2099 ], [ -76.5237, 39.1954 ], [ -76.5305, 39.1911 ], [ -76.5149, 39.17 ], [ -76.5264, 39.1614 ], [ -76.5506, 39.1639 ], [ -76.5565, 39.1595 ], [ -76.5628, 39.1643 ], [ -76.569, 39.1552 ], [ -76.5787, 39.1532 ], [ -76.5891, 39.1647 ], [ -76.5735, 39.1935 ] ] ] } },
{ "type": "Feature", "properties": { "GEOIDFQ": "1400000US24003731206", "NAME": "7312.06", "NAMELSAD": "Census Tract 7312.06" }, "geometry": { "type": "Polygon", "coordinates": [ [ [ -76.4952, 39.1082 ], [ -76.468, 39.1045 ], [ -76.4525, 39.0632 ], [ -76.4855, 39.0688 ], [ -76.5173, 39.0827 ], [ -76.4952, 39.1082 ] ] ] } },
{ "type": "Feature", "properties": { "GEOIDFQ": "1400000US24003731107", "NAME": "7311.07", "NAMELSAD": "Census Tract 7311.07" }, "geometry": { "type": "Polygon", "coordinates": [ [ [ -76.4855, 39.0688 ], [ -76.4405, 39.059 ], [ -76.4564, 39.0507 ], [ -76.4807, 39.0495 ], [ -76.4882, 39.038 ], [ -76.4953, 39.0413 ], [ -76.4855, 39.0688 ] ] ] } },
{ "type": "Feature", "properties": { "GEOIDFQ": "1400000US24003701201", "NAME": "7012.01", "NAMELSAD": "Census Tract 7012.01" }, "geometry": { "type": "Polygon", "coordinates": [ [ [ -76.4926, 38.9103 ], [ -76.4858, 38.8873 ], [ -76.5149, 38.8665 ], [ -76.5282, 38.8945 ], [ -76.4926, 38.9103 ] ] ] } },
{ "type": "Feature", "properties": { "GEOIDFQ": "1400000US24003740204", "NAME": "7402.04", "NAMELSAD": "Census Tract 7402.04" }, "geometry": { "type": "Polygon", "coordinates": [ [ [ -76.6449, 39.1592 ], [ -76.6427, 39.1257 ], [ -76.6592, 39.1333 ], [ -76.6504, 39.1417 ], [ -76.6606, 39.151 ], [ -76.6449, 39.1592 ] ] ] } },
{ "type": "Feature", "properties": { "GEOIDFQ": "1400000US24003730514", "NAME": "7305.14", "NAMELSAD": "Census Tract 7305.14" }, "geometry": { "type": "Polygon", "coordinates": [ [ [ -76.6345, 39.1356 ], [ -76.63, 39.1327 ], [ -76.639, 39.1257 ], [ -76.6345, 39.1356 ] ] ] } },
{ "type": "Feature", "properties": { "GEOIDFQ": "1400000US24003730510", "NAME": "7305.10", "NAMELSAD": "Census Tract 7305.10" }, "geometry": { "type": "Polygon", "coordinates": [ [ [ -76.621, 39.1289 ], [ -76.6105, 39.1228 ], [ -76.6169, 39.1179 ], [ -76.637, 39.1188 ], [ -76.621, 39.1289 ] ] ] } },
{ "type": "Feature", "properties": { "GEOIDFQ": "1400000US24003750204", "NAME": "7502.04", "NAMELSAD": "Census Tract 7502.04" }, "geometry": { "type": "Polygon", "coordinates": [ [ [ -76.6196, 39.2296 ], [ -76.6133, 39.2293 ], [ -76.6143, 39.2181 ], [ -76.5979, 39.2213 ], [ -76.5841, 39.2079 ], [ -76.6314, 39.203 ], [ -76.6196, 39.2296 ] ] ] } },
{ "type": "Feature", "properties": { "GEOIDFQ": "1400000US24003701302", "NAME": "7013.02", "NAMELSAD": "Census Tract 7013.02" }, "geometry": { "type": "Polygon", "coordinates": [ [ [ -76.6719, 38.8871 ], [ -76.6729, 38.9074 ], [ -76.6284, 38.9229 ], [ -76.6246, 38.9117 ], [ -76.5968, 38.892 ], [ -76.6199, 38.8653 ], [ -76.6073, 38.8549 ], [ -76.61, 38.8334 ], [ -76.6351, 38.8158 ], [ -76.662, 38.8205 ], [ -76.6869, 38.8373 ], [ -76.6882, 38.8455 ], [ -76.6975, 38.8448 ], [ -76.6719, 38.8871 ] ] ] } },
{ "type": "Feature", "properties": { "GEOIDFQ": "1400000US24003706304", "NAME": "7063.04", "NAMELSAD": "Census Tract 7063.04" }, "geometry": { "type": "Polygon", "coordinates": [ [ [ -76.4786, 38.9663 ], [ -76.4711, 38.97 ], [ -76.4689, 38.9575 ], [ -76.4602, 38.9508 ], [ -76.4647, 38.947 ], [ -76.4762, 38.9531 ], [ -76.4869, 38.9471 ], [ -76.4786, 38.9663 ] ] ] } },
{ "type": "Feature", "properties": { "GEOIDFQ": "1400000US24003731205", "NAME": "7312.05", "NAMELSAD": "Census Tract 7312.05" }, "geometry": { "type": "Polygon", "coordinates": [ [ [ -76.5173, 39.1229 ], [ -76.4952, 39.1082 ], [ -76.5178, 39.0822 ], [ -76.5345, 39.1063 ], [ -76.5173, 39.1229 ] ] ] } },
{ "type": "Feature", "properties": { "GEOIDFQ": "1400000US24003731208", "NAME": "7312.08", "NAMELSAD": "Census Tract 7312.08" }, "geometry": { "type": "Polygon", "coordinates": [ [ [ -76.5643, 39.1144 ], [ -76.5445, 39.1134 ], [ -76.5312, 39.0954 ], [ -76.5481, 39.0952 ], [ -76.552, 39.1033 ], [ -76.5654, 39.0993 ], [ -76.5745, 39.1094 ], [ -76.5643, 39.1144 ] ] ] } },
{ "type": "Feature", "properties": { "GEOIDFQ": "1400000US24003730702", "NAME": "7307.02", "NAMELSAD": "Census Tract 7307.02" }, "geometry": { "type": "Polygon", "coordinates": [ [ [ -76.5486, 39.0713 ], [ -76.5567, 39.052 ], [ -76.5693, 39.0658 ], [ -76.5912, 39.0744 ], [ -76.5938, 39.0813 ], [ -76.5486, 39.0713 ] ] ] } },
{ "type": "Feature", "properties": { "GEOIDFQ": "1400000US24003730605", "NAME": "7306.05", "NAMELSAD": "Census Tract 7306.05" }, "geometry": { "type": "Polygon", "coordinates": [ [ [ -76.5713, 39.096 ], [ -76.5654, 39.0993 ], [ -76.5487, 39.0809 ], [ -76.5588, 39.0756 ], [ -76.5723, 39.0785 ], [ -76.5713, 39.096 ] ] ] } },
{ "type": "Feature", "properties": { "GEOIDFQ": "1400000US24003731106", "NAME": "7311.06", "NAMELSAD": "Census Tract 7311.06" }, "geometry": { "type": "Polygon", "coordinates": [ [ [ -76.4807, 39.0495 ], [ -76.4564, 39.0507 ], [ -76.4673, 39.0362 ], [ -76.4881, 39.0384 ], [ -76.4807, 39.0495 ] ] ] } },
{ "type": "Feature", "properties": { "GEOIDFQ": "1400000US24031706012", "NAME": "7060.12", "NAMELSAD": "Census Tract 7060.12" }, "geometry": { "type": "Polygon", "coordinates": [ [ [ -77.1544, 39.0373 ], [ -77.1458, 39.0378 ], [ -77.1428, 39.0215 ], [ -77.1617, 39.0243 ], [ -77.1544, 39.0373 ] ] ] } },
{ "type": "Feature", "properties": { "GEOIDFQ": "1400000US24031703218", "NAME": "7032.18", "NAMELSAD": "Census Tract 7032.18" }, "geometry": { "type": "Polygon", "coordinates": [ [ [ -77.0759, 39.1094 ], [ -77.0701, 39.1125 ], [ -77.0701, 39.1042 ], [ -77.0766, 39.1038 ], [ -77.0759, 39.1094 ] ] ] } },
{ "type": "Feature", "properties": { "GEOIDFQ": "1400000US24031701508", "NAME": "7015.08", "NAMELSAD": "Census Tract 7015.08" }, "geometry": { "type": "Polygon", "coordinates": [ [ [ -76.9794, 39.0511 ], [ -76.968, 39.0413 ], [ -76.9799, 39.0398 ], [ -76.9869, 39.0465 ], [ -76.9794, 39.0511 ] ] ] } },
{ "type": "Feature", "properties": { "GEOIDFQ": "1400000US24031701423", "NAME": "7014.23", "NAMELSAD": "Census Tract 7014.23" }, "geometry": { "type": "Polygon", "coordinates": [ [ [ -76.9379, 39.0955 ], [ -76.9301, 39.0909 ], [ -76.9384, 39.0831 ], [ -76.9454, 39.0864 ], [ -76.9379, 39.0955 ] ] ] } },
{ "type": "Feature", "properties": { "GEOIDFQ": "1400000US24031703220", "NAME": "7032.20", "NAMELSAD": "Census Tract 7032.20" }, "geometry": { "type": "Polygon", "coordinates": [ [ [ -77.0564, 39.1035 ], [ -77.0601, 39.1123 ], [ -77.0449, 39.0906 ], [ -77.0652, 39.0932 ], [ -77.0564, 39.1035 ] ] ] } },
{ "type": "Feature", "properties": { "GEOIDFQ": "1400000US24031704806", "NAME": "7048.06", "NAMELSAD": "Census Tract 7048.06" }, "geometry": { "type": "Polygon", "coordinates": [ [ [ -77.0962, 38.994 ], [ -77.0936, 38.9884 ], [ -77.098, 38.987 ], [ -77.1034, 38.9906 ], [ -77.0962, 38.994 ] ] ] } },
{ "type": "Feature", "properties": { "GEOIDFQ": "1400000US24031704803", "NAME": "7048.03", "NAMELSAD": "Census Tract 7048.03" }, "geometry": { "type": "Polygon", "coordinates": [ [ [ -77.1008, 38.9808 ], [ -77.091, 38.9816 ], [ -77.0903, 38.9764 ], [ -77.104, 38.976 ], [ -77.1008, 38.9808 ] ] ] } },
{ "type": "Feature", "properties": { "GEOIDFQ": "1400000US24025303606", "NAME": "3036.06", "NAMELSAD": "Census Tract 3036.06" }, "geometry": { "type": "Polygon", "coordinates": [ [ [ -76.3024, 39.5375 ], [ -76.2865, 39.5245 ], [ -76.2964, 39.5158 ], [ -76.3044, 39.5212 ], [ -76.3124, 39.5171 ], [ -76.3177, 39.5281 ], [ -76.3024, 39.5375 ] ] ] } },
{ "type": "Feature", "properties": { "GEOIDFQ": "1400000US24025301107", "NAME": "3011.07", "NAMELSAD": "Census Tract 3011.07" }, "geometry": { "type": "Polygon", "coordinates": [ [ [ -76.3101, 39.4778 ], [ -76.2964, 39.4763 ], [ -76.2867, 39.4665 ], [ -76.3102, 39.457 ], [ -76.3101, 39.4778 ] ] ] } },
{ "type": "Feature", "properties": { "GEOIDFQ": "1400000US24025303801", "NAME": "3038.01", "NAMELSAD": "Census Tract 3038.01" }, "geometry": { "type": "Polygon", "coordinates": [ [ [ -76.3612, 39.5453 ], [ -76.3468, 39.534 ], [ -76.3571, 39.5237 ], [ -76.3688, 39.5262 ], [ -76.3693, 39.5438 ], [ -76.3612, 39.5453 ] ] ] } },
{ "type": "Feature", "properties": { "GEOIDFQ": "1400000US24025304102", "NAME": "3041.02", "NAMELSAD": "Census Tract 3041.02" }, "geometry": { "type": "Polygon", "coordinates": [ [ [ -76.4424, 39.7212 ], [ -76.4121, 39.6933 ], [ -76.4093, 39.6722 ], [ -76.4234, 39.6651 ], [ -76.4453, 39.6645 ], [ -76.4495, 39.6713 ], [ -76.4738, 39.6695 ], [ -76.4899, 39.6619 ], [ -76.4943, 39.6681 ], [ -76.5322, 39.656 ], [ -76.5535, 39.6439 ], [ -76.555, 39.6347 ], [ -76.5629, 39.6352 ], [ -76.5694, 39.7212 ], [ -76.4424, 39.7212 ] ] ] } },
{ "type": "Feature", "properties": { "GEOIDFQ": "1400000US24033803610", "NAME": "8036.10", "NAMELSAD": "Census Tract 8036.10" }, "geometry": { "type": "Polygon", "coordinates": [ [ [ -76.8741, 38.9661 ], [ -76.8692, 38.9579 ], [ -76.8726, 38.956 ], [ -76.8967, 38.9647 ], [ -76.8741, 38.9661 ] ] ] } },
{ "type": "Feature", "properties": { "GEOIDFQ": "1400000US24033803612", "NAME": "8036.12", "NAMELSAD": "Census Tract 8036.12" }, "geometry": { "type": "Polygon", "coordinates": [ [ [ -76.8848, 38.9522 ], [ -76.866, 38.9597 ], [ -76.88, 38.9415 ], [ -76.8882, 38.9482 ], [ -76.8848, 38.9522 ] ] ] } },
{ "type": "Feature", "properties": { "GEOIDFQ": "1400000US24033803613", "NAME": "8036.13", "NAMELSAD": "Census Tract 8036.13" }, "geometry": { "type": "Polygon", "coordinates": [ [ [ -76.8907, 38.9641 ], [ -76.8726, 38.956 ], [ -76.8855, 38.9517 ], [ -76.9005, 38.9632 ], [ -76.8907, 38.9641 ] ] ] } },
{ "type": "Feature", "properties": { "GEOIDFQ": "1400000US24003706402", "NAME": "7064.02", "NAMELSAD": "Census Tract 7064.02" }, "geometry": { "type": "Polygon", "coordinates": [ [ [ -76.5019, 38.9696 ], [ -76.4894, 38.9727 ], [ -76.4911, 38.9598 ], [ -76.5019, 38.9696 ] ] ] } },
{ "type": "Feature", "properties": { "GEOIDFQ": "1400000US24003730204", "NAME": "7302.04", "NAMELSAD": "Census Tract 7302.04" }, "geometry": { "type": "Polygon", "coordinates": [ [ [ -76.5848, 39.159 ], [ -76.5787, 39.1532 ], [ -76.569, 39.1552 ], [ -76.5632, 39.1313 ], [ -76.5845, 39.1341 ], [ -76.5921, 39.1516 ], [ -76.5848, 39.159 ] ] ] } },
{ "type": "Feature", "properties": { "GEOIDFQ": "1400000US24003730300", "NAME": "7303", "NAMELSAD": "Census Tract 7303" }, "geometry": { "type": "Polygon", "coordinates": [ [ [ -76.6018, 39.1572 ], [ -76.5929, 39.148 ], [ -76.6028, 39.1408 ], [ -76.617, 39.1567 ], [ -76.6018, 39.1572 ] ] ] } },
{ "type": "Feature", "properties": { "GEOIDFQ": "1400000US24033803801", "NAME": "8038.01", "NAMELSAD": "Census Tract 8038.01" }, "geometry": { "type": "Polygon", "coordinates": [ [ [ -76.9094, 38.9531 ], [ -76.892, 38.947 ], [ -76.9075, 38.9393 ], [ -76.9144, 38.9392 ], [ -76.9094, 38.9531 ] ] ] } },
{ "type": "Feature", "properties": { "GEOIDFQ": "1400000US24033803803", "NAME": "8038.03", "NAMELSAD": "Census Tract 8038.03" }, "geometry": { "type": "Polygon", "coordinates": [ [ [ -76.9005, 38.9632 ], [ -76.8855, 38.9517 ], [ -76.892, 38.947 ], [ -76.9092, 38.9534 ], [ -76.9005, 38.9632 ] ] ] } },
{ "type": "Feature", "properties": { "GEOIDFQ": "1400000US24005400100", "NAME": "4001", "NAMELSAD": "Census Tract 4001" }, "geometry": { "type": "Polygon", "coordinates": [ [ [ -76.6989, 39.2727 ], [ -76.6886, 39.2682 ], [ -76.7098, 39.2623 ], [ -76.7213, 39.2705 ], [ -76.6989, 39.2727 ] ] ] } },
{ "type": "Feature", "properties": { "GEOIDFQ": "1400000US24027606607", "NAME": "6066.07", "NAMELSAD": "Census Tract 6066.07" }, "geometry": { "type": "Polygon", "coordinates": [ [ [ -76.8265, 39.2281 ], [ -76.8069, 39.2181 ], [ -76.8159, 39.2096 ], [ -76.8284, 39.222 ], [ -76.8265, 39.2281 ] ] ] } },
{ "type": "Feature", "properties": { "GEOIDFQ": "1400000US24023000300", "NAME": "3", "NAMELSAD": "Census Tract 3" }, "geometry": { "type": "Polygon", "coordinates": [ [ [ -79.1846, 39.5935 ], [ -79.1253, 39.6344 ], [ -79.1253, 39.6571 ], [ -79.1132, 39.6689 ], [ -79.0874, 39.7225 ], [ -78.9284, 39.7228 ], [ -79.068, 39.4791 ], [ -79.0744, 39.4865 ], [ -79.0972, 39.4911 ], [ -79.106, 39.5011 ], [ -79.1299, 39.5034 ], [ -79.1411, 39.5223 ], [ -79.151, 39.5253 ], [ -79.1525, 39.5341 ], [ -79.173, 39.5495 ], [ -79.2034, 39.5577 ], [ -79.2347, 39.5419 ], [ -79.1846, 39.5935 ] ] ] } },
{ "type": "Feature", "properties": { "GEOIDFQ": "1400000US24023000100", "NAME": "1", "NAMELSAD": "Census Tract 1" }, "geometry": { "type": "Polygon", "coordinates": [ [ [ -79.4767, 39.7211 ], [ -79.3003, 39.722 ], [ -79.2479, 39.6946 ], [ -79.2571, 39.6819 ], [ -79.2854, 39.6799 ], [ -79.2947, 39.6665 ], [ -79.3003, 39.6518 ], [ -79.2885, 39.65 ], [ -79.2751, 39.6348 ], [ -79.3062, 39.5802 ], [ -79.3239, 39.5846 ], [ -79.338, 39.5963 ], [ -79.3547, 39.5916 ], [ -79.3703, 39.5754 ], [ -79.3625, 39.5614 ], [ -79.3902, 39.5681 ], [ -79.3928, 39.5753 ], [ -79.4441, 39.5651 ], [ -79.4525, 39.5544 ], [ -79.4632, 39.5515 ], [ -79.4787, 39.5563 ], [ -79.4767, 39.7211 ] ] ] } },
{ "type": "Feature", "properties": { "GEOIDFQ": "1400000US24023000200", "NAME": "2", "NAMELSAD": "Census Tract 2" }, "geometry": { "type": "Polygon", "coordinates": [ [ [ -79.2751, 39.6348 ], [ -79.2885, 39.65 ], [ -79.3003, 39.6518 ], [ -79.2947, 39.6665 ], [ -79.2854, 39.6799 ], [ -79.2571, 39.6819 ], [ -79.2479, 39.6946 ], [ -79.3003, 39.722 ], [ -79.0874, 39.7225 ], [ -79.1132, 39.6689 ], [ -79.1253, 39.6571 ], [ -79.1253, 39.6344 ], [ -79.1846, 39.5935 ], [ -79.2258, 39.5505 ], [ -79.2212, 39.5607 ], [ -79.232, 39.5769 ], [ -79.232, 39.5895 ], [ -79.2555, 39.5883 ], [ -79.2734, 39.5785 ], [ -79.3024, 39.5913 ], [ -79.2751, 39.6348 ] ] ] } },
{ "type": "Feature", "properties": { "GEOIDFQ": "1400000US24023000700", "NAME": "7", "NAMELSAD": "Census Tract 7" }, "geometry": { "type": "Polygon", "coordinates": [ [ [ -79.4855, 39.2777 ], [ -79.4511, 39.3118 ], [ -79.4577, 39.3303 ], [ -79.4205, 39.3624 ], [ -79.3912, 39.4032 ], [ -79.3965, 39.4131 ], [ -79.371, 39.4201 ], [ -79.3569, 39.4319 ], [ -79.3356, 39.4222 ], [ -79.3274, 39.404 ], [ -79.3107, 39.4122 ], [ -79.2995, 39.4074 ], [ -79.3038, 39.3855 ], [ -79.2957, 39.3811 ], [ -79.2949, 39.362 ], [ -79.3226, 39.3432 ], [ -79.31, 39.3379 ], [ -79.3116, 39.3048 ], [ -79.3463, 39.2938 ], [ -79.3438, 39.2866 ], [ -79.3542, 39.2779 ], [ -79.3873, 39.2678 ], [ -79.4122, 39.2402 ], [ -79.4252, 39.2345 ], [ -79.4257, 39.2253 ], [ -79.473, 39.2021 ], [ -79.4869, 39.2059 ], [ -79.4855, 39.2777 ] ] ] } },
{ "type": "Feature", "properties": { "GEOIDFQ": "1400000US24023000400", "NAME": "4", "NAMELSAD": "Census Tract 4" }, "geometry": { "type": "Polygon", "coordinates": [ [ [ -79.3169, 39.4411 ], [ -79.2904, 39.435 ], [ -79.2712, 39.4482 ], [ -79.2362, 39.4599 ], [ -79.2482, 39.4925 ], [ -79.23, 39.5068 ], [ -79.2423, 39.5295 ], [ -79.2034, 39.5577 ], [ -79.1729, 39.5494 ], [ -79.1525, 39.5341 ], [ -79.151, 39.5253 ], [ -79.1411, 39.5223 ], [ -79.1299, 39.5034 ], [ -79.106, 39.5011 ], [ -79.0972, 39.4911 ], [ -79.0679, 39.4806 ], [ -79.0691, 39.4741 ], [ -79.0821, 39.4716 ], [ -79.1047, 39.4749 ], [ -79.0945, 39.4648 ], [ -79.1079, 39.4612 ], [ -79.1028, 39.4505 ], [ -79.1169, 39.4389 ], [ -79.1108, 39.4319 ], [ -79.129, 39.4295 ], [ -79.1274, 39.4182 ], [ -79.1418, 39.4171 ], [ -79.1438, 39.4052 ], [ -79.15, 39.4061 ], [ -79.1512, 39.417 ], [ -79.1595, 39.417 ], [ -79.1667, 39.4009 ], [ -79.1623, 39.3881 ], [ -79.1792, 39.3965 ], [ -79.177, 39.389 ], [ -79.1856, 39.3852 ], [ -79.1977, 39.3884 ], [ -79.2143, 39.3635 ], [ -79.231, 39.3649 ], [ -79.235, 39.3587 ], [ -79.2565, 39.3571 ], [ -79.2538, 39.3371 ], [ -79.2687, 39.3362 ], [ -79.2704, 39.3289 ], [ -79.2821, 39.3233 ], [ -79.2909, 39.2992 ], [ -79.3121, 39.3036 ], [ -79.31, 39.3379 ], [ -79.3226, 39.3432 ], [ -79.2949, 39.362 ], [ -79.2957, 39.3811 ], [ -79.3038, 39.3855 ], [ -79.2994, 39.4073 ], [ -79.3107, 39.4122 ], [ -79.3274, 39.404 ], [ -79.3356, 39.4222 ], [ -79.355, 39.4311 ], [ -79.3169, 39.4411 ] ] ] } },
{ "type": "Feature", "properties": { "GEOIDFQ": "1400000US24510030200", "NAME": "302", "NAMELSAD": "Census Tract 302" }, "geometry": { "type": "Polygon", "coordinates": [ [ [ -76.5997, 39.2925 ], [ -76.6026, 39.2795 ], [ -76.6037, 39.2809 ], [ -76.6064, 39.2907 ], [ -76.5997, 39.2925 ] ] ] } },
{ "type": "Feature", "properties": { "GEOIDFQ": "1400000US24510040100", "NAME": "401", "NAMELSAD": "Census Tract 401" }, "geometry": { "type": "Polygon", "coordinates": [ [ [ -76.611, 39.2945 ], [ -76.6051, 39.2869 ], [ -76.6221, 39.2863 ], [ -76.6226, 39.2948 ], [ -76.611, 39.2945 ] ] ] } },
{ "type": "Feature", "properties": { "GEOIDFQ": "1400000US24510040200", "NAME": "402", "NAMELSAD": "Census Tract 402" }, "geometry": { "type": "Polygon", "coordinates": [ [ [ -76.6277, 39.2946 ], [ -76.6226, 39.2948 ], [ -76.6221, 39.2863 ], [ -76.6277, 39.2946 ] ] ] } },
{ "type": "Feature", "properties": { "GEOIDFQ": "1400000US24510060400", "NAME": "604", "NAMELSAD": "Census Tract 604" }, "geometry": { "type": "Polygon", "coordinates": [ [ [ -76.5879, 39.2986 ], [ -76.5874, 39.2918 ], [ -76.5939, 39.2915 ], [ -76.5944, 39.2984 ], [ -76.5879, 39.2986 ] ] ] } },
{ "type": "Feature", "properties": { "GEOIDFQ": "1400000US24510070100", "NAME": "701", "NAMELSAD": "Census Tract 701" }, "geometry": { "type": "Polygon", "coordinates": [ [ [ -76.5728, 39.3027 ], [ -76.5726, 39.2971 ], [ -76.578, 39.2969 ], [ -76.5728, 39.3027 ] ] ] } },
{ "type": "Feature", "properties": { "GEOIDFQ": "1400000US24510070200", "NAME": "702", "NAMELSAD": "Census Tract 702" }, "geometry": { "type": "Polygon", "coordinates": [ [ [ -76.5783, 39.3025 ], [ -76.578, 39.2969 ], [ -76.5836, 39.2967 ], [ -76.5854, 39.3023 ], [ -76.5783, 39.3025 ] ] ] } },
{ "type": "Feature", "properties": { "GEOIDFQ": "1400000US24510070300", "NAME": "703", "NAMELSAD": "Census Tract 703" }, "geometry": { "type": "Polygon", "coordinates": [ [ [ -76.5839, 39.3018 ], [ -76.5836, 39.2967 ], [ -76.5877, 39.2965 ], [ -76.5881, 39.3032 ], [ -76.5839, 39.3018 ] ] ] } },
{ "type": "Feature", "properties": { "GEOIDFQ": "1400000US24510070400", "NAME": "704", "NAMELSAD": "Census Tract 704" }, "geometry": { "type": "Polygon", "coordinates": [ [ [ -76.5881, 39.3021 ], [ -76.5879, 39.2986 ], [ -76.5976, 39.2983 ], [ -76.5881, 39.3021 ] ] ] } },
{ "type": "Feature", "properties": { "GEOIDFQ": "1400000US24025303802", "NAME": "3038.02", "NAMELSAD": "Census Tract 3038.02" }, "geometry": { "type": "Polygon", "coordinates": [ [ [ -76.3649, 39.5581 ], [ -76.3497, 39.548 ], [ -76.3693, 39.5438 ], [ -76.3649, 39.5581 ] ] ] } },
{ "type": "Feature", "properties": { "GEOIDFQ": "1400000US24017850102", "NAME": "8501.02", "NAMELSAD": "Census Tract 8501.02" }, "geometry": { "type": "Polygon", "coordinates": [ [ [ -77.1315, 38.6181 ], [ -77.1144, 38.6335 ], [ -77.0997, 38.6345 ], [ -77.0853, 38.6223 ], [ -77.0557, 38.6355 ], [ -77.0495, 38.6069 ], [ -77.0754, 38.5797 ], [ -77.0685, 38.5687 ], [ -77.0395, 38.5495 ], [ -77.0751, 38.5459 ], [ -77.0862, 38.5503 ], [ -77.1316, 38.6028 ], [ -77.1315, 38.6181 ] ] ] } },
{ "type": "Feature", "properties": { "GEOIDFQ": "1400000US24047950400", "NAME": "9504", "NAMELSAD": "Census Tract 9504" }, "geometry": { "type": "Polygon", "coordinates": [ [ [ -75.1469, 38.3537 ], [ -75.1066, 38.3823 ], [ -75.0939, 38.3546 ], [ -75.0942, 38.3333 ], [ -75.1558, 38.3413 ], [ -75.1469, 38.3537 ] ] ] } },
{ "type": "Feature", "properties": { "GEOIDFQ": "1400000US24037990000", "NAME": "9900", "NAMELSAD": "Census Tract 9900" }, "geometry": { "type": "Polygon", "coordinates": [ [ [ -76.8319, 38.2444 ], [ -76.8128, 38.2471 ], [ -76.7833, 38.2241 ], [ -76.754, 38.2188 ], [ -76.7445, 38.202 ], [ -76.7285, 38.2306 ], [ -76.6731, 38.229 ], [ -76.6486, 38.2202 ], [ -76.6238, 38.219 ], [ -76.5966, 38.2103 ], [ -76.5595, 38.1846 ], [ -76.5319, 38.1311 ], [ -76.5157, 38.1365 ], [ -76.503, 38.1333 ], [ -76.4716, 38.0979 ], [ -76.4456, 38.1124 ], [ -76.4303, 38.1107 ], [ -76.4215, 38.1017 ], [ -76.3959, 38.0987 ], [ -76.396, 38.0906 ], [ -76.3814, 38.0812 ], [ -76.3675, 38.0535 ], [ -76.3567, 38.0464 ], [ -76.3374, 38.0463 ], [ -76.3256, 38.0287 ], [ -76.3169, 38.0287 ], [ -76.3089, 38.0395 ], [ -76.3256, 38.1207 ], [ -76.3126, 38.1409 ], [ -76.381, 38.2328 ], [ -76.3883, 38.2713 ], [ -76.3645, 38.2994 ], [ -76.4028, 38.3189 ], [ -76.3788, 38.3274 ], [ -76.3219, 38.3273 ], [ -76.3141, 38.2968 ], [ -76.2015, 38.0773 ], [ -76.2361, 37.8885 ], [ -76.2658, 37.911 ], [ -76.3386, 37.9453 ], [ -76.4129, 37.9663 ], [ -76.465, 38.0132 ], [ -76.5166, 38.0268 ], [ -76.5162, 38.0449 ], [ -76.5342, 38.0635 ], [ -76.5365, 38.0749 ], [ -76.5962, 38.1067 ], [ -76.6104, 38.1485 ], [ -76.6054, 38.1489 ], [ -76.764, 38.1678 ], [ -76.8383, 38.1635 ], [ -76.8689, 38.1714 ], [ -76.8319, 38.2444 ] ] ] } },
{ "type": "Feature", "properties": { "GEOIDFQ": "1400000US24005400200", "NAME": "4002", "NAMELSAD": "Census Tract 4002" }, "geometry": { "type": "Polygon", "coordinates": [ [ [ -76.7111, 39.2779 ], [ -76.6989, 39.2727 ], [ -76.7214, 39.2705 ], [ -76.7244, 39.2736 ], [ -76.7111, 39.2779 ] ] ] } },
{ "type": "Feature", "properties": { "GEOIDFQ": "1400000US24017850713", "NAME": "8507.13", "NAMELSAD": "Census Tract 8507.13" }, "geometry": { "type": "Polygon", "coordinates": [ [ [ -77.0105, 38.6155 ], [ -77.0149, 38.6409 ], [ -76.9986, 38.6547 ], [ -76.9847, 38.6576 ], [ -76.9589, 38.6399 ], [ -76.981, 38.5922 ], [ -77.0172, 38.5873 ], [ -77.0105, 38.6155 ] ] ] } },
{ "type": "Feature", "properties": { "GEOIDFQ": "1400000US24017850712", "NAME": "8507.12", "NAMELSAD": "Census Tract 8507.12" }, "geometry": { "type": "Polygon", "coordinates": [ [ [ -77.052, 38.5997 ], [ -77.0384, 38.6299 ], [ -77.0273, 38.6347 ], [ -77.0187, 38.6485 ], [ -76.9986, 38.6547 ], [ -77.015, 38.6407 ], [ -77.0145, 38.5936 ], [ -77.0304, 38.5795 ], [ -77.0394, 38.5506 ], [ -77.0685, 38.5687 ], [ -77.0754, 38.5797 ], [ -77.052, 38.5997 ] ] ] } },
{ "type": "Feature", "properties": { "GEOIDFQ": "1400000US24017850708", "NAME": "8507.08", "NAMELSAD": "Census Tract 8507.08" }, "geometry": { "type": "Polygon", "coordinates": [ [ [ -76.9135, 38.6529 ], [ -76.9176, 38.6298 ], [ -76.939, 38.6477 ], [ -76.9634, 38.6508 ], [ -76.9674, 38.661 ], [ -76.9135, 38.6529 ] ] ] } },
{ "type": "Feature", "properties": { "GEOIDFQ": "1400000US24017850709", "NAME": "8507.09", "NAMELSAD": "Census Tract 8507.09" }, "geometry": { "type": "Polygon", "coordinates": [ [ [ -76.9135, 38.6529 ], [ -76.8745, 38.6583 ], [ -76.9108, 38.6264 ], [ -76.9175, 38.6299 ], [ -76.9135, 38.6529 ] ] ] } },
{ "type": "Feature", "properties": { "GEOIDFQ": "1400000US24017851301", "NAME": "8513.01", "NAMELSAD": "Census Tract 8513.01" }, "geometry": { "type": "Polygon", "coordinates": [ [ [ -76.9358, 38.475 ], [ -76.9256, 38.4907 ], [ -76.8824, 38.4798 ], [ -76.8467, 38.4843 ], [ -76.8126, 38.502 ], [ -76.7799, 38.5003 ], [ -76.8227, 38.4284 ], [ -76.8503, 38.3983 ], [ -76.8715, 38.3899 ], [ -76.8747, 38.3816 ], [ -76.9249, 38.3865 ], [ -76.9274, 38.4042 ], [ -76.9434, 38.427 ], [ -76.9358, 38.475 ] ] ] } },
{ "type": "Feature", "properties": { "GEOIDFQ": "1400000US24017990000", "NAME": "9900", "NAMELSAD": "Census Tract 9900" }, "geometry": { "type": "Polygon", "coordinates": [ [ [ -77.3106, 38.494 ], [ -77.2853, 38.5197 ], [ -77.274, 38.5502 ], [ -77.2565, 38.5606 ], [ -77.2464, 38.5934 ], [ -77.2037, 38.6182 ], [ -77.1297, 38.6347 ], [ -77.1364, 38.6475 ], [ -77.1324, 38.6741 ], [ -77.0864, 38.7062 ], [ -77.0785, 38.6938 ], [ -77.1015, 38.6889 ], [ -77.1202, 38.6691 ], [ -77.1167, 38.6277 ], [ -77.1481, 38.6096 ], [ -77.1846, 38.6042 ], [ -77.2221, 38.5624 ], [ -77.2318, 38.5624 ], [ -77.2407, 38.5543 ], [ -77.2636, 38.5249 ], [ -77.2808, 38.4834 ], [ -77.2636, 38.4324 ], [ -77.2711, 38.4147 ], [ -77.2597, 38.384 ], [ -77.2427, 38.3702 ], [ -77.204, 38.3565 ], [ -77.141, 38.3826 ], [ -77.1223, 38.402 ], [ -77.0933, 38.402 ], [ -77.0423, 38.4383 ], [ -77.0206, 38.4402 ], [ -76.995, 38.3954 ], [ -76.9823, 38.338 ], [ -76.9683, 38.337 ], [ -76.9357, 38.3212 ], [ -76.9285, 38.3115 ], [ -76.9269, 38.2872 ], [ -76.8731, 38.2702 ], [ -76.8316, 38.2451 ], [ -76.8689, 38.1713 ], [ -76.916, 38.1997 ], [ -76.949, 38.2084 ], [ -76.9623, 38.2299 ], [ -76.9569, 38.2375 ], [ -76.9621, 38.257 ], [ -76.9813, 38.2745 ], [ -77.0009, 38.28 ], [ -77.0281, 38.3053 ], [ -77.0307, 38.3116 ], [ -77.0145, 38.3326 ], [ -77.0115, 38.3744 ], [ -77.0415, 38.4007 ], [ -77.0534, 38.3988 ], [ -77.0867, 38.3679 ], [ -77.1377, 38.368 ], [ -77.1632, 38.3458 ], [ -77.2401, 38.3316 ], [ -77.2653, 38.3332 ], [ -77.2838, 38.3429 ], [ -77.2882, 38.3594 ], [ -77.3049, 38.3753 ], [ -77.323, 38.4335 ], [ -77.3106, 38.494 ] ] ] } },
{ "type": "Feature", "properties": { "GEOIDFQ": "1400000US24037875202", "NAME": "8752.02", "NAMELSAD": "Census Tract 8752.02" }, "geometry": { "type": "Polygon", "coordinates": [ [ [ -76.8713, 38.3901 ], [ -76.8503, 38.3983 ], [ -76.8202, 38.4351 ], [ -76.8036, 38.4356 ], [ -76.7781, 38.4109 ], [ -76.7659, 38.4106 ], [ -76.7848, 38.37 ], [ -76.7663, 38.3243 ], [ -76.832, 38.295 ], [ -76.854, 38.3368 ], [ -76.8479, 38.3622 ], [ -76.8744, 38.3822 ], [ -76.8713, 38.3901 ] ] ] } },
{ "type": "Feature", "properties": { "GEOIDFQ": "1400000US24021751301", "NAME": "7513.01", "NAMELSAD": "Census Tract 7513.01" }, "geometry": { "type": "Polygon", "coordinates": [ [ [ -77.4908, 39.5422 ], [ -77.4799, 39.5439 ], [ -77.471, 39.5286 ], [ -77.4513, 39.5199 ], [ -77.4365, 39.4929 ], [ -77.4238, 39.4897 ], [ -77.4162, 39.4949 ], [ -77.4071, 39.4854 ], [ -77.3904, 39.4918 ], [ -77.3938, 39.4632 ], [ -77.4125, 39.4714 ], [ -77.4193, 39.4672 ], [ -77.438, 39.4695 ], [ -77.461, 39.4594 ], [ -77.4762, 39.4688 ], [ -77.4957, 39.4669 ], [ -77.5012, 39.5485 ], [ -77.4908, 39.5422 ] ] ] } },
{ "type": "Feature", "properties": { "GEOIDFQ": "1400000US24003702100", "NAME": "7021", "NAMELSAD": "Census Tract 7021" }, "geometry": { "type": "Polygon", "coordinates": [ [ [ -76.6263, 39.0809 ], [ -76.6147, 39.0765 ], [ -76.6092, 39.0817 ], [ -76.5693, 39.0658 ], [ -76.5453, 39.0405 ], [ -76.5692, 39.0352 ], [ -76.5718, 39.0153 ], [ -76.5782, 39.0159 ], [ -76.6031, 39.0278 ], [ -76.604, 39.0391 ], [ -76.6286, 39.0604 ], [ -76.6263, 39.0809 ] ] ] } },
{ "type": "Feature", "properties": { "GEOIDFQ": "1400000US24021752502", "NAME": "7525.02", "NAMELSAD": "Census Tract 7525.02" }, "geometry": { "type": "Polygon", "coordinates": [ [ [ -77.5025, 39.3666 ], [ -77.5157, 39.3083 ], [ -77.5465, 39.2722 ], [ -77.5616, 39.288 ], [ -77.5665, 39.3213 ], [ -77.5792, 39.3233 ], [ -77.6007, 39.3535 ], [ -77.5025, 39.3666 ] ] ] } },
{ "type": "Feature", "properties": { "GEOIDFQ": "1400000US24021751003", "NAME": "7510.03", "NAMELSAD": "Census Tract 7510.03" }, "geometry": { "type": "Polygon", "coordinates": [ [ [ -77.4372, 39.3983 ], [ -77.3904, 39.4045 ], [ -77.3673, 39.3984 ], [ -77.3941, 39.3794 ], [ -77.3884, 39.3698 ], [ -77.4099, 39.3625 ], [ -77.4168, 39.3633 ], [ -77.4147, 39.3713 ], [ -77.4225, 39.3751 ], [ -77.4229, 39.3901 ], [ -77.4392, 39.3919 ], [ -77.4372, 39.3983 ] ] ] } },
{ "type": "Feature", "properties": { "GEOIDFQ": "1400000US24021751201", "NAME": "7512.01", "NAMELSAD": "Census Tract 7512.01" }, "geometry": { "type": "Polygon", "coordinates": [ [ [ -77.4124, 39.4713 ], [ -77.4151, 39.4357 ], [ -77.4322, 39.4285 ], [ -77.4349, 39.4517 ], [ -77.4491, 39.4655 ], [ -77.4124, 39.4713 ] ] ] } },
{ "type": "Feature", "properties": { "GEOIDFQ": "1400000US24021750506", "NAME": "7505.06", "NAMELSAD": "Census Tract 7505.06" }, "geometry": { "type": "Polygon", "coordinates": [ [ [ -77.4535, 39.4185 ], [ -77.4537, 39.4093 ], [ -77.438, 39.4021 ], [ -77.4661, 39.4054 ], [ -77.4879, 39.4253 ], [ -77.4535, 39.4185 ] ] ] } },
{ "type": "Feature", "properties": { "GEOIDFQ": "1400000US24021751203", "NAME": "7512.03", "NAMELSAD": "Census Tract 7512.03" }, "geometry": { "type": "Polygon", "coordinates": [ [ [ -77.4896, 39.4593 ], [ -77.4957, 39.4669 ], [ -77.4762, 39.4688 ], [ -77.4346, 39.4324 ], [ -77.4538, 39.4294 ], [ -77.4639, 39.4334 ], [ -77.4879, 39.4253 ], [ -77.4899, 39.4381 ], [ -77.5049, 39.4541 ], [ -77.4896, 39.4593 ] ] ] } },
{ "type": "Feature", "properties": { "GEOIDFQ": "1400000US24021751004", "NAME": "7510.04", "NAMELSAD": "Census Tract 7510.04" }, "geometry": { "type": "Polygon", "coordinates": [ [ [ -77.4863, 39.3899 ], [ -77.4925, 39.4019 ], [ -77.4783, 39.4123 ], [ -77.4371, 39.3987 ], [ -77.4469, 39.3722 ], [ -77.4535, 39.3829 ], [ -77.4852, 39.373 ], [ -77.4843, 39.3806 ], [ -77.4916, 39.3766 ], [ -77.5057, 39.3808 ], [ -77.4863, 39.3899 ] ] ] } },
{ "type": "Feature", "properties": { "GEOIDFQ": "1400000US24021752603", "NAME": "7526.03", "NAMELSAD": "Census Tract 7526.03" }, "geometry": { "type": "Polygon", "coordinates": [ [ [ -77.5268, 39.4376 ], [ -77.519, 39.4347 ], [ -77.5092, 39.4584 ], [ -77.4901, 39.4385 ], [ -77.4851, 39.4217 ], [ -77.5034, 39.4242 ], [ -77.5136, 39.4147 ], [ -77.5341, 39.4322 ], [ -77.5268, 39.4376 ] ] ] } },
{ "type": "Feature", "properties": { "GEOIDFQ": "1400000US24021752501", "NAME": "7525.01", "NAMELSAD": "Census Tract 7525.01" }, "geometry": { "type": "Polygon", "coordinates": [ [ [ -77.6296, 39.394 ], [ -77.6401, 39.4058 ], [ -77.6377, 39.4364 ], [ -77.6162, 39.4707 ], [ -77.5951, 39.4522 ], [ -77.6036, 39.4295 ], [ -77.5811, 39.4207 ], [ -77.5814, 39.4126 ], [ -77.5435, 39.4106 ], [ -77.54, 39.398 ], [ -77.5234, 39.3967 ], [ -77.5198, 39.3802 ], [ -77.4829, 39.3791 ], [ -77.4852, 39.373 ], [ -77.5103, 39.3633 ], [ -77.6156, 39.3516 ], [ -77.6105, 39.3635 ], [ -77.6391, 39.3683 ], [ -77.6414, 39.383 ], [ -77.6296, 39.394 ] ] ] } },
{ "type": "Feature", "properties": { "GEOIDFQ": "1400000US24021752201", "NAME": "7522.01", "NAMELSAD": "Census Tract 7522.01" }, "geometry": { "type": "Polygon", "coordinates": [ [ [ -77.447, 39.2287 ], [ -77.4482, 39.2403 ], [ -77.4272, 39.2531 ], [ -77.4456, 39.2673 ], [ -77.4439, 39.2781 ], [ -77.429, 39.3109 ], [ -77.4106, 39.3153 ], [ -77.4218, 39.3333 ], [ -77.4078, 39.35 ], [ -77.4112, 39.3613 ], [ -77.3996, 39.3642 ], [ -77.3836, 39.3402 ], [ -77.3547, 39.322 ], [ -77.325, 39.2812 ], [ -77.4547, 39.2218 ], [ -77.447, 39.2287 ] ] ] } },
{ "type": "Feature", "properties": { "GEOIDFQ": "1400000US24021752602", "NAME": "7526.02", "NAMELSAD": "Census Tract 7526.02" }, "geometry": { "type": "Polygon", "coordinates": [ [ [ -77.5463, 39.4358 ], [ -77.5136, 39.4147 ], [ -77.5009, 39.4245 ], [ -77.4851, 39.4217 ], [ -77.4739, 39.4126 ], [ -77.4925, 39.4019 ], [ -77.4863, 39.3899 ], [ -77.5038, 39.3854 ], [ -77.5063, 39.379 ], [ -77.5198, 39.3802 ], [ -77.5234, 39.3967 ], [ -77.54, 39.398 ], [ -77.5435, 39.4106 ], [ -77.5814, 39.4126 ], [ -77.5463, 39.4358 ] ] ] } },
{ "type": "Feature", "properties": { "GEOIDFQ": "1400000US24021752601", "NAME": "7526.01", "NAMELSAD": "Census Tract 7526.01" }, "geometry": { "type": "Polygon", "coordinates": [ [ [ -77.5515, 39.4626 ], [ -77.5422, 39.4605 ], [ -77.5399, 39.4528 ], [ -77.5259, 39.4604 ], [ -77.5094, 39.4576 ], [ -77.519, 39.4347 ], [ -77.5268, 39.4376 ], [ -77.5369, 39.4287 ], [ -77.5463, 39.4358 ], [ -77.5583, 39.4292 ], [ -77.5644, 39.4476 ], [ -77.5515, 39.4626 ] ] ] } },
{ "type": "Feature", "properties": { "GEOIDFQ": "1400000US24021752802", "NAME": "7528.02", "NAMELSAD": "Census Tract 7528.02" }, "geometry": { "type": "Polygon", "coordinates": [ [ [ -77.6133, 39.5291 ], [ -77.5971, 39.542 ], [ -77.5994, 39.5502 ], [ -77.575, 39.6113 ], [ -77.5702, 39.62 ], [ -77.5591, 39.623 ], [ -77.5588, 39.5916 ], [ -77.5428, 39.5297 ], [ -77.5454, 39.5162 ], [ -77.5629, 39.5061 ], [ -77.5518, 39.5026 ], [ -77.5632, 39.4964 ], [ -77.5568, 39.492 ], [ -77.5686, 39.4868 ], [ -77.5746, 39.4897 ], [ -77.5757, 39.4839 ], [ -77.5652, 39.4797 ], [ -77.5747, 39.4797 ], [ -77.5751, 39.4721 ], [ -77.5961, 39.4861 ], [ -77.5942, 39.491 ], [ -77.6232, 39.5011 ], [ -77.6133, 39.5291 ] ] ] } },
{ "type": "Feature", "properties": { "GEOIDFQ": "1400000US24021751904", "NAME": "7519.04", "NAMELSAD": "Census Tract 7519.04" }, "geometry": { "type": "Polygon", "coordinates": [ [ [ -77.367, 39.3987 ], [ -77.2982, 39.3858 ], [ -77.3233, 39.3606 ], [ -77.3362, 39.3667 ], [ -77.3589, 39.3549 ], [ -77.3941, 39.3791 ], [ -77.367, 39.3987 ] ] ] } },
{ "type": "Feature", "properties": { "GEOIDFQ": "1400000US24021751702", "NAME": "7517.02", "NAMELSAD": "Census Tract 7517.02" }, "geometry": { "type": "Polygon", "coordinates": [ [ [ -77.2782, 39.5084 ], [ -77.2717, 39.5048 ], [ -77.2648, 39.5103 ], [ -77.266, 39.5209 ], [ -77.252, 39.514 ], [ -77.2098, 39.5121 ], [ -77.1912, 39.4945 ], [ -77.1526, 39.491 ], [ -77.1153, 39.4994 ], [ -77.1067, 39.492 ], [ -77.1177, 39.4786 ], [ -77.116, 39.46 ], [ -77.1266, 39.4448 ], [ -77.1409, 39.454 ], [ -77.1978, 39.4614 ], [ -77.2098, 39.4517 ], [ -77.2373, 39.4457 ], [ -77.2594, 39.4535 ], [ -77.2718, 39.4428 ], [ -77.2868, 39.4718 ], [ -77.2797, 39.4872 ], [ -77.2885, 39.499 ], [ -77.2782, 39.5084 ] ] ] } },
{ "type": "Feature", "properties": { "GEOIDFQ": "1400000US24021751801", "NAME": "7518.01", "NAMELSAD": "Census Tract 7518.01" }, "geometry": { "type": "Polygon", "coordinates": [ [ [ -77.2822, 39.4258 ], [ -77.2794, 39.4396 ], [ -77.2698, 39.4397 ], [ -77.2677, 39.451 ], [ -77.2551, 39.453 ], [ -77.2483, 39.4473 ], [ -77.2531, 39.4207 ], [ -77.2207, 39.4091 ], [ -77.2354, 39.3984 ], [ -77.2432, 39.3789 ], [ -77.2867, 39.3837 ], [ -77.2881, 39.4025 ], [ -77.2794, 39.4076 ], [ -77.2897, 39.4256 ], [ -77.2822, 39.4258 ] ] ] } },
{ "type": "Feature", "properties": { "GEOIDFQ": "1400000US24003740603", "NAME": "7406.03", "NAMELSAD": "Census Tract 7406.03" }, "geometry": { "type": "Polygon", "coordinates": [ [ [ -76.8102, 39.0881 ], [ -76.796, 39.0797 ], [ -76.7812, 39.0866 ], [ -76.7721, 39.0849 ], [ -76.7644, 39.0947 ], [ -76.7753, 39.1097 ], [ -76.7712, 39.1125 ], [ -76.7642, 39.1084 ], [ -76.7501, 39.1144 ], [ -76.7452, 39.1077 ], [ -76.7136, 39.1151 ], [ -76.7242, 39.1097 ], [ -76.7104, 39.0815 ], [ -76.7274, 39.0682 ], [ -76.7513, 39.0347 ], [ -76.7924, 39.046 ], [ -76.8042, 39.0626 ], [ -76.8179, 39.0618 ], [ -76.8314, 39.069 ], [ -76.8102, 39.0881 ] ] ] } },
{ "type": "Feature", "properties": { "GEOIDFQ": "1400000US24003702300", "NAME": "7023", "NAMELSAD": "Census Tract 7023" }, "geometry": { "type": "Polygon", "coordinates": [ [ [ -76.659, 38.9935 ], [ -76.6089, 38.9861 ], [ -76.5948, 38.9629 ], [ -76.5739, 38.9557 ], [ -76.6202, 38.9448 ], [ -76.6935, 38.9514 ], [ -76.704, 38.9723 ], [ -76.698, 38.9832 ], [ -76.7056, 38.9889 ], [ -76.659, 38.9935 ] ] ] } },
{ "type": "Feature", "properties": { "GEOIDFQ": "1400000US24003702602", "NAME": "7026.02", "NAMELSAD": "Census Tract 7026.02" }, "geometry": { "type": "Polygon", "coordinates": [ [ [ -76.4926, 38.9501 ], [ -76.4863, 38.9463 ], [ -76.4735, 38.9532 ], [ -76.4647, 38.947 ], [ -76.4568, 38.9509 ], [ -76.4486, 38.9438 ], [ -76.4596, 38.9274 ], [ -76.4571, 38.9042 ], [ -76.4664, 38.9039 ], [ -76.49, 38.9199 ], [ -76.4857, 38.9365 ], [ -76.4926, 38.9501 ] ] ] } },
{ "type": "Feature", "properties": { "GEOIDFQ": "1400000US24003750801", "NAME": "7508.01", "NAMELSAD": "Census Tract 7508.01" }, "geometry": { "type": "Polygon", "coordinates": [ [ [ -76.6322, 39.1984 ], [ -76.6364, 39.1762 ], [ -76.6314, 39.1703 ], [ -76.6444, 39.1651 ], [ -76.6552, 39.1945 ], [ -76.6322, 39.1984 ] ] ] } },
{ "type": "Feature", "properties": { "GEOIDFQ": "1400000US24003740103", "NAME": "7401.03", "NAMELSAD": "Census Tract 7401.03" }, "geometry": { "type": "Polygon", "coordinates": [ [ [ -76.7134, 39.1592 ], [ -76.6973, 39.1585 ], [ -76.6975, 39.1373 ], [ -76.7135, 39.1351 ], [ -76.7261, 39.141 ], [ -76.7322, 39.1286 ], [ -76.7383, 39.1305 ], [ -76.7134, 39.1592 ] ] ] } },
{ "type": "Feature", "properties": { "GEOIDFQ": "1400000US24003740303", "NAME": "7403.03", "NAMELSAD": "Census Tract 7403.03" }, "geometry": { "type": "Polygon", "coordinates": [ [ [ -76.6974, 39.1345 ], [ -76.6841, 39.1365 ], [ -76.6857, 39.1023 ], [ -76.7008, 39.1035 ], [ -76.6974, 39.1345 ] ] ] } },
{ "type": "Feature", "properties": { "GEOIDFQ": "1400000US24003730401", "NAME": "7304.01", "NAMELSAD": "Census Tract 7304.01" }, "geometry": { "type": "Polygon", "coordinates": [ [ [ -76.6336, 39.1613 ], [ -76.6146, 39.1537 ], [ -76.6314, 39.1529 ], [ -76.6316, 39.1444 ], [ -76.643, 39.159 ], [ -76.6336, 39.1613 ] ] ] } },
{ "type": "Feature", "properties": { "GEOIDFQ": "1400000US24003750400", "NAME": "7504", "NAMELSAD": "Census Tract 7504" }, "geometry": { "type": "Polygon", "coordinates": [ [ [ -76.6583, 39.2192 ], [ -76.6322, 39.1984 ], [ -76.6568, 39.195 ], [ -76.6636, 39.2174 ], [ -76.6583, 39.2192 ] ] ] } },
{ "type": "Feature", "properties": { "GEOIDFQ": "1400000US24003706700", "NAME": "7067", "NAMELSAD": "Census Tract 7067" }, "geometry": { "type": "Polygon", "coordinates": [ [ [ -76.4886, 38.9941 ], [ -76.4717, 38.9792 ], [ -76.4838, 38.9768 ], [ -76.501, 38.9877 ], [ -76.4886, 38.9941 ] ] ] } },
{ "type": "Feature", "properties": { "GEOIDFQ": "1400000US24003750900", "NAME": "7509", "NAMELSAD": "Census Tract 7509" }, "geometry": { "type": "Polygon", "coordinates": [ [ [ -76.6285, 39.1701 ], [ -76.6129, 39.1829 ], [ -76.6222, 39.1663 ], [ -76.6186, 39.1582 ], [ -76.6466, 39.1638 ], [ -76.6285, 39.1701 ] ] ] } },
{ "type": "Feature", "properties": { "GEOIDFQ": "1400000US24005491500", "NAME": "4915", "NAMELSAD": "Census Tract 4915" }, "geometry": { "type": "Polygon", "coordinates": [ [ [ -76.5649, 39.3916 ], [ -76.5589, 39.3812 ], [ -76.5717, 39.3832 ], [ -76.5763, 39.3856 ], [ -76.5649, 39.3916 ] ] ] } },
{ "type": "Feature", "properties": { "GEOIDFQ": "1400000US24003750803", "NAME": "7508.03", "NAMELSAD": "Census Tract 7508.03" }, "geometry": { "type": "Polygon", "coordinates": [ [ [ -76.6315, 39.2027 ], [ -76.6145, 39.2063 ], [ -76.617, 39.1936 ], [ -76.6294, 39.1944 ], [ -76.6246, 39.1866 ], [ -76.6327, 39.1851 ], [ -76.6315, 39.2027 ] ] ] } },
{ "type": "Feature", "properties": { "GEOIDFQ": "1400000US24003702601", "NAME": "7026.01", "NAMELSAD": "Census Tract 7026.01" }, "geometry": { "type": "Polygon", "coordinates": [ [ [ -76.5128, 38.9639 ], [ -76.4926, 38.9501 ], [ -76.4856, 38.9294 ], [ -76.4979, 38.9158 ], [ -76.5248, 38.935 ], [ -76.5128, 38.9639 ] ] ] } },
{ "type": "Feature", "properties": { "GEOIDFQ": "1400000US24005491401", "NAME": "4914.01", "NAMELSAD": "Census Tract 4914.01" }, "geometry": { "type": "Polygon", "coordinates": [ [ [ -76.5767, 39.3852 ], [ -76.5709, 39.3831 ], [ -76.5679, 39.3733 ], [ -76.5821, 39.3724 ], [ -76.5767, 39.3852 ] ] ] } },
{ "type": "Feature", "properties": { "GEOIDFQ": "1400000US24005491600", "NAME": "4916", "NAMELSAD": "Census Tract 4916" }, "geometry": { "type": "Polygon", "coordinates": [ [ [ -76.5533, 39.3996 ], [ -76.5584, 39.3885 ], [ -76.5654, 39.3916 ], [ -76.5661, 39.4014 ], [ -76.5533, 39.3996 ] ] ] } },
{ "type": "Feature", "properties": { "GEOIDFQ": "1400000US24005491701", "NAME": "4917.01", "NAMELSAD": "Census Tract 4917.01" }, "geometry": { "type": "Polygon", "coordinates": [ [ [ -76.5416, 39.4174 ], [ -76.5408, 39.409 ], [ -76.528, 39.4041 ], [ -76.5397, 39.3981 ], [ -76.5687, 39.4021 ], [ -76.5416, 39.4174 ] ] ] } },
{ "type": "Feature", "properties": { "GEOIDFQ": "1400000US24005491402", "NAME": "4914.02", "NAMELSAD": "Census Tract 4914.02" }, "geometry": { "type": "Polygon", "coordinates": [ [ [ -76.5563, 39.3804 ], [ -76.5576, 39.3766 ], [ -76.5679, 39.3733 ], [ -76.5709, 39.3831 ], [ -76.5563, 39.3804 ] ] ] } },
{ "type": "Feature", "properties": { "GEOIDFQ": "1400000US24005402505", "NAME": "4025.05", "NAMELSAD": "Census Tract 4025.05" }, "geometry": { "type": "Polygon", "coordinates": [ [ [ -76.8161, 39.3872 ], [ -76.8033, 39.3853 ], [ -76.8104, 39.3742 ], [ -76.8207, 39.3811 ], [ -76.8161, 39.3872 ] ] ] } },
{ "type": "Feature", "properties": { "GEOIDFQ": "1400000US24033803516", "NAME": "8035.16", "NAMELSAD": "Census Tract 8035.16" }, "geometry": { "type": "Polygon", "coordinates": [ [ [ -76.8286, 38.9559 ], [ -76.7977, 38.9611 ], [ -76.7985, 38.9443 ], [ -76.8405, 38.9493 ], [ -76.8286, 38.9559 ] ] ] } },
{ "type": "Feature", "properties": { "GEOIDFQ": "1400000US24033803519", "NAME": "8035.19", "NAMELSAD": "Census Tract 8035.19" }, "geometry": { "type": "Polygon", "coordinates": [ [ [ -76.8693, 38.9008 ], [ -76.8571, 38.8992 ], [ -76.8563, 38.9065 ], [ -76.85, 38.907 ], [ -76.8473, 38.8922 ], [ -76.8773, 38.8887 ], [ -76.8789, 38.8947 ], [ -76.8693, 38.9008 ] ] ] } },
{ "type": "Feature", "properties": { "GEOIDFQ": "1400000US24033803601", "NAME": "8036.01", "NAMELSAD": "Census Tract 8036.01" }, "geometry": { "type": "Polygon", "coordinates": [ [ [ -76.8391, 38.9471 ], [ -76.8332, 38.9359 ], [ -76.8474, 38.9366 ], [ -76.8547, 38.9306 ], [ -76.8585, 38.9455 ], [ -76.8391, 38.9471 ] ] ] } },
{ "type": "Feature", "properties": { "GEOIDFQ": "1400000US24003750300", "NAME": "7503", "NAMELSAD": "Census Tract 7503" }, "geometry": { "type": "Polygon", "coordinates": [ [ [ -76.6419, 39.2262 ], [ -76.6417, 39.2063 ], [ -76.6563, 39.2162 ], [ -76.6652, 39.2304 ], [ -76.6419, 39.2262 ] ] ] } },
{ "type": "Feature", "properties": { "GEOIDFQ": "1400000US24003751103", "NAME": "7511.03", "NAMELSAD": "Census Tract 7511.03" }, "geometry": { "type": "Polygon", "coordinates": [ [ [ -76.5958, 39.1804 ], [ -76.5766, 39.1869 ], [ -76.5988, 39.1551 ], [ -76.6049, 39.1697 ], [ -76.5958, 39.1804 ] ] ] } },
{ "type": "Feature", "properties": { "GEOIDFQ": "1400000US24003740104", "NAME": "7401.04", "NAMELSAD": "Census Tract 7401.04" }, "geometry": { "type": "Polygon", "coordinates": [ [ [ -76.7261, 39.141 ], [ -76.7135, 39.1351 ], [ -76.6975, 39.1373 ], [ -76.7005, 39.1259 ], [ -76.7166, 39.1177 ], [ -76.7325, 39.1286 ], [ -76.7261, 39.141 ] ] ] } },
{ "type": "Feature", "properties": { "GEOIDFQ": "1400000US24003740900", "NAME": "7409", "NAMELSAD": "Census Tract 7409" }, "geometry": { "type": "Polygon", "coordinates": [ [ [ -76.7043, 39.0863 ], [ -76.6706, 39.0687 ], [ -76.6969, 39.0607 ], [ -76.7119, 39.0719 ], [ -76.7043, 39.0863 ] ] ] } },
{ "type": "Feature", "properties": { "GEOIDFQ": "1400000US24003751000", "NAME": "7510", "NAMELSAD": "Census Tract 7510" }, "geometry": { "type": "Polygon", "coordinates": [ [ [ -76.6106, 39.1809 ], [ -76.5999, 39.1565 ], [ -76.617, 39.1567 ], [ -76.6224, 39.1649 ], [ -76.6106, 39.1809 ] ] ] } },
{ "type": "Feature", "properties": { "GEOIDFQ": "1400000US24510151300", "NAME": "1513", "NAMELSAD": "Census Tract 1513" }, "geometry": { "type": "Polygon", "coordinates": [ [ [ -76.6584, 39.3408 ], [ -76.6564, 39.3365 ], [ -76.6659, 39.333 ], [ -76.6777, 39.3404 ], [ -76.6584, 39.3408 ] ] ] } },
{ "type": "Feature", "properties": { "GEOIDFQ": "1400000US24510160400", "NAME": "1604", "NAMELSAD": "Census Tract 1604" }, "geometry": { "type": "Polygon", "coordinates": [ [ [ -76.6461, 39.3031 ], [ -76.6455, 39.2939 ], [ -76.6504, 39.2937 ], [ -76.6461, 39.3031 ] ] ] } },
{ "type": "Feature", "properties": { "GEOIDFQ": "1400000US24005451702", "NAME": "4517.02", "NAMELSAD": "Census Tract 4517.02" }, "geometry": { "type": "Polygon", "coordinates": [ [ [ -76.4126, 39.3856 ], [ -76.371, 39.3791 ], [ -76.3558, 39.3888 ], [ -76.3492, 39.3859 ], [ -76.3686, 39.3624 ], [ -76.3991, 39.3636 ], [ -76.4249, 39.3784 ], [ -76.4126, 39.3856 ] ] ] } },
{ "type": "Feature", "properties": { "GEOIDFQ": "1400000US24005408900", "NAME": "4089", "NAMELSAD": "Census Tract 4089" }, "geometry": { "type": "Polygon", "coordinates": [ [ [ -76.6442, 39.4933 ], [ -76.615, 39.5052 ], [ -76.606, 39.4928 ], [ -76.6177, 39.4752 ], [ -76.6411, 39.4748 ], [ -76.6506, 39.5011 ], [ -76.6442, 39.4933 ] ] ] } },
{ "type": "Feature", "properties": { "GEOIDFQ": "1400000US24005411409", "NAME": "4114.09", "NAMELSAD": "Census Tract 4114.09" }, "geometry": { "type": "Polygon", "coordinates": [ [ [ -76.502, 39.4218 ], [ -76.4784, 39.4199 ], [ -76.4854, 39.4073 ], [ -76.5035, 39.4075 ], [ -76.502, 39.4218 ] ] ] } },
{ "type": "Feature", "properties": { "GEOIDFQ": "1400000US24005411201", "NAME": "4112.01", "NAMELSAD": "Census Tract 4112.01" }, "geometry": { "type": "Polygon", "coordinates": [ [ [ -76.5027, 39.5078 ], [ -76.5087, 39.5121 ], [ -76.4946, 39.5266 ], [ -76.4596, 39.5072 ], [ -76.448, 39.5085 ], [ -76.437, 39.502 ], [ -76.4322, 39.5066 ], [ -76.4279, 39.5019 ], [ -76.4331, 39.488 ], [ -76.4209, 39.4784 ], [ -76.4315, 39.4773 ], [ -76.4565, 39.4606 ], [ -76.4798, 39.4734 ], [ -76.5109, 39.4717 ], [ -76.5259, 39.4956 ], [ -76.5027, 39.5078 ] ] ] } },
{ "type": "Feature", "properties": { "GEOIDFQ": "1400000US24005492002", "NAME": "4920.02", "NAMELSAD": "Census Tract 4920.02" }, "geometry": { "type": "Polygon", "coordinates": [ [ [ -76.5513, 39.3887 ], [ -76.5484, 39.3969 ], [ -76.5426, 39.3933 ], [ -76.5436, 39.3804 ], [ -76.5466, 39.3757 ], [ -76.5561, 39.3814 ], [ -76.5513, 39.3887 ] ] ] } },
{ "type": "Feature", "properties": { "GEOIDFQ": "1400000US24005403801", "NAME": "4038.01", "NAMELSAD": "Census Tract 4038.01" }, "geometry": { "type": "Polygon", "coordinates": [ [ [ -76.7211, 39.4479 ], [ -76.6909, 39.4254 ], [ -76.6704, 39.4207 ], [ -76.6677, 39.4143 ], [ -76.7028, 39.4143 ], [ -76.7285, 39.4023 ], [ -76.7322, 39.4389 ], [ -76.7211, 39.4479 ] ] ] } },
{ "type": "Feature", "properties": { "GEOIDFQ": "1400000US24005450400", "NAME": "4504", "NAMELSAD": "Census Tract 4504" }, "geometry": { "type": "Polygon", "coordinates": [ [ [ -76.4683, 39.3114 ], [ -76.4661, 39.2879 ], [ -76.4893, 39.3019 ], [ -76.4683, 39.3114 ] ] ] } },
{ "type": "Feature", "properties": { "GEOIDFQ": "1400000US24005402504", "NAME": "4025.04", "NAMELSAD": "Census Tract 4025.04" }, "geometry": { "type": "Polygon", "coordinates": [ [ [ -76.8373, 39.375 ], [ -76.8277, 39.375 ], [ -76.8232, 39.3812 ], [ -76.8104, 39.3742 ], [ -76.8174, 39.3454 ], [ -76.8377, 39.344 ], [ -76.843, 39.3653 ], [ -76.8373, 39.375 ] ] ] } },
{ "type": "Feature", "properties": { "GEOIDFQ": "1400000US24005452500", "NAME": "4525", "NAMELSAD": "Census Tract 4525" }, "geometry": { "type": "Polygon", "coordinates": [ [ [ -76.4792, 39.2768 ], [ -76.4734, 39.2743 ], [ -76.4618, 39.2565 ], [ -76.4775, 39.2611 ], [ -76.4792, 39.2768 ] ] ] } },
{ "type": "Feature", "properties": { "GEOIDFQ": "1400000US24005403702", "NAME": "4037.02", "NAMELSAD": "Census Tract 4037.02" }, "geometry": { "type": "Polygon", "coordinates": [ [ [ -76.7739, 39.415 ], [ -76.7341, 39.3848 ], [ -76.7528, 39.3759 ], [ -76.7654, 39.3878 ], [ -76.7697, 39.4033 ], [ -76.7794, 39.4048 ], [ -76.7739, 39.415 ] ] ] } },
{ "type": "Feature", "properties": { "GEOIDFQ": "1400000US24005401503", "NAME": "4015.03", "NAMELSAD": "Census Tract 4015.03" }, "geometry": { "type": "Polygon", "coordinates": [ [ [ -76.7803, 39.2949 ], [ -76.7534, 39.2837 ], [ -76.7564, 39.2738 ], [ -76.7661, 39.2753 ], [ -76.7819, 39.2627 ], [ -76.7946, 39.2699 ], [ -76.7803, 39.2949 ] ] ] } },
{ "type": "Feature", "properties": { "GEOIDFQ": "1400000US24005403803", "NAME": "4038.03", "NAMELSAD": "Census Tract 4038.03" }, "geometry": { "type": "Polygon", "coordinates": [ [ [ -76.6879, 39.3961 ], [ -76.6679, 39.4079 ], [ -76.6629, 39.3957 ], [ -76.6864, 39.3849 ], [ -76.717, 39.38 ], [ -76.7225, 39.3899 ], [ -76.6879, 39.3961 ] ] ] } },
{ "type": "Feature", "properties": { "GEOIDFQ": "1400000US24005411101", "NAME": "4111.01", "NAMELSAD": "Census Tract 4111.01" }, "geometry": { "type": "Polygon", "coordinates": [ [ [ -76.4907, 39.4266 ], [ -76.4617, 39.4604 ], [ -76.4265, 39.4793 ], [ -76.4085, 39.4765 ], [ -76.4186, 39.4481 ], [ -76.4327, 39.4344 ], [ -76.4448, 39.4274 ], [ -76.4642, 39.4361 ], [ -76.4774, 39.429 ], [ -76.4778, 39.4201 ], [ -76.5025, 39.422 ], [ -76.4907, 39.4266 ] ] ] } },
{ "type": "Feature", "properties": { "GEOIDFQ": "1400000US24005451701", "NAME": "4517.01", "NAMELSAD": "Census Tract 4517.01" }, "geometry": { "type": "Polygon", "coordinates": [ [ [ -76.446, 39.3707 ], [ -76.4359, 39.3647 ], [ -76.4249, 39.3784 ], [ -76.3991, 39.3636 ], [ -76.3686, 39.3624 ], [ -76.3875, 39.349 ], [ -76.4126, 39.3412 ], [ -76.435, 39.3413 ], [ -76.4367, 39.3531 ], [ -76.4504, 39.3483 ], [ -76.4605, 39.3557 ], [ -76.446, 39.3707 ] ] ] } },
{ "type": "Feature", "properties": { "GEOIDFQ": "1400000US24005430600", "NAME": "4306", "NAMELSAD": "Census Tract 4306" }, "geometry": { "type": "Polygon", "coordinates": [ [ [ -76.7156, 39.2421 ], [ -76.7053, 39.232 ], [ -76.6912, 39.2387 ], [ -76.6988, 39.213 ], [ -76.7229, 39.2272 ], [ -76.7156, 39.2421 ] ] ] } },
{ "type": "Feature", "properties": { "GEOIDFQ": "1400000US24003702500", "NAME": "7025", "NAMELSAD": "Census Tract 7025" }, "geometry": { "type": "Polygon", "coordinates": [ [ [ -76.5389, 38.9787 ], [ -76.5128, 38.9639 ], [ -76.5252, 38.9346 ], [ -76.5551, 38.9514 ], [ -76.5389, 38.9787 ] ] ] } },
{ "type": "Feature", "properties": { "GEOIDFQ": "1400000US24031701201", "NAME": "7012.01", "NAMELSAD": "Census Tract 7012.01" }, "geometry": { "type": "Polygon", "coordinates": [ [ [ -77.1034, 39.0621 ], [ -77.0947, 39.0597 ], [ -77.0849, 39.0328 ], [ -77.1077, 39.0577 ], [ -77.1034, 39.0621 ] ] ] } },
{ "type": "Feature", "properties": { "GEOIDFQ": "1400000US24031701202", "NAME": "7012.02", "NAMELSAD": "Census Tract 7012.02" }, "geometry": { "type": "Polygon", "coordinates": [ [ [ -77.1028, 39.047 ], [ -77.0858, 39.0332 ], [ -77.1071, 39.0348 ], [ -77.1119, 39.0447 ], [ -77.1028, 39.047 ] ] ] } },
{ "type": "Feature", "properties": { "GEOIDFQ": "1400000US24031701205", "NAME": "7012.05", "NAMELSAD": "Census Tract 7012.05" }, "geometry": { "type": "Polygon", "coordinates": [ [ [ -77.1191, 39.0482 ], [ -77.1253, 39.025 ], [ -77.1427, 39.0217 ], [ -77.1545, 39.0564 ], [ -77.1191, 39.0482 ] ] ] } },
{ "type": "Feature", "properties": { "GEOIDFQ": "1400000US24031701206", "NAME": "7012.06", "NAMELSAD": "Census Tract 7012.06" }, "geometry": { "type": "Polygon", "coordinates": [ [ [ -77.1794, 39.0563 ], [ -77.1545, 39.0564 ], [ -77.1458, 39.0378 ], [ -77.1753, 39.041 ], [ -77.1879, 39.0507 ], [ -77.1794, 39.0563 ] ] ] } },
{ "type": "Feature", "properties": { "GEOIDFQ": "1400000US24031704200", "NAME": "7042", "NAMELSAD": "Census Tract 7042" }, "geometry": { "type": "Polygon", "coordinates": [ [ [ -77.077, 39.0333 ], [ -77.0684, 39.0353 ], [ -77.0715, 39.0188 ], [ -77.0812, 39.0232 ], [ -77.077, 39.0333 ] ] ] } },
{ "type": "Feature", "properties": { "GEOIDFQ": "1400000US24031704300", "NAME": "7043", "NAMELSAD": "Census Tract 7043" }, "geometry": { "type": "Polygon", "coordinates": [ [ [ -77.0858, 39.0332 ], [ -77.078, 39.0297 ], [ -77.0911, 39.0117 ], [ -77.1016, 39.0221 ], [ -77.0858, 39.0332 ] ] ] } },
{ "type": "Feature", "properties": { "GEOIDFQ": "1400000US24031704401", "NAME": "7044.01", "NAMELSAD": "Census Tract 7044.01" }, "geometry": { "type": "Polygon", "coordinates": [ [ [ -77.1128, 39.028 ], [ -77.0956, 39.0161 ], [ -77.1191, 39.0157 ], [ -77.1265, 39.0298 ], [ -77.1128, 39.028 ] ] ] } },
{ "type": "Feature", "properties": { "GEOIDFQ": "1400000US24031704501", "NAME": "7045.01", "NAMELSAD": "Census Tract 7045.01" }, "geometry": { "type": "Polygon", "coordinates": [ [ [ -77.1427, 39.0217 ], [ -77.1253, 39.025 ], [ -77.1191, 39.0157 ], [ -77.1501, 39.0115 ], [ -77.1427, 39.0217 ] ] ] } },
{ "type": "Feature", "properties": { "GEOIDFQ": "1400000US24031704503", "NAME": "7045.03", "NAMELSAD": "Census Tract 7045.03" }, "geometry": { "type": "Polygon", "coordinates": [ [ [ -77.1232, 39.0144 ], [ -77.1191, 39.0157 ], [ -77.1095, 39.0001 ], [ -77.1289, 39.0021 ], [ -77.1232, 39.0144 ] ] ] } },
{ "type": "Feature", "properties": { "GEOIDFQ": "1400000US24031704600", "NAME": "7046", "NAMELSAD": "Census Tract 7046" }, "geometry": { "type": "Polygon", "coordinates": [ [ [ -77.1095, 39.0001 ], [ -77.0997, 38.9925 ], [ -77.1215, 38.9933 ], [ -77.1349, 39.0035 ], [ -77.1095, 39.0001 ] ] ] } },
{ "type": "Feature", "properties": { "GEOIDFQ": "1400000US24033800511", "NAME": "8005.11", "NAMELSAD": "Census Tract 8005.11" }, "geometry": { "type": "Polygon", "coordinates": [ [ [ -76.7329, 38.9257 ], [ -76.727, 38.9158 ], [ -76.7171, 38.9159 ], [ -76.7182, 38.8986 ], [ -76.736, 38.901 ], [ -76.743, 38.9253 ], [ -76.7329, 38.9257 ] ] ] } },
{ "type": "Feature", "properties": { "GEOIDFQ": "1400000US24033801305", "NAME": "8013.05", "NAMELSAD": "Census Tract 8013.05" }, "geometry": { "type": "Polygon", "coordinates": [ [ [ -76.9762, 38.7741 ], [ -76.9521, 38.7765 ], [ -76.9552, 38.7625 ], [ -76.9421, 38.7587 ], [ -76.9572, 38.7462 ], [ -76.9618, 38.7555 ], [ -76.9786, 38.7518 ], [ -76.9933, 38.7559 ], [ -76.9762, 38.7741 ] ] ] } },
{ "type": "Feature", "properties": { "GEOIDFQ": "1400000US24033801308", "NAME": "8013.08", "NAMELSAD": "Census Tract 8013.08" }, "geometry": { "type": "Polygon", "coordinates": [ [ [ -77.0048, 38.7249 ], [ -76.9902, 38.7255 ], [ -76.99, 38.7126 ], [ -77.0103, 38.7075 ], [ -77.0165, 38.7107 ], [ -77.0048, 38.7249 ] ] ] } },
{ "type": "Feature", "properties": { "GEOIDFQ": "1400000US24033800605", "NAME": "8006.05", "NAMELSAD": "Census Tract 8006.05" }, "geometry": { "type": "Polygon", "coordinates": [ [ [ -76.7725, 38.8355 ], [ -76.7637, 38.8192 ], [ -76.7477, 38.8217 ], [ -76.7424, 38.8136 ], [ -76.7122, 38.8109 ], [ -76.7024, 38.7879 ], [ -76.7143, 38.7782 ], [ -76.7194, 38.7813 ], [ -76.7563, 38.7672 ], [ -76.7684, 38.7779 ], [ -76.7592, 38.7875 ], [ -76.7612, 38.8041 ], [ -76.7962, 38.8271 ], [ -76.7725, 38.8355 ] ] ] } },
{ "type": "Feature", "properties": { "GEOIDFQ": "1400000US24033801407", "NAME": "8014.07", "NAMELSAD": "Census Tract 8014.07" }, "geometry": { "type": "Polygon", "coordinates": [ [ [ -76.9455, 38.8023 ], [ -76.9273, 38.7994 ], [ -76.9539, 38.7758 ], [ -76.9714, 38.7904 ], [ -76.9455, 38.8023 ] ] ] } },
{ "type": "Feature", "properties": { "GEOIDFQ": "1400000US24033802201", "NAME": "8022.01", "NAMELSAD": "Census Tract 8022.01" }, "geometry": { "type": "Polygon", "coordinates": [ [ [ -76.8447, 38.8689 ], [ -76.8384, 38.8672 ], [ -76.8468, 38.8442 ], [ -76.8347, 38.834 ], [ -76.854, 38.8261 ], [ -76.8739, 38.8307 ], [ -76.8447, 38.8689 ] ] ] } },
{ "type": "Feature", "properties": { "GEOIDFQ": "1400000US24031701101", "NAME": "7011.01", "NAMELSAD": "Census Tract 7011.01" }, "geometry": { "type": "Polygon", "coordinates": [ [ [ -77.1362, 39.0846 ], [ -77.121, 39.0831 ], [ -77.1153, 39.0885 ], [ -77.1058, 39.0743 ], [ -77.1379, 39.0798 ], [ -77.1362, 39.0846 ] ] ] } },
{ "type": "Feature", "properties": { "GEOIDFQ": "1400000US24031703602", "NAME": "7036.02", "NAMELSAD": "Census Tract 7036.02" }, "geometry": { "type": "Polygon", "coordinates": [ [ [ -77.0616, 39.0369 ], [ -77.0625, 39.0328 ], [ -77.0506, 39.0295 ], [ -77.0685, 39.0246 ], [ -77.0696, 39.0331 ], [ -77.0616, 39.0369 ] ] ] } },
{ "type": "Feature", "properties": { "GEOIDFQ": "1400000US24031703208", "NAME": "7032.08", "NAMELSAD": "Census Tract 7032.08" }, "geometry": { "type": "Polygon", "coordinates": [ [ [ -77.0235, 39.0559 ], [ -77.0283, 39.0647 ], [ -77.0107, 39.0586 ], [ -77.0071, 39.0402 ], [ -77.0259, 39.0356 ], [ -77.0322, 39.0459 ], [ -77.0235, 39.0559 ] ] ] } },
{ "type": "Feature", "properties": { "GEOIDFQ": "1400000US24031703214", "NAME": "7032.14", "NAMELSAD": "Census Tract 7032.14" }, "geometry": { "type": "Polygon", "coordinates": [ [ [ -77.0703, 39.0919 ], [ -77.0574, 39.0866 ], [ -77.058, 39.081 ], [ -77.0707, 39.0776 ], [ -77.0777, 39.0837 ], [ -77.0703, 39.0919 ] ] ] } },
{ "type": "Feature", "properties": { "GEOIDFQ": "1400000US24031703501", "NAME": "7035.01", "NAMELSAD": "Census Tract 7035.01" }, "geometry": { "type": "Polygon", "coordinates": [ [ [ -77.0748, 39.0515 ], [ -77.088, 39.0398 ], [ -77.094, 39.0588 ], [ -77.1092, 39.0717 ], [ -77.0748, 39.0515 ] ] ] } },
{ "type": "Feature", "properties": { "GEOIDFQ": "1400000US24031704502", "NAME": "7045.02", "NAMELSAD": "Census Tract 7045.02" }, "geometry": { "type": "Polygon", "coordinates": [ [ [ -77.1478, 39.0129 ], [ -77.1225, 39.0153 ], [ -77.1289, 39.0021 ], [ -77.1511, 39.01 ], [ -77.1478, 39.0129 ] ] ] } },
{ "type": "Feature", "properties": { "GEOIDFQ": "1400000US24031700101", "NAME": "7001.01", "NAMELSAD": "Census Tract 7001.01" }, "geometry": { "type": "Polygon", "coordinates": [ [ [ -77.1741, 39.2391 ], [ -77.156, 39.2635 ], [ -77.1685, 39.2766 ], [ -77.1559, 39.2743 ], [ -77.1437, 39.2548 ], [ -77.1442, 39.1975 ], [ -77.1708, 39.1902 ], [ -77.1996, 39.1976 ], [ -77.2105, 39.217 ], [ -77.1741, 39.2391 ] ] ] } },
{ "type": "Feature", "properties": { "GEOIDFQ": "1400000US24031700306", "NAME": "7003.06", "NAMELSAD": "Census Tract 7003.06" }, "geometry": { "type": "Polygon", "coordinates": [ [ [ -77.2967, 39.1824 ], [ -77.2715, 39.1738 ], [ -77.2817, 39.1621 ], [ -77.3004, 39.1777 ], [ -77.2967, 39.1824 ] ] ] } },
{ "type": "Feature", "properties": { "GEOIDFQ": "1400000US24031700308", "NAME": "7003.08", "NAMELSAD": "Census Tract 7003.08" }, "geometry": { "type": "Polygon", "coordinates": [ [ [ -77.2733, 39.2066 ], [ -77.2634, 39.1977 ], [ -77.2738, 39.1879 ], [ -77.2858, 39.1888 ], [ -77.2877, 39.1967 ], [ -77.2733, 39.2066 ] ] ] } },
{ "type": "Feature", "properties": { "GEOIDFQ": "1400000US24031700309", "NAME": "7003.09", "NAMELSAD": "Census Tract 7003.09" }, "geometry": { "type": "Polygon", "coordinates": [ [ [ -77.2725, 39.1913 ], [ -77.2634, 39.1977 ], [ -77.2547, 39.1843 ], [ -77.2687, 39.1761 ], [ -77.2763, 39.1815 ], [ -77.2725, 39.1913 ] ] ] } },
{ "type": "Feature", "properties": { "GEOIDFQ": "1400000US24013506200", "NAME": "5062", "NAMELSAD": "Census Tract 5062" }, "geometry": { "type": "Polygon", "coordinates": [ [ [ -76.916, 39.7206 ], [ -76.7871, 39.7208 ], [ -76.8034, 39.678 ], [ -76.8681, 39.6395 ], [ -76.8902, 39.6689 ], [ -76.8925, 39.6847 ], [ -76.9176, 39.7113 ], [ -76.916, 39.7206 ] ] ] } },
{ "type": "Feature", "properties": { "GEOIDFQ": "1400000US24013507601", "NAME": "5076.01", "NAMELSAD": "Census Tract 5076.01" }, "geometry": { "type": "Polygon", "coordinates": [ [ [ -76.9598, 39.6584 ], [ -76.9567, 39.6526 ], [ -76.9721, 39.629 ], [ -76.9452, 39.6025 ], [ -76.9959, 39.5751 ], [ -76.9971, 39.6229 ], [ -77.0061, 39.6377 ], [ -76.9598, 39.6584 ] ] ] } },
{ "type": "Feature", "properties": { "GEOIDFQ": "1400000US24013507802", "NAME": "5078.02", "NAMELSAD": "Census Tract 5078.02" }, "geometry": { "type": "Polygon", "coordinates": [ [ [ -77.0185, 39.5426 ], [ -76.9945, 39.5376 ], [ -76.9872, 39.5666 ], [ -76.9577, 39.552 ], [ -77.0019, 39.5121 ], [ -76.9984, 39.4936 ], [ -77.0039, 39.4805 ], [ -77.012, 39.4852 ], [ -77.0077, 39.4969 ], [ -77.0301, 39.5057 ], [ -77.0385, 39.5166 ], [ -77.0185, 39.5426 ] ] ] } },
{ "type": "Feature", "properties": { "GEOIDFQ": "1400000US24047951700", "NAME": "9517", "NAMELSAD": "Census Tract 9517" }, "geometry": { "type": "Polygon", "coordinates": [ [ [ -75.1791, 38.2644 ], [ -75.1801, 38.2694 ], [ -75.1722, 38.2701 ], [ -75.1738, 38.2804 ], [ -75.1611, 38.285 ], [ -75.1568, 38.3129 ], [ -75.1449, 38.316 ], [ -75.1558, 38.33 ], [ -75.155, 38.3408 ], [ -75.0942, 38.3333 ], [ -75.0929, 38.3272 ], [ -75.127, 38.2881 ], [ -75.1254, 38.277 ], [ -75.1421, 38.2501 ], [ -75.1936, 38.1913 ], [ -75.1999, 38.193 ], [ -75.2004, 38.2301 ], [ -75.2098, 38.238 ], [ -75.1791, 38.2644 ] ] ] } },
{ "type": "Feature", "properties": { "GEOIDFQ": "1400000US24019970702", "NAME": "9707.02", "NAMELSAD": "Census Tract 9707.02" }, "geometry": { "type": "Polygon", "coordinates": [ [ [ -76.2746, 38.5971 ], [ -76.2891, 38.6275 ], [ -76.2318, 38.6305 ], [ -76.2291, 38.6176 ], [ -76.2118, 38.6125 ], [ -76.1641, 38.638 ], [ -76.1353, 38.6251 ], [ -76.133, 38.6099 ], [ -76.1211, 38.6017 ], [ -76.109, 38.5979 ], [ -76.0846, 38.6046 ], [ -76.0694, 38.5937 ], [ -76.0877, 38.5779 ], [ -76.1066, 38.5792 ], [ -76.1096, 38.5733 ], [ -76.1021, 38.569 ], [ -76.1411, 38.5722 ], [ -76.1496, 38.5562 ], [ -76.1424, 38.5475 ], [ -76.0948, 38.5458 ], [ -76.0908, 38.5332 ], [ -76.0864, 38.5428 ], [ -76.0836, 38.5227 ], [ -76.0735, 38.5226 ], [ -76.0625, 38.5288 ], [ -76.06, 38.5583 ], [ -76.0399, 38.5532 ], [ -76.033, 38.572 ], [ -76.0248, 38.5734 ], [ -76.0217, 38.5337 ], [ -76.0291, 38.5337 ], [ -76.0259, 38.5277 ], [ -76.0435, 38.5244 ], [ -76.0428, 38.5163 ], [ -76.0558, 38.5163 ], [ -76.0621, 38.5223 ], [ -76.0827, 38.5156 ], [ -76.0994, 38.5229 ], [ -76.0962, 38.5316 ], [ -76.1035, 38.5332 ], [ -76.1247, 38.5272 ], [ -76.1468, 38.5329 ], [ -76.1993, 38.5272 ], [ -76.2204, 38.5474 ], [ -76.238, 38.536 ], [ -76.2809, 38.5227 ], [ -76.2838, 38.5579 ], [ -76.2943, 38.5653 ], [ -76.3113, 38.5618 ], [ -76.3147, 38.5706 ], [ -76.2746, 38.5971 ] ] ] } },
{ "type": "Feature", "properties": { "GEOIDFQ": "1400000US24019970804", "NAME": "9708.04", "NAMELSAD": "Census Tract 9708.04" }, "geometry": { "type": "Polygon", "coordinates": [ [ [ -76.3306, 38.5267 ], [ -76.3308, 38.5011 ], [ -76.3111, 38.5002 ], [ -76.2806, 38.5087 ], [ -76.2842, 38.5239 ], [ -76.2418, 38.5345 ], [ -76.2204, 38.5474 ], [ -76.1993, 38.5272 ], [ -76.1598, 38.5325 ], [ -76.1294, 38.5271 ], [ -76.1115, 38.5338 ], [ -76.0962, 38.5316 ], [ -76.0972, 38.4911 ], [ -76.0812, 38.4718 ], [ -76.0886, 38.4679 ], [ -76.0817, 38.4485 ], [ -76.0902, 38.4431 ], [ -76.085, 38.4386 ], [ -76.0896, 38.4162 ], [ -76.1393, 38.4315 ], [ -76.1458, 38.4384 ], [ -76.1679, 38.43 ], [ -76.1842, 38.4138 ], [ -76.2301, 38.4033 ], [ -76.2239, 38.3954 ], [ -76.2301, 38.3945 ], [ -76.222, 38.382 ], [ -76.2242, 38.3652 ], [ -76.2054, 38.3407 ], [ -76.205, 38.3123 ], [ -76.1952, 38.305 ], [ -76.159, 38.2995 ], [ -76.1622, 38.2697 ], [ -76.1282, 38.2505 ], [ -76.1174, 38.2347 ], [ -76.1382, 38.2291 ], [ -76.1698, 38.2392 ], [ -76.2107, 38.2963 ], [ -76.2617, 38.3223 ], [ -76.2679, 38.3438 ], [ -76.2451, 38.3515 ], [ -76.2815, 38.381 ], [ -76.2861, 38.4135 ], [ -76.3358, 38.4726 ], [ -76.3344, 38.4968 ], [ -76.3436, 38.5041 ], [ -76.3452, 38.5216 ], [ -76.3306, 38.5267 ] ] ] } },
{ "type": "Feature", "properties": { "GEOIDFQ": "1400000US24019990000", "NAME": "9900", "NAMELSAD": "Census Tract 9900" }, "geometry": { "type": "Polygon", "coordinates": [ [ [ -76.3806, 38.5779 ], [ -76.333, 38.6153 ], [ -76.3249, 38.6377 ], [ -76.2972, 38.6569 ], [ -76.2401, 38.6632 ], [ -76.2224, 38.647 ], [ -76.1944, 38.648 ], [ -76.1641, 38.638 ], [ -76.2118, 38.6125 ], [ -76.2291, 38.6176 ], [ -76.2318, 38.6305 ], [ -76.2891, 38.6275 ], [ -76.2746, 38.5971 ], [ -76.3145, 38.5662 ], [ -76.3113, 38.5618 ], [ -76.2943, 38.5653 ], [ -76.2838, 38.5579 ], [ -76.2806, 38.5087 ], [ -76.3111, 38.5002 ], [ -76.3308, 38.5011 ], [ -76.3306, 38.5267 ], [ -76.3403, 38.5263 ], [ -76.3436, 38.5041 ], [ -76.3344, 38.4968 ], [ -76.3358, 38.4726 ], [ -76.2861, 38.4135 ], [ -76.2815, 38.381 ], [ -76.2451, 38.3515 ], [ -76.2679, 38.3438 ], [ -76.2617, 38.3223 ], [ -76.2107, 38.2963 ], [ -76.1698, 38.2392 ], [ -76.1382, 38.2291 ], [ -76.1174, 38.2347 ], [ -76.1166, 38.2009 ], [ -76.1081, 38.1846 ], [ -76.108, 38.1245 ], [ -76.1023, 38.1072 ], [ -76.0716, 38.0755 ], [ -76.0786, 38.0609 ], [ -76.2047, 38.0584 ], [ -76.202, 38.0787 ], [ -76.3154, 38.2998 ], [ -76.3363, 38.388 ], [ -76.4263, 38.5081 ], [ -76.4386, 38.5753 ], [ -76.3806, 38.5779 ] ] ] } },
{ "type": "Feature", "properties": { "GEOIDFQ": "1400000US24035810901", "NAME": "8109.01", "NAMELSAD": "Census Tract 8109.01" }, "geometry": { "type": "Polygon", "coordinates": [ [ [ -76.3609, 38.9524 ], [ -76.3407, 38.9835 ], [ -76.3027, 38.9748 ], [ -76.2982, 38.9635 ], [ -76.3102, 38.9457 ], [ -76.3143, 38.8978 ], [ -76.3248, 38.9067 ], [ -76.3312, 38.8913 ], [ -76.3409, 38.8938 ], [ -76.35, 38.8988 ], [ -76.3523, 38.9108 ], [ -76.3647, 38.898 ], [ -76.3712, 38.904 ], [ -76.3609, 38.9524 ] ] ] } },
{ "type": "Feature", "properties": { "GEOIDFQ": "1400000US24005492600", "NAME": "4926", "NAMELSAD": "Census Tract 4926" }, "geometry": { "type": "Polygon", "coordinates": [ [ [ -76.519, 39.4317 ], [ -76.5025, 39.422 ], [ -76.5095, 39.4157 ], [ -76.5276, 39.4242 ], [ -76.5218, 39.416 ], [ -76.528, 39.4041 ], [ -76.5408, 39.409 ], [ -76.5415, 39.4176 ], [ -76.519, 39.4317 ] ] ] } },
{ "type": "Feature", "properties": { "GEOIDFQ": "1400000US24013506101", "NAME": "5061.01", "NAMELSAD": "Census Tract 5061.01" }, "geometry": { "type": "Polygon", "coordinates": [ [ [ -76.9566, 39.6528 ], [ -76.9636, 39.676 ], [ -76.9628, 39.7003 ], [ -76.9554, 39.7055 ], [ -76.9583, 39.7199 ], [ -76.916, 39.7206 ], [ -76.9173, 39.7099 ], [ -76.8923, 39.6844 ], [ -76.8848, 39.6613 ], [ -76.914, 39.6424 ], [ -76.9292, 39.6543 ], [ -76.9518, 39.634 ], [ -76.9711, 39.6263 ], [ -76.9566, 39.6528 ] ] ] } },
{ "type": "Feature", "properties": { "GEOIDFQ": "1400000US24013505208", "NAME": "5052.08", "NAMELSAD": "Census Tract 5052.08" }, "geometry": { "type": "Polygon", "coordinates": [ [ [ -76.9862, 39.3768 ], [ -76.9809, 39.3925 ], [ -76.967, 39.3823 ], [ -76.9645, 39.3654 ], [ -76.9922, 39.3598 ], [ -76.9949, 39.3656 ], [ -76.9862, 39.3768 ] ] ] } },
{ "type": "Feature", "properties": { "GEOIDFQ": "1400000US24013513001", "NAME": "5130.01", "NAMELSAD": "Census Tract 5130.01" }, "geometry": { "type": "Polygon", "coordinates": [ [ [ -77.1564, 39.378 ], [ -77.148, 39.4178 ], [ -77.1342, 39.4317 ], [ -77.1116, 39.4219 ], [ -77.1405, 39.3937 ], [ -77.1478, 39.3684 ], [ -77.1675, 39.3598 ], [ -77.1564, 39.378 ] ] ] } },
{ "type": "Feature", "properties": { "GEOIDFQ": "1400000US24013507703", "NAME": "5077.03", "NAMELSAD": "Census Tract 5077.03" }, "geometry": { "type": "Polygon", "coordinates": [ [ [ -77.0496, 39.5851 ], [ -77.0286, 39.5809 ], [ -77.0291, 39.573 ], [ -77.0206, 39.5679 ], [ -77.0527, 39.5504 ], [ -77.0604, 39.5699 ], [ -77.0496, 39.5851 ] ] ] } },
{ "type": "Feature", "properties": { "GEOIDFQ": "1400000US24033801906", "NAME": "8019.06", "NAMELSAD": "Census Tract 8019.06" }, "geometry": { "type": "Polygon", "coordinates": [ [ [ -76.8921, 38.8359 ], [ -76.8739, 38.8307 ], [ -76.8877, 38.8221 ], [ -76.9026, 38.8357 ], [ -76.8921, 38.8359 ] ] ] } },
{ "type": "Feature", "properties": { "GEOIDFQ": "1400000US24033802001", "NAME": "8020.01", "NAMELSAD": "Census Tract 8020.01" }, "geometry": { "type": "Polygon", "coordinates": [ [ [ -76.9248, 38.8488 ], [ -76.9025, 38.8357 ], [ -76.9212, 38.8356 ], [ -76.9322, 38.8429 ], [ -76.9248, 38.8488 ] ] ] } },
{ "type": "Feature", "properties": { "GEOIDFQ": "1400000US24033802002", "NAME": "8020.02", "NAMELSAD": "Census Tract 8020.02" }, "geometry": { "type": "Polygon", "coordinates": [ [ [ -76.9103, 38.8532 ], [ -76.903, 38.8493 ], [ -76.9128, 38.839 ], [ -76.9311, 38.8519 ], [ -76.9103, 38.8532 ] ] ] } },
{ "type": "Feature", "properties": { "GEOIDFQ": "1400000US24033802104", "NAME": "8021.04", "NAMELSAD": "Census Tract 8021.04" }, "geometry": { "type": "Polygon", "coordinates": [ [ [ -76.8874, 38.8442 ], [ -76.867, 38.8398 ], [ -76.8739, 38.8307 ], [ -76.89, 38.8357 ], [ -76.8874, 38.8442 ] ] ] } },
{ "type": "Feature", "properties": { "GEOIDFQ": "1400000US24033802203", "NAME": "8022.03", "NAMELSAD": "Census Tract 8022.03" }, "geometry": { "type": "Polygon", "coordinates": [ [ [ -76.8751, 38.862 ], [ -76.8529, 38.8571 ], [ -76.867, 38.8398 ], [ -76.8897, 38.8513 ], [ -76.8751, 38.862 ] ] ] } },
{ "type": "Feature", "properties": { "GEOIDFQ": "1400000US24003731103", "NAME": "7311.03", "NAMELSAD": "Census Tract 7311.03" }, "geometry": { "type": "Polygon", "coordinates": [ [ [ -76.5097, 39.0539 ], [ -76.4917, 39.0389 ], [ -76.4635, 39.0342 ], [ -76.476, 39.0316 ], [ -76.4759, 39.0242 ], [ -76.4705, 39.0239 ], [ -76.4909, 39.0142 ], [ -76.5224, 39.0517 ], [ -76.5097, 39.0539 ] ] ] } },
{ "type": "Feature", "properties": { "GEOIDFQ": "1400000US24003707001", "NAME": "7070.01", "NAMELSAD": "Census Tract 7070.01" }, "geometry": { "type": "Polygon", "coordinates": [ [ [ -76.5647, 38.8404 ], [ -76.5446, 38.8331 ], [ -76.5299, 38.8522 ], [ -76.5066, 38.8628 ], [ -76.4858, 38.8425 ], [ -76.5032, 38.7963 ], [ -76.5109, 38.8081 ], [ -76.5275, 38.805 ], [ -76.546, 38.815 ], [ -76.5564, 38.8075 ], [ -76.5549, 38.7936 ], [ -76.5723, 38.793 ], [ -76.5871, 38.8295 ], [ -76.5647, 38.8404 ] ] ] } },
{ "type": "Feature", "properties": { "GEOIDFQ": "1400000US24003740800", "NAME": "7408", "NAMELSAD": "Census Tract 7408" }, "geometry": { "type": "Polygon", "coordinates": [ [ [ -76.669, 39.0678 ], [ -76.6554, 39.0851 ], [ -76.6259, 39.083 ], [ -76.6312, 39.0488 ], [ -76.6405, 39.04 ], [ -76.6569, 39.0377 ], [ -76.6688, 39.0431 ], [ -76.6748, 39.0389 ], [ -76.6948, 39.0517 ], [ -76.6969, 39.0607 ], [ -76.669, 39.0678 ] ] ] } },
{ "type": "Feature", "properties": { "GEOIDFQ": "1400000US24003702402", "NAME": "7024.02", "NAMELSAD": "Census Tract 7024.02" }, "geometry": { "type": "Polygon", "coordinates": [ [ [ -76.5695, 39.0147 ], [ -76.5482, 38.9862 ], [ -76.536, 38.9832 ], [ -76.555, 38.9515 ], [ -76.5757, 38.9562 ], [ -76.5673, 38.9886 ], [ -76.5799, 39.0117 ], [ -76.5695, 39.0147 ] ] ] } },
{ "type": "Feature", "properties": { "GEOIDFQ": "1400000US24003731303", "NAME": "7313.03", "NAMELSAD": "Census Tract 7313.03" }, "geometry": { "type": "Polygon", "coordinates": [ [ [ -76.4823, 39.1186 ], [ -76.4776, 39.1258 ], [ -76.4433, 39.1266 ], [ -76.4285, 39.1443 ], [ -76.4096, 39.0748 ], [ -76.4146, 39.0494 ], [ -76.4525, 39.0632 ], [ -76.468, 39.1045 ], [ -76.4927, 39.1075 ], [ -76.5013, 39.1138 ], [ -76.4823, 39.1186 ] ] ] } },
{ "type": "Feature", "properties": { "GEOIDFQ": "1400000US24003730603", "NAME": "7306.03", "NAMELSAD": "Census Tract 7306.03" }, "geometry": { "type": "Polygon", "coordinates": [ [ [ -76.5896, 39.1261 ], [ -76.5654, 39.0993 ], [ -76.5766, 39.0913 ], [ -76.5938, 39.0952 ], [ -76.6023, 39.1081 ], [ -76.5896, 39.1261 ] ] ] } },
{ "type": "Feature", "properties": { "GEOIDFQ": "1400000US24003730601", "NAME": "7306.01", "NAMELSAD": "Census Tract 7306.01" }, "geometry": { "type": "Polygon", "coordinates": [ [ [ -76.6009, 39.1166 ], [ -76.5982, 39.0828 ], [ -76.6031, 39.0776 ], [ -76.6269, 39.0811 ], [ -76.6326, 39.111 ], [ -76.6009, 39.1166 ] ] ] } },
{ "type": "Feature", "properties": { "GEOIDFQ": "1400000US24003730902", "NAME": "7309.02", "NAMELSAD": "Census Tract 7309.02" }, "geometry": { "type": "Polygon", "coordinates": [ [ [ -76.4705, 39.0239 ], [ -76.4759, 39.0242 ], [ -76.476, 39.0316 ], [ -76.4532, 39.0358 ], [ -76.4495, 39.027 ], [ -76.4119, 39.0185 ], [ -76.4011, 39.0034 ], [ -76.4189, 38.9918 ], [ -76.4206, 38.9829 ], [ -76.4299, 38.9844 ], [ -76.4288, 38.9966 ], [ -76.4462, 38.9913 ], [ -76.4568, 39.0066 ], [ -76.4816, 39.0186 ], [ -76.4705, 39.0239 ] ] ] } },
{ "type": "Feature", "properties": { "GEOIDFQ": "1400000US24003706600", "NAME": "7066", "NAMELSAD": "Census Tract 7066" }, "geometry": { "type": "Polygon", "coordinates": [ [ [ -76.5103, 38.991 ], [ -76.4975, 39.0029 ], [ -76.4886, 38.9941 ], [ -76.4986, 38.9918 ], [ -76.4966, 38.9831 ], [ -76.5052, 38.9763 ], [ -76.5358, 38.9833 ], [ -76.5103, 38.991 ] ] ] } },
{ "type": "Feature", "properties": { "GEOIDFQ": "1400000US24003706500", "NAME": "7065", "NAMELSAD": "Census Tract 7065" }, "geometry": { "type": "Polygon", "coordinates": [ [ [ -76.536, 38.9832 ], [ -76.4967, 38.9785 ], [ -76.4964, 38.9717 ], [ -76.5102, 38.9718 ], [ -76.5128, 38.9639 ], [ -76.5388, 38.9788 ], [ -76.536, 38.9832 ] ] ] } },
{ "type": "Feature", "properties": { "GEOIDFQ": "1400000US24003741000", "NAME": "7410", "NAMELSAD": "Census Tract 7410" }, "geometry": { "type": "Polygon", "coordinates": [ [ [ -76.6693, 39.1098 ], [ -76.6515, 39.1083 ], [ -76.6412, 39.128 ], [ -76.6259, 39.083 ], [ -76.6554, 39.0851 ], [ -76.669, 39.0678 ], [ -76.6854, 39.1021 ], [ -76.6693, 39.1098 ] ] ] } },
{ "type": "Feature", "properties": { "GEOIDFQ": "1400000US24003707002", "NAME": "7070.02", "NAMELSAD": "Census Tract 7070.02" }, "geometry": { "type": "Polygon", "coordinates": [ [ [ -76.5522, 38.8145 ], [ -76.539, 38.8151 ], [ -76.5393, 38.8087 ], [ -76.5275, 38.805 ], [ -76.5095, 38.8072 ], [ -76.5032, 38.7963 ], [ -76.5215, 38.7931 ], [ -76.5321, 38.7747 ], [ -76.5506, 38.7668 ], [ -76.5637, 38.7754 ], [ -76.5522, 38.8145 ] ] ] } },
{ "type": "Feature", "properties": { "GEOIDFQ": "1400000US24003740203", "NAME": "7402.03", "NAMELSAD": "Census Tract 7402.03" }, "geometry": { "type": "Polygon", "coordinates": [ [ [ -76.6841, 39.1365 ], [ -76.6554, 39.1375 ], [ -76.6577, 39.1318 ], [ -76.6427, 39.1257 ], [ -76.6513, 39.1085 ], [ -76.6693, 39.1098 ], [ -76.6858, 39.1034 ], [ -76.6841, 39.1365 ] ] ] } },
{ "type": "Feature", "properties": { "GEOIDFQ": "1400000US24003701400", "NAME": "7014", "NAMELSAD": "Census Tract 7014" }, "geometry": { "type": "Polygon", "coordinates": [ [ [ -76.5685, 38.9268 ], [ -76.5334, 38.9064 ], [ -76.5206, 38.8751 ], [ -76.5066, 38.8628 ], [ -76.5299, 38.8522 ], [ -76.5446, 38.8331 ], [ -76.565, 38.8404 ], [ -76.6047, 38.8161 ], [ -76.6159, 38.8297 ], [ -76.6078, 38.8372 ], [ -76.6073, 38.8549 ], [ -76.62, 38.8646 ], [ -76.5685, 38.9268 ] ] ] } },
{ "type": "Feature", "properties": { "GEOIDFQ": "1400000US24041960502", "NAME": "9605.02", "NAMELSAD": "Census Tract 9605.02" }, "geometry": { "type": "Polygon", "coordinates": [ [ [ -76.0603, 38.7724 ], [ -76.0213, 38.7738 ], [ -75.9971, 38.7572 ], [ -75.9954, 38.7367 ], [ -76.0088, 38.7366 ], [ -76.0148, 38.7299 ], [ -76.0085, 38.7184 ], [ -76.0293, 38.7141 ], [ -76.0302, 38.7057 ], [ -76.0374, 38.7037 ], [ -76.0536, 38.714 ], [ -76.064, 38.7105 ], [ -76.0696, 38.7376 ], [ -76.0603, 38.7724 ] ] ] } },
{ "type": "Feature", "properties": { "GEOIDFQ": "1400000US24003751102", "NAME": "7511.02", "NAMELSAD": "Census Tract 7511.02" }, "geometry": { "type": "Polygon", "coordinates": [ [ [ -76.5841, 39.2079 ], [ -76.5735, 39.1935 ], [ -76.6049, 39.1697 ], [ -76.6135, 39.1817 ], [ -76.6145, 39.2063 ], [ -76.5841, 39.2079 ] ] ] } },
{ "type": "Feature", "properties": { "GEOIDFQ": "1400000US24005430400", "NAME": "4304", "NAMELSAD": "Census Tract 4304" }, "geometry": { "type": "Polygon", "coordinates": [ [ [ -76.6907, 39.2543 ], [ -76.6835, 39.2659 ], [ -76.6599, 39.2555 ], [ -76.6702, 39.2377 ], [ -76.6926, 39.2276 ], [ -76.6907, 39.2543 ] ] ] } },
{ "type": "Feature", "properties": { "GEOIDFQ": "1400000US24003731307", "NAME": "7313.07", "NAMELSAD": "Census Tract 7313.07" }, "geometry": { "type": "Polygon", "coordinates": [ [ [ -76.5265, 39.1409 ], [ -76.5156, 39.1324 ], [ -76.4791, 39.1245 ], [ -76.4823, 39.1186 ], [ -76.5013, 39.1138 ], [ -76.5348, 39.126 ], [ -76.5265, 39.1409 ] ] ] } },
{ "type": "Feature", "properties": { "GEOIDFQ": "1400000US24003750804", "NAME": "7508.04", "NAMELSAD": "Census Tract 7508.04" }, "geometry": { "type": "Polygon", "coordinates": [ [ [ -76.6327, 39.1851 ], [ -76.6246, 39.1866 ], [ -76.6286, 39.1954 ], [ -76.617, 39.1936 ], [ -76.614, 39.1991 ], [ -76.6131, 39.183 ], [ -76.6291, 39.1698 ], [ -76.6364, 39.1763 ], [ -76.6327, 39.1851 ] ] ] } },
{ "type": "Feature", "properties": { "GEOIDFQ": "1400000US24003701101", "NAME": "7011.01", "NAMELSAD": "Census Tract 7011.01" }, "geometry": { "type": "Polygon", "coordinates": [ [ [ -76.5977, 38.9477 ], [ -76.5739, 38.9557 ], [ -76.555, 38.9515 ], [ -76.5685, 38.9268 ], [ -76.5981, 38.9272 ], [ -76.5977, 38.9477 ] ] ] } },
{ "type": "Feature", "properties": { "GEOIDFQ": "1400000US24005491202", "NAME": "4912.02", "NAMELSAD": "Census Tract 4912.02" }, "geometry": { "type": "Polygon", "coordinates": [ [ [ -76.5712, 39.3934 ], [ -76.5654, 39.3916 ], [ -76.5767, 39.3852 ], [ -76.5838, 39.393 ], [ -76.5712, 39.3934 ] ] ] } },
{ "type": "Feature", "properties": { "GEOIDFQ": "1400000US24005491300", "NAME": "4913", "NAMELSAD": "Census Tract 4913" }, "geometry": { "type": "Polygon", "coordinates": [ [ [ -76.5889, 39.3946 ], [ -76.5767, 39.3852 ], [ -76.5822, 39.3721 ], [ -76.595, 39.3853 ], [ -76.5889, 39.3946 ] ] ] } },
{ "type": "Feature", "properties": { "GEOIDFQ": "1400000US24031701221", "NAME": "7012.21", "NAMELSAD": "Census Tract 7012.21" }, "geometry": { "type": "Polygon", "coordinates": [ [ [ -77.2072, 39.097 ], [ -77.1944, 39.0926 ], [ -77.202, 39.0791 ], [ -77.2187, 39.0848 ], [ -77.2072, 39.097 ] ] ] } },
{ "type": "Feature", "properties": { "GEOIDFQ": "1400000US24027601105", "NAME": "6011.05", "NAMELSAD": "Census Tract 6011.05" }, "geometry": { "type": "Polygon", "coordinates": [ [ [ -76.7978, 39.2364 ], [ -76.7853, 39.2148 ], [ -76.7967, 39.2073 ], [ -76.8078, 39.2214 ], [ -76.7978, 39.2364 ] ] ] } },
{ "type": "Feature", "properties": { "GEOIDFQ": "1400000US24027606706", "NAME": "6067.06", "NAMELSAD": "Census Tract 6067.06" }, "geometry": { "type": "Polygon", "coordinates": [ [ [ -76.8015, 39.2018 ], [ -76.7967, 39.2073 ], [ -76.787, 39.1798 ], [ -76.8081, 39.1884 ], [ -76.8187, 39.2017 ], [ -76.8015, 39.2018 ] ] ] } },
{ "type": "Feature", "properties": { "GEOIDFQ": "1400000US24027601107", "NAME": "6011.07", "NAMELSAD": "Census Tract 6011.07" }, "geometry": { "type": "Polygon", "coordinates": [ [ [ -76.7806, 39.1942 ], [ -76.7795, 39.1857 ], [ -76.787, 39.1798 ], [ -76.7943, 39.1971 ], [ -76.7806, 39.1942 ] ] ] } },
{ "type": "Feature", "properties": { "GEOIDFQ": "1400000US24003731105", "NAME": "7311.05", "NAMELSAD": "Census Tract 7311.05" }, "geometry": { "type": "Polygon", "coordinates": [ [ [ -76.519, 39.0566 ], [ -76.5096, 39.0763 ], [ -76.4961, 39.0721 ], [ -76.5033, 39.0543 ], [ -76.5224, 39.0517 ], [ -76.5276, 39.0581 ], [ -76.519, 39.0566 ] ] ] } },
{ "type": "Feature", "properties": { "GEOIDFQ": "1400000US24003731003", "NAME": "7310.03", "NAMELSAD": "Census Tract 7310.03" }, "geometry": { "type": "Polygon", "coordinates": [ [ [ -76.4445, 39.0396 ], [ -76.4514, 39.0527 ], [ -76.4405, 39.059 ], [ -76.4298, 39.0534 ], [ -76.4336, 39.0344 ], [ -76.4453, 39.0293 ], [ -76.4568, 39.0387 ], [ -76.4445, 39.0396 ] ] ] } },
{ "type": "Feature", "properties": { "GEOIDFQ": "1400000US24003740304", "NAME": "7403.04", "NAMELSAD": "Census Tract 7403.04" }, "geometry": { "type": "Polygon", "coordinates": [ [ [ -76.7008, 39.1035 ], [ -76.6857, 39.1023 ], [ -76.6733, 39.0703 ], [ -76.7171, 39.0922 ], [ -76.7008, 39.1035 ] ] ] } },
{ "type": "Feature", "properties": { "GEOIDFQ": "1400000US24003980000", "NAME": "9800", "NAMELSAD": "Census Tract 9800" }, "geometry": { "type": "Polygon", "coordinates": [ [ [ -76.6866, 39.1911 ], [ -76.6551, 39.1944 ], [ -76.6464, 39.1648 ], [ -76.6957, 39.1584 ], [ -76.6866, 39.1911 ] ] ] } },
{ "type": "Feature", "properties": { "GEOIDFQ": "1400000US24003702208", "NAME": "7022.08", "NAMELSAD": "Census Tract 7022.08" }, "geometry": { "type": "Polygon", "coordinates": [ [ [ -76.6688, 39.0431 ], [ -76.6558, 39.0378 ], [ -76.6504, 39.028 ], [ -76.6713, 39.023 ], [ -76.6852, 39.0298 ], [ -76.6688, 39.0431 ] ] ] } },
{ "type": "Feature", "properties": { "GEOIDFQ": "1400000US24003751700", "NAME": "7517", "NAMELSAD": "Census Tract 7517" }, "geometry": { "type": "Polygon", "coordinates": [ [ [ -76.6629, 38.9996 ], [ -76.6633, 39.0142 ], [ -76.6505, 39.0278 ], [ -76.6558, 39.0379 ], [ -76.6403, 39.0401 ], [ -76.6278, 39.0596 ], [ -76.6031, 39.0367 ], [ -76.6008, 39.026 ], [ -76.6135, 39.0302 ], [ -76.6154, 39.0258 ], [ -76.6089, 38.9861 ], [ -76.6715, 38.9951 ], [ -76.6629, 38.9996 ] ] ] } },
{ "type": "Feature", "properties": { "GEOIDFQ": "1400000US24003751200", "NAME": "7512", "NAMELSAD": "Census Tract 7512" }, "geometry": { "type": "Polygon", "coordinates": [ [ [ -76.7221, 39.1829 ], [ -76.6967, 39.2174 ], [ -76.6802, 39.2202 ], [ -76.6654, 39.2303 ], [ -76.655, 39.1955 ], [ -76.6628, 39.1909 ], [ -76.6866, 39.1911 ], [ -76.695, 39.1585 ], [ -76.7151, 39.1568 ], [ -76.7305, 39.1704 ], [ -76.7398, 39.1663 ], [ -76.7392, 39.1749 ], [ -76.7475, 39.1783 ], [ -76.7221, 39.1829 ] ] ] } },
{ "type": "Feature", "properties": { "GEOIDFQ": "1400000US24003751500", "NAME": "7515", "NAMELSAD": "Census Tract 7515" }, "geometry": { "type": "Polygon", "coordinates": [ [ [ -76.8271, 39.0898 ], [ -76.8356, 39.0966 ], [ -76.8225, 39.1008 ], [ -76.8024, 39.0966 ], [ -76.7778, 39.1144 ], [ -76.7644, 39.0947 ], [ -76.7721, 39.0849 ], [ -76.7812, 39.0866 ], [ -76.796, 39.0797 ], [ -76.8102, 39.0881 ], [ -76.8314, 39.069 ], [ -76.8381, 39.0736 ], [ -76.8271, 39.0898 ] ] ] } },
{ "type": "Feature", "properties": { "GEOIDFQ": "1400000US24021765100", "NAME": "7651", "NAMELSAD": "Census Tract 7651" }, "geometry": { "type": "Polygon", "coordinates": [ [ [ -77.4326, 39.406 ], [ -77.4349, 39.4153 ], [ -77.4118, 39.4078 ], [ -77.4093, 39.3999 ], [ -77.4403, 39.3994 ], [ -77.4326, 39.406 ] ] ] } },
{ "type": "Feature", "properties": { "GEOIDFQ": "1400000US24021773500", "NAME": "7735", "NAMELSAD": "Census Tract 7735" }, "geometry": { "type": "Polygon", "coordinates": [ [ [ -77.3594, 39.474 ], [ -77.3291, 39.4921 ], [ -77.326, 39.4801 ], [ -77.3348, 39.4695 ], [ -77.331, 39.4537 ], [ -77.3671, 39.4542 ], [ -77.3594, 39.474 ] ] ] } },
{ "type": "Feature", "properties": { "GEOIDFQ": "1400000US24021752302", "NAME": "7523.02", "NAMELSAD": "Census Tract 7523.02" }, "geometry": { "type": "Polygon", "coordinates": [ [ [ -77.4882, 39.2876 ], [ -77.4889, 39.3289 ], [ -77.4642, 39.3618 ], [ -77.4349, 39.3646 ], [ -77.4259, 39.3487 ], [ -77.4167, 39.3646 ], [ -77.4101, 39.3627 ], [ -77.4078, 39.35 ], [ -77.4218, 39.333 ], [ -77.4106, 39.3153 ], [ -77.4293, 39.3105 ], [ -77.446, 39.2693 ], [ -77.4271, 39.2533 ], [ -77.4482, 39.2403 ], [ -77.447, 39.2287 ], [ -77.4548, 39.2217 ], [ -77.4803, 39.2412 ], [ -77.4755, 39.2436 ], [ -77.484, 39.2506 ], [ -77.4774, 39.2598 ], [ -77.4949, 39.2721 ], [ -77.4882, 39.2876 ] ] ] } },
{ "type": "Feature", "properties": { "GEOIDFQ": "1400000US24021752303", "NAME": "7523.03", "NAMELSAD": "Census Tract 7523.03" }, "geometry": { "type": "Polygon", "coordinates": [ [ [ -77.5157, 39.3083 ], [ -77.5045, 39.3655 ], [ -77.453, 39.3827 ], [ -77.4457, 39.3712 ], [ -77.4642, 39.3618 ], [ -77.491, 39.3184 ], [ -77.4882, 39.2876 ], [ -77.4954, 39.2716 ], [ -77.4774, 39.2598 ], [ -77.484, 39.2506 ], [ -77.4755, 39.2436 ], [ -77.4803, 39.2412 ], [ -77.4905, 39.2491 ], [ -77.5358, 39.263 ], [ -77.5464, 39.2723 ], [ -77.5157, 39.3083 ] ] ] } },
{ "type": "Feature", "properties": { "GEOIDFQ": "1400000US24021750504", "NAME": "7505.04", "NAMELSAD": "Census Tract 7505.04" }, "geometry": { "type": "Polygon", "coordinates": [ [ [ -77.4439, 39.4319 ], [ -77.4346, 39.4324 ], [ -77.4271, 39.4244 ], [ -77.4349, 39.4153 ], [ -77.4509, 39.4183 ], [ -77.4439, 39.4319 ] ] ] } },
{ "type": "Feature", "properties": { "GEOIDFQ": "1400000US24021751002", "NAME": "7510.02", "NAMELSAD": "Census Tract 7510.02" }, "geometry": { "type": "Polygon", "coordinates": [ [ [ -77.4229, 39.3901 ], [ -77.4254, 39.3731 ], [ -77.436, 39.3765 ], [ -77.4414, 39.3884 ], [ -77.4229, 39.3901 ] ] ] } },
{ "type": "Feature", "properties": { "GEOIDFQ": "1400000US24031704403", "NAME": "7044.03", "NAMELSAD": "Census Tract 7044.03" }, "geometry": { "type": "Polygon", "coordinates": [ [ [ -77.1058, 39.0188 ], [ -77.0973, 39.016 ], [ -77.1061, 39.0143 ], [ -77.1058, 39.0188 ] ] ] } },
{ "type": "Feature", "properties": { "GEOIDFQ": "1400000US24510260202", "NAME": "2602.02", "NAMELSAD": "Census Tract 2602.02" }, "geometry": { "type": "Polygon", "coordinates": [ [ [ -76.5616, 39.3311 ], [ -76.5484, 39.3218 ], [ -76.555, 39.318 ], [ -76.5671, 39.3268 ], [ -76.5616, 39.3311 ] ] ] } },
{ "type": "Feature", "properties": { "GEOIDFQ": "1400000US24510260203", "NAME": "2602.03", "NAMELSAD": "Census Tract 2602.03" }, "geometry": { "type": "Polygon", "coordinates": [ [ [ -76.5408, 39.3236 ], [ -76.5417, 39.3292 ], [ -76.533, 39.3306 ], [ -76.5481, 39.3163 ], [ -76.555, 39.318 ], [ -76.5408, 39.3236 ] ] ] } },
{ "type": "Feature", "properties": { "GEOIDFQ": "1400000US24510260301", "NAME": "2603.01", "NAMELSAD": "Census Tract 2603.01" }, "geometry": { "type": "Polygon", "coordinates": [ [ [ -76.5675, 39.3264 ], [ -76.5598, 39.321 ], [ -76.5704, 39.3184 ], [ -76.5675, 39.3264 ] ] ] } },
{ "type": "Feature", "properties": { "GEOIDFQ": "1400000US24510260302", "NAME": "2603.02", "NAMELSAD": "Census Tract 2603.02" }, "geometry": { "type": "Polygon", "coordinates": [ [ [ -76.5717, 39.3203 ], [ -76.555, 39.318 ], [ -76.5636, 39.3137 ], [ -76.5731, 39.3151 ], [ -76.5717, 39.3203 ] ] ] } },
{ "type": "Feature", "properties": { "GEOIDFQ": "1400000US24021750801", "NAME": "7508.01", "NAMELSAD": "Census Tract 7508.01" }, "geometry": { "type": "Polygon", "coordinates": [ [ [ -77.4032, 39.4436 ], [ -77.3903, 39.4469 ], [ -77.4031, 39.4354 ], [ -77.4042, 39.4224 ], [ -77.4196, 39.4287 ], [ -77.4032, 39.4436 ] ] ] } },
{ "type": "Feature", "properties": { "GEOIDFQ": "1400000US24021750505", "NAME": "7505.05", "NAMELSAD": "Census Tract 7505.05" }, "geometry": { "type": "Polygon", "coordinates": [ [ [ -77.4349, 39.4153 ], [ -77.4326, 39.406 ], [ -77.438, 39.4021 ], [ -77.4537, 39.4093 ], [ -77.4539, 39.4171 ], [ -77.4349, 39.4153 ] ] ] } },
{ "type": "Feature", "properties": { "GEOIDFQ": "1400000US24021751001", "NAME": "7510.01", "NAMELSAD": "Census Tract 7510.01" }, "geometry": { "type": "Polygon", "coordinates": [ [ [ -77.4441, 39.3799 ], [ -77.4414, 39.3884 ], [ -77.4339, 39.3749 ], [ -77.4457, 39.3729 ], [ -77.4441, 39.3799 ] ] ] } },
{ "type": "Feature", "properties": { "GEOIDFQ": "1400000US24021753001", "NAME": "7530.01", "NAMELSAD": "Census Tract 7530.01" }, "geometry": { "type": "Polygon", "coordinates": [ [ [ -77.425, 39.6073 ], [ -77.4288, 39.6152 ], [ -77.4107, 39.6356 ], [ -77.4116, 39.6237 ], [ -77.3817, 39.6145 ], [ -77.372, 39.5847 ], [ -77.3935, 39.599 ], [ -77.401, 39.5878 ], [ -77.4354, 39.5835 ], [ -77.425, 39.6073 ] ] ] } },
{ "type": "Feature", "properties": { "GEOIDFQ": "1400000US24021752801", "NAME": "7528.01", "NAMELSAD": "Census Tract 7528.01" }, "geometry": { "type": "Polygon", "coordinates": [ [ [ -77.5454, 39.6334 ], [ -77.5328, 39.6312 ], [ -77.5187, 39.6362 ], [ -77.5081, 39.6114 ], [ -77.4788, 39.601 ], [ -77.4982, 39.5796 ], [ -77.5106, 39.5255 ], [ -77.534, 39.5099 ], [ -77.5438, 39.5108 ], [ -77.5481, 39.5184 ], [ -77.5429, 39.5343 ], [ -77.5588, 39.5916 ], [ -77.5591, 39.623 ], [ -77.5454, 39.6334 ] ] ] } },
{ "type": "Feature", "properties": { "GEOIDFQ": "1400000US24021752102", "NAME": "7521.02", "NAMELSAD": "Census Tract 7521.02" }, "geometry": { "type": "Polygon", "coordinates": [ [ [ -77.3177, 39.3365 ], [ -77.3233, 39.3606 ], [ -77.3089, 39.3604 ], [ -77.3015, 39.3702 ], [ -77.2722, 39.3726 ], [ -77.2694, 39.3603 ], [ -77.2454, 39.3534 ], [ -77.2175, 39.3314 ], [ -77.2441, 39.3189 ], [ -77.2512, 39.3281 ], [ -77.2763, 39.3295 ], [ -77.298, 39.3127 ], [ -77.3138, 39.2865 ], [ -77.325, 39.2812 ], [ -77.3339, 39.296 ], [ -77.3177, 39.3365 ] ] ] } },
{ "type": "Feature", "properties": { "GEOIDFQ": "1400000US24021752101", "NAME": "7521.01", "NAMELSAD": "Census Tract 7521.01" }, "geometry": { "type": "Polygon", "coordinates": [ [ [ -77.298, 39.3127 ], [ -77.2763, 39.3295 ], [ -77.2512, 39.3281 ], [ -77.2431, 39.3212 ], [ -77.3138, 39.2865 ], [ -77.298, 39.3127 ] ] ] } },
{ "type": "Feature", "properties": { "GEOIDFQ": "1400000US24021752202", "NAME": "7522.02", "NAMELSAD": "Census Tract 7522.02" }, "geometry": { "type": "Polygon", "coordinates": [ [ [ -77.3408, 39.3431 ], [ -77.334, 39.3336 ], [ -77.3433, 39.328 ], [ -77.3506, 39.3406 ], [ -77.3408, 39.3431 ] ] ] } },
{ "type": "Feature", "properties": { "GEOIDFQ": "1400000US24021751701", "NAME": "7517.01", "NAMELSAD": "Census Tract 7517.01" }, "geometry": { "type": "Polygon", "coordinates": [ [ [ -77.3648, 39.4437 ], [ -77.3672, 39.4541 ], [ -77.331, 39.4537 ], [ -77.3348, 39.4695 ], [ -77.326, 39.4801 ], [ -77.3291, 39.4921 ], [ -77.2885, 39.499 ], [ -77.2797, 39.4872 ], [ -77.2868, 39.4718 ], [ -77.2776, 39.4463 ], [ -77.2693, 39.4409 ], [ -77.2822, 39.437 ], [ -77.282, 39.4272 ], [ -77.379, 39.4335 ], [ -77.3936, 39.441 ], [ -77.3648, 39.4437 ] ] ] } },
{ "type": "Feature", "properties": { "GEOIDFQ": "1400000US24005410200", "NAME": "4102", "NAMELSAD": "Census Tract 4102" }, "geometry": { "type": "Polygon", "coordinates": [ [ [ -76.5672, 39.4897 ], [ -76.5712, 39.5035 ], [ -76.5572, 39.5256 ], [ -76.5278, 39.5435 ], [ -76.5104, 39.5244 ], [ -76.4975, 39.5246 ], [ -76.5088, 39.512 ], [ -76.5027, 39.5078 ], [ -76.5259, 39.4956 ], [ -76.5229, 39.4898 ], [ -76.5573, 39.4493 ], [ -76.5806, 39.4524 ], [ -76.5672, 39.4897 ] ] ] } },
{ "type": "Feature", "properties": { "GEOIDFQ": "1400000US24510260303", "NAME": "2603.03", "NAMELSAD": "Census Tract 2603.03" }, "geometry": { "type": "Polygon", "coordinates": [ [ [ -76.555, 39.318 ], [ -76.5489, 39.3161 ], [ -76.5612, 39.309 ], [ -76.573, 39.3093 ], [ -76.5731, 39.3143 ], [ -76.555, 39.318 ] ] ] } },
{ "type": "Feature", "properties": { "GEOIDFQ": "1400000US24510260401", "NAME": "2604.01", "NAMELSAD": "Census Tract 2604.01" }, "geometry": { "type": "Polygon", "coordinates": [ [ [ -76.5481, 39.3112 ], [ -76.5431, 39.3074 ], [ -76.5535, 39.3002 ], [ -76.5655, 39.309 ], [ -76.5481, 39.3112 ] ] ] } },
{ "type": "Feature", "properties": { "GEOIDFQ": "1400000US24025303206", "NAME": "3032.06", "NAMELSAD": "Census Tract 3032.06" }, "geometry": { "type": "Polygon", "coordinates": [ [ [ -76.3766, 39.5534 ], [ -76.3703, 39.5581 ], [ -76.3693, 39.5438 ], [ -76.3853, 39.5437 ], [ -76.3923, 39.538 ], [ -76.3984, 39.5593 ], [ -76.3766, 39.5534 ] ] ] } },
{ "type": "Feature", "properties": { "GEOIDFQ": "1400000US24031700811", "NAME": "7008.11", "NAMELSAD": "Census Tract 7008.11" }, "geometry": { "type": "Polygon", "coordinates": [ [ [ -77.1961, 39.1889 ], [ -77.1868, 39.1877 ], [ -77.1899, 39.1717 ], [ -77.202, 39.1785 ], [ -77.1961, 39.1889 ] ] ] } },
{ "type": "Feature", "properties": { "GEOIDFQ": "1400000US24031700815", "NAME": "7008.15", "NAMELSAD": "Census Tract 7008.15" }, "geometry": { "type": "Polygon", "coordinates": [ [ [ -77.2715, 39.1738 ], [ -77.2479, 39.1589 ], [ -77.2547, 39.1542 ], [ -77.2816, 39.1622 ], [ -77.2715, 39.1738 ] ] ] } },
{ "type": "Feature", "properties": { "GEOIDFQ": "1400000US24025301105", "NAME": "3011.05", "NAMELSAD": "Census Tract 3011.05" }, "geometry": { "type": "Polygon", "coordinates": [ [ [ -76.3018, 39.4862 ], [ -76.2964, 39.4763 ], [ -76.3068, 39.4754 ], [ -76.3184, 39.4883 ], [ -76.3018, 39.4862 ] ] ] } },
{ "type": "Feature", "properties": { "GEOIDFQ": "1400000US24003731002", "NAME": "7310.02", "NAMELSAD": "Census Tract 7310.02" }, "geometry": { "type": "Polygon", "coordinates": [ [ [ -76.4336, 39.0344 ], [ -76.4298, 39.0534 ], [ -76.4146, 39.0494 ], [ -76.3898, 39.0215 ], [ -76.3889, 39.0126 ], [ -76.4011, 39.0034 ], [ -76.4129, 39.0191 ], [ -76.4494, 39.0271 ], [ -76.4336, 39.0344 ] ] ] } },
{ "type": "Feature", "properties": { "GEOIDFQ": "1400000US24033800606", "NAME": "8006.06", "NAMELSAD": "Census Tract 8006.06" }, "geometry": { "type": "Polygon", "coordinates": [ [ [ -76.7671, 38.8381 ], [ -76.7477, 38.8217 ], [ -76.7637, 38.8192 ], [ -76.7752, 38.8396 ], [ -76.7671, 38.8381 ] ] ] } },
{ "type": "Feature", "properties": { "GEOIDFQ": "1400000US24033802901", "NAME": "8029.01", "NAMELSAD": "Census Tract 8029.01" }, "geometry": { "type": "Polygon", "coordinates": [ [ [ -76.9107, 38.8996 ], [ -76.9005, 38.9022 ], [ -76.8995, 38.9034 ], [ -76.8989, 38.9032 ], [ -76.8927, 38.8875 ], [ -76.9132, 38.8899 ], [ -76.9107, 38.8996 ] ] ] } },
{ "type": "Feature", "properties": { "GEOIDFQ": "1400000US24033807404", "NAME": "8074.04", "NAMELSAD": "Census Tract 8074.04" }, "geometry": { "type": "Polygon", "coordinates": [ [ [ -76.9113, 39.038 ], [ -76.9259, 39.0516 ], [ -76.9046, 39.0578 ], [ -76.8907, 39.0488 ], [ -76.9014, 39.0231 ], [ -76.9071, 39.0231 ], [ -76.9087, 39.015 ], [ -76.9266, 39.0184 ], [ -76.9113, 39.038 ] ] ] } },
{ "type": "Feature", "properties": { "GEOIDFQ": "1400000US24033800900", "NAME": "8009", "NAMELSAD": "Census Tract 8009" }, "geometry": { "type": "Polygon", "coordinates": [ [ [ -76.8063, 38.6519 ], [ -76.8077, 38.6625 ], [ -76.7875, 38.6661 ], [ -76.776, 38.6593 ], [ -76.7484, 38.6619 ], [ -76.7164, 38.6437 ], [ -76.6922, 38.6432 ], [ -76.692, 38.6349 ], [ -76.6723, 38.6175 ], [ -76.6807, 38.5805 ], [ -76.6723, 38.5528 ], [ -76.6755, 38.5359 ], [ -76.7406, 38.5588 ], [ -76.7485, 38.6182 ], [ -76.8158, 38.6421 ], [ -76.8063, 38.6519 ] ] ] } },
{ "type": "Feature", "properties": { "GEOIDFQ": "1400000US24033805904", "NAME": "8059.04", "NAMELSAD": "Census Tract 8059.04" }, "geometry": { "type": "Polygon", "coordinates": [ [ [ -76.9688, 39.005 ], [ -76.9557, 38.9856 ], [ -76.9643, 38.9849 ], [ -76.9823, 39.0013 ], [ -76.9688, 39.005 ] ] ] } },
{ "type": "Feature", "properties": { "GEOIDFQ": "1400000US24033800106", "NAME": "8001.06", "NAMELSAD": "Census Tract 8001.06" }, "geometry": { "type": "Polygon", "coordinates": [ [ [ -76.89, 39.0999 ], [ -76.872, 39.1029 ], [ -76.8757, 39.0943 ], [ -76.8572, 39.0918 ], [ -76.8938, 39.0896 ], [ -76.89, 39.0999 ] ] ] } },
{ "type": "Feature", "properties": { "GEOIDFQ": "1400000US24033803900", "NAME": "8039", "NAMELSAD": "Census Tract 8039" }, "geometry": { "type": "Polygon", "coordinates": [ [ [ -76.9236, 38.954 ], [ -76.9162, 38.9532 ], [ -76.9203, 38.9444 ], [ -76.9293, 38.948 ], [ -76.9236, 38.954 ] ] ] } },
{ "type": "Feature", "properties": { "GEOIDFQ": "1400000US24033804001", "NAME": "8040.01", "NAMELSAD": "Census Tract 8040.01" }, "geometry": { "type": "Polygon", "coordinates": [ [ [ -76.9162, 38.9532 ], [ -76.9094, 38.9531 ], [ -76.9144, 38.9392 ], [ -76.9162, 38.9532 ] ] ] } },
{ "type": "Feature", "properties": { "GEOIDFQ": "1400000US24033804101", "NAME": "8041.01", "NAMELSAD": "Census Tract 8041.01" }, "geometry": { "type": "Polygon", "coordinates": [ [ [ -76.9087, 38.9247 ], [ -76.9145, 38.9343 ], [ -76.896, 38.9298 ], [ -76.9156, 38.9182 ], [ -76.9087, 38.9247 ] ] ] } },
{ "type": "Feature", "properties": { "GEOIDFQ": "1400000US24033804102", "NAME": "8041.02", "NAMELSAD": "Census Tract 8041.02" }, "geometry": { "type": "Polygon", "coordinates": [ [ [ -76.8976, 38.9455 ], [ -76.8865, 38.9374 ], [ -76.8976, 38.9305 ], [ -76.9168, 38.9354 ], [ -76.8976, 38.9455 ] ] ] } },
{ "type": "Feature", "properties": { "GEOIDFQ": "1400000US24033806708", "NAME": "8067.08", "NAMELSAD": "Census Tract 8067.08" }, "geometry": { "type": "Polygon", "coordinates": [ [ [ -76.8925, 39.0063 ], [ -76.8631, 39.0072 ], [ -76.8863, 38.9917 ], [ -76.8925, 39.0063 ] ] ] } },
{ "type": "Feature", "properties": { "GEOIDFQ": "1400000US24005430800", "NAME": "4308", "NAMELSAD": "Census Tract 4308" }, "geometry": { "type": "Polygon", "coordinates": [ [ [ -76.7001, 39.2547 ], [ -76.7061, 39.2611 ], [ -76.6904, 39.2556 ], [ -76.6915, 39.2479 ], [ -76.7084, 39.2461 ], [ -76.7001, 39.2547 ] ] ] } },
{ "type": "Feature", "properties": { "GEOIDFQ": "1400000US24510090200", "NAME": "902", "NAMELSAD": "Census Tract 902" }, "geometry": { "type": "Polygon", "coordinates": [ [ [ -76.5799, 39.3401 ], [ -76.5765, 39.3339 ], [ -76.5846, 39.327 ], [ -76.5951, 39.3283 ], [ -76.6002, 39.3401 ], [ -76.5799, 39.3401 ] ] ] } },
{ "type": "Feature", "properties": { "GEOIDFQ": "1400000US24510090300", "NAME": "903", "NAMELSAD": "Census Tract 903" }, "geometry": { "type": "Polygon", "coordinates": [ [ [ -76.5954, 39.334 ], [ -76.5951, 39.3283 ], [ -76.6094, 39.3283 ], [ -76.6095, 39.3345 ], [ -76.5954, 39.334 ] ] ] } },
{ "type": "Feature", "properties": { "GEOIDFQ": "1400000US24510090400", "NAME": "904", "NAMELSAD": "Census Tract 904" }, "geometry": { "type": "Polygon", "coordinates": [ [ [ -76.6089, 39.3265 ], [ -76.6015, 39.3237 ], [ -76.6058, 39.3195 ], [ -76.6089, 39.3265 ] ] ] } },
{ "type": "Feature", "properties": { "GEOIDFQ": "1400000US24510090500", "NAME": "905", "NAMELSAD": "Census Tract 905" }, "geometry": { "type": "Polygon", "coordinates": [ [ [ -76.5951, 39.3283 ], [ -76.5939, 39.3262 ], [ -76.6015, 39.3188 ], [ -76.6094, 39.3272 ], [ -76.5951, 39.3283 ] ] ] } },
{ "type": "Feature", "properties": { "GEOIDFQ": "1400000US24510090600", "NAME": "906", "NAMELSAD": "Census Tract 906" }, "geometry": { "type": "Polygon", "coordinates": [ [ [ -76.5893, 39.3284 ], [ -76.5846, 39.327 ], [ -76.5907, 39.3212 ], [ -76.5952, 39.3281 ], [ -76.5893, 39.3284 ] ] ] } },
{ "type": "Feature", "properties": { "GEOIDFQ": "1400000US24510090700", "NAME": "907", "NAMELSAD": "Census Tract 907" }, "geometry": { "type": "Polygon", "coordinates": [ [ [ -76.5995, 39.3208 ], [ -76.5939, 39.3262 ], [ -76.5911, 39.3208 ], [ -76.5995, 39.3208 ] ] ] } },
{ "type": "Feature", "properties": { "GEOIDFQ": "1400000US24035810400", "NAME": "8104", "NAMELSAD": "Census Tract 8104" }, "geometry": { "type": "Polygon", "coordinates": [ [ [ -76.1474, 39.0997 ], [ -76.1171, 39.1071 ], [ -76.0928, 39.1277 ], [ -76.0741, 39.1348 ], [ -76.0786, 39.1511 ], [ -76.0468, 39.1632 ], [ -76.037, 39.1565 ], [ -76.0532, 39.1298 ], [ -76.0407, 39.115 ], [ -76.0126, 39.1017 ], [ -75.9761, 39.097 ], [ -75.9815, 39.0778 ], [ -76.0088, 39.069 ], [ -76.0182, 39.0489 ], [ -76.008, 39.0469 ], [ -76.0263, 39.0275 ], [ -76.052, 39.0335 ], [ -76.0664, 39.0448 ], [ -76.077, 39.0314 ], [ -76.0763, 39.0147 ], [ -76.0989, 39.013 ], [ -76.116, 39.0213 ], [ -76.1363, 39.0196 ], [ -76.1383, 39.0366 ], [ -76.1654, 39.0572 ], [ -76.1474, 39.0997 ] ] ] } },
{ "type": "Feature", "properties": { "GEOIDFQ": "1400000US24035810200", "NAME": "8102", "NAMELSAD": "Census Tract 8102" }, "geometry": { "type": "Polygon", "coordinates": [ [ [ -75.9158, 39.1493 ], [ -75.9043, 39.1526 ], [ -75.9045, 39.1798 ], [ -75.8924, 39.1843 ], [ -75.8982, 39.1999 ], [ -75.863, 39.2027 ], [ -75.8698, 39.2265 ], [ -75.8355, 39.2333 ], [ -75.826, 39.2252 ], [ -75.817, 39.2393 ], [ -75.8201, 39.2462 ], [ -75.7968, 39.2413 ], [ -75.7567, 39.2469 ], [ -75.7478, 39.1433 ], [ -75.7911, 39.1328 ], [ -75.8349, 39.1084 ], [ -75.8528, 39.0679 ], [ -75.8835, 39.0759 ], [ -75.8889, 39.084 ], [ -75.8773, 39.0924 ], [ -75.9185, 39.1174 ], [ -75.9158, 39.1493 ] ] ] } },
{ "type": "Feature", "properties": { "GEOIDFQ": "1400000US24005440200", "NAME": "4402", "NAMELSAD": "Census Tract 4402" }, "geometry": { "type": "Polygon", "coordinates": [ [ [ -76.5298, 39.3716 ], [ -76.5197, 39.3795 ], [ -76.5138, 39.3699 ], [ -76.5298, 39.3556 ], [ -76.5298, 39.3716 ] ] ] } },
{ "type": "Feature", "properties": { "GEOIDFQ": "1400000US24005440300", "NAME": "4403", "NAMELSAD": "Census Tract 4403" }, "geometry": { "type": "Polygon", "coordinates": [ [ [ -76.5141, 39.3804 ], [ -76.5009, 39.3818 ], [ -76.5138, 39.3699 ], [ -76.5246, 39.3859 ], [ -76.5141, 39.3804 ] ] ] } },
{ "type": "Feature", "properties": { "GEOIDFQ": "1400000US24005440400", "NAME": "4404", "NAMELSAD": "Census Tract 4404" }, "geometry": { "type": "Polygon", "coordinates": [ [ [ -76.5229, 39.3616 ], [ -76.5124, 39.3545 ], [ -76.5149, 39.3417 ], [ -76.5297, 39.3361 ], [ -76.5229, 39.3616 ] ] ] } },
{ "type": "Feature", "properties": { "GEOIDFQ": "1400000US24005430900", "NAME": "4309", "NAMELSAD": "Census Tract 4309" }, "geometry": { "type": "Polygon", "coordinates": [ [ [ -76.6886, 39.2682 ], [ -76.6835, 39.2659 ], [ -76.6904, 39.2556 ], [ -76.7111, 39.2624 ], [ -76.6886, 39.2682 ] ] ] } },
{ "type": "Feature", "properties": { "GEOIDFQ": "1400000US24005440100", "NAME": "4401", "NAMELSAD": "Census Tract 4401" }, "geometry": { "type": "Polygon", "coordinates": [ [ [ -76.5302, 39.3885 ], [ -76.5208, 39.3823 ], [ -76.5281, 39.3716 ], [ -76.5441, 39.3724 ], [ -76.5302, 39.3885 ] ] ] } },
{ "type": "Feature", "properties": { "GEOIDFQ": "1400000US24035810600", "NAME": "8106", "NAMELSAD": "Census Tract 8106" }, "geometry": { "type": "Polygon", "coordinates": [ [ [ -76.205, 38.8833 ], [ -76.2102, 38.9282 ], [ -76.2, 38.9384 ], [ -76.1899, 38.9347 ], [ -76.1698, 38.9397 ], [ -76.1717, 38.9634 ], [ -76.194, 38.9839 ], [ -76.1679, 39.0028 ], [ -76.1874, 39.0472 ], [ -76.1778, 39.0626 ], [ -76.1649, 39.0689 ], [ -76.1651, 39.0533 ], [ -76.1383, 39.0366 ], [ -76.1367, 39.0198 ], [ -76.116, 39.0213 ], [ -76.0989, 39.013 ], [ -76.0763, 39.0147 ], [ -76.07, 38.9756 ], [ -76.0811, 38.9426 ], [ -76.0973, 38.9441 ], [ -76.111, 38.9267 ], [ -76.1155, 38.9137 ], [ -76.1035, 38.8823 ], [ -76.1214, 38.8824 ], [ -76.128, 38.876 ], [ -76.1465, 38.8825 ], [ -76.1618, 38.8813 ], [ -76.1699, 38.8656 ], [ -76.1822, 38.8586 ], [ -76.1924, 38.8638 ], [ -76.2023, 38.8474 ], [ -76.2106, 38.8566 ], [ -76.205, 38.8833 ] ] ] } },
{ "type": "Feature", "properties": { "GEOIDFQ": "1400000US24035810100", "NAME": "8101", "NAMELSAD": "Census Tract 8101" }, "geometry": { "type": "Polygon", "coordinates": [ [ [ -76.0205, 39.2274 ], [ -76.0094, 39.2401 ], [ -75.9878, 39.2393 ], [ -75.9853, 39.246 ], [ -75.9407, 39.2385 ], [ -75.895, 39.2471 ], [ -75.8918, 39.2541 ], [ -75.8743, 39.2497 ], [ -75.8644, 39.2615 ], [ -75.8397, 39.2577 ], [ -75.817, 39.2393 ], [ -75.826, 39.2252 ], [ -75.8355, 39.2333 ], [ -75.8698, 39.2265 ], [ -75.863, 39.2027 ], [ -75.8959, 39.2016 ], [ -75.8924, 39.1843 ], [ -75.9198, 39.1721 ], [ -75.919, 39.1776 ], [ -75.937, 39.1854 ], [ -75.96, 39.1785 ], [ -75.962, 39.1852 ], [ -76.0034, 39.1883 ], [ -76.0035, 39.2051 ], [ -76.0102, 39.2031 ], [ -76.0107, 39.2107 ], [ -76.0369, 39.2212 ], [ -76.0205, 39.2274 ] ] ] } },
{ "type": "Feature", "properties": { "GEOIDFQ": "1400000US24035810500", "NAME": "8105", "NAMELSAD": "Census Tract 8105" }, "geometry": { "type": "Polygon", "coordinates": [ [ [ -76.0698, 38.977 ], [ -76.0774, 39.0292 ], [ -76.0664, 39.0448 ], [ -76.052, 39.0335 ], [ -76.0263, 39.0275 ], [ -76.008, 39.0469 ], [ -76.0182, 39.0489 ], [ -76.0088, 39.069 ], [ -75.9796, 39.0797 ], [ -75.9414, 39.0771 ], [ -75.8913, 39.0798 ], [ -75.8889, 39.084 ], [ -75.8835, 39.0759 ], [ -75.8528, 39.0679 ], [ -75.8784, 39.0472 ], [ -75.8906, 39.0184 ], [ -75.9049, 39.0163 ], [ -75.9041, 39.0104 ], [ -75.9409, 38.9766 ], [ -75.9381, 38.9591 ], [ -75.9534, 38.9382 ], [ -75.948, 38.9362 ], [ -75.9493, 38.9183 ], [ -76.0811, 38.9428 ], [ -76.0698, 38.977 ] ] ] } },
{ "type": "Feature", "properties": { "GEOIDFQ": "1400000US24035810300", "NAME": "8103", "NAMELSAD": "Census Tract 8103" }, "geometry": { "type": "Polygon", "coordinates": [ [ [ -76.0577, 39.2093 ], [ -76.0369, 39.2212 ], [ -76.0107, 39.2107 ], [ -76.0102, 39.2031 ], [ -76.0035, 39.2051 ], [ -76.0033, 39.1882 ], [ -75.962, 39.1852 ], [ -75.96, 39.1785 ], [ -75.937, 39.1854 ], [ -75.919, 39.1776 ], [ -75.9198, 39.1721 ], [ -75.9045, 39.1798 ], [ -75.9043, 39.1526 ], [ -75.9158, 39.1493 ], [ -75.9185, 39.1174 ], [ -75.8773, 39.0924 ], [ -75.8913, 39.0798 ], [ -75.9716, 39.0761 ], [ -75.9796, 39.0797 ], [ -75.9761, 39.097 ], [ -76.0267, 39.107 ], [ -76.0525, 39.1288 ], [ -76.037, 39.1565 ], [ -76.0468, 39.1632 ], [ -76.0397, 39.1741 ], [ -76.0644, 39.1846 ], [ -76.0688, 39.1923 ], [ -76.0577, 39.2093 ] ] ] } },
{ "type": "Feature", "properties": { "GEOIDFQ": "1400000US24037876001", "NAME": "8760.01", "NAMELSAD": "Census Tract 8760.01" }, "geometry": { "type": "Polygon", "coordinates": [ [ [ -76.4779, 38.2867 ], [ -76.4523, 38.2658 ], [ -76.475, 38.2568 ], [ -76.4841, 38.2655 ], [ -76.4914, 38.2568 ], [ -76.4947, 38.276 ], [ -76.4779, 38.2867 ] ] ] } },
{ "type": "Feature", "properties": { "GEOIDFQ": "1400000US24039930200", "NAME": "9302", "NAMELSAD": "Census Tract 9302" }, "geometry": { "type": "Polygon", "coordinates": [ [ [ -76.0316, 38.1475 ], [ -75.9938, 38.1624 ], [ -75.9748, 38.2023 ], [ -75.9485, 38.216 ], [ -75.8242, 38.2217 ], [ -75.8295, 38.2165 ], [ -75.8203, 38.2126 ], [ -75.8226, 38.2088 ], [ -75.7793, 38.2009 ], [ -75.78, 38.1963 ], [ -75.762, 38.1879 ], [ -75.7904, 38.1375 ], [ -75.8421, 38.1353 ], [ -75.8746, 38.1179 ], [ -75.8619, 38.1056 ], [ -75.8831, 38.0782 ], [ -75.8789, 38.0132 ], [ -75.9029, 37.9765 ], [ -75.8959, 37.9105 ], [ -75.9527, 37.9068 ], [ -75.9437, 37.9461 ], [ -75.9933, 37.9535 ], [ -76.052, 37.9536 ], [ -76.0553, 37.9838 ], [ -76.0498, 38.0294 ], [ -76.035, 38.0384 ], [ -76.0133, 38.042 ], [ -75.9684, 38.0228 ], [ -75.9657, 38.0167 ], [ -75.9649, 38.0041 ], [ -75.9809, 38.0015 ], [ -75.974, 37.9856 ], [ -75.9889, 37.9803 ], [ -75.9861, 37.9611 ], [ -75.9147, 37.9585 ], [ -75.8914, 38.0001 ], [ -75.9028, 38.016 ], [ -75.9087, 38.0453 ], [ -75.9012, 38.0496 ], [ -75.9074, 38.1209 ], [ -75.9276, 38.1209 ], [ -75.9326, 38.1101 ], [ -75.9439, 38.108 ], [ -75.9596, 38.1167 ], [ -75.9598, 38.1251 ], [ -76.0058, 38.1251 ], [ -75.9997, 38.081 ], [ -76.0134, 38.0683 ], [ -76.0356, 38.0728 ], [ -76.0631, 38.0933 ], [ -76.0316, 38.1475 ] ] ] } },
{ "type": "Feature", "properties": { "GEOIDFQ": "1400000US24021767600", "NAME": "7676", "NAMELSAD": "Census Tract 7676" }, "geometry": { "type": "Polygon", "coordinates": [ [ [ -77.3525, 39.5313 ], [ -77.3587, 39.5616 ], [ -77.3379, 39.5661 ], [ -77.3388, 39.5777 ], [ -77.3133, 39.5808 ], [ -77.3106, 39.5885 ], [ -77.2988, 39.5884 ], [ -77.3067, 39.6026 ], [ -77.2716, 39.6062 ], [ -77.2606, 39.594 ], [ -77.2602, 39.6025 ], [ -77.2509, 39.6017 ], [ -77.2425, 39.5912 ], [ -77.2959, 39.5641 ], [ -77.3034, 39.5379 ], [ -77.266, 39.5209 ], [ -77.2648, 39.5104 ], [ -77.2717, 39.5048 ], [ -77.2782, 39.5084 ], [ -77.2825, 39.4998 ], [ -77.3317, 39.4914 ], [ -77.3695, 39.5037 ], [ -77.3781, 39.5117 ], [ -77.3525, 39.5313 ] ] ] } },
{ "type": "Feature", "properties": { "GEOIDFQ": "1400000US24021767500", "NAME": "7675", "NAMELSAD": "Census Tract 7675" }, "geometry": { "type": "Polygon", "coordinates": [ [ [ -77.3935, 39.599 ], [ -77.372, 39.5847 ], [ -77.3817, 39.6145 ], [ -77.3649, 39.6233 ], [ -77.3652, 39.6301 ], [ -77.3938, 39.6408 ], [ -77.3786, 39.6577 ], [ -77.38, 39.6698 ], [ -77.3562, 39.6765 ], [ -77.3381, 39.6609 ], [ -77.3346, 39.6779 ], [ -77.3204, 39.6832 ], [ -77.3009, 39.6716 ], [ -77.2851, 39.6744 ], [ -77.2841, 39.6949 ], [ -77.297, 39.6997 ], [ -77.293, 39.7199 ], [ -77.2157, 39.7192 ], [ -77.2156, 39.7127 ], [ -77.2268, 39.7073 ], [ -77.2163, 39.6974 ], [ -77.2433, 39.6947 ], [ -77.2345, 39.6774 ], [ -77.2662, 39.6623 ], [ -77.2756, 39.6472 ], [ -77.2714, 39.6417 ], [ -77.2792, 39.6364 ], [ -77.276, 39.6319 ], [ -77.2915, 39.6306 ], [ -77.3001, 39.6393 ], [ -77.3114, 39.6395 ], [ -77.2995, 39.6239 ], [ -77.3074, 39.619 ], [ -77.2902, 39.6065 ], [ -77.3088, 39.6005 ], [ -77.2988, 39.5884 ], [ -77.3106, 39.5885 ], [ -77.3133, 39.5808 ], [ -77.3389, 39.5777 ], [ -77.3373, 39.5666 ], [ -77.3585, 39.5618 ], [ -77.3556, 39.5524 ], [ -77.3581, 39.5494 ], [ -77.3664, 39.554 ], [ -77.3857, 39.5495 ], [ -77.3935, 39.599 ] ] ] } },
{ "type": "Feature", "properties": { "GEOIDFQ": "1400000US24021775302", "NAME": "7753.02", "NAMELSAD": "Census Tract 7753.02" }, "geometry": { "type": "Polygon", "coordinates": [ [ [ -77.6734, 39.3442 ], [ -77.6395, 39.4057 ], [ -77.6296, 39.394 ], [ -77.6414, 39.383 ], [ -77.6392, 39.3684 ], [ -77.6106, 39.3636 ], [ -77.6156, 39.3516 ], [ -77.6005, 39.3544 ], [ -77.5843, 39.3281 ], [ -77.5741, 39.32 ], [ -77.5665, 39.3213 ], [ -77.5658, 39.3057 ], [ -77.583, 39.3035 ], [ -77.5908, 39.3132 ], [ -77.6117, 39.3174 ], [ -77.6251, 39.3268 ], [ -77.6335, 39.3076 ], [ -77.6771, 39.3252 ], [ -77.6734, 39.3442 ] ] ] } },
{ "type": "Feature", "properties": { "GEOIDFQ": "1400000US24031703100", "NAME": "7031", "NAMELSAD": "Census Tract 7031" }, "geometry": { "type": "Polygon", "coordinates": [ [ [ -77.0202, 39.0262 ], [ -77.0108, 39.026 ], [ -77.0143, 39.0186 ], [ -77.0305, 39.022 ], [ -77.031, 39.0361 ], [ -77.0202, 39.0262 ] ] ] } },
{ "type": "Feature", "properties": { "GEOIDFQ": "1400000US24031703206", "NAME": "7032.06", "NAMELSAD": "Census Tract 7032.06" }, "geometry": { "type": "Polygon", "coordinates": [ [ [ -77.0471, 39.0816 ], [ -77.0511, 39.0603 ], [ -77.061, 39.0681 ], [ -77.0691, 39.0766 ], [ -77.0471, 39.0816 ] ] ] } },
{ "type": "Feature", "properties": { "GEOIDFQ": "1400000US24031703207", "NAME": "7032.07", "NAMELSAD": "Census Tract 7032.07" }, "geometry": { "type": "Polygon", "coordinates": [ [ [ -77.05, 39.0581 ], [ -77.0293, 39.0665 ], [ -77.0254, 39.0485 ], [ -77.0519, 39.0483 ], [ -77.05, 39.0581 ] ] ] } },
{ "type": "Feature", "properties": { "GEOIDFQ": "1400000US24031703209", "NAME": "7032.09", "NAMELSAD": "Census Tract 7032.09" }, "geometry": { "type": "Polygon", "coordinates": [ [ [ -77.0334, 39.0466 ], [ -77.0256, 39.0359 ], [ -77.0382, 39.0365 ], [ -77.0521, 39.0456 ], [ -77.0334, 39.0466 ] ] ] } },
{ "type": "Feature", "properties": { "GEOIDFQ": "1400000US24031703210", "NAME": "7032.10", "NAMELSAD": "Census Tract 7032.10" }, "geometry": { "type": "Polygon", "coordinates": [ [ [ -77.013, 39.0395 ], [ -77.006, 39.03 ], [ -77.0202, 39.0262 ], [ -77.0259, 39.0356 ], [ -77.013, 39.0395 ] ] ] } },
{ "type": "Feature", "properties": { "GEOIDFQ": "1400000US24031703215", "NAME": "7032.15", "NAMELSAD": "Census Tract 7032.15" }, "geometry": { "type": "Polygon", "coordinates": [ [ [ -77.058, 39.081 ], [ -77.0591, 39.0906 ], [ -77.0449, 39.0906 ], [ -77.0471, 39.0816 ], [ -77.0707, 39.0776 ], [ -77.058, 39.081 ] ] ] } },
{ "type": "Feature", "properties": { "GEOIDFQ": "1400000US24035811000", "NAME": "8110", "NAMELSAD": "Census Tract 8110" }, "geometry": { "type": "Polygon", "coordinates": [ [ [ -76.3102, 38.9457 ], [ -76.2982, 38.9635 ], [ -76.3027, 38.9748 ], [ -76.247, 38.9707 ], [ -76.2339, 38.9381 ], [ -76.2472, 38.9362 ], [ -76.2371, 38.9043 ], [ -76.2546, 38.899 ], [ -76.2745, 38.9311 ], [ -76.2933, 38.917 ], [ -76.2878, 38.9018 ], [ -76.2753, 38.897 ], [ -76.3055, 38.8932 ], [ -76.3143, 38.8978 ], [ -76.3102, 38.9457 ] ] ] } },
{ "type": "Feature", "properties": { "GEOIDFQ": "1400000US24005404800", "NAME": "4048", "NAMELSAD": "Census Tract 4048" }, "geometry": { "type": "Polygon", "coordinates": [ [ [ -76.8857, 39.4564 ], [ -76.892, 39.4618 ], [ -76.8766, 39.483 ], [ -76.8632, 39.4876 ], [ -76.8364, 39.4732 ], [ -76.8308, 39.4513 ], [ -76.8384, 39.4431 ], [ -76.8378, 39.4291 ], [ -76.8524, 39.4269 ], [ -76.8797, 39.4347 ], [ -76.8918, 39.4454 ], [ -76.8823, 39.4442 ], [ -76.8771, 39.4528 ], [ -76.8839, 39.4506 ], [ -76.8931, 39.4574 ], [ -76.8857, 39.4564 ] ] ] } },
{ "type": "Feature", "properties": { "GEOIDFQ": "1400000US24005406000", "NAME": "4060", "NAMELSAD": "Census Tract 4060" }, "geometry": { "type": "Polygon", "coordinates": [ [ [ -76.7871, 39.7208 ], [ -76.6977, 39.7211 ], [ -76.6671, 39.6928 ], [ -76.6754, 39.66 ], [ -76.665, 39.6605 ], [ -76.6624, 39.654 ], [ -76.6722, 39.6325 ], [ -76.7026, 39.6339 ], [ -76.7076, 39.6197 ], [ -76.7241, 39.6246 ], [ -76.7395, 39.6421 ], [ -76.7624, 39.6534 ], [ -76.7729, 39.6493 ], [ -76.7798, 39.6549 ], [ -76.8061, 39.6577 ], [ -76.7871, 39.7208 ] ] ] } },
{ "type": "Feature", "properties": { "GEOIDFQ": "1400000US24005404600", "NAME": "4046", "NAMELSAD": "Census Tract 4046" }, "geometry": { "type": "Polygon", "coordinates": [ [ [ -76.8406, 39.5756 ], [ -76.8376, 39.5574 ], [ -76.7907, 39.5419 ], [ -76.7747, 39.5215 ], [ -76.7549, 39.5227 ], [ -76.751, 39.5072 ], [ -76.7393, 39.4977 ], [ -76.7425, 39.4915 ], [ -76.7605, 39.487 ], [ -76.7651, 39.4767 ], [ -76.7894, 39.4822 ], [ -76.8066, 39.4786 ], [ -76.7938, 39.4851 ], [ -76.7999, 39.4977 ], [ -76.8147, 39.4922 ], [ -76.8212, 39.4776 ], [ -76.8298, 39.4843 ], [ -76.829, 39.4755 ], [ -76.8364, 39.4732 ], [ -76.8687, 39.4895 ], [ -76.8406, 39.5756 ] ] ] } },
{ "type": "Feature", "properties": { "GEOIDFQ": "1400000US24005402604", "NAME": "4026.04", "NAMELSAD": "Census Tract 4026.04" }, "geometry": { "type": "Polygon", "coordinates": [ [ [ -76.7905, 39.3747 ], [ -76.7809, 39.3727 ], [ -76.7812, 39.3805 ], [ -76.745, 39.3763 ], [ -76.7561, 39.3667 ], [ -76.7812, 39.3714 ], [ -76.7952, 39.3678 ], [ -76.7905, 39.3747 ] ] ] } },
{ "type": "Feature", "properties": { "GEOIDFQ": "1400000US24005403802", "NAME": "4038.02", "NAMELSAD": "Census Tract 4038.02" }, "geometry": { "type": "Polygon", "coordinates": [ [ [ -76.7028, 39.4143 ], [ -76.6677, 39.4143 ], [ -76.6679, 39.4079 ], [ -76.686, 39.3969 ], [ -76.7117, 39.3911 ], [ -76.7225, 39.3899 ], [ -76.7285, 39.4023 ], [ -76.7028, 39.4143 ] ] ] } },
{ "type": "Feature", "properties": { "GEOIDFQ": "1400000US24005490400", "NAME": "4904", "NAMELSAD": "Census Tract 4904" }, "geometry": { "type": "Polygon", "coordinates": [ [ [ -76.6452, 39.4092 ], [ -76.641, 39.3896 ], [ -76.6509, 39.3759 ], [ -76.6679, 39.4009 ], [ -76.6699, 39.4198 ], [ -76.6452, 39.4092 ] ] ] } },
{ "type": "Feature", "properties": { "GEOIDFQ": "1400000US24005402503", "NAME": "4025.03", "NAMELSAD": "Census Tract 4025.03" }, "geometry": { "type": "Polygon", "coordinates": [ [ [ -76.8104, 39.3742 ], [ -76.7787, 39.3614 ], [ -76.8038, 39.349 ], [ -76.8195, 39.3487 ], [ -76.8104, 39.3742 ] ] ] } },
{ "type": "Feature", "properties": { "GEOIDFQ": "1400000US24005408302", "NAME": "4083.02", "NAMELSAD": "Census Tract 4083.02" }, "geometry": { "type": "Polygon", "coordinates": [ [ [ -76.711, 39.4466 ], [ -76.6837, 39.4482 ], [ -76.6736, 39.4588 ], [ -76.6609, 39.458 ], [ -76.6568, 39.4516 ], [ -76.6651, 39.4487 ], [ -76.6615, 39.4365 ], [ -76.6704, 39.4207 ], [ -76.6909, 39.4254 ], [ -76.7146, 39.4419 ], [ -76.711, 39.4466 ] ] ] } },
{ "type": "Feature", "properties": { "GEOIDFQ": "1400000US24005408100", "NAME": "4081", "NAMELSAD": "Census Tract 4081" }, "geometry": { "type": "Polygon", "coordinates": [ [ [ -76.666, 39.5635 ], [ -76.6557, 39.564 ], [ -76.6568, 39.5749 ], [ -76.6328, 39.5813 ], [ -76.6179, 39.5788 ], [ -76.6231, 39.5731 ], [ -76.61, 39.568 ], [ -76.6233, 39.5623 ], [ -76.6329, 39.5646 ], [ -76.6412, 39.5432 ], [ -76.6153, 39.5161 ], [ -76.6132, 39.5059 ], [ -76.6447, 39.4935 ], [ -76.6602, 39.5126 ], [ -76.6642, 39.5102 ], [ -76.666, 39.5635 ] ] ] } },
{ "type": "Feature", "properties": { "GEOIDFQ": "1400000US24005420200", "NAME": "4202", "NAMELSAD": "Census Tract 4202" }, "geometry": { "type": "Polygon", "coordinates": [ [ [ -76.5033, 39.27 ], [ -76.4845, 39.2496 ], [ -76.5008, 39.249 ], [ -76.5106, 39.2591 ], [ -76.5033, 39.27 ] ] ] } },
{ "type": "Feature", "properties": { "GEOIDFQ": "1400000US24003702204", "NAME": "7022.04", "NAMELSAD": "Census Tract 7022.04" }, "geometry": { "type": "Polygon", "coordinates": [ [ [ -76.6969, 39.0038 ], [ -76.6921, 38.9982 ], [ -76.6732, 38.9995 ], [ -76.6708, 38.9926 ], [ -76.7056, 38.9888 ], [ -76.7075, 38.9964 ], [ -76.6969, 39.0038 ] ] ] } },
{ "type": "Feature", "properties": { "GEOIDFQ": "1400000US24510160500", "NAME": "1605", "NAMELSAD": "Census Tract 1605" }, "geometry": { "type": "Polygon", "coordinates": [ [ [ -76.6477, 39.3023 ], [ -76.6504, 39.2937 ], [ -76.6594, 39.2934 ], [ -76.6609, 39.3061 ], [ -76.6477, 39.3023 ] ] ] } },
{ "type": "Feature", "properties": { "GEOIDFQ": "1400000US24009990100", "NAME": "9901", "NAMELSAD": "Census Tract 9901" }, "geometry": { "type": "Polygon", "coordinates": [ [ [ -76.5228, 38.7126 ], [ -76.4636, 38.7111 ], [ -76.4263, 38.5081 ], [ -76.3363, 38.388 ], [ -76.3219, 38.3273 ], [ -76.3788, 38.3274 ], [ -76.4133, 38.3154 ], [ -76.3817, 38.3623 ], [ -76.3858, 38.3754 ], [ -76.377, 38.3889 ], [ -76.3987, 38.3969 ], [ -76.4997, 38.5001 ], [ -76.5137, 38.5367 ], [ -76.5071, 38.6151 ], [ -76.5206, 38.6546 ], [ -76.5228, 38.7126 ] ] ] } },
{ "type": "Feature", "properties": { "GEOIDFQ": "1400000US24003708004", "NAME": "7080.04", "NAMELSAD": "Census Tract 7080.04" }, "geometry": { "type": "Polygon", "coordinates": [ [ [ -76.7021, 38.7885 ], [ -76.7101, 38.796 ], [ -76.7123, 38.8129 ], [ -76.697, 38.8188 ], [ -76.6975, 38.8448 ], [ -76.6882, 38.8455 ], [ -76.6869, 38.8373 ], [ -76.662, 38.8205 ], [ -76.631, 38.8156 ], [ -76.6159, 38.8297 ], [ -76.6047, 38.8161 ], [ -76.5857, 38.8273 ], [ -76.5784, 38.818 ], [ -76.5723, 38.793 ], [ -76.6202, 38.7809 ], [ -76.6241, 38.7666 ], [ -76.6467, 38.7689 ], [ -76.6721, 38.7557 ], [ -76.6852, 38.7561 ], [ -76.6864, 38.7485 ], [ -76.6973, 38.7501 ], [ -76.7009, 38.7687 ], [ -76.7144, 38.7793 ], [ -76.7021, 38.7885 ] ] ] } },
{ "type": "Feature", "properties": { "GEOIDFQ": "1400000US24003708001", "NAME": "7080.01", "NAMELSAD": "Census Tract 7080.01" }, "geometry": { "type": "Polygon", "coordinates": [ [ [ -76.6202, 38.7809 ], [ -76.5616, 38.7933 ], [ -76.5639, 38.7743 ], [ -76.5506, 38.7668 ], [ -76.5427, 38.731 ], [ -76.5226, 38.7278 ], [ -76.5228, 38.7126 ], [ -76.5356, 38.7215 ], [ -76.6159, 38.7208 ], [ -76.6229, 38.7266 ], [ -76.6202, 38.7809 ] ] ] } },
{ "type": "Feature", "properties": { "GEOIDFQ": "1400000US24003702702", "NAME": "7027.02", "NAMELSAD": "Census Tract 7027.02" }, "geometry": { "type": "Polygon", "coordinates": [ [ [ -76.5692, 39.0352 ], [ -76.5453, 39.0405 ], [ -76.5115, 39.011 ], [ -76.5281, 38.9962 ], [ -76.5496, 38.9911 ], [ -76.5735, 39.0239 ], [ -76.5692, 39.0352 ] ] ] } },
{ "type": "Feature", "properties": { "GEOIDFQ": "1400000US24003702205", "NAME": "7022.05", "NAMELSAD": "Census Tract 7022.05" }, "geometry": { "type": "Polygon", "coordinates": [ [ [ -76.7015, 39.0236 ], [ -76.6732, 38.9995 ], [ -76.6921, 38.9982 ], [ -76.6976, 39.0038 ], [ -76.7049, 38.9999 ], [ -76.7006, 39.0131 ], [ -76.7082, 39.0187 ], [ -76.7015, 39.0236 ] ] ] } },
{ "type": "Feature", "properties": { "GEOIDFQ": "1400000US24005402404", "NAME": "4024.04", "NAMELSAD": "Census Tract 4024.04" }, "geometry": { "type": "Polygon", "coordinates": [ [ [ -76.7273, 39.3426 ], [ -76.7242, 39.3234 ], [ -76.7263, 39.3217 ], [ -76.7422, 39.3319 ], [ -76.7273, 39.3426 ] ] ] } },
{ "type": "Feature", "properties": { "GEOIDFQ": "1400000US24041960501", "NAME": "9605.01", "NAMELSAD": "Census Tract 9605.01" }, "geometry": { "type": "Polygon", "coordinates": [ [ [ -76.1051, 38.8438 ], [ -76.095, 38.8411 ], [ -76.078, 38.8481 ], [ -76.0429, 38.8285 ], [ -76.0184, 38.7881 ], [ -75.9758, 38.7971 ], [ -75.9809, 38.7793 ], [ -75.9746, 38.7744 ], [ -75.9723, 38.7781 ], [ -75.9671, 38.7793 ], [ -75.9677, 38.7744 ], [ -75.9971, 38.7572 ], [ -76.0213, 38.7738 ], [ -76.0603, 38.7724 ], [ -76.0601, 38.8127 ], [ -76.0706, 38.7911 ], [ -76.0776, 38.7879 ], [ -76.0884, 38.7928 ], [ -76.1173, 38.7849 ], [ -76.1263, 38.7946 ], [ -76.1265, 38.8231 ], [ -76.1051, 38.8438 ] ] ] } },
{ "type": "Feature", "properties": { "GEOIDFQ": "1400000US24041990000", "NAME": "9900", "NAMELSAD": "Census Tract 9900" }, "geometry": { "type": "Polygon", "coordinates": [ [ [ -76.4365, 38.8074 ], [ -76.3618, 38.8103 ], [ -76.34, 38.8228 ], [ -76.3056, 38.8596 ], [ -76.2715, 38.8789 ], [ -76.2512, 38.8801 ], [ -76.2281, 38.8575 ], [ -76.2383, 38.8394 ], [ -76.2513, 38.8367 ], [ -76.2591, 38.8492 ], [ -76.249, 38.8539 ], [ -76.2479, 38.8617 ], [ -76.2579, 38.866 ], [ -76.2914, 38.8333 ], [ -76.3066, 38.8278 ], [ -76.3296, 38.7811 ], [ -76.3727, 38.7873 ], [ -76.3919, 38.7789 ], [ -76.3921, 38.7521 ], [ -76.3845, 38.7373 ], [ -76.3446, 38.7252 ], [ -76.3519, 38.6892 ], [ -76.3413, 38.6659 ], [ -76.3166, 38.6782 ], [ -76.3167, 38.6911 ], [ -76.327, 38.7061 ], [ -76.3128, 38.7273 ], [ -76.3045, 38.7286 ], [ -76.2994, 38.7142 ], [ -76.2766, 38.7082 ], [ -76.2705, 38.6981 ], [ -76.2646, 38.7027 ], [ -76.2641, 38.7246 ], [ -76.2416, 38.7356 ], [ -76.243, 38.7103 ], [ -76.2207, 38.6915 ], [ -76.2155, 38.6773 ], [ -76.1975, 38.6665 ], [ -76.1802, 38.6732 ], [ -76.158, 38.6544 ], [ -76.1483, 38.6341 ], [ -76.1944, 38.648 ], [ -76.2224, 38.647 ], [ -76.2401, 38.6632 ], [ -76.2972, 38.6569 ], [ -76.3249, 38.6377 ], [ -76.333, 38.6153 ], [ -76.3806, 38.5779 ], [ -76.4388, 38.5753 ], [ -76.4639, 38.7097 ], [ -76.4365, 38.8074 ] ] ] } },
{ "type": "Feature", "properties": { "GEOIDFQ": "1400000US24005980100", "NAME": "9801", "NAMELSAD": "Census Tract 9801" }, "geometry": { "type": "Polygon", "coordinates": [ [ [ -76.6299, 39.2423 ], [ -76.6186, 39.2374 ], [ -76.6307, 39.2242 ], [ -76.6399, 39.2244 ], [ -76.6299, 39.2423 ] ] ] } },
{ "type": "Feature", "properties": { "GEOIDFQ": "1400000US24005430200", "NAME": "4302", "NAMELSAD": "Census Tract 4302" }, "geometry": { "type": "Polygon", "coordinates": [ [ [ -76.6599, 39.2555 ], [ -76.6442, 39.2489 ], [ -76.6498, 39.2433 ], [ -76.6658, 39.2431 ], [ -76.6599, 39.2555 ] ] ] } },
{ "type": "Feature", "properties": { "GEOIDFQ": "1400000US24027606904", "NAME": "6069.04", "NAMELSAD": "Census Tract 6069.04" }, "geometry": { "type": "Polygon", "coordinates": [ [ [ -76.845, 39.1316 ], [ -76.8309, 39.1315 ], [ -76.8161, 39.1214 ], [ -76.8267, 39.1099 ], [ -76.845, 39.1316 ] ] ] } },
{ "type": "Feature", "properties": { "GEOIDFQ": "1400000US24027606906", "NAME": "6069.06", "NAMELSAD": "Census Tract 6069.06" }, "geometry": { "type": "Polygon", "coordinates": [ [ [ -76.8624, 39.1297 ], [ -76.8522, 39.1188 ], [ -76.8474, 39.1216 ], [ -76.8397, 39.1076 ], [ -76.8736, 39.1154 ], [ -76.8624, 39.1297 ] ] ] } },
{ "type": "Feature", "properties": { "GEOIDFQ": "1400000US24005411410", "NAME": "4114.10", "NAMELSAD": "Census Tract 4114.10" }, "geometry": { "type": "Polygon", "coordinates": [ [ [ -76.4944, 39.4103 ], [ -76.479, 39.411 ], [ -76.4821, 39.3986 ], [ -76.4941, 39.3945 ], [ -76.4944, 39.4103 ] ] ] } },
{ "type": "Feature", "properties": { "GEOIDFQ": "1400000US24005420100", "NAME": "4201", "NAMELSAD": "Census Tract 4201" }, "geometry": { "type": "Polygon", "coordinates": [ [ [ -76.5053, 39.2881 ], [ -76.4871, 39.2785 ], [ -76.503, 39.2706 ], [ -76.5053, 39.2881 ] ] ] } },
{ "type": "Feature", "properties": { "GEOIDFQ": "1400000US24005420301", "NAME": "4203.01", "NAMELSAD": "Census Tract 4203.01" }, "geometry": { "type": "Polygon", "coordinates": [ [ [ -76.4871, 39.2785 ], [ -76.4792, 39.2768 ], [ -76.4804, 39.2719 ], [ -76.4939, 39.2733 ], [ -76.4871, 39.2785 ] ] ] } },
{ "type": "Feature", "properties": { "GEOIDFQ": "1400000US24005420302", "NAME": "4203.02", "NAMELSAD": "Census Tract 4203.02" }, "geometry": { "type": "Polygon", "coordinates": [ [ [ -76.4804, 39.2719 ], [ -76.4787, 39.2654 ], [ -76.4947, 39.2701 ], [ -76.4804, 39.2719 ] ] ] } },
{ "type": "Feature", "properties": { "GEOIDFQ": "1400000US24005492402", "NAME": "4924.02", "NAMELSAD": "Census Tract 4924.02" }, "geometry": { "type": "Polygon", "coordinates": [ [ [ -76.8153, 39.4112 ], [ -76.7992, 39.4099 ], [ -76.8109, 39.3917 ], [ -76.8187, 39.3998 ], [ -76.8221, 39.3907 ], [ -76.83, 39.391 ], [ -76.8313, 39.3972 ], [ -76.8153, 39.4112 ] ] ] } },
{ "type": "Feature", "properties": { "GEOIDFQ": "1400000US24005420303", "NAME": "4203.03", "NAMELSAD": "Census Tract 4203.03" }, "geometry": { "type": "Polygon", "coordinates": [ [ [ -76.4941, 39.2732 ], [ -76.4775, 39.2611 ], [ -76.4923, 39.2656 ], [ -76.5033, 39.27 ], [ -76.4941, 39.2732 ] ] ] } },
{ "type": "Feature", "properties": { "GEOIDFQ": "1400000US24005420401", "NAME": "4204.01", "NAMELSAD": "Census Tract 4204.01" }, "geometry": { "type": "Polygon", "coordinates": [ [ [ -76.4883, 39.262 ], [ -76.4791, 39.254 ], [ -76.4845, 39.2496 ], [ -76.5012, 39.263 ], [ -76.4883, 39.262 ] ] ] } },
{ "type": "Feature", "properties": { "GEOIDFQ": "1400000US24005420402", "NAME": "4204.02", "NAMELSAD": "Census Tract 4204.02" }, "geometry": { "type": "Polygon", "coordinates": [ [ [ -76.4775, 39.2611 ], [ -76.4791, 39.254 ], [ -76.4823, 39.2542 ], [ -76.4998, 39.2677 ], [ -76.4775, 39.2611 ] ] ] } },
{ "type": "Feature", "properties": { "GEOIDFQ": "1400000US24005420500", "NAME": "4205", "NAMELSAD": "Census Tract 4205" }, "geometry": { "type": "Polygon", "coordinates": [ [ [ -76.5296, 39.2849 ], [ -76.5295, 39.2971 ], [ -76.5198, 39.2928 ], [ -76.5263, 39.2894 ], [ -76.5218, 39.2829 ], [ -76.5296, 39.2849 ] ] ] } },
{ "type": "Feature", "properties": { "GEOIDFQ": "1400000US24005420600", "NAME": "4206", "NAMELSAD": "Census Tract 4206" }, "geometry": { "type": "Polygon", "coordinates": [ [ [ -76.5073, 39.289 ], [ -76.5054, 39.2807 ], [ -76.5218, 39.2829 ], [ -76.5263, 39.2894 ], [ -76.5073, 39.289 ] ] ] } },
{ "type": "Feature", "properties": { "GEOIDFQ": "1400000US24005420701", "NAME": "4207.01", "NAMELSAD": "Census Tract 4207.01" }, "geometry": { "type": "Polygon", "coordinates": [ [ [ -76.5054, 39.2807 ], [ -76.5033, 39.27 ], [ -76.5179, 39.2728 ], [ -76.5285, 39.2817 ], [ -76.5054, 39.2807 ] ] ] } },
{ "type": "Feature", "properties": { "GEOIDFQ": "1400000US24005420702", "NAME": "4207.02", "NAMELSAD": "Census Tract 4207.02" }, "geometry": { "type": "Polygon", "coordinates": [ [ [ -76.5243, 39.2789 ], [ -76.5179, 39.2728 ], [ -76.5296, 39.2723 ], [ -76.5298, 39.2815 ], [ -76.5243, 39.2789 ] ] ] } },
{ "type": "Feature", "properties": { "GEOIDFQ": "1400000US24005420800", "NAME": "4208", "NAMELSAD": "Census Tract 4208" }, "geometry": { "type": "Polygon", "coordinates": [ [ [ -76.5179, 39.2728 ], [ -76.5033, 39.27 ], [ -76.5124, 39.2598 ], [ -76.5297, 39.27 ], [ -76.5179, 39.2728 ] ] ] } },
{ "type": "Feature", "properties": { "GEOIDFQ": "1400000US24005420900", "NAME": "4209", "NAMELSAD": "Census Tract 4209" }, "geometry": { "type": "Polygon", "coordinates": [ [ [ -76.5233, 39.2683 ], [ -76.5126, 39.259 ], [ -76.5233, 39.2563 ], [ -76.5295, 39.2697 ], [ -76.5233, 39.2683 ] ] ] } },
{ "type": "Feature", "properties": { "GEOIDFQ": "1400000US24005421101", "NAME": "4211.01", "NAMELSAD": "Census Tract 4211.01" }, "geometry": { "type": "Polygon", "coordinates": [ [ [ -76.5099, 39.2603 ], [ -76.5097, 39.252 ], [ -76.5211, 39.2515 ], [ -76.5232, 39.2564 ], [ -76.5099, 39.2603 ] ] ] } },
{ "type": "Feature", "properties": { "GEOIDFQ": "1400000US24005421102", "NAME": "4211.02", "NAMELSAD": "Census Tract 4211.02" }, "geometry": { "type": "Polygon", "coordinates": [ [ [ -76.5097, 39.252 ], [ -76.5079, 39.2453 ], [ -76.5296, 39.2383 ], [ -76.5298, 39.2551 ], [ -76.5097, 39.252 ] ] ] } },
{ "type": "Feature", "properties": { "GEOIDFQ": "1400000US24005430101", "NAME": "4301.01", "NAMELSAD": "Census Tract 4301.01" }, "geometry": { "type": "Polygon", "coordinates": [ [ [ -76.6481, 39.2443 ], [ -76.6442, 39.2489 ], [ -76.6414, 39.2256 ], [ -76.6505, 39.2298 ], [ -76.6481, 39.2443 ] ] ] } },
{ "type": "Feature", "properties": { "GEOIDFQ": "1400000US24005401506", "NAME": "4015.06", "NAMELSAD": "Census Tract 4015.06" }, "geometry": { "type": "Polygon", "coordinates": [ [ [ -76.7947, 39.3143 ], [ -76.7833, 39.3202 ], [ -76.7584, 39.3205 ], [ -76.7601, 39.3143 ], [ -76.7689, 39.3161 ], [ -76.7705, 39.307 ], [ -76.7966, 39.3056 ], [ -76.7947, 39.3143 ] ] ] } },
{ "type": "Feature", "properties": { "GEOIDFQ": "1400000US24005402407", "NAME": "4024.07", "NAMELSAD": "Census Tract 4024.07" }, "geometry": { "type": "Polygon", "coordinates": [ [ [ -76.7448, 39.3332 ], [ -76.7448, 39.3219 ], [ -76.7584, 39.3205 ], [ -76.7633, 39.3363 ], [ -76.7691, 39.3295 ], [ -76.7734, 39.3345 ], [ -76.7812, 39.3301 ], [ -76.7922, 39.3349 ], [ -76.7955, 39.3545 ], [ -76.7448, 39.3332 ] ] ] } },
{ "type": "Feature", "properties": { "GEOIDFQ": "1400000US24005404101", "NAME": "4041.01", "NAMELSAD": "Census Tract 4041.01" }, "geometry": { "type": "Polygon", "coordinates": [ [ [ -76.8308, 39.4513 ], [ -76.7794, 39.4047 ], [ -76.8019, 39.4 ], [ -76.7992, 39.4099 ], [ -76.8153, 39.4112 ], [ -76.8301, 39.3991 ], [ -76.8435, 39.4267 ], [ -76.8308, 39.4513 ] ] ] } },
{ "type": "Feature", "properties": { "GEOIDFQ": "1400000US24005408304", "NAME": "4083.04", "NAMELSAD": "Census Tract 4083.04" }, "geometry": { "type": "Polygon", "coordinates": [ [ [ -76.6825, 39.4979 ], [ -76.6675, 39.4951 ], [ -76.6619, 39.4667 ], [ -76.6467, 39.4547 ], [ -76.6736, 39.4588 ], [ -76.6854, 39.4479 ], [ -76.6992, 39.4617 ], [ -76.7102, 39.4919 ], [ -76.6825, 39.4979 ] ] ] } },
{ "type": "Feature", "properties": { "GEOIDFQ": "1400000US24043010901", "NAME": "109.01", "NAMELSAD": "Census Tract 109.01" }, "geometry": { "type": "Polygon", "coordinates": [ [ [ -77.7957, 39.5723 ], [ -77.7894, 39.5807 ], [ -77.7813, 39.5761 ], [ -77.7659, 39.6001 ], [ -77.7544, 39.6064 ], [ -77.7257, 39.6054 ], [ -77.7218, 39.5694 ], [ -77.7607, 39.5381 ], [ -77.7474, 39.5367 ], [ -77.758, 39.5147 ], [ -77.7999, 39.5439 ], [ -77.8139, 39.5708 ], [ -77.7957, 39.5723 ] ] ] } },
{ "type": "Feature", "properties": { "GEOIDFQ": "1400000US24043011700", "NAME": "117", "NAMELSAD": "Census Tract 117" }, "geometry": { "type": "Polygon", "coordinates": [ [ [ -77.8942, 39.6289 ], [ -77.8938, 39.6466 ], [ -77.8818, 39.6572 ], [ -77.8863, 39.7079 ], [ -77.876, 39.7222 ], [ -77.8476, 39.722 ], [ -77.8277, 39.6983 ], [ -77.7897, 39.6816 ], [ -77.8097, 39.63 ], [ -77.8223, 39.6374 ], [ -77.8161, 39.6193 ], [ -77.8287, 39.6241 ], [ -77.8185, 39.6082 ], [ -77.8318, 39.6003 ], [ -77.8406, 39.6068 ], [ -77.8849, 39.6158 ], [ -77.8833, 39.5985 ], [ -77.9095, 39.6054 ], [ -77.8942, 39.6289 ] ] ] } },
{ "type": "Feature", "properties": { "GEOIDFQ": "1400000US24033800401", "NAME": "8004.01", "NAMELSAD": "Census Tract 8004.01" }, "geometry": { "type": "Polygon", "coordinates": [ [ [ -76.7277, 39.0073 ], [ -76.7256, 38.9989 ], [ -76.7058, 38.9889 ], [ -76.7281, 38.9823 ], [ -76.7461, 39.0085 ], [ -76.7277, 39.0073 ] ] ] } },
{ "type": "Feature", "properties": { "GEOIDFQ": "1400000US24033801704", "NAME": "8017.04", "NAMELSAD": "Census Tract 8017.04" }, "geometry": { "type": "Polygon", "coordinates": [ [ [ -76.9843, 38.8314 ], [ -76.964, 38.8172 ], [ -76.9858, 38.8186 ], [ -76.9958, 38.8255 ], [ -76.9843, 38.8314 ] ] ] } },
{ "type": "Feature", "properties": { "GEOIDFQ": "1400000US24033801801", "NAME": "8018.01", "NAMELSAD": "Census Tract 8018.01" }, "geometry": { "type": "Polygon", "coordinates": [ [ [ -76.9475, 38.8343 ], [ -76.9411, 38.8313 ], [ -76.95, 38.8235 ], [ -76.9532, 38.8295 ], [ -76.9475, 38.8343 ] ] ] } },
{ "type": "Feature", "properties": { "GEOIDFQ": "1400000US24033801406", "NAME": "8014.06", "NAMELSAD": "Census Tract 8014.06" }, "geometry": { "type": "Polygon", "coordinates": [ [ [ -76.9729, 38.7904 ], [ -76.9576, 38.7754 ], [ -76.9762, 38.7741 ], [ -76.9938, 38.7608 ], [ -76.9947, 38.7671 ], [ -76.9729, 38.7904 ] ] ] } },
{ "type": "Feature", "properties": { "GEOIDFQ": "1400000US24033801707", "NAME": "8017.07", "NAMELSAD": "Census Tract 8017.07" }, "geometry": { "type": "Polygon", "coordinates": [ [ [ -76.993, 38.8245 ], [ -76.9684, 38.8107 ], [ -76.9905, 38.8064 ], [ -76.9964, 38.8165 ], [ -76.993, 38.8245 ] ] ] } },
{ "type": "Feature", "properties": { "GEOIDFQ": "1400000US24033801808", "NAME": "8018.08", "NAMELSAD": "Census Tract 8018.08" }, "geometry": { "type": "Polygon", "coordinates": [ [ [ -76.9659, 38.843 ], [ -76.9509, 38.8279 ], [ -76.9644, 38.8263 ], [ -76.9696, 38.8303 ], [ -76.9659, 38.843 ] ] ] } },
{ "type": "Feature", "properties": { "GEOIDFQ": "1400000US24033801904", "NAME": "8019.04", "NAMELSAD": "Census Tract 8019.04" }, "geometry": { "type": "Polygon", "coordinates": [ [ [ -76.9153, 38.813 ], [ -76.9193, 38.8197 ], [ -76.9025, 38.818 ], [ -76.8739, 38.8307 ], [ -76.868, 38.8299 ], [ -76.9104, 38.8006 ], [ -76.9231, 38.805 ], [ -76.9153, 38.813 ] ] ] } },
{ "type": "Feature", "properties": { "GEOIDFQ": "1400000US24033802103", "NAME": "8021.03", "NAMELSAD": "Census Tract 8021.03" }, "geometry": { "type": "Polygon", "coordinates": [ [ [ -76.8819, 38.8495 ], [ -76.8742, 38.841 ], [ -76.8933, 38.8458 ], [ -76.9103, 38.8532 ], [ -76.8819, 38.8495 ] ] ] } },
{ "type": "Feature", "properties": { "GEOIDFQ": "1400000US24033804900", "NAME": "8049", "NAMELSAD": "Census Tract 8049" }, "geometry": { "type": "Polygon", "coordinates": [ [ [ -76.9873, 38.9586 ], [ -76.967, 38.9513 ], [ -76.9701, 38.9456 ], [ -76.9737, 38.9432 ], [ -76.9873, 38.9586 ] ] ] } },
{ "type": "Feature", "properties": { "GEOIDFQ": "1400000US24033807408", "NAME": "8074.08", "NAMELSAD": "Census Tract 8074.08" }, "geometry": { "type": "Polygon", "coordinates": [ [ [ -76.8972, 39.0854 ], [ -76.8922, 39.0834 ], [ -76.8857, 39.0762 ], [ -76.889, 39.0677 ], [ -76.8809, 39.0654 ], [ -76.885, 39.0621 ], [ -76.8541, 39.0557 ], [ -76.8618, 39.0495 ], [ -76.8535, 39.0469 ], [ -76.8503, 39.0371 ], [ -76.8631, 39.0072 ], [ -76.8952, 39.0027 ], [ -76.9087, 39.015 ], [ -76.8907, 39.0488 ], [ -76.9046, 39.0578 ], [ -76.9307, 39.0512 ], [ -76.8972, 39.0854 ] ] ] } },
{ "type": "Feature", "properties": { "GEOIDFQ": "1400000US24033800102", "NAME": "8001.02", "NAMELSAD": "Census Tract 8001.02" }, "geometry": { "type": "Polygon", "coordinates": [ [ [ -76.864, 39.1109 ], [ -76.8462, 39.108 ], [ -76.853, 39.1003 ], [ -76.8673, 39.1064 ], [ -76.864, 39.1109 ] ] ] } },
{ "type": "Feature", "properties": { "GEOIDFQ": "1400000US24031700828", "NAME": "7008.28", "NAMELSAD": "Census Tract 7008.28" }, "geometry": { "type": "Polygon", "coordinates": [ [ [ -77.2264, 39.1134 ], [ -77.2243, 39.1197 ], [ -77.2173, 39.1101 ], [ -77.2206, 39.1027 ], [ -77.2351, 39.1075 ], [ -77.2264, 39.1134 ] ] ] } },
{ "type": "Feature", "properties": { "GEOIDFQ": "1400000US24031700832", "NAME": "7008.32", "NAMELSAD": "Census Tract 7008.32" }, "geometry": { "type": "Polygon", "coordinates": [ [ [ -77.2386, 39.1811 ], [ -77.2285, 39.166 ], [ -77.2327, 39.1608 ], [ -77.2468, 39.1753 ], [ -77.2386, 39.1811 ] ] ] } },
{ "type": "Feature", "properties": { "GEOIDFQ": "1400000US24043011203", "NAME": "112.03", "NAMELSAD": "Census Tract 112.03" }, "geometry": { "type": "Polygon", "coordinates": [ [ [ -77.6648, 39.6284 ], [ -77.6545, 39.6428 ], [ -77.6708, 39.6425 ], [ -77.665, 39.6518 ], [ -77.6513, 39.6491 ], [ -77.6431, 39.6418 ], [ -77.6511, 39.6307 ], [ -77.6365, 39.6232 ], [ -77.6469, 39.6106 ], [ -77.6844, 39.6191 ], [ -77.6648, 39.6284 ] ] ] } },
{ "type": "Feature", "properties": { "GEOIDFQ": "1400000US24043011204", "NAME": "112.04", "NAMELSAD": "Census Tract 112.04" }, "geometry": { "type": "Polygon", "coordinates": [ [ [ -77.6937, 39.6318 ], [ -77.6861, 39.6385 ], [ -77.6836, 39.6426 ], [ -77.6933, 39.6423 ], [ -77.6888, 39.6515 ], [ -77.6696, 39.6534 ], [ -77.665, 39.6515 ], [ -77.6708, 39.6425 ], [ -77.6545, 39.6428 ], [ -77.6648, 39.6284 ], [ -77.6844, 39.6191 ], [ -77.7101, 39.6309 ], [ -77.6937, 39.6318 ] ] ] } },
{ "type": "Feature", "properties": { "GEOIDFQ": "1400000US24043010401", "NAME": "104.01", "NAMELSAD": "Census Tract 104.01" }, "geometry": { "type": "Polygon", "coordinates": [ [ [ -77.7551, 39.7052 ], [ -77.7395, 39.7004 ], [ -77.7333, 39.6869 ], [ -77.7403, 39.6635 ], [ -77.7759, 39.7006 ], [ -77.7551, 39.7052 ] ] ] } },
{ "type": "Feature", "properties": { "GEOIDFQ": "1400000US24037875906", "NAME": "8759.06", "NAMELSAD": "Census Tract 8759.06" }, "geometry": { "type": "Polygon", "coordinates": [ [ [ -76.4523, 38.2658 ], [ -76.4213, 38.2461 ], [ -76.4087, 38.2206 ], [ -76.4245, 38.2177 ], [ -76.4549, 38.223 ], [ -76.46, 38.2331 ], [ -76.4523, 38.2658 ] ] ] } },
{ "type": "Feature", "properties": { "GEOIDFQ": "1400000US24037875905", "NAME": "8759.05", "NAMELSAD": "Census Tract 8759.05" }, "geometry": { "type": "Polygon", "coordinates": [ [ [ -76.4206, 38.2626 ], [ -76.4082, 38.2672 ], [ -76.3895, 38.2634 ], [ -76.3779, 38.2264 ], [ -76.3992, 38.228 ], [ -76.4092, 38.2215 ], [ -76.4231, 38.2478 ], [ -76.4206, 38.2626 ] ] ] } },
{ "type": "Feature", "properties": { "GEOIDFQ": "1400000US24037875903", "NAME": "8759.03", "NAMELSAD": "Census Tract 8759.03" }, "geometry": { "type": "Polygon", "coordinates": [ [ [ -76.455, 38.2648 ], [ -76.4568, 38.2418 ], [ -76.471, 38.2532 ], [ -76.4748, 38.2569 ], [ -76.455, 38.2648 ] ] ] } },
{ "type": "Feature", "properties": { "GEOIDFQ": "1400000US24025301602", "NAME": "3016.02", "NAMELSAD": "Census Tract 3016.02" }, "geometry": { "type": "Polygon", "coordinates": [ [ [ -76.2855, 39.432 ], [ -76.2726, 39.4474 ], [ -76.247, 39.4445 ], [ -76.2433, 39.437 ], [ -76.2921, 39.4162 ], [ -76.3058, 39.4331 ], [ -76.2855, 39.432 ] ] ] } },
{ "type": "Feature", "properties": { "GEOIDFQ": "1400000US24043010803", "NAME": "108.03", "NAMELSAD": "Census Tract 108.03" }, "geometry": { "type": "Polygon", "coordinates": [ [ [ -77.8263, 39.6253 ], [ -77.816, 39.6195 ], [ -77.8223, 39.6374 ], [ -77.7898, 39.6215 ], [ -77.7788, 39.6087 ], [ -77.7847, 39.6022 ], [ -77.8001, 39.6068 ], [ -77.8197, 39.6005 ], [ -77.8186, 39.6102 ], [ -77.8263, 39.6253 ] ] ] } },
{ "type": "Feature", "properties": { "GEOIDFQ": "1400000US24043010402", "NAME": "104.02", "NAMELSAD": "Census Tract 104.02" }, "geometry": { "type": "Polygon", "coordinates": [ [ [ -77.7328, 39.7212 ], [ -77.7428, 39.7108 ], [ -77.7395, 39.7004 ], [ -77.7551, 39.7052 ], [ -77.7758, 39.7009 ], [ -77.7403, 39.6635 ], [ -77.7857, 39.617 ], [ -77.8097, 39.63 ], [ -77.7897, 39.6816 ], [ -77.8277, 39.6983 ], [ -77.8476, 39.722 ], [ -77.7328, 39.7212 ] ] ] } },
{ "type": "Feature", "properties": { "GEOIDFQ": "1400000US24043010902", "NAME": "109.02", "NAMELSAD": "Census Tract 109.02" }, "geometry": { "type": "Polygon", "coordinates": [ [ [ -77.876, 39.5639 ], [ -77.8411, 39.5647 ], [ -77.8271, 39.5753 ], [ -77.8139, 39.5708 ], [ -77.7999, 39.5439 ], [ -77.758, 39.5147 ], [ -77.7474, 39.5367 ], [ -77.7607, 39.5381 ], [ -77.7334, 39.559 ], [ -77.7191, 39.5559 ], [ -77.7197, 39.5484 ], [ -77.7068, 39.5482 ], [ -77.7125, 39.5364 ], [ -77.7062, 39.532 ], [ -77.7128, 39.5284 ], [ -77.7016, 39.5177 ], [ -77.7232, 39.5262 ], [ -77.7291, 39.5155 ], [ -77.7236, 39.5152 ], [ -77.7256, 39.5039 ], [ -77.7468, 39.5089 ], [ -77.7486, 39.502 ], [ -77.7822, 39.499 ], [ -77.7957, 39.4897 ], [ -77.8276, 39.4931 ], [ -77.8478, 39.5018 ], [ -77.8262, 39.5163 ], [ -77.825, 39.5287 ], [ -77.837, 39.5321 ], [ -77.8419, 39.5184 ], [ -77.8612, 39.5143 ], [ -77.8653, 39.5384 ], [ -77.8889, 39.5568 ], [ -77.876, 39.5639 ] ] ] } },
{ "type": "Feature", "properties": { "GEOIDFQ": "1400000US24043011501", "NAME": "115.01", "NAMELSAD": "Census Tract 115.01" }, "geometry": { "type": "Polygon", "coordinates": [ [ [ -77.7363, 39.5027 ], [ -77.7255, 39.504 ], [ -77.7236, 39.5152 ], [ -77.7291, 39.5155 ], [ -77.7232, 39.5262 ], [ -77.7034, 39.5176 ], [ -77.6781, 39.5157 ], [ -77.6696, 39.5005 ], [ -77.6605, 39.5038 ], [ -77.6602, 39.485 ], [ -77.6747, 39.4757 ], [ -77.6167, 39.4707 ], [ -77.6265, 39.4485 ], [ -77.6347, 39.4455 ], [ -77.6401, 39.4058 ], [ -77.662, 39.4119 ], [ -77.6806, 39.439 ], [ -77.7014, 39.4457 ], [ -77.7133, 39.4661 ], [ -77.7255, 39.4653 ], [ -77.7277, 39.4838 ], [ -77.7419, 39.4839 ], [ -77.7363, 39.5027 ] ] ] } },
{ "type": "Feature", "properties": { "GEOIDFQ": "1400000US24043011502", "NAME": "115.02", "NAMELSAD": "Census Tract 115.02" }, "geometry": { "type": "Polygon", "coordinates": [ [ [ -77.7437, 39.3592 ], [ -77.7523, 39.3827 ], [ -77.7281, 39.3855 ], [ -77.7229, 39.3948 ], [ -77.7196, 39.4091 ], [ -77.728, 39.4149 ], [ -77.7052, 39.4153 ], [ -77.7101, 39.4335 ], [ -77.7204, 39.4408 ], [ -77.7068, 39.4565 ], [ -77.7001, 39.4445 ], [ -77.6806, 39.439 ], [ -77.662, 39.4119 ], [ -77.6401, 39.4058 ], [ -77.6516, 39.3751 ], [ -77.6734, 39.3442 ], [ -77.6772, 39.3245 ], [ -77.688, 39.3196 ], [ -77.7277, 39.3221 ], [ -77.7557, 39.3339 ], [ -77.761, 39.3416 ], [ -77.7437, 39.3592 ] ] ] } },
{ "type": "Feature", "properties": { "GEOIDFQ": "1400000US24033801405", "NAME": "8014.05", "NAMELSAD": "Census Tract 8014.05" }, "geometry": { "type": "Polygon", "coordinates": [ [ [ -76.9932, 38.806 ], [ -76.9705, 38.8088 ], [ -76.9975, 38.7803 ], [ -76.999, 38.8028 ], [ -76.9932, 38.806 ] ] ] } },
{ "type": "Feature", "properties": { "GEOIDFQ": "1400000US24033801500", "NAME": "8015", "NAMELSAD": "Census Tract 8015" }, "geometry": { "type": "Polygon", "coordinates": [ [ [ -77.0066, 38.8169 ], [ -77.0013, 38.8212 ], [ -76.9905, 38.8064 ], [ -77.0161, 38.7952 ], [ -77.0375, 38.7928 ], [ -77.0066, 38.8169 ] ] ] } },
{ "type": "Feature", "properties": { "GEOIDFQ": "1400000US24033801600", "NAME": "8016", "NAMELSAD": "Census Tract 8016" }, "geometry": { "type": "Polygon", "coordinates": [ [ [ -76.993, 38.8245 ], [ -76.9929, 38.8173 ], [ -76.9987, 38.8154 ], [ -77.0012, 38.8213 ], [ -76.993, 38.8245 ] ] ] } },
{ "type": "Feature", "properties": { "GEOIDFQ": "1400000US24033801702", "NAME": "8017.02", "NAMELSAD": "Census Tract 8017.02" }, "geometry": { "type": "Polygon", "coordinates": [ [ [ -76.9579, 38.8143 ], [ -76.9462, 38.8151 ], [ -76.9586, 38.805 ], [ -76.9735, 38.806 ], [ -76.9579, 38.8143 ] ] ] } },
{ "type": "Feature", "properties": { "GEOIDFQ": "1400000US24033803602", "NAME": "8036.02", "NAMELSAD": "Census Tract 8036.02" }, "geometry": { "type": "Polygon", "coordinates": [ [ [ -76.8695, 38.9507 ], [ -76.8649, 38.9569 ], [ -76.855, 38.9331 ], [ -76.8853, 38.9369 ], [ -76.8695, 38.9507 ] ] ] } },
{ "type": "Feature", "properties": { "GEOIDFQ": "1400000US24033803606", "NAME": "8036.06", "NAMELSAD": "Census Tract 8036.06" }, "geometry": { "type": "Polygon", "coordinates": [ [ [ -76.8469, 38.9807 ], [ -76.8387, 38.9756 ], [ -76.866, 38.9597 ], [ -76.8735, 38.9782 ], [ -76.8469, 38.9807 ] ] ] } },
{ "type": "Feature", "properties": { "GEOIDFQ": "1400000US24033803608", "NAME": "8036.08", "NAMELSAD": "Census Tract 8036.08" }, "geometry": { "type": "Polygon", "coordinates": [ [ [ -76.8453, 38.9654 ], [ -76.8195, 38.9564 ], [ -76.8391, 38.9471 ], [ -76.8585, 38.9455 ], [ -76.866, 38.9597 ], [ -76.8453, 38.9654 ] ] ] } },
{ "type": "Feature", "properties": { "GEOIDFQ": "1400000US24027601104", "NAME": "6011.04", "NAMELSAD": "Census Tract 6011.04" }, "geometry": { "type": "Polygon", "coordinates": [ [ [ -76.7638, 39.2513 ], [ -76.7401, 39.2324 ], [ -76.7173, 39.2255 ], [ -76.7385, 39.2117 ], [ -76.7559, 39.2113 ], [ -76.7839, 39.2133 ], [ -76.7905, 39.2282 ], [ -76.7638, 39.2513 ] ] ] } },
{ "type": "Feature", "properties": { "GEOIDFQ": "1400000US24027603004", "NAME": "6030.04", "NAMELSAD": "Census Tract 6030.04" }, "geometry": { "type": "Polygon", "coordinates": [ [ [ -76.9554, 39.2899 ], [ -76.9526, 39.309 ], [ -76.9083, 39.3023 ], [ -76.8765, 39.3037 ], [ -76.8945, 39.2858 ], [ -76.8892, 39.2852 ], [ -76.894, 39.2514 ], [ -76.8869, 39.235 ], [ -76.899, 39.2334 ], [ -76.9103, 39.2443 ], [ -76.9489, 39.2569 ], [ -76.9678, 39.2577 ], [ -76.9848, 39.2641 ], [ -76.9873, 39.2727 ], [ -76.9554, 39.2899 ] ] ] } },
{ "type": "Feature", "properties": { "GEOIDFQ": "1400000US24027603003", "NAME": "6030.03", "NAMELSAD": "Census Tract 6030.03" }, "geometry": { "type": "Polygon", "coordinates": [ [ [ -77.0004, 39.3025 ], [ -76.9829, 39.3501 ], [ -76.9922, 39.3598 ], [ -76.9696, 39.364 ], [ -76.96, 39.3566 ], [ -76.9464, 39.361 ], [ -76.914, 39.3509 ], [ -76.9279, 39.3329 ], [ -76.9239, 39.3266 ], [ -76.9305, 39.3066 ], [ -76.9526, 39.309 ], [ -76.9548, 39.2906 ], [ -76.9854, 39.2763 ], [ -76.9848, 39.2641 ], [ -76.9985, 39.2629 ], [ -77.0004, 39.3025 ] ] ] } },
{ "type": "Feature", "properties": { "GEOIDFQ": "1400000US24027603001", "NAME": "6030.01", "NAMELSAD": "Census Tract 6030.01" }, "geometry": { "type": "Polygon", "coordinates": [ [ [ -76.9239, 39.3266 ], [ -76.9278, 39.3331 ], [ -76.9051, 39.3543 ], [ -76.8841, 39.3522 ], [ -76.875, 39.3322 ], [ -76.8563, 39.324 ], [ -76.8625, 39.3111 ], [ -76.8807, 39.305 ], [ -76.9083, 39.3023 ], [ -76.9306, 39.3096 ], [ -76.9239, 39.3266 ] ] ] } },
{ "type": "Feature", "properties": { "GEOIDFQ": "1400000US24027606905", "NAME": "6069.05", "NAMELSAD": "Census Tract 6069.05" }, "geometry": { "type": "Polygon", "coordinates": [ [ [ -76.8294, 39.1588 ], [ -76.8188, 39.1426 ], [ -76.7905, 39.1255 ], [ -76.8208, 39.1217 ], [ -76.8491, 39.1383 ], [ -76.8294, 39.1588 ] ] ] } },
{ "type": "Feature", "properties": { "GEOIDFQ": "1400000US24027606805", "NAME": "6068.05", "NAMELSAD": "Census Tract 6068.05" }, "geometry": { "type": "Polygon", "coordinates": [ [ [ -76.9013, 39.1451 ], [ -76.8906, 39.1449 ], [ -76.8626, 39.1296 ], [ -76.8736, 39.1154 ], [ -76.8857, 39.1313 ], [ -76.9067, 39.1254 ], [ -76.919, 39.1321 ], [ -76.9013, 39.1451 ] ] ] } },
{ "type": "Feature", "properties": { "GEOIDFQ": "1400000US24031701417", "NAME": "7014.17", "NAMELSAD": "Census Tract 7014.17" }, "geometry": { "type": "Polygon", "coordinates": [ [ [ -76.9313, 39.086 ], [ -76.9287, 39.0767 ], [ -76.9359, 39.0666 ], [ -76.9523, 39.0781 ], [ -76.9313, 39.086 ] ] ] } },
{ "type": "Feature", "properties": { "GEOIDFQ": "1400000US24031701503", "NAME": "7015.03", "NAMELSAD": "Census Tract 7015.03" }, "geometry": { "type": "Polygon", "coordinates": [ [ [ -77.0021, 39.0758 ], [ -76.9941, 39.0755 ], [ -76.9764, 39.0658 ], [ -76.9794, 39.0511 ], [ -76.992, 39.0433 ], [ -77.0021, 39.0758 ] ] ] } },
{ "type": "Feature", "properties": { "GEOIDFQ": "1400000US24031701505", "NAME": "7015.05", "NAMELSAD": "Census Tract 7015.05" }, "geometry": { "type": "Polygon", "coordinates": [ [ [ -76.992, 39.0433 ], [ -76.9768, 39.0191 ], [ -76.9941, 39.0175 ], [ -77.006, 39.03 ], [ -76.992, 39.0433 ] ] ] } },
{ "type": "Feature", "properties": { "GEOIDFQ": "1400000US24033802502", "NAME": "8025.02", "NAMELSAD": "Census Tract 8025.02" }, "geometry": { "type": "Polygon", "coordinates": [ [ [ -76.9339, 38.8738 ], [ -76.9208, 38.8701 ], [ -76.9249, 38.8647 ], [ -76.9395, 38.8694 ], [ -76.9339, 38.8738 ] ] ] } },
{ "type": "Feature", "properties": { "GEOIDFQ": "1400000US24033802600", "NAME": "8026", "NAMELSAD": "Census Tract 8026" }, "geometry": { "type": "Polygon", "coordinates": [ [ [ -76.9233, 38.8817 ], [ -76.9173, 38.8772 ], [ -76.9203, 38.87 ], [ -76.9339, 38.8738 ], [ -76.9233, 38.8817 ] ] ] } },
{ "type": "Feature", "properties": { "GEOIDFQ": "1400000US24033802700", "NAME": "8027", "NAMELSAD": "Census Tract 8027" }, "geometry": { "type": "Polygon", "coordinates": [ [ [ -76.9133, 38.8898 ], [ -76.9002, 38.8869 ], [ -76.9099, 38.8852 ], [ -76.9174, 38.8754 ], [ -76.924, 38.8815 ], [ -76.9133, 38.8898 ] ] ] } },
{ "type": "Feature", "properties": { "GEOIDFQ": "1400000US24005451801", "NAME": "4518.01", "NAMELSAD": "Census Tract 4518.01" }, "geometry": { "type": "Polygon", "coordinates": [ [ [ -76.3492, 39.3859 ], [ -76.3237, 39.3744 ], [ -76.3212, 39.3663 ], [ -76.3301, 39.3562 ], [ -76.3156, 39.3328 ], [ -76.3224, 39.3281 ], [ -76.3473, 39.3379 ], [ -76.3696, 39.3334 ], [ -76.3865, 39.3469 ], [ -76.3492, 39.3859 ] ] ] } },
{ "type": "Feature", "properties": { "GEOIDFQ": "1400000US24005490200", "NAME": "4902", "NAMELSAD": "Census Tract 4902" }, "geometry": { "type": "Polygon", "coordinates": [ [ [ -76.6021, 39.4251 ], [ -76.5971, 39.4245 ], [ -76.6005, 39.4131 ], [ -76.6293, 39.4171 ], [ -76.6021, 39.4251 ] ] ] } },
{ "type": "Feature", "properties": { "GEOIDFQ": "1400000US24005490302", "NAME": "4903.02", "NAMELSAD": "Census Tract 4903.02" }, "geometry": { "type": "Polygon", "coordinates": [ [ [ -76.6005, 39.4131 ], [ -76.589, 39.4142 ], [ -76.5687, 39.4021 ], [ -76.5782, 39.3998 ], [ -76.6014, 39.4063 ], [ -76.6005, 39.4131 ] ] ] } },
{ "type": "Feature", "properties": { "GEOIDFQ": "1400000US24005490601", "NAME": "4906.01", "NAMELSAD": "Census Tract 4906.01" }, "geometry": { "type": "Polygon", "coordinates": [ [ [ -76.6087, 39.3776 ], [ -76.6098, 39.3722 ], [ -76.6183, 39.372 ], [ -76.6202, 39.3767 ], [ -76.6087, 39.3776 ] ] ] } },
{ "type": "Feature", "properties": { "GEOIDFQ": "1400000US24005490602", "NAME": "4906.02", "NAMELSAD": "Census Tract 4906.02" }, "geometry": { "type": "Polygon", "coordinates": [ [ [ -76.6105, 39.3835 ], [ -76.606, 39.3876 ], [ -76.6087, 39.3776 ], [ -76.6229, 39.3795 ], [ -76.6105, 39.3835 ] ] ] } },
{ "type": "Feature", "properties": { "GEOIDFQ": "1400000US24005490605", "NAME": "4906.05", "NAMELSAD": "Census Tract 4906.05" }, "geometry": { "type": "Polygon", "coordinates": [ [ [ -76.6243, 39.3962 ], [ -76.6039, 39.3953 ], [ -76.6105, 39.3835 ], [ -76.6206, 39.383 ], [ -76.6285, 39.3906 ], [ -76.6243, 39.3962 ] ] ] } },
{ "type": "Feature", "properties": { "GEOIDFQ": "1400000US24005490701", "NAME": "4907.01", "NAMELSAD": "Census Tract 4907.01" }, "geometry": { "type": "Polygon", "coordinates": [ [ [ -76.6308, 39.4114 ], [ -76.6181, 39.4079 ], [ -76.6242, 39.3962 ], [ -76.6278, 39.3947 ], [ -76.6308, 39.4114 ] ] ] } },
{ "type": "Feature", "properties": { "GEOIDFQ": "1400000US24005980200", "NAME": "9802", "NAMELSAD": "Census Tract 9802" }, "geometry": { "type": "Polygon", "coordinates": [ [ [ -76.6926, 39.2276 ], [ -76.6687, 39.2392 ], [ -76.6656, 39.2302 ], [ -76.6802, 39.2202 ], [ -76.6939, 39.2192 ], [ -76.6926, 39.2276 ] ] ] } },
{ "type": "Feature", "properties": { "GEOIDFQ": "1400000US24510160700", "NAME": "1607", "NAMELSAD": "Census Tract 1607" }, "geometry": { "type": "Polygon", "coordinates": [ [ [ -76.6723, 39.3072 ], [ -76.6609, 39.3061 ], [ -76.6697, 39.2943 ], [ -76.6723, 39.3072 ] ] ] } },
{ "type": "Feature", "properties": { "GEOIDFQ": "1400000US24510160801", "NAME": "1608.01", "NAMELSAD": "Census Tract 1608.01" }, "geometry": { "type": "Polygon", "coordinates": [ [ [ -76.6812, 39.3004 ], [ -76.6812, 39.2939 ], [ -76.686, 39.2937 ], [ -76.6876, 39.3022 ], [ -76.6812, 39.3004 ] ] ] } },
{ "type": "Feature", "properties": { "GEOIDFQ": "1400000US24510160802", "NAME": "1608.02", "NAMELSAD": "Census Tract 1608.02" }, "geometry": { "type": "Polygon", "coordinates": [ [ [ -76.6798, 39.3059 ], [ -76.6705, 39.2943 ], [ -76.6812, 39.2939 ], [ -76.6895, 39.3044 ], [ -76.6798, 39.3059 ] ] ] } },
{ "type": "Feature", "properties": { "GEOIDFQ": "1400000US24043000200", "NAME": "2", "NAMELSAD": "Census Tract 2" }, "geometry": { "type": "Polygon", "coordinates": [ [ [ -77.719, 39.6666 ], [ -77.7194, 39.6701 ], [ -77.7046, 39.6623 ], [ -77.7126, 39.6517 ], [ -77.722, 39.6506 ], [ -77.7342, 39.6695 ], [ -77.719, 39.6666 ] ] ] } },
{ "type": "Feature", "properties": { "GEOIDFQ": "1400000US24043000301", "NAME": "3.01", "NAMELSAD": "Census Tract 3.01" }, "geometry": { "type": "Polygon", "coordinates": [ [ [ -77.7391, 39.6648 ], [ -77.7355, 39.671 ], [ -77.7237, 39.6531 ], [ -77.7343, 39.6469 ], [ -77.7541, 39.6493 ], [ -77.7391, 39.6648 ] ] ] } },
{ "type": "Feature", "properties": { "GEOIDFQ": "1400000US24043000302", "NAME": "3.02", "NAMELSAD": "Census Tract 3.02" }, "geometry": { "type": "Polygon", "coordinates": [ [ [ -77.7296, 39.6524 ], [ -77.7232, 39.6542 ], [ -77.7269, 39.6452 ], [ -77.7342, 39.6474 ], [ -77.7296, 39.6524 ] ] ] } },
{ "type": "Feature", "properties": { "GEOIDFQ": "1400000US24027605602", "NAME": "6056.02", "NAMELSAD": "Census Tract 6056.02" }, "geometry": { "type": "Polygon", "coordinates": [ [ [ -76.8843, 39.1978 ], [ -76.8874, 39.215 ], [ -76.8692, 39.2132 ], [ -76.8597, 39.2022 ], [ -76.8745, 39.1819 ], [ -76.8961, 39.1847 ], [ -76.8843, 39.1978 ] ] ] } },
{ "type": "Feature", "properties": { "GEOIDFQ": "1400000US24027602900", "NAME": "6029", "NAMELSAD": "Census Tract 6029" }, "geometry": { "type": "Polygon", "coordinates": [ [ [ -76.7866, 39.2964 ], [ -76.7786, 39.295 ], [ -76.7966, 39.2696 ], [ -76.8166, 39.2796 ], [ -76.7866, 39.2964 ] ] ] } },
{ "type": "Feature", "properties": { "GEOIDFQ": "1400000US24027602100", "NAME": "6021", "NAMELSAD": "Census Tract 6021" }, "geometry": { "type": "Polygon", "coordinates": [ [ [ -76.8625, 39.3111 ], [ -76.8563, 39.324 ], [ -76.8516, 39.3162 ], [ -76.8443, 39.3183 ], [ -76.8345, 39.3115 ], [ -76.8249, 39.3193 ], [ -76.8178, 39.3132 ], [ -76.8129, 39.318 ], [ -76.7925, 39.3115 ], [ -76.8141, 39.2966 ], [ -76.8553, 39.2963 ], [ -76.8807, 39.3053 ], [ -76.8625, 39.3111 ] ] ] } },
{ "type": "Feature", "properties": { "GEOIDFQ": "1400000US24027605502", "NAME": "6055.02", "NAMELSAD": "Census Tract 6055.02" }, "geometry": { "type": "Polygon", "coordinates": [ [ [ -76.8909, 39.2344 ], [ -76.894, 39.2258 ], [ -76.8874, 39.215 ], [ -76.905, 39.2136 ], [ -76.9167, 39.2298 ], [ -76.8909, 39.2344 ] ] ] } },
{ "type": "Feature", "properties": { "GEOIDFQ": "1400000US24027602800", "NAME": "6028", "NAMELSAD": "Census Tract 6028" }, "geometry": { "type": "Polygon", "coordinates": [ [ [ -76.8075, 39.2774 ], [ -76.7968, 39.2696 ], [ -76.7937, 39.2738 ], [ -76.7906, 39.2722 ], [ -76.7986, 39.2639 ], [ -76.8012, 39.2391 ], [ -76.8203, 39.2562 ], [ -76.821, 39.2776 ], [ -76.8075, 39.2774 ] ] ] } },
{ "type": "Feature", "properties": { "GEOIDFQ": "1400000US24027602305", "NAME": "6023.05", "NAMELSAD": "Census Tract 6023.05" }, "geometry": { "type": "Polygon", "coordinates": [ [ [ -76.8406, 39.2781 ], [ -76.8362, 39.2678 ], [ -76.8338, 39.2522 ], [ -76.8393, 39.2458 ], [ -76.8458, 39.2455 ], [ -76.8533, 39.279 ], [ -76.8406, 39.2781 ] ] ] } },
{ "type": "Feature", "properties": { "GEOIDFQ": "1400000US24027602302", "NAME": "6023.02", "NAMELSAD": "Census Tract 6023.02" }, "geometry": { "type": "Polygon", "coordinates": [ [ [ -76.8208, 39.258 ], [ -76.7978, 39.2364 ], [ -76.8075, 39.2226 ], [ -76.8264, 39.228 ], [ -76.8372, 39.24 ], [ -76.8208, 39.258 ] ] ] } },
{ "type": "Feature", "properties": { "GEOIDFQ": "1400000US24027604001", "NAME": "6040.01", "NAMELSAD": "Census Tract 6040.01" }, "geometry": { "type": "Polygon", "coordinates": [ [ [ -77.1676, 39.3544 ], [ -77.1518, 39.3486 ], [ -77.1264, 39.3643 ], [ -77.101, 39.3693 ], [ -77.0613, 39.3592 ], [ -77.0486, 39.3622 ], [ -77.0309, 39.3513 ], [ -77.0157, 39.3526 ], [ -77.0126, 39.3431 ], [ -77.0195, 39.3206 ], [ -77.0283, 39.3243 ], [ -77.032, 39.318 ], [ -77.0614, 39.3144 ], [ -77.0626, 39.3065 ], [ -77.0948, 39.3223 ], [ -77.118, 39.3044 ], [ -77.1345, 39.2768 ], [ -77.1401, 39.2921 ], [ -77.1703, 39.3131 ], [ -77.1871, 39.3406 ], [ -77.1676, 39.3544 ] ] ] } },
{ "type": "Feature", "properties": { "GEOIDFQ": "1400000US24027602700", "NAME": "6027", "NAMELSAD": "Census Tract 6027" }, "geometry": { "type": "Polygon", "coordinates": [ [ [ -76.7949, 39.2679 ], [ -76.7638, 39.2513 ], [ -76.7906, 39.2282 ], [ -76.8012, 39.2391 ], [ -76.7949, 39.2679 ] ] ] } },
{ "type": "Feature", "properties": { "GEOIDFQ": "1400000US24027606803", "NAME": "6068.03", "NAMELSAD": "Census Tract 6068.03" }, "geometry": { "type": "Polygon", "coordinates": [ [ [ -76.8745, 39.1819 ], [ -76.8562, 39.1756 ], [ -76.8499, 39.1624 ], [ -76.8683, 39.1584 ], [ -76.8844, 39.1687 ], [ -76.8745, 39.1819 ] ] ] } },
{ "type": "Feature", "properties": { "GEOIDFQ": "1400000US24027605503", "NAME": "6055.03", "NAMELSAD": "Census Tract 6055.03" }, "geometry": { "type": "Polygon", "coordinates": [ [ [ -76.8909, 39.2344 ], [ -76.8702, 39.2359 ], [ -76.8639, 39.2314 ], [ -76.8767, 39.2261 ], [ -76.8802, 39.2162 ], [ -76.8874, 39.215 ], [ -76.8909, 39.2344 ] ] ] } },
{ "type": "Feature", "properties": { "GEOIDFQ": "1400000US24027602304", "NAME": "6023.04", "NAMELSAD": "Census Tract 6023.04" }, "geometry": { "type": "Polygon", "coordinates": [ [ [ -76.8651, 39.2724 ], [ -76.8602, 39.2795 ], [ -76.8533, 39.279 ], [ -76.8438, 39.2478 ], [ -76.8472, 39.2395 ], [ -76.8684, 39.2356 ], [ -76.8651, 39.2724 ] ] ] } },
{ "type": "Feature", "properties": { "GEOIDFQ": "1400000US24003751600", "NAME": "7516", "NAMELSAD": "Census Tract 7516" }, "geometry": { "type": "Polygon", "coordinates": [ [ [ -76.6135, 39.0302 ], [ -76.5768, 39.0154 ], [ -76.5673, 38.9886 ], [ -76.5757, 38.9562 ], [ -76.5948, 38.9629 ], [ -76.6118, 38.9888 ], [ -76.6143, 39.0016 ], [ -76.608, 39.0054 ], [ -76.6135, 39.0302 ] ] ] } },
{ "type": "Feature", "properties": { "GEOIDFQ": "1400000US24003731104", "NAME": "7311.04", "NAMELSAD": "Census Tract 7311.04" }, "geometry": { "type": "Polygon", "coordinates": [ [ [ -76.4961, 39.0721 ], [ -76.4855, 39.0688 ], [ -76.4939, 39.0421 ], [ -76.5084, 39.0532 ], [ -76.4961, 39.0721 ] ] ] } },
{ "type": "Feature", "properties": { "GEOIDFQ": "1400000US24003702206", "NAME": "7022.06", "NAMELSAD": "Census Tract 7022.06" }, "geometry": { "type": "Polygon", "coordinates": [ [ [ -76.6745, 39.0238 ], [ -76.6579, 39.0238 ], [ -76.6644, 38.9984 ], [ -76.6717, 38.9951 ], [ -76.6825, 39.0118 ], [ -76.6745, 39.0238 ] ] ] } },
{ "type": "Feature", "properties": { "GEOIDFQ": "1400000US24025303605", "NAME": "3036.05", "NAMELSAD": "Census Tract 3036.05" }, "geometry": { "type": "Polygon", "coordinates": [ [ [ -76.3133, 39.547 ], [ -76.3024, 39.5375 ], [ -76.3158, 39.5265 ], [ -76.33, 39.5418 ], [ -76.3133, 39.547 ] ] ] } },
{ "type": "Feature", "properties": { "GEOIDFQ": "1400000US24033801802", "NAME": "8018.02", "NAMELSAD": "Census Tract 8018.02" }, "geometry": { "type": "Polygon", "coordinates": [ [ [ -76.9484, 38.8421 ], [ -76.9408, 38.8329 ], [ -76.9518, 38.8333 ], [ -76.9534, 38.8285 ], [ -76.9599, 38.8331 ], [ -76.9484, 38.8421 ] ] ] } },
{ "type": "Feature", "properties": { "GEOIDFQ": "1400000US24017851001", "NAME": "8510.01", "NAMELSAD": "Census Tract 8510.01" }, "geometry": { "type": "Polygon", "coordinates": [ [ [ -77.0126, 38.5236 ], [ -77.0149, 38.5494 ], [ -77.0059, 38.5647 ], [ -76.9838, 38.566 ], [ -76.9847, 38.5047 ], [ -77.0204, 38.5079 ], [ -77.0126, 38.5236 ] ] ] } },
{ "type": "Feature", "properties": { "GEOIDFQ": "1400000US24021750802", "NAME": "7508.02", "NAMELSAD": "Census Tract 7508.02" }, "geometry": { "type": "Polygon", "coordinates": [ [ [ -77.4016, 39.4642 ], [ -77.3792, 39.4625 ], [ -77.3705, 39.4557 ], [ -77.4031, 39.4437 ], [ -77.4016, 39.4642 ] ] ] } },
{ "type": "Feature", "properties": { "GEOIDFQ": "1400000US24021751202", "NAME": "7512.02", "NAMELSAD": "Census Tract 7512.02" }, "geometry": { "type": "Polygon", "coordinates": [ [ [ -77.451, 39.4654 ], [ -77.4406, 39.4597 ], [ -77.4342, 39.449 ], [ -77.4367, 39.4361 ], [ -77.4469, 39.4387 ], [ -77.461, 39.4594 ], [ -77.451, 39.4654 ] ] ] } },
{ "type": "Feature", "properties": { "GEOIDFQ": "1400000US24021750701", "NAME": "7507.01", "NAMELSAD": "Census Tract 7507.01" }, "geometry": { "type": "Polygon", "coordinates": [ [ [ -77.4088, 39.4705 ], [ -77.3992, 39.455 ], [ -77.4103, 39.4355 ], [ -77.4165, 39.4594 ], [ -77.4088, 39.4705 ] ] ] } },
{ "type": "Feature", "properties": { "GEOIDFQ": "1400000US24021750702", "NAME": "7507.02", "NAMELSAD": "Census Tract 7507.02" }, "geometry": { "type": "Polygon", "coordinates": [ [ [ -77.4151, 39.4357 ], [ -77.4173, 39.4411 ], [ -77.4109, 39.442 ], [ -77.4175, 39.43 ], [ -77.4271, 39.4244 ], [ -77.4321, 39.4285 ], [ -77.4151, 39.4357 ] ] ] } },
{ "type": "Feature", "properties": { "GEOIDFQ": "1400000US24005430700", "NAME": "4307", "NAMELSAD": "Census Tract 4307" }, "geometry": { "type": "Polygon", "coordinates": [ [ [ -76.7105, 39.2456 ], [ -76.691, 39.2482 ], [ -76.6912, 39.2387 ], [ -76.7053, 39.232 ], [ -76.7137, 39.2418 ], [ -76.7105, 39.2456 ] ] ] } },
{ "type": "Feature", "properties": { "GEOIDFQ": "1400000US24031701601", "NAME": "7016.01", "NAMELSAD": "Census Tract 7016.01" }, "geometry": { "type": "Polygon", "coordinates": [ [ [ -76.9768, 39.0191 ], [ -76.9719, 39.0184 ], [ -76.9803, 39.0072 ], [ -76.9768, 39.0191 ] ] ] } },
{ "type": "Feature", "properties": { "GEOIDFQ": "1400000US24031704804", "NAME": "7048.04", "NAMELSAD": "Census Tract 7048.04" }, "geometry": { "type": "Polygon", "coordinates": [ [ [ -77.0911, 38.985 ], [ -77.0854, 38.9864 ], [ -77.0928, 38.9811 ], [ -77.0986, 38.9847 ], [ -77.0911, 38.985 ] ] ] } },
{ "type": "Feature", "properties": { "GEOIDFQ": "1400000US24031700613", "NAME": "7006.13", "NAMELSAD": "Census Tract 7006.13" }, "geometry": { "type": "Polygon", "coordinates": [ [ [ -77.2847, 39.1636 ], [ -77.2755, 39.1591 ], [ -77.2783, 39.1513 ], [ -77.2672, 39.1333 ], [ -77.2803, 39.134 ], [ -77.2809, 39.1261 ], [ -77.3072, 39.1252 ], [ -77.335, 39.1318 ], [ -77.2847, 39.1636 ] ] ] } },
{ "type": "Feature", "properties": { "GEOIDFQ": "1400000US24017851003", "NAME": "8510.03", "NAMELSAD": "Census Tract 8510.03" }, "geometry": { "type": "Polygon", "coordinates": [ [ [ -76.9756, 38.5291 ], [ -76.9271, 38.5435 ], [ -76.9272, 38.5238 ], [ -76.9144, 38.5134 ], [ -76.9256, 38.4907 ], [ -76.9528, 38.5045 ], [ -76.9715, 38.4993 ], [ -76.9846, 38.5052 ], [ -76.9756, 38.5291 ] ] ] } },
{ "type": "Feature", "properties": { "GEOIDFQ": "1400000US24017851004", "NAME": "8510.04", "NAMELSAD": "Census Tract 8510.04" }, "geometry": { "type": "Polygon", "coordinates": [ [ [ -76.9791, 38.5704 ], [ -76.9389, 38.5895 ], [ -76.9389, 38.5674 ], [ -76.9271, 38.5435 ], [ -76.9756, 38.5291 ], [ -76.9771, 38.5138 ], [ -76.9821, 38.5149 ], [ -76.9866, 38.5576 ], [ -76.9791, 38.5704 ] ] ] } },
{ "type": "Feature", "properties": { "GEOIDFQ": "1400000US24017851501", "NAME": "8515.01", "NAMELSAD": "Census Tract 8515.01" }, "geometry": { "type": "Polygon", "coordinates": [ [ [ -76.947, 38.6111 ], [ -76.9444, 38.6202 ], [ -76.9191, 38.6183 ], [ -76.9379, 38.5971 ], [ -76.956, 38.6076 ], [ -76.947, 38.6111 ] ] ] } },
{ "type": "Feature", "properties": { "GEOIDFQ": "1400000US24017851403", "NAME": "8514.03", "NAMELSAD": "Census Tract 8514.03" }, "geometry": { "type": "Polygon", "coordinates": [ [ [ -76.8298, 38.6191 ], [ -76.7996, 38.6343 ], [ -76.7778, 38.627 ], [ -76.7756, 38.6043 ], [ -76.7926, 38.5943 ], [ -76.8007, 38.5578 ], [ -76.7971, 38.546 ], [ -76.8528, 38.5599 ], [ -76.8298, 38.6191 ] ] ] } },
{ "type": "Feature", "properties": { "GEOIDFQ": "1400000US24017851502", "NAME": "8515.02", "NAMELSAD": "Census Tract 8515.02" }, "geometry": { "type": "Polygon", "coordinates": [ [ [ -76.9695, 38.6191 ], [ -76.9463, 38.6192 ], [ -76.947, 38.6111 ], [ -76.956, 38.6073 ], [ -76.9379, 38.5971 ], [ -76.9492, 38.5844 ], [ -76.9809, 38.5925 ], [ -76.9695, 38.6191 ] ] ] } },
{ "type": "Feature", "properties": { "GEOIDFQ": "1400000US24017851402", "NAME": "8514.02", "NAMELSAD": "Census Tract 8514.02" }, "geometry": { "type": "Polygon", "coordinates": [ [ [ -76.7941, 38.5491 ], [ -76.7777, 38.5514 ], [ -76.7508, 38.5639 ], [ -76.7068, 38.5433 ], [ -76.7039, 38.5471 ], [ -76.6908, 38.5379 ], [ -76.6755, 38.5359 ], [ -76.6625, 38.5255 ], [ -76.6741, 38.4996 ], [ -76.6846, 38.495 ], [ -76.6993, 38.4971 ], [ -76.7113, 38.5096 ], [ -76.7337, 38.5125 ], [ -76.7667, 38.5133 ], [ -76.7746, 38.509 ], [ -76.7996, 38.5536 ], [ -76.7941, 38.5491 ] ] ] } },
{ "type": "Feature", "properties": { "GEOIDFQ": "1400000US24017851401", "NAME": "8514.01", "NAMELSAD": "Census Tract 8514.01" }, "geometry": { "type": "Polygon", "coordinates": [ [ [ -76.7926, 38.5943 ], [ -76.7757, 38.6039 ], [ -76.7778, 38.627 ], [ -76.7485, 38.6182 ], [ -76.7402, 38.5605 ], [ -76.7544, 38.564 ], [ -76.793, 38.5491 ], [ -76.8007, 38.5578 ], [ -76.7926, 38.5943 ] ] ] } },
{ "type": "Feature", "properties": { "GEOIDFQ": "1400000US24027602303", "NAME": "6023.03", "NAMELSAD": "Census Tract 6023.03" }, "geometry": { "type": "Polygon", "coordinates": [ [ [ -76.8898, 39.2901 ], [ -76.8602, 39.2795 ], [ -76.8685, 39.2357 ], [ -76.8869, 39.235 ], [ -76.894, 39.2514 ], [ -76.8892, 39.2852 ], [ -76.8945, 39.2858 ], [ -76.8898, 39.2901 ] ] ] } },
{ "type": "Feature", "properties": { "GEOIDFQ": "1400000US24027602600", "NAME": "6026", "NAMELSAD": "Census Tract 6026" }, "geometry": { "type": "Polygon", "coordinates": [ [ [ -76.7965, 39.305 ], [ -76.7785, 39.2958 ], [ -76.7866, 39.2964 ], [ -76.821, 39.2776 ], [ -76.8256, 39.2947 ], [ -76.7965, 39.305 ] ] ] } },
{ "type": "Feature", "properties": { "GEOIDFQ": "1400000US24027605401", "NAME": "6054.01", "NAMELSAD": "Census Tract 6054.01" }, "geometry": { "type": "Polygon", "coordinates": [ [ [ -76.8625, 39.2375 ], [ -76.8374, 39.2398 ], [ -76.8461, 39.2255 ], [ -76.8577, 39.2228 ], [ -76.8671, 39.226 ], [ -76.8685, 39.2357 ], [ -76.8625, 39.2375 ] ] ] } },
{ "type": "Feature", "properties": { "GEOIDFQ": "1400000US24510170100", "NAME": "1701", "NAMELSAD": "Census Tract 1701" }, "geometry": { "type": "Polygon", "coordinates": [ [ [ -76.627, 39.296 ], [ -76.6203, 39.3018 ], [ -76.6198, 39.2949 ], [ -76.627, 39.296 ] ] ] } },
{ "type": "Feature", "properties": { "GEOIDFQ": "1400000US24510170200", "NAME": "1702", "NAMELSAD": "Census Tract 1702" }, "geometry": { "type": "Polygon", "coordinates": [ [ [ -76.6269, 39.3048 ], [ -76.6207, 39.3044 ], [ -76.6262, 39.2967 ], [ -76.6312, 39.3016 ], [ -76.6269, 39.3048 ] ] ] } },
{ "type": "Feature", "properties": { "GEOIDFQ": "1400000US24510170300", "NAME": "1703", "NAMELSAD": "Census Tract 1703" }, "geometry": { "type": "Polygon", "coordinates": [ [ [ -76.6317, 39.3012 ], [ -76.6277, 39.2946 ], [ -76.6319, 39.2945 ], [ -76.6317, 39.3012 ] ] ] } },
{ "type": "Feature", "properties": { "GEOIDFQ": "1400000US24025301106", "NAME": "3011.06", "NAMELSAD": "Census Tract 3011.06" }, "geometry": { "type": "Polygon", "coordinates": [ [ [ -76.3104, 39.5144 ], [ -76.306, 39.5061 ], [ -76.3165, 39.4941 ], [ -76.3124, 39.4897 ], [ -76.3217, 39.4916 ], [ -76.3282, 39.5062 ], [ -76.3104, 39.5144 ] ] ] } },
{ "type": "Feature", "properties": { "GEOIDFQ": "1400000US24047951102", "NAME": "9511.02", "NAMELSAD": "Census Tract 9511.02" }, "geometry": { "type": "Polygon", "coordinates": [ [ [ -75.1298, 38.3893 ], [ -75.1163, 38.39 ], [ -75.1093, 38.3844 ], [ -75.1334, 38.3708 ], [ -75.1555, 38.3812 ], [ -75.1635, 38.3759 ], [ -75.1707, 38.3805 ], [ -75.1298, 38.3893 ] ] ] } },
{ "type": "Feature", "properties": { "GEOIDFQ": "1400000US24047951101", "NAME": "9511.01", "NAMELSAD": "Census Tract 9511.01" }, "geometry": { "type": "Polygon", "coordinates": [ [ [ -75.1598, 38.3809 ], [ -75.1334, 38.3708 ], [ -75.1066, 38.3823 ], [ -75.1369, 38.3563 ], [ -75.1546, 38.354 ], [ -75.1689, 38.3586 ], [ -75.1598, 38.3809 ] ] ] } },
{ "type": "Feature", "properties": { "GEOIDFQ": "1400000US24021752301", "NAME": "7523.01", "NAMELSAD": "Census Tract 7523.01" }, "geometry": { "type": "Polygon", "coordinates": [ [ [ -77.4412, 39.3758 ], [ -77.4255, 39.3731 ], [ -77.423, 39.3783 ], [ -77.4146, 39.371 ], [ -77.4259, 39.3487 ], [ -77.4336, 39.3639 ], [ -77.4434, 39.3608 ], [ -77.4507, 39.3663 ], [ -77.4412, 39.3758 ] ] ] } },
{ "type": "Feature", "properties": { "GEOIDFQ": "1400000US24033803524", "NAME": "8035.24", "NAMELSAD": "Census Tract 8035.24" }, "geometry": { "type": "Polygon", "coordinates": [ [ [ -76.8788, 38.9128 ], [ -76.874, 38.9039 ], [ -76.8563, 38.9065 ], [ -76.8571, 38.8992 ], [ -76.8693, 38.9008 ], [ -76.8789, 38.8947 ], [ -76.8944, 38.9076 ], [ -76.8788, 38.9128 ] ] ] } },
{ "type": "Feature", "properties": { "GEOIDFQ": "1400000US24033803526", "NAME": "8035.26", "NAMELSAD": "Census Tract 8035.26" }, "geometry": { "type": "Polygon", "coordinates": [ [ [ -76.8076, 38.8978 ], [ -76.794, 38.8999 ], [ -76.8049, 38.8931 ], [ -76.7987, 38.8753 ], [ -76.8194, 38.8881 ], [ -76.8076, 38.8978 ] ] ] } },
{ "type": "Feature", "properties": { "GEOIDFQ": "1400000US24033801311", "NAME": "8013.11", "NAMELSAD": "Census Tract 8013.11" }, "geometry": { "type": "Polygon", "coordinates": [ [ [ -76.9866, 38.6987 ], [ -76.9709, 38.7044 ], [ -76.9727, 38.7259 ], [ -76.9642, 38.7418 ], [ -76.9429, 38.7585 ], [ -76.9271, 38.752 ], [ -76.9293, 38.7381 ], [ -76.9205, 38.7289 ], [ -76.9156, 38.7321 ], [ -76.9101, 38.7209 ], [ -76.9393, 38.7094 ], [ -76.9191, 38.7058 ], [ -76.9261, 38.6992 ], [ -76.9216, 38.6854 ], [ -76.9532, 38.6725 ], [ -76.9722, 38.6734 ], [ -76.9815, 38.6883 ], [ -76.9951, 38.6853 ], [ -76.9866, 38.6987 ] ] ] } },
{ "type": "Feature", "properties": { "GEOIDFQ": "1400000US24033801208", "NAME": "8012.08", "NAMELSAD": "Census Tract 8012.08" }, "geometry": { "type": "Polygon", "coordinates": [ [ [ -76.895, 38.7566 ], [ -76.8795, 38.7504 ], [ -76.8815, 38.7312 ], [ -76.8961, 38.728 ], [ -76.895, 38.7566 ] ] ] } },
{ "type": "Feature", "properties": { "GEOIDFQ": "1400000US24033800212", "NAME": "8002.12", "NAMELSAD": "Census Tract 8002.12" }, "geometry": { "type": "Polygon", "coordinates": [ [ [ -76.8759, 39.0912 ], [ -76.8712, 39.082 ], [ -76.8652, 39.0829 ], [ -76.8656, 39.0755 ], [ -76.8809, 39.0654 ], [ -76.889, 39.0677 ], [ -76.8861, 39.0772 ], [ -76.8972, 39.0854 ], [ -76.8759, 39.0912 ] ] ] } },
{ "type": "Feature", "properties": { "GEOIDFQ": "1400000US24033800413", "NAME": "8004.13", "NAMELSAD": "Census Tract 8004.13" }, "geometry": { "type": "Polygon", "coordinates": [ [ [ -76.836, 38.9909 ], [ -76.8163, 38.9873 ], [ -76.8317, 38.9793 ], [ -76.839, 38.9858 ], [ -76.836, 38.9909 ] ] ] } },
{ "type": "Feature", "properties": { "GEOIDFQ": "1400000US24033801309", "NAME": "8013.09", "NAMELSAD": "Census Tract 8013.09" }, "geometry": { "type": "Polygon", "coordinates": [ [ [ -77.0779, 38.7135 ], [ -77.053, 38.7099 ], [ -77.0417, 38.7286 ], [ -77.0048, 38.7249 ], [ -77.0161, 38.7095 ], [ -76.99, 38.7126 ], [ -76.9866, 38.6987 ], [ -77.0291, 38.6981 ], [ -77.0434, 38.7036 ], [ -77.0786, 38.6941 ], [ -77.0864, 38.7062 ], [ -77.0779, 38.7135 ] ] ] } },
{ "type": "Feature", "properties": { "GEOIDFQ": "1400000US24033804002", "NAME": "8040.02", "NAMELSAD": "Census Tract 8040.02" }, "geometry": { "type": "Polygon", "coordinates": [ [ [ -76.9293, 38.948 ], [ -76.9163, 38.9467 ], [ -76.9182, 38.9393 ], [ -76.9363, 38.933 ], [ -76.9448, 38.9411 ], [ -76.9293, 38.948 ] ] ] } },
{ "type": "Feature", "properties": { "GEOIDFQ": "1400000US24033805801", "NAME": "8058.01", "NAMELSAD": "Census Tract 8058.01" }, "geometry": { "type": "Polygon", "coordinates": [ [ [ -76.9728, 38.9841 ], [ -76.9683, 38.9898 ], [ -76.9614, 38.9812 ], [ -76.965, 38.9701 ], [ -76.9729, 38.9691 ], [ -76.9728, 38.9841 ] ] ] } },
{ "type": "Feature", "properties": { "GEOIDFQ": "1400000US24033800504", "NAME": "8005.04", "NAMELSAD": "Census Tract 8005.04" }, "geometry": { "type": "Polygon", "coordinates": [ [ [ -76.7415, 38.9775 ], [ -76.7058, 38.989 ], [ -76.698, 38.9832 ], [ -76.704, 38.9723 ], [ -76.6939, 38.9558 ], [ -76.7175, 38.9552 ], [ -76.7172, 38.9631 ], [ -76.7398, 38.9639 ], [ -76.7415, 38.9775 ] ] ] } },
{ "type": "Feature", "properties": { "GEOIDFQ": "1400000US24033801901", "NAME": "8019.01", "NAMELSAD": "Census Tract 8019.01" }, "geometry": { "type": "Polygon", "coordinates": [ [ [ -76.9193, 38.8197 ], [ -76.9153, 38.813 ], [ -76.9231, 38.8021 ], [ -76.9104, 38.8006 ], [ -76.917, 38.7938 ], [ -76.9286, 38.7933 ], [ -76.938, 38.8128 ], [ -76.9488, 38.8173 ], [ -76.9193, 38.8197 ] ] ] } },
{ "type": "Feature", "properties": { "GEOIDFQ": "1400000US24033803100", "NAME": "8031", "NAMELSAD": "Census Tract 8031" }, "geometry": { "type": "Polygon", "coordinates": [ [ [ -76.9152, 38.9171 ], [ -76.902, 38.9075 ], [ -76.9236, 38.904 ], [ -76.9319, 38.9105 ], [ -76.9152, 38.9171 ] ] ] } },
{ "type": "Feature", "properties": { "GEOIDFQ": "1400000US24033801207", "NAME": "8012.07", "NAMELSAD": "Census Tract 8012.07" }, "geometry": { "type": "Polygon", "coordinates": [ [ [ -76.8674, 38.7759 ], [ -76.8623, 38.7563 ], [ -76.8465, 38.7462 ], [ -76.8612, 38.7352 ], [ -76.8815, 38.7312 ], [ -76.8789, 38.7559 ], [ -76.8848, 38.7683 ], [ -76.8674, 38.7759 ] ] ] } },
{ "type": "Feature", "properties": { "GEOIDFQ": "1400000US24033800800", "NAME": "8008", "NAMELSAD": "Census Tract 8008" }, "geometry": { "type": "Polygon", "coordinates": [ [ [ -76.8085, 38.6967 ], [ -76.7956, 38.6992 ], [ -76.788, 38.7106 ], [ -76.8101, 38.7453 ], [ -76.7985, 38.7499 ], [ -76.7769, 38.7442 ], [ -76.7638, 38.7528 ], [ -76.7534, 38.7716 ], [ -76.7194, 38.7813 ], [ -76.7009, 38.7687 ], [ -76.6993, 38.7534 ], [ -76.6858, 38.748 ], [ -76.684, 38.7383 ], [ -76.695, 38.7351 ], [ -76.702, 38.7109 ], [ -76.6949, 38.7025 ], [ -76.6974, 38.6878 ], [ -76.687, 38.6806 ], [ -76.701, 38.6684 ], [ -76.6833, 38.6612 ], [ -76.6922, 38.6432 ], [ -76.7164, 38.6437 ], [ -76.7504, 38.6625 ], [ -76.7773, 38.6595 ], [ -76.8158, 38.6839 ], [ -76.8085, 38.6967 ] ] ] } },
{ "type": "Feature", "properties": { "GEOIDFQ": "1400000US24033805000", "NAME": "8050", "NAMELSAD": "Census Tract 8050" }, "geometry": { "type": "Polygon", "coordinates": [ [ [ -76.9806, 38.9712 ], [ -76.9801, 38.9629 ], [ -76.967, 38.9513 ], [ -76.9873, 38.9586 ], [ -76.9878, 38.9543 ], [ -76.9972, 38.9616 ], [ -76.9806, 38.9712 ] ] ] } },
{ "type": "Feature", "properties": { "GEOIDFQ": "1400000US24033800701", "NAME": "8007.01", "NAMELSAD": "Census Tract 8007.01" }, "geometry": { "type": "Polygon", "coordinates": [ [ [ -76.8347, 38.834 ], [ -76.8468, 38.8442 ], [ -76.8386, 38.867 ], [ -76.8121, 38.871 ], [ -76.8018, 38.852 ], [ -76.7725, 38.8355 ], [ -76.7963, 38.827 ], [ -76.7771, 38.8145 ], [ -76.7859, 38.8118 ], [ -76.8164, 38.8114 ], [ -76.8491, 38.8205 ], [ -76.8545, 38.829 ], [ -76.8347, 38.834 ] ] ] } },
{ "type": "Feature", "properties": { "GEOIDFQ": "1400000US24033807000", "NAME": "8070", "NAMELSAD": "Census Tract 8070" }, "geometry": { "type": "Polygon", "coordinates": [ [ [ -76.9328, 38.9962 ], [ -76.9336, 39.0171 ], [ -76.9293, 39.0089 ], [ -76.9159, 39.0062 ], [ -76.9229, 38.9914 ], [ -76.9168, 38.9795 ], [ -76.9371, 38.9856 ], [ -76.9328, 38.9962 ] ] ] } },
{ "type": "Feature", "properties": { "GEOIDFQ": "1400000US24033803605", "NAME": "8036.05", "NAMELSAD": "Census Tract 8036.05" }, "geometry": { "type": "Polygon", "coordinates": [ [ [ -76.8991, 38.9725 ], [ -76.8735, 38.9782 ], [ -76.866, 38.9597 ], [ -76.8891, 38.9675 ], [ -76.9056, 38.9616 ], [ -76.8991, 38.9725 ] ] ] } },
{ "type": "Feature", "properties": { "GEOIDFQ": "1400000US24033804300", "NAME": "8043", "NAMELSAD": "Census Tract 8043" }, "geometry": { "type": "Polygon", "coordinates": [ [ [ -76.9394, 38.9333 ], [ -76.9144, 38.9392 ], [ -76.9295, 38.9255 ], [ -76.9247, 38.9132 ], [ -76.9319, 38.9105 ], [ -76.9419, 38.9186 ], [ -76.9394, 38.9333 ] ] ] } },
{ "type": "Feature", "properties": { "GEOIDFQ": "1400000US24033801807", "NAME": "8018.07", "NAMELSAD": "Census Tract 8018.07" }, "geometry": { "type": "Polygon", "coordinates": [ [ [ -76.9581, 38.8549 ], [ -76.9579, 38.8548 ], [ -76.9666, 38.8436 ], [ -76.9689, 38.8224 ], [ -76.9872, 38.8322 ], [ -76.9581, 38.8549 ] ] ] } },
{ "type": "Feature", "properties": { "GEOIDFQ": "1400000US24033801307", "NAME": "8013.07", "NAMELSAD": "Census Tract 8013.07" }, "geometry": { "type": "Polygon", "coordinates": [ [ [ -77.042, 38.7467 ], [ -77.0144, 38.7461 ], [ -77.001, 38.7613 ], [ -76.9938, 38.7608 ], [ -76.9902, 38.7255 ], [ -77.0417, 38.7286 ], [ -77.042, 38.7467 ] ] ] } },
{ "type": "Feature", "properties": { "GEOIDFQ": "1400000US24033800409", "NAME": "8004.09", "NAMELSAD": "Census Tract 8004.09" }, "geometry": { "type": "Polygon", "coordinates": [ [ [ -76.7799, 38.9911 ], [ -76.7613, 39.0034 ], [ -76.7555, 38.9709 ], [ -76.7853, 38.9717 ], [ -76.8001, 38.9941 ], [ -76.7799, 38.9911 ] ] ] } },
{ "type": "Feature", "properties": { "GEOIDFQ": "1400000US24033802204", "NAME": "8022.04", "NAMELSAD": "Census Tract 8022.04" }, "geometry": { "type": "Polygon", "coordinates": [ [ [ -76.8794, 38.8751 ], [ -76.8568, 38.8731 ], [ -76.8627, 38.8898 ], [ -76.8473, 38.8922 ], [ -76.8439, 38.8709 ], [ -76.8529, 38.8571 ], [ -76.8879, 38.8606 ], [ -76.8794, 38.8751 ] ] ] } },
{ "type": "Feature", "properties": { "GEOIDFQ": "1400000US24033801404", "NAME": "8014.04", "NAMELSAD": "Census Tract 8014.04" }, "geometry": { "type": "Polygon", "coordinates": [ [ [ -77.0394, 38.7916 ], [ -76.999, 38.8034 ], [ -76.9979, 38.7795 ], [ -77.0109, 38.7783 ], [ -77.0279, 38.7596 ], [ -77.0415, 38.761 ], [ -77.0394, 38.7916 ] ] ] } },
{ "type": "Feature", "properties": { "GEOIDFQ": "1400000US24033801701", "NAME": "8017.01", "NAMELSAD": "Census Tract 8017.01" }, "geometry": { "type": "Polygon", "coordinates": [ [ [ -76.9394, 38.8136 ], [ -76.929, 38.8009 ], [ -76.9401, 38.8002 ], [ -76.9584, 38.8052 ], [ -76.9394, 38.8136 ] ] ] } },
{ "type": "Feature", "properties": { "GEOIDFQ": "1400000US24033807301", "NAME": "8073.01", "NAMELSAD": "Census Tract 8073.01" }, "geometry": { "type": "Polygon", "coordinates": [ [ [ -76.9499, 39.0221 ], [ -76.9266, 39.0184 ], [ -76.9278, 39.0143 ], [ -76.9358, 39.0159 ], [ -76.9326, 38.9987 ], [ -76.9411, 39.0004 ], [ -76.9369, 39.0046 ], [ -76.9447, 39.0009 ], [ -76.9533, 39.0028 ], [ -76.9501, 39.0067 ], [ -76.958, 39.0049 ], [ -76.9499, 39.0221 ] ] ] } },
{ "type": "Feature", "properties": { "GEOIDFQ": "1400000US24033800206", "NAME": "8002.06", "NAMELSAD": "Census Tract 8002.06" }, "geometry": { "type": "Polygon", "coordinates": [ [ [ -76.8315, 39.0692 ], [ -76.8105, 39.0609 ], [ -76.8209, 39.0534 ], [ -76.816, 39.0448 ], [ -76.8208, 39.0367 ], [ -76.8523, 39.0333 ], [ -76.8315, 39.0692 ] ] ] } },
{ "type": "Feature", "properties": { "GEOIDFQ": "1400000US24033803300", "NAME": "8033", "NAMELSAD": "Census Tract 8033" }, "geometry": { "type": "Polygon", "coordinates": [ [ [ -76.8917, 38.9179 ], [ -76.8884, 38.9267 ], [ -76.8743, 38.9263 ], [ -76.8921, 38.9096 ], [ -76.902, 38.9075 ], [ -76.9101, 38.9163 ], [ -76.8917, 38.9179 ] ] ] } },
{ "type": "Feature", "properties": { "GEOIDFQ": "1400000US24033806900", "NAME": "8069", "NAMELSAD": "Census Tract 8069" }, "geometry": { "type": "Polygon", "coordinates": [ [ [ -76.9267, 39.0182 ], [ -76.9086, 39.0149 ], [ -76.9155, 39.006 ], [ -76.9293, 39.0089 ], [ -76.9267, 39.0182 ] ] ] } },
{ "type": "Feature", "properties": { "GEOIDFQ": "1400000US24025303700", "NAME": "3037", "NAMELSAD": "Census Tract 3037" }, "geometry": { "type": "Polygon", "coordinates": [ [ [ -76.2328, 39.5662 ], [ -76.2112, 39.5454 ], [ -76.219, 39.5306 ], [ -76.207, 39.5144 ], [ -76.2689, 39.5102 ], [ -76.2658, 39.5171 ], [ -76.2799, 39.5309 ], [ -76.2865, 39.5245 ], [ -76.3133, 39.547 ], [ -76.2328, 39.5662 ] ] ] } },
{ "type": "Feature", "properties": { "GEOIDFQ": "1400000US24033804200", "NAME": "8042", "NAMELSAD": "Census Tract 8042" }, "geometry": { "type": "Polygon", "coordinates": [ [ [ -76.917, 38.9352 ], [ -76.9086, 38.9274 ], [ -76.9247, 38.9132 ], [ -76.9295, 38.9255 ], [ -76.917, 38.9352 ] ] ] } },
{ "type": "Feature", "properties": { "GEOIDFQ": "1400000US24033804400", "NAME": "8044", "NAMELSAD": "Census Tract 8044" }, "geometry": { "type": "Polygon", "coordinates": [ [ [ -76.9465, 38.9449 ], [ -76.9436, 38.9439 ], [ -76.9402, 38.9199 ], [ -76.9588, 38.9316 ], [ -76.9465, 38.9449 ] ] ] } },
{ "type": "Feature", "properties": { "GEOIDFQ": "1400000US24033804600", "NAME": "8046", "NAMELSAD": "Census Tract 8046" }, "geometry": { "type": "Polygon", "coordinates": [ [ [ -76.9465, 38.9449 ], [ -76.9555, 38.935 ], [ -76.961, 38.9409 ], [ -76.9623, 38.9485 ], [ -76.9465, 38.9449 ] ] ] } },
{ "type": "Feature", "properties": { "GEOIDFQ": "1400000US24033804700", "NAME": "8047", "NAMELSAD": "Census Tract 8047" }, "geometry": { "type": "Polygon", "coordinates": [ [ [ -76.9623, 38.9485 ], [ -76.9588, 38.9316 ], [ -76.9681, 38.9389 ], [ -76.9623, 38.9485 ] ] ] } },
{ "type": "Feature", "properties": { "GEOIDFQ": "1400000US24033801905", "NAME": "8019.05", "NAMELSAD": "Census Tract 8019.05" }, "geometry": { "type": "Polygon", "coordinates": [ [ [ -76.9256, 38.8295 ], [ -76.9025, 38.8357 ], [ -76.8877, 38.8221 ], [ -76.9311, 38.819 ], [ -76.9256, 38.8295 ] ] ] } },
{ "type": "Feature", "properties": { "GEOIDFQ": "1400000US24005402405", "NAME": "4024.05", "NAMELSAD": "Census Tract 4024.05" }, "geometry": { "type": "Polygon", "coordinates": [ [ [ -76.7448, 39.3332 ], [ -76.7261, 39.3216 ], [ -76.7288, 39.3166 ], [ -76.7448, 39.3219 ], [ -76.7448, 39.3332 ] ] ] } },
{ "type": "Feature", "properties": { "GEOIDFQ": "1400000US24005402506", "NAME": "4025.06", "NAMELSAD": "Census Tract 4025.06" }, "geometry": { "type": "Polygon", "coordinates": [ [ [ -76.8033, 39.3853 ], [ -76.7892, 39.3825 ], [ -76.7954, 39.3674 ], [ -76.8098, 39.3755 ], [ -76.8033, 39.3853 ] ] ] } },
{ "type": "Feature", "properties": { "GEOIDFQ": "1400000US24005402602", "NAME": "4026.02", "NAMELSAD": "Census Tract 4026.02" }, "geometry": { "type": "Polygon", "coordinates": [ [ [ -76.7814, 39.3714 ], [ -76.7673, 39.3673 ], [ -76.7787, 39.3614 ], [ -76.7913, 39.366 ], [ -76.7814, 39.3714 ] ] ] } },
{ "type": "Feature", "properties": { "GEOIDFQ": "1400000US24510270702", "NAME": "2707.02", "NAMELSAD": "Census Tract 2707.02" }, "geometry": { "type": "Polygon", "coordinates": [ [ [ -76.5681, 39.3686 ], [ -76.5519, 39.3634 ], [ -76.5579, 39.3565 ], [ -76.5586, 39.3627 ], [ -76.5741, 39.3673 ], [ -76.5681, 39.3686 ] ] ] } },
{ "type": "Feature", "properties": { "GEOIDFQ": "1400000US24510270801", "NAME": "2708.01", "NAMELSAD": "Census Tract 2708.01" }, "geometry": { "type": "Polygon", "coordinates": [ [ [ -76.597, 39.3719 ], [ -76.582, 39.3721 ], [ -76.5855, 39.366 ], [ -76.6003, 39.3691 ], [ -76.597, 39.3719 ] ] ] } },
{ "type": "Feature", "properties": { "GEOIDFQ": "1400000US24510270703", "NAME": "2707.03", "NAMELSAD": "Census Tract 2707.03" }, "geometry": { "type": "Polygon", "coordinates": [ [ [ -76.5618, 39.3722 ], [ -76.5442, 39.3722 ], [ -76.5519, 39.3634 ], [ -76.5618, 39.3722 ] ] ] } },
{ "type": "Feature", "properties": { "GEOIDFQ": "1400000US24005491000", "NAME": "4910", "NAMELSAD": "Census Tract 4910" }, "geometry": { "type": "Polygon", "coordinates": [ [ [ -76.607, 39.3839 ], [ -76.595, 39.3853 ], [ -76.5846, 39.3739 ], [ -76.6085, 39.3784 ], [ -76.607, 39.3839 ] ] ] } },
{ "type": "Feature", "properties": { "GEOIDFQ": "1400000US24005491100", "NAME": "4911", "NAMELSAD": "Census Tract 4911" }, "geometry": { "type": "Polygon", "coordinates": [ [ [ -76.6085, 39.3784 ], [ -76.5835, 39.3721 ], [ -76.5979, 39.3718 ], [ -76.6098, 39.3722 ], [ -76.6085, 39.3784 ] ] ] } },
{ "type": "Feature", "properties": { "GEOIDFQ": "1400000US24005490703", "NAME": "4907.03", "NAMELSAD": "Census Tract 4907.03" }, "geometry": { "type": "Polygon", "coordinates": [ [ [ -76.6181, 39.4079 ], [ -76.6021, 39.4019 ], [ -76.6039, 39.3953 ], [ -76.6242, 39.3967 ], [ -76.6181, 39.4079 ] ] ] } },
{ "type": "Feature", "properties": { "GEOIDFQ": "1400000US24005491201", "NAME": "4912.01", "NAMELSAD": "Census Tract 4912.01" }, "geometry": { "type": "Polygon", "coordinates": [ [ [ -76.5661, 39.4014 ], [ -76.5638, 39.3932 ], [ -76.5838, 39.393 ], [ -76.5884, 39.4016 ], [ -76.5661, 39.4014 ] ] ] } },
{ "type": "Feature", "properties": { "GEOIDFQ": "1400000US24005490800", "NAME": "4908", "NAMELSAD": "Census Tract 4908" }, "geometry": { "type": "Polygon", "coordinates": [ [ [ -76.6039, 39.3953 ], [ -76.5889, 39.3946 ], [ -76.5906, 39.3866 ], [ -76.6069, 39.3845 ], [ -76.6039, 39.3953 ] ] ] } },
{ "type": "Feature", "properties": { "GEOIDFQ": "1400000US24005490900", "NAME": "4909", "NAMELSAD": "Census Tract 4909" }, "geometry": { "type": "Polygon", "coordinates": [ [ [ -76.5994, 39.4058 ], [ -76.5882, 39.4014 ], [ -76.582, 39.3894 ], [ -76.6037, 39.396 ], [ -76.5994, 39.4058 ] ] ] } },
{ "type": "Feature", "properties": { "GEOIDFQ": "1400000US24025301102", "NAME": "3011.02", "NAMELSAD": "Census Tract 3011.02" }, "geometry": { "type": "Polygon", "coordinates": [ [ [ -76.3102, 39.5192 ], [ -76.2964, 39.5158 ], [ -76.2799, 39.5309 ], [ -76.2658, 39.5171 ], [ -76.2689, 39.5102 ], [ -76.2068, 39.5133 ], [ -76.2449, 39.487 ], [ -76.2742, 39.4747 ], [ -76.2837, 39.4882 ], [ -76.2982, 39.4893 ], [ -76.3102, 39.5192 ] ] ] } },
{ "type": "Feature", "properties": { "GEOIDFQ": "1400000US24025303300", "NAME": "3033", "NAMELSAD": "Census Tract 3033" }, "geometry": { "type": "Polygon", "coordinates": [ [ [ -76.4362, 39.5506 ], [ -76.4218, 39.5426 ], [ -76.4118, 39.5466 ], [ -76.4008, 39.5421 ], [ -76.4006, 39.5349 ], [ -76.3852, 39.5293 ], [ -76.3847, 39.5212 ], [ -76.369, 39.5178 ], [ -76.4209, 39.4784 ], [ -76.4331, 39.488 ], [ -76.4279, 39.5019 ], [ -76.4322, 39.5066 ], [ -76.437, 39.502 ], [ -76.4594, 39.5092 ], [ -76.4362, 39.5506 ] ] ] } },
{ "type": "Feature", "properties": { "GEOIDFQ": "1400000US24025302100", "NAME": "3021", "NAMELSAD": "Census Tract 3021" }, "geometry": { "type": "Polygon", "coordinates": [ [ [ -76.2353, 39.619 ], [ -76.229, 39.615 ], [ -76.2156, 39.6219 ], [ -76.2028, 39.6142 ], [ -76.1824, 39.6172 ], [ -76.1832, 39.6214 ], [ -76.1676, 39.618 ], [ -76.1599, 39.6235 ], [ -76.1497, 39.6135 ], [ -76.1449, 39.6178 ], [ -76.136, 39.6141 ], [ -76.1061, 39.5805 ], [ -76.1379, 39.5713 ], [ -76.2004, 39.5782 ], [ -76.2328, 39.5662 ], [ -76.2315, 39.5953 ], [ -76.2432, 39.6088 ], [ -76.2353, 39.619 ] ] ] } },
{ "type": "Feature", "properties": { "GEOIDFQ": "1400000US24025301201", "NAME": "3012.01", "NAMELSAD": "Census Tract 3012.01" }, "geometry": { "type": "Polygon", "coordinates": [ [ [ -76.3819, 39.4664 ], [ -76.38, 39.4751 ], [ -76.361, 39.4725 ], [ -76.3445, 39.4872 ], [ -76.3211, 39.4513 ], [ -76.3776, 39.4362 ], [ -76.3918, 39.4625 ], [ -76.3819, 39.4664 ] ] ] } },
{ "type": "Feature", "properties": { "GEOIDFQ": "1400000US24025301401", "NAME": "3014.01", "NAMELSAD": "Census Tract 3014.01" }, "geometry": { "type": "Polygon", "coordinates": [ [ [ -76.3557, 39.429 ], [ -76.3471, 39.4185 ], [ -76.3422, 39.4101 ], [ -76.3492, 39.3859 ], [ -76.3719, 39.4051 ], [ -76.3735, 39.4214 ], [ -76.3557, 39.429 ] ] ] } },
{ "type": "Feature", "properties": { "GEOIDFQ": "1400000US24025302801", "NAME": "3028.01", "NAMELSAD": "Census Tract 3028.01" }, "geometry": { "type": "Polygon", "coordinates": [ [ [ -76.1775, 39.5334 ], [ -76.1468, 39.5621 ], [ -76.1426, 39.551 ], [ -76.1504, 39.5405 ], [ -76.1407, 39.525 ], [ -76.1591, 39.5162 ], [ -76.1919, 39.5266 ], [ -76.1775, 39.5334 ] ] ] } },
{ "type": "Feature", "properties": { "GEOIDFQ": "1400000US24025303400", "NAME": "3034", "NAMELSAD": "Census Tract 3034" }, "geometry": { "type": "Polygon", "coordinates": [ [ [ -76.369, 39.5156 ], [ -76.3523, 39.5022 ], [ -76.3593, 39.4951 ], [ -76.3432, 39.4831 ], [ -76.3612, 39.4724 ], [ -76.38, 39.4751 ], [ -76.3905, 39.4624 ], [ -76.4106, 39.4784 ], [ -76.4209, 39.4784 ], [ -76.369, 39.5156 ] ] ] } },
{ "type": "Feature", "properties": { "GEOIDFQ": "1400000US24025302400", "NAME": "3024", "NAMELSAD": "Census Tract 3024" }, "geometry": { "type": "Polygon", "coordinates": [ [ [ -76.2368, 39.4612 ], [ -76.2229, 39.4674 ], [ -76.212, 39.4912 ], [ -76.2136, 39.5068 ], [ -76.2007, 39.5191 ], [ -76.1939, 39.5124 ], [ -76.192, 39.4908 ], [ -76.1841, 39.494 ], [ -76.1726, 39.4888 ], [ -76.1999, 39.4627 ], [ -76.2196, 39.4234 ], [ -76.2382, 39.4239 ], [ -76.247, 39.4445 ], [ -76.2368, 39.4612 ] ] ] } },
{ "type": "Feature", "properties": { "GEOIDFQ": "1400000US24025306300", "NAME": "3063", "NAMELSAD": "Census Tract 3063" }, "geometry": { "type": "Polygon", "coordinates": [ [ [ -76.1427, 39.5508 ], [ -76.1468, 39.5621 ], [ -76.1418, 39.5669 ], [ -76.1229, 39.5323 ], [ -76.1121, 39.5371 ], [ -76.047, 39.5037 ], [ -76.0386, 39.4839 ], [ -76.1247, 39.4883 ], [ -76.13, 39.5127 ], [ -76.14, 39.5093 ], [ -76.1463, 39.5137 ], [ -76.1383, 39.5177 ], [ -76.1506, 39.542 ], [ -76.1427, 39.5508 ] ] ] } },
{ "type": "Feature", "properties": { "GEOIDFQ": "1400000US24025305200", "NAME": "3052", "NAMELSAD": "Census Tract 3052" }, "geometry": { "type": "Polygon", "coordinates": [ [ [ -76.2863, 39.6579 ], [ -76.2875, 39.6758 ], [ -76.2679, 39.6903 ], [ -76.2588, 39.6921 ], [ -76.2589, 39.6865 ], [ -76.2517, 39.687 ], [ -76.2403, 39.7017 ], [ -76.2243, 39.7029 ], [ -76.2127, 39.6864 ], [ -76.1738, 39.6601 ], [ -76.2051, 39.6478 ], [ -76.2349, 39.6533 ], [ -76.2988, 39.6211 ], [ -76.296, 39.6305 ], [ -76.3064, 39.6222 ], [ -76.3096, 39.6261 ], [ -76.2863, 39.6579 ] ] ] } },
{ "type": "Feature", "properties": { "GEOIDFQ": "1400000US24025302802", "NAME": "3028.02", "NAMELSAD": "Census Tract 3028.02" }, "geometry": { "type": "Polygon", "coordinates": [ [ [ -76.1919, 39.5266 ], [ -76.1591, 39.5162 ], [ -76.1948, 39.4977 ], [ -76.1939, 39.5124 ], [ -76.2007, 39.5191 ], [ -76.1919, 39.5266 ] ] ] } },
{ "type": "Feature", "properties": { "GEOIDFQ": "1400000US24029950100", "NAME": "9501", "NAMELSAD": "Census Tract 9501" }, "geometry": { "type": "Polygon", "coordinates": [ [ [ -75.9141, 39.2623 ], [ -75.9113, 39.2856 ], [ -75.8868, 39.3142 ], [ -75.9052, 39.3195 ], [ -75.9036, 39.3265 ], [ -75.9215, 39.3553 ], [ -75.9198, 39.3669 ], [ -75.8851, 39.3608 ], [ -75.8684, 39.3677 ], [ -75.8455, 39.3677 ], [ -75.8188, 39.3823 ], [ -75.8062, 39.3752 ], [ -75.7842, 39.3825 ], [ -75.7666, 39.3776 ], [ -75.756, 39.2461 ], [ -75.8063, 39.242 ], [ -75.8557, 39.2618 ], [ -75.8663, 39.2609 ], [ -75.8743, 39.2497 ], [ -75.8918, 39.2541 ], [ -75.895, 39.2471 ], [ -75.9196, 39.2432 ], [ -75.9259, 39.261 ], [ -75.9141, 39.2623 ] ] ] } },
{ "type": "Feature", "properties": { "GEOIDFQ": "1400000US24029950400", "NAME": "9504", "NAMELSAD": "Census Tract 9504" }, "geometry": { "type": "Polygon", "coordinates": [ [ [ -76.2211, 39.2684 ], [ -76.1843, 39.2971 ], [ -76.1686, 39.2857 ], [ -76.17, 39.2722 ], [ -76.1443, 39.2635 ], [ -76.1459, 39.2582 ], [ -76.1253, 39.2595 ], [ -76.0957, 39.2361 ], [ -76.1179, 39.2299 ], [ -76.1255, 39.2169 ], [ -76.0997, 39.2108 ], [ -76.081, 39.2192 ], [ -76.0751, 39.2017 ], [ -76.0638, 39.1993 ], [ -76.0659, 39.1859 ], [ -76.0467, 39.1808 ], [ -76.0395, 39.1715 ], [ -76.0476, 39.1627 ], [ -76.081, 39.1492 ], [ -76.075, 39.1339 ], [ -76.0928, 39.1277 ], [ -76.1171, 39.1071 ], [ -76.1474, 39.0997 ], [ -76.17, 39.0839 ], [ -76.1748, 39.1004 ], [ -76.1668, 39.129 ], [ -76.1793, 39.139 ], [ -76.1824, 39.1559 ], [ -76.1729, 39.1728 ], [ -76.1747, 39.1849 ], [ -76.1951, 39.182 ], [ -76.1969, 39.1746 ], [ -76.2159, 39.1738 ], [ -76.235, 39.1795 ], [ -76.2678, 39.1785 ], [ -76.2211, 39.2684 ] ] ] } },
{ "type": "Feature", "properties": { "GEOIDFQ": "1400000US24029950500", "NAME": "9505", "NAMELSAD": "Census Tract 9505" }, "geometry": { "type": "Polygon", "coordinates": [ [ [ -76.2706, 39.1829 ], [ -76.2648, 39.1779 ], [ -76.235, 39.1795 ], [ -76.2159, 39.1738 ], [ -76.1969, 39.1746 ], [ -76.1951, 39.182 ], [ -76.1817, 39.1858 ], [ -76.1716, 39.1811 ], [ -76.1824, 39.1559 ], [ -76.1793, 39.139 ], [ -76.1668, 39.129 ], [ -76.1748, 39.1004 ], [ -76.17, 39.0839 ], [ -76.1995, 39.0476 ], [ -76.1819, 39.0041 ], [ -76.1989, 38.9942 ], [ -76.2269, 38.9958 ], [ -76.2602, 39.0118 ], [ -76.2647, 39.0279 ], [ -76.2354, 39.0563 ], [ -76.236, 39.0807 ], [ -76.2503, 39.1135 ], [ -76.2491, 39.1278 ], [ -76.2649, 39.1379 ], [ -76.2833, 39.1388 ], [ -76.2859, 39.1497 ], [ -76.2706, 39.1829 ] ] ] } },
{ "type": "Feature", "properties": { "GEOIDFQ": "1400000US24029950300", "NAME": "9503", "NAMELSAD": "Census Tract 9503" }, "geometry": { "type": "Polygon", "coordinates": [ [ [ -76.1179, 39.2299 ], [ -76.067, 39.2396 ], [ -76.0531, 39.2617 ], [ -76.0415, 39.2562 ], [ -76.0383, 39.2457 ], [ -76.0454, 39.2417 ], [ -76.0282, 39.2262 ], [ -76.0566, 39.2103 ], [ -76.0638, 39.1993 ], [ -76.0751, 39.2017 ], [ -76.081, 39.2192 ], [ -76.0997, 39.2108 ], [ -76.1255, 39.217 ], [ -76.1179, 39.2299 ] ] ] } },
{ "type": "Feature", "properties": { "GEOIDFQ": "1400000US24029950200", "NAME": "9502", "NAMELSAD": "Census Tract 9502" }, "geometry": { "type": "Polygon", "coordinates": [ [ [ -76.1746, 39.3339 ], [ -76.1518, 39.3396 ], [ -76.121, 39.3631 ], [ -76.1151, 39.3759 ], [ -76.0639, 39.3759 ], [ -76.0188, 39.3683 ], [ -75.9939, 39.3758 ], [ -75.9811, 39.3666 ], [ -75.9641, 39.3747 ], [ -75.9423, 39.3678 ], [ -75.9279, 39.3715 ], [ -75.9198, 39.3669 ], [ -75.9215, 39.3553 ], [ -75.9036, 39.3265 ], [ -75.9052, 39.3195 ], [ -75.8868, 39.3142 ], [ -75.9113, 39.2856 ], [ -75.9141, 39.2623 ], [ -75.9261, 39.2609 ], [ -75.9244, 39.2441 ], [ -75.9421, 39.2384 ], [ -75.9853, 39.246 ], [ -75.9878, 39.2393 ], [ -76.0088, 39.2403 ], [ -76.0282, 39.2262 ], [ -76.0454, 39.2417 ], [ -76.0383, 39.2457 ], [ -76.0465, 39.2615 ], [ -76.0539, 39.261 ], [ -76.067, 39.2396 ], [ -76.0925, 39.2342 ], [ -76.1253, 39.2595 ], [ -76.1459, 39.2582 ], [ -76.1443, 39.2635 ], [ -76.17, 39.2722 ], [ -76.1682, 39.285 ], [ -76.1843, 39.2971 ], [ -76.1829, 39.3055 ], [ -76.1914, 39.3138 ], [ -76.1746, 39.3339 ] ] ] } },
{ "type": "Feature", "properties": { "GEOIDFQ": "1400000US24510150300", "NAME": "1503", "NAMELSAD": "Census Tract 1503" }, "geometry": { "type": "Polygon", "coordinates": [ [ [ -76.6513, 39.3097 ], [ -76.6516, 39.3034 ], [ -76.6579, 39.3054 ], [ -76.66, 39.3087 ], [ -76.6513, 39.3097 ] ] ] } },
{ "type": "Feature", "properties": { "GEOIDFQ": "1400000US24510200500", "NAME": "2005", "NAMELSAD": "Census Tract 2005" }, "geometry": { "type": "Polygon", "coordinates": [ [ [ -76.65, 39.2858 ], [ -76.648, 39.2791 ], [ -76.6549, 39.2755 ], [ -76.6602, 39.2807 ], [ -76.65, 39.2858 ] ] ] } },
{ "type": "Feature", "properties": { "GEOIDFQ": "1400000US24510200600", "NAME": "2006", "NAMELSAD": "Census Tract 2006" }, "geometry": { "type": "Polygon", "coordinates": [ [ [ -76.6594, 39.2862 ], [ -76.6586, 39.2749 ], [ -76.6716, 39.2759 ], [ -76.6728, 39.2942 ], [ -76.6594, 39.2862 ] ] ] } },
{ "type": "Feature", "properties": { "GEOIDFQ": "1400000US24510200701", "NAME": "2007.01", "NAMELSAD": "Census Tract 2007.01" }, "geometry": { "type": "Polygon", "coordinates": [ [ [ -76.6728, 39.2942 ], [ -76.6723, 39.2858 ], [ -76.6819, 39.2844 ], [ -76.6894, 39.2936 ], [ -76.6728, 39.2942 ] ] ] } },
{ "type": "Feature", "properties": { "GEOIDFQ": "1400000US24510200800", "NAME": "2008", "NAMELSAD": "Census Tract 2008" }, "geometry": { "type": "Polygon", "coordinates": [ [ [ -76.6727, 39.2814 ], [ -76.6716, 39.2759 ], [ -76.6839, 39.2766 ], [ -76.6868, 39.2842 ], [ -76.6727, 39.2814 ] ] ] } },
{ "type": "Feature", "properties": { "GEOIDFQ": "1400000US24510270903", "NAME": "2709.03", "NAMELSAD": "Census Tract 2709.03" }, "geometry": { "type": "Polygon", "coordinates": [ [ [ -76.5997, 39.3451 ], [ -76.5835, 39.3459 ], [ -76.5764, 39.3389 ], [ -76.6002, 39.3401 ], [ -76.5997, 39.3451 ] ] ] } },
{ "type": "Feature", "properties": { "GEOIDFQ": "1400000US24510271001", "NAME": "2710.01", "NAMELSAD": "Census Tract 2710.01" }, "geometry": { "type": "Polygon", "coordinates": [ [ [ -76.6097, 39.3462 ], [ -76.5997, 39.3451 ], [ -76.6002, 39.3401 ], [ -76.6097, 39.3405 ], [ -76.6097, 39.3462 ] ] ] } },
{ "type": "Feature", "properties": { "GEOIDFQ": "1400000US24510271002", "NAME": "2710.02", "NAMELSAD": "Census Tract 2710.02" }, "geometry": { "type": "Polygon", "coordinates": [ [ [ -76.5983, 39.3542 ], [ -76.5997, 39.3451 ], [ -76.6097, 39.3462 ], [ -76.61, 39.3555 ], [ -76.5983, 39.3542 ] ] ] } },
{ "type": "Feature", "properties": { "GEOIDFQ": "1400000US24510271101", "NAME": "2711.01", "NAMELSAD": "Census Tract 2711.01" }, "geometry": { "type": "Polygon", "coordinates": [ [ [ -76.6099, 39.3543 ], [ -76.6097, 39.3462 ], [ -76.6221, 39.3453 ], [ -76.6235, 39.3532 ], [ -76.6099, 39.3543 ] ] ] } },
{ "type": "Feature", "properties": { "GEOIDFQ": "1400000US24510271102", "NAME": "2711.02", "NAMELSAD": "Census Tract 2711.02" }, "geometry": { "type": "Polygon", "coordinates": [ [ [ -76.6237, 39.3539 ], [ -76.6221, 39.3453 ], [ -76.6097, 39.3462 ], [ -76.6096, 39.3398 ], [ -76.6258, 39.3416 ], [ -76.6292, 39.3534 ], [ -76.6237, 39.3539 ] ] ] } },
{ "type": "Feature", "properties": { "GEOIDFQ": "1400000US24510271200", "NAME": "2712", "NAMELSAD": "Census Tract 2712" }, "geometry": { "type": "Polygon", "coordinates": [ [ [ -76.6098, 39.3722 ], [ -76.6099, 39.3543 ], [ -76.6292, 39.3534 ], [ -76.628, 39.3659 ], [ -76.6341, 39.3694 ], [ -76.6098, 39.3722 ] ] ] } },
{ "type": "Feature", "properties": { "GEOIDFQ": "1400000US24510130806", "NAME": "1308.06", "NAMELSAD": "Census Tract 1308.06" }, "geometry": { "type": "Polygon", "coordinates": [ [ [ -76.6472, 39.3452 ], [ -76.6405, 39.3272 ], [ -76.654, 39.3303 ], [ -76.6584, 39.3408 ], [ -76.6472, 39.3452 ] ] ] } },
{ "type": "Feature", "properties": { "GEOIDFQ": "1400000US24510140200", "NAME": "1402", "NAMELSAD": "Census Tract 1402" }, "geometry": { "type": "Polygon", "coordinates": [ [ [ -76.6308, 39.3079 ], [ -76.6269, 39.3048 ], [ -76.6345, 39.2991 ], [ -76.6308, 39.3079 ] ] ] } },
{ "type": "Feature", "properties": { "GEOIDFQ": "1400000US24510140300", "NAME": "1403", "NAMELSAD": "Census Tract 1403" }, "geometry": { "type": "Polygon", "coordinates": [ [ [ -76.6337, 39.3103 ], [ -76.6308, 39.3079 ], [ -76.6368, 39.3034 ], [ -76.6425, 39.3101 ], [ -76.6337, 39.3103 ] ] ] } },
{ "type": "Feature", "properties": { "GEOIDFQ": "1400000US24510150200", "NAME": "1502", "NAMELSAD": "Census Tract 1502" }, "geometry": { "type": "Polygon", "coordinates": [ [ [ -76.6513, 39.3097 ], [ -76.645, 39.3099 ], [ -76.6446, 39.3032 ], [ -76.6513, 39.3097 ] ] ] } },
{ "type": "Feature", "properties": { "GEOIDFQ": "1400000US24510150400", "NAME": "1504", "NAMELSAD": "Census Tract 1504" }, "geometry": { "type": "Polygon", "coordinates": [ [ [ -76.6598, 39.3152 ], [ -76.6505, 39.3167 ], [ -76.6425, 39.3101 ], [ -76.6599, 39.3099 ], [ -76.6598, 39.3152 ] ] ] } },
{ "type": "Feature", "properties": { "GEOIDFQ": "1400000US24510150702", "NAME": "1507.02", "NAMELSAD": "Census Tract 1507.02" }, "geometry": { "type": "Polygon", "coordinates": [ [ [ -76.6617, 39.3147 ], [ -76.6613, 39.3114 ], [ -76.6742, 39.311 ], [ -76.6617, 39.3147 ] ] ] } },
{ "type": "Feature", "properties": { "GEOIDFQ": "1400000US24510150500", "NAME": "1505", "NAMELSAD": "Census Tract 1505" }, "geometry": { "type": "Polygon", "coordinates": [ [ [ -76.6589, 39.3271 ], [ -76.6505, 39.3167 ], [ -76.6598, 39.3152 ], [ -76.6648, 39.3223 ], [ -76.6589, 39.3271 ] ] ] } },
{ "type": "Feature", "properties": { "GEOIDFQ": "1400000US24510150600", "NAME": "1506", "NAMELSAD": "Census Tract 1506" }, "geometry": { "type": "Polygon", "coordinates": [ [ [ -76.6598, 39.3152 ], [ -76.659, 39.3063 ], [ -76.6757, 39.3059 ], [ -76.6806, 39.3108 ], [ -76.6598, 39.3152 ] ] ] } },
{ "type": "Feature", "properties": { "GEOIDFQ": "1400000US24510150701", "NAME": "1507.01", "NAMELSAD": "Census Tract 1507.01" }, "geometry": { "type": "Polygon", "coordinates": [ [ [ -76.6648, 39.3222 ], [ -76.6598, 39.3152 ], [ -76.6744, 39.3142 ], [ -76.6749, 39.3212 ], [ -76.6648, 39.3222 ] ] ] } },
{ "type": "Feature", "properties": { "GEOIDFQ": "1400000US24510200400", "NAME": "2004", "NAMELSAD": "Census Tract 2004" }, "geometry": { "type": "Polygon", "coordinates": [ [ [ -76.6501, 39.288 ], [ -76.65, 39.2858 ], [ -76.659, 39.2814 ], [ -76.6629, 39.2874 ], [ -76.6501, 39.288 ] ] ] } },
{ "type": "Feature", "properties": { "GEOIDFQ": "1400000US24510190200", "NAME": "1902", "NAMELSAD": "Census Tract 1902" }, "geometry": { "type": "Polygon", "coordinates": [ [ [ -76.6381, 39.2881 ], [ -76.6419, 39.281 ], [ -76.642, 39.2816 ], [ -76.6381, 39.2881 ] ] ] } },
{ "type": "Feature", "properties": { "GEOIDFQ": "1400000US24510190300", "NAME": "1903", "NAMELSAD": "Census Tract 1903" }, "geometry": { "type": "Polygon", "coordinates": [ [ [ -76.6419, 39.281 ], [ -76.6464, 39.2795 ], [ -76.6466, 39.2821 ], [ -76.647, 39.2881 ], [ -76.6419, 39.281 ] ] ] } },
{ "type": "Feature", "properties": { "GEOIDFQ": "1400000US24510200100", "NAME": "2001", "NAMELSAD": "Census Tract 2001" }, "geometry": { "type": "Polygon", "coordinates": [ [ [ -76.6455, 39.2939 ], [ -76.6452, 39.2882 ], [ -76.6501, 39.288 ], [ -76.6455, 39.2939 ] ] ] } },
{ "type": "Feature", "properties": { "GEOIDFQ": "1400000US24510200200", "NAME": "2002", "NAMELSAD": "Census Tract 2002" }, "geometry": { "type": "Polygon", "coordinates": [ [ [ -76.6504, 39.2937 ], [ -76.6501, 39.288 ], [ -76.6633, 39.2875 ], [ -76.6697, 39.2942 ], [ -76.6504, 39.2937 ] ] ] } },
{ "type": "Feature", "properties": { "GEOIDFQ": "1400000US24510200300", "NAME": "2003", "NAMELSAD": "Census Tract 2003" }, "geometry": { "type": "Polygon", "coordinates": [ [ [ -76.647, 39.2881 ], [ -76.648, 39.2791 ], [ -76.6498, 39.2824 ], [ -76.647, 39.2881 ] ] ] } },
{ "type": "Feature", "properties": { "GEOIDFQ": "1400000US24033800704", "NAME": "8007.04", "NAMELSAD": "Census Tract 8007.04" }, "geometry": { "type": "Polygon", "coordinates": [ [ [ -76.7957, 38.7835 ], [ -76.7614, 38.7977 ], [ -76.7592, 38.7875 ], [ -76.7753, 38.7666 ], [ -76.8074, 38.7618 ], [ -76.7957, 38.7835 ] ] ] } },
{ "type": "Feature", "properties": { "GEOIDFQ": "1400000US24510270803", "NAME": "2708.03", "NAMELSAD": "Census Tract 2708.03" }, "geometry": { "type": "Polygon", "coordinates": [ [ [ -76.582, 39.3721 ], [ -76.57, 39.3721 ], [ -76.573, 39.3539 ], [ -76.5897, 39.3568 ], [ -76.582, 39.3721 ] ] ] } },
{ "type": "Feature", "properties": { "GEOIDFQ": "1400000US24510270805", "NAME": "2708.05", "NAMELSAD": "Census Tract 2708.05" }, "geometry": { "type": "Polygon", "coordinates": [ [ [ -76.5993, 39.3659 ], [ -76.5947, 39.3541 ], [ -76.61, 39.3555 ], [ -76.61, 39.3613 ], [ -76.5993, 39.3659 ] ] ] } },
{ "type": "Feature", "properties": { "GEOIDFQ": "1400000US24510270901", "NAME": "2709.01", "NAMELSAD": "Census Tract 2709.01" }, "geometry": { "type": "Polygon", "coordinates": [ [ [ -76.5983, 39.3542 ], [ -76.5896, 39.3554 ], [ -76.592, 39.3462 ], [ -76.5996, 39.3457 ], [ -76.5983, 39.3542 ] ] ] } },
{ "type": "Feature", "properties": { "GEOIDFQ": "1400000US24510270902", "NAME": "2709.02", "NAMELSAD": "Census Tract 2709.02" }, "geometry": { "type": "Polygon", "coordinates": [ [ [ -76.5896, 39.3554 ], [ -76.573, 39.3539 ], [ -76.5808, 39.3453 ], [ -76.5919, 39.3466 ], [ -76.5896, 39.3554 ] ] ] } },
{ "type": "Feature", "properties": { "GEOIDFQ": "1400000US24510270804", "NAME": "2708.04", "NAMELSAD": "Census Tract 2708.04" }, "geometry": { "type": "Polygon", "coordinates": [ [ [ -76.6098, 39.3722 ], [ -76.597, 39.3719 ], [ -76.5993, 39.3659 ], [ -76.61, 39.3652 ], [ -76.6098, 39.3722 ] ] ] } },
{ "type": "Feature", "properties": { "GEOIDFQ": "1400000US24510271503", "NAME": "2715.03", "NAMELSAD": "Census Tract 2715.03" }, "geometry": { "type": "Polygon", "coordinates": [ [ [ -76.6463, 39.3614 ], [ -76.6403, 39.3434 ], [ -76.6472, 39.3452 ], [ -76.6463, 39.3614 ] ] ] } },
{ "type": "Feature", "properties": { "GEOIDFQ": "1400000US24005430300", "NAME": "4303", "NAMELSAD": "Census Tract 4303" }, "geometry": { "type": "Polygon", "coordinates": [ [ [ -76.6478, 39.2451 ], [ -76.6505, 39.2295 ], [ -76.6656, 39.2302 ], [ -76.6685, 39.2393 ], [ -76.6478, 39.2451 ] ] ] } },
{ "type": "Feature", "properties": { "GEOIDFQ": "1400000US24005401507", "NAME": "4015.07", "NAMELSAD": "Census Tract 4015.07" }, "geometry": { "type": "Polygon", "coordinates": [ [ [ -76.7689, 39.3161 ], [ -76.7601, 39.3143 ], [ -76.7584, 39.3205 ], [ -76.7448, 39.3219 ], [ -76.744, 39.306 ], [ -76.7703, 39.3078 ], [ -76.7689, 39.3161 ] ] ] } },
{ "type": "Feature", "properties": { "GEOIDFQ": "1400000US24005404404", "NAME": "4044.04", "NAMELSAD": "Census Tract 4044.04" }, "geometry": { "type": "Polygon", "coordinates": [ [ [ -76.8298, 39.4843 ], [ -76.8084, 39.4663 ], [ -76.8282, 39.4624 ], [ -76.824, 39.455 ], [ -76.8308, 39.4513 ], [ -76.8378, 39.4657 ], [ -76.8298, 39.4843 ] ] ] } },
{ "type": "Feature", "properties": { "GEOIDFQ": "1400000US24005404102", "NAME": "4041.02", "NAMELSAD": "Census Tract 4041.02" }, "geometry": { "type": "Polygon", "coordinates": [ [ [ -76.8063, 39.4407 ], [ -76.7739, 39.415 ], [ -76.7788, 39.4068 ], [ -76.8161, 39.4345 ], [ -76.8063, 39.4407 ] ] ] } },
{ "type": "Feature", "properties": { "GEOIDFQ": "1400000US24035990100", "NAME": "9901", "NAMELSAD": "Census Tract 9901" }, "geometry": { "type": "Polygon", "coordinates": [ [ [ -76.4198, 38.8979 ], [ -76.3705, 38.8982 ], [ -76.3691, 38.8793 ], [ -76.3801, 38.8401 ], [ -76.3667, 38.8333 ], [ -76.354, 38.8516 ], [ -76.3289, 38.8586 ], [ -76.3299, 38.9037 ], [ -76.3214, 38.9067 ], [ -76.3124, 38.8942 ], [ -76.2907, 38.8985 ], [ -76.2802, 38.8937 ], [ -76.2753, 38.897 ], [ -76.2878, 38.9018 ], [ -76.2933, 38.917 ], [ -76.2745, 38.9311 ], [ -76.2523, 38.8987 ], [ -76.2371, 38.9043 ], [ -76.2472, 38.9362 ], [ -76.2179, 38.9361 ], [ -76.2088, 38.9273 ], [ -76.205, 38.8833 ], [ -76.211, 38.8543 ], [ -76.2023, 38.8474 ], [ -76.2115, 38.8265 ], [ -76.2384, 38.8313 ], [ -76.2281, 38.8575 ], [ -76.2497, 38.8794 ], [ -76.2585, 38.8812 ], [ -76.3118, 38.8555 ], [ -76.3385, 38.8242 ], [ -76.359, 38.8114 ], [ -76.4366, 38.8074 ], [ -76.4198, 38.8979 ] ] ] } },
{ "type": "Feature", "properties": { "GEOIDFQ": "1400000US24031700710", "NAME": "7007.10", "NAMELSAD": "Census Tract 7007.10" }, "geometry": { "type": "Polygon", "coordinates": [ [ [ -77.1604, 39.159 ], [ -77.144, 39.1456 ], [ -77.1476, 39.1317 ], [ -77.169, 39.1477 ], [ -77.1604, 39.159 ] ] ] } },
{ "type": "Feature", "properties": { "GEOIDFQ": "1400000US24031700711", "NAME": "7007.11", "NAMELSAD": "Census Tract 7007.11" }, "geometry": { "type": "Polygon", "coordinates": [ [ [ -77.1692, 39.1475 ], [ -77.1476, 39.1317 ], [ -77.1631, 39.1183 ], [ -77.1803, 39.1384 ], [ -77.1692, 39.1475 ] ] ] } },
{ "type": "Feature", "properties": { "GEOIDFQ": "1400000US24013508103", "NAME": "5081.03", "NAMELSAD": "Census Tract 5081.03" }, "geometry": { "type": "Polygon", "coordinates": [ [ [ -76.8034, 39.678 ], [ -76.8406, 39.5756 ], [ -76.8532, 39.6132 ], [ -76.8681, 39.6396 ], [ -76.8034, 39.678 ] ] ] } },
{ "type": "Feature", "properties": { "GEOIDFQ": "1400000US24031700713", "NAME": "7007.13", "NAMELSAD": "Census Tract 7007.13" }, "geometry": { "type": "Polygon", "coordinates": [ [ [ -77.2023, 39.1602 ], [ -77.2046, 39.1667 ], [ -77.192, 39.1573 ], [ -77.1924, 39.1525 ], [ -77.2067, 39.1482 ], [ -77.2123, 39.1526 ], [ -77.2023, 39.1602 ] ] ] } },
{ "type": "Feature", "properties": { "GEOIDFQ": "1400000US24031700715", "NAME": "7007.15", "NAMELSAD": "Census Tract 7007.15" }, "geometry": { "type": "Polygon", "coordinates": [ [ [ -77.1895, 39.1794 ], [ -77.1868, 39.1877 ], [ -77.1767, 39.17 ], [ -77.1857, 39.1595 ], [ -77.1922, 39.162 ], [ -77.1895, 39.1794 ] ] ] } },
{ "type": "Feature", "properties": { "GEOIDFQ": "1400000US24031701307", "NAME": "7013.07", "NAMELSAD": "Census Tract 7013.07" }, "geometry": { "type": "Polygon", "coordinates": [ [ [ -77.1179, 39.1659 ], [ -77.1167, 39.1801 ], [ -77.1008, 39.1849 ], [ -77.0976, 39.1735 ], [ -77.0849, 39.1663 ], [ -77.105, 39.1564 ], [ -77.0983, 39.1293 ], [ -77.1055, 39.1204 ], [ -77.1004, 39.1182 ], [ -77.1146, 39.1216 ], [ -77.1231, 39.1345 ], [ -77.1437, 39.1461 ], [ -77.1179, 39.1659 ] ] ] } },
{ "type": "Feature", "properties": { "GEOIDFQ": "1400000US24031701415", "NAME": "7014.15", "NAMELSAD": "Census Tract 7014.15" }, "geometry": { "type": "MultiPolygon", "coordinates": [ [ [ [ -77.0008, 39.1068 ], [ -76.998, 39.1087 ], [ -77.0014, 39.1061 ], [ -77.0008, 39.1068 ] ] ], [ [ [ -76.9955, 39.0932 ], [ -76.9819, 39.1021 ], [ -76.9731, 39.0988 ], [ -76.9644, 39.0883 ], [ -76.9769, 39.0827 ], [ -76.9764, 39.0658 ], [ -77.0021, 39.0758 ], [ -76.9955, 39.0932 ] ] ] ] } },
{ "type": "Feature", "properties": { "GEOIDFQ": "1400000US24031703213", "NAME": "7032.13", "NAMELSAD": "Census Tract 7032.13" }, "geometry": { "type": "Polygon", "coordinates": [ [ [ -77.0778, 39.0937 ], [ -77.0703, 39.0919 ], [ -77.0777, 39.0837 ], [ -77.0778, 39.0937 ] ] ] } },
{ "type": "Feature", "properties": { "GEOIDFQ": "1400000US24031702602", "NAME": "7026.02", "NAMELSAD": "Census Tract 7026.02" }, "geometry": { "type": "Polygon", "coordinates": [ [ [ -77.0422, 38.9955 ], [ -77.0432, 39.0012 ], [ -77.0365, 38.9964 ], [ -77.0365, 38.9924 ], [ -77.0518, 38.9939 ], [ -77.0422, 38.9955 ] ] ] } },
{ "type": "Feature", "properties": { "GEOIDFQ": "1400000US24031702700", "NAME": "7027", "NAMELSAD": "Census Tract 7027" }, "geometry": { "type": "Polygon", "coordinates": [ [ [ -77.0566, 39.0149 ], [ -77.0432, 39.0012 ], [ -77.0523, 38.9868 ], [ -77.063, 38.9876 ], [ -77.0587, 39.0037 ], [ -77.0638, 39.0114 ], [ -77.0566, 39.0149 ] ] ] } },
{ "type": "Feature", "properties": { "GEOIDFQ": "1400000US24031702800", "NAME": "7028", "NAMELSAD": "Census Tract 7028" }, "geometry": { "type": "Polygon", "coordinates": [ [ [ -77.0418, 39.0133 ], [ -77.0306, 38.9983 ], [ -77.0472, 39.0032 ], [ -77.0548, 39.0137 ], [ -77.0418, 39.0133 ] ] ] } },
{ "type": "Feature", "properties": { "GEOIDFQ": "1400000US24031702900", "NAME": "7029", "NAMELSAD": "Census Tract 7029" }, "geometry": { "type": "Polygon", "coordinates": [ [ [ -77.0323, 39.0149 ], [ -77.011, 38.9998 ], [ -77.0318, 38.9995 ], [ -77.0418, 39.0133 ], [ -77.0323, 39.0149 ] ] ] } },
{ "type": "Feature", "properties": { "GEOIDFQ": "1400000US24005408400", "NAME": "4084", "NAMELSAD": "Census Tract 4084" }, "geometry": { "type": "Polygon", "coordinates": [ [ [ -76.6605, 39.5128 ], [ -76.6504, 39.502 ], [ -76.6329, 39.4561 ], [ -76.6467, 39.4547 ], [ -76.6604, 39.4642 ], [ -76.6679, 39.4992 ], [ -76.6605, 39.5128 ] ] ] } },
{ "type": "Feature", "properties": { "GEOIDFQ": "1400000US24005408503", "NAME": "4085.03", "NAMELSAD": "Census Tract 4085.03" }, "geometry": { "type": "Polygon", "coordinates": [ [ [ -76.6308, 39.4742 ], [ -76.6305, 39.4627 ], [ -76.6144, 39.4617 ], [ -76.6153, 39.4563 ], [ -76.6329, 39.4561 ], [ -76.6411, 39.4748 ], [ -76.6308, 39.4742 ] ] ] } },
{ "type": "Feature", "properties": { "GEOIDFQ": "1400000US24005408505", "NAME": "4085.05", "NAMELSAD": "Census Tract 4085.05" }, "geometry": { "type": "Polygon", "coordinates": [ [ [ -76.6081, 39.4598 ], [ -76.6052, 39.4537 ], [ -76.607, 39.4464 ], [ -76.6341, 39.4381 ], [ -76.6464, 39.4548 ], [ -76.6081, 39.4598 ] ] ] } },
{ "type": "Feature", "properties": { "GEOIDFQ": "1400000US24033806710", "NAME": "8067.10", "NAMELSAD": "Census Tract 8067.10" }, "geometry": { "type": "Polygon", "coordinates": [ [ [ -76.8809, 38.9949 ], [ -76.86, 38.9909 ], [ -76.8735, 38.9782 ], [ -76.8863, 38.9917 ], [ -76.8809, 38.9949 ] ] ] } },
{ "type": "Feature", "properties": { "GEOIDFQ": "1400000US24033806711", "NAME": "8067.11", "NAMELSAD": "Census Tract 8067.11" }, "geometry": { "type": "Polygon", "coordinates": [ [ [ -76.86, 38.9915 ], [ -76.8512, 38.9908 ], [ -76.8534, 38.9781 ], [ -76.8669, 38.9843 ], [ -76.86, 38.9915 ] ] ] } },
{ "type": "Feature", "properties": { "GEOIDFQ": "1400000US24033800103", "NAME": "8001.03", "NAMELSAD": "Census Tract 8001.03" }, "geometry": { "type": "Polygon", "coordinates": [ [ [ -76.8434, 39.107 ], [ -76.8272, 39.0896 ], [ -76.8324, 39.0858 ], [ -76.8523, 39.101 ], [ -76.8434, 39.107 ] ] ] } },
{ "type": "Feature", "properties": { "GEOIDFQ": "1400000US24033800105", "NAME": "8001.05", "NAMELSAD": "Census Tract 8001.05" }, "geometry": { "type": "Polygon", "coordinates": [ [ [ -76.8736, 39.1154 ], [ -76.864, 39.1109 ], [ -76.8623, 39.1015 ], [ -76.8899, 39.1 ], [ -76.8736, 39.1154 ] ] ] } },
{ "type": "Feature", "properties": { "GEOIDFQ": "1400000US24033803607", "NAME": "8036.07", "NAMELSAD": "Census Tract 8036.07" }, "geometry": { "type": "Polygon", "coordinates": [ [ [ -76.8387, 38.9756 ], [ -76.8245, 38.9726 ], [ -76.8205, 38.9563 ], [ -76.8392, 38.9648 ], [ -76.8581, 38.964 ], [ -76.8387, 38.9756 ] ] ] } },
{ "type": "Feature", "properties": { "GEOIDFQ": "1400000US24033800408", "NAME": "8004.08", "NAMELSAD": "Census Tract 8004.08" }, "geometry": { "type": "Polygon", "coordinates": [ [ [ -76.8007, 38.9955 ], [ -76.7853, 38.9717 ], [ -76.805, 38.9577 ], [ -76.8205, 38.9563 ], [ -76.8245, 38.9726 ], [ -76.8387, 38.9756 ], [ -76.8007, 38.9955 ] ] ] } },
{ "type": "Feature", "properties": { "GEOIDFQ": "1400000US24031701900", "NAME": "7019", "NAMELSAD": "Census Tract 7019" }, "geometry": { "type": "Polygon", "coordinates": [ [ [ -76.9982, 38.9989 ], [ -76.9964, 38.9861 ], [ -77.0005, 38.9875 ], [ -77.0035, 38.9983 ], [ -76.9982, 38.9989 ] ] ] } },
{ "type": "Feature", "properties": { "GEOIDFQ": "1400000US24031701701", "NAME": "7017.01", "NAMELSAD": "Census Tract 7017.01" }, "geometry": { "type": "Polygon", "coordinates": [ [ [ -77.011, 38.9758 ], [ -77.0095, 38.9815 ], [ -76.999, 38.9824 ], [ -77.0077, 38.9698 ], [ -77.0166, 38.9782 ], [ -77.011, 38.9758 ] ] ] } },
{ "type": "Feature", "properties": { "GEOIDFQ": "1400000US24031701702", "NAME": "7017.02", "NAMELSAD": "Census Tract 7017.02" }, "geometry": { "type": "Polygon", "coordinates": [ [ [ -77.0063, 38.9956 ], [ -77.0036, 38.9982 ], [ -76.9964, 38.9861 ], [ -77.0003, 38.9834 ], [ -77.0063, 38.9956 ] ] ] } },
{ "type": "Feature", "properties": { "GEOIDFQ": "1400000US24031701703", "NAME": "7017.03", "NAMELSAD": "Census Tract 7017.03" }, "geometry": { "type": "Polygon", "coordinates": [ [ [ -76.9914, 38.9928 ], [ -76.9857, 38.9773 ], [ -76.9901, 38.9811 ], [ -77.0003, 38.9834 ], [ -76.9914, 38.9928 ] ] ] } },
{ "type": "Feature", "properties": { "GEOIDFQ": "1400000US24031701704", "NAME": "7017.04", "NAMELSAD": "Census Tract 7017.04" }, "geometry": { "type": "Polygon", "coordinates": [ [ [ -76.9991, 38.9823 ], [ -76.9896, 38.9808 ], [ -76.9869, 38.9769 ], [ -77.0024, 38.9657 ], [ -77.0076, 38.9699 ], [ -76.9991, 38.9823 ] ] ] } },
{ "type": "Feature", "properties": { "GEOIDFQ": "1400000US24031701800", "NAME": "7018", "NAMELSAD": "Census Tract 7018" }, "geometry": { "type": "Polygon", "coordinates": [ [ [ -77.0116, 38.9891 ], [ -77.0003, 38.9834 ], [ -77.0103, 38.981 ], [ -77.011, 38.9758 ], [ -77.023, 38.9845 ], [ -77.0116, 38.9891 ] ] ] } },
{ "type": "Feature", "properties": { "GEOIDFQ": "1400000US24025305100", "NAME": "3051", "NAMELSAD": "Census Tract 3051" }, "geometry": { "type": "Polygon", "coordinates": [ [ [ -76.2333, 39.7214 ], [ -76.2243, 39.7029 ], [ -76.2431, 39.7008 ], [ -76.252, 39.6869 ], [ -76.2589, 39.6865 ], [ -76.2592, 39.6921 ], [ -76.2797, 39.6839 ], [ -76.2875, 39.6758 ], [ -76.2863, 39.6579 ], [ -76.3032, 39.6385 ], [ -76.3036, 39.6296 ], [ -76.3096, 39.626 ], [ -76.3152, 39.6296 ], [ -76.323, 39.622 ], [ -76.3163, 39.615 ], [ -76.3249, 39.6157 ], [ -76.3364, 39.6273 ], [ -76.3439, 39.6259 ], [ -76.3514, 39.6344 ], [ -76.3918, 39.6262 ], [ -76.3982, 39.6174 ], [ -76.3981, 39.6295 ], [ -76.411, 39.632 ], [ -76.4124, 39.6377 ], [ -76.4074, 39.6581 ], [ -76.4114, 39.692 ], [ -76.4424, 39.7212 ], [ -76.2333, 39.7214 ] ] ] } },
{ "type": "Feature", "properties": { "GEOIDFQ": "1400000US24025302901", "NAME": "3029.01", "NAMELSAD": "Census Tract 3029.01" }, "geometry": { "type": "Polygon", "coordinates": [ [ [ -76.1407, 39.525 ], [ -76.1383, 39.5167 ], [ -76.1463, 39.5138 ], [ -76.14, 39.5093 ], [ -76.1303, 39.5125 ], [ -76.1324, 39.4994 ], [ -76.1498, 39.5005 ], [ -76.1693, 39.5113 ], [ -76.1407, 39.525 ] ] ] } },
{ "type": "Feature", "properties": { "GEOIDFQ": "1400000US24025303201", "NAME": "3032.01", "NAMELSAD": "Census Tract 3032.01" }, "geometry": { "type": "Polygon", "coordinates": [ [ [ -76.4196, 39.5871 ], [ -76.4041, 39.6002 ], [ -76.4139, 39.6153 ], [ -76.4037, 39.6265 ], [ -76.3979, 39.6174 ], [ -76.3921, 39.6261 ], [ -76.3645, 39.6341 ], [ -76.351, 39.6344 ], [ -76.3439, 39.6259 ], [ -76.3357, 39.6268 ], [ -76.3323, 39.6088 ], [ -76.3455, 39.5958 ], [ -76.3452, 39.5786 ], [ -76.3539, 39.5743 ], [ -76.3537, 39.567 ], [ -76.3584, 39.563 ], [ -76.3571, 39.5708 ], [ -76.3775, 39.5755 ], [ -76.4233, 39.5756 ], [ -76.4196, 39.5871 ] ] ] } },
{ "type": "Feature", "properties": { "GEOIDFQ": "1400000US24025304201", "NAME": "3042.01", "NAMELSAD": "Census Tract 3042.01" }, "geometry": { "type": "Polygon", "coordinates": [ [ [ -76.555, 39.6347 ], [ -76.5389, 39.6142 ], [ -76.5163, 39.6133 ], [ -76.5123, 39.5958 ], [ -76.4859, 39.5798 ], [ -76.4877, 39.5722 ], [ -76.4691, 39.5587 ], [ -76.4362, 39.5506 ], [ -76.4593, 39.5072 ], [ -76.4946, 39.5266 ], [ -76.5104, 39.5244 ], [ -76.5322, 39.544 ], [ -76.532, 39.5615 ], [ -76.5471, 39.5877 ], [ -76.5601, 39.5961 ], [ -76.5661, 39.6362 ], [ -76.555, 39.6347 ] ] ] } },
{ "type": "Feature", "properties": { "GEOIDFQ": "1400000US24033800211", "NAME": "8002.11", "NAMELSAD": "Census Tract 8002.11" }, "geometry": { "type": "Polygon", "coordinates": [ [ [ -76.8439, 39.0929 ], [ -76.8324, 39.0858 ], [ -76.8381, 39.0733 ], [ -76.8315, 39.0692 ], [ -76.8386, 39.0587 ], [ -76.8487, 39.0767 ], [ -76.8439, 39.0929 ] ] ] } },
{ "type": "Feature", "properties": { "GEOIDFQ": "1400000US24033800402", "NAME": "8004.02", "NAMELSAD": "Census Tract 8004.02" }, "geometry": { "type": "Polygon", "coordinates": [ [ [ -76.7408, 38.9986 ], [ -76.7281, 38.9823 ], [ -76.7555, 38.9709 ], [ -76.7573, 38.9846 ], [ -76.7408, 38.9986 ] ] ] } },
{ "type": "Feature", "properties": { "GEOIDFQ": "1400000US24033800403", "NAME": "8004.03", "NAMELSAD": "Census Tract 8004.03" }, "geometry": { "type": "Polygon", "coordinates": [ [ [ -76.7461, 39.0085 ], [ -76.7392, 39.0034 ], [ -76.745, 38.9915 ], [ -76.7573, 38.9846 ], [ -76.7612, 39.0036 ], [ -76.7461, 39.0085 ] ] ] } },
{ "type": "Feature", "properties": { "GEOIDFQ": "1400000US24033806100", "NAME": "8061", "NAMELSAD": "Census Tract 8061" }, "geometry": { "type": "Polygon", "coordinates": [ [ [ -76.9649, 38.9544 ], [ -76.9484, 38.966 ], [ -76.9475, 38.9533 ], [ -76.9578, 38.9489 ], [ -76.9649, 38.9544 ] ] ] } },
{ "type": "Feature", "properties": { "GEOIDFQ": "1400000US24033800412", "NAME": "8004.12", "NAMELSAD": "Census Tract 8004.12" }, "geometry": { "type": "Polygon", "coordinates": [ [ [ -76.8512, 38.9908 ], [ -76.836, 38.9909 ], [ -76.839, 38.9858 ], [ -76.8317, 38.9793 ], [ -76.8417, 38.9749 ], [ -76.8469, 38.9807 ], [ -76.8534, 38.9783 ], [ -76.8512, 38.9908 ] ] ] } },
{ "type": "Feature", "properties": { "GEOIDFQ": "1400000US24033800514", "NAME": "8005.14", "NAMELSAD": "Census Tract 8005.14" }, "geometry": { "type": "Polygon", "coordinates": [ [ [ -76.7853, 38.9717 ], [ -76.765, 38.9706 ], [ -76.7702, 38.9454 ], [ -76.7985, 38.9443 ], [ -76.7853, 38.9717 ] ] ] } },
{ "type": "Feature", "properties": { "GEOIDFQ": "1400000US24033800519", "NAME": "8005.19", "NAMELSAD": "Census Tract 8005.19" }, "geometry": { "type": "Polygon", "coordinates": [ [ [ -76.7275, 38.9407 ], [ -76.7176, 38.9353 ], [ -76.7171, 38.9159 ], [ -76.7272, 38.9159 ], [ -76.7346, 38.9298 ], [ -76.7275, 38.9407 ] ] ] } },
{ "type": "Feature", "properties": { "GEOIDFQ": "1400000US24510260403", "NAME": "2604.03", "NAMELSAD": "Census Tract 2604.03" }, "geometry": { "type": "Polygon", "coordinates": [ [ [ -76.5341, 39.3289 ], [ -76.5297, 39.3312 ], [ -76.5298, 39.3104 ], [ -76.546, 39.3026 ], [ -76.5341, 39.3289 ] ] ] } },
{ "type": "Feature", "properties": { "GEOIDFQ": "1400000US24033800507", "NAME": "8005.07", "NAMELSAD": "Census Tract 8005.07" }, "geometry": { "type": "Polygon", "coordinates": [ [ [ -76.736, 38.901 ], [ -76.7182, 38.8986 ], [ -76.7175, 38.9552 ], [ -76.6939, 38.9558 ], [ -76.6922, 38.9363 ], [ -76.6814, 38.9313 ], [ -76.6906, 38.9235 ], [ -76.6696, 38.9052 ], [ -76.6772, 38.8748 ], [ -76.6912, 38.8544 ], [ -76.7055, 38.8644 ], [ -76.7232, 38.8659 ], [ -76.7252, 38.8595 ], [ -76.7478, 38.8717 ], [ -76.736, 38.901 ] ] ] } },
{ "type": "Feature", "properties": { "GEOIDFQ": "1400000US24033800505", "NAME": "8005.05", "NAMELSAD": "Census Tract 8005.05" }, "geometry": { "type": "Polygon", "coordinates": [ [ [ -76.7379, 38.9639 ], [ -76.7172, 38.9631 ], [ -76.7175, 38.9552 ], [ -76.7452, 38.9562 ], [ -76.7379, 38.9639 ] ] ] } },
{ "type": "Feature", "properties": { "GEOIDFQ": "1400000US24033802405", "NAME": "8024.05", "NAMELSAD": "Census Tract 8024.05" }, "geometry": { "type": "Polygon", "coordinates": [ [ [ -76.9304, 38.8657 ], [ -76.9189, 38.8602 ], [ -76.9319, 38.8562 ], [ -76.9248, 38.8488 ], [ -76.9322, 38.8429 ], [ -76.9565, 38.8532 ], [ -76.9304, 38.8657 ] ] ] } },
{ "type": "Feature", "properties": { "GEOIDFQ": "1400000US24033801302", "NAME": "8013.02", "NAMELSAD": "Census Tract 8013.02" }, "geometry": { "type": "Polygon", "coordinates": [ [ [ -77.0434, 38.7036 ], [ -77.0291, 38.6981 ], [ -76.9866, 38.6987 ], [ -76.9924, 38.6877 ], [ -77.0557, 38.6355 ], [ -77.0786, 38.6941 ], [ -77.0434, 38.7036 ] ] ] } },
{ "type": "Feature", "properties": { "GEOIDFQ": "1400000US24033802406", "NAME": "8024.06", "NAMELSAD": "Census Tract 8024.06" }, "geometry": { "type": "Polygon", "coordinates": [ [ [ -76.9189, 38.8602 ], [ -76.9103, 38.8532 ], [ -76.9303, 38.8524 ], [ -76.9319, 38.8562 ], [ -76.9189, 38.8602 ] ] ] } },
{ "type": "Feature", "properties": { "GEOIDFQ": "1400000US24033805101", "NAME": "8051.01", "NAMELSAD": "Census Tract 8051.01" }, "geometry": { "type": "Polygon", "coordinates": [ [ [ -76.9623, 38.9559 ], [ -76.9665, 38.9525 ], [ -76.9745, 38.9561 ], [ -76.9807, 38.9688 ], [ -76.9623, 38.9559 ] ] ] } },
{ "type": "Feature", "properties": { "GEOIDFQ": "1400000US24033805201", "NAME": "8052.01", "NAMELSAD": "Census Tract 8052.01" }, "geometry": { "type": "Polygon", "coordinates": [ [ [ -76.9971, 38.9711 ], [ -76.988, 38.9664 ], [ -76.9972, 38.9616 ], [ -77.0023, 38.9658 ], [ -76.9971, 38.9711 ] ] ] } },
{ "type": "Feature", "properties": { "GEOIDFQ": "1400000US24033805202", "NAME": "8052.02", "NAMELSAD": "Census Tract 8052.02" }, "geometry": { "type": "Polygon", "coordinates": [ [ [ -76.9914, 38.9756 ], [ -76.9796, 38.9723 ], [ -76.988, 38.9664 ], [ -76.9984, 38.971 ], [ -76.9914, 38.9756 ] ] ] } },
{ "type": "Feature", "properties": { "GEOIDFQ": "1400000US24033805500", "NAME": "8055", "NAMELSAD": "Census Tract 8055" }, "geometry": { "type": "Polygon", "coordinates": [ [ [ -76.9848, 38.9872 ], [ -76.9728, 38.9841 ], [ -76.9796, 38.9723 ], [ -76.9903, 38.9757 ], [ -76.9848, 38.9872 ] ] ] } },
{ "type": "Feature", "properties": { "GEOIDFQ": "1400000US24031703000", "NAME": "7030", "NAMELSAD": "Census Tract 7030" }, "geometry": { "type": "Polygon", "coordinates": [ [ [ -77.0258, 39.0223 ], [ -77.0049, 39.0152 ], [ -77.0323, 39.0149 ], [ -77.0258, 39.0223 ] ] ] } },
{ "type": "Feature", "properties": { "GEOIDFQ": "1400000US24009860901", "NAME": "8609.01", "NAMELSAD": "Census Tract 8609.01" }, "geometry": { "type": "Polygon", "coordinates": [ [ [ -76.4831, 38.3424 ], [ -76.4864, 38.3535 ], [ -76.4714, 38.3729 ], [ -76.4585, 38.3784 ], [ -76.4444, 38.4014 ], [ -76.4363, 38.3889 ], [ -76.4443, 38.3745 ], [ -76.4262, 38.3458 ], [ -76.4352, 38.3361 ], [ -76.4482, 38.3341 ], [ -76.4526, 38.3233 ], [ -76.4473, 38.3052 ], [ -76.4616, 38.3085 ], [ -76.4717, 38.3249 ], [ -76.4894, 38.328 ], [ -76.4831, 38.3424 ] ] ] } },
{ "type": "Feature", "properties": { "GEOIDFQ": "1400000US24009860902", "NAME": "8609.02", "NAMELSAD": "Census Tract 8609.02" }, "geometry": { "type": "Polygon", "coordinates": [ [ [ -76.4863, 38.4007 ], [ -76.4894, 38.4256 ], [ -76.4828, 38.4442 ], [ -76.4735, 38.4452 ], [ -76.4444, 38.4014 ], [ -76.4585, 38.3784 ], [ -76.4714, 38.3729 ], [ -76.4864, 38.3535 ], [ -76.5063, 38.3751 ], [ -76.4863, 38.4007 ] ] ] } },
{ "type": "Feature", "properties": { "GEOIDFQ": "1400000US24009861100", "NAME": "8611", "NAMELSAD": "Census Tract 8611" }, "geometry": { "type": "Polygon", "coordinates": [ [ [ -76.5453, 38.5328 ], [ -76.5137, 38.5367 ], [ -76.4997, 38.5001 ], [ -76.4839, 38.479 ], [ -76.431, 38.4345 ], [ -76.3987, 38.3969 ], [ -76.377, 38.3889 ], [ -76.3858, 38.3754 ], [ -76.3817, 38.3623 ], [ -76.4059, 38.3632 ], [ -76.4133, 38.384 ], [ -76.4363, 38.3887 ], [ -76.4514, 38.4074 ], [ -76.4706, 38.4435 ], [ -76.4926, 38.4494 ], [ -76.5097, 38.4675 ], [ -76.5195, 38.4951 ], [ -76.5598, 38.5072 ], [ -76.5726, 38.5208 ], [ -76.5453, 38.5328 ] ] ] } },
{ "type": "Feature", "properties": { "GEOIDFQ": "1400000US24009860404", "NAME": "8604.04", "NAMELSAD": "Census Tract 8604.04" }, "geometry": { "type": "Polygon", "coordinates": [ [ [ -76.5356, 38.7215 ], [ -76.5228, 38.7126 ], [ -76.5238, 38.6913 ], [ -76.5758, 38.7039 ], [ -76.583, 38.7213 ], [ -76.5356, 38.7215 ] ] ] } },
{ "type": "Feature", "properties": { "GEOIDFQ": "1400000US24009860103", "NAME": "8601.03", "NAMELSAD": "Census Tract 8601.03" }, "geometry": { "type": "Polygon", "coordinates": [ [ [ -76.695, 38.7351 ], [ -76.684, 38.7383 ], [ -76.6852, 38.7561 ], [ -76.6721, 38.7557 ], [ -76.6467, 38.7689 ], [ -76.6231, 38.7673 ], [ -76.6229, 38.7267 ], [ -76.645, 38.7162 ], [ -76.6535, 38.7053 ], [ -76.6691, 38.7026 ], [ -76.6804, 38.6906 ], [ -76.6881, 38.6926 ], [ -76.6841, 38.6888 ], [ -76.6919, 38.6838 ], [ -76.702, 38.7109 ], [ -76.695, 38.7351 ] ] ] } },
{ "type": "Feature", "properties": { "GEOIDFQ": "1400000US24009860403", "NAME": "8604.03", "NAMELSAD": "Census Tract 8604.03" }, "geometry": { "type": "Polygon", "coordinates": [ [ [ -76.5327, 38.6947 ], [ -76.5574, 38.6801 ], [ -76.5672, 38.6621 ], [ -76.5758, 38.7039 ], [ -76.5327, 38.6947 ] ] ] } },
{ "type": "Feature", "properties": { "GEOIDFQ": "1400000US24033807409", "NAME": "8074.09", "NAMELSAD": "Census Tract 8074.09" }, "geometry": { "type": "Polygon", "coordinates": [ [ [ -76.9556, 39.0399 ], [ -76.9309, 39.0507 ], [ -76.9494, 39.024 ], [ -76.9512, 39.031 ], [ -76.962, 39.0313 ], [ -76.9556, 39.0399 ] ] ] } },
{ "type": "Feature", "properties": { "GEOIDFQ": "1400000US24033800513", "NAME": "8005.13", "NAMELSAD": "Census Tract 8005.13" }, "geometry": { "type": "Polygon", "coordinates": [ [ [ -76.765, 38.9706 ], [ -76.7415, 38.9775 ], [ -76.7439, 38.9665 ], [ -76.738, 38.9636 ], [ -76.7433, 38.9531 ], [ -76.7636, 38.946 ], [ -76.7713, 38.9488 ], [ -76.765, 38.9706 ] ] ] } },
{ "type": "Feature", "properties": { "GEOIDFQ": "1400000US24033801310", "NAME": "8013.10", "NAMELSAD": "Census Tract 8013.10" }, "geometry": { "type": "Polygon", "coordinates": [ [ [ -76.9951, 38.6853 ], [ -76.9817, 38.6883 ], [ -76.9722, 38.6734 ], [ -76.9526, 38.6725 ], [ -76.9392, 38.6781 ], [ -76.9272, 38.6643 ], [ -76.9166, 38.6633 ], [ -76.9134, 38.655 ], [ -76.9397, 38.6545 ], [ -76.9657, 38.6613 ], [ -77.0021, 38.6547 ], [ -77.0201, 38.6476 ], [ -77.0478, 38.6162 ], [ -77.0557, 38.6355 ], [ -76.9951, 38.6853 ] ] ] } },
{ "type": "Feature", "properties": { "GEOIDFQ": "1400000US24033801003", "NAME": "8010.03", "NAMELSAD": "Census Tract 8010.03" }, "geometry": { "type": "Polygon", "coordinates": [ [ [ -76.9216, 38.6854 ], [ -76.9261, 38.6992 ], [ -76.9191, 38.7058 ], [ -76.8921, 38.7071 ], [ -76.8641, 38.6959 ], [ -76.8477, 38.697 ], [ -76.8376, 38.7132 ], [ -76.835, 38.7082 ], [ -76.8172, 38.7067 ], [ -76.7956, 38.7193 ], [ -76.788, 38.7106 ], [ -76.7956, 38.6992 ], [ -76.8085, 38.6967 ], [ -76.8158, 38.6839 ], [ -76.7871, 38.6661 ], [ -76.8077, 38.6625 ], [ -76.8067, 38.6511 ], [ -76.8169, 38.6416 ], [ -76.863, 38.6586 ], [ -76.9131, 38.6527 ], [ -76.9166, 38.6632 ], [ -76.9272, 38.6643 ], [ -76.9392, 38.6781 ], [ -76.9216, 38.6854 ] ] ] } },
{ "type": "Feature", "properties": { "GEOIDFQ": "1400000US24033805906", "NAME": "8059.06", "NAMELSAD": "Census Tract 8059.06" }, "geometry": { "type": "Polygon", "coordinates": [ [ [ -76.9773, 39.0109 ], [ -76.9688, 39.005 ], [ -76.9749, 39.0036 ], [ -76.9773, 39.0109 ] ] ] } },
{ "type": "Feature", "properties": { "GEOIDFQ": "1400000US24033801312", "NAME": "8013.12", "NAMELSAD": "Census Tract 8013.12" }, "geometry": { "type": "Polygon", "coordinates": [ [ [ -76.9837, 38.7362 ], [ -76.9684, 38.7324 ], [ -76.9709, 38.7044 ], [ -76.9805, 38.6979 ], [ -76.9896, 38.7065 ], [ -76.9908, 38.732 ], [ -76.9837, 38.7362 ] ] ] } },
{ "type": "Feature", "properties": { "GEOIDFQ": "1400000US24031701210", "NAME": "7012.10", "NAMELSAD": "Census Tract 7012.10" }, "geometry": { "type": "Polygon", "coordinates": [ [ [ -77.1839, 39.073 ], [ -77.17, 39.0698 ], [ -77.1817, 39.055 ], [ -77.1987, 39.0584 ], [ -77.1839, 39.073 ] ] ] } },
{ "type": "Feature", "properties": { "GEOIDFQ": "1400000US24031704805", "NAME": "7048.05", "NAMELSAD": "Census Tract 7048.05" }, "geometry": { "type": "Polygon", "coordinates": [ [ [ -77.0882, 38.9882 ], [ -77.0878, 38.9856 ], [ -77.0986, 38.9847 ], [ -77.0882, 38.9882 ] ] ] } },
{ "type": "Feature", "properties": { "GEOIDFQ": "1400000US24031701422", "NAME": "7014.22", "NAMELSAD": "Census Tract 7014.22" }, "geometry": { "type": "Polygon", "coordinates": [ [ [ -76.9456, 39.0861 ], [ -76.9384, 39.0831 ], [ -76.9451, 39.0795 ], [ -76.9456, 39.0861 ] ] ] } },
{ "type": "Feature", "properties": { "GEOIDFQ": "1400000US24033803001", "NAME": "8030.01", "NAMELSAD": "Census Tract 8030.01" }, "geometry": { "type": "Polygon", "coordinates": [ [ [ -76.902, 38.9075 ], [ -76.8995, 38.9034 ], [ -76.9129, 38.8956 ], [ -76.9236, 38.904 ], [ -76.902, 38.9075 ] ] ] } },
{ "type": "Feature", "properties": { "GEOIDFQ": "1400000US24033803002", "NAME": "8030.02", "NAMELSAD": "Census Tract 8030.02" }, "geometry": { "type": "Polygon", "coordinates": [ [ [ -76.8921, 38.9096 ], [ -76.8867, 38.9021 ], [ -76.8997, 38.8975 ], [ -76.902, 38.9075 ], [ -76.8921, 38.9096 ] ] ] } },
{ "type": "Feature", "properties": { "GEOIDFQ": "1400000US24033803200", "NAME": "8032", "NAMELSAD": "Census Tract 8032" }, "geometry": { "type": "Polygon", "coordinates": [ [ [ -76.896, 38.9298 ], [ -76.8864, 38.9243 ], [ -76.8917, 38.9179 ], [ -76.9152, 38.9171 ], [ -76.896, 38.9298 ] ] ] } },
{ "type": "Feature", "properties": { "GEOIDFQ": "1400000US24047950000", "NAME": "9500", "NAMELSAD": "Census Tract 9500" }, "geometry": { "type": "Polygon", "coordinates": [ [ [ -75.0686, 38.3598 ], [ -75.0843, 38.3238 ], [ -75.0929, 38.327 ], [ -75.0995, 38.3683 ], [ -75.0686, 38.3598 ] ] ] } },
{ "type": "Feature", "properties": { "GEOIDFQ": "1400000US24047950100", "NAME": "9501", "NAMELSAD": "Census Tract 9501" }, "geometry": { "type": "Polygon", "coordinates": [ [ [ -75.0878, 38.3964 ], [ -75.0927, 38.399 ], [ -75.0852, 38.4219 ], [ -75.0582, 38.4126 ], [ -75.0541, 38.4233 ], [ -75.0686, 38.3598 ], [ -75.0995, 38.3683 ], [ -75.1055, 38.3828 ], [ -75.0878, 38.3964 ] ] ] } },
{ "type": "Feature", "properties": { "GEOIDFQ": "1400000US24027602202", "NAME": "6022.02", "NAMELSAD": "Census Tract 6022.02" }, "geometry": { "type": "Polygon", "coordinates": [ [ [ -76.8559, 39.2964 ], [ -76.8255, 39.2966 ], [ -76.8212, 39.2775 ], [ -76.8602, 39.2795 ], [ -76.8559, 39.2964 ] ] ] } },
{ "type": "Feature", "properties": { "GEOIDFQ": "1400000US24027605103", "NAME": "6051.03", "NAMELSAD": "Census Tract 6051.03" }, "geometry": { "type": "Polygon", "coordinates": [ [ [ -77.0044, 39.222 ], [ -76.9868, 39.2394 ], [ -76.9669, 39.22 ], [ -76.9417, 39.2079 ], [ -76.947, 39.1918 ], [ -76.9737, 39.1622 ], [ -77.001, 39.1695 ], [ -76.9974, 39.1743 ], [ -77.0055, 39.1759 ], [ -76.9989, 39.1778 ], [ -77.0084, 39.1816 ], [ -77.0041, 39.1923 ], [ -77.0112, 39.1992 ], [ -77.0044, 39.222 ] ] ] } },
{ "type": "Feature", "properties": { "GEOIDFQ": "1400000US24027606907", "NAME": "6069.07", "NAMELSAD": "Census Tract 6069.07" }, "geometry": { "type": "Polygon", "coordinates": [ [ [ -76.8491, 39.1383 ], [ -76.844, 39.1361 ], [ -76.8458, 39.127 ], [ -76.8282, 39.108 ], [ -76.8406, 39.1033 ], [ -76.8434, 39.1176 ], [ -76.8624, 39.1297 ], [ -76.8491, 39.1383 ] ] ] } },
{ "type": "Feature", "properties": { "GEOIDFQ": "1400000US24027602201", "NAME": "6022.01", "NAMELSAD": "Census Tract 6022.01" }, "geometry": { "type": "Polygon", "coordinates": [ [ [ -76.8765, 39.3037 ], [ -76.8559, 39.2964 ], [ -76.8602, 39.2795 ], [ -76.8898, 39.2901 ], [ -76.8765, 39.3037 ] ] ] } },
{ "type": "Feature", "properties": { "GEOIDFQ": "1400000US24025301703", "NAME": "3017.03", "NAMELSAD": "Census Tract 3017.03" }, "geometry": { "type": "Polygon", "coordinates": [ [ [ -76.2621, 39.4806 ], [ -76.2506, 39.4647 ], [ -76.3029, 39.437 ], [ -76.2996, 39.4453 ], [ -76.3101, 39.457 ], [ -76.2621, 39.4806 ] ] ] } },
{ "type": "Feature", "properties": { "GEOIDFQ": "1400000US24025301108", "NAME": "3011.08", "NAMELSAD": "Census Tract 3011.08" }, "geometry": { "type": "Polygon", "coordinates": [ [ [ -76.304, 39.5021 ], [ -76.298, 39.4891 ], [ -76.2841, 39.4885 ], [ -76.2799, 39.4781 ], [ -76.2701, 39.4768 ], [ -76.2867, 39.4665 ], [ -76.2994, 39.4845 ], [ -76.3164, 39.4942 ], [ -76.304, 39.5021 ] ] ] } },
{ "type": "Feature", "properties": { "GEOIDFQ": "1400000US24031703701", "NAME": "7037.01", "NAMELSAD": "Census Tract 7037.01" }, "geometry": { "type": "Polygon", "coordinates": [ [ [ -77.0649, 39.0591 ], [ -77.052, 39.0577 ], [ -77.0651, 39.045 ], [ -77.0709, 39.0497 ], [ -77.0649, 39.0591 ] ] ] } },
{ "type": "Feature", "properties": { "GEOIDFQ": "1400000US24031703800", "NAME": "7038", "NAMELSAD": "Census Tract 7038" }, "geometry": { "type": "Polygon", "coordinates": [ [ [ -77.0577, 39.0416 ], [ -77.0479, 39.0433 ], [ -77.0477, 39.0301 ], [ -77.0623, 39.033 ], [ -77.0577, 39.0416 ] ] ] } },
{ "type": "Feature", "properties": { "GEOIDFQ": "1400000US24031703901", "NAME": "7039.01", "NAMELSAD": "Census Tract 7039.01" }, "geometry": { "type": "Polygon", "coordinates": [ [ [ -77.0314, 39.0254 ], [ -77.0323, 39.015 ], [ -77.0419, 39.0135 ], [ -77.046, 39.0253 ], [ -77.0314, 39.0254 ] ] ] } },
{ "type": "Feature", "properties": { "GEOIDFQ": "1400000US24031703902", "NAME": "7039.02", "NAMELSAD": "Census Tract 7039.02" }, "geometry": { "type": "Polygon", "coordinates": [ [ [ -77.0482, 39.0413 ], [ -77.031, 39.0366 ], [ -77.0304, 39.0243 ], [ -77.046, 39.0253 ], [ -77.0482, 39.0413 ] ] ] } },
{ "type": "Feature", "properties": { "GEOIDFQ": "1400000US24031704000", "NAME": "7040", "NAMELSAD": "Census Tract 7040" }, "geometry": { "type": "Polygon", "coordinates": [ [ [ -77.0604, 39.0296 ], [ -77.0477, 39.0301 ], [ -77.0419, 39.0135 ], [ -77.0323, 39.0149 ], [ -77.0364, 39.0133 ], [ -77.0548, 39.0137 ], [ -77.0604, 39.0296 ] ] ] } },
{ "type": "Feature", "properties": { "GEOIDFQ": "1400000US24031704100", "NAME": "7041", "NAMELSAD": "Census Tract 7041" }, "geometry": { "type": "Polygon", "coordinates": [ [ [ -77.0834, 39.0236 ], [ -77.0715, 39.0188 ], [ -77.0601, 39.0261 ], [ -77.0566, 39.0149 ], [ -77.0686, 39.0073 ], [ -77.0911, 39.0119 ], [ -77.0834, 39.0236 ] ] ] } },
{ "type": "Feature", "properties": { "GEOIDFQ": "1400000US24021750300", "NAME": "7503", "NAMELSAD": "Census Tract 7503" }, "geometry": { "type": "Polygon", "coordinates": [ [ [ -77.4112, 39.4128 ], [ -77.4118, 39.4078 ], [ -77.4213, 39.4106 ], [ -77.4112, 39.4128 ] ] ] } },
{ "type": "Feature", "properties": { "GEOIDFQ": "1400000US24021752900", "NAME": "7529", "NAMELSAD": "Census Tract 7529" }, "geometry": { "type": "Polygon", "coordinates": [ [ [ -77.4929, 39.6764 ], [ -77.4974, 39.6835 ], [ -77.5084, 39.6841 ], [ -77.4691, 39.72 ], [ -77.3695, 39.7199 ], [ -77.3554, 39.7056 ], [ -77.4088, 39.6851 ], [ -77.3961, 39.6707 ], [ -77.3811, 39.6682 ], [ -77.3783, 39.6588 ], [ -77.3863, 39.6508 ], [ -77.3968, 39.6478 ], [ -77.3996, 39.6516 ], [ -77.4142, 39.6437 ], [ -77.4107, 39.6356 ], [ -77.4288, 39.6152 ], [ -77.425, 39.6073 ], [ -77.4357, 39.5819 ], [ -77.4386, 39.5857 ], [ -77.45, 39.5813 ], [ -77.4579, 39.5874 ], [ -77.4928, 39.5867 ], [ -77.4801, 39.6046 ], [ -77.488, 39.602 ], [ -77.5081, 39.6114 ], [ -77.5162, 39.6353 ], [ -77.5265, 39.6367 ], [ -77.4929, 39.6764 ] ] ] } },
{ "type": "Feature", "properties": { "GEOIDFQ": "1400000US24001000700", "NAME": "7", "NAMELSAD": "Census Tract 7" }, "geometry": { "type": "Polygon", "coordinates": [ [ [ -78.7615, 39.6397 ], [ -78.7531, 39.6389 ], [ -78.7384, 39.6273 ], [ -78.765, 39.6327 ], [ -78.7615, 39.6397 ] ] ] } },
{ "type": "Feature", "properties": { "GEOIDFQ": "1400000US24001001000", "NAME": "10", "NAMELSAD": "Census Tract 10" }, "geometry": { "type": "Polygon", "coordinates": [ [ [ -78.7737, 39.6652 ], [ -78.765, 39.6608 ], [ -78.7582, 39.6494 ], [ -78.78, 39.6615 ], [ -78.7737, 39.6652 ] ] ] } },
{ "type": "Feature", "properties": { "GEOIDFQ": "1400000US24001001200", "NAME": "12", "NAMELSAD": "Census Tract 12" }, "geometry": { "type": "Polygon", "coordinates": [ [ [ -78.7897, 39.6702 ], [ -78.7696, 39.6546 ], [ -78.7809, 39.6537 ], [ -78.784, 39.6492 ], [ -78.7676, 39.6477 ], [ -78.7822, 39.6367 ], [ -78.7971, 39.6379 ], [ -78.788, 39.6454 ], [ -78.8003, 39.6404 ], [ -78.8131, 39.644 ], [ -78.7897, 39.6702 ] ] ] } },
{ "type": "Feature", "properties": { "GEOIDFQ": "1400000US24001001503", "NAME": "15.03", "NAMELSAD": "Census Tract 15.03" }, "geometry": { "type": "Polygon", "coordinates": [ [ [ -78.912, 39.7146 ], [ -78.9036, 39.7227 ], [ -78.812, 39.7211 ], [ -78.8233, 39.7078 ], [ -78.8232, 39.6955 ], [ -78.8445, 39.6968 ], [ -78.8553, 39.6825 ], [ -78.8582, 39.6916 ], [ -78.8718, 39.6938 ], [ -78.8837, 39.6885 ], [ -78.8814, 39.6788 ], [ -78.8935, 39.6729 ], [ -78.8909, 39.6846 ], [ -78.9129, 39.6834 ], [ -78.9184, 39.6893 ], [ -78.912, 39.7146 ] ] ] } },
{ "type": "Feature", "properties": { "GEOIDFQ": "1400000US24001002100", "NAME": "21", "NAMELSAD": "Census Tract 21" }, "geometry": { "type": "Polygon", "coordinates": [ [ [ -78.9987, 39.5999 ], [ -78.9722, 39.6045 ], [ -78.9634, 39.5978 ], [ -78.9769, 39.5874 ], [ -78.9706, 39.5806 ], [ -78.9413, 39.5801 ], [ -78.9325, 39.5612 ], [ -78.923, 39.5591 ], [ -78.963, 39.5144 ], [ -78.9748, 39.5145 ], [ -78.9863, 39.5044 ], [ -79.0094, 39.5115 ], [ -79.0174, 39.5228 ], [ -79.024, 39.5116 ], [ -79.0417, 39.5247 ], [ -78.9987, 39.5999 ] ] ] } },
{ "type": "Feature", "properties": { "GEOIDFQ": "1400000US24031706009", "NAME": "7060.09", "NAMELSAD": "Census Tract 7060.09" }, "geometry": { "type": "Polygon", "coordinates": [ [ [ -77.2089, 39.018 ], [ -77.1571, 38.991 ], [ -77.1573, 38.9866 ], [ -77.1832, 38.976 ], [ -77.1904, 38.9854 ], [ -77.2092, 38.9888 ], [ -77.2146, 39.0018 ], [ -77.2235, 39.0058 ], [ -77.2089, 39.018 ] ] ] } },
{ "type": "Feature", "properties": { "GEOIDFQ": "1400000US24031700610", "NAME": "7006.10", "NAMELSAD": "Census Tract 7006.10" }, "geometry": { "type": "Polygon", "coordinates": [ [ [ -77.2555, 39.1528 ], [ -77.2379, 39.1483 ], [ -77.2472, 39.1247 ], [ -77.2723, 39.1377 ], [ -77.2555, 39.1528 ] ] ] } },
{ "type": "Feature", "properties": { "GEOIDFQ": "1400000US24031706008", "NAME": "7060.08", "NAMELSAD": "Census Tract 7060.08" }, "geometry": { "type": "Polygon", "coordinates": [ [ [ -77.2404, 39.035 ], [ -77.2223, 39.0292 ], [ -77.2089, 39.018 ], [ -77.2236, 39.0056 ], [ -77.2146, 39.0018 ], [ -77.2092, 38.9888 ], [ -77.1907, 38.9855 ], [ -77.1782, 38.9758 ], [ -77.1798, 38.9683 ], [ -77.2213, 38.9714 ], [ -77.2302, 38.9798 ], [ -77.2352, 38.9761 ], [ -77.2558, 39.002 ], [ -77.2404, 39.035 ] ] ] } },
{ "type": "Feature", "properties": { "GEOIDFQ": "1400000US24031705800", "NAME": "7058", "NAMELSAD": "Census Tract 7058" }, "geometry": { "type": "Polygon", "coordinates": [ [ [ -77.1753, 38.98 ], [ -77.1586, 38.9849 ], [ -77.1487, 38.9727 ], [ -77.1212, 38.9635 ], [ -77.1126, 38.9402 ], [ -77.1198, 38.9343 ], [ -77.1473, 38.9645 ], [ -77.1802, 38.9694 ], [ -77.1753, 38.98 ] ] ] } },
{ "type": "Feature", "properties": { "GEOIDFQ": "1400000US24031701303", "NAME": "7013.03", "NAMELSAD": "Census Tract 7013.03" }, "geometry": { "type": "Polygon", "coordinates": [ [ [ -77.105, 39.1096 ], [ -77.1013, 39.1176 ], [ -77.08, 39.1089 ], [ -77.1152, 39.09 ], [ -77.1207, 39.1023 ], [ -77.105, 39.1096 ] ] ] } },
{ "type": "Feature", "properties": { "GEOIDFQ": "1400000US24031701408", "NAME": "7014.08", "NAMELSAD": "Census Tract 7014.08" }, "geometry": { "type": "Polygon", "coordinates": [ [ [ -76.963, 39.1458 ], [ -76.9507, 39.1453 ], [ -76.9587, 39.1343 ], [ -76.9486, 39.1296 ], [ -76.9291, 39.1384 ], [ -76.919, 39.1321 ], [ -76.9393, 39.1071 ], [ -76.9621, 39.1161 ], [ -76.9692, 39.0952 ], [ -77.0022, 39.1065 ], [ -77.0275, 39.1254 ], [ -76.963, 39.1458 ] ] ] } },
{ "type": "Feature", "properties": { "GEOIDFQ": "1400000US24031701308", "NAME": "7013.08", "NAMELSAD": "Census Tract 7013.08" }, "geometry": { "type": "Polygon", "coordinates": [ [ [ -77.1008, 39.1259 ], [ -77.0722, 39.1261 ], [ -77.0689, 39.1371 ], [ -77.0505, 39.1465 ], [ -77.0339, 39.1389 ], [ -77.0276, 39.1253 ], [ -77.08, 39.1089 ], [ -77.1054, 39.1206 ], [ -77.1008, 39.1259 ] ] ] } },
{ "type": "Feature", "properties": { "GEOIDFQ": "1400000US24031700902", "NAME": "7009.02", "NAMELSAD": "Census Tract 7009.02" }, "geometry": { "type": "Polygon", "coordinates": [ [ [ -77.1362, 39.0905 ], [ -77.1379, 39.0797 ], [ -77.1484, 39.0867 ], [ -77.1538, 39.099 ], [ -77.1362, 39.0905 ] ] ] } },
{ "type": "Feature", "properties": { "GEOIDFQ": "1400000US24510060100", "NAME": "601", "NAMELSAD": "Census Tract 601" }, "geometry": { "type": "Polygon", "coordinates": [ [ [ -76.5726, 39.2971 ], [ -76.5724, 39.2924 ], [ -76.5776, 39.2922 ], [ -76.5726, 39.2971 ] ] ] } },
{ "type": "Feature", "properties": { "GEOIDFQ": "1400000US24033806400", "NAME": "8064", "NAMELSAD": "Census Tract 8064" }, "geometry": { "type": "Polygon", "coordinates": [ [ [ -76.938, 38.9777 ], [ -76.939, 38.9647 ], [ -76.9483, 38.9664 ], [ -76.9557, 38.9856 ], [ -76.938, 38.9777 ] ] ] } },
{ "type": "Feature", "properties": { "GEOIDFQ": "1400000US24033806501", "NAME": "8065.01", "NAMELSAD": "Census Tract 8065.01" }, "geometry": { "type": "Polygon", "coordinates": [ [ [ -76.9426, 38.9659 ], [ -76.9202, 38.959 ], [ -76.9262, 38.9511 ], [ -76.9286, 38.9554 ], [ -76.9341, 38.9516 ], [ -76.9426, 38.9659 ] ] ] } },
{ "type": "Feature", "properties": { "GEOIDFQ": "1400000US24033806601", "NAME": "8066.01", "NAMELSAD": "Census Tract 8066.01" }, "geometry": { "type": "Polygon", "coordinates": [ [ [ -76.92, 38.9606 ], [ -76.9055, 38.9612 ], [ -76.9094, 38.9531 ], [ -76.9235, 38.9541 ], [ -76.92, 38.9606 ] ] ] } },
{ "type": "Feature", "properties": { "GEOIDFQ": "1400000US24033806602", "NAME": "8066.02", "NAMELSAD": "Census Tract 8066.02" }, "geometry": { "type": "Polygon", "coordinates": [ [ [ -76.9151, 38.9722 ], [ -76.8991, 38.9725 ], [ -76.9055, 38.9612 ], [ -76.9198, 38.9606 ], [ -76.9151, 38.9722 ] ] ] } },
{ "type": "Feature", "properties": { "GEOIDFQ": "1400000US24033807304", "NAME": "8073.04", "NAMELSAD": "Census Tract 8073.04" }, "geometry": { "type": "Polygon", "coordinates": [ [ [ -76.9621, 39.0312 ], [ -76.9508, 39.0307 ], [ -76.9499, 39.0221 ], [ -76.9717, 39.0186 ], [ -76.9621, 39.0312 ] ] ] } },
{ "type": "Feature", "properties": { "GEOIDFQ": "1400000US24033807305", "NAME": "8073.05", "NAMELSAD": "Census Tract 8073.05" }, "geometry": { "type": "Polygon", "coordinates": [ [ [ -76.9717, 39.0186 ], [ -76.9499, 39.0221 ], [ -76.9575, 39.0031 ], [ -76.9773, 39.0109 ], [ -76.9717, 39.0186 ] ] ] } },
{ "type": "Feature", "properties": { "GEOIDFQ": "1400000US24033807405", "NAME": "8074.05", "NAMELSAD": "Census Tract 8074.05" }, "geometry": { "type": "Polygon", "coordinates": [ [ [ -76.9309, 39.0507 ], [ -76.9124, 39.044 ], [ -76.9155, 39.0293 ], [ -76.9266, 39.0184 ], [ -76.9499, 39.0221 ], [ -76.9309, 39.0507 ] ] ] } },
{ "type": "Feature", "properties": { "GEOIDFQ": "1400000US24005402304", "NAME": "4023.04", "NAMELSAD": "Census Tract 4023.04" }, "geometry": { "type": "Polygon", "coordinates": [ [ [ -76.7278, 39.3428 ], [ -76.7422, 39.3318 ], [ -76.7448, 39.3332 ], [ -76.7457, 39.3493 ], [ -76.7278, 39.3428 ] ] ] } },
{ "type": "Feature", "properties": { "GEOIDFQ": "1400000US24005402306", "NAME": "4023.06", "NAMELSAD": "Census Tract 4023.06" }, "geometry": { "type": "Polygon", "coordinates": [ [ [ -76.7746, 39.3658 ], [ -76.7582, 39.3665 ], [ -76.7656, 39.3564 ], [ -76.7787, 39.3614 ], [ -76.7746, 39.3658 ] ] ] } },
{ "type": "Feature", "properties": { "GEOIDFQ": "1400000US24005402307", "NAME": "4023.07", "NAMELSAD": "Census Tract 4023.07" }, "geometry": { "type": "Polygon", "coordinates": [ [ [ -76.7582, 39.3665 ], [ -76.7483, 39.3695 ], [ -76.7457, 39.3493 ], [ -76.7653, 39.3567 ], [ -76.7582, 39.3665 ] ] ] } },
{ "type": "Feature", "properties": { "GEOIDFQ": "1400000US24510210100", "NAME": "2101", "NAMELSAD": "Census Tract 2101" }, "geometry": { "type": "Polygon", "coordinates": [ [ [ -76.629, 39.286 ], [ -76.6198, 39.2802 ], [ -76.6245, 39.2686 ], [ -76.6335, 39.2695 ], [ -76.6287, 39.2735 ], [ -76.6346, 39.278 ], [ -76.629, 39.286 ] ] ] } },
{ "type": "Feature", "properties": { "GEOIDFQ": "1400000US24510220100", "NAME": "2201", "NAMELSAD": "Census Tract 2201" }, "geometry": { "type": "Polygon", "coordinates": [ [ [ -76.605, 39.2869 ], [ -76.6028, 39.2798 ], [ -76.619, 39.2791 ], [ -76.6273, 39.2861 ], [ -76.605, 39.2869 ] ] ] } },
{ "type": "Feature", "properties": { "GEOIDFQ": "1400000US24510230300", "NAME": "2303", "NAMELSAD": "Census Tract 2303" }, "geometry": { "type": "Polygon", "coordinates": [ [ [ -76.6209, 39.2745 ], [ -76.6056, 39.2672 ], [ -76.6105, 39.2547 ], [ -76.6271, 39.2652 ], [ -76.6209, 39.2745 ] ] ] } },
{ "type": "Feature", "properties": { "GEOIDFQ": "1400000US24510240100", "NAME": "2401", "NAMELSAD": "Census Tract 2401" }, "geometry": { "type": "Polygon", "coordinates": [ [ [ -76.5951, 39.2772 ], [ -76.5866, 39.2773 ], [ -76.5719, 39.2565 ], [ -76.5986, 39.2548 ], [ -76.5927, 39.2653 ], [ -76.6009, 39.2689 ], [ -76.5951, 39.2772 ] ] ] } },
{ "type": "Feature", "properties": { "GEOIDFQ": "1400000US24510210200", "NAME": "2102", "NAMELSAD": "Census Tract 2102" }, "geometry": { "type": "Polygon", "coordinates": [ [ [ -76.638, 39.2856 ], [ -76.629, 39.286 ], [ -76.6335, 39.2695 ], [ -76.6553, 39.2745 ], [ -76.638, 39.2856 ] ] ] } },
{ "type": "Feature", "properties": { "GEOIDFQ": "1400000US24510250206", "NAME": "2502.06", "NAMELSAD": "Census Tract 2502.06" }, "geometry": { "type": "Polygon", "coordinates": [ [ [ -76.6552, 39.2759 ], [ -76.6515, 39.259 ], [ -76.6643, 39.2574 ], [ -76.6716, 39.2759 ], [ -76.6552, 39.2759 ] ] ] } },
{ "type": "Feature", "properties": { "GEOIDFQ": "1400000US24510250207", "NAME": "2502.07", "NAMELSAD": "Census Tract 2502.07" }, "geometry": { "type": "Polygon", "coordinates": [ [ [ -76.6247, 39.2606 ], [ -76.6164, 39.2572 ], [ -76.6252, 39.2491 ], [ -76.6343, 39.2553 ], [ -76.6247, 39.2606 ] ] ] } },
{ "type": "Feature", "properties": { "GEOIDFQ": "1400000US24027606701", "NAME": "6067.01", "NAMELSAD": "Census Tract 6067.01" }, "geometry": { "type": "Polygon", "coordinates": [ [ [ -76.8618, 39.1987 ], [ -76.8526, 39.1987 ], [ -76.848, 39.182 ], [ -76.8562, 39.1756 ], [ -76.8744, 39.182 ], [ -76.8618, 39.1987 ] ] ] } },
{ "type": "Feature", "properties": { "GEOIDFQ": "1400000US24027606704", "NAME": "6067.04", "NAMELSAD": "Census Tract 6067.04" }, "geometry": { "type": "Polygon", "coordinates": [ [ [ -76.8493, 39.1988 ], [ -76.823, 39.1968 ], [ -76.8395, 39.1828 ], [ -76.848, 39.182 ], [ -76.8493, 39.1988 ] ] ] } },
{ "type": "Feature", "properties": { "GEOIDFQ": "1400000US24510250301", "NAME": "2503.01", "NAMELSAD": "Census Tract 2503.01" }, "geometry": { "type": "Polygon", "coordinates": [ [ [ -76.6373, 39.2701 ], [ -76.6238, 39.2651 ], [ -76.6233, 39.2601 ], [ -76.6337, 39.2586 ], [ -76.6341, 39.2498 ], [ -76.6498, 39.2603 ], [ -76.6373, 39.2701 ] ] ] } },
{ "type": "Feature", "properties": { "GEOIDFQ": "1400000US24510250303", "NAME": "2503.03", "NAMELSAD": "Census Tract 2503.03" }, "geometry": { "type": "Polygon", "coordinates": [ [ [ -76.6521, 39.2716 ], [ -76.6373, 39.2701 ], [ -76.6506, 39.2604 ], [ -76.6521, 39.2716 ] ] ] } },
{ "type": "Feature", "properties": { "GEOIDFQ": "1400000US24510250401", "NAME": "2504.01", "NAMELSAD": "Census Tract 2504.01" }, "geometry": { "type": "Polygon", "coordinates": [ [ [ -76.6146, 39.2411 ], [ -76.5956, 39.2391 ], [ -76.6082, 39.2311 ], [ -76.6186, 39.2374 ], [ -76.6146, 39.2411 ] ] ] } },
{ "type": "Feature", "properties": { "GEOIDFQ": "1400000US24510250402", "NAME": "2504.02", "NAMELSAD": "Census Tract 2504.02" }, "geometry": { "type": "Polygon", "coordinates": [ [ [ -76.6024, 39.2363 ], [ -76.5958, 39.2343 ], [ -76.6007, 39.2237 ], [ -76.6082, 39.2311 ], [ -76.6024, 39.2363 ] ] ] } },
{ "type": "Feature", "properties": { "GEOIDFQ": "1400000US24510272003", "NAME": "2720.03", "NAMELSAD": "Census Tract 2720.03" }, "geometry": { "type": "Polygon", "coordinates": [ [ [ -76.6851, 39.3655 ], [ -76.6823, 39.3722 ], [ -76.6731, 39.3642 ], [ -76.6881, 39.3558 ], [ -76.6994, 39.3627 ], [ -76.6851, 39.3655 ] ] ] } },
{ "type": "Feature", "properties": { "GEOIDFQ": "1400000US24510280101", "NAME": "2801.01", "NAMELSAD": "Census Tract 2801.01" }, "geometry": { "type": "Polygon", "coordinates": [ [ [ -76.7112, 39.3628 ], [ -76.678, 39.3399 ], [ -76.7064, 39.353 ], [ -76.7114, 39.3495 ], [ -76.7112, 39.3628 ] ] ] } },
{ "type": "Feature", "properties": { "GEOIDFQ": "1400000US24510280102", "NAME": "2801.02", "NAMELSAD": "Census Tract 2801.02" }, "geometry": { "type": "Polygon", "coordinates": [ [ [ -76.7064, 39.353 ], [ -76.6829, 39.3414 ], [ -76.6894, 39.3408 ], [ -76.6886, 39.3292 ], [ -76.711, 39.3363 ], [ -76.7064, 39.353 ] ] ] } },
{ "type": "Feature", "properties": { "GEOIDFQ": "1400000US24510280200", "NAME": "2802", "NAMELSAD": "Census Tract 2802" }, "geometry": { "type": "Polygon", "coordinates": [ [ [ -76.711, 39.3363 ], [ -76.6874, 39.3288 ], [ -76.7018, 39.3196 ], [ -76.7115, 39.3209 ], [ -76.711, 39.3363 ] ] ] } },
{ "type": "Feature", "properties": { "GEOIDFQ": "1400000US24027606804", "NAME": "6068.04", "NAMELSAD": "Census Tract 6068.04" }, "geometry": { "type": "Polygon", "coordinates": [ [ [ -76.8294, 39.1588 ], [ -76.8425, 39.1476 ], [ -76.8521, 39.1599 ], [ -76.8562, 39.1756 ], [ -76.8294, 39.1588 ] ] ] } },
{ "type": "Feature", "properties": { "GEOIDFQ": "1400000US24510280302", "NAME": "2803.02", "NAMELSAD": "Census Tract 2803.02" }, "geometry": { "type": "Polygon", "coordinates": [ [ [ -76.6901, 39.3236 ], [ -76.6855, 39.3128 ], [ -76.7023, 39.3158 ], [ -76.6901, 39.3236 ] ] ] } },
{ "type": "Feature", "properties": { "GEOIDFQ": "1400000US24025306100", "NAME": "3061", "NAMELSAD": "Census Tract 3061" }, "geometry": { "type": "Polygon", "coordinates": [ [ [ -76.113, 39.5405 ], [ -76.0932, 39.5664 ], [ -76.076, 39.5435 ], [ -76.0988, 39.5434 ], [ -76.1234, 39.5333 ], [ -76.113, 39.5405 ] ] ] } },
{ "type": "Feature", "properties": { "GEOIDFQ": "1400000US24005408703", "NAME": "4087.03", "NAMELSAD": "Census Tract 4087.03" }, "geometry": { "type": "Polygon", "coordinates": [ [ [ -76.6467, 39.4547 ], [ -76.6341, 39.4381 ], [ -76.6617, 39.4359 ], [ -76.6651, 39.4487 ], [ -76.6467, 39.4547 ] ] ] } },
{ "type": "Feature", "properties": { "GEOIDFQ": "1400000US24027601203", "NAME": "6012.03", "NAMELSAD": "Census Tract 6012.03" }, "geometry": { "type": "Polygon", "coordinates": [ [ [ -76.7666, 39.1974 ], [ -76.7406, 39.1792 ], [ -76.7616, 39.168 ], [ -76.777, 39.1509 ], [ -76.7905, 39.1777 ], [ -76.7666, 39.1974 ] ] ] } },
{ "type": "Feature", "properties": { "GEOIDFQ": "1400000US24027601103", "NAME": "6011.03", "NAMELSAD": "Census Tract 6011.03" }, "geometry": { "type": "Polygon", "coordinates": [ [ [ -76.7744, 39.2146 ], [ -76.7389, 39.2118 ], [ -76.7728, 39.1916 ], [ -76.7839, 39.2133 ], [ -76.7744, 39.2146 ] ] ] } },
{ "type": "Feature", "properties": { "GEOIDFQ": "1400000US24027606606", "NAME": "6066.06", "NAMELSAD": "Census Tract 6066.06" }, "geometry": { "type": "Polygon", "coordinates": [ [ [ -76.8213, 39.2134 ], [ -76.8142, 39.2099 ], [ -76.8069, 39.2181 ], [ -76.7967, 39.2073 ], [ -76.8015, 39.2018 ], [ -76.8187, 39.2017 ], [ -76.8213, 39.2134 ] ] ] } },
{ "type": "Feature", "properties": { "GEOIDFQ": "1400000US24027601108", "NAME": "6011.08", "NAMELSAD": "Census Tract 6011.08" }, "geometry": { "type": "Polygon", "coordinates": [ [ [ -76.7853, 39.2148 ], [ -76.7728, 39.1916 ], [ -76.7795, 39.1857 ], [ -76.7806, 39.1942 ], [ -76.7943, 39.1971 ], [ -76.7967, 39.2073 ], [ -76.7853, 39.2148 ] ] ] } },
{ "type": "Feature", "properties": { "GEOIDFQ": "1400000US24005400400", "NAME": "4004", "NAMELSAD": "Census Tract 4004" }, "geometry": { "type": "Polygon", "coordinates": [ [ [ -76.7245, 39.2736 ], [ -76.7275, 39.2626 ], [ -76.714, 39.2589 ], [ -76.7137, 39.2418 ], [ -76.7229, 39.2272 ], [ -76.7418, 39.2339 ], [ -76.7376, 39.2538 ], [ -76.746, 39.2689 ], [ -76.7245, 39.2736 ] ] ] } },
{ "type": "Feature", "properties": { "GEOIDFQ": "1400000US24005400500", "NAME": "4005", "NAMELSAD": "Census Tract 4005" }, "geometry": { "type": "Polygon", "coordinates": [ [ [ -76.7651, 39.2649 ], [ -76.746, 39.2689 ], [ -76.7376, 39.2538 ], [ -76.7407, 39.2352 ], [ -76.7684, 39.2533 ], [ -76.7651, 39.2649 ] ] ] } },
{ "type": "Feature", "properties": { "GEOIDFQ": "1400000US24005400600", "NAME": "4006", "NAMELSAD": "Census Tract 4006" }, "geometry": { "type": "Polygon", "coordinates": [ [ [ -76.7164, 39.2811 ], [ -76.7112, 39.2874 ], [ -76.7111, 39.2779 ], [ -76.7245, 39.2736 ], [ -76.7275, 39.28 ], [ -76.7164, 39.2811 ] ] ] } },
{ "type": "Feature", "properties": { "GEOIDFQ": "1400000US24510272007", "NAME": "2720.07", "NAMELSAD": "Census Tract 2720.07" }, "geometry": { "type": "Polygon", "coordinates": [ [ [ -76.7113, 39.3719 ], [ -76.6998, 39.3624 ], [ -76.7024, 39.3562 ], [ -76.7113, 39.3719 ] ] ] } },
{ "type": "Feature", "properties": { "GEOIDFQ": "1400000US24017851200", "NAME": "8512", "NAMELSAD": "Census Tract 8512" }, "geometry": { "type": "Polygon", "coordinates": [ [ [ -76.9756, 38.4046 ], [ -76.97, 38.4314 ], [ -76.9502, 38.4082 ], [ -76.9388, 38.4152 ], [ -76.9322, 38.4115 ], [ -76.9249, 38.3865 ], [ -76.8744, 38.3826 ], [ -76.8522, 38.3681 ], [ -76.8474, 38.3598 ], [ -76.8529, 38.3326 ], [ -76.821, 38.2713 ], [ -76.8316, 38.2451 ], [ -76.8731, 38.2702 ], [ -76.9269, 38.2872 ], [ -76.9285, 38.3115 ], [ -76.9357, 38.3212 ], [ -76.9683, 38.337 ], [ -76.9823, 38.338 ], [ -76.9964, 38.398 ], [ -76.9756, 38.4046 ] ] ] } },
{ "type": "Feature", "properties": { "GEOIDFQ": "1400000US24017850101", "NAME": "8501.01", "NAMELSAD": "Census Tract 8501.01" }, "geometry": { "type": "Polygon", "coordinates": [ [ [ -77.1015, 38.6889 ], [ -77.0785, 38.6938 ], [ -77.0557, 38.6355 ], [ -77.0853, 38.6223 ], [ -77.0997, 38.6345 ], [ -77.1144, 38.6335 ], [ -77.1202, 38.6691 ], [ -77.1015, 38.6889 ] ] ] } },
{ "type": "Feature", "properties": { "GEOIDFQ": "1400000US24017850706", "NAME": "8507.06", "NAMELSAD": "Census Tract 8507.06" }, "geometry": { "type": "Polygon", "coordinates": [ [ [ -76.9674, 38.661 ], [ -76.9634, 38.6508 ], [ -76.939, 38.6477 ], [ -76.9108, 38.6264 ], [ -76.9189, 38.6185 ], [ -76.936, 38.6341 ], [ -76.9599, 38.6402 ], [ -76.9846, 38.6576 ], [ -76.9674, 38.661 ] ] ] } },
{ "type": "Feature", "properties": { "GEOIDFQ": "1400000US24031700208", "NAME": "7002.08", "NAMELSAD": "Census Tract 7002.08" }, "geometry": { "type": "Polygon", "coordinates": [ [ [ -77.2056, 39.3097 ], [ -77.1975, 39.3018 ], [ -77.1832, 39.3049 ], [ -77.165, 39.3 ], [ -77.161, 39.2899 ], [ -77.1724, 39.2846 ], [ -77.1668, 39.278 ], [ -77.1789, 39.267 ], [ -77.2001, 39.2692 ], [ -77.2017, 39.2877 ], [ -77.2198, 39.2867 ], [ -77.2056, 39.3097 ] ] ] } },
{ "type": "Feature", "properties": { "GEOIDFQ": "1400000US24031701317", "NAME": "7013.17", "NAMELSAD": "Census Tract 7013.17" }, "geometry": { "type": "Polygon", "coordinates": [ [ [ -77.0904, 39.2137 ], [ -77.0627, 39.2094 ], [ -77.0532, 39.2388 ], [ -77.0448, 39.2377 ], [ -77.0323, 39.2203 ], [ -77.0094, 39.2067 ], [ -77.0122, 39.1952 ], [ -77.004, 39.1911 ], [ -77.0084, 39.1816 ], [ -76.9989, 39.1776 ], [ -77.0214, 39.1745 ], [ -77.0276, 39.179 ], [ -77.0394, 39.175 ], [ -77.0431, 39.1649 ], [ -77.0558, 39.1638 ], [ -77.0641, 39.1824 ], [ -77.1008, 39.1849 ], [ -77.0904, 39.2137 ] ] ] } },
{ "type": "Feature", "properties": { "GEOIDFQ": "1400000US24031700611", "NAME": "7006.11", "NAMELSAD": "Census Tract 7006.11" }, "geometry": { "type": "Polygon", "coordinates": [ [ [ -77.3403, 39.1637 ], [ -77.3145, 39.184 ], [ -77.3028, 39.1802 ], [ -77.2847, 39.1634 ], [ -77.2957, 39.1526 ], [ -77.3332, 39.1353 ], [ -77.3355, 39.128 ], [ -77.3466, 39.1306 ], [ -77.3403, 39.1637 ] ] ] } },
{ "type": "Feature", "properties": { "GEOIDFQ": "1400000US24031700616", "NAME": "7006.16", "NAMELSAD": "Census Tract 7006.16" }, "geometry": { "type": "Polygon", "coordinates": [ [ [ -77.2519, 39.1177 ], [ -77.2359, 39.1081 ], [ -77.2462, 39.104 ], [ -77.2495, 39.0935 ], [ -77.2638, 39.1163 ], [ -77.2519, 39.1177 ] ] ] } },
{ "type": "Feature", "properties": { "GEOIDFQ": "1400000US24031700822", "NAME": "7008.22", "NAMELSAD": "Census Tract 7008.22" }, "geometry": { "type": "Polygon", "coordinates": [ [ [ -77.2238, 39.1437 ], [ -77.2209, 39.1426 ], [ -77.2239, 39.1341 ], [ -77.2357, 39.1395 ], [ -77.2238, 39.1437 ] ] ] } },
{ "type": "Feature", "properties": { "GEOIDFQ": "1400000US24031700826", "NAME": "7008.26", "NAMELSAD": "Census Tract 7008.26" }, "geometry": { "type": "Polygon", "coordinates": [ [ [ -77.2378, 39.1285 ], [ -77.2243, 39.1197 ], [ -77.2351, 39.1075 ], [ -77.2429, 39.1138 ], [ -77.2439, 39.1266 ], [ -77.2378, 39.1285 ] ] ] } },
{ "type": "Feature", "properties": { "GEOIDFQ": "1400000US24031700615", "NAME": "7006.15", "NAMELSAD": "Census Tract 7006.15" }, "geometry": { "type": "Polygon", "coordinates": [ [ [ -77.2676, 39.1138 ], [ -77.2639, 39.1162 ], [ -77.2495, 39.0934 ], [ -77.263, 39.0838 ], [ -77.2676, 39.1138 ] ] ] } },
{ "type": "Feature", "properties": { "GEOIDFQ": "1400000US24031701220", "NAME": "7012.20", "NAMELSAD": "Census Tract 7012.20" }, "geometry": { "type": "Polygon", "coordinates": [ [ [ -77.2169, 39.0826 ], [ -77.1839, 39.073 ], [ -77.1987, 39.0584 ], [ -77.2281, 39.0664 ], [ -77.2169, 39.0826 ] ] ] } },
{ "type": "Feature", "properties": { "GEOIDFQ": "1400000US24031701216", "NAME": "7012.16", "NAMELSAD": "Census Tract 7012.16" }, "geometry": { "type": "Polygon", "coordinates": [ [ [ -77.1103, 39.0534 ], [ -77.1028, 39.047 ], [ -77.1205, 39.0448 ], [ -77.1262, 39.0515 ], [ -77.1103, 39.0534 ] ] ] } },
{ "type": "Feature", "properties": { "GEOIDFQ": "1400000US24017850710", "NAME": "8507.10", "NAMELSAD": "Census Tract 8507.10" }, "geometry": { "type": "Polygon", "coordinates": [ [ [ -76.9593, 38.6395 ], [ -76.9504, 38.6377 ], [ -76.9486, 38.618 ], [ -76.9694, 38.6193 ], [ -76.9593, 38.6395 ] ] ] } },
{ "type": "Feature", "properties": { "GEOIDFQ": "1400000US24017850202", "NAME": "8502.02", "NAMELSAD": "Census Tract 8502.02" }, "geometry": { "type": "Polygon", "coordinates": [ [ [ -77.1601, 38.6005 ], [ -77.1609, 38.6097 ], [ -77.1481, 38.6096 ], [ -77.1315, 38.6181 ], [ -77.131, 38.6013 ], [ -77.1189, 38.5888 ], [ -77.1348, 38.5967 ], [ -77.1506, 38.5865 ], [ -77.1704, 38.5985 ], [ -77.1601, 38.6005 ] ] ] } },
{ "type": "Feature", "properties": { "GEOIDFQ": "1400000US24017850906", "NAME": "8509.06", "NAMELSAD": "Census Tract 8509.06" }, "geometry": { "type": "Polygon", "coordinates": [ [ [ -76.9049, 38.6027 ], [ -76.8883, 38.6069 ], [ -76.8998, 38.5889 ], [ -76.9119, 38.5966 ], [ -76.9049, 38.6027 ] ] ] } },
{ "type": "Feature", "properties": { "GEOIDFQ": "1400000US24017850801", "NAME": "8508.01", "NAMELSAD": "Census Tract 8508.01" }, "geometry": { "type": "Polygon", "coordinates": [ [ [ -76.863, 38.6586 ], [ -76.842, 38.651 ], [ -76.8458, 38.6418 ], [ -76.8609, 38.6382 ], [ -76.873, 38.6449 ], [ -76.8756, 38.6571 ], [ -76.863, 38.6586 ] ] ] } },
{ "type": "Feature", "properties": { "GEOIDFQ": "1400000US24017850400", "NAME": "8504", "NAMELSAD": "Census Tract 8504" }, "geometry": { "type": "Polygon", "coordinates": [ [ [ -77.2636, 38.5249 ], [ -77.2493, 38.5388 ], [ -77.2471, 38.5332 ], [ -77.2369, 38.5399 ], [ -77.2111, 38.5312 ], [ -77.1785, 38.5448 ], [ -77.1677, 38.5318 ], [ -77.1735, 38.519 ], [ -77.1665, 38.4985 ], [ -77.1587, 38.4935 ], [ -77.1555, 38.4734 ], [ -77.1712, 38.4632 ], [ -77.139, 38.4448 ], [ -77.1129, 38.4467 ], [ -77.1132, 38.4021 ], [ -77.1223, 38.402 ], [ -77.141, 38.3826 ], [ -77.1828, 38.3624 ], [ -77.214, 38.3563 ], [ -77.2597, 38.384 ], [ -77.2711, 38.4147 ], [ -77.2636, 38.4324 ], [ -77.2808, 38.4834 ], [ -77.2636, 38.5249 ] ] ] } },
{ "type": "Feature", "properties": { "GEOIDFQ": "1400000US24017850500", "NAME": "8505", "NAMELSAD": "Census Tract 8505" }, "geometry": { "type": "Polygon", "coordinates": [ [ [ -77.1555, 38.4733 ], [ -77.158, 38.5013 ], [ -77.1347, 38.541 ], [ -77.1132, 38.5341 ], [ -77.1019, 38.523 ], [ -77.0772, 38.5226 ], [ -77.0448, 38.5078 ], [ -77.0218, 38.5144 ], [ -77.0239, 38.4916 ], [ -77.0388, 38.4695 ], [ -77.0297, 38.441 ], [ -77.0542, 38.4315 ], [ -77.0933, 38.402 ], [ -77.1132, 38.4021 ], [ -77.1129, 38.4467 ], [ -77.139, 38.4448 ], [ -77.1712, 38.4632 ], [ -77.1555, 38.4733 ] ] ] } },
{ "type": "Feature", "properties": { "GEOIDFQ": "1400000US24017851100", "NAME": "8511", "NAMELSAD": "Census Tract 8511" }, "geometry": { "type": "Polygon", "coordinates": [ [ [ -77.0239, 38.4916 ], [ -77.0233, 38.5117 ], [ -77.0171, 38.5164 ], [ -77.0187, 38.5059 ], [ -76.9819, 38.505 ], [ -76.9715, 38.4993 ], [ -76.9531, 38.5046 ], [ -76.9429, 38.5001 ], [ -76.9256, 38.4907 ], [ -76.9387, 38.4589 ], [ -76.9434, 38.427 ], [ -76.9388, 38.4152 ], [ -76.9502, 38.4082 ], [ -76.97, 38.4314 ], [ -76.9756, 38.4046 ], [ -76.9964, 38.398 ], [ -77.0168, 38.4358 ], [ -77.0297, 38.441 ], [ -77.0389, 38.4685 ], [ -77.0239, 38.4916 ] ] ] } },
{ "type": "Feature", "properties": { "GEOIDFQ": "1400000US24017850802", "NAME": "8508.02", "NAMELSAD": "Census Tract 8508.02" }, "geometry": { "type": "Polygon", "coordinates": [ [ [ -76.8756, 38.6571 ], [ -76.873, 38.6449 ], [ -76.8607, 38.6381 ], [ -76.8458, 38.6418 ], [ -76.842, 38.651 ], [ -76.7972, 38.6345 ], [ -76.8324, 38.6164 ], [ -76.853, 38.5598 ], [ -76.861, 38.566 ], [ -76.8617, 38.5836 ], [ -76.877, 38.6103 ], [ -76.9107, 38.6265 ], [ -76.8756, 38.6571 ] ] ] } },
{ "type": "Feature", "properties": { "GEOIDFQ": "1400000US24017851302", "NAME": "8513.02", "NAMELSAD": "Census Tract 8513.02" }, "geometry": { "type": "Polygon", "coordinates": [ [ [ -76.9041, 38.5262 ], [ -76.853, 38.5598 ], [ -76.8013, 38.5485 ], [ -76.7882, 38.5402 ], [ -76.7747, 38.5166 ], [ -76.7799, 38.5003 ], [ -76.8128, 38.5019 ], [ -76.8467, 38.4843 ], [ -76.8835, 38.4798 ], [ -76.9258, 38.4925 ], [ -76.9041, 38.5262 ] ] ] } },
{ "type": "Feature", "properties": { "GEOIDFQ": "1400000US24017850300", "NAME": "8503", "NAMELSAD": "Census Tract 8503" }, "geometry": { "type": "Polygon", "coordinates": [ [ [ -77.1923, 38.553 ], [ -77.1969, 38.5629 ], [ -77.1846, 38.5661 ], [ -77.1701, 38.5825 ], [ -77.1606, 38.583 ], [ -77.1615, 38.5899 ], [ -77.142, 38.5881 ], [ -77.1348, 38.5967 ], [ -77.1212, 38.591 ], [ -77.1296, 38.5487 ], [ -77.1587, 38.4935 ], [ -77.1726, 38.5161 ], [ -77.1676, 38.5316 ], [ -77.1746, 38.5416 ], [ -77.1785, 38.5448 ], [ -77.1977, 38.5379 ], [ -77.1923, 38.553 ] ] ] } },
{ "type": "Feature", "properties": { "GEOIDFQ": "1400000US24017850905", "NAME": "8509.05", "NAMELSAD": "Census Tract 8509.05" }, "geometry": { "type": "Polygon", "coordinates": [ [ [ -76.8818, 38.6145 ], [ -76.8763, 38.6095 ], [ -76.8776, 38.5956 ], [ -76.8929, 38.593 ], [ -76.8943, 38.6025 ], [ -76.8818, 38.6145 ] ] ] } },
{ "type": "Feature", "properties": { "GEOIDFQ": "1400000US24017850201", "NAME": "8502.01", "NAMELSAD": "Census Tract 8502.01" }, "geometry": { "type": "Polygon", "coordinates": [ [ [ -77.2407, 38.5543 ], [ -77.2318, 38.5624 ], [ -77.2221, 38.5624 ], [ -77.1846, 38.6042 ], [ -77.1611, 38.6096 ], [ -77.1601, 38.6005 ], [ -77.1708, 38.5984 ], [ -77.1606, 38.583 ], [ -77.1701, 38.5825 ], [ -77.1846, 38.5661 ], [ -77.1969, 38.5629 ], [ -77.1923, 38.553 ], [ -77.1971, 38.5367 ], [ -77.2119, 38.5312 ], [ -77.2369, 38.5399 ], [ -77.2471, 38.5332 ], [ -77.2407, 38.5543 ] ] ] } },
{ "type": "Feature", "properties": { "GEOIDFQ": "1400000US24017850904", "NAME": "8509.04", "NAMELSAD": "Census Tract 8509.04" }, "geometry": { "type": "Polygon", "coordinates": [ [ [ -76.9348, 38.5842 ], [ -76.9203, 38.5817 ], [ -76.912, 38.5965 ], [ -76.9024, 38.5887 ], [ -76.8776, 38.5956 ], [ -76.8763, 38.6095 ], [ -76.8617, 38.5836 ], [ -76.861, 38.566 ], [ -76.853, 38.5598 ], [ -76.9041, 38.5262 ], [ -76.9189, 38.5045 ], [ -76.9144, 38.5134 ], [ -76.9272, 38.5238 ], [ -76.927, 38.5433 ], [ -76.9389, 38.5674 ], [ -76.9348, 38.5842 ] ] ] } },
{ "type": "Feature", "properties": { "GEOIDFQ": "1400000US24510060300", "NAME": "603", "NAMELSAD": "Census Tract 603" }, "geometry": { "type": "Polygon", "coordinates": [ [ [ -76.5836, 39.2967 ], [ -76.5833, 39.292 ], [ -76.5874, 39.2918 ], [ -76.5836, 39.2967 ] ] ] } },
{ "type": "Feature", "properties": { "GEOIDFQ": "1400000US24510260800", "NAME": "2608", "NAMELSAD": "Census Tract 2608" }, "geometry": { "type": "Polygon", "coordinates": [ [ [ -76.5628, 39.2928 ], [ -76.5625, 39.2878 ], [ -76.5691, 39.2876 ], [ -76.5694, 39.2925 ], [ -76.5628, 39.2928 ] ] ] } },
{ "type": "Feature", "properties": { "GEOIDFQ": "1400000US24510080800", "NAME": "808", "NAMELSAD": "Census Tract 808" }, "geometry": { "type": "Polygon", "coordinates": [ [ [ -76.5883, 39.3056 ], [ -76.5881, 39.3021 ], [ -76.5978, 39.3017 ], [ -76.5883, 39.3056 ] ] ] } },
{ "type": "Feature", "properties": { "GEOIDFQ": "1400000US24510260900", "NAME": "2609", "NAMELSAD": "Census Tract 2609" }, "geometry": { "type": "Polygon", "coordinates": [ [ [ -76.5625, 39.2878 ], [ -76.5645, 39.2786 ], [ -76.5685, 39.2784 ], [ -76.5691, 39.2876 ], [ -76.5625, 39.2878 ] ] ] } },
{ "type": "Feature", "properties": { "GEOIDFQ": "1400000US24510230200", "NAME": "2302", "NAMELSAD": "Census Tract 2302" }, "geometry": { "type": "Polygon", "coordinates": [ [ [ -76.6141, 39.2726 ], [ -76.6126, 39.279 ], [ -76.6116, 39.2706 ], [ -76.6141, 39.2726 ] ] ] } },
{ "type": "Feature", "properties": { "GEOIDFQ": "1400000US24510270501", "NAME": "2705.01", "NAMELSAD": "Census Tract 2705.01" }, "geometry": { "type": "Polygon", "coordinates": [ [ [ -76.5442, 39.3722 ], [ -76.5298, 39.3721 ], [ -76.5298, 39.3566 ], [ -76.5515, 39.3639 ], [ -76.5442, 39.3722 ] ] ] } },
{ "type": "Feature", "properties": { "GEOIDFQ": "1400000US24510160200", "NAME": "1602", "NAMELSAD": "Census Tract 1602" }, "geometry": { "type": "Polygon", "coordinates": [ [ [ -76.639, 39.3034 ], [ -76.6385, 39.2942 ], [ -76.6427, 39.294 ], [ -76.639, 39.3034 ] ] ] } },
{ "type": "Feature", "properties": { "GEOIDFQ": "1400000US24510100100", "NAME": "1001", "NAMELSAD": "Census Tract 1001" }, "geometry": { "type": "Polygon", "coordinates": [ [ [ -76.5981, 39.3052 ], [ -76.5978, 39.3017 ], [ -76.6116, 39.3012 ], [ -76.5981, 39.3052 ] ] ] } },
{ "type": "Feature", "properties": { "GEOIDFQ": "1400000US24510130300", "NAME": "1303", "NAMELSAD": "Census Tract 1303" }, "geometry": { "type": "Polygon", "coordinates": [ [ [ -76.6403, 39.3151 ], [ -76.6339, 39.3103 ], [ -76.6425, 39.3101 ], [ -76.6463, 39.3132 ], [ -76.6403, 39.3151 ] ] ] } },
{ "type": "Feature", "properties": { "GEOIDFQ": "1400000US24510280301", "NAME": "2803.01", "NAMELSAD": "Census Tract 2803.01" }, "geometry": { "type": "Polygon", "coordinates": [ [ [ -76.6915, 39.3138 ], [ -76.6866, 39.3051 ], [ -76.7061, 39.2996 ], [ -76.7113, 39.3209 ], [ -76.6915, 39.3138 ] ] ] } },
{ "type": "Feature", "properties": { "GEOIDFQ": "1400000US24005411303", "NAME": "4113.03", "NAMELSAD": "Census Tract 4113.03" }, "geometry": { "type": "Polygon", "coordinates": [ [ [ -76.4638, 39.4128 ], [ -76.4557, 39.4074 ], [ -76.469, 39.3874 ], [ -76.4884, 39.392 ], [ -76.4638, 39.4128 ] ] ] } },
{ "type": "Feature", "properties": { "GEOIDFQ": "1400000US24005401400", "NAME": "4014", "NAMELSAD": "Census Tract 4014" }, "geometry": { "type": "Polygon", "coordinates": [ [ [ -76.7826, 39.2625 ], [ -76.7661, 39.2753 ], [ -76.7564, 39.2738 ], [ -76.7659, 39.264 ], [ -76.7638, 39.2513 ], [ -76.7946, 39.2672 ], [ -76.7826, 39.2625 ] ] ] } },
{ "type": "Feature", "properties": { "GEOIDFQ": "1400000US24005402603", "NAME": "4026.03", "NAMELSAD": "Census Tract 4026.03" }, "geometry": { "type": "Polygon", "coordinates": [ [ [ -76.7851, 39.4005 ], [ -76.7699, 39.4035 ], [ -76.7556, 39.3781 ], [ -76.7812, 39.3805 ], [ -76.7809, 39.3727 ], [ -76.7903, 39.3752 ], [ -76.7851, 39.4005 ] ] ] } },
{ "type": "Feature", "properties": { "GEOIDFQ": "1400000US24005404900", "NAME": "4049", "NAMELSAD": "Census Tract 4049" }, "geometry": { "type": "Polygon", "coordinates": [ [ [ -76.7766, 39.4754 ], [ -76.7651, 39.4767 ], [ -76.7538, 39.4913 ], [ -76.7395, 39.4936 ], [ -76.7324, 39.4599 ], [ -76.723, 39.4485 ], [ -76.7389, 39.4302 ], [ -76.7592, 39.4178 ], [ -76.7659, 39.4306 ], [ -76.7518, 39.434 ], [ -76.7539, 39.4396 ], [ -76.7625, 39.4376 ], [ -76.7672, 39.4472 ], [ -76.7833, 39.4432 ], [ -76.7868, 39.4498 ], [ -76.7766, 39.4754 ] ] ] } },
{ "type": "Feature", "properties": { "GEOIDFQ": "1400000US24005405000", "NAME": "4050", "NAMELSAD": "Census Tract 4050" }, "geometry": { "type": "Polygon", "coordinates": [ [ [ -76.8043, 39.6759 ], [ -76.803, 39.6546 ], [ -76.78, 39.6549 ], [ -76.7729, 39.6493 ], [ -76.7624, 39.6534 ], [ -76.7395, 39.6421 ], [ -76.7241, 39.6246 ], [ -76.7112, 39.6234 ], [ -76.7076, 39.6197 ], [ -76.7149, 39.6105 ], [ -76.7299, 39.6036 ], [ -76.7354, 39.5936 ], [ -76.7132, 39.5787 ], [ -76.6823, 39.572 ], [ -76.6797, 39.5658 ], [ -76.7066, 39.5619 ], [ -76.722, 39.5351 ], [ -76.7506, 39.5232 ], [ -76.7744, 39.5214 ], [ -76.7907, 39.5419 ], [ -76.8376, 39.5574 ], [ -76.8406, 39.5756 ], [ -76.8043, 39.6759 ] ] ] } },
{ "type": "Feature", "properties": { "GEOIDFQ": "1400000US24005411202", "NAME": "4112.02", "NAMELSAD": "Census Tract 4112.02" }, "geometry": { "type": "Polygon", "coordinates": [ [ [ -76.5229, 39.4898 ], [ -76.5109, 39.4717 ], [ -76.4798, 39.4734 ], [ -76.4565, 39.4606 ], [ -76.4975, 39.4215 ], [ -76.5184, 39.4317 ], [ -76.5374, 39.4217 ], [ -76.5436, 39.4395 ], [ -76.5554, 39.4399 ], [ -76.5573, 39.4493 ], [ -76.5229, 39.4898 ] ] ] } },
{ "type": "Feature", "properties": { "GEOIDFQ": "1400000US24023000501", "NAME": "5.01", "NAMELSAD": "Census Tract 5.01" }, "geometry": { "type": "Polygon", "coordinates": [ [ [ -79.3303, 39.4623 ], [ -79.3035, 39.4628 ], [ -79.2953, 39.4743 ], [ -79.304, 39.4982 ], [ -79.3244, 39.5202 ], [ -79.3122, 39.5465 ], [ -79.2956, 39.5529 ], [ -79.2937, 39.5685 ], [ -79.2845, 39.5702 ], [ -79.282, 39.5792 ], [ -79.2692, 39.5794 ], [ -79.2548, 39.5884 ], [ -79.232, 39.5895 ], [ -79.2211, 39.5579 ], [ -79.2424, 39.529 ], [ -79.2302, 39.5052 ], [ -79.2482, 39.4923 ], [ -79.2362, 39.4599 ], [ -79.2712, 39.4482 ], [ -79.2909, 39.4349 ], [ -79.3122, 39.441 ], [ -79.3354, 39.4381 ], [ -79.3303, 39.4623 ] ] ] } },
{ "type": "Feature", "properties": { "GEOIDFQ": "1400000US24023000602", "NAME": "6.02", "NAMELSAD": "Census Tract 6.02" }, "geometry": { "type": "Polygon", "coordinates": [ [ [ -79.4787, 39.5561 ], [ -79.4632, 39.5515 ], [ -79.4525, 39.5544 ], [ -79.4441, 39.5651 ], [ -79.3928, 39.5753 ], [ -79.3904, 39.5682 ], [ -79.3704, 39.5592 ], [ -79.41, 39.5285 ], [ -79.4015, 39.5233 ], [ -79.4085, 39.5058 ], [ -79.3911, 39.4906 ], [ -79.4091, 39.4577 ], [ -79.4095, 39.4371 ], [ -79.4182, 39.4395 ], [ -79.4116, 39.4304 ], [ -79.4318, 39.4212 ], [ -79.4394, 39.4065 ], [ -79.4516, 39.4025 ], [ -79.4481, 39.3975 ], [ -79.4609, 39.3939 ], [ -79.4626, 39.3878 ], [ -79.4839, 39.383 ], [ -79.4787, 39.5561 ] ] ] } },
{ "type": "Feature", "properties": { "GEOIDFQ": "1400000US24023000601", "NAME": "6.01", "NAMELSAD": "Census Tract 6.01" }, "geometry": { "type": "Polygon", "coordinates": [ [ [ -79.4839, 39.3827 ], [ -79.4626, 39.3878 ], [ -79.4609, 39.3939 ], [ -79.4481, 39.3975 ], [ -79.4516, 39.4025 ], [ -79.4394, 39.4065 ], [ -79.4318, 39.4212 ], [ -79.4124, 39.4289 ], [ -79.4184, 39.4387 ], [ -79.4095, 39.4371 ], [ -79.4091, 39.4577 ], [ -79.3912, 39.4901 ], [ -79.3939, 39.4962 ], [ -79.369, 39.494 ], [ -79.3639, 39.4885 ], [ -79.3664, 39.4623 ], [ -79.3362, 39.4471 ], [ -79.3354, 39.4381 ], [ -79.3965, 39.4131 ], [ -79.3912, 39.4032 ], [ -79.4201, 39.363 ], [ -79.4579, 39.3301 ], [ -79.4512, 39.3116 ], [ -79.4871, 39.2755 ], [ -79.4839, 39.3827 ] ] ] } },
{ "type": "Feature", "properties": { "GEOIDFQ": "1400000US24023000502", "NAME": "5.02", "NAMELSAD": "Census Tract 5.02" }, "geometry": { "type": "Polygon", "coordinates": [ [ [ -79.3703, 39.562 ], [ -79.3624, 39.5614 ], [ -79.3709, 39.5742 ], [ -79.3538, 39.592 ], [ -79.338, 39.5963 ], [ -79.3131, 39.5803 ], [ -79.3062, 39.5802 ], [ -79.3019, 39.5906 ], [ -79.2771, 39.5807 ], [ -79.2847, 39.57 ], [ -79.2936, 39.5687 ], [ -79.2956, 39.5529 ], [ -79.3122, 39.5465 ], [ -79.3244, 39.5202 ], [ -79.304, 39.4982 ], [ -79.2953, 39.4743 ], [ -79.3035, 39.4628 ], [ -79.3303, 39.4623 ], [ -79.3362, 39.4471 ], [ -79.3664, 39.4623 ], [ -79.3666, 39.4932 ], [ -79.3939, 39.4962 ], [ -79.4081, 39.5053 ], [ -79.4015, 39.5233 ], [ -79.4099, 39.5285 ], [ -79.3703, 39.562 ] ] ] } },
{ "type": "Feature", "properties": { "GEOIDFQ": "1400000US24015031201", "NAME": "312.01", "NAMELSAD": "Census Tract 312.01" }, "geometry": { "type": "Polygon", "coordinates": [ [ [ -76.1585, 39.6602 ], [ -76.1477, 39.6617 ], [ -76.1401, 39.6552 ], [ -76.1092, 39.6525 ], [ -76.0859, 39.6334 ], [ -76.0377, 39.6339 ], [ -76.0435, 39.6302 ], [ -76.0302, 39.6061 ], [ -76.0766, 39.5867 ], [ -76.1061, 39.5805 ], [ -76.136, 39.6141 ], [ -76.1475, 39.6194 ], [ -76.1636, 39.6513 ], [ -76.1585, 39.6602 ] ] ] } },
{ "type": "Feature", "properties": { "GEOIDFQ": "1400000US24031700820", "NAME": "7008.20", "NAMELSAD": "Census Tract 7008.20" }, "geometry": { "type": "Polygon", "coordinates": [ [ [ -77.2379, 39.1483 ], [ -77.2238, 39.1437 ], [ -77.2285, 39.1408 ], [ -77.2401, 39.1399 ], [ -77.2379, 39.1483 ] ] ] } },
{ "type": "Feature", "properties": { "GEOIDFQ": "1400000US24031701218", "NAME": "7012.18", "NAMELSAD": "Census Tract 7012.18" }, "geometry": { "type": "Polygon", "coordinates": [ [ [ -77.1173, 39.0595 ], [ -77.1103, 39.0534 ], [ -77.1262, 39.0527 ], [ -77.1264, 39.0585 ], [ -77.1173, 39.0595 ] ] ] } },
{ "type": "Feature", "properties": { "GEOIDFQ": "1400000US24039930101", "NAME": "9301.01", "NAMELSAD": "Census Tract 9301.01" }, "geometry": { "type": "Polygon", "coordinates": [ [ [ -75.6441, 38.2893 ], [ -75.6334, 38.2891 ], [ -75.6128, 38.2786 ], [ -75.6058, 38.2491 ], [ -75.5527, 38.1877 ], [ -75.6133, 38.1938 ], [ -75.6195, 38.187 ], [ -75.6126, 38.1759 ], [ -75.6556, 38.156 ], [ -75.6551, 38.1479 ], [ -75.6631, 38.144 ], [ -75.659, 38.1369 ], [ -75.6871, 38.1597 ], [ -75.7007, 38.2099 ], [ -75.6441, 38.2893 ] ] ] } },
{ "type": "Feature", "properties": { "GEOIDFQ": "1400000US24039930500", "NAME": "9305", "NAMELSAD": "Census Tract 9305" }, "geometry": { "type": "Polygon", "coordinates": [ [ [ -75.8985, 37.9588 ], [ -75.8585, 37.9572 ], [ -75.8437, 37.9727 ], [ -75.8338, 37.975 ], [ -75.8307, 37.9856 ], [ -75.8228, 37.9837 ], [ -75.8239, 37.9907 ], [ -75.8561, 37.9948 ], [ -75.8406, 38.0257 ], [ -75.8509, 38.0517 ], [ -75.7952, 38.0602 ], [ -75.771, 38.096 ], [ -75.7624, 38.0881 ], [ -75.7467, 38.0879 ], [ -75.7449, 38.0759 ], [ -75.7104, 38.0744 ], [ -75.6859, 38.0648 ], [ -75.6663, 38.0824 ], [ -75.6493, 38.0777 ], [ -75.6592, 38.0344 ], [ -75.6459, 38.0206 ], [ -75.635, 38.0213 ], [ -75.6289, 38.0074 ], [ -75.6195, 38.0055 ], [ -75.6338, 37.9845 ], [ -75.6288, 37.9768 ], [ -75.6382, 37.9794 ], [ -75.6482, 37.9668 ], [ -75.6477, 37.947 ], [ -75.7046, 37.9547 ], [ -75.7616, 37.9414 ], [ -75.8012, 37.9122 ], [ -75.8959, 37.9105 ], [ -75.8985, 37.9588 ] ] ] } },
{ "type": "Feature", "properties": { "GEOIDFQ": "1400000US24039930600", "NAME": "9306", "NAMELSAD": "Census Tract 9306" }, "geometry": { "type": "Polygon", "coordinates": [ [ [ -75.8789, 38.0132 ], [ -75.8779, 38.05 ], [ -75.8509, 38.0517 ], [ -75.8406, 38.0257 ], [ -75.8561, 37.9948 ], [ -75.8239, 37.9907 ], [ -75.8228, 37.9837 ], [ -75.8307, 37.9856 ], [ -75.8471, 37.9644 ], [ -75.8696, 37.9551 ], [ -75.8985, 37.9588 ], [ -75.9029, 37.9765 ], [ -75.8789, 38.0132 ] ] ] } },
{ "type": "Feature", "properties": { "GEOIDFQ": "1400000US24039930102", "NAME": "9301.02", "NAMELSAD": "Census Tract 9301.02" }, "geometry": { "type": "Polygon", "coordinates": [ [ [ -75.861, 38.2409 ], [ -75.8351, 38.2545 ], [ -75.8039, 38.254 ], [ -75.796, 38.266 ], [ -75.774, 38.2717 ], [ -75.7687, 38.2852 ], [ -75.7529, 38.2851 ], [ -75.7518, 38.2807 ], [ -75.749, 38.2847 ], [ -75.7416, 38.2792 ], [ -75.7345, 38.283 ], [ -75.7192, 38.266 ], [ -75.6994, 38.2649 ], [ -75.6824, 38.2928 ], [ -75.6631, 38.2989 ], [ -75.6441, 38.2893 ], [ -75.6977, 38.2204 ], [ -75.691, 38.1642 ], [ -75.7114, 38.1641 ], [ -75.7162, 38.1575 ], [ -75.7403, 38.1752 ], [ -75.7527, 38.1562 ], [ -75.7774, 38.1565 ], [ -75.7799, 38.1616 ], [ -75.7792, 38.1635 ], [ -75.762, 38.1879 ], [ -75.78, 38.1963 ], [ -75.7793, 38.2009 ], [ -75.8226, 38.2088 ], [ -75.8203, 38.2126 ], [ -75.8295, 38.2165 ], [ -75.8242, 38.2217 ], [ -75.8723, 38.2222 ], [ -75.861, 38.2409 ] ] ] } },
{ "type": "Feature", "properties": { "GEOIDFQ": "1400000US24003731201", "NAME": "7312.01", "NAMELSAD": "Census Tract 7312.01" }, "geometry": { "type": "Polygon", "coordinates": [ [ [ -76.5295, 39.0872 ], [ -76.5096, 39.0763 ], [ -76.5192, 39.0564 ], [ -76.5279, 39.0578 ], [ -76.5495, 39.0867 ], [ -76.5295, 39.0872 ] ] ] } },
{ "type": "Feature", "properties": { "GEOIDFQ": "1400000US24003731306", "NAME": "7313.06", "NAMELSAD": "Census Tract 7313.06" }, "geometry": { "type": "Polygon", "coordinates": [ [ [ -76.5112, 39.1524 ], [ -76.4781, 39.1716 ], [ -76.4285, 39.1443 ], [ -76.4433, 39.1266 ], [ -76.4836, 39.1247 ], [ -76.5235, 39.1386 ], [ -76.5112, 39.1524 ] ] ] } },
{ "type": "Feature", "properties": { "GEOIDFQ": "1400000US24003731308", "NAME": "7313.08", "NAMELSAD": "Census Tract 7313.08" }, "geometry": { "type": "Polygon", "coordinates": [ [ [ -76.5129, 39.1741 ], [ -76.4942, 39.1636 ], [ -76.5004, 39.1571 ], [ -76.5162, 39.1572 ], [ -76.5248, 39.163 ], [ -76.5129, 39.1741 ] ] ] } },
{ "type": "Feature", "properties": { "GEOIDFQ": "1400000US24025301204", "NAME": "3012.04", "NAMELSAD": "Census Tract 3012.04" }, "geometry": { "type": "Polygon", "coordinates": [ [ [ -76.3273, 39.4783 ], [ -76.3102, 39.457 ], [ -76.3211, 39.4513 ], [ -76.3375, 39.4695 ], [ -76.3273, 39.4783 ] ] ] } },
{ "type": "Feature", "properties": { "GEOIDFQ": "1400000US24025301205", "NAME": "3012.05", "NAMELSAD": "Census Tract 3012.05" }, "geometry": { "type": "Polygon", "coordinates": [ [ [ -76.3101, 39.4778 ], [ -76.3123, 39.4649 ], [ -76.3196, 39.4658 ], [ -76.3273, 39.4783 ], [ -76.3101, 39.4778 ] ] ] } },
{ "type": "Feature", "properties": { "GEOIDFQ": "1400000US24003731309", "NAME": "7313.09", "NAMELSAD": "Census Tract 7313.09" }, "geometry": { "type": "Polygon", "coordinates": [ [ [ -76.5248, 39.163 ], [ -76.5162, 39.1572 ], [ -76.5004, 39.1571 ], [ -76.5235, 39.1386 ], [ -76.532, 39.1563 ], [ -76.5248, 39.163 ] ] ] } },
{ "type": "Feature", "properties": { "GEOIDFQ": "1400000US24015030100", "NAME": "301", "NAMELSAD": "Census Tract 301" }, "geometry": { "type": "Polygon", "coordinates": [ [ [ -76.0572, 39.4202 ], [ -76.0261, 39.4269 ], [ -75.939, 39.4847 ], [ -75.8893, 39.4774 ], [ -75.8602, 39.4538 ], [ -75.8217, 39.4412 ], [ -75.782, 39.438 ], [ -75.7721, 39.4456 ], [ -75.7666, 39.3776 ], [ -75.7842, 39.3825 ], [ -75.8062, 39.3752 ], [ -75.8188, 39.3823 ], [ -75.8455, 39.3677 ], [ -75.8684, 39.3677 ], [ -75.8859, 39.3608 ], [ -75.9279, 39.3715 ], [ -75.9423, 39.3678 ], [ -75.957, 39.3746 ], [ -75.9811, 39.3666 ], [ -75.9951, 39.3761 ], [ -76.0485, 39.3805 ], [ -76.0799, 39.4055 ], [ -76.0572, 39.4202 ] ] ] } },
{ "type": "Feature", "properties": { "GEOIDFQ": "1400000US24015030501", "NAME": "305.01", "NAMELSAD": "Census Tract 305.01" }, "geometry": { "type": "Polygon", "coordinates": [ [ [ -75.9323, 39.6611 ], [ -75.9194, 39.6678 ], [ -75.8727, 39.6806 ], [ -75.8762, 39.6904 ], [ -75.8669, 39.6924 ], [ -75.8532, 39.6633 ], [ -75.8394, 39.6667 ], [ -75.8222, 39.6573 ], [ -75.8199, 39.6479 ], [ -75.8225, 39.6428 ], [ -75.8437, 39.6466 ], [ -75.9061, 39.6413 ], [ -75.9325, 39.6438 ], [ -75.9389, 39.6494 ], [ -75.9323, 39.6611 ] ] ] } },
{ "type": "Feature", "properties": { "GEOIDFQ": "1400000US24015030903", "NAME": "309.03", "NAMELSAD": "Census Tract 309.03" }, "geometry": { "type": "Polygon", "coordinates": [ [ [ -75.9321, 39.6123 ], [ -75.8608, 39.6075 ], [ -75.86, 39.6025 ], [ -75.894, 39.5589 ], [ -75.9139, 39.5623 ], [ -75.9139, 39.5759 ], [ -75.9332, 39.5873 ], [ -75.9488, 39.5855 ], [ -75.9448, 39.5927 ], [ -75.9543, 39.6062 ], [ -75.9321, 39.6123 ] ] ] } },
{ "type": "Feature", "properties": { "GEOIDFQ": "1400000US24015030601", "NAME": "306.01", "NAMELSAD": "Census Tract 306.01" }, "geometry": { "type": "Polygon", "coordinates": [ [ [ -75.8214, 39.7221 ], [ -75.8141, 39.6998 ], [ -75.8137, 39.6563 ], [ -75.8394, 39.6667 ], [ -75.8532, 39.6633 ], [ -75.8669, 39.6924 ], [ -75.8762, 39.6904 ], [ -75.8766, 39.6784 ], [ -75.9052, 39.6726 ], [ -75.9258, 39.6881 ], [ -75.9371, 39.7219 ], [ -75.8214, 39.7221 ] ] ] } },
{ "type": "Feature", "properties": { "GEOIDFQ": "1400000US24015030602", "NAME": "306.02", "NAMELSAD": "Census Tract 306.02" }, "geometry": { "type": "Polygon", "coordinates": [ [ [ -75.8214, 39.7221 ], [ -75.7886, 39.7222 ], [ -75.7892, 39.654 ], [ -75.8137, 39.6563 ], [ -75.8141, 39.6998 ], [ -75.8214, 39.7221 ] ] ] } },
{ "type": "Feature", "properties": { "GEOIDFQ": "1400000US24015030200", "NAME": "302", "NAMELSAD": "Census Tract 302" }, "geometry": { "type": "Polygon", "coordinates": [ [ [ -75.9142, 39.5106 ], [ -75.8889, 39.5127 ], [ -75.8768, 39.5367 ], [ -75.8484, 39.5658 ], [ -75.829, 39.5656 ], [ -75.8221, 39.5715 ], [ -75.8108, 39.5659 ], [ -75.7824, 39.5723 ], [ -75.7721, 39.4456 ], [ -75.7797, 39.4387 ], [ -75.8278, 39.4431 ], [ -75.8633, 39.4555 ], [ -75.8893, 39.4774 ], [ -75.9373, 39.486 ], [ -75.9142, 39.5106 ] ] ] } },
{ "type": "Feature", "properties": { "GEOIDFQ": "1400000US24015030400", "NAME": "304", "NAMELSAD": "Census Tract 304" }, "geometry": { "type": "Polygon", "coordinates": [ [ [ -75.8435, 39.6167 ], [ -75.8286, 39.6214 ], [ -75.8148, 39.6108 ], [ -75.8262, 39.6029 ], [ -75.832, 39.6056 ], [ -75.8399, 39.5932 ], [ -75.8446, 39.6012 ], [ -75.8507, 39.5971 ], [ -75.8435, 39.6167 ] ] ] } },
{ "type": "Feature", "properties": { "GEOIDFQ": "1400000US24021775400", "NAME": "7754", "NAMELSAD": "Census Tract 7754" }, "geometry": { "type": "Polygon", "coordinates": [ [ [ -77.6251, 39.3268 ], [ -77.6117, 39.3174 ], [ -77.5908, 39.3132 ], [ -77.583, 39.3035 ], [ -77.6159, 39.3025 ], [ -77.6313, 39.308 ], [ -77.6251, 39.3268 ] ] ] } },
{ "type": "Feature", "properties": { "GEOIDFQ": "1400000US24015030904", "NAME": "309.04", "NAMELSAD": "Census Tract 309.04" }, "geometry": { "type": "Polygon", "coordinates": [ [ [ -76.0418, 39.4405 ], [ -76.0358, 39.4657 ], [ -76.042, 39.4942 ], [ -76.0571, 39.5176 ], [ -75.9923, 39.5317 ], [ -75.9788, 39.5583 ], [ -75.9528, 39.587 ], [ -75.9332, 39.5873 ], [ -75.9141, 39.5761 ], [ -75.9136, 39.5621 ], [ -75.894, 39.5589 ], [ -75.8852, 39.5688 ], [ -75.869, 39.5721 ], [ -75.852, 39.5626 ], [ -75.8768, 39.5367 ], [ -75.8889, 39.5127 ], [ -75.9142, 39.5106 ], [ -75.9373, 39.486 ], [ -75.9941, 39.4459 ], [ -76.0261, 39.4269 ], [ -76.0552, 39.4218 ], [ -76.0418, 39.4405 ] ] ] } },
{ "type": "Feature", "properties": { "GEOIDFQ": "1400000US24015030700", "NAME": "307", "NAMELSAD": "Census Tract 307" }, "geometry": { "type": "Polygon", "coordinates": [ [ [ -76.0175, 39.6907 ], [ -76.0126, 39.6989 ], [ -76.0112, 39.7038 ], [ -76.0251, 39.7026 ], [ -76.0277, 39.7217 ], [ -75.9371, 39.7219 ], [ -75.9258, 39.6881 ], [ -75.9052, 39.6726 ], [ -75.9534, 39.6514 ], [ -75.9587, 39.6408 ], [ -75.9777, 39.6549 ], [ -76.0147, 39.6636 ], [ -76.0391, 39.688 ], [ -76.0175, 39.6907 ] ] ] } },
{ "type": "Feature", "properties": { "GEOIDFQ": "1400000US24015031202", "NAME": "312.02", "NAMELSAD": "Census Tract 312.02" }, "geometry": { "type": "Polygon", "coordinates": [ [ [ -76.0766, 39.5867 ], [ -76.0334, 39.6055 ], [ -76.027, 39.6003 ], [ -76.0332, 39.5629 ], [ -76.0645, 39.5272 ], [ -76.1061, 39.5805 ], [ -76.0766, 39.5867 ] ] ] } },
{ "type": "Feature", "properties": { "GEOIDFQ": "1400000US24021766800", "NAME": "7668", "NAMELSAD": "Census Tract 7668" }, "geometry": { "type": "Polygon", "coordinates": [ [ [ -77.3661, 39.705 ], [ -77.3543, 39.7037 ], [ -77.3695, 39.7199 ], [ -77.293, 39.7199 ], [ -77.297, 39.6997 ], [ -77.2841, 39.6949 ], [ -77.2851, 39.6744 ], [ -77.3009, 39.6716 ], [ -77.3204, 39.6832 ], [ -77.3346, 39.6779 ], [ -77.3381, 39.6609 ], [ -77.3562, 39.6765 ], [ -77.3831, 39.6668 ], [ -77.3956, 39.6705 ], [ -77.4088, 39.685 ], [ -77.3661, 39.705 ] ] ] } },
{ "type": "Feature", "properties": { "GEOIDFQ": "1400000US24021772200", "NAME": "7722", "NAMELSAD": "Census Tract 7722" }, "geometry": { "type": "Polygon", "coordinates": [ [ [ -77.4112, 39.4128 ], [ -77.4035, 39.413 ], [ -77.379, 39.4335 ], [ -77.3778, 39.4244 ], [ -77.3676, 39.4292 ], [ -77.3631, 39.4249 ], [ -77.3665, 39.3986 ], [ -77.3863, 39.4045 ], [ -77.4093, 39.3999 ], [ -77.4112, 39.4128 ] ] ] } },
{ "type": "Feature", "properties": { "GEOIDFQ": "1400000US24033800707", "NAME": "8007.07", "NAMELSAD": "Census Tract 8007.07" }, "geometry": { "type": "Polygon", "coordinates": [ [ [ -76.8152, 38.8112 ], [ -76.7687, 38.8111 ], [ -76.7614, 38.7977 ], [ -76.8025, 38.7827 ], [ -76.8241, 38.8044 ], [ -76.8401, 38.8106 ], [ -76.8411, 38.8023 ], [ -76.8488, 38.8053 ], [ -76.8499, 38.8194 ], [ -76.8152, 38.8112 ] ] ] } },
{ "type": "Feature", "properties": { "GEOIDFQ": "1400000US24027605504", "NAME": "6055.04", "NAMELSAD": "Census Tract 6055.04" }, "geometry": { "type": "Polygon", "coordinates": [ [ [ -76.9417, 39.2079 ], [ -76.8961, 39.1847 ], [ -76.9004, 39.1817 ], [ -76.9084, 39.1898 ], [ -76.9205, 39.1874 ], [ -76.934, 39.1926 ], [ -76.9417, 39.2079 ] ] ] } },
{ "type": "Feature", "properties": { "GEOIDFQ": "1400000US24510120202", "NAME": "1202.02", "NAMELSAD": "Census Tract 1202.02" }, "geometry": { "type": "Polygon", "coordinates": [ [ [ -76.624, 39.3365 ], [ -76.6132, 39.3234 ], [ -76.625, 39.3257 ], [ -76.624, 39.3365 ] ] ] } },
{ "type": "Feature", "properties": { "GEOIDFQ": "1400000US24510272005", "NAME": "2720.05", "NAMELSAD": "Census Tract 2720.05" }, "geometry": { "type": "Polygon", "coordinates": [ [ [ -76.7029, 39.3721 ], [ -76.6924, 39.372 ], [ -76.6998, 39.3624 ], [ -76.7113, 39.3719 ], [ -76.7029, 39.3721 ] ] ] } },
{ "type": "Feature", "properties": { "GEOIDFQ": "1400000US24510120201", "NAME": "1202.01", "NAMELSAD": "Census Tract 1202.01" }, "geometry": { "type": "Polygon", "coordinates": [ [ [ -76.6095, 39.331 ], [ -76.6095, 39.3234 ], [ -76.6132, 39.3234 ], [ -76.6159, 39.3318 ], [ -76.6095, 39.331 ] ] ] } },
{ "type": "Feature", "properties": { "GEOIDFQ": "1400000US24510272004", "NAME": "2720.04", "NAMELSAD": "Census Tract 2720.04" }, "geometry": { "type": "Polygon", "coordinates": [ [ [ -76.6924, 39.372 ], [ -76.6823, 39.3722 ], [ -76.6853, 39.3654 ], [ -76.6972, 39.365 ], [ -76.6924, 39.372 ] ] ] } },
{ "type": "Feature", "properties": { "GEOIDFQ": "1400000US24005403602", "NAME": "4036.02", "NAMELSAD": "Census Tract 4036.02" }, "geometry": { "type": "Polygon", "coordinates": [ [ [ -76.6726, 39.3839 ], [ -76.659, 39.3855 ], [ -76.6514, 39.3799 ], [ -76.6527, 39.3721 ], [ -76.6782, 39.3741 ], [ -76.6726, 39.3839 ] ] ] } },
{ "type": "Feature", "properties": { "GEOIDFQ": "1400000US24005404202", "NAME": "4042.02", "NAMELSAD": "Census Tract 4042.02" }, "geometry": { "type": "Polygon", "coordinates": [ [ [ -76.7672, 39.4472 ], [ -76.7682, 39.4416 ], [ -76.7539, 39.4396 ], [ -76.7518, 39.434 ], [ -76.7659, 39.4306 ], [ -76.7613, 39.4219 ], [ -76.7721, 39.4138 ], [ -76.7976, 39.4338 ], [ -76.7672, 39.4472 ] ] ] } },
{ "type": "Feature", "properties": { "GEOIDFQ": "1400000US24005404501", "NAME": "4045.01", "NAMELSAD": "Census Tract 4045.01" }, "geometry": { "type": "Polygon", "coordinates": [ [ [ -76.8084, 39.4663 ], [ -76.7976, 39.4524 ], [ -76.8139, 39.4468 ], [ -76.8282, 39.4624 ], [ -76.8084, 39.4663 ] ] ] } },
{ "type": "Feature", "properties": { "GEOIDFQ": "1400000US24005404502", "NAME": "4045.02", "NAMELSAD": "Census Tract 4045.02" }, "geometry": { "type": "Polygon", "coordinates": [ [ [ -76.8102, 39.4499 ], [ -76.7976, 39.4524 ], [ -76.8018, 39.4415 ], [ -76.8143, 39.4472 ], [ -76.8102, 39.4499 ] ] ] } },
{ "type": "Feature", "properties": { "GEOIDFQ": "1400000US24005404201", "NAME": "4042.01", "NAMELSAD": "Census Tract 4042.01" }, "geometry": { "type": "Polygon", "coordinates": [ [ [ -76.7995, 39.4434 ], [ -76.798, 39.4553 ], [ -76.7841, 39.4464 ], [ -76.7976, 39.4337 ], [ -76.8063, 39.4407 ], [ -76.7995, 39.4434 ] ] ] } },
{ "type": "Feature", "properties": { "GEOIDFQ": "1400000US24041960800", "NAME": "9608", "NAMELSAD": "Census Tract 9608" }, "geometry": { "type": "Polygon", "coordinates": [ [ [ -76.382, 38.7862 ], [ -76.3296, 38.7811 ], [ -76.3066, 38.8278 ], [ -76.2914, 38.8333 ], [ -76.2638, 38.862 ], [ -76.2505, 38.8659 ], [ -76.2478, 38.8561 ], [ -76.2591, 38.8492 ], [ -76.2513, 38.8367 ], [ -76.2674, 38.8252 ], [ -76.2588, 38.8123 ], [ -76.2665, 38.807 ], [ -76.2768, 38.7754 ], [ -76.31, 38.7574 ], [ -76.3088, 38.7297 ], [ -76.327, 38.7061 ], [ -76.3167, 38.6911 ], [ -76.3166, 38.6782 ], [ -76.3345, 38.6666 ], [ -76.3453, 38.6694 ], [ -76.3519, 38.6892 ], [ -76.3446, 38.7252 ], [ -76.3845, 38.7373 ], [ -76.3959, 38.7732 ], [ -76.382, 38.7862 ] ] ] } },
{ "type": "Feature", "properties": { "GEOIDFQ": "1400000US24033800213", "NAME": "8002.13", "NAMELSAD": "Census Tract 8002.13" }, "geometry": { "type": "Polygon", "coordinates": [ [ [ -76.8579, 39.0911 ], [ -76.8508, 39.0972 ], [ -76.8474, 39.0953 ], [ -76.8656, 39.0755 ], [ -76.8652, 39.0829 ], [ -76.8767, 39.0892 ], [ -76.8579, 39.0911 ] ] ] } },
{ "type": "Feature", "properties": { "GEOIDFQ": "1400000US24033800410", "NAME": "8004.10", "NAMELSAD": "Census Tract 8004.10" }, "geometry": { "type": "Polygon", "coordinates": [ [ [ -76.7921, 39.0003 ], [ -76.7951, 39.0081 ], [ -76.7819, 39.0107 ], [ -76.7843, 39.0316 ], [ -76.7711, 39.0258 ], [ -76.7575, 39.0377 ], [ -76.7477, 39.0336 ], [ -76.7445, 39.0171 ], [ -76.7403, 39.0128 ], [ -76.7377, 39.0124 ], [ -76.7364, 39.0109 ], [ -76.7603, 39.0059 ], [ -76.7799, 38.9911 ], [ -76.8007, 38.9955 ], [ -76.7921, 39.0003 ] ] ] } },
{ "type": "Feature", "properties": { "GEOIDFQ": "1400000US24033800411", "NAME": "8004.11", "NAMELSAD": "Census Tract 8004.11" }, "geometry": { "type": "Polygon", "coordinates": [ [ [ -76.8523, 39.0333 ], [ -76.8303, 39.0325 ], [ -76.8187, 39.0383 ], [ -76.8209, 39.0532 ], [ -76.8136, 39.0613 ], [ -76.8042, 39.0626 ], [ -76.7924, 39.046 ], [ -76.7749, 39.0449 ], [ -76.7613, 39.0354 ], [ -76.7702, 39.0259 ], [ -76.7843, 39.0316 ], [ -76.7819, 39.0107 ], [ -76.7951, 39.0081 ], [ -76.7921, 39.0003 ], [ -76.8163, 38.9873 ], [ -76.8429, 38.9921 ], [ -76.8499, 39.0164 ], [ -76.8585, 39.0199 ], [ -76.8523, 39.0333 ] ] ] } },
{ "type": "Feature", "properties": { "GEOIDFQ": "1400000US24033800518", "NAME": "8005.18", "NAMELSAD": "Census Tract 8005.18" }, "geometry": { "type": "Polygon", "coordinates": [ [ [ -76.7985, 38.9443 ], [ -76.7508, 38.9506 ], [ -76.7391, 38.9137 ], [ -76.7443, 38.9168 ], [ -76.7538, 38.9108 ], [ -76.7608, 38.9252 ], [ -76.779, 38.9274 ], [ -76.8034, 38.9211 ], [ -76.8069, 38.928 ], [ -76.7985, 38.9443 ] ] ] } },
{ "type": "Feature", "properties": { "GEOIDFQ": "1400000US24033800608", "NAME": "8006.08", "NAMELSAD": "Census Tract 8006.08" }, "geometry": { "type": "Polygon", "coordinates": [ [ [ -76.766, 38.8682 ], [ -76.7693, 38.8779 ], [ -76.7485, 38.8738 ], [ -76.7252, 38.8595 ], [ -76.7384, 38.8138 ], [ -76.7503, 38.8613 ], [ -76.7709, 38.8565 ], [ -76.7763, 38.8656 ], [ -76.766, 38.8682 ] ] ] } },
{ "type": "Feature", "properties": { "GEOIDFQ": "1400000US24033800607", "NAME": "8006.07", "NAMELSAD": "Census Tract 8006.07" }, "geometry": { "type": "Polygon", "coordinates": [ [ [ -76.8028, 38.8761 ], [ -76.7709, 38.8776 ], [ -76.7658, 38.8684 ], [ -76.7763, 38.8656 ], [ -76.7709, 38.8565 ], [ -76.7503, 38.8613 ], [ -76.744, 38.8208 ], [ -76.7671, 38.8381 ], [ -76.8018, 38.852 ], [ -76.8121, 38.871 ], [ -76.8028, 38.8761 ] ] ] } },
{ "type": "Feature", "properties": { "GEOIDFQ": "1400000US24033800517", "NAME": "8005.17", "NAMELSAD": "Census Tract 8005.17" }, "geometry": { "type": "Polygon", "coordinates": [ [ [ -76.7793, 38.9273 ], [ -76.7608, 38.9252 ], [ -76.7538, 38.9108 ], [ -76.7407, 38.9164 ], [ -76.736, 38.901 ], [ -76.7927, 38.9003 ], [ -76.804, 38.9184 ], [ -76.7793, 38.9273 ] ] ] } },
{ "type": "Feature", "properties": { "GEOIDFQ": "1400000US24033803520", "NAME": "8035.20", "NAMELSAD": "Census Tract 8035.20" }, "geometry": { "type": "Polygon", "coordinates": [ [ [ -76.7985, 38.9443 ], [ -76.8069, 38.9283 ], [ -76.8034, 38.9211 ], [ -76.8194, 38.9206 ], [ -76.8235, 38.9287 ], [ -76.838, 38.9345 ], [ -76.8332, 38.9359 ], [ -76.8399, 38.945 ], [ -76.7985, 38.9443 ] ] ] } },
{ "type": "Feature", "properties": { "GEOIDFQ": "1400000US24033800705", "NAME": "8007.05", "NAMELSAD": "Census Tract 8007.05" }, "geometry": { "type": "Polygon", "coordinates": [ [ [ -76.8077, 38.7613 ], [ -76.7755, 38.7665 ], [ -76.7688, 38.7781 ], [ -76.7552, 38.765 ], [ -76.7776, 38.744 ], [ -76.8038, 38.7478 ], [ -76.8106, 38.7543 ], [ -76.8077, 38.7613 ] ] ] } },
{ "type": "Feature", "properties": { "GEOIDFQ": "1400000US24033801004", "NAME": "8010.04", "NAMELSAD": "Census Tract 8010.04" }, "geometry": { "type": "Polygon", "coordinates": [ [ [ -76.9008, 38.728 ], [ -76.8612, 38.7352 ], [ -76.8465, 38.7462 ], [ -76.8328, 38.7444 ], [ -76.8258, 38.7354 ], [ -76.8104, 38.7567 ], [ -76.8038, 38.7478 ], [ -76.8103, 38.7423 ], [ -76.7946, 38.7198 ], [ -76.8172, 38.7067 ], [ -76.835, 38.7082 ], [ -76.8376, 38.7132 ], [ -76.8477, 38.697 ], [ -76.8647, 38.6959 ], [ -76.8938, 38.7073 ], [ -76.9099, 38.7034 ], [ -76.9391, 38.7094 ], [ -76.9008, 38.728 ] ] ] } },
{ "type": "Feature", "properties": { "GEOIDFQ": "1400000US24015030908", "NAME": "309.08", "NAMELSAD": "Census Tract 309.08" }, "geometry": { "type": "Polygon", "coordinates": [ [ [ -76.025, 39.5941 ], [ -76.0302, 39.6061 ], [ -75.9325, 39.6438 ], [ -75.9295, 39.6368 ], [ -75.8936, 39.6219 ], [ -75.9083, 39.6107 ], [ -75.9392, 39.6117 ], [ -76.0108, 39.5851 ], [ -76.0319, 39.5825 ], [ -76.025, 39.5941 ] ] ] } },
{ "type": "Feature", "properties": { "GEOIDFQ": "1400000US24033801214", "NAME": "8012.14", "NAMELSAD": "Census Tract 8012.14" }, "geometry": { "type": "Polygon", "coordinates": [ [ [ -76.8646, 38.7823 ], [ -76.8516, 38.8068 ], [ -76.8363, 38.7941 ], [ -76.8461, 38.7836 ], [ -76.8848, 38.7683 ], [ -76.8903, 38.7836 ], [ -76.8646, 38.7823 ] ] ] } },
{ "type": "Feature", "properties": { "GEOIDFQ": "1400000US24033801006", "NAME": "8010.06", "NAMELSAD": "Census Tract 8010.06" }, "geometry": { "type": "Polygon", "coordinates": [ [ [ -76.8299, 38.7698 ], [ -76.8302, 38.7734 ], [ -76.8104, 38.7567 ], [ -76.8166, 38.746 ], [ -76.8324, 38.7542 ], [ -76.8299, 38.7698 ] ] ] } },
{ "type": "Feature", "properties": { "GEOIDFQ": "1400000US24025303204", "NAME": "3032.04", "NAMELSAD": "Census Tract 3032.04" }, "geometry": { "type": "Polygon", "coordinates": [ [ [ -76.3865, 39.576 ], [ -76.3703, 39.5581 ], [ -76.3766, 39.5534 ], [ -76.3984, 39.5593 ], [ -76.401, 39.5755 ], [ -76.3865, 39.576 ] ] ] } },
{ "type": "Feature", "properties": { "GEOIDFQ": "1400000US24003750201", "NAME": "7502.01", "NAMELSAD": "Census Tract 7502.01" }, "geometry": { "type": "Polygon", "coordinates": [ [ [ -76.6414, 39.2256 ], [ -76.6325, 39.2236 ], [ -76.6244, 39.2294 ], [ -76.6251, 39.2085 ], [ -76.6315, 39.2027 ], [ -76.6417, 39.2063 ], [ -76.6414, 39.2256 ] ] ] } },
{ "type": "Feature", "properties": { "GEOIDFQ": "1400000US24003750101", "NAME": "7501.01", "NAMELSAD": "Census Tract 7501.01" }, "geometry": { "type": "Polygon", "coordinates": [ [ [ -76.6132, 39.2298 ], [ -76.6117, 39.2344 ], [ -76.5979, 39.2213 ], [ -76.6143, 39.2181 ], [ -76.6132, 39.2298 ] ] ] } },
{ "type": "Feature", "properties": { "GEOIDFQ": "1400000US24003750102", "NAME": "7501.02", "NAMELSAD": "Census Tract 7501.02" }, "geometry": { "type": "Polygon", "coordinates": [ [ [ -76.6186, 39.2374 ], [ -76.6117, 39.2344 ], [ -76.6249, 39.2244 ], [ -76.6186, 39.2374 ] ] ] } },
{ "type": "Feature", "properties": { "GEOIDFQ": "1400000US24015030505", "NAME": "305.05", "NAMELSAD": "Census Tract 305.05" }, "geometry": { "type": "Polygon", "coordinates": [ [ [ -75.8337, 39.6021 ], [ -75.8149, 39.5984 ], [ -75.7851, 39.6064 ], [ -75.7847, 39.5714 ], [ -75.8108, 39.5659 ], [ -75.8224, 39.5715 ], [ -75.829, 39.5656 ], [ -75.8487, 39.5652 ], [ -75.8414, 39.58 ], [ -75.8558, 39.5843 ], [ -75.8337, 39.6021 ] ] ] } },
{ "type": "Feature", "properties": { "GEOIDFQ": "1400000US24015031302", "NAME": "313.02", "NAMELSAD": "Census Tract 313.02" }, "geometry": { "type": "Polygon", "coordinates": [ [ [ -76.1351, 39.6736 ], [ -76.1337, 39.6863 ], [ -76.1246, 39.6936 ], [ -76.131, 39.6976 ], [ -76.1099, 39.6987 ], [ -76.124, 39.7212 ], [ -76.0277, 39.7217 ], [ -76.0251, 39.7026 ], [ -76.0112, 39.7038 ], [ -76.0174, 39.6908 ], [ -76.0391, 39.688 ], [ -76.0328, 39.6792 ], [ -76.123, 39.6708 ], [ -76.1471, 39.6618 ], [ -76.1484, 39.6687 ], [ -76.1351, 39.6736 ] ] ] } },
{ "type": "Feature", "properties": { "GEOIDFQ": "1400000US24015031301", "NAME": "313.01", "NAMELSAD": "Census Tract 313.01" }, "geometry": { "type": "Polygon", "coordinates": [ [ [ -76.123, 39.6708 ], [ -76.0328, 39.6792 ], [ -76.015, 39.6639 ], [ -76.0397, 39.6494 ], [ -76.0358, 39.6423 ], [ -76.0439, 39.6382 ], [ -76.0393, 39.6337 ], [ -76.0859, 39.6334 ], [ -76.1092, 39.6525 ], [ -76.1401, 39.6552 ], [ -76.1476, 39.6619 ], [ -76.123, 39.6708 ] ] ] } },
{ "type": "Feature", "properties": { "GEOIDFQ": "1400000US24015030905", "NAME": "309.05", "NAMELSAD": "Census Tract 309.05" }, "geometry": { "type": "Polygon", "coordinates": [ [ [ -76.0358, 39.6423 ], [ -76.0397, 39.6494 ], [ -76.015, 39.6639 ], [ -75.9777, 39.6549 ], [ -75.9586, 39.6408 ], [ -75.9534, 39.6514 ], [ -75.9314, 39.659 ], [ -75.9389, 39.6494 ], [ -75.9325, 39.6438 ], [ -76.0302, 39.6061 ], [ -76.0439, 39.6382 ], [ -76.0358, 39.6423 ] ] ] } },
{ "type": "Feature", "properties": { "GEOIDFQ": "1400000US24003730800", "NAME": "7308", "NAMELSAD": "Census Tract 7308" }, "geometry": { "type": "Polygon", "coordinates": [ [ [ -76.5279, 39.0578 ], [ -76.4909, 39.0142 ], [ -76.5037, 39.0064 ], [ -76.5453, 39.0405 ], [ -76.5279, 39.0578 ] ] ] } },
{ "type": "Feature", "properties": { "GEOIDFQ": "1400000US24003730901", "NAME": "7309.01", "NAMELSAD": "Census Tract 7309.01" }, "geometry": { "type": "Polygon", "coordinates": [ [ [ -76.4816, 39.0186 ], [ -76.464, 39.0111 ], [ -76.4462, 38.9913 ], [ -76.4486, 38.9735 ], [ -76.4597, 38.9793 ], [ -76.4698, 38.9776 ], [ -76.5032, 39.0069 ], [ -76.4816, 39.0186 ] ] ] } },
{ "type": "Feature", "properties": { "GEOIDFQ": "1400000US24033800203", "NAME": "8002.03", "NAMELSAD": "Census Tract 8002.03" }, "geometry": { "type": "Polygon", "coordinates": [ [ [ -76.9074, 39.1062 ], [ -76.9073, 39.1179 ], [ -76.8857, 39.1313 ], [ -76.8736, 39.1154 ], [ -76.889, 39.1037 ], [ -76.8947, 39.0885 ], [ -76.9087, 39.08 ], [ -76.9193, 39.0807 ], [ -76.921, 39.0755 ], [ -76.9287, 39.0767 ], [ -76.9074, 39.1062 ] ] ] } },
{ "type": "Feature", "properties": { "GEOIDFQ": "1400000US24033800209", "NAME": "8002.09", "NAMELSAD": "Census Tract 8002.09" }, "geometry": { "type": "Polygon", "coordinates": [ [ [ -76.8539, 39.0838 ], [ -76.8469, 39.0952 ], [ -76.8482, 39.0804 ], [ -76.8604, 39.0789 ], [ -76.8539, 39.0838 ] ] ] } },
{ "type": "Feature", "properties": { "GEOIDFQ": "1400000US24033800210", "NAME": "8002.10", "NAMELSAD": "Census Tract 8002.10" }, "geometry": { "type": "Polygon", "coordinates": [ [ [ -76.8565, 39.0808 ], [ -76.8482, 39.0804 ], [ -76.8479, 39.0737 ], [ -76.8653, 39.0757 ], [ -76.8565, 39.0808 ] ] ] } },
{ "type": "Feature", "properties": { "GEOIDFQ": "1400000US24510160100", "NAME": "1601", "NAMELSAD": "Census Tract 1601" }, "geometry": { "type": "Polygon", "coordinates": [ [ [ -76.6368, 39.3034 ], [ -76.6319, 39.2945 ], [ -76.6385, 39.2942 ], [ -76.6368, 39.3034 ] ] ] } },
{ "type": "Feature", "properties": { "GEOIDFQ": "1400000US24510130200", "NAME": "1302", "NAMELSAD": "Census Tract 1302" }, "geometry": { "type": "Polygon", "coordinates": [ [ [ -76.6279, 39.3147 ], [ -76.6233, 39.3108 ], [ -76.6339, 39.3103 ], [ -76.6361, 39.3136 ], [ -76.6279, 39.3147 ] ] ] } },
{ "type": "Feature", "properties": { "GEOIDFQ": "1400000US24510130400", "NAME": "1304", "NAMELSAD": "Census Tract 1304" }, "geometry": { "type": "Polygon", "coordinates": [ [ [ -76.6449, 39.3309 ], [ -76.6294, 39.3171 ], [ -76.6463, 39.3132 ], [ -76.6575, 39.3255 ], [ -76.6449, 39.3309 ] ] ] } },
{ "type": "Feature", "properties": { "GEOIDFQ": "1400000US24510130600", "NAME": "1306", "NAMELSAD": "Census Tract 1306" }, "geometry": { "type": "Polygon", "coordinates": [ [ [ -76.6259, 39.3312 ], [ -76.6299, 39.3182 ], [ -76.6343, 39.3247 ], [ -76.6354, 39.3326 ], [ -76.6259, 39.3312 ] ] ] } },
{ "type": "Feature", "properties": { "GEOIDFQ": "1400000US24510130700", "NAME": "1307", "NAMELSAD": "Census Tract 1307" }, "geometry": { "type": "Polygon", "coordinates": [ [ [ -76.624, 39.3365 ], [ -76.6246, 39.3317 ], [ -76.6354, 39.3326 ], [ -76.6403, 39.3434 ], [ -76.624, 39.3365 ] ] ] } },
{ "type": "Feature", "properties": { "GEOIDFQ": "1400000US24510130803", "NAME": "1308.03", "NAMELSAD": "Census Tract 1308.03" }, "geometry": { "type": "Polygon", "coordinates": [ [ [ -76.644, 39.3453 ], [ -76.6374, 39.3376 ], [ -76.6446, 39.3348 ], [ -76.644, 39.3453 ] ] ] } },
{ "type": "Feature", "properties": { "GEOIDFQ": "1400000US24510130804", "NAME": "1308.04", "NAMELSAD": "Census Tract 1308.04" }, "geometry": { "type": "Polygon", "coordinates": [ [ [ -76.6374, 39.3376 ], [ -76.6343, 39.3247 ], [ -76.6403, 39.327 ], [ -76.6445, 39.3348 ], [ -76.6374, 39.3376 ] ] ] } },
{ "type": "Feature", "properties": { "GEOIDFQ": "1400000US24510130805", "NAME": "1308.05", "NAMELSAD": "Census Tract 1308.05" }, "geometry": { "type": "Polygon", "coordinates": [ [ [ -76.6506, 39.3605 ], [ -76.6464, 39.3501 ], [ -76.6582, 39.3409 ], [ -76.6604, 39.3552 ], [ -76.6506, 39.3605 ] ] ] } },
{ "type": "Feature", "properties": { "GEOIDFQ": "1400000US24015030907", "NAME": "309.07", "NAMELSAD": "Census Tract 309.07" }, "geometry": { "type": "Polygon", "coordinates": [ [ [ -76.0332, 39.5629 ], [ -76.0312, 39.5809 ], [ -75.9529, 39.6055 ], [ -75.9446, 39.5902 ], [ -75.9788, 39.5583 ], [ -75.9905, 39.533 ], [ -76.0571, 39.5176 ], [ -76.0645, 39.5272 ], [ -76.0332, 39.5629 ] ] ] } },
{ "type": "Feature", "properties": { "GEOIDFQ": "1400000US24015030508", "NAME": "305.08", "NAMELSAD": "Census Tract 305.08" }, "geometry": { "type": "Polygon", "coordinates": [ [ [ -75.8262, 39.6029 ], [ -75.8163, 39.6122 ], [ -75.7923, 39.6197 ], [ -75.7895, 39.6056 ], [ -75.8159, 39.5983 ], [ -75.8339, 39.6029 ], [ -75.8262, 39.6029 ] ] ] } },
{ "type": "Feature", "properties": { "GEOIDFQ": "1400000US24047950600", "NAME": "9506", "NAMELSAD": "Census Tract 9506" }, "geometry": { "type": "Polygon", "coordinates": [ [ [ -75.1448, 38.4049 ], [ -75.1163, 38.39 ], [ -75.1707, 38.3805 ], [ -75.1771, 38.3838 ], [ -75.1448, 38.4049 ] ] ] } },
{ "type": "Feature", "properties": { "GEOIDFQ": "1400000US24015030507", "NAME": "305.07", "NAMELSAD": "Census Tract 305.07" }, "geometry": { "type": "Polygon", "coordinates": [ [ [ -75.7969, 39.6402 ], [ -75.7878, 39.639 ], [ -75.7851, 39.6064 ], [ -75.7923, 39.6197 ], [ -75.8163, 39.6122 ], [ -75.8242, 39.6177 ], [ -75.7969, 39.6402 ] ] ] } },
{ "type": "Feature", "properties": { "GEOIDFQ": "1400000US24021751902", "NAME": "7519.02", "NAMELSAD": "Census Tract 7519.02" }, "geometry": { "type": "Polygon", "coordinates": [ [ [ -77.3657, 39.4076 ], [ -77.3524, 39.408 ], [ -77.3465, 39.4172 ], [ -77.3125, 39.4105 ], [ -77.3253, 39.3922 ], [ -77.3665, 39.3986 ], [ -77.3657, 39.4076 ] ] ] } },
{ "type": "Feature", "properties": { "GEOIDFQ": "1400000US24021751903", "NAME": "7519.03", "NAMELSAD": "Census Tract 7519.03" }, "geometry": { "type": "Polygon", "coordinates": [ [ [ -77.2982, 39.3858 ], [ -77.2048, 39.3704 ], [ -77.1671, 39.3586 ], [ -77.2175, 39.3314 ], [ -77.2454, 39.3534 ], [ -77.2694, 39.3603 ], [ -77.2722, 39.3726 ], [ -77.2972, 39.3713 ], [ -77.3089, 39.3604 ], [ -77.323, 39.3608 ], [ -77.2982, 39.3858 ] ] ] } },
{ "type": "Feature", "properties": { "GEOIDFQ": "1400000US24031700819", "NAME": "7008.19", "NAMELSAD": "Census Tract 7008.19" }, "geometry": { "type": "Polygon", "coordinates": [ [ [ -77.247, 39.1752 ], [ -77.2327, 39.1608 ], [ -77.258, 39.1619 ], [ -77.2611, 39.1733 ], [ -77.247, 39.1752 ] ] ] } },
{ "type": "Feature", "properties": { "GEOIDFQ": "1400000US24005402403", "NAME": "4024.03", "NAMELSAD": "Census Tract 4024.03" }, "geometry": { "type": "Polygon", "coordinates": [ [ [ -76.7273, 39.3426 ], [ -76.711, 39.3363 ], [ -76.7128, 39.325 ], [ -76.7283, 39.3271 ], [ -76.7273, 39.3426 ] ] ] } },
{ "type": "Feature", "properties": { "GEOIDFQ": "1400000US24005408601", "NAME": "4086.01", "NAMELSAD": "Census Tract 4086.01" }, "geometry": { "type": "Polygon", "coordinates": [ [ [ -76.607, 39.4464 ], [ -76.6047, 39.4321 ], [ -76.6215, 39.4301 ], [ -76.6264, 39.4409 ], [ -76.607, 39.4464 ] ] ] } },
{ "type": "Feature", "properties": { "GEOIDFQ": "1400000US24005408602", "NAME": "4086.02", "NAMELSAD": "Census Tract 4086.02" }, "geometry": { "type": "Polygon", "coordinates": [ [ [ -76.6047, 39.4321 ], [ -76.5966, 39.4259 ], [ -76.6166, 39.4205 ], [ -76.6215, 39.4301 ], [ -76.6047, 39.4321 ] ] ] } },
{ "type": "Feature", "properties": { "GEOIDFQ": "1400000US24005408702", "NAME": "4087.02", "NAMELSAD": "Census Tract 4087.02" }, "geometry": { "type": "Polygon", "coordinates": [ [ [ -76.6479, 39.421 ], [ -76.6293, 39.417 ], [ -76.6444, 39.4092 ], [ -76.6609, 39.4144 ], [ -76.6479, 39.421 ] ] ] } },
{ "type": "Feature", "properties": { "GEOIDFQ": "1400000US24027601204", "NAME": "6012.04", "NAMELSAD": "Census Tract 6012.04" }, "geometry": { "type": "Polygon", "coordinates": [ [ [ -76.7389, 39.2118 ], [ -76.7433, 39.2089 ], [ -76.737, 39.2003 ], [ -76.7202, 39.1869 ], [ -76.7403, 39.1791 ], [ -76.7665, 39.1975 ], [ -76.7389, 39.2118 ] ] ] } },
{ "type": "Feature", "properties": { "GEOIDFQ": "1400000US24027605104", "NAME": "6051.04", "NAMELSAD": "Census Tract 6051.04" }, "geometry": { "type": "Polygon", "coordinates": [ [ [ -77.0099, 39.2599 ], [ -76.9808, 39.2646 ], [ -76.9103, 39.2443 ], [ -76.899, 39.2334 ], [ -76.9161, 39.2303 ], [ -76.9417, 39.2079 ], [ -76.9669, 39.22 ], [ -76.9868, 39.2394 ], [ -77.0114, 39.2075 ], [ -77.0323, 39.2203 ], [ -77.0404, 39.2347 ], [ -77.0099, 39.2599 ] ] ] } },
{ "type": "Feature", "properties": { "GEOIDFQ": "1400000US24027605505", "NAME": "6055.05", "NAMELSAD": "Census Tract 6055.05" }, "geometry": { "type": "Polygon", "coordinates": [ [ [ -76.917, 39.2294 ], [ -76.9048, 39.2143 ], [ -76.9084, 39.2047 ], [ -76.8976, 39.1952 ], [ -76.8961, 39.1847 ], [ -76.9413, 39.2083 ], [ -76.917, 39.2294 ] ] ] } },
{ "type": "Feature", "properties": { "GEOIDFQ": "1400000US24021770700", "NAME": "7707", "NAMELSAD": "Census Tract 7707" }, "geometry": { "type": "Polygon", "coordinates": [ [ [ -77.6144, 39.4916 ], [ -77.6199, 39.4969 ], [ -77.612, 39.5005 ], [ -77.5727, 39.4724 ], [ -77.5747, 39.4797 ], [ -77.5652, 39.4798 ], [ -77.577, 39.4864 ], [ -77.5578, 39.4912 ], [ -77.5632, 39.4964 ], [ -77.5518, 39.5023 ], [ -77.5628, 39.5062 ], [ -77.5478, 39.5178 ], [ -77.5438, 39.5108 ], [ -77.534, 39.5099 ], [ -77.5108, 39.5253 ], [ -77.5012, 39.5489 ], [ -77.4964, 39.5217 ], [ -77.5006, 39.4898 ], [ -77.4893, 39.4603 ], [ -77.4952, 39.4537 ], [ -77.5253, 39.4604 ], [ -77.5399, 39.4528 ], [ -77.5422, 39.4605 ], [ -77.5517, 39.4625 ], [ -77.5644, 39.4476 ], [ -77.5561, 39.428 ], [ -77.5784, 39.4172 ], [ -77.6036, 39.4295 ], [ -77.5951, 39.4522 ], [ -77.6219, 39.4824 ], [ -77.6144, 39.4916 ] ] ] } },
{ "type": "Feature", "properties": { "GEOIDFQ": "1400000US24021775600", "NAME": "7756", "NAMELSAD": "Census Tract 7756" }, "geometry": { "type": "Polygon", "coordinates": [ [ [ -77.3777, 39.434 ], [ -77.3467, 39.4347 ], [ -77.2886, 39.4307 ], [ -77.2819, 39.4268 ], [ -77.2894, 39.4269 ], [ -77.2882, 39.4204 ], [ -77.2988, 39.4207 ], [ -77.3053, 39.4086 ], [ -77.3161, 39.4147 ], [ -77.3465, 39.4172 ], [ -77.3524, 39.408 ], [ -77.3651, 39.4075 ], [ -77.3631, 39.4249 ], [ -77.3676, 39.4292 ], [ -77.3794, 39.4275 ], [ -77.3777, 39.434 ] ] ] } },
{ "type": "Feature", "properties": { "GEOIDFQ": "1400000US24015031400", "NAME": "314", "NAMELSAD": "Census Tract 314" }, "geometry": { "type": "Polygon", "coordinates": [ [ [ -76.124, 39.7212 ], [ -76.1097, 39.6991 ], [ -76.1311, 39.6975 ], [ -76.1246, 39.6936 ], [ -76.1337, 39.6863 ], [ -76.1352, 39.6736 ], [ -76.1479, 39.6695 ], [ -76.1479, 39.6615 ], [ -76.1585, 39.6602 ], [ -76.1636, 39.6513 ], [ -76.2127, 39.6864 ], [ -76.2333, 39.7214 ], [ -76.124, 39.7212 ] ] ] } },
{ "type": "Feature", "properties": { "GEOIDFQ": "1400000US24015030503", "NAME": "305.03", "NAMELSAD": "Census Tract 305.03" }, "geometry": { "type": "Polygon", "coordinates": [ [ [ -75.8674, 39.6418 ], [ -75.8426, 39.6466 ], [ -75.8225, 39.6428 ], [ -75.8222, 39.6573 ], [ -75.7889, 39.6543 ], [ -75.7878, 39.639 ], [ -75.7969, 39.6402 ], [ -75.8242, 39.6177 ], [ -75.8286, 39.6214 ], [ -75.8497, 39.6117 ], [ -75.8509, 39.5975 ], [ -75.8446, 39.6012 ], [ -75.8411, 39.5943 ], [ -75.8543, 39.5898 ], [ -75.8558, 39.5832 ], [ -75.8409, 39.5785 ], [ -75.852, 39.5626 ], [ -75.8687, 39.5721 ], [ -75.8852, 39.5688 ], [ -75.8648, 39.5913 ], [ -75.8608, 39.6075 ], [ -75.9085, 39.6107 ], [ -75.8936, 39.6219 ], [ -75.9295, 39.6368 ], [ -75.9325, 39.6438 ], [ -75.8674, 39.6418 ] ] ] } },
{ "type": "Feature", "properties": { "GEOIDFQ": "1400000US24033803508", "NAME": "8035.08", "NAMELSAD": "Census Tract 8035.08" }, "geometry": { "type": "Polygon", "coordinates": [ [ [ -76.864, 38.9345 ], [ -76.855, 38.9331 ], [ -76.8518, 38.9172 ], [ -76.8743, 38.9264 ], [ -76.864, 38.9345 ] ] ] } },
{ "type": "Feature", "properties": { "GEOIDFQ": "1400000US24033803509", "NAME": "8035.09", "NAMELSAD": "Census Tract 8035.09" }, "geometry": { "type": "Polygon", "coordinates": [ [ [ -76.8808, 38.9434 ], [ -76.8853, 38.9369 ], [ -76.8676, 38.9322 ], [ -76.8743, 38.9263 ], [ -76.8976, 38.9305 ], [ -76.8808, 38.9434 ] ] ] } },
{ "type": "Feature", "properties": { "GEOIDFQ": "1400000US24033803512", "NAME": "8035.12", "NAMELSAD": "Census Tract 8035.12" }, "geometry": { "type": "Polygon", "coordinates": [ [ [ -76.8393, 38.8948 ], [ -76.8284, 38.879 ], [ -76.8036, 38.8745 ], [ -76.83, 38.8665 ], [ -76.8447, 38.8689 ], [ -76.8473, 38.8922 ], [ -76.8393, 38.8948 ] ] ] } },
{ "type": "Feature", "properties": { "GEOIDFQ": "1400000US24033803513", "NAME": "8035.13", "NAMELSAD": "Census Tract 8035.13" }, "geometry": { "type": "Polygon", "coordinates": [ [ [ -76.832, 38.8983 ], [ -76.811, 38.8791 ], [ -76.8284, 38.879 ], [ -76.8393, 38.8948 ], [ -76.832, 38.8983 ] ] ] } },
{ "type": "Feature", "properties": { "GEOIDFQ": "1400000US24033803514", "NAME": "8035.14", "NAMELSAD": "Census Tract 8035.14" }, "geometry": { "type": "Polygon", "coordinates": [ [ [ -76.8388, 38.9126 ], [ -76.8321, 38.9166 ], [ -76.8227, 38.8991 ], [ -76.8473, 38.8922 ], [ -76.8518, 38.9172 ], [ -76.8388, 38.9126 ] ] ] } },
{ "type": "Feature", "properties": { "GEOIDFQ": "1400000US24005403402", "NAME": "4034.02", "NAMELSAD": "Census Tract 4034.02" }, "geometry": { "type": "Polygon", "coordinates": [ [ [ -76.7225, 39.3899 ], [ -76.7113, 39.3719 ], [ -76.7112, 39.3544 ], [ -76.7195, 39.3576 ], [ -76.7274, 39.3682 ], [ -76.7202, 39.3715 ], [ -76.734, 39.3848 ], [ -76.7225, 39.3899 ] ] ] } },
{ "type": "Feature", "properties": { "GEOIDFQ": "1400000US24005403401", "NAME": "4034.01", "NAMELSAD": "Census Tract 4034.01" }, "geometry": { "type": "Polygon", "coordinates": [ [ [ -76.7341, 39.3848 ], [ -76.7202, 39.3715 ], [ -76.7274, 39.3682 ], [ -76.7446, 39.3771 ], [ -76.7341, 39.3848 ] ] ] } },
{ "type": "Feature", "properties": { "GEOIDFQ": "1400000US24005411302", "NAME": "4113.02", "NAMELSAD": "Census Tract 4113.02" }, "geometry": { "type": "Polygon", "coordinates": [ [ [ -76.4097, 39.4157 ], [ -76.3914, 39.4112 ], [ -76.3865, 39.4002 ], [ -76.3614, 39.4005 ], [ -76.3558, 39.3888 ], [ -76.371, 39.3791 ], [ -76.4126, 39.3856 ], [ -76.4359, 39.3647 ], [ -76.4542, 39.3745 ], [ -76.4097, 39.4157 ] ] ] } },
{ "type": "Feature", "properties": { "GEOIDFQ": "1400000US24005402201", "NAME": "4022.01", "NAMELSAD": "Census Tract 4022.01" }, "geometry": { "type": "Polygon", "coordinates": [ [ [ -76.8943, 39.4398 ], [ -76.8861, 39.4405 ], [ -76.8705, 39.4311 ], [ -76.8424, 39.4259 ], [ -76.8232, 39.3812 ], [ -76.8419, 39.3686 ], [ -76.8377, 39.344 ], [ -76.8512, 39.3432 ], [ -76.8701, 39.3316 ], [ -76.8784, 39.3363 ], [ -76.8823, 39.3502 ], [ -76.8734, 39.3571 ], [ -76.8807, 39.3605 ], [ -76.8794, 39.3661 ], [ -76.885, 39.3652 ], [ -76.8915, 39.3813 ], [ -76.8847, 39.3884 ], [ -76.8734, 39.3888 ], [ -76.8855, 39.3976 ], [ -76.8789, 39.4039 ], [ -76.8844, 39.4046 ], [ -76.8814, 39.4174 ], [ -76.8745, 39.4191 ], [ -76.8956, 39.4293 ], [ -76.8943, 39.4398 ] ] ] } },
{ "type": "Feature", "properties": { "GEOIDFQ": "1400000US24005411404", "NAME": "4114.04", "NAMELSAD": "Census Tract 4114.04" }, "geometry": { "type": "Polygon", "coordinates": [ [ [ -76.5067, 39.4195 ], [ -76.5008, 39.4214 ], [ -76.4986, 39.3956 ], [ -76.5233, 39.3948 ], [ -76.5067, 39.4195 ] ] ] } },
{ "type": "Feature", "properties": { "GEOIDFQ": "1400000US24005403202", "NAME": "4032.02", "NAMELSAD": "Census Tract 4032.02" }, "geometry": { "type": "Polygon", "coordinates": [ [ [ -76.7202, 39.3495 ], [ -76.7114, 39.3495 ], [ -76.711, 39.3363 ], [ -76.7257, 39.3421 ], [ -76.7202, 39.3495 ] ] ] } },
{ "type": "Feature", "properties": { "GEOIDFQ": "1400000US24033805601", "NAME": "8056.01", "NAMELSAD": "Census Tract 8056.01" }, "geometry": { "type": "Polygon", "coordinates": [ [ [ -76.9818, 38.9954 ], [ -76.984, 38.9887 ], [ -76.9775, 38.9853 ], [ -76.9806, 38.9847 ], [ -76.9907, 38.993 ], [ -76.9818, 38.9954 ] ] ] } },
{ "type": "Feature", "properties": { "GEOIDFQ": "1400000US24033805602", "NAME": "8056.02", "NAMELSAD": "Census Tract 8056.02" }, "geometry": { "type": "Polygon", "coordinates": [ [ [ -76.9791, 38.9919 ], [ -76.9765, 38.9858 ], [ -76.9837, 38.9883 ], [ -76.9791, 38.9919 ] ] ] } },
{ "type": "Feature", "properties": { "GEOIDFQ": "1400000US24021753002", "NAME": "7530.02", "NAMELSAD": "Census Tract 7530.02" }, "geometry": { "type": "Polygon", "coordinates": [ [ [ -77.3996, 39.6516 ], [ -77.3865, 39.6499 ], [ -77.3938, 39.6408 ], [ -77.3652, 39.6302 ], [ -77.3649, 39.6233 ], [ -77.3822, 39.6144 ], [ -77.3965, 39.6155 ], [ -77.4116, 39.6237 ], [ -77.4142, 39.6437 ], [ -77.3996, 39.6516 ] ] ] } },
{ "type": "Feature", "properties": { "GEOIDFQ": "1400000US24021752001", "NAME": "7520.01", "NAMELSAD": "Census Tract 7520.01" }, "geometry": { "type": "Polygon", "coordinates": [ [ [ -77.2004, 39.3869 ], [ -77.1829, 39.3931 ], [ -77.179, 39.4 ], [ -77.1629, 39.3991 ], [ -77.1544, 39.3913 ], [ -77.1673, 39.3591 ], [ -77.2097, 39.3712 ], [ -77.2004, 39.3869 ] ] ] } },
{ "type": "Feature", "properties": { "GEOIDFQ": "1400000US24033805700", "NAME": "8057", "NAMELSAD": "Census Tract 8057" }, "geometry": { "type": "Polygon", "coordinates": [ [ [ -76.9836, 39.0023 ], [ -76.9683, 38.9898 ], [ -76.9783, 38.9836 ], [ -76.9814, 38.9951 ], [ -76.9907, 38.993 ], [ -76.9836, 39.0023 ] ] ] } },
{ "type": "Feature", "properties": { "GEOIDFQ": "1400000US24033805802", "NAME": "8058.02", "NAMELSAD": "Census Tract 8058.02" }, "geometry": { "type": "Polygon", "coordinates": [ [ [ -76.9786, 38.9787 ], [ -76.9715, 38.9842 ], [ -76.9707, 38.9633 ], [ -76.9786, 38.9787 ] ] ] } },
{ "type": "Feature", "properties": { "GEOIDFQ": "1400000US24033806000", "NAME": "8060", "NAMELSAD": "Census Tract 8060" }, "geometry": { "type": "Polygon", "coordinates": [ [ [ -76.9686, 38.9679 ], [ -76.9485, 38.9664 ], [ -76.9623, 38.9559 ], [ -76.9686, 38.9679 ] ] ] } },
{ "type": "Feature", "properties": { "GEOIDFQ": "1400000US24033800217", "NAME": "8002.17", "NAMELSAD": "Census Tract 8002.17" }, "geometry": { "type": "Polygon", "coordinates": [ [ [ -76.8517, 39.0549 ], [ -76.8432, 39.0701 ], [ -76.8386, 39.0587 ], [ -76.8503, 39.0371 ], [ -76.8535, 39.0469 ], [ -76.8617, 39.0497 ], [ -76.8517, 39.0549 ] ] ] } },
{ "type": "Feature", "properties": { "GEOIDFQ": "1400000US24033800218", "NAME": "8002.18", "NAMELSAD": "Census Tract 8002.18" }, "geometry": { "type": "Polygon", "coordinates": [ [ [ -76.8656, 39.0755 ], [ -76.8432, 39.0701 ], [ -76.8644, 39.0608 ], [ -76.8674, 39.0694 ], [ -76.8739, 39.07 ], [ -76.8656, 39.0755 ] ] ] } },
{ "type": "Feature", "properties": { "GEOIDFQ": "1400000US24033800216", "NAME": "8002.16", "NAMELSAD": "Census Tract 8002.16" }, "geometry": { "type": "Polygon", "coordinates": [ [ [ -76.8674, 39.0694 ], [ -76.8644, 39.0608 ], [ -76.8471, 39.0668 ], [ -76.8517, 39.0549 ], [ -76.885, 39.0621 ], [ -76.8674, 39.0694 ] ] ] } },
{ "type": "Feature", "properties": { "GEOIDFQ": "1400000US24033800522", "NAME": "8005.22", "NAMELSAD": "Census Tract 8005.22" }, "geometry": { "type": "Polygon", "coordinates": [ [ [ -76.7582, 38.902 ], [ -76.736, 38.901 ], [ -76.7478, 38.8717 ], [ -76.7597, 38.8752 ], [ -76.7582, 38.902 ] ] ] } },
{ "type": "Feature", "properties": { "GEOIDFQ": "1400000US24033801105", "NAME": "8011.05", "NAMELSAD": "Census Tract 8011.05" }, "geometry": { "type": "Polygon", "coordinates": [ [ [ -76.8983, 38.8083 ], [ -76.8781, 38.8263 ], [ -76.8812, 38.8065 ], [ -76.8985, 38.803 ], [ -76.8887, 38.7838 ], [ -76.8968, 38.7866 ], [ -76.9057, 38.8051 ], [ -76.8983, 38.8083 ] ] ] } },
{ "type": "Feature", "properties": { "GEOIDFQ": "1400000US24033807500", "NAME": "8075", "NAMELSAD": "Census Tract 8075" }, "geometry": { "type": "Polygon", "coordinates": [ [ [ -76.9475, 38.9533 ], [ -76.9485, 38.9664 ], [ -76.9341, 38.9516 ], [ -76.925, 38.9544 ], [ -76.9337, 38.9432 ], [ -76.9563, 38.9492 ], [ -76.9475, 38.9533 ] ] ] } },
{ "type": "Feature", "properties": { "GEOIDFQ": "1400000US24033801106", "NAME": "8011.06", "NAMELSAD": "Census Tract 8011.06" }, "geometry": { "type": "Polygon", "coordinates": [ [ [ -76.8957, 38.8068 ], [ -76.8812, 38.8065 ], [ -76.8781, 38.8263 ], [ -76.8724, 38.8288 ], [ -76.8568, 38.8297 ], [ -76.8491, 38.8205 ], [ -76.8518, 38.7981 ], [ -76.8646, 38.7823 ], [ -76.8887, 38.7838 ], [ -76.8957, 38.8068 ] ] ] } },
{ "type": "Feature", "properties": { "GEOIDFQ": "1400000US24033800609", "NAME": "8006.09", "NAMELSAD": "Census Tract 8006.09" }, "geometry": { "type": "Polygon", "coordinates": [ [ [ -76.7232, 38.8659 ], [ -76.7055, 38.8644 ], [ -76.6912, 38.8544 ], [ -76.6996, 38.8383 ], [ -76.697, 38.8188 ], [ -76.7122, 38.8109 ], [ -76.7384, 38.8139 ], [ -76.7232, 38.8659 ] ] ] } },
{ "type": "Feature", "properties": { "GEOIDFQ": "1400000US24033803528", "NAME": "8035.28", "NAMELSAD": "Census Tract 8035.28" }, "geometry": { "type": "Polygon", "coordinates": [ [ [ -76.8034, 38.9211 ], [ -76.793, 38.9009 ], [ -76.8227, 38.8991 ], [ -76.8321, 38.9166 ], [ -76.8034, 38.9211 ] ] ] } },
{ "type": "Feature", "properties": { "GEOIDFQ": "1400000US24033980000", "NAME": "9800", "NAMELSAD": "Census Tract 9800" }, "geometry": { "type": "Polygon", "coordinates": [ [ [ -76.9369, 39.0046 ], [ -76.9371, 38.9856 ], [ -76.9261, 38.9843 ], [ -76.9287, 38.9781 ], [ -76.9557, 38.9856 ], [ -76.9654, 39.0024 ], [ -76.9369, 39.0046 ] ] ] } },
{ "type": "Feature", "properties": { "GEOIDFQ": "1400000US24033803403", "NAME": "8034.03", "NAMELSAD": "Census Tract 8034.03" }, "geometry": { "type": "Polygon", "coordinates": [ [ [ -76.8743, 38.9263 ], [ -76.8602, 38.9182 ], [ -76.8612, 38.9146 ], [ -76.8921, 38.9096 ], [ -76.8743, 38.9263 ] ] ] } },
{ "type": "Feature", "properties": { "GEOIDFQ": "1400000US24033800521", "NAME": "8005.21", "NAMELSAD": "Census Tract 8005.21" }, "geometry": { "type": "Polygon", "coordinates": [ [ [ -76.793, 38.9009 ], [ -76.7582, 38.902 ], [ -76.7597, 38.8752 ], [ -76.7987, 38.8753 ], [ -76.8049, 38.8931 ], [ -76.793, 38.9009 ] ] ] } },
{ "type": "Feature", "properties": { "GEOIDFQ": "1400000US24033801709", "NAME": "8017.09", "NAMELSAD": "Census Tract 8017.09" }, "geometry": { "type": "Polygon", "coordinates": [ [ [ -76.964, 38.8172 ], [ -76.9676, 38.8279 ], [ -76.9509, 38.8279 ], [ -76.9488, 38.8173 ], [ -76.9705, 38.8088 ], [ -76.9883, 38.8203 ], [ -76.964, 38.8172 ] ] ] } },
{ "type": "Feature", "properties": { "GEOIDFQ": "1400000US24033801809", "NAME": "8018.09", "NAMELSAD": "Census Tract 8018.09" }, "geometry": { "type": "Polygon", "coordinates": [ [ [ -76.9561, 38.8524 ], [ -76.9484, 38.8421 ], [ -76.9576, 38.8345 ], [ -76.9666, 38.8436 ], [ -76.9561, 38.8524 ] ] ] } },
{ "type": "Feature", "properties": { "GEOIDFQ": "1400000US24027606601", "NAME": "6066.01", "NAMELSAD": "Census Tract 6066.01" }, "geometry": { "type": "Polygon", "coordinates": [ [ [ -76.8338, 39.2388 ], [ -76.8214, 39.2165 ], [ -76.8247, 39.2093 ], [ -76.846, 39.2258 ], [ -76.8338, 39.2388 ] ] ] } },
{ "type": "Feature", "properties": { "GEOIDFQ": "1400000US24027602306", "NAME": "6023.06", "NAMELSAD": "Census Tract 6023.06" }, "geometry": { "type": "Polygon", "coordinates": [ [ [ -76.8338, 39.2521 ], [ -76.8406, 39.2781 ], [ -76.821, 39.2776 ], [ -76.8223, 39.2543 ], [ -76.8374, 39.2398 ], [ -76.8473, 39.24 ], [ -76.8338, 39.2521 ] ] ] } },
{ "type": "Feature", "properties": { "GEOIDFQ": "1400000US24027606604", "NAME": "6066.04", "NAMELSAD": "Census Tract 6066.04" }, "geometry": { "type": "Polygon", "coordinates": [ [ [ -76.8316, 39.2079 ], [ -76.8346, 39.2147 ], [ -76.8198, 39.207 ], [ -76.8181, 39.1986 ], [ -76.8349, 39.1962 ], [ -76.8316, 39.2079 ] ] ] } },
{ "type": "Feature", "properties": { "GEOIDFQ": "1400000US24510271900", "NAME": "2719", "NAMELSAD": "Census Tract 2719" }, "geometry": { "type": "Polygon", "coordinates": [ [ [ -76.6731, 39.3642 ], [ -76.6714, 39.3623 ], [ -76.6708, 39.3565 ], [ -76.6901, 39.3476 ], [ -76.6954, 39.3513 ], [ -76.6731, 39.3642 ] ] ] } },
{ "type": "Feature", "properties": { "GEOIDFQ": "1400000US24005492401", "NAME": "4924.01", "NAMELSAD": "Census Tract 4924.01" }, "geometry": { "type": "Polygon", "coordinates": [ [ [ -76.8221, 39.3907 ], [ -76.8187, 39.3998 ], [ -76.8114, 39.3907 ], [ -76.8213, 39.3803 ], [ -76.83, 39.391 ], [ -76.8221, 39.3907 ] ] ] } },
{ "type": "Feature", "properties": { "GEOIDFQ": "1400000US24025303203", "NAME": "3032.03", "NAMELSAD": "Census Tract 3032.03" }, "geometry": { "type": "Polygon", "coordinates": [ [ [ -76.3571, 39.5708 ], [ -76.3674, 39.5551 ], [ -76.3761, 39.5668 ], [ -76.3865, 39.576 ], [ -76.3571, 39.5708 ] ] ] } },
{ "type": "Feature", "properties": { "GEOIDFQ": "1400000US24039990100", "NAME": "9901", "NAMELSAD": "Census Tract 9901" }, "geometry": { "type": "Polygon", "coordinates": [ [ [ -76.2047, 38.0584 ], [ -76.0786, 38.0609 ], [ -76.0631, 38.0933 ], [ -76.0356, 38.0728 ], [ -76.0134, 38.0683 ], [ -75.9997, 38.081 ], [ -76.0058, 38.1251 ], [ -75.9598, 38.1251 ], [ -75.9596, 38.1167 ], [ -75.9439, 38.108 ], [ -75.9326, 38.1101 ], [ -75.9276, 38.1209 ], [ -75.9074, 38.1209 ], [ -75.9012, 38.0496 ], [ -75.9087, 38.0453 ], [ -75.9028, 38.016 ], [ -75.8914, 38.0001 ], [ -75.9147, 37.9585 ], [ -75.9861, 37.9611 ], [ -75.9889, 37.9803 ], [ -75.9726, 37.9879 ], [ -75.9809, 38.0015 ], [ -75.9649, 38.0041 ], [ -75.9684, 38.0228 ], [ -75.9862, 38.0268 ], [ -76.0047, 38.0401 ], [ -76.035, 38.0384 ], [ -76.0498, 38.0294 ], [ -76.0549, 38.0173 ], [ -76.052, 37.9536 ], [ -76.2363, 37.8873 ], [ -76.2047, 38.0584 ] ] ] } },
{ "type": "Feature", "properties": { "GEOIDFQ": "1400000US24043000500", "NAME": "5", "NAMELSAD": "Census Tract 5" }, "geometry": { "type": "Polygon", "coordinates": [ [ [ -77.7126, 39.6517 ], [ -77.6888, 39.6515 ], [ -77.6933, 39.6423 ], [ -77.7203, 39.642 ], [ -77.7126, 39.6517 ] ] ] } },
{ "type": "Feature", "properties": { "GEOIDFQ": "1400000US24043000100", "NAME": "1", "NAMELSAD": "Census Tract 1" }, "geometry": { "type": "Polygon", "coordinates": [ [ [ -77.7046, 39.6623 ], [ -77.6886, 39.6578 ], [ -77.6888, 39.6515 ], [ -77.7125, 39.6517 ], [ -77.7046, 39.6623 ] ] ] } },
{ "type": "Feature", "properties": { "GEOIDFQ": "1400000US24043000601", "NAME": "6.01", "NAMELSAD": "Census Tract 6.01" }, "geometry": { "type": "Polygon", "coordinates": [ [ [ -77.7139, 39.6431 ], [ -77.6836, 39.6426 ], [ -77.6938, 39.6318 ], [ -77.7162, 39.6402 ], [ -77.7139, 39.6431 ] ] ] } },
{ "type": "Feature", "properties": { "GEOIDFQ": "1400000US24013505205", "NAME": "5052.05", "NAMELSAD": "Census Tract 5052.05" }, "geometry": { "type": "Polygon", "coordinates": [ [ [ -76.9318, 39.3931 ], [ -76.9324, 39.399 ], [ -76.9266, 39.3975 ], [ -76.9299, 39.3909 ], [ -76.9199, 39.3833 ], [ -76.9312, 39.3746 ], [ -76.9457, 39.384 ], [ -76.9318, 39.3931 ] ] ] } },
{ "type": "Feature", "properties": { "GEOIDFQ": "1400000US24005401504", "NAME": "4015.04", "NAMELSAD": "Census Tract 4015.04" }, "geometry": { "type": "Polygon", "coordinates": [ [ [ -76.7536, 39.3075 ], [ -76.7534, 39.2837 ], [ -76.7676, 39.2878 ], [ -76.7965, 39.305 ], [ -76.7536, 39.3075 ] ] ] } },
{ "type": "Feature", "properties": { "GEOIDFQ": "1400000US24005401505", "NAME": "4015.05", "NAMELSAD": "Census Tract 4015.05" }, "geometry": { "type": "Polygon", "coordinates": [ [ [ -76.744, 39.306 ], [ -76.7388, 39.2863 ], [ -76.7534, 39.2837 ], [ -76.7547, 39.3051 ], [ -76.744, 39.306 ] ] ] } },
{ "type": "Feature", "properties": { "GEOIDFQ": "1400000US24005402302", "NAME": "4023.02", "NAMELSAD": "Census Tract 4023.02" }, "geometry": { "type": "Polygon", "coordinates": [ [ [ -76.7787, 39.3614 ], [ -76.7656, 39.3564 ], [ -76.7628, 39.3415 ], [ -76.7949, 39.3564 ], [ -76.7787, 39.3614 ] ] ] } },
{ "type": "Feature", "properties": { "GEOIDFQ": "1400000US24005402303", "NAME": "4023.03", "NAMELSAD": "Census Tract 4023.03" }, "geometry": { "type": "Polygon", "coordinates": [ [ [ -76.7457, 39.3493 ], [ -76.7448, 39.3332 ], [ -76.7628, 39.3415 ], [ -76.7677, 39.3534 ], [ -76.7457, 39.3493 ] ] ] } },
{ "type": "Feature", "properties": { "GEOIDFQ": "1400000US24005408704", "NAME": "4087.04", "NAMELSAD": "Census Tract 4087.04" }, "geometry": { "type": "Polygon", "coordinates": [ [ [ -76.6617, 39.4359 ], [ -76.6341, 39.4381 ], [ -76.64, 39.42 ], [ -76.6609, 39.4144 ], [ -76.6721, 39.4263 ], [ -76.6617, 39.4359 ] ] ] } },
{ "type": "Feature", "properties": { "GEOIDFQ": "1400000US24021750507", "NAME": "7505.07", "NAMELSAD": "Census Tract 7505.07" }, "geometry": { "type": "Polygon", "coordinates": [ [ [ -77.4639, 39.4334 ], [ -77.4597, 39.4302 ], [ -77.4613, 39.4195 ], [ -77.4789, 39.4261 ], [ -77.4639, 39.4334 ] ] ] } },
{ "type": "Feature", "properties": { "GEOIDFQ": "1400000US24021750508", "NAME": "7505.08", "NAMELSAD": "Census Tract 7505.08" }, "geometry": { "type": "Polygon", "coordinates": [ [ [ -77.4597, 39.4302 ], [ -77.4487, 39.4304 ], [ -77.4509, 39.4182 ], [ -77.4613, 39.4195 ], [ -77.4597, 39.4302 ] ] ] } },
{ "type": "Feature", "properties": { "GEOIDFQ": "1400000US24021751905", "NAME": "7519.05", "NAMELSAD": "Census Tract 7519.05" }, "geometry": { "type": "Polygon", "coordinates": [ [ [ -77.2973, 39.4218 ], [ -77.2841, 39.4208 ], [ -77.2794, 39.4076 ], [ -77.2881, 39.4025 ], [ -77.296, 39.4093 ], [ -77.3055, 39.4026 ], [ -77.3084, 39.3877 ], [ -77.3264, 39.3934 ], [ -77.2973, 39.4218 ] ] ] } },
{ "type": "Feature", "properties": { "GEOIDFQ": "1400000US24021751906", "NAME": "7519.06", "NAMELSAD": "Census Tract 7519.06" }, "geometry": { "type": "Polygon", "coordinates": [ [ [ -77.3054, 39.4027 ], [ -77.2935, 39.4089 ], [ -77.2867, 39.3837 ], [ -77.3084, 39.388 ], [ -77.3054, 39.4027 ] ] ] } },
{ "type": "Feature", "properties": { "GEOIDFQ": "1400000US24021750805", "NAME": "7508.05", "NAMELSAD": "Census Tract 7508.05" }, "geometry": { "type": "Polygon", "coordinates": [ [ [ -77.3894, 39.447 ], [ -77.3702, 39.4525 ], [ -77.3628, 39.4485 ], [ -77.3697, 39.4419 ], [ -77.3932, 39.442 ], [ -77.3809, 39.43 ], [ -77.4033, 39.4292 ], [ -77.3894, 39.447 ] ] ] } },
{ "type": "Feature", "properties": { "GEOIDFQ": "1400000US24021750804", "NAME": "7508.04", "NAMELSAD": "Census Tract 7508.04" }, "geometry": { "type": "Polygon", "coordinates": [ [ [ -77.4034, 39.428 ], [ -77.3899, 39.4331 ], [ -77.3809, 39.43 ], [ -77.4049, 39.4175 ], [ -77.4034, 39.428 ] ] ] } },
{ "type": "Feature", "properties": { "GEOIDFQ": "1400000US24021752206", "NAME": "7522.06", "NAMELSAD": "Census Tract 7522.06" }, "geometry": { "type": "Polygon", "coordinates": [ [ [ -77.3872, 39.3716 ], [ -77.3523, 39.3547 ], [ -77.3444, 39.3274 ], [ -77.3305, 39.3147 ], [ -77.3339, 39.2959 ], [ -77.3554, 39.3227 ], [ -77.3836, 39.3402 ], [ -77.3996, 39.3642 ], [ -77.3872, 39.3716 ] ] ] } },
{ "type": "Feature", "properties": { "GEOIDFQ": "1400000US24021752205", "NAME": "7522.05", "NAMELSAD": "Census Tract 7522.05" }, "geometry": { "type": "Polygon", "coordinates": [ [ [ -77.3362, 39.3667 ], [ -77.3233, 39.3606 ], [ -77.3177, 39.3365 ], [ -77.3305, 39.3147 ], [ -77.3444, 39.3274 ], [ -77.334, 39.3336 ], [ -77.3355, 39.339 ], [ -77.3501, 39.3425 ], [ -77.3571, 39.3556 ], [ -77.3362, 39.3667 ] ] ] } },
{ "type": "Feature", "properties": { "GEOIDFQ": "1400000US24025302200", "NAME": "3022", "NAMELSAD": "Census Tract 3022" }, "geometry": { "type": "Polygon", "coordinates": [ [ [ -76.1986, 39.5784 ], [ -76.1379, 39.5713 ], [ -76.2068, 39.5133 ], [ -76.219, 39.5306 ], [ -76.2112, 39.5454 ], [ -76.2328, 39.5662 ], [ -76.1986, 39.5784 ] ] ] } },
{ "type": "Feature", "properties": { "GEOIDFQ": "1400000US24033807407", "NAME": "8074.07", "NAMELSAD": "Census Tract 8074.07" }, "geometry": { "type": "Polygon", "coordinates": [ [ [ -76.9287, 39.0767 ], [ -76.8972, 39.0854 ], [ -76.9309, 39.0507 ], [ -76.9377, 39.0471 ], [ -76.9367, 39.0512 ], [ -76.9465, 39.0525 ], [ -76.9287, 39.0767 ] ] ] } },
{ "type": "Feature", "properties": { "GEOIDFQ": "1400000US24033803700", "NAME": "8037", "NAMELSAD": "Census Tract 8037" }, "geometry": { "type": "Polygon", "coordinates": [ [ [ -76.8883, 38.9482 ], [ -76.8808, 38.9434 ], [ -76.8865, 38.9374 ], [ -76.8972, 38.9456 ], [ -76.8883, 38.9482 ] ] ] } },
{ "type": "Feature", "properties": { "GEOIDFQ": "1400000US24031700104", "NAME": "7001.04", "NAMELSAD": "Census Tract 7001.04" }, "geometry": { "type": "Polygon", "coordinates": [ [ [ -77.1729, 39.1903 ], [ -77.1619, 39.1949 ], [ -77.1523, 39.1919 ], [ -77.1836, 39.1852 ], [ -77.1995, 39.1977 ], [ -77.1729, 39.1903 ] ] ] } },
{ "type": "Feature", "properties": { "GEOIDFQ": "1400000US24031700720", "NAME": "7007.20", "NAMELSAD": "Census Tract 7007.20" }, "geometry": { "type": "Polygon", "coordinates": [ [ [ -77.1858, 39.1573 ], [ -77.1742, 39.1538 ], [ -77.1675, 39.1488 ], [ -77.1796, 39.1395 ], [ -77.1905, 39.1564 ], [ -77.1858, 39.1573 ] ] ] } },
{ "type": "Feature", "properties": { "GEOIDFQ": "1400000US24031700830", "NAME": "7008.30", "NAMELSAD": "Census Tract 7008.30" }, "geometry": { "type": "Polygon", "coordinates": [ [ [ -77.249, 39.193 ], [ -77.2443, 39.1954 ], [ -77.2386, 39.1811 ], [ -77.247, 39.1752 ], [ -77.2546, 39.1844 ], [ -77.249, 39.193 ] ] ] } },
{ "type": "Feature", "properties": { "GEOIDFQ": "1400000US24039930800", "NAME": "9308", "NAMELSAD": "Census Tract 9308" }, "geometry": { "type": "Polygon", "coordinates": [ [ [ -75.8619, 38.1056 ], [ -75.8746, 38.1179 ], [ -75.8421, 38.1353 ], [ -75.7904, 38.1375 ], [ -75.7902, 38.1459 ], [ -75.7764, 38.157 ], [ -75.7527, 38.1562 ], [ -75.7407, 38.1676 ], [ -75.7446, 38.174 ], [ -75.7291, 38.1709 ], [ -75.7158, 38.1575 ], [ -75.7114, 38.1641 ], [ -75.6888, 38.1654 ], [ -75.659, 38.1369 ], [ -75.6631, 38.144 ], [ -75.6551, 38.1479 ], [ -75.6556, 38.156 ], [ -75.6126, 38.1759 ], [ -75.6195, 38.187 ], [ -75.613, 38.1939 ], [ -75.551, 38.1875 ], [ -75.5465, 38.1804 ], [ -75.5494, 38.1632 ], [ -75.5696, 38.1537 ], [ -75.577, 38.1408 ], [ -75.5721, 38.1318 ], [ -75.552, 38.1208 ], [ -75.5482, 38.1082 ], [ -75.5399, 38.1081 ], [ -75.5461, 38.0979 ], [ -75.5409, 38.0895 ], [ -75.5533, 38.0848 ], [ -75.5695, 38.0871 ], [ -75.5715, 38.0751 ], [ -75.5812, 38.0683 ], [ -75.5996, 38.0694 ], [ -75.6065, 38.0755 ], [ -75.6175, 38.073 ], [ -75.6193, 38.0582 ], [ -75.6365, 38.0517 ], [ -75.638, 38.0448 ], [ -75.658, 38.0564 ], [ -75.6494, 38.0637 ], [ -75.6493, 38.0777 ], [ -75.6663, 38.0824 ], [ -75.6859, 38.0648 ], [ -75.7104, 38.0744 ], [ -75.7449, 38.0759 ], [ -75.7467, 38.0879 ], [ -75.7624, 38.0881 ], [ -75.771, 38.096 ], [ -75.7844, 38.0809 ], [ -75.7867, 38.0666 ], [ -75.8033, 38.0575 ], [ -75.8779, 38.05 ], [ -75.8837, 38.0761 ], [ -75.8619, 38.1056 ] ] ] } },
{ "type": "Feature", "properties": { "GEOIDFQ": "1400000US24005451402", "NAME": "4514.02", "NAMELSAD": "Census Tract 4514.02" }, "geometry": { "type": "Polygon", "coordinates": [ [ [ -76.4367, 39.3531 ], [ -76.435, 39.3413 ], [ -76.4093, 39.3415 ], [ -76.4389, 39.3327 ], [ -76.4483, 39.3404 ], [ -76.4367, 39.3531 ] ] ] } },
{ "type": "Feature", "properties": { "GEOIDFQ": "1400000US24005404403", "NAME": "4044.03", "NAMELSAD": "Census Tract 4044.03" }, "geometry": { "type": "Polygon", "coordinates": [ [ [ -76.824, 39.455 ], [ -76.8063, 39.4407 ], [ -76.8108, 39.4343 ], [ -76.8306, 39.4515 ], [ -76.824, 39.455 ] ] ] } },
{ "type": "Feature", "properties": { "GEOIDFQ": "1400000US24005451401", "NAME": "4514.01", "NAMELSAD": "Census Tract 4514.01" }, "geometry": { "type": "Polygon", "coordinates": [ [ [ -76.4428, 39.3518 ], [ -76.4406, 39.3436 ], [ -76.4483, 39.3404 ], [ -76.4504, 39.3483 ], [ -76.4428, 39.3518 ] ] ] } },
{ "type": "Feature", "properties": { "GEOIDFQ": "1400000US24005492300", "NAME": "4923", "NAMELSAD": "Census Tract 4923" }, "geometry": { "type": "Polygon", "coordinates": [ [ [ -76.4552, 39.3283 ], [ -76.4378, 39.3316 ], [ -76.4548, 39.3201 ], [ -76.4703, 39.3289 ], [ -76.4552, 39.3283 ] ] ] } },
{ "type": "Feature", "properties": { "GEOIDFQ": "1400000US24005430104", "NAME": "4301.04", "NAMELSAD": "Census Tract 4301.04" }, "geometry": { "type": "Polygon", "coordinates": [ [ [ -76.6411, 39.2438 ], [ -76.6403, 39.247 ], [ -76.6299, 39.2423 ], [ -76.6399, 39.2244 ], [ -76.6411, 39.2438 ] ] ] } },
{ "type": "Feature", "properties": { "GEOIDFQ": "1400000US24005492500", "NAME": "4925", "NAMELSAD": "Census Tract 4925" }, "geometry": { "type": "Polygon", "coordinates": [ [ [ -76.7214, 39.2705 ], [ -76.7001, 39.2547 ], [ -76.7123, 39.2415 ], [ -76.7157, 39.2616 ], [ -76.7275, 39.2641 ], [ -76.7214, 39.2705 ] ] ] } },
{ "type": "Feature", "properties": { "GEOIDFQ": "1400000US24043000400", "NAME": "4", "NAMELSAD": "Census Tract 4" }, "geometry": { "type": "Polygon", "coordinates": [ [ [ -77.722, 39.6516 ], [ -77.7126, 39.6517 ], [ -77.7223, 39.639 ], [ -77.7276, 39.6412 ], [ -77.722, 39.6516 ] ] ] } },
{ "type": "Feature", "properties": { "GEOIDFQ": "1400000US24043011600", "NAME": "116", "NAMELSAD": "Census Tract 116" }, "geometry": { "type": "Polygon", "coordinates": [ [ [ -77.7853, 39.4454 ], [ -77.798, 39.4608 ], [ -77.7776, 39.4623 ], [ -77.7954, 39.4712 ], [ -77.7966, 39.4809 ], [ -77.7673, 39.4913 ], [ -77.7688, 39.498 ], [ -77.7566, 39.5043 ], [ -77.7486, 39.502 ], [ -77.7468, 39.5089 ], [ -77.7333, 39.5043 ], [ -77.7419, 39.4834 ], [ -77.7277, 39.4838 ], [ -77.7268, 39.4668 ], [ -77.7136, 39.4662 ], [ -77.7085, 39.4602 ], [ -77.7085, 39.4516 ], [ -77.7203, 39.4406 ], [ -77.7041, 39.4204 ], [ -77.7052, 39.4153 ], [ -77.728, 39.4149 ], [ -77.7196, 39.4091 ], [ -77.7281, 39.3855 ], [ -77.7367, 39.387 ], [ -77.7539, 39.4241 ], [ -77.7943, 39.4309 ], [ -77.8032, 39.4381 ], [ -77.7853, 39.4454 ] ] ] } },
{ "type": "Feature", "properties": { "GEOIDFQ": "1400000US24025301302", "NAME": "3013.02", "NAMELSAD": "Census Tract 3013.02" }, "geometry": { "type": "Polygon", "coordinates": [ [ [ -76.3171, 39.4349 ], [ -76.3029, 39.437 ], [ -76.3105, 39.4251 ], [ -76.3231, 39.4227 ], [ -76.3372, 39.4318 ], [ -76.3171, 39.4349 ] ] ] } },
{ "type": "Feature", "properties": { "GEOIDFQ": "1400000US24025301402", "NAME": "3014.02", "NAMELSAD": "Census Tract 3014.02" }, "geometry": { "type": "Polygon", "coordinates": [ [ [ -76.3424, 39.41 ], [ -76.3267, 39.4145 ], [ -76.32, 39.4044 ], [ -76.3459, 39.39 ], [ -76.3424, 39.41 ] ] ] } },
{ "type": "Feature", "properties": { "GEOIDFQ": "1400000US24025302902", "NAME": "3029.02", "NAMELSAD": "Census Tract 3029.02" }, "geometry": { "type": "Polygon", "coordinates": [ [ [ -76.1693, 39.5113 ], [ -76.1525, 39.5034 ], [ -76.1594, 39.4988 ], [ -76.1654, 39.5026 ], [ -76.175, 39.4906 ], [ -76.192, 39.4908 ], [ -76.1932, 39.4953 ], [ -76.1693, 39.5113 ] ] ] } },
{ "type": "Feature", "properties": { "GEOIDFQ": "1400000US24025304202", "NAME": "3042.02", "NAMELSAD": "Census Tract 3042.02" }, "geometry": { "type": "Polygon", "coordinates": [ [ [ -76.5007, 39.6107 ], [ -76.4675, 39.6283 ], [ -76.4568, 39.6261 ], [ -76.4443, 39.6118 ], [ -76.4249, 39.6229 ], [ -76.4113, 39.6205 ], [ -76.4121, 39.606 ], [ -76.404, 39.6002 ], [ -76.4196, 39.5871 ], [ -76.422, 39.5584 ], [ -76.4428, 39.5503 ], [ -76.4691, 39.5587 ], [ -76.4877, 39.5722 ], [ -76.4859, 39.5798 ], [ -76.5123, 39.5958 ], [ -76.5163, 39.6131 ], [ -76.5007, 39.6107 ] ] ] } },
{ "type": "Feature", "properties": { "GEOIDFQ": "1400000US24025305300", "NAME": "3053", "NAMELSAD": "Census Tract 3053" }, "geometry": { "type": "Polygon", "coordinates": [ [ [ -76.2352, 39.6532 ], [ -76.2051, 39.6478 ], [ -76.1738, 39.6601 ], [ -76.1441, 39.6177 ], [ -76.1497, 39.6135 ], [ -76.1621, 39.6237 ], [ -76.1676, 39.618 ], [ -76.1832, 39.6214 ], [ -76.1824, 39.6172 ], [ -76.2028, 39.6142 ], [ -76.2156, 39.6219 ], [ -76.229, 39.615 ], [ -76.2351, 39.619 ], [ -76.2512, 39.599 ], [ -76.2666, 39.598 ], [ -76.2745, 39.6133 ], [ -76.2898, 39.6127 ], [ -76.2988, 39.6211 ], [ -76.2352, 39.6532 ] ] ] } },
{ "type": "Feature", "properties": { "GEOIDFQ": "1400000US24025306200", "NAME": "3062", "NAMELSAD": "Census Tract 3062" }, "geometry": { "type": "Polygon", "coordinates": [ [ [ -76.0987, 39.5434 ], [ -76.076, 39.5435 ], [ -76.047, 39.5037 ], [ -76.1118, 39.5372 ], [ -76.0987, 39.5434 ] ] ] } },
{ "type": "Feature", "properties": { "GEOIDFQ": "1400000US24025301601", "NAME": "3016.01", "NAMELSAD": "Census Tract 3016.01" }, "geometry": { "type": "Polygon", "coordinates": [ [ [ -76.3105, 39.4251 ], [ -76.3058, 39.4331 ], [ -76.2921, 39.4162 ], [ -76.32, 39.4044 ], [ -76.3287, 39.4229 ], [ -76.3105, 39.4251 ] ] ] } },
{ "type": "Feature", "properties": { "GEOIDFQ": "1400000US24025303602", "NAME": "3036.02", "NAMELSAD": "Census Tract 3036.02" }, "geometry": { "type": "Polygon", "coordinates": [ [ [ -76.3214, 39.5318 ], [ -76.3104, 39.5144 ], [ -76.3282, 39.5062 ], [ -76.3396, 39.5267 ], [ -76.3214, 39.5318 ] ] ] } },
{ "type": "Feature", "properties": { "GEOIDFQ": "1400000US24043000700", "NAME": "7", "NAMELSAD": "Census Tract 7" }, "geometry": { "type": "Polygon", "coordinates": [ [ [ -77.7231, 39.6319 ], [ -77.7203, 39.642 ], [ -77.7147, 39.6394 ], [ -77.7154, 39.6276 ], [ -77.7278, 39.6244 ], [ -77.7231, 39.6319 ] ] ] } },
{ "type": "Feature", "properties": { "GEOIDFQ": "1400000US24043000800", "NAME": "8", "NAMELSAD": "Census Tract 8" }, "geometry": { "type": "Polygon", "coordinates": [ [ [ -77.7278, 39.6409 ], [ -77.7223, 39.639 ], [ -77.728, 39.6241 ], [ -77.7355, 39.6288 ], [ -77.7278, 39.6409 ] ] ] } },
{ "type": "Feature", "properties": { "GEOIDFQ": "1400000US24043001002", "NAME": "10.02", "NAMELSAD": "Census Tract 10.02" }, "geometry": { "type": "Polygon", "coordinates": [ [ [ -77.7765, 39.624 ], [ -77.7705, 39.6184 ], [ -77.7594, 39.626 ], [ -77.7523, 39.6091 ], [ -77.774, 39.6066 ], [ -77.7857, 39.617 ], [ -77.7765, 39.624 ] ] ] } },
{ "type": "Feature", "properties": { "GEOIDFQ": "1400000US24043011000", "NAME": "110", "NAMELSAD": "Census Tract 110" }, "geometry": { "type": "Polygon", "coordinates": [ [ [ -77.7234, 39.5695 ], [ -77.6957, 39.5627 ], [ -77.7015, 39.5621 ], [ -77.6959, 39.5579 ], [ -77.7037, 39.5567 ], [ -77.7033, 39.5485 ], [ -77.7197, 39.5484 ], [ -77.7191, 39.5559 ], [ -77.7333, 39.5592 ], [ -77.7234, 39.5695 ] ] ] } },
{ "type": "Feature", "properties": { "GEOIDFQ": "1400000US24005403100", "NAME": "4031", "NAMELSAD": "Census Tract 4031" }, "geometry": { "type": "Polygon", "coordinates": [ [ [ -76.7337, 39.362 ], [ -76.7226, 39.347 ], [ -76.7257, 39.342 ], [ -76.7449, 39.3599 ], [ -76.7337, 39.362 ] ] ] } },
{ "type": "Feature", "properties": { "GEOIDFQ": "1400000US24510260102", "NAME": "2601.02", "NAMELSAD": "Census Tract 2601.02" }, "geometry": { "type": "Polygon", "coordinates": [ [ [ -76.5456, 39.3424 ], [ -76.5297, 39.3361 ], [ -76.5297, 39.3312 ], [ -76.5417, 39.3292 ], [ -76.5517, 39.3381 ], [ -76.5456, 39.3424 ] ] ] } },
{ "type": "Feature", "properties": { "GEOIDFQ": "1400000US24510260201", "NAME": "2602.01", "NAMELSAD": "Census Tract 2602.01" }, "geometry": { "type": "Polygon", "coordinates": [ [ [ -76.5517, 39.3381 ], [ -76.5408, 39.3236 ], [ -76.5484, 39.3218 ], [ -76.5615, 39.3312 ], [ -76.5517, 39.3381 ] ] ] } },
{ "type": "Feature", "properties": { "GEOIDFQ": "1400000US24510280401", "NAME": "2804.01", "NAMELSAD": "Census Tract 2804.01" }, "geometry": { "type": "Polygon", "coordinates": [ [ [ -76.7112, 39.303 ], [ -76.6949, 39.302 ], [ -76.6894, 39.2936 ], [ -76.7112, 39.2917 ], [ -76.7112, 39.303 ] ] ] } },
{ "type": "Feature", "properties": { "GEOIDFQ": "1400000US24510280403", "NAME": "2804.03", "NAMELSAD": "Census Tract 2804.03" }, "geometry": { "type": "Polygon", "coordinates": [ [ [ -76.7112, 39.2917 ], [ -76.698, 39.2931 ], [ -76.6929, 39.2815 ], [ -76.7112, 39.2793 ], [ -76.7112, 39.2917 ] ] ] } },
{ "type": "Feature", "properties": { "GEOIDFQ": "1400000US24510280404", "NAME": "2804.04", "NAMELSAD": "Census Tract 2804.04" }, "geometry": { "type": "Polygon", "coordinates": [ [ [ -76.6894, 39.2936 ], [ -76.6867, 39.2817 ], [ -76.6929, 39.2815 ], [ -76.698, 39.2931 ], [ -76.6894, 39.2936 ] ] ] } },
{ "type": "Feature", "properties": { "GEOIDFQ": "1400000US24045010606", "NAME": "106.06", "NAMELSAD": "Census Tract 106.06" }, "geometry": { "type": "Polygon", "coordinates": [ [ [ -75.5358, 38.3703 ], [ -75.4257, 38.3854 ], [ -75.3266, 38.3849 ], [ -75.3266, 38.376 ], [ -75.307, 38.3548 ], [ -75.3232, 38.3319 ], [ -75.3555, 38.3145 ], [ -75.3637, 38.2911 ], [ -75.3746, 38.2896 ], [ -75.4491, 38.2865 ], [ -75.4556, 38.3039 ], [ -75.5143, 38.3125 ], [ -75.5494, 38.3413 ], [ -75.5358, 38.3703 ] ] ] } },
{ "type": "Feature", "properties": { "GEOIDFQ": "1400000US24045010605", "NAME": "106.05", "NAMELSAD": "Census Tract 106.05" }, "geometry": { "type": "Polygon", "coordinates": [ [ [ -75.6367, 38.2986 ], [ -75.6069, 38.3068 ], [ -75.5494, 38.3413 ], [ -75.5177, 38.314 ], [ -75.4624, 38.3062 ], [ -75.4476, 38.2949 ], [ -75.4491, 38.2865 ], [ -75.6126, 38.2786 ], [ -75.6439, 38.2892 ], [ -75.6367, 38.2986 ] ] ] } },
{ "type": "Feature", "properties": { "GEOIDFQ": "1400000US24045010501", "NAME": "105.01", "NAMELSAD": "Census Tract 105.01" }, "geometry": { "type": "Polygon", "coordinates": [ [ [ -75.608, 38.3362 ], [ -75.5944, 38.3368 ], [ -75.578, 38.3269 ], [ -75.6086, 38.306 ], [ -75.6367, 38.2986 ], [ -75.608, 38.3362 ] ] ] } },
{ "type": "Feature", "properties": { "GEOIDFQ": "1400000US24510080101", "NAME": "801.01", "NAMELSAD": "Census Tract 801.01" }, "geometry": { "type": "Polygon", "coordinates": [ [ [ -76.5765, 39.3339 ], [ -76.5678, 39.3271 ], [ -76.5818, 39.3146 ], [ -76.5944, 39.3176 ], [ -76.5765, 39.3339 ] ] ] } },
{ "type": "Feature", "properties": { "GEOIDFQ": "1400000US24510080102", "NAME": "801.02", "NAMELSAD": "Census Tract 801.02" }, "geometry": { "type": "Polygon", "coordinates": [ [ [ -76.5737, 39.3216 ], [ -76.5717, 39.3203 ], [ -76.5731, 39.3143 ], [ -76.5822, 39.3142 ], [ -76.5737, 39.3216 ] ] ] } },
{ "type": "Feature", "properties": { "GEOIDFQ": "1400000US24043011302", "NAME": "113.02", "NAMELSAD": "Census Tract 113.02" }, "geometry": { "type": "Polygon", "coordinates": [ [ [ -77.6598, 39.6144 ], [ -77.6245, 39.6025 ], [ -77.6034, 39.6256 ], [ -77.5737, 39.613 ], [ -77.5994, 39.5502 ], [ -77.5971, 39.542 ], [ -77.6199, 39.5243 ], [ -77.6381, 39.5298 ], [ -77.6359, 39.5511 ], [ -77.647, 39.5548 ], [ -77.6656, 39.5506 ], [ -77.6902, 39.5681 ], [ -77.6598, 39.6144 ] ] ] } },
{ "type": "Feature", "properties": { "GEOIDFQ": "1400000US24043010700", "NAME": "107", "NAMELSAD": "Census Tract 107" }, "geometry": { "type": "Polygon", "coordinates": [ [ [ -78.3341, 39.6624 ], [ -78.3431, 39.6765 ], [ -78.3362, 39.6807 ], [ -78.3202, 39.6761 ], [ -78.3229, 39.6839 ], [ -78.3149, 39.6845 ], [ -78.323, 39.6882 ], [ -78.3134, 39.6921 ], [ -78.3182, 39.7025 ], [ -78.3343, 39.7099 ], [ -78.329, 39.7123 ], [ -78.3334, 39.7189 ], [ -78.3407, 39.7163 ], [ -78.3455, 39.7218 ], [ -78.0597, 39.7225 ], [ -78.0697, 39.7073 ], [ -78.0974, 39.6923 ], [ -78.0998, 39.6796 ], [ -78.1765, 39.696 ], [ -78.191, 39.6903 ], [ -78.2022, 39.6769 ], [ -78.2305, 39.675 ], [ -78.2238, 39.6605 ], [ -78.2541, 39.6402 ], [ -78.2664, 39.619 ], [ -78.3335, 39.6366 ], [ -78.346, 39.6492 ], [ -78.34, 39.6527 ], [ -78.3635, 39.6601 ], [ -78.3341, 39.6624 ] ] ] } },
{ "type": "Feature", "properties": { "GEOIDFQ": "1400000US24043010600", "NAME": "106", "NAMELSAD": "Census Tract 106" }, "geometry": { "type": "Polygon", "coordinates": [ [ [ -78.0697, 39.7073 ], [ -78.0597, 39.7225 ], [ -77.876, 39.7222 ], [ -77.8889, 39.7027 ], [ -77.8822, 39.6938 ], [ -77.8871, 39.6726 ], [ -77.8818, 39.6572 ], [ -77.8938, 39.6466 ], [ -77.8942, 39.6289 ], [ -77.9093, 39.6021 ], [ -77.9238, 39.6053 ], [ -77.9336, 39.6181 ], [ -77.944, 39.6176 ], [ -77.9353, 39.6066 ], [ -77.9437, 39.5845 ], [ -77.9505, 39.5884 ], [ -77.955, 39.6081 ], [ -77.9776, 39.5996 ], [ -78.0101, 39.603 ], [ -78.0373, 39.637 ], [ -78.1028, 39.6845 ], [ -78.0697, 39.7073 ] ] ] } },
{ "type": "Feature", "properties": { "GEOIDFQ": "1400000US24043010100", "NAME": "101", "NAMELSAD": "Census Tract 101" }, "geometry": { "type": "Polygon", "coordinates": [ [ [ -77.507, 39.6901 ], [ -77.5119, 39.6899 ], [ -77.5066, 39.6964 ], [ -77.5125, 39.7005 ], [ -77.5036, 39.7113 ], [ -77.5066, 39.7199 ], [ -77.4691, 39.72 ], [ -77.5084, 39.6841 ], [ -77.4962, 39.682 ], [ -77.503, 39.6731 ], [ -77.5176, 39.663 ], [ -77.5311, 39.6637 ], [ -77.507, 39.6901 ] ] ] } },
{ "type": "Feature", "properties": { "GEOIDFQ": "1400000US24025301704", "NAME": "3017.04", "NAMELSAD": "Census Tract 3017.04" }, "geometry": { "type": "Polygon", "coordinates": [ [ [ -76.2514, 39.4843 ], [ -76.2456, 39.4774 ], [ -76.2493, 39.4726 ], [ -76.2386, 39.4761 ], [ -76.2344, 39.471 ], [ -76.2522, 39.462 ], [ -76.2621, 39.4806 ], [ -76.2514, 39.4843 ] ] ] } },
{ "type": "Feature", "properties": { "GEOIDFQ": "1400000US24027606603", "NAME": "6066.03", "NAMELSAD": "Census Tract 6066.03" }, "geometry": { "type": "Polygon", "coordinates": [ [ [ -76.8461, 39.2255 ], [ -76.843, 39.2243 ], [ -76.8316, 39.2079 ], [ -76.8348, 39.1957 ], [ -76.8567, 39.2004 ], [ -76.8638, 39.197 ], [ -76.8461, 39.2255 ] ] ] } },
{ "type": "Feature", "properties": { "GEOIDFQ": "1400000US24013514201", "NAME": "5142.01", "NAMELSAD": "Census Tract 5142.01" }, "geometry": { "type": "Polygon", "coordinates": [ [ [ -77.0781, 39.3923 ], [ -77.0714, 39.4249 ], [ -77.0477, 39.4437 ], [ -77.0061, 39.4316 ], [ -77.0192, 39.387 ], [ -77.0157, 39.3526 ], [ -77.0309, 39.3513 ], [ -77.0491, 39.3623 ], [ -77.0613, 39.3592 ], [ -77.0908, 39.3798 ], [ -77.0781, 39.3923 ] ] ] } },
{ "type": "Feature", "properties": { "GEOIDFQ": "1400000US24013502000", "NAME": "5020", "NAMELSAD": "Census Tract 5020" }, "geometry": { "type": "Polygon", "coordinates": [ [ [ -77.164, 39.6197 ], [ -77.148, 39.6179 ], [ -77.1383, 39.6489 ], [ -77.1202, 39.6574 ], [ -77.1113, 39.6698 ], [ -77.0771, 39.6511 ], [ -77.0467, 39.6439 ], [ -77.0582, 39.6026 ], [ -77.0492, 39.5843 ], [ -77.0599, 39.5689 ], [ -77.118, 39.5687 ], [ -77.119, 39.5577 ], [ -77.1301, 39.5583 ], [ -77.1434, 39.5651 ], [ -77.1587, 39.597 ], [ -77.1748, 39.6136 ], [ -77.164, 39.6197 ] ] ] } },
{ "type": "Feature", "properties": { "GEOIDFQ": "1400000US24013505203", "NAME": "5052.03", "NAMELSAD": "Census Tract 5052.03" }, "geometry": { "type": "Polygon", "coordinates": [ [ [ -76.9507, 39.4042 ], [ -76.9324, 39.399 ], [ -76.9318, 39.3931 ], [ -76.9457, 39.384 ], [ -76.9424, 39.3701 ], [ -76.9642, 39.3686 ], [ -76.9685, 39.3792 ], [ -76.9507, 39.4042 ] ] ] } },
{ "type": "Feature", "properties": { "GEOIDFQ": "1400000US24013507801", "NAME": "5078.01", "NAMELSAD": "Census Tract 5078.01" }, "geometry": { "type": "Polygon", "coordinates": [ [ [ -77.0165, 39.552 ], [ -76.996, 39.5752 ], [ -76.9867, 39.5595 ], [ -76.9945, 39.5376 ], [ -77.0185, 39.5426 ], [ -77.0165, 39.552 ] ] ] } },
{ "type": "Feature", "properties": { "GEOIDFQ": "1400000US24013514202", "NAME": "5142.02", "NAMELSAD": "Census Tract 5142.02" }, "geometry": { "type": "Polygon", "coordinates": [ [ [ -77.0167, 39.4068 ], [ -77.0061, 39.4316 ], [ -76.9726, 39.4108 ], [ -76.9977, 39.3549 ], [ -77.0157, 39.3526 ], [ -77.0167, 39.4068 ] ] ] } },
{ "type": "Feature", "properties": { "GEOIDFQ": "1400000US24047950700", "NAME": "9507", "NAMELSAD": "Census Tract 9507" }, "geometry": { "type": "Polygon", "coordinates": [ [ [ -75.161, 38.4095 ], [ -75.1448, 38.4049 ], [ -75.1771, 38.3838 ], [ -75.2044, 38.3926 ], [ -75.2122, 38.4052 ], [ -75.161, 38.4095 ] ] ] } },
{ "type": "Feature", "properties": { "GEOIDFQ": "1400000US24510270701", "NAME": "2707.01", "NAMELSAD": "Census Tract 2707.01" }, "geometry": { "type": "Polygon", "coordinates": [ [ [ -76.57, 39.3721 ], [ -76.5618, 39.3722 ], [ -76.5626, 39.3667 ], [ -76.5735, 39.3686 ], [ -76.57, 39.3721 ] ] ] } },
{ "type": "Feature", "properties": { "GEOIDFQ": "1400000US24510272006", "NAME": "2720.06", "NAMELSAD": "Census Tract 2720.06" }, "geometry": { "type": "Polygon", "coordinates": [ [ [ -76.6998, 39.3624 ], [ -76.6881, 39.3558 ], [ -76.6954, 39.3513 ], [ -76.6998, 39.3624 ] ] ] } },
{ "type": "Feature", "properties": { "GEOIDFQ": "1400000US24510280500", "NAME": "2805", "NAMELSAD": "Census Tract 2805" }, "geometry": { "type": "Polygon", "coordinates": [ [ [ -76.5945, 39.2984 ], [ -76.5941, 39.294 ], [ -76.6067, 39.2907 ], [ -76.6113, 39.2977 ], [ -76.5945, 39.2984 ] ] ] } },
{ "type": "Feature", "properties": { "GEOIDFQ": "1400000US24510150100", "NAME": "1501", "NAMELSAD": "Census Tract 1501" }, "geometry": { "type": "Polygon", "coordinates": [ [ [ -76.6425, 39.3101 ], [ -76.6368, 39.3034 ], [ -76.6446, 39.3032 ], [ -76.6425, 39.3101 ] ] ] } },
{ "type": "Feature", "properties": { "GEOIDFQ": "1400000US24510090900", "NAME": "909", "NAMELSAD": "Census Tract 909" }, "geometry": { "type": "Polygon", "coordinates": [ [ [ -76.5985, 39.312 ], [ -76.5981, 39.3052 ], [ -76.6082, 39.3048 ], [ -76.6095, 39.3114 ], [ -76.5985, 39.312 ] ] ] } },
{ "type": "Feature", "properties": { "GEOIDFQ": "1400000US24510120400", "NAME": "1204", "NAMELSAD": "Census Tract 1204" }, "geometry": { "type": "Polygon", "coordinates": [ [ [ -76.6095, 39.3162 ], [ -76.6095, 39.3114 ], [ -76.615, 39.3111 ], [ -76.6153, 39.3164 ], [ -76.6095, 39.3162 ] ] ] } },
{ "type": "Feature", "properties": { "GEOIDFQ": "1400000US24510080301", "NAME": "803.01", "NAMELSAD": "Census Tract 803.01" }, "geometry": { "type": "Polygon", "coordinates": [ [ [ -76.5801, 39.3091 ], [ -76.5797, 39.3025 ], [ -76.5839, 39.3023 ], [ -76.5801, 39.3091 ] ] ] } },
{ "type": "Feature", "properties": { "GEOIDFQ": "1400000US24510260700", "NAME": "2607", "NAMELSAD": "Census Tract 2607" }, "geometry": { "type": "Polygon", "coordinates": [ [ [ -76.555, 39.2919 ], [ -76.5546, 39.281 ], [ -76.5621, 39.2807 ], [ -76.5627, 39.2916 ], [ -76.555, 39.2919 ] ] ] } },
{ "type": "Feature", "properties": { "GEOIDFQ": "1400000US24510010200", "NAME": "102", "NAMELSAD": "Census Tract 102" }, "geometry": { "type": "Polygon", "coordinates": [ [ [ -76.5762, 39.2922 ], [ -76.572, 39.2924 ], [ -76.5714, 39.2844 ], [ -76.5762, 39.2922 ] ] ] } },
{ "type": "Feature", "properties": { "GEOIDFQ": "1400000US24510271801", "NAME": "2718.01", "NAMELSAD": "Census Tract 2718.01" }, "geometry": { "type": "Polygon", "coordinates": [ [ [ -76.6834, 39.3518 ], [ -76.676, 39.349 ], [ -76.6835, 39.3429 ], [ -76.6899, 39.3477 ], [ -76.6834, 39.3518 ] ] ] } },
{ "type": "Feature", "properties": { "GEOIDFQ": "1400000US24510150900", "NAME": "1509", "NAMELSAD": "Census Tract 1509" }, "geometry": { "type": "Polygon", "coordinates": [ [ [ -76.6855, 39.3128 ], [ -76.6901, 39.3236 ], [ -76.6826, 39.3258 ], [ -76.6737, 39.303 ], [ -76.6904, 39.31 ], [ -76.6855, 39.3128 ] ] ] } },
{ "type": "Feature", "properties": { "GEOIDFQ": "1400000US24510080700", "NAME": "807", "NAMELSAD": "Census Tract 807" }, "geometry": { "type": "Polygon", "coordinates": [ [ [ -76.5885, 39.3088 ], [ -76.5883, 39.3056 ], [ -76.5981, 39.3052 ], [ -76.5885, 39.3088 ] ] ] } },
{ "type": "Feature", "properties": { "GEOIDFQ": "1400000US24510261000", "NAME": "2610", "NAMELSAD": "Census Tract 2610" }, "geometry": { "type": "Polygon", "coordinates": [ [ [ -76.5699, 39.2993 ], [ -76.5691, 39.2876 ], [ -76.5716, 39.2875 ], [ -76.5699, 39.2993 ] ] ] } },
{ "type": "Feature", "properties": { "GEOIDFQ": "1400000US24510160300", "NAME": "1603", "NAMELSAD": "Census Tract 1603" }, "geometry": { "type": "Polygon", "coordinates": [ [ [ -76.6432, 39.3032 ], [ -76.6427, 39.294 ], [ -76.6455, 39.2939 ], [ -76.6432, 39.3032 ] ] ] } },
{ "type": "Feature", "properties": { "GEOIDFQ": "1400000US24510060200", "NAME": "602", "NAMELSAD": "Census Tract 602" }, "geometry": { "type": "Polygon", "coordinates": [ [ [ -76.578, 39.2969 ], [ -76.5776, 39.2922 ], [ -76.5833, 39.292 ], [ -76.578, 39.2969 ] ] ] } },
{ "type": "Feature", "properties": { "GEOIDFQ": "1400000US24510200702", "NAME": "2007.02", "NAMELSAD": "Census Tract 2007.02" }, "geometry": { "type": "Polygon", "coordinates": [ [ [ -76.6764, 39.2882 ], [ -76.6722, 39.2811 ], [ -76.6808, 39.2841 ], [ -76.6764, 39.2882 ] ] ] } },
{ "type": "Feature", "properties": { "GEOIDFQ": "1400000US24510020200", "NAME": "202", "NAMELSAD": "Census Tract 202" }, "geometry": { "type": "Polygon", "coordinates": [ [ [ -76.5905, 39.2917 ], [ -76.5901, 39.2857 ], [ -76.5936, 39.2856 ], [ -76.5905, 39.2917 ] ] ] } },
{ "type": "Feature", "properties": { "GEOIDFQ": "1400000US24510260604", "NAME": "2606.04", "NAMELSAD": "Census Tract 2606.04" }, "geometry": { "type": "Polygon", "coordinates": [ [ [ -76.5357, 39.2818 ], [ -76.535, 39.2753 ], [ -76.5436, 39.2763 ], [ -76.5438, 39.2814 ], [ -76.5357, 39.2818 ] ] ] } },
{ "type": "Feature", "properties": { "GEOIDFQ": "1400000US24510280402", "NAME": "2804.02", "NAMELSAD": "Census Tract 2804.02" }, "geometry": { "type": "Polygon", "coordinates": [ [ [ -76.6896, 39.3051 ], [ -76.686, 39.2937 ], [ -76.6922, 39.2961 ], [ -76.695, 39.304 ], [ -76.6896, 39.3051 ] ] ] } },
{ "type": "Feature", "properties": { "GEOIDFQ": "1400000US24510010100", "NAME": "101", "NAMELSAD": "Census Tract 101" }, "geometry": { "type": "Polygon", "coordinates": [ [ [ -76.5771, 39.2842 ], [ -76.5714, 39.2844 ], [ -76.5776, 39.2716 ], [ -76.5771, 39.2842 ] ] ] } },
{ "type": "Feature", "properties": { "GEOIDFQ": "1400000US24510010300", "NAME": "103", "NAMELSAD": "Census Tract 103" }, "geometry": { "type": "Polygon", "coordinates": [ [ [ -76.5762, 39.2922 ], [ -76.577, 39.2832 ], [ -76.5842, 39.284 ], [ -76.5847, 39.2919 ], [ -76.5762, 39.2922 ] ] ] } },
{ "type": "Feature", "properties": { "GEOIDFQ": "1400000US24510010400", "NAME": "104", "NAMELSAD": "Census Tract 104" }, "geometry": { "type": "Polygon", "coordinates": [ [ [ -76.577, 39.2832 ], [ -76.5776, 39.2716 ], [ -76.5866, 39.2773 ], [ -76.5871, 39.2859 ], [ -76.577, 39.2832 ] ] ] } },
{ "type": "Feature", "properties": { "GEOIDFQ": "1400000US24510010500", "NAME": "105", "NAMELSAD": "Census Tract 105" }, "geometry": { "type": "Polygon", "coordinates": [ [ [ -76.5847, 39.2919 ], [ -76.5843, 39.286 ], [ -76.5871, 39.2859 ], [ -76.5847, 39.2919 ] ] ] } },
{ "type": "Feature", "properties": { "GEOIDFQ": "1400000US24510020100", "NAME": "201", "NAMELSAD": "Census Tract 201" }, "geometry": { "type": "Polygon", "coordinates": [ [ [ -76.5874, 39.2918 ], [ -76.5871, 39.2859 ], [ -76.5901, 39.2857 ], [ -76.5874, 39.2918 ] ] ] } },
{ "type": "Feature", "properties": { "GEOIDFQ": "1400000US24510020300", "NAME": "203", "NAMELSAD": "Census Tract 203" }, "geometry": { "type": "Polygon", "coordinates": [ [ [ -76.5992, 39.2853 ], [ -76.5871, 39.2859 ], [ -76.5866, 39.2773 ], [ -76.6025, 39.2796 ], [ -76.5992, 39.2853 ] ] ] } },
{ "type": "Feature", "properties": { "GEOIDFQ": "1400000US24510030100", "NAME": "301", "NAMELSAD": "Census Tract 301" }, "geometry": { "type": "Polygon", "coordinates": [ [ [ -76.5941, 39.294 ], [ -76.5936, 39.2856 ], [ -76.5992, 39.2853 ], [ -76.5941, 39.294 ] ] ] } },
{ "type": "Feature", "properties": { "GEOIDFQ": "1400000US24047951400", "NAME": "9514", "NAMELSAD": "Census Tract 9514" }, "geometry": { "type": "Polygon", "coordinates": [ [ [ -75.4503, 38.2864 ], [ -75.4735, 38.2249 ], [ -75.4627, 38.1966 ], [ -75.4233, 38.1597 ], [ -75.4342, 38.1494 ], [ -75.4396, 38.1509 ], [ -75.4422, 38.143 ], [ -75.45, 38.1453 ], [ -75.4472, 38.1328 ], [ -75.4244, 38.115 ], [ -75.3943, 38.106 ], [ -75.388, 38.0982 ], [ -75.3977, 38.0935 ], [ -75.4005, 38.0694 ], [ -75.3734, 38.0635 ], [ -75.3575, 38.0666 ], [ -75.3346, 38.0517 ], [ -75.3155, 38.0623 ], [ -75.3313, 38.0464 ], [ -75.3295, 38.0381 ], [ -75.343, 38.0384 ], [ -75.3616, 38.0263 ], [ -75.3663, 38.033 ], [ -75.3755, 38.0314 ], [ -75.3751, 38.0154 ], [ -75.542, 38.0014 ], [ -75.5482, 38.0647 ], [ -75.5318, 38.088 ], [ -75.5443, 38.092 ], [ -75.5401, 38.1083 ], [ -75.5482, 38.1082 ], [ -75.552, 38.1208 ], [ -75.5721, 38.1318 ], [ -75.577, 38.1408 ], [ -75.5696, 38.1537 ], [ -75.5494, 38.1632 ], [ -75.5459, 38.1789 ], [ -75.6058, 38.249 ], [ -75.6133, 38.2782 ], [ -75.4503, 38.2864 ] ] ] } },
{ "type": "Feature", "properties": { "GEOIDFQ": "1400000US24047951200", "NAME": "9512", "NAMELSAD": "Census Tract 9512" }, "geometry": { "type": "Polygon", "coordinates": [ [ [ -75.4503, 38.2864 ], [ -75.3646, 38.2904 ], [ -75.359, 38.3012 ], [ -75.3381, 38.3036 ], [ -75.3273, 38.2983 ], [ -75.3002, 38.3101 ], [ -75.2458, 38.2719 ], [ -75.2301, 38.2416 ], [ -75.2227, 38.241 ], [ -75.2257, 38.2338 ], [ -75.241, 38.2305 ], [ -75.237, 38.2239 ], [ -75.2473, 38.2068 ], [ -75.2585, 38.2033 ], [ -75.2525, 38.1885 ], [ -75.2666, 38.1742 ], [ -75.2627, 38.1623 ], [ -75.244, 38.1607 ], [ -75.2462, 38.1525 ], [ -75.2591, 38.1515 ], [ -75.2649, 38.1587 ], [ -75.282, 38.1522 ], [ -75.2947, 38.1258 ], [ -75.29, 38.1135 ], [ -75.2964, 38.0938 ], [ -75.313, 38.0997 ], [ -75.314, 38.0889 ], [ -75.2883, 38.0813 ], [ -75.2902, 38.0724 ], [ -75.3066, 38.0709 ], [ -75.3102, 38.0808 ], [ -75.3237, 38.0885 ], [ -75.3194, 38.0979 ], [ -75.3275, 38.1036 ], [ -75.3387, 38.0908 ], [ -75.327, 38.0708 ], [ -75.3443, 38.0756 ], [ -75.3441, 38.0854 ], [ -75.3635, 38.0751 ], [ -75.3544, 38.064 ], [ -75.4006, 38.0694 ], [ -75.3977, 38.0935 ], [ -75.388, 38.0982 ], [ -75.3943, 38.106 ], [ -75.4096, 38.1084 ], [ -75.4413, 38.1267 ], [ -75.45, 38.1453 ], [ -75.4422, 38.143 ], [ -75.4383, 38.1509 ], [ -75.4257, 38.1395 ], [ -75.3961, 38.1479 ], [ -75.3751, 38.1631 ], [ -75.3747, 38.1886 ], [ -75.379, 38.1916 ], [ -75.3783, 38.1957 ], [ -75.3838, 38.2038 ], [ -75.3828, 38.1909 ], [ -75.3914, 38.1876 ], [ -75.3927, 38.1798 ], [ -75.4237, 38.1592 ], [ -75.4638, 38.1981 ], [ -75.4735, 38.2255 ], [ -75.4503, 38.2864 ] ] ] } },
{ "type": "Feature", "properties": { "GEOIDFQ": "1400000US24047990000", "NAME": "9900", "NAMELSAD": "Census Tract 9900" }, "geometry": { "type": "Polygon", "coordinates": [ [ [ -75.1855, 38.1078 ], [ -75.1043, 38.3046 ], [ -75.0823, 38.327 ], [ -75.06, 38.3879 ], [ -75.0476, 38.4513 ], [ -74.9863, 38.4516 ], [ -74.9996, 38.3717 ], [ -75.0208, 38.3098 ], [ -75.0415, 38.287 ], [ -75.0714, 38.2259 ], [ -75.1352, 38.0745 ], [ -75.1664, 38.0278 ], [ -75.2404, 38.0271 ], [ -75.1855, 38.1078 ] ] ] } },
{ "type": "Feature", "properties": { "GEOIDFQ": "1400000US24047950900", "NAME": "9509", "NAMELSAD": "Census Tract 9509" }, "geometry": { "type": "Polygon", "coordinates": [ [ [ -75.2392, 38.307 ], [ -75.1861, 38.2996 ], [ -75.1929, 38.3126 ], [ -75.1893, 38.3422 ], [ -75.2138, 38.3429 ], [ -75.2149, 38.3472 ], [ -75.2135, 38.3569 ], [ -75.1983, 38.3709 ], [ -75.2044, 38.3926 ], [ -75.1647, 38.3775 ], [ -75.1689, 38.3583 ], [ -75.1458, 38.3545 ], [ -75.1561, 38.3397 ], [ -75.1449, 38.316 ], [ -75.1568, 38.3129 ], [ -75.1611, 38.285 ], [ -75.1738, 38.2804 ], [ -75.1722, 38.2701 ], [ -75.1801, 38.2694 ], [ -75.1791, 38.2644 ], [ -75.2001, 38.2489 ], [ -75.2275, 38.2411 ], [ -75.2458, 38.2719 ], [ -75.2618, 38.2829 ], [ -75.2392, 38.307 ] ] ] } },
{ "type": "Feature", "properties": { "GEOIDFQ": "1400000US24047951500", "NAME": "9515", "NAMELSAD": "Census Tract 9515" }, "geometry": { "type": "Polygon", "coordinates": [ [ [ -75.6557, 38.0526 ], [ -75.6384, 38.0447 ], [ -75.6365, 38.0517 ], [ -75.6227, 38.055 ], [ -75.6152, 38.074 ], [ -75.5812, 38.0683 ], [ -75.5715, 38.0751 ], [ -75.5688, 38.0874 ], [ -75.5322, 38.0893 ], [ -75.5482, 38.0647 ], [ -75.542, 38.0014 ], [ -75.6243, 37.9942 ], [ -75.6197, 38.0071 ], [ -75.6289, 38.0074 ], [ -75.637, 38.0226 ], [ -75.6459, 38.0206 ], [ -75.6618, 38.0419 ], [ -75.6557, 38.0526 ] ] ] } },
{ "type": "Feature", "properties": { "GEOIDFQ": "1400000US24047950800", "NAME": "9508", "NAMELSAD": "Census Tract 9508" }, "geometry": { "type": "Polygon", "coordinates": [ [ [ -75.3555, 38.3145 ], [ -75.3232, 38.3319 ], [ -75.307, 38.3543 ], [ -75.3297, 38.3813 ], [ -75.3171, 38.4042 ], [ -75.3413, 38.452 ], [ -75.0785, 38.4513 ], [ -75.0927, 38.399 ], [ -75.0878, 38.3964 ], [ -75.1066, 38.3823 ], [ -75.1246, 38.397 ], [ -75.161, 38.4095 ], [ -75.2122, 38.4052 ], [ -75.1984, 38.3704 ], [ -75.2142, 38.3555 ], [ -75.2225, 38.3255 ], [ -75.2618, 38.2829 ], [ -75.3, 38.3101 ], [ -75.3273, 38.2983 ], [ -75.3381, 38.3036 ], [ -75.36, 38.3011 ], [ -75.3555, 38.3145 ] ] ] } },
{ "type": "Feature", "properties": { "GEOIDFQ": "1400000US24047951000", "NAME": "9510", "NAMELSAD": "Census Tract 9510" }, "geometry": { "type": "Polygon", "coordinates": [ [ [ -75.2222, 38.326 ], [ -75.2155, 38.3485 ], [ -75.2138, 38.3429 ], [ -75.1901, 38.3434 ], [ -75.1929, 38.3126 ], [ -75.1861, 38.2996 ], [ -75.2392, 38.307 ], [ -75.2222, 38.326 ] ] ] } },
{ "type": "Feature", "properties": { "GEOIDFQ": "1400000US24047951300", "NAME": "9513", "NAMELSAD": "Census Tract 9513" }, "geometry": { "type": "Polygon", "coordinates": [ [ [ -75.4306, 38.1581 ], [ -75.3927, 38.1798 ], [ -75.3914, 38.1876 ], [ -75.3828, 38.1909 ], [ -75.382, 38.2032 ], [ -75.373, 38.1776 ], [ -75.3764, 38.1611 ], [ -75.4018, 38.1454 ], [ -75.4273, 38.1394 ], [ -75.4362, 38.1441 ], [ -75.4306, 38.1581 ] ] ] } },
{ "type": "Feature", "properties": { "GEOIDFQ": "1400000US24013509001", "NAME": "5090.01", "NAMELSAD": "Census Tract 5090.01" }, "geometry": { "type": "Polygon", "coordinates": [ [ [ -77.1067, 39.4919 ], [ -77.11, 39.4975 ], [ -77.0718, 39.4924 ], [ -77.0385, 39.5166 ], [ -77.0301, 39.5057 ], [ -77.0061, 39.4948 ], [ -77.012, 39.4852 ], [ -77.003, 39.4772 ], [ -77.0477, 39.4437 ], [ -77.12, 39.4654 ], [ -77.1067, 39.4919 ] ] ] } },
{ "type": "Feature", "properties": { "GEOIDFQ": "1400000US24005403201", "NAME": "4032.01", "NAMELSAD": "Census Tract 4032.01" }, "geometry": { "type": "Polygon", "coordinates": [ [ [ -76.7215, 39.3631 ], [ -76.7114, 39.3495 ], [ -76.7229, 39.3475 ], [ -76.7337, 39.362 ], [ -76.7215, 39.3631 ] ] ] } },
{ "type": "Feature", "properties": { "GEOIDFQ": "1400000US24510080200", "NAME": "802", "NAMELSAD": "Census Tract 802" }, "geometry": { "type": "Polygon", "coordinates": [ [ [ -76.5731, 39.3143 ], [ -76.573, 39.3093 ], [ -76.5885, 39.3087 ], [ -76.5906, 39.3151 ], [ -76.5731, 39.3143 ] ] ] } },
{ "type": "Feature", "properties": { "GEOIDFQ": "1400000US24510080302", "NAME": "803.02", "NAMELSAD": "Census Tract 803.02" }, "geometry": { "type": "Polygon", "coordinates": [ [ [ -76.573, 39.3093 ], [ -76.5728, 39.3027 ], [ -76.5797, 39.3025 ], [ -76.5801, 39.3091 ], [ -76.573, 39.3093 ] ] ] } },
{ "type": "Feature", "properties": { "GEOIDFQ": "1400000US24510080400", "NAME": "804", "NAMELSAD": "Census Tract 804" }, "geometry": { "type": "Polygon", "coordinates": [ [ [ -76.5844, 39.3089 ], [ -76.5839, 39.3023 ], [ -76.5881, 39.3032 ], [ -76.5844, 39.3089 ] ] ] } },
{ "type": "Feature", "properties": { "GEOIDFQ": "1400000US24510080500", "NAME": "805", "NAMELSAD": "Census Tract 805" }, "geometry": { "type": "Polygon", "coordinates": [ [ [ -76.5949, 39.3172 ], [ -76.5888, 39.3143 ], [ -76.5887, 39.3124 ], [ -76.5991, 39.313 ], [ -76.5949, 39.3172 ] ] ] } },
{ "type": "Feature", "properties": { "GEOIDFQ": "1400000US24510080600", "NAME": "806", "NAMELSAD": "Census Tract 806" }, "geometry": { "type": "Polygon", "coordinates": [ [ [ -76.5887, 39.3124 ], [ -76.5885, 39.3088 ], [ -76.5983, 39.3084 ], [ -76.5887, 39.3124 ] ] ] } },
{ "type": "Feature", "properties": { "GEOIDFQ": "1400000US24510090100", "NAME": "901", "NAMELSAD": "Census Tract 901" }, "geometry": { "type": "Polygon", "coordinates": [ [ [ -76.6009, 39.3404 ], [ -76.5954, 39.334 ], [ -76.6095, 39.3345 ], [ -76.6096, 39.3402 ], [ -76.6009, 39.3404 ] ] ] } },
{ "type": "Feature", "properties": { "GEOIDFQ": "1400000US24031700207", "NAME": "7002.07", "NAMELSAD": "Census Tract 7002.07" }, "geometry": { "type": "Polygon", "coordinates": [ [ [ -77.222, 39.2882 ], [ -77.2017, 39.2877 ], [ -77.2027, 39.2601 ], [ -77.2355, 39.2688 ], [ -77.222, 39.2882 ] ] ] } },
{ "type": "Feature", "properties": { "GEOIDFQ": "1400000US24031700105", "NAME": "7001.05", "NAMELSAD": "Census Tract 7001.05" }, "geometry": { "type": "Polygon", "coordinates": [ [ [ -77.1523, 39.1919 ], [ -77.1516, 39.1745 ], [ -77.1604, 39.159 ], [ -77.178, 39.1712 ], [ -77.1836, 39.1852 ], [ -77.1523, 39.1919 ] ] ] } },
{ "type": "Feature", "properties": { "GEOIDFQ": "1400000US24029990000", "NAME": "9900", "NAMELSAD": "Census Tract 9900" }, "geometry": { "type": "Polygon", "coordinates": [ [ [ -76.3399, 39.1881 ], [ -76.3211, 39.2198 ], [ -76.1412, 39.3804 ], [ -76.0799, 39.4055 ], [ -76.0467, 39.3798 ], [ -75.9939, 39.3758 ], [ -76.0188, 39.3683 ], [ -76.0639, 39.3759 ], [ -76.1151, 39.3759 ], [ -76.121, 39.3631 ], [ -76.1518, 39.3396 ], [ -76.1746, 39.3339 ], [ -76.1909, 39.3202 ], [ -76.1914, 39.3104 ], [ -76.1829, 39.3055 ], [ -76.1853, 39.2937 ], [ -76.2211, 39.2684 ], [ -76.2859, 39.1497 ], [ -76.2833, 39.1388 ], [ -76.2649, 39.1379 ], [ -76.2491, 39.1278 ], [ -76.2503, 39.1135 ], [ -76.236, 39.0807 ], [ -76.2354, 39.0563 ], [ -76.2647, 39.0279 ], [ -76.2712, 39.0469 ], [ -76.2662, 39.0636 ], [ -76.2745, 39.0766 ], [ -76.3517, 39.0562 ], [ -76.3548, 39.1251 ], [ -76.3399, 39.1881 ] ] ] } },
{ "type": "Feature", "properties": { "GEOIDFQ": "1400000US24013501002", "NAME": "5010.02", "NAMELSAD": "Census Tract 5010.02" }, "geometry": { "type": "Polygon", "coordinates": [ [ [ -77.2346, 39.6773 ], [ -77.243, 39.695 ], [ -77.2163, 39.6974 ], [ -77.2268, 39.7073 ], [ -77.2156, 39.7127 ], [ -77.217, 39.7199 ], [ -77.1075, 39.7199 ], [ -77.1424, 39.6947 ], [ -77.1763, 39.6597 ], [ -77.1385, 39.6404 ], [ -77.1492, 39.6173 ], [ -77.164, 39.6197 ], [ -77.1748, 39.6136 ], [ -77.1946, 39.6312 ], [ -77.2399, 39.6423 ], [ -77.243, 39.6522 ], [ -77.256, 39.6512 ], [ -77.2534, 39.6584 ], [ -77.265, 39.6555 ], [ -77.2666, 39.6615 ], [ -77.2346, 39.6773 ] ] ] } },
{ "type": "Feature", "properties": { "GEOIDFQ": "1400000US24013506102", "NAME": "5061.02", "NAMELSAD": "Census Tract 5061.02" }, "geometry": { "type": "Polygon", "coordinates": [ [ [ -76.9408, 39.6398 ], [ -76.9295, 39.6542 ], [ -76.9158, 39.6419 ], [ -76.8848, 39.6613 ], [ -76.8687, 39.6401 ], [ -76.9332, 39.5937 ], [ -76.9711, 39.6263 ], [ -76.9408, 39.6398 ] ] ] } },
{ "type": "Feature", "properties": { "GEOIDFQ": "1400000US24013505206", "NAME": "5052.06", "NAMELSAD": "Census Tract 5052.06" }, "geometry": { "type": "Polygon", "coordinates": [ [ [ -76.9642, 39.3686 ], [ -76.9424, 39.3701 ], [ -76.9432, 39.3815 ], [ -76.9312, 39.3746 ], [ -76.9239, 39.3797 ], [ -76.9199, 39.3833 ], [ -76.9299, 39.3909 ], [ -76.9266, 39.3975 ], [ -76.8841, 39.3966 ], [ -76.8734, 39.3888 ], [ -76.8914, 39.3821 ], [ -76.8889, 39.3705 ], [ -76.8734, 39.3571 ], [ -76.8799, 39.3567 ], [ -76.8803, 39.3497 ], [ -76.903, 39.3544 ], [ -76.9096, 39.3485 ], [ -76.9464, 39.361 ], [ -76.96, 39.3566 ], [ -76.9669, 39.3625 ], [ -76.9642, 39.3686 ] ] ] } },
{ "type": "Feature", "properties": { "GEOIDFQ": "1400000US24013509002", "NAME": "5090.02", "NAMELSAD": "Census Tract 5090.02" }, "geometry": { "type": "Polygon", "coordinates": [ [ [ -77.1189, 39.4631 ], [ -77.0908, 39.4592 ], [ -77.0477, 39.4437 ], [ -77.0714, 39.4249 ], [ -77.0753, 39.4051 ], [ -77.1341, 39.4318 ], [ -77.1189, 39.4631 ] ] ] } },
{ "type": "Feature", "properties": { "GEOIDFQ": "1400000US24013513002", "NAME": "5130.02", "NAMELSAD": "Census Tract 5130.02" }, "geometry": { "type": "Polygon", "coordinates": [ [ [ -77.1477, 39.3686 ], [ -77.1405, 39.3937 ], [ -77.1156, 39.4202 ], [ -77.0753, 39.4051 ], [ -77.0907, 39.3793 ], [ -77.065, 39.3619 ], [ -77.1014, 39.3693 ], [ -77.1264, 39.3643 ], [ -77.1518, 39.3486 ], [ -77.1697, 39.3551 ], [ -77.1477, 39.3686 ] ] ] } },
{ "type": "Feature", "properties": { "GEOIDFQ": "1400000US24033801217", "NAME": "8012.17", "NAMELSAD": "Census Tract 8012.17" }, "geometry": { "type": "Polygon", "coordinates": [ [ [ -76.8885, 38.7757 ], [ -76.8795, 38.7504 ], [ -76.895, 38.7566 ], [ -76.8981, 38.7653 ], [ -76.9144, 38.7616 ], [ -76.9187, 38.767 ], [ -76.8885, 38.7757 ] ] ] } },
{ "type": "Feature", "properties": { "GEOIDFQ": "1400000US24013505207", "NAME": "5052.07", "NAMELSAD": "Census Tract 5052.07" }, "geometry": { "type": "Polygon", "coordinates": [ [ [ -76.9726, 39.4108 ], [ -76.9507, 39.4042 ], [ -76.967, 39.3823 ], [ -76.9809, 39.3925 ], [ -76.9726, 39.4108 ] ] ] } },
{ "type": "Feature", "properties": { "GEOIDFQ": "1400000US24013501001", "NAME": "5010.01", "NAMELSAD": "Census Tract 5010.01" }, "geometry": { "type": "Polygon", "coordinates": [ [ [ -77.1284, 39.7026 ], [ -77.1116, 39.6862 ], [ -77.1077, 39.6701 ], [ -77.0982, 39.6655 ], [ -77.1111, 39.6698 ], [ -77.1193, 39.665 ], [ -77.1202, 39.6574 ], [ -77.1382, 39.649 ], [ -77.1383, 39.6403 ], [ -77.1762, 39.6598 ], [ -77.1284, 39.7026 ] ] ] } },
{ "type": "Feature", "properties": { "GEOIDFQ": "1400000US24510240300", "NAME": "2403", "NAMELSAD": "Census Tract 2403" }, "geometry": { "type": "Polygon", "coordinates": [ [ [ -76.6092, 39.279 ], [ -76.6084, 39.2729 ], [ -76.6118, 39.2727 ], [ -76.6092, 39.279 ] ] ] } },
{ "type": "Feature", "properties": { "GEOIDFQ": "1400000US24510250101", "NAME": "2501.01", "NAMELSAD": "Census Tract 2501.01" }, "geometry": { "type": "Polygon", "coordinates": [ [ [ -76.6937, 39.2814 ], [ -76.6927, 39.2718 ], [ -76.6989, 39.2727 ], [ -76.711, 39.2779 ], [ -76.6937, 39.2814 ] ] ] } },
{ "type": "Feature", "properties": { "GEOIDFQ": "1400000US24510250102", "NAME": "2501.02", "NAMELSAD": "Census Tract 2501.02" }, "geometry": { "type": "Polygon", "coordinates": [ [ [ -76.6856, 39.2817 ], [ -76.6836, 39.2766 ], [ -76.6927, 39.2718 ], [ -76.6958, 39.2778 ], [ -76.6856, 39.2817 ] ] ] } },
{ "type": "Feature", "properties": { "GEOIDFQ": "1400000US24510250103", "NAME": "2501.03", "NAMELSAD": "Census Tract 2501.03" }, "geometry": { "type": "Polygon", "coordinates": [ [ [ -76.6716, 39.2759 ], [ -76.6643, 39.2574 ], [ -76.6989, 39.2727 ], [ -76.6716, 39.2759 ] ] ] } },
{ "type": "Feature", "properties": { "GEOIDFQ": "1400000US24510250203", "NAME": "2502.03", "NAMELSAD": "Census Tract 2502.03" }, "geometry": { "type": "Polygon", "coordinates": [ [ [ -76.6164, 39.2572 ], [ -76.6083, 39.2547 ], [ -76.6146, 39.2411 ], [ -76.6253, 39.2491 ], [ -76.6164, 39.2572 ] ] ] } },
{ "type": "Feature", "properties": { "GEOIDFQ": "1400000US24510240400", "NAME": "2404", "NAMELSAD": "Census Tract 2404" }, "geometry": { "type": "Polygon", "coordinates": [ [ [ -76.6052, 39.273 ], [ -76.5927, 39.2653 ], [ -76.5986, 39.2548 ], [ -76.6105, 39.2547 ], [ -76.6056, 39.2672 ], [ -76.612, 39.2677 ], [ -76.6052, 39.273 ] ] ] } },
{ "type": "Feature", "properties": { "GEOIDFQ": "1400000US24510250204", "NAME": "2502.04", "NAMELSAD": "Census Tract 2502.04" }, "geometry": { "type": "Polygon", "coordinates": [ [ [ -76.6337, 39.2586 ], [ -76.6327, 39.2517 ], [ -76.6188, 39.2458 ], [ -76.6217, 39.2417 ], [ -76.6351, 39.2525 ], [ -76.6337, 39.2586 ] ] ] } },
{ "type": "Feature", "properties": { "GEOIDFQ": "1400000US24005400701", "NAME": "4007.01", "NAMELSAD": "Census Tract 4007.01" }, "geometry": { "type": "Polygon", "coordinates": [ [ [ -76.7251, 39.2898 ], [ -76.7156, 39.2821 ], [ -76.7277, 39.2799 ], [ -76.7388, 39.2863 ], [ -76.7251, 39.2898 ] ] ] } },
{ "type": "Feature", "properties": { "GEOIDFQ": "1400000US24005400702", "NAME": "4007.02", "NAMELSAD": "Census Tract 4007.02" }, "geometry": { "type": "Polygon", "coordinates": [ [ [ -76.7112, 39.2917 ], [ -76.7112, 39.2874 ], [ -76.7156, 39.2821 ], [ -76.7251, 39.2898 ], [ -76.7112, 39.2917 ] ] ] } },
{ "type": "Feature", "properties": { "GEOIDFQ": "1400000US24005400800", "NAME": "4008", "NAMELSAD": "Census Tract 4008" }, "geometry": { "type": "Polygon", "coordinates": [ [ [ -76.7388, 39.2863 ], [ -76.7245, 39.2736 ], [ -76.7315, 39.2721 ], [ -76.7454, 39.2809 ], [ -76.7388, 39.2863 ] ] ] } },
{ "type": "Feature", "properties": { "GEOIDFQ": "1400000US24005400900", "NAME": "4009", "NAMELSAD": "Census Tract 4009" }, "geometry": { "type": "Polygon", "coordinates": [ [ [ -76.7534, 39.2837 ], [ -76.7443, 39.285 ], [ -76.7412, 39.2759 ], [ -76.7557, 39.2756 ], [ -76.7534, 39.2837 ] ] ] } },
{ "type": "Feature", "properties": { "GEOIDFQ": "1400000US24019970300", "NAME": "9703", "NAMELSAD": "Census Tract 9703" }, "geometry": { "type": "Polygon", "coordinates": [ [ [ -76.0248, 38.5734 ], [ -75.9911, 38.5925 ], [ -75.9809, 38.6101 ], [ -75.9835, 38.6251 ], [ -75.9705, 38.637 ], [ -75.9418, 38.6303 ], [ -75.9294, 38.633 ], [ -75.8997, 38.6217 ], [ -75.8793, 38.5911 ], [ -75.8384, 38.5775 ], [ -75.8478, 38.5686 ], [ -75.8759, 38.5704 ], [ -75.87, 38.561 ], [ -75.8805, 38.5549 ], [ -75.9185, 38.5594 ], [ -75.9057, 38.5452 ], [ -75.8795, 38.5327 ], [ -75.884, 38.5163 ], [ -75.9231, 38.5203 ], [ -75.9344, 38.5279 ], [ -75.9592, 38.5079 ], [ -75.9504, 38.504 ], [ -75.9669, 38.4985 ], [ -75.9909, 38.4793 ], [ -75.9918, 38.501 ], [ -75.9683, 38.5129 ], [ -75.9884, 38.5155 ], [ -75.9978, 38.5379 ], [ -76.0251, 38.5569 ], [ -76.0248, 38.5734 ] ] ] } },
{ "type": "Feature", "properties": { "GEOIDFQ": "1400000US24019970500", "NAME": "9705", "NAMELSAD": "Census Tract 9705" }, "geometry": { "type": "Polygon", "coordinates": [ [ [ -76.1063, 38.5793 ], [ -76.0903, 38.5798 ], [ -76.0777, 38.5712 ], [ -76.0786, 38.5633 ], [ -76.1097, 38.5735 ], [ -76.1063, 38.5793 ] ] ] } },
{ "type": "Feature", "properties": { "GEOIDFQ": "1400000US24019970200", "NAME": "9702", "NAMELSAD": "Census Tract 9702" }, "geometry": { "type": "Polygon", "coordinates": [ [ [ -75.9563, 38.6504 ], [ -75.949, 38.6718 ], [ -75.9369, 38.6801 ], [ -75.9305, 38.6759 ], [ -75.9169, 38.6803 ], [ -75.8968, 38.7014 ], [ -75.8783, 38.6935 ], [ -75.8411, 38.7042 ], [ -75.8031, 38.6979 ], [ -75.7984, 38.6763 ], [ -75.7735, 38.6756 ], [ -75.7822, 38.6613 ], [ -75.7966, 38.6611 ], [ -75.8134, 38.648 ], [ -75.8232, 38.6044 ], [ -75.814, 38.5991 ], [ -75.8265, 38.595 ], [ -75.8359, 38.5762 ], [ -75.8793, 38.5911 ], [ -75.8997, 38.6217 ], [ -75.9294, 38.633 ], [ -75.9418, 38.6303 ], [ -75.9705, 38.637 ], [ -75.9563, 38.6504 ] ] ] } },
{ "type": "Feature", "properties": { "GEOIDFQ": "1400000US24019970100", "NAME": "9701", "NAMELSAD": "Census Tract 9701" }, "geometry": { "type": "Polygon", "coordinates": [ [ [ -75.8805, 38.5549 ], [ -75.87, 38.561 ], [ -75.8759, 38.5704 ], [ -75.8478, 38.5686 ], [ -75.8359, 38.5762 ], [ -75.8265, 38.595 ], [ -75.814, 38.5991 ], [ -75.8232, 38.6044 ], [ -75.8134, 38.648 ], [ -75.7966, 38.6611 ], [ -75.7822, 38.6613 ], [ -75.769, 38.6858 ], [ -75.7627, 38.6862 ], [ -75.7074, 38.6354 ], [ -75.7016, 38.5607 ], [ -75.7272, 38.5398 ], [ -75.7465, 38.5368 ], [ -75.765, 38.5065 ], [ -75.818, 38.4867 ], [ -75.8248, 38.4791 ], [ -75.8149, 38.4665 ], [ -75.8332, 38.4576 ], [ -75.8361, 38.4456 ], [ -75.8558, 38.4497 ], [ -75.8725, 38.44 ], [ -75.8933, 38.4474 ], [ -75.8984, 38.4427 ], [ -75.9046, 38.4422 ], [ -75.8975, 38.4442 ], [ -75.9073, 38.4536 ], [ -75.9075, 38.4677 ], [ -75.8828, 38.4828 ], [ -75.8928, 38.4993 ], [ -75.8803, 38.5123 ], [ -75.8784, 38.5299 ], [ -75.9185, 38.5594 ], [ -75.8805, 38.5549 ] ] ] } },
{ "type": "Feature", "properties": { "GEOIDFQ": "1400000US24019970900", "NAME": "9709", "NAMELSAD": "Census Tract 9709" }, "geometry": { "type": "Polygon", "coordinates": [ [ [ -76.2239, 38.3954 ], [ -76.2301, 38.4033 ], [ -76.1842, 38.4138 ], [ -76.1679, 38.43 ], [ -76.1458, 38.4384 ], [ -76.1393, 38.4315 ], [ -76.0896, 38.4162 ], [ -76.085, 38.4386 ], [ -76.0902, 38.4431 ], [ -76.0817, 38.4485 ], [ -76.0886, 38.4679 ], [ -76.0812, 38.4718 ], [ -76.0972, 38.4911 ], [ -76.0926, 38.5056 ], [ -76.0987, 38.511 ], [ -76.093, 38.5109 ], [ -76.0912, 38.5193 ], [ -76.0742, 38.5163 ], [ -76.0621, 38.5223 ], [ -76.0558, 38.5163 ], [ -76.0428, 38.5163 ], [ -76.0435, 38.5244 ], [ -76.0259, 38.5277 ], [ -76.0291, 38.5337 ], [ -76.0218, 38.5337 ], [ -76.0213, 38.5496 ], [ -75.9978, 38.5379 ], [ -75.9879, 38.5151 ], [ -75.9683, 38.5129 ], [ -75.9918, 38.501 ], [ -75.9913, 38.4793 ], [ -75.9669, 38.4985 ], [ -75.9504, 38.504 ], [ -75.9592, 38.5079 ], [ -75.9344, 38.5279 ], [ -75.9231, 38.5203 ], [ -75.8874, 38.5185 ], [ -75.8803, 38.5123 ], [ -75.8928, 38.4993 ], [ -75.8828, 38.4828 ], [ -75.9071, 38.4685 ], [ -75.9073, 38.4536 ], [ -75.8975, 38.4442 ], [ -75.9046, 38.4422 ], [ -75.8984, 38.4427 ], [ -75.8933, 38.4474 ], [ -75.8725, 38.44 ], [ -75.8558, 38.4497 ], [ -75.8213, 38.4393 ], [ -75.825, 38.4254 ], [ -75.8433, 38.4227 ], [ -75.8473, 38.4173 ], [ -75.8513, 38.4003 ], [ -75.8383, 38.3859 ], [ -75.8609, 38.3836 ], [ -75.8673, 38.3751 ], [ -75.8577, 38.357 ], [ -75.8963, 38.335 ], [ -75.9252, 38.3063 ], [ -75.9248, 38.2329 ], [ -75.9748, 38.2023 ], [ -75.9938, 38.1624 ], [ -76.0316, 38.1475 ], [ -76.0716, 38.0755 ], [ -76.1023, 38.1072 ], [ -76.108, 38.1245 ], [ -76.1081, 38.1846 ], [ -76.1166, 38.2009 ], [ -76.1183, 38.2393 ], [ -76.1622, 38.2697 ], [ -76.1564, 38.2942 ], [ -76.1608, 38.3009 ], [ -76.1952, 38.305 ], [ -76.2039, 38.3107 ], [ -76.2054, 38.3407 ], [ -76.2242, 38.3652 ], [ -76.222, 38.382 ], [ -76.2295, 38.3944 ], [ -76.2239, 38.3954 ] ] ] } },
{ "type": "Feature", "properties": { "GEOIDFQ": "1400000US24019970600", "NAME": "9706", "NAMELSAD": "Census Tract 9706" }, "geometry": { "type": "Polygon", "coordinates": [ [ [ -76.138, 38.5739 ], [ -76.0695, 38.5646 ], [ -76.0621, 38.5531 ], [ -76.0625, 38.5288 ], [ -76.0836, 38.5227 ], [ -76.0864, 38.5428 ], [ -76.0908, 38.5332 ], [ -76.0948, 38.5458 ], [ -76.1422, 38.5474 ], [ -76.1496, 38.5562 ], [ -76.138, 38.5739 ] ] ] } },
{ "type": "Feature", "properties": { "GEOIDFQ": "1400000US24033801313", "NAME": "8013.13", "NAMELSAD": "Census Tract 8013.13" }, "geometry": { "type": "Polygon", "coordinates": [ [ [ -76.9719, 38.7516 ], [ -76.9618, 38.7555 ], [ -76.9572, 38.7462 ], [ -76.9698, 38.7333 ], [ -76.9839, 38.7362 ], [ -76.9904, 38.7315 ], [ -76.9933, 38.7559 ], [ -76.9719, 38.7516 ] ] ] } },
{ "type": "Feature", "properties": { "GEOIDFQ": "1400000US24033801215", "NAME": "8012.15", "NAMELSAD": "Census Tract 8012.15" }, "geometry": { "type": "Polygon", "coordinates": [ [ [ -76.8428, 38.785 ], [ -76.8375, 38.7767 ], [ -76.8461, 38.7463 ], [ -76.8622, 38.7562 ], [ -76.8674, 38.7759 ], [ -76.8428, 38.785 ] ] ] } },
{ "type": "Feature", "properties": { "GEOIDFQ": "1400000US24005404402", "NAME": "4044.02", "NAMELSAD": "Census Tract 4044.02" }, "geometry": { "type": "Polygon", "coordinates": [ [ [ -76.8147, 39.4922 ], [ -76.8014, 39.4977 ], [ -76.7938, 39.4851 ], [ -76.8066, 39.4786 ], [ -76.7897, 39.4822 ], [ -76.7717, 39.4785 ], [ -76.7868, 39.4498 ], [ -76.8212, 39.4776 ], [ -76.8147, 39.4922 ] ] ] } },
{ "type": "Feature", "properties": { "GEOIDFQ": "1400000US24033801210", "NAME": "8012.10", "NAMELSAD": "Census Tract 8012.10" }, "geometry": { "type": "Polygon", "coordinates": [ [ [ -76.9239, 38.7809 ], [ -76.8997, 38.7779 ], [ -76.906, 38.7694 ], [ -76.9261, 38.7634 ], [ -76.9193, 38.7554 ], [ -76.9271, 38.752 ], [ -76.9421, 38.7587 ], [ -76.9239, 38.7809 ] ] ] } },
{ "type": "Feature", "properties": { "GEOIDFQ": "1400000US24033801409", "NAME": "8014.09", "NAMELSAD": "Census Tract 8014.09" }, "geometry": { "type": "Polygon", "coordinates": [ [ [ -76.9802, 38.8001 ], [ -76.9763, 38.7959 ], [ -76.9707, 38.7996 ], [ -76.9672, 38.7937 ], [ -76.9842, 38.7835 ], [ -76.9947, 38.7671 ], [ -76.9973, 38.7804 ], [ -76.9802, 38.8001 ] ] ] } },
{ "type": "Feature", "properties": { "GEOIDFQ": "1400000US24033801907", "NAME": "8019.07", "NAMELSAD": "Census Tract 8019.07" }, "geometry": { "type": "Polygon", "coordinates": [ [ [ -76.9409, 38.8316 ], [ -76.9454, 38.8382 ], [ -76.9338, 38.8362 ], [ -76.9366, 38.842 ], [ -76.9117, 38.8344 ], [ -76.9256, 38.8295 ], [ -76.9312, 38.8188 ], [ -76.9488, 38.8173 ], [ -76.9409, 38.8316 ] ] ] } },
{ "type": "Feature", "properties": { "GEOIDFQ": "1400000US24033805907", "NAME": "8059.07", "NAMELSAD": "Census Tract 8059.07" }, "geometry": { "type": "Polygon", "coordinates": [ [ [ -76.9805, 39.0069 ], [ -76.9742, 39.0067 ], [ -76.9749, 39.0036 ], [ -76.9836, 39.0023 ], [ -76.9805, 39.0069 ] ] ] } },
{ "type": "Feature", "properties": { "GEOIDFQ": "1400000US24033805909", "NAME": "8059.09", "NAMELSAD": "Census Tract 8059.09" }, "geometry": { "type": "Polygon", "coordinates": [ [ [ -76.9643, 38.9849 ], [ -76.9557, 38.9856 ], [ -76.9535, 38.9772 ], [ -76.9623, 38.9671 ], [ -76.9686, 38.9679 ], [ -76.9643, 38.9849 ] ] ] } },
{ "type": "Feature", "properties": { "GEOIDFQ": "1400000US24005408507", "NAME": "4085.07", "NAMELSAD": "Census Tract 4085.07" }, "geometry": { "type": "Polygon", "coordinates": [ [ [ -76.6149, 39.4704 ], [ -76.6081, 39.4598 ], [ -76.6153, 39.4563 ], [ -76.6144, 39.4617 ], [ -76.6305, 39.4627 ], [ -76.6314, 39.4671 ], [ -76.6149, 39.4704 ] ] ] } },
{ "type": "Feature", "properties": { "GEOIDFQ": "1400000US24031700310", "NAME": "7003.10", "NAMELSAD": "Census Tract 7003.10" }, "geometry": { "type": "Polygon", "coordinates": [ [ [ -77.292, 39.1839 ], [ -77.2759, 39.1893 ], [ -77.2687, 39.1761 ], [ -77.2967, 39.1824 ], [ -77.3024, 39.1883 ], [ -77.292, 39.1839 ] ] ] } },
{ "type": "Feature", "properties": { "GEOIDFQ": "1400000US24510180300", "NAME": "1803", "NAMELSAD": "Census Tract 1803" }, "geometry": { "type": "Polygon", "coordinates": [ [ [ -76.6278, 39.289 ], [ -76.6275, 39.2861 ], [ -76.638, 39.2856 ], [ -76.6278, 39.289 ] ] ] } },
{ "type": "Feature", "properties": { "GEOIDFQ": "1400000US24510190100", "NAME": "1901", "NAMELSAD": "Census Tract 1901" }, "geometry": { "type": "Polygon", "coordinates": [ [ [ -76.6385, 39.2942 ], [ -76.6382, 39.2886 ], [ -76.6452, 39.2882 ], [ -76.6455, 39.2939 ], [ -76.6385, 39.2942 ] ] ] } },
{ "type": "Feature", "properties": { "GEOIDFQ": "1400000US24019970400", "NAME": "9704", "NAMELSAD": "Census Tract 9704" }, "geometry": { "type": "Polygon", "coordinates": [ [ [ -76.0694, 38.5937 ], [ -76.052, 38.5788 ], [ -76.033, 38.572 ], [ -76.0399, 38.5532 ], [ -76.06, 38.5583 ], [ -76.0621, 38.5531 ], [ -76.0877, 38.5779 ], [ -76.0694, 38.5937 ] ] ] } },
{ "type": "Feature", "properties": { "GEOIDFQ": "1400000US24510270802", "NAME": "2708.02", "NAMELSAD": "Census Tract 2708.02" }, "geometry": { "type": "Polygon", "coordinates": [ [ [ -76.5855, 39.366 ], [ -76.5896, 39.3554 ], [ -76.5947, 39.3541 ], [ -76.5993, 39.3659 ], [ -76.5855, 39.366 ] ] ] } },
{ "type": "Feature", "properties": { "GEOIDFQ": "1400000US24510271400", "NAME": "2714", "NAMELSAD": "Census Tract 2714" }, "geometry": { "type": "Polygon", "coordinates": [ [ [ -76.6292, 39.3534 ], [ -76.624, 39.3365 ], [ -76.6403, 39.3434 ], [ -76.6431, 39.3532 ], [ -76.6292, 39.3534 ] ] ] } },
{ "type": "Feature", "properties": { "GEOIDFQ": "1400000US24510271501", "NAME": "2715.01", "NAMELSAD": "Census Tract 2715.01" }, "geometry": { "type": "Polygon", "coordinates": [ [ [ -76.649, 39.3722 ], [ -76.6463, 39.3614 ], [ -76.6608, 39.3551 ], [ -76.6708, 39.3568 ], [ -76.6782, 39.372 ], [ -76.649, 39.3722 ] ] ] } },
{ "type": "Feature", "properties": { "GEOIDFQ": "1400000US24005408200", "NAME": "4082", "NAMELSAD": "Census Tract 4082" }, "geometry": { "type": "Polygon", "coordinates": [ [ [ -76.7219, 39.5352 ], [ -76.7065, 39.562 ], [ -76.666, 39.5635 ], [ -76.6608, 39.5258 ], [ -76.6675, 39.4951 ], [ -76.74, 39.4955 ], [ -76.7549, 39.5227 ], [ -76.7219, 39.5352 ] ] ] } },
{ "type": "Feature", "properties": { "GEOIDFQ": "1400000US24005402305", "NAME": "4023.05", "NAMELSAD": "Census Tract 4023.05" }, "geometry": { "type": "Polygon", "coordinates": [ [ [ -76.745, 39.3763 ], [ -76.7387, 39.3689 ], [ -76.7457, 39.361 ], [ -76.7422, 39.3527 ], [ -76.7265, 39.3423 ], [ -76.7457, 39.3493 ], [ -76.7484, 39.3687 ], [ -76.745, 39.3763 ] ] ] } },
{ "type": "Feature", "properties": { "GEOIDFQ": "1400000US24005408502", "NAME": "4085.02", "NAMELSAD": "Census Tract 4085.02" }, "geometry": { "type": "Polygon", "coordinates": [ [ [ -76.6097, 39.4886 ], [ -76.5831, 39.4842 ], [ -76.5806, 39.4524 ], [ -76.5573, 39.4493 ], [ -76.5962, 39.4256 ], [ -76.6048, 39.4323 ], [ -76.6073, 39.4478 ], [ -76.6016, 39.4692 ], [ -76.6168, 39.4768 ], [ -76.6097, 39.4886 ] ] ] } },
{ "type": "Feature", "properties": { "GEOIDFQ": "1400000US24005411306", "NAME": "4113.06", "NAMELSAD": "Census Tract 4113.06" }, "geometry": { "type": "Polygon", "coordinates": [ [ [ -76.4884, 39.392 ], [ -76.4692, 39.3874 ], [ -76.4735, 39.3785 ], [ -76.5009, 39.3818 ], [ -76.4884, 39.392 ] ] ] } },
{ "type": "Feature", "properties": { "GEOIDFQ": "1400000US24005490500", "NAME": "4905", "NAMELSAD": "Census Tract 4905" }, "geometry": { "type": "Polygon", "coordinates": [ [ [ -76.6411, 39.3894 ], [ -76.6442, 39.4118 ], [ -76.6305, 39.4135 ], [ -76.6262, 39.372 ], [ -76.6526, 39.3725 ], [ -76.6411, 39.3894 ] ] ] } },
{ "type": "Feature", "properties": { "GEOIDFQ": "1400000US24005411102", "NAME": "4111.02", "NAMELSAD": "Census Tract 4111.02" }, "geometry": { "type": "Polygon", "coordinates": [ [ [ -76.4189, 39.4477 ], [ -76.4083, 39.4764 ], [ -76.3866, 39.4596 ], [ -76.3886, 39.4532 ], [ -76.3789, 39.4454 ], [ -76.3804, 39.4249 ], [ -76.3652, 39.4018 ], [ -76.3865, 39.4002 ], [ -76.3915, 39.4113 ], [ -76.4259, 39.4167 ], [ -76.4448, 39.4274 ], [ -76.4189, 39.4477 ] ] ] } },
{ "type": "Feature", "properties": { "GEOIDFQ": "1400000US24005410100", "NAME": "4101", "NAMELSAD": "Census Tract 4101" }, "geometry": { "type": "Polygon", "coordinates": [ [ [ -76.6329, 39.5646 ], [ -76.6233, 39.5623 ], [ -76.6099, 39.5682 ], [ -76.624, 39.5754 ], [ -76.6166, 39.5769 ], [ -76.6204, 39.5845 ], [ -76.6112, 39.5842 ], [ -76.626, 39.5987 ], [ -76.6185, 39.6238 ], [ -76.5987, 39.6253 ], [ -76.579, 39.6341 ], [ -76.5658, 39.6255 ], [ -76.5601, 39.5961 ], [ -76.5471, 39.5877 ], [ -76.5311, 39.5554 ], [ -76.5313, 39.5434 ], [ -76.5534, 39.5302 ], [ -76.5711, 39.5038 ], [ -76.5672, 39.4902 ], [ -76.5773, 39.4637 ], [ -76.5844, 39.4696 ], [ -76.5831, 39.4842 ], [ -76.6097, 39.4886 ], [ -76.6152, 39.5159 ], [ -76.6412, 39.5433 ], [ -76.6329, 39.5646 ] ] ] } },
{ "type": "Feature", "properties": { "GEOIDFQ": "1400000US24005492102", "NAME": "4921.02", "NAMELSAD": "Census Tract 4921.02" }, "geometry": { "type": "Polygon", "coordinates": [ [ [ -76.5563, 39.3804 ], [ -76.5428, 39.3738 ], [ -76.5451, 39.3721 ], [ -76.5698, 39.3723 ], [ -76.5563, 39.3804 ] ] ] } },
{ "type": "Feature", "properties": { "GEOIDFQ": "1400000US24005441101", "NAME": "4411.01", "NAMELSAD": "Census Tract 4411.01" }, "geometry": { "type": "Polygon", "coordinates": [ [ [ -76.4957, 39.3335 ], [ -76.5147, 39.3208 ], [ -76.5097, 39.3287 ], [ -76.5148, 39.3386 ], [ -76.4957, 39.3335 ] ] ] } },
{ "type": "Feature", "properties": { "GEOIDFQ": "1400000US24005411406", "NAME": "4114.06", "NAMELSAD": "Census Tract 4114.06" }, "geometry": { "type": "Polygon", "coordinates": [ [ [ -76.4771, 39.4292 ], [ -76.4642, 39.4361 ], [ -76.4477, 39.4323 ], [ -76.4448, 39.4274 ], [ -76.4816, 39.3994 ], [ -76.4771, 39.4292 ] ] ] } },
{ "type": "Feature", "properties": { "GEOIDFQ": "1400000US24005402202", "NAME": "4022.02", "NAMELSAD": "Census Tract 4022.02" }, "geometry": { "type": "Polygon", "coordinates": [ [ [ -76.8512, 39.3432 ], [ -76.8222, 39.3435 ], [ -76.7956, 39.3543 ], [ -76.7925, 39.3352 ], [ -76.7777, 39.3219 ], [ -76.7947, 39.3143 ], [ -76.8145, 39.318 ], [ -76.8169, 39.3131 ], [ -76.8255, 39.3193 ], [ -76.8345, 39.3115 ], [ -76.8443, 39.3183 ], [ -76.8516, 39.3162 ], [ -76.87, 39.3318 ], [ -76.8512, 39.3432 ] ] ] } },
{ "type": "Feature", "properties": { "GEOIDFQ": "1400000US24005421000", "NAME": "4210", "NAMELSAD": "Census Tract 4210" }, "geometry": { "type": "Polygon", "coordinates": [ [ [ -76.5231, 39.2558 ], [ -76.5238, 39.2556 ], [ -76.5298, 39.2576 ], [ -76.5298, 39.2697 ], [ -76.5231, 39.2558 ] ] ] } },
{ "type": "Feature", "properties": { "GEOIDFQ": "1400000US24005450100", "NAME": "4501", "NAMELSAD": "Census Tract 4501" }, "geometry": { "type": "Polygon", "coordinates": [ [ [ -76.5298, 39.3104 ], [ -76.4919, 39.336 ], [ -76.474, 39.3302 ], [ -76.4926, 39.303 ], [ -76.5014, 39.3079 ], [ -76.5298, 39.2994 ], [ -76.5298, 39.3104 ] ] ] } },
{ "type": "Feature", "properties": { "GEOIDFQ": "1400000US24005408506", "NAME": "4085.06", "NAMELSAD": "Census Tract 4085.06" }, "geometry": { "type": "Polygon", "coordinates": [ [ [ -76.6308, 39.4742 ], [ -76.6076, 39.4732 ], [ -76.6016, 39.4692 ], [ -76.6052, 39.4537 ], [ -76.6146, 39.4702 ], [ -76.6315, 39.4679 ], [ -76.6308, 39.4742 ] ] ] } },
{ "type": "Feature", "properties": { "GEOIDFQ": "1400000US24041960600", "NAME": "9606", "NAMELSAD": "Census Tract 9606" }, "geometry": { "type": "Polygon", "coordinates": [ [ [ -76.234, 38.7629 ], [ -76.2257, 38.769 ], [ -76.2183, 38.7631 ], [ -76.2027, 38.7686 ], [ -76.193, 38.7839 ], [ -76.1657, 38.76 ], [ -76.1446, 38.7626 ], [ -76.1137, 38.7574 ], [ -76.1261, 38.7349 ], [ -76.1407, 38.7283 ], [ -76.1437, 38.7076 ], [ -76.1773, 38.6939 ], [ -76.1849, 38.6731 ], [ -76.1975, 38.6665 ], [ -76.2155, 38.6773 ], [ -76.2207, 38.6915 ], [ -76.243, 38.7103 ], [ -76.234, 38.7629 ] ] ] } },
{ "type": "Feature", "properties": { "GEOIDFQ": "1400000US24031704404", "NAME": "7044.04", "NAMELSAD": "Census Tract 7044.04" }, "geometry": { "type": "Polygon", "coordinates": [ [ [ -77.0946, 39.0162 ], [ -77.0783, 39.0056 ], [ -77.1107, 39.0045 ], [ -77.1191, 39.0157 ], [ -77.0946, 39.0162 ] ] ] } },
{ "type": "Feature", "properties": { "GEOIDFQ": "1400000US24031703219", "NAME": "7032.19", "NAMELSAD": "Census Tract 7032.19" }, "geometry": { "type": "Polygon", "coordinates": [ [ [ -77.0677, 39.1128 ], [ -77.0564, 39.1035 ], [ -77.0644, 39.1009 ], [ -77.0731, 39.1029 ], [ -77.0677, 39.1128 ] ] ] } },
{ "type": "Feature", "properties": { "GEOIDFQ": "1400000US24031703216", "NAME": "7032.16", "NAMELSAD": "Census Tract 7032.16" }, "geometry": { "type": "Polygon", "coordinates": [ [ [ -77.0769, 39.1013 ], [ -77.0587, 39.1039 ], [ -77.0649, 39.0914 ], [ -77.0792, 39.0942 ], [ -77.0769, 39.1013 ] ] ] } },
{ "type": "Feature", "properties": { "GEOIDFQ": "1400000US24031701602", "NAME": "7016.02", "NAMELSAD": "Census Tract 7016.02" }, "geometry": { "type": "Polygon", "coordinates": [ [ [ -76.9768, 39.0191 ], [ -76.9836, 39.0023 ], [ -76.9892, 39.0057 ], [ -76.9941, 39.0175 ], [ -76.9768, 39.0191 ] ] ] } },
{ "type": "Feature", "properties": { "GEOIDFQ": "1400000US24005450800", "NAME": "4508", "NAMELSAD": "Census Tract 4508" }, "geometry": { "type": "Polygon", "coordinates": [ [ [ -76.443, 39.3273 ], [ -76.4317, 39.3148 ], [ -76.436, 39.3067 ], [ -76.4427, 39.3063 ], [ -76.4548, 39.3201 ], [ -76.443, 39.3273 ] ] ] } },
{ "type": "Feature", "properties": { "GEOIDFQ": "1400000US24005450900", "NAME": "4509", "NAMELSAD": "Census Tract 4509" }, "geometry": { "type": "Polygon", "coordinates": [ [ [ -76.4233, 39.315 ], [ -76.3899, 39.2972 ], [ -76.4139, 39.2861 ], [ -76.4269, 39.2887 ], [ -76.4427, 39.3063 ], [ -76.4233, 39.315 ] ] ] } },
{ "type": "Feature", "properties": { "GEOIDFQ": "1400000US24005451000", "NAME": "4510", "NAMELSAD": "Census Tract 4510" }, "geometry": { "type": "Polygon", "coordinates": [ [ [ -76.4295, 39.2927 ], [ -76.4139, 39.2861 ], [ -76.3899, 39.2972 ], [ -76.3423, 39.2813 ], [ -76.4073, 39.2418 ], [ -76.4345, 39.2441 ], [ -76.4459, 39.2748 ], [ -76.4295, 39.2927 ] ] ] } },
{ "type": "Feature", "properties": { "GEOIDFQ": "1400000US24005451100", "NAME": "4511", "NAMELSAD": "Census Tract 4511" }, "geometry": { "type": "Polygon", "coordinates": [ [ [ -76.4626, 39.2955 ], [ -76.4475, 39.2934 ], [ -76.4378, 39.301 ], [ -76.4292, 39.2926 ], [ -76.4435, 39.2808 ], [ -76.4661, 39.2879 ], [ -76.4626, 39.2955 ] ] ] } },
{ "type": "Feature", "properties": { "GEOIDFQ": "1400000US24005451300", "NAME": "4513", "NAMELSAD": "Census Tract 4513" }, "geometry": { "type": "Polygon", "coordinates": [ [ [ -76.4539, 39.353 ], [ -76.4441, 39.3333 ], [ -76.4551, 39.3352 ], [ -76.4679, 39.343 ], [ -76.4539, 39.353 ] ] ] } },
{ "type": "Feature", "properties": { "GEOIDFQ": "1400000US24005451803", "NAME": "4518.03", "NAMELSAD": "Census Tract 4518.03" }, "geometry": { "type": "Polygon", "coordinates": [ [ [ -76.39, 39.3343 ], [ -76.3803, 39.34 ], [ -76.3737, 39.3339 ], [ -76.356, 39.3337 ], [ -76.3629, 39.3186 ], [ -76.3926, 39.3225 ], [ -76.3976, 39.3375 ], [ -76.39, 39.3343 ] ] ] } },
{ "type": "Feature", "properties": { "GEOIDFQ": "1400000US24005401000", "NAME": "4010", "NAMELSAD": "Census Tract 4010" }, "geometry": { "type": "Polygon", "coordinates": [ [ [ -76.7332, 39.2773 ], [ -76.7315, 39.2721 ], [ -76.7566, 39.2681 ], [ -76.7569, 39.2723 ], [ -76.7332, 39.2773 ] ] ] } },
{ "type": "Feature", "properties": { "GEOIDFQ": "1400000US24005401101", "NAME": "4011.01", "NAMELSAD": "Census Tract 4011.01" }, "geometry": { "type": "Polygon", "coordinates": [ [ [ -76.7342, 39.3062 ], [ -76.7167, 39.3023 ], [ -76.7388, 39.2863 ], [ -76.744, 39.306 ], [ -76.7342, 39.3062 ] ] ] } },
{ "type": "Feature", "properties": { "GEOIDFQ": "1400000US24005401102", "NAME": "4011.02", "NAMELSAD": "Census Tract 4011.02" }, "geometry": { "type": "Polygon", "coordinates": [ [ [ -76.7435, 39.3219 ], [ -76.7179, 39.3129 ], [ -76.7118, 39.3044 ], [ -76.744, 39.306 ], [ -76.7435, 39.3219 ] ] ] } },
{ "type": "Feature", "properties": { "GEOIDFQ": "1400000US24005401200", "NAME": "4012", "NAMELSAD": "Census Tract 4012" }, "geometry": { "type": "Polygon", "coordinates": [ [ [ -76.7114, 39.3272 ], [ -76.7112, 39.3034 ], [ -76.715, 39.3111 ], [ -76.7286, 39.317 ], [ -76.7114, 39.3272 ] ] ] } },
{ "type": "Feature", "properties": { "GEOIDFQ": "1400000US24021750600", "NAME": "7506", "NAMELSAD": "Census Tract 7506" }, "geometry": { "type": "Polygon", "coordinates": [ [ [ -77.4196, 39.4287 ], [ -77.4134, 39.4235 ], [ -77.4147, 39.414 ], [ -77.4348, 39.4153 ], [ -77.4196, 39.4287 ] ] ] } },
{ "type": "Feature", "properties": { "GEOIDFQ": "1400000US24021750100", "NAME": "7501", "NAMELSAD": "Census Tract 7501" }, "geometry": { "type": "Polygon", "coordinates": [ [ [ -77.4134, 39.4235 ], [ -77.4042, 39.4224 ], [ -77.4047, 39.4187 ], [ -77.4134, 39.4235 ] ] ] } },
{ "type": "Feature", "properties": { "GEOIDFQ": "1400000US24005401301", "NAME": "4013.01", "NAMELSAD": "Census Tract 4013.01" }, "geometry": { "type": "Polygon", "coordinates": [ [ [ -76.7197, 39.301 ], [ -76.7118, 39.3044 ], [ -76.7207, 39.2909 ], [ -76.7316, 39.2916 ], [ -76.7197, 39.301 ] ] ] } },
{ "type": "Feature", "properties": { "GEOIDFQ": "1400000US24005401302", "NAME": "4013.02", "NAMELSAD": "Census Tract 4013.02" }, "geometry": { "type": "Polygon", "coordinates": [ [ [ -76.7216, 39.2942 ], [ -76.7112, 39.2998 ], [ -76.7112, 39.2917 ], [ -76.7216, 39.2942 ] ] ] } },
{ "type": "Feature", "properties": { "GEOIDFQ": "1400000US24003731310", "NAME": "7313.10", "NAMELSAD": "Census Tract 7313.10" }, "geometry": { "type": "Polygon", "coordinates": [ [ [ -76.5321, 39.1559 ], [ -76.5273, 39.1393 ], [ -76.5408, 39.1346 ], [ -76.5489, 39.1478 ], [ -76.5321, 39.1559 ] ] ] } },
{ "type": "Feature", "properties": { "GEOIDFQ": "1400000US24003740105", "NAME": "7401.05", "NAMELSAD": "Census Tract 7401.05" }, "geometry": { "type": "Polygon", "coordinates": [ [ [ -76.7005, 39.1259 ], [ -76.6974, 39.1345 ], [ -76.6997, 39.1077 ], [ -76.7107, 39.1206 ], [ -76.7005, 39.1259 ] ] ] } },
{ "type": "Feature", "properties": { "GEOIDFQ": "1400000US24025301707", "NAME": "3017.07", "NAMELSAD": "Census Tract 3017.07" }, "geometry": { "type": "Polygon", "coordinates": [ [ [ -76.2745, 39.4526 ], [ -76.2174, 39.4795 ], [ -76.247, 39.4445 ], [ -76.2726, 39.4474 ], [ -76.2855, 39.432 ], [ -76.3048, 39.4343 ], [ -76.2745, 39.4526 ] ] ] } },
{ "type": "Feature", "properties": { "GEOIDFQ": "1400000US24025301706", "NAME": "3017.06", "NAMELSAD": "Census Tract 3017.06" }, "geometry": { "type": "Polygon", "coordinates": [ [ [ -76.2309, 39.4998 ], [ -76.2134, 39.5072 ], [ -76.2142, 39.4886 ], [ -76.2514, 39.4843 ], [ -76.2309, 39.4998 ] ] ] } },
{ "type": "Feature", "properties": { "GEOIDFQ": "1400000US24025301705", "NAME": "3017.05", "NAMELSAD": "Census Tract 3017.05" }, "geometry": { "type": "Polygon", "coordinates": [ [ [ -76.2407, 39.4852 ], [ -76.2142, 39.4886 ], [ -76.2175, 39.4797 ], [ -76.2344, 39.471 ], [ -76.2386, 39.4761 ], [ -76.2498, 39.4738 ], [ -76.2407, 39.4852 ] ] ] } },
{ "type": "Feature", "properties": { "GEOIDFQ": "1400000US24510120700", "NAME": "1207", "NAMELSAD": "Census Tract 1207" }, "geometry": { "type": "Polygon", "coordinates": [ [ [ -76.6232, 39.3264 ], [ -76.6194, 39.311 ], [ -76.6252, 39.3121 ], [ -76.6299, 39.3182 ], [ -76.6232, 39.3264 ] ] ] } },
{ "type": "Feature", "properties": { "GEOIDFQ": "1400000US24510130100", "NAME": "1301", "NAMELSAD": "Census Tract 1301" }, "geometry": { "type": "Polygon", "coordinates": [ [ [ -76.6294, 39.3171 ], [ -76.6279, 39.3147 ], [ -76.6378, 39.3126 ], [ -76.6294, 39.3171 ] ] ] } },
{ "type": "Feature", "properties": { "GEOIDFQ": "1400000US24033802106", "NAME": "8021.06", "NAMELSAD": "Census Tract 8021.06" }, "geometry": { "type": "Polygon", "coordinates": [ [ [ -76.8955, 38.8466 ], [ -76.8874, 38.8442 ], [ -76.8901, 38.8355 ], [ -76.9019, 38.8367 ], [ -76.8955, 38.8466 ] ] ] } },
{ "type": "Feature", "properties": { "GEOIDFQ": "1400000US24033802407", "NAME": "8024.07", "NAMELSAD": "Census Tract 8024.07" }, "geometry": { "type": "Polygon", "coordinates": [ [ [ -76.9054, 38.8652 ], [ -76.9002, 38.8549 ], [ -76.9103, 38.8532 ], [ -76.9189, 38.8602 ], [ -76.9054, 38.8652 ] ] ] } },
{ "type": "Feature", "properties": { "GEOIDFQ": "1400000US24033801408", "NAME": "8014.08", "NAMELSAD": "Census Tract 8014.08" }, "geometry": { "type": "Polygon", "coordinates": [ [ [ -76.9717, 38.8059 ], [ -76.9455, 38.8023 ], [ -76.9714, 38.7904 ], [ -76.9707, 38.7996 ], [ -76.9763, 38.7959 ], [ -76.98, 38.8003 ], [ -76.9717, 38.8059 ] ] ] } },
{ "type": "Feature", "properties": { "GEOIDFQ": "1400000US24033801212", "NAME": "8012.12", "NAMELSAD": "Census Tract 8012.12" }, "geometry": { "type": "Polygon", "coordinates": [ [ [ -76.9169, 38.7939 ], [ -76.9058, 38.805 ], [ -76.9016, 38.7989 ], [ -76.9053, 38.7902 ], [ -76.9239, 38.7809 ], [ -76.9256, 38.7873 ], [ -76.9356, 38.7903 ], [ -76.9169, 38.7939 ] ] ] } },
{ "type": "Feature", "properties": { "GEOIDFQ": "1400000US24033800108", "NAME": "8001.08", "NAMELSAD": "Census Tract 8001.08" }, "geometry": { "type": "Polygon", "coordinates": [ [ [ -76.8581, 39.0999 ], [ -76.8508, 39.0972 ], [ -76.8572, 39.0918 ], [ -76.8703, 39.0937 ], [ -76.8581, 39.0999 ] ] ] } },
{ "type": "Feature", "properties": { "GEOIDFQ": "1400000US24033804801", "NAME": "8048.01", "NAMELSAD": "Census Tract 8048.01" }, "geometry": { "type": "Polygon", "coordinates": [ [ [ -76.9714, 38.9479 ], [ -76.9655, 38.9474 ], [ -76.9681, 38.9389 ], [ -76.9714, 38.9479 ] ] ] } },
{ "type": "Feature", "properties": { "GEOIDFQ": "1400000US24033805908", "NAME": "8059.08", "NAMELSAD": "Census Tract 8059.08" }, "geometry": { "type": "Polygon", "coordinates": [ [ [ -76.9614, 38.9731 ], [ -76.9534, 38.9774 ], [ -76.9483, 38.9664 ], [ -76.9623, 38.9674 ], [ -76.9614, 38.9731 ] ] ] } },
{ "type": "Feature", "properties": { "GEOIDFQ": "1400000US24037875300", "NAME": "8753", "NAMELSAD": "Census Tract 8753" }, "geometry": { "type": "Polygon", "coordinates": [ [ [ -76.7658, 38.3254 ], [ -76.755, 38.3194 ], [ -76.7475, 38.3245 ], [ -76.735, 38.3158 ], [ -76.7275, 38.3265 ], [ -76.7227, 38.3249 ], [ -76.7294, 38.3166 ], [ -76.7138, 38.2858 ], [ -76.7118, 38.2632 ], [ -76.7445, 38.202 ], [ -76.754, 38.2188 ], [ -76.7833, 38.2241 ], [ -76.8128, 38.2471 ], [ -76.8319, 38.2444 ], [ -76.821, 38.2713 ], [ -76.832, 38.295 ], [ -76.7658, 38.3254 ] ] ] } },
{ "type": "Feature", "properties": { "GEOIDFQ": "1400000US24031700904", "NAME": "7009.04", "NAMELSAD": "Census Tract 7009.04" }, "geometry": { "type": "Polygon", "coordinates": [ [ [ -77.1415, 39.0805 ], [ -77.1173, 39.0595 ], [ -77.1264, 39.0585 ], [ -77.1415, 39.0805 ] ] ] } },
{ "type": "Feature", "properties": { "GEOIDFQ": "1400000US24031701001", "NAME": "7010.01", "NAMELSAD": "Census Tract 7010.01" }, "geometry": { "type": "Polygon", "coordinates": [ [ [ -77.1528, 39.0805 ], [ -77.142, 39.0788 ], [ -77.1293, 39.0649 ], [ -77.1381, 39.054 ], [ -77.154, 39.0563 ], [ -77.1644, 39.0742 ], [ -77.1528, 39.0805 ] ] ] } },
{ "type": "Feature", "properties": { "GEOIDFQ": "1400000US24001002300", "NAME": "23", "NAMELSAD": "Census Tract 23" }, "geometry": { "type": "Polygon", "coordinates": [ [ [ -78.7698, 39.6852 ], [ -78.7425, 39.723 ], [ -78.7048, 39.7216 ], [ -78.7033, 39.7151 ], [ -78.7178, 39.7009 ], [ -78.7097, 39.6916 ], [ -78.7041, 39.6957 ], [ -78.6969, 39.692 ], [ -78.6979, 39.6781 ], [ -78.7307, 39.6729 ], [ -78.7586, 39.6523 ], [ -78.765, 39.6608 ], [ -78.7737, 39.6652 ], [ -78.78, 39.6615 ], [ -78.7886, 39.6698 ], [ -78.7698, 39.6852 ] ] ] } },
{ "type": "Feature", "properties": { "GEOIDFQ": "1400000US24005492700", "NAME": "4927", "NAMELSAD": "Census Tract 4927" }, "geometry": { "type": "Polygon", "coordinates": [ [ [ -76.515, 39.2458 ], [ -76.4945, 39.24 ], [ -76.4886, 39.2491 ], [ -76.4594, 39.2424 ], [ -76.4562, 39.2456 ], [ -76.4573, 39.2335 ], [ -76.469, 39.2234 ], [ -76.4444, 39.2097 ], [ -76.4505, 39.202 ], [ -76.4465, 39.1818 ], [ -76.5145, 39.2024 ], [ -76.5295, 39.2184 ], [ -76.5296, 39.2383 ], [ -76.515, 39.2458 ] ] ] } },
{ "type": "Feature", "properties": { "GEOIDFQ": "1400000US24045010704", "NAME": "107.04", "NAMELSAD": "Census Tract 107.04" }, "geometry": { "type": "Polygon", "coordinates": [ [ [ -75.7151, 38.429 ], [ -75.6979, 38.432 ], [ -75.6992, 38.4594 ], [ -75.5962, 38.4554 ], [ -75.594, 38.4097 ], [ -75.642, 38.4285 ], [ -75.6387, 38.414 ], [ -75.6432, 38.41 ], [ -75.6555, 38.4127 ], [ -75.6763, 38.3804 ], [ -75.6915, 38.3788 ], [ -75.7058, 38.4056 ], [ -75.6986, 38.4103 ], [ -75.7206, 38.4157 ], [ -75.7236, 38.4211 ], [ -75.7151, 38.429 ] ] ] } },
{ "type": "Feature", "properties": { "GEOIDFQ": "1400000US24045010703", "NAME": "107.03", "NAMELSAD": "Census Tract 107.03" }, "geometry": { "type": "Polygon", "coordinates": [ [ [ -75.598, 38.4567 ], [ -75.5584, 38.4556 ], [ -75.5677, 38.41 ], [ -75.5947, 38.4093 ], [ -75.5922, 38.428 ], [ -75.598, 38.4567 ] ] ] } },
{ "type": "Feature", "properties": { "GEOIDFQ": "1400000US24045010503", "NAME": "105.03", "NAMELSAD": "Census Tract 105.03" }, "geometry": { "type": "Polygon", "coordinates": [ [ [ -75.601, 38.3485 ], [ -75.5821, 38.3479 ], [ -75.5694, 38.333 ], [ -75.5785, 38.327 ], [ -75.5944, 38.3368 ], [ -75.608, 38.3362 ], [ -75.601, 38.3485 ] ] ] } },
{ "type": "Feature", "properties": { "GEOIDFQ": "1400000US24045010504", "NAME": "105.04", "NAMELSAD": "Census Tract 105.04" }, "geometry": { "type": "Polygon", "coordinates": [ [ [ -75.5786, 38.3602 ], [ -75.5474, 38.3423 ], [ -75.5694, 38.333 ], [ -75.5821, 38.3479 ], [ -75.5924, 38.3482 ], [ -75.5786, 38.3602 ] ] ] } },
{ "type": "Feature", "properties": { "GEOIDFQ": "1400000US24005491900", "NAME": "4919", "NAMELSAD": "Census Tract 4919" }, "geometry": { "type": "Polygon", "coordinates": [ [ [ -76.5338, 39.3984 ], [ -76.5233, 39.3948 ], [ -76.5302, 39.3885 ], [ -76.5533, 39.3996 ], [ -76.5338, 39.3984 ] ] ] } },
{ "type": "Feature", "properties": { "GEOIDFQ": "1400000US24005492101", "NAME": "4921.01", "NAMELSAD": "Census Tract 4921.01" }, "geometry": { "type": "Polygon", "coordinates": [ [ [ -76.5426, 39.3933 ], [ -76.5302, 39.3885 ], [ -76.5428, 39.3738 ], [ -76.5426, 39.3933 ] ] ] } },
{ "type": "Feature", "properties": { "GEOIDFQ": "1400000US24005492001", "NAME": "4920.01", "NAMELSAD": "Census Tract 4920.01" }, "geometry": { "type": "Polygon", "coordinates": [ [ [ -76.5582, 39.3902 ], [ -76.5533, 39.3996 ], [ -76.5484, 39.3969 ], [ -76.5588, 39.3815 ], [ -76.5582, 39.3902 ] ] ] } },
{ "type": "Feature", "properties": { "GEOIDFQ": "1400000US24031700721", "NAME": "7007.21", "NAMELSAD": "Census Tract 7007.21" }, "geometry": { "type": "Polygon", "coordinates": [ [ [ -77.2051, 39.1664 ], [ -77.2021, 39.1614 ], [ -77.2077, 39.1557 ], [ -77.2051, 39.1664 ] ] ] } },
{ "type": "Feature", "properties": { "GEOIDFQ": "1400000US24031701219", "NAME": "7012.19", "NAMELSAD": "Census Tract 7012.19" }, "geometry": { "type": "Polygon", "coordinates": [ [ [ -77.112, 39.0734 ], [ -77.0996, 39.0651 ], [ -77.095, 39.0588 ], [ -77.1034, 39.0621 ], [ -77.1077, 39.0577 ], [ -77.1028, 39.047 ], [ -77.1215, 39.0632 ], [ -77.112, 39.0734 ] ] ] } },
{ "type": "Feature", "properties": { "GEOIDFQ": "1400000US24031706011", "NAME": "7060.11", "NAMELSAD": "Census Tract 7060.11" }, "geometry": { "type": "Polygon", "coordinates": [ [ [ -77.188, 39.0504 ], [ -77.1762, 39.0413 ], [ -77.159, 39.0407 ], [ -77.1532, 39.0355 ], [ -77.1732, 39.0305 ], [ -77.1944, 39.0355 ], [ -77.188, 39.0504 ] ] ] } },
{ "type": "Feature", "properties": { "GEOIDFQ": "1400000US24031706013", "NAME": "7060.13", "NAMELSAD": "Census Tract 7060.13" }, "geometry": { "type": "Polygon", "coordinates": [ [ [ -77.1624, 39.0233 ], [ -77.1428, 39.0215 ], [ -77.1571, 38.991 ], [ -77.1692, 38.9968 ], [ -77.1651, 39.0042 ], [ -77.1711, 39.016 ], [ -77.1624, 39.0233 ] ] ] } },
{ "type": "Feature", "properties": { "GEOIDFQ": "1400000US24037875400", "NAME": "8754", "NAMELSAD": "Census Tract 8754" }, "geometry": { "type": "Polygon", "coordinates": [ [ [ -76.7227, 38.3249 ], [ -76.6832, 38.319 ], [ -76.6296, 38.2945 ], [ -76.6156, 38.2828 ], [ -76.5827, 38.2311 ], [ -76.5725, 38.2278 ], [ -76.5713, 38.2193 ], [ -76.5966, 38.2103 ], [ -76.6731, 38.229 ], [ -76.7285, 38.2306 ], [ -76.7115, 38.2678 ], [ -76.7295, 38.3172 ], [ -76.7227, 38.3249 ] ] ] } },
{ "type": "Feature", "properties": { "GEOIDFQ": "1400000US24033806706", "NAME": "8067.06", "NAMELSAD": "Census Tract 8067.06" }, "geometry": { "type": "Polygon", "coordinates": [ [ [ -76.9087, 38.9878 ], [ -76.8955, 39.0029 ], [ -76.8735, 38.9782 ], [ -76.9151, 38.9722 ], [ -76.9087, 38.9878 ] ] ] } },
{ "type": "Feature", "properties": { "GEOIDFQ": "1400000US24031705502", "NAME": "7055.02", "NAMELSAD": "Census Tract 7055.02" }, "geometry": { "type": "Polygon", "coordinates": [ [ [ -77.0903, 38.9764 ], [ -77.0884, 38.9667 ], [ -77.0969, 38.9603 ], [ -77.122, 38.9732 ], [ -77.0903, 38.9764 ] ] ] } },
{ "type": "Feature", "properties": { "GEOIDFQ": "1400000US24031705602", "NAME": "7056.02", "NAMELSAD": "Census Tract 7056.02" }, "geometry": { "type": "Polygon", "coordinates": [ [ [ -77.0916, 38.967 ], [ -77.0884, 38.9667 ], [ -77.089, 38.962 ], [ -77.0956, 38.9631 ], [ -77.0916, 38.967 ] ] ] } },
{ "type": "Feature", "properties": { "GEOIDFQ": "1400000US24047980000", "NAME": "9800", "NAMELSAD": "Census Tract 9800" }, "geometry": { "type": "Polygon", "coordinates": [ [ [ -75.3735, 38.0322 ], [ -75.3655, 38.0327 ], [ -75.3616, 38.0263 ], [ -75.343, 38.0384 ], [ -75.3302, 38.0376 ], [ -75.3303, 38.0478 ], [ -75.3151, 38.0583 ], [ -75.3234, 38.0618 ], [ -75.3374, 38.052 ], [ -75.3634, 38.0743 ], [ -75.3441, 38.0854 ], [ -75.3443, 38.0756 ], [ -75.327, 38.0708 ], [ -75.3387, 38.0908 ], [ -75.3304, 38.1026 ], [ -75.3194, 38.0979 ], [ -75.3237, 38.0885 ], [ -75.3102, 38.0808 ], [ -75.3066, 38.0709 ], [ -75.2886, 38.0744 ], [ -75.2897, 38.0821 ], [ -75.2989, 38.0808 ], [ -75.314, 38.0889 ], [ -75.313, 38.0997 ], [ -75.2964, 38.0938 ], [ -75.29, 38.1135 ], [ -75.2947, 38.1258 ], [ -75.282, 38.1522 ], [ -75.2649, 38.1587 ], [ -75.2591, 38.1515 ], [ -75.2462, 38.1525 ], [ -75.244, 38.1607 ], [ -75.2627, 38.1623 ], [ -75.2668, 38.1733 ], [ -75.2525, 38.1885 ], [ -75.2585, 38.2033 ], [ -75.2473, 38.2068 ], [ -75.2372, 38.223 ], [ -75.2404, 38.2313 ], [ -75.1996, 38.2487 ], [ -75.2095, 38.2351 ], [ -75.2004, 38.2301 ], [ -75.1999, 38.193 ], [ -75.1936, 38.1913 ], [ -75.1421, 38.2501 ], [ -75.1254, 38.277 ], [ -75.127, 38.2881 ], [ -75.1062, 38.3176 ], [ -75.0947, 38.327 ], [ -75.084, 38.3239 ], [ -75.0925, 38.3216 ], [ -75.1043, 38.3046 ], [ -75.1855, 38.1078 ], [ -75.2404, 38.0271 ], [ -75.3751, 38.0154 ], [ -75.3735, 38.0322 ] ] ] } },
{ "type": "Feature", "properties": { "GEOIDFQ": "1400000US24047950300", "NAME": "9503", "NAMELSAD": "Census Tract 9503" }, "geometry": { "type": "Polygon", "coordinates": [ [ [ -75.0785, 38.4513 ], [ -75.0476, 38.4513 ], [ -75.0582, 38.4126 ], [ -75.0832, 38.4244 ], [ -75.0785, 38.4513 ] ] ] } },
{ "type": "Feature", "properties": { "GEOIDFQ": "1400000US24003740400", "NAME": "7404", "NAMELSAD": "Census Tract 7404" }, "geometry": { "type": "Polygon", "coordinates": [ [ [ -76.7796, 39.1477 ], [ -76.7686, 39.1421 ], [ -76.7737, 39.1366 ], [ -76.7694, 39.1298 ], [ -76.7816, 39.1227 ], [ -76.7796, 39.1477 ] ] ] } },
{ "type": "Feature", "properties": { "GEOIDFQ": "1400000US24003740601", "NAME": "7406.01", "NAMELSAD": "Census Tract 7406.01" }, "geometry": { "type": "Polygon", "coordinates": [ [ [ -76.7554, 39.1401 ], [ -76.7383, 39.1305 ], [ -76.7528, 39.1125 ], [ -76.7646, 39.1083 ], [ -76.7777, 39.1143 ], [ -76.7554, 39.1401 ] ] ] } },
{ "type": "Feature", "properties": { "GEOIDFQ": "1400000US24003740602", "NAME": "7406.02", "NAMELSAD": "Census Tract 7406.02" }, "geometry": { "type": "Polygon", "coordinates": [ [ [ -76.7383, 39.1305 ], [ -76.7171, 39.1208 ], [ -76.7383, 39.1085 ], [ -76.7452, 39.1077 ], [ -76.7501, 39.1144 ], [ -76.7383, 39.1305 ] ] ] } },
{ "type": "Feature", "properties": { "GEOIDFQ": "1400000US24037875201", "NAME": "8752.01", "NAMELSAD": "Census Tract 8752.01" }, "geometry": { "type": "Polygon", "coordinates": [ [ [ -76.7439, 38.4422 ], [ -76.7174, 38.4267 ], [ -76.7141, 38.4183 ], [ -76.6947, 38.4183 ], [ -76.7022, 38.4005 ], [ -76.693, 38.3789 ], [ -76.7251, 38.3336 ], [ -76.7227, 38.3249 ], [ -76.7275, 38.3265 ], [ -76.735, 38.3158 ], [ -76.7475, 38.3245 ], [ -76.755, 38.3194 ], [ -76.7678, 38.3255 ], [ -76.7848, 38.37 ], [ -76.7439, 38.4422 ] ] ] } },
{ "type": "Feature", "properties": { "GEOIDFQ": "1400000US24037876200", "NAME": "8762", "NAMELSAD": "Census Tract 8762" }, "geometry": { "type": "Polygon", "coordinates": [ [ [ -76.4087, 38.2206 ], [ -76.4088, 38.2258 ], [ -76.3785, 38.2263 ], [ -76.3215, 38.1578 ], [ -76.3126, 38.1364 ], [ -76.3254, 38.113 ], [ -76.3089, 38.0395 ], [ -76.3169, 38.0287 ], [ -76.3256, 38.0287 ], [ -76.3374, 38.0463 ], [ -76.3567, 38.0464 ], [ -76.3675, 38.0535 ], [ -76.3814, 38.0812 ], [ -76.396, 38.0906 ], [ -76.3959, 38.0987 ], [ -76.4215, 38.1017 ], [ -76.4303, 38.1107 ], [ -76.4455, 38.1124 ], [ -76.4471, 38.1721 ], [ -76.4368, 38.1914 ], [ -76.4488, 38.1945 ], [ -76.4538, 38.2048 ], [ -76.4087, 38.2206 ] ] ] } },
{ "type": "Feature", "properties": { "GEOIDFQ": "1400000US24037875000", "NAME": "8750", "NAMELSAD": "Census Tract 8750" }, "geometry": { "type": "Polygon", "coordinates": [ [ [ -76.7312, 38.4675 ], [ -76.7325, 38.4901 ], [ -76.7186, 38.4962 ], [ -76.7069, 38.4921 ], [ -76.6741, 38.4996 ], [ -76.6521, 38.4738 ], [ -76.6539, 38.4634 ], [ -76.6326, 38.4497 ], [ -76.6636, 38.4316 ], [ -76.6672, 38.4193 ], [ -76.6811, 38.4124 ], [ -76.6979, 38.4197 ], [ -76.7164, 38.4195 ], [ -76.7173, 38.4266 ], [ -76.7741, 38.4732 ], [ -76.7312, 38.4675 ] ] ] } },
{ "type": "Feature", "properties": { "GEOIDFQ": "1400000US24037875100", "NAME": "8751", "NAMELSAD": "Census Tract 8751" }, "geometry": { "type": "Polygon", "coordinates": [ [ [ -76.7683, 38.5129 ], [ -76.7138, 38.5105 ], [ -76.695, 38.4968 ], [ -76.7092, 38.4921 ], [ -76.7186, 38.4962 ], [ -76.7328, 38.4899 ], [ -76.7312, 38.4675 ], [ -76.7741, 38.4732 ], [ -76.737, 38.4426 ], [ -76.7439, 38.4422 ], [ -76.7659, 38.4106 ], [ -76.7781, 38.4109 ], [ -76.8036, 38.4356 ], [ -76.8202, 38.4351 ], [ -76.7683, 38.5129 ] ] ] } },
{ "type": "Feature", "properties": { "GEOIDFQ": "1400000US24037875700", "NAME": "8757", "NAMELSAD": "Census Tract 8757" }, "geometry": { "type": "Polygon", "coordinates": [ [ [ -76.6672, 38.4193 ], [ -76.6636, 38.4316 ], [ -76.6326, 38.4497 ], [ -76.6084, 38.4244 ], [ -76.5656, 38.4071 ], [ -76.5584, 38.3959 ], [ -76.5299, 38.395 ], [ -76.4912, 38.3612 ], [ -76.485, 38.3359 ], [ -76.5018, 38.3423 ], [ -76.5136, 38.3303 ], [ -76.5141, 38.3209 ], [ -76.5254, 38.3241 ], [ -76.5394, 38.3185 ], [ -76.5933, 38.3686 ], [ -76.6808, 38.4128 ], [ -76.6672, 38.4193 ] ] ] } },
{ "type": "Feature", "properties": { "GEOIDFQ": "1400000US24013505101", "NAME": "5051.01", "NAMELSAD": "Census Tract 5051.01" }, "geometry": { "type": "Polygon", "coordinates": [ [ [ -76.9503, 39.4491 ], [ -76.9382, 39.4423 ], [ -76.9248, 39.4492 ], [ -76.9374, 39.4399 ], [ -76.937, 39.4257 ], [ -76.9507, 39.4042 ], [ -76.9726, 39.4109 ], [ -76.9503, 39.4491 ] ] ] } },
{ "type": "Feature", "properties": { "GEOIDFQ": "1400000US24013503000", "NAME": "5030", "NAMELSAD": "Census Tract 5030" }, "geometry": { "type": "Polygon", "coordinates": [ [ [ -77.1075, 39.7199 ], [ -76.9578, 39.7204 ], [ -76.9554, 39.7052 ], [ -76.9628, 39.7003 ], [ -76.9637, 39.6885 ], [ -76.9598, 39.6584 ], [ -77.0063, 39.6376 ], [ -77.0381, 39.6468 ], [ -77.0605, 39.6463 ], [ -77.1076, 39.67 ], [ -77.1116, 39.6862 ], [ -77.1284, 39.7026 ], [ -77.1075, 39.7199 ] ] ] } },
{ "type": "Feature", "properties": { "GEOIDFQ": "1400000US24013507602", "NAME": "5076.02", "NAMELSAD": "Census Tract 5076.02" }, "geometry": { "type": "Polygon", "coordinates": [ [ [ -76.9452, 39.6025 ], [ -76.9355, 39.598 ], [ -76.9439, 39.5682 ], [ -76.9578, 39.552 ], [ -76.9959, 39.5751 ], [ -76.9452, 39.6025 ] ] ] } },
{ "type": "Feature", "properties": { "GEOIDFQ": "1400000US24013507702", "NAME": "5077.02", "NAMELSAD": "Census Tract 5077.02" }, "geometry": { "type": "Polygon", "coordinates": [ [ [ -77.0289, 39.5608 ], [ -77.0088, 39.5844 ], [ -76.996, 39.5752 ], [ -77.0385, 39.5166 ], [ -77.0527, 39.5504 ], [ -77.0289, 39.5608 ] ] ] } },
{ "type": "Feature", "properties": { "GEOIDFQ": "1400000US24031701002", "NAME": "7010.02", "NAMELSAD": "Census Tract 7010.02" }, "geometry": { "type": "Polygon", "coordinates": [ [ [ -77.1736, 39.0674 ], [ -77.1643, 39.0741 ], [ -77.154, 39.0563 ], [ -77.1793, 39.0564 ], [ -77.1736, 39.0674 ] ] ] } },
{ "type": "Feature", "properties": { "GEOIDFQ": "1400000US24031701004", "NAME": "7010.04", "NAMELSAD": "Census Tract 7010.04" }, "geometry": { "type": "Polygon", "coordinates": [ [ [ -77.1584, 39.1066 ], [ -77.1532, 39.0967 ], [ -77.1625, 39.0873 ], [ -77.1739, 39.0888 ], [ -77.179, 39.1011 ], [ -77.1584, 39.1066 ] ] ] } },
{ "type": "Feature", "properties": { "GEOIDFQ": "1400000US24031701005", "NAME": "7010.05", "NAMELSAD": "Census Tract 7010.05" }, "geometry": { "type": "Polygon", "coordinates": [ [ [ -77.1562, 39.089 ], [ -77.1528, 39.0805 ], [ -77.1645, 39.0742 ], [ -77.1739, 39.0888 ], [ -77.1562, 39.089 ] ] ] } },
{ "type": "Feature", "properties": { "GEOIDFQ": "1400000US24009861004", "NAME": "8610.04", "NAMELSAD": "Census Tract 8610.04" }, "geometry": { "type": "Polygon", "coordinates": [ [ [ -76.4124, 38.3831 ], [ -76.4057, 38.3631 ], [ -76.3817, 38.3623 ], [ -76.4078, 38.3253 ], [ -76.4173, 38.3254 ], [ -76.4016, 38.3449 ], [ -76.4226, 38.3578 ], [ -76.4293, 38.368 ], [ -76.4234, 38.3805 ], [ -76.4314, 38.3886 ], [ -76.4124, 38.3831 ] ] ] } },
{ "type": "Feature", "properties": { "GEOIDFQ": "1400000US24009861003", "NAME": "8610.03", "NAMELSAD": "Census Tract 8610.03" }, "geometry": { "type": "Polygon", "coordinates": [ [ [ -76.4482, 38.3341 ], [ -76.4352, 38.3361 ], [ -76.4264, 38.3451 ], [ -76.427, 38.3548 ], [ -76.4443, 38.3745 ], [ -76.4314, 38.3886 ], [ -76.4234, 38.3805 ], [ -76.4293, 38.368 ], [ -76.4226, 38.3578 ], [ -76.4016, 38.3449 ], [ -76.4173, 38.3254 ], [ -76.4078, 38.3253 ], [ -76.4133, 38.3154 ], [ -76.4453, 38.3052 ], [ -76.4525, 38.3238 ], [ -76.4482, 38.3341 ] ] ] } },
{ "type": "Feature", "properties": { "GEOIDFQ": "1400000US24025301301", "NAME": "3013.01", "NAMELSAD": "Census Tract 3013.01" }, "geometry": { "type": "Polygon", "coordinates": [ [ [ -76.3702, 39.441 ], [ -76.3416, 39.4427 ], [ -76.3102, 39.457 ], [ -76.2996, 39.4451 ], [ -76.3029, 39.437 ], [ -76.3374, 39.4318 ], [ -76.3267, 39.4145 ], [ -76.3403, 39.4098 ], [ -76.3557, 39.429 ], [ -76.3735, 39.4214 ], [ -76.381, 39.4295 ], [ -76.3702, 39.441 ] ] ] } },
{ "type": "Feature", "properties": { "GEOIDFQ": "1400000US24025303603", "NAME": "3036.03", "NAMELSAD": "Census Tract 3036.03" }, "geometry": { "type": "Polygon", "coordinates": [ [ [ -76.3452, 39.5786 ], [ -76.3333, 39.57 ], [ -76.3297, 39.5563 ], [ -76.3133, 39.547 ], [ -76.33, 39.5418 ], [ -76.3323, 39.5506 ], [ -76.3511, 39.5489 ], [ -76.3649, 39.5581 ], [ -76.3452, 39.5786 ] ] ] } },
{ "type": "Feature", "properties": { "GEOIDFQ": "1400000US24025306400", "NAME": "3064", "NAMELSAD": "Census Tract 3064" }, "geometry": { "type": "Polygon", "coordinates": [ [ [ -76.1315, 39.5754 ], [ -76.1061, 39.5805 ], [ -76.0932, 39.5664 ], [ -76.1234, 39.5333 ], [ -76.1418, 39.5668 ], [ -76.1315, 39.5754 ] ] ] } },
{ "type": "Feature", "properties": { "GEOIDFQ": "1400000US24003740106", "NAME": "7401.06", "NAMELSAD": "Census Tract 7401.06" }, "geometry": { "type": "Polygon", "coordinates": [ [ [ -76.7826, 39.1438 ], [ -76.7816, 39.1227 ], [ -76.7694, 39.1298 ], [ -76.7737, 39.1366 ], [ -76.7686, 39.1421 ], [ -76.7796, 39.1477 ], [ -76.7616, 39.168 ], [ -76.7419, 39.1769 ], [ -76.7354, 39.1652 ], [ -76.7661, 39.1234 ], [ -76.7777, 39.1143 ], [ -76.7905, 39.1255 ], [ -76.7826, 39.1438 ] ] ] } },
{ "type": "Feature", "properties": { "GEOIDFQ": "1400000US24003740107", "NAME": "7401.07", "NAMELSAD": "Census Tract 7401.07" }, "geometry": { "type": "Polygon", "coordinates": [ [ [ -76.7305, 39.1704 ], [ -76.7151, 39.1568 ], [ -76.7375, 39.1503 ], [ -76.7451, 39.1561 ], [ -76.7305, 39.1704 ] ] ] } },
{ "type": "Feature", "properties": { "GEOIDFQ": "1400000US24003706403", "NAME": "7064.03", "NAMELSAD": "Census Tract 7064.03" }, "geometry": { "type": "Polygon", "coordinates": [ [ [ -76.5102, 38.9718 ], [ -76.5019, 38.9696 ], [ -76.4964, 38.9609 ], [ -76.5057, 38.9556 ], [ -76.5102, 38.9718 ] ] ] } },
{ "type": "Feature", "properties": { "GEOIDFQ": "1400000US24003740703", "NAME": "7407.03", "NAMELSAD": "Census Tract 7407.03" }, "geometry": { "type": "Polygon", "coordinates": [ [ [ -76.7065, 39.068 ], [ -76.6915, 39.0491 ], [ -76.698, 39.0459 ], [ -76.7142, 39.053 ], [ -76.7065, 39.068 ] ] ] } },
{ "type": "Feature", "properties": { "GEOIDFQ": "1400000US24003740502", "NAME": "7405.02", "NAMELSAD": "Census Tract 7405.02" }, "geometry": { "type": "Polygon", "coordinates": [ [ [ -76.8117, 39.1208 ], [ -76.8161, 39.1214 ], [ -76.7905, 39.1255 ], [ -76.7781, 39.1143 ], [ -76.7935, 39.1033 ], [ -76.7918, 39.1075 ], [ -76.7945, 39.1093 ], [ -76.8093, 39.1021 ], [ -76.8243, 39.1089 ], [ -76.8117, 39.1208 ] ] ] } },
{ "type": "Feature", "properties": { "GEOIDFQ": "1400000US24003730513", "NAME": "7305.13", "NAMELSAD": "Census Tract 7305.13" }, "geometry": { "type": "Polygon", "coordinates": [ [ [ -76.6352, 39.1295 ], [ -76.6309, 39.1297 ], [ -76.637, 39.1188 ], [ -76.6403, 39.1261 ], [ -76.6352, 39.1295 ] ] ] } },
{ "type": "Feature", "properties": { "GEOIDFQ": "1400000US24003702703", "NAME": "7027.03", "NAMELSAD": "Census Tract 7027.03" }, "geometry": { "type": "Polygon", "coordinates": [ [ [ -76.5115, 39.011 ], [ -76.4975, 39.0029 ], [ -76.5187, 38.9892 ], [ -76.5264, 38.9892 ], [ -76.5297, 38.9984 ], [ -76.5115, 39.011 ] ] ] } },
{ "type": "Feature", "properties": { "GEOIDFQ": "1400000US24003740108", "NAME": "7401.08", "NAMELSAD": "Census Tract 7401.08" }, "geometry": { "type": "Polygon", "coordinates": [ [ [ -76.7451, 39.1561 ], [ -76.7384, 39.1504 ], [ -76.7205, 39.1531 ], [ -76.7383, 39.1305 ], [ -76.7553, 39.1403 ], [ -76.7451, 39.1561 ] ] ] } },
{ "type": "Feature", "properties": { "GEOIDFQ": "1400000US24003730509", "NAME": "7305.09", "NAMELSAD": "Census Tract 7305.09" }, "geometry": { "type": "Polygon", "coordinates": [ [ [ -76.615, 39.1184 ], [ -76.6135, 39.1245 ], [ -76.5898, 39.1216 ], [ -76.612, 39.1114 ], [ -76.6326, 39.111 ], [ -76.6354, 39.1163 ], [ -76.615, 39.1184 ] ] ] } },
{ "type": "Feature", "properties": { "GEOIDFQ": "1400000US24003731207", "NAME": "7312.07", "NAMELSAD": "Census Tract 7312.07" }, "geometry": { "type": "Polygon", "coordinates": [ [ [ -76.552, 39.1033 ], [ -76.5481, 39.0952 ], [ -76.5312, 39.0954 ], [ -76.523, 39.0851 ], [ -76.5485, 39.0869 ], [ -76.5487, 39.0809 ], [ -76.5651, 39.0994 ], [ -76.552, 39.1033 ] ] ] } },
{ "type": "Feature", "properties": { "GEOIDFQ": "1400000US24003702704", "NAME": "7027.04", "NAMELSAD": "Census Tract 7027.04" }, "geometry": { "type": "Polygon", "coordinates": [ [ [ -76.5276, 38.9964 ], [ -76.5255, 38.9912 ], [ -76.5359, 38.9832 ], [ -76.5496, 38.9911 ], [ -76.5276, 38.9964 ] ] ] } },
{ "type": "Feature", "properties": { "GEOIDFQ": "1400000US24025303900", "NAME": "3039", "NAMELSAD": "Census Tract 3039" }, "geometry": { "type": "Polygon", "coordinates": [ [ [ -76.33, 39.5418 ], [ -76.3172, 39.5291 ], [ -76.3281, 39.5321 ], [ -76.3398, 39.5266 ], [ -76.3476, 39.5335 ], [ -76.33, 39.5418 ] ] ] } },
{ "type": "Feature", "properties": { "GEOIDFQ": "1400000US24025301202", "NAME": "3012.02", "NAMELSAD": "Census Tract 3012.02" }, "geometry": { "type": "Polygon", "coordinates": [ [ [ -76.3268, 39.5026 ], [ -76.3101, 39.4778 ], [ -76.3369, 39.4745 ], [ -76.3502, 39.4958 ], [ -76.3268, 39.5026 ] ] ] } },
{ "type": "Feature", "properties": { "GEOIDFQ": "1400000US24013505102", "NAME": "5051.02", "NAMELSAD": "Census Tract 5051.02" }, "geometry": { "type": "Polygon", "coordinates": [ [ [ -76.937, 39.4257 ], [ -76.9374, 39.4399 ], [ -76.9246, 39.4489 ], [ -76.8873, 39.4405 ], [ -76.8943, 39.4398 ], [ -76.8954, 39.4287 ], [ -76.8894, 39.4302 ], [ -76.8865, 39.4217 ], [ -76.8745, 39.4191 ], [ -76.8814, 39.4174 ], [ -76.8841, 39.3966 ], [ -76.915, 39.3949 ], [ -76.9507, 39.4043 ], [ -76.937, 39.4257 ] ] ] } },
{ "type": "Feature", "properties": { "GEOIDFQ": "1400000US24013508200", "NAME": "5082", "NAMELSAD": "Census Tract 5082" }, "geometry": { "type": "Polygon", "coordinates": [ [ [ -76.9355, 39.598 ], [ -76.9311, 39.5944 ], [ -76.8687, 39.6401 ], [ -76.8409, 39.5794 ], [ -76.8575, 39.529 ], [ -76.8724, 39.5544 ], [ -76.9097, 39.5608 ], [ -76.9198, 39.5567 ], [ -76.9464, 39.5699 ], [ -76.9355, 39.598 ] ] ] } },
{ "type": "Feature", "properties": { "GEOIDFQ": "1400000US24013504201", "NAME": "5042.01", "NAMELSAD": "Census Tract 5042.01" }, "geometry": { "type": "Polygon", "coordinates": [ [ [ -76.9731, 39.5335 ], [ -76.9566, 39.5538 ], [ -76.9356, 39.5447 ], [ -76.8893, 39.4934 ], [ -76.8665, 39.4876 ], [ -76.892, 39.4618 ], [ -76.8857, 39.4564 ], [ -76.893, 39.4553 ], [ -76.8771, 39.4528 ], [ -76.8779, 39.449 ], [ -76.8965, 39.4487 ], [ -76.8984, 39.4651 ], [ -76.9261, 39.4841 ], [ -76.944, 39.5051 ], [ -76.9606, 39.5146 ], [ -76.9753, 39.5131 ], [ -76.9903, 39.5238 ], [ -76.9731, 39.5335 ] ] ] } },
{ "type": "Feature", "properties": { "GEOIDFQ": "1400000US24013507500", "NAME": "5075", "NAMELSAD": "Census Tract 5075" }, "geometry": { "type": "Polygon", "coordinates": [ [ [ -77.0467, 39.6439 ], [ -77.0381, 39.6468 ], [ -77.0061, 39.6377 ], [ -76.9971, 39.6229 ], [ -76.9989, 39.578 ], [ -77.0574, 39.6047 ], [ -77.0467, 39.6439 ] ] ] } },
{ "type": "Feature", "properties": { "GEOIDFQ": "1400000US24013512000", "NAME": "5120", "NAMELSAD": "Census Tract 5120" }, "geometry": { "type": "Polygon", "coordinates": [ [ [ -77.1881, 39.5933 ], [ -77.1595, 39.598 ], [ -77.1429, 39.5612 ], [ -77.1589, 39.533 ], [ -77.1706, 39.5344 ], [ -77.1694, 39.5541 ], [ -77.198, 39.5754 ], [ -77.1881, 39.5933 ] ] ] } },
{ "type": "Feature", "properties": { "GEOIDFQ": "1400000US24013504202", "NAME": "5042.02", "NAMELSAD": "Census Tract 5042.02" }, "geometry": { "type": "Polygon", "coordinates": [ [ [ -76.9984, 39.4936 ], [ -77.0021, 39.5118 ], [ -76.9903, 39.5238 ], [ -76.9753, 39.5131 ], [ -76.9606, 39.5146 ], [ -76.944, 39.5051 ], [ -76.9261, 39.4841 ], [ -76.8984, 39.4651 ], [ -76.8965, 39.4487 ], [ -76.8779, 39.449 ], [ -76.8918, 39.4454 ], [ -76.8873, 39.4405 ], [ -76.9272, 39.4493 ], [ -76.9385, 39.4424 ], [ -76.9691, 39.4622 ], [ -76.9704, 39.469 ], [ -76.9953, 39.4759 ], [ -77.0054, 39.4862 ], [ -76.9984, 39.4936 ] ] ] } },
{ "type": "Feature", "properties": { "GEOIDFQ": "1400000US24013510000", "NAME": "5100", "NAMELSAD": "Census Tract 5100" }, "geometry": { "type": "Polygon", "coordinates": [ [ [ -77.3001, 39.6393 ], [ -77.2915, 39.6306 ], [ -77.2772, 39.6313 ], [ -77.2726, 39.6514 ], [ -77.2553, 39.659 ], [ -77.2578, 39.6526 ], [ -77.2439, 39.6529 ], [ -77.2429, 39.6436 ], [ -77.1946, 39.6312 ], [ -77.1596, 39.5981 ], [ -77.1881, 39.5933 ], [ -77.198, 39.5754 ], [ -77.207, 39.5795 ], [ -77.2175, 39.5745 ], [ -77.2203, 39.5821 ], [ -77.2325, 39.5846 ], [ -77.2277, 39.5883 ], [ -77.2388, 39.5845 ], [ -77.252, 39.6022 ], [ -77.2602, 39.6025 ], [ -77.2626, 39.594 ], [ -77.2713, 39.6062 ], [ -77.2903, 39.6043 ], [ -77.3074, 39.619 ], [ -77.2995, 39.6239 ], [ -77.3116, 39.6387 ], [ -77.3001, 39.6393 ] ] ] } },
{ "type": "Feature", "properties": { "GEOIDFQ": "1400000US24013504100", "NAME": "5041", "NAMELSAD": "Census Tract 5041" }, "geometry": { "type": "Polygon", "coordinates": [ [ [ -76.9439, 39.5682 ], [ -76.9198, 39.5567 ], [ -76.9105, 39.5608 ], [ -76.8859, 39.5581 ], [ -76.8651, 39.55 ], [ -76.8575, 39.529 ], [ -76.8686, 39.489 ], [ -76.889, 39.4932 ], [ -76.9347, 39.544 ], [ -76.9566, 39.5538 ], [ -76.9439, 39.5682 ] ] ] } },
{ "type": "Feature", "properties": { "GEOIDFQ": "1400000US24013514100", "NAME": "5141", "NAMELSAD": "Census Tract 5141" }, "geometry": { "type": "Polygon", "coordinates": [ [ [ -77.0033, 39.4807 ], [ -76.9713, 39.4696 ], [ -76.9691, 39.4622 ], [ -76.9484, 39.4507 ], [ -76.9726, 39.4108 ], [ -77.0099, 39.4336 ], [ -77.0477, 39.4437 ], [ -77.0033, 39.4807 ] ] ] } },
{ "type": "Feature", "properties": { "GEOIDFQ": "1400000US24041960900", "NAME": "9609", "NAMELSAD": "Census Tract 9609" }, "geometry": { "type": "Polygon", "coordinates": [ [ [ -76.1766, 38.6944 ], [ -76.1325, 38.7128 ], [ -76.1061, 38.7095 ], [ -76.0967, 38.7148 ], [ -76.0608, 38.7097 ], [ -76.0536, 38.714 ], [ -76.0405, 38.7028 ], [ -76.0302, 38.7057 ], [ -76.0293, 38.7141 ], [ -76.01, 38.7164 ], [ -76.0075, 38.721 ], [ -75.9932, 38.708 ], [ -75.993, 38.6967 ], [ -75.9768, 38.6978 ], [ -75.9704, 38.6831 ], [ -75.9452, 38.6741 ], [ -75.9556, 38.6635 ], [ -75.9579, 38.648 ], [ -75.9835, 38.6251 ], [ -75.9809, 38.6101 ], [ -75.9911, 38.5925 ], [ -76.0323, 38.5719 ], [ -76.0548, 38.5806 ], [ -76.082, 38.6039 ], [ -76.109, 38.5979 ], [ -76.1309, 38.6077 ], [ -76.1353, 38.6251 ], [ -76.1528, 38.6318 ], [ -76.1483, 38.6341 ], [ -76.158, 38.6544 ], [ -76.1847, 38.675 ], [ -76.1766, 38.6944 ] ] ] } },
{ "type": "Feature", "properties": { "GEOIDFQ": "1400000US24041960201", "NAME": "9602.01", "NAMELSAD": "Census Tract 9602.01" }, "geometry": { "type": "Polygon", "coordinates": [ [ [ -76.1924, 38.8638 ], [ -76.1822, 38.8586 ], [ -76.1699, 38.8656 ], [ -76.1625, 38.881 ], [ -76.1365, 38.8807 ], [ -76.1214, 38.8729 ], [ -76.1093, 38.8576 ], [ -76.0956, 38.8515 ], [ -76.1258, 38.8254 ], [ -76.1263, 38.7946 ], [ -76.1173, 38.7849 ], [ -76.0882, 38.7928 ], [ -76.0776, 38.7879 ], [ -76.0958, 38.7681 ], [ -76.073, 38.7541 ], [ -76.064, 38.7105 ], [ -76.0967, 38.7148 ], [ -76.1061, 38.7095 ], [ -76.1246, 38.7141 ], [ -76.1437, 38.7076 ], [ -76.1407, 38.7283 ], [ -76.1261, 38.7349 ], [ -76.1137, 38.7574 ], [ -76.1678, 38.7611 ], [ -76.2072, 38.7988 ], [ -76.2143, 38.8262 ], [ -76.1924, 38.8638 ] ] ] } },
{ "type": "Feature", "properties": { "GEOIDFQ": "1400000US24041960100", "NAME": "9601", "NAMELSAD": "Census Tract 9601" }, "geometry": { "type": "Polygon", "coordinates": [ [ [ -76.1214, 38.8824 ], [ -76.1035, 38.8823 ], [ -76.1155, 38.9137 ], [ -76.097, 38.9443 ], [ -75.9493, 38.9183 ], [ -75.9431, 38.9067 ], [ -75.9492, 38.9035 ], [ -75.9443, 38.8983 ], [ -75.9486, 38.8917 ], [ -75.9404, 38.8851 ], [ -75.9506, 38.8844 ], [ -75.9513, 38.8797 ], [ -75.9379, 38.8801 ], [ -75.9431, 38.8705 ], [ -75.9243, 38.8604 ], [ -75.9303, 38.8502 ], [ -75.919, 38.8461 ], [ -75.9278, 38.8389 ], [ -75.9013, 38.8247 ], [ -75.9065, 38.8197 ], [ -75.8963, 38.8125 ], [ -75.928, 38.7992 ], [ -75.9495, 38.7784 ], [ -75.9664, 38.7798 ], [ -75.975, 38.7745 ], [ -75.9811, 38.78 ], [ -75.9756, 38.797 ], [ -76.0184, 38.7881 ], [ -76.0429, 38.8285 ], [ -76.0808, 38.849 ], [ -76.1031, 38.8423 ], [ -76.0956, 38.8516 ], [ -76.1093, 38.8576 ], [ -76.126, 38.8765 ], [ -76.1214, 38.8824 ] ] ] } },
{ "type": "Feature", "properties": { "GEOIDFQ": "1400000US24041960400", "NAME": "9604", "NAMELSAD": "Census Tract 9604" }, "geometry": { "type": "Polygon", "coordinates": [ [ [ -76.0671, 38.7896 ], [ -76.0601, 38.8127 ], [ -76.0604, 38.7656 ], [ -76.0693, 38.7394 ], [ -76.0763, 38.7753 ], [ -76.0671, 38.7896 ] ] ] } },
{ "type": "Feature", "properties": { "GEOIDFQ": "1400000US24041960300", "NAME": "9603", "NAMELSAD": "Census Tract 9603" }, "geometry": { "type": "Polygon", "coordinates": [ [ [ -76.0794, 38.7864 ], [ -76.0653, 38.7947 ], [ -76.0763, 38.7768 ], [ -76.0711, 38.747 ], [ -76.0854, 38.7657 ], [ -76.0958, 38.7681 ], [ -76.0794, 38.7864 ] ] ] } },
{ "type": "Feature", "properties": { "GEOIDFQ": "1400000US24041960700", "NAME": "9607", "NAMELSAD": "Census Tract 9607" }, "geometry": { "type": "Polygon", "coordinates": [ [ [ -76.3035, 38.7645 ], [ -76.2734, 38.78 ], [ -76.2665, 38.807 ], [ -76.2588, 38.8123 ], [ -76.2657, 38.8292 ], [ -76.2389, 38.8395 ], [ -76.237, 38.8304 ], [ -76.2143, 38.8262 ], [ -76.2082, 38.8008 ], [ -76.193, 38.7839 ], [ -76.2027, 38.7686 ], [ -76.2183, 38.7631 ], [ -76.2257, 38.769 ], [ -76.234, 38.7629 ], [ -76.2416, 38.7356 ], [ -76.2641, 38.7246 ], [ -76.2662, 38.6992 ], [ -76.3026, 38.7176 ], [ -76.3111, 38.7539 ], [ -76.3035, 38.7645 ] ] ] } },
{ "type": "Feature", "properties": { "GEOIDFQ": "1400000US24037875502", "NAME": "8755.02", "NAMELSAD": "Census Tract 8755.02" }, "geometry": { "type": "Polygon", "coordinates": [ [ [ -76.7131, 38.3434 ], [ -76.6962, 38.3751 ], [ -76.6721, 38.3742 ], [ -76.6598, 38.3697 ], [ -76.6591, 38.3584 ], [ -76.6189, 38.3173 ], [ -76.6297, 38.2945 ], [ -76.6761, 38.3171 ], [ -76.7227, 38.3249 ], [ -76.7251, 38.3336 ], [ -76.7131, 38.3434 ] ] ] } },
{ "type": "Feature", "properties": { "GEOIDFQ": "1400000US24037876102", "NAME": "8761.02", "NAMELSAD": "Census Tract 8761.02" }, "geometry": { "type": "Polygon", "coordinates": [ [ [ -76.5566, 38.2562 ], [ -76.5202, 38.2458 ], [ -76.5071, 38.248 ], [ -76.4901, 38.2309 ], [ -76.493, 38.2269 ], [ -76.4403, 38.1937 ], [ -76.4451, 38.1863 ], [ -76.4786, 38.1807 ], [ -76.513, 38.1912 ], [ -76.5107, 38.204 ], [ -76.5224, 38.2381 ], [ -76.5655, 38.2436 ], [ -76.5566, 38.2562 ] ] ] } },
{ "type": "Feature", "properties": { "GEOIDFQ": "1400000US24037876003", "NAME": "8760.03", "NAMELSAD": "Census Tract 8760.03" }, "geometry": { "type": "Polygon", "coordinates": [ [ [ -76.5596, 38.2837 ], [ -76.5256, 38.2976 ], [ -76.5144, 38.2748 ], [ -76.4947, 38.276 ], [ -76.4883, 38.2495 ], [ -76.496, 38.2367 ], [ -76.5074, 38.2481 ], [ -76.5202, 38.2458 ], [ -76.565, 38.2581 ], [ -76.569, 38.2736 ], [ -76.5596, 38.2837 ] ] ] } },
{ "type": "Feature", "properties": { "GEOIDFQ": "1400000US24037875904", "NAME": "8759.04", "NAMELSAD": "Census Tract 8759.04" }, "geometry": { "type": "Polygon", "coordinates": [ [ [ -76.4859, 38.2643 ], [ -76.4769, 38.264 ], [ -76.4568, 38.2418 ], [ -76.4576, 38.2239 ], [ -76.4217, 38.2166 ], [ -76.4538, 38.2048 ], [ -76.485, 38.2205 ], [ -76.498, 38.2371 ], [ -76.4859, 38.2643 ] ] ] } },
{ "type": "Feature", "properties": { "GEOIDFQ": "1400000US24037876101", "NAME": "8761.01", "NAMELSAD": "Census Tract 8761.01" }, "geometry": { "type": "Polygon", "coordinates": [ [ [ -76.5697, 38.2224 ], [ -76.5931, 38.2434 ], [ -76.5919, 38.2499 ], [ -76.5508, 38.2387 ], [ -76.5224, 38.2381 ], [ -76.5107, 38.204 ], [ -76.513, 38.1912 ], [ -76.4641, 38.18 ], [ -76.45, 38.1827 ], [ -76.438, 38.1932 ], [ -76.4471, 38.1721 ], [ -76.4455, 38.1124 ], [ -76.4716, 38.0979 ], [ -76.503, 38.1333 ], [ -76.5157, 38.1365 ], [ -76.5319, 38.1311 ], [ -76.5595, 38.1846 ], [ -76.5963, 38.2106 ], [ -76.5697, 38.2224 ] ] ] } },
{ "type": "Feature", "properties": { "GEOIDFQ": "1400000US24037875501", "NAME": "8755.01", "NAMELSAD": "Census Tract 8755.01" }, "geometry": { "type": "Polygon", "coordinates": [ [ [ -76.5926, 38.3317 ], [ -76.575, 38.3134 ], [ -76.5618, 38.3161 ], [ -76.5552, 38.3049 ], [ -76.535, 38.295 ], [ -76.5687, 38.2742 ], [ -76.5668, 38.2599 ], [ -76.559, 38.2555 ], [ -76.5653, 38.2429 ], [ -76.5917, 38.2497 ], [ -76.6297, 38.2945 ], [ -76.6188, 38.3177 ], [ -76.6324, 38.3339 ], [ -76.5926, 38.3317 ] ] ] } },
{ "type": "Feature", "properties": { "GEOIDFQ": "1400000US24037875602", "NAME": "8756.02", "NAMELSAD": "Census Tract 8756.02" }, "geometry": { "type": "Polygon", "coordinates": [ [ [ -76.6059, 38.3687 ], [ -76.6104, 38.3763 ], [ -76.5923, 38.3679 ], [ -76.5199, 38.3038 ], [ -76.5343, 38.2932 ], [ -76.5552, 38.3049 ], [ -76.5618, 38.3161 ], [ -76.575, 38.3134 ], [ -76.5925, 38.3317 ], [ -76.6324, 38.3339 ], [ -76.635, 38.3392 ], [ -76.6059, 38.3687 ] ] ] } },
{ "type": "Feature", "properties": { "GEOIDFQ": "1400000US24003990000", "NAME": "9900", "NAMELSAD": "Census Tract 9900" }, "geometry": { "type": "Polygon", "coordinates": [ [ [ -76.5321, 38.7747 ], [ -76.5215, 38.7931 ], [ -76.5032, 38.7963 ], [ -76.4931, 38.8121 ], [ -76.4858, 38.8425 ], [ -76.5105, 38.8674 ], [ -76.4858, 38.8873 ], [ -76.4899, 38.9089 ], [ -76.4984, 38.9112 ], [ -76.4978, 38.9163 ], [ -76.4923, 38.9218 ], [ -76.4664, 38.9039 ], [ -76.4571, 38.9042 ], [ -76.4596, 38.9274 ], [ -76.4472, 38.9387 ], [ -76.4689, 38.9575 ], [ -76.4698, 38.9776 ], [ -76.4597, 38.9793 ], [ -76.4486, 38.9735 ], [ -76.4462, 38.9913 ], [ -76.4288, 38.9966 ], [ -76.4319, 38.9869 ], [ -76.4206, 38.9829 ], [ -76.4189, 38.9918 ], [ -76.3889, 39.0126 ], [ -76.3898, 39.0215 ], [ -76.4143, 39.0434 ], [ -76.4096, 39.0748 ], [ -76.4285, 39.1443 ], [ -76.4781, 39.1716 ], [ -76.4942, 39.1636 ], [ -76.5197, 39.1784 ], [ -76.5305, 39.1911 ], [ -76.5237, 39.1954 ], [ -76.5316, 39.2043 ], [ -76.5295, 39.2184 ], [ -76.5145, 39.2024 ], [ -76.3747, 39.1598 ], [ -76.3495, 39.1566 ], [ -76.3548, 39.1251 ], [ -76.3517, 39.0562 ], [ -76.3675, 39.0001 ], [ -76.4036, 38.9452 ], [ -76.417, 38.9088 ], [ -76.4338, 38.814 ], [ -76.4636, 38.7111 ], [ -76.5228, 38.7126 ], [ -76.5248, 38.7298 ], [ -76.5427, 38.731 ], [ -76.5506, 38.7668 ], [ -76.5321, 38.7747 ] ] ] } },
{ "type": "Feature", "properties": { "GEOIDFQ": "1400000US24037876004", "NAME": "8760.04", "NAMELSAD": "Census Tract 8760.04" }, "geometry": { "type": "Polygon", "coordinates": [ [ [ -76.5199, 38.3038 ], [ -76.4779, 38.2867 ], [ -76.4848, 38.2792 ], [ -76.5085, 38.2725 ], [ -76.5261, 38.2903 ], [ -76.5199, 38.3038 ] ] ] } },
{ "type": "Feature", "properties": { "GEOIDFQ": "1400000US24037875803", "NAME": "8758.03", "NAMELSAD": "Census Tract 8758.03" }, "geometry": { "type": "Polygon", "coordinates": [ [ [ -76.5254, 38.3241 ], [ -76.5141, 38.3209 ], [ -76.5136, 38.3303 ], [ -76.5018, 38.3423 ], [ -76.485, 38.3359 ], [ -76.4892, 38.3274 ], [ -76.4717, 38.3249 ], [ -76.4583, 38.3066 ], [ -76.4453, 38.3052 ], [ -76.4028, 38.3189 ], [ -76.374, 38.3069 ], [ -76.3645, 38.2965 ], [ -76.3797, 38.284 ], [ -76.3895, 38.2634 ], [ -76.4082, 38.2672 ], [ -76.4206, 38.2626 ], [ -76.4233, 38.2475 ], [ -76.4761, 38.2856 ], [ -76.5284, 38.3073 ], [ -76.5394, 38.3185 ], [ -76.5254, 38.3241 ] ] ] } },
{ "type": "Feature", "properties": { "GEOIDFQ": "1400000US24037875601", "NAME": "8756.01", "NAMELSAD": "Census Tract 8756.01" }, "geometry": { "type": "Polygon", "coordinates": [ [ [ -76.6947, 38.4183 ], [ -76.6058, 38.372 ], [ -76.6343, 38.3415 ], [ -76.6349, 38.3298 ], [ -76.6411, 38.3457 ], [ -76.6591, 38.3584 ], [ -76.6599, 38.3697 ], [ -76.6962, 38.3751 ], [ -76.7022, 38.4007 ], [ -76.6947, 38.4183 ] ] ] } },
{ "type": "Feature", "properties": { "GEOIDFQ": "1400000US24013507704", "NAME": "5077.04", "NAMELSAD": "Census Tract 5077.04" }, "geometry": { "type": "Polygon", "coordinates": [ [ [ -77.0088, 39.5844 ], [ -77.0206, 39.5679 ], [ -77.0291, 39.573 ], [ -77.0286, 39.5809 ], [ -77.0496, 39.5851 ], [ -77.058, 39.603 ], [ -77.0088, 39.5844 ] ] ] } },
{ "type": "Feature", "properties": { "GEOIDFQ": "1400000US24510271300", "NAME": "2713", "NAMELSAD": "Census Tract 2713" }, "geometry": { "type": "Polygon", "coordinates": [ [ [ -76.6339, 39.372 ], [ -76.6292, 39.3534 ], [ -76.6433, 39.3532 ], [ -76.6494, 39.3706 ], [ -76.6339, 39.372 ] ] ] } },
{ "type": "Feature", "properties": { "GEOIDFQ": "1400000US24033800520", "NAME": "8005.20", "NAMELSAD": "Census Tract 8005.20" }, "geometry": { "type": "Polygon", "coordinates": [ [ [ -76.7181, 38.9425 ], [ -76.7179, 38.9353 ], [ -76.723, 38.9349 ], [ -76.7275, 38.9407 ], [ -76.7181, 38.9425 ] ] ] } },
{ "type": "Feature", "properties": { "GEOIDFQ": "1400000US24510260402", "NAME": "2604.02", "NAMELSAD": "Census Tract 2604.02" }, "geometry": { "type": "Polygon", "coordinates": [ [ [ -76.5489, 39.3159 ], [ -76.5341, 39.3283 ], [ -76.5431, 39.3074 ], [ -76.5489, 39.3159 ] ] ] } },
{ "type": "Feature", "properties": { "GEOIDFQ": "1400000US24510260404", "NAME": "2604.04", "NAMELSAD": "Census Tract 2604.04" }, "geometry": { "type": "Polygon", "coordinates": [ [ [ -76.5535, 39.3002 ], [ -76.5298, 39.3104 ], [ -76.5295, 39.2971 ], [ -76.5694, 39.2925 ], [ -76.573, 39.3093 ], [ -76.5535, 39.3002 ] ] ] } },
{ "type": "Feature", "properties": { "GEOIDFQ": "1400000US24510260501", "NAME": "2605.01", "NAMELSAD": "Census Tract 2605.01" }, "geometry": { "type": "Polygon", "coordinates": [ [ [ -76.5295, 39.2971 ], [ -76.5296, 39.2849 ], [ -76.5546, 39.281 ], [ -76.5557, 39.2918 ], [ -76.5295, 39.2971 ] ] ] } },
{ "type": "Feature", "properties": { "GEOIDFQ": "1400000US24005440500", "NAME": "4405", "NAMELSAD": "Census Tract 4405" }, "geometry": { "type": "Polygon", "coordinates": [ [ [ -76.5138, 39.3699 ], [ -76.4968, 39.35 ], [ -76.5149, 39.3417 ], [ -76.5124, 39.3545 ], [ -76.5222, 39.3623 ], [ -76.5138, 39.3699 ] ] ] } },
{ "type": "Feature", "properties": { "GEOIDFQ": "1400000US24005440701", "NAME": "4407.01", "NAMELSAD": "Census Tract 4407.01" }, "geometry": { "type": "Polygon", "coordinates": [ [ [ -76.48, 39.3599 ], [ -76.4625, 39.3543 ], [ -76.4918, 39.3361 ], [ -76.4968, 39.35 ], [ -76.48, 39.3599 ] ] ] } },
{ "type": "Feature", "properties": { "GEOIDFQ": "1400000US24005440702", "NAME": "4407.02", "NAMELSAD": "Census Tract 4407.02" }, "geometry": { "type": "Polygon", "coordinates": [ [ [ -76.4542, 39.3745 ], [ -76.446, 39.3707 ], [ -76.4625, 39.3543 ], [ -76.4799, 39.3599 ], [ -76.4542, 39.3745 ] ] ] } },
{ "type": "Feature", "properties": { "GEOIDFQ": "1400000US24005440800", "NAME": "4408", "NAMELSAD": "Census Tract 4408" }, "geometry": { "type": "Polygon", "coordinates": [ [ [ -76.506, 39.3769 ], [ -76.4853, 39.3572 ], [ -76.4968, 39.35 ], [ -76.5138, 39.3699 ], [ -76.506, 39.3769 ] ] ] } },
{ "type": "Feature", "properties": { "GEOIDFQ": "1400000US24005440900", "NAME": "4409", "NAMELSAD": "Census Tract 4409" }, "geometry": { "type": "Polygon", "coordinates": [ [ [ -76.4968, 39.35 ], [ -76.4918, 39.3361 ], [ -76.4957, 39.3335 ], [ -76.514, 39.3415 ], [ -76.4968, 39.35 ] ] ] } },
{ "type": "Feature", "properties": { "GEOIDFQ": "1400000US24005492200", "NAME": "4922", "NAMELSAD": "Census Tract 4922" }, "geometry": { "type": "Polygon", "coordinates": [ [ [ -76.5227, 39.4132 ], [ -76.5276, 39.4242 ], [ -76.5176, 39.4214 ], [ -76.5095, 39.4157 ], [ -76.5232, 39.395 ], [ -76.5361, 39.3986 ], [ -76.5227, 39.4132 ] ] ] } },
{ "type": "Feature", "properties": { "GEOIDFQ": "1400000US24510090800", "NAME": "908", "NAMELSAD": "Census Tract 908" }, "geometry": { "type": "Polygon", "coordinates": [ [ [ -76.6095, 39.3195 ], [ -76.5949, 39.3172 ], [ -76.5994, 39.3119 ], [ -76.6095, 39.314 ], [ -76.6095, 39.3195 ] ] ] } },
{ "type": "Feature", "properties": { "GEOIDFQ": "1400000US24510100200", "NAME": "1002", "NAMELSAD": "Census Tract 1002" }, "geometry": { "type": "Polygon", "coordinates": [ [ [ -76.5978, 39.3017 ], [ -76.5976, 39.2983 ], [ -76.6063, 39.2979 ], [ -76.5978, 39.3017 ] ] ] } },
{ "type": "Feature", "properties": { "GEOIDFQ": "1400000US24510100300", "NAME": "1003", "NAMELSAD": "Census Tract 1003" }, "geometry": { "type": "Polygon", "coordinates": [ [ [ -76.6073, 39.3014 ], [ -76.6063, 39.2979 ], [ -76.6113, 39.2977 ], [ -76.6073, 39.3014 ] ] ] } },
{ "type": "Feature", "properties": { "GEOIDFQ": "1400000US24033800109", "NAME": "8001.09", "NAMELSAD": "Census Tract 8001.09" }, "geometry": { "type": "Polygon", "coordinates": [ [ [ -76.8711, 39.1029 ], [ -76.8552, 39.1013 ], [ -76.8498, 39.0982 ], [ -76.8757, 39.0943 ], [ -76.8711, 39.1029 ] ] ] } },
{ "type": "Feature", "properties": { "GEOIDFQ": "1400000US24033800516", "NAME": "8005.16", "NAMELSAD": "Census Tract 8005.16" }, "geometry": { "type": "Polygon", "coordinates": [ [ [ -76.7175, 38.9552 ], [ -76.7181, 38.9425 ], [ -76.7233, 38.9448 ], [ -76.7313, 38.9358 ], [ -76.7389, 38.9361 ], [ -76.7416, 38.9433 ], [ -76.7275, 38.9473 ], [ -76.7431, 38.9531 ], [ -76.7175, 38.9552 ] ] ] } },
{ "type": "Feature", "properties": { "GEOIDFQ": "1400000US24033800515", "NAME": "8005.15", "NAMELSAD": "Census Tract 8005.15" }, "geometry": { "type": "Polygon", "coordinates": [ [ [ -76.7389, 38.953 ], [ -76.7275, 38.9473 ], [ -76.7373, 38.9475 ], [ -76.7424, 38.9415 ], [ -76.7313, 38.9358 ], [ -76.7329, 38.9257 ], [ -76.743, 38.9253 ], [ -76.7508, 38.9506 ], [ -76.7389, 38.953 ] ] ] } },
{ "type": "Feature", "properties": { "GEOIDFQ": "1400000US24033803521", "NAME": "8035.21", "NAMELSAD": "Census Tract 8035.21" }, "geometry": { "type": "Polygon", "coordinates": [ [ [ -76.8412, 38.9359 ], [ -76.8235, 38.9287 ], [ -76.8172, 38.9193 ], [ -76.8388, 38.9126 ], [ -76.8518, 38.9172 ], [ -76.8547, 38.9306 ], [ -76.8412, 38.9359 ] ] ] } },
{ "type": "Feature", "properties": { "GEOIDFQ": "1400000US24033803527", "NAME": "8035.27", "NAMELSAD": "Census Tract 8035.27" }, "geometry": { "type": "Polygon", "coordinates": [ [ [ -76.8207, 38.899 ], [ -76.8073, 38.8966 ], [ -76.8196, 38.8879 ], [ -76.832, 38.8983 ], [ -76.8207, 38.899 ] ] ] } },
{ "type": "Feature", "properties": { "GEOIDFQ": "1400000US24033800706", "NAME": "8007.06", "NAMELSAD": "Census Tract 8007.06" }, "geometry": { "type": "Polygon", "coordinates": [ [ [ -76.8363, 38.7941 ], [ -76.8401, 38.8106 ], [ -76.7963, 38.783 ], [ -76.8104, 38.7567 ], [ -76.8433, 38.7869 ], [ -76.8363, 38.7941 ] ] ] } },
{ "type": "Feature", "properties": { "GEOIDFQ": "1400000US24510110100", "NAME": "1101", "NAMELSAD": "Census Tract 1101" }, "geometry": { "type": "Polygon", "coordinates": [ [ [ -76.6114, 39.305 ], [ -76.611, 39.2945 ], [ -76.6143, 39.2951 ], [ -76.6114, 39.305 ] ] ] } },
{ "type": "Feature", "properties": { "GEOIDFQ": "1400000US24510110200", "NAME": "1102", "NAMELSAD": "Census Tract 1102" }, "geometry": { "type": "Polygon", "coordinates": [ [ [ -76.6147, 39.306 ], [ -76.6143, 39.2951 ], [ -76.6198, 39.2949 ], [ -76.621, 39.307 ], [ -76.6147, 39.306 ] ] ] } },
{ "type": "Feature", "properties": { "GEOIDFQ": "1400000US24510120100", "NAME": "1201", "NAMELSAD": "Census Tract 1201" }, "geometry": { "type": "Polygon", "coordinates": [ [ [ -76.6096, 39.3398 ], [ -76.6095, 39.331 ], [ -76.618, 39.3325 ], [ -76.6258, 39.3416 ], [ -76.6096, 39.3398 ] ] ] } },
{ "type": "Feature", "properties": { "GEOIDFQ": "1400000US24510120300", "NAME": "1203", "NAMELSAD": "Census Tract 1203" }, "geometry": { "type": "Polygon", "coordinates": [ [ [ -76.6095, 39.3234 ], [ -76.6095, 39.3162 ], [ -76.6153, 39.3164 ], [ -76.6157, 39.3233 ], [ -76.6095, 39.3234 ] ] ] } },
{ "type": "Feature", "properties": { "GEOIDFQ": "1400000US24510120500", "NAME": "1205", "NAMELSAD": "Census Tract 1205" }, "geometry": { "type": "Polygon", "coordinates": [ [ [ -76.6095, 39.3114 ], [ -76.6082, 39.3048 ], [ -76.6151, 39.3062 ], [ -76.6233, 39.3108 ], [ -76.6095, 39.3114 ] ] ] } },
{ "type": "Feature", "properties": { "GEOIDFQ": "1400000US24510120600", "NAME": "1206", "NAMELSAD": "Census Tract 1206" }, "geometry": { "type": "Polygon", "coordinates": [ [ [ -76.6157, 39.3233 ], [ -76.615, 39.3111 ], [ -76.6194, 39.311 ], [ -76.6157, 39.3233 ] ] ] } },
{ "type": "Feature", "properties": { "GEOIDFQ": "1400000US24510280600", "NAME": "2806", "NAMELSAD": "Census Tract 2806" }, "geometry": { "type": "Polygon", "coordinates": [ [ [ -76.6277, 39.2946 ], [ -76.6278, 39.289 ], [ -76.6382, 39.2886 ], [ -76.6385, 39.2942 ], [ -76.6277, 39.2946 ] ] ] } },
{ "type": "Feature", "properties": { "GEOIDFQ": "1400000US24025304101", "NAME": "3041.01", "NAMELSAD": "Census Tract 3041.01" }, "geometry": { "type": "Polygon", "coordinates": [ [ [ -76.5535, 39.6439 ], [ -76.5322, 39.656 ], [ -76.4943, 39.6681 ], [ -76.4899, 39.6619 ], [ -76.4738, 39.6695 ], [ -76.4495, 39.6713 ], [ -76.4453, 39.6645 ], [ -76.4234, 39.6651 ], [ -76.4093, 39.6722 ], [ -76.4114, 39.6326 ], [ -76.398, 39.6293 ], [ -76.4443, 39.6118 ], [ -76.4572, 39.6263 ], [ -76.4748, 39.6272 ], [ -76.5007, 39.6107 ], [ -76.5398, 39.6146 ], [ -76.5553, 39.6367 ], [ -76.5535, 39.6439 ] ] ] } },
{ "type": "Feature", "properties": { "GEOIDFQ": "1400000US24025303502", "NAME": "3035.02", "NAMELSAD": "Census Tract 3035.02" }, "geometry": { "type": "Polygon", "coordinates": [ [ [ -76.3853, 39.5437 ], [ -76.3693, 39.5438 ], [ -76.3688, 39.5262 ], [ -76.3571, 39.5237 ], [ -76.369, 39.5156 ], [ -76.3847, 39.5212 ], [ -76.3928, 39.5359 ], [ -76.4005, 39.5349 ], [ -76.3853, 39.5437 ] ] ] } },
{ "type": "Feature", "properties": { "GEOIDFQ": "1400000US24025303501", "NAME": "3035.01", "NAMELSAD": "Census Tract 3035.01" }, "geometry": { "type": "Polygon", "coordinates": [ [ [ -76.3477, 39.5333 ], [ -76.329, 39.5133 ], [ -76.3268, 39.5026 ], [ -76.3502, 39.4958 ], [ -76.3463, 39.4854 ], [ -76.3593, 39.4951 ], [ -76.3536, 39.5045 ], [ -76.369, 39.5156 ], [ -76.3477, 39.5333 ] ] ] } },
{ "type": "Feature", "properties": { "GEOIDFQ": "1400000US24025303101", "NAME": "3031.01", "NAMELSAD": "Census Tract 3031.01" }, "geometry": { "type": "Polygon", "coordinates": [ [ [ -76.3306, 39.6192 ], [ -76.3152, 39.6159 ], [ -76.323, 39.6219 ], [ -76.3148, 39.6297 ], [ -76.3067, 39.6222 ], [ -76.296, 39.6305 ], [ -76.2989, 39.6212 ], [ -76.2901, 39.6129 ], [ -76.2765, 39.6141 ], [ -76.2673, 39.5982 ], [ -76.2599, 39.6015 ], [ -76.2594, 39.5963 ], [ -76.2831, 39.5907 ], [ -76.2826, 39.5792 ], [ -76.2919, 39.5732 ], [ -76.2865, 39.5551 ], [ -76.3133, 39.547 ], [ -76.3297, 39.5563 ], [ -76.3462, 39.5841 ], [ -76.3306, 39.6192 ] ] ] } },
{ "type": "Feature", "properties": { "GEOIDFQ": "1400000US24025303102", "NAME": "3031.02", "NAMELSAD": "Census Tract 3031.02" }, "geometry": { "type": "Polygon", "coordinates": [ [ [ -76.2826, 39.5792 ], [ -76.278, 39.5949 ], [ -76.2594, 39.5963 ], [ -76.2599, 39.6015 ], [ -76.2513, 39.5989 ], [ -76.2449, 39.6084 ], [ -76.2398, 39.6069 ], [ -76.2285, 39.578 ], [ -76.2328, 39.5662 ], [ -76.2643, 39.556 ], [ -76.2865, 39.5551 ], [ -76.2919, 39.5733 ], [ -76.2826, 39.5792 ] ] ] } },
{ "type": "Feature", "properties": { "GEOIDFQ": "1400000US24025303205", "NAME": "3032.05", "NAMELSAD": "Census Tract 3032.05" }, "geometry": { "type": "Polygon", "coordinates": [ [ [ -76.4219, 39.5584 ], [ -76.4237, 39.5745 ], [ -76.401, 39.5755 ], [ -76.3934, 39.5367 ], [ -76.4006, 39.5349 ], [ -76.4007, 39.542 ], [ -76.4087, 39.5457 ], [ -76.4214, 39.5425 ], [ -76.4362, 39.5506 ], [ -76.4219, 39.5584 ] ] ] } },
{ "type": "Feature", "properties": { "GEOIDFQ": "1400000US24025303803", "NAME": "3038.03", "NAMELSAD": "Census Tract 3038.03" }, "geometry": { "type": "Polygon", "coordinates": [ [ [ -76.346, 39.5523 ], [ -76.3281, 39.5469 ], [ -76.3476, 39.5348 ], [ -76.3612, 39.5453 ], [ -76.346, 39.5523 ] ] ] } },
{ "type": "Feature", "properties": { "GEOIDFQ": "1400000US24025306500", "NAME": "3065", "NAMELSAD": "Census Tract 3065" }, "geometry": { "type": "Polygon", "coordinates": [ [ [ -76.3382, 39.3966 ], [ -76.2433, 39.437 ], [ -76.2382, 39.4239 ], [ -76.2196, 39.4234 ], [ -76.1999, 39.4627 ], [ -76.1654, 39.5026 ], [ -76.1324, 39.4994 ], [ -76.1304, 39.513 ], [ -76.1247, 39.4883 ], [ -76.0386, 39.4839 ], [ -76.037, 39.4554 ], [ -76.0534, 39.4235 ], [ -76.0799, 39.4055 ], [ -76.1412, 39.3804 ], [ -76.2877, 39.2541 ], [ -76.3443, 39.2825 ], [ -76.3319, 39.2986 ], [ -76.3066, 39.3101 ], [ -76.3156, 39.3376 ], [ -76.3301, 39.3562 ], [ -76.3212, 39.3663 ], [ -76.3237, 39.3744 ], [ -76.3489, 39.3862 ], [ -76.3382, 39.3966 ] ] ] } },
{ "type": "Feature", "properties": { "GEOIDFQ": "1400000US24031700818", "NAME": "7008.18", "NAMELSAD": "Census Tract 7008.18" }, "geometry": { "type": "Polygon", "coordinates": [ [ [ -77.2547, 39.1843 ], [ -77.247, 39.1752 ], [ -77.2602, 39.1749 ], [ -77.258, 39.1619 ], [ -77.2714, 39.1738 ], [ -77.2547, 39.1843 ] ] ] } },
{ "type": "Feature", "properties": { "GEOIDFQ": "1400000US24031700901", "NAME": "7009.01", "NAMELSAD": "Census Tract 7009.01" }, "geometry": { "type": "Polygon", "coordinates": [ [ [ -77.1526, 39.0967 ], [ -77.1421, 39.0787 ], [ -77.1527, 39.0784 ], [ -77.1562, 39.089 ], [ -77.1624, 39.0894 ], [ -77.1526, 39.0967 ] ] ] } },
{ "type": "Feature", "properties": { "GEOIDFQ": "1400000US24031700903", "NAME": "7009.03", "NAMELSAD": "Census Tract 7009.03" }, "geometry": { "type": "Polygon", "coordinates": [ [ [ -77.128, 39.1069 ], [ -77.1152, 39.0886 ], [ -77.121, 39.0831 ], [ -77.1362, 39.0846 ], [ -77.1435, 39.0932 ], [ -77.128, 39.1069 ] ] ] } },
{ "type": "Feature", "properties": { "GEOIDFQ": "1400000US24031700835", "NAME": "7008.35", "NAMELSAD": "Census Tract 7008.35" }, "geometry": { "type": "Polygon", "coordinates": [ [ [ -77.2399, 39.2102 ], [ -77.2039, 39.2013 ], [ -77.2154, 39.1873 ], [ -77.2427, 39.1921 ], [ -77.2457, 39.2023 ], [ -77.2399, 39.2102 ] ] ] } },
{ "type": "Feature", "properties": { "GEOIDFQ": "1400000US24031703301", "NAME": "7033.01", "NAMELSAD": "Census Tract 7033.01" }, "geometry": { "type": "Polygon", "coordinates": [ [ [ -77.0904, 39.0787 ], [ -77.0871, 39.0792 ], [ -77.092, 39.0615 ], [ -77.1048, 39.0692 ], [ -77.0904, 39.0787 ] ] ] } },
{ "type": "Feature", "properties": { "GEOIDFQ": "1400000US24031703302", "NAME": "7033.02", "NAMELSAD": "Census Tract 7033.02" }, "geometry": { "type": "Polygon", "coordinates": [ [ [ -77.0871, 39.0792 ], [ -77.0747, 39.0805 ], [ -77.0705, 39.0774 ], [ -77.0771, 39.07 ], [ -77.0919, 39.0616 ], [ -77.0871, 39.0792 ] ] ] } },
{ "type": "Feature", "properties": { "GEOIDFQ": "1400000US24031703401", "NAME": "7034.01", "NAMELSAD": "Census Tract 7034.01" }, "geometry": { "type": "Polygon", "coordinates": [ [ [ -77.0859, 39.067 ], [ -77.0764, 39.0709 ], [ -77.0748, 39.0515 ], [ -77.0891, 39.0599 ], [ -77.0859, 39.067 ] ] ] } },
{ "type": "Feature", "properties": { "GEOIDFQ": "1400000US24031703402", "NAME": "7034.02", "NAMELSAD": "Census Tract 7034.02" }, "geometry": { "type": "Polygon", "coordinates": [ [ [ -77.0705, 39.0774 ], [ -77.0594, 39.0667 ], [ -77.0734, 39.0633 ], [ -77.0705, 39.0774 ] ] ] } },
{ "type": "Feature", "properties": { "GEOIDFQ": "1400000US24031703403", "NAME": "7034.03", "NAMELSAD": "Census Tract 7034.03" }, "geometry": { "type": "Polygon", "coordinates": [ [ [ -77.0734, 39.0633 ], [ -77.0594, 39.0667 ], [ -77.05, 39.0582 ], [ -77.0735, 39.0575 ], [ -77.0734, 39.0633 ] ] ] } },
{ "type": "Feature", "properties": { "GEOIDFQ": "1400000US24031703502", "NAME": "7035.02", "NAMELSAD": "Census Tract 7035.02" }, "geometry": { "type": "Polygon", "coordinates": [ [ [ -77.0798, 39.0489 ], [ -77.0752, 39.0494 ], [ -77.078, 39.0297 ], [ -77.0884, 39.0398 ], [ -77.0798, 39.0489 ] ] ] } },
{ "type": "Feature", "properties": { "GEOIDFQ": "1400000US24031703601", "NAME": "7036.01", "NAMELSAD": "Census Tract 7036.01" }, "geometry": { "type": "Polygon", "coordinates": [ [ [ -77.0748, 39.0515 ], [ -77.0581, 39.0413 ], [ -77.0749, 39.0329 ], [ -77.0748, 39.0515 ] ] ] } },
{ "type": "Feature", "properties": { "GEOIDFQ": "1400000US24005402409", "NAME": "4024.09", "NAMELSAD": "Census Tract 4024.09" }, "geometry": { "type": "Polygon", "coordinates": [ [ [ -76.7633, 39.3363 ], [ -76.7604, 39.3352 ], [ -76.7593, 39.3262 ], [ -76.7685, 39.3299 ], [ -76.7633, 39.3363 ] ] ] } },
{ "type": "Feature", "properties": { "GEOIDFQ": "1400000US24005402511", "NAME": "4025.11", "NAMELSAD": "Census Tract 4025.11" }, "geometry": { "type": "Polygon", "coordinates": [ [ [ -76.8077, 39.398 ], [ -76.7953, 39.4007 ], [ -76.8018, 39.3849 ], [ -76.8159, 39.3877 ], [ -76.8077, 39.398 ] ] ] } },
{ "type": "Feature", "properties": { "GEOIDFQ": "1400000US24005490304", "NAME": "4903.04", "NAMELSAD": "Census Tract 4903.04" }, "geometry": { "type": "Polygon", "coordinates": [ [ [ -76.6005, 39.4131 ], [ -76.6023, 39.4017 ], [ -76.6082, 39.4037 ], [ -76.6123, 39.4138 ], [ -76.6005, 39.4131 ] ] ] } },
{ "type": "Feature", "properties": { "GEOIDFQ": "1400000US24005490303", "NAME": "4903.03", "NAMELSAD": "Census Tract 4903.03" }, "geometry": { "type": "Polygon", "coordinates": [ [ [ -76.6293, 39.417 ], [ -76.6123, 39.4138 ], [ -76.6082, 39.4037 ], [ -76.6308, 39.4114 ], [ -76.6293, 39.417 ] ] ] } },
{ "type": "Feature", "properties": { "GEOIDFQ": "1400000US24005402510", "NAME": "4025.10", "NAMELSAD": "Census Tract 4025.10" }, "geometry": { "type": "Polygon", "coordinates": [ [ [ -76.7943, 39.4015 ], [ -76.7794, 39.4047 ], [ -76.7892, 39.3825 ], [ -76.8023, 39.3872 ], [ -76.7943, 39.4015 ] ] ] } },
{ "type": "Feature", "properties": { "GEOIDFQ": "1400000US24005403703", "NAME": "4037.03", "NAMELSAD": "Census Tract 4037.03" }, "geometry": { "type": "Polygon", "coordinates": [ [ [ -76.7376, 39.4024 ], [ -76.7285, 39.4023 ], [ -76.7225, 39.3899 ], [ -76.7341, 39.3848 ], [ -76.7449, 39.3942 ], [ -76.7376, 39.4024 ] ] ] } },
{ "type": "Feature", "properties": { "GEOIDFQ": "1400000US24005402408", "NAME": "4024.08", "NAMELSAD": "Census Tract 4024.08" }, "geometry": { "type": "Polygon", "coordinates": [ [ [ -76.7734, 39.3345 ], [ -76.7584, 39.3205 ], [ -76.7777, 39.3219 ], [ -76.7812, 39.3301 ], [ -76.7734, 39.3345 ] ] ] } },
{ "type": "Feature", "properties": { "GEOIDFQ": "1400000US24005403704", "NAME": "4037.04", "NAMELSAD": "Census Tract 4037.04" }, "geometry": { "type": "Polygon", "coordinates": [ [ [ -76.7613, 39.4219 ], [ -76.7548, 39.4192 ], [ -76.7331, 39.4379 ], [ -76.7295, 39.4355 ], [ -76.7285, 39.4023 ], [ -76.7376, 39.4024 ], [ -76.743, 39.3945 ], [ -76.7721, 39.4138 ], [ -76.7613, 39.4219 ] ] ] } },
{ "type": "Feature", "properties": { "GEOIDFQ": "1400000US24005411412", "NAME": "4114.12", "NAMELSAD": "Census Tract 4114.12" }, "geometry": { "type": "Polygon", "coordinates": [ [ [ -76.5076, 39.3896 ], [ -76.499, 39.3834 ], [ -76.5065, 39.3805 ], [ -76.5123, 39.3813 ], [ -76.5076, 39.3896 ] ] ] } },
{ "type": "Feature", "properties": { "GEOIDFQ": "1400000US24005411411", "NAME": "4114.11", "NAMELSAD": "Census Tract 4114.11" }, "geometry": { "type": "Polygon", "coordinates": [ [ [ -76.5148, 39.3949 ], [ -76.5092, 39.3853 ], [ -76.5141, 39.3804 ], [ -76.5301, 39.3886 ], [ -76.5148, 39.3949 ] ] ] } },
{ "type": "Feature", "properties": { "GEOIDFQ": "1400000US24005411413", "NAME": "4114.13", "NAMELSAD": "Census Tract 4114.13" }, "geometry": { "type": "Polygon", "coordinates": [ [ [ -76.5148, 39.3949 ], [ -76.5044, 39.3955 ], [ -76.5092, 39.3873 ], [ -76.5148, 39.3949 ] ] ] } },
{ "type": "Feature", "properties": { "GEOIDFQ": "1400000US24017850600", "NAME": "8506", "NAMELSAD": "Census Tract 8506" }, "geometry": { "type": "Polygon", "coordinates": [ [ [ -77.119, 38.5842 ], [ -77.1009, 38.5727 ], [ -77.0872, 38.551 ], [ -77.0744, 38.5459 ], [ -77.0395, 38.5495 ], [ -77.0304, 38.5795 ], [ -77.0185, 38.587 ], [ -76.9772, 38.5926 ], [ -76.9511, 38.5829 ], [ -76.9838, 38.566 ], [ -77.0058, 38.5648 ], [ -77.0149, 38.5494 ], [ -77.0133, 38.5214 ], [ -77.0317, 38.5104 ], [ -77.0448, 38.5078 ], [ -77.0772, 38.5226 ], [ -77.1016, 38.523 ], [ -77.1132, 38.5341 ], [ -77.1347, 38.541 ], [ -77.119, 38.5842 ] ] ] } },
{ "type": "Feature", "properties": { "GEOIDFQ": "1400000US24017850902", "NAME": "8509.02", "NAMELSAD": "Census Tract 8509.02" }, "geometry": { "type": "Polygon", "coordinates": [ [ [ -76.9259, 38.6116 ], [ -76.9074, 38.6011 ], [ -76.9203, 38.5817 ], [ -76.9317, 38.582 ], [ -76.9414, 38.5914 ], [ -76.9259, 38.6116 ] ] ] } }
]
}
