{
"type": "FeatureCollection",
"name": "state_28_tracts_simplified",
"crs": { "type": "name", "properties": { "name": "urn:ogc:def:crs:OGC:1.3:CRS84" } },
"features": [
{ "type": "Feature", "properties": { "GEOIDFQ": "1400000US28051950300", "NAME": "9503", "NAMELSAD": "Census Tract 9503" }, "geometry": { "type": "Polygon", "coordinates": [ [ [ -90.3264, 33.3119 ], [ -90.315, 33.3102 ], [ -90.3177, 33.3173 ], [ -90.3104, 33.3204 ], [ -90.3048, 33.3096 ], [ -90.2869, 33.3123 ], [ -90.2919, 33.3237 ], [ -90.2796, 33.3395 ], [ -90.2886, 33.3577 ], [ -90.3181, 33.363 ], [ -90.3215, 33.3751 ], [ -90.1413, 33.324 ], [ -90.1484, 33.3247 ], [ -90.1511, 33.3041 ], [ -90.1353, 33.2585 ], [ -90.1435, 33.2379 ], [ -90.1364, 33.2248 ], [ -90.1481, 33.2127 ], [ -90.1459, 33.1884 ], [ -90.1554, 33.184 ], [ -90.1679, 33.1906 ], [ -90.1685, 33.1764 ], [ -90.1627, 33.1726 ], [ -90.1702, 33.1693 ], [ -90.1668, 33.158 ], [ -90.1826, 33.1511 ], [ -90.1887, 33.1389 ], [ -90.2212, 33.135 ], [ -90.2477, 33.1117 ], [ -90.2682, 33.1156 ], [ -90.2708, 33.1255 ], [ -90.2944, 33.1469 ], [ -90.3205, 33.1569 ], [ -90.3304, 33.1689 ], [ -90.3316, 33.3028 ], [ -90.3264, 33.3119 ] ] ] } },
{ "type": "Feature", "properties": { "GEOIDFQ": "1400000US28069030100", "NAME": "301", "NAMELSAD": "Census Tract 301" }, "geometry": { "type": "Polygon", "coordinates": [ [ [ -88.6825, 32.7792 ], [ -88.6885, 32.7961 ], [ -88.6776, 32.8001 ], [ -88.6654, 32.7921 ], [ -88.6731, 32.8171 ], [ -88.6553, 32.8414 ], [ -88.6645, 32.9032 ], [ -88.6482, 32.9269 ], [ -88.3479, 32.9291 ], [ -88.3888, 32.5781 ], [ -88.6785, 32.5775 ], [ -88.6845, 32.6144 ], [ -88.6776, 32.6371 ], [ -88.6812, 32.6587 ], [ -88.6744, 32.6657 ], [ -88.6741, 32.699 ], [ -88.6554, 32.7535 ], [ -88.6751, 32.7597 ], [ -88.691, 32.7762 ], [ -88.6825, 32.7792 ] ] ] } },
{ "type": "Feature", "properties": { "GEOIDFQ": "1400000US28069030200", "NAME": "302", "NAMELSAD": "Census Tract 302" }, "geometry": { "type": "Polygon", "coordinates": [ [ [ -88.9144, 32.9266 ], [ -88.6482, 32.9269 ], [ -88.6645, 32.9032 ], [ -88.6553, 32.8414 ], [ -88.6731, 32.8171 ], [ -88.6654, 32.7921 ], [ -88.6776, 32.8001 ], [ -88.6885, 32.7961 ], [ -88.6825, 32.7792 ], [ -88.691, 32.7761 ], [ -88.6751, 32.7597 ], [ -88.6554, 32.7535 ], [ -88.6741, 32.699 ], [ -88.6744, 32.6657 ], [ -88.6812, 32.6587 ], [ -88.6776, 32.6371 ], [ -88.6845, 32.6144 ], [ -88.6785, 32.5775 ], [ -88.9145, 32.577 ], [ -88.9144, 32.9266 ] ] ] } },
{ "type": "Feature", "properties": { "GEOIDFQ": "1400000US28045030400", "NAME": "304", "NAMELSAD": "Census Tract 304" }, "geometry": { "type": "Polygon", "coordinates": [ [ [ -89.6404, 30.2955 ], [ -89.6415, 30.3034 ], [ -89.5443, 30.3319 ], [ -89.5221, 30.3313 ], [ -89.3979, 30.3628 ], [ -89.4088, 30.3378 ], [ -89.4345, 30.3295 ], [ -89.4353, 30.3112 ], [ -89.4474, 30.3001 ], [ -89.4562, 30.3003 ], [ -89.4483, 30.2662 ], [ -89.4538, 30.2508 ], [ -89.4447, 30.2469 ], [ -89.442, 30.2329 ], [ -89.4104, 30.2402 ], [ -89.4404, 30.2006 ], [ -89.4387, 30.1869 ], [ -89.4599, 30.1721 ], [ -89.5239, 30.1793 ], [ -89.5386, 30.1959 ], [ -89.5661, 30.1812 ], [ -89.5768, 30.1832 ], [ -89.5966, 30.212 ], [ -89.6157, 30.2234 ], [ -89.614, 30.2448 ], [ -89.6316, 30.257 ], [ -89.6253, 30.2635 ], [ -89.6323, 30.2686 ], [ -89.6313, 30.2798 ], [ -89.6474, 30.2913 ], [ -89.6404, 30.2955 ] ] ] } },
{ "type": "Feature", "properties": { "GEOIDFQ": "1400000US28047003312", "NAME": "33.12", "NAMELSAD": "Census Tract 33.12" }, "geometry": { "type": "Polygon", "coordinates": [ [ [ -88.9639, 30.4539 ], [ -88.9502, 30.4526 ], [ -88.9498, 30.442 ], [ -88.9594, 30.4325 ], [ -88.9781, 30.4413 ], [ -88.9639, 30.4539 ] ] ] } },
{ "type": "Feature", "properties": { "GEOIDFQ": "1400000US28105950101", "NAME": "9501.01", "NAMELSAD": "Census Tract 9501.01" }, "geometry": { "type": "Polygon", "coordinates": [ [ [ -88.7917, 33.5623 ], [ -88.7326, 33.5654 ], [ -88.7101, 33.559 ], [ -88.6715, 33.5651 ], [ -88.671, 33.426 ], [ -88.7762, 33.4259 ], [ -88.7767, 33.438 ], [ -88.7931, 33.447 ], [ -88.7849, 33.4496 ], [ -88.7959, 33.4586 ], [ -88.7798, 33.4583 ], [ -88.7689, 33.4545 ], [ -88.7686, 33.4473 ], [ -88.6975, 33.4404 ], [ -88.7065, 33.4549 ], [ -88.7067, 33.4989 ], [ -88.7155, 33.4992 ], [ -88.72, 33.5144 ], [ -88.7375, 33.5063 ], [ -88.7632, 33.5056 ], [ -88.7984, 33.4863 ], [ -88.8103, 33.4904 ], [ -88.8103, 33.504 ], [ -88.8296, 33.5024 ], [ -88.8411, 33.5204 ], [ -88.7917, 33.5623 ] ] ] } },
{ "type": "Feature", "properties": { "GEOIDFQ": "1400000US28047001401", "NAME": "14.01", "NAMELSAD": "Census Tract 14.01" }, "geometry": { "type": "Polygon", "coordinates": [ [ [ -89.0356, 30.3844 ], [ -89.0013, 30.3932 ], [ -89.0012, 30.3881 ], [ -89.0356, 30.3844 ] ] ] } },
{ "type": "Feature", "properties": { "GEOIDFQ": "1400000US28047003311", "NAME": "33.11", "NAMELSAD": "Census Tract 33.11" }, "geometry": { "type": "Polygon", "coordinates": [ [ [ -88.9512, 30.4509 ], [ -88.9363, 30.4617 ], [ -88.9351, 30.4563 ], [ -88.9085, 30.4597 ], [ -88.9064, 30.4538 ], [ -88.9172, 30.4537 ], [ -88.9171, 30.4431 ], [ -88.9339, 30.4427 ], [ -88.9342, 30.4356 ], [ -88.951, 30.4354 ], [ -88.9512, 30.4509 ] ] ] } },
{ "type": "Feature", "properties": { "GEOIDFQ": "1400000US28119950200", "NAME": "9502", "NAMELSAD": "Census Tract 9502" }, "geometry": { "type": "Polygon", "coordinates": [ [ [ -90.2668, 34.261 ], [ -90.2623, 34.25 ], [ -90.2723, 34.2475 ], [ -90.2762, 34.2385 ], [ -90.2952, 34.2349 ], [ -90.2949, 34.2607 ], [ -90.3139, 34.265 ], [ -90.2668, 34.261 ] ] ] } },
{ "type": "Feature", "properties": { "GEOIDFQ": "1400000US28119950100", "NAME": "9501", "NAMELSAD": "Census Tract 9501" }, "geometry": { "type": "Polygon", "coordinates": [ [ [ -90.4506, 34.2624 ], [ -90.399, 34.2615 ], [ -90.3995, 34.4238 ], [ -90.3019, 34.4245 ], [ -90.3043, 34.5096 ], [ -90.1985, 34.5111 ], [ -90.1941, 34.3014 ], [ -90.1667, 34.2852 ], [ -90.2203, 34.2837 ], [ -90.2614, 34.2609 ], [ -90.3215, 34.2639 ], [ -90.4508, 34.2251 ], [ -90.4506, 34.2624 ] ] ] } },
{ "type": "Feature", "properties": { "GEOIDFQ": "1400000US28119950300", "NAME": "9503", "NAMELSAD": "Census Tract 9503" }, "geometry": { "type": "Polygon", "coordinates": [ [ [ -90.4508, 34.2233 ], [ -90.3142, 34.265 ], [ -90.2949, 34.2607 ], [ -90.2952, 34.2349 ], [ -90.2762, 34.2385 ], [ -90.2723, 34.2475 ], [ -90.2623, 34.25 ], [ -90.2668, 34.261 ], [ -90.2182, 34.2841 ], [ -90.1667, 34.2852 ], [ -90.1347, 34.2659 ], [ -90.1357, 34.0729 ], [ -90.4507, 34.0729 ], [ -90.4508, 34.2233 ] ] ] } },
{ "type": "Feature", "properties": { "GEOIDFQ": "1400000US28105950401", "NAME": "9504.01", "NAMELSAD": "Census Tract 9504.01" }, "geometry": { "type": "Polygon", "coordinates": [ [ [ -88.7971, 33.4863 ], [ -88.7611, 33.4722 ], [ -88.7765, 33.469 ], [ -88.785, 33.4559 ], [ -88.7959, 33.4586 ], [ -88.7957, 33.4475 ], [ -88.8103, 33.4561 ], [ -88.7971, 33.4863 ] ] ] } },
{ "type": "Feature", "properties": { "GEOIDFQ": "1400000US28105950102", "NAME": "9501.02", "NAMELSAD": "Census Tract 9501.02" }, "geometry": { "type": "Polygon", "coordinates": [ [ [ -88.7632, 33.5056 ], [ -88.7375, 33.5063 ], [ -88.72, 33.5144 ], [ -88.7155, 33.4992 ], [ -88.7067, 33.4989 ], [ -88.7065, 33.4549 ], [ -88.6975, 33.4404 ], [ -88.7686, 33.4473 ], [ -88.7689, 33.4545 ], [ -88.7832, 33.4562 ], [ -88.7831, 33.4613 ], [ -88.7765, 33.469 ], [ -88.7611, 33.4722 ], [ -88.7971, 33.4863 ], [ -88.7632, 33.5056 ] ] ] } },
{ "type": "Feature", "properties": { "GEOIDFQ": "1400000US28105950402", "NAME": "9504.02", "NAMELSAD": "Census Tract 9504.02" }, "geometry": { "type": "Polygon", "coordinates": [ [ [ -88.8103, 33.504 ], [ -88.8103, 33.4904 ], [ -88.7971, 33.4863 ], [ -88.8073, 33.4659 ], [ -88.8139, 33.4659 ], [ -88.8153, 33.4844 ], [ -88.8296, 33.5024 ], [ -88.8103, 33.504 ] ] ] } },
{ "type": "Feature", "properties": { "GEOIDFQ": "1400000US28105950201", "NAME": "9502.01", "NAMELSAD": "Census Tract 9502.01" }, "geometry": { "type": "Polygon", "coordinates": [ [ [ -88.9488, 33.4768 ], [ -88.9219, 33.4772 ], [ -88.8936, 33.4622 ], [ -88.8455, 33.462 ], [ -88.8452, 33.4455 ], [ -88.89, 33.4333 ], [ -88.9293, 33.4368 ], [ -88.9402, 33.4402 ], [ -88.9405, 33.4601 ], [ -88.9488, 33.4768 ] ] ] } },
{ "type": "Feature", "properties": { "GEOIDFQ": "1400000US28105950701", "NAME": "9507.01", "NAMELSAD": "Census Tract 9507.01" }, "geometry": { "type": "Polygon", "coordinates": [ [ [ -88.896, 33.3361 ], [ -88.8781, 33.3511 ], [ -88.8711, 33.376 ], [ -88.8464, 33.4031 ], [ -88.7876, 33.4033 ], [ -88.7758, 33.3955 ], [ -88.7762, 33.4259 ], [ -88.671, 33.426 ], [ -88.6706, 33.2869 ], [ -88.9003, 33.2864 ], [ -88.9091, 33.3117 ], [ -88.896, 33.3361 ] ] ] } },
{ "type": "Feature", "properties": { "GEOIDFQ": "1400000US28105950604", "NAME": "9506.04", "NAMELSAD": "Census Tract 9506.04" }, "geometry": { "type": "Polygon", "coordinates": [ [ [ -88.8103, 33.4546 ], [ -88.8103, 33.4422 ], [ -88.8215, 33.4408 ], [ -88.835, 33.4274 ], [ -88.8371, 33.4502 ], [ -88.8103, 33.4546 ] ] ] } },
{ "type": "Feature", "properties": { "GEOIDFQ": "1400000US28105950702", "NAME": "9507.02", "NAMELSAD": "Census Tract 9507.02" }, "geometry": { "type": "Polygon", "coordinates": [ [ [ -89.0827, 33.4457 ], [ -89.0637, 33.4375 ], [ -89.0524, 33.4486 ], [ -89.0415, 33.4489 ], [ -89.0085, 33.4421 ], [ -88.9668, 33.4481 ], [ -88.9287, 33.4367 ], [ -88.8908, 33.4332 ], [ -88.854, 33.4407 ], [ -88.856, 33.403 ], [ -88.8464, 33.4031 ], [ -88.8711, 33.376 ], [ -88.8781, 33.3511 ], [ -88.9084, 33.315 ], [ -88.9003, 33.2864 ], [ -89.0883, 33.286 ], [ -89.0887, 33.4409 ], [ -89.0827, 33.4457 ] ] ] } },
{ "type": "Feature", "properties": { "GEOIDFQ": "1400000US28105950603", "NAME": "9506.03", "NAMELSAD": "Census Tract 9506.03" }, "geometry": { "type": "Polygon", "coordinates": [ [ [ -88.854, 33.4407 ], [ -88.8371, 33.4502 ], [ -88.835, 33.4274 ], [ -88.8215, 33.4408 ], [ -88.8103, 33.4422 ], [ -88.8103, 33.403 ], [ -88.8557, 33.4035 ], [ -88.854, 33.4407 ] ] ] } },
{ "type": "Feature", "properties": { "GEOIDFQ": "1400000US28105950202", "NAME": "9502.02", "NAMELSAD": "Census Tract 9502.02" }, "geometry": { "type": "Polygon", "coordinates": [ [ [ -89.0883, 33.562 ], [ -88.7706, 33.5652 ], [ -88.7919, 33.5623 ], [ -88.8265, 33.5367 ], [ -88.8411, 33.5203 ], [ -88.8291, 33.5017 ], [ -88.8541, 33.5057 ], [ -88.8444, 33.462 ], [ -88.8935, 33.4622 ], [ -88.9219, 33.4772 ], [ -88.9488, 33.4768 ], [ -88.9402, 33.4402 ], [ -88.9668, 33.4481 ], [ -89.0084, 33.4421 ], [ -89.052, 33.4488 ], [ -89.0652, 33.4374 ], [ -89.0827, 33.4457 ], [ -89.0887, 33.4409 ], [ -89.0883, 33.562 ] ] ] } },
{ "type": "Feature", "properties": { "GEOIDFQ": "1400000US28019950200", "NAME": "9502", "NAMELSAD": "Census Tract 9502" }, "geometry": { "type": "Polygon", "coordinates": [ [ [ -89.4112, 33.3311 ], [ -89.395, 33.338 ], [ -89.387, 33.3511 ], [ -89.3817, 33.3521 ], [ -89.3838, 33.3441 ], [ -89.3551, 33.3424 ], [ -89.3324, 33.3584 ], [ -89.2925, 33.3535 ], [ -89.2769, 33.3435 ], [ -89.2595, 33.3451 ], [ -89.2243, 33.3658 ], [ -89.2083, 33.3838 ], [ -89.1955, 33.3723 ], [ -89.1731, 33.3916 ], [ -89.1542, 33.3905 ], [ -89.1079, 33.4102 ], [ -89.0971, 33.4081 ], [ -89.0884, 33.4038 ], [ -89.0883, 33.286 ], [ -89.1089, 33.2859 ], [ -89.1089, 33.1981 ], [ -89.2134, 33.1975 ], [ -89.2139, 33.1094 ], [ -89.3179, 33.1089 ], [ -89.3164, 33.2856 ], [ -89.4538, 33.2859 ], [ -89.4539, 33.3438 ], [ -89.4112, 33.3311 ] ], [ [ -89.1768, 33.2933 ], [ -89.1701, 33.3039 ], [ -89.1596, 33.3039 ], [ -89.1622, 33.3085 ], [ -89.1447, 33.3195 ], [ -89.1391, 33.3386 ], [ -89.1232, 33.3385 ], [ -89.1386, 33.3418 ], [ -89.1743, 33.322 ], [ -89.1794, 33.3326 ], [ -89.1774, 33.3207 ], [ -89.1918, 33.3164 ], [ -89.1893, 33.3081 ], [ -89.1813, 33.3109 ], [ -89.1924, 33.2945 ], [ -89.1768, 33.2933 ] ] ] } },
{ "type": "Feature", "properties": { "GEOIDFQ": "1400000US28019950300", "NAME": "9503", "NAMELSAD": "Census Tract 9503" }, "geometry": { "type": "Polygon", "coordinates": [ [ [ -89.1813, 33.3109 ], [ -89.1893, 33.3081 ], [ -89.1918, 33.3164 ], [ -89.1774, 33.3207 ], [ -89.1794, 33.3326 ], [ -89.1743, 33.322 ], [ -89.1386, 33.3418 ], [ -89.1232, 33.3385 ], [ -89.1391, 33.3386 ], [ -89.1447, 33.3195 ], [ -89.1622, 33.3085 ], [ -89.1596, 33.3039 ], [ -89.1701, 33.3039 ], [ -89.1771, 33.2932 ], [ -89.1924, 33.2949 ], [ -89.1813, 33.3109 ] ] ] } },
{ "type": "Feature", "properties": { "GEOIDFQ": "1400000US28019950100", "NAME": "9501", "NAMELSAD": "Census Tract 9501" }, "geometry": { "type": "Polygon", "coordinates": [ [ [ -89.4463, 33.4398 ], [ -89.4467, 33.4351 ], [ -89.434, 33.4373 ], [ -89.4215, 33.4295 ], [ -89.4106, 33.4362 ], [ -89.4063, 33.4515 ], [ -89.3833, 33.4554 ], [ -89.3822, 33.4618 ], [ -89.3681, 33.464 ], [ -89.3624, 33.4734 ], [ -89.3403, 33.4695 ], [ -89.3196, 33.4967 ], [ -89.2614, 33.5187 ], [ -89.2419, 33.5162 ], [ -89.2217, 33.5281 ], [ -89.2084, 33.5252 ], [ -89.1812, 33.5328 ], [ -89.0884, 33.5332 ], [ -89.0884, 33.4038 ], [ -89.1079, 33.4102 ], [ -89.148, 33.392 ], [ -89.1731, 33.3916 ], [ -89.1955, 33.3723 ], [ -89.2083, 33.3838 ], [ -89.2243, 33.3658 ], [ -89.2592, 33.3452 ], [ -89.2769, 33.3435 ], [ -89.2925, 33.3535 ], [ -89.3324, 33.3584 ], [ -89.3551, 33.3424 ], [ -89.3838, 33.3441 ], [ -89.3817, 33.3521 ], [ -89.387, 33.3511 ], [ -89.395, 33.338 ], [ -89.4112, 33.3311 ], [ -89.4539, 33.3438 ], [ -89.454, 33.4332 ], [ -89.4463, 33.4398 ] ] ] } },
{ "type": "Feature", "properties": { "GEOIDFQ": "1400000US28049011500", "NAME": "115", "NAMELSAD": "Census Tract 115" }, "geometry": { "type": "Polygon", "coordinates": [ [ [ -90.2112, 32.3031 ], [ -90.1973, 32.2975 ], [ -90.2062, 32.286 ], [ -90.2147, 32.2954 ], [ -90.2112, 32.3031 ] ] ] } },
{ "type": "Feature", "properties": { "GEOIDFQ": "1400000US28113950103", "NAME": "9501.03", "NAMELSAD": "Census Tract 9501.03" }, "geometry": { "type": "Polygon", "coordinates": [ [ [ -90.4382, 31.2223 ], [ -90.4356, 31.232 ], [ -90.374, 31.2328 ], [ -90.3857, 31.2099 ], [ -90.3667, 31.2035 ], [ -90.3462, 31.1832 ], [ -90.3603, 31.1819 ], [ -90.3782, 31.1941 ], [ -90.4286, 31.1932 ], [ -90.4296, 31.204 ], [ -90.4471, 31.2033 ], [ -90.4484, 31.2186 ], [ -90.4382, 31.2223 ] ] ] } },
{ "type": "Feature", "properties": { "GEOIDFQ": "1400000US28071950402", "NAME": "9504.02", "NAMELSAD": "Census Tract 9504.02" }, "geometry": { "type": "Polygon", "coordinates": [ [ [ -89.7213, 34.5543 ], [ -89.4766, 34.5542 ], [ -89.4605, 34.5386 ], [ -89.4606, 34.5147 ], [ -89.4809, 34.4459 ], [ -89.4794, 34.4275 ], [ -89.484, 34.4441 ], [ -89.5193, 34.4658 ], [ -89.5285, 34.4561 ], [ -89.5453, 34.4571 ], [ -89.5596, 34.4489 ], [ -89.5538, 34.4337 ], [ -89.5581, 34.4248 ], [ -89.5693, 34.4234 ], [ -89.5882, 34.4393 ], [ -89.5932, 34.4374 ], [ -89.604, 34.4218 ], [ -89.5961, 34.4111 ], [ -89.609, 34.4099 ], [ -89.6309, 34.3683 ], [ -89.6192, 34.3586 ], [ -89.7083, 34.3542 ], [ -89.721, 34.3492 ], [ -89.7213, 34.5543 ] ] ] } },
{ "type": "Feature", "properties": { "GEOIDFQ": "1400000US28137950400", "NAME": "9504", "NAMELSAD": "Census Tract 9504" }, "geometry": { "type": "Polygon", "coordinates": [ [ [ -89.9705, 34.6413 ], [ -89.9732, 34.6543 ], [ -89.9561, 34.6377 ], [ -89.9499, 34.6145 ], [ -90.0039, 34.6093 ], [ -90.0042, 34.6405 ], [ -89.9705, 34.6413 ] ] ] } },
{ "type": "Feature", "properties": { "GEOIDFQ": "1400000US28137950100", "NAME": "9501", "NAMELSAD": "Census Tract 9501" }, "geometry": { "type": "Polygon", "coordinates": [ [ [ -89.8472, 34.7286 ], [ -89.8384, 34.7289 ], [ -89.8384, 34.7435 ], [ -89.8295, 34.7436 ], [ -89.8296, 34.7729 ], [ -89.7234, 34.7723 ], [ -89.7224, 34.6855 ], [ -89.6692, 34.6858 ], [ -89.6684, 34.5544 ], [ -89.8097, 34.5538 ], [ -89.8098, 34.5684 ], [ -89.8205, 34.5684 ], [ -89.8097, 34.5912 ], [ -89.8103, 34.5976 ], [ -89.8203, 34.5976 ], [ -89.8114, 34.6055 ], [ -89.8213, 34.6166 ], [ -89.8114, 34.6192 ], [ -89.8104, 34.6559 ], [ -89.8459, 34.6558 ], [ -89.8472, 34.7286 ] ] ] } },
{ "type": "Feature", "properties": { "GEOIDFQ": "1400000US28049002100", "NAME": "21", "NAMELSAD": "Census Tract 21" }, "geometry": { "type": "Polygon", "coordinates": [ [ [ -90.2253, 32.326 ], [ -90.2077, 32.318 ], [ -90.2229, 32.3124 ], [ -90.2229, 32.3051 ], [ -90.2348, 32.3059 ], [ -90.2367, 32.3123 ], [ -90.2253, 32.326 ] ] ] } },
{ "type": "Feature", "properties": { "GEOIDFQ": "1400000US28113950502", "NAME": "9505.02", "NAMELSAD": "Census Tract 9505.02" }, "geometry": { "type": "Polygon", "coordinates": [ [ [ -90.4813, 31.2379 ], [ -90.4831, 31.221 ], [ -90.4495, 31.231 ], [ -90.4471, 31.2033 ], [ -90.4296, 31.204 ], [ -90.4298, 31.1936 ], [ -90.4375, 31.1888 ], [ -90.5111, 31.1886 ], [ -90.5289, 31.1747 ], [ -90.5177, 31.1439 ], [ -90.5344, 31.1288 ], [ -90.5446, 31.1288 ], [ -90.5484, 31.2234 ], [ -90.4813, 31.2379 ] ] ] } },
{ "type": "Feature", "properties": { "GEOIDFQ": "1400000US28113950601", "NAME": "9506.01", "NAMELSAD": "Census Tract 9506.01" }, "geometry": { "type": "Polygon", "coordinates": [ [ [ -90.5177, 31.144 ], [ -90.5289, 31.1747 ], [ -90.5111, 31.1886 ], [ -90.4339, 31.1895 ], [ -90.4446, 31.1574 ], [ -90.4564, 31.1426 ], [ -90.4615, 31.1445 ], [ -90.4794, 31.1129 ], [ -90.5004, 31.1173 ], [ -90.5104, 31.1275 ], [ -90.5341, 31.131 ], [ -90.5177, 31.144 ] ] ] } },
{ "type": "Feature", "properties": { "GEOIDFQ": "1400000US28113950501", "NAME": "9505.01", "NAMELSAD": "Census Tract 9505.01" }, "geometry": { "type": "Polygon", "coordinates": [ [ [ -90.4928, 31.2525 ], [ -90.452, 31.2481 ], [ -90.4495, 31.231 ], [ -90.4831, 31.221 ], [ -90.4813, 31.2379 ], [ -90.4944, 31.2405 ], [ -90.4928, 31.2525 ] ] ] } },
{ "type": "Feature", "properties": { "GEOIDFQ": "1400000US28113950104", "NAME": "9501.04", "NAMELSAD": "Census Tract 9501.04" }, "geometry": { "type": "Polygon", "coordinates": [ [ [ -90.3742, 31.3168 ], [ -90.3344, 31.3265 ], [ -90.3533, 31.3501 ], [ -90.2604, 31.3503 ], [ -90.2605, 31.1683 ], [ -90.3462, 31.1832 ], [ -90.3667, 31.2035 ], [ -90.3857, 31.2099 ], [ -90.3709, 31.2353 ], [ -90.3791, 31.2545 ], [ -90.3687, 31.2682 ], [ -90.3918, 31.2778 ], [ -90.4038, 31.2921 ], [ -90.3742, 31.3168 ] ] ] } },
{ "type": "Feature", "properties": { "GEOIDFQ": "1400000US28113950602", "NAME": "9506.02", "NAMELSAD": "Census Tract 9506.02" }, "geometry": { "type": "Polygon", "coordinates": [ [ [ -90.4615, 31.1445 ], [ -90.4564, 31.1426 ], [ -90.4446, 31.1574 ], [ -90.4334, 31.1939 ], [ -90.4125, 31.1898 ], [ -90.3782, 31.1941 ], [ -90.3603, 31.1819 ], [ -90.3319, 31.1834 ], [ -90.2605, 31.1683 ], [ -90.2598, 31.0729 ], [ -90.2839, 31.0977 ], [ -90.3085, 31.098 ], [ -90.3438, 31.1147 ], [ -90.3625, 31.1175 ], [ -90.3841, 31.0875 ], [ -90.4408, 31.0873 ], [ -90.4464, 31.1013 ], [ -90.4701, 31.098 ], [ -90.4794, 31.1129 ], [ -90.4615, 31.1445 ] ] ] } },
{ "type": "Feature", "properties": { "GEOIDFQ": "1400000US28047003510", "NAME": "35.10", "NAMELSAD": "Census Tract 35.10" }, "geometry": { "type": "Polygon", "coordinates": [ [ [ -89.1903, 30.4709 ], [ -89.1455, 30.4712 ], [ -89.1454, 30.4639 ], [ -89.137, 30.4639 ], [ -89.1367, 30.4266 ], [ -89.1917, 30.4274 ], [ -89.1969, 30.4535 ], [ -89.1903, 30.4709 ] ] ] } },
{ "type": "Feature", "properties": { "GEOIDFQ": "1400000US28103950200", "NAME": "9502", "NAMELSAD": "Census Tract 9502" }, "geometry": { "type": "Polygon", "coordinates": [ [ [ -88.8131, 33.2864 ], [ -88.5565, 33.2875 ], [ -88.5721, 33.2375 ], [ -88.5614, 33.1383 ], [ -88.5712, 33.1393 ], [ -88.5789, 33.1175 ], [ -88.5719, 33.111 ], [ -88.574, 33.102 ], [ -88.5645, 33.1037 ], [ -88.5622, 33.097 ], [ -88.5878, 33.0862 ], [ -88.5903, 33.0555 ], [ -88.6106, 33.0509 ], [ -88.6183, 33.0261 ], [ -88.6105, 33.0124 ], [ -88.625, 32.9744 ], [ -88.6459, 32.9457 ], [ -88.6482, 32.9269 ], [ -88.8128, 32.926 ], [ -88.8131, 33.2864 ] ] ] } },
{ "type": "Feature", "properties": { "GEOIDFQ": "1400000US28103950300", "NAME": "9503", "NAMELSAD": "Census Tract 9503" }, "geometry": { "type": "Polygon", "coordinates": [ [ [ -88.5713, 33.1392 ], [ -88.5663, 33.1416 ], [ -88.5601, 33.1245 ], [ -88.5471, 33.1246 ], [ -88.5517, 33.1076 ], [ -88.5641, 33.0987 ], [ -88.5645, 33.1037 ], [ -88.574, 33.102 ], [ -88.5719, 33.111 ], [ -88.5789, 33.1148 ], [ -88.5713, 33.1392 ] ] ] } },
{ "type": "Feature", "properties": { "GEOIDFQ": "1400000US28103950100", "NAME": "9501", "NAMELSAD": "Census Tract 9501" }, "geometry": { "type": "Polygon", "coordinates": [ [ [ -88.6459, 32.9457 ], [ -88.625, 32.9744 ], [ -88.6105, 33.0124 ], [ -88.6183, 33.0261 ], [ -88.6106, 33.0509 ], [ -88.59, 33.0558 ], [ -88.5878, 33.0862 ], [ -88.5622, 33.097 ], [ -88.5465, 33.1212 ], [ -88.5603, 33.1248 ], [ -88.5721, 33.229 ], [ -88.5565, 33.2875 ], [ -88.3044, 33.2883 ], [ -88.3479, 32.9291 ], [ -88.6482, 32.9269 ], [ -88.6459, 32.9457 ] ] ] } },
{ "type": "Feature", "properties": { "GEOIDFQ": "1400000US28047003512", "NAME": "35.12", "NAMELSAD": "Census Tract 35.12" }, "geometry": { "type": "Polygon", "coordinates": [ [ [ -89.2758, 30.5696 ], [ -89.2357, 30.534 ], [ -89.2314, 30.4602 ], [ -89.215, 30.4467 ], [ -89.1936, 30.4416 ], [ -89.1917, 30.4274 ], [ -89.2912, 30.427 ], [ -89.3013, 30.466 ], [ -89.2745, 30.4839 ], [ -89.2844, 30.4841 ], [ -89.2998, 30.5013 ], [ -89.3, 30.513 ], [ -89.3152, 30.5308 ], [ -89.31, 30.54 ], [ -89.3166, 30.549 ], [ -89.2758, 30.5696 ] ] ] } },
{ "type": "Feature", "properties": { "GEOIDFQ": "1400000US28047003215", "NAME": "32.15", "NAMELSAD": "Census Tract 32.15" }, "geometry": { "type": "Polygon", "coordinates": [ [ [ -89.0696, 30.4715 ], [ -89.0418, 30.4716 ], [ -89.0254, 30.4555 ], [ -89.0306, 30.4497 ], [ -89.0738, 30.4513 ], [ -89.0696, 30.4715 ] ] ] } },
{ "type": "Feature", "properties": { "GEOIDFQ": "1400000US28047003406", "NAME": "34.06", "NAMELSAD": "Census Tract 34.06" }, "geometry": { "type": "Polygon", "coordinates": [ [ [ -88.9409, 30.5126 ], [ -88.9226, 30.5008 ], [ -88.9006, 30.4599 ], [ -88.9351, 30.4563 ], [ -88.936, 30.4618 ], [ -88.9444, 30.4546 ], [ -88.9707, 30.4608 ], [ -88.9704, 30.4749 ], [ -88.9614, 30.4865 ], [ -88.9664, 30.5088 ], [ -88.977, 30.5182 ], [ -88.9409, 30.5126 ] ] ] } },
{ "type": "Feature", "properties": { "GEOIDFQ": "1400000US28047003209", "NAME": "32.09", "NAMELSAD": "Census Tract 32.09" }, "geometry": { "type": "Polygon", "coordinates": [ [ [ -89.0646, 30.531 ], [ -89.0527, 30.5152 ], [ -89.0527, 30.502 ], [ -89.0101, 30.4685 ], [ -89.0137, 30.453 ], [ -89.0357, 30.4605 ], [ -89.0418, 30.4716 ], [ -89.0696, 30.4715 ], [ -89.0658, 30.5049 ], [ -89.0946, 30.524 ], [ -89.1163, 30.5261 ], [ -89.1343, 30.5686 ], [ -89.0646, 30.531 ] ] ] } },
{ "type": "Feature", "properties": { "GEOIDFQ": "1400000US28047003212", "NAME": "32.12", "NAMELSAD": "Census Tract 32.12" }, "geometry": { "type": "Polygon", "coordinates": [ [ [ -89.0848, 30.4631 ], [ -89.0876, 30.4715 ], [ -89.0696, 30.4715 ], [ -89.0697, 30.4569 ], [ -89.0867, 30.4567 ], [ -89.0928, 30.4496 ], [ -89.0848, 30.4631 ] ] ] } },
{ "type": "Feature", "properties": { "GEOIDFQ": "1400000US28047003511", "NAME": "35.11", "NAMELSAD": "Census Tract 35.11" }, "geometry": { "type": "Polygon", "coordinates": [ [ [ -89.3414, 30.5941 ], [ -89.3235, 30.5984 ], [ -89.2957, 30.5939 ], [ -89.2758, 30.5696 ], [ -89.3166, 30.549 ], [ -89.31, 30.54 ], [ -89.3152, 30.5308 ], [ -89.3, 30.513 ], [ -89.2998, 30.5013 ], [ -89.2844, 30.4841 ], [ -89.2745, 30.4839 ], [ -89.3013, 30.466 ], [ -89.2912, 30.427 ], [ -89.3414, 30.427 ], [ -89.3414, 30.5941 ] ] ] } },
{ "type": "Feature", "properties": { "GEOIDFQ": "1400000US28047003408", "NAME": "34.08", "NAMELSAD": "Census Tract 34.08" }, "geometry": { "type": "Polygon", "coordinates": [ [ [ -89.0786, 30.622 ], [ -89.0837, 30.6692 ], [ -89.0728, 30.6674 ], [ -89.0706, 30.677 ], [ -88.8845, 30.6773 ], [ -88.8839, 30.561 ], [ -88.914, 30.5585 ], [ -88.9279, 30.5511 ], [ -88.9234, 30.5335 ], [ -88.9501, 30.545 ], [ -88.9655, 30.5229 ], [ -88.984, 30.5235 ], [ -89.0416, 30.5648 ], [ -89.0552, 30.5861 ], [ -89.0866, 30.6067 ], [ -89.0786, 30.622 ] ] ] } },
{ "type": "Feature", "properties": { "GEOIDFQ": "1400000US28047003213", "NAME": "32.13", "NAMELSAD": "Census Tract 32.13" }, "geometry": { "type": "Polygon", "coordinates": [ [ [ -89.0851, 30.4686 ], [ -89.0928, 30.4495 ], [ -89.1033, 30.45 ], [ -89.1037, 30.477 ], [ -89.0851, 30.4686 ] ] ] } },
{ "type": "Feature", "properties": { "GEOIDFQ": "1400000US28047003001", "NAME": "30.01", "NAMELSAD": "Census Tract 30.01" }, "geometry": { "type": "Polygon", "coordinates": [ [ [ -89.2045, 30.3368 ], [ -89.1869, 30.3449 ], [ -89.1868, 30.3389 ], [ -89.2578, 30.3155 ], [ -89.2645, 30.3406 ], [ -89.2045, 30.3368 ] ] ] } },
{ "type": "Feature", "properties": { "GEOIDFQ": "1400000US28047003002", "NAME": "30.02", "NAMELSAD": "Census Tract 30.02" }, "geometry": { "type": "Polygon", "coordinates": [ [ [ -89.3068, 30.3384 ], [ -89.2644, 30.3423 ], [ -89.2578, 30.3155 ], [ -89.3068, 30.3093 ], [ -89.3068, 30.3384 ] ] ] } },
{ "type": "Feature", "properties": { "GEOIDFQ": "1400000US28047003306", "NAME": "33.06", "NAMELSAD": "Census Tract 33.06" }, "geometry": { "type": "Polygon", "coordinates": [ [ [ -88.8915, 30.4466 ], [ -88.8913, 30.4211 ], [ -88.8999, 30.4265 ], [ -88.9001, 30.4466 ], [ -88.8915, 30.4466 ] ] ] } },
{ "type": "Feature", "properties": { "GEOIDFQ": "1400000US28047003409", "NAME": "34.09", "NAMELSAD": "Census Tract 34.09" }, "geometry": { "type": "Polygon", "coordinates": [ [ [ -89.0706, 30.677 ], [ -89.0728, 30.6674 ], [ -89.0837, 30.6691 ], [ -89.0786, 30.622 ], [ -89.0861, 30.6038 ], [ -89.056, 30.5868 ], [ -89.0435, 30.5665 ], [ -89.0075, 30.5401 ], [ -89.0427, 30.498 ], [ -89.0527, 30.502 ], [ -89.0527, 30.5152 ], [ -89.0649, 30.5313 ], [ -89.1343, 30.5686 ], [ -89.1381, 30.677 ], [ -89.0706, 30.677 ] ] ] } },
{ "type": "Feature", "properties": { "GEOIDFQ": "1400000US28047003514", "NAME": "35.14", "NAMELSAD": "Census Tract 35.14" }, "geometry": { "type": "Polygon", "coordinates": [ [ [ -89.1828, 30.5986 ], [ -89.1352, 30.5697 ], [ -89.1113, 30.5004 ], [ -89.1712, 30.5155 ], [ -89.1692, 30.5421 ], [ -89.1836, 30.5487 ], [ -89.187, 30.57 ], [ -89.2084, 30.5864 ], [ -89.1828, 30.5986 ] ] ] } },
{ "type": "Feature", "properties": { "GEOIDFQ": "1400000US28045030502", "NAME": "305.02", "NAMELSAD": "Census Tract 305.02" }, "geometry": { "type": "Polygon", "coordinates": [ [ [ -89.3659, 30.4004 ], [ -89.3516, 30.4008 ], [ -89.3698, 30.376 ], [ -89.378, 30.3754 ], [ -89.3814, 30.3861 ], [ -89.3659, 30.4004 ] ] ] } },
{ "type": "Feature", "properties": { "GEOIDFQ": "1400000US28045030304", "NAME": "303.04", "NAMELSAD": "Census Tract 303.04" }, "geometry": { "type": "Polygon", "coordinates": [ [ [ -89.4334, 30.3147 ], [ -89.4357, 30.3285 ], [ -89.4275, 30.3307 ], [ -89.3785, 30.3061 ], [ -89.4012, 30.299 ], [ -89.4475, 30.3003 ], [ -89.4334, 30.3147 ] ] ] } },
{ "type": "Feature", "properties": { "GEOIDFQ": "1400000US28045030605", "NAME": "306.05", "NAMELSAD": "Census Tract 306.05" }, "geometry": { "type": "Polygon", "coordinates": [ [ [ -89.4724, 30.479 ], [ -89.4684, 30.4852 ], [ -89.4431, 30.4894 ], [ -89.4431, 30.4821 ], [ -89.428, 30.4819 ], [ -89.4278, 30.4774 ], [ -89.4029, 30.498 ], [ -89.3799, 30.4935 ], [ -89.3419, 30.5017 ], [ -89.3414, 30.4205 ], [ -89.3607, 30.425 ], [ -89.4118, 30.4044 ], [ -89.4432, 30.4117 ], [ -89.4771, 30.4307 ], [ -89.4817, 30.4426 ], [ -89.4651, 30.447 ], [ -89.4948, 30.4797 ], [ -89.4724, 30.479 ] ] ] } },
{ "type": "Feature", "properties": { "GEOIDFQ": "1400000US28045030501", "NAME": "305.01", "NAMELSAD": "Census Tract 305.01" }, "geometry": { "type": "Polygon", "coordinates": [ [ [ -89.3927, 30.3804 ], [ -89.396, 30.3869 ], [ -89.3707, 30.4162 ], [ -89.3577, 30.4106 ], [ -89.3414, 30.4205 ], [ -89.3413, 30.4102 ], [ -89.3792, 30.3908 ], [ -89.377, 30.3728 ], [ -89.4011, 30.3653 ], [ -89.4058, 30.3745 ], [ -89.3927, 30.3804 ] ] ] } },
{ "type": "Feature", "properties": { "GEOIDFQ": "1400000US28045030503", "NAME": "305.03", "NAMELSAD": "Census Tract 305.03" }, "geometry": { "type": "Polygon", "coordinates": [ [ [ -89.3698, 30.376 ], [ -89.3532, 30.4027 ], [ -89.3413, 30.4102 ], [ -89.3409, 30.3733 ], [ -89.3569, 30.3667 ], [ -89.3661, 30.3523 ], [ -89.3827, 30.3489 ], [ -89.4019, 30.365 ], [ -89.3698, 30.376 ] ] ] } },
{ "type": "Feature", "properties": { "GEOIDFQ": "1400000US28045030604", "NAME": "306.04", "NAMELSAD": "Census Tract 306.04" }, "geometry": { "type": "Polygon", "coordinates": [ [ [ -89.5445, 30.5169 ], [ -89.5442, 30.6484 ], [ -89.4281, 30.6478 ], [ -89.4169, 30.6392 ], [ -89.4071, 30.6148 ], [ -89.4141, 30.6006 ], [ -89.4065, 30.58 ], [ -89.4107, 30.5526 ], [ -89.431, 30.5267 ], [ -89.4343, 30.4946 ], [ -89.428, 30.4819 ], [ -89.4431, 30.4821 ], [ -89.4431, 30.4894 ], [ -89.4923, 30.4775 ], [ -89.4956, 30.493 ], [ -89.5277, 30.4867 ], [ -89.5278, 30.4942 ], [ -89.5562, 30.4953 ], [ -89.5627, 30.5129 ], [ -89.5445, 30.5169 ] ] ] } },
{ "type": "Feature", "properties": { "GEOIDFQ": "1400000US28045030603", "NAME": "306.03", "NAMELSAD": "Census Tract 306.03" }, "geometry": { "type": "Polygon", "coordinates": [ [ [ -89.4307, 30.5276 ], [ -89.4107, 30.5526 ], [ -89.4065, 30.5804 ], [ -89.4141, 30.6006 ], [ -89.4072, 30.6152 ], [ -89.4145, 30.6365 ], [ -89.4281, 30.6478 ], [ -89.3414, 30.6477 ], [ -89.3417, 30.5013 ], [ -89.3799, 30.4935 ], [ -89.4029, 30.498 ], [ -89.4284, 30.4774 ], [ -89.4344, 30.4992 ], [ -89.4307, 30.5276 ] ] ] } },
{ "type": "Feature", "properties": { "GEOIDFQ": "1400000US28003950600", "NAME": "9506", "NAMELSAD": "Census Tract 9506" }, "geometry": { "type": "Polygon", "coordinates": [ [ [ -88.4925, 34.8255 ], [ -88.48, 34.8384 ], [ -88.4731, 34.8381 ], [ -88.4878, 34.858 ], [ -88.4723, 34.8699 ], [ -88.4756, 34.8764 ], [ -88.4481, 34.8831 ], [ -88.475, 34.9051 ], [ -88.4648, 34.9037 ], [ -88.4441, 34.9128 ], [ -88.4358, 34.9121 ], [ -88.4361, 34.9012 ], [ -88.4207, 34.9029 ], [ -88.4157, 34.911 ], [ -88.4241, 34.9298 ], [ -88.4038, 34.9243 ], [ -88.3937, 34.9297 ], [ -88.3984, 34.9444 ], [ -88.392, 34.9551 ], [ -88.3642, 34.9508 ], [ -88.3655, 34.7556 ], [ -88.481, 34.7559 ], [ -88.4805, 34.769 ], [ -88.4867, 34.7698 ], [ -88.4792, 34.7774 ], [ -88.4805, 34.7868 ], [ -88.4949, 34.8142 ], [ -88.4925, 34.8255 ] ] ] } },
{ "type": "Feature", "properties": { "GEOIDFQ": "1400000US28023950400", "NAME": "9504", "NAMELSAD": "Census Tract 9504" }, "geometry": { "type": "Polygon", "coordinates": [ [ [ -88.7477, 32.041 ], [ -88.7429, 32.0364 ], [ -88.7372, 32.0515 ], [ -88.7505, 32.0656 ], [ -88.7421, 32.0749 ], [ -88.7303, 32.0767 ], [ -88.7305, 32.0695 ], [ -88.7047, 32.0741 ], [ -88.6887, 32.0687 ], [ -88.6732, 32.0746 ], [ -88.6698, 32.0608 ], [ -88.6791, 32.0041 ], [ -88.7235, 31.986 ], [ -88.7326, 32.0214 ], [ -88.7414, 32.0193 ], [ -88.7552, 32.036 ], [ -88.7477, 32.041 ] ] ] } },
{ "type": "Feature", "properties": { "GEOIDFQ": "1400000US28023950100", "NAME": "9501", "NAMELSAD": "Census Tract 9501" }, "geometry": { "type": "Polygon", "coordinates": [ [ [ -88.6947, 32.168 ], [ -88.7074, 32.1804 ], [ -88.6924, 32.2059 ], [ -88.7002, 32.2256 ], [ -88.4314, 32.2277 ], [ -88.4732, 31.8939 ], [ -88.6224, 31.8572 ], [ -88.6909, 31.8466 ], [ -88.6889, 31.8756 ], [ -88.6754, 31.8806 ], [ -88.6948, 31.8836 ], [ -88.694, 31.9013 ], [ -88.6875, 31.905 ], [ -88.6892, 31.9126 ], [ -88.7003, 31.9156 ], [ -88.6773, 31.9296 ], [ -88.702, 31.9499 ], [ -88.7046, 31.9747 ], [ -88.7173, 31.9884 ], [ -88.6791, 32.0041 ], [ -88.6703, 32.0655 ], [ -88.6746, 32.0753 ], [ -88.6887, 32.0687 ], [ -88.7047, 32.0741 ], [ -88.7182, 32.0709 ], [ -88.7234, 32.1014 ], [ -88.6947, 32.168 ] ] ] } },
{ "type": "Feature", "properties": { "GEOIDFQ": "1400000US28003950100", "NAME": "9501", "NAMELSAD": "Census Tract 9501" }, "geometry": { "type": "Polygon", "coordinates": [ [ [ -88.4791, 34.9608 ], [ -88.4788, 34.996 ], [ -88.3635, 34.9955 ], [ -88.3642, 34.9508 ], [ -88.392, 34.9551 ], [ -88.3984, 34.9444 ], [ -88.3937, 34.9297 ], [ -88.4038, 34.9243 ], [ -88.4241, 34.9298 ], [ -88.4157, 34.911 ], [ -88.4257, 34.9009 ], [ -88.4361, 34.9012 ], [ -88.4358, 34.9121 ], [ -88.475, 34.9051 ], [ -88.4867, 34.9158 ], [ -88.4807, 34.9333 ], [ -88.491, 34.9573 ], [ -88.4791, 34.9608 ] ] ] } },
{ "type": "Feature", "properties": { "GEOIDFQ": "1400000US28003950300", "NAME": "9503", "NAMELSAD": "Census Tract 9503" }, "geometry": { "type": "Polygon", "coordinates": [ [ [ -88.5285, 34.9958 ], [ -88.5267, 34.9567 ], [ -88.5145, 34.933 ], [ -88.5451, 34.9382 ], [ -88.5474, 34.9309 ], [ -88.5761, 34.9271 ], [ -88.5707, 34.9309 ], [ -88.5809, 34.931 ], [ -88.5751, 34.942 ], [ -88.584, 34.9453 ], [ -88.5861, 34.9819 ], [ -88.6059, 34.9956 ], [ -88.5285, 34.9958 ] ] ] } },
{ "type": "Feature", "properties": { "GEOIDFQ": "1400000US28003950700", "NAME": "9507", "NAMELSAD": "Census Tract 9507" }, "geometry": { "type": "Polygon", "coordinates": [ [ [ -88.753, 34.8473 ], [ -88.7167, 34.8528 ], [ -88.704, 34.8675 ], [ -88.6752, 34.8655 ], [ -88.6654, 34.8704 ], [ -88.6649, 34.8569 ], [ -88.6399, 34.8622 ], [ -88.6212, 34.8542 ], [ -88.5589, 34.8579 ], [ -88.5568, 34.8435 ], [ -88.518, 34.8406 ], [ -88.5062, 34.8449 ], [ -88.4976, 34.8633 ], [ -88.4837, 34.8579 ], [ -88.4725, 34.8427 ], [ -88.4927, 34.8253 ], [ -88.495, 34.814 ], [ -88.4805, 34.7868 ], [ -88.4792, 34.7774 ], [ -88.4867, 34.7698 ], [ -88.4805, 34.769 ], [ -88.481, 34.7559 ], [ -88.7531, 34.7571 ], [ -88.753, 34.8473 ] ] ] } },
{ "type": "Feature", "properties": { "GEOIDFQ": "1400000US28087000600", "NAME": "6", "NAMELSAD": "Census Tract 6" }, "geometry": { "type": "Polygon", "coordinates": [ [ [ -88.4003, 33.4944 ], [ -88.3923, 33.4974 ], [ -88.3631, 33.4932 ], [ -88.3623, 33.4689 ], [ -88.3816, 33.4783 ], [ -88.402, 33.4766 ], [ -88.4003, 33.4944 ] ] ] } },
{ "type": "Feature", "properties": { "GEOIDFQ": "1400000US28087000800", "NAME": "8", "NAMELSAD": "Census Tract 8" }, "geometry": { "type": "Polygon", "coordinates": [ [ [ -88.3947, 33.5287 ], [ -88.392, 33.5388 ], [ -88.3837, 33.5423 ], [ -88.3948, 33.5163 ], [ -88.3923, 33.4974 ], [ -88.415, 33.4969 ], [ -88.4166, 33.5161 ], [ -88.3947, 33.5287 ] ] ] } },
{ "type": "Feature", "properties": { "GEOIDFQ": "1400000US28087000500", "NAME": "5", "NAMELSAD": "Census Tract 5" }, "geometry": { "type": "Polygon", "coordinates": [ [ [ -88.3637, 33.5195 ], [ -88.3631, 33.4932 ], [ -88.3923, 33.4974 ], [ -88.3953, 33.5136 ], [ -88.3637, 33.5195 ] ] ] } },
{ "type": "Feature", "properties": { "GEOIDFQ": "1400000US28087001000", "NAME": "10", "NAMELSAD": "Census Tract 10" }, "geometry": { "type": "Polygon", "coordinates": [ [ [ -88.6716, 33.5066 ], [ -88.6009, 33.5079 ], [ -88.566, 33.5263 ], [ -88.5552, 33.5216 ], [ -88.5508, 33.5284 ], [ -88.5433, 33.5271 ], [ -88.5253, 33.5504 ], [ -88.5083, 33.5443 ], [ -88.5044, 33.5363 ], [ -88.4808, 33.5242 ], [ -88.4997, 33.5207 ], [ -88.4855, 33.5001 ], [ -88.4543, 33.4879 ], [ -88.4346, 33.494 ], [ -88.4328, 33.4555 ], [ -88.4425, 33.4433 ], [ -88.4394, 33.4284 ], [ -88.4262, 33.4193 ], [ -88.4041, 33.4215 ], [ -88.3968, 33.3787 ], [ -88.3756, 33.3529 ], [ -88.382, 33.3512 ], [ -88.3916, 33.3638 ], [ -88.404, 33.3653 ], [ -88.4035, 33.3793 ], [ -88.417, 33.3841 ], [ -88.4416, 33.3772 ], [ -88.4471, 33.3819 ], [ -88.5, 33.3827 ], [ -88.5317, 33.3734 ], [ -88.5838, 33.3748 ], [ -88.6002, 33.3851 ], [ -88.6213, 33.3814 ], [ -88.63, 33.3712 ], [ -88.6394, 33.3747 ], [ -88.6374, 33.3528 ], [ -88.6706, 33.3528 ], [ -88.6716, 33.5066 ] ] ] } },
{ "type": "Feature", "properties": { "GEOIDFQ": "1400000US28087001100", "NAME": "11", "NAMELSAD": "Census Tract 11" }, "geometry": { "type": "Polygon", "coordinates": [ [ [ -88.6706, 33.3528 ], [ -88.6374, 33.3528 ], [ -88.6394, 33.3747 ], [ -88.63, 33.3712 ], [ -88.6213, 33.3814 ], [ -88.6002, 33.3851 ], [ -88.5838, 33.3748 ], [ -88.5317, 33.3734 ], [ -88.5, 33.3827 ], [ -88.4471, 33.3819 ], [ -88.4416, 33.3772 ], [ -88.4089, 33.3824 ], [ -88.4028, 33.3771 ], [ -88.4047, 33.3661 ], [ -88.3971, 33.3637 ], [ -88.3971, 33.3419 ], [ -88.382, 33.3339 ], [ -88.3749, 33.3347 ], [ -88.3724, 33.3429 ], [ -88.3624, 33.3434 ], [ -88.3588, 33.3255 ], [ -88.3237, 33.3184 ], [ -88.3028, 33.3022 ], [ -88.3044, 33.2883 ], [ -88.6531, 33.2868 ], [ -88.6706, 33.2869 ], [ -88.6706, 33.3528 ] ] ] } },
{ "type": "Feature", "properties": { "GEOIDFQ": "1400000US28087000700", "NAME": "7", "NAMELSAD": "Census Tract 7" }, "geometry": { "type": "Polygon", "coordinates": [ [ [ -88.4334, 33.4953 ], [ -88.3923, 33.4974 ], [ -88.4006, 33.494 ], [ -88.4143, 33.4617 ], [ -88.4332, 33.4569 ], [ -88.4334, 33.4953 ] ] ] } },
{ "type": "Feature", "properties": { "GEOIDFQ": "1400000US28059040901", "NAME": "409.01", "NAMELSAD": "Census Tract 409.01" }, "geometry": { "type": "Polygon", "coordinates": [ [ [ -88.8092, 30.3723 ], [ -88.8031, 30.3806 ], [ -88.749, 30.3481 ], [ -88.7474, 30.352 ], [ -88.7182, 30.3436 ], [ -88.7438, 30.3734 ], [ -88.7384, 30.3826 ], [ -88.7239, 30.3812 ], [ -88.721, 30.3998 ], [ -88.6888, 30.3933 ], [ -88.677, 30.3727 ], [ -88.6702, 30.3727 ], [ -88.6826, 30.3642 ], [ -88.6649, 30.3623 ], [ -88.665, 30.346 ], [ -88.7055, 30.3271 ], [ -88.7451, 30.3289 ], [ -88.8003, 30.3572 ], [ -88.8134, 30.3752 ], [ -88.8092, 30.3723 ] ] ] } },
{ "type": "Feature", "properties": { "GEOIDFQ": "1400000US28059042700", "NAME": "427", "NAMELSAD": "Census Tract 427" }, "geometry": { "type": "Polygon", "coordinates": [ [ [ -88.5041, 30.3587 ], [ -88.5098, 30.3679 ], [ -88.4993, 30.3681 ], [ -88.5072, 30.39 ], [ -88.4886, 30.4018 ], [ -88.4886, 30.4271 ], [ -88.4748, 30.4566 ], [ -88.4332, 30.4611 ], [ -88.4005, 30.4742 ], [ -88.3922, 30.3127 ], [ -88.5, 30.3112 ], [ -88.5142, 30.3312 ], [ -88.5041, 30.3587 ] ] ] } },
{ "type": "Feature", "properties": { "GEOIDFQ": "1400000US28059041400", "NAME": "414", "NAMELSAD": "Census Tract 414" }, "geometry": { "type": "Polygon", "coordinates": [ [ [ -88.5741, 30.419 ], [ -88.5504, 30.4239 ], [ -88.5433, 30.4181 ], [ -88.5434, 30.3895 ], [ -88.5556, 30.3913 ], [ -88.5595, 30.4055 ], [ -88.5678, 30.4048 ], [ -88.5741, 30.419 ] ] ] } },
{ "type": "Feature", "properties": { "GEOIDFQ": "1400000US28059042500", "NAME": "425", "NAMELSAD": "Census Tract 425" }, "geometry": { "type": "Polygon", "coordinates": [ [ [ -88.554, 30.3547 ], [ -88.5376, 30.3548 ], [ -88.5363, 30.3403 ], [ -88.5638, 30.3447 ], [ -88.554, 30.3547 ] ] ] } },
{ "type": "Feature", "properties": { "GEOIDFQ": "1400000US28035000200", "NAME": "2", "NAMELSAD": "Census Tract 2" }, "geometry": { "type": "Polygon", "coordinates": [ [ [ -89.3143, 31.3247 ], [ -89.2974, 31.3248 ], [ -89.2833, 31.3161 ], [ -89.2981, 31.3178 ], [ -89.3058, 31.311 ], [ -89.3143, 31.3247 ] ] ] } },
{ "type": "Feature", "properties": { "GEOIDFQ": "1400000US28133950600", "NAME": "9506", "NAMELSAD": "Census Tract 9506" }, "geometry": { "type": "Polygon", "coordinates": [ [ [ -90.7644, 33.4447 ], [ -90.723, 33.4425 ], [ -90.6675, 33.4568 ], [ -90.6772, 33.4498 ], [ -90.6775, 33.417 ], [ -90.6562, 33.4314 ], [ -90.6336, 33.4249 ], [ -90.633, 33.4381 ], [ -90.6215, 33.4372 ], [ -90.625, 33.4585 ], [ -90.632, 33.4598 ], [ -90.5969, 33.4916 ], [ -90.5909, 33.4911 ], [ -90.5914, 33.4839 ], [ -90.5625, 33.4622 ], [ -90.5783, 33.4488 ], [ -90.5722, 33.4377 ], [ -90.5916, 33.4271 ], [ -90.5826, 33.4239 ], [ -90.6016, 33.4078 ], [ -90.6019, 33.3867 ], [ -90.59, 33.373 ], [ -90.5812, 33.3697 ], [ -90.5759, 33.3763 ], [ -90.5627, 33.3693 ], [ -90.5728, 33.3578 ], [ -90.5643, 33.3475 ], [ -90.5897, 33.3411 ], [ -90.5889, 33.2706 ], [ -90.7638, 33.2704 ], [ -90.7644, 33.4447 ] ] ] } },
{ "type": "Feature", "properties": { "GEOIDFQ": "1400000US28133950300", "NAME": "9503", "NAMELSAD": "Census Tract 9503" }, "geometry": { "type": "Polygon", "coordinates": [ [ [ -90.7635, 33.5578 ], [ -90.7371, 33.5581 ], [ -90.7321, 33.5671 ], [ -90.7102, 33.5658 ], [ -90.6376, 33.5365 ], [ -90.6153, 33.5507 ], [ -90.6094, 33.5653 ], [ -90.59, 33.5655 ], [ -90.5785, 33.572 ], [ -90.5575, 33.5697 ], [ -90.5396, 33.6014 ], [ -90.5213, 33.6009 ], [ -90.5226, 33.5936 ], [ -90.4523, 33.5932 ], [ -90.4527, 33.4613 ], [ -90.5625, 33.4622 ], [ -90.5969, 33.4916 ], [ -90.6212, 33.4728 ], [ -90.6598, 33.47 ], [ -90.6584, 33.458 ], [ -90.723, 33.4425 ], [ -90.7645, 33.4457 ], [ -90.7635, 33.5578 ] ] ] } },
{ "type": "Feature", "properties": { "GEOIDFQ": "1400000US28133950500", "NAME": "9505", "NAMELSAD": "Census Tract 9505" }, "geometry": { "type": "Polygon", "coordinates": [ [ [ -90.5996, 33.4134 ], [ -90.5826, 33.4239 ], [ -90.5916, 33.4271 ], [ -90.5722, 33.4377 ], [ -90.5783, 33.4488 ], [ -90.5625, 33.4622 ], [ -90.4527, 33.4613 ], [ -90.4532, 33.3295 ], [ -90.5555, 33.3292 ], [ -90.5552, 33.2705 ], [ -90.5889, 33.2706 ], [ -90.5897, 33.3411 ], [ -90.5643, 33.3475 ], [ -90.5728, 33.3578 ], [ -90.5627, 33.3699 ], [ -90.5759, 33.3763 ], [ -90.5812, 33.3697 ], [ -90.59, 33.373 ], [ -90.6018, 33.3869 ], [ -90.5996, 33.4134 ] ] ] } },
{ "type": "Feature", "properties": { "GEOIDFQ": "1400000US28135950400", "NAME": "9504", "NAMELSAD": "Census Tract 9504" }, "geometry": { "type": "Polygon", "coordinates": [ [ [ -90.4503, 33.96 ], [ -90.43, 33.9493 ], [ -90.4112, 33.9592 ], [ -90.403, 33.9557 ], [ -90.3821, 33.9614 ], [ -90.3586, 33.9483 ], [ -90.354, 33.9374 ], [ -90.3408, 33.9376 ], [ -90.3307, 33.9138 ], [ -90.3203, 33.9126 ], [ -90.3088, 33.8994 ], [ -90.2946, 33.9001 ], [ -90.2851, 33.9129 ], [ -90.2849, 33.8807 ], [ -90.2773, 33.8848 ], [ -90.275, 33.9092 ], [ -90.2619, 33.9082 ], [ -90.2456, 33.9236 ], [ -90.2295, 33.9193 ], [ -90.1918, 33.9336 ], [ -90.1892, 33.9113 ], [ -90.1805, 33.912 ], [ -90.1637, 33.8898 ], [ -90.1495, 33.8823 ], [ -90.063, 33.8829 ], [ -90.0721, 33.8965 ], [ -90.0698, 33.9178 ], [ -90.0562, 33.9203 ], [ -90.0311, 33.9099 ], [ -90.0041, 33.9154 ], [ -89.9924, 33.8945 ], [ -89.9527, 33.9119 ], [ -89.9261, 33.8927 ], [ -89.9263, 33.8239 ], [ -89.9783, 33.824 ], [ -89.9784, 33.8097 ], [ -90.1365, 33.8093 ], [ -90.1368, 33.7216 ], [ -90.2204, 33.7221 ], [ -90.2422, 33.737 ], [ -90.2517, 33.7317 ], [ -90.2634, 33.7015 ], [ -90.2805, 33.6941 ], [ -90.3, 33.698 ], [ -90.3116, 33.7158 ], [ -90.3056, 33.7427 ], [ -90.2958, 33.7508 ], [ -90.2362, 33.7658 ], [ -90.2271, 33.7592 ], [ -90.1856, 33.7655 ], [ -90.1712, 33.7873 ], [ -90.1826, 33.8093 ], [ -90.4516, 33.8114 ], [ -90.4503, 33.96 ] ] ] } },
{ "type": "Feature", "properties": { "GEOIDFQ": "1400000US28135950100", "NAME": "9501", "NAMELSAD": "Census Tract 9501" }, "geometry": { "type": "Polygon", "coordinates": [ [ [ -90.243, 33.9357 ], [ -90.2346, 33.9346 ], [ -90.2399, 33.9464 ], [ -90.2203, 33.9619 ], [ -90.2246, 33.9647 ], [ -90.2186, 33.9685 ], [ -90.2298, 33.9787 ], [ -90.2259, 33.986 ], [ -90.1838, 34.0059 ], [ -90.1943, 34.0249 ], [ -90.186, 34.0241 ], [ -90.1834, 34.037 ], [ -90.1733, 34.043 ], [ -90.1858, 34.0465 ], [ -90.1899, 34.0729 ], [ -90.1357, 34.0729 ], [ -90.1355, 34.1601 ], [ -89.9586, 34.1596 ], [ -89.9661, 34.1644 ], [ -89.9315, 34.1643 ], [ -89.9317, 34.1443 ], [ -89.9255, 34.1406 ], [ -89.9261, 33.8927 ], [ -89.9527, 33.9119 ], [ -89.9924, 33.8945 ], [ -90.0041, 33.9154 ], [ -90.0311, 33.9099 ], [ -90.0562, 33.9203 ], [ -90.0698, 33.9178 ], [ -90.0721, 33.8965 ], [ -90.063, 33.8829 ], [ -90.1495, 33.8823 ], [ -90.1637, 33.8898 ], [ -90.1805, 33.912 ], [ -90.1892, 33.9113 ], [ -90.1898, 33.9336 ], [ -90.2297, 33.9193 ], [ -90.2501, 33.9255 ], [ -90.243, 33.9357 ] ], [ [ -90.0449, 33.9981 ], [ -90.0425, 34.0168 ], [ -90.0537, 34.0162 ], [ -90.0574, 34.0221 ], [ -90.0663, 34.0085 ], [ -90.0759, 34.0057 ], [ -90.0449, 33.9981 ] ] ] } },
{ "type": "Feature", "properties": { "GEOIDFQ": "1400000US28135950300", "NAME": "9503", "NAMELSAD": "Census Tract 9503" }, "geometry": { "type": "Polygon", "coordinates": [ [ [ -90.451, 34.0729 ], [ -90.1899, 34.0729 ], [ -90.1858, 34.0465 ], [ -90.1733, 34.043 ], [ -90.1834, 34.037 ], [ -90.186, 34.0241 ], [ -90.1943, 34.0249 ], [ -90.1838, 34.0059 ], [ -90.2259, 33.986 ], [ -90.2298, 33.9788 ], [ -90.2185, 33.9685 ], [ -90.2246, 33.9648 ], [ -90.2218, 33.9589 ], [ -90.2396, 33.9469 ], [ -90.2345, 33.9348 ], [ -90.2433, 33.9354 ], [ -90.2609, 33.909 ], [ -90.275, 33.9092 ], [ -90.2785, 33.882 ], [ -90.2849, 33.8807 ], [ -90.2851, 33.9129 ], [ -90.2946, 33.9001 ], [ -90.3088, 33.8994 ], [ -90.3203, 33.9126 ], [ -90.3307, 33.9138 ], [ -90.3408, 33.9376 ], [ -90.354, 33.9374 ], [ -90.3586, 33.9483 ], [ -90.3821, 33.9614 ], [ -90.403, 33.9557 ], [ -90.4112, 33.9592 ], [ -90.43, 33.9493 ], [ -90.4503, 33.96 ], [ -90.451, 34.0729 ] ] ] } },
{ "type": "Feature", "properties": { "GEOIDFQ": "1400000US28015950100", "NAME": "9501", "NAMELSAD": "Census Tract 9501" }, "geometry": { "type": "Polygon", "coordinates": [ [ [ -90.1169, 33.6041 ], [ -90.1153, 33.6098 ], [ -90.1079, 33.6063 ], [ -90.1091, 33.6315 ], [ -90.1018, 33.6511 ], [ -90.1082, 33.6542 ], [ -90.1034, 33.6618 ], [ -90.1178, 33.6619 ], [ -90.1278, 33.677 ], [ -89.7869, 33.6767 ], [ -89.7852, 33.4867 ], [ -89.9208, 33.4979 ], [ -89.9559, 33.4619 ], [ -89.972, 33.4695 ], [ -89.9951, 33.4671 ], [ -90.0019, 33.4753 ], [ -90.0098, 33.4723 ], [ -90.0127, 33.4804 ], [ -90.0189, 33.4751 ], [ -90.0345, 33.4773 ], [ -90.0399, 33.4869 ], [ -90.0444, 33.4832 ], [ -90.0478, 33.4912 ], [ -90.0537, 33.489 ], [ -90.0682, 33.5026 ], [ -90.0851, 33.5077 ], [ -90.0955, 33.5033 ], [ -90.1016, 33.4871 ], [ -90.102, 33.6038 ], [ -90.1301, 33.604 ], [ -90.1169, 33.6041 ] ] ] } },
{ "type": "Feature", "properties": { "GEOIDFQ": "1400000US28053950300", "NAME": "9503", "NAMELSAD": "Census Tract 9503" }, "geometry": { "type": "Polygon", "coordinates": [ [ [ -90.4899, 33.2051 ], [ -90.4882, 33.198 ], [ -90.4621, 33.1981 ], [ -90.4602, 33.1849 ], [ -90.4992, 33.1638 ], [ -90.4971, 33.1881 ], [ -90.5202, 33.2044 ], [ -90.4899, 33.2051 ] ] ] } },
{ "type": "Feature", "properties": { "GEOIDFQ": "1400000US28081950102", "NAME": "9501.02", "NAMELSAD": "Census Tract 9501.02" }, "geometry": { "type": "Polygon", "coordinates": [ [ [ -88.5417, 34.5092 ], [ -88.5425, 34.3863 ], [ -88.5687, 34.3901 ], [ -88.5689, 34.396 ], [ -88.6094, 34.418 ], [ -88.6289, 34.4146 ], [ -88.6311, 34.4364 ], [ -88.6663, 34.447 ], [ -88.6661, 34.4922 ], [ -88.6751, 34.4948 ], [ -88.682, 34.5091 ], [ -88.5417, 34.5092 ] ] ] } },
{ "type": "Feature", "properties": { "GEOIDFQ": "1400000US28081950302", "NAME": "9503.02", "NAMELSAD": "Census Tract 9503.02" }, "geometry": { "type": "Polygon", "coordinates": [ [ [ -88.668, 34.228 ], [ -88.6555, 34.2518 ], [ -88.64, 34.2644 ], [ -88.5445, 34.2648 ], [ -88.5436, 34.1804 ], [ -88.5569, 34.1916 ], [ -88.5738, 34.1842 ], [ -88.5955, 34.1843 ], [ -88.608, 34.1907 ], [ -88.6556, 34.1957 ], [ -88.6553, 34.1867 ], [ -88.6633, 34.1835 ], [ -88.6815, 34.2208 ], [ -88.668, 34.228 ] ] ] } },
{ "type": "Feature", "properties": { "GEOIDFQ": "1400000US28081950901", "NAME": "9509.01", "NAMELSAD": "Census Tract 9509.01" }, "geometry": { "type": "Polygon", "coordinates": [ [ [ -88.7459, 34.2555 ], [ -88.7285, 34.2562 ], [ -88.7286, 34.2511 ], [ -88.7463, 34.247 ], [ -88.7462, 34.2283 ], [ -88.7618, 34.2283 ], [ -88.766, 34.2361 ], [ -88.77, 34.2315 ], [ -88.7766, 34.2485 ], [ -88.7459, 34.2555 ] ] ] } },
{ "type": "Feature", "properties": { "GEOIDFQ": "1400000US28081951002", "NAME": "9510.02", "NAMELSAD": "Census Tract 9510.02" }, "geometry": { "type": "Polygon", "coordinates": [ [ [ -88.7451, 34.2063 ], [ -88.708, 34.2095 ], [ -88.703, 34.1625 ], [ -88.7295, 34.1626 ], [ -88.7539, 34.1919 ], [ -88.7451, 34.2063 ] ] ] } },
{ "type": "Feature", "properties": { "GEOIDFQ": "1400000US28081950101", "NAME": "9501.01", "NAMELSAD": "Census Tract 9501.01" }, "geometry": { "type": "Polygon", "coordinates": [ [ [ -88.7894, 34.4949 ], [ -88.7367, 34.4947 ], [ -88.7365, 34.5089 ], [ -88.682, 34.5091 ], [ -88.6751, 34.4948 ], [ -88.6661, 34.4922 ], [ -88.6663, 34.447 ], [ -88.6311, 34.4364 ], [ -88.6288, 34.4125 ], [ -88.6561, 34.3968 ], [ -88.6713, 34.4039 ], [ -88.6776, 34.3847 ], [ -88.6787, 34.4192 ], [ -88.6909, 34.3918 ], [ -88.7213, 34.4078 ], [ -88.7699, 34.4082 ], [ -88.7734, 34.4257 ], [ -88.7897, 34.4262 ], [ -88.7894, 34.4949 ] ] ] } },
{ "type": "Feature", "properties": { "GEOIDFQ": "1400000US28133950401", "NAME": "9504.01", "NAMELSAD": "Census Tract 9504.01" }, "geometry": { "type": "Polygon", "coordinates": [ [ [ -90.6584, 33.458 ], [ -90.6598, 33.47 ], [ -90.633, 33.4691 ], [ -90.6081, 33.4788 ], [ -90.6322, 33.4595 ], [ -90.625, 33.4585 ], [ -90.6214, 33.4425 ], [ -90.6677, 33.4552 ], [ -90.6584, 33.458 ] ] ] } },
{ "type": "Feature", "properties": { "GEOIDFQ": "1400000US28049011300", "NAME": "113", "NAMELSAD": "Census Tract 113" }, "geometry": { "type": "Polygon", "coordinates": [ [ [ -90.7269, 32.2415 ], [ -90.694, 32.2738 ], [ -90.6644, 32.2611 ], [ -90.6717, 32.252 ], [ -90.6499, 32.2374 ], [ -90.604, 32.2254 ], [ -90.5869, 32.2147 ], [ -90.5541, 32.2272 ], [ -90.5353, 32.2141 ], [ -90.5368, 32.1942 ], [ -90.5452, 32.1925 ], [ -90.5423, 32.1693 ], [ -90.5122, 32.1669 ], [ -90.518, 32.1547 ], [ -90.5478, 32.1396 ], [ -90.5381, 32.1249 ], [ -90.5448, 32.1156 ], [ -90.543, 32.0957 ], [ -90.5521, 32.083 ], [ -90.5501, 32.0752 ], [ -90.5184, 32.0622 ], [ -90.515, 32.05 ], [ -90.7183, 32.0484 ], [ -90.7269, 32.2415 ] ] ] } },
{ "type": "Feature", "properties": { "GEOIDFQ": "1400000US28065950102", "NAME": "9501.02", "NAMELSAD": "Census Tract 9501.02" }, "geometry": { "type": "Polygon", "coordinates": [ [ [ -89.8806, 31.6106 ], [ -89.8584, 31.6145 ], [ -89.8759, 31.7673 ], [ -89.7551, 31.7747 ], [ -89.7556, 31.609 ], [ -89.7672, 31.5949 ], [ -89.7668, 31.5852 ], [ -89.7943, 31.5938 ], [ -89.8034, 31.5891 ], [ -89.8258, 31.5918 ], [ -89.8311, 31.5861 ], [ -89.8629, 31.5951 ], [ -89.8688, 31.5893 ], [ -89.9, 31.5883 ], [ -89.8806, 31.6106 ] ] ] } },
{ "type": "Feature", "properties": { "GEOIDFQ": "1400000US28065950101", "NAME": "9501.01", "NAMELSAD": "Census Tract 9501.01" }, "geometry": { "type": "Polygon", "coordinates": [ [ [ -89.9746, 31.7617 ], [ -89.8759, 31.7673 ], [ -89.8584, 31.6145 ], [ -89.8806, 31.6106 ], [ -89.903, 31.5875 ], [ -89.9635, 31.5881 ], [ -89.9753, 31.5928 ], [ -89.9746, 31.7617 ] ] ] } },
{ "type": "Feature", "properties": { "GEOIDFQ": "1400000US28141950102", "NAME": "9501.02", "NAMELSAD": "Census Tract 9501.02" }, "geometry": { "type": "Polygon", "coordinates": [ [ [ -88.2557, 34.9065 ], [ -88.2055, 34.8999 ], [ -88.1988, 34.9192 ], [ -88.1789, 34.9236 ], [ -88.1711, 34.9219 ], [ -88.1696, 34.9134 ], [ -88.1607, 34.9308 ], [ -88.1389, 34.9089 ], [ -88.0979, 34.8922 ], [ -88.1047, 34.8344 ], [ -88.1711, 34.823 ], [ -88.1655, 34.8336 ], [ -88.1808, 34.8334 ], [ -88.1851, 34.8595 ], [ -88.2187, 34.8428 ], [ -88.2221, 34.832 ], [ -88.2262, 34.8474 ], [ -88.244, 34.8488 ], [ -88.2519, 34.8563 ], [ -88.2493, 34.8704 ], [ -88.2621, 34.8938 ], [ -88.2557, 34.9065 ] ] ] } },
{ "type": "Feature", "properties": { "GEOIDFQ": "1400000US28141950101", "NAME": "9501.01", "NAMELSAD": "Census Tract 9501.01" }, "geometry": { "type": "Polygon", "coordinates": [ [ [ -88.3635, 34.9955 ], [ -88.2, 34.9956 ], [ -88.1607, 34.9308 ], [ -88.1696, 34.9134 ], [ -88.1711, 34.9219 ], [ -88.1789, 34.9236 ], [ -88.1988, 34.9192 ], [ -88.2055, 34.8999 ], [ -88.256, 34.9062 ], [ -88.262, 34.8932 ], [ -88.2429, 34.8434 ], [ -88.2561, 34.8386 ], [ -88.2856, 34.8558 ], [ -88.3014, 34.8517 ], [ -88.3126, 34.8562 ], [ -88.3103, 34.864 ], [ -88.3324, 34.8711 ], [ -88.3445, 34.851 ], [ -88.3655, 34.8548 ], [ -88.3635, 34.9955 ] ] ] } },
{ "type": "Feature", "properties": { "GEOIDFQ": "1400000US28141950302", "NAME": "9503.02", "NAMELSAD": "Census Tract 9503.02" }, "geometry": { "type": "Polygon", "coordinates": [ [ [ -88.3655, 34.8543 ], [ -88.3445, 34.851 ], [ -88.3324, 34.8711 ], [ -88.3103, 34.864 ], [ -88.3126, 34.8562 ], [ -88.3012, 34.8517 ], [ -88.2856, 34.8558 ], [ -88.2561, 34.8386 ], [ -88.243, 34.8433 ], [ -88.2428, 34.8486 ], [ -88.2272, 34.8481 ], [ -88.2114, 34.8179 ], [ -88.1984, 34.8121 ], [ -88.215, 34.8081 ], [ -88.2018, 34.8057 ], [ -88.2164, 34.775 ], [ -88.2203, 34.7827 ], [ -88.2334, 34.7827 ], [ -88.2434, 34.7742 ], [ -88.2783, 34.7689 ], [ -88.2852, 34.7789 ], [ -88.2998, 34.7686 ], [ -88.3188, 34.7878 ], [ -88.3239, 34.7767 ], [ -88.3394, 34.7737 ], [ -88.3433, 34.7553 ], [ -88.3659, 34.7567 ], [ -88.3655, 34.8543 ] ] ] } },
{ "type": "Feature", "properties": { "GEOIDFQ": "1400000US28141950402", "NAME": "9504.02", "NAMELSAD": "Census Tract 9504.02" }, "geometry": { "type": "Polygon", "coordinates": [ [ [ -88.2183, 34.5335 ], [ -88.2308, 34.5991 ], [ -88.1721, 34.6187 ], [ -88.1485, 34.6386 ], [ -88.1308, 34.6448 ], [ -88.1563, 34.4632 ], [ -88.2143, 34.4634 ], [ -88.205, 34.4681 ], [ -88.2048, 34.4779 ], [ -88.2216, 34.4793 ], [ -88.2496, 34.4933 ], [ -88.2492, 34.5049 ], [ -88.2573, 34.5093 ], [ -88.2183, 34.5335 ] ] ] } },
{ "type": "Feature", "properties": { "GEOIDFQ": "1400000US28141950401", "NAME": "9504.01", "NAMELSAD": "Census Tract 9504.01" }, "geometry": { "type": "Polygon", "coordinates": [ [ [ -88.3305, 34.6981 ], [ -88.3141, 34.6883 ], [ -88.3051, 34.6966 ], [ -88.3111, 34.7075 ], [ -88.2857, 34.6915 ], [ -88.2773, 34.7053 ], [ -88.2612, 34.7095 ], [ -88.2539, 34.6966 ], [ -88.2395, 34.6994 ], [ -88.2261, 34.6895 ], [ -88.2206, 34.6909 ], [ -88.2221, 34.7097 ], [ -88.1908, 34.7085 ], [ -88.1726, 34.6945 ], [ -88.1679, 34.6827 ], [ -88.1536, 34.687 ], [ -88.1314, 34.7091 ], [ -88.1206, 34.7091 ], [ -88.1308, 34.6448 ], [ -88.1485, 34.6386 ], [ -88.1721, 34.6187 ], [ -88.2308, 34.5991 ], [ -88.2183, 34.5335 ], [ -88.2573, 34.5089 ], [ -88.2492, 34.5049 ], [ -88.2496, 34.4933 ], [ -88.2216, 34.4793 ], [ -88.2048, 34.4779 ], [ -88.206, 34.4672 ], [ -88.3292, 34.4636 ], [ -88.3305, 34.6981 ] ] ] } },
{ "type": "Feature", "properties": { "GEOIDFQ": "1400000US28141950301", "NAME": "9503.01", "NAMELSAD": "Census Tract 9503.01" }, "geometry": { "type": "Polygon", "coordinates": [ [ [ -88.3432, 34.7554 ], [ -88.3394, 34.7737 ], [ -88.3239, 34.7767 ], [ -88.3188, 34.7878 ], [ -88.2998, 34.7686 ], [ -88.2852, 34.7789 ], [ -88.2783, 34.7689 ], [ -88.2434, 34.7742 ], [ -88.2334, 34.7827 ], [ -88.2203, 34.7827 ], [ -88.2164, 34.775 ], [ -88.2038, 34.8023 ], [ -88.1837, 34.8017 ], [ -88.1837, 34.8061 ], [ -88.1725, 34.7889 ], [ -88.1666, 34.81 ], [ -88.1711, 34.823 ], [ -88.1047, 34.8344 ], [ -88.1206, 34.7091 ], [ -88.1314, 34.7091 ], [ -88.1601, 34.6837 ], [ -88.1734, 34.6853 ], [ -88.1724, 34.6943 ], [ -88.1893, 34.7084 ], [ -88.2096, 34.7097 ], [ -88.2221, 34.7097 ], [ -88.2206, 34.6909 ], [ -88.2263, 34.6895 ], [ -88.2395, 34.6994 ], [ -88.2539, 34.6966 ], [ -88.2612, 34.7095 ], [ -88.2773, 34.7053 ], [ -88.2857, 34.6915 ], [ -88.3111, 34.7075 ], [ -88.3057, 34.6931 ], [ -88.3167, 34.6873 ], [ -88.3305, 34.6981 ], [ -88.3307, 34.7407 ], [ -88.3483, 34.7409 ], [ -88.3484, 34.7554 ], [ -88.3432, 34.7554 ] ] ] } },
{ "type": "Feature", "properties": { "GEOIDFQ": "1400000US28085950401", "NAME": "9504.01", "NAMELSAD": "Census Tract 9504.01" }, "geometry": { "type": "Polygon", "coordinates": [ [ [ -90.5703, 31.4698 ], [ -90.55, 31.4694 ], [ -90.5209, 31.4907 ], [ -90.5097, 31.4771 ], [ -90.4791, 31.4772 ], [ -90.4798, 31.4506 ], [ -90.4477, 31.4418 ], [ -90.4628, 31.385 ], [ -90.4547, 31.3495 ], [ -90.527, 31.3494 ], [ -90.527, 31.364 ], [ -90.5618, 31.3769 ], [ -90.5564, 31.4185 ], [ -90.5848, 31.4229 ], [ -90.5703, 31.4698 ] ] ] } },
{ "type": "Feature", "properties": { "GEOIDFQ": "1400000US28085950601", "NAME": "9506.01", "NAMELSAD": "Census Tract 9506.01" }, "geometry": { "type": "Polygon", "coordinates": [ [ [ -90.473, 31.5821 ], [ -90.4418, 31.5821 ], [ -90.4543, 31.5468 ], [ -90.4797, 31.543 ], [ -90.473, 31.5821 ] ] ] } },
{ "type": "Feature", "properties": { "GEOIDFQ": "1400000US28085950602", "NAME": "9506.02", "NAMELSAD": "Census Tract 9506.02" }, "geometry": { "type": "Polygon", "coordinates": [ [ [ -90.4421, 31.5809 ], [ -90.4215, 31.5813 ], [ -90.4239, 31.5587 ], [ -90.4533, 31.5497 ], [ -90.4421, 31.5809 ] ] ] } },
{ "type": "Feature", "properties": { "GEOIDFQ": "1400000US28085950301", "NAME": "9503.01", "NAMELSAD": "Census Tract 9503.01" }, "geometry": { "type": "Polygon", "coordinates": [ [ [ -90.4533, 31.5496 ], [ -90.4225, 31.5602 ], [ -90.4195, 31.596 ], [ -90.401, 31.597 ], [ -90.3615, 31.5868 ], [ -90.3489, 31.596 ], [ -90.3274, 31.5938 ], [ -90.2992, 31.5813 ], [ -90.253, 31.5874 ], [ -90.2447, 31.5833 ], [ -90.2445, 31.4879 ], [ -90.2836, 31.484 ], [ -90.3032, 31.4887 ], [ -90.3037, 31.4813 ], [ -90.3231, 31.4776 ], [ -90.328, 31.4679 ], [ -90.3466, 31.4822 ], [ -90.3703, 31.4787 ], [ -90.398, 31.4833 ], [ -90.4344, 31.4993 ], [ -90.448, 31.4905 ], [ -90.4577, 31.5307 ], [ -90.4533, 31.5496 ] ] ] } },
{ "type": "Feature", "properties": { "GEOIDFQ": "1400000US28097950302", "NAME": "9503.02", "NAMELSAD": "Census Tract 9503.02" }, "geometry": { "type": "Polygon", "coordinates": [ [ [ -89.6779, 33.479 ], [ -89.6789, 33.4749 ], [ -89.6981, 33.4699 ], [ -89.7057, 33.4585 ], [ -89.7115, 33.4606 ], [ -89.7243, 33.4765 ], [ -89.7357, 33.4779 ], [ -89.7366, 33.5083 ], [ -89.6779, 33.479 ] ] ] } },
{ "type": "Feature", "properties": { "GEOIDFQ": "1400000US28097950301", "NAME": "9503.01", "NAMELSAD": "Census Tract 9503.01" }, "geometry": { "type": "Polygon", "coordinates": [ [ [ -89.7857, 33.5431 ], [ -89.7739, 33.5525 ], [ -89.7536, 33.5556 ], [ -89.7441, 33.5521 ], [ -89.732, 33.5338 ], [ -89.7357, 33.4779 ], [ -89.7243, 33.4765 ], [ -89.7044, 33.4556 ], [ -89.7227, 33.4346 ], [ -89.729, 33.4385 ], [ -89.7311, 33.4592 ], [ -89.7752, 33.4592 ], [ -89.7855, 33.4522 ], [ -89.7857, 33.5431 ] ] ] } },
{ "type": "Feature", "properties": { "GEOIDFQ": "1400000US28059041102", "NAME": "411.02", "NAMELSAD": "Census Tract 411.02" }, "geometry": { "type": "Polygon", "coordinates": [ [ [ -88.647, 30.3849 ], [ -88.6444, 30.3518 ], [ -88.665, 30.346 ], [ -88.6649, 30.3623 ], [ -88.6826, 30.3642 ], [ -88.6702, 30.3727 ], [ -88.677, 30.3727 ], [ -88.6888, 30.3933 ], [ -88.647, 30.3849 ] ] ] } },
{ "type": "Feature", "properties": { "GEOIDFQ": "1400000US28059040205", "NAME": "402.05", "NAMELSAD": "Census Tract 402.05" }, "geometry": { "type": "Polygon", "coordinates": [ [ [ -88.6866, 30.5717 ], [ -88.6525, 30.5885 ], [ -88.6522, 30.6059 ], [ -88.6411, 30.6107 ], [ -88.6394, 30.5983 ], [ -88.6304, 30.6003 ], [ -88.6276, 30.5931 ], [ -88.6133, 30.5968 ], [ -88.6207, 30.5855 ], [ -88.6049, 30.5893 ], [ -88.604, 30.5954 ], [ -88.5855, 30.5904 ], [ -88.5849, 30.5982 ], [ -88.571, 30.5847 ], [ -88.5831, 30.5786 ], [ -88.5852, 30.5606 ], [ -88.5766, 30.555 ], [ -88.5935, 30.5446 ], [ -88.5875, 30.5401 ], [ -88.5924, 30.5332 ], [ -88.5849, 30.5327 ], [ -88.5908, 30.5227 ], [ -88.6176, 30.5159 ], [ -88.6188, 30.5047 ], [ -88.6114, 30.4971 ], [ -88.6166, 30.4897 ], [ -88.6091, 30.4981 ], [ -88.6046, 30.4935 ], [ -88.6101, 30.481 ], [ -88.6034, 30.4643 ], [ -88.6093, 30.4596 ], [ -88.6141, 30.4649 ], [ -88.6136, 30.4562 ], [ -88.6192, 30.4561 ], [ -88.6328, 30.486 ], [ -88.6515, 30.4734 ], [ -88.6737, 30.4798 ], [ -88.6867, 30.4946 ], [ -88.6938, 30.517 ], [ -88.6866, 30.5717 ] ] ] } },
{ "type": "Feature", "properties": { "GEOIDFQ": "1400000US28059041302", "NAME": "413.02", "NAMELSAD": "Census Tract 413.02" }, "geometry": { "type": "Polygon", "coordinates": [ [ [ -88.5218, 30.5347 ], [ -88.5016, 30.5007 ], [ -88.4723, 30.4789 ], [ -88.4697, 30.4613 ], [ -88.4906, 30.4196 ], [ -88.5091, 30.4196 ], [ -88.5113, 30.4251 ], [ -88.5195, 30.419 ], [ -88.5315, 30.4497 ], [ -88.5356, 30.5105 ], [ -88.5425, 30.5246 ], [ -88.5218, 30.5347 ] ] ] } },
{ "type": "Feature", "properties": { "GEOIDFQ": "1400000US28059040801", "NAME": "408.01", "NAMELSAD": "Census Tract 408.01" }, "geometry": { "type": "Polygon", "coordinates": [ [ [ -88.7154, 30.4135 ], [ -88.7192, 30.4674 ], [ -88.6938, 30.517 ], [ -88.674, 30.4801 ], [ -88.6473, 30.4729 ], [ -88.653, 30.4538 ], [ -88.6667, 30.4488 ], [ -88.6496, 30.4246 ], [ -88.6557, 30.4055 ], [ -88.647, 30.3849 ], [ -88.7208, 30.4 ], [ -88.7154, 30.4135 ] ] ] } },
{ "type": "Feature", "properties": { "GEOIDFQ": "1400000US28059040104", "NAME": "401.04", "NAMELSAD": "Census Tract 401.04" }, "geometry": { "type": "Polygon", "coordinates": [ [ [ -88.6611, 30.7347 ], [ -88.5049, 30.735 ], [ -88.513, 30.7177 ], [ -88.5129, 30.6902 ], [ -88.4924, 30.6585 ], [ -88.5201, 30.659 ], [ -88.5614, 30.6426 ], [ -88.5896, 30.6409 ], [ -88.6233, 30.6148 ], [ -88.6411, 30.6107 ], [ -88.6518, 30.6329 ], [ -88.6445, 30.6516 ], [ -88.6283, 30.6514 ], [ -88.6383, 30.6628 ], [ -88.6286, 30.6672 ], [ -88.6381, 30.6706 ], [ -88.6321, 30.6816 ], [ -88.6344, 30.6986 ], [ -88.6472, 30.7062 ], [ -88.6423, 30.7133 ], [ -88.6471, 30.7209 ], [ -88.6549, 30.7183 ], [ -88.6541, 30.7284 ], [ -88.6666, 30.7282 ], [ -88.6611, 30.7347 ] ] ] } },
{ "type": "Feature", "properties": { "GEOIDFQ": "1400000US28059041101", "NAME": "411.01", "NAMELSAD": "Census Tract 411.01" }, "geometry": { "type": "Polygon", "coordinates": [ [ [ -88.6102, 30.3776 ], [ -88.611, 30.3735 ], [ -88.6322, 30.3543 ], [ -88.6444, 30.3518 ], [ -88.6472, 30.3836 ], [ -88.6102, 30.3776 ] ] ] } },
{ "type": "Feature", "properties": { "GEOIDFQ": "1400000US28059040103", "NAME": "401.03", "NAMELSAD": "Census Tract 401.03" }, "geometry": { "type": "Polygon", "coordinates": [ [ [ -88.6233, 30.6148 ], [ -88.5896, 30.6409 ], [ -88.5614, 30.6426 ], [ -88.5201, 30.659 ], [ -88.4924, 30.6585 ], [ -88.481, 30.5854 ], [ -88.4874, 30.5575 ], [ -88.4996, 30.5433 ], [ -88.5474, 30.5222 ], [ -88.5547, 30.4982 ], [ -88.5776, 30.4957 ], [ -88.5898, 30.5043 ], [ -88.5859, 30.5092 ], [ -88.5935, 30.5182 ], [ -88.603, 30.5147 ], [ -88.5849, 30.5322 ], [ -88.5924, 30.5332 ], [ -88.5875, 30.5401 ], [ -88.5936, 30.5445 ], [ -88.5767, 30.5548 ], [ -88.5852, 30.5606 ], [ -88.5834, 30.5771 ], [ -88.571, 30.5847 ], [ -88.5849, 30.5982 ], [ -88.5855, 30.5904 ], [ -88.604, 30.5954 ], [ -88.6049, 30.5893 ], [ -88.6208, 30.5856 ], [ -88.6126, 30.5962 ], [ -88.6276, 30.5931 ], [ -88.6304, 30.6003 ], [ -88.6394, 30.5983 ], [ -88.6411, 30.6107 ], [ -88.6233, 30.6148 ] ] ] } },
{ "type": "Feature", "properties": { "GEOIDFQ": "1400000US28059040702", "NAME": "407.02", "NAMELSAD": "Census Tract 407.02" }, "geometry": { "type": "Polygon", "coordinates": [ [ [ -88.7956, 30.4217 ], [ -88.7474, 30.4309 ], [ -88.7392, 30.4398 ], [ -88.7175, 30.4417 ], [ -88.7491, 30.4258 ], [ -88.749, 30.4071 ], [ -88.8058, 30.4139 ], [ -88.7956, 30.4217 ] ] ] } },
{ "type": "Feature", "properties": { "GEOIDFQ": "1400000US28059041001", "NAME": "410.01", "NAMELSAD": "Census Tract 410.01" }, "geometry": { "type": "Polygon", "coordinates": [ [ [ -88.6552, 30.4105 ], [ -88.6397, 30.3966 ], [ -88.6119, 30.3912 ], [ -88.6102, 30.3776 ], [ -88.647, 30.3849 ], [ -88.6552, 30.4105 ] ] ] } },
{ "type": "Feature", "properties": { "GEOIDFQ": "1400000US28059040106", "NAME": "401.06", "NAMELSAD": "Census Tract 401.06" }, "geometry": { "type": "Polygon", "coordinates": [ [ [ -88.5049, 30.735 ], [ -88.4126, 30.7356 ], [ -88.408, 30.6369 ], [ -88.4408, 30.6296 ], [ -88.4734, 30.6504 ], [ -88.4918, 30.6533 ], [ -88.5128, 30.6896 ], [ -88.5131, 30.7161 ], [ -88.5049, 30.735 ] ] ] } },
{ "type": "Feature", "properties": { "GEOIDFQ": "1400000US28059040206", "NAME": "402.06", "NAMELSAD": "Census Tract 402.06" }, "geometry": { "type": "Polygon", "coordinates": [ [ [ -88.8845, 30.7356 ], [ -88.6611, 30.7347 ], [ -88.6665, 30.728 ], [ -88.6541, 30.7284 ], [ -88.6549, 30.7183 ], [ -88.6471, 30.7209 ], [ -88.6423, 30.7133 ], [ -88.6472, 30.7062 ], [ -88.6345, 30.6988 ], [ -88.6321, 30.6816 ], [ -88.6381, 30.6706 ], [ -88.6286, 30.6672 ], [ -88.6383, 30.6628 ], [ -88.6281, 30.652 ], [ -88.6445, 30.6516 ], [ -88.6518, 30.6329 ], [ -88.6408, 30.6178 ], [ -88.6411, 30.6107 ], [ -88.6555, 30.6021 ], [ -88.6525, 30.5885 ], [ -88.6866, 30.5717 ], [ -88.6938, 30.517 ], [ -88.7124, 30.5256 ], [ -88.6974, 30.5314 ], [ -88.7481, 30.5455 ], [ -88.8685, 30.5446 ], [ -88.877, 30.5704 ], [ -88.8839, 30.561 ], [ -88.8845, 30.7356 ] ] ] } },
{ "type": "Feature", "properties": { "GEOIDFQ": "1400000US28059040207", "NAME": "402.07", "NAMELSAD": "Census Tract 402.07" }, "geometry": { "type": "Polygon", "coordinates": [ [ [ -88.8834, 30.4937 ], [ -88.8648, 30.5056 ], [ -88.852, 30.5046 ], [ -88.8452, 30.4877 ], [ -88.8319, 30.4805 ], [ -88.8431, 30.4544 ], [ -88.8834, 30.4541 ], [ -88.8834, 30.4937 ] ] ] } },
{ "type": "Feature", "properties": { "GEOIDFQ": "1400000US28059040402", "NAME": "404.02", "NAMELSAD": "Census Tract 404.02" }, "geometry": { "type": "Polygon", "coordinates": [ [ [ -88.8393, 30.4445 ], [ -88.8305, 30.4355 ], [ -88.7989, 30.4416 ], [ -88.7927, 30.4292 ], [ -88.8005, 30.4303 ], [ -88.8037, 30.4193 ], [ -88.8184, 30.4261 ], [ -88.8327, 30.4187 ], [ -88.8535, 30.428 ], [ -88.8393, 30.4445 ] ] ] } },
{ "type": "Feature", "properties": { "GEOIDFQ": "1400000US28059040701", "NAME": "407.01", "NAMELSAD": "Census Tract 407.01" }, "geometry": { "type": "Polygon", "coordinates": [ [ [ -88.749, 30.4071 ], [ -88.7491, 30.4258 ], [ -88.7224, 30.4411 ], [ -88.7172, 30.4388 ], [ -88.721, 30.3998 ], [ -88.7514, 30.405 ], [ -88.7655, 30.4012 ], [ -88.7701, 30.3908 ], [ -88.7859, 30.4106 ], [ -88.749, 30.4071 ] ] ] } },
{ "type": "Feature", "properties": { "GEOIDFQ": "1400000US28059040802", "NAME": "408.02", "NAMELSAD": "Census Tract 408.02" }, "geometry": { "type": "Polygon", "coordinates": [ [ [ -88.653, 30.4538 ], [ -88.6501, 30.4762 ], [ -88.6337, 30.4862 ], [ -88.6178, 30.46 ], [ -88.6277, 30.4509 ], [ -88.612, 30.438 ], [ -88.6558, 30.4347 ], [ -88.6667, 30.4488 ], [ -88.653, 30.4538 ] ] ] } },
{ "type": "Feature", "properties": { "GEOIDFQ": "1400000US28059040208", "NAME": "402.08", "NAMELSAD": "Census Tract 402.08" }, "geometry": { "type": "Polygon", "coordinates": [ [ [ -88.877, 30.5704 ], [ -88.8685, 30.5446 ], [ -88.8164, 30.5453 ], [ -88.8163, 30.524 ], [ -88.8331, 30.513 ], [ -88.8319, 30.4805 ], [ -88.8436, 30.4859 ], [ -88.854, 30.5057 ], [ -88.8694, 30.5038 ], [ -88.8834, 30.4937 ], [ -88.8839, 30.561 ], [ -88.877, 30.5704 ] ] ] } },
{ "type": "Feature", "properties": { "GEOIDFQ": "1400000US28059040902", "NAME": "409.02", "NAMELSAD": "Census Tract 409.02" }, "geometry": { "type": "Polygon", "coordinates": [ [ [ -88.7655, 30.4012 ], [ -88.7514, 30.405 ], [ -88.721, 30.3998 ], [ -88.7239, 30.3812 ], [ -88.7384, 30.3826 ], [ -88.739, 30.3755 ], [ -88.749, 30.3708 ], [ -88.7778, 30.3827 ], [ -88.7655, 30.4012 ] ] ] } },
{ "type": "Feature", "properties": { "GEOIDFQ": "1400000US28059040903", "NAME": "409.03", "NAMELSAD": "Census Tract 409.03" }, "geometry": { "type": "Polygon", "coordinates": [ [ [ -88.8101, 30.3913 ], [ -88.7689, 30.3818 ], [ -88.7595, 30.3713 ], [ -88.7438, 30.3734 ], [ -88.7182, 30.3436 ], [ -88.7474, 30.352 ], [ -88.749, 30.3481 ], [ -88.8031, 30.3806 ], [ -88.8092, 30.3723 ], [ -88.8235, 30.382 ], [ -88.8101, 30.3913 ] ] ] } },
{ "type": "Feature", "properties": { "GEOIDFQ": "1400000US28059042202", "NAME": "422.02", "NAMELSAD": "Census Tract 422.02" }, "geometry": { "type": "Polygon", "coordinates": [ [ [ -88.5349, 30.3801 ], [ -88.5375, 30.3548 ], [ -88.5474, 30.3599 ], [ -88.5486, 30.3694 ], [ -88.5349, 30.3801 ] ] ] } },
{ "type": "Feature", "properties": { "GEOIDFQ": "1400000US28059040301", "NAME": "403.01", "NAMELSAD": "Census Tract 403.01" }, "geometry": { "type": "Polygon", "coordinates": [ [ [ -88.8431, 30.4544 ], [ -88.8414, 30.4501 ], [ -88.8628, 30.4503 ], [ -88.8628, 30.4431 ], [ -88.8832, 30.4371 ], [ -88.8834, 30.4541 ], [ -88.8431, 30.4544 ] ] ] } },
{ "type": "Feature", "properties": { "GEOIDFQ": "1400000US28059040302", "NAME": "403.02", "NAMELSAD": "Census Tract 403.02" }, "geometry": { "type": "Polygon", "coordinates": [ [ [ -88.8832, 30.4371 ], [ -88.8628, 30.4431 ], [ -88.8628, 30.4503 ], [ -88.8414, 30.4501 ], [ -88.8393, 30.4445 ], [ -88.8618, 30.4156 ], [ -88.8831, 30.4188 ], [ -88.8832, 30.4371 ] ] ] } },
{ "type": "Feature", "properties": { "GEOIDFQ": "1400000US28059040401", "NAME": "404.01", "NAMELSAD": "Census Tract 404.01" }, "geometry": { "type": "Polygon", "coordinates": [ [ [ -88.7838, 30.4595 ], [ -88.7217, 30.4433 ], [ -88.7392, 30.4398 ], [ -88.7474, 30.4309 ], [ -88.8027, 30.4186 ], [ -88.8005, 30.4303 ], [ -88.7927, 30.4292 ], [ -88.7984, 30.4413 ], [ -88.8305, 30.4355 ], [ -88.8431, 30.4544 ], [ -88.7838, 30.4595 ] ] ] } },
{ "type": "Feature", "properties": { "GEOIDFQ": "1400000US28059042201", "NAME": "422.01", "NAMELSAD": "Census Tract 422.01" }, "geometry": { "type": "Polygon", "coordinates": [ [ [ -88.5389, 30.37 ], [ -88.5249, 30.3789 ], [ -88.5307, 30.3548 ], [ -88.5375, 30.3548 ], [ -88.5389, 30.37 ] ] ] } },
{ "type": "Feature", "properties": { "GEOIDFQ": "1400000US28087000104", "NAME": "1.04", "NAMELSAD": "Census Tract 1.04" }, "geometry": { "type": "Polygon", "coordinates": [ [ [ -88.3718, 33.5829 ], [ -88.3773, 33.6098 ], [ -88.3313, 33.6087 ], [ -88.331, 33.603 ], [ -88.2976, 33.6456 ], [ -88.273, 33.6402 ], [ -88.2671, 33.6303 ], [ -88.2712, 33.6078 ], [ -88.3229, 33.566 ], [ -88.348, 33.5672 ], [ -88.3641, 33.5521 ], [ -88.3788, 33.5703 ], [ -88.3718, 33.5829 ] ] ] } },
{ "type": "Feature", "properties": { "GEOIDFQ": "1400000US28157950100", "NAME": "9501", "NAMELSAD": "Census Tract 9501" }, "geometry": { "type": "Polygon", "coordinates": [ [ [ -91.3561, 31.3458 ], [ -91.3509, 31.3375 ], [ -91.3417, 31.34 ], [ -91.3309, 31.3518 ], [ -91.3101, 31.3539 ], [ -91.2988, 31.3648 ], [ -91.2992, 31.3599 ], [ -91.2873, 31.3561 ], [ -91.2753, 31.3698 ], [ -91.2625, 31.3693 ], [ -91.2644, 31.3625 ], [ -91.2574, 31.3601 ], [ -91.2311, 31.3732 ], [ -91.2179, 31.3724 ], [ -91.2088, 31.3548 ], [ -91.1896, 31.3569 ], [ -91.1856, 31.348 ], [ -91.1788, 31.3511 ], [ -91.1722, 31.3457 ], [ -91.1627, 31.3507 ], [ -91.1546, 31.3431 ], [ -91.1525, 31.3486 ], [ -91.1452, 31.3475 ], [ -91.1437, 31.3394 ], [ -91.1197, 31.3211 ], [ -91.1027, 31.3271 ], [ -91.0877, 31.3173 ], [ -91.08, 31.2888 ], [ -91.0594, 31.2819 ], [ -91.0602, 30.9989 ], [ -91.2315, 30.9993 ], [ -91.2292, 31.0195 ], [ -91.2016, 31.0485 ], [ -91.2023, 31.084 ], [ -91.1769, 31.0815 ], [ -91.1797, 31.1118 ], [ -91.1893, 31.1189 ], [ -91.1859, 31.1281 ], [ -91.2075, 31.1442 ], [ -91.273, 31.1346 ], [ -91.2731, 31.1543 ], [ -91.2826, 31.1672 ], [ -91.2849, 31.2123 ], [ -91.35, 31.2819 ], [ -91.359, 31.3059 ], [ -91.355, 31.3263 ], [ -91.3667, 31.3359 ], [ -91.3561, 31.3458 ] ] ] } },
{ "type": "Feature", "properties": { "GEOIDFQ": "1400000US28049003500", "NAME": "35", "NAMELSAD": "Census Tract 35" }, "geometry": { "type": "Polygon", "coordinates": [ [ [ -90.2349, 32.2685 ], [ -90.2102, 32.2683 ], [ -90.2109, 32.2559 ], [ -90.2363, 32.2593 ], [ -90.2349, 32.2685 ] ] ] } },
{ "type": "Feature", "properties": { "GEOIDFQ": "1400000US28075001101", "NAME": "11.01", "NAMELSAD": "Census Tract 11.01" }, "geometry": { "type": "Polygon", "coordinates": [ [ [ -88.6996, 32.4093 ], [ -88.6791, 32.4137 ], [ -88.6826, 32.3915 ], [ -88.693, 32.3923 ], [ -88.6951, 32.383 ], [ -88.7055, 32.3876 ], [ -88.6996, 32.4093 ] ] ] } },
{ "type": "Feature", "properties": { "GEOIDFQ": "1400000US28075001102", "NAME": "11.02", "NAMELSAD": "Census Tract 11.02" }, "geometry": { "type": "Polygon", "coordinates": [ [ [ -88.691, 32.4431 ], [ -88.6706, 32.4429 ], [ -88.6711, 32.4251 ], [ -88.6629, 32.4101 ], [ -88.6703, 32.3952 ], [ -88.6824, 32.3907 ], [ -88.6791, 32.4137 ], [ -88.7029, 32.4128 ], [ -88.691, 32.4431 ] ] ] } },
{ "type": "Feature", "properties": { "GEOIDFQ": "1400000US28075980000", "NAME": "9800", "NAMELSAD": "Census Tract 9800" }, "geometry": { "type": "Polygon", "coordinates": [ [ [ -88.7575, 32.3438 ], [ -88.7349, 32.3496 ], [ -88.7583, 32.3091 ], [ -88.7575, 32.3438 ] ] ] } },
{ "type": "Feature", "properties": { "GEOIDFQ": "1400000US28113950400", "NAME": "9504", "NAMELSAD": "Census Tract 9504" }, "geometry": { "type": "Polygon", "coordinates": [ [ [ -90.4732, 31.2779 ], [ -90.4651, 31.2739 ], [ -90.452, 31.2481 ], [ -90.4878, 31.2498 ], [ -90.5002, 31.2619 ], [ -90.4732, 31.2779 ] ] ] } },
{ "type": "Feature", "properties": { "GEOIDFQ": "1400000US28113950200", "NAME": "9502", "NAMELSAD": "Census Tract 9502" }, "geometry": { "type": "Polygon", "coordinates": [ [ [ -90.4788, 31.2888 ], [ -90.4787, 31.302 ], [ -90.4619, 31.3022 ], [ -90.4485, 31.3266 ], [ -90.451, 31.3045 ], [ -90.4268, 31.305 ], [ -90.3918, 31.2778 ], [ -90.3689, 31.2686 ], [ -90.3791, 31.2545 ], [ -90.3709, 31.2353 ], [ -90.4314, 31.2323 ], [ -90.4383, 31.262 ], [ -90.4852, 31.2842 ], [ -90.4788, 31.2888 ] ] ] } },
{ "type": "Feature", "properties": { "GEOIDFQ": "1400000US28087000901", "NAME": "9.01", "NAMELSAD": "Census Tract 9.01" }, "geometry": { "type": "Polygon", "coordinates": [ [ [ -88.4719, 33.5271 ], [ -88.492, 33.5424 ], [ -88.497, 33.565 ], [ -88.4174, 33.5182 ], [ -88.4254, 33.5184 ], [ -88.4294, 33.5013 ], [ -88.4319, 33.5057 ], [ -88.4387, 33.5 ], [ -88.4346, 33.494 ], [ -88.4543, 33.4879 ], [ -88.4855, 33.5001 ], [ -88.4997, 33.5207 ], [ -88.4719, 33.5271 ] ] ] } },
{ "type": "Feature", "properties": { "GEOIDFQ": "1400000US28087000406", "NAME": "4.06", "NAMELSAD": "Census Tract 4.06" }, "geometry": { "type": "Polygon", "coordinates": [ [ [ -88.28, 33.4901 ], [ -88.2859, 33.4416 ], [ -88.3055, 33.4508 ], [ -88.2974, 33.4773 ], [ -88.3235, 33.478 ], [ -88.3267, 33.4596 ], [ -88.3445, 33.4601 ], [ -88.3617, 33.4663 ], [ -88.3631, 33.4927 ], [ -88.28, 33.4901 ] ] ] } },
{ "type": "Feature", "properties": { "GEOIDFQ": "1400000US28087000405", "NAME": "4.05", "NAMELSAD": "Census Tract 4.05" }, "geometry": { "type": "Polygon", "coordinates": [ [ [ -88.3861, 33.5266 ], [ -88.3905, 33.5363 ], [ -88.3662, 33.5471 ], [ -88.3493, 33.5663 ], [ -88.3259, 33.5648 ], [ -88.3076, 33.5825 ], [ -88.288, 33.5905 ], [ -88.2712, 33.6078 ], [ -88.2624, 33.6324 ], [ -88.28, 33.4901 ], [ -88.3631, 33.4932 ], [ -88.3637, 33.5195 ], [ -88.3953, 33.5136 ], [ -88.3861, 33.5266 ] ] ] } },
{ "type": "Feature", "properties": { "GEOIDFQ": "1400000US28087980000", "NAME": "9800", "NAMELSAD": "Census Tract 9800" }, "geometry": { "type": "Polygon", "coordinates": [ [ [ -88.4567, 33.6607 ], [ -88.4278, 33.653 ], [ -88.4274, 33.633 ], [ -88.4191, 33.6237 ], [ -88.4487, 33.6179 ], [ -88.4663, 33.6357 ], [ -88.48, 33.6367 ], [ -88.4806, 33.6595 ], [ -88.4567, 33.6607 ] ] ] } },
{ "type": "Feature", "properties": { "GEOIDFQ": "1400000US28087000103", "NAME": "1.03", "NAMELSAD": "Census Tract 1.03" }, "geometry": { "type": "Polygon", "coordinates": [ [ [ -88.3666, 33.6325 ], [ -88.3663, 33.6773 ], [ -88.3543, 33.6847 ], [ -88.3588, 33.6959 ], [ -88.3303, 33.7188 ], [ -88.3261, 33.745 ], [ -88.2489, 33.745 ], [ -88.267, 33.6209 ], [ -88.273, 33.6402 ], [ -88.2968, 33.646 ], [ -88.331, 33.603 ], [ -88.3313, 33.6087 ], [ -88.3778, 33.6121 ], [ -88.3666, 33.6325 ] ] ] } },
{ "type": "Feature", "properties": { "GEOIDFQ": "1400000US28087000301", "NAME": "3.01", "NAMELSAD": "Census Tract 3.01" }, "geometry": { "type": "Polygon", "coordinates": [ [ [ -88.4292, 33.5597 ], [ -88.4034, 33.5512 ], [ -88.4091, 33.5722 ], [ -88.3988, 33.5901 ], [ -88.3731, 33.5803 ], [ -88.3786, 33.5648 ], [ -88.3642, 33.5499 ], [ -88.3828, 33.5374 ], [ -88.384, 33.5425 ], [ -88.391, 33.5396 ], [ -88.3964, 33.5274 ], [ -88.4167, 33.516 ], [ -88.4383, 33.5379 ], [ -88.4292, 33.5597 ] ] ] } },
{ "type": "Feature", "properties": { "GEOIDFQ": "1400000US28087000302", "NAME": "3.02", "NAMELSAD": "Census Tract 3.02" }, "geometry": { "type": "Polygon", "coordinates": [ [ [ -88.4862, 33.5665 ], [ -88.4948, 33.5804 ], [ -88.4752, 33.6035 ], [ -88.4587, 33.6026 ], [ -88.4545, 33.6106 ], [ -88.4225, 33.6038 ], [ -88.4283, 33.5818 ], [ -88.4032, 33.5839 ], [ -88.4093, 33.5691 ], [ -88.4034, 33.5512 ], [ -88.4292, 33.5597 ], [ -88.4377, 33.5336 ], [ -88.497, 33.565 ], [ -88.4862, 33.5665 ] ] ] } },
{ "type": "Feature", "properties": { "GEOIDFQ": "1400000US28087000902", "NAME": "9.02", "NAMELSAD": "Census Tract 9.02" }, "geometry": { "type": "Polygon", "coordinates": [ [ [ -88.4319, 33.5057 ], [ -88.4294, 33.5013 ], [ -88.4254, 33.5184 ], [ -88.4174, 33.5182 ], [ -88.415, 33.4969 ], [ -88.4322, 33.4946 ], [ -88.4387, 33.5 ], [ -88.4319, 33.5057 ] ] ] } },
{ "type": "Feature", "properties": { "GEOIDFQ": "1400000US28033070811", "NAME": "708.11", "NAMELSAD": "Census Tract 708.11" }, "geometry": { "type": "Polygon", "coordinates": [ [ [ -89.8131, 34.9945 ], [ -89.813, 34.9851 ], [ -89.8278, 34.9717 ], [ -89.8525, 34.9622 ], [ -89.8784, 34.9943 ], [ -89.8131, 34.9945 ] ] ] } },
{ "type": "Feature", "properties": { "GEOIDFQ": "1400000US28085950500", "NAME": "9505", "NAMELSAD": "Census Tract 9505" }, "geometry": { "type": "Polygon", "coordinates": [ [ [ -90.4619, 31.6189 ], [ -90.4516, 31.612 ], [ -90.4232, 31.6117 ], [ -90.4215, 31.5813 ], [ -90.4729, 31.5823 ], [ -90.4619, 31.6189 ] ] ] } },
{ "type": "Feature", "properties": { "GEOIDFQ": "1400000US28085950100", "NAME": "9501", "NAMELSAD": "Census Tract 9501" }, "geometry": { "type": "Polygon", "coordinates": [ [ [ -90.4933, 31.6826 ], [ -90.4869, 31.687 ], [ -90.4975, 31.6991 ], [ -90.4142, 31.7005 ], [ -90.4136, 31.6853 ], [ -90.3794, 31.6852 ], [ -90.3801, 31.7002 ], [ -90.28, 31.6999 ], [ -90.259, 31.7039 ], [ -90.2452, 31.7175 ], [ -90.2447, 31.5833 ], [ -90.253, 31.5874 ], [ -90.3058, 31.5818 ], [ -90.3274, 31.5938 ], [ -90.3489, 31.596 ], [ -90.3615, 31.5868 ], [ -90.401, 31.597 ], [ -90.4225, 31.5927 ], [ -90.4252, 31.6126 ], [ -90.4516, 31.612 ], [ -90.4619, 31.6189 ], [ -90.4656, 31.6054 ], [ -90.4698, 31.6087 ], [ -90.4786, 31.6514 ], [ -90.499, 31.6544 ], [ -90.4933, 31.6826 ] ] ] } },
{ "type": "Feature", "properties": { "GEOIDFQ": "1400000US28005950200", "NAME": "9502", "NAMELSAD": "Census Tract 9502" }, "geometry": { "type": "Polygon", "coordinates": [ [ [ -91.0692, 31.3283 ], [ -91.0657, 31.3389 ], [ -91.0554, 31.3303 ], [ -91.0283, 31.3357 ], [ -91.018, 31.3475 ], [ -90.9898, 31.3363 ], [ -90.983, 31.3487 ], [ -90.7897, 31.3495 ], [ -90.8051, 31.344 ], [ -90.8082, 31.329 ], [ -90.8261, 31.3149 ], [ -90.8329, 31.2867 ], [ -90.8498, 31.2745 ], [ -90.8263, 31.1679 ], [ -90.8164, 31.1581 ], [ -90.8753, 31.1649 ], [ -90.8941, 31.1505 ], [ -90.9377, 31.1771 ], [ -90.9682, 31.1625 ], [ -91.0107, 31.1588 ], [ -91.0196, 31.1724 ], [ -91.0411, 31.1808 ], [ -91.0597, 31.1772 ], [ -91.0594, 31.2819 ], [ -91.08, 31.2888 ], [ -91.0831, 31.3082 ], [ -91.0954, 31.321 ], [ -91.0692, 31.3283 ] ] ] } },
{ "type": "Feature", "properties": { "GEOIDFQ": "1400000US28005950100", "NAME": "9501", "NAMELSAD": "Census Tract 9501" }, "geometry": { "type": "Polygon", "coordinates": [ [ [ -90.8328, 31.2868 ], [ -90.8261, 31.3149 ], [ -90.8082, 31.329 ], [ -90.8051, 31.344 ], [ -90.7897, 31.3495 ], [ -90.5482, 31.3496 ], [ -90.5481, 31.1597 ], [ -90.5897, 31.1587 ], [ -90.6317, 31.1738 ], [ -90.635, 31.1655 ], [ -90.6792, 31.1557 ], [ -90.6805, 31.1433 ], [ -90.7057, 31.146 ], [ -90.7062, 31.1313 ], [ -90.7202, 31.1444 ], [ -90.7341, 31.1469 ], [ -90.7657, 31.1366 ], [ -90.7691, 31.1307 ], [ -90.7941, 31.1489 ], [ -90.7993, 31.1436 ], [ -90.8129, 31.1514 ], [ -90.8257, 31.1665 ], [ -90.8498, 31.2739 ], [ -90.8328, 31.2868 ] ] ] } },
{ "type": "Feature", "properties": { "GEOIDFQ": "1400000US28063950103", "NAME": "9501.03", "NAMELSAD": "Census Tract 9501.03" }, "geometry": { "type": "Polygon", "coordinates": [ [ [ -91.0456, 31.8296 ], [ -91.0205, 31.8442 ], [ -91.0137, 31.8619 ], [ -90.842, 31.8265 ], [ -90.8403, 31.8043 ], [ -90.8527, 31.7854 ], [ -90.7363, 31.7861 ], [ -90.7373, 31.6111 ], [ -91.0063, 31.6107 ], [ -91.0177, 31.6362 ], [ -91.0407, 31.6397 ], [ -91.0436, 31.6563 ], [ -91.0512, 31.6607 ], [ -91.0498, 31.6717 ], [ -91.0319, 31.6801 ], [ -91.028, 31.7112 ], [ -91.0351, 31.7197 ], [ -91.0306, 31.7248 ], [ -91.0372, 31.7518 ], [ -91.0586, 31.7928 ], [ -91.0456, 31.8296 ] ] ] } },
{ "type": "Feature", "properties": { "GEOIDFQ": "1400000US28063950101", "NAME": "9501.01", "NAMELSAD": "Census Tract 9501.01" }, "geometry": { "type": "Polygon", "coordinates": [ [ [ -91.3457, 31.8429 ], [ -91.3338, 31.8533 ], [ -91.2934, 31.8602 ], [ -91.2849, 31.8184 ], [ -91.2668, 31.8091 ], [ -91.2466, 31.8234 ], [ -91.2456, 31.8332 ], [ -91.2689, 31.856 ], [ -91.2658, 31.8649 ], [ -91.2501, 31.8695 ], [ -91.0137, 31.8619 ], [ -91.0205, 31.8442 ], [ -91.0456, 31.8296 ], [ -91.0584, 31.7944 ], [ -91.0369, 31.7506 ], [ -91.0333, 31.7251 ], [ -91.0464, 31.714 ], [ -91.0598, 31.7143 ], [ -91.0599, 31.7319 ], [ -91.0748, 31.7194 ], [ -91.095, 31.7369 ], [ -91.1792, 31.7477 ], [ -91.1772, 31.7533 ], [ -91.1857, 31.7546 ], [ -91.1781, 31.7586 ], [ -91.1866, 31.7607 ], [ -91.1834, 31.7687 ], [ -91.1988, 31.7663 ], [ -91.1984, 31.7807 ], [ -91.2126, 31.7699 ], [ -91.2174, 31.7821 ], [ -91.2404, 31.7955 ], [ -91.2435, 31.7872 ], [ -91.2739, 31.7786 ], [ -91.266, 31.7689 ], [ -91.2866, 31.7721 ], [ -91.3288, 31.7608 ], [ -91.3656, 31.7608 ], [ -91.3457, 31.8429 ] ] ] } },
{ "type": "Feature", "properties": { "GEOIDFQ": "1400000US28063950102", "NAME": "9501.02", "NAMELSAD": "Census Tract 9501.02" }, "geometry": { "type": "Polygon", "coordinates": [ [ [ -91.2747, 31.746 ], [ -91.2595, 31.7602 ], [ -91.2739, 31.7786 ], [ -91.2435, 31.7872 ], [ -91.2404, 31.7955 ], [ -91.2174, 31.7821 ], [ -91.2126, 31.7699 ], [ -91.1984, 31.7807 ], [ -91.1988, 31.7663 ], [ -91.1834, 31.7687 ], [ -91.1866, 31.7607 ], [ -91.1781, 31.7586 ], [ -91.1857, 31.7546 ], [ -91.1772, 31.7533 ], [ -91.1792, 31.7477 ], [ -91.1408, 31.7466 ], [ -91.0909, 31.7349 ], [ -91.0674, 31.7132 ], [ -91.0806, 31.7063 ], [ -91.0753, 31.6916 ], [ -91.0567, 31.6911 ], [ -91.0572, 31.7098 ], [ -91.0306, 31.7248 ], [ -91.0351, 31.7197 ], [ -91.028, 31.7116 ], [ -91.0292, 31.6869 ], [ -91.0357, 31.6748 ], [ -91.0498, 31.6717 ], [ -91.0512, 31.6607 ], [ -91.0436, 31.6563 ], [ -91.0407, 31.6397 ], [ -91.0177, 31.6362 ], [ -91.0063, 31.6107 ], [ -91.1539, 31.6101 ], [ -91.1538, 31.6305 ], [ -91.233, 31.6292 ], [ -91.249, 31.6438 ], [ -91.2693, 31.6473 ], [ -91.2697, 31.666 ], [ -91.3003, 31.6724 ], [ -91.2918, 31.6916 ], [ -91.3009, 31.7138 ], [ -91.307, 31.7111 ], [ -91.3179, 31.7498 ], [ -91.2747, 31.746 ] ] ] } },
{ "type": "Feature", "properties": { "GEOIDFQ": "1400000US28033070722", "NAME": "707.22", "NAMELSAD": "Census Tract 707.22" }, "geometry": { "type": "Polygon", "coordinates": [ [ [ -89.8888, 34.9186 ], [ -89.7949, 34.9187 ], [ -89.7949, 34.927 ], [ -89.7582, 34.9097 ], [ -89.7539, 34.9018 ], [ -89.7772, 34.8866 ], [ -89.7868, 34.8874 ], [ -89.7844, 34.8785 ], [ -89.8068, 34.8607 ], [ -89.9015, 34.8607 ], [ -89.9026, 34.8931 ], [ -89.8888, 34.9186 ] ] ] } },
{ "type": "Feature", "properties": { "GEOIDFQ": "1400000US28033070222", "NAME": "702.22", "NAMELSAD": "Census Tract 702.22" }, "geometry": { "type": "Polygon", "coordinates": [ [ [ -90.0429, 34.9335 ], [ -89.9946, 34.9336 ], [ -89.9913, 34.8833 ], [ -90.0428, 34.8812 ], [ -90.0429, 34.9335 ] ] ] } },
{ "type": "Feature", "properties": { "GEOIDFQ": "1400000US28033070812", "NAME": "708.12", "NAMELSAD": "Census Tract 708.12" }, "geometry": { "type": "Polygon", "coordinates": [ [ [ -89.821, 34.9763 ], [ -89.8131, 34.9945 ], [ -89.7954, 34.9946 ], [ -89.7957, 34.9623 ], [ -89.8463, 34.9639 ], [ -89.821, 34.9763 ] ] ] } },
{ "type": "Feature", "properties": { "GEOIDFQ": "1400000US28089030600", "NAME": "306", "NAMELSAD": "Census Tract 306" }, "geometry": { "type": "Polygon", "coordinates": [ [ [ -90.0347, 32.6404 ], [ -90.0247, 32.6403 ], [ -90.0292, 32.6332 ], [ -90.0033, 32.6332 ], [ -89.9929, 32.6248 ], [ -89.9849, 32.6297 ], [ -89.9479, 32.6257 ], [ -90.0011, 32.6101 ], [ -90.0409, 32.6126 ], [ -90.0347, 32.6404 ] ] ] } },
{ "type": "Feature", "properties": { "GEOIDFQ": "1400000US28143950200", "NAME": "9502", "NAMELSAD": "Census Tract 9502" }, "geometry": { "type": "Polygon", "coordinates": [ [ [ -90.46, 34.7036 ], [ -90.4646, 34.7164 ], [ -90.4404, 34.7359 ], [ -90.3952, 34.7432 ], [ -90.3595, 34.7187 ], [ -90.3583, 34.6409 ], [ -90.391, 34.6406 ], [ -90.4162, 34.6477 ], [ -90.4506, 34.6411 ], [ -90.4467, 34.6732 ], [ -90.4539, 34.6815 ], [ -90.4633, 34.6814 ], [ -90.4668, 34.7002 ], [ -90.46, 34.7036 ] ] ] } },
{ "type": "Feature", "properties": { "GEOIDFQ": "1400000US28151000701", "NAME": "7.01", "NAMELSAD": "Census Tract 7.01" }, "geometry": { "type": "Polygon", "coordinates": [ [ [ -91.0063, 33.3859 ], [ -91.0061, 33.3709 ], [ -91.0564, 33.3765 ], [ -91.0586, 33.3843 ], [ -91.0063, 33.3859 ] ] ] } },
{ "type": "Feature", "properties": { "GEOIDFQ": "1400000US28039950304", "NAME": "9503.04", "NAMELSAD": "Census Tract 9503.04" }, "geometry": { "type": "Polygon", "coordinates": [ [ [ -88.8568, 30.8254 ], [ -88.8452, 30.8344 ], [ -88.8235, 30.8235 ], [ -88.8007, 30.8291 ], [ -88.7848, 30.8129 ], [ -88.7849, 30.8041 ], [ -88.7755, 30.8039 ], [ -88.773, 30.7871 ], [ -88.7659, 30.7852 ], [ -88.7443, 30.8156 ], [ -88.7467, 30.8206 ], [ -88.6988, 30.8551 ], [ -88.686, 30.8402 ], [ -88.6778, 30.8482 ], [ -88.6552, 30.8422 ], [ -88.598, 30.8429 ], [ -88.5854, 30.8289 ], [ -88.5728, 30.7963 ], [ -88.581, 30.7747 ], [ -88.5724, 30.7354 ], [ -88.8845, 30.7356 ], [ -88.8847, 30.8405 ], [ -88.8568, 30.8254 ] ] ] } },
{ "type": "Feature", "properties": { "GEOIDFQ": "1400000US28039950303", "NAME": "9503.03", "NAMELSAD": "Census Tract 9503.03" }, "geometry": { "type": "Polygon", "coordinates": [ [ [ -88.8343, 30.8555 ], [ -88.8077, 30.8713 ], [ -88.7335, 30.8862 ], [ -88.6594, 30.8795 ], [ -88.644, 30.8887 ], [ -88.6128, 30.8947 ], [ -88.5978, 30.9102 ], [ -88.5809, 30.8551 ], [ -88.5979, 30.8386 ], [ -88.598, 30.8429 ], [ -88.6552, 30.8422 ], [ -88.6774, 30.8482 ], [ -88.686, 30.8402 ], [ -88.6988, 30.8551 ], [ -88.7467, 30.8206 ], [ -88.7443, 30.8156 ], [ -88.7659, 30.7852 ], [ -88.773, 30.7871 ], [ -88.7755, 30.8039 ], [ -88.7849, 30.8041 ], [ -88.7848, 30.8129 ], [ -88.8005, 30.829 ], [ -88.8235, 30.8235 ], [ -88.8451, 30.8344 ], [ -88.8612, 30.8265 ], [ -88.8769, 30.8393 ], [ -88.8817, 30.8368 ], [ -88.8847, 30.8503 ], [ -88.8343, 30.8555 ] ] ] } },
{ "type": "Feature", "properties": { "GEOIDFQ": "1400000US28049010901", "NAME": "109.01", "NAMELSAD": "Census Tract 109.01" }, "geometry": { "type": "Polygon", "coordinates": [ [ [ -90.2834, 32.343 ], [ -90.2811, 32.3346 ], [ -90.2527, 32.3287 ], [ -90.2529, 32.3052 ], [ -90.2947, 32.3239 ], [ -90.2978, 32.3419 ], [ -90.2834, 32.343 ] ] ] } },
{ "type": "Feature", "properties": { "GEOIDFQ": "1400000US28049002400", "NAME": "24", "NAMELSAD": "Census Tract 24" }, "geometry": { "type": "Polygon", "coordinates": [ [ [ -90.2229, 32.3051 ], [ -90.2229, 32.3124 ], [ -90.2149, 32.3124 ], [ -90.2153, 32.2976 ], [ -90.2387, 32.2967 ], [ -90.2545, 32.3044 ], [ -90.2229, 32.3051 ] ] ] } },
{ "type": "Feature", "properties": { "GEOIDFQ": "1400000US28049003000", "NAME": "30", "NAMELSAD": "Census Tract 30" }, "geometry": { "type": "Polygon", "coordinates": [ [ [ -90.2135, 32.2785 ], [ -90.1927, 32.2988 ], [ -90.1932, 32.2684 ], [ -90.2183, 32.2686 ], [ -90.2135, 32.2785 ] ] ] } },
{ "type": "Feature", "properties": { "GEOIDFQ": "1400000US28049010102", "NAME": "101.02", "NAMELSAD": "Census Tract 101.02" }, "geometry": { "type": "Polygon", "coordinates": [ [ [ -90.145, 32.3998 ], [ -90.1235, 32.3995 ], [ -90.1166, 32.3854 ], [ -90.1461, 32.3855 ], [ -90.145, 32.3998 ] ] ] } },
{ "type": "Feature", "properties": { "GEOIDFQ": "1400000US28049001100", "NAME": "11", "NAMELSAD": "Census Tract 11" }, "geometry": { "type": "Polygon", "coordinates": [ [ [ -90.206, 32.3414 ], [ -90.1977, 32.3407 ], [ -90.1879, 32.3305 ], [ -90.1906, 32.3122 ], [ -90.1942, 32.3268 ], [ -90.206, 32.3414 ] ] ] } },
{ "type": "Feature", "properties": { "GEOIDFQ": "1400000US28049000100", "NAME": "1", "NAMELSAD": "Census Tract 1" }, "geometry": { "type": "Polygon", "coordinates": [ [ [ -90.1461, 32.3854 ], [ -90.1223, 32.3842 ], [ -90.1101, 32.3706 ], [ -90.1497, 32.3667 ], [ -90.1461, 32.3854 ] ] ] } },
{ "type": "Feature", "properties": { "GEOIDFQ": "1400000US28049001400", "NAME": "14", "NAMELSAD": "Census Tract 14" }, "geometry": { "type": "Polygon", "coordinates": [ [ [ -90.1518, 32.3558 ], [ -90.1418, 32.3558 ], [ -90.1419, 32.3485 ], [ -90.1231, 32.3487 ], [ -90.1183, 32.3558 ], [ -90.1111, 32.3519 ], [ -90.1101, 32.3444 ], [ -90.1161, 32.3461 ], [ -90.1423, 32.3211 ], [ -90.148, 32.3251 ], [ -90.1584, 32.318 ], [ -90.1625, 32.3333 ], [ -90.1518, 32.3558 ] ] ] } },
{ "type": "Feature", "properties": { "GEOIDFQ": "1400000US28049000200", "NAME": "2", "NAMELSAD": "Census Tract 2" }, "geometry": { "type": "Polygon", "coordinates": [ [ [ -90.1497, 32.3667 ], [ -90.1316, 32.3705 ], [ -90.1101, 32.3706 ], [ -90.1029, 32.3629 ], [ -90.1083, 32.3534 ], [ -90.1069, 32.3614 ], [ -90.1122, 32.3623 ], [ -90.1231, 32.3487 ], [ -90.1419, 32.3485 ], [ -90.1418, 32.3558 ], [ -90.1518, 32.3561 ], [ -90.1497, 32.3667 ] ] ] } },
{ "type": "Feature", "properties": { "GEOIDFQ": "1400000US28089030302", "NAME": "303.02", "NAMELSAD": "Census Tract 303.02" }, "geometry": { "type": "Polygon", "coordinates": [ [ [ -90.4285, 32.586 ], [ -90.4045, 32.5746 ], [ -90.3963, 32.5853 ], [ -90.3862, 32.5837 ], [ -90.3714, 32.6024 ], [ -90.3682, 32.5954 ], [ -90.3628, 32.604 ], [ -90.3556, 32.6025 ], [ -90.3499, 32.6132 ], [ -90.3381, 32.6055 ], [ -90.3225, 32.6158 ], [ -90.325, 32.6222 ], [ -90.3021, 32.6465 ], [ -90.2632, 32.6411 ], [ -90.2537, 32.6249 ], [ -90.2299, 32.6074 ], [ -90.236, 32.5638 ], [ -90.2476, 32.5601 ], [ -90.2434, 32.5403 ], [ -90.2247, 32.5218 ], [ -90.2179, 32.5228 ], [ -90.218, 32.4942 ], [ -90.2042, 32.484 ], [ -90.176, 32.4836 ], [ -90.1858, 32.4557 ], [ -90.2009, 32.4443 ], [ -90.199, 32.4237 ], [ -90.2131, 32.4223 ], [ -90.2436, 32.4034 ], [ -90.2436, 32.4875 ], [ -90.4498, 32.488 ], [ -90.4514, 32.5785 ], [ -90.4285, 32.586 ] ] ] } },
{ "type": "Feature", "properties": { "GEOIDFQ": "1400000US28089031000", "NAME": "310", "NAMELSAD": "Census Tract 310" }, "geometry": { "type": "Polygon", "coordinates": [ [ [ -90.0172, 32.803 ], [ -90.0175, 32.827 ], [ -89.9954, 32.834 ], [ -89.9833, 32.8645 ], [ -89.9732, 32.8671 ], [ -89.9659, 32.8796 ], [ -89.73, 32.8851 ], [ -89.7307, 32.7407 ], [ -89.769, 32.7397 ], [ -89.8233, 32.7062 ], [ -89.8353, 32.7109 ], [ -89.8633, 32.7021 ], [ -89.8801, 32.714 ], [ -89.897, 32.7111 ], [ -89.9082, 32.7195 ], [ -89.9345, 32.7252 ], [ -89.9429, 32.7375 ], [ -89.9627, 32.7485 ], [ -89.9791, 32.7337 ], [ -89.9976, 32.7305 ], [ -90.0089, 32.737 ], [ -90.0311, 32.7331 ], [ -90.0424, 32.7441 ], [ -90.0172, 32.803 ] ] ] } },
{ "type": "Feature", "properties": { "GEOIDFQ": "1400000US28089030203", "NAME": "302.03", "NAMELSAD": "Census Tract 302.03" }, "geometry": { "type": "Polygon", "coordinates": [ [ [ -90.1261, 32.4917 ], [ -90.117, 32.4884 ], [ -90.1072, 32.4969 ], [ -90.0989, 32.4858 ], [ -90.1176, 32.4494 ], [ -90.142, 32.4586 ], [ -90.1261, 32.4917 ] ] ] } },
{ "type": "Feature", "properties": { "GEOIDFQ": "1400000US28089030301", "NAME": "303.01", "NAMELSAD": "Census Tract 303.01" }, "geometry": { "type": "Polygon", "coordinates": [ [ [ -90.2179, 32.5228 ], [ -90.181, 32.5241 ], [ -90.132, 32.5168 ], [ -90.1394, 32.5057 ], [ -90.1408, 32.4779 ], [ -90.1786, 32.4856 ], [ -90.2042, 32.484 ], [ -90.218, 32.4945 ], [ -90.2179, 32.5228 ] ] ] } },
{ "type": "Feature", "properties": { "GEOIDFQ": "1400000US28089030104", "NAME": "301.04", "NAMELSAD": "Census Tract 301.04" }, "geometry": { "type": "Polygon", "coordinates": [ [ [ -90.1234, 32.4269 ], [ -90.1063, 32.4271 ], [ -90.1063, 32.414 ], [ -90.1235, 32.4153 ], [ -90.1234, 32.4269 ] ] ] } },
{ "type": "Feature", "properties": { "GEOIDFQ": "1400000US28035010201", "NAME": "102.01", "NAMELSAD": "Census Tract 102.01" }, "geometry": { "type": "Polygon", "coordinates": [ [ [ -89.3713, 31.3844 ], [ -89.3466, 31.3569 ], [ -89.3523, 31.3466 ], [ -89.4511, 31.3464 ], [ -89.4516, 31.434 ], [ -89.3713, 31.3844 ] ] ] } },
{ "type": "Feature", "properties": { "GEOIDFQ": "1400000US28089030204", "NAME": "302.04", "NAMELSAD": "Census Tract 302.04" }, "geometry": { "type": "Polygon", "coordinates": [ [ [ -90.176, 32.4836 ], [ -90.1406, 32.478 ], [ -90.1394, 32.5057 ], [ -90.132, 32.5168 ], [ -90.088, 32.5178 ], [ -90.0989, 32.4858 ], [ -90.1076, 32.497 ], [ -90.117, 32.4884 ], [ -90.1261, 32.4917 ], [ -90.1422, 32.4579 ], [ -90.1864, 32.455 ], [ -90.176, 32.4836 ] ] ] } },
{ "type": "Feature", "properties": { "GEOIDFQ": "1400000US28083950700", "NAME": "9507", "NAMELSAD": "Census Tract 9507" }, "geometry": { "type": "Polygon", "coordinates": [ [ [ -90.1754, 33.5219 ], [ -90.1638, 33.531 ], [ -90.1607, 33.5213 ], [ -90.1898, 33.5152 ], [ -90.2037, 33.515 ], [ -90.2037, 33.5191 ], [ -90.1754, 33.5219 ] ] ] } },
{ "type": "Feature", "properties": { "GEOIDFQ": "1400000US28121020803", "NAME": "208.03", "NAMELSAD": "Census Tract 208.03" }, "geometry": { "type": "Polygon", "coordinates": [ [ [ -89.9994, 32.2144 ], [ -89.9832, 32.2351 ], [ -89.9565, 32.2434 ], [ -89.9356, 32.2 ], [ -89.9751, 32.1806 ], [ -89.9998, 32.184 ], [ -90.0043, 32.1928 ], [ -90.0271, 32.2046 ], [ -89.9994, 32.2144 ] ] ] } },
{ "type": "Feature", "properties": { "GEOIDFQ": "1400000US28121020500", "NAME": "205", "NAMELSAD": "Census Tract 205" }, "geometry": { "type": "Polygon", "coordinates": [ [ [ -90.0995, 32.2507 ], [ -90.0574, 32.2475 ], [ -90.0574, 32.2397 ], [ -90.0479, 32.2397 ], [ -90.048, 32.2251 ], [ -90.0637, 32.2253 ], [ -90.0636, 32.2174 ], [ -90.0728, 32.2144 ], [ -90.0854, 32.2166 ], [ -90.1036, 32.2418 ], [ -90.0995, 32.2507 ] ] ] } },
{ "type": "Feature", "properties": { "GEOIDFQ": "1400000US28121020301", "NAME": "203.01", "NAMELSAD": "Census Tract 203.01" }, "geometry": { "type": "Polygon", "coordinates": [ [ [ -90.0927, 32.2968 ], [ -90.0918, 32.2905 ], [ -90.13, 32.2809 ], [ -90.1303, 32.2948 ], [ -90.0927, 32.2968 ] ] ] } },
{ "type": "Feature", "properties": { "GEOIDFQ": "1400000US28121020101", "NAME": "201.01", "NAMELSAD": "Census Tract 201.01" }, "geometry": { "type": "Polygon", "coordinates": [ [ [ -89.9462, 32.4352 ], [ -89.9123, 32.4705 ], [ -89.9398, 32.5137 ], [ -89.9294, 32.5133 ], [ -89.9233, 32.5289 ], [ -89.9112, 32.5287 ], [ -89.9113, 32.5373 ], [ -89.8932, 32.5424 ], [ -89.8959, 32.5544 ], [ -89.8869, 32.5629 ], [ -89.8751, 32.5592 ], [ -89.867, 32.5645 ], [ -89.8597, 32.5844 ], [ -89.8465, 32.5827 ], [ -89.84, 32.5933 ], [ -89.8369, 32.5854 ], [ -89.8325, 32.5901 ], [ -89.8139, 32.5819 ], [ -89.8072, 32.5848 ], [ -89.8089, 32.5907 ], [ -89.7952, 32.5845 ], [ -89.7948, 32.5926 ], [ -89.7871, 32.5917 ], [ -89.7405, 32.3992 ], [ -89.7471, 32.399 ], [ -89.7474, 32.3825 ], [ -89.779, 32.3715 ], [ -89.7862, 32.3595 ], [ -89.799, 32.3616 ], [ -89.8021, 32.3678 ], [ -89.8444, 32.3673 ], [ -89.8292, 32.3958 ], [ -89.8376, 32.4025 ], [ -89.8479, 32.3964 ], [ -89.9656, 32.3998 ], [ -89.9462, 32.4352 ] ] ] } },
{ "type": "Feature", "properties": { "GEOIDFQ": "1400000US28121020402", "NAME": "204.02", "NAMELSAD": "Census Tract 204.02" }, "geometry": { "type": "Polygon", "coordinates": [ [ [ -90.1671, 32.2795 ], [ -90.1614, 32.2644 ], [ -90.1341, 32.248 ], [ -90.0993, 32.24 ], [ -90.1006, 32.2311 ], [ -90.0854, 32.2166 ], [ -90.0549, 32.207 ], [ -90.0709, 32.2011 ], [ -90.0895, 32.1818 ], [ -90.0882, 32.1706 ], [ -90.1215, 32.1553 ], [ -90.1143, 32.1811 ], [ -90.1358, 32.1811 ], [ -90.1734, 32.2576 ], [ -90.1671, 32.2795 ] ] ] } },
{ "type": "Feature", "properties": { "GEOIDFQ": "1400000US28121021001", "NAME": "210.01", "NAMELSAD": "Census Tract 210.01" }, "geometry": { "type": "Polygon", "coordinates": [ [ [ -90.2071, 32.1661 ], [ -90.1761, 32.1677 ], [ -90.1719, 32.1946 ], [ -90.1508, 32.2057 ], [ -90.1201, 32.147 ], [ -90.1342, 32.1318 ], [ -90.1568, 32.1226 ], [ -90.1616, 32.1105 ], [ -90.1674, 32.1123 ], [ -90.1637, 32.1253 ], [ -90.1801, 32.1375 ], [ -90.18, 32.1481 ], [ -90.1876, 32.1525 ], [ -90.2065, 32.1483 ], [ -90.2071, 32.1661 ] ] ] } },
{ "type": "Feature", "properties": { "GEOIDFQ": "1400000US28031950100", "NAME": "9501", "NAMELSAD": "Census Tract 9501" }, "geometry": { "type": "Polygon", "coordinates": [ [ [ -89.5867, 31.7661 ], [ -89.5908, 31.7847 ], [ -89.4012, 31.7969 ], [ -89.4002, 31.608 ], [ -89.4281, 31.6135 ], [ -89.4446, 31.6013 ], [ -89.446, 31.6095 ], [ -89.4606, 31.6054 ], [ -89.4723, 31.612 ], [ -89.5251, 31.6129 ], [ -89.5316, 31.6312 ], [ -89.5633, 31.6564 ], [ -89.5608, 31.6676 ], [ -89.5807, 31.7165 ], [ -89.595, 31.7341 ], [ -89.5994, 31.757 ], [ -89.5867, 31.7661 ] ] ] } },
{ "type": "Feature", "properties": { "GEOIDFQ": "1400000US28031950200", "NAME": "9502", "NAMELSAD": "Census Tract 9502" }, "geometry": { "type": "Polygon", "coordinates": [ [ [ -89.5782, 31.6579 ], [ -89.5634, 31.6579 ], [ -89.5286, 31.6267 ], [ -89.5416, 31.623 ], [ -89.5609, 31.6355 ], [ -89.5723, 31.6223 ], [ -89.5849, 31.6384 ], [ -89.6008, 31.639 ], [ -89.5782, 31.6579 ] ] ] } },
{ "type": "Feature", "properties": { "GEOIDFQ": "1400000US28035010601", "NAME": "106.01", "NAMELSAD": "Census Tract 106.01" }, "geometry": { "type": "Polygon", "coordinates": [ [ [ -89.348, 31.2396 ], [ -89.3202, 31.2446 ], [ -89.3104, 31.2399 ], [ -89.3014, 31.2433 ], [ -89.3021, 31.237 ], [ -89.2947, 31.2412 ], [ -89.2735, 31.2371 ], [ -89.2166, 31.1034 ], [ -89.2045, 31.052 ], [ -89.2435, 31.0621 ], [ -89.2831, 31.104 ], [ -89.3489, 31.098 ], [ -89.348, 31.2396 ] ] ] } },
{ "type": "Feature", "properties": { "GEOIDFQ": "1400000US28035010602", "NAME": "106.02", "NAMELSAD": "Census Tract 106.02" }, "geometry": { "type": "Polygon", "coordinates": [ [ [ -89.3485, 31.0991 ], [ -89.2853, 31.1045 ], [ -89.2435, 31.0621 ], [ -89.2045, 31.052 ], [ -89.2166, 31.1034 ], [ -89.2761, 31.2447 ], [ -89.2361, 31.2458 ], [ -89.1955, 31.2315 ], [ -89.1847, 31.2378 ], [ -89.167, 31.2179 ], [ -89.1456, 31.2236 ], [ -89.1462, 31.0004 ], [ -89.1382, 31.0002 ], [ -89.138, 30.9099 ], [ -89.3408, 30.9099 ], [ -89.3407, 31.001 ], [ -89.349, 31.001 ], [ -89.3485, 31.0991 ] ] ] } },
{ "type": "Feature", "properties": { "GEOIDFQ": "1400000US28035010202", "NAME": "102.02", "NAMELSAD": "Census Tract 102.02" }, "geometry": { "type": "Polygon", "coordinates": [ [ [ -89.299, 31.4341 ], [ -89.3023, 31.4305 ], [ -89.2825, 31.4132 ], [ -89.2894, 31.4067 ], [ -89.2827, 31.3804 ], [ -89.2749, 31.3802 ], [ -89.2801, 31.3771 ], [ -89.2774, 31.3643 ], [ -89.2847, 31.3639 ], [ -89.2802, 31.3436 ], [ -89.2967, 31.3514 ], [ -89.307, 31.3497 ], [ -89.3121, 31.3579 ], [ -89.3308, 31.3549 ], [ -89.3365, 31.3679 ], [ -89.3466, 31.3569 ], [ -89.3715, 31.3845 ], [ -89.4445, 31.434 ], [ -89.299, 31.4341 ] ] ] } },
{ "type": "Feature", "properties": { "GEOIDFQ": "1400000US28035010104", "NAME": "101.04", "NAMELSAD": "Census Tract 101.04" }, "geometry": { "type": "Polygon", "coordinates": [ [ [ -89.1686, 31.4341 ], [ -89.1659, 31.4185 ], [ -89.1706, 31.403 ], [ -89.205, 31.3826 ], [ -89.205, 31.3615 ], [ -89.2133, 31.359 ], [ -89.2134, 31.3503 ], [ -89.2262, 31.3503 ], [ -89.2261, 31.3688 ], [ -89.2344, 31.365 ], [ -89.2305, 31.3901 ], [ -89.2423, 31.3925 ], [ -89.246, 31.3759 ], [ -89.2585, 31.3618 ], [ -89.256, 31.3549 ], [ -89.2698, 31.3632 ], [ -89.2782, 31.36 ], [ -89.2808, 31.3502 ], [ -89.2847, 31.3639 ], [ -89.2774, 31.3643 ], [ -89.2801, 31.3771 ], [ -89.2749, 31.3802 ], [ -89.2824, 31.3798 ], [ -89.2894, 31.4067 ], [ -89.2825, 31.4132 ], [ -89.3024, 31.4312 ], [ -89.1686, 31.4341 ] ] ] } },
{ "type": "Feature", "properties": { "GEOIDFQ": "1400000US28035000601", "NAME": "6.01", "NAMELSAD": "Census Tract 6.01" }, "geometry": { "type": "Polygon", "coordinates": [ [ [ -89.2981, 31.3178 ], [ -89.2851, 31.3165 ], [ -89.285, 31.3062 ], [ -89.3133, 31.3044 ], [ -89.2981, 31.3178 ] ] ] } },
{ "type": "Feature", "properties": { "GEOIDFQ": "1400000US28035000602", "NAME": "6.02", "NAMELSAD": "Census Tract 6.02" }, "geometry": { "type": "Polygon", "coordinates": [ [ [ -89.3135, 31.3043 ], [ -89.285, 31.3062 ], [ -89.298, 31.2826 ], [ -89.308, 31.2771 ], [ -89.3182, 31.2985 ], [ -89.3135, 31.3043 ] ] ] } },
{ "type": "Feature", "properties": { "GEOIDFQ": "1400000US28035010103", "NAME": "101.03", "NAMELSAD": "Census Tract 101.03" }, "geometry": { "type": "Polygon", "coordinates": [ [ [ -89.205, 31.3615 ], [ -89.205, 31.3826 ], [ -89.1706, 31.403 ], [ -89.1686, 31.4341 ], [ -89.1461, 31.4341 ], [ -89.1462, 31.3632 ], [ -89.1807, 31.3511 ], [ -89.2134, 31.3503 ], [ -89.2134, 31.3576 ], [ -89.205, 31.3615 ] ] ] } },
{ "type": "Feature", "properties": { "GEOIDFQ": "1400000US28029950300", "NAME": "9503", "NAMELSAD": "Census Tract 9503" }, "geometry": { "type": "Polygon", "coordinates": [ [ [ -90.6386, 32.0501 ], [ -90.3382, 32.0497 ], [ -90.363, 32.0126 ], [ -90.3805, 31.9696 ], [ -90.3681, 31.9694 ], [ -90.3961, 31.9129 ], [ -90.3955, 31.8831 ], [ -90.403, 31.894 ], [ -90.4017, 31.8846 ], [ -90.4161, 31.8875 ], [ -90.4175, 31.8792 ], [ -90.4917, 31.8625 ], [ -90.5029, 31.8522 ], [ -90.5063, 31.859 ], [ -90.5181, 31.8598 ], [ -90.5481, 31.8208 ], [ -90.5703, 31.8281 ], [ -90.6098, 31.8299 ], [ -90.6198, 31.839 ], [ -90.6432, 31.8236 ], [ -90.6797, 31.8226 ], [ -90.6942, 31.8389 ], [ -90.715, 31.8429 ], [ -90.7183, 32.0484 ], [ -90.6386, 32.0501 ] ] ] } },
{ "type": "Feature", "properties": { "GEOIDFQ": "1400000US28029950600", "NAME": "9506", "NAMELSAD": "Census Tract 9506" }, "geometry": { "type": "Polygon", "coordinates": [ [ [ -90.7356, 31.8155 ], [ -90.733, 31.83 ], [ -90.7168, 31.8458 ], [ -90.6942, 31.8389 ], [ -90.6797, 31.8226 ], [ -90.6432, 31.8236 ], [ -90.6198, 31.839 ], [ -90.6098, 31.8299 ], [ -90.5703, 31.8281 ], [ -90.5481, 31.8208 ], [ -90.5181, 31.8598 ], [ -90.5063, 31.859 ], [ -90.5029, 31.8522 ], [ -90.4917, 31.8625 ], [ -90.4175, 31.8792 ], [ -90.4161, 31.8875 ], [ -90.4099, 31.8861 ], [ -90.4153, 31.84 ], [ -90.3964, 31.8412 ], [ -90.4085, 31.7965 ], [ -90.3939, 31.7526 ], [ -90.4014, 31.7405 ], [ -90.395, 31.7296 ], [ -90.4001, 31.7157 ], [ -90.4169, 31.7019 ], [ -90.7209, 31.6983 ], [ -90.7368, 31.6985 ], [ -90.7356, 31.8155 ] ] ] } },
{ "type": "Feature", "properties": { "GEOIDFQ": "1400000US28029950200", "NAME": "9502", "NAMELSAD": "Census Tract 9502" }, "geometry": { "type": "Polygon", "coordinates": [ [ [ -90.3681, 31.9694 ], [ -90.363, 31.9696 ], [ -90.3643, 31.9528 ], [ -90.3575, 31.9528 ], [ -90.348, 31.9591 ], [ -90.3482, 31.973 ], [ -90.3119, 31.9769 ], [ -90.3082, 31.9837 ], [ -90.3103, 31.9917 ], [ -90.3619, 32.0147 ], [ -90.3382, 32.0497 ], [ -90.2303, 32.0497 ], [ -90.2478, 32.0307 ], [ -90.2431, 32.0221 ], [ -90.2338, 32.0246 ], [ -90.2396, 32.0204 ], [ -90.234, 32.0171 ], [ -90.2136, 32.025 ], [ -90.2242, 32.0104 ], [ -90.2328, 32.0085 ], [ -90.2226, 31.9886 ], [ -90.2059, 31.9878 ], [ -90.1981, 31.9579 ], [ -90.1875, 31.9518 ], [ -90.1929, 31.9532 ], [ -90.1919, 31.9441 ], [ -90.1983, 31.9419 ], [ -90.183, 31.9374 ], [ -90.1787, 31.9427 ], [ -90.1716, 31.9349 ], [ -90.1665, 31.9264 ], [ -90.1703, 31.9045 ], [ -90.1441, 31.8911 ], [ -90.1321, 31.8575 ], [ -90.1389, 31.8481 ], [ -90.165, 31.8435 ], [ -90.1752, 31.8634 ], [ -90.208, 31.8684 ], [ -90.2208, 31.86 ], [ -90.2373, 31.8605 ], [ -90.2629, 31.8783 ], [ -90.2697, 31.8759 ], [ -90.2866, 31.8951 ], [ -90.3227, 31.8843 ], [ -90.3775, 31.8862 ], [ -90.3824, 31.8914 ], [ -90.3946, 31.8822 ], [ -90.3997, 31.8989 ], [ -90.3681, 31.9694 ] ] ] } },
{ "type": "Feature", "properties": { "GEOIDFQ": "1400000US28029950400", "NAME": "9504", "NAMELSAD": "Census Tract 9504" }, "geometry": { "type": "Polygon", "coordinates": [ [ [ -90.4099, 31.8861 ], [ -90.401, 31.8851 ], [ -90.403, 31.894 ], [ -90.3946, 31.8822 ], [ -90.3824, 31.8914 ], [ -90.3675, 31.8867 ], [ -90.374, 31.8749 ], [ -90.3662, 31.8676 ], [ -90.38, 31.8676 ], [ -90.3615, 31.8306 ], [ -90.3849, 31.8464 ], [ -90.4153, 31.8403 ], [ -90.4099, 31.8861 ] ] ] } },
{ "type": "Feature", "properties": { "GEOIDFQ": "1400000US28001000102", "NAME": "1.02", "NAMELSAD": "Census Tract 1.02" }, "geometry": { "type": "Polygon", "coordinates": [ [ [ -91.3838, 31.4112 ], [ -91.3883, 31.4282 ], [ -91.3779, 31.4331 ], [ -91.3832, 31.4377 ], [ -91.3746, 31.4483 ], [ -91.3631, 31.4541 ], [ -91.3777, 31.4635 ], [ -91.3676, 31.4895 ], [ -91.3781, 31.5259 ], [ -91.3702, 31.5265 ], [ -91.374, 31.5329 ], [ -91.3618, 31.5414 ], [ -91.3267, 31.5271 ], [ -91.3154, 31.5158 ], [ -91.3222, 31.5032 ], [ -91.3066, 31.4946 ], [ -91.3077, 31.4885 ], [ -91.2891, 31.4946 ], [ -91.178, 31.3892 ], [ -91.1568, 31.3687 ], [ -91.1582, 31.3467 ], [ -91.1856, 31.348 ], [ -91.1896, 31.3569 ], [ -91.2088, 31.3548 ], [ -91.2179, 31.3724 ], [ -91.231, 31.3732 ], [ -91.2574, 31.3601 ], [ -91.2644, 31.3625 ], [ -91.2625, 31.3693 ], [ -91.2753, 31.3698 ], [ -91.2873, 31.3561 ], [ -91.2992, 31.3599 ], [ -91.2988, 31.3648 ], [ -91.3101, 31.3539 ], [ -91.3309, 31.3518 ], [ -91.35, 31.3374 ], [ -91.3531, 31.3451 ], [ -91.3675, 31.3479 ], [ -91.3738, 31.361 ], [ -91.3864, 31.3656 ], [ -91.3913, 31.3786 ], [ -91.3838, 31.4112 ] ] ] } },
{ "type": "Feature", "properties": { "GEOIDFQ": "1400000US28125950200", "NAME": "9502", "NAMELSAD": "Census Tract 9502" }, "geometry": { "type": "Polygon", "coordinates": [ [ [ -90.8671, 32.9166 ], [ -90.8807, 32.8909 ], [ -90.8952, 32.8935 ], [ -90.8957, 32.9143 ], [ -90.8671, 32.9166 ] ] ] } },
{ "type": "Feature", "properties": { "GEOIDFQ": "1400000US28125950100", "NAME": "9501", "NAMELSAD": "Census Tract 9501" }, "geometry": { "type": "Polygon", "coordinates": [ [ [ -90.9638, 32.8381 ], [ -90.9548, 32.8456 ], [ -90.9569, 32.8524 ], [ -90.9399, 32.8625 ], [ -90.9402, 32.8858 ], [ -90.914, 32.9442 ], [ -90.9145, 33.0974 ], [ -90.658, 33.0965 ], [ -90.6566, 32.9225 ], [ -90.7598, 32.8358 ], [ -90.7596, 32.814 ], [ -90.7486, 32.8182 ], [ -90.7394, 32.809 ], [ -90.7268, 32.8196 ], [ -90.7171, 32.8144 ], [ -90.6944, 32.8153 ], [ -90.711, 32.8055 ], [ -90.7158, 32.7934 ], [ -90.7077, 32.7778 ], [ -90.6898, 32.7659 ], [ -90.6905, 32.7576 ], [ -90.7094, 32.7474 ], [ -90.7344, 32.7572 ], [ -90.7426, 32.7292 ], [ -90.7177, 32.709 ], [ -90.6887, 32.7054 ], [ -90.6714, 32.6965 ], [ -90.6644, 32.6891 ], [ -90.666, 32.6731 ], [ -90.6874, 32.6644 ], [ -90.6972, 32.6879 ], [ -90.7044, 32.6908 ], [ -90.7122, 32.6874 ], [ -90.7232, 32.6621 ], [ -90.9649, 32.6628 ], [ -90.9638, 32.8381 ] ], [ [ -90.8952, 32.8935 ], [ -90.8807, 32.8909 ], [ -90.8671, 32.9166 ], [ -90.8954, 32.9106 ], [ -90.8952, 32.8935 ] ] ] } },
{ "type": "Feature", "properties": { "GEOIDFQ": "1400000US28035010101", "NAME": "101.01", "NAMELSAD": "Census Tract 101.01" }, "geometry": { "type": "Polygon", "coordinates": [ [ [ -89.237, 31.3107 ], [ -89.2246, 31.3134 ], [ -89.2414, 31.335 ], [ -89.2289, 31.3502 ], [ -89.177, 31.3515 ], [ -89.1462, 31.3632 ], [ -89.1456, 31.2236 ], [ -89.1681, 31.2185 ], [ -89.1838, 31.2372 ], [ -89.192, 31.2371 ], [ -89.1963, 31.2485 ], [ -89.2141, 31.2533 ], [ -89.2161, 31.2609 ], [ -89.226, 31.2599 ], [ -89.2433, 31.284 ], [ -89.237, 31.3107 ] ] ] } },
{ "type": "Feature", "properties": { "GEOIDFQ": "1400000US28035010700", "NAME": "107", "NAMELSAD": "Census Tract 107" }, "geometry": { "type": "Polygon", "coordinates": [ [ [ -89.3022, 31.3524 ], [ -89.2802, 31.3436 ], [ -89.2776, 31.3353 ], [ -89.2858, 31.3219 ], [ -89.2974, 31.3247 ], [ -89.2957, 31.3309 ], [ -89.3068, 31.3426 ], [ -89.3022, 31.3524 ] ] ] } },
{ "type": "Feature", "properties": { "GEOIDFQ": "1400000US28143980000", "NAME": "9800", "NAMELSAD": "Census Tract 9800" }, "geometry": { "type": "Polygon", "coordinates": [ [ [ -90.3411, 34.7082 ], [ -90.3406, 34.6849 ], [ -90.3584, 34.6848 ], [ -90.3586, 34.7035 ], [ -90.3411, 34.7082 ] ] ] } },
{ "type": "Feature", "properties": { "GEOIDFQ": "1400000US28001000101", "NAME": "1.01", "NAMELSAD": "Census Tract 1.01" }, "geometry": { "type": "Polygon", "coordinates": [ [ [ -91.3469, 31.5652 ], [ -91.3497, 31.5612 ], [ -91.3221, 31.5577 ], [ -91.3099, 31.5666 ], [ -91.2991, 31.5662 ], [ -91.2946, 31.5756 ], [ -91.3001, 31.579 ], [ -91.2482, 31.6248 ], [ -91.1538, 31.6305 ], [ -91.1568, 31.3687 ], [ -91.2891, 31.4946 ], [ -91.3077, 31.4885 ], [ -91.3066, 31.4946 ], [ -91.3227, 31.5041 ], [ -91.3165, 31.518 ], [ -91.3618, 31.5414 ], [ -91.3632, 31.5586 ], [ -91.3469, 31.5652 ] ] ] } },
{ "type": "Feature", "properties": { "GEOIDFQ": "1400000US28073020205", "NAME": "202.05", "NAMELSAD": "Census Tract 202.05" }, "geometry": { "type": "Polygon", "coordinates": [ [ [ -89.4632, 31.3494 ], [ -89.454, 31.3487 ], [ -89.4385, 31.3316 ], [ -89.4193, 31.3345 ], [ -89.4223, 31.3464 ], [ -89.399, 31.3465 ], [ -89.3965, 31.3359 ], [ -89.4077, 31.3176 ], [ -89.472, 31.3129 ], [ -89.479, 31.3274 ], [ -89.4632, 31.3494 ] ] ] } },
{ "type": "Feature", "properties": { "GEOIDFQ": "1400000US28049000900", "NAME": "9", "NAMELSAD": "Census Tract 9" }, "geometry": { "type": "Polygon", "coordinates": [ [ [ -90.2076, 32.3517 ], [ -90.2055, 32.3324 ], [ -90.2158, 32.3414 ], [ -90.2111, 32.3498 ], [ -90.22, 32.35 ], [ -90.2076, 32.3517 ] ] ] } },
{ "type": "Feature", "properties": { "GEOIDFQ": "1400000US28039950302", "NAME": "9503.02", "NAMELSAD": "Census Tract 9503.02" }, "geometry": { "type": "Polygon", "coordinates": [ [ [ -88.8345, 30.9103 ], [ -88.8343, 30.998 ], [ -88.6466, 30.9985 ], [ -88.6639, 30.9912 ], [ -88.65, 30.9533 ], [ -88.6121, 30.9363 ], [ -88.6164, 30.8935 ], [ -88.6627, 30.8791 ], [ -88.7342, 30.8861 ], [ -88.8076, 30.8713 ], [ -88.8323, 30.8561 ], [ -88.857, 30.8532 ], [ -88.8847, 30.8531 ], [ -88.885, 30.9108 ], [ -88.8345, 30.9103 ] ] ] } },
{ "type": "Feature", "properties": { "GEOIDFQ": "1400000US28039950102", "NAME": "9501.02", "NAMELSAD": "Census Tract 9501.02" }, "geometry": { "type": "Polygon", "coordinates": [ [ [ -88.6639, 30.9912 ], [ -88.6466, 30.9985 ], [ -88.4254, 30.9983 ], [ -88.4182, 30.8586 ], [ -88.4814, 30.8776 ], [ -88.5313, 30.9097 ], [ -88.5438, 30.9051 ], [ -88.5601, 30.909 ], [ -88.5912, 30.9341 ], [ -88.5954, 30.948 ], [ -88.6175, 30.9406 ], [ -88.6469, 30.9505 ], [ -88.6639, 30.9912 ] ] ] } },
{ "type": "Feature", "properties": { "GEOIDFQ": "1400000US28039950101", "NAME": "9501.01", "NAMELSAD": "Census Tract 9501.01" }, "geometry": { "type": "Polygon", "coordinates": [ [ [ -88.5809, 30.8551 ], [ -88.5939, 30.9103 ], [ -88.5438, 30.9051 ], [ -88.5313, 30.9097 ], [ -88.4814, 30.8776 ], [ -88.4182, 30.8586 ], [ -88.4126, 30.7356 ], [ -88.5728, 30.7349 ], [ -88.581, 30.7747 ], [ -88.5728, 30.7963 ], [ -88.5854, 30.8289 ], [ -88.5946, 30.8366 ], [ -88.5809, 30.8551 ] ] ] } },
{ "type": "Feature", "properties": { "GEOIDFQ": "1400000US28123020400", "NAME": "204", "NAMELSAD": "Census Tract 204" }, "geometry": { "type": "Polygon", "coordinates": [ [ [ -89.671, 32.3488 ], [ -89.6575, 32.3854 ], [ -89.6531, 32.3611 ], [ -89.6275, 32.3543 ], [ -89.6275, 32.3475 ], [ -89.6497, 32.3443 ], [ -89.6368, 32.3361 ], [ -89.6361, 32.3266 ], [ -89.6571, 32.3436 ], [ -89.6675, 32.3302 ], [ -89.6794, 32.3295 ], [ -89.6912, 32.3397 ], [ -89.671, 32.3488 ] ] ] } },
{ "type": "Feature", "properties": { "GEOIDFQ": "1400000US28123020600", "NAME": "206", "NAMELSAD": "Census Tract 206" }, "geometry": { "type": "Polygon", "coordinates": [ [ [ -89.6028, 32.273 ], [ -89.5871, 32.2772 ], [ -89.5694, 32.294 ], [ -89.5705, 32.3196 ], [ -89.5407, 32.3355 ], [ -89.5363, 32.357 ], [ -89.5645, 32.366 ], [ -89.5534, 32.404 ], [ -89.5571, 32.4112 ], [ -89.5374, 32.4278 ], [ -89.5388, 32.4588 ], [ -89.4855, 32.4528 ], [ -89.4523, 32.4579 ], [ -89.4651, 32.4319 ], [ -89.4817, 32.4168 ], [ -89.4807, 32.402 ], [ -89.5111, 32.3892 ], [ -89.5084, 32.362 ], [ -89.4904, 32.3618 ], [ -89.4989, 32.3586 ], [ -89.4876, 32.3369 ], [ -89.4597, 32.3292 ], [ -89.4695, 32.3416 ], [ -89.4506, 32.3408 ], [ -89.4499, 32.356 ], [ -89.4389, 32.3686 ], [ -89.439, 32.3613 ], [ -89.3226, 32.3486 ], [ -89.3227, 32.2235 ], [ -89.5976, 32.2237 ], [ -89.6028, 32.273 ] ] ] } },
{ "type": "Feature", "properties": { "GEOIDFQ": "1400000US28123020200", "NAME": "202", "NAMELSAD": "Census Tract 202" }, "geometry": { "type": "Polygon", "coordinates": [ [ [ -89.7824, 32.597 ], [ -89.7686, 32.6 ], [ -89.7709, 32.6061 ], [ -89.7613, 32.6067 ], [ -89.7303, 32.6342 ], [ -89.7302, 32.5772 ], [ -89.4532, 32.5764 ], [ -89.4628, 32.5328 ], [ -89.4563, 32.4918 ], [ -89.463, 32.4803 ], [ -89.4523, 32.4579 ], [ -89.4855, 32.4528 ], [ -89.5467, 32.4588 ], [ -89.5753, 32.4715 ], [ -89.5971, 32.4738 ], [ -89.6526, 32.4739 ], [ -89.6678, 32.4666 ], [ -89.7134, 32.4709 ], [ -89.756, 32.4675 ], [ -89.7824, 32.597 ] ] ] } },
{ "type": "Feature", "properties": { "GEOIDFQ": "1400000US28123020500", "NAME": "205", "NAMELSAD": "Census Tract 205" }, "geometry": { "type": "Polygon", "coordinates": [ [ [ -89.4807, 32.402 ], [ -89.4792, 32.3763 ], [ -89.462, 32.3691 ], [ -89.4531, 32.3708 ], [ -89.4512, 32.3868 ], [ -89.4403, 32.3881 ], [ -89.4506, 32.3408 ], [ -89.4695, 32.3416 ], [ -89.4597, 32.3292 ], [ -89.4876, 32.337 ], [ -89.4989, 32.3586 ], [ -89.4904, 32.3618 ], [ -89.5084, 32.362 ], [ -89.5111, 32.388 ], [ -89.4807, 32.402 ] ] ] } },
{ "type": "Feature", "properties": { "GEOIDFQ": "1400000US28073020502", "NAME": "205.02", "NAMELSAD": "Census Tract 205.02" }, "geometry": { "type": "Polygon", "coordinates": [ [ [ -89.472, 31.3129 ], [ -89.4587, 31.2363 ], [ -89.4442, 31.2025 ], [ -89.4644, 31.1962 ], [ -89.472, 31.1792 ], [ -89.4902, 31.1926 ], [ -89.4952, 31.2105 ], [ -89.542, 31.2186 ], [ -89.5545, 31.2432 ], [ -89.5728, 31.2546 ], [ -89.5848, 31.2896 ], [ -89.472, 31.3129 ] ] ] } },
{ "type": "Feature", "properties": { "GEOIDFQ": "1400000US28073020402", "NAME": "204.02", "NAMELSAD": "Census Tract 204.02" }, "geometry": { "type": "Polygon", "coordinates": [ [ [ -89.4644, 31.1962 ], [ -89.4442, 31.2025 ], [ -89.446, 31.2133 ], [ -89.4174, 31.2292 ], [ -89.4031, 31.2147 ], [ -89.386, 31.2068 ], [ -89.363, 31.2056 ], [ -89.3544, 31.1972 ], [ -89.3525, 31.1844 ], [ -89.3487, 31.1869 ], [ -89.349, 31.1357 ], [ -89.4028, 31.1465 ], [ -89.4676, 31.115 ], [ -89.459, 31.1671 ], [ -89.472, 31.1793 ], [ -89.4644, 31.1962 ] ] ] } },
{ "type": "Feature", "properties": { "GEOIDFQ": "1400000US28073020501", "NAME": "205.01", "NAMELSAD": "Census Tract 205.01" }, "geometry": { "type": "Polygon", "coordinates": [ [ [ -89.6538, 31.2831 ], [ -89.5846, 31.2905 ], [ -89.5728, 31.2546 ], [ -89.5545, 31.2432 ], [ -89.5423, 31.2189 ], [ -89.4951, 31.2105 ], [ -89.4901, 31.1925 ], [ -89.459, 31.1671 ], [ -89.4717, 31.0984 ], [ -89.485, 31.0839 ], [ -89.4851, 31.072 ], [ -89.5051, 31.0663 ], [ -89.5179, 31.072 ], [ -89.5388, 31.0592 ], [ -89.5531, 31.0623 ], [ -89.5512, 31.0549 ], [ -89.5311, 31.0461 ], [ -89.5327, 31.0245 ], [ -89.5384, 31.016 ], [ -89.552, 31.016 ], [ -89.5519, 31.0019 ], [ -89.654, 31.0025 ], [ -89.6538, 31.2831 ] ] ] } },
{ "type": "Feature", "properties": { "GEOIDFQ": "1400000US28073020102", "NAME": "201.02", "NAMELSAD": "Census Tract 201.02" }, "geometry": { "type": "Polygon", "coordinates": [ [ [ -89.6541, 31.3597 ], [ -89.6209, 31.3725 ], [ -89.6104, 31.3599 ], [ -89.5856, 31.3717 ], [ -89.5496, 31.361 ], [ -89.5209, 31.3612 ], [ -89.5077, 31.368 ], [ -89.5419, 31.3986 ], [ -89.5459, 31.4235 ], [ -89.5404, 31.4334 ], [ -89.4516, 31.434 ], [ -89.4511, 31.3464 ], [ -89.4223, 31.3464 ], [ -89.4189, 31.3368 ], [ -89.4389, 31.3317 ], [ -89.454, 31.3487 ], [ -89.4632, 31.3494 ], [ -89.479, 31.3275 ], [ -89.472, 31.3129 ], [ -89.4921, 31.3058 ], [ -89.6538, 31.2831 ], [ -89.6541, 31.3597 ] ] ] } },
{ "type": "Feature", "properties": { "GEOIDFQ": "1400000US28073020401", "NAME": "204.01", "NAMELSAD": "Census Tract 204.01" }, "geometry": { "type": "Polygon", "coordinates": [ [ [ -89.4718, 31.0981 ], [ -89.4676, 31.115 ], [ -89.4136, 31.1433 ], [ -89.3941, 31.1461 ], [ -89.349, 31.1357 ], [ -89.3493, 31.0978 ], [ -89.3616, 31.0986 ], [ -89.3884, 31.083 ], [ -89.4067, 31.0818 ], [ -89.4312, 31.0973 ], [ -89.4367, 31.0683 ], [ -89.4848, 31.0841 ], [ -89.4718, 31.0981 ] ] ] } },
{ "type": "Feature", "properties": { "GEOIDFQ": "1400000US28073020306", "NAME": "203.06", "NAMELSAD": "Census Tract 203.06" }, "geometry": { "type": "Polygon", "coordinates": [ [ [ -89.3966, 31.3343 ], [ -89.399, 31.3465 ], [ -89.3607, 31.3467 ], [ -89.3572, 31.3368 ], [ -89.3668, 31.3353 ], [ -89.3734, 31.3222 ], [ -89.4075, 31.3208 ], [ -89.3966, 31.3343 ] ] ] } },
{ "type": "Feature", "properties": { "GEOIDFQ": "1400000US28073020304", "NAME": "203.04", "NAMELSAD": "Census Tract 203.04" }, "geometry": { "type": "Polygon", "coordinates": [ [ [ -89.3563, 31.3244 ], [ -89.3479, 31.325 ], [ -89.3478, 31.2843 ], [ -89.3563, 31.2815 ], [ -89.3772, 31.3011 ], [ -89.3563, 31.3244 ] ] ] } },
{ "type": "Feature", "properties": { "GEOIDFQ": "1400000US28073020206", "NAME": "202.06", "NAMELSAD": "Census Tract 202.06" }, "geometry": { "type": "Polygon", "coordinates": [ [ [ -89.413, 31.3176 ], [ -89.4145, 31.2862 ], [ -89.4339, 31.2804 ], [ -89.4523, 31.2905 ], [ -89.468, 31.2836 ], [ -89.472, 31.3129 ], [ -89.413, 31.3176 ] ] ] } },
{ "type": "Feature", "properties": { "GEOIDFQ": "1400000US28073020303", "NAME": "203.03", "NAMELSAD": "Census Tract 203.03" }, "geometry": { "type": "Polygon", "coordinates": [ [ [ -89.4105, 31.3109 ], [ -89.4045, 31.3109 ], [ -89.3773, 31.301 ], [ -89.3563, 31.2815 ], [ -89.3478, 31.2843 ], [ -89.3519, 31.184 ], [ -89.3603, 31.2041 ], [ -89.3862, 31.2068 ], [ -89.409, 31.2183 ], [ -89.407, 31.2298 ], [ -89.3863, 31.2381 ], [ -89.3909, 31.261 ], [ -89.3814, 31.2838 ], [ -89.3902, 31.2848 ], [ -89.3904, 31.2932 ], [ -89.3958, 31.2891 ], [ -89.4113, 31.2928 ], [ -89.4105, 31.3109 ] ] ] } },
{ "type": "Feature", "properties": { "GEOIDFQ": "1400000US28073020101", "NAME": "201.01", "NAMELSAD": "Census Tract 201.01" }, "geometry": { "type": "Polygon", "coordinates": [ [ [ -89.6542, 31.4338 ], [ -89.5399, 31.4339 ], [ -89.5458, 31.4238 ], [ -89.5419, 31.3986 ], [ -89.5077, 31.368 ], [ -89.5406, 31.3604 ], [ -89.5856, 31.3717 ], [ -89.6104, 31.3599 ], [ -89.6199, 31.3726 ], [ -89.6541, 31.3597 ], [ -89.6542, 31.4338 ] ] ] } },
{ "type": "Feature", "properties": { "GEOIDFQ": "1400000US28073020307", "NAME": "203.07", "NAMELSAD": "Census Tract 203.07" }, "geometry": { "type": "Polygon", "coordinates": [ [ [ -89.3523, 31.3466 ], [ -89.3479, 31.3467 ], [ -89.3479, 31.325 ], [ -89.3523, 31.3466 ] ] ] } },
{ "type": "Feature", "properties": { "GEOIDFQ": "1400000US28073020308", "NAME": "203.08", "NAMELSAD": "Census Tract 203.08" }, "geometry": { "type": "Polygon", "coordinates": [ [ [ -89.3572, 31.3368 ], [ -89.3607, 31.3467 ], [ -89.3523, 31.3466 ], [ -89.3525, 31.3249 ], [ -89.3734, 31.3225 ], [ -89.3572, 31.3368 ] ] ] } },
{ "type": "Feature", "properties": { "GEOIDFQ": "1400000US28073020204", "NAME": "202.04", "NAMELSAD": "Census Tract 202.04" }, "geometry": { "type": "Polygon", "coordinates": [ [ [ -89.446, 31.2887 ], [ -89.4307, 31.2613 ], [ -89.4215, 31.2716 ], [ -89.3825, 31.2737 ], [ -89.3908, 31.2614 ], [ -89.3875, 31.2364 ], [ -89.4037, 31.2323 ], [ -89.4106, 31.2226 ], [ -89.4174, 31.2292 ], [ -89.446, 31.2133 ], [ -89.4586, 31.2359 ], [ -89.468, 31.2836 ], [ -89.446, 31.2887 ] ] ] } },
{ "type": "Feature", "properties": { "GEOIDFQ": "1400000US28073020203", "NAME": "202.03", "NAMELSAD": "Census Tract 202.03" }, "geometry": { "type": "Polygon", "coordinates": [ [ [ -89.4421, 31.2884 ], [ -89.4328, 31.2804 ], [ -89.4145, 31.2862 ], [ -89.4113, 31.2927 ], [ -89.3958, 31.2891 ], [ -89.3904, 31.2932 ], [ -89.3902, 31.2848 ], [ -89.3815, 31.284 ], [ -89.3816, 31.2736 ], [ -89.4215, 31.2716 ], [ -89.4321, 31.2616 ], [ -89.4315, 31.2692 ], [ -89.4462, 31.2857 ], [ -89.4421, 31.2884 ] ] ] } },
{ "type": "Feature", "properties": { "GEOIDFQ": "1400000US28073020305", "NAME": "203.05", "NAMELSAD": "Census Tract 203.05" }, "geometry": { "type": "Polygon", "coordinates": [ [ [ -89.4072, 31.3177 ], [ -89.3563, 31.3247 ], [ -89.3786, 31.2989 ], [ -89.4105, 31.3109 ], [ -89.4129, 31.3174 ], [ -89.4072, 31.3177 ] ] ] } },
{ "type": "Feature", "properties": { "GEOIDFQ": "1400000US28071950507", "NAME": "9505.07", "NAMELSAD": "Census Tract 9505.07" }, "geometry": { "type": "Polygon", "coordinates": [ [ [ -89.5209, 34.2104 ], [ -89.5268, 34.2396 ], [ -89.5214, 34.2734 ], [ -89.4934, 34.284 ], [ -89.4605, 34.2764 ], [ -89.4451, 34.2854 ], [ -89.4563, 34.2907 ], [ -89.4634, 34.3095 ], [ -89.494, 34.3444 ], [ -89.4979, 34.3557 ], [ -89.492, 34.3579 ], [ -89.3877, 34.3243 ], [ -89.2462, 34.2999 ], [ -89.2455, 34.1612 ], [ -89.5097, 34.1621 ], [ -89.5094, 34.191 ], [ -89.537, 34.1911 ], [ -89.5209, 34.2104 ] ] ] } },
{ "type": "Feature", "properties": { "GEOIDFQ": "1400000US28113950300", "NAME": "9503", "NAMELSAD": "Census Tract 9503" }, "geometry": { "type": "Polygon", "coordinates": [ [ [ -90.4383, 31.262 ], [ -90.4391, 31.2459 ], [ -90.4321, 31.2457 ], [ -90.4314, 31.2323 ], [ -90.4447, 31.2183 ], [ -90.4651, 31.2739 ], [ -90.4383, 31.262 ] ] ] } },
{ "type": "Feature", "properties": { "GEOIDFQ": "1400000US28113950700", "NAME": "9507", "NAMELSAD": "Census Tract 9507" }, "geometry": { "type": "Polygon", "coordinates": [ [ [ -90.548, 31.131 ], [ -90.5206, 31.1291 ], [ -90.5003, 31.1173 ], [ -90.4794, 31.1166 ], [ -90.4731, 31.1003 ], [ -90.4468, 31.1014 ], [ -90.4408, 31.0873 ], [ -90.3841, 31.0875 ], [ -90.3625, 31.1175 ], [ -90.3082, 31.0979 ], [ -90.2847, 31.0981 ], [ -90.2598, 31.0729 ], [ -90.2596, 31.0007 ], [ -90.5476, 30.9997 ], [ -90.548, 31.131 ] ] ] } },
{ "type": "Feature", "properties": { "GEOIDFQ": "1400000US28047003403", "NAME": "34.03", "NAMELSAD": "Census Tract 34.03" }, "geometry": { "type": "Polygon", "coordinates": [ [ [ -89.0075, 30.5401 ], [ -88.9751, 30.5208 ], [ -88.996, 30.4509 ], [ -89.0136, 30.4525 ], [ -89.0101, 30.4685 ], [ -89.0426, 30.4981 ], [ -89.0075, 30.5401 ] ] ] } },
{ "type": "Feature", "properties": { "GEOIDFQ": "1400000US28047002900", "NAME": "29", "NAMELSAD": "Census Tract 29" }, "geometry": { "type": "Polygon", "coordinates": [ [ [ -89.2738, 30.3103 ], [ -89.1868, 30.3389 ], [ -89.187, 30.327 ], [ -89.2428, 30.3061 ], [ -89.292, 30.3008 ], [ -89.2965, 30.309 ], [ -89.2738, 30.3103 ] ] ] } },
{ "type": "Feature", "properties": { "GEOIDFQ": "1400000US28105950300", "NAME": "9503", "NAMELSAD": "Census Tract 9503" }, "geometry": { "type": "Polygon", "coordinates": [ [ [ -88.854, 33.5057 ], [ -88.8291, 33.5017 ], [ -88.8153, 33.4844 ], [ -88.8139, 33.4659 ], [ -88.8444, 33.462 ], [ -88.854, 33.5057 ] ] ] } },
{ "type": "Feature", "properties": { "GEOIDFQ": "1400000US28105950500", "NAME": "9505", "NAMELSAD": "Census Tract 9505" }, "geometry": { "type": "Polygon", "coordinates": [ [ [ -88.8455, 33.462 ], [ -88.8102, 33.4659 ], [ -88.8103, 33.4546 ], [ -88.8317, 33.4537 ], [ -88.8452, 33.4455 ], [ -88.8455, 33.462 ] ] ] } },
{ "type": "Feature", "properties": { "GEOIDFQ": "1400000US28101050500", "NAME": "505", "NAMELSAD": "Census Tract 505" }, "geometry": { "type": "Polygon", "coordinates": [ [ [ -89.1915, 32.3211 ], [ -89.1682, 32.3374 ], [ -89.1097, 32.342 ], [ -89.1099, 32.3372 ], [ -89.1323, 32.3304 ], [ -89.1301, 32.3176 ], [ -89.1487, 32.3152 ], [ -89.1523, 32.296 ], [ -89.1687, 32.3023 ], [ -89.1689, 32.2967 ], [ -89.1817, 32.2966 ], [ -89.1811, 32.3132 ], [ -89.1969, 32.3077 ], [ -89.2114, 32.3106 ], [ -89.2117, 32.3157 ], [ -89.1915, 32.3211 ] ] ] } },
{ "type": "Feature", "properties": { "GEOIDFQ": "1400000US28101050400", "NAME": "504", "NAMELSAD": "Census Tract 504" }, "geometry": { "type": "Polygon", "coordinates": [ [ [ -89.3226, 32.3239 ], [ -89.3012, 32.3255 ], [ -89.2824, 32.341 ], [ -89.1651, 32.338 ], [ -89.1915, 32.3211 ], [ -89.2114, 32.3179 ], [ -89.2114, 32.3106 ], [ -89.1958, 32.3077 ], [ -89.1811, 32.3132 ], [ -89.1817, 32.2966 ], [ -89.1689, 32.2967 ], [ -89.1687, 32.3023 ], [ -89.1523, 32.296 ], [ -89.1487, 32.3152 ], [ -89.1301, 32.3176 ], [ -89.1323, 32.3304 ], [ -89.1099, 32.3372 ], [ -89.1097, 32.342 ], [ -89.0672, 32.3474 ], [ -89.0667, 32.3685 ], [ -89.0749, 32.3838 ], [ -89.0426, 32.3788 ], [ -89.0429, 32.3911 ], [ -89.0321, 32.3936 ], [ -89.0272, 32.3848 ], [ -89.0238, 32.3987 ], [ -89.0094, 32.4041 ], [ -89.0028, 32.4222 ], [ -88.9877, 32.4163 ], [ -88.9703, 32.4183 ], [ -88.9536, 32.4045 ], [ -88.9326, 32.4067 ], [ -88.9299, 32.3976 ], [ -88.915, 32.3939 ], [ -88.9138, 32.2242 ], [ -89.3227, 32.2235 ], [ -89.3226, 32.3239 ] ] ] } },
{ "type": "Feature", "properties": { "GEOIDFQ": "1400000US28101050200", "NAME": "502", "NAMELSAD": "Census Tract 502" }, "geometry": { "type": "Polygon", "coordinates": [ [ [ -89.3226, 32.5764 ], [ -89.0908, 32.5769 ], [ -89.0952, 32.5747 ], [ -89.0793, 32.567 ], [ -89.0932, 32.5596 ], [ -89.1099, 32.5629 ], [ -89.1142, 32.463 ], [ -89.1354, 32.4702 ], [ -89.1432, 32.4648 ], [ -89.1686, 32.4696 ], [ -89.1779, 32.4562 ], [ -89.1991, 32.4689 ], [ -89.2172, 32.4654 ], [ -89.2284, 32.4735 ], [ -89.2258, 32.4858 ], [ -89.2364, 32.479 ], [ -89.254, 32.5186 ], [ -89.2783, 32.5157 ], [ -89.2893, 32.493 ], [ -89.3225, 32.49 ], [ -89.3226, 32.5764 ] ] ] } },
{ "type": "Feature", "properties": { "GEOIDFQ": "1400000US28101050100", "NAME": "501", "NAMELSAD": "Census Tract 501" }, "geometry": { "type": "Polygon", "coordinates": [ [ [ -89.1121, 32.556 ], [ -89.1099, 32.5629 ], [ -89.0957, 32.5593 ], [ -89.0806, 32.5656 ], [ -89.0952, 32.5747 ], [ -89.0908, 32.5769 ], [ -88.9145, 32.577 ], [ -88.915, 32.3939 ], [ -88.9299, 32.3976 ], [ -88.9326, 32.4067 ], [ -88.9536, 32.4045 ], [ -88.9701, 32.4182 ], [ -88.9879, 32.4164 ], [ -88.9985, 32.4236 ], [ -89.0094, 32.4041 ], [ -89.0238, 32.3987 ], [ -89.0272, 32.3848 ], [ -89.0321, 32.3936 ], [ -89.0429, 32.3911 ], [ -89.0426, 32.3788 ], [ -89.0749, 32.3838 ], [ -89.0811, 32.4101 ], [ -89.0966, 32.4227 ], [ -89.0998, 32.4331 ], [ -89.0923, 32.4335 ], [ -89.1143, 32.4639 ], [ -89.1121, 32.556 ] ] ] } },
{ "type": "Feature", "properties": { "GEOIDFQ": "1400000US28037950102", "NAME": "9501.02", "NAMELSAD": "Census Tract 9501.02" }, "geometry": { "type": "Polygon", "coordinates": [ [ [ -90.9794, 31.3559 ], [ -90.9673, 31.3512 ], [ -90.9648, 31.3681 ], [ -90.9495, 31.3677 ], [ -90.9519, 31.3858 ], [ -90.9397, 31.3854 ], [ -90.9176, 31.397 ], [ -90.9243, 31.4225 ], [ -90.9054, 31.4218 ], [ -90.8935, 31.4339 ], [ -90.8758, 31.4272 ], [ -90.8709, 31.442 ], [ -90.8557, 31.4401 ], [ -90.833, 31.4499 ], [ -90.7992, 31.4804 ], [ -90.8002, 31.4895 ], [ -90.8076, 31.4901 ], [ -90.825, 31.4772 ], [ -90.8403, 31.4986 ], [ -90.8599, 31.5096 ], [ -90.8661, 31.5057 ], [ -90.8734, 31.5357 ], [ -90.8964, 31.5363 ], [ -90.9045, 31.5448 ], [ -90.9085, 31.5381 ], [ -90.9142, 31.5401 ], [ -90.9123, 31.5653 ], [ -90.9008, 31.5815 ], [ -90.9128, 31.6106 ], [ -90.6332, 31.6114 ], [ -90.6333, 31.3493 ], [ -90.983, 31.3487 ], [ -90.9794, 31.3559 ] ] ] } },
{ "type": "Feature", "properties": { "GEOIDFQ": "1400000US28037950101", "NAME": "9501.01", "NAMELSAD": "Census Tract 9501.01" }, "geometry": { "type": "Polygon", "coordinates": [ [ [ -90.9034, 31.4572 ], [ -90.9204, 31.4946 ], [ -90.9094, 31.5086 ], [ -90.9171, 31.5199 ], [ -90.9085, 31.5223 ], [ -90.9045, 31.5448 ], [ -90.8964, 31.5363 ], [ -90.8731, 31.5354 ], [ -90.8694, 31.5086 ], [ -90.8648, 31.5051 ], [ -90.8599, 31.5096 ], [ -90.8403, 31.4986 ], [ -90.825, 31.4772 ], [ -90.8076, 31.4901 ], [ -90.8002, 31.4895 ], [ -90.7992, 31.4804 ], [ -90.833, 31.4499 ], [ -90.8557, 31.4401 ], [ -90.8709, 31.442 ], [ -90.8758, 31.4272 ], [ -90.8912, 31.434 ], [ -90.9071, 31.4213 ], [ -90.9192, 31.4252 ], [ -90.9034, 31.4572 ] ] ] } },
{ "type": "Feature", "properties": { "GEOIDFQ": "1400000US28071950203", "NAME": "9502.03", "NAMELSAD": "Census Tract 9502.03" }, "geometry": { "type": "Polygon", "coordinates": [ [ [ -89.5328, 34.3554 ], [ -89.5084, 34.3543 ], [ -89.5143, 34.3367 ], [ -89.5313, 34.3356 ], [ -89.5464, 34.3418 ], [ -89.5328, 34.3554 ] ] ] } },
{ "type": "Feature", "properties": { "GEOIDFQ": "1400000US28071950204", "NAME": "9502.04", "NAMELSAD": "Census Tract 9502.04" }, "geometry": { "type": "Polygon", "coordinates": [ [ [ -89.5276, 34.3684 ], [ -89.4885, 34.3587 ], [ -89.5028, 34.3542 ], [ -89.5394, 34.3569 ], [ -89.5276, 34.3684 ] ] ] } },
{ "type": "Feature", "properties": { "GEOIDFQ": "1400000US28071950303", "NAME": "9503.03", "NAMELSAD": "Census Tract 9503.03" }, "geometry": { "type": "Polygon", "coordinates": [ [ [ -89.5657, 34.3929 ], [ -89.554, 34.386 ], [ -89.545, 34.3906 ], [ -89.5252, 34.3883 ], [ -89.5253, 34.3724 ], [ -89.534, 34.3718 ], [ -89.5446, 34.3829 ], [ -89.5681, 34.3795 ], [ -89.5737, 34.3843 ], [ -89.5657, 34.3929 ] ] ] } },
{ "type": "Feature", "properties": { "GEOIDFQ": "1400000US28071950504", "NAME": "9505.04", "NAMELSAD": "Census Tract 9505.04" }, "geometry": { "type": "Polygon", "coordinates": [ [ [ -89.6545, 34.3373 ], [ -89.6589, 34.3552 ], [ -89.5672, 34.3619 ], [ -89.5684, 34.3488 ], [ -89.5597, 34.3361 ], [ -89.5894, 34.3072 ], [ -89.5868, 34.2766 ], [ -89.5943, 34.2609 ], [ -89.6034, 34.2572 ], [ -89.6099, 34.2679 ], [ -89.6126, 34.2783 ], [ -89.5992, 34.2797 ], [ -89.6132, 34.3007 ], [ -89.6422, 34.3093 ], [ -89.6588, 34.3049 ], [ -89.6645, 34.3132 ], [ -89.6545, 34.3373 ] ] ] } },
{ "type": "Feature", "properties": { "GEOIDFQ": "1400000US28071950304", "NAME": "9503.04", "NAMELSAD": "Census Tract 9503.04" }, "geometry": { "type": "Polygon", "coordinates": [ [ [ -89.5626, 34.3723 ], [ -89.5695, 34.3799 ], [ -89.5532, 34.3794 ], [ -89.5521, 34.3834 ], [ -89.534, 34.3722 ], [ -89.5642, 34.3622 ], [ -89.5706, 34.3683 ], [ -89.5626, 34.3723 ] ] ] } },
{ "type": "Feature", "properties": { "GEOIDFQ": "1400000US28071950404", "NAME": "9504.04", "NAMELSAD": "Census Tract 9504.04" }, "geometry": { "type": "Polygon", "coordinates": [ [ [ -89.609, 34.4099 ], [ -89.5961, 34.4111 ], [ -89.604, 34.4222 ], [ -89.5882, 34.4393 ], [ -89.5745, 34.4308 ], [ -89.5486, 34.3897 ], [ -89.554, 34.386 ], [ -89.5657, 34.3929 ], [ -89.5731, 34.3879 ], [ -89.5626, 34.3723 ], [ -89.5717, 34.3606 ], [ -89.6192, 34.3586 ], [ -89.6308, 34.3686 ], [ -89.609, 34.4099 ] ] ] } },
{ "type": "Feature", "properties": { "GEOIDFQ": "1400000US28071950505", "NAME": "9505.05", "NAMELSAD": "Census Tract 9505.05" }, "geometry": { "type": "Polygon", "coordinates": [ [ [ -89.5868, 34.2766 ], [ -89.5894, 34.3072 ], [ -89.5597, 34.3361 ], [ -89.5684, 34.3488 ], [ -89.5668, 34.3593 ], [ -89.5328, 34.3554 ], [ -89.5464, 34.3418 ], [ -89.5313, 34.3356 ], [ -89.5197, 34.3376 ], [ -89.5234, 34.2651 ], [ -89.5424, 34.2564 ], [ -89.5484, 34.2636 ], [ -89.5659, 34.2542 ], [ -89.5722, 34.2648 ], [ -89.5943, 34.2609 ], [ -89.5868, 34.2766 ] ] ] } },
{ "type": "Feature", "properties": { "GEOIDFQ": "1400000US28071950506", "NAME": "9505.06", "NAMELSAD": "Census Tract 9505.06" }, "geometry": { "type": "Polygon", "coordinates": [ [ [ -89.5084, 34.3543 ], [ -89.4979, 34.3557 ], [ -89.4563, 34.2907 ], [ -89.4451, 34.2854 ], [ -89.4605, 34.2764 ], [ -89.4934, 34.284 ], [ -89.5214, 34.2734 ], [ -89.5233, 34.3221 ], [ -89.5084, 34.3543 ] ] ] } },
{ "type": "Feature", "properties": { "GEOIDFQ": "1400000US28071950403", "NAME": "9504.03", "NAMELSAD": "Census Tract 9504.03" }, "geometry": { "type": "Polygon", "coordinates": [ [ [ -89.554, 34.4275 ], [ -89.5596, 34.4489 ], [ -89.5453, 34.4571 ], [ -89.5285, 34.4561 ], [ -89.5189, 34.4657 ], [ -89.4836, 34.4436 ], [ -89.4793, 34.3856 ], [ -89.5129, 34.3861 ], [ -89.5243, 34.381 ], [ -89.5252, 34.3883 ], [ -89.5486, 34.3897 ], [ -89.5693, 34.4234 ], [ -89.554, 34.4275 ] ] ] } },
{ "type": "Feature", "properties": { "GEOIDFQ": "1400000US28153950200", "NAME": "9502", "NAMELSAD": "Census Tract 9502" }, "geometry": { "type": "Polygon", "coordinates": [ [ [ -88.6687, 31.6974 ], [ -88.6466, 31.6944 ], [ -88.6205, 31.7002 ], [ -88.6151, 31.6811 ], [ -88.6301, 31.6728 ], [ -88.6233, 31.6573 ], [ -88.6266, 31.6384 ], [ -88.6194, 31.6349 ], [ -88.6401, 31.6283 ], [ -88.6485, 31.6405 ], [ -88.6631, 31.6413 ], [ -88.6611, 31.6567 ], [ -88.682, 31.6528 ], [ -88.6835, 31.6818 ], [ -88.6687, 31.6974 ] ] ] } },
{ "type": "Feature", "properties": { "GEOIDFQ": "1400000US28145950300", "NAME": "9503", "NAMELSAD": "Census Tract 9503" }, "geometry": { "type": "Polygon", "coordinates": [ [ [ -89.0613, 34.4799 ], [ -89.0483, 34.5415 ], [ -89.0256, 34.5188 ], [ -89.0196, 34.5251 ], [ -89.0105, 34.5188 ], [ -89.0132, 34.4958 ], [ -89.004, 34.4927 ], [ -89.0164, 34.4814 ], [ -88.9947, 34.4635 ], [ -89.0141, 34.4527 ], [ -89.0159, 34.4383 ], [ -89.0521, 34.4385 ], [ -89.0566, 34.4636 ], [ -89.0734, 34.456 ], [ -89.0613, 34.4799 ] ] ] } },
{ "type": "Feature", "properties": { "GEOIDFQ": "1400000US28145950500", "NAME": "9505", "NAMELSAD": "Census Tract 9505" }, "geometry": { "type": "Polygon", "coordinates": [ [ [ -89.0141, 34.4527 ], [ -88.9971, 34.4604 ], [ -88.9833, 34.4816 ], [ -88.9721, 34.4744 ], [ -88.9379, 34.4734 ], [ -88.9351, 34.4902 ], [ -88.8926, 34.5042 ], [ -88.8742, 34.487 ], [ -88.8206, 34.4866 ], [ -88.815, 34.495 ], [ -88.7894, 34.4949 ], [ -88.7898, 34.3937 ], [ -88.8251, 34.3939 ], [ -88.825, 34.3648 ], [ -88.9285, 34.365 ], [ -88.9289, 34.3794 ], [ -89.0228, 34.38 ], [ -89.0141, 34.4527 ] ] ] } },
{ "type": "Feature", "properties": { "GEOIDFQ": "1400000US28145950100", "NAME": "9501", "NAMELSAD": "Census Tract 9501" }, "geometry": { "type": "Polygon", "coordinates": [ [ [ -88.7354, 34.5965 ], [ -88.7367, 34.4947 ], [ -88.8141, 34.4951 ], [ -88.819, 34.4868 ], [ -88.8734, 34.4869 ], [ -88.8926, 34.5042 ], [ -88.9351, 34.4902 ], [ -88.9379, 34.4734 ], [ -88.9721, 34.4744 ], [ -88.9832, 34.4818 ], [ -88.9744, 34.4902 ], [ -88.9636, 34.4882 ], [ -88.964, 34.5028 ], [ -88.947, 34.5031 ], [ -88.9455, 34.53 ], [ -88.955, 34.5312 ], [ -88.9646, 34.5188 ], [ -89.0116, 34.5002 ], [ -89.0091, 34.5165 ], [ -89.0196, 34.5251 ], [ -89.0256, 34.5188 ], [ -89.0341, 34.5319 ], [ -89.0399, 34.5816 ], [ -89.0545, 34.5986 ], [ -88.7354, 34.5965 ] ] ] } },
{ "type": "Feature", "properties": { "GEOIDFQ": "1400000US28145950600", "NAME": "9506", "NAMELSAD": "Census Tract 9506" }, "geometry": { "type": "Polygon", "coordinates": [ [ [ -89.2462, 34.466 ], [ -89.2195, 34.4855 ], [ -89.1847, 34.4777 ], [ -89.1702, 34.4672 ], [ -89.1244, 34.4673 ], [ -89.0909, 34.4793 ], [ -89.0793, 34.4899 ], [ -89.0606, 34.4919 ], [ -89.0734, 34.4558 ], [ -89.0566, 34.4636 ], [ -89.0521, 34.4385 ], [ -89.0159, 34.4383 ], [ -89.0165, 34.3967 ], [ -89.0228, 34.38 ], [ -89.2463, 34.3793 ], [ -89.2462, 34.466 ] ] ] } },
{ "type": "Feature", "properties": { "GEOIDFQ": "1400000US28145950400", "NAME": "9504", "NAMELSAD": "Census Tract 9504" }, "geometry": { "type": "Polygon", "coordinates": [ [ [ -89.004, 34.4927 ], [ -89.0122, 34.4998 ], [ -88.9646, 34.5188 ], [ -88.955, 34.5312 ], [ -88.9455, 34.53 ], [ -88.947, 34.5031 ], [ -88.964, 34.5028 ], [ -88.9636, 34.4882 ], [ -88.9789, 34.4887 ], [ -88.9947, 34.4635 ], [ -89.0164, 34.4814 ], [ -89.004, 34.4927 ] ] ] } },
{ "type": "Feature", "properties": { "GEOIDFQ": "1400000US28145950200", "NAME": "9502", "NAMELSAD": "Census Tract 9502" }, "geometry": { "type": "Polygon", "coordinates": [ [ [ -89.2456, 34.5976 ], [ -89.0545, 34.5986 ], [ -89.0452, 34.593 ], [ -89.0335, 34.5327 ], [ -89.0483, 34.5415 ], [ -89.0606, 34.4919 ], [ -89.0793, 34.4899 ], [ -89.0905, 34.4796 ], [ -89.1226, 34.4675 ], [ -89.1702, 34.4672 ], [ -89.2119, 34.4862 ], [ -89.2464, 34.4671 ], [ -89.2456, 34.5976 ] ] ] } },
{ "type": "Feature", "properties": { "GEOIDFQ": "1400000US28001000800", "NAME": "8", "NAMELSAD": "Census Tract 8" }, "geometry": { "type": "Polygon", "coordinates": [ [ [ -91.6377, 31.2677 ], [ -91.5642, 31.2616 ], [ -91.5156, 31.2782 ], [ -91.5087, 31.3151 ], [ -91.5482, 31.3461 ], [ -91.5461, 31.3822 ], [ -91.5557, 31.3864 ], [ -91.569, 31.3776 ], [ -91.5783, 31.3991 ], [ -91.5763, 31.4105 ], [ -91.5652, 31.4234 ], [ -91.5434, 31.4326 ], [ -91.5323, 31.3903 ], [ -91.5218, 31.3752 ], [ -91.5048, 31.365 ], [ -91.4748, 31.3686 ], [ -91.4721, 31.3971 ], [ -91.4998, 31.4201 ], [ -91.5151, 31.4492 ], [ -91.5149, 31.5101 ], [ -91.5225, 31.5221 ], [ -91.5122, 31.5323 ], [ -91.4797, 31.5304 ], [ -91.45, 31.5397 ], [ -91.4189, 31.5587 ], [ -91.3967, 31.5392 ], [ -91.4095, 31.518 ], [ -91.3963, 31.519 ], [ -91.3697, 31.5046 ], [ -91.3677, 31.488 ], [ -91.3777, 31.4635 ], [ -91.3631, 31.4541 ], [ -91.3746, 31.4483 ], [ -91.3832, 31.4377 ], [ -91.3779, 31.4331 ], [ -91.3883, 31.4282 ], [ -91.3838, 31.4112 ], [ -91.3913, 31.3786 ], [ -91.3864, 31.3656 ], [ -91.3738, 31.361 ], [ -91.3717, 31.3509 ], [ -91.3578, 31.3429 ], [ -91.366, 31.3358 ], [ -91.3843, 31.3354 ], [ -91.3916, 31.3248 ], [ -91.3935, 31.3314 ], [ -91.3987, 31.3246 ], [ -91.4126, 31.3242 ], [ -91.424, 31.315 ], [ -91.4684, 31.3196 ], [ -91.4711, 31.2856 ], [ -91.4961, 31.2831 ], [ -91.4894, 31.2655 ], [ -91.4772, 31.2597 ], [ -91.4788, 31.2391 ], [ -91.4887, 31.2342 ], [ -91.487, 31.2275 ], [ -91.5068, 31.2263 ], [ -91.5148, 31.2175 ], [ -91.5297, 31.2145 ], [ -91.5318, 31.2324 ], [ -91.5526, 31.2386 ], [ -91.5766, 31.2235 ], [ -91.5895, 31.1911 ], [ -91.6076, 31.2134 ], [ -91.6444, 31.2344 ], [ -91.655, 31.2518 ], [ -91.6377, 31.2677 ] ] ] } },
{ "type": "Feature", "properties": { "GEOIDFQ": "1400000US28131020100", "NAME": "201", "NAMELSAD": "Census Tract 201" }, "geometry": { "type": "Polygon", "coordinates": [ [ [ -89.1644, 30.8831 ], [ -89.1444, 30.8866 ], [ -89.1194, 30.8694 ], [ -89.1211, 30.8375 ], [ -89.1037, 30.8343 ], [ -89.0957, 30.8122 ], [ -89.1367, 30.8261 ], [ -89.1385, 30.8379 ], [ -89.1531, 30.8478 ], [ -89.1656, 30.8692 ], [ -89.1644, 30.8831 ] ] ] } },
{ "type": "Feature", "properties": { "GEOIDFQ": "1400000US28117950102", "NAME": "9501.02", "NAMELSAD": "Census Tract 9501.02" }, "geometry": { "type": "Polygon", "coordinates": [ [ [ -88.5162, 34.756 ], [ -88.3484, 34.7554 ], [ -88.3483, 34.7409 ], [ -88.3307, 34.7407 ], [ -88.3304, 34.6571 ], [ -88.3415, 34.654 ], [ -88.3533, 34.6616 ], [ -88.3785, 34.6617 ], [ -88.3846, 34.6643 ], [ -88.3863, 34.6777 ], [ -88.393, 34.6739 ], [ -88.4104, 34.6812 ], [ -88.4327, 34.6691 ], [ -88.4904, 34.653 ], [ -88.4936, 34.6936 ], [ -88.5164, 34.6894 ], [ -88.5162, 34.756 ] ] ] } },
{ "type": "Feature", "properties": { "GEOIDFQ": "1400000US28049002200", "NAME": "22", "NAMELSAD": "Census Tract 22" }, "geometry": { "type": "Polygon", "coordinates": [ [ [ -90.2398, 32.3287 ], [ -90.2253, 32.326 ], [ -90.2346, 32.3152 ], [ -90.2477, 32.3221 ], [ -90.2398, 32.3287 ] ] ] } },
{ "type": "Feature", "properties": { "GEOIDFQ": "1400000US28109950600", "NAME": "9506", "NAMELSAD": "Census Tract 9506" }, "geometry": { "type": "Polygon", "coordinates": [ [ [ -89.6908, 30.5465 ], [ -89.6917, 30.5553 ], [ -89.6693, 30.5458 ], [ -89.6473, 30.5488 ], [ -89.6605, 30.5238 ], [ -89.6978, 30.5268 ], [ -89.6991, 30.5416 ], [ -89.6908, 30.5465 ] ] ] } },
{ "type": "Feature", "properties": { "GEOIDFQ": "1400000US28067950402", "NAME": "9504.02", "NAMELSAD": "Census Tract 9504.02" }, "geometry": { "type": "Polygon", "coordinates": [ [ [ -89.1195, 31.7502 ], [ -89.1282, 31.7343 ], [ -89.1105, 31.7319 ], [ -89.1156, 31.7089 ], [ -89.1345, 31.7077 ], [ -89.1354, 31.7227 ], [ -89.1534, 31.7523 ], [ -89.1195, 31.7502 ] ] ] } },
{ "type": "Feature", "properties": { "GEOIDFQ": "1400000US28067950302", "NAME": "9503.02", "NAMELSAD": "Census Tract 9503.02" }, "geometry": { "type": "Polygon", "coordinates": [ [ [ -89.2529, 31.7244 ], [ -89.2292, 31.7281 ], [ -89.2332, 31.7343 ], [ -89.2249, 31.735 ], [ -89.185, 31.6942 ], [ -89.1706, 31.693 ], [ -89.1905, 31.6747 ], [ -89.1959, 31.6332 ], [ -89.1912, 31.6274 ], [ -89.2074, 31.6131 ], [ -89.2826, 31.7296 ], [ -89.2529, 31.7244 ] ] ] } },
{ "type": "Feature", "properties": { "GEOIDFQ": "1400000US28067950301", "NAME": "9503.01", "NAMELSAD": "Census Tract 9503.01" }, "geometry": { "type": "Polygon", "coordinates": [ [ [ -89.3911, 31.7452 ], [ -89.3854, 31.7574 ], [ -89.3711, 31.7512 ], [ -89.356, 31.7537 ], [ -89.3472, 31.7432 ], [ -89.3379, 31.7488 ], [ -89.2907, 31.7415 ], [ -89.2227, 31.6414 ], [ -89.2095, 31.6117 ], [ -89.3097, 31.6086 ], [ -89.3115, 31.6204 ], [ -89.4002, 31.6199 ], [ -89.4009, 31.7531 ], [ -89.3911, 31.7452 ] ] ] } },
{ "type": "Feature", "properties": { "GEOIDFQ": "1400000US28067950401", "NAME": "9504.01", "NAMELSAD": "Census Tract 9504.01" }, "geometry": { "type": "Polygon", "coordinates": [ [ [ -89.1848, 31.741 ], [ -89.165, 31.7375 ], [ -89.154, 31.7526 ], [ -89.1357, 31.7233 ], [ -89.1345, 31.7077 ], [ -89.1768, 31.7166 ], [ -89.186, 31.7293 ], [ -89.1848, 31.741 ] ] ] } },
{ "type": "Feature", "properties": { "GEOIDFQ": "1400000US28151001600", "NAME": "16", "NAMELSAD": "Census Tract 16" }, "geometry": { "type": "Polygon", "coordinates": [ [ [ -90.9375, 33.4221 ], [ -90.8784, 33.427 ], [ -90.9055, 33.3985 ], [ -90.94, 33.4014 ], [ -90.9375, 33.4221 ] ] ] } },
{ "type": "Feature", "properties": { "GEOIDFQ": "1400000US28151001700", "NAME": "17", "NAMELSAD": "Census Tract 17" }, "geometry": { "type": "Polygon", "coordinates": [ [ [ -90.8943, 33.3689 ], [ -90.9074, 33.3827 ], [ -90.8958, 33.3791 ], [ -90.9004, 33.3929 ], [ -90.8858, 33.3906 ], [ -90.8897, 33.3997 ], [ -90.9055, 33.3985 ], [ -90.881, 33.4257 ], [ -90.8769, 33.4272 ], [ -90.881, 33.4187 ], [ -90.8683, 33.3849 ], [ -90.871, 33.3575 ], [ -90.9081, 33.3576 ], [ -90.8943, 33.3689 ] ] ] } },
{ "type": "Feature", "properties": { "GEOIDFQ": "1400000US28151002100", "NAME": "21", "NAMELSAD": "Census Tract 21" }, "geometry": { "type": "Polygon", "coordinates": [ [ [ -90.8718, 33.2179 ], [ -90.865, 33.2114 ], [ -90.856, 33.1777 ], [ -90.8718, 33.1776 ], [ -90.884, 33.2177 ], [ -90.8718, 33.2179 ] ] ] } },
{ "type": "Feature", "properties": { "GEOIDFQ": "1400000US28023950202", "NAME": "9502.02", "NAMELSAD": "Census Tract 9502.02" }, "geometry": { "type": "Polygon", "coordinates": [ [ [ -88.8945, 32.1071 ], [ -88.8896, 32.1013 ], [ -88.8753, 32.1251 ], [ -88.8645, 32.1257 ], [ -88.8621, 32.1341 ], [ -88.8554, 32.1302 ], [ -88.839, 32.1596 ], [ -88.829, 32.1409 ], [ -88.8206, 32.1469 ], [ -88.8133, 32.1383 ], [ -88.8167, 32.1159 ], [ -88.8104, 32.1036 ], [ -88.7983, 32.1075 ], [ -88.7983, 32.1036 ], [ -88.7958, 32.103 ], [ -88.7906, 32.1126 ], [ -88.7958, 32.117 ], [ -88.7968, 32.1204 ], [ -88.7877, 32.1172 ], [ -88.7708, 32.141 ], [ -88.7386, 32.1396 ], [ -88.7105, 32.1269 ], [ -88.7234, 32.1014 ], [ -88.7178, 32.0714 ], [ -88.7305, 32.0695 ], [ -88.7293, 32.0762 ], [ -88.735, 32.0774 ], [ -88.7504, 32.0662 ], [ -88.7372, 32.0522 ], [ -88.7429, 32.0364 ], [ -88.7477, 32.041 ], [ -88.7559, 32.0347 ], [ -88.7723, 32.0371 ], [ -88.7734, 32.0306 ], [ -88.7642, 32.0291 ], [ -88.76, 32.0211 ], [ -88.7742, 32.016 ], [ -88.7806, 32.0214 ], [ -88.7854, 32.0145 ], [ -88.7803, 32.0111 ], [ -88.7883, 32.0057 ], [ -88.8034, 32.0113 ], [ -88.8021, 31.9992 ], [ -88.8111, 32.0025 ], [ -88.818, 31.9974 ], [ -88.8313, 32.0079 ], [ -88.8481, 32.044 ], [ -88.8707, 32.0497 ], [ -88.8867, 32.0712 ], [ -88.9133, 32.0825 ], [ -88.9136, 32.1088 ], [ -88.8945, 32.1071 ] ] ] } },
{ "type": "Feature", "properties": { "GEOIDFQ": "1400000US28023950201", "NAME": "9502.01", "NAMELSAD": "Census Tract 9502.01" }, "geometry": { "type": "Polygon", "coordinates": [ [ [ -88.9138, 32.2242 ], [ -88.7002, 32.2256 ], [ -88.6923, 32.2076 ], [ -88.7074, 32.1804 ], [ -88.6941, 32.171 ], [ -88.708, 32.1477 ], [ -88.7103, 32.1286 ], [ -88.7275, 32.1305 ], [ -88.7386, 32.1396 ], [ -88.7708, 32.141 ], [ -88.7877, 32.1172 ], [ -88.7968, 32.1204 ], [ -88.7906, 32.1123 ], [ -88.7968, 32.1024 ], [ -88.7983, 32.1075 ], [ -88.8104, 32.1036 ], [ -88.8167, 32.1159 ], [ -88.8133, 32.1383 ], [ -88.8206, 32.1469 ], [ -88.829, 32.1409 ], [ -88.839, 32.1596 ], [ -88.8554, 32.1302 ], [ -88.8621, 32.1341 ], [ -88.8645, 32.1257 ], [ -88.8753, 32.1251 ], [ -88.8896, 32.1013 ], [ -88.8945, 32.1071 ], [ -88.9136, 32.1088 ], [ -88.9138, 32.2242 ] ] ] } },
{ "type": "Feature", "properties": { "GEOIDFQ": "1400000US28151000702", "NAME": "7.02", "NAMELSAD": "Census Tract 7.02" }, "geometry": { "type": "Polygon", "coordinates": [ [ [ -91.1416, 33.3502 ], [ -91.0809, 33.4021 ], [ -91.071, 33.4001 ], [ -91.072, 33.3889 ], [ -91.0545, 33.382 ], [ -91.0564, 33.3765 ], [ -91.0398, 33.3726 ], [ -91.0427, 33.3598 ], [ -91.0635, 33.3665 ], [ -91.0769, 33.3473 ], [ -91.0909, 33.352 ], [ -91.1074, 33.332 ], [ -91.1434, 33.3302 ], [ -91.1416, 33.3502 ] ] ] } },
{ "type": "Feature", "properties": { "GEOIDFQ": "1400000US28009950200", "NAME": "9502", "NAMELSAD": "Census Tract 9502" }, "geometry": { "type": "Polygon", "coordinates": [ [ [ -89.2891, 34.7608 ], [ -89.2858, 34.7487 ], [ -89.2665, 34.7575 ], [ -89.2621, 34.7696 ], [ -89.2334, 34.7793 ], [ -89.2231, 34.7606 ], [ -89.2039, 34.7609 ], [ -89.1848, 34.7437 ], [ -89.1746, 34.7561 ], [ -89.1593, 34.7533 ], [ -89.1201, 34.7615 ], [ -89.0886, 34.7481 ], [ -89.0885, 34.5982 ], [ -89.2456, 34.5976 ], [ -89.2456, 34.5832 ], [ -89.2983, 34.5829 ], [ -89.299, 34.7635 ], [ -89.2891, 34.7608 ] ] ] } },
{ "type": "Feature", "properties": { "GEOIDFQ": "1400000US28067950700", "NAME": "9507", "NAMELSAD": "Census Tract 9507" }, "geometry": { "type": "Polygon", "coordinates": [ [ [ -89.1262, 31.6956 ], [ -89.1174, 31.6977 ], [ -89.113, 31.7218 ], [ -89.0974, 31.7243 ], [ -89.0852, 31.7344 ], [ -89.0942, 31.6934 ], [ -89.0768, 31.6707 ], [ -89.08, 31.6602 ], [ -89.098, 31.653 ], [ -89.106, 31.653 ], [ -89.1086, 31.6601 ], [ -89.131, 31.6447 ], [ -89.1436, 31.6735 ], [ -89.1262, 31.6956 ] ] ] } },
{ "type": "Feature", "properties": { "GEOIDFQ": "1400000US28067951000", "NAME": "9510", "NAMELSAD": "Census Tract 9510" }, "geometry": { "type": "Polygon", "coordinates": [ [ [ -89.2203, 31.6016 ], [ -89.2203, 31.6111 ], [ -89.2099, 31.6113 ], [ -89.1912, 31.6274 ], [ -89.1832, 31.6214 ], [ -89.1714, 31.6362 ], [ -89.1815, 31.6093 ], [ -89.1666, 31.5912 ], [ -89.1828, 31.594 ], [ -89.1892, 31.5787 ], [ -89.199, 31.5785 ], [ -89.2093, 31.5917 ], [ -89.218, 31.5833 ], [ -89.2353, 31.5899 ], [ -89.2203, 31.6016 ] ] ] } },
{ "type": "Feature", "properties": { "GEOIDFQ": "1400000US28067950500", "NAME": "9505", "NAMELSAD": "Census Tract 9505" }, "geometry": { "type": "Polygon", "coordinates": [ [ [ -89.1769, 31.7167 ], [ -89.1487, 31.7078 ], [ -89.1124, 31.7105 ], [ -89.1174, 31.6977 ], [ -89.1293, 31.6915 ], [ -89.1357, 31.6958 ], [ -89.185, 31.6944 ], [ -89.1769, 31.7167 ] ] ] } },
{ "type": "Feature", "properties": { "GEOIDFQ": "1400000US28049003600", "NAME": "36", "NAMELSAD": "Census Tract 36" }, "geometry": { "type": "Polygon", "coordinates": [ [ [ -90.2349, 32.2685 ], [ -90.2363, 32.2575 ], [ -90.2473, 32.2539 ], [ -90.2591, 32.2691 ], [ -90.2349, 32.2685 ] ] ] } },
{ "type": "Feature", "properties": { "GEOIDFQ": "1400000US28059042100", "NAME": "421", "NAMELSAD": "Census Tract 421" }, "geometry": { "type": "Polygon", "coordinates": [ [ [ -88.5098, 30.3679 ], [ -88.5042, 30.3585 ], [ -88.5307, 30.3548 ], [ -88.5307, 30.3677 ], [ -88.5098, 30.3679 ] ] ] } },
{ "type": "Feature", "properties": { "GEOIDFQ": "1400000US28049000500", "NAME": "5", "NAMELSAD": "Census Tract 5" }, "geometry": { "type": "Polygon", "coordinates": [ [ [ -90.1805, 32.3677 ], [ -90.1798, 32.3725 ], [ -90.1684, 32.3685 ], [ -90.1753, 32.3502 ], [ -90.1927, 32.3512 ], [ -90.1928, 32.3687 ], [ -90.1805, 32.3677 ] ] ] } },
{ "type": "Feature", "properties": { "GEOIDFQ": "1400000US28151001400", "NAME": "14", "NAMELSAD": "Census Tract 14" }, "geometry": { "type": "Polygon", "coordinates": [ [ [ -91.0377, 33.3995 ], [ -90.968, 33.401 ], [ -90.9719, 33.3718 ], [ -91.0061, 33.3709 ], [ -91.0063, 33.3859 ], [ -91.0387, 33.3855 ], [ -91.0377, 33.3995 ] ] ] } },
{ "type": "Feature", "properties": { "GEOIDFQ": "1400000US28071950301", "NAME": "9503.01", "NAMELSAD": "Census Tract 9503.01" }, "geometry": { "type": "Polygon", "coordinates": [ [ [ -89.5382, 34.3718 ], [ -89.5256, 34.3717 ], [ -89.5395, 34.3569 ], [ -89.5672, 34.3619 ], [ -89.5382, 34.3718 ] ] ] } },
{ "type": "Feature", "properties": { "GEOIDFQ": "1400000US28111950102", "NAME": "9501.02", "NAMELSAD": "Census Tract 9501.02" }, "geometry": { "type": "Polygon", "coordinates": [ [ [ -89.0451, 31.3602 ], [ -89.0373, 31.3428 ], [ -88.9128, 31.2603 ], [ -88.8413, 31.301 ], [ -88.841, 31.1448 ], [ -88.8585, 31.1504 ], [ -88.857, 31.1668 ], [ -88.8826, 31.1733 ], [ -88.8878, 31.185 ], [ -88.9142, 31.1811 ], [ -88.9234, 31.1857 ], [ -88.9237, 31.1944 ], [ -88.934, 31.1898 ], [ -88.9519, 31.193 ], [ -88.95, 31.2048 ], [ -88.967, 31.2047 ], [ -88.9743, 31.2117 ], [ -88.9872, 31.2068 ], [ -88.9829, 31.2147 ], [ -88.9988, 31.233 ], [ -89.0014, 31.2237 ], [ -89.0124, 31.2181 ], [ -89.023, 31.2243 ], [ -89.0305, 31.2194 ], [ -89.0507, 31.2238 ], [ -89.0589, 31.2167 ], [ -89.0523, 31.2126 ], [ -89.0594, 31.2092 ], [ -89.0687, 31.214 ], [ -89.0647, 31.2247 ], [ -89.0922, 31.2269 ], [ -89.0914, 31.2217 ], [ -89.1154, 31.2155 ], [ -89.1193, 31.2225 ], [ -89.1258, 31.2191 ], [ -89.1394, 31.2244 ], [ -89.1435, 31.2197 ], [ -89.1462, 31.3632 ], [ -89.0451, 31.3602 ] ] ] } },
{ "type": "Feature", "properties": { "GEOIDFQ": "1400000US28111950101", "NAME": "9501.01", "NAMELSAD": "Census Tract 9501.01" }, "geometry": { "type": "Polygon", "coordinates": [ [ [ -89.1461, 31.4341 ], [ -88.8417, 31.4337 ], [ -88.8413, 31.301 ], [ -88.9128, 31.2603 ], [ -89.0373, 31.3428 ], [ -89.0451, 31.3602 ], [ -89.1462, 31.3674 ], [ -89.1461, 31.4341 ] ] ] } },
{ "type": "Feature", "properties": { "GEOIDFQ": "1400000US28137950302", "NAME": "9503.02", "NAMELSAD": "Census Tract 9503.02" }, "geometry": { "type": "Polygon", "coordinates": [ [ [ -90.2364, 34.6084 ], [ -90.2399, 34.6264 ], [ -90.2284, 34.6335 ], [ -90.1712, 34.6476 ], [ -90.1261, 34.6684 ], [ -90.1095, 34.6668 ], [ -90.0658, 34.6503 ], [ -90.0403, 34.6518 ], [ -90.0253, 34.6413 ], [ -90.0042, 34.6409 ], [ -90.0039, 34.6093 ], [ -89.9499, 34.6145 ], [ -89.9372, 34.5537 ], [ -90.2049, 34.5544 ], [ -90.2042, 34.5592 ], [ -90.2189, 34.5606 ], [ -90.2109, 34.5634 ], [ -90.2112, 34.5733 ], [ -90.2244, 34.5764 ], [ -90.2215, 34.5825 ], [ -90.2342, 34.5951 ], [ -90.2399, 34.5932 ], [ -90.2363, 34.605 ], [ -90.2443, 34.6009 ], [ -90.2364, 34.6084 ] ] ] } },
{ "type": "Feature", "properties": { "GEOIDFQ": "1400000US28053950100", "NAME": "9501", "NAMELSAD": "Census Tract 9501" }, "geometry": { "type": "Polygon", "coordinates": [ [ [ -90.6335, 33.2619 ], [ -90.6274, 33.2655 ], [ -90.5552, 33.2705 ], [ -90.5555, 33.3292 ], [ -90.4532, 33.3295 ], [ -90.4538, 33.2673 ], [ -90.4132, 33.2353 ], [ -90.4101, 33.2453 ], [ -90.3661, 33.2397 ], [ -90.3753, 33.2468 ], [ -90.367, 33.2609 ], [ -90.3767, 33.2814 ], [ -90.364, 33.2757 ], [ -90.357, 33.2971 ], [ -90.3438, 33.3091 ], [ -90.3362, 33.3079 ], [ -90.3303, 33.1378 ], [ -90.3457, 33.1332 ], [ -90.355, 33.1202 ], [ -90.347, 33.1012 ], [ -90.3595, 33.0943 ], [ -90.3663, 33.1228 ], [ -90.3738, 33.126 ], [ -90.3863, 33.1128 ], [ -90.3652, 33.0951 ], [ -90.3721, 33.0844 ], [ -90.3859, 33.0881 ], [ -90.3971, 33.1047 ], [ -90.4143, 33.1014 ], [ -90.4212, 33.1164 ], [ -90.4287, 33.109 ], [ -90.4229, 33.0983 ], [ -90.437, 33.0977 ], [ -90.4507, 33.0838 ], [ -90.4666, 33.0912 ], [ -90.4759, 33.0887 ], [ -90.4829, 33.1007 ], [ -90.4884, 33.0966 ], [ -90.4973, 33.1079 ], [ -90.4957, 33.1258 ], [ -90.5019, 33.1289 ], [ -90.5019, 33.1223 ], [ -90.512, 33.1222 ], [ -90.5155, 33.1376 ], [ -90.506, 33.1353 ], [ -90.4982, 33.1465 ], [ -90.4921, 33.1461 ], [ -90.4931, 33.1674 ], [ -90.4602, 33.1849 ], [ -90.4621, 33.1981 ], [ -90.4882, 33.198 ], [ -90.4899, 33.2051 ], [ -90.52, 33.2045 ], [ -90.4973, 33.1886 ], [ -90.4987, 33.1677 ], [ -90.5721, 33.1675 ], [ -90.5771, 33.2412 ], [ -90.6207, 33.2394 ], [ -90.6338, 33.2448 ], [ -90.6335, 33.2619 ] ] ] } },
{ "type": "Feature", "properties": { "GEOIDFQ": "1400000US28053950200", "NAME": "9502", "NAMELSAD": "Census Tract 9502" }, "geometry": { "type": "Polygon", "coordinates": [ [ [ -90.7277, 33.2675 ], [ -90.6067, 33.2704 ], [ -90.6326, 33.2634 ], [ -90.6338, 33.2441 ], [ -90.6207, 33.2394 ], [ -90.5771, 33.2412 ], [ -90.5721, 33.1675 ], [ -90.4987, 33.1677 ], [ -90.4912, 33.1472 ], [ -90.5054, 33.1355 ], [ -90.5154, 33.1369 ], [ -90.512, 33.1222 ], [ -90.5019, 33.1223 ], [ -90.5019, 33.1289 ], [ -90.4955, 33.1255 ], [ -90.4975, 33.1085 ], [ -90.4894, 33.0974 ], [ -90.4834, 33.101 ], [ -90.4773, 33.0894 ], [ -90.4666, 33.0912 ], [ -90.4529, 33.0832 ], [ -90.437, 33.0977 ], [ -90.4319, 33.0959 ], [ -90.427, 33.0559 ], [ -90.4154, 33.049 ], [ -90.3838, 33.0476 ], [ -90.3823, 33.022 ], [ -90.364, 33.0099 ], [ -90.4493, 33.009 ], [ -90.4499, 32.9233 ], [ -90.6566, 32.9225 ], [ -90.658, 33.0965 ], [ -90.7019, 33.0961 ], [ -90.6841, 33.0975 ], [ -90.6789, 33.1038 ], [ -90.6796, 33.1146 ], [ -90.6882, 33.1159 ], [ -90.6895, 33.1235 ], [ -90.7006, 33.1242 ], [ -90.6985, 33.138 ], [ -90.6881, 33.1485 ], [ -90.6867, 33.1877 ], [ -90.679, 33.1997 ], [ -90.7332, 33.233 ], [ -90.7277, 33.2675 ] ] ] } },
{ "type": "Feature", "properties": { "GEOIDFQ": "1400000US28075000300", "NAME": "3", "NAMELSAD": "Census Tract 3" }, "geometry": { "type": "Polygon", "coordinates": [ [ [ -88.7123, 32.3964 ], [ -88.7055, 32.3964 ], [ -88.7014, 32.3781 ], [ -88.7185, 32.3792 ], [ -88.7123, 32.3964 ] ] ] } },
{ "type": "Feature", "properties": { "GEOIDFQ": "1400000US28049010501", "NAME": "105.01", "NAMELSAD": "Census Tract 105.01" }, "geometry": { "type": "Polygon", "coordinates": [ [ [ -90.2436, 32.4875 ], [ -90.2438, 32.4001 ], [ -90.2525, 32.4002 ], [ -90.2589, 32.3807 ], [ -90.2822, 32.3693 ], [ -90.3092, 32.3918 ], [ -90.321, 32.3793 ], [ -90.3257, 32.3506 ], [ -90.3607, 32.3659 ], [ -90.3659, 32.3726 ], [ -90.3574, 32.3932 ], [ -90.3364, 32.3932 ], [ -90.3354, 32.3999 ], [ -90.3471, 32.4371 ], [ -90.375, 32.4511 ], [ -90.3726, 32.482 ], [ -90.3799, 32.4877 ], [ -90.2436, 32.4875 ] ] ] } },
{ "type": "Feature", "properties": { "GEOIDFQ": "1400000US28049011203", "NAME": "112.03", "NAMELSAD": "Census Tract 112.03" }, "geometry": { "type": "Polygon", "coordinates": [ [ [ -90.3755, 32.1882 ], [ -90.3298, 32.1876 ], [ -90.2995, 32.1996 ], [ -90.296, 32.1785 ], [ -90.2804, 32.172 ], [ -90.3004, 32.1441 ], [ -90.3352, 32.1446 ], [ -90.3478, 32.1373 ], [ -90.3703, 32.1373 ], [ -90.3755, 32.1882 ] ] ] } },
{ "type": "Feature", "properties": { "GEOIDFQ": "1400000US28049011204", "NAME": "112.04", "NAMELSAD": "Census Tract 112.04" }, "geometry": { "type": "Polygon", "coordinates": [ [ [ -90.3703, 32.1373 ], [ -90.3473, 32.1374 ], [ -90.3352, 32.1446 ], [ -90.3004, 32.1441 ], [ -90.2888, 32.1665 ], [ -90.271, 32.1766 ], [ -90.2689, 32.1586 ], [ -90.243, 32.1504 ], [ -90.2475, 32.1352 ], [ -90.241, 32.1217 ], [ -90.2483, 32.1183 ], [ -90.2429, 32.1138 ], [ -90.2513, 32.1127 ], [ -90.2367, 32.1002 ], [ -90.2474, 32.0999 ], [ -90.2459, 32.0925 ], [ -90.2268, 32.0943 ], [ -90.2358, 32.0902 ], [ -90.2267, 32.08 ], [ -90.2291, 32.0683 ], [ -90.2362, 32.0657 ], [ -90.2303, 32.0497 ], [ -90.3387, 32.0497 ], [ -90.3199, 32.0678 ], [ -90.3068, 32.0934 ], [ -90.3718, 32.0934 ], [ -90.3703, 32.1373 ] ] ] } },
{ "type": "Feature", "properties": { "GEOIDFQ": "1400000US28049010502", "NAME": "105.02", "NAMELSAD": "Census Tract 105.02" }, "geometry": { "type": "Polygon", "coordinates": [ [ [ -90.4827, 32.544 ], [ -90.4651, 32.5477 ], [ -90.4625, 32.559 ], [ -90.454, 32.5583 ], [ -90.45, 32.5738 ], [ -90.4498, 32.488 ], [ -90.3799, 32.4877 ], [ -90.3726, 32.482 ], [ -90.375, 32.4511 ], [ -90.3471, 32.4371 ], [ -90.3354, 32.3999 ], [ -90.3364, 32.3932 ], [ -90.3574, 32.3932 ], [ -90.3659, 32.3726 ], [ -90.3604, 32.3656 ], [ -90.3628, 32.3452 ], [ -90.3542, 32.3424 ], [ -90.3621, 32.3282 ], [ -90.4049, 32.2936 ], [ -90.4482, 32.2829 ], [ -90.4623, 32.2988 ], [ -90.459, 32.3434 ], [ -90.4841, 32.3552 ], [ -90.4651, 32.3645 ], [ -90.4808, 32.3847 ], [ -90.4844, 32.4042 ], [ -90.4797, 32.4718 ], [ -90.4892, 32.4972 ], [ -90.48, 32.5074 ], [ -90.4844, 32.5276 ], [ -90.4924, 32.5339 ], [ -90.4827, 32.544 ] ] ] } },
{ "type": "Feature", "properties": { "GEOIDFQ": "1400000US28049011600", "NAME": "116", "NAMELSAD": "Census Tract 116" }, "geometry": { "type": "Polygon", "coordinates": [ [ [ -90.1942, 32.3268 ], [ -90.1944, 32.3085 ], [ -90.1985, 32.3085 ], [ -90.22, 32.3237 ], [ -90.1942, 32.3268 ] ] ] } },
{ "type": "Feature", "properties": { "GEOIDFQ": "1400000US28049010104", "NAME": "101.04", "NAMELSAD": "Census Tract 101.04" }, "geometry": { "type": "Polygon", "coordinates": [ [ [ -90.1235, 32.3995 ], [ -90.1087, 32.3995 ], [ -90.1166, 32.3854 ], [ -90.1235, 32.3995 ] ] ] } },
{ "type": "Feature", "properties": { "GEOIDFQ": "1400000US28049011105", "NAME": "111.05", "NAMELSAD": "Census Tract 111.05" }, "geometry": { "type": "Polygon", "coordinates": [ [ [ -90.2332, 32.2375 ], [ -90.252, 32.1955 ], [ -90.2777, 32.2191 ], [ -90.2794, 32.2396 ], [ -90.2332, 32.2375 ] ] ] } },
{ "type": "Feature", "properties": { "GEOIDFQ": "1400000US28049011104", "NAME": "111.04", "NAMELSAD": "Census Tract 111.04" }, "geometry": { "type": "Polygon", "coordinates": [ [ [ -90.3008, 32.2397 ], [ -90.2794, 32.2396 ], [ -90.2777, 32.2191 ], [ -90.2528, 32.198 ], [ -90.2605, 32.1862 ], [ -90.2949, 32.2039 ], [ -90.3008, 32.2397 ] ] ] } },
{ "type": "Feature", "properties": { "GEOIDFQ": "1400000US28049010103", "NAME": "101.03", "NAMELSAD": "Census Tract 101.03" }, "geometry": { "type": "Polygon", "coordinates": [ [ [ -90.1087, 32.3995 ], [ -90.0657, 32.3995 ], [ -90.0736, 32.3887 ], [ -90.0815, 32.3953 ], [ -90.0874, 32.3847 ], [ -90.0952, 32.3891 ], [ -90.1016, 32.3653 ], [ -90.1212, 32.3789 ], [ -90.1087, 32.3995 ] ] ] } },
{ "type": "Feature", "properties": { "GEOIDFQ": "1400000US28135950200", "NAME": "9502", "NAMELSAD": "Census Tract 9502" }, "geometry": { "type": "Polygon", "coordinates": [ [ [ -90.0663, 34.0085 ], [ -90.0574, 34.0221 ], [ -90.0537, 34.0162 ], [ -90.0425, 34.0168 ], [ -90.0449, 33.9981 ], [ -90.0631, 33.9987 ], [ -90.0759, 34.0058 ], [ -90.0663, 34.0085 ] ] ] } },
{ "type": "Feature", "properties": { "GEOIDFQ": "1400000US28089030900", "NAME": "309", "NAMELSAD": "Census Tract 309" }, "geometry": { "type": "Polygon", "coordinates": [ [ [ -90.0306, 32.7061 ], [ -90.0337, 32.7357 ], [ -89.9843, 32.7316 ], [ -89.9675, 32.7408 ], [ -89.9662, 32.7492 ], [ -89.9454, 32.7395 ], [ -89.9345, 32.7252 ], [ -89.9082, 32.7195 ], [ -89.897, 32.7111 ], [ -89.8801, 32.714 ], [ -89.8633, 32.7021 ], [ -89.8353, 32.7109 ], [ -89.8233, 32.7062 ], [ -89.769, 32.7397 ], [ -89.7302, 32.7411 ], [ -89.7303, 32.6342 ], [ -89.7613, 32.6067 ], [ -89.7709, 32.6061 ], [ -89.7686, 32.6 ], [ -89.7824, 32.597 ], [ -89.7859, 32.5837 ], [ -89.7867, 32.5914 ], [ -89.794, 32.593 ], [ -89.7946, 32.5848 ], [ -89.8086, 32.5908 ], [ -89.8139, 32.5819 ], [ -89.8325, 32.5901 ], [ -89.8369, 32.5854 ], [ -89.84, 32.5933 ], [ -89.8465, 32.5827 ], [ -89.8597, 32.5844 ], [ -89.867, 32.5645 ], [ -89.8751, 32.5592 ], [ -89.8869, 32.5629 ], [ -89.8959, 32.5544 ], [ -89.8932, 32.5424 ], [ -89.9113, 32.5373 ], [ -89.9112, 32.5287 ], [ -89.9233, 32.5289 ], [ -89.9314, 32.5123 ], [ -89.9775, 32.5271 ], [ -89.9939, 32.5168 ], [ -90.0261, 32.517 ], [ -90.0165, 32.5387 ], [ -90.03, 32.5882 ], [ -90.0161, 32.5854 ], [ -89.9852, 32.5944 ], [ -89.9873, 32.613 ], [ -89.9479, 32.6257 ], [ -89.9849, 32.6297 ], [ -89.9929, 32.6248 ], [ -90.0033, 32.6332 ], [ -90.0292, 32.6332 ], [ -90.0247, 32.6403 ], [ -90.0347, 32.6404 ], [ -90.0264, 32.6956 ], [ -90.0356, 32.6997 ], [ -90.0306, 32.7061 ] ] ] } },
{ "type": "Feature", "properties": { "GEOIDFQ": "1400000US28043950202", "NAME": "9502.02", "NAMELSAD": "Census Tract 9502.02" }, "geometry": { "type": "Polygon", "coordinates": [ [ [ -90.1365, 33.8093 ], [ -89.9793, 33.8097 ], [ -89.957, 33.8027 ], [ -89.9406, 33.7855 ], [ -89.9255, 33.7951 ], [ -89.9025, 33.7978 ], [ -89.8992, 33.7904 ], [ -89.8884, 33.7878 ], [ -89.8739, 33.8071 ], [ -89.8516, 33.8073 ], [ -89.8394, 33.799 ], [ -89.8414, 33.7568 ], [ -89.8315, 33.7278 ], [ -89.813, 33.7362 ], [ -89.8104, 33.7302 ], [ -89.7956, 33.7311 ], [ -89.7911, 33.7206 ], [ -89.7947, 33.6969 ], [ -89.8099, 33.6767 ], [ -90.137, 33.6769 ], [ -90.1365, 33.8093 ] ] ] } },
{ "type": "Feature", "properties": { "GEOIDFQ": "1400000US28043950102", "NAME": "9501.02", "NAMELSAD": "Census Tract 9501.02" }, "geometry": { "type": "Polygon", "coordinates": [ [ [ -89.7942, 33.6981 ], [ -89.7911, 33.7206 ], [ -89.7986, 33.738 ], [ -89.784, 33.7454 ], [ -89.7812, 33.7715 ], [ -89.7876, 33.774 ], [ -89.7772, 33.7807 ], [ -89.75, 33.7786 ], [ -89.6603, 33.7508 ], [ -89.6161, 33.7565 ], [ -89.6149, 33.8193 ], [ -89.6491, 33.8191 ], [ -89.6684, 33.8292 ], [ -89.7172, 33.8267 ], [ -89.7173, 33.8671 ], [ -89.5074, 33.8675 ], [ -89.5069, 33.6776 ], [ -89.8097, 33.6768 ], [ -89.7942, 33.6981 ] ] ] } },
{ "type": "Feature", "properties": { "GEOIDFQ": "1400000US28043950201", "NAME": "9502.01", "NAMELSAD": "Census Tract 9502.01" }, "geometry": { "type": "Polygon", "coordinates": [ [ [ -89.9783, 33.824 ], [ -89.9263, 33.8239 ], [ -89.9261, 33.898 ], [ -89.7693, 33.8971 ], [ -89.7706, 33.8639 ], [ -89.7641, 33.853 ], [ -89.7684, 33.8508 ], [ -89.7658, 33.8456 ], [ -89.7664, 33.8418 ], [ -89.7692, 33.8397 ], [ -89.7801, 33.8439 ], [ -89.7736, 33.8304 ], [ -89.7727, 33.824 ], [ -89.7763, 33.8342 ], [ -89.817, 33.7954 ], [ -89.8252, 33.8015 ], [ -89.8326, 33.7967 ], [ -89.8668, 33.8087 ], [ -89.881, 33.8016 ], [ -89.888, 33.7879 ], [ -89.8991, 33.7903 ], [ -89.9025, 33.7978 ], [ -89.9255, 33.7951 ], [ -89.9406, 33.7855 ], [ -89.957, 33.8027 ], [ -89.9793, 33.8097 ], [ -89.9783, 33.824 ] ] ] } },
{ "type": "Feature", "properties": { "GEOIDFQ": "1400000US28043950101", "NAME": "9501.01", "NAMELSAD": "Census Tract 9501.01" }, "geometry": { "type": "Polygon", "coordinates": [ [ [ -89.7959, 33.8202 ], [ -89.7763, 33.8342 ], [ -89.7727, 33.824 ], [ -89.7736, 33.8304 ], [ -89.7801, 33.8439 ], [ -89.7692, 33.8397 ], [ -89.7664, 33.8418 ], [ -89.7702, 33.8695 ], [ -89.7173, 33.8671 ], [ -89.7172, 33.8267 ], [ -89.6684, 33.8292 ], [ -89.6491, 33.8191 ], [ -89.6149, 33.8193 ], [ -89.6141, 33.7609 ], [ -89.6161, 33.7565 ], [ -89.658, 33.7505 ], [ -89.7544, 33.7796 ], [ -89.7752, 33.7813 ], [ -89.7878, 33.7741 ], [ -89.8015, 33.8056 ], [ -89.7959, 33.8202 ] ] ] } },
{ "type": "Feature", "properties": { "GEOIDFQ": "1400000US28033070310", "NAME": "703.10", "NAMELSAD": "Census Tract 703.10" }, "geometry": { "type": "Polygon", "coordinates": [ [ [ -90.0165, 34.9627 ], [ -89.9994, 34.9625 ], [ -89.9946, 34.9336 ], [ -90.0134, 34.9336 ], [ -90.0165, 34.9627 ] ] ] } },
{ "type": "Feature", "properties": { "GEOIDFQ": "1400000US28033070322", "NAME": "703.22", "NAMELSAD": "Census Tract 703.22" }, "geometry": { "type": "Polygon", "coordinates": [ [ [ -90.0342, 34.9481 ], [ -90.0341, 34.9626 ], [ -90.0165, 34.9627 ], [ -90.0134, 34.9336 ], [ -90.0606, 34.9336 ], [ -90.0607, 34.9477 ], [ -90.0342, 34.9481 ] ] ] } },
{ "type": "Feature", "properties": { "GEOIDFQ": "1400000US28047990000", "NAME": "9900", "NAMELSAD": "Census Tract 9900" }, "geometry": { "type": "Polygon", "coordinates": [ [ [ -89.2965, 30.309 ], [ -89.2872, 30.3006 ], [ -89.2428, 30.3061 ], [ -89.1985, 30.3244 ], [ -89.187, 30.327 ], [ -89.1871, 30.3166 ], [ -89.1175, 30.3428 ], [ -89.0008, 30.3742 ], [ -88.8963, 30.3804 ], [ -88.8218, 30.3461 ], [ -88.8091, 30.3444 ], [ -88.8003, 30.3572 ], [ -88.7953, 30.3504 ], [ -88.7951, 30.2 ], [ -88.8214, 30.2174 ], [ -88.8504, 30.1923 ], [ -88.9003, 30.17 ], [ -88.889, 30.1398 ], [ -89.0965, 30.1658 ], [ -89.1837, 30.2122 ], [ -89.261, 30.182 ], [ -89.3061, 30.1779 ], [ -89.3071, 30.3085 ], [ -89.2965, 30.309 ] ], [ [ -89.1199, 30.2178 ], [ -89.1118, 30.2087 ], [ -89.0921, 30.2031 ], [ -89.0681, 30.2166 ], [ -89.0585, 30.2465 ], [ -89.067, 30.2558 ], [ -89.0834, 30.2398 ], [ -89.1572, 30.235 ], [ -89.1581, 30.226 ], [ -89.1199, 30.2178 ] ], [ [ -88.9478, 30.2058 ], [ -88.9196, 30.2139 ], [ -88.8674, 30.2394 ], [ -88.8665, 30.2453 ], [ -88.8754, 30.2504 ], [ -88.8899, 30.245 ], [ -88.8967, 30.2348 ], [ -88.9335, 30.2228 ], [ -88.9847, 30.2169 ], [ -88.9929, 30.2104 ], [ -88.9478, 30.2058 ] ] ] } },
{ "type": "Feature", "properties": { "GEOIDFQ": "1400000US28075010700", "NAME": "107", "NAMELSAD": "Census Tract 107" }, "geometry": { "type": "Polygon", "coordinates": [ [ [ -88.6864, 32.3708 ], [ -88.6738, 32.3818 ], [ -88.6759, 32.3638 ], [ -88.7008, 32.3491 ], [ -88.7047, 32.3708 ], [ -88.6864, 32.3708 ] ] ] } },
{ "type": "Feature", "properties": { "GEOIDFQ": "1400000US28075000600", "NAME": "6", "NAMELSAD": "Census Tract 6" }, "geometry": { "type": "Polygon", "coordinates": [ [ [ -88.7207, 32.3646 ], [ -88.7047, 32.365 ], [ -88.6981, 32.3561 ], [ -88.7012, 32.3491 ], [ -88.7248, 32.3492 ], [ -88.7207, 32.3646 ] ] ] } },
{ "type": "Feature", "properties": { "GEOIDFQ": "1400000US28011950300", "NAME": "9503", "NAMELSAD": "Census Tract 9503" }, "geometry": { "type": "Polygon", "coordinates": [ [ [ -90.8675, 33.8559 ], [ -90.8713, 33.919 ], [ -90.8241, 33.9194 ], [ -90.8236, 33.9307 ], [ -90.7891, 33.9301 ], [ -90.7889, 33.916 ], [ -90.7542, 33.9161 ], [ -90.7598, 33.9232 ], [ -90.7463, 33.9233 ], [ -90.7509, 33.9379 ], [ -90.657, 33.938 ], [ -90.6583, 33.8277 ], [ -90.6927, 33.8326 ], [ -90.693, 33.8145 ], [ -90.7215, 33.8146 ], [ -90.7228, 33.8217 ], [ -90.7887, 33.8212 ], [ -90.7886, 33.8067 ], [ -90.8487, 33.8064 ], [ -90.8487, 33.821 ], [ -90.8667, 33.8217 ], [ -90.8737, 33.847 ], [ -90.8675, 33.8559 ] ] ] } },
{ "type": "Feature", "properties": { "GEOIDFQ": "1400000US28011950200", "NAME": "9502", "NAMELSAD": "Census Tract 9502" }, "geometry": { "type": "Polygon", "coordinates": [ [ [ -91.0698, 33.8727 ], [ -91.0354, 33.8975 ], [ -91.0106, 33.9283 ], [ -90.9889, 33.9314 ], [ -90.9753, 33.915 ], [ -90.9412, 33.9427 ], [ -90.8951, 33.9374 ], [ -90.8678, 33.9129 ], [ -90.8675, 33.8559 ], [ -90.8737, 33.8465 ], [ -90.8668, 33.8219 ], [ -90.8487, 33.821 ], [ -90.8487, 33.8064 ], [ -90.8323, 33.8065 ], [ -90.8323, 33.7919 ], [ -90.8496, 33.7918 ], [ -90.8501, 33.762 ], [ -90.889, 33.7636 ], [ -90.9069, 33.7811 ], [ -90.9352, 33.7687 ], [ -90.972, 33.7836 ], [ -90.9811, 33.7835 ], [ -90.9809, 33.7686 ], [ -90.9937, 33.7632 ], [ -90.9849, 33.7889 ], [ -91.0048, 33.8016 ], [ -91.0491, 33.816 ], [ -91.0685, 33.8415 ], [ -91.0698, 33.8727 ] ] ] } },
{ "type": "Feature", "properties": { "GEOIDFQ": "1400000US28011950500", "NAME": "9505", "NAMELSAD": "Census Tract 9505" }, "geometry": { "type": "Polygon", "coordinates": [ [ [ -90.8323, 33.8065 ], [ -90.7886, 33.8067 ], [ -90.7887, 33.8212 ], [ -90.7228, 33.8217 ], [ -90.7215, 33.8146 ], [ -90.693, 33.8145 ], [ -90.6927, 33.8326 ], [ -90.6583, 33.8277 ], [ -90.6586, 33.6163 ], [ -90.7373, 33.6163 ], [ -90.7373, 33.631 ], [ -90.7811, 33.6312 ], [ -90.7806, 33.6459 ], [ -90.7983, 33.6459 ], [ -90.7982, 33.6748 ], [ -90.8158, 33.675 ], [ -90.8158, 33.6806 ], [ -90.8153, 33.7184 ], [ -90.7978, 33.7184 ], [ -90.7973, 33.7921 ], [ -90.8323, 33.7932 ], [ -90.8323, 33.8065 ] ], [ [ -90.7631, 33.7185 ], [ -90.7107, 33.7183 ], [ -90.7101, 33.733 ], [ -90.6768, 33.7332 ], [ -90.6966, 33.7518 ], [ -90.6972, 33.7621 ], [ -90.733, 33.7619 ], [ -90.7394, 33.7694 ], [ -90.763, 33.7695 ], [ -90.7631, 33.7185 ] ] ] } },
{ "type": "Feature", "properties": { "GEOIDFQ": "1400000US28011950400", "NAME": "9504", "NAMELSAD": "Census Tract 9504" }, "geometry": { "type": "Polygon", "coordinates": [ [ [ -91.2229, 33.5684 ], [ -91.1634, 33.5708 ], [ -91.1369, 33.5902 ], [ -91.1287, 33.6056 ], [ -91.1369, 33.6262 ], [ -91.1612, 33.6437 ], [ -91.2229, 33.6636 ], [ -91.2306, 33.6806 ], [ -91.2194, 33.6972 ], [ -91.1604, 33.7066 ], [ -91.1309, 33.6749 ], [ -91.0907, 33.6576 ], [ -91.0409, 33.6699 ], [ -91.0319, 33.677 ], [ -91.0303, 33.6877 ], [ -91.0605, 33.7151 ], [ -91.1174, 33.7053 ], [ -91.1424, 33.724 ], [ -91.1488, 33.7314 ], [ -91.141, 33.7581 ], [ -91.145, 33.7681 ], [ -91.1341, 33.7829 ], [ -91.1087, 33.7717 ], [ -91.0534, 33.7783 ], [ -91.018, 33.7641 ], [ -90.9949, 33.7728 ], [ -90.9856, 33.7896 ], [ -90.9937, 33.7632 ], [ -90.9809, 33.7686 ], [ -90.9811, 33.7835 ], [ -90.972, 33.7836 ], [ -90.9352, 33.7687 ], [ -90.9069, 33.7811 ], [ -90.889, 33.7636 ], [ -90.8501, 33.762 ], [ -90.8496, 33.7918 ], [ -90.7973, 33.7921 ], [ -90.7978, 33.7184 ], [ -90.8153, 33.7184 ], [ -90.8158, 33.675 ], [ -90.7982, 33.6748 ], [ -90.7983, 33.6459 ], [ -90.7806, 33.6459 ], [ -90.7811, 33.6312 ], [ -90.7373, 33.631 ], [ -90.7373, 33.6163 ], [ -90.7635, 33.6162 ], [ -90.7635, 33.5294 ], [ -91.2188, 33.5294 ], [ -91.2346, 33.5588 ], [ -91.2229, 33.5684 ] ] ] } },
{ "type": "Feature", "properties": { "GEOIDFQ": "1400000US28011950100", "NAME": "9501", "NAMELSAD": "Census Tract 9501" }, "geometry": { "type": "Polygon", "coordinates": [ [ [ -91.0824, 34.0091 ], [ -91.0479, 33.9925 ], [ -91.0189, 34.0032 ], [ -91.0, 33.9664 ], [ -90.9737, 33.9612 ], [ -90.9644, 33.9666 ], [ -90.9613, 33.979 ], [ -90.9799, 33.9979 ], [ -90.9882, 34.0192 ], [ -90.9656, 34.0267 ], [ -90.9186, 34.0213 ], [ -90.8906, 34.0285 ], [ -90.888, 34.0549 ], [ -90.8727, 34.0754 ], [ -90.8728, 34.0879 ], [ -90.8882, 34.0978 ], [ -90.9213, 34.0935 ], [ -90.9569, 34.1201 ], [ -90.6595, 34.1189 ], [ -90.657, 33.938 ], [ -90.7509, 33.9379 ], [ -90.7463, 33.9233 ], [ -90.7598, 33.9232 ], [ -90.7541, 33.9162 ], [ -90.7889, 33.916 ], [ -90.7891, 33.9301 ], [ -90.8236, 33.9307 ], [ -90.8241, 33.9194 ], [ -90.8715, 33.919 ], [ -90.8945, 33.9372 ], [ -90.9412, 33.9427 ], [ -90.9753, 33.915 ], [ -90.9889, 33.9314 ], [ -91.0106, 33.9283 ], [ -91.0181, 33.9417 ], [ -91.0846, 33.9564 ], [ -91.0907, 33.9887 ], [ -91.0824, 34.0091 ] ] ] } },
{ "type": "Feature", "properties": { "GEOIDFQ": "1400000US28071950201", "NAME": "9502.01", "NAMELSAD": "Census Tract 9502.01" }, "geometry": { "type": "Polygon", "coordinates": [ [ [ -89.5243, 34.381 ], [ -89.5137, 34.386 ], [ -89.4793, 34.3856 ], [ -89.4858, 34.3587 ], [ -89.5276, 34.3684 ], [ -89.5243, 34.381 ] ] ] } },
{ "type": "Feature", "properties": { "GEOIDFQ": "1400000US28071950502", "NAME": "9505.02", "NAMELSAD": "Census Tract 9505.02" }, "geometry": { "type": "Polygon", "coordinates": [ [ [ -89.721, 34.3492 ], [ -89.7103, 34.3539 ], [ -89.6589, 34.3552 ], [ -89.6544, 34.3376 ], [ -89.6645, 34.3132 ], [ -89.6608, 34.3063 ], [ -89.6422, 34.3093 ], [ -89.6132, 34.3007 ], [ -89.5992, 34.2797 ], [ -89.6126, 34.2783 ], [ -89.6034, 34.2572 ], [ -89.5739, 34.2648 ], [ -89.5659, 34.2542 ], [ -89.5478, 34.2637 ], [ -89.5424, 34.2564 ], [ -89.5219, 34.2692 ], [ -89.5268, 34.2396 ], [ -89.5209, 34.2104 ], [ -89.537, 34.1911 ], [ -89.721, 34.1925 ], [ -89.721, 34.3492 ] ] ] } },
{ "type": "Feature", "properties": { "GEOIDFQ": "1400000US28049000400", "NAME": "4", "NAMELSAD": "Census Tract 4" }, "geometry": { "type": "Polygon", "coordinates": [ [ [ -90.1711, 32.3639 ], [ -90.1518, 32.3558 ], [ -90.1637, 32.3441 ], [ -90.1641, 32.35 ], [ -90.1753, 32.3504 ], [ -90.1711, 32.3639 ] ] ] } },
{ "type": "Feature", "properties": { "GEOIDFQ": "1400000US28021950200", "NAME": "9502", "NAMELSAD": "Census Tract 9502" }, "geometry": { "type": "Polygon", "coordinates": [ [ [ -90.9689, 31.9614 ], [ -90.9723, 31.9404 ], [ -90.9876, 31.9443 ], [ -90.9854, 31.9584 ], [ -90.9963, 31.9732 ], [ -90.9689, 31.9614 ] ] ] } },
{ "type": "Feature", "properties": { "GEOIDFQ": "1400000US28051950501", "NAME": "9505.01", "NAMELSAD": "Census Tract 9505.01" }, "geometry": { "type": "Polygon", "coordinates": [ [ [ -89.9716, 32.949 ], [ -89.9502, 33.0022 ], [ -89.9421, 32.9913 ], [ -89.8907, 32.9738 ], [ -89.8961, 32.9328 ], [ -89.9159, 32.9253 ], [ -89.9178, 32.9116 ], [ -89.9379, 32.9044 ], [ -89.934, 32.8961 ], [ -89.9582, 32.8916 ], [ -89.966, 32.8796 ], [ -90.0158, 32.8979 ], [ -89.9716, 32.949 ] ] ] } },
{ "type": "Feature", "properties": { "GEOIDFQ": "1400000US28035000500", "NAME": "5", "NAMELSAD": "Census Tract 5" }, "geometry": { "type": "Polygon", "coordinates": [ [ [ -89.2776, 31.3353 ], [ -89.2672, 31.3266 ], [ -89.2768, 31.325 ], [ -89.2807, 31.3025 ], [ -89.2868, 31.3246 ], [ -89.2776, 31.3353 ] ] ] } },
{ "type": "Feature", "properties": { "GEOIDFQ": "1400000US28035001100", "NAME": "11", "NAMELSAD": "Census Tract 11" }, "geometry": { "type": "Polygon", "coordinates": [ [ [ -89.3365, 31.3679 ], [ -89.3308, 31.3549 ], [ -89.3117, 31.3577 ], [ -89.2969, 31.3325 ], [ -89.329, 31.3325 ], [ -89.3305, 31.3451 ], [ -89.3466, 31.3569 ], [ -89.3365, 31.3679 ] ] ] } },
{ "type": "Feature", "properties": { "GEOIDFQ": "1400000US28035000800", "NAME": "8", "NAMELSAD": "Census Tract 8" }, "geometry": { "type": "Polygon", "coordinates": [ [ [ -89.3479, 31.325 ], [ -89.3313, 31.3247 ], [ -89.3312, 31.2991 ], [ -89.3183, 31.2983 ], [ -89.3338, 31.2777 ], [ -89.3478, 31.2724 ], [ -89.3479, 31.325 ] ] ] } },
{ "type": "Feature", "properties": { "GEOIDFQ": "1400000US28035010500", "NAME": "105", "NAMELSAD": "Census Tract 105" }, "geometry": { "type": "Polygon", "coordinates": [ [ [ -89.346, 31.276 ], [ -89.3335, 31.278 ], [ -89.3183, 31.2983 ], [ -89.3081, 31.277 ], [ -89.2981, 31.2825 ], [ -89.276, 31.3076 ], [ -89.2768, 31.325 ], [ -89.2672, 31.3266 ], [ -89.2523, 31.3186 ], [ -89.2624, 31.3054 ], [ -89.2442, 31.2923 ], [ -89.2381, 31.2981 ], [ -89.2434, 31.2829 ], [ -89.2384, 31.2732 ], [ -89.2304, 31.273 ], [ -89.2254, 31.2595 ], [ -89.2161, 31.2609 ], [ -89.2141, 31.2533 ], [ -89.1963, 31.2485 ], [ -89.1911, 31.2367 ], [ -89.1955, 31.2315 ], [ -89.2375, 31.2459 ], [ -89.2736, 31.2454 ], [ -89.2724, 31.2361 ], [ -89.2798, 31.2352 ], [ -89.2945, 31.2412 ], [ -89.3021, 31.237 ], [ -89.3015, 31.2434 ], [ -89.348, 31.2408 ], [ -89.346, 31.276 ] ] ] } },
{ "type": "Feature", "properties": { "GEOIDFQ": "1400000US28051950502", "NAME": "9505.02", "NAMELSAD": "Census Tract 9505.02" }, "geometry": { "type": "Polygon", "coordinates": [ [ [ -90.0973, 32.9434 ], [ -90.0969, 32.958 ], [ -90.0713, 33.0155 ], [ -90.0645, 33.0465 ], [ -90.0684, 33.0592 ], [ -90.0571, 33.0777 ], [ -90.0534, 33.1054 ], [ -90.0434, 33.1101 ], [ -90.036, 33.1047 ], [ -89.9779, 33.0976 ], [ -89.9694, 33.0905 ], [ -89.9546, 33.0947 ], [ -89.9525, 33.0846 ], [ -89.9382, 33.086 ], [ -89.9378, 33.0767 ], [ -89.9626, 33.0586 ], [ -89.9531, 33.055 ], [ -89.9576, 33.0375 ], [ -89.9502, 33.0355 ], [ -89.9558, 33.0131 ], [ -89.9502, 33.0022 ], [ -89.9709, 32.9504 ], [ -90.0163, 32.8972 ], [ -90.1101, 32.9308 ], [ -90.0973, 32.9434 ] ] ] } },
{ "type": "Feature", "properties": { "GEOIDFQ": "1400000US28035010400", "NAME": "104", "NAMELSAD": "Census Tract 104" }, "geometry": { "type": "Polygon", "coordinates": [ [ [ -89.2289, 31.3502 ], [ -89.2414, 31.335 ], [ -89.2246, 31.3134 ], [ -89.237, 31.3107 ], [ -89.243, 31.2925 ], [ -89.2629, 31.3065 ], [ -89.2525, 31.3192 ], [ -89.2639, 31.3224 ], [ -89.2801, 31.3433 ], [ -89.2289, 31.3502 ] ] ] } },
{ "type": "Feature", "properties": { "GEOIDFQ": "1400000US28035010300", "NAME": "103", "NAMELSAD": "Census Tract 103" }, "geometry": { "type": "Polygon", "coordinates": [ [ [ -89.2782, 31.36 ], [ -89.2698, 31.3632 ], [ -89.2561, 31.3548 ], [ -89.2585, 31.3618 ], [ -89.246, 31.3759 ], [ -89.2423, 31.3925 ], [ -89.2305, 31.3901 ], [ -89.2344, 31.365 ], [ -89.2261, 31.3688 ], [ -89.2262, 31.3503 ], [ -89.2801, 31.3433 ], [ -89.2782, 31.36 ] ] ] } },
{ "type": "Feature", "properties": { "GEOIDFQ": "1400000US28021950100", "NAME": "9501", "NAMELSAD": "Census Tract 9501" }, "geometry": { "type": "Polygon", "coordinates": [ [ [ -91.1881, 31.9614 ], [ -91.1689, 31.98 ], [ -91.1048, 31.9901 ], [ -91.0759, 32.0168 ], [ -91.0914, 32.0361 ], [ -91.1557, 32.0521 ], [ -91.1619, 32.0662 ], [ -91.1514, 32.0787 ], [ -91.1342, 32.0801 ], [ -91.1037, 32.0503 ], [ -91.0809, 32.0479 ], [ -91.0811, 32.0784 ], [ -91.0352, 32.1005 ], [ -91.0303, 32.1144 ], [ -90.9909, 32.097 ], [ -90.97, 32.0947 ], [ -90.962, 32.1054 ], [ -90.9574, 32.1016 ], [ -90.966, 32.0879 ], [ -90.9584, 32.0907 ], [ -90.9519, 32.0812 ], [ -90.9525, 32.0902 ], [ -90.9492, 32.086 ], [ -90.9439, 32.0894 ], [ -90.944, 32.0784 ], [ -90.9384, 32.0853 ], [ -90.918, 32.0807 ], [ -90.9139, 32.0967 ], [ -90.9254, 32.101 ], [ -90.9169, 32.1021 ], [ -90.9227, 32.105 ], [ -90.9176, 32.1074 ], [ -90.9217, 32.1178 ], [ -90.9127, 32.1185 ], [ -90.9077, 32.1319 ], [ -90.8798, 32.1143 ], [ -90.8823, 32.1215 ], [ -90.8771, 32.1199 ], [ -90.8755, 32.1275 ], [ -90.8695, 32.1199 ], [ -90.8458, 32.1284 ], [ -90.8438, 32.1386 ], [ -90.8583, 32.1424 ], [ -90.8507, 32.1528 ], [ -90.8444, 32.1518 ], [ -90.8513, 32.1556 ], [ -90.8446, 32.1588 ], [ -90.8261, 32.1563 ], [ -90.8297, 32.1449 ], [ -90.8207, 32.1371 ], [ -90.8096, 32.1471 ], [ -90.8112, 32.1555 ], [ -90.7983, 32.1428 ], [ -90.7929, 32.1516 ], [ -90.7707, 32.1546 ], [ -90.7668, 32.163 ], [ -90.7756, 32.1628 ], [ -90.7904, 32.1782 ], [ -90.7769, 32.1937 ], [ -90.7766, 32.1895 ], [ -90.7507, 32.1955 ], [ -90.7543, 32.2062 ], [ -90.7385, 32.2056 ], [ -90.7319, 32.215 ], [ -90.7392, 32.216 ], [ -90.7286, 32.2251 ], [ -90.7144, 31.9776 ], [ -90.7164, 31.9042 ], [ -90.7554, 31.8915 ], [ -90.7897, 31.9123 ], [ -90.7917, 31.9078 ], [ -90.796, 31.9128 ], [ -90.8062, 31.9082 ], [ -90.8175, 31.9155 ], [ -90.8381, 31.9054 ], [ -90.8573, 31.9089 ], [ -90.8627, 31.916 ], [ -90.8727, 31.9111 ], [ -90.8871, 31.9194 ], [ -90.8924, 31.9149 ], [ -90.9191, 31.9227 ], [ -90.9275, 31.9191 ], [ -90.9348, 31.9313 ], [ -90.955, 31.9369 ], [ -90.958, 31.9519 ], [ -90.9718, 31.9561 ], [ -90.9704, 31.9625 ], [ -90.9892, 31.9659 ], [ -90.9883, 31.9721 ], [ -91.0048, 31.9868 ], [ -91.0157, 31.9774 ], [ -91.0306, 31.9942 ], [ -91.0372, 31.9849 ], [ -91.0552, 31.9833 ], [ -91.0437, 31.9719 ], [ -91.048, 31.9636 ], [ -91.0673, 31.9588 ], [ -91.0843, 31.9767 ], [ -91.11, 31.9677 ], [ -91.1231, 31.9712 ], [ -91.1278, 31.9604 ], [ -91.1375, 31.962 ], [ -91.1381, 31.9544 ], [ -91.1505, 31.9564 ], [ -91.1676, 31.9319 ], [ -91.1844, 31.926 ], [ -91.1847, 31.9351 ], [ -91.1931, 31.9362 ], [ -91.1881, 31.9614 ] ] ] } },
{ "type": "Feature", "properties": { "GEOIDFQ": "1400000US28021950300", "NAME": "9503", "NAMELSAD": "Census Tract 9503" }, "geometry": { "type": "Polygon", "coordinates": [ [ [ -91.2028, 31.908 ], [ -91.1823, 31.9158 ], [ -91.1844, 31.926 ], [ -91.1676, 31.9319 ], [ -91.1498, 31.9569 ], [ -91.1381, 31.9544 ], [ -91.1375, 31.962 ], [ -91.1278, 31.9604 ], [ -91.124, 31.9711 ], [ -91.11, 31.9677 ], [ -91.0935, 31.9763 ], [ -91.0794, 31.9743 ], [ -91.0673, 31.9588 ], [ -91.0482, 31.9635 ], [ -91.0437, 31.9719 ], [ -91.0552, 31.9833 ], [ -91.0372, 31.9849 ], [ -91.0324, 31.9941 ], [ -91.0146, 31.9769 ], [ -91.0066, 31.9867 ], [ -90.998, 31.9818 ], [ -90.9854, 31.9584 ], [ -90.9859, 31.9426 ], [ -90.9723, 31.9404 ], [ -90.973, 31.9542 ], [ -90.9655, 31.9575 ], [ -90.955, 31.9369 ], [ -90.9348, 31.9313 ], [ -90.9275, 31.9191 ], [ -90.9191, 31.9227 ], [ -90.8924, 31.9149 ], [ -90.8871, 31.9194 ], [ -90.8727, 31.9111 ], [ -90.8627, 31.916 ], [ -90.8573, 31.9089 ], [ -90.8381, 31.9054 ], [ -90.8175, 31.9155 ], [ -90.8062, 31.9082 ], [ -90.796, 31.9128 ], [ -90.7917, 31.9078 ], [ -90.7897, 31.9123 ], [ -90.7554, 31.8915 ], [ -90.7164, 31.9042 ], [ -90.7168, 31.8446 ], [ -90.733, 31.83 ], [ -90.7363, 31.7861 ], [ -90.8527, 31.7854 ], [ -90.8403, 31.8043 ], [ -90.842, 31.8265 ], [ -91.0137, 31.8619 ], [ -91.2462, 31.8709 ], [ -91.2028, 31.908 ] ] ] } },
{ "type": "Feature", "properties": { "GEOIDFQ": "1400000US28035000300", "NAME": "3", "NAMELSAD": "Census Tract 3" }, "geometry": { "type": "Polygon", "coordinates": [ [ [ -89.3045, 31.3329 ], [ -89.2957, 31.3309 ], [ -89.2971, 31.3248 ], [ -89.3289, 31.3247 ], [ -89.329, 31.3321 ], [ -89.3045, 31.3329 ] ] ] } },
{ "type": "Feature", "properties": { "GEOIDFQ": "1400000US28035001000", "NAME": "10", "NAMELSAD": "Census Tract 10" }, "geometry": { "type": "Polygon", "coordinates": [ [ [ -89.3466, 31.3569 ], [ -89.3297, 31.3439 ], [ -89.329, 31.3357 ], [ -89.345, 31.3352 ], [ -89.3409, 31.3249 ], [ -89.3479, 31.325 ], [ -89.3523, 31.3466 ], [ -89.3466, 31.3569 ] ] ] } },
{ "type": "Feature", "properties": { "GEOIDFQ": "1400000US28035000700", "NAME": "7", "NAMELSAD": "Census Tract 7" }, "geometry": { "type": "Polygon", "coordinates": [ [ [ -89.3143, 31.3247 ], [ -89.3058, 31.311 ], [ -89.3183, 31.2983 ], [ -89.3312, 31.2991 ], [ -89.3313, 31.3236 ], [ -89.3143, 31.3247 ] ] ] } },
{ "type": "Feature", "properties": { "GEOIDFQ": "1400000US28035000900", "NAME": "9", "NAMELSAD": "Census Tract 9" }, "geometry": { "type": "Polygon", "coordinates": [ [ [ -89.329, 31.3357 ], [ -89.3289, 31.3247 ], [ -89.3409, 31.3249 ], [ -89.3449, 31.3354 ], [ -89.329, 31.3357 ] ] ] } },
{ "type": "Feature", "properties": { "GEOIDFQ": "1400000US28155950100", "NAME": "9501", "NAMELSAD": "Census Tract 9501" }, "geometry": { "type": "Polygon", "coordinates": [ [ [ -89.232, 33.7219 ], [ -89.1919, 33.7222 ], [ -89.1918, 33.7386 ], [ -89.0345, 33.7394 ], [ -89.036, 33.6336 ], [ -89.0185, 33.6354 ], [ -89.0186, 33.5621 ], [ -89.0883, 33.562 ], [ -89.0884, 33.5332 ], [ -89.181, 33.5328 ], [ -89.2205, 33.5273 ], [ -89.2117, 33.5423 ], [ -89.2297, 33.566 ], [ -89.2348, 33.5875 ], [ -89.2262, 33.5908 ], [ -89.224, 33.6007 ], [ -89.2376, 33.6203 ], [ -89.2273, 33.646 ], [ -89.2333, 33.6527 ], [ -89.2338, 33.6828 ], [ -89.2259, 33.6903 ], [ -89.2378, 33.707 ], [ -89.232, 33.7219 ] ] ] } },
{ "type": "Feature", "properties": { "GEOIDFQ": "1400000US28155950300", "NAME": "9503", "NAMELSAD": "Census Tract 9503" }, "geometry": { "type": "Polygon", "coordinates": [ [ [ -89.2685, 33.5473 ], [ -89.2674, 33.5408 ], [ -89.253, 33.5338 ], [ -89.2586, 33.5248 ], [ -89.2539, 33.5176 ], [ -89.2878, 33.5071 ], [ -89.2823, 33.5158 ], [ -89.2932, 33.5257 ], [ -89.2972, 33.5426 ], [ -89.2685, 33.5473 ] ] ] } },
{ "type": "Feature", "properties": { "GEOIDFQ": "1400000US28155950200", "NAME": "9502", "NAMELSAD": "Census Tract 9502" }, "geometry": { "type": "Polygon", "coordinates": [ [ [ -89.232, 33.7219 ], [ -89.2378, 33.7069 ], [ -89.226, 33.691 ], [ -89.2344, 33.6775 ], [ -89.2273, 33.646 ], [ -89.2376, 33.6203 ], [ -89.2243, 33.6021 ], [ -89.2262, 33.5908 ], [ -89.2348, 33.5876 ], [ -89.2297, 33.566 ], [ -89.2118, 33.5428 ], [ -89.2175, 33.5297 ], [ -89.2287, 33.5198 ], [ -89.2515, 33.5169 ], [ -89.2586, 33.5248 ], [ -89.2533, 33.5265 ], [ -89.2575, 33.5401 ], [ -89.2674, 33.5408 ], [ -89.2685, 33.5473 ], [ -89.2902, 33.5472 ], [ -89.2967, 33.5373 ], [ -89.2833, 33.5098 ], [ -89.3198, 33.4966 ], [ -89.3403, 33.4695 ], [ -89.3624, 33.4734 ], [ -89.3778, 33.4605 ], [ -89.5065, 33.4598 ], [ -89.5071, 33.7218 ], [ -89.232, 33.7219 ] ] ] } },
{ "type": "Feature", "properties": { "GEOIDFQ": "1400000US28121020213", "NAME": "202.13", "NAMELSAD": "Census Tract 202.13" }, "geometry": { "type": "Polygon", "coordinates": [ [ [ -90.0006, 32.2958 ], [ -89.9972, 32.2943 ], [ -89.9951, 32.2862 ], [ -90.0033, 32.2802 ], [ -90.0175, 32.2844 ], [ -90.0006, 32.2958 ] ] ] } },
{ "type": "Feature", "properties": { "GEOIDFQ": "1400000US28079040100", "NAME": "401", "NAMELSAD": "Census Tract 401" }, "geometry": { "type": "Polygon", "coordinates": [ [ [ -89.3192, 32.9317 ], [ -89.3186, 32.7919 ], [ -89.3387, 32.8 ], [ -89.3985, 32.7899 ], [ -89.4949, 32.7475 ], [ -89.5014, 32.751 ], [ -89.5057, 32.7889 ], [ -89.5234, 32.7761 ], [ -89.5285, 32.8043 ], [ -89.541, 32.8074 ], [ -89.5334, 32.8734 ], [ -89.5484, 32.9308 ], [ -89.3192, 32.9317 ] ] ] } },
{ "type": "Feature", "properties": { "GEOIDFQ": "1400000US28079040500", "NAME": "405", "NAMELSAD": "Census Tract 405" }, "geometry": { "type": "Polygon", "coordinates": [ [ [ -89.7301, 32.6973 ], [ -89.6967, 32.7072 ], [ -89.6187, 32.703 ], [ -89.5876, 32.7136 ], [ -89.5718, 32.6953 ], [ -89.5615, 32.6955 ], [ -89.5468, 32.6977 ], [ -89.5312, 32.7113 ], [ -89.461, 32.6033 ], [ -89.4679, 32.5764 ], [ -89.7302, 32.5772 ], [ -89.7301, 32.6973 ] ] ] } },
{ "type": "Feature", "properties": { "GEOIDFQ": "1400000US28117950101", "NAME": "9501.01", "NAMELSAD": "Census Tract 9501.01" }, "geometry": { "type": "Polygon", "coordinates": [ [ [ -88.5597, 34.7561 ], [ -88.5162, 34.756 ], [ -88.5164, 34.6894 ], [ -88.4936, 34.6936 ], [ -88.4904, 34.653 ], [ -88.4327, 34.6691 ], [ -88.4104, 34.6812 ], [ -88.393, 34.6739 ], [ -88.3863, 34.6777 ], [ -88.379, 34.6619 ], [ -88.363, 34.658 ], [ -88.3533, 34.6616 ], [ -88.3415, 34.654 ], [ -88.3304, 34.6571 ], [ -88.3305, 34.6115 ], [ -88.3379, 34.6169 ], [ -88.346, 34.614 ], [ -88.354, 34.5898 ], [ -88.3613, 34.5883 ], [ -88.3777, 34.5885 ], [ -88.3816, 34.597 ], [ -88.4215, 34.607 ], [ -88.426, 34.6126 ], [ -88.4299, 34.6042 ], [ -88.4469, 34.5961 ], [ -88.4631, 34.5962 ], [ -88.4665, 34.5825 ], [ -88.4749, 34.589 ], [ -88.4922, 34.5868 ], [ -88.5096, 34.6032 ], [ -88.5288, 34.647 ], [ -88.5417, 34.6535 ], [ -88.5354, 34.6794 ], [ -88.5605, 34.6848 ], [ -88.5597, 34.7561 ] ] ] } },
{ "type": "Feature", "properties": { "GEOIDFQ": "1400000US28117950202", "NAME": "9502.02", "NAMELSAD": "Census Tract 9502.02" }, "geometry": { "type": "Polygon", "coordinates": [ [ [ -88.7354, 34.5965 ], [ -88.7178, 34.5965 ], [ -88.7182, 34.6336 ], [ -88.7043, 34.6371 ], [ -88.6855, 34.6269 ], [ -88.6825, 34.6325 ], [ -88.6696, 34.6329 ], [ -88.6679, 34.6423 ], [ -88.6235, 34.639 ], [ -88.6257, 34.6618 ], [ -88.6085, 34.6651 ], [ -88.603, 34.6767 ], [ -88.5963, 34.6741 ], [ -88.6071, 34.6551 ], [ -88.6053, 34.6412 ], [ -88.5839, 34.65 ], [ -88.5886, 34.628 ], [ -88.5706, 34.6461 ], [ -88.5617, 34.6472 ], [ -88.5586, 34.6339 ], [ -88.5287, 34.6417 ], [ -88.5182, 34.6233 ], [ -88.5304, 34.6108 ], [ -88.5259, 34.6016 ], [ -88.5504, 34.6022 ], [ -88.5632, 34.611 ], [ -88.5922, 34.582 ], [ -88.6299, 34.5764 ], [ -88.6353, 34.5902 ], [ -88.6634, 34.6036 ], [ -88.6911, 34.6 ], [ -88.7006, 34.5923 ], [ -88.6995, 34.5835 ], [ -88.6831, 34.5747 ], [ -88.6806, 34.5451 ], [ -88.7073, 34.5433 ], [ -88.6943, 34.5256 ], [ -88.6811, 34.5236 ], [ -88.6676, 34.5091 ], [ -88.7365, 34.5094 ], [ -88.7354, 34.5965 ] ] ] } },
{ "type": "Feature", "properties": { "GEOIDFQ": "1400000US28117950301", "NAME": "9503.01", "NAMELSAD": "Census Tract 9503.01" }, "geometry": { "type": "Polygon", "coordinates": [ [ [ -88.5489, 34.685 ], [ -88.5516, 34.68 ], [ -88.5354, 34.6794 ], [ -88.5417, 34.6535 ], [ -88.5668, 34.6545 ], [ -88.5641, 34.669 ], [ -88.5765, 34.6839 ], [ -88.5489, 34.685 ] ] ] } },
{ "type": "Feature", "properties": { "GEOIDFQ": "1400000US28117950201", "NAME": "9502.01", "NAMELSAD": "Census Tract 9502.01" }, "geometry": { "type": "Polygon", "coordinates": [ [ [ -88.7185, 34.7568 ], [ -88.5597, 34.7561 ], [ -88.5605, 34.6848 ], [ -88.5765, 34.6839 ], [ -88.5694, 34.6763 ], [ -88.5728, 34.669 ], [ -88.603, 34.6767 ], [ -88.6085, 34.6651 ], [ -88.6257, 34.6618 ], [ -88.6235, 34.639 ], [ -88.6679, 34.6423 ], [ -88.6696, 34.6329 ], [ -88.6825, 34.6325 ], [ -88.6855, 34.6269 ], [ -88.7043, 34.6371 ], [ -88.7182, 34.6336 ], [ -88.7185, 34.7568 ] ] ] } },
{ "type": "Feature", "properties": { "GEOIDFQ": "1400000US28117950302", "NAME": "9503.02", "NAMELSAD": "Census Tract 9503.02" }, "geometry": { "type": "Polygon", "coordinates": [ [ [ -88.5963, 34.6741 ], [ -88.5851, 34.669 ], [ -88.5693, 34.6714 ], [ -88.5641, 34.669 ], [ -88.5668, 34.6545 ], [ -88.5411, 34.6534 ], [ -88.5279, 34.6447 ], [ -88.5586, 34.6339 ], [ -88.5617, 34.6472 ], [ -88.5706, 34.6461 ], [ -88.5886, 34.628 ], [ -88.5839, 34.65 ], [ -88.6053, 34.6412 ], [ -88.6075, 34.6517 ], [ -88.5963, 34.6741 ] ] ] } },
{ "type": "Feature", "properties": { "GEOIDFQ": "1400000US28033070421", "NAME": "704.21", "NAMELSAD": "Census Tract 704.21" }, "geometry": { "type": "Polygon", "coordinates": [ [ [ -90.0608, 34.995 ], [ -90.0252, 34.995 ], [ -90.0158, 34.9805 ], [ -90.0331, 34.9765 ], [ -90.0313, 34.971 ], [ -90.0332, 34.9688 ], [ -90.0608, 34.9888 ], [ -90.0608, 34.995 ] ] ] } },
{ "type": "Feature", "properties": { "GEOIDFQ": "1400000US28033070102", "NAME": "701.02", "NAMELSAD": "Census Tract 701.02" }, "geometry": { "type": "Polygon", "coordinates": [ [ [ -90.1443, 34.9517 ], [ -90.1412, 34.9777 ], [ -90.1276, 34.9947 ], [ -90.0963, 34.9949 ], [ -90.0961, 34.9333 ], [ -90.1683, 34.9336 ], [ -90.1443, 34.9517 ] ] ] } },
{ "type": "Feature", "properties": { "GEOIDFQ": "1400000US28033070323", "NAME": "703.23", "NAMELSAD": "Census Tract 703.23" }, "geometry": { "type": "Polygon", "coordinates": [ [ [ -90.0291, 34.9661 ], [ -90.0165, 34.9627 ], [ -90.0607, 34.9627 ], [ -90.0608, 34.9845 ], [ -90.0291, 34.9661 ] ] ] } },
{ "type": "Feature", "properties": { "GEOIDFQ": "1400000US28033070324", "NAME": "703.24", "NAMELSAD": "Census Tract 703.24" }, "geometry": { "type": "Polygon", "coordinates": [ [ [ -90.0468, 34.9626 ], [ -90.0431, 34.9481 ], [ -90.0607, 34.9481 ], [ -90.0607, 34.9627 ], [ -90.0468, 34.9626 ] ] ] } },
{ "type": "Feature", "properties": { "GEOIDFQ": "1400000US28033070721", "NAME": "707.21", "NAMELSAD": "Census Tract 707.21" }, "geometry": { "type": "Polygon", "coordinates": [ [ [ -89.9014, 34.9379 ], [ -89.8357, 34.9477 ], [ -89.7949, 34.927 ], [ -89.7949, 34.9187 ], [ -89.8888, 34.9186 ], [ -89.9014, 34.9379 ] ] ] } },
{ "type": "Feature", "properties": { "GEOIDFQ": "1400000US28033070101", "NAME": "701.01", "NAMELSAD": "Census Tract 701.01" }, "geometry": { "type": "Polygon", "coordinates": [ [ [ -90.2579, 34.8934 ], [ -90.2413, 34.919 ], [ -90.2452, 34.9479 ], [ -90.2952, 34.9756 ], [ -90.3084, 34.9957 ], [ -90.1275, 34.9948 ], [ -90.141, 34.9781 ], [ -90.1443, 34.9517 ], [ -90.1683, 34.9336 ], [ -90.0961, 34.9333 ], [ -90.0957, 34.9115 ], [ -90.1072, 34.8824 ], [ -90.1418, 34.8736 ], [ -90.1481, 34.8602 ], [ -90.3046, 34.8606 ], [ -90.3151, 34.8641 ], [ -90.3172, 34.8712 ], [ -90.2579, 34.8934 ] ] ] } },
{ "type": "Feature", "properties": { "GEOIDFQ": "1400000US28033070412", "NAME": "704.12", "NAMELSAD": "Census Tract 704.12" }, "geometry": { "type": "Polygon", "coordinates": [ [ [ -90.0082, 34.9866 ], [ -90.0082, 34.995 ], [ -90.0025, 34.995 ], [ -89.9994, 34.9625 ], [ -90.0165, 34.9627 ], [ -90.0179, 34.9864 ], [ -90.0082, 34.9866 ] ] ] } },
{ "type": "Feature", "properties": { "GEOIDFQ": "1400000US28149950500", "NAME": "9505", "NAMELSAD": "Census Tract 9505" }, "geometry": { "type": "Polygon", "coordinates": [ [ [ -90.8698, 32.3318 ], [ -90.8645, 32.3445 ], [ -90.825, 32.3488 ], [ -90.8207, 32.331 ], [ -90.8268, 32.3235 ], [ -90.8613, 32.3301 ], [ -90.8773, 32.319 ], [ -90.8784, 32.3333 ], [ -90.8698, 32.3318 ] ] ] } },
{ "type": "Feature", "properties": { "GEOIDFQ": "1400000US28127950500", "NAME": "9505", "NAMELSAD": "Census Tract 9505" }, "geometry": { "type": "Polygon", "coordinates": [ [ [ -89.7576, 31.9024 ], [ -89.7347, 31.8895 ], [ -89.7266, 31.8964 ], [ -89.7138, 31.8892 ], [ -89.7131, 31.8805 ], [ -89.7008, 31.8845 ], [ -89.6997, 31.8647 ], [ -89.7052, 31.865 ], [ -89.708, 31.8502 ], [ -89.7013, 31.8437 ], [ -89.7043, 31.8264 ], [ -89.7238, 31.8571 ], [ -89.7623, 31.8772 ], [ -89.7655, 31.8974 ], [ -89.7576, 31.9024 ] ] ] } },
{ "type": "Feature", "properties": { "GEOIDFQ": "1400000US28127950200", "NAME": "9502", "NAMELSAD": "Census Tract 9502" }, "geometry": { "type": "Polygon", "coordinates": [ [ [ -89.9282, 31.9777 ], [ -89.9131, 31.9825 ], [ -89.9257, 31.9975 ], [ -89.9046, 31.9944 ], [ -89.9044, 31.9985 ], [ -89.8643, 31.9748 ], [ -89.8324, 31.9383 ], [ -89.8466, 31.9128 ], [ -89.8595, 31.9113 ], [ -89.8734, 31.9195 ], [ -89.8961, 31.92 ], [ -89.9266, 31.9388 ], [ -89.9351, 31.9573 ], [ -89.9282, 31.9777 ] ] ] } },
{ "type": "Feature", "properties": { "GEOIDFQ": "1400000US28013950400", "NAME": "9504", "NAMELSAD": "Census Tract 9504" }, "geometry": { "type": "Polygon", "coordinates": [ [ [ -89.3072, 33.956 ], [ -89.2956, 33.9822 ], [ -89.2627, 33.9666 ], [ -89.2521, 33.9686 ], [ -89.241, 33.9571 ], [ -89.1582, 33.961 ], [ -89.138, 33.9523 ], [ -89.1379, 33.8121 ], [ -89.19, 33.8117 ], [ -89.1919, 33.7222 ], [ -89.232, 33.7219 ], [ -89.2466, 33.7295 ], [ -89.2411, 33.76 ], [ -89.2516, 33.8048 ], [ -89.2725, 33.8281 ], [ -89.2851, 33.8844 ], [ -89.3018, 33.8862 ], [ -89.3106, 33.9202 ], [ -89.3079, 33.9372 ], [ -89.3173, 33.9518 ], [ -89.3072, 33.956 ] ] ] } },
{ "type": "Feature", "properties": { "GEOIDFQ": "1400000US28013950100", "NAME": "9501", "NAMELSAD": "Census Tract 9501" }, "geometry": { "type": "Polygon", "coordinates": [ [ [ -89.5097, 34.1621 ], [ -89.2455, 34.1612 ], [ -89.2444, 34.0739 ], [ -89.1392, 34.0741 ], [ -89.138, 33.9523 ], [ -89.1582, 33.961 ], [ -89.2412, 33.9572 ], [ -89.2521, 33.9686 ], [ -89.2627, 33.9666 ], [ -89.3289, 33.9927 ], [ -89.3331, 34.0026 ], [ -89.3493, 34.0013 ], [ -89.3588, 33.9955 ], [ -89.3479, 33.9737 ], [ -89.398, 33.9584 ], [ -89.4525, 33.9532 ], [ -89.5074, 33.9229 ], [ -89.5097, 34.1621 ] ] ] } },
{ "type": "Feature", "properties": { "GEOIDFQ": "1400000US28013950500", "NAME": "9505", "NAMELSAD": "Census Tract 9505" }, "geometry": { "type": "Polygon", "coordinates": [ [ [ -89.3446, 33.8519 ], [ -89.3255, 33.8542 ], [ -89.3245, 33.8699 ], [ -89.3151, 33.8684 ], [ -89.3154, 33.8812 ], [ -89.307, 33.8756 ], [ -89.3018, 33.8862 ], [ -89.2881, 33.8814 ], [ -89.2855, 33.8849 ], [ -89.2729, 33.8482 ], [ -89.2758, 33.8379 ], [ -89.3002, 33.8337 ], [ -89.3181, 33.8392 ], [ -89.3466, 33.8367 ], [ -89.3446, 33.8519 ] ] ] } },
{ "type": "Feature", "properties": { "GEOIDFQ": "1400000US28013950200", "NAME": "9502", "NAMELSAD": "Census Tract 9502" }, "geometry": { "type": "Polygon", "coordinates": [ [ [ -89.3331, 34.0026 ], [ -89.3289, 33.9927 ], [ -89.3139, 33.9882 ], [ -89.3479, 33.9737 ], [ -89.3588, 33.9958 ], [ -89.3331, 34.0026 ] ] ] } },
{ "type": "Feature", "properties": { "GEOIDFQ": "1400000US28013950300", "NAME": "9503", "NAMELSAD": "Census Tract 9503" }, "geometry": { "type": "Polygon", "coordinates": [ [ [ -89.5074, 33.9229 ], [ -89.4722, 33.9445 ], [ -89.4525, 33.9532 ], [ -89.3967, 33.9587 ], [ -89.3139, 33.9882 ], [ -89.298, 33.9834 ], [ -89.3023, 33.9636 ], [ -89.3173, 33.9518 ], [ -89.3079, 33.9372 ], [ -89.3106, 33.9202 ], [ -89.302, 33.8826 ], [ -89.307, 33.8756 ], [ -89.3154, 33.8812 ], [ -89.3151, 33.8684 ], [ -89.3245, 33.8699 ], [ -89.3255, 33.8542 ], [ -89.3446, 33.8519 ], [ -89.3466, 33.8365 ], [ -89.2758, 33.8379 ], [ -89.2515, 33.8044 ], [ -89.2411, 33.76 ], [ -89.2467, 33.7296 ], [ -89.232, 33.7219 ], [ -89.5071, 33.7218 ], [ -89.5074, 33.9229 ] ] ] } },
{ "type": "Feature", "properties": { "GEOIDFQ": "1400000US28149950700", "NAME": "9507", "NAMELSAD": "Census Tract 9507" }, "geometry": { "type": "Polygon", "coordinates": [ [ [ -90.8962, 32.3367 ], [ -90.8784, 32.3331 ], [ -90.8773, 32.319 ], [ -90.8958, 32.31 ], [ -90.9064, 32.314 ], [ -90.8962, 32.3367 ] ] ] } },
{ "type": "Feature", "properties": { "GEOIDFQ": "1400000US28149950200", "NAME": "9502", "NAMELSAD": "Census Tract 9502" }, "geometry": { "type": "Polygon", "coordinates": [ [ [ -90.8761, 32.3702 ], [ -90.8571, 32.3779 ], [ -90.8546, 32.3845 ], [ -90.8275, 32.3744 ], [ -90.8294, 32.3484 ], [ -90.843, 32.3435 ], [ -90.8532, 32.3436 ], [ -90.8624, 32.3545 ], [ -90.8825, 32.357 ], [ -90.8761, 32.3702 ] ] ] } },
{ "type": "Feature", "properties": { "GEOIDFQ": "1400000US28149951102", "NAME": "9511.02", "NAMELSAD": "Census Tract 9511.02" }, "geometry": { "type": "Polygon", "coordinates": [ [ [ -91.158, 32.202 ], [ -91.1318, 32.2137 ], [ -91.113, 32.2066 ], [ -91.0837, 32.2265 ], [ -91.0614, 32.2186 ], [ -91.0465, 32.2411 ], [ -91.0266, 32.2387 ], [ -91.0029, 32.223 ], [ -91.0032, 32.1981 ], [ -90.9997, 32.1911 ], [ -90.9949, 32.1931 ], [ -90.9834, 32.2118 ], [ -90.9803, 32.2436 ], [ -90.9694, 32.2525 ], [ -90.983, 32.2703 ], [ -90.9795, 32.2937 ], [ -90.9641, 32.2969 ], [ -90.9498, 32.2831 ], [ -90.9234, 32.2978 ], [ -90.9175, 32.2906 ], [ -90.9265, 32.2833 ], [ -90.9154, 32.2776 ], [ -90.9214, 32.2509 ], [ -90.9092, 32.2593 ], [ -90.8854, 32.2597 ], [ -90.8713, 32.2584 ], [ -90.8607, 32.2465 ], [ -90.864, 32.2311 ], [ -90.8833, 32.2179 ], [ -90.866, 32.209 ], [ -90.8802, 32.1988 ], [ -90.855, 32.1476 ], [ -90.8581, 32.142 ], [ -90.8431, 32.1365 ], [ -90.8461, 32.1282 ], [ -90.8671, 32.1203 ], [ -90.8757, 32.1273 ], [ -90.8771, 32.1199 ], [ -90.8823, 32.1215 ], [ -90.8798, 32.1143 ], [ -90.9077, 32.1319 ], [ -90.9127, 32.1185 ], [ -90.9217, 32.1178 ], [ -90.9176, 32.1074 ], [ -90.9227, 32.105 ], [ -90.9169, 32.1021 ], [ -90.9254, 32.1008 ], [ -90.9141, 32.0972 ], [ -90.9208, 32.087 ], [ -90.9139, 32.0838 ], [ -90.9384, 32.0853 ], [ -90.9439, 32.0783 ], [ -90.9439, 32.0894 ], [ -90.9492, 32.086 ], [ -90.9525, 32.0902 ], [ -90.9519, 32.0812 ], [ -90.9584, 32.0907 ], [ -90.9663, 32.0882 ], [ -90.9574, 32.1016 ], [ -90.9612, 32.1052 ], [ -90.97, 32.0947 ], [ -90.9909, 32.097 ], [ -91.0302, 32.1144 ], [ -91.0308, 32.1207 ], [ -91.0176, 32.1252 ], [ -91.0072, 32.1385 ], [ -91.0029, 32.1621 ], [ -91.025, 32.1626 ], [ -91.0502, 32.1785 ], [ -91.0583, 32.181 ], [ -91.0485, 32.1502 ], [ -91.0536, 32.1244 ], [ -91.0816, 32.134 ], [ -91.111, 32.1246 ], [ -91.1628, 32.1327 ], [ -91.1746, 32.1573 ], [ -91.158, 32.202 ] ] ] } },
{ "type": "Feature", "properties": { "GEOIDFQ": "1400000US28149950400", "NAME": "9504", "NAMELSAD": "Census Tract 9504" }, "geometry": { "type": "Polygon", "coordinates": [ [ [ -90.8873, 32.3487 ], [ -90.8804, 32.3434 ], [ -90.8645, 32.3445 ], [ -90.8705, 32.3314 ], [ -90.8962, 32.3367 ], [ -90.8873, 32.3487 ] ] ] } },
{ "type": "Feature", "properties": { "GEOIDFQ": "1400000US28149950300", "NAME": "9503", "NAMELSAD": "Census Tract 9503" }, "geometry": { "type": "Polygon", "coordinates": [ [ [ -90.8825, 32.357 ], [ -90.8624, 32.3545 ], [ -90.8556, 32.3455 ], [ -90.8793, 32.3432 ], [ -90.8873, 32.3487 ], [ -90.8825, 32.357 ] ] ] } },
{ "type": "Feature", "properties": { "GEOIDFQ": "1400000US28149951101", "NAME": "9511.01", "NAMELSAD": "Census Tract 9511.01" }, "geometry": { "type": "Polygon", "coordinates": [ [ [ -90.8611, 32.2354 ], [ -90.8607, 32.2465 ], [ -90.8715, 32.2568 ], [ -90.8635, 32.2745 ], [ -90.8693, 32.2816 ], [ -90.8653, 32.2906 ], [ -90.8335, 32.2836 ], [ -90.8247, 32.2753 ], [ -90.7968, 32.2978 ], [ -90.7873, 32.2865 ], [ -90.7553, 32.2816 ], [ -90.7398, 32.2597 ], [ -90.7285, 32.2633 ], [ -90.7135, 32.2535 ], [ -90.7269, 32.2415 ], [ -90.7255, 32.2299 ], [ -90.7392, 32.216 ], [ -90.7319, 32.215 ], [ -90.7385, 32.2056 ], [ -90.7533, 32.2075 ], [ -90.7507, 32.1955 ], [ -90.7766, 32.1895 ], [ -90.7769, 32.1937 ], [ -90.7904, 32.1782 ], [ -90.7756, 32.1628 ], [ -90.7668, 32.163 ], [ -90.7697, 32.1553 ], [ -90.7929, 32.1516 ], [ -90.7983, 32.1428 ], [ -90.8112, 32.1555 ], [ -90.8096, 32.1471 ], [ -90.8198, 32.1371 ], [ -90.8297, 32.1449 ], [ -90.8268, 32.1566 ], [ -90.8501, 32.1567 ], [ -90.8439, 32.1525 ], [ -90.8549, 32.1458 ], [ -90.8802, 32.1991 ], [ -90.866, 32.209 ], [ -90.8833, 32.2179 ], [ -90.8611, 32.2354 ] ] ] } },
{ "type": "Feature", "properties": { "GEOIDFQ": "1400000US28149950600", "NAME": "9506", "NAMELSAD": "Census Tract 9506" }, "geometry": { "type": "Polygon", "coordinates": [ [ [ -90.8773, 32.319 ], [ -90.8613, 32.3301 ], [ -90.8282, 32.3251 ], [ -90.8314, 32.309 ], [ -90.8244, 32.2952 ], [ -90.8079, 32.2934 ], [ -90.8273, 32.2756 ], [ -90.8335, 32.2836 ], [ -90.8685, 32.2894 ], [ -90.8773, 32.319 ] ] ] } },
{ "type": "Feature", "properties": { "GEOIDFQ": "1400000US28149950800", "NAME": "9508", "NAMELSAD": "Census Tract 9508" }, "geometry": { "type": "Polygon", "coordinates": [ [ [ -90.9175, 32.2906 ], [ -90.9234, 32.2978 ], [ -90.9065, 32.3139 ], [ -90.8958, 32.31 ], [ -90.8773, 32.319 ], [ -90.8634, 32.275 ], [ -90.872, 32.2576 ], [ -90.9089, 32.2593 ], [ -90.9214, 32.2509 ], [ -90.9154, 32.2776 ], [ -90.9265, 32.2833 ], [ -90.9175, 32.2906 ] ] ] } },
{ "type": "Feature", "properties": { "GEOIDFQ": "1400000US28029950502", "NAME": "9505.02", "NAMELSAD": "Census Tract 9505.02" }, "geometry": { "type": "Polygon", "coordinates": [ [ [ -90.3994, 31.8138 ], [ -90.396, 31.846 ], [ -90.3839, 31.846 ], [ -90.3613, 31.8308 ], [ -90.38, 31.8676 ], [ -90.3662, 31.8676 ], [ -90.374, 31.8749 ], [ -90.3676, 31.8865 ], [ -90.3164, 31.8846 ], [ -90.2867, 31.8951 ], [ -90.2697, 31.8759 ], [ -90.2629, 31.8783 ], [ -90.2373, 31.8605 ], [ -90.2208, 31.86 ], [ -90.208, 31.8684 ], [ -90.1751, 31.8634 ], [ -90.1696, 31.8467 ], [ -90.1273, 31.8256 ], [ -90.1369, 31.826 ], [ -90.1507, 31.7999 ], [ -90.139, 31.7889 ], [ -90.1125, 31.7913 ], [ -90.1075, 31.7777 ], [ -90.1141, 31.7682 ], [ -90.1224, 31.775 ], [ -90.1281, 31.7697 ], [ -90.1231, 31.752 ], [ -90.1313, 31.756 ], [ -90.1841, 31.7315 ], [ -90.2299, 31.7237 ], [ -90.2549, 31.7122 ], [ -90.2599, 31.7203 ], [ -90.2729, 31.7206 ], [ -90.2904, 31.7472 ], [ -90.3126, 31.7556 ], [ -90.3126, 31.774 ], [ -90.3411, 31.8046 ], [ -90.3713, 31.7996 ], [ -90.3822, 31.7916 ], [ -90.4073, 31.8022 ], [ -90.3994, 31.8138 ] ] ] } },
{ "type": "Feature", "properties": { "GEOIDFQ": "1400000US28161950302", "NAME": "9503.02", "NAMELSAD": "Census Tract 9503.02" }, "geometry": { "type": "Polygon", "coordinates": [ [ [ -89.9315, 34.1643 ], [ -89.7214, 34.1635 ], [ -89.721, 34.1925 ], [ -89.6691, 34.192 ], [ -89.665, 34.1845 ], [ -89.6761, 34.1792 ], [ -89.6794, 34.1631 ], [ -89.6727, 34.1572 ], [ -89.6837, 34.1544 ], [ -89.6497, 34.1418 ], [ -89.641, 34.1244 ], [ -89.643, 34.0935 ], [ -89.6536, 34.0676 ], [ -89.6652, 34.0569 ], [ -89.6895, 34.057 ], [ -89.6967, 34.0714 ], [ -89.785, 34.0356 ], [ -89.8394, 34.0507 ], [ -89.8867, 34.0542 ], [ -89.9109, 34.1326 ], [ -89.9256, 34.1171 ], [ -89.9255, 34.1406 ], [ -89.9317, 34.1452 ], [ -89.9315, 34.1643 ] ] ] } },
{ "type": "Feature", "properties": { "GEOIDFQ": "1400000US28161950301", "NAME": "9503.01", "NAMELSAD": "Census Tract 9503.01" }, "geometry": { "type": "Polygon", "coordinates": [ [ [ -89.9256, 34.1171 ], [ -89.9109, 34.1326 ], [ -89.8867, 34.0542 ], [ -89.8394, 34.0507 ], [ -89.785, 34.0356 ], [ -89.6967, 34.0714 ], [ -89.6895, 34.057 ], [ -89.6596, 34.0613 ], [ -89.6612, 34.0492 ], [ -89.682, 34.0271 ], [ -89.6737, 33.9841 ], [ -89.6864, 33.9847 ], [ -89.6955, 33.9575 ], [ -89.7533, 33.9105 ], [ -89.7792, 33.8972 ], [ -89.9261, 33.898 ], [ -89.9256, 34.1171 ] ] ] } },
{ "type": "Feature", "properties": { "GEOIDFQ": "1400000US28029950102", "NAME": "9501.02", "NAMELSAD": "Census Tract 9501.02" }, "geometry": { "type": "Polygon", "coordinates": [ [ [ -90.3619, 32.0147 ], [ -90.3211, 31.9954 ], [ -90.3366, 31.9878 ], [ -90.3571, 31.9888 ], [ -90.3681, 31.9694 ], [ -90.3803, 31.97 ], [ -90.3619, 32.0147 ] ] ] } },
{ "type": "Feature", "properties": { "GEOIDFQ": "1400000US28029950101", "NAME": "9501.01", "NAMELSAD": "Census Tract 9501.01" }, "geometry": { "type": "Polygon", "coordinates": [ [ [ -90.3571, 31.9888 ], [ -90.3366, 31.9878 ], [ -90.3211, 31.9954 ], [ -90.3103, 31.9917 ], [ -90.3119, 31.9769 ], [ -90.3482, 31.973 ], [ -90.348, 31.9591 ], [ -90.3575, 31.9528 ], [ -90.3643, 31.9528 ], [ -90.363, 31.9696 ], [ -90.3681, 31.9694 ], [ -90.3571, 31.9888 ] ] ] } },
{ "type": "Feature", "properties": { "GEOIDFQ": "1400000US28029950501", "NAME": "9505.01", "NAMELSAD": "Census Tract 9505.01" }, "geometry": { "type": "Polygon", "coordinates": [ [ [ -90.4022, 31.7118 ], [ -90.395, 31.7296 ], [ -90.4014, 31.7405 ], [ -90.395, 31.7433 ], [ -90.3941, 31.7547 ], [ -90.4073, 31.8022 ], [ -90.3822, 31.7916 ], [ -90.3713, 31.7996 ], [ -90.3411, 31.8046 ], [ -90.3126, 31.774 ], [ -90.3126, 31.7556 ], [ -90.2904, 31.7472 ], [ -90.2718, 31.7195 ], [ -90.2599, 31.7203 ], [ -90.2515, 31.7132 ], [ -90.259, 31.7039 ], [ -90.28, 31.6999 ], [ -90.3799, 31.7002 ], [ -90.3794, 31.6852 ], [ -90.4136, 31.6853 ], [ -90.4142, 31.7005 ], [ -90.4196, 31.7006 ], [ -90.4022, 31.7118 ] ] ] } },
{ "type": "Feature", "properties": { "GEOIDFQ": "1400000US28121020105", "NAME": "201.05", "NAMELSAD": "Census Tract 201.05" }, "geometry": { "type": "Polygon", "coordinates": [ [ [ -89.8764, 32.371 ], [ -89.8809, 32.3966 ], [ -89.8463, 32.3966 ], [ -89.8376, 32.4025 ], [ -89.8292, 32.3958 ], [ -89.8444, 32.3673 ], [ -89.8021, 32.3678 ], [ -89.799, 32.3616 ], [ -89.7862, 32.3595 ], [ -89.779, 32.3715 ], [ -89.7474, 32.3825 ], [ -89.7471, 32.399 ], [ -89.7405, 32.3992 ], [ -89.7299, 32.3213 ], [ -89.7793, 32.2945 ], [ -89.7941, 32.2985 ], [ -89.8081, 32.3119 ], [ -89.8592, 32.3091 ], [ -89.8693, 32.3221 ], [ -89.8667, 32.3396 ], [ -89.8823, 32.3618 ], [ -89.8764, 32.371 ] ] ] } },
{ "type": "Feature", "properties": { "GEOIDFQ": "1400000US28121020901", "NAME": "209.01", "NAMELSAD": "Census Tract 209.01" }, "geometry": { "type": "Polygon", "coordinates": [ [ [ -89.9323, 32.1018 ], [ -89.9214, 32.1083 ], [ -89.9135, 32.1274 ], [ -89.9294, 32.1618 ], [ -89.9228, 32.1866 ], [ -89.8815, 32.1495 ], [ -89.838, 32.1315 ], [ -89.7742, 32.1294 ], [ -89.75, 32.1059 ], [ -89.7297, 32.1114 ], [ -89.7301, 32.0471 ], [ -89.936, 32.0479 ], [ -89.9323, 32.1018 ] ] ] } },
{ "type": "Feature", "properties": { "GEOIDFQ": "1400000US28121020103", "NAME": "201.03", "NAMELSAD": "Census Tract 201.03" }, "geometry": { "type": "Polygon", "coordinates": [ [ [ -89.9722, 32.3419 ], [ -89.9722, 32.3566 ], [ -89.925, 32.3531 ], [ -89.9291, 32.316 ], [ -89.9517, 32.2899 ], [ -89.9855, 32.2913 ], [ -89.9951, 32.2862 ], [ -89.9982, 32.2918 ], [ -89.9722, 32.3419 ] ] ] } },
{ "type": "Feature", "properties": { "GEOIDFQ": "1400000US28121020806", "NAME": "208.06", "NAMELSAD": "Census Tract 208.06" }, "geometry": { "type": "Polygon", "coordinates": [ [ [ -89.9892, 32.2731 ], [ -89.9374, 32.2776 ], [ -89.9586, 32.2396 ], [ -89.9879, 32.2306 ], [ -89.9892, 32.2731 ] ] ] } },
{ "type": "Feature", "properties": { "GEOIDFQ": "1400000US28121020104", "NAME": "201.04", "NAMELSAD": "Census Tract 201.04" }, "geometry": { "type": "Polygon", "coordinates": [ [ [ -89.9642, 32.3754 ], [ -89.9657, 32.3995 ], [ -89.8809, 32.3966 ], [ -89.8764, 32.371 ], [ -89.8816, 32.356 ], [ -89.8667, 32.3396 ], [ -89.8692, 32.3218 ], [ -89.855, 32.3091 ], [ -89.8775, 32.2935 ], [ -89.9387, 32.2789 ], [ -89.9404, 32.2891 ], [ -89.9517, 32.2899 ], [ -89.9291, 32.316 ], [ -89.925, 32.3531 ], [ -89.9722, 32.3568 ], [ -89.9642, 32.3754 ] ] ] } },
{ "type": "Feature", "properties": { "GEOIDFQ": "1400000US28081951101", "NAME": "9511.01", "NAMELSAD": "Census Tract 9511.01" }, "geometry": { "type": "Polygon", "coordinates": [ [ [ -88.7193, 34.1206 ], [ -88.7194, 34.1626 ], [ -88.703, 34.1625 ], [ -88.7069, 34.1924 ], [ -88.6884, 34.1934 ], [ -88.6723, 34.2059 ], [ -88.6468, 34.1431 ], [ -88.6268, 34.1551 ], [ -88.6146, 34.1414 ], [ -88.6224, 34.1312 ], [ -88.6226, 34.1106 ], [ -88.6492, 34.1009 ], [ -88.6532, 34.0892 ], [ -88.7188, 34.0894 ], [ -88.719, 34.0745 ], [ -88.7336, 34.0749 ], [ -88.7193, 34.1206 ] ] ] } },
{ "type": "Feature", "properties": { "GEOIDFQ": "1400000US28121020215", "NAME": "202.15", "NAMELSAD": "Census Tract 202.15" }, "geometry": { "type": "Polygon", "coordinates": [ [ [ -90.0647, 32.3455 ], [ -90.0502, 32.3729 ], [ -90.0356, 32.3736 ], [ -90.0302, 32.3517 ], [ -90.0793, 32.3393 ], [ -90.0647, 32.3455 ] ] ] } },
{ "type": "Feature", "properties": { "GEOIDFQ": "1400000US28121020214", "NAME": "202.14", "NAMELSAD": "Census Tract 202.14" }, "geometry": { "type": "Polygon", "coordinates": [ [ [ -90.0421, 32.3829 ], [ -90.0173, 32.3726 ], [ -90.0164, 32.364 ], [ -90.03, 32.3593 ], [ -90.0356, 32.3736 ], [ -90.048, 32.3742 ], [ -90.0421, 32.3829 ] ] ] } },
{ "type": "Feature", "properties": { "GEOIDFQ": "1400000US28139950100", "NAME": "9501", "NAMELSAD": "Census Tract 9501" }, "geometry": { "type": "Polygon", "coordinates": [ [ [ -89.035, 34.8588 ], [ -89.0176, 34.8587 ], [ -89.0171, 34.995 ], [ -88.8231, 34.9952 ], [ -88.8214, 34.8585 ], [ -88.8458, 34.8586 ], [ -88.8728, 34.8726 ], [ -88.8841, 34.8609 ], [ -88.9134, 34.8631 ], [ -88.9273, 34.8397 ], [ -88.9372, 34.8424 ], [ -88.9516, 34.837 ], [ -89.0231, 34.8514 ], [ -89.0353, 34.8449 ], [ -89.035, 34.8588 ] ] ] } },
{ "type": "Feature", "properties": { "GEOIDFQ": "1400000US28139950300", "NAME": "9503", "NAMELSAD": "Census Tract 9503" }, "geometry": { "type": "Polygon", "coordinates": [ [ [ -88.9715, 34.7426 ], [ -88.9573, 34.7357 ], [ -88.9557, 34.7543 ], [ -88.9447, 34.7494 ], [ -88.942, 34.7538 ], [ -88.9462, 34.7415 ], [ -88.9301, 34.7434 ], [ -88.9251, 34.7318 ], [ -88.9448, 34.7289 ], [ -88.9656, 34.7113 ], [ -88.9617, 34.7249 ], [ -88.9706, 34.7214 ], [ -88.9715, 34.7426 ] ] ] } },
{ "type": "Feature", "properties": { "GEOIDFQ": "1400000US28129950100", "NAME": "9501", "NAMELSAD": "Census Tract 9501" }, "geometry": { "type": "Polygon", "coordinates": [ [ [ -89.7311, 32.222 ], [ -89.3227, 32.2235 ], [ -89.322, 31.9758 ], [ -89.3489, 31.987 ], [ -89.3677, 32.0059 ], [ -89.3828, 32.0117 ], [ -89.4652, 32.0158 ], [ -89.5078, 32.0458 ], [ -89.515, 32.0406 ], [ -89.5261, 32.0478 ], [ -89.5387, 32.0434 ], [ -89.6088, 32.0466 ], [ -89.6413, 32.0609 ], [ -89.664, 32.0571 ], [ -89.6712, 32.0472 ], [ -89.7301, 32.0471 ], [ -89.7311, 32.222 ] ] ] } },
{ "type": "Feature", "properties": { "GEOIDFQ": "1400000US28033070521", "NAME": "705.21", "NAMELSAD": "Census Tract 705.21" }, "geometry": { "type": "Polygon", "coordinates": [ [ [ -89.9722, 34.995 ], [ -89.9722, 34.9772 ], [ -90.0017, 34.9773 ], [ -90.0025, 34.995 ], [ -89.9722, 34.995 ] ] ] } },
{ "type": "Feature", "properties": { "GEOIDFQ": "1400000US28047003600", "NAME": "36", "NAMELSAD": "Census Tract 36" }, "geometry": { "type": "MultiPolygon", "coordinates": [ [ [ [ -88.8677, 30.4017 ], [ -88.8677, 30.3923 ], [ -88.8589, 30.3924 ], [ -88.8456, 30.4052 ], [ -88.8003, 30.3572 ], [ -88.8091, 30.3444 ], [ -88.8361, 30.3505 ], [ -88.8912, 30.3761 ], [ -88.895, 30.3989 ], [ -88.8677, 30.4017 ] ] ], [ [ [ -88.9847, 30.2169 ], [ -88.9158, 30.2283 ], [ -88.8754, 30.2504 ], [ -88.8665, 30.2453 ], [ -88.8814, 30.2314 ], [ -88.9478, 30.2058 ], [ -88.968, 30.2039 ], [ -88.9929, 30.2104 ], [ -88.9847, 30.2169 ] ] ], [ [ [ -89.0934, 30.237 ], [ -89.067, 30.2558 ], [ -89.0585, 30.2465 ], [ -89.0681, 30.2166 ], [ -89.0921, 30.2031 ], [ -89.1118, 30.2087 ], [ -89.1199, 30.2178 ], [ -89.1581, 30.226 ], [ -89.1572, 30.235 ], [ -89.0934, 30.237 ] ] ] ] } },
{ "type": "Feature", "properties": { "GEOIDFQ": "1400000US28047003407", "NAME": "34.07", "NAMELSAD": "Census Tract 34.07" }, "geometry": { "type": "Polygon", "coordinates": [ [ [ -89.0095, 30.4485 ], [ -88.9931, 30.4526 ], [ -88.9779, 30.5178 ], [ -88.9664, 30.5088 ], [ -88.9614, 30.4865 ], [ -88.9704, 30.4749 ], [ -88.9707, 30.4608 ], [ -88.9444, 30.4546 ], [ -88.9497, 30.448 ], [ -88.9517, 30.4538 ], [ -88.9639, 30.4539 ], [ -88.9706, 30.4445 ], [ -89.0047, 30.4289 ], [ -89.012, 30.4384 ], [ -89.0095, 30.4485 ] ] ] } },
{ "type": "Feature", "properties": { "GEOIDFQ": "1400000US28047003508", "NAME": "35.08", "NAMELSAD": "Census Tract 35.08" }, "geometry": { "type": "Polygon", "coordinates": [ [ [ -89.2337, 30.5316 ], [ -89.1712, 30.5155 ], [ -89.1658, 30.5002 ], [ -89.1369, 30.473 ], [ -89.137, 30.4639 ], [ -89.1454, 30.4639 ], [ -89.1456, 30.4713 ], [ -89.1903, 30.4709 ], [ -89.1969, 30.4538 ], [ -89.1936, 30.4416 ], [ -89.2038, 30.4413 ], [ -89.2314, 30.4602 ], [ -89.2337, 30.5316 ] ] ] } },
{ "type": "Feature", "properties": { "GEOIDFQ": "1400000US28093950302", "NAME": "9503.02", "NAMELSAD": "Census Tract 9503.02" }, "geometry": { "type": "Polygon", "coordinates": [ [ [ -89.6182, 34.8753 ], [ -89.5652, 34.8751 ], [ -89.5651, 34.8963 ], [ -89.5491, 34.894 ], [ -89.5449, 34.8848 ], [ -89.5314, 34.8795 ], [ -89.4933, 34.8771 ], [ -89.4773, 34.8655 ], [ -89.4648, 34.865 ], [ -89.4301, 34.8379 ], [ -89.4496, 34.7853 ], [ -89.4662, 34.7962 ], [ -89.4951, 34.8017 ], [ -89.4892, 34.7984 ], [ -89.4946, 34.7944 ], [ -89.4893, 34.7785 ], [ -89.5237, 34.7873 ], [ -89.5469, 34.774 ], [ -89.564, 34.774 ], [ -89.5641, 34.7801 ], [ -89.5797, 34.7649 ], [ -89.5968, 34.7769 ], [ -89.608, 34.7771 ], [ -89.6081, 34.7876 ], [ -89.6171, 34.7876 ], [ -89.6182, 34.8753 ] ] ] } },
{ "type": "Feature", "properties": { "GEOIDFQ": "1400000US28093950301", "NAME": "9503.01", "NAMELSAD": "Census Tract 9503.01" }, "geometry": { "type": "Polygon", "coordinates": [ [ [ -89.6173, 34.8314 ], [ -89.6171, 34.7876 ], [ -89.6081, 34.7876 ], [ -89.608, 34.7771 ], [ -89.5968, 34.7769 ], [ -89.5797, 34.7649 ], [ -89.5641, 34.7801 ], [ -89.564, 34.774 ], [ -89.5469, 34.774 ], [ -89.5162, 34.7864 ], [ -89.474, 34.7689 ], [ -89.4819, 34.7556 ], [ -89.4662, 34.7397 ], [ -89.5118, 34.6985 ], [ -89.5385, 34.7382 ], [ -89.6018, 34.7157 ], [ -89.723, 34.7132 ], [ -89.7239, 34.831 ], [ -89.6173, 34.8314 ] ] ] } },
{ "type": "Feature", "properties": { "GEOIDFQ": "1400000US28093950201", "NAME": "9502.01", "NAMELSAD": "Census Tract 9502.01" }, "geometry": { "type": "Polygon", "coordinates": [ [ [ -89.7239, 34.8862 ], [ -89.6887, 34.8721 ], [ -89.6887, 34.8859 ], [ -89.6774, 34.886 ], [ -89.6712, 34.8932 ], [ -89.6688, 34.9375 ], [ -89.6759, 34.9396 ], [ -89.649, 34.9402 ], [ -89.6391, 34.9324 ], [ -89.6375, 34.9183 ], [ -89.6176, 34.907 ], [ -89.6173, 34.8314 ], [ -89.7239, 34.8314 ], [ -89.7239, 34.8862 ] ] ] } },
{ "type": "Feature", "properties": { "GEOIDFQ": "1400000US28093950101", "NAME": "9501.01", "NAMELSAD": "Census Tract 9501.01" }, "geometry": { "type": "Polygon", "coordinates": [ [ [ -89.5111, 34.9946 ], [ -89.3527, 34.9939 ], [ -89.3529, 34.861 ], [ -89.3764, 34.8594 ], [ -89.3842, 34.8447 ], [ -89.4057, 34.8298 ], [ -89.4217, 34.8324 ], [ -89.4648, 34.865 ], [ -89.4955, 34.876 ], [ -89.5162, 34.9516 ], [ -89.5111, 34.9946 ] ] ] } },
{ "type": "Feature", "properties": { "GEOIDFQ": "1400000US28093950502", "NAME": "9505.02", "NAMELSAD": "Census Tract 9505.02" }, "geometry": { "type": "Polygon", "coordinates": [ [ [ -89.5087, 34.5902 ], [ -89.5189, 34.6138 ], [ -89.5045, 34.631 ], [ -89.5101, 34.6566 ], [ -89.4872, 34.6562 ], [ -89.4769, 34.6489 ], [ -89.4496, 34.6518 ], [ -89.4472, 34.6626 ], [ -89.4578, 34.6883 ], [ -89.4426, 34.738 ], [ -89.4158, 34.7278 ], [ -89.4143, 34.7481 ], [ -89.41, 34.746 ], [ -89.4045, 34.7566 ], [ -89.4028, 34.7718 ], [ -89.4149, 34.7723 ], [ -89.4073, 34.7937 ], [ -89.4117, 34.7995 ], [ -89.4229, 34.8008 ], [ -89.4307, 34.7938 ], [ -89.4435, 34.8051 ], [ -89.431, 34.8368 ], [ -89.4057, 34.8298 ], [ -89.3842, 34.8447 ], [ -89.3766, 34.8593 ], [ -89.3569, 34.8612 ], [ -89.3527, 34.8444 ], [ -89.2992, 34.8444 ], [ -89.2983, 34.5829 ], [ -89.2456, 34.5832 ], [ -89.2461, 34.4956 ], [ -89.274, 34.5081 ], [ -89.2888, 34.5062 ], [ -89.2918, 34.5172 ], [ -89.2976, 34.5193 ], [ -89.3005, 34.5135 ], [ -89.3137, 34.5179 ], [ -89.3147, 34.5242 ], [ -89.3196, 34.5203 ], [ -89.3313, 34.5272 ], [ -89.3432, 34.5212 ], [ -89.3451, 34.526 ], [ -89.3499, 34.5218 ], [ -89.3531, 34.5272 ], [ -89.3621, 34.5223 ], [ -89.3658, 34.5263 ], [ -89.364, 34.5193 ], [ -89.3792, 34.5169 ], [ -89.4024, 34.5283 ], [ -89.4075, 34.5223 ], [ -89.4124, 34.5261 ], [ -89.434, 34.5199 ], [ -89.4424, 34.531 ], [ -89.4561, 34.5327 ], [ -89.4767, 34.549 ], [ -89.4766, 34.5542 ], [ -89.5138, 34.5545 ], [ -89.5204, 34.5689 ], [ -89.5087, 34.5902 ] ] ] } },
{ "type": "Feature", "properties": { "GEOIDFQ": "1400000US28093950501", "NAME": "9505.01", "NAMELSAD": "Census Tract 9505.01" }, "geometry": { "type": "Polygon", "coordinates": [ [ [ -89.6018, 34.7157 ], [ -89.5385, 34.7382 ], [ -89.5118, 34.6985 ], [ -89.472, 34.7365 ], [ -89.4584, 34.7367 ], [ -89.4534, 34.7288 ], [ -89.4636, 34.7162 ], [ -89.4519, 34.7093 ], [ -89.4578, 34.6877 ], [ -89.448, 34.6548 ], [ -89.4571, 34.6476 ], [ -89.5101, 34.6566 ], [ -89.5045, 34.631 ], [ -89.5189, 34.6138 ], [ -89.509, 34.601 ], [ -89.5204, 34.5688 ], [ -89.5138, 34.5545 ], [ -89.6684, 34.5544 ], [ -89.6692, 34.6858 ], [ -89.7224, 34.6855 ], [ -89.723, 34.7132 ], [ -89.6018, 34.7157 ] ] ] } },
{ "type": "Feature", "properties": { "GEOIDFQ": "1400000US28093950202", "NAME": "9502.02", "NAMELSAD": "Census Tract 9502.02" }, "geometry": { "type": "Polygon", "coordinates": [ [ [ -89.7243, 34.9948 ], [ -89.6176, 34.9948 ], [ -89.6176, 34.907 ], [ -89.6375, 34.9183 ], [ -89.6391, 34.9324 ], [ -89.6488, 34.9401 ], [ -89.6738, 34.9419 ], [ -89.6688, 34.9375 ], [ -89.6712, 34.8932 ], [ -89.6774, 34.886 ], [ -89.6887, 34.8859 ], [ -89.6887, 34.8721 ], [ -89.7239, 34.8862 ], [ -89.7243, 34.9948 ] ] ] } },
{ "type": "Feature", "properties": { "GEOIDFQ": "1400000US28093950102", "NAME": "9501.02", "NAMELSAD": "Census Tract 9501.02" }, "geometry": { "type": "Polygon", "coordinates": [ [ [ -89.618, 34.9952 ], [ -89.5111, 34.9946 ], [ -89.5162, 34.9506 ], [ -89.4955, 34.876 ], [ -89.5314, 34.8795 ], [ -89.5449, 34.8848 ], [ -89.5491, 34.894 ], [ -89.5651, 34.8963 ], [ -89.5652, 34.8751 ], [ -89.6182, 34.8753 ], [ -89.618, 34.9952 ] ] ] } },
{ "type": "Feature", "properties": { "GEOIDFQ": "1400000US28049010305", "NAME": "103.05", "NAMELSAD": "Census Tract 103.05" }, "geometry": { "type": "Polygon", "coordinates": [ [ [ -90.2973, 32.3441 ], [ -90.2947, 32.3239 ], [ -90.3071, 32.3299 ], [ -90.3118, 32.3441 ], [ -90.2973, 32.3441 ] ] ] } },
{ "type": "Feature", "properties": { "GEOIDFQ": "1400000US28081950403", "NAME": "9504.03", "NAMELSAD": "Census Tract 9504.03" }, "geometry": { "type": "Polygon", "coordinates": [ [ [ -88.8248, 34.3533 ], [ -88.8161, 34.3502 ], [ -88.8162, 34.3576 ], [ -88.7949, 34.3601 ], [ -88.7994, 34.3675 ], [ -88.7894, 34.3751 ], [ -88.7808, 34.3598 ], [ -88.7381, 34.3366 ], [ -88.7358, 34.322 ], [ -88.7209, 34.3078 ], [ -88.7324, 34.282 ], [ -88.7708, 34.2972 ], [ -88.7839, 34.3085 ], [ -88.8255, 34.3082 ], [ -88.8248, 34.3533 ] ] ] } },
{ "type": "Feature", "properties": { "GEOIDFQ": "1400000US28081950404", "NAME": "9504.04", "NAMELSAD": "Census Tract 9504.04" }, "geometry": { "type": "Polygon", "coordinates": [ [ [ -88.7839, 34.3085 ], [ -88.7642, 34.2951 ], [ -88.7655, 34.2816 ], [ -88.7729, 34.282 ], [ -88.7727, 34.2499 ], [ -88.7822, 34.2464 ], [ -88.8085, 34.2716 ], [ -88.8254, 34.2718 ], [ -88.8255, 34.3082 ], [ -88.7839, 34.3085 ] ] ] } },
{ "type": "Feature", "properties": { "GEOIDFQ": "1400000US28081950203", "NAME": "9502.03", "NAMELSAD": "Census Tract 9502.03" }, "geometry": { "type": "Polygon", "coordinates": [ [ [ -88.7898, 34.3937 ], [ -88.7897, 34.4262 ], [ -88.7734, 34.4257 ], [ -88.7699, 34.4082 ], [ -88.7419, 34.4081 ], [ -88.7334, 34.4008 ], [ -88.7373, 34.3905 ], [ -88.7309, 34.3727 ], [ -88.7167, 34.3717 ], [ -88.727, 34.3643 ], [ -88.7297, 34.3508 ], [ -88.7202, 34.3353 ], [ -88.7224, 34.3243 ], [ -88.7156, 34.3231 ], [ -88.7209, 34.3078 ], [ -88.7358, 34.322 ], [ -88.7381, 34.3366 ], [ -88.7808, 34.3598 ], [ -88.7894, 34.3751 ], [ -88.7994, 34.3675 ], [ -88.7949, 34.3601 ], [ -88.8162, 34.3576 ], [ -88.8161, 34.3502 ], [ -88.8216, 34.3505 ], [ -88.8251, 34.3939 ], [ -88.7898, 34.3937 ] ] ] } },
{ "type": "Feature", "properties": { "GEOIDFQ": "1400000US28081950501", "NAME": "9505.01", "NAMELSAD": "Census Tract 9505.01" }, "geometry": { "type": "Polygon", "coordinates": [ [ [ -88.7209, 34.3078 ], [ -88.7092, 34.2944 ], [ -88.7067, 34.3155 ], [ -88.6934, 34.3156 ], [ -88.7006, 34.2714 ], [ -88.7323, 34.2821 ], [ -88.7209, 34.3078 ] ] ] } },
{ "type": "Feature", "properties": { "GEOIDFQ": "1400000US28081951102", "NAME": "9511.02", "NAMELSAD": "Census Tract 9511.02" }, "geometry": { "type": "Polygon", "coordinates": [ [ [ -88.6553, 34.1867 ], [ -88.656, 34.1956 ], [ -88.608, 34.1907 ], [ -88.5955, 34.1843 ], [ -88.5738, 34.1842 ], [ -88.5569, 34.1916 ], [ -88.5436, 34.1804 ], [ -88.5434, 34.089 ], [ -88.6532, 34.0892 ], [ -88.6492, 34.1009 ], [ -88.6226, 34.1106 ], [ -88.6224, 34.1312 ], [ -88.6145, 34.1409 ], [ -88.6268, 34.1551 ], [ -88.6468, 34.1431 ], [ -88.6633, 34.1835 ], [ -88.6553, 34.1867 ] ] ] } },
{ "type": "Feature", "properties": { "GEOIDFQ": "1400000US28081950204", "NAME": "9502.04", "NAMELSAD": "Census Tract 9502.04" }, "geometry": { "type": "Polygon", "coordinates": [ [ [ -88.7028, 34.4009 ], [ -88.6824, 34.383 ], [ -88.6862, 34.3587 ], [ -88.6781, 34.3434 ], [ -88.6864, 34.3321 ], [ -88.6829, 34.3197 ], [ -88.7067, 34.3155 ], [ -88.7092, 34.2944 ], [ -88.7209, 34.3078 ], [ -88.7156, 34.3231 ], [ -88.7224, 34.3243 ], [ -88.7202, 34.3353 ], [ -88.7297, 34.349 ], [ -88.727, 34.3643 ], [ -88.7167, 34.3717 ], [ -88.7309, 34.3727 ], [ -88.7373, 34.3905 ], [ -88.7334, 34.4008 ], [ -88.7419, 34.4081 ], [ -88.7028, 34.4009 ] ] ] } },
{ "type": "Feature", "properties": { "GEOIDFQ": "1400000US28081950502", "NAME": "9505.02", "NAMELSAD": "Census Tract 9505.02" }, "geometry": { "type": "Polygon", "coordinates": [ [ [ -88.7006, 34.2714 ], [ -88.6934, 34.3156 ], [ -88.6849, 34.3176 ], [ -88.6761, 34.3003 ], [ -88.6802, 34.2826 ], [ -88.6606, 34.2807 ], [ -88.6566, 34.2692 ], [ -88.6484, 34.2727 ], [ -88.6491, 34.2597 ], [ -88.7029, 34.2575 ], [ -88.7035, 34.2647 ], [ -88.7256, 34.268 ], [ -88.7283, 34.2776 ], [ -88.7006, 34.2714 ] ] ] } },
{ "type": "Feature", "properties": { "GEOIDFQ": "1400000US28091950100", "NAME": "9501", "NAMELSAD": "Census Tract 9501" }, "geometry": { "type": "Polygon", "coordinates": [ [ [ -89.9578, 31.3796 ], [ -89.9663, 31.3831 ], [ -89.9663, 31.3905 ], [ -89.8233, 31.39 ], [ -89.8242, 31.4341 ], [ -89.6542, 31.4338 ], [ -89.6538, 31.2827 ], [ -89.7806, 31.2545 ], [ -89.7797, 31.2766 ], [ -89.7999, 31.272 ], [ -89.8108, 31.2886 ], [ -89.8347, 31.2728 ], [ -89.8452, 31.2914 ], [ -89.8799, 31.2821 ], [ -89.8776, 31.3106 ], [ -89.8875, 31.3119 ], [ -89.8979, 31.3277 ], [ -89.9132, 31.3226 ], [ -89.9134, 31.3163 ], [ -89.9295, 31.334 ], [ -89.9403, 31.3275 ], [ -89.9616, 31.3528 ], [ -89.9525, 31.3628 ], [ -89.9601, 31.3725 ], [ -89.9687, 31.3718 ], [ -89.9578, 31.3796 ] ] ] } },
{ "type": "Feature", "properties": { "GEOIDFQ": "1400000US28091950400", "NAME": "9504", "NAMELSAD": "Census Tract 9504" }, "geometry": { "type": "Polygon", "coordinates": [ [ [ -89.8409, 31.2593 ], [ -89.8221, 31.2556 ], [ -89.8074, 31.2797 ], [ -89.7999, 31.272 ], [ -89.7797, 31.2766 ], [ -89.7806, 31.2545 ], [ -89.8055, 31.2443 ], [ -89.8188, 31.2274 ], [ -89.8326, 31.2251 ], [ -89.8387, 31.2065 ], [ -89.8429, 31.2284 ], [ -89.8541, 31.2334 ], [ -89.8409, 31.2593 ] ] ] } },
{ "type": "Feature", "properties": { "GEOIDFQ": "1400000US28091950600", "NAME": "9506", "NAMELSAD": "Census Tract 9506" }, "geometry": { "type": "Polygon", "coordinates": [ [ [ -89.8782, 31.2238 ], [ -89.8474, 31.2381 ], [ -89.8541, 31.2329 ], [ -89.8429, 31.2284 ], [ -89.842, 31.2078 ], [ -89.8369, 31.2077 ], [ -89.8358, 31.2186 ], [ -89.8217, 31.2146 ], [ -89.8247, 31.2076 ], [ -89.8342, 31.2084 ], [ -89.8298, 31.2004 ], [ -89.8434, 31.2006 ], [ -89.8404, 31.193 ], [ -89.8278, 31.1917 ], [ -89.8337, 31.1855 ], [ -89.8289, 31.1705 ], [ -89.814, 31.164 ], [ -89.822, 31.1585 ], [ -89.822, 31.1493 ], [ -89.8071, 31.1426 ], [ -89.7981, 31.1286 ], [ -89.7909, 31.0912 ], [ -89.7807, 31.0852 ], [ -89.7728, 31.0876 ], [ -89.7718, 31.0818 ], [ -89.7812, 31.0768 ], [ -89.7678, 31.0775 ], [ -89.7788, 31.0676 ], [ -89.7724, 31.0593 ], [ -89.782, 31.06 ], [ -89.7875, 31.0526 ], [ -89.7732, 31.0446 ], [ -89.7776, 31.036 ], [ -89.7718, 31.0284 ], [ -89.7607, 31.0386 ], [ -89.7548, 31.0274 ], [ -89.7448, 31.028 ], [ -89.7437, 31.0166 ], [ -89.759, 31.0158 ], [ -89.751, 31.0094 ], [ -89.7526, 31.0019 ], [ -89.8359, 31.002 ], [ -89.8359, 31.0749 ], [ -89.9209, 31.0747 ], [ -89.921, 31.0893 ], [ -89.9295, 31.0892 ], [ -89.9295, 31.1112 ], [ -89.9382, 31.1112 ], [ -89.9382, 31.1329 ], [ -90.0059, 31.1323 ], [ -90.0061, 31.1756 ], [ -90.0319, 31.1757 ], [ -90.0319, 31.1812 ], [ -89.8782, 31.2238 ] ] ] } },
{ "type": "Feature", "properties": { "GEOIDFQ": "1400000US28091950500", "NAME": "9505", "NAMELSAD": "Census Tract 9505" }, "geometry": { "type": "Polygon", "coordinates": [ [ [ -89.8287, 31.2014 ], [ -89.8342, 31.2084 ], [ -89.8247, 31.2076 ], [ -89.8217, 31.2146 ], [ -89.836, 31.2204 ], [ -89.8188, 31.2274 ], [ -89.8055, 31.2443 ], [ -89.6538, 31.2827 ], [ -89.654, 31.0025 ], [ -89.7325, 31.0048 ], [ -89.7521, 31.0002 ], [ -89.751, 31.0094 ], [ -89.759, 31.0158 ], [ -89.7437, 31.0166 ], [ -89.7448, 31.028 ], [ -89.7548, 31.0274 ], [ -89.7607, 31.0386 ], [ -89.7718, 31.0284 ], [ -89.7776, 31.036 ], [ -89.7732, 31.0446 ], [ -89.7875, 31.0526 ], [ -89.782, 31.06 ], [ -89.7724, 31.0593 ], [ -89.7788, 31.0676 ], [ -89.7678, 31.0775 ], [ -89.7797, 31.0752 ], [ -89.7728, 31.0876 ], [ -89.7807, 31.0852 ], [ -89.7909, 31.0912 ], [ -89.7981, 31.1286 ], [ -89.8071, 31.1426 ], [ -89.822, 31.1493 ], [ -89.822, 31.1585 ], [ -89.814, 31.164 ], [ -89.8289, 31.1705 ], [ -89.8337, 31.1855 ], [ -89.8278, 31.1917 ], [ -89.8404, 31.193 ], [ -89.8434, 31.2006 ], [ -89.8287, 31.2014 ] ] ] } },
{ "type": "Feature", "properties": { "GEOIDFQ": "1400000US28139950201", "NAME": "9502.01", "NAMELSAD": "Census Tract 9502.01" }, "geometry": { "type": "Polygon", "coordinates": [ [ [ -88.983, 34.8249 ], [ -88.9672, 34.8248 ], [ -88.9564, 34.8368 ], [ -88.9385, 34.838 ], [ -88.9372, 34.8424 ], [ -88.9273, 34.8397 ], [ -88.9134, 34.8631 ], [ -88.8841, 34.8609 ], [ -88.8728, 34.8726 ], [ -88.8458, 34.8586 ], [ -88.753, 34.8588 ], [ -88.7531, 34.757 ], [ -88.7185, 34.7568 ], [ -88.7187, 34.6986 ], [ -88.7391, 34.7028 ], [ -88.7542, 34.7172 ], [ -88.7734, 34.7222 ], [ -88.7957, 34.7042 ], [ -88.906, 34.735 ], [ -88.9251, 34.7318 ], [ -88.9301, 34.7434 ], [ -88.9462, 34.7415 ], [ -88.9351, 34.7661 ], [ -88.9425, 34.7665 ], [ -88.951, 34.7823 ], [ -88.9669, 34.7921 ], [ -88.9653, 34.8012 ], [ -88.9803, 34.8046 ], [ -88.9866, 34.8131 ], [ -88.983, 34.8249 ] ] ] } },
{ "type": "Feature", "properties": { "GEOIDFQ": "1400000US28139950202", "NAME": "9502.02", "NAMELSAD": "Census Tract 9502.02" }, "geometry": { "type": "Polygon", "coordinates": [ [ [ -89.0881, 34.8153 ], [ -89.0353, 34.8153 ], [ -89.0353, 34.8447 ], [ -89.0231, 34.8514 ], [ -88.9532, 34.8374 ], [ -88.9672, 34.8248 ], [ -88.983, 34.8249 ], [ -88.9866, 34.8149 ], [ -88.9805, 34.8047 ], [ -88.9653, 34.8012 ], [ -88.967, 34.7923 ], [ -88.951, 34.7823 ], [ -88.9426, 34.7666 ], [ -88.9351, 34.7661 ], [ -88.9447, 34.7494 ], [ -88.9557, 34.7543 ], [ -88.9573, 34.7357 ], [ -88.9715, 34.7426 ], [ -88.9701, 34.7285 ], [ -89.0016, 34.7287 ], [ -89.0338, 34.7357 ], [ -89.0569, 34.7337 ], [ -89.063, 34.7386 ], [ -89.0656, 34.7285 ], [ -89.0885, 34.7258 ], [ -89.0881, 34.8153 ] ] ] } },
{ "type": "Feature", "properties": { "GEOIDFQ": "1400000US28139950401", "NAME": "9504.01", "NAMELSAD": "Census Tract 9504.01" }, "geometry": { "type": "Polygon", "coordinates": [ [ [ -89.0005, 34.7286 ], [ -88.9701, 34.7285 ], [ -88.9706, 34.7214 ], [ -88.9617, 34.7249 ], [ -88.9656, 34.7113 ], [ -88.9435, 34.7296 ], [ -88.9068, 34.7351 ], [ -88.7957, 34.7042 ], [ -88.7777, 34.7218 ], [ -88.7587, 34.7192 ], [ -88.7395, 34.703 ], [ -88.7187, 34.6986 ], [ -88.7178, 34.5965 ], [ -88.9825, 34.5982 ], [ -88.9648, 34.6838 ], [ -88.9831, 34.7009 ], [ -88.992, 34.6962 ], [ -89.0062, 34.7178 ], [ -89.0005, 34.7286 ] ] ] } },
{ "type": "Feature", "properties": { "GEOIDFQ": "1400000US28139950402", "NAME": "9504.02", "NAMELSAD": "Census Tract 9504.02" }, "geometry": { "type": "Polygon", "coordinates": [ [ [ -89.0885, 34.7258 ], [ -89.0656, 34.7285 ], [ -89.063, 34.7386 ], [ -89.0569, 34.7337 ], [ -89.0338, 34.7357 ], [ -89.0005, 34.7286 ], [ -89.0062, 34.7176 ], [ -89.0003, 34.7036 ], [ -88.9916, 34.7024 ], [ -88.992, 34.6962 ], [ -88.9831, 34.7009 ], [ -88.9805, 34.6947 ], [ -88.9712, 34.6948 ], [ -88.9711, 34.686 ], [ -88.9648, 34.6838 ], [ -88.9825, 34.5982 ], [ -89.0885, 34.5982 ], [ -89.0885, 34.7258 ] ] ] } },
{ "type": "Feature", "properties": { "GEOIDFQ": "1400000US28159950200", "NAME": "9502", "NAMELSAD": "Census Tract 9502" }, "geometry": { "type": "Polygon", "coordinates": [ [ [ -89.3179, 33.1089 ], [ -89.2139, 33.1094 ], [ -89.2134, 33.1975 ], [ -89.1289, 33.1977 ], [ -89.1125, 33.173 ], [ -89.086, 33.1537 ], [ -89.1036, 33.1268 ], [ -89.0899, 33.1111 ], [ -89.1101, 33.0947 ], [ -89.1018, 33.0945 ], [ -89.0945, 33.0826 ], [ -89.0823, 33.0777 ], [ -89.1002, 33.0713 ], [ -89.0958, 33.0568 ], [ -89.0779, 33.0574 ], [ -89.0819, 33.0388 ], [ -89.099, 33.0317 ], [ -89.0919, 33.0203 ], [ -89.109, 33.0141 ], [ -89.0897, 32.9874 ], [ -89.0938, 32.9786 ], [ -89.0839, 32.9599 ], [ -89.0962, 32.947 ], [ -89.0938, 32.9316 ], [ -89.3192, 32.9319 ], [ -89.3179, 33.1089 ] ] ] } },
{ "type": "Feature", "properties": { "GEOIDFQ": "1400000US28091950300", "NAME": "9503", "NAMELSAD": "Census Tract 9503" }, "geometry": { "type": "Polygon", "coordinates": [ [ [ -89.8531, 31.2895 ], [ -89.8452, 31.2914 ], [ -89.8355, 31.273 ], [ -89.8131, 31.2892 ], [ -89.8057, 31.2802 ], [ -89.8221, 31.2556 ], [ -89.8428, 31.2596 ], [ -89.8627, 31.2497 ], [ -89.8717, 31.2651 ], [ -89.8531, 31.2895 ] ] ] } },
{ "type": "Feature", "properties": { "GEOIDFQ": "1400000US28091950200", "NAME": "9502", "NAMELSAD": "Census Tract 9502" }, "geometry": { "type": "Polygon", "coordinates": [ [ [ -90.0405, 31.3947 ], [ -89.9645, 31.3957 ], [ -89.9663, 31.3831 ], [ -89.9578, 31.3796 ], [ -89.9687, 31.3718 ], [ -89.9601, 31.3725 ], [ -89.9525, 31.3628 ], [ -89.9618, 31.3546 ], [ -89.9498, 31.3352 ], [ -89.9403, 31.3275 ], [ -89.9295, 31.334 ], [ -89.9134, 31.3163 ], [ -89.9117, 31.3236 ], [ -89.8944, 31.3261 ], [ -89.8875, 31.3119 ], [ -89.8761, 31.3081 ], [ -89.8816, 31.2829 ], [ -89.8531, 31.2895 ], [ -89.8717, 31.2651 ], [ -89.8642, 31.2508 ], [ -89.8405, 31.2563 ], [ -89.8474, 31.2381 ], [ -89.8766, 31.2244 ], [ -90.0319, 31.1812 ], [ -90.0405, 31.3947 ] ] ] } },
{ "type": "Feature", "properties": { "GEOIDFQ": "1400000US28121020703", "NAME": "207.03", "NAMELSAD": "Census Tract 207.03" }, "geometry": { "type": "Polygon", "coordinates": [ [ [ -90.0917, 32.2836 ], [ -90.036, 32.2838 ], [ -90.0361, 32.278 ], [ -90.0972, 32.2685 ], [ -90.0917, 32.2836 ] ] ] } },
{ "type": "Feature", "properties": { "GEOIDFQ": "1400000US28009950102", "NAME": "9501.02", "NAMELSAD": "Census Tract 9501.02" }, "geometry": { "type": "Polygon", "coordinates": [ [ [ -89.2332, 34.9946 ], [ -89.0171, 34.995 ], [ -89.0176, 34.8587 ], [ -89.035, 34.8588 ], [ -89.0353, 34.8153 ], [ -89.0881, 34.8153 ], [ -89.0886, 34.7481 ], [ -89.1201, 34.7615 ], [ -89.1593, 34.7533 ], [ -89.1746, 34.7561 ], [ -89.1848, 34.7437 ], [ -89.2035, 34.7607 ], [ -89.22, 34.7586 ], [ -89.2344, 34.7727 ], [ -89.2352, 34.7875 ], [ -89.2283, 34.8047 ], [ -89.2199, 34.8091 ], [ -89.2198, 34.8196 ], [ -89.1897, 34.8269 ], [ -89.1846, 34.8518 ], [ -89.2108, 34.8936 ], [ -89.2109, 34.9464 ], [ -89.2469, 34.9465 ], [ -89.2661, 34.9727 ], [ -89.2332, 34.9946 ] ] ] } },
{ "type": "Feature", "properties": { "GEOIDFQ": "1400000US28009950101", "NAME": "9501.01", "NAMELSAD": "Census Tract 9501.01" }, "geometry": { "type": "Polygon", "coordinates": [ [ [ -89.3527, 34.9939 ], [ -89.2332, 34.9946 ], [ -89.2661, 34.9727 ], [ -89.2469, 34.9465 ], [ -89.2109, 34.9464 ], [ -89.2113, 34.8955 ], [ -89.1845, 34.8459 ], [ -89.1897, 34.8269 ], [ -89.2198, 34.8196 ], [ -89.2334, 34.7793 ], [ -89.2621, 34.7696 ], [ -89.2665, 34.7575 ], [ -89.2878, 34.7494 ], [ -89.2891, 34.7608 ], [ -89.299, 34.7635 ], [ -89.2992, 34.8444 ], [ -89.3527, 34.8444 ], [ -89.3527, 34.9939 ] ] ] } },
{ "type": "Feature", "properties": { "GEOIDFQ": "1400000US28115950500", "NAME": "9505", "NAMELSAD": "Census Tract 9505" }, "geometry": { "type": "Polygon", "coordinates": [ [ [ -89.2459, 34.2273 ], [ -89.2374, 34.2266 ], [ -89.2282, 34.2117 ], [ -89.2049, 34.2309 ], [ -89.172, 34.2306 ], [ -89.1619, 34.2423 ], [ -89.1484, 34.2377 ], [ -89.1211, 34.24 ], [ -89.1036, 34.2318 ], [ -89.0775, 34.2383 ], [ -89.0356, 34.2376 ], [ -89.0355, 34.2305 ], [ -89.023, 34.2273 ], [ -89.0071, 34.2305 ], [ -88.9984, 34.2241 ], [ -89.0179, 34.1763 ], [ -89.0163, 34.1314 ], [ -89.0305, 34.113 ], [ -89.0268, 34.0744 ], [ -89.2444, 34.0739 ], [ -89.2459, 34.2273 ] ] ] } },
{ "type": "Feature", "properties": { "GEOIDFQ": "1400000US28115950200", "NAME": "9502", "NAMELSAD": "Census Tract 9502" }, "geometry": { "type": "Polygon", "coordinates": [ [ [ -89.2463, 34.3793 ], [ -89.0909, 34.3796 ], [ -89.0589, 34.3436 ], [ -89.0909, 34.3203 ], [ -89.0899, 34.3061 ], [ -89.0718, 34.2869 ], [ -89.0718, 34.2758 ], [ -89.0905, 34.2813 ], [ -89.0946, 34.2724 ], [ -89.0357, 34.2531 ], [ -89.0356, 34.2376 ], [ -89.0789, 34.2382 ], [ -89.1036, 34.2318 ], [ -89.1211, 34.24 ], [ -89.1484, 34.2377 ], [ -89.1619, 34.2423 ], [ -89.172, 34.2306 ], [ -89.2049, 34.2309 ], [ -89.2282, 34.2117 ], [ -89.2374, 34.2266 ], [ -89.2459, 34.2273 ], [ -89.2463, 34.3793 ] ] ] } },
{ "type": "Feature", "properties": { "GEOIDFQ": "1400000US28115950300", "NAME": "9503", "NAMELSAD": "Census Tract 9503" }, "geometry": { "type": "Polygon", "coordinates": [ [ [ -89.0088, 34.2884 ], [ -88.9847, 34.2635 ], [ -88.9492, 34.2548 ], [ -88.9572, 34.2252 ], [ -88.9692, 34.2283 ], [ -88.9752, 34.2141 ], [ -89.0071, 34.2305 ], [ -89.0355, 34.2305 ], [ -89.0357, 34.2531 ], [ -89.0088, 34.2884 ] ] ] } },
{ "type": "Feature", "properties": { "GEOIDFQ": "1400000US28115950400", "NAME": "9504", "NAMELSAD": "Census Tract 9504" }, "geometry": { "type": "Polygon", "coordinates": [ [ [ -89.0163, 34.1314 ], [ -89.0179, 34.1763 ], [ -88.9984, 34.2241 ], [ -88.9752, 34.2141 ], [ -88.9692, 34.2283 ], [ -88.9578, 34.2246 ], [ -88.9504, 34.2563 ], [ -88.9324, 34.26 ], [ -88.8981, 34.2349 ], [ -88.8252, 34.2355 ], [ -88.8245, 34.0749 ], [ -89.0268, 34.0744 ], [ -89.0305, 34.113 ], [ -89.0163, 34.1314 ] ] ] } },
{ "type": "Feature", "properties": { "GEOIDFQ": "1400000US28159950300", "NAME": "9503", "NAMELSAD": "Census Tract 9503" }, "geometry": { "type": "Polygon", "coordinates": [ [ [ -89.0899, 33.1111 ], [ -89.0964, 33.1244 ], [ -89.1034, 33.1246 ], [ -89.0966, 33.1435 ], [ -89.0865, 33.1456 ], [ -89.0874, 33.1579 ], [ -89.0985, 33.1653 ], [ -89.0866, 33.1693 ], [ -89.045, 33.1661 ], [ -89.054, 33.1528 ], [ -89.0531, 33.1318 ], [ -89.0477, 33.1318 ], [ -89.0531, 33.1167 ], [ -89.0405, 33.1102 ], [ -89.0556, 33.11 ], [ -89.0649, 33.0723 ], [ -89.0937, 33.0821 ], [ -89.1016, 33.0944 ], [ -89.1101, 33.0947 ], [ -89.0899, 33.1111 ] ] ] } },
{ "type": "Feature", "properties": { "GEOIDFQ": "1400000US28159950400", "NAME": "9504", "NAMELSAD": "Census Tract 9504" }, "geometry": { "type": "Polygon", "coordinates": [ [ [ -89.0556, 33.11 ], [ -89.0405, 33.1102 ], [ -89.0531, 33.1167 ], [ -89.0477, 33.1318 ], [ -89.0531, 33.1318 ], [ -89.054, 33.1528 ], [ -89.0364, 33.1611 ], [ -89.0393, 33.1458 ], [ -89.0306, 33.1522 ], [ -89.0107, 33.1513 ], [ -88.9957, 33.1306 ], [ -89.0145, 33.1304 ], [ -89.0227, 33.1246 ], [ -88.9911, 33.1058 ], [ -88.9865, 33.0928 ], [ -89.0036, 33.0837 ], [ -88.998, 33.0795 ], [ -89.028, 33.0762 ], [ -89.0279, 33.0652 ], [ -89.053, 33.0616 ], [ -89.0655, 33.0688 ], [ -89.0556, 33.11 ] ] ] } },
{ "type": "Feature", "properties": { "GEOIDFQ": "1400000US28159950100", "NAME": "9501", "NAMELSAD": "Census Tract 9501" }, "geometry": { "type": "Polygon", "coordinates": [ [ [ -89.1089, 33.1981 ], [ -89.1089, 33.2859 ], [ -88.8131, 33.2864 ], [ -88.8136, 33.0518 ], [ -88.823, 33.0462 ], [ -88.8537, 33.0549 ], [ -88.8579, 33.0457 ], [ -88.8717, 33.0408 ], [ -88.8878, 33.0502 ], [ -88.9093, 33.05 ], [ -88.9264, 33.0623 ], [ -88.9394, 33.0576 ], [ -88.9835, 33.0671 ], [ -89.0036, 33.0837 ], [ -88.9865, 33.0928 ], [ -88.9911, 33.1058 ], [ -89.0227, 33.1246 ], [ -89.0145, 33.1304 ], [ -88.9957, 33.1306 ], [ -89.0107, 33.1513 ], [ -89.0306, 33.1522 ], [ -89.0393, 33.1458 ], [ -89.0364, 33.1611 ], [ -89.0453, 33.1601 ], [ -89.0454, 33.1663 ], [ -89.0866, 33.1693 ], [ -89.0986, 33.1651 ], [ -89.1125, 33.173 ], [ -89.1286, 33.1977 ], [ -89.1089, 33.1981 ] ] ] } },
{ "type": "Feature", "properties": { "GEOIDFQ": "1400000US28045030101", "NAME": "301.01", "NAMELSAD": "Census Tract 301.01" }, "geometry": { "type": "Polygon", "coordinates": [ [ [ -89.3594, 30.3126 ], [ -89.3306, 30.3038 ], [ -89.3263, 30.3095 ], [ -89.3069, 30.3091 ], [ -89.3367, 30.2824 ], [ -89.3514, 30.3 ], [ -89.3685, 30.3034 ], [ -89.3594, 30.3126 ] ] ] } },
{ "type": "Feature", "properties": { "GEOIDFQ": "1400000US28159950500", "NAME": "9505", "NAMELSAD": "Census Tract 9505" }, "geometry": { "type": "Polygon", "coordinates": [ [ [ -89.0919, 33.0203 ], [ -89.0989, 33.0319 ], [ -89.08, 33.0416 ], [ -89.078, 33.0578 ], [ -89.0957, 33.0567 ], [ -89.1013, 33.068 ], [ -89.0823, 33.0777 ], [ -89.0495, 33.0614 ], [ -89.0279, 33.0652 ], [ -89.028, 33.0762 ], [ -88.9978, 33.0796 ], [ -88.9832, 33.067 ], [ -88.9394, 33.0576 ], [ -88.9264, 33.0623 ], [ -88.9093, 33.05 ], [ -88.8878, 33.0502 ], [ -88.8717, 33.0408 ], [ -88.8579, 33.0457 ], [ -88.8537, 33.0549 ], [ -88.823, 33.0462 ], [ -88.8136, 33.0518 ], [ -88.8128, 32.926 ], [ -88.9305, 32.9267 ], [ -88.9305, 32.9192 ], [ -88.9652, 32.9191 ], [ -88.9653, 32.9266 ], [ -89.0938, 32.9316 ], [ -89.0962, 32.947 ], [ -89.0839, 32.9599 ], [ -89.0938, 32.9786 ], [ -89.0897, 32.9874 ], [ -89.109, 33.0141 ], [ -89.0919, 33.0203 ] ] ] } },
{ "type": "Feature", "properties": { "GEOIDFQ": "1400000US28045030102", "NAME": "301.02", "NAMELSAD": "Census Tract 301.02" }, "geometry": { "type": "Polygon", "coordinates": [ [ [ -89.3358, 30.32 ], [ -89.3068, 30.3185 ], [ -89.3069, 30.3091 ], [ -89.3263, 30.3095 ], [ -89.3306, 30.3038 ], [ -89.3594, 30.3126 ], [ -89.3358, 30.32 ] ] ] } },
{ "type": "Feature", "properties": { "GEOIDFQ": "1400000US28045030302", "NAME": "303.02", "NAMELSAD": "Census Tract 303.02" }, "geometry": { "type": "Polygon", "coordinates": [ [ [ -89.4026, 30.3451 ], [ -89.3928, 30.3362 ], [ -89.378, 30.3353 ], [ -89.3762, 30.3189 ], [ -89.3594, 30.3126 ], [ -89.3785, 30.3061 ], [ -89.4249, 30.3303 ], [ -89.4026, 30.3451 ] ] ] } },
{ "type": "Feature", "properties": { "GEOIDFQ": "1400000US28045030201", "NAME": "302.01", "NAMELSAD": "Census Tract 302.01" }, "geometry": { "type": "Polygon", "coordinates": [ [ [ -89.4527, 30.2649 ], [ -89.4118, 30.2748 ], [ -89.41, 30.2989 ], [ -89.3974, 30.2996 ], [ -89.3968, 30.289 ], [ -89.3797, 30.271 ], [ -89.3958, 30.263 ], [ -89.3934, 30.2526 ], [ -89.4102, 30.2401 ], [ -89.4414, 30.2327 ], [ -89.4447, 30.2469 ], [ -89.4538, 30.2508 ], [ -89.4527, 30.2649 ] ] ] } },
{ "type": "Feature", "properties": { "GEOIDFQ": "1400000US28045030202", "NAME": "302.02", "NAMELSAD": "Census Tract 302.02" }, "geometry": { "type": "Polygon", "coordinates": [ [ [ -89.3797, 30.271 ], [ -89.3888, 30.2803 ], [ -89.3639, 30.2936 ], [ -89.3785, 30.3061 ], [ -89.3659, 30.3104 ], [ -89.3687, 30.3022 ], [ -89.3444, 30.2949 ], [ -89.3367, 30.2824 ], [ -89.3934, 30.2526 ], [ -89.3958, 30.263 ], [ -89.3797, 30.271 ] ] ] } },
{ "type": "Feature", "properties": { "GEOIDFQ": "1400000US28045030203", "NAME": "302.03", "NAMELSAD": "Census Tract 302.03" }, "geometry": { "type": "Polygon", "coordinates": [ [ [ -89.3785, 30.3061 ], [ -89.3639, 30.2936 ], [ -89.3888, 30.2803 ], [ -89.3977, 30.2961 ], [ -89.3785, 30.3061 ] ] ] } },
{ "type": "Feature", "properties": { "GEOIDFQ": "1400000US28045030301", "NAME": "303.01", "NAMELSAD": "Census Tract 303.01" }, "geometry": { "type": "Polygon", "coordinates": [ [ [ -89.398, 30.3611 ], [ -89.3885, 30.3515 ], [ -89.373, 30.349 ], [ -89.3533, 30.3695 ], [ -89.3409, 30.3733 ], [ -89.3408, 30.358 ], [ -89.3111, 30.3464 ], [ -89.3068, 30.3185 ], [ -89.3643, 30.3142 ], [ -89.3762, 30.3189 ], [ -89.378, 30.3353 ], [ -89.3956, 30.3376 ], [ -89.4036, 30.3502 ], [ -89.398, 30.3611 ] ] ] } },
{ "type": "Feature", "properties": { "GEOIDFQ": "1400000US28121020217", "NAME": "202.17", "NAMELSAD": "Census Tract 202.17" }, "geometry": { "type": "Polygon", "coordinates": [ [ [ -90.0918, 32.2905 ], [ -90.088, 32.311 ], [ -90.0769, 32.2907 ], [ -90.07, 32.291 ], [ -90.0616, 32.3116 ], [ -90.0484, 32.3078 ], [ -90.0442, 32.2907 ], [ -90.0359, 32.2908 ], [ -90.036, 32.2838 ], [ -90.1096, 32.2837 ], [ -90.0918, 32.2905 ] ] ] } },
{ "type": "Feature", "properties": { "GEOIDFQ": "1400000US28045030303", "NAME": "303.03", "NAMELSAD": "Census Tract 303.03" }, "geometry": { "type": "Polygon", "coordinates": [ [ [ -89.4562, 30.3003 ], [ -89.41, 30.2989 ], [ -89.4105, 30.2765 ], [ -89.4483, 30.2662 ], [ -89.4562, 30.3003 ] ] ] } },
{ "type": "Feature", "properties": { "GEOIDFQ": "1400000US28045030606", "NAME": "306.06", "NAMELSAD": "Census Tract 306.06" }, "geometry": { "type": "Polygon", "coordinates": [ [ [ -89.647, 30.4589 ], [ -89.6471, 30.5027 ], [ -89.5957, 30.5025 ], [ -89.5959, 30.5171 ], [ -89.5581, 30.5169 ], [ -89.5627, 30.5124 ], [ -89.5544, 30.4945 ], [ -89.5278, 30.4942 ], [ -89.5277, 30.4867 ], [ -89.4956, 30.493 ], [ -89.4919, 30.4707 ], [ -89.4651, 30.447 ], [ -89.4817, 30.4426 ], [ -89.4773, 30.431 ], [ -89.4435, 30.4118 ], [ -89.4118, 30.4044 ], [ -89.3607, 30.425 ], [ -89.3444, 30.4194 ], [ -89.3577, 30.4106 ], [ -89.3736, 30.4141 ], [ -89.374, 30.4064 ], [ -89.396, 30.3868 ], [ -89.3927, 30.3804 ], [ -89.4049, 30.3771 ], [ -89.4016, 30.3649 ], [ -89.6415, 30.3034 ], [ -89.6262, 30.3143 ], [ -89.634, 30.3213 ], [ -89.6296, 30.339 ], [ -89.6572, 30.3566 ], [ -89.6602, 30.3734 ], [ -89.6838, 30.4058 ], [ -89.6775, 30.4181 ], [ -89.6834, 30.4515 ], [ -89.6906, 30.4577 ], [ -89.647, 30.4589 ] ] ] } },
{ "type": "Feature", "properties": { "GEOIDFQ": "1400000US28059041500", "NAME": "415", "NAMELSAD": "Census Tract 415" }, "geometry": { "type": "Polygon", "coordinates": [ [ [ -88.5453, 30.4261 ], [ -88.5365, 30.4163 ], [ -88.5172, 30.421 ], [ -88.5191, 30.4024 ], [ -88.544, 30.4033 ], [ -88.5433, 30.4181 ], [ -88.5504, 30.4239 ], [ -88.5453, 30.4261 ] ] ] } },
{ "type": "Feature", "properties": { "GEOIDFQ": "1400000US28059041600", "NAME": "416", "NAMELSAD": "Census Tract 416" }, "geometry": { "type": "Polygon", "coordinates": [ [ [ -88.5113, 30.4251 ], [ -88.5091, 30.4196 ], [ -88.4897, 30.4197 ], [ -88.4886, 30.4018 ], [ -88.4972, 30.3964 ], [ -88.4966, 30.4024 ], [ -88.5191, 30.4024 ], [ -88.5113, 30.4251 ] ] ] } },
{ "type": "Feature", "properties": { "GEOIDFQ": "1400000US28059041700", "NAME": "417", "NAMELSAD": "Census Tract 417" }, "geometry": { "type": "Polygon", "coordinates": [ [ [ -88.5191, 30.4024 ], [ -88.4966, 30.4024 ], [ -88.5072, 30.39 ], [ -88.5192, 30.39 ], [ -88.5191, 30.4024 ] ] ] } },
{ "type": "Feature", "properties": { "GEOIDFQ": "1400000US28089030105", "NAME": "301.05", "NAMELSAD": "Census Tract 301.05" }, "geometry": { "type": "Polygon", "coordinates": [ [ [ -90.1474, 32.4133 ], [ -90.1438, 32.4282 ], [ -90.1234, 32.4269 ], [ -90.1235, 32.4141 ], [ -90.1321, 32.4141 ], [ -90.132, 32.3995 ], [ -90.1766, 32.4002 ], [ -90.1474, 32.4133 ] ] ] } },
{ "type": "Feature", "properties": { "GEOIDFQ": "1400000US28047003208", "NAME": "32.08", "NAMELSAD": "Census Tract 32.08" }, "geometry": { "type": "Polygon", "coordinates": [ [ [ -89.0569, 30.4406 ], [ -89.0605, 30.4496 ], [ -89.0306, 30.4497 ], [ -89.0254, 30.4555 ], [ -89.0085, 30.4528 ], [ -89.012, 30.4383 ], [ -89.0068, 30.4296 ], [ -88.9925, 30.4346 ], [ -88.9807, 30.4278 ], [ -88.9788, 30.4159 ], [ -89.0874, 30.4318 ], [ -89.0569, 30.4406 ] ] ] } },
{ "type": "Feature", "properties": { "GEOIDFQ": "1400000US28005950302", "NAME": "9503.02", "NAMELSAD": "Census Tract 9503.02" }, "geometry": { "type": "Polygon", "coordinates": [ [ [ -90.8501, 31.0432 ], [ -90.8548, 31.0634 ], [ -90.8478, 31.0736 ], [ -90.8553, 31.0902 ], [ -90.8456, 31.0989 ], [ -90.8513, 31.1395 ], [ -90.845, 31.164 ], [ -90.8158, 31.1581 ], [ -90.7994, 31.1436 ], [ -90.7941, 31.1489 ], [ -90.7691, 31.1307 ], [ -90.7657, 31.1366 ], [ -90.7341, 31.1469 ], [ -90.7202, 31.1444 ], [ -90.7062, 31.1313 ], [ -90.7057, 31.146 ], [ -90.6805, 31.1433 ], [ -90.6813, 31.1544 ], [ -90.6792, 31.1557 ], [ -90.635, 31.1655 ], [ -90.6317, 31.1738 ], [ -90.5897, 31.1587 ], [ -90.5481, 31.1597 ], [ -90.5476, 30.9997 ], [ -90.835, 30.9994 ], [ -90.858, 31.0266 ], [ -90.8501, 31.0432 ] ] ] } },
{ "type": "Feature", "properties": { "GEOIDFQ": "1400000US28005950301", "NAME": "9503.01", "NAMELSAD": "Census Tract 9503.01" }, "geometry": { "type": "Polygon", "coordinates": [ [ [ -91.0597, 31.1772 ], [ -91.0411, 31.1808 ], [ -91.0196, 31.1724 ], [ -91.0107, 31.1588 ], [ -90.9682, 31.1625 ], [ -90.9377, 31.1771 ], [ -90.8941, 31.1505 ], [ -90.8753, 31.1649 ], [ -90.845, 31.164 ], [ -90.8513, 31.1395 ], [ -90.8456, 31.0989 ], [ -90.8553, 31.0902 ], [ -90.8478, 31.0736 ], [ -90.8548, 31.0634 ], [ -90.8501, 31.0432 ], [ -90.8581, 31.0266 ], [ -90.835, 30.9994 ], [ -91.0602, 30.9992 ], [ -91.0597, 31.1772 ] ] ] } },
{ "type": "Feature", "properties": { "GEOIDFQ": "1400000US28047003507", "NAME": "35.07", "NAMELSAD": "Census Tract 35.07" }, "geometry": { "type": "Polygon", "coordinates": [ [ [ -89.1712, 30.5155 ], [ -89.1113, 30.5004 ], [ -89.1038, 30.4643 ], [ -89.137, 30.4639 ], [ -89.15, 30.4908 ], [ -89.1722, 30.5098 ], [ -89.1712, 30.5155 ] ] ] } },
{ "type": "Feature", "properties": { "GEOIDFQ": "1400000US28115950102", "NAME": "9501.02", "NAMELSAD": "Census Tract 9501.02" }, "geometry": { "type": "Polygon", "coordinates": [ [ [ -89.0905, 34.2813 ], [ -89.0718, 34.2758 ], [ -89.0718, 34.2869 ], [ -89.0899, 34.3061 ], [ -89.0909, 34.3203 ], [ -89.0589, 34.3436 ], [ -89.0921, 34.3802 ], [ -88.9289, 34.3794 ], [ -88.9285, 34.365 ], [ -88.893, 34.3651 ], [ -88.9111, 34.3475 ], [ -88.8849, 34.337 ], [ -88.8823, 34.3091 ], [ -88.8966, 34.3063 ], [ -88.9095, 34.2924 ], [ -88.918, 34.3022 ], [ -88.9416, 34.3051 ], [ -88.9519, 34.3133 ], [ -88.9653, 34.3092 ], [ -88.9709, 34.2872 ], [ -88.9868, 34.2693 ], [ -89.0088, 34.2884 ], [ -89.035, 34.2529 ], [ -89.0946, 34.2725 ], [ -89.0905, 34.2813 ] ] ] } },
{ "type": "Feature", "properties": { "GEOIDFQ": "1400000US28115950101", "NAME": "9501.01", "NAMELSAD": "Census Tract 9501.01" }, "geometry": { "type": "Polygon", "coordinates": [ [ [ -88.9709, 34.2872 ], [ -88.9653, 34.3092 ], [ -88.9519, 34.3133 ], [ -88.9416, 34.3051 ], [ -88.918, 34.3022 ], [ -88.9095, 34.2924 ], [ -88.8966, 34.3063 ], [ -88.8823, 34.3091 ], [ -88.8849, 34.337 ], [ -88.9111, 34.3475 ], [ -88.893, 34.3651 ], [ -88.825, 34.3648 ], [ -88.8252, 34.2355 ], [ -88.8981, 34.2349 ], [ -88.9324, 34.26 ], [ -88.9538, 34.2557 ], [ -88.9884, 34.268 ], [ -88.9709, 34.2872 ] ] ] } },
{ "type": "Feature", "properties": { "GEOIDFQ": "1400000US28127950301", "NAME": "9503.01", "NAMELSAD": "Census Tract 9503.01" }, "geometry": { "type": "Polygon", "coordinates": [ [ [ -90.2052, 32.0021 ], [ -90.187, 31.9958 ], [ -90.1719, 31.9981 ], [ -90.1132, 31.9864 ], [ -90.1113, 31.9806 ], [ -90.0914, 31.9837 ], [ -90.08, 31.9725 ], [ -90.0442, 31.9686 ], [ -90.0137, 31.9882 ], [ -90.0043, 31.988 ], [ -89.9793, 32.008 ], [ -89.9629, 31.9981 ], [ -89.9475, 31.9975 ], [ -89.9515, 32.0042 ], [ -89.9242, 31.9976 ], [ -89.9135, 31.9866 ], [ -89.9283, 31.9775 ], [ -89.9351, 31.9578 ], [ -89.9266, 31.9388 ], [ -89.8958, 31.9199 ], [ -89.8734, 31.9195 ], [ -89.8543, 31.9117 ], [ -89.8695, 31.898 ], [ -89.8847, 31.8968 ], [ -89.8995, 31.8867 ], [ -89.931, 31.892 ], [ -89.9603, 31.8774 ], [ -89.988, 31.8867 ], [ -90.0501, 31.8785 ], [ -90.0743, 31.8835 ], [ -90.1108, 31.8815 ], [ -90.1383, 31.8753 ], [ -90.1457, 31.8929 ], [ -90.1703, 31.9045 ], [ -90.1665, 31.9264 ], [ -90.1782, 31.9422 ], [ -90.183, 31.9374 ], [ -90.1983, 31.9419 ], [ -90.1878, 31.9526 ], [ -90.1981, 31.9579 ], [ -90.2059, 31.9878 ], [ -90.2226, 31.9886 ], [ -90.2242, 31.9966 ], [ -90.2052, 32.0021 ] ] ] } },
{ "type": "Feature", "properties": { "GEOIDFQ": "1400000US28127950302", "NAME": "9503.02", "NAMELSAD": "Census Tract 9503.02" }, "geometry": { "type": "Polygon", "coordinates": [ [ [ -90.2303, 32.0497 ], [ -89.882, 32.0475 ], [ -89.9046, 31.9944 ], [ -89.9516, 32.0042 ], [ -89.9475, 31.9975 ], [ -89.9631, 31.9981 ], [ -89.9793, 32.008 ], [ -90.0043, 31.988 ], [ -90.0137, 31.9882 ], [ -90.0442, 31.9686 ], [ -90.08, 31.9725 ], [ -90.0914, 31.9837 ], [ -90.1113, 31.9806 ], [ -90.1132, 31.9864 ], [ -90.1719, 31.9981 ], [ -90.187, 31.9958 ], [ -90.2052, 32.0021 ], [ -90.2243, 31.9966 ], [ -90.2328, 32.0091 ], [ -90.2245, 32.0101 ], [ -90.2136, 32.025 ], [ -90.234, 32.0171 ], [ -90.2396, 32.0204 ], [ -90.2338, 32.0246 ], [ -90.2431, 32.0221 ], [ -90.2479, 32.0315 ], [ -90.2303, 32.0497 ] ] ] } },
{ "type": "Feature", "properties": { "GEOIDFQ": "1400000US28127950102", "NAME": "9501.02", "NAMELSAD": "Census Tract 9501.02" }, "geometry": { "type": "Polygon", "coordinates": [ [ [ -89.8278, 31.9631 ], [ -89.8083, 31.9564 ], [ -89.7445, 31.9771 ], [ -89.7114, 31.977 ], [ -89.6544, 32.0063 ], [ -89.6547, 31.8724 ], [ -89.6997, 31.8647 ], [ -89.7008, 31.8845 ], [ -89.7131, 31.8805 ], [ -89.7138, 31.8892 ], [ -89.7266, 31.8964 ], [ -89.7348, 31.8896 ], [ -89.7577, 31.9024 ], [ -89.7643, 31.9024 ], [ -89.7654, 31.8947 ], [ -89.8226, 31.9285 ], [ -89.8499, 31.9573 ], [ -89.8278, 31.9631 ] ] ] } },
{ "type": "Feature", "properties": { "GEOIDFQ": "1400000US28127950401", "NAME": "9504.01", "NAMELSAD": "Census Tract 9504.01" }, "geometry": { "type": "Polygon", "coordinates": [ [ [ -90.1365, 31.85 ], [ -90.132, 31.8583 ], [ -90.1383, 31.8753 ], [ -90.1139, 31.881 ], [ -90.0748, 31.8836 ], [ -90.0501, 31.8785 ], [ -89.987, 31.8867 ], [ -89.9603, 31.8774 ], [ -89.931, 31.892 ], [ -89.9093, 31.8857 ], [ -89.8869, 31.8939 ], [ -89.8759, 31.7673 ], [ -90.1226, 31.7527 ], [ -90.129, 31.7682 ], [ -90.1232, 31.775 ], [ -90.1197, 31.768 ], [ -90.1125, 31.7697 ], [ -90.111, 31.7893 ], [ -90.1408, 31.7894 ], [ -90.1507, 31.7999 ], [ -90.1369, 31.826 ], [ -90.1273, 31.8256 ], [ -90.1364, 31.8328 ], [ -90.1446, 31.8299 ], [ -90.1592, 31.8448 ], [ -90.1365, 31.85 ] ] ] } },
{ "type": "Feature", "properties": { "GEOIDFQ": "1400000US28127950403", "NAME": "9504.03", "NAMELSAD": "Census Tract 9504.03" }, "geometry": { "type": "Polygon", "coordinates": [ [ [ -89.8467, 31.9127 ], [ -89.8324, 31.9383 ], [ -89.7655, 31.8948 ], [ -89.7609, 31.8759 ], [ -89.7278, 31.86 ], [ -89.7363, 31.8366 ], [ -89.7548, 31.8272 ], [ -89.7596, 31.8073 ], [ -89.7926, 31.808 ], [ -89.7796, 31.7732 ], [ -89.8759, 31.7673 ], [ -89.8869, 31.8939 ], [ -89.8467, 31.9127 ] ] ] } },
{ "type": "Feature", "properties": { "GEOIDFQ": "1400000US28127950101", "NAME": "9501.01", "NAMELSAD": "Census Tract 9501.01" }, "geometry": { "type": "Polygon", "coordinates": [ [ [ -89.882, 32.0475 ], [ -89.6621, 32.0472 ], [ -89.6544, 32.0137 ], [ -89.6549, 32.0059 ], [ -89.7104, 31.9774 ], [ -89.7445, 31.9771 ], [ -89.8083, 31.9564 ], [ -89.8278, 31.9631 ], [ -89.8499, 31.9572 ], [ -89.8643, 31.9748 ], [ -89.9017, 32.0008 ], [ -89.882, 32.0475 ] ] ] } },
{ "type": "Feature", "properties": { "GEOIDFQ": "1400000US28127950402", "NAME": "9504.02", "NAMELSAD": "Census Tract 9504.02" }, "geometry": { "type": "Polygon", "coordinates": [ [ [ -89.7596, 31.8073 ], [ -89.7547, 31.8274 ], [ -89.7365, 31.8364 ], [ -89.7264, 31.8583 ], [ -89.7047, 31.8262 ], [ -89.7052, 31.865 ], [ -89.6547, 31.8724 ], [ -89.653, 31.7807 ], [ -89.7828, 31.7738 ], [ -89.7926, 31.8075 ], [ -89.7596, 31.8073 ] ] ] } },
{ "type": "Feature", "properties": { "GEOIDFQ": "1400000US28121020804", "NAME": "208.04", "NAMELSAD": "Census Tract 208.04" }, "geometry": { "type": "Polygon", "coordinates": [ [ [ -90.0636, 32.2174 ], [ -90.0637, 32.2253 ], [ -90.048, 32.2251 ], [ -90.0479, 32.2397 ], [ -90.0574, 32.2397 ], [ -90.0574, 32.2447 ], [ -90.0385, 32.2668 ], [ -90.0252, 32.2563 ], [ -89.996, 32.256 ], [ -89.9893, 32.2616 ], [ -89.9879, 32.2306 ], [ -90.0005, 32.2138 ], [ -90.0462, 32.2027 ], [ -90.073, 32.2173 ], [ -90.0636, 32.2174 ] ] ] } },
{ "type": "Feature", "properties": { "GEOIDFQ": "1400000US28121020304", "NAME": "203.04", "NAMELSAD": "Census Tract 203.04" }, "geometry": { "type": "Polygon", "coordinates": [ [ [ -90.1723, 32.2902 ], [ -90.1737, 32.2857 ], [ -90.1656, 32.2839 ], [ -90.1569, 32.2879 ], [ -90.1589, 32.293 ], [ -90.1514, 32.291 ], [ -90.1627, 32.3062 ], [ -90.1506, 32.3117 ], [ -90.1522, 32.3237 ], [ -90.1397, 32.3221 ], [ -90.1161, 32.3461 ], [ -90.1101, 32.3444 ], [ -90.114, 32.3605 ], [ -90.1069, 32.3614 ], [ -90.1083, 32.3534 ], [ -90.0952, 32.3891 ], [ -90.0874, 32.3847 ], [ -90.0815, 32.3953 ], [ -90.0779, 32.3877 ], [ -90.0657, 32.3945 ], [ -90.0609, 32.385 ], [ -90.0796, 32.3785 ], [ -90.0922, 32.3508 ], [ -90.0917, 32.3418 ], [ -90.0767, 32.3417 ], [ -90.0913, 32.3292 ], [ -90.0915, 32.2961 ], [ -90.1285, 32.2975 ], [ -90.13, 32.2809 ], [ -90.1469, 32.2783 ], [ -90.1789, 32.2816 ], [ -90.1723, 32.2902 ] ] ] } },
{ "type": "Feature", "properties": { "GEOIDFQ": "1400000US28121021005", "NAME": "210.05", "NAMELSAD": "Census Tract 210.05" }, "geometry": { "type": "Polygon", "coordinates": [ [ [ -90.089, 32.1416 ], [ -90.0797, 32.1304 ], [ -90.0341, 32.1244 ], [ -90.0211, 32.138 ], [ -90.022, 32.1525 ], [ -90.0052, 32.1847 ], [ -89.9696, 32.1815 ], [ -89.9365, 32.1982 ], [ -89.9363, 32.2064 ], [ -89.9141, 32.1827 ], [ -89.9228, 32.1866 ], [ -89.9295, 32.1626 ], [ -89.9135, 32.1274 ], [ -89.9214, 32.1083 ], [ -89.9324, 32.1012 ], [ -89.936, 32.0479 ], [ -89.985, 32.0494 ], [ -90.1113, 32.1477 ], [ -90.089, 32.1416 ] ] ] } },
{ "type": "Feature", "properties": { "GEOIDFQ": "1400000US28121021004", "NAME": "210.04", "NAMELSAD": "Census Tract 210.04" }, "geometry": { "type": "Polygon", "coordinates": [ [ [ -90.1143, 32.1811 ], [ -90.1215, 32.1553 ], [ -90.0882, 32.1706 ], [ -90.0895, 32.1818 ], [ -90.0709, 32.2011 ], [ -90.0547, 32.2063 ], [ -90.0269, 32.2045 ], [ -90.0008, 32.1878 ], [ -90.0211, 32.1547 ], [ -90.0213, 32.1377 ], [ -90.0341, 32.1244 ], [ -90.0798, 32.1305 ], [ -90.089, 32.1416 ], [ -90.1215, 32.1524 ], [ -90.1358, 32.1811 ], [ -90.1143, 32.1811 ] ] ] } },
{ "type": "Feature", "properties": { "GEOIDFQ": "1400000US28121020602", "NAME": "206.02", "NAMELSAD": "Census Tract 206.02" }, "geometry": { "type": "Polygon", "coordinates": [ [ [ -90.143, 32.2657 ], [ -90.0731, 32.2716 ], [ -90.08, 32.2469 ], [ -90.0995, 32.2507 ], [ -90.1037, 32.2414 ], [ -90.1336, 32.2479 ], [ -90.1621, 32.265 ], [ -90.1671, 32.2795 ], [ -90.143, 32.2657 ] ] ] } },
{ "type": "Feature", "properties": { "GEOIDFQ": "1400000US28121020601", "NAME": "206.01", "NAMELSAD": "Census Tract 206.01" }, "geometry": { "type": "Polygon", "coordinates": [ [ [ -90.0731, 32.2716 ], [ -90.0361, 32.278 ], [ -90.034, 32.2685 ], [ -90.0574, 32.2447 ], [ -90.0818, 32.254 ], [ -90.0731, 32.2716 ] ] ] } },
{ "type": "Feature", "properties": { "GEOIDFQ": "1400000US28121020219", "NAME": "202.19", "NAMELSAD": "Census Tract 202.19" }, "geometry": { "type": "Polygon", "coordinates": [ [ [ -90.0078, 32.3589 ], [ -89.998, 32.333 ], [ -89.9747, 32.3379 ], [ -89.9972, 32.2943 ], [ -90.0204, 32.314 ], [ -90.0348, 32.3399 ], [ -90.048, 32.3454 ], [ -90.0078, 32.3589 ] ] ] } },
{ "type": "Feature", "properties": { "GEOIDFQ": "1400000US28121020303", "NAME": "203.03", "NAMELSAD": "Census Tract 203.03" }, "geometry": { "type": "Polygon", "coordinates": [ [ [ -90.0796, 32.3785 ], [ -90.0609, 32.385 ], [ -90.0688, 32.3984 ], [ -90.0421, 32.3829 ], [ -90.0647, 32.3455 ], [ -90.0917, 32.3418 ], [ -90.0796, 32.3785 ] ] ] } },
{ "type": "Feature", "properties": { "GEOIDFQ": "1400000US28121020216", "NAME": "202.16", "NAMELSAD": "Census Tract 202.16" }, "geometry": { "type": "Polygon", "coordinates": [ [ [ -90.048, 32.3454 ], [ -90.0348, 32.3399 ], [ -90.0226, 32.3202 ], [ -90.0336, 32.3202 ], [ -90.0346, 32.2909 ], [ -90.0442, 32.2907 ], [ -90.0481, 32.3075 ], [ -90.0616, 32.3116 ], [ -90.0509, 32.3253 ], [ -90.0552, 32.3321 ], [ -90.0808, 32.3376 ], [ -90.048, 32.3454 ] ] ] } },
{ "type": "Feature", "properties": { "GEOIDFQ": "1400000US28121020705", "NAME": "207.05", "NAMELSAD": "Census Tract 207.05" }, "geometry": { "type": "Polygon", "coordinates": [ [ [ -90.1576, 32.2781 ], [ -90.0917, 32.2836 ], [ -90.1021, 32.2669 ], [ -90.143, 32.2657 ], [ -90.1576, 32.2781 ] ] ] } },
{ "type": "Feature", "properties": { "GEOIDFQ": "1400000US28121020218", "NAME": "202.18", "NAMELSAD": "Census Tract 202.18" }, "geometry": { "type": "Polygon", "coordinates": [ [ [ -89.9927, 32.3626 ], [ -89.9649, 32.3774 ], [ -89.9722, 32.3419 ], [ -89.9827, 32.333 ], [ -89.998, 32.333 ], [ -90.0081, 32.3572 ], [ -89.9927, 32.3626 ] ] ] } },
{ "type": "Feature", "properties": { "GEOIDFQ": "1400000US28121020805", "NAME": "208.05", "NAMELSAD": "Census Tract 208.05" }, "geometry": { "type": "Polygon", "coordinates": [ [ [ -90.036, 32.2838 ], [ -90.0098, 32.2833 ], [ -89.9892, 32.2731 ], [ -89.9893, 32.2616 ], [ -89.996, 32.256 ], [ -90.0268, 32.2566 ], [ -90.036, 32.2838 ] ] ] } },
{ "type": "Feature", "properties": { "GEOIDFQ": "1400000US28121020902", "NAME": "209.02", "NAMELSAD": "Census Tract 209.02" }, "geometry": { "type": "Polygon", "coordinates": [ [ [ -89.9386, 32.2685 ], [ -89.9387, 32.2789 ], [ -89.8775, 32.2935 ], [ -89.8547, 32.309 ], [ -89.8081, 32.3119 ], [ -89.7941, 32.2985 ], [ -89.7793, 32.2945 ], [ -89.7299, 32.3213 ], [ -89.7297, 32.1114 ], [ -89.75, 32.1059 ], [ -89.7736, 32.1293 ], [ -89.8332, 32.1296 ], [ -89.8801, 32.1486 ], [ -89.9434, 32.2142 ], [ -89.9565, 32.2434 ], [ -89.9386, 32.2685 ] ] ] } },
{ "type": "Feature", "properties": { "GEOIDFQ": "1400000US28047001701", "NAME": "17.01", "NAMELSAD": "Census Tract 17.01" }, "geometry": { "type": "Polygon", "coordinates": [ [ [ -89.0356, 30.3966 ], [ -89.0354, 30.406 ], [ -89.0272, 30.4066 ], [ -89.027, 30.3866 ], [ -89.0465, 30.3815 ], [ -89.0496, 30.3926 ], [ -89.0356, 30.3966 ] ] ] } },
{ "type": "Feature", "properties": { "GEOIDFQ": "1400000US28031950300", "NAME": "9503", "NAMELSAD": "Census Tract 9503" }, "geometry": { "type": "Polygon", "coordinates": [ [ [ -89.7551, 31.7747 ], [ -89.5908, 31.7847 ], [ -89.5867, 31.7661 ], [ -89.5994, 31.757 ], [ -89.5951, 31.7343 ], [ -89.5807, 31.7165 ], [ -89.5608, 31.6676 ], [ -89.5632, 31.6568 ], [ -89.5782, 31.6579 ], [ -89.6011, 31.6385 ], [ -89.585, 31.6384 ], [ -89.5741, 31.6294 ], [ -89.5785, 31.6093 ], [ -89.6524, 31.6247 ], [ -89.6551, 31.6173 ], [ -89.6927, 31.6095 ], [ -89.7308, 31.6071 ], [ -89.7558, 31.6134 ], [ -89.7551, 31.7747 ] ] ] } },
{ "type": "Feature", "properties": { "GEOIDFQ": "1400000US28047004000", "NAME": "40", "NAMELSAD": "Census Tract 40" }, "geometry": { "type": "Polygon", "coordinates": [ [ [ -88.8676, 30.4189 ], [ -88.8456, 30.4052 ], [ -88.857, 30.393 ], [ -88.8677, 30.3923 ], [ -88.8677, 30.4017 ], [ -88.8852, 30.3991 ], [ -88.8859, 30.4156 ], [ -88.8676, 30.4189 ] ] ] } },
{ "type": "Feature", "properties": { "GEOIDFQ": "1400000US28047002401", "NAME": "24.01", "NAMELSAD": "Census Tract 24.01" }, "geometry": { "type": "Polygon", "coordinates": [ [ [ -89.1148, 30.4033 ], [ -89.1142, 30.384 ], [ -89.1365, 30.3839 ], [ -89.1366, 30.3974 ], [ -89.1148, 30.4033 ] ] ] } },
{ "type": "Feature", "properties": { "GEOIDFQ": "1400000US28047001203", "NAME": "12.03", "NAMELSAD": "Census Tract 12.03" }, "geometry": { "type": "MultiPolygon", "coordinates": [ [ [ [ -88.9472, 30.4101 ], [ -88.9472, 30.4031 ], [ -88.9508, 30.4032 ], [ -88.9472, 30.4101 ] ] ], [ [ [ -88.9665, 30.4199 ], [ -88.9439, 30.4193 ], [ -88.9508, 30.4167 ], [ -88.9522, 30.4064 ], [ -88.9763, 30.4113 ], [ -88.9665, 30.4199 ] ] ] ] } },
{ "type": "Feature", "properties": { "GEOIDFQ": "1400000US28047003902", "NAME": "39.02", "NAMELSAD": "Census Tract 39.02" }, "geometry": { "type": "Polygon", "coordinates": [ [ [ -88.8944, 30.4223 ], [ -88.895, 30.3989 ], [ -88.9083, 30.3986 ], [ -88.9042, 30.41 ], [ -88.916, 30.4235 ], [ -88.8944, 30.4223 ] ] ] } },
{ "type": "Feature", "properties": { "GEOIDFQ": "1400000US28047001205", "NAME": "12.05", "NAMELSAD": "Census Tract 12.05" }, "geometry": { "type": "Polygon", "coordinates": [ [ [ -89.0014, 30.4159 ], [ -88.9756, 30.4155 ], [ -88.9763, 30.4018 ], [ -89.0013, 30.3985 ], [ -89.0014, 30.4159 ] ] ] } },
{ "type": "Feature", "properties": { "GEOIDFQ": "1400000US28047001204", "NAME": "12.04", "NAMELSAD": "Census Tract 12.04" }, "geometry": { "type": "Polygon", "coordinates": [ [ [ -88.9508, 30.41 ], [ -88.9508, 30.4032 ], [ -88.9763, 30.4018 ], [ -88.9763, 30.4097 ], [ -88.9508, 30.41 ] ] ] } },
{ "type": "Feature", "properties": { "GEOIDFQ": "1400000US28047001506", "NAME": "15.06", "NAMELSAD": "Census Tract 15.06" }, "geometry": { "type": "Polygon", "coordinates": [ [ [ -89.0165, 30.4121 ], [ -89.0014, 30.4158 ], [ -89.0013, 30.4007 ], [ -89.0268, 30.3987 ], [ -89.0272, 30.4066 ], [ -89.0165, 30.4121 ] ] ] } },
{ "type": "Feature", "properties": { "GEOIDFQ": "1400000US28047001207", "NAME": "12.07", "NAMELSAD": "Census Tract 12.07" }, "geometry": { "type": "Polygon", "coordinates": [ [ [ -88.9472, 30.4031 ], [ -88.9471, 30.3977 ], [ -88.9927, 30.3951 ], [ -88.9937, 30.4001 ], [ -88.9472, 30.4031 ] ] ] } },
{ "type": "Feature", "properties": { "GEOIDFQ": "1400000US28047003217", "NAME": "32.17", "NAMELSAD": "Census Tract 32.17" }, "geometry": { "type": "Polygon", "coordinates": [ [ [ -89.0697, 30.4929 ], [ -89.0696, 30.4715 ], [ -89.0886, 30.4717 ], [ -89.0912, 30.4828 ], [ -89.0697, 30.4929 ] ] ] } },
{ "type": "Feature", "properties": { "GEOIDFQ": "1400000US28047001206", "NAME": "12.06", "NAMELSAD": "Census Tract 12.06" }, "geometry": { "type": "Polygon", "coordinates": [ [ [ -88.9937, 30.4001 ], [ -88.9927, 30.3951 ], [ -89.0013, 30.3932 ], [ -89.0055, 30.3988 ], [ -88.9937, 30.4001 ] ] ] } },
{ "type": "Feature", "properties": { "GEOIDFQ": "1400000US28047002801", "NAME": "28.01", "NAMELSAD": "Census Tract 28.01" }, "geometry": { "type": "Polygon", "coordinates": [ [ [ -89.1868, 30.3389 ], [ -89.1706, 30.3443 ], [ -89.1705, 30.3376 ], [ -89.125, 30.3547 ], [ -89.1175, 30.3428 ], [ -89.1871, 30.3166 ], [ -89.1868, 30.3389 ] ] ] } },
{ "type": "Feature", "properties": { "GEOIDFQ": "1400000US28047001503", "NAME": "15.03", "NAMELSAD": "Census Tract 15.03" }, "geometry": { "type": "Polygon", "coordinates": [ [ [ -89.0268, 30.3987 ], [ -89.0184, 30.4006 ], [ -89.0186, 30.3888 ], [ -89.027, 30.3872 ], [ -89.0268, 30.3987 ] ] ] } },
{ "type": "Feature", "properties": { "GEOIDFQ": "1400000US28047001703", "NAME": "17.03", "NAMELSAD": "Census Tract 17.03" }, "geometry": { "type": "Polygon", "coordinates": [ [ [ -89.0546, 30.399 ], [ -89.0445, 30.4017 ], [ -89.0465, 30.3815 ], [ -89.0604, 30.378 ], [ -89.0546, 30.399 ] ] ] } },
{ "type": "Feature", "properties": { "GEOIDFQ": "1400000US28047001402", "NAME": "14.02", "NAMELSAD": "Census Tract 14.02" }, "geometry": { "type": "Polygon", "coordinates": [ [ [ -89.0356, 30.3844 ], [ -89.0012, 30.3881 ], [ -89.0008, 30.3738 ], [ -89.0894, 30.3485 ], [ -89.1012, 30.3477 ], [ -89.1014, 30.3626 ], [ -89.0356, 30.3844 ] ] ] } },
{ "type": "Feature", "properties": { "GEOIDFQ": "1400000US28047001301", "NAME": "13.01", "NAMELSAD": "Census Tract 13.01" }, "geometry": { "type": "Polygon", "coordinates": [ [ [ -88.9344, 30.3979 ], [ -88.9338, 30.3794 ], [ -89.0008, 30.3742 ], [ -89.0013, 30.3878 ], [ -88.9344, 30.3979 ] ] ] } },
{ "type": "Feature", "properties": { "GEOIDFQ": "1400000US28047003901", "NAME": "39.01", "NAMELSAD": "Census Tract 39.01" }, "geometry": { "type": "Polygon", "coordinates": [ [ [ -88.894, 30.4105 ], [ -88.8944, 30.4223 ], [ -88.8835, 30.4162 ], [ -88.8852, 30.3991 ], [ -88.8951, 30.4 ], [ -88.894, 30.4105 ] ] ] } },
{ "type": "Feature", "properties": { "GEOIDFQ": "1400000US28047002001", "NAME": "20.01", "NAMELSAD": "Census Tract 20.01" }, "geometry": { "type": "Polygon", "coordinates": [ [ [ -89.0888, 30.3756 ], [ -89.0888, 30.384 ], [ -89.0777, 30.3779 ], [ -89.0874, 30.371 ], [ -89.0953, 30.3734 ], [ -89.0888, 30.3756 ] ] ] } },
{ "type": "Feature", "properties": { "GEOIDFQ": "1400000US28047001302", "NAME": "13.02", "NAMELSAD": "Census Tract 13.02" }, "geometry": { "type": "Polygon", "coordinates": [ [ [ -88.9903, 30.3955 ], [ -88.9671, 30.3968 ], [ -88.9671, 30.3918 ], [ -88.9956, 30.3884 ], [ -89.0013, 30.3932 ], [ -88.9903, 30.3955 ] ] ] } },
{ "type": "Feature", "properties": { "GEOIDFQ": "1400000US28033070221", "NAME": "702.21", "NAMELSAD": "Census Tract 702.21" }, "geometry": { "type": "Polygon", "coordinates": [ [ [ -90.1052, 34.8845 ], [ -90.0957, 34.9116 ], [ -90.0961, 34.9479 ], [ -90.0607, 34.9481 ], [ -90.0606, 34.9336 ], [ -90.0429, 34.9335 ], [ -90.0429, 34.8787 ], [ -90.1316, 34.8757 ], [ -90.1052, 34.8845 ] ] ] } },
{ "type": "Feature", "properties": { "GEOIDFQ": "1400000US28067950101", "NAME": "9501.01", "NAMELSAD": "Census Tract 9501.01" }, "geometry": { "type": "Polygon", "coordinates": [ [ [ -89.0576, 31.8177 ], [ -89.0578, 31.7844 ], [ -89.0481, 31.7879 ], [ -89.0463, 31.7786 ], [ -89.0564, 31.7723 ], [ -89.0598, 31.7567 ], [ -89.0367, 31.7304 ], [ -89.0865, 31.723 ], [ -89.0856, 31.7346 ], [ -89.0974, 31.7243 ], [ -89.1127, 31.722 ], [ -89.1106, 31.7319 ], [ -89.1282, 31.7343 ], [ -89.1195, 31.7502 ], [ -89.1547, 31.7532 ], [ -89.1583, 31.7823 ], [ -89.1811, 31.8089 ], [ -89.0576, 31.8177 ] ] ] } },
{ "type": "Feature", "properties": { "GEOIDFQ": "1400000US28067950202", "NAME": "9502.02", "NAMELSAD": "Census Tract 9502.02" }, "geometry": { "type": "Polygon", "coordinates": [ [ [ -89.4012, 31.7969 ], [ -89.2378, 31.8066 ], [ -89.2191, 31.7778 ], [ -89.2261, 31.7737 ], [ -89.2199, 31.7611 ], [ -89.2388, 31.7552 ], [ -89.2292, 31.7281 ], [ -89.2678, 31.7266 ], [ -89.2826, 31.7296 ], [ -89.2925, 31.7427 ], [ -89.3172, 31.7419 ], [ -89.3379, 31.7488 ], [ -89.3472, 31.7432 ], [ -89.356, 31.7537 ], [ -89.3711, 31.7512 ], [ -89.3854, 31.7574 ], [ -89.392, 31.7454 ], [ -89.4009, 31.7531 ], [ -89.4012, 31.7969 ] ] ] } },
{ "type": "Feature", "properties": { "GEOIDFQ": "1400000US28067950102", "NAME": "9501.02", "NAMELSAD": "Census Tract 9501.02" }, "geometry": { "type": "Polygon", "coordinates": [ [ [ -89.0564, 31.7723 ], [ -89.0463, 31.7786 ], [ -89.0481, 31.7879 ], [ -89.0578, 31.7844 ], [ -89.0576, 31.8177 ], [ -88.9434, 31.8246 ], [ -88.9432, 31.7545 ], [ -88.9887, 31.7246 ], [ -89.0041, 31.7396 ], [ -89.0367, 31.7304 ], [ -89.06, 31.7588 ], [ -89.0564, 31.7723 ] ] ] } },
{ "type": "Feature", "properties": { "GEOIDFQ": "1400000US28067950602", "NAME": "9506.02", "NAMELSAD": "Census Tract 9506.02" }, "geometry": { "type": "Polygon", "coordinates": [ [ [ -89.1905, 31.6747 ], [ -89.1801, 31.6806 ], [ -89.1784, 31.6892 ], [ -89.133, 31.6946 ], [ -89.1348, 31.685 ], [ -89.1509, 31.683 ], [ -89.1638, 31.6708 ], [ -89.1615, 31.663 ], [ -89.181, 31.6338 ], [ -89.1912, 31.6274 ], [ -89.1959, 31.6332 ], [ -89.1905, 31.6747 ] ] ] } },
{ "type": "Feature", "properties": { "GEOIDFQ": "1400000US28067950601", "NAME": "9506.01", "NAMELSAD": "Census Tract 9506.01" }, "geometry": { "type": "Polygon", "coordinates": [ [ [ -89.181, 31.6338 ], [ -89.155, 31.68 ], [ -89.1348, 31.685 ], [ -89.1436, 31.6735 ], [ -89.1389, 31.6562 ], [ -89.144, 31.6477 ], [ -89.1704, 31.6291 ], [ -89.1717, 31.6364 ], [ -89.1832, 31.6214 ], [ -89.1912, 31.6274 ], [ -89.181, 31.6338 ] ] ] } },
{ "type": "Feature", "properties": { "GEOIDFQ": "1400000US28067950901", "NAME": "9509.01", "NAMELSAD": "Census Tract 9509.01" }, "geometry": { "type": "Polygon", "coordinates": [ [ [ -89.1727, 31.6277 ], [ -89.144, 31.6477 ], [ -89.1417, 31.6564 ], [ -89.131, 31.6447 ], [ -89.1086, 31.6601 ], [ -89.106, 31.653 ], [ -89.0784, 31.6592 ], [ -89.0704, 31.6238 ], [ -89.0473, 31.6235 ], [ -89.0315, 31.6102 ], [ -89.0129, 31.6129 ], [ -88.9881, 31.6069 ], [ -88.967, 31.6277 ], [ -88.9429, 31.6282 ], [ -88.943, 31.5657 ], [ -88.9597, 31.5643 ], [ -88.9819, 31.5763 ], [ -89.0015, 31.5638 ], [ -89.0194, 31.5204 ], [ -89.0588, 31.5529 ], [ -89.1099, 31.565 ], [ -89.1347, 31.5548 ], [ -89.1491, 31.5555 ], [ -89.1613, 31.5882 ], [ -89.1815, 31.6094 ], [ -89.1727, 31.6277 ] ] ] } },
{ "type": "Feature", "properties": { "GEOIDFQ": "1400000US28067950801", "NAME": "9508.01", "NAMELSAD": "Census Tract 9508.01" }, "geometry": { "type": "Polygon", "coordinates": [ [ [ -89.0865, 31.723 ], [ -89.0041, 31.7396 ], [ -88.9887, 31.7246 ], [ -88.9432, 31.7545 ], [ -88.943, 31.663 ], [ -89.0193, 31.66 ], [ -89.039, 31.6502 ], [ -89.0461, 31.6613 ], [ -89.0405, 31.6993 ], [ -89.093, 31.6956 ], [ -89.0865, 31.723 ] ] ] } },
{ "type": "Feature", "properties": { "GEOIDFQ": "1400000US28067950802", "NAME": "9508.02", "NAMELSAD": "Census Tract 9508.02" }, "geometry": { "type": "Polygon", "coordinates": [ [ [ -89.0405, 31.6993 ], [ -89.0461, 31.6613 ], [ -89.039, 31.6502 ], [ -89.0193, 31.66 ], [ -88.943, 31.663 ], [ -88.9429, 31.6282 ], [ -88.967, 31.6277 ], [ -88.9798, 31.6092 ], [ -88.9889, 31.6068 ], [ -89.0129, 31.6129 ], [ -89.0315, 31.6102 ], [ -89.0473, 31.6235 ], [ -89.0703, 31.6237 ], [ -89.0821, 31.6594 ], [ -89.0768, 31.6707 ], [ -89.0942, 31.6934 ], [ -89.0405, 31.6993 ] ] ] } },
{ "type": "Feature", "properties": { "GEOIDFQ": "1400000US28067951101", "NAME": "9511.01", "NAMELSAD": "Census Tract 9511.01" }, "geometry": { "type": "Polygon", "coordinates": [ [ [ -89.3115, 31.6204 ], [ -89.3097, 31.6086 ], [ -89.2203, 31.6111 ], [ -89.2203, 31.6016 ], [ -89.2354, 31.5899 ], [ -89.218, 31.5833 ], [ -89.2478, 31.5496 ], [ -89.2425, 31.5213 ], [ -89.2607, 31.52 ], [ -89.2788, 31.507 ], [ -89.2904, 31.5248 ], [ -89.2855, 31.5299 ], [ -89.3014, 31.5387 ], [ -89.3028, 31.5575 ], [ -89.3231, 31.5517 ], [ -89.3417, 31.5611 ], [ -89.3805, 31.5673 ], [ -89.4001, 31.5638 ], [ -89.4002, 31.6199 ], [ -89.3115, 31.6204 ] ] ] } },
{ "type": "Feature", "properties": { "GEOIDFQ": "1400000US28067951102", "NAME": "9511.02", "NAMELSAD": "Census Tract 9511.02" }, "geometry": { "type": "Polygon", "coordinates": [ [ [ -89.3805, 31.5673 ], [ -89.3417, 31.5611 ], [ -89.3231, 31.5517 ], [ -89.3028, 31.5575 ], [ -89.3014, 31.5387 ], [ -89.2855, 31.5299 ], [ -89.2904, 31.5248 ], [ -89.2788, 31.507 ], [ -89.2607, 31.52 ], [ -89.2425, 31.5213 ], [ -89.2464, 31.4551 ], [ -89.2224, 31.4548 ], [ -89.2225, 31.4416 ], [ -89.2318, 31.4339 ], [ -89.3992, 31.434 ], [ -89.4001, 31.5638 ], [ -89.3805, 31.5673 ] ], [ [ -89.3228, 31.4642 ], [ -89.3318, 31.4693 ], [ -89.3387, 31.4874 ], [ -89.3401, 31.4561 ], [ -89.3228, 31.4642 ] ] ] } },
{ "type": "Feature", "properties": { "GEOIDFQ": "1400000US28067950902", "NAME": "9509.02", "NAMELSAD": "Census Tract 9509.02" }, "geometry": { "type": "Polygon", "coordinates": [ [ [ -89.2267, 31.5795 ], [ -89.2095, 31.5917 ], [ -89.199, 31.5785 ], [ -89.189, 31.5788 ], [ -89.1828, 31.594 ], [ -89.1627, 31.5895 ], [ -89.1491, 31.5555 ], [ -89.1347, 31.5548 ], [ -89.1099, 31.565 ], [ -89.0581, 31.5527 ], [ -89.0194, 31.5204 ], [ -89.0015, 31.5638 ], [ -88.9819, 31.5763 ], [ -88.9597, 31.5643 ], [ -88.943, 31.5657 ], [ -88.9435, 31.4335 ], [ -89.2318, 31.4339 ], [ -89.2225, 31.4416 ], [ -89.2224, 31.4548 ], [ -89.2464, 31.4551 ], [ -89.2467, 31.4905 ], [ -89.2393, 31.5073 ], [ -89.2488, 31.5396 ], [ -89.2267, 31.5795 ] ] ] } },
{ "type": "Feature", "properties": { "GEOIDFQ": "1400000US28047003513", "NAME": "35.13", "NAMELSAD": "Census Tract 35.13" }, "geometry": { "type": "Polygon", "coordinates": [ [ [ -89.222, 30.5795 ], [ -89.2084, 30.5864 ], [ -89.187, 30.57 ], [ -89.1836, 30.5487 ], [ -89.1692, 30.5421 ], [ -89.1712, 30.5155 ], [ -89.2337, 30.5316 ], [ -89.2745, 30.567 ], [ -89.2778, 30.579 ], [ -89.222, 30.5795 ] ] ] } },
{ "type": "Feature", "properties": { "GEOIDFQ": "1400000US28047001504", "NAME": "15.04", "NAMELSAD": "Census Tract 15.04" }, "geometry": { "type": "Polygon", "coordinates": [ [ [ -89.0184, 30.4006 ], [ -89.0034, 30.4006 ], [ -89.0013, 30.3932 ], [ -89.0185, 30.3894 ], [ -89.0184, 30.4006 ] ] ] } },
{ "type": "Feature", "properties": { "GEOIDFQ": "1400000US28059040105", "NAME": "401.05", "NAMELSAD": "Census Tract 401.05" }, "geometry": { "type": "Polygon", "coordinates": [ [ [ -88.4987, 30.5439 ], [ -88.4811, 30.5744 ], [ -88.4918, 30.6533 ], [ -88.4734, 30.6504 ], [ -88.4408, 30.6296 ], [ -88.408, 30.6369 ], [ -88.4005, 30.4742 ], [ -88.4332, 30.4611 ], [ -88.4745, 30.457 ], [ -88.4697, 30.4613 ], [ -88.4734, 30.4809 ], [ -88.5016, 30.5007 ], [ -88.5218, 30.5347 ], [ -88.4987, 30.5439 ] ] ] } },
{ "type": "Feature", "properties": { "GEOIDFQ": "1400000US28059041002", "NAME": "410.02", "NAMELSAD": "Census Tract 410.02" }, "geometry": { "type": "Polygon", "coordinates": [ [ [ -88.612, 30.438 ], [ -88.618, 30.4238 ], [ -88.6128, 30.4148 ], [ -88.619, 30.4113 ], [ -88.6074, 30.3859 ], [ -88.649, 30.4025 ], [ -88.6558, 30.4347 ], [ -88.612, 30.438 ] ] ] } },
{ "type": "Feature", "properties": { "GEOIDFQ": "1400000US28059041301", "NAME": "413.01", "NAMELSAD": "Census Tract 413.01" }, "geometry": { "type": "Polygon", "coordinates": [ [ [ -88.5599, 30.4534 ], [ -88.5573, 30.4714 ], [ -88.5644, 30.4945 ], [ -88.5508, 30.5036 ], [ -88.5433, 30.5243 ], [ -88.5356, 30.5105 ], [ -88.5315, 30.4497 ], [ -88.5195, 30.419 ], [ -88.537, 30.4163 ], [ -88.5453, 30.4261 ], [ -88.5605, 30.4223 ], [ -88.5579, 30.4405 ], [ -88.5686, 30.446 ], [ -88.5599, 30.4534 ] ] ] } },
{ "type": "Feature", "properties": { "GEOIDFQ": "1400000US28049001000", "NAME": "10", "NAMELSAD": "Census Tract 10" }, "geometry": { "type": "Polygon", "coordinates": [ [ [ -90.2107, 32.3285 ], [ -90.2115, 32.3381 ], [ -90.1969, 32.3268 ], [ -90.2153, 32.3243 ], [ -90.2107, 32.3285 ] ] ] } },
{ "type": "Feature", "properties": { "GEOIDFQ": "1400000US28049001200", "NAME": "12", "NAMELSAD": "Census Tract 12" }, "geometry": { "type": "Polygon", "coordinates": [ [ [ -90.1927, 32.3413 ], [ -90.1927, 32.3512 ], [ -90.1792, 32.3502 ], [ -90.1868, 32.3268 ], [ -90.1983, 32.3414 ], [ -90.1927, 32.3413 ] ] ] } },
{ "type": "Feature", "properties": { "GEOIDFQ": "1400000US28049002300", "NAME": "23", "NAMELSAD": "Census Tract 23" }, "geometry": { "type": "Polygon", "coordinates": [ [ [ -90.2528, 32.326 ], [ -90.2527, 32.3287 ], [ -90.2464, 32.3275 ], [ -90.2475, 32.3197 ], [ -90.2395, 32.3197 ], [ -90.2348, 32.3061 ], [ -90.2529, 32.3055 ], [ -90.2528, 32.326 ] ] ] } },
{ "type": "Feature", "properties": { "GEOIDFQ": "1400000US28033070900", "NAME": "709", "NAMELSAD": "Census Tract 709" }, "geometry": { "type": "Polygon", "coordinates": [ [ [ -89.9042, 34.7848 ], [ -89.8918, 34.7897 ], [ -89.8803, 34.8607 ], [ -89.8022, 34.8624 ], [ -89.7844, 34.8786 ], [ -89.7868, 34.8874 ], [ -89.7654, 34.8927 ], [ -89.724, 34.9276 ], [ -89.7234, 34.7723 ], [ -89.91, 34.7726 ], [ -89.9042, 34.7848 ] ] ] } },
{ "type": "Feature", "properties": { "GEOIDFQ": "1400000US28033071200", "NAME": "712", "NAMELSAD": "Census Tract 712" }, "geometry": { "type": "Polygon", "coordinates": [ [ [ -90.2021, 34.8604 ], [ -90.1481, 34.8602 ], [ -90.1442, 34.8719 ], [ -90.1316, 34.8757 ], [ -90.0781, 34.8751 ], [ -90.0781, 34.8408 ], [ -90.0996, 34.825 ], [ -90.1135, 34.8042 ], [ -90.1063, 34.7701 ], [ -90.1153, 34.7528 ], [ -90.1396, 34.7623 ], [ -90.143, 34.7563 ], [ -90.1537, 34.7594 ], [ -90.1575, 34.7547 ], [ -90.161, 34.7602 ], [ -90.1715, 34.759 ], [ -90.1745, 34.7435 ], [ -90.1887, 34.7386 ], [ -90.1838, 34.7335 ], [ -90.1985, 34.7256 ], [ -90.1966, 34.7207 ], [ -90.201, 34.7244 ], [ -90.2021, 34.8604 ] ] ] } },
{ "type": "Feature", "properties": { "GEOIDFQ": "1400000US28033070610", "NAME": "706.10", "NAMELSAD": "Census Tract 706.10" }, "geometry": { "type": "Polygon", "coordinates": [ [ [ -89.9804, 34.9627 ], [ -89.9811, 34.9335 ], [ -89.9946, 34.9336 ], [ -89.9994, 34.9625 ], [ -89.9804, 34.9627 ] ] ] } },
{ "type": "Feature", "properties": { "GEOIDFQ": "1400000US28033070830", "NAME": "708.30", "NAMELSAD": "Census Tract 708.30" }, "geometry": { "type": "Polygon", "coordinates": [ [ [ -89.7954, 34.9946 ], [ -89.7243, 34.9948 ], [ -89.7242, 34.9259 ], [ -89.7544, 34.9065 ], [ -89.7949, 34.927 ], [ -89.7954, 34.9946 ] ] ] } },
{ "type": "Feature", "properties": { "GEOIDFQ": "1400000US28067950201", "NAME": "9502.01", "NAMELSAD": "Census Tract 9502.01" }, "geometry": { "type": "Polygon", "coordinates": [ [ [ -89.219, 31.7624 ], [ -89.2261, 31.7737 ], [ -89.2191, 31.7777 ], [ -89.2215, 31.786 ], [ -89.2378, 31.8066 ], [ -89.1795, 31.8104 ], [ -89.1769, 31.7981 ], [ -89.1583, 31.7823 ], [ -89.154, 31.7526 ], [ -89.165, 31.7375 ], [ -89.1848, 31.741 ], [ -89.1842, 31.7222 ], [ -89.1769, 31.7167 ], [ -89.1848, 31.695 ], [ -89.2085, 31.7145 ], [ -89.2195, 31.7331 ], [ -89.2332, 31.7343 ], [ -89.2388, 31.7552 ], [ -89.219, 31.7624 ] ] ] } },
{ "type": "Feature", "properties": { "GEOIDFQ": "1400000US28061950401", "NAME": "9504.01", "NAMELSAD": "Census Tract 9504.01" }, "geometry": { "type": "Polygon", "coordinates": [ [ [ -89.087, 31.8615 ], [ -89.0784, 31.8531 ], [ -89.0506, 31.8623 ], [ -89.0375, 31.886 ], [ -89.0335, 31.8756 ], [ -88.9994, 31.8731 ], [ -89.0199, 31.928 ], [ -89.0129, 31.9341 ], [ -88.9983, 31.934 ], [ -88.9971, 31.9292 ], [ -88.9939, 31.9341 ], [ -88.9567, 31.9391 ], [ -88.9403, 31.9305 ], [ -88.9118, 31.9569 ], [ -88.9105, 31.8266 ], [ -89.0832, 31.8163 ], [ -89.0809, 31.8359 ], [ -89.0978, 31.8521 ], [ -89.087, 31.8615 ] ] ] } },
{ "type": "Feature", "properties": { "GEOIDFQ": "1400000US28061950402", "NAME": "9504.02", "NAMELSAD": "Census Tract 9504.02" }, "geometry": { "type": "Polygon", "coordinates": [ [ [ -89.1567, 31.9605 ], [ -89.1271, 31.9676 ], [ -89.1356, 31.9796 ], [ -89.1326, 31.9941 ], [ -89.149, 32.0196 ], [ -89.1344, 32.0274 ], [ -89.0734, 32.0249 ], [ -89.0355, 32.0313 ], [ -89.0221, 32.0213 ], [ -88.9996, 32.021 ], [ -88.9743, 32.0317 ], [ -88.9337, 32.0332 ], [ -88.9128, 32.0425 ], [ -88.9118, 31.9569 ], [ -88.9403, 31.9305 ], [ -88.9567, 31.9391 ], [ -88.9939, 31.9341 ], [ -88.9971, 31.9292 ], [ -88.9983, 31.934 ], [ -89.0129, 31.9341 ], [ -89.0207, 31.9267 ], [ -89.0186, 31.9127 ], [ -88.9994, 31.8731 ], [ -89.0335, 31.8756 ], [ -89.0375, 31.886 ], [ -89.0506, 31.8623 ], [ -89.0784, 31.8531 ], [ -89.0865, 31.8614 ], [ -89.094, 31.8582 ], [ -89.0967, 31.8481 ], [ -89.0808, 31.8355 ], [ -89.0832, 31.8163 ], [ -89.127, 31.8135 ], [ -89.1368, 31.8297 ], [ -89.138, 31.848 ], [ -89.148, 31.8596 ], [ -89.138, 31.8817 ], [ -89.1477, 31.8965 ], [ -89.1463, 31.9071 ], [ -89.155, 31.913 ], [ -89.1567, 31.9605 ] ] ] } },
{ "type": "Feature", "properties": { "GEOIDFQ": "1400000US28061950101", "NAME": "9501.01", "NAMELSAD": "Census Tract 9501.01" }, "geometry": { "type": "Polygon", "coordinates": [ [ [ -89.3227, 32.2235 ], [ -89.0682, 32.224 ], [ -89.0531, 32.1792 ], [ -89.0609, 32.1325 ], [ -89.0469, 32.0899 ], [ -89.0476, 32.0676 ], [ -89.0332, 32.0521 ], [ -89.0372, 32.0304 ], [ -89.0734, 32.0249 ], [ -89.133, 32.0277 ], [ -89.1624, 32.0125 ], [ -89.1858, 32.0161 ], [ -89.1983, 32.026 ], [ -89.2213, 32.0107 ], [ -89.2624, 32.0151 ], [ -89.2835, 32.0252 ], [ -89.2879, 32.0124 ], [ -89.3222, 32.0199 ], [ -89.3227, 32.2235 ] ] ] } },
{ "type": "Feature", "properties": { "GEOIDFQ": "1400000US28061950102", "NAME": "9501.02", "NAMELSAD": "Census Tract 9501.02" }, "geometry": { "type": "Polygon", "coordinates": [ [ [ -88.9138, 32.2242 ], [ -88.9128, 32.0425 ], [ -88.9337, 32.0332 ], [ -88.9743, 32.0317 ], [ -88.9996, 32.021 ], [ -89.0221, 32.0213 ], [ -89.0386, 32.0318 ], [ -89.0331, 32.0519 ], [ -89.0476, 32.0676 ], [ -89.0469, 32.0899 ], [ -89.0609, 32.1322 ], [ -89.0531, 32.179 ], [ -89.0682, 32.224 ], [ -88.9138, 32.2242 ] ] ] } },
{ "type": "Feature", "properties": { "GEOIDFQ": "1400000US28061950301", "NAME": "9503.01", "NAMELSAD": "Census Tract 9503.01" }, "geometry": { "type": "Polygon", "coordinates": [ [ [ -89.3176, 31.97 ], [ -89.3136, 31.9617 ], [ -89.2953, 31.9653 ], [ -89.2899, 31.9566 ], [ -89.2721, 31.9581 ], [ -89.277, 31.9688 ], [ -89.2535, 31.9651 ], [ -89.2534, 31.9466 ], [ -89.2623, 31.9446 ], [ -89.2541, 31.9265 ], [ -89.2517, 31.8924 ], [ -89.2632, 31.8649 ], [ -89.2557, 31.8388 ], [ -89.2621, 31.8254 ], [ -89.2524, 31.8059 ], [ -89.3166, 31.8021 ], [ -89.3176, 31.97 ] ] ] } },
{ "type": "Feature", "properties": { "GEOIDFQ": "1400000US28061950302", "NAME": "9503.02", "NAMELSAD": "Census Tract 9503.02" }, "geometry": { "type": "Polygon", "coordinates": [ [ [ -89.2517, 31.8924 ], [ -89.2541, 31.9265 ], [ -89.2623, 31.9446 ], [ -89.2534, 31.9466 ], [ -89.2578, 31.969 ], [ -89.2469, 31.9617 ], [ -89.2147, 31.963 ], [ -89.2183, 32.008 ], [ -89.2035, 32.0257 ], [ -89.1709, 32.0126 ], [ -89.149, 32.0196 ], [ -89.1326, 31.9941 ], [ -89.1356, 31.9796 ], [ -89.1271, 31.9676 ], [ -89.1567, 31.9605 ], [ -89.1576, 31.927 ], [ -89.138, 31.8817 ], [ -89.1465, 31.8531 ], [ -89.1383, 31.8487 ], [ -89.127, 31.8135 ], [ -89.2524, 31.8059 ], [ -89.2621, 31.8254 ], [ -89.2557, 31.8388 ], [ -89.2632, 31.8652 ], [ -89.2517, 31.8924 ] ] ] } },
{ "type": "Feature", "properties": { "GEOIDFQ": "1400000US28047003216", "NAME": "32.16", "NAMELSAD": "Census Tract 32.16" }, "geometry": { "type": "Polygon", "coordinates": [ [ [ -89.0946, 30.524 ], [ -89.0658, 30.5049 ], [ -89.0652, 30.4902 ], [ -89.0784, 30.4929 ], [ -89.0782, 30.4857 ], [ -89.0909, 30.4855 ], [ -89.0902, 30.4734 ], [ -89.1037, 30.477 ], [ -89.1163, 30.5261 ], [ -89.0946, 30.524 ] ] ] } },
{ "type": "Feature", "properties": { "GEOIDFQ": "1400000US28047002402", "NAME": "24.02", "NAMELSAD": "Census Tract 24.02" }, "geometry": { "type": "Polygon", "coordinates": [ [ [ -89.0959, 30.4118 ], [ -89.0955, 30.384 ], [ -89.1142, 30.384 ], [ -89.1148, 30.4033 ], [ -89.0959, 30.4118 ] ] ] } },
{ "type": "Feature", "properties": { "GEOIDFQ": "1400000US28047003104", "NAME": "31.04", "NAMELSAD": "Census Tract 31.04" }, "geometry": { "type": "Polygon", "coordinates": [ [ [ -89.3414, 30.427 ], [ -89.2662, 30.4271 ], [ -89.2496, 30.4127 ], [ -89.2398, 30.3842 ], [ -89.2181, 30.3635 ], [ -89.2181, 30.3375 ], [ -89.2405, 30.3364 ], [ -89.2519, 30.3429 ], [ -89.3068, 30.3384 ], [ -89.3111, 30.3464 ], [ -89.3408, 30.358 ], [ -89.3414, 30.427 ] ] ] } },
{ "type": "Feature", "properties": { "GEOIDFQ": "1400000US28047003105", "NAME": "31.05", "NAMELSAD": "Census Tract 31.05" }, "geometry": { "type": "Polygon", "coordinates": [ [ [ -89.1917, 30.4274 ], [ -89.1869, 30.3449 ], [ -89.2181, 30.3375 ], [ -89.2181, 30.3635 ], [ -89.2398, 30.3842 ], [ -89.2496, 30.4127 ], [ -89.2662, 30.4271 ], [ -89.1917, 30.4274 ] ] ] } },
{ "type": "Feature", "properties": { "GEOIDFQ": "1400000US28047003103", "NAME": "31.03", "NAMELSAD": "Census Tract 31.03" }, "geometry": { "type": "Polygon", "coordinates": [ [ [ -89.1327, 30.4264 ], [ -89.0974, 30.4357 ], [ -89.0959, 30.4118 ], [ -89.1366, 30.3974 ], [ -89.1365, 30.3839 ], [ -89.1871, 30.3837 ], [ -89.1917, 30.4274 ], [ -89.1327, 30.4264 ] ] ] } },
{ "type": "Feature", "properties": { "GEOIDFQ": "1400000US28047003305", "NAME": "33.05", "NAMELSAD": "Census Tract 33.05" }, "geometry": { "type": "Polygon", "coordinates": [ [ [ -88.8834, 30.4541 ], [ -88.8831, 30.4158 ], [ -88.8913, 30.4211 ], [ -88.8917, 30.454 ], [ -88.8834, 30.4541 ] ] ] } },
{ "type": "Feature", "properties": { "GEOIDFQ": "1400000US28047003506", "NAME": "35.06", "NAMELSAD": "Census Tract 35.06" }, "geometry": { "type": "Polygon", "coordinates": [ [ [ -89.3414, 30.6477 ], [ -89.2401, 30.6476 ], [ -89.2401, 30.6772 ], [ -89.1382, 30.677 ], [ -89.1343, 30.5686 ], [ -89.1828, 30.5986 ], [ -89.2219, 30.5795 ], [ -89.272, 30.5827 ], [ -89.2778, 30.5778 ], [ -89.2961, 30.594 ], [ -89.3235, 30.5984 ], [ -89.3414, 30.5941 ], [ -89.3414, 30.6477 ] ] ] } },
{ "type": "Feature", "properties": { "GEOIDFQ": "1400000US28047003405", "NAME": "34.05", "NAMELSAD": "Census Tract 34.05" }, "geometry": { "type": "Polygon", "coordinates": [ [ [ -88.9655, 30.5229 ], [ -88.9505, 30.5448 ], [ -88.9234, 30.5335 ], [ -88.9279, 30.5511 ], [ -88.914, 30.5585 ], [ -88.8839, 30.561 ], [ -88.8834, 30.4647 ], [ -88.9006, 30.4599 ], [ -88.9216, 30.5 ], [ -88.9404, 30.5124 ], [ -88.975, 30.5211 ], [ -88.9655, 30.5229 ] ] ] } },
{ "type": "Feature", "properties": { "GEOIDFQ": "1400000US28047002802", "NAME": "28.02", "NAMELSAD": "Census Tract 28.02" }, "geometry": { "type": "Polygon", "coordinates": [ [ [ -89.1275, 30.3586 ], [ -89.125, 30.3547 ], [ -89.1705, 30.3376 ], [ -89.1706, 30.3443 ], [ -89.1275, 30.3586 ] ] ] } },
{ "type": "Feature", "properties": { "GEOIDFQ": "1400000US28047002002", "NAME": "20.02", "NAMELSAD": "Census Tract 20.02" }, "geometry": { "type": "Polygon", "coordinates": [ [ [ -89.0694, 30.3914 ], [ -89.0693, 30.3862 ], [ -89.0777, 30.3842 ], [ -89.0777, 30.3779 ], [ -89.0888, 30.384 ], [ -89.0888, 30.3756 ], [ -89.0953, 30.3734 ], [ -89.0956, 30.3902 ], [ -89.0694, 30.3914 ] ] ] } },
{ "type": "Feature", "properties": { "GEOIDFQ": "1400000US28047003211", "NAME": "32.11", "NAMELSAD": "Census Tract 32.11" }, "geometry": { "type": "Polygon", "coordinates": [ [ [ -89.0933, 30.4495 ], [ -89.0751, 30.4495 ], [ -89.0874, 30.4317 ], [ -89.1025, 30.4495 ], [ -89.0933, 30.4495 ] ] ] } },
{ "type": "Feature", "properties": { "GEOIDFQ": "1400000US28047003509", "NAME": "35.09", "NAMELSAD": "Census Tract 35.09" }, "geometry": { "type": "Polygon", "coordinates": [ [ [ -89.137, 30.4639 ], [ -89.1037, 30.4644 ], [ -89.0974, 30.4357 ], [ -89.1327, 30.4264 ], [ -89.141, 30.4336 ], [ -89.137, 30.4639 ] ] ] } },
{ "type": "Feature", "properties": { "GEOIDFQ": "1400000US28047001702", "NAME": "17.02", "NAMELSAD": "Census Tract 17.02" }, "geometry": { "type": "Polygon", "coordinates": [ [ [ -89.0371, 30.4035 ], [ -89.0356, 30.3966 ], [ -89.0444, 30.394 ], [ -89.0445, 30.4017 ], [ -89.0371, 30.4035 ] ] ] } },
{ "type": "Feature", "properties": { "GEOIDFQ": "1400000US28047003106", "NAME": "31.06", "NAMELSAD": "Census Tract 31.06" }, "geometry": { "type": "Polygon", "coordinates": [ [ [ -89.1744, 30.369 ], [ -89.1506, 30.3691 ], [ -89.1869, 30.3449 ], [ -89.1871, 30.367 ], [ -89.1744, 30.369 ] ] ] } },
{ "type": "Feature", "properties": { "GEOIDFQ": "1400000US28047002701", "NAME": "27.01", "NAMELSAD": "Census Tract 27.01" }, "geometry": { "type": "Polygon", "coordinates": [ [ [ -89.1624, 30.3604 ], [ -89.1533, 30.3516 ], [ -89.1868, 30.3389 ], [ -89.1869, 30.3449 ], [ -89.1624, 30.3604 ] ] ] } },
{ "type": "Feature", "properties": { "GEOIDFQ": "1400000US28047003309", "NAME": "33.09", "NAMELSAD": "Census Tract 33.09" }, "geometry": { "type": "Polygon", "coordinates": [ [ [ -88.9595, 30.4318 ], [ -88.9386, 30.4283 ], [ -88.9339, 30.4427 ], [ -88.9171, 30.4431 ], [ -88.917, 30.4301 ], [ -88.9, 30.4325 ], [ -88.8944, 30.4223 ], [ -88.9093, 30.4259 ], [ -88.9329, 30.4173 ], [ -88.9588, 30.4203 ], [ -88.9551, 30.4273 ], [ -88.9631, 30.4277 ], [ -88.9595, 30.4318 ] ] ] } },
{ "type": "Feature", "properties": { "GEOIDFQ": "1400000US28047003210", "NAME": "32.10", "NAMELSAD": "Census Tract 32.10" }, "geometry": { "type": "Polygon", "coordinates": [ [ [ -89.0868, 30.4567 ], [ -89.0697, 30.4569 ], [ -89.0751, 30.4495 ], [ -89.0898, 30.4497 ], [ -89.0868, 30.4567 ] ] ] } },
{ "type": "Feature", "properties": { "GEOIDFQ": "1400000US28047003214", "NAME": "32.14", "NAMELSAD": "Census Tract 32.14" }, "geometry": { "type": "Polygon", "coordinates": [ [ [ -89.0751, 30.4495 ], [ -89.0605, 30.4496 ], [ -89.0569, 30.4406 ], [ -89.0856, 30.4354 ], [ -89.0751, 30.4495 ] ] ] } },
{ "type": "Feature", "properties": { "GEOIDFQ": "1400000US28047002702", "NAME": "27.02", "NAMELSAD": "Census Tract 27.02" }, "geometry": { "type": "Polygon", "coordinates": [ [ [ -89.1506, 30.3691 ], [ -89.1356, 30.3692 ], [ -89.1313, 30.3573 ], [ -89.1533, 30.3501 ], [ -89.1623, 30.3606 ], [ -89.1506, 30.3691 ] ] ] } },
{ "type": "Feature", "properties": { "GEOIDFQ": "1400000US28047003307", "NAME": "33.07", "NAMELSAD": "Census Tract 33.07" }, "geometry": { "type": "Polygon", "coordinates": [ [ [ -88.9064, 30.4538 ], [ -88.9085, 30.4597 ], [ -88.8834, 30.4647 ], [ -88.8915, 30.4466 ], [ -88.9171, 30.4431 ], [ -88.9172, 30.4537 ], [ -88.9064, 30.4538 ] ] ] } },
{ "type": "Feature", "properties": { "GEOIDFQ": "1400000US28047001505", "NAME": "15.05", "NAMELSAD": "Census Tract 15.05" }, "geometry": { "type": "Polygon", "coordinates": [ [ [ -89.0371, 30.4263 ], [ -89.0014, 30.4158 ], [ -89.0292, 30.4043 ], [ -89.0403, 30.41 ], [ -89.0406, 30.4242 ], [ -89.0498, 30.4264 ], [ -89.0371, 30.4263 ] ] ] } },
{ "type": "Feature", "properties": { "GEOIDFQ": "1400000US28047003107", "NAME": "31.07", "NAMELSAD": "Census Tract 31.07" }, "geometry": { "type": "Polygon", "coordinates": [ [ [ -89.145, 30.3838 ], [ -89.1369, 30.3692 ], [ -89.1871, 30.367 ], [ -89.1871, 30.3837 ], [ -89.145, 30.3838 ] ] ] } },
{ "type": "Feature", "properties": { "GEOIDFQ": "1400000US28011950701", "NAME": "9507.01", "NAMELSAD": "Census Tract 9507.01" }, "geometry": { "type": "Polygon", "coordinates": [ [ [ -90.6972, 33.7621 ], [ -90.6966, 33.7518 ], [ -90.6769, 33.733 ], [ -90.7101, 33.733 ], [ -90.7332, 33.7622 ], [ -90.6972, 33.7621 ] ] ] } },
{ "type": "Feature", "properties": { "GEOIDFQ": "1400000US28089030110", "NAME": "301.10", "NAMELSAD": "Census Tract 301.10" }, "geometry": { "type": "Polygon", "coordinates": [ [ [ -90.1064, 32.4505 ], [ -90.0711, 32.4504 ], [ -90.0782, 32.4331 ], [ -90.0913, 32.4253 ], [ -90.1063, 32.4271 ], [ -90.1064, 32.4505 ] ] ] } },
{ "type": "Feature", "properties": { "GEOIDFQ": "1400000US28059042900", "NAME": "429", "NAMELSAD": "Census Tract 429" }, "geometry": { "type": "MultiPolygon", "coordinates": [ [ [ [ -88.5125, 30.2273 ], [ -88.4557, 30.2063 ], [ -88.4254, 30.2124 ], [ -88.3955, 30.2106 ], [ -88.3995, 30.2029 ], [ -88.4214, 30.1947 ], [ -88.4799, 30.195 ], [ -88.5032, 30.2046 ], [ -88.524, 30.2236 ], [ -88.5125, 30.2273 ] ] ], [ [ [ -88.6322, 30.3543 ], [ -88.611, 30.3735 ], [ -88.6056, 30.3915 ], [ -88.619, 30.4113 ], [ -88.6128, 30.4148 ], [ -88.618, 30.4238 ], [ -88.6117, 30.437 ], [ -88.6276, 30.452 ], [ -88.6124, 30.4571 ], [ -88.6139, 30.465 ], [ -88.6093, 30.4596 ], [ -88.6033, 30.4648 ], [ -88.6101, 30.481 ], [ -88.6048, 30.4944 ], [ -88.6091, 30.4981 ], [ -88.6133, 30.4898 ], [ -88.6166, 30.4897 ], [ -88.6114, 30.4971 ], [ -88.6188, 30.5047 ], [ -88.6174, 30.5163 ], [ -88.5998, 30.5138 ], [ -88.5938, 30.5183 ], [ -88.5859, 30.5092 ], [ -88.5898, 30.5043 ], [ -88.5643, 30.4943 ], [ -88.5573, 30.4714 ], [ -88.5599, 30.4534 ], [ -88.5686, 30.4458 ], [ -88.5576, 30.4386 ], [ -88.5605, 30.4223 ], [ -88.5741, 30.419 ], [ -88.5747, 30.4121 ], [ -88.5596, 30.4056 ], [ -88.5557, 30.3914 ], [ -88.5485, 30.3931 ], [ -88.5452, 30.3863 ], [ -88.5606, 30.3826 ], [ -88.5627, 30.3718 ], [ -88.5483, 30.3732 ], [ -88.5474, 30.3599 ], [ -88.5393, 30.3599 ], [ -88.5393, 30.3549 ], [ -88.554, 30.3547 ], [ -88.5668, 30.3419 ], [ -88.5265, 30.339 ], [ -88.5142, 30.3312 ], [ -88.5051, 30.3132 ], [ -88.5906, 30.2889 ], [ -88.6647, 30.3462 ], [ -88.6322, 30.3543 ] ] ], [ [ [ -88.7166, 30.2566 ], [ -88.5571, 30.226 ], [ -88.5636, 30.2176 ], [ -88.5969, 30.2145 ], [ -88.6827, 30.2274 ], [ -88.7101, 30.2371 ], [ -88.7529, 30.2333 ], [ -88.7772, 30.2452 ], [ -88.7166, 30.2566 ] ] ] ] } },
{ "type": "Feature", "properties": { "GEOIDFQ": "1400000US28059040203", "NAME": "402.03", "NAMELSAD": "Census Tract 402.03" }, "geometry": { "type": "Polygon", "coordinates": [ [ [ -88.8285, 30.4847 ], [ -88.8331, 30.513 ], [ -88.8163, 30.524 ], [ -88.8164, 30.5453 ], [ -88.7486, 30.5456 ], [ -88.6973, 30.5314 ], [ -88.7127, 30.5283 ], [ -88.6938, 30.517 ], [ -88.7192, 30.4677 ], [ -88.7175, 30.4417 ], [ -88.7833, 30.4594 ], [ -88.813, 30.4546 ], [ -88.8435, 30.4576 ], [ -88.8285, 30.4847 ] ] ] } },
{ "type": "Feature", "properties": { "GEOIDFQ": "1400000US28059990000", "NAME": "9900", "NAMELSAD": "Census Tract 9900" }, "geometry": { "type": "Polygon", "coordinates": [ [ [ -88.7794, 30.351 ], [ -88.7468, 30.3295 ], [ -88.7272, 30.3265 ], [ -88.6955, 30.3297 ], [ -88.665, 30.346 ], [ -88.6453, 30.3361 ], [ -88.5906, 30.2889 ], [ -88.5051, 30.3132 ], [ -88.3922, 30.3127 ], [ -88.3844, 30.1585 ], [ -88.4613, 30.1467 ], [ -88.5098, 30.1579 ], [ -88.5459, 30.1767 ], [ -88.5952, 30.1697 ], [ -88.6774, 30.1797 ], [ -88.7174, 30.1909 ], [ -88.7539, 30.1882 ], [ -88.7951, 30.2 ], [ -88.7953, 30.3504 ], [ -88.8003, 30.3572 ], [ -88.7794, 30.351 ] ], [ [ -88.7529, 30.2333 ], [ -88.7101, 30.2371 ], [ -88.6827, 30.2274 ], [ -88.5969, 30.2145 ], [ -88.5636, 30.2176 ], [ -88.5571, 30.226 ], [ -88.7166, 30.2566 ], [ -88.777, 30.245 ], [ -88.7529, 30.2333 ] ], [ [ -88.5032, 30.2046 ], [ -88.4595, 30.1935 ], [ -88.4214, 30.1947 ], [ -88.3995, 30.2029 ], [ -88.3955, 30.2106 ], [ -88.4254, 30.2124 ], [ -88.4557, 30.2063 ], [ -88.5125, 30.2273 ], [ -88.5208, 30.2274 ], [ -88.5216, 30.2193 ], [ -88.5032, 30.2046 ] ] ] } },
{ "type": "Feature", "properties": { "GEOIDFQ": "1400000US28131020204", "NAME": "202.04", "NAMELSAD": "Census Tract 202.04" }, "geometry": { "type": "Polygon", "coordinates": [ [ [ -88.885, 30.9108 ], [ -88.8846, 30.795 ], [ -88.9164, 30.789 ], [ -88.9238, 30.8041 ], [ -88.9698, 30.8293 ], [ -88.9967, 30.8555 ], [ -89.0086, 30.8554 ], [ -89.0396, 30.8479 ], [ -89.0657, 30.7843 ], [ -89.0574, 30.7704 ], [ -89.1214, 30.7828 ], [ -89.1362, 30.7924 ], [ -89.1367, 30.8261 ], [ -89.0957, 30.8123 ], [ -89.1037, 30.8343 ], [ -89.1211, 30.8375 ], [ -89.1212, 30.8625 ], [ -89.1155, 30.8657 ], [ -89.1444, 30.8866 ], [ -89.1644, 30.8831 ], [ -89.1711, 30.9099 ], [ -88.885, 30.9108 ] ] ] } },
{ "type": "Feature", "properties": { "GEOIDFQ": "1400000US28131020206", "NAME": "202.06", "NAMELSAD": "Census Tract 202.06" }, "geometry": { "type": "Polygon", "coordinates": [ [ [ -89.3408, 30.9099 ], [ -89.1711, 30.9099 ], [ -89.1645, 30.8648 ], [ -89.1373, 30.8352 ], [ -89.1398, 30.781 ], [ -89.1637, 30.7809 ], [ -89.1812, 30.7877 ], [ -89.2455, 30.7872 ], [ -89.2608, 30.7984 ], [ -89.2827, 30.7999 ], [ -89.314, 30.8207 ], [ -89.3152, 30.8022 ], [ -89.3413, 30.7873 ], [ -89.3408, 30.9099 ] ] ] } },
{ "type": "Feature", "properties": { "GEOIDFQ": "1400000US28131020205", "NAME": "202.05", "NAMELSAD": "Census Tract 202.05" }, "geometry": { "type": "Polygon", "coordinates": [ [ [ -89.3413, 30.786 ], [ -89.3152, 30.8022 ], [ -89.314, 30.8207 ], [ -89.2827, 30.7999 ], [ -89.2608, 30.7984 ], [ -89.2449, 30.7871 ], [ -89.1812, 30.7877 ], [ -89.1631, 30.7808 ], [ -89.1361, 30.7846 ], [ -89.1344, 30.677 ], [ -89.2401, 30.6772 ], [ -89.2401, 30.6476 ], [ -89.3414, 30.6477 ], [ -89.3413, 30.786 ] ] ] } },
{ "type": "Feature", "properties": { "GEOIDFQ": "1400000US28131020203", "NAME": "202.03", "NAMELSAD": "Census Tract 202.03" }, "geometry": { "type": "Polygon", "coordinates": [ [ [ -89.1212, 30.7827 ], [ -89.0574, 30.7704 ], [ -89.0657, 30.7843 ], [ -89.0396, 30.8479 ], [ -88.9967, 30.8555 ], [ -88.9698, 30.8293 ], [ -88.9238, 30.8041 ], [ -88.9164, 30.789 ], [ -88.8846, 30.795 ], [ -88.8845, 30.6773 ], [ -89.1344, 30.677 ], [ -89.1362, 30.7924 ], [ -89.1212, 30.7827 ] ] ] } },
{ "type": "Feature", "properties": { "GEOIDFQ": "1400000US28049002500", "NAME": "25", "NAMELSAD": "Census Tract 25" }, "geometry": { "type": "Polygon", "coordinates": [ [ [ -90.2079, 32.3178 ], [ -90.1985, 32.3085 ], [ -90.2138, 32.2976 ], [ -90.2079, 32.3178 ] ] ] } },
{ "type": "Feature", "properties": { "GEOIDFQ": "1400000US28055950100", "NAME": "9501", "NAMELSAD": "Census Tract 9501" }, "geometry": { "type": "Polygon", "coordinates": [ [ [ -91.1983, 32.9502 ], [ -91.2018, 32.9612 ], [ -91.169, 32.9921 ], [ -91.1661, 33.0113 ], [ -90.9143, 33.0077 ], [ -90.914, 32.9442 ], [ -90.9402, 32.8858 ], [ -90.9399, 32.8625 ], [ -90.9569, 32.8524 ], [ -90.9548, 32.8456 ], [ -90.9638, 32.8381 ], [ -90.9649, 32.6628 ], [ -90.7232, 32.6621 ], [ -90.7165, 32.6443 ], [ -90.6914, 32.6363 ], [ -90.6987, 32.6242 ], [ -90.7207, 32.624 ], [ -90.7164, 32.6116 ], [ -90.7232, 32.5913 ], [ -90.7317, 32.5873 ], [ -90.7256, 32.5758 ], [ -90.7298, 32.5657 ], [ -90.7628, 32.5774 ], [ -90.8606, 32.5752 ], [ -90.8614, 32.4421 ], [ -90.8709, 32.4516 ], [ -90.8815, 32.4408 ], [ -90.8947, 32.4486 ], [ -90.9177, 32.444 ], [ -90.9398, 32.4521 ], [ -90.9532, 32.4411 ], [ -90.9634, 32.4112 ], [ -90.964, 32.5756 ], [ -91.0436, 32.5763 ], [ -91.0035, 32.6123 ], [ -91.0045, 32.6269 ], [ -91.0191, 32.6438 ], [ -91.0258, 32.6466 ], [ -91.0384, 32.6364 ], [ -91.0498, 32.6072 ], [ -91.1157, 32.591 ], [ -91.1199, 32.5848 ], [ -91.1441, 32.6006 ], [ -91.1527, 32.6408 ], [ -91.1183, 32.6741 ], [ -91.0639, 32.7029 ], [ -91.0545, 32.7223 ], [ -91.0906, 32.7361 ], [ -91.1634, 32.747 ], [ -91.165, 32.762 ], [ -91.1555, 32.7799 ], [ -91.1644, 32.7858 ], [ -91.1617, 32.8125 ], [ -91.1436, 32.8447 ], [ -91.1279, 32.8551 ], [ -91.1056, 32.8584 ], [ -91.0706, 32.8887 ], [ -91.064, 32.9241 ], [ -91.0826, 32.9462 ], [ -91.0791, 32.9551 ], [ -91.0868, 32.9763 ], [ -91.1066, 32.9889 ], [ -91.1355, 32.9797 ], [ -91.1313, 32.9269 ], [ -91.1474, 32.9041 ], [ -91.1702, 32.8994 ], [ -91.1968, 32.9068 ], [ -91.2116, 32.9196 ], [ -91.214, 32.9303 ], [ -91.1983, 32.9502 ] ] ] } },
{ "type": "Feature", "properties": { "GEOIDFQ": "1400000US28027950500", "NAME": "9505", "NAMELSAD": "Census Tract 9505" }, "geometry": { "type": "Polygon", "coordinates": [ [ [ -90.6064, 34.1938 ], [ -90.6104, 34.2043 ], [ -90.5879, 34.204 ], [ -90.5789, 34.2035 ], [ -90.5709, 34.1924 ], [ -90.5778, 34.1828 ], [ -90.6111, 34.183 ], [ -90.6195, 34.194 ], [ -90.6064, 34.1938 ] ] ] } },
{ "type": "Feature", "properties": { "GEOIDFQ": "1400000US28027950300", "NAME": "9503", "NAMELSAD": "Census Tract 9503" }, "geometry": { "type": "Polygon", "coordinates": [ [ [ -90.6597, 34.0751 ], [ -90.6426, 34.074 ], [ -90.6425, 34.0886 ], [ -90.5901, 34.0889 ], [ -90.5904, 34.1274 ], [ -90.581, 34.1372 ], [ -90.5763, 34.1903 ], [ -90.5699, 34.1927 ], [ -90.5697, 34.1842 ], [ -90.5439, 34.1775 ], [ -90.5466, 34.1851 ], [ -90.5383, 34.1982 ], [ -90.5501, 34.1992 ], [ -90.5392, 34.2128 ], [ -90.5432, 34.2189 ], [ -90.5718, 34.2173 ], [ -90.5744, 34.2187 ], [ -90.5454, 34.2289 ], [ -90.5531, 34.2353 ], [ -90.548, 34.2482 ], [ -90.5536, 34.2597 ], [ -90.5653, 34.268 ], [ -90.4783, 34.2911 ], [ -90.4682, 34.2918 ], [ -90.4529, 34.2808 ], [ -90.4412, 34.2973 ], [ -90.4254, 34.2994 ], [ -90.414, 34.2802 ], [ -90.399, 34.2795 ], [ -90.399, 34.2615 ], [ -90.4506, 34.2624 ], [ -90.451, 33.9857 ], [ -90.6604, 33.9877 ], [ -90.6597, 34.0751 ] ] ] } },
{ "type": "Feature", "properties": { "GEOIDFQ": "1400000US28027950400", "NAME": "9504", "NAMELSAD": "Census Tract 9504" }, "geometry": { "type": "Polygon", "coordinates": [ [ [ -90.6002, 34.2192 ], [ -90.5432, 34.2189 ], [ -90.5392, 34.2128 ], [ -90.5664, 34.1991 ], [ -90.569, 34.2052 ], [ -90.6067, 34.2043 ], [ -90.6088, 34.2111 ], [ -90.6002, 34.2192 ] ] ] } },
{ "type": "Feature", "properties": { "GEOIDFQ": "1400000US28027950600", "NAME": "9506", "NAMELSAD": "Census Tract 9506" }, "geometry": { "type": "Polygon", "coordinates": [ [ [ -90.569, 34.2052 ], [ -90.5589, 34.1853 ], [ -90.5697, 34.1842 ], [ -90.5789, 34.2035 ], [ -90.569, 34.2052 ] ] ] } },
{ "type": "Feature", "properties": { "GEOIDFQ": "1400000US28027950700", "NAME": "9507", "NAMELSAD": "Census Tract 9507" }, "geometry": { "type": "Polygon", "coordinates": [ [ [ -90.5401, 34.2101 ], [ -90.5501, 34.1998 ], [ -90.5383, 34.1982 ], [ -90.5466, 34.1851 ], [ -90.5439, 34.1775 ], [ -90.5574, 34.1781 ], [ -90.5648, 34.1997 ], [ -90.5401, 34.2101 ] ] ] } },
{ "type": "Feature", "properties": { "GEOIDFQ": "1400000US28027950200", "NAME": "9502", "NAMELSAD": "Census Tract 9502" }, "geometry": { "type": "Polygon", "coordinates": [ [ [ -90.91, 34.1655 ], [ -90.8535, 34.1375 ], [ -90.8303, 34.1398 ], [ -90.8132, 34.1529 ], [ -90.8071, 34.1656 ], [ -90.8126, 34.181 ], [ -90.8544, 34.1868 ], [ -90.8894, 34.1831 ], [ -90.9144, 34.1957 ], [ -90.9365, 34.2248 ], [ -90.9287, 34.2447 ], [ -90.9101, 34.2456 ], [ -90.8923, 34.2229 ], [ -90.8471, 34.2061 ], [ -90.8381, 34.22 ], [ -90.8336, 34.2741 ], [ -90.8258, 34.2799 ], [ -90.7503, 34.2611 ], [ -90.7029, 34.2657 ], [ -90.7035, 34.2815 ], [ -90.687, 34.2947 ], [ -90.6502, 34.2911 ], [ -90.6397, 34.3051 ], [ -90.6364, 34.2926 ], [ -90.605, 34.2773 ], [ -90.597, 34.2773 ], [ -90.597, 34.2834 ], [ -90.5765, 34.2673 ], [ -90.5653, 34.268 ], [ -90.548, 34.2485 ], [ -90.5531, 34.2353 ], [ -90.5456, 34.2287 ], [ -90.5717, 34.2184 ], [ -90.6027, 34.2186 ], [ -90.6104, 34.2043 ], [ -90.6064, 34.1938 ], [ -90.6195, 34.194 ], [ -90.6111, 34.183 ], [ -90.5778, 34.1828 ], [ -90.581, 34.1372 ], [ -90.5904, 34.1274 ], [ -90.5906, 34.0887 ], [ -90.6425, 34.0886 ], [ -90.6426, 34.074 ], [ -90.6597, 34.0751 ], [ -90.6595, 34.1189 ], [ -90.9569, 34.1201 ], [ -90.961, 34.1305 ], [ -90.91, 34.1655 ] ] ] } },
{ "type": "Feature", "properties": { "GEOIDFQ": "1400000US28027950100", "NAME": "9501", "NAMELSAD": "Census Tract 9501" }, "geometry": { "type": "Polygon", "coordinates": [ [ [ -90.7604, 34.2707 ], [ -90.7371, 34.2916 ], [ -90.7374, 34.3139 ], [ -90.7694, 34.3497 ], [ -90.7683, 34.3598 ], [ -90.7573, 34.3674 ], [ -90.7158, 34.3603 ], [ -90.6763, 34.3713 ], [ -90.6931, 34.3226 ], [ -90.6781, 34.3131 ], [ -90.6615, 34.3152 ], [ -90.6575, 34.3222 ], [ -90.6669, 34.3558 ], [ -90.6553, 34.3718 ], [ -90.6585, 34.3757 ], [ -90.6409, 34.3889 ], [ -90.606, 34.3933 ], [ -90.5817, 34.4179 ], [ -90.5777, 34.4324 ], [ -90.5939, 34.4842 ], [ -90.5747, 34.5218 ], [ -90.5679, 34.524 ], [ -90.3975, 34.4226 ], [ -90.399, 34.2795 ], [ -90.4139, 34.28 ], [ -90.4254, 34.2994 ], [ -90.4344, 34.299 ], [ -90.4529, 34.2808 ], [ -90.4682, 34.2918 ], [ -90.4783, 34.2911 ], [ -90.5437, 34.2701 ], [ -90.5765, 34.2673 ], [ -90.597, 34.2834 ], [ -90.597, 34.2773 ], [ -90.605, 34.2773 ], [ -90.6364, 34.2926 ], [ -90.6397, 34.3051 ], [ -90.6502, 34.2911 ], [ -90.687, 34.2947 ], [ -90.7035, 34.2815 ], [ -90.7029, 34.2657 ], [ -90.7503, 34.2611 ], [ -90.7899, 34.27 ], [ -90.7604, 34.2707 ] ] ] } },
{ "type": "Feature", "properties": { "GEOIDFQ": "1400000US28101050301", "NAME": "503.01", "NAMELSAD": "Census Tract 503.01" }, "geometry": { "type": "Polygon", "coordinates": [ [ [ -89.2349, 32.4386 ], [ -89.2158, 32.4422 ], [ -89.2172, 32.4654 ], [ -89.1991, 32.4689 ], [ -89.1779, 32.4562 ], [ -89.1686, 32.4696 ], [ -89.1432, 32.4648 ], [ -89.1354, 32.4702 ], [ -89.1143, 32.4639 ], [ -89.0923, 32.4335 ], [ -89.0998, 32.4331 ], [ -89.0964, 32.4221 ], [ -89.0809, 32.4098 ], [ -89.0667, 32.3685 ], [ -89.0672, 32.3474 ], [ -89.1291, 32.3393 ], [ -89.2167, 32.3389 ], [ -89.2271, 32.3535 ], [ -89.2366, 32.4114 ], [ -89.2433, 32.4165 ], [ -89.2349, 32.4386 ] ] ] } },
{ "type": "Feature", "properties": { "GEOIDFQ": "1400000US28101050302", "NAME": "503.02", "NAMELSAD": "Census Tract 503.02" }, "geometry": { "type": "Polygon", "coordinates": [ [ [ -89.3225, 32.49 ], [ -89.2893, 32.493 ], [ -89.2783, 32.5157 ], [ -89.254, 32.5186 ], [ -89.2373, 32.4803 ], [ -89.2258, 32.4858 ], [ -89.2279, 32.4724 ], [ -89.2173, 32.4665 ], [ -89.2158, 32.4422 ], [ -89.2349, 32.4386 ], [ -89.2433, 32.4165 ], [ -89.2366, 32.4114 ], [ -89.2271, 32.3535 ], [ -89.2167, 32.3389 ], [ -89.2809, 32.3415 ], [ -89.3012, 32.3255 ], [ -89.3226, 32.3239 ], [ -89.3225, 32.49 ] ] ] } },
{ "type": "Feature", "properties": { "GEOIDFQ": "1400000US28049003700", "NAME": "37", "NAMELSAD": "Census Tract 37" }, "geometry": { "type": "Polygon", "coordinates": [ [ [ -90.2469, 32.2576 ], [ -90.2222, 32.2573 ], [ -90.2332, 32.2375 ], [ -90.2469, 32.2576 ] ] ] } },
{ "type": "Feature", "properties": { "GEOIDFQ": "1400000US28049000600", "NAME": "6", "NAMELSAD": "Census Tract 6" }, "geometry": { "type": "Polygon", "coordinates": [ [ [ -90.2221, 32.356 ], [ -90.1927, 32.3559 ], [ -90.1927, 32.3413 ], [ -90.2057, 32.3414 ], [ -90.2076, 32.3517 ], [ -90.2228, 32.3519 ], [ -90.2221, 32.356 ] ] ] } },
{ "type": "Feature", "properties": { "GEOIDFQ": "1400000US28151000600", "NAME": "6", "NAMELSAD": "Census Tract 6" }, "geometry": { "type": "Polygon", "coordinates": [ [ [ -91.0621, 33.4146 ], [ -91.0496, 33.4076 ], [ -91.06, 33.4026 ], [ -91.0567, 33.3976 ], [ -91.0666, 33.3855 ], [ -91.071, 33.4001 ], [ -91.0807, 33.4022 ], [ -91.0621, 33.4146 ] ] ] } },
{ "type": "Feature", "properties": { "GEOIDFQ": "1400000US28151000900", "NAME": "9", "NAMELSAD": "Census Tract 9" }, "geometry": { "type": "Polygon", "coordinates": [ [ [ -91.055, 33.3992 ], [ -91.0377, 33.3995 ], [ -91.0388, 33.3853 ], [ -91.0666, 33.3855 ], [ -91.055, 33.3992 ] ] ] } },
{ "type": "Feature", "properties": { "GEOIDFQ": "1400000US28151001000", "NAME": "10", "NAMELSAD": "Census Tract 10" }, "geometry": { "type": "Polygon", "coordinates": [ [ [ -91.06, 33.4026 ], [ -91.0459, 33.41 ], [ -91.0464, 33.3994 ], [ -91.06, 33.4026 ] ] ] } },
{ "type": "Feature", "properties": { "GEOIDFQ": "1400000US28151001100", "NAME": "11", "NAMELSAD": "Census Tract 11" }, "geometry": { "type": "Polygon", "coordinates": [ [ [ -91.0459, 33.41 ], [ -91.0375, 33.4134 ], [ -91.0377, 33.3995 ], [ -91.0464, 33.4013 ], [ -91.0459, 33.41 ] ] ] } },
{ "type": "Feature", "properties": { "GEOIDFQ": "1400000US28151001200", "NAME": "12", "NAMELSAD": "Census Tract 12" }, "geometry": { "type": "Polygon", "coordinates": [ [ [ -91.0375, 33.4134 ], [ -91.0236, 33.4146 ], [ -91.0234, 33.3998 ], [ -91.0377, 33.3995 ], [ -91.0375, 33.4134 ] ] ] } },
{ "type": "Feature", "properties": { "GEOIDFQ": "1400000US28151001300", "NAME": "13", "NAMELSAD": "Census Tract 13" }, "geometry": { "type": "Polygon", "coordinates": [ [ [ -90.9816, 33.4183 ], [ -90.9606, 33.4052 ], [ -91.0234, 33.3998 ], [ -91.0236, 33.4146 ], [ -90.9816, 33.4183 ] ] ] } },
{ "type": "Feature", "properties": { "GEOIDFQ": "1400000US28067980000", "NAME": "9800", "NAMELSAD": "Census Tract 9800" }, "geometry": { "type": "Polygon", "coordinates": [ [ [ -89.3399, 31.4866 ], [ -89.3387, 31.4874 ], [ -89.3318, 31.4693 ], [ -89.3228, 31.4642 ], [ -89.3402, 31.4561 ], [ -89.3399, 31.4866 ] ] ] } },
{ "type": "Feature", "properties": { "GEOIDFQ": "1400000US28037950200", "NAME": "9502", "NAMELSAD": "Census Tract 9502" }, "geometry": { "type": "Polygon", "coordinates": [ [ [ -91.1539, 31.6101 ], [ -90.9128, 31.6106 ], [ -90.9008, 31.5815 ], [ -90.9123, 31.5653 ], [ -90.9153, 31.5416 ], [ -90.9079, 31.5375 ], [ -90.9087, 31.5221 ], [ -90.9171, 31.5199 ], [ -90.9091, 31.5096 ], [ -90.9204, 31.4946 ], [ -90.9034, 31.4576 ], [ -90.9167, 31.4397 ], [ -90.9125, 31.4323 ], [ -90.9258, 31.4202 ], [ -90.9176, 31.397 ], [ -90.9397, 31.3854 ], [ -90.9519, 31.3858 ], [ -90.9495, 31.3677 ], [ -90.9648, 31.3681 ], [ -90.9673, 31.3512 ], [ -90.9817, 31.355 ], [ -90.9884, 31.3364 ], [ -91.002, 31.337 ], [ -91.0076, 31.3467 ], [ -91.018, 31.3475 ], [ -91.0283, 31.3357 ], [ -91.0554, 31.3303 ], [ -91.0657, 31.3389 ], [ -91.0692, 31.3283 ], [ -91.0954, 31.321 ], [ -91.1027, 31.3271 ], [ -91.113, 31.3198 ], [ -91.1349, 31.3314 ], [ -91.1452, 31.3475 ], [ -91.1525, 31.3486 ], [ -91.1546, 31.3431 ], [ -91.1539, 31.6101 ] ] ] } },
{ "type": "Feature", "properties": { "GEOIDFQ": "1400000US28073020600", "NAME": "206", "NAMELSAD": "Census Tract 206" }, "geometry": { "type": "Polygon", "coordinates": [ [ [ -89.5283, 31.061 ], [ -89.5176, 31.072 ], [ -89.4976, 31.0664 ], [ -89.4852, 31.0719 ], [ -89.4813, 31.0825 ], [ -89.4367, 31.0683 ], [ -89.4312, 31.0973 ], [ -89.4067, 31.0818 ], [ -89.3884, 31.083 ], [ -89.3616, 31.0986 ], [ -89.3489, 31.098 ], [ -89.3489, 31.0104 ], [ -89.4248, 31.0101 ], [ -89.4253, 30.9825 ], [ -89.476, 30.9829 ], [ -89.4759, 31.0014 ], [ -89.5014, 31.0015 ], [ -89.5013, 31.016 ], [ -89.5384, 31.016 ], [ -89.5312, 31.0469 ], [ -89.5512, 31.0549 ], [ -89.5531, 31.0623 ], [ -89.5283, 31.061 ] ] ] } },
{ "type": "Feature", "properties": { "GEOIDFQ": "1400000US28081950202", "NAME": "9502.02", "NAMELSAD": "Census Tract 9502.02" }, "geometry": { "type": "Polygon", "coordinates": [ [ [ -88.6787, 34.4192 ], [ -88.6776, 34.3847 ], [ -88.6713, 34.4039 ], [ -88.656, 34.3968 ], [ -88.6289, 34.4146 ], [ -88.6094, 34.418 ], [ -88.5689, 34.396 ], [ -88.5687, 34.3901 ], [ -88.5425, 34.3863 ], [ -88.5422, 34.338 ], [ -88.5753, 34.3267 ], [ -88.5951, 34.3308 ], [ -88.6249, 34.3183 ], [ -88.6281, 34.2942 ], [ -88.6495, 34.2972 ], [ -88.6765, 34.2886 ], [ -88.6864, 34.3319 ], [ -88.6781, 34.3434 ], [ -88.6862, 34.3587 ], [ -88.6824, 34.383 ], [ -88.6908, 34.3921 ], [ -88.6787, 34.4192 ] ] ] } },
{ "type": "Feature", "properties": { "GEOIDFQ": "1400000US28081950602", "NAME": "9506.02", "NAMELSAD": "Census Tract 9506.02" }, "geometry": { "type": "Polygon", "coordinates": [ [ [ -88.7574, 34.2647 ], [ -88.7256, 34.268 ], [ -88.7113, 34.2646 ], [ -88.7068, 34.2495 ], [ -88.72, 34.2502 ], [ -88.7206, 34.2573 ], [ -88.7671, 34.2504 ], [ -88.7574, 34.2647 ] ] ] } },
{ "type": "Feature", "properties": { "GEOIDFQ": "1400000US28081950601", "NAME": "9506.01", "NAMELSAD": "Census Tract 9506.01" }, "geometry": { "type": "Polygon", "coordinates": [ [ [ -88.7642, 34.2951 ], [ -88.7475, 34.29 ], [ -88.7251, 34.2782 ], [ -88.7258, 34.2647 ], [ -88.7641, 34.2647 ], [ -88.7642, 34.2951 ] ] ] } },
{ "type": "Feature", "properties": { "GEOIDFQ": "1400000US28081951001", "NAME": "9510.01", "NAMELSAD": "Census Tract 9510.01" }, "geometry": { "type": "Polygon", "coordinates": [ [ [ -88.8177, 34.206 ], [ -88.8108, 34.1916 ], [ -88.7539, 34.1919 ], [ -88.7295, 34.1626 ], [ -88.7194, 34.1625 ], [ -88.7193, 34.1206 ], [ -88.7336, 34.0748 ], [ -88.8245, 34.0749 ], [ -88.8248, 34.206 ], [ -88.8177, 34.206 ] ] ] } },
{ "type": "Feature", "properties": { "GEOIDFQ": "1400000US28081950301", "NAME": "9503.01", "NAMELSAD": "Census Tract 9503.01" }, "geometry": { "type": "Polygon", "coordinates": [ [ [ -88.6513, 34.297 ], [ -88.6281, 34.2942 ], [ -88.6249, 34.3183 ], [ -88.5951, 34.3308 ], [ -88.5753, 34.3267 ], [ -88.5446, 34.3352 ], [ -88.5445, 34.2648 ], [ -88.6348, 34.2655 ], [ -88.6491, 34.2597 ], [ -88.6484, 34.2727 ], [ -88.6566, 34.2692 ], [ -88.6606, 34.2807 ], [ -88.6802, 34.2827 ], [ -88.6513, 34.297 ] ] ] } },
{ "type": "Feature", "properties": { "GEOIDFQ": "1400000US28081980000", "NAME": "9800", "NAMELSAD": "Census Tract 9800" }, "geometry": { "type": "Polygon", "coordinates": [ [ [ -88.7647, 34.281 ], [ -88.7641, 34.2647 ], [ -88.7574, 34.2647 ], [ -88.7671, 34.2501 ], [ -88.7727, 34.2499 ], [ -88.7729, 34.282 ], [ -88.7647, 34.281 ] ] ] } },
{ "type": "Feature", "properties": { "GEOIDFQ": "1400000US28081950902", "NAME": "9509.02", "NAMELSAD": "Census Tract 9509.02" }, "geometry": { "type": "Polygon", "coordinates": [ [ [ -88.7463, 34.247 ], [ -88.7286, 34.2511 ], [ -88.7287, 34.2236 ], [ -88.7196, 34.2306 ], [ -88.72, 34.2065 ], [ -88.7374, 34.2064 ], [ -88.7463, 34.247 ] ] ] } },
{ "type": "Feature", "properties": { "GEOIDFQ": "1400000US28081950401", "NAME": "9504.01", "NAMELSAD": "Census Tract 9504.01" }, "geometry": { "type": "Polygon", "coordinates": [ [ [ -88.8085, 34.2716 ], [ -88.7988, 34.2569 ], [ -88.7822, 34.2464 ], [ -88.7766, 34.2485 ], [ -88.77, 34.2315 ], [ -88.766, 34.2361 ], [ -88.7618, 34.2283 ], [ -88.7462, 34.2283 ], [ -88.7462, 34.221 ], [ -88.7376, 34.221 ], [ -88.7374, 34.2064 ], [ -88.7451, 34.2063 ], [ -88.7519, 34.1918 ], [ -88.816, 34.1941 ], [ -88.8177, 34.206 ], [ -88.8248, 34.206 ], [ -88.8254, 34.2702 ], [ -88.8085, 34.2716 ] ] ] } },
{ "type": "Feature", "properties": { "GEOIDFQ": "1400000US28033070522", "NAME": "705.22", "NAMELSAD": "Census Tract 705.22" }, "geometry": { "type": "Polygon", "coordinates": [ [ [ -89.9722, 34.9772 ], [ -89.9721, 34.9626 ], [ -89.9994, 34.9625 ], [ -90.0017, 34.9773 ], [ -89.9722, 34.9772 ] ] ] } },
{ "type": "Feature", "properties": { "GEOIDFQ": "1400000US28097950100", "NAME": "9501", "NAMELSAD": "Census Tract 9501" }, "geometry": { "type": "Polygon", "coordinates": [ [ [ -89.5069, 33.6776 ], [ -89.5019, 33.4389 ], [ -89.5501, 33.4388 ], [ -89.5707, 33.4548 ], [ -89.5934, 33.4584 ], [ -89.62, 33.4742 ], [ -89.6836, 33.4805 ], [ -89.7366, 33.5083 ], [ -89.732, 33.5338 ], [ -89.7441, 33.5521 ], [ -89.7587, 33.5566 ], [ -89.7857, 33.5431 ], [ -89.7869, 33.6767 ], [ -89.5069, 33.6776 ] ] ] } },
{ "type": "Feature", "properties": { "GEOIDFQ": "1400000US28097950200", "NAME": "9502", "NAMELSAD": "Census Tract 9502" }, "geometry": { "type": "Polygon", "coordinates": [ [ [ -89.7757, 33.4591 ], [ -89.7311, 33.4592 ], [ -89.729, 33.4385 ], [ -89.7227, 33.4346 ], [ -89.7024, 33.4657 ], [ -89.6779, 33.479 ], [ -89.62, 33.4742 ], [ -89.5934, 33.4584 ], [ -89.5707, 33.4548 ], [ -89.5489, 33.4387 ], [ -89.5019, 33.4389 ], [ -89.4978, 33.4601 ], [ -89.3807, 33.4595 ], [ -89.4063, 33.4515 ], [ -89.4106, 33.4362 ], [ -89.4215, 33.4295 ], [ -89.434, 33.4373 ], [ -89.4467, 33.4351 ], [ -89.4463, 33.4398 ], [ -89.454, 33.4332 ], [ -89.4538, 33.2859 ], [ -89.6453, 33.2855 ], [ -89.6463, 33.4025 ], [ -89.7156, 33.4021 ], [ -89.7158, 33.4168 ], [ -89.7852, 33.4163 ], [ -89.7857, 33.451 ], [ -89.7757, 33.4591 ] ] ] } },
{ "type": "Feature", "properties": { "GEOIDFQ": "1400000US28117950500", "NAME": "9505", "NAMELSAD": "Census Tract 9505" }, "geometry": { "type": "Polygon", "coordinates": [ [ [ -88.6559, 34.5229 ], [ -88.6705, 34.5406 ], [ -88.6587, 34.5459 ], [ -88.6487, 34.5352 ], [ -88.648, 34.5522 ], [ -88.6339, 34.5418 ], [ -88.6104, 34.5483 ], [ -88.6062, 34.5389 ], [ -88.6086, 34.5094 ], [ -88.6676, 34.5091 ], [ -88.6811, 34.5236 ], [ -88.6559, 34.5229 ] ] ] } },
{ "type": "Feature", "properties": { "GEOIDFQ": "1400000US28117950400", "NAME": "9504", "NAMELSAD": "Census Tract 9504" }, "geometry": { "type": "Polygon", "coordinates": [ [ [ -88.6806, 34.5451 ], [ -88.6831, 34.5747 ], [ -88.698, 34.579 ], [ -88.7007, 34.592 ], [ -88.682, 34.6036 ], [ -88.6634, 34.6036 ], [ -88.639, 34.5928 ], [ -88.6299, 34.5764 ], [ -88.5855, 34.5849 ], [ -88.5632, 34.611 ], [ -88.5504, 34.6022 ], [ -88.5287, 34.5996 ], [ -88.5304, 34.6108 ], [ -88.5181, 34.6222 ], [ -88.4971, 34.5898 ], [ -88.4749, 34.589 ], [ -88.4665, 34.5825 ], [ -88.4631, 34.5962 ], [ -88.4319, 34.6029 ], [ -88.4276, 34.6125 ], [ -88.3816, 34.597 ], [ -88.3777, 34.5885 ], [ -88.3546, 34.5895 ], [ -88.3505, 34.6088 ], [ -88.3379, 34.6169 ], [ -88.3305, 34.6115 ], [ -88.3292, 34.4636 ], [ -88.5421, 34.4653 ], [ -88.5417, 34.5092 ], [ -88.6086, 34.5094 ], [ -88.6104, 34.5483 ], [ -88.6339, 34.5418 ], [ -88.648, 34.5522 ], [ -88.6487, 34.5352 ], [ -88.6629, 34.5464 ], [ -88.6703, 34.5379 ], [ -88.6559, 34.5229 ], [ -88.6916, 34.5235 ], [ -88.7074, 34.5437 ], [ -88.6806, 34.5451 ] ] ] } },
{ "type": "Feature", "properties": { "GEOIDFQ": "1400000US28023950300", "NAME": "9503", "NAMELSAD": "Census Tract 9503" }, "geometry": { "type": "Polygon", "coordinates": [ [ [ -88.8867, 32.0712 ], [ -88.8707, 32.0497 ], [ -88.8481, 32.044 ], [ -88.8313, 32.0079 ], [ -88.8181, 31.9974 ], [ -88.8111, 32.0025 ], [ -88.8021, 31.9992 ], [ -88.8034, 32.0113 ], [ -88.7883, 32.0057 ], [ -88.7803, 32.0111 ], [ -88.7854, 32.0145 ], [ -88.7806, 32.0214 ], [ -88.7742, 32.016 ], [ -88.76, 32.0211 ], [ -88.7642, 32.0291 ], [ -88.7734, 32.0306 ], [ -88.7713, 32.0374 ], [ -88.7496, 32.0338 ], [ -88.7414, 32.0193 ], [ -88.7329, 32.0218 ], [ -88.7235, 31.986 ], [ -88.7173, 31.9884 ], [ -88.7046, 31.9747 ], [ -88.702, 31.9499 ], [ -88.6773, 31.9296 ], [ -88.7003, 31.9156 ], [ -88.6892, 31.9126 ], [ -88.6875, 31.905 ], [ -88.694, 31.9013 ], [ -88.6948, 31.8836 ], [ -88.6754, 31.8806 ], [ -88.6889, 31.8756 ], [ -88.6909, 31.8466 ], [ -88.7634, 31.8359 ], [ -88.9105, 31.8266 ], [ -88.9133, 32.0825 ], [ -88.8867, 32.0712 ] ] ] } },
{ "type": "Feature", "properties": { "GEOIDFQ": "1400000US28089030403", "NAME": "304.03", "NAMELSAD": "Census Tract 304.03" }, "geometry": { "type": "Polygon", "coordinates": [ [ [ -90.2778, 32.6604 ], [ -90.2445, 32.6587 ], [ -90.2423, 32.6647 ], [ -90.2267, 32.6682 ], [ -90.2223, 32.6598 ], [ -90.2065, 32.6665 ], [ -90.1971, 32.6638 ], [ -90.1931, 32.6722 ], [ -90.1543, 32.6915 ], [ -90.1363, 32.6874 ], [ -90.1375, 32.6987 ], [ -90.1316, 32.7025 ], [ -90.0999, 32.7001 ], [ -90.0764, 32.7294 ], [ -90.0576, 32.7312 ], [ -90.0452, 32.7442 ], [ -90.0337, 32.7357 ], [ -90.0306, 32.7061 ], [ -90.0356, 32.6997 ], [ -90.0268, 32.6971 ], [ -90.0254, 32.6741 ], [ -90.0347, 32.6404 ], [ -90.0546, 32.6403 ], [ -90.0548, 32.6326 ], [ -90.0627, 32.633 ], [ -90.0695, 32.606 ], [ -90.1069, 32.5799 ], [ -90.1447, 32.5822 ], [ -90.1646, 32.5682 ], [ -90.2035, 32.5632 ], [ -90.2158, 32.5533 ], [ -90.2426, 32.5565 ], [ -90.2476, 32.5601 ], [ -90.236, 32.5638 ], [ -90.2304, 32.6086 ], [ -90.2537, 32.6249 ], [ -90.2631, 32.641 ], [ -90.2843, 32.6474 ], [ -90.2778, 32.6604 ] ] ] } },
{ "type": "Feature", "properties": { "GEOIDFQ": "1400000US28089030109", "NAME": "301.09", "NAMELSAD": "Census Tract 301.09" }, "geometry": { "type": "Polygon", "coordinates": [ [ [ -90.1422, 32.4579 ], [ -90.1064, 32.4505 ], [ -90.1063, 32.4271 ], [ -90.1438, 32.4282 ], [ -90.1422, 32.4579 ] ] ] } },
{ "type": "Feature", "properties": { "GEOIDFQ": "1400000US28089030111", "NAME": "301.11", "NAMELSAD": "Census Tract 301.11" }, "geometry": { "type": "Polygon", "coordinates": [ [ [ -90.1149, 32.409 ], [ -90.1156, 32.3995 ], [ -90.132, 32.3995 ], [ -90.1321, 32.4141 ], [ -90.1149, 32.409 ] ] ] } },
{ "type": "Feature", "properties": { "GEOIDFQ": "1400000US28089030112", "NAME": "301.12", "NAMELSAD": "Census Tract 301.12" }, "geometry": { "type": "Polygon", "coordinates": [ [ [ -90.1063, 32.414 ], [ -90.1086, 32.3995 ], [ -90.1156, 32.3995 ], [ -90.1149, 32.409 ], [ -90.1235, 32.4078 ], [ -90.1235, 32.413 ], [ -90.1063, 32.414 ] ] ] } },
{ "type": "Feature", "properties": { "GEOIDFQ": "1400000US28089030402", "NAME": "304.02", "NAMELSAD": "Census Tract 304.02" }, "geometry": { "type": "Polygon", "coordinates": [ [ [ -90.2437, 32.5571 ], [ -90.2158, 32.5533 ], [ -90.2038, 32.5631 ], [ -90.1704, 32.5663 ], [ -90.1365, 32.5831 ], [ -90.132, 32.5168 ], [ -90.1812, 32.5242 ], [ -90.2238, 32.5212 ], [ -90.2436, 32.5404 ], [ -90.2437, 32.5571 ] ] ] } },
{ "type": "Feature", "properties": { "GEOIDFQ": "1400000US28089030401", "NAME": "304.01", "NAMELSAD": "Census Tract 304.01" }, "geometry": { "type": "Polygon", "coordinates": [ [ [ -90.1365, 32.5831 ], [ -90.1069, 32.5799 ], [ -90.0822, 32.6011 ], [ -90.0628, 32.6082 ], [ -90.061, 32.6 ], [ -90.0246, 32.582 ], [ -90.0281, 32.576 ], [ -90.0183, 32.56 ], [ -90.0228, 32.5459 ], [ -90.0165, 32.5387 ], [ -90.0261, 32.517 ], [ -90.072, 32.5171 ], [ -90.0865, 32.5116 ], [ -90.088, 32.5178 ], [ -90.132, 32.5168 ], [ -90.1365, 32.5831 ] ] ] } },
{ "type": "Feature", "properties": { "GEOIDFQ": "1400000US28089030208", "NAME": "302.08", "NAMELSAD": "Census Tract 302.08" }, "geometry": { "type": "Polygon", "coordinates": [ [ [ -90.0855, 32.5117 ], [ -90.0723, 32.517 ], [ -89.9944, 32.5168 ], [ -89.9775, 32.5271 ], [ -89.9435, 32.5193 ], [ -89.9398, 32.5137 ], [ -89.961, 32.4912 ], [ -89.9816, 32.4982 ], [ -89.993, 32.4827 ], [ -90.0032, 32.4858 ], [ -90.011, 32.4791 ], [ -90.0254, 32.4844 ], [ -90.0606, 32.4646 ], [ -90.0821, 32.4651 ], [ -90.0848, 32.4779 ], [ -90.0924, 32.4749 ], [ -90.101, 32.4816 ], [ -90.0855, 32.5117 ] ] ] } },
{ "type": "Feature", "properties": { "GEOIDFQ": "1400000US28089030207", "NAME": "302.07", "NAMELSAD": "Census Tract 302.07" }, "geometry": { "type": "Polygon", "coordinates": [ [ [ -90.0848, 32.4779 ], [ -90.0821, 32.4651 ], [ -90.0606, 32.4646 ], [ -90.0254, 32.4844 ], [ -90.0138, 32.4801 ], [ -90.0409, 32.4495 ], [ -90.0399, 32.4425 ], [ -90.0575, 32.4351 ], [ -90.0683, 32.4387 ], [ -90.0711, 32.4504 ], [ -90.0892, 32.4488 ], [ -90.0925, 32.4736 ], [ -90.0848, 32.4779 ] ] ] } },
{ "type": "Feature", "properties": { "GEOIDFQ": "1400000US28003950501", "NAME": "9505.01", "NAMELSAD": "Census Tract 9505.01" }, "geometry": { "type": "Polygon", "coordinates": [ [ [ -88.5761, 34.9271 ], [ -88.5474, 34.9309 ], [ -88.5444, 34.909 ], [ -88.5235, 34.9087 ], [ -88.5233, 34.9252 ], [ -88.5059, 34.9163 ], [ -88.5027, 34.9308 ], [ -88.4481, 34.8831 ], [ -88.4726, 34.8784 ], [ -88.4723, 34.8699 ], [ -88.4878, 34.858 ], [ -88.4976, 34.8633 ], [ -88.5095, 34.8422 ], [ -88.5562, 34.8433 ], [ -88.5589, 34.8579 ], [ -88.5858, 34.858 ], [ -88.5901, 34.876 ], [ -88.5854, 34.892 ], [ -88.5943, 34.8947 ], [ -88.5947, 34.9094 ], [ -88.5761, 34.9271 ] ] ] } },
{ "type": "Feature", "properties": { "GEOIDFQ": "1400000US28089031100", "NAME": "311", "NAMELSAD": "Census Tract 311" }, "geometry": { "type": "Polygon", "coordinates": [ [ [ -90.0409, 32.6126 ], [ -89.9865, 32.6131 ], [ -89.9844, 32.5948 ], [ -89.9927, 32.5912 ], [ -90.0325, 32.5848 ], [ -90.0488, 32.593 ], [ -90.0409, 32.6126 ] ] ] } },
{ "type": "Feature", "properties": { "GEOIDFQ": "1400000US28089030502", "NAME": "305.02", "NAMELSAD": "Census Tract 305.02" }, "geometry": { "type": "Polygon", "coordinates": [ [ [ -90.0627, 32.633 ], [ -90.0548, 32.6326 ], [ -90.0545, 32.6403 ], [ -90.0347, 32.6404 ], [ -90.0467, 32.6126 ], [ -90.0694, 32.6067 ], [ -90.0627, 32.633 ] ] ] } },
{ "type": "Feature", "properties": { "GEOIDFQ": "1400000US28089030501", "NAME": "305.01", "NAMELSAD": "Census Tract 305.01" }, "geometry": { "type": "Polygon", "coordinates": [ [ [ -90.0467, 32.6126 ], [ -90.0464, 32.6237 ], [ -90.0382, 32.6237 ], [ -90.0488, 32.593 ], [ -90.0611, 32.6 ], [ -90.0628, 32.6082 ], [ -90.0467, 32.6126 ] ] ] } },
{ "type": "Feature", "properties": { "GEOIDFQ": "1400000US28049011201", "NAME": "112.01", "NAMELSAD": "Census Tract 112.01" }, "geometry": { "type": "Polygon", "coordinates": [ [ [ -90.543, 32.0957 ], [ -90.5448, 32.1156 ], [ -90.5381, 32.1249 ], [ -90.5478, 32.1396 ], [ -90.518, 32.1547 ], [ -90.5053, 32.1756 ], [ -90.4718, 32.1739 ], [ -90.4642, 32.1664 ], [ -90.4451, 32.1737 ], [ -90.4376, 32.1493 ], [ -90.4154, 32.1532 ], [ -90.3913, 32.1448 ], [ -90.371, 32.1483 ], [ -90.3718, 32.0934 ], [ -90.3068, 32.0934 ], [ -90.3199, 32.0678 ], [ -90.3387, 32.0497 ], [ -90.515, 32.05 ], [ -90.5184, 32.0622 ], [ -90.5501, 32.0752 ], [ -90.5521, 32.0835 ], [ -90.543, 32.0957 ] ] ] } },
{ "type": "Feature", "properties": { "GEOIDFQ": "1400000US28133950200", "NAME": "9502", "NAMELSAD": "Census Tract 9502" }, "geometry": { "type": "Polygon", "coordinates": [ [ [ -90.7635, 33.6162 ], [ -90.6586, 33.6163 ], [ -90.6587, 33.7759 ], [ -90.5578, 33.7636 ], [ -90.541, 33.7531 ], [ -90.5437, 33.7465 ], [ -90.5079, 33.7433 ], [ -90.4882, 33.7481 ], [ -90.4726, 33.7597 ], [ -90.4522, 33.7596 ], [ -90.4523, 33.5932 ], [ -90.5226, 33.5936 ], [ -90.5213, 33.6009 ], [ -90.5396, 33.6014 ], [ -90.5575, 33.5697 ], [ -90.5785, 33.572 ], [ -90.59, 33.5655 ], [ -90.6094, 33.5653 ], [ -90.6153, 33.5507 ], [ -90.6376, 33.5365 ], [ -90.7102, 33.5658 ], [ -90.7321, 33.5671 ], [ -90.7371, 33.5581 ], [ -90.7635, 33.5579 ], [ -90.7635, 33.6162 ] ] ] } },
{ "type": "Feature", "properties": { "GEOIDFQ": "1400000US28033070210", "NAME": "702.10", "NAMELSAD": "Census Tract 702.10" }, "geometry": { "type": "Polygon", "coordinates": [ [ [ -90.0608, 34.995 ], [ -90.0607, 34.9481 ], [ -90.0961, 34.9479 ], [ -90.0963, 34.9949 ], [ -90.0608, 34.995 ] ] ] } },
{ "type": "Feature", "properties": { "GEOIDFQ": "1400000US28049001500", "NAME": "15", "NAMELSAD": "Census Tract 15" }, "geometry": { "type": "Polygon", "coordinates": [ [ [ -90.1757, 32.3267 ], [ -90.1607, 32.3278 ], [ -90.1584, 32.318 ], [ -90.1662, 32.3113 ], [ -90.1784, 32.316 ], [ -90.1757, 32.3267 ] ] ] } },
{ "type": "Feature", "properties": { "GEOIDFQ": "1400000US28049001600", "NAME": "16", "NAMELSAD": "Census Tract 16" }, "geometry": { "type": "Polygon", "coordinates": [ [ [ -90.1868, 32.3268 ], [ -90.1757, 32.3267 ], [ -90.178, 32.3122 ], [ -90.1636, 32.3101 ], [ -90.1666, 32.3029 ], [ -90.1831, 32.3051 ], [ -90.1868, 32.3268 ] ] ] } },
{ "type": "Feature", "properties": { "GEOIDFQ": "1400000US28011950601", "NAME": "9506.01", "NAMELSAD": "Census Tract 9506.01" }, "geometry": { "type": "Polygon", "coordinates": [ [ [ -90.763, 33.7331 ], [ -90.7405, 33.733 ], [ -90.7333, 33.7373 ], [ -90.7337, 33.7476 ], [ -90.7236, 33.7478 ], [ -90.73, 33.7185 ], [ -90.7631, 33.7187 ], [ -90.763, 33.7331 ] ] ] } },
{ "type": "Feature", "properties": { "GEOIDFQ": "1400000US28011950602", "NAME": "9506.02", "NAMELSAD": "Census Tract 9506.02" }, "geometry": { "type": "Polygon", "coordinates": [ [ [ -90.763, 33.7695 ], [ -90.7394, 33.7694 ], [ -90.7236, 33.7478 ], [ -90.7337, 33.7476 ], [ -90.7333, 33.7373 ], [ -90.7405, 33.733 ], [ -90.763, 33.7331 ], [ -90.763, 33.7695 ] ] ] } },
{ "type": "Feature", "properties": { "GEOIDFQ": "1400000US28059040600", "NAME": "406", "NAMELSAD": "Census Tract 406" }, "geometry": { "type": "Polygon", "coordinates": [ [ [ -88.8101, 30.4136 ], [ -88.7854, 30.4102 ], [ -88.7822, 30.3996 ], [ -88.7716, 30.3983 ], [ -88.7786, 30.3818 ], [ -88.8103, 30.395 ], [ -88.8101, 30.4136 ] ] ] } },
{ "type": "Feature", "properties": { "GEOIDFQ": "1400000US28003950502", "NAME": "9505.02", "NAMELSAD": "Census Tract 9505.02" }, "geometry": { "type": "Polygon", "coordinates": [ [ [ -88.5451, 34.9382 ], [ -88.5331, 34.9383 ], [ -88.5057, 34.9308 ], [ -88.5059, 34.9163 ], [ -88.5233, 34.9252 ], [ -88.5235, 34.9087 ], [ -88.5444, 34.909 ], [ -88.5451, 34.9382 ] ] ] } },
{ "type": "Feature", "properties": { "GEOIDFQ": "1400000US28003950401", "NAME": "9504.01", "NAMELSAD": "Census Tract 9504.01" }, "geometry": { "type": "Polygon", "coordinates": [ [ [ -88.7974, 34.9094 ], [ -88.7956, 34.9201 ], [ -88.7901, 34.9147 ], [ -88.789, 34.9203 ], [ -88.7373, 34.9363 ], [ -88.7128, 34.931 ], [ -88.5707, 34.9309 ], [ -88.5949, 34.9092 ], [ -88.5943, 34.8947 ], [ -88.5854, 34.892 ], [ -88.5901, 34.876 ], [ -88.5858, 34.858 ], [ -88.6167, 34.8543 ], [ -88.6399, 34.8622 ], [ -88.6649, 34.8569 ], [ -88.6654, 34.8704 ], [ -88.6752, 34.8655 ], [ -88.704, 34.8675 ], [ -88.7167, 34.8528 ], [ -88.753, 34.8473 ], [ -88.753, 34.8588 ], [ -88.8235, 34.8586 ], [ -88.8235, 34.9135 ], [ -88.7974, 34.9094 ] ] ] } },
{ "type": "Feature", "properties": { "GEOIDFQ": "1400000US28003950402", "NAME": "9504.02", "NAMELSAD": "Census Tract 9504.02" }, "geometry": { "type": "Polygon", "coordinates": [ [ [ -88.8231, 34.9952 ], [ -88.6059, 34.9956 ], [ -88.5865, 34.9827 ], [ -88.584, 34.9453 ], [ -88.5751, 34.942 ], [ -88.5809, 34.931 ], [ -88.7128, 34.931 ], [ -88.7377, 34.9363 ], [ -88.7648, 34.9239 ], [ -88.789, 34.9203 ], [ -88.7901, 34.9147 ], [ -88.7956, 34.9201 ], [ -88.7974, 34.9094 ], [ -88.8211, 34.9127 ], [ -88.8231, 34.9952 ] ] ] } },
{ "type": "Feature", "properties": { "GEOIDFQ": "1400000US28003950202", "NAME": "9502.02", "NAMELSAD": "Census Tract 9502.02" }, "geometry": { "type": "Polygon", "coordinates": [ [ [ -88.4763, 34.9958 ], [ -88.479, 34.961 ], [ -88.4911, 34.9571 ], [ -88.4888, 34.9453 ], [ -88.517, 34.9454 ], [ -88.5259, 34.9555 ], [ -88.5285, 34.9958 ], [ -88.4763, 34.9958 ] ] ] } },
{ "type": "Feature", "properties": { "GEOIDFQ": "1400000US28153950302", "NAME": "9503.02", "NAMELSAD": "Census Tract 9503.02" }, "geometry": { "type": "Polygon", "coordinates": [ [ [ -88.8912, 31.6972 ], [ -88.8173, 31.6974 ], [ -88.8316, 31.7215 ], [ -88.8254, 31.7308 ], [ -88.8143, 31.7333 ], [ -88.8148, 31.7401 ], [ -88.7831, 31.743 ], [ -88.7788, 31.7347 ], [ -88.7418, 31.7206 ], [ -88.7143, 31.7215 ], [ -88.6703, 31.6947 ], [ -88.6835, 31.6819 ], [ -88.6823, 31.6536 ], [ -88.6616, 31.6569 ], [ -88.6631, 31.6413 ], [ -88.6521, 31.6403 ], [ -88.667, 31.6286 ], [ -88.6669, 31.6091 ], [ -88.6745, 31.5971 ], [ -88.6985, 31.5805 ], [ -88.7519, 31.6087 ], [ -88.7801, 31.6031 ], [ -88.8155, 31.6148 ], [ -88.8581, 31.6071 ], [ -88.8757, 31.6212 ], [ -88.8977, 31.6058 ], [ -88.9395, 31.6065 ], [ -88.9432, 31.707 ], [ -88.8912, 31.6972 ] ] ] } },
{ "type": "Feature", "properties": { "GEOIDFQ": "1400000US28153950301", "NAME": "9503.01", "NAMELSAD": "Census Tract 9503.01" }, "geometry": { "type": "Polygon", "coordinates": [ [ [ -88.7634, 31.8359 ], [ -88.6909, 31.8466 ], [ -88.6907, 31.8386 ], [ -88.7008, 31.8399 ], [ -88.7155, 31.8237 ], [ -88.7017, 31.8196 ], [ -88.6946, 31.8082 ], [ -88.6994, 31.8046 ], [ -88.709, 31.8099 ], [ -88.7036, 31.8021 ], [ -88.7162, 31.7934 ], [ -88.7117, 31.783 ], [ -88.6959, 31.7852 ], [ -88.7026, 31.7745 ], [ -88.6851, 31.761 ], [ -88.6923, 31.761 ], [ -88.687, 31.7547 ], [ -88.6815, 31.7571 ], [ -88.6779, 31.7472 ], [ -88.6722, 31.7475 ], [ -88.6787, 31.7333 ], [ -88.6586, 31.7199 ], [ -88.6624, 31.705 ], [ -88.6703, 31.6947 ], [ -88.6769, 31.6964 ], [ -88.7143, 31.7215 ], [ -88.7418, 31.7206 ], [ -88.7788, 31.7347 ], [ -88.7831, 31.743 ], [ -88.8148, 31.7401 ], [ -88.8143, 31.7333 ], [ -88.8254, 31.7308 ], [ -88.8316, 31.7215 ], [ -88.8173, 31.6974 ], [ -88.8912, 31.6972 ], [ -88.9432, 31.707 ], [ -88.9434, 31.8246 ], [ -88.7634, 31.8359 ] ] ] } },
{ "type": "Feature", "properties": { "GEOIDFQ": "1400000US28153950101", "NAME": "9501.01", "NAMELSAD": "Census Tract 9501.01" }, "geometry": { "type": "Polygon", "coordinates": [ [ [ -88.7036, 31.8021 ], [ -88.709, 31.8099 ], [ -88.6994, 31.8046 ], [ -88.6946, 31.8082 ], [ -88.7017, 31.8196 ], [ -88.7155, 31.8237 ], [ -88.7008, 31.8399 ], [ -88.6907, 31.8386 ], [ -88.6909, 31.8466 ], [ -88.6224, 31.8572 ], [ -88.4732, 31.8939 ], [ -88.4639, 31.6889 ], [ -88.4752, 31.6976 ], [ -88.5066, 31.7013 ], [ -88.534, 31.6861 ], [ -88.5809, 31.691 ], [ -88.6151, 31.6811 ], [ -88.6205, 31.7002 ], [ -88.6663, 31.6959 ], [ -88.6584, 31.7194 ], [ -88.6759, 31.7276 ], [ -88.672, 31.7333 ], [ -88.6787, 31.7333 ], [ -88.6779, 31.7438 ], [ -88.6722, 31.7475 ], [ -88.6779, 31.7472 ], [ -88.6815, 31.7571 ], [ -88.687, 31.7547 ], [ -88.6923, 31.761 ], [ -88.6851, 31.761 ], [ -88.7026, 31.7745 ], [ -88.6959, 31.7852 ], [ -88.7117, 31.783 ], [ -88.7162, 31.7936 ], [ -88.7036, 31.8021 ] ] ] } },
{ "type": "Feature", "properties": { "GEOIDFQ": "1400000US28153950402", "NAME": "9504.02", "NAMELSAD": "Census Tract 9504.02" }, "geometry": { "type": "Polygon", "coordinates": [ [ [ -88.5626, 31.5819 ], [ -88.5591, 31.5744 ], [ -88.5513, 31.5815 ], [ -88.5314, 31.5818 ], [ -88.5258, 31.5674 ], [ -88.5104, 31.5713 ], [ -88.5109, 31.5671 ], [ -88.4891, 31.5682 ], [ -88.4749, 31.5604 ], [ -88.4563, 31.5625 ], [ -88.4494, 31.4358 ], [ -88.558, 31.4345 ], [ -88.5554, 31.4493 ], [ -88.5736, 31.4694 ], [ -88.5683, 31.484 ], [ -88.553, 31.4953 ], [ -88.5695, 31.5372 ], [ -88.566, 31.5549 ], [ -88.5526, 31.5542 ], [ -88.5561, 31.5629 ], [ -88.5748, 31.5714 ], [ -88.5626, 31.5819 ] ] ] } },
{ "type": "Feature", "properties": { "GEOIDFQ": "1400000US28153950401", "NAME": "9504.01", "NAMELSAD": "Census Tract 9504.01" }, "geometry": { "type": "Polygon", "coordinates": [ [ [ -88.9427, 31.6077 ], [ -88.8979, 31.6058 ], [ -88.8757, 31.6212 ], [ -88.8581, 31.6071 ], [ -88.8155, 31.6148 ], [ -88.7801, 31.6031 ], [ -88.7516, 31.6087 ], [ -88.6985, 31.5805 ], [ -88.6745, 31.5971 ], [ -88.6669, 31.6091 ], [ -88.6666, 31.6292 ], [ -88.6485, 31.6405 ], [ -88.6401, 31.6283 ], [ -88.6166, 31.6356 ], [ -88.6065, 31.6222 ], [ -88.6133, 31.6183 ], [ -88.6074, 31.6173 ], [ -88.6093, 31.6084 ], [ -88.6038, 31.6106 ], [ -88.6052, 31.6031 ], [ -88.5945, 31.6008 ], [ -88.596, 31.5938 ], [ -88.5784, 31.5794 ], [ -88.5704, 31.58 ], [ -88.574, 31.5697 ], [ -88.5561, 31.5629 ], [ -88.5526, 31.5542 ], [ -88.566, 31.5549 ], [ -88.5694, 31.537 ], [ -88.553, 31.4953 ], [ -88.5683, 31.484 ], [ -88.5736, 31.4692 ], [ -88.5554, 31.4493 ], [ -88.558, 31.4345 ], [ -88.9435, 31.4335 ], [ -88.9427, 31.6077 ] ] ] } },
{ "type": "Feature", "properties": { "GEOIDFQ": "1400000US28153950102", "NAME": "9501.02", "NAMELSAD": "Census Tract 9501.02" }, "geometry": { "type": "Polygon", "coordinates": [ [ [ -88.5811, 31.691 ], [ -88.5343, 31.6861 ], [ -88.5066, 31.7013 ], [ -88.4748, 31.6974 ], [ -88.4639, 31.6889 ], [ -88.4563, 31.5625 ], [ -88.4749, 31.5604 ], [ -88.4891, 31.5682 ], [ -88.5109, 31.5671 ], [ -88.5104, 31.5713 ], [ -88.5258, 31.5674 ], [ -88.5314, 31.5818 ], [ -88.5513, 31.5815 ], [ -88.5591, 31.5744 ], [ -88.5626, 31.5819 ], [ -88.5696, 31.5759 ], [ -88.5784, 31.5794 ], [ -88.596, 31.5938 ], [ -88.5945, 31.6008 ], [ -88.6052, 31.6031 ], [ -88.6038, 31.6106 ], [ -88.6093, 31.6084 ], [ -88.6074, 31.6173 ], [ -88.6133, 31.6183 ], [ -88.6065, 31.6222 ], [ -88.6166, 31.6356 ], [ -88.6266, 31.6384 ], [ -88.6233, 31.6573 ], [ -88.6301, 31.6728 ], [ -88.5811, 31.691 ] ] ] } },
{ "type": "Feature", "properties": { "GEOIDFQ": "1400000US28017950401", "NAME": "9504.01", "NAMELSAD": "Census Tract 9504.01" }, "geometry": { "type": "Polygon", "coordinates": [ [ [ -88.9479, 33.9004 ], [ -88.9253, 33.9284 ], [ -88.9307, 33.9548 ], [ -88.9103, 33.9597 ], [ -88.8979, 33.9935 ], [ -88.8865, 34.002 ], [ -88.8509, 34.0019 ], [ -88.8522, 33.9687 ], [ -88.839, 33.9609 ], [ -88.8366, 33.9651 ], [ -88.786, 33.9653 ], [ -88.7808, 33.9889 ], [ -88.7595, 33.9666 ], [ -88.7317, 33.9701 ], [ -88.72, 33.9632 ], [ -88.72, 33.8113 ], [ -88.9095, 33.8122 ], [ -88.9305, 33.8303 ], [ -88.9532, 33.8811 ], [ -88.9479, 33.9004 ] ] ] } },
{ "type": "Feature", "properties": { "GEOIDFQ": "1400000US28017950402", "NAME": "9504.02", "NAMELSAD": "Census Tract 9504.02" }, "geometry": { "type": "Polygon", "coordinates": [ [ [ -89.19, 33.8117 ], [ -89.1379, 33.8121 ], [ -89.1378, 33.9187 ], [ -89.0489, 33.9199 ], [ -89.0517, 33.9118 ], [ -89.0671, 33.9058 ], [ -89.0734, 33.8833 ], [ -89.0585, 33.881 ], [ -89.0533, 33.864 ], [ -89.0223, 33.8734 ], [ -88.9857, 33.8669 ], [ -88.9752, 33.8526 ], [ -88.9643, 33.8872 ], [ -88.9526, 33.8855 ], [ -88.9305, 33.8303 ], [ -88.9095, 33.8122 ], [ -88.9312, 33.8124 ], [ -88.9316, 33.7543 ], [ -89.0348, 33.7542 ], [ -89.0345, 33.7394 ], [ -89.1918, 33.7394 ], [ -89.19, 33.8117 ] ] ] } },
{ "type": "Feature", "properties": { "GEOIDFQ": "1400000US28085950201", "NAME": "9502.01", "NAMELSAD": "Census Tract 9502.01" }, "geometry": { "type": "Polygon", "coordinates": [ [ [ -90.7368, 31.6985 ], [ -90.4975, 31.6991 ], [ -90.4869, 31.687 ], [ -90.4933, 31.6826 ], [ -90.4989, 31.6518 ], [ -90.4787, 31.6515 ], [ -90.472, 31.6128 ], [ -90.5336, 31.6175 ], [ -90.5501, 31.6266 ], [ -90.5654, 31.5823 ], [ -90.5973, 31.5723 ], [ -90.6252, 31.5874 ], [ -90.6332, 31.5858 ], [ -90.6332, 31.6114 ], [ -90.7373, 31.6111 ], [ -90.7368, 31.6985 ] ] ] } },
{ "type": "Feature", "properties": { "GEOIDFQ": "1400000US28085950202", "NAME": "9502.02", "NAMELSAD": "Census Tract 9502.02" }, "geometry": { "type": "Polygon", "coordinates": [ [ [ -90.6332, 31.5858 ], [ -90.6252, 31.5874 ], [ -90.5977, 31.5724 ], [ -90.5734, 31.5771 ], [ -90.5645, 31.584 ], [ -90.5501, 31.6266 ], [ -90.5332, 31.6174 ], [ -90.4772, 31.615 ], [ -90.4656, 31.6054 ], [ -90.4795, 31.5642 ], [ -90.5018, 31.5603 ], [ -90.5017, 31.5346 ], [ -90.5713, 31.5224 ], [ -90.5974, 31.5241 ], [ -90.6333, 31.5137 ], [ -90.6332, 31.5858 ] ] ] } },
{ "type": "Feature", "properties": { "GEOIDFQ": "1400000US28087000403", "NAME": "4.03", "NAMELSAD": "Census Tract 4.03" }, "geometry": { "type": "Polygon", "coordinates": [ [ [ -88.4303, 33.4589 ], [ -88.4143, 33.4617 ], [ -88.4039, 33.4776 ], [ -88.3816, 33.4783 ], [ -88.3446, 33.4602 ], [ -88.3445, 33.4414 ], [ -88.3592, 33.4419 ], [ -88.3379, 33.4244 ], [ -88.3336, 33.4095 ], [ -88.347, 33.4115 ], [ -88.3596, 33.4049 ], [ -88.3005, 33.3208 ], [ -88.3028, 33.3022 ], [ -88.3237, 33.3184 ], [ -88.3588, 33.3255 ], [ -88.3624, 33.3434 ], [ -88.3724, 33.3429 ], [ -88.3749, 33.3347 ], [ -88.382, 33.3339 ], [ -88.3971, 33.3419 ], [ -88.3976, 33.3635 ], [ -88.3809, 33.3508 ], [ -88.3753, 33.3552 ], [ -88.3966, 33.3783 ], [ -88.4041, 33.4215 ], [ -88.4338, 33.4215 ], [ -88.4427, 33.4425 ], [ -88.4303, 33.4589 ] ] ] } },
{ "type": "Feature", "properties": { "GEOIDFQ": "1400000US28003950201", "NAME": "9502.01", "NAMELSAD": "Census Tract 9502.01" }, "geometry": { "type": "Polygon", "coordinates": [ [ [ -88.4888, 34.9453 ], [ -88.4807, 34.9328 ], [ -88.4867, 34.9158 ], [ -88.5027, 34.9308 ], [ -88.5154, 34.9329 ], [ -88.5169, 34.9454 ], [ -88.4888, 34.9453 ] ] ] } },
{ "type": "Feature", "properties": { "GEOIDFQ": "1400000US28047001900", "NAME": "19", "NAMELSAD": "Census Tract 19" }, "geometry": { "type": "Polygon", "coordinates": [ [ [ -89.0777, 30.3842 ], [ -89.061, 30.3914 ], [ -89.0604, 30.378 ], [ -89.078, 30.3758 ], [ -89.0777, 30.3842 ] ] ] } },
{ "type": "Feature", "properties": { "GEOIDFQ": "1400000US28047002300", "NAME": "23", "NAMELSAD": "Census Tract 23" }, "geometry": { "type": "Polygon", "coordinates": [ [ [ -89.1115, 30.3766 ], [ -89.103, 30.3766 ], [ -89.112, 30.384 ], [ -89.0955, 30.384 ], [ -89.0953, 30.369 ], [ -89.1113, 30.364 ], [ -89.1115, 30.3766 ] ] ] } },
{ "type": "Feature", "properties": { "GEOIDFQ": "1400000US28047002500", "NAME": "25", "NAMELSAD": "Census Tract 25" }, "geometry": { "type": "Polygon", "coordinates": [ [ [ -89.112, 30.384 ], [ -89.103, 30.3766 ], [ -89.1369, 30.3692 ], [ -89.145, 30.3838 ], [ -89.112, 30.384 ] ] ] } },
{ "type": "Feature", "properties": { "GEOIDFQ": "1400000US28047002600", "NAME": "26", "NAMELSAD": "Census Tract 26" }, "geometry": { "type": "Polygon", "coordinates": [ [ [ -89.1194, 30.3766 ], [ -89.1115, 30.3766 ], [ -89.1113, 30.364 ], [ -89.1313, 30.3573 ], [ -89.1368, 30.3661 ], [ -89.1194, 30.3766 ] ] ] } },
{ "type": "Feature", "properties": { "GEOIDFQ": "1400000US28049010301", "NAME": "103.01", "NAMELSAD": "Census Tract 103.01" }, "geometry": { "type": "Polygon", "coordinates": [ [ [ -90.2589, 32.3807 ], [ -90.2358, 32.3593 ], [ -90.2826, 32.3566 ], [ -90.2843, 32.3677 ], [ -90.2589, 32.3807 ] ] ] } },
{ "type": "Feature", "properties": { "GEOIDFQ": "1400000US28011950702", "NAME": "9507.02", "NAMELSAD": "Census Tract 9507.02" }, "geometry": { "type": "Polygon", "coordinates": [ [ [ -90.7231, 33.7431 ], [ -90.7158, 33.742 ], [ -90.7107, 33.7183 ], [ -90.73, 33.7186 ], [ -90.7231, 33.7431 ] ] ] } },
{ "type": "Feature", "properties": { "GEOIDFQ": "1400000US28033070523", "NAME": "705.23", "NAMELSAD": "Census Tract 705.23" }, "geometry": { "type": "Polygon", "coordinates": [ [ [ -89.9368, 34.9949 ], [ -89.9367, 34.9624 ], [ -89.9721, 34.9626 ], [ -89.9729, 34.9918 ], [ -89.9368, 34.9949 ] ] ] } },
{ "type": "Feature", "properties": { "GEOIDFQ": "1400000US28033070631", "NAME": "706.31", "NAMELSAD": "Census Tract 706.31" }, "geometry": { "type": "Polygon", "coordinates": [ [ [ -89.9367, 34.9624 ], [ -89.9014, 34.9626 ], [ -89.9014, 34.9331 ], [ -89.9368, 34.9347 ], [ -89.9367, 34.9624 ] ] ] } },
{ "type": "Feature", "properties": { "GEOIDFQ": "1400000US28033070524", "NAME": "705.24", "NAMELSAD": "Census Tract 705.24" }, "geometry": { "type": "Polygon", "coordinates": [ [ [ -89.9368, 34.9949 ], [ -89.9015, 34.9947 ], [ -89.9014, 34.9626 ], [ -89.9367, 34.9624 ], [ -89.9368, 34.9949 ] ] ] } },
{ "type": "Feature", "properties": { "GEOIDFQ": "1400000US28033070724", "NAME": "707.24", "NAMELSAD": "Census Tract 707.24" }, "geometry": { "type": "Polygon", "coordinates": [ [ [ -89.8525, 34.9622 ], [ -89.8305, 34.9458 ], [ -89.8306, 34.9433 ], [ -89.8539, 34.9476 ], [ -89.8823, 34.9376 ], [ -89.9014, 34.9379 ], [ -89.9014, 34.9617 ], [ -89.8525, 34.9622 ] ] ] } },
{ "type": "Feature", "properties": { "GEOIDFQ": "1400000US28033070635", "NAME": "706.35", "NAMELSAD": "Census Tract 706.35" }, "geometry": { "type": "Polygon", "coordinates": [ [ [ -89.9368, 34.9333 ], [ -89.9368, 34.9032 ], [ -89.9913, 34.9044 ], [ -89.9946, 34.9336 ], [ -89.9368, 34.9333 ] ] ] } },
{ "type": "Feature", "properties": { "GEOIDFQ": "1400000US28033071002", "NAME": "710.02", "NAMELSAD": "Census Tract 710.02" }, "geometry": { "type": "Polygon", "coordinates": [ [ [ -89.9715, 34.8166 ], [ -89.9366, 34.8141 ], [ -89.9368, 34.8833 ], [ -89.9026, 34.8931 ], [ -89.9015, 34.8607 ], [ -89.8803, 34.8607 ], [ -89.8918, 34.7897 ], [ -89.9044, 34.7846 ], [ -89.9153, 34.7583 ], [ -89.9519, 34.7407 ], [ -89.954, 34.727 ], [ -89.9641, 34.7237 ], [ -89.9637, 34.7652 ], [ -89.9763, 34.8239 ], [ -89.9715, 34.8166 ] ] ] } },
{ "type": "Feature", "properties": { "GEOIDFQ": "1400000US28033071001", "NAME": "710.01", "NAMELSAD": "Census Tract 710.01" }, "geometry": { "type": "Polygon", "coordinates": [ [ [ -89.9913, 34.8833 ], [ -89.9368, 34.8833 ], [ -89.9366, 34.8141 ], [ -89.9718, 34.8168 ], [ -89.9913, 34.8833 ] ] ] } },
{ "type": "Feature", "properties": { "GEOIDFQ": "1400000US28033070723", "NAME": "707.23", "NAMELSAD": "Census Tract 707.23" }, "geometry": { "type": "Polygon", "coordinates": [ [ [ -89.8784, 34.9944 ], [ -89.8525, 34.9622 ], [ -89.9014, 34.9626 ], [ -89.9015, 34.9947 ], [ -89.8784, 34.9944 ] ] ] } },
{ "type": "Feature", "properties": { "GEOIDFQ": "1400000US28033071123", "NAME": "711.23", "NAMELSAD": "Census Tract 711.23" }, "geometry": { "type": "Polygon", "coordinates": [ [ [ -90.1063, 34.7701 ], [ -90.1135, 34.8042 ], [ -90.0991, 34.8254 ], [ -90.0936, 34.83 ], [ -90.0245, 34.8307 ], [ -90.0176, 34.8271 ], [ -90.0181, 34.8162 ], [ -89.9937, 34.8159 ], [ -89.9904, 34.7544 ], [ -89.9634, 34.7508 ], [ -89.9641, 34.7237 ], [ -89.9816, 34.7264 ], [ -89.9861, 34.7189 ], [ -90.0002, 34.7202 ], [ -90.0004, 34.716 ], [ -90.0372, 34.7088 ], [ -90.0424, 34.7143 ], [ -90.054, 34.7122 ], [ -90.0602, 34.7281 ], [ -90.0737, 34.721 ], [ -90.0898, 34.7356 ], [ -90.1065, 34.733 ], [ -90.1169, 34.7524 ], [ -90.1063, 34.7701 ] ] ] } },
{ "type": "Feature", "properties": { "GEOIDFQ": "1400000US28033070632", "NAME": "706.32", "NAMELSAD": "Census Tract 706.32" }, "geometry": { "type": "Polygon", "coordinates": [ [ [ -89.9804, 34.9627 ], [ -89.9367, 34.9624 ], [ -89.9368, 34.9333 ], [ -89.9811, 34.9354 ], [ -89.9804, 34.9627 ] ] ] } },
{ "type": "Feature", "properties": { "GEOIDFQ": "1400000US28033071122", "NAME": "711.22", "NAMELSAD": "Census Tract 711.22" }, "geometry": { "type": "Polygon", "coordinates": [ [ [ -90.0781, 34.8408 ], [ -90.0781, 34.8751 ], [ -90.0089, 34.8822 ], [ -90.0029, 34.8401 ], [ -89.9846, 34.8237 ], [ -90.009, 34.8235 ], [ -90.0261, 34.8309 ], [ -90.0935, 34.83 ], [ -90.0781, 34.8408 ] ] ] } },
{ "type": "Feature", "properties": { "GEOIDFQ": "1400000US28033071124", "NAME": "711.24", "NAMELSAD": "Census Tract 711.24" }, "geometry": { "type": "Polygon", "coordinates": [ [ [ -89.9763, 34.8239 ], [ -89.9634, 34.7508 ], [ -89.9904, 34.7544 ], [ -89.9902, 34.8086 ], [ -89.9937, 34.8159 ], [ -90.0181, 34.8162 ], [ -90.0182, 34.8248 ], [ -89.9763, 34.8239 ] ] ] } },
{ "type": "Feature", "properties": { "GEOIDFQ": "1400000US28033070634", "NAME": "706.34", "NAMELSAD": "Census Tract 706.34" }, "geometry": { "type": "Polygon", "coordinates": [ [ [ -89.9913, 34.9044 ], [ -89.9368, 34.9032 ], [ -89.9369, 34.8833 ], [ -89.9872, 34.8825 ], [ -89.9913, 34.9044 ] ] ] } },
{ "type": "Feature", "properties": { "GEOIDFQ": "1400000US28033070633", "NAME": "706.33", "NAMELSAD": "Census Tract 706.33" }, "geometry": { "type": "Polygon", "coordinates": [ [ [ -89.9368, 34.9333 ], [ -89.9014, 34.9331 ], [ -89.8889, 34.9194 ], [ -89.9033, 34.8922 ], [ -89.9368, 34.8833 ], [ -89.9368, 34.9333 ] ] ] } },
{ "type": "Feature", "properties": { "GEOIDFQ": "1400000US28033071121", "NAME": "711.21", "NAMELSAD": "Census Tract 711.21" }, "geometry": { "type": "Polygon", "coordinates": [ [ [ -89.9913, 34.8833 ], [ -89.9909, 34.8599 ], [ -89.9763, 34.8239 ], [ -89.9846, 34.8237 ], [ -90.0026, 34.8395 ], [ -90.0089, 34.8822 ], [ -89.9913, 34.8833 ] ] ] } },
{ "type": "Feature", "properties": { "GEOIDFQ": "1400000US28047000600", "NAME": "6", "NAMELSAD": "Census Tract 6" }, "geometry": { "type": "Polygon", "coordinates": [ [ [ -88.895, 30.3989 ], [ -88.8921, 30.3768 ], [ -88.9338, 30.3794 ], [ -88.9344, 30.3979 ], [ -88.895, 30.3989 ] ] ] } },
{ "type": "Feature", "properties": { "GEOIDFQ": "1400000US28077960200", "NAME": "9602", "NAMELSAD": "Census Tract 9602" }, "geometry": { "type": "Polygon", "coordinates": [ [ [ -90.1841, 31.7315 ], [ -90.1313, 31.756 ], [ -90.1231, 31.752 ], [ -90.1244, 31.745 ], [ -90.1164, 31.7417 ], [ -90.1211, 31.7277 ], [ -90.1176, 31.7222 ], [ -90.1073, 31.7243 ], [ -90.1014, 31.7049 ], [ -90.1135, 31.6896 ], [ -90.1085, 31.6817 ], [ -90.1167, 31.6778 ], [ -90.1077, 31.6592 ], [ -90.1209, 31.6635 ], [ -90.1248, 31.6544 ], [ -90.1052, 31.6476 ], [ -90.1116, 31.6269 ], [ -90.1054, 31.6195 ], [ -90.089, 31.6233 ], [ -90.0826, 31.5996 ], [ -90.0706, 31.5908 ], [ -90.0751, 31.5735 ], [ -90.0812, 31.5736 ], [ -90.0842, 31.583 ], [ -90.099, 31.5807 ], [ -90.1081, 31.5566 ], [ -90.0895, 31.5552 ], [ -90.0842, 31.5365 ], [ -90.108, 31.5305 ], [ -90.119, 31.5366 ], [ -90.1497, 31.5295 ], [ -90.1829, 31.5535 ], [ -90.2446, 31.5488 ], [ -90.2452, 31.7175 ], [ -90.1841, 31.7315 ] ] ] } },
{ "type": "Feature", "properties": { "GEOIDFQ": "1400000US28077960100", "NAME": "9601", "NAMELSAD": "Census Tract 9601" }, "geometry": { "type": "Polygon", "coordinates": [ [ [ -90.1209, 31.6635 ], [ -90.1077, 31.6592 ], [ -90.1167, 31.6778 ], [ -90.1085, 31.6817 ], [ -90.1135, 31.6896 ], [ -90.1014, 31.7049 ], [ -90.1073, 31.7243 ], [ -90.1176, 31.7222 ], [ -90.1211, 31.7277 ], [ -90.1164, 31.7417 ], [ -90.1244, 31.745 ], [ -90.1226, 31.7527 ], [ -89.9746, 31.7617 ], [ -89.9761, 31.5225 ], [ -89.9591, 31.5224 ], [ -89.9589, 31.3905 ], [ -89.9663, 31.3905 ], [ -89.9645, 31.3957 ], [ -89.9733, 31.3925 ], [ -89.9756, 31.4011 ], [ -89.9898, 31.3991 ], [ -89.9872, 31.4084 ], [ -89.9941, 31.4111 ], [ -90.0064, 31.4033 ], [ -90.0096, 31.4134 ], [ -89.9974, 31.4211 ], [ -90.0121, 31.4173 ], [ -90.0159, 31.4214 ], [ -90.0145, 31.4286 ], [ -90.0062, 31.424 ], [ -90.0105, 31.431 ], [ -90.0035, 31.4362 ], [ -90.0155, 31.4403 ], [ -90.0296, 31.429 ], [ -90.0468, 31.4381 ], [ -90.0401, 31.4474 ], [ -90.0517, 31.4427 ], [ -90.0497, 31.4644 ], [ -90.0547, 31.4601 ], [ -90.0675, 31.4653 ], [ -90.0654, 31.4704 ], [ -90.0559, 31.466 ], [ -90.0529, 31.4769 ], [ -90.0743, 31.4841 ], [ -90.0811, 31.4936 ], [ -90.0697, 31.5085 ], [ -90.0764, 31.5146 ], [ -90.0677, 31.5162 ], [ -90.0625, 31.5252 ], [ -90.0703, 31.5223 ], [ -90.0747, 31.5326 ], [ -90.0697, 31.5378 ], [ -90.0852, 31.5426 ], [ -90.0895, 31.5552 ], [ -90.1081, 31.5564 ], [ -90.099, 31.5807 ], [ -90.0842, 31.583 ], [ -90.0812, 31.5736 ], [ -90.0751, 31.5735 ], [ -90.0706, 31.5908 ], [ -90.0826, 31.5996 ], [ -90.089, 31.6233 ], [ -90.1054, 31.6195 ], [ -90.1116, 31.6269 ], [ -90.1052, 31.6476 ], [ -90.1248, 31.6555 ], [ -90.1209, 31.6635 ] ] ] } },
{ "type": "Feature", "properties": { "GEOIDFQ": "1400000US28077960300", "NAME": "9603", "NAMELSAD": "Census Tract 9603" }, "geometry": { "type": "Polygon", "coordinates": [ [ [ -90.1829, 31.5535 ], [ -90.1497, 31.5295 ], [ -90.119, 31.5366 ], [ -90.1075, 31.5305 ], [ -90.0747, 31.5419 ], [ -90.0705, 31.5226 ], [ -90.0624, 31.5248 ], [ -90.0764, 31.5146 ], [ -90.0697, 31.5085 ], [ -90.0807, 31.4896 ], [ -90.052, 31.4742 ], [ -90.0559, 31.466 ], [ -90.0654, 31.4704 ], [ -90.0675, 31.4653 ], [ -90.0547, 31.4601 ], [ -90.0497, 31.4644 ], [ -90.0517, 31.4427 ], [ -90.0401, 31.4474 ], [ -90.0468, 31.4381 ], [ -90.0296, 31.429 ], [ -90.0155, 31.4403 ], [ -90.0041, 31.4368 ], [ -90.0105, 31.431 ], [ -90.0062, 31.424 ], [ -90.0145, 31.4286 ], [ -90.0159, 31.4214 ], [ -90.0121, 31.4173 ], [ -89.9974, 31.4211 ], [ -90.0096, 31.4134 ], [ -90.0064, 31.4033 ], [ -89.9891, 31.4097 ], [ -89.9908, 31.3997 ], [ -89.9756, 31.4011 ], [ -89.9754, 31.3947 ], [ -90.0405, 31.3947 ], [ -90.0405, 31.336 ], [ -90.053, 31.3289 ], [ -90.0824, 31.3288 ], [ -90.0914, 31.3433 ], [ -90.1086, 31.3435 ], [ -90.1087, 31.3509 ], [ -90.2439, 31.3503 ], [ -90.2447, 31.5485 ], [ -90.1829, 31.5535 ] ] ] } },
{ "type": "Feature", "properties": { "GEOIDFQ": "1400000US28079040401", "NAME": "404.01", "NAMELSAD": "Census Tract 404.01" }, "geometry": { "type": "Polygon", "coordinates": [ [ [ -89.5068, 32.7103 ], [ -89.5028, 32.7205 ], [ -89.4898, 32.7251 ], [ -89.4856, 32.7356 ], [ -89.4949, 32.7475 ], [ -89.4449, 32.7668 ], [ -89.4209, 32.7834 ], [ -89.3395, 32.7999 ], [ -89.3186, 32.7919 ], [ -89.3176, 32.5765 ], [ -89.3651, 32.5763 ], [ -89.3646, 32.6085 ], [ -89.3837, 32.6138 ], [ -89.3887, 32.6349 ], [ -89.4112, 32.6334 ], [ -89.4126, 32.6406 ], [ -89.4045, 32.6493 ], [ -89.4068, 32.6513 ], [ -89.4235, 32.6436 ], [ -89.4345, 32.6457 ], [ -89.4358, 32.7123 ], [ -89.4996, 32.7005 ], [ -89.5266, 32.7075 ], [ -89.5068, 32.7103 ] ] ] } },
{ "type": "Feature", "properties": { "GEOIDFQ": "1400000US28079040402", "NAME": "404.02", "NAMELSAD": "Census Tract 404.02" }, "geometry": { "type": "Polygon", "coordinates": [ [ [ -89.4996, 32.7005 ], [ -89.4342, 32.7111 ], [ -89.4395, 32.6816 ], [ -89.4334, 32.6722 ], [ -89.4345, 32.6457 ], [ -89.4235, 32.6436 ], [ -89.4068, 32.6513 ], [ -89.4112, 32.6334 ], [ -89.3887, 32.6349 ], [ -89.3837, 32.6138 ], [ -89.3646, 32.6085 ], [ -89.3651, 32.5763 ], [ -89.4679, 32.5764 ], [ -89.4617, 32.6067 ], [ -89.525, 32.7041 ], [ -89.4996, 32.7005 ] ] ] } },
{ "type": "Feature", "properties": { "GEOIDFQ": "1400000US28083950800", "NAME": "9508", "NAMELSAD": "Census Tract 9508" }, "geometry": { "type": "Polygon", "coordinates": [ [ [ -90.207, 33.5042 ], [ -90.2068, 33.5149 ], [ -90.1744, 33.5179 ], [ -90.1744, 33.5093 ], [ -90.196, 33.4882 ], [ -90.2233, 33.4979 ], [ -90.207, 33.5042 ] ] ] } },
{ "type": "Feature", "properties": { "GEOIDFQ": "1400000US28143950102", "NAME": "9501.02", "NAMELSAD": "Census Tract 9501.02" }, "geometry": { "type": "Polygon", "coordinates": [ [ [ -90.5636, 34.7378 ], [ -90.5456, 34.7389 ], [ -90.5394, 34.7553 ], [ -90.5478, 34.7833 ], [ -90.5408, 34.7958 ], [ -90.5264, 34.8017 ], [ -90.5111, 34.7983 ], [ -90.4925, 34.7647 ], [ -90.5242, 34.7314 ], [ -90.5, 34.7217 ], [ -90.4833, 34.7222 ], [ -90.4484, 34.7391 ], [ -90.4766, 34.794 ], [ -90.4704, 34.8116 ], [ -90.4554, 34.8208 ], [ -90.4848, 34.8657 ], [ -90.4806, 34.882 ], [ -90.466, 34.8908 ], [ -90.4418, 34.8864 ], [ -90.4299, 34.8706 ], [ -90.4497, 34.8399 ], [ -90.4387, 34.8252 ], [ -90.3894, 34.8307 ], [ -90.3384, 34.8585 ], [ -90.313, 34.8441 ], [ -90.3039, 34.8506 ], [ -90.3046, 34.8606 ], [ -90.2021, 34.8604 ], [ -90.2024, 34.7721 ], [ -90.3409, 34.7762 ], [ -90.3672, 34.7251 ], [ -90.3952, 34.7432 ], [ -90.4404, 34.7359 ], [ -90.4646, 34.7164 ], [ -90.46, 34.7036 ], [ -90.4668, 34.7002 ], [ -90.4742, 34.7053 ], [ -90.5324, 34.6962 ], [ -90.5719, 34.7128 ], [ -90.5636, 34.7378 ] ] ] } },
{ "type": "Feature", "properties": { "GEOIDFQ": "1400000US28143950101", "NAME": "9501.01", "NAMELSAD": "Census Tract 9501.01" }, "geometry": { "type": "Polygon", "coordinates": [ [ [ -90.5832, 34.652 ], [ -90.5684, 34.6689 ], [ -90.5701, 34.6934 ], [ -90.5559, 34.6935 ], [ -90.5415, 34.6831 ], [ -90.5549, 34.6464 ], [ -90.5409, 34.6284 ], [ -90.5228, 34.6289 ], [ -90.5074, 34.6372 ], [ -90.4716, 34.6669 ], [ -90.4633, 34.6814 ], [ -90.4539, 34.6815 ], [ -90.4467, 34.6732 ], [ -90.4499, 34.6407 ], [ -90.4162, 34.6477 ], [ -90.391, 34.6406 ], [ -90.3583, 34.6409 ], [ -90.3584, 34.6848 ], [ -90.3406, 34.6849 ], [ -90.3411, 34.7082 ], [ -90.3585, 34.7037 ], [ -90.3597, 34.7191 ], [ -90.3672, 34.7251 ], [ -90.3409, 34.7762 ], [ -90.2024, 34.7721 ], [ -90.2012, 34.7205 ], [ -90.2134, 34.7226 ], [ -90.2316, 34.7012 ], [ -90.2202, 34.6895 ], [ -90.2258, 34.6748 ], [ -90.2184, 34.6645 ], [ -90.2254, 34.6619 ], [ -90.2147, 34.6601 ], [ -90.2162, 34.6472 ], [ -90.2398, 34.6265 ], [ -90.2364, 34.6084 ], [ -90.2443, 34.6009 ], [ -90.2363, 34.605 ], [ -90.2399, 34.5932 ], [ -90.2342, 34.5951 ], [ -90.2215, 34.5825 ], [ -90.2244, 34.5764 ], [ -90.2112, 34.5732 ], [ -90.2108, 34.5635 ], [ -90.2183, 34.5595 ], [ -90.1986, 34.5544 ], [ -90.1985, 34.5111 ], [ -90.3043, 34.5096 ], [ -90.3019, 34.4245 ], [ -90.3995, 34.4238 ], [ -90.5679, 34.524 ], [ -90.5441, 34.5377 ], [ -90.5398, 34.5558 ], [ -90.5738, 34.5921 ], [ -90.5918, 34.6238 ], [ -90.5832, 34.652 ] ] ] } },
{ "type": "Feature", "properties": { "GEOIDFQ": "1400000US28051950200", "NAME": "9502", "NAMELSAD": "Census Tract 9502" }, "geometry": { "type": "Polygon", "coordinates": [ [ [ -90.1667, 33.1581 ], [ -90.1702, 33.1693 ], [ -90.1627, 33.1726 ], [ -90.1685, 33.1764 ], [ -90.1681, 33.1905 ], [ -90.1555, 33.184 ], [ -90.1466, 33.1872 ], [ -90.148, 33.2134 ], [ -90.1364, 33.2248 ], [ -90.1435, 33.2379 ], [ -90.1353, 33.2585 ], [ -90.1511, 33.3041 ], [ -90.1484, 33.3247 ], [ -89.9319, 33.2649 ], [ -89.9243, 33.2524 ], [ -89.9369, 33.2351 ], [ -89.9307, 33.2324 ], [ -89.9358, 33.2162 ], [ -89.9141, 33.1964 ], [ -89.9256, 33.169 ], [ -89.9201, 33.1634 ], [ -89.9411, 33.1558 ], [ -89.9393, 33.143 ], [ -89.9472, 33.1367 ], [ -89.9401, 33.1267 ], [ -89.9412, 33.1029 ], [ -89.9605, 33.0908 ], [ -90.0434, 33.1101 ], [ -90.0659, 33.1053 ], [ -90.0914, 33.1176 ], [ -90.1181, 33.1123 ], [ -90.13, 33.1208 ], [ -90.135, 33.113 ], [ -90.143, 33.1173 ], [ -90.1722, 33.1126 ], [ -90.1764, 33.1186 ], [ -90.1912, 33.1195 ], [ -90.1958, 33.1375 ], [ -90.1667, 33.1581 ] ] ] } },
{ "type": "Feature", "properties": { "GEOIDFQ": "1400000US28051950100", "NAME": "9501", "NAMELSAD": "Census Tract 9501" }, "geometry": { "type": "Polygon", "coordinates": [ [ [ -89.9374, 33.0777 ], [ -89.9382, 33.086 ], [ -89.9545, 33.0863 ], [ -89.9548, 33.097 ], [ -89.9412, 33.1029 ], [ -89.9401, 33.1267 ], [ -89.9472, 33.1367 ], [ -89.9393, 33.143 ], [ -89.9411, 33.1558 ], [ -89.9201, 33.1634 ], [ -89.9256, 33.169 ], [ -89.9141, 33.1964 ], [ -89.9358, 33.2162 ], [ -89.9307, 33.2324 ], [ -89.9369, 33.2351 ], [ -89.9243, 33.2524 ], [ -89.9319, 33.2649 ], [ -89.7494, 33.2145 ], [ -89.7583, 33.1951 ], [ -89.7787, 33.1915 ], [ -89.7741, 33.1763 ], [ -89.7836, 33.1621 ], [ -89.7958, 33.1568 ], [ -89.7959, 33.1245 ], [ -89.8084, 33.1168 ], [ -89.806, 33.1129 ], [ -89.8249, 33.1102 ], [ -89.8189, 33.0995 ], [ -89.8287, 33.0821 ], [ -89.8213, 33.0756 ], [ -89.8227, 33.0661 ], [ -89.8415, 33.0584 ], [ -89.8363, 33.04 ], [ -89.8693, 33.0041 ], [ -89.8815, 32.9991 ], [ -89.8777, 32.993 ], [ -89.8883, 32.9806 ], [ -89.8852, 32.9716 ], [ -89.9443, 32.9929 ], [ -89.9558, 33.013 ], [ -89.9497, 33.0312 ], [ -89.9576, 33.0374 ], [ -89.9531, 33.055 ], [ -89.9625, 33.0586 ], [ -89.9374, 33.0777 ] ] ] } },
{ "type": "Feature", "properties": { "GEOIDFQ": "1400000US28051950400", "NAME": "9504", "NAMELSAD": "Census Tract 9504" }, "geometry": { "type": "Polygon", "coordinates": [ [ [ -90.4222, 33.099 ], [ -90.4287, 33.109 ], [ -90.4206, 33.1163 ], [ -90.4143, 33.1014 ], [ -90.3971, 33.1047 ], [ -90.3849, 33.0873 ], [ -90.3693, 33.0855 ], [ -90.3655, 33.0955 ], [ -90.3863, 33.1128 ], [ -90.3724, 33.1261 ], [ -90.3659, 33.1219 ], [ -90.3662, 33.1037 ], [ -90.3593, 33.0941 ], [ -90.3528, 33.0949 ], [ -90.3468, 33.1016 ], [ -90.3554, 33.1127 ], [ -90.3536, 33.1228 ], [ -90.3447, 33.1337 ], [ -90.3306, 33.1354 ], [ -90.3304, 33.1689 ], [ -90.3205, 33.1569 ], [ -90.2944, 33.1469 ], [ -90.2663, 33.1151 ], [ -90.2477, 33.1117 ], [ -90.2212, 33.135 ], [ -90.1972, 33.1391 ], [ -90.1912, 33.1195 ], [ -90.1764, 33.1186 ], [ -90.1722, 33.1126 ], [ -90.143, 33.1173 ], [ -90.135, 33.113 ], [ -90.13, 33.1208 ], [ -90.1181, 33.1123 ], [ -90.0914, 33.1176 ], [ -90.0741, 33.1072 ], [ -90.0536, 33.1055 ], [ -90.0571, 33.0777 ], [ -90.0684, 33.0592 ], [ -90.0645, 33.0465 ], [ -90.0713, 33.0155 ], [ -90.0969, 32.958 ], [ -90.0974, 32.9432 ], [ -90.1106, 32.9303 ], [ -90.3383, 33.0101 ], [ -90.3434, 33.0219 ], [ -90.3539, 33.0121 ], [ -90.3719, 33.0127 ], [ -90.3829, 33.0234 ], [ -90.3838, 33.0476 ], [ -90.4154, 33.049 ], [ -90.4283, 33.0573 ], [ -90.4318, 33.0964 ], [ -90.4222, 33.099 ] ] ] } },
{ "type": "Feature", "properties": { "GEOIDFQ": "1400000US28085950302", "NAME": "9503.02", "NAMELSAD": "Census Tract 9503.02" }, "geometry": { "type": "Polygon", "coordinates": [ [ [ -90.4424, 31.4631 ], [ -90.448, 31.4905 ], [ -90.4379, 31.4994 ], [ -90.398, 31.4833 ], [ -90.3703, 31.4787 ], [ -90.3466, 31.4822 ], [ -90.328, 31.4679 ], [ -90.3231, 31.4776 ], [ -90.3037, 31.4813 ], [ -90.3032, 31.4887 ], [ -90.2836, 31.484 ], [ -90.2445, 31.4879 ], [ -90.2439, 31.3503 ], [ -90.4547, 31.3495 ], [ -90.4629, 31.3797 ], [ -90.4424, 31.4631 ] ] ] } },
{ "type": "Feature", "properties": { "GEOIDFQ": "1400000US28085950402", "NAME": "9504.02", "NAMELSAD": "Census Tract 9504.02" }, "geometry": { "type": "Polygon", "coordinates": [ [ [ -90.6333, 31.5137 ], [ -90.5974, 31.5241 ], [ -90.5713, 31.5224 ], [ -90.5017, 31.5346 ], [ -90.5018, 31.5603 ], [ -90.4795, 31.5642 ], [ -90.4797, 31.5425 ], [ -90.4543, 31.5468 ], [ -90.4573, 31.5273 ], [ -90.4421, 31.4669 ], [ -90.4477, 31.4418 ], [ -90.4798, 31.4506 ], [ -90.4791, 31.4772 ], [ -90.5097, 31.4771 ], [ -90.5209, 31.4907 ], [ -90.55, 31.4694 ], [ -90.5703, 31.4698 ], [ -90.5851, 31.4219 ], [ -90.5564, 31.4185 ], [ -90.5618, 31.3769 ], [ -90.527, 31.364 ], [ -90.527, 31.3494 ], [ -90.6326, 31.3492 ], [ -90.6333, 31.5137 ] ] ] } },
{ "type": "Feature", "properties": { "GEOIDFQ": "1400000US28033070422", "NAME": "704.22", "NAMELSAD": "Census Tract 704.22" }, "geometry": { "type": "Polygon", "coordinates": [ [ [ -90.0158, 34.9805 ], [ -90.0164, 34.9649 ], [ -90.0292, 34.9662 ], [ -90.0333, 34.9763 ], [ -90.0158, 34.9805 ] ] ] } },
{ "type": "Feature", "properties": { "GEOIDFQ": "1400000US28033070411", "NAME": "704.11", "NAMELSAD": "Census Tract 704.11" }, "geometry": { "type": "Polygon", "coordinates": [ [ [ -90.0082, 34.995 ], [ -90.0082, 34.9866 ], [ -90.0179, 34.9864 ], [ -90.0252, 34.995 ], [ -90.0082, 34.995 ] ] ] } },
{ "type": "Feature", "properties": { "GEOIDFQ": "1400000US28033070821", "NAME": "708.21", "NAMELSAD": "Census Tract 708.21" }, "geometry": { "type": "Polygon", "coordinates": [ [ [ -89.8247, 34.9622 ], [ -89.795, 34.939 ], [ -89.7949, 34.927 ], [ -89.8525, 34.9622 ], [ -89.8247, 34.9622 ] ] ] } },
{ "type": "Feature", "properties": { "GEOIDFQ": "1400000US28033070325", "NAME": "703.25", "NAMELSAD": "Census Tract 703.25" }, "geometry": { "type": "Polygon", "coordinates": [ [ [ -90.0468, 34.9626 ], [ -90.0341, 34.9626 ], [ -90.0342, 34.9481 ], [ -90.0431, 34.9481 ], [ -90.0468, 34.9626 ] ] ] } },
{ "type": "Feature", "properties": { "GEOIDFQ": "1400000US28033070822", "NAME": "708.22", "NAMELSAD": "Census Tract 708.22" }, "geometry": { "type": "Polygon", "coordinates": [ [ [ -89.7957, 34.9623 ], [ -89.795, 34.939 ], [ -89.8162, 34.9556 ], [ -89.8247, 34.9622 ], [ -89.7957, 34.9623 ] ] ] } },
{ "type": "Feature", "properties": { "GEOIDFQ": "1400000US28089030202", "NAME": "302.02", "NAMELSAD": "Census Tract 302.02" }, "geometry": { "type": "Polygon", "coordinates": [ [ [ -90.1018, 32.48 ], [ -90.0974, 32.4799 ], [ -90.0892, 32.4488 ], [ -90.1163, 32.4519 ], [ -90.1018, 32.48 ] ] ] } },
{ "type": "Feature", "properties": { "GEOIDFQ": "1400000US28105950601", "NAME": "9506.01", "NAMELSAD": "Census Tract 9506.01" }, "geometry": { "type": "Polygon", "coordinates": [ [ [ -88.8103, 33.4546 ], [ -88.7957, 33.4475 ], [ -88.7936, 33.4542 ], [ -88.7849, 33.4494 ], [ -88.7931, 33.447 ], [ -88.7764, 33.4375 ], [ -88.7758, 33.3955 ], [ -88.7867, 33.4031 ], [ -88.8104, 33.4068 ], [ -88.8103, 33.4546 ] ] ] } },
{ "type": "Feature", "properties": { "GEOIDFQ": "1400000US28093950401", "NAME": "9504.01", "NAMELSAD": "Census Tract 9504.01" }, "geometry": { "type": "Polygon", "coordinates": [ [ [ -89.4662, 34.7962 ], [ -89.4496, 34.7853 ], [ -89.4486, 34.7675 ], [ -89.4596, 34.7371 ], [ -89.4819, 34.7556 ], [ -89.474, 34.7689 ], [ -89.4909, 34.7806 ], [ -89.4946, 34.7944 ], [ -89.4892, 34.7984 ], [ -89.4952, 34.8013 ], [ -89.4662, 34.7962 ] ] ] } },
{ "type": "Feature", "properties": { "GEOIDFQ": "1400000US28093950402", "NAME": "9504.02", "NAMELSAD": "Census Tract 9504.02" }, "geometry": { "type": "Polygon", "coordinates": [ [ [ -89.4534, 34.7288 ], [ -89.4596, 34.7371 ], [ -89.4435, 34.8051 ], [ -89.4307, 34.7938 ], [ -89.4136, 34.8009 ], [ -89.4073, 34.7937 ], [ -89.4148, 34.7719 ], [ -89.4026, 34.7712 ], [ -89.4158, 34.7278 ], [ -89.4234, 34.7268 ], [ -89.4419, 34.7393 ], [ -89.4519, 34.7093 ], [ -89.4635, 34.7164 ], [ -89.4534, 34.7288 ] ] ] } },
{ "type": "Feature", "properties": { "GEOIDFQ": "1400000US28095950502", "NAME": "9505.02", "NAMELSAD": "Census Tract 9505.02" }, "geometry": { "type": "Polygon", "coordinates": [ [ [ -88.538, 33.9139 ], [ -88.528, 33.9145 ], [ -88.5322, 33.9362 ], [ -88.5229, 33.9392 ], [ -88.5095, 33.9319 ], [ -88.5041, 33.9417 ], [ -88.492, 33.9447 ], [ -88.4966, 33.9565 ], [ -88.4832, 33.9584 ], [ -88.4695, 33.9586 ], [ -88.4405, 33.9346 ], [ -88.4175, 33.9336 ], [ -88.4046, 33.9412 ], [ -88.3559, 33.9145 ], [ -88.3495, 33.9212 ], [ -88.3127, 33.9258 ], [ -88.3039, 33.945 ], [ -88.2813, 33.9552 ], [ -88.2345, 33.9517 ], [ -88.2223, 33.9447 ], [ -88.2415, 33.803 ], [ -88.2597, 33.7945 ], [ -88.2783, 33.8059 ], [ -88.2958, 33.8078 ], [ -88.2985, 33.7919 ], [ -88.3167, 33.7901 ], [ -88.3177, 33.8094 ], [ -88.355, 33.8335 ], [ -88.3692, 33.8166 ], [ -88.3805, 33.8146 ], [ -88.3879, 33.8172 ], [ -88.3868, 33.8289 ], [ -88.4008, 33.8299 ], [ -88.4139, 33.8476 ], [ -88.4456, 33.8397 ], [ -88.4575, 33.8461 ], [ -88.4625, 33.8032 ], [ -88.4999, 33.8178 ], [ -88.5162, 33.8183 ], [ -88.5172, 33.8231 ], [ -88.5378, 33.8272 ], [ -88.5308, 33.8293 ], [ -88.5352, 33.8366 ], [ -88.5221, 33.8398 ], [ -88.5205, 33.85 ], [ -88.5316, 33.8539 ], [ -88.5256, 33.867 ], [ -88.5365, 33.8738 ], [ -88.5496, 33.8987 ], [ -88.538, 33.9139 ] ] ] } },
{ "type": "Feature", "properties": { "GEOIDFQ": "1400000US28095950501", "NAME": "9505.01", "NAMELSAD": "Census Tract 9505.01" }, "geometry": { "type": "Polygon", "coordinates": [ [ [ -88.4575, 33.8461 ], [ -88.4456, 33.8397 ], [ -88.4139, 33.8476 ], [ -88.4008, 33.8299 ], [ -88.3868, 33.8289 ], [ -88.3879, 33.8172 ], [ -88.3805, 33.8146 ], [ -88.3692, 33.8166 ], [ -88.355, 33.8335 ], [ -88.3177, 33.8094 ], [ -88.3167, 33.7901 ], [ -88.2985, 33.7919 ], [ -88.2958, 33.8078 ], [ -88.2783, 33.8059 ], [ -88.2624, 33.7946 ], [ -88.2415, 33.803 ], [ -88.2489, 33.745 ], [ -88.3252, 33.7457 ], [ -88.3303, 33.7188 ], [ -88.3701, 33.686 ], [ -88.3942, 33.6956 ], [ -88.3956, 33.6837 ], [ -88.4025, 33.6837 ], [ -88.3988, 33.6783 ], [ -88.4065, 33.6734 ], [ -88.4141, 33.6773 ], [ -88.4162, 33.6702 ], [ -88.423, 33.6697 ], [ -88.4256, 33.6754 ], [ -88.4342, 33.6675 ], [ -88.4455, 33.6714 ], [ -88.4569, 33.6635 ], [ -88.4561, 33.699 ], [ -88.4455, 33.7343 ], [ -88.4573, 33.746 ], [ -88.4479, 33.7502 ], [ -88.4657, 33.8033 ], [ -88.4575, 33.8461 ] ] ] } },
{ "type": "Feature", "properties": { "GEOIDFQ": "1400000US28043950500", "NAME": "9505", "NAMELSAD": "Census Tract 9505" }, "geometry": { "type": "Polygon", "coordinates": [ [ [ -89.8231, 33.7748 ], [ -89.809, 33.7691 ], [ -89.7923, 33.7795 ], [ -89.7812, 33.7715 ], [ -89.784, 33.7455 ], [ -89.7986, 33.738 ], [ -89.796, 33.7309 ], [ -89.8104, 33.7302 ], [ -89.813, 33.7362 ], [ -89.8315, 33.7278 ], [ -89.8415, 33.76 ], [ -89.8231, 33.7748 ] ] ] } },
{ "type": "Feature", "properties": { "GEOIDFQ": "1400000US28043950300", "NAME": "9503", "NAMELSAD": "Census Tract 9503" }, "geometry": { "type": "Polygon", "coordinates": [ [ [ -89.8394, 33.799 ], [ -89.8253, 33.8015 ], [ -89.817, 33.7954 ], [ -89.8122, 33.8003 ], [ -89.809, 33.7691 ], [ -89.8231, 33.7748 ], [ -89.8413, 33.7645 ], [ -89.8394, 33.799 ] ] ] } },
{ "type": "Feature", "properties": { "GEOIDFQ": "1400000US28043950400", "NAME": "9504", "NAMELSAD": "Census Tract 9504" }, "geometry": { "type": "Polygon", "coordinates": [ [ [ -89.8052, 33.8076 ], [ -89.7977, 33.8024 ], [ -89.7969, 33.7881 ], [ -89.7892, 33.7804 ], [ -89.7998, 33.772 ], [ -89.809, 33.772 ], [ -89.8122, 33.8003 ], [ -89.8052, 33.8076 ] ] ] } },
{ "type": "Feature", "properties": { "GEOIDFQ": "1400000US28061950200", "NAME": "9502", "NAMELSAD": "Census Tract 9502" }, "geometry": { "type": "Polygon", "coordinates": [ [ [ -89.2879, 32.0124 ], [ -89.2835, 32.0252 ], [ -89.2624, 32.0151 ], [ -89.2172, 32.0111 ], [ -89.2147, 31.963 ], [ -89.2469, 31.9617 ], [ -89.2553, 31.9689 ], [ -89.2768, 31.9688 ], [ -89.2721, 31.9581 ], [ -89.2899, 31.9566 ], [ -89.2953, 31.9653 ], [ -89.3136, 31.9617 ], [ -89.3176, 31.97 ], [ -89.3218, 31.9632 ], [ -89.3222, 32.0199 ], [ -89.2879, 32.0124 ] ] ] } },
{ "type": "Feature", "properties": { "GEOIDFQ": "1400000US28087000102", "NAME": "1.02", "NAMELSAD": "Census Tract 1.02" }, "geometry": { "type": "Polygon", "coordinates": [ [ [ -88.4962, 33.6643 ], [ -88.4672, 33.6632 ], [ -88.4671, 33.6676 ], [ -88.4594, 33.6628 ], [ -88.4455, 33.6714 ], [ -88.4342, 33.6675 ], [ -88.4256, 33.6754 ], [ -88.423, 33.6697 ], [ -88.4162, 33.6702 ], [ -88.4141, 33.6773 ], [ -88.4066, 33.6733 ], [ -88.3988, 33.6783 ], [ -88.4025, 33.6837 ], [ -88.3956, 33.6837 ], [ -88.3944, 33.6955 ], [ -88.3751, 33.6852 ], [ -88.3561, 33.6934 ], [ -88.3543, 33.6847 ], [ -88.3664, 33.6768 ], [ -88.3666, 33.6325 ], [ -88.3777, 33.6138 ], [ -88.3731, 33.5803 ], [ -88.3988, 33.5901 ], [ -88.4032, 33.5839 ], [ -88.4283, 33.5818 ], [ -88.4238, 33.6043 ], [ -88.4545, 33.6106 ], [ -88.4587, 33.6026 ], [ -88.4752, 33.6035 ], [ -88.493, 33.6147 ], [ -88.5051, 33.6136 ], [ -88.4986, 33.642 ], [ -88.5117, 33.6439 ], [ -88.5143, 33.6502 ], [ -88.4962, 33.6643 ] ], [ [ -88.48, 33.6367 ], [ -88.4663, 33.6357 ], [ -88.4487, 33.6179 ], [ -88.4191, 33.6237 ], [ -88.4274, 33.633 ], [ -88.4278, 33.653 ], [ -88.4567, 33.6607 ], [ -88.4806, 33.6594 ], [ -88.48, 33.6367 ] ] ] } },
{ "type": "Feature", "properties": { "GEOIDFQ": "1400000US28087000404", "NAME": "4.04", "NAMELSAD": "Census Tract 4.04" }, "geometry": { "type": "Polygon", "coordinates": [ [ [ -88.347, 33.4115 ], [ -88.3336, 33.4095 ], [ -88.3379, 33.4244 ], [ -88.3592, 33.4419 ], [ -88.3445, 33.4414 ], [ -88.3446, 33.4602 ], [ -88.3267, 33.4596 ], [ -88.3235, 33.478 ], [ -88.2974, 33.4773 ], [ -88.3055, 33.4508 ], [ -88.2859, 33.4416 ], [ -88.3005, 33.3208 ], [ -88.3593, 33.405 ], [ -88.347, 33.4115 ] ] ] } },
{ "type": "Feature", "properties": { "GEOIDFQ": "1400000US28047003313", "NAME": "33.13", "NAMELSAD": "Census Tract 33.13" }, "geometry": { "type": "Polygon", "coordinates": [ [ [ -88.979, 30.4435 ], [ -88.9675, 30.4322 ], [ -88.9594, 30.4325 ], [ -88.9631, 30.4308 ], [ -88.9618, 30.4257 ], [ -88.9551, 30.4273 ], [ -88.9588, 30.4203 ], [ -88.9788, 30.4159 ], [ -88.9807, 30.4278 ], [ -88.9928, 30.4346 ], [ -88.979, 30.4435 ] ] ] } },
{ "type": "Feature", "properties": { "GEOIDFQ": "1400000US28075010602", "NAME": "106.02", "NAMELSAD": "Census Tract 106.02" }, "geometry": { "type": "Polygon", "coordinates": [ [ [ -88.6063, 32.3885 ], [ -88.5228, 32.4129 ], [ -88.4641, 32.4125 ], [ -88.4466, 32.4319 ], [ -88.4038, 32.4488 ], [ -88.428, 32.253 ], [ -88.572, 32.33 ], [ -88.5786, 32.3088 ], [ -88.5965, 32.3102 ], [ -88.6064, 32.3192 ], [ -88.6039, 32.3338 ], [ -88.6131, 32.3564 ], [ -88.6063, 32.3885 ] ] ] } },
{ "type": "Feature", "properties": { "GEOIDFQ": "1400000US28075010206", "NAME": "102.06", "NAMELSAD": "Census Tract 102.06" }, "geometry": { "type": "Polygon", "coordinates": [ [ [ -88.6301, 32.515 ], [ -88.6298, 32.5425 ], [ -88.6194, 32.5551 ], [ -88.6076, 32.5554 ], [ -88.6143, 32.5696 ], [ -88.5546, 32.5661 ], [ -88.5542, 32.5779 ], [ -88.4844, 32.5775 ], [ -88.4811, 32.5649 ], [ -88.5081, 32.5399 ], [ -88.5174, 32.5199 ], [ -88.545, 32.5132 ], [ -88.5867, 32.4895 ], [ -88.628, 32.4502 ], [ -88.6368, 32.4502 ], [ -88.6378, 32.4989 ], [ -88.6301, 32.515 ] ] ] } },
{ "type": "Feature", "properties": { "GEOIDFQ": "1400000US28141950200", "NAME": "9502", "NAMELSAD": "Census Tract 9502" }, "geometry": { "type": "Polygon", "coordinates": [ [ [ -88.2187, 34.8428 ], [ -88.1851, 34.8595 ], [ -88.1808, 34.8334 ], [ -88.1655, 34.8336 ], [ -88.1725, 34.7889 ], [ -88.1837, 34.8061 ], [ -88.1837, 34.8017 ], [ -88.2016, 34.8013 ], [ -88.215, 34.8081 ], [ -88.1984, 34.8121 ], [ -88.2221, 34.8322 ], [ -88.2187, 34.8428 ] ] ] } },
{ "type": "Feature", "properties": { "GEOIDFQ": "1400000US28025950400", "NAME": "9504", "NAMELSAD": "Census Tract 9504" }, "geometry": { "type": "Polygon", "coordinates": [ [ [ -88.6558, 33.5977 ], [ -88.6457, 33.5977 ], [ -88.6472, 33.6125 ], [ -88.6403, 33.6266 ], [ -88.633, 33.6279 ], [ -88.6159, 33.6072 ], [ -88.6288, 33.6071 ], [ -88.6301, 33.583 ], [ -88.633, 33.5791 ], [ -88.6331, 33.5924 ], [ -88.6562, 33.5927 ], [ -88.6558, 33.5977 ] ] ] } },
{ "type": "Feature", "properties": { "GEOIDFQ": "1400000US28025950300", "NAME": "9503", "NAMELSAD": "Census Tract 9503" }, "geometry": { "type": "Polygon", "coordinates": [ [ [ -88.6637, 33.5993 ], [ -88.659, 33.6272 ], [ -88.6403, 33.6266 ], [ -88.6457, 33.5977 ], [ -88.6755, 33.5926 ], [ -88.6637, 33.5993 ] ] ] } },
{ "type": "Feature", "properties": { "GEOIDFQ": "1400000US28075010601", "NAME": "106.01", "NAMELSAD": "Census Tract 106.01" }, "geometry": { "type": "Polygon", "coordinates": [ [ [ -88.651, 32.3801 ], [ -88.6063, 32.3885 ], [ -88.6131, 32.3564 ], [ -88.601, 32.314 ], [ -88.5881, 32.3065 ], [ -88.5788, 32.3088 ], [ -88.572, 32.33 ], [ -88.5528, 32.3209 ], [ -88.4353, 32.2594 ], [ -88.428, 32.253 ], [ -88.4314, 32.2277 ], [ -88.5724, 32.2268 ], [ -88.5681, 32.2686 ], [ -88.576, 32.2818 ], [ -88.5701, 32.2961 ], [ -88.6165, 32.2985 ], [ -88.6637, 32.3259 ], [ -88.6838, 32.3581 ], [ -88.651, 32.3801 ] ] ] } },
{ "type": "Feature", "properties": { "GEOIDFQ": "1400000US28075010502", "NAME": "105.02", "NAMELSAD": "Census Tract 105.02" }, "geometry": { "type": "Polygon", "coordinates": [ [ [ -88.7513, 32.2685 ], [ -88.7567, 32.2766 ], [ -88.7481, 32.2864 ], [ -88.7532, 32.3029 ], [ -88.7449, 32.3042 ], [ -88.7432, 32.3162 ], [ -88.7349, 32.3219 ], [ -88.7333, 32.3406 ], [ -88.7248, 32.349 ], [ -88.7, 32.3492 ], [ -88.6797, 32.3569 ], [ -88.6654, 32.3274 ], [ -88.62, 32.3009 ], [ -88.6301, 32.3028 ], [ -88.646, 32.2952 ], [ -88.6538, 32.3064 ], [ -88.6737, 32.2965 ], [ -88.6893, 32.2983 ], [ -88.7052, 32.2681 ], [ -88.6944, 32.2453 ], [ -88.7002, 32.2256 ], [ -88.7693, 32.2257 ], [ -88.7513, 32.2685 ] ] ] } },
{ "type": "Feature", "properties": { "GEOIDFQ": "1400000US28075010303", "NAME": "103.03", "NAMELSAD": "Census Tract 103.03" }, "geometry": { "type": "Polygon", "coordinates": [ [ [ -88.887, 32.5011 ], [ -88.8652, 32.4775 ], [ -88.8443, 32.5004 ], [ -88.8209, 32.5004 ], [ -88.8332, 32.482 ], [ -88.7809, 32.4197 ], [ -88.7648, 32.4225 ], [ -88.7427, 32.4148 ], [ -88.7564, 32.3812 ], [ -88.7483, 32.3702 ], [ -88.7766, 32.3692 ], [ -88.7855, 32.3812 ], [ -88.7984, 32.3712 ], [ -88.7992, 32.3571 ], [ -88.8087, 32.3589 ], [ -88.8238, 32.3765 ], [ -88.8404, 32.3793 ], [ -88.8434, 32.4 ], [ -88.8522, 32.4069 ], [ -88.8754, 32.3952 ], [ -88.8935, 32.4016 ], [ -88.915, 32.3939 ], [ -88.9155, 32.5001 ], [ -88.887, 32.5011 ] ] ] } },
{ "type": "Feature", "properties": { "GEOIDFQ": "1400000US28075010205", "NAME": "102.05", "NAMELSAD": "Census Tract 102.05" }, "geometry": { "type": "Polygon", "coordinates": [ [ [ -88.7017, 32.4723 ], [ -88.7045, 32.5022 ], [ -88.686, 32.4971 ], [ -88.6695, 32.5141 ], [ -88.6602, 32.5362 ], [ -88.6843, 32.5451 ], [ -88.687, 32.5662 ], [ -88.7057, 32.5671 ], [ -88.7107, 32.5776 ], [ -88.5542, 32.5779 ], [ -88.5546, 32.5661 ], [ -88.6143, 32.5696 ], [ -88.6076, 32.5554 ], [ -88.6194, 32.5551 ], [ -88.6298, 32.5425 ], [ -88.6301, 32.515 ], [ -88.6378, 32.4991 ], [ -88.6368, 32.4502 ], [ -88.628, 32.4502 ], [ -88.663, 32.4047 ], [ -88.6706, 32.4429 ], [ -88.6881, 32.4456 ], [ -88.7012, 32.4204 ], [ -88.723, 32.4675 ], [ -88.7017, 32.4723 ] ] ] } },
{ "type": "Feature", "properties": { "GEOIDFQ": "1400000US28075010501", "NAME": "105.01", "NAMELSAD": "Census Tract 105.01" }, "geometry": { "type": "Polygon", "coordinates": [ [ [ -88.6893, 32.2983 ], [ -88.6737, 32.2965 ], [ -88.6539, 32.3064 ], [ -88.646, 32.2952 ], [ -88.6301, 32.3028 ], [ -88.5701, 32.2961 ], [ -88.576, 32.2818 ], [ -88.5681, 32.2686 ], [ -88.5724, 32.2268 ], [ -88.7002, 32.2256 ], [ -88.6944, 32.2453 ], [ -88.7053, 32.2678 ], [ -88.6893, 32.2983 ] ] ] } },
{ "type": "Feature", "properties": { "GEOIDFQ": "1400000US28075000402", "NAME": "4.02", "NAMELSAD": "Census Tract 4.02" }, "geometry": { "type": "Polygon", "coordinates": [ [ [ -88.6887, 32.378 ], [ -88.693, 32.3923 ], [ -88.6808, 32.3904 ], [ -88.663, 32.4047 ], [ -88.6619, 32.3926 ], [ -88.6832, 32.3732 ], [ -88.6945, 32.3745 ], [ -88.6887, 32.378 ] ] ] } },
{ "type": "Feature", "properties": { "GEOIDFQ": "1400000US28075010204", "NAME": "102.04", "NAMELSAD": "Census Tract 102.04" }, "geometry": { "type": "Polygon", "coordinates": [ [ [ -88.6721, 32.3872 ], [ -88.6589, 32.3976 ], [ -88.663, 32.4047 ], [ -88.6149, 32.4673 ], [ -88.5587, 32.5056 ], [ -88.5586, 32.4829 ], [ -88.5244, 32.4754 ], [ -88.5283, 32.4674 ], [ -88.5036, 32.4677 ], [ -88.4772, 32.4793 ], [ -88.4765, 32.4896 ], [ -88.4502, 32.4694 ], [ -88.4146, 32.4534 ], [ -88.4033, 32.4543 ], [ -88.4038, 32.4488 ], [ -88.4471, 32.4316 ], [ -88.4635, 32.4127 ], [ -88.5234, 32.4128 ], [ -88.6504, 32.3803 ], [ -88.6781, 32.3645 ], [ -88.6721, 32.3872 ] ] ] } },
{ "type": "Feature", "properties": { "GEOIDFQ": "1400000US28075000401", "NAME": "4.01", "NAMELSAD": "Census Tract 4.01" }, "geometry": { "type": "Polygon", "coordinates": [ [ [ -88.6903, 32.3854 ], [ -88.6945, 32.3731 ], [ -88.6832, 32.3732 ], [ -88.7013, 32.3708 ], [ -88.7014, 32.379 ], [ -88.6903, 32.3854 ] ] ] } },
{ "type": "Feature", "properties": { "GEOIDFQ": "1400000US28075010203", "NAME": "102.03", "NAMELSAD": "Census Tract 102.03" }, "geometry": { "type": "Polygon", "coordinates": [ [ [ -88.5587, 32.5056 ], [ -88.5458, 32.5128 ], [ -88.5171, 32.5202 ], [ -88.5081, 32.5399 ], [ -88.4811, 32.5649 ], [ -88.4846, 32.5779 ], [ -88.3888, 32.5781 ], [ -88.4033, 32.4543 ], [ -88.4146, 32.4534 ], [ -88.4502, 32.4694 ], [ -88.4765, 32.4896 ], [ -88.4772, 32.4793 ], [ -88.5036, 32.4677 ], [ -88.5283, 32.4674 ], [ -88.5244, 32.4754 ], [ -88.5586, 32.4829 ], [ -88.5587, 32.5056 ] ] ] } },
{ "type": "Feature", "properties": { "GEOIDFQ": "1400000US28075010304", "NAME": "103.04", "NAMELSAD": "Census Tract 103.04" }, "geometry": { "type": "Polygon", "coordinates": [ [ [ -88.9145, 32.577 ], [ -88.8245, 32.5768 ], [ -88.8255, 32.5572 ], [ -88.8172, 32.5463 ], [ -88.8217, 32.5142 ], [ -88.8131, 32.5005 ], [ -88.8443, 32.5004 ], [ -88.8652, 32.4775 ], [ -88.887, 32.5011 ], [ -88.9154, 32.5003 ], [ -88.9145, 32.577 ] ] ] } },
{ "type": "Feature", "properties": { "GEOIDFQ": "1400000US28049011103", "NAME": "111.03", "NAMELSAD": "Census Tract 111.03" }, "geometry": { "type": "Polygon", "coordinates": [ [ [ -90.2867, 32.2025 ], [ -90.2605, 32.1862 ], [ -90.2332, 32.2375 ], [ -90.2188, 32.2351 ], [ -90.2102, 32.2683 ], [ -90.1936, 32.2682 ], [ -90.1931, 32.276 ], [ -90.1868, 32.2726 ], [ -90.1837, 32.2622 ], [ -90.2026, 32.2553 ], [ -90.2053, 32.2459 ], [ -90.1993, 32.2409 ], [ -90.209, 32.2358 ], [ -90.1964, 32.2253 ], [ -90.1907, 32.227 ], [ -90.1854, 32.2186 ], [ -90.1905, 32.2036 ], [ -90.1817, 32.2016 ], [ -90.1883, 32.1946 ], [ -90.1966, 32.1956 ], [ -90.1959, 32.1851 ], [ -90.2047, 32.1915 ], [ -90.2126, 32.18 ], [ -90.2344, 32.1731 ], [ -90.2427, 32.1777 ], [ -90.2419, 32.1551 ], [ -90.261, 32.1541 ], [ -90.2726, 32.1668 ], [ -90.2706, 32.1763 ], [ -90.2804, 32.172 ], [ -90.2955, 32.1779 ], [ -90.2994, 32.1997 ], [ -90.2867, 32.2025 ] ] ] } },
{ "type": "Feature", "properties": { "GEOIDFQ": "1400000US28083950900", "NAME": "9509", "NAMELSAD": "Census Tract 9509" }, "geometry": { "type": "Polygon", "coordinates": [ [ [ -90.1744, 33.5179 ], [ -90.1513, 33.5251 ], [ -90.1582, 33.5027 ], [ -90.181, 33.5036 ], [ -90.1744, 33.5179 ] ] ] } },
{ "type": "Feature", "properties": { "GEOIDFQ": "1400000US28071950100", "NAME": "9501", "NAMELSAD": "Census Tract 9501" }, "geometry": { "type": "Polygon", "coordinates": [ [ [ -89.4792, 34.386 ], [ -89.4809, 34.4459 ], [ -89.4606, 34.5147 ], [ -89.4605, 34.5386 ], [ -89.4423, 34.5309 ], [ -89.434, 34.5199 ], [ -89.4124, 34.5261 ], [ -89.4075, 34.5223 ], [ -89.4024, 34.5283 ], [ -89.3795, 34.5169 ], [ -89.364, 34.5193 ], [ -89.3658, 34.5263 ], [ -89.3621, 34.5223 ], [ -89.3531, 34.5272 ], [ -89.3499, 34.5218 ], [ -89.3451, 34.526 ], [ -89.3432, 34.5212 ], [ -89.3313, 34.5272 ], [ -89.3191, 34.5202 ], [ -89.3154, 34.5244 ], [ -89.3137, 34.5179 ], [ -89.3005, 34.5135 ], [ -89.2976, 34.5193 ], [ -89.2918, 34.5172 ], [ -89.2888, 34.5062 ], [ -89.274, 34.5081 ], [ -89.2581, 34.4969 ], [ -89.2467, 34.4975 ], [ -89.2462, 34.2999 ], [ -89.3877, 34.3243 ], [ -89.4858, 34.3588 ], [ -89.4792, 34.386 ] ] ] } },
{ "type": "Feature", "properties": { "GEOIDFQ": "1400000US28151000100", "NAME": "1", "NAMELSAD": "Census Tract 1" }, "geometry": { "type": "Polygon", "coordinates": [ [ [ -90.9565, 33.4588 ], [ -90.9546, 33.5166 ], [ -90.9457, 33.5167 ], [ -90.9455, 33.5302 ], [ -90.7611, 33.5292 ], [ -90.7638, 33.2704 ], [ -90.7163, 33.27 ], [ -90.732, 33.2634 ], [ -90.7323, 33.2297 ], [ -90.7223, 33.229 ], [ -90.679, 33.1997 ], [ -90.6867, 33.1877 ], [ -90.6881, 33.1485 ], [ -90.7006, 33.1251 ], [ -90.6796, 33.1146 ], [ -90.6841, 33.0975 ], [ -90.8629, 33.0951 ], [ -90.948, 33.1008 ], [ -90.9578, 33.1229 ], [ -90.9373, 33.1375 ], [ -90.9247, 33.1584 ], [ -90.928, 33.1634 ], [ -90.9216, 33.1652 ], [ -90.9286, 33.1679 ], [ -90.9245, 33.1931 ], [ -90.9341, 33.2037 ], [ -90.9331, 33.2325 ], [ -90.9448, 33.2562 ], [ -90.9236, 33.2834 ], [ -90.9324, 33.2985 ], [ -90.9043, 33.2987 ], [ -90.8912, 33.3057 ], [ -90.8954, 33.3158 ], [ -90.8857, 33.3203 ], [ -90.8914, 33.3376 ], [ -90.9123, 33.3492 ], [ -90.8995, 33.3504 ], [ -90.897, 33.3561 ], [ -90.9092, 33.3569 ], [ -90.871, 33.3575 ], [ -90.8683, 33.3849 ], [ -90.881, 33.4187 ], [ -90.8769, 33.4272 ], [ -90.9816, 33.4183 ], [ -90.9892, 33.424 ], [ -90.9894, 33.4437 ], [ -90.9565, 33.4588 ] ], [ [ -90.8659, 33.1386 ], [ -90.85, 33.1323 ], [ -90.8544, 33.1433 ], [ -90.8419, 33.1418 ], [ -90.8479, 33.1479 ], [ -90.8388, 33.1814 ], [ -90.8553, 33.2184 ], [ -90.8846, 33.2177 ], [ -90.8659, 33.1386 ] ] ] } },
{ "type": "Feature", "properties": { "GEOIDFQ": "1400000US28151000200", "NAME": "2", "NAMELSAD": "Census Tract 2" }, "geometry": { "type": "Polygon", "coordinates": [ [ [ -91.2317, 33.4569 ], [ -91.2075, 33.4695 ], [ -91.1825, 33.4995 ], [ -91.1854, 33.5075 ], [ -91.2188, 33.5294 ], [ -90.9455, 33.5302 ], [ -90.9457, 33.5167 ], [ -90.9546, 33.5166 ], [ -90.9564, 33.4589 ], [ -90.9894, 33.4437 ], [ -90.9881, 33.4228 ], [ -91.0116, 33.4185 ], [ -91.0107, 33.4274 ], [ -91.0239, 33.4297 ], [ -91.0329, 33.4554 ], [ -91.0481, 33.4436 ], [ -91.0675, 33.4551 ], [ -91.079, 33.4551 ], [ -91.0944, 33.4422 ], [ -91.0965, 33.4124 ], [ -91.1163, 33.3914 ], [ -91.1479, 33.3788 ], [ -91.1799, 33.384 ], [ -91.2079, 33.4015 ], [ -91.2042, 33.4153 ], [ -91.1379, 33.4273 ], [ -91.117, 33.4514 ], [ -91.1299, 33.4796 ], [ -91.1658, 33.4984 ], [ -91.177, 33.487 ], [ -91.1695, 33.4529 ], [ -91.1775, 33.4436 ], [ -91.2065, 33.4339 ], [ -91.2359, 33.4403 ], [ -91.2317, 33.4569 ] ] ] } },
{ "type": "Feature", "properties": { "GEOIDFQ": "1400000US28151000800", "NAME": "8", "NAMELSAD": "Census Tract 8" }, "geometry": { "type": "Polygon", "coordinates": [ [ [ -91.0909, 33.352 ], [ -91.077, 33.3472 ], [ -91.0635, 33.3665 ], [ -91.0427, 33.3598 ], [ -91.0397, 33.3744 ], [ -91.0061, 33.3709 ], [ -91.0074, 33.3576 ], [ -91.025, 33.3564 ], [ -91.0234, 33.3275 ], [ -91.1118, 33.3265 ], [ -91.0909, 33.352 ] ] ] } },
{ "type": "Feature", "properties": { "GEOIDFQ": "1400000US28151000400", "NAME": "4", "NAMELSAD": "Census Tract 4" }, "geometry": { "type": "Polygon", "coordinates": [ [ [ -91.0584, 33.4282 ], [ -91.0581, 33.4462 ], [ -91.0535, 33.446 ], [ -91.0527, 33.4256 ], [ -91.0386, 33.4233 ], [ -91.0375, 33.4134 ], [ -91.0496, 33.4076 ], [ -91.0621, 33.4146 ], [ -91.0701, 33.4122 ], [ -91.0584, 33.4282 ] ] ] } },
{ "type": "Feature", "properties": { "GEOIDFQ": "1400000US28151000300", "NAME": "3", "NAMELSAD": "Census Tract 3" }, "geometry": { "type": "Polygon", "coordinates": [ [ [ -91.0493, 33.4437 ], [ -91.0329, 33.4554 ], [ -91.0239, 33.4297 ], [ -91.0107, 33.4274 ], [ -91.0116, 33.4185 ], [ -90.9868, 33.4231 ], [ -90.9816, 33.4183 ], [ -91.0375, 33.4134 ], [ -91.0386, 33.4233 ], [ -91.0527, 33.4256 ], [ -91.0493, 33.4437 ] ] ] } },
{ "type": "Feature", "properties": { "GEOIDFQ": "1400000US28151002000", "NAME": "20", "NAMELSAD": "Census Tract 20" }, "geometry": { "type": "Polygon", "coordinates": [ [ [ -90.8553, 33.2184 ], [ -90.8384, 33.1804 ], [ -90.8479, 33.1479 ], [ -90.8421, 33.1415 ], [ -90.8544, 33.1433 ], [ -90.85, 33.1323 ], [ -90.8659, 33.1386 ], [ -90.8718, 33.1776 ], [ -90.856, 33.1777 ], [ -90.8558, 33.1829 ], [ -90.8718, 33.2179 ], [ -90.8553, 33.2184 ] ] ] } },
{ "type": "Feature", "properties": { "GEOIDFQ": "1400000US28151001500", "NAME": "15", "NAMELSAD": "Census Tract 15" }, "geometry": { "type": "Polygon", "coordinates": [ [ [ -91.1832, 33.1418 ], [ -91.1631, 33.1422 ], [ -91.1505, 33.1309 ], [ -91.1339, 33.1291 ], [ -91.086, 33.1363 ], [ -91.0804, 33.1801 ], [ -91.1003, 33.2194 ], [ -91.0708, 33.2274 ], [ -91.0446, 33.2672 ], [ -91.0513, 33.285 ], [ -91.0771, 33.2841 ], [ -91.1021, 33.2389 ], [ -91.1281, 33.2686 ], [ -91.1255, 33.2801 ], [ -91.1414, 33.2988 ], [ -91.1408, 33.3333 ], [ -91.1102, 33.3333 ], [ -91.1116, 33.3263 ], [ -91.0234, 33.3275 ], [ -91.025, 33.3564 ], [ -91.0074, 33.3576 ], [ -91.0061, 33.3709 ], [ -90.9718, 33.3719 ], [ -90.9705, 33.3979 ], [ -90.9606, 33.4052 ], [ -90.9816, 33.4183 ], [ -90.9375, 33.4221 ], [ -90.9399, 33.4013 ], [ -90.888, 33.3988 ], [ -90.8865, 33.3893 ], [ -90.9007, 33.3926 ], [ -90.8955, 33.3793 ], [ -90.9079, 33.3815 ], [ -90.8943, 33.3689 ], [ -90.9092, 33.3565 ], [ -90.8969, 33.3537 ], [ -90.9123, 33.3497 ], [ -90.8912, 33.3375 ], [ -90.8857, 33.3207 ], [ -90.8954, 33.3158 ], [ -90.8912, 33.3057 ], [ -90.9044, 33.2987 ], [ -90.9324, 33.2985 ], [ -90.9236, 33.2834 ], [ -90.9448, 33.2562 ], [ -90.9331, 33.2325 ], [ -90.9341, 33.2037 ], [ -90.9245, 33.1931 ], [ -90.9286, 33.1679 ], [ -90.9216, 33.1652 ], [ -90.928, 33.1634 ], [ -90.9247, 33.1584 ], [ -90.9373, 33.1375 ], [ -90.9578, 33.1229 ], [ -90.9479, 33.1007 ], [ -90.8992, 33.0974 ], [ -90.9145, 33.0974 ], [ -90.9143, 33.0077 ], [ -91.1661, 33.0113 ], [ -91.1594, 33.0217 ], [ -91.1278, 33.0348 ], [ -91.1208, 33.0581 ], [ -91.1502, 33.0821 ], [ -91.1729, 33.0886 ], [ -91.1995, 33.1064 ], [ -91.2021, 33.1221 ], [ -91.1832, 33.1418 ] ] ] } },
{ "type": "Feature", "properties": { "GEOIDFQ": "1400000US28059041900", "NAME": "419", "NAMELSAD": "Census Tract 419" }, "geometry": { "type": "Polygon", "coordinates": [ [ [ -88.5471, 30.3845 ], [ -88.5485, 30.3892 ], [ -88.5072, 30.39 ], [ -88.5344, 30.3728 ], [ -88.5349, 30.3801 ], [ -88.5533, 30.3708 ], [ -88.5627, 30.3718 ], [ -88.5636, 30.3775 ], [ -88.5471, 30.3845 ] ] ] } },
{ "type": "Feature", "properties": { "GEOIDFQ": "1400000US28089030206", "NAME": "302.06", "NAMELSAD": "Census Tract 302.06" }, "geometry": { "type": "Polygon", "coordinates": [ [ [ -90.2129, 32.4223 ], [ -90.1439, 32.4307 ], [ -90.1474, 32.4133 ], [ -90.1766, 32.4002 ], [ -90.2438, 32.4006 ], [ -90.2129, 32.4223 ] ] ] } },
{ "type": "Feature", "properties": { "GEOIDFQ": "1400000US28047980000", "NAME": "9800", "NAMELSAD": "Census Tract 9800" }, "geometry": { "type": "Polygon", "coordinates": [ [ [ -89.0622, 30.4189 ], [ -89.0574, 30.3967 ], [ -89.0824, 30.4021 ], [ -89.0862, 30.4184 ], [ -89.0622, 30.4189 ] ] ] } },
{ "type": "Feature", "properties": { "GEOIDFQ": "1400000US28047003700", "NAME": "37", "NAMELSAD": "Census Tract 37" }, "geometry": { "type": "Polygon", "coordinates": [ [ [ -88.9508, 30.4167 ], [ -88.9399, 30.4179 ], [ -88.9338, 30.398 ], [ -88.9471, 30.3977 ], [ -88.9508, 30.4167 ] ] ] } },
{ "type": "Feature", "properties": { "GEOIDFQ": "1400000US28089030108", "NAME": "301.08", "NAMELSAD": "Census Tract 301.08" }, "geometry": { "type": "Polygon", "coordinates": [ [ [ -90.1063, 32.414 ], [ -90.0858, 32.4111 ], [ -90.0678, 32.3995 ], [ -90.1086, 32.3995 ], [ -90.1063, 32.414 ] ] ] } },
{ "type": "Feature", "properties": { "GEOIDFQ": "1400000US28149950102", "NAME": "9501.02", "NAMELSAD": "Census Tract 9501.02" }, "geometry": { "type": "Polygon", "coordinates": [ [ [ -90.8176, 32.4503 ], [ -90.7974, 32.5 ], [ -90.7826, 32.5198 ], [ -90.7557, 32.5356 ], [ -90.7961, 32.5234 ], [ -90.7888, 32.5337 ], [ -90.794, 32.5498 ], [ -90.7872, 32.5698 ], [ -90.7612, 32.5772 ], [ -90.7283, 32.5663 ], [ -90.7317, 32.5873 ], [ -90.7227, 32.5921 ], [ -90.7201, 32.6189 ], [ -90.6899, 32.6187 ], [ -90.6902, 32.5894 ], [ -90.6555, 32.5898 ], [ -90.6546, 32.546 ], [ -90.588, 32.5461 ], [ -90.5879, 32.5318 ], [ -90.5539, 32.5319 ], [ -90.5555, 32.505 ], [ -90.5712, 32.5062 ], [ -90.5734, 32.4991 ], [ -90.5787, 32.5037 ], [ -90.582, 32.4942 ], [ -90.5891, 32.4953 ], [ -90.5873, 32.4869 ], [ -90.6041, 32.4813 ], [ -90.5978, 32.4503 ], [ -90.5858, 32.4451 ], [ -90.5994, 32.4363 ], [ -90.6, 32.4246 ], [ -90.6132, 32.4134 ], [ -90.6177, 32.393 ], [ -90.6259, 32.3878 ], [ -90.6223, 32.3841 ], [ -90.6356, 32.3758 ], [ -90.6367, 32.3673 ], [ -90.6495, 32.3895 ], [ -90.6801, 32.403 ], [ -90.7015, 32.3977 ], [ -90.7202, 32.4028 ], [ -90.7522, 32.3917 ], [ -90.759, 32.3824 ], [ -90.7769, 32.398 ], [ -90.7952, 32.3929 ], [ -90.7961, 32.3981 ], [ -90.8055, 32.3902 ], [ -90.797, 32.4047 ], [ -90.8115, 32.414 ], [ -90.8272, 32.4036 ], [ -90.8176, 32.4503 ] ] ] } },
{ "type": "Feature", "properties": { "GEOIDFQ": "1400000US28149950101", "NAME": "9501.01", "NAMELSAD": "Census Tract 9501.01" }, "geometry": { "type": "Polygon", "coordinates": [ [ [ -91.0937, 32.5491 ], [ -91.0442, 32.4943 ], [ -91.0209, 32.4845 ], [ -90.9961, 32.4842 ], [ -90.9872, 32.4957 ], [ -90.9949, 32.5086 ], [ -91.0577, 32.5338 ], [ -91.0804, 32.5565 ], [ -91.0436, 32.5763 ], [ -90.964, 32.5756 ], [ -90.9634, 32.4112 ], [ -90.9532, 32.4411 ], [ -90.9398, 32.4521 ], [ -90.9177, 32.444 ], [ -90.8947, 32.4486 ], [ -90.8815, 32.4408 ], [ -90.8709, 32.4516 ], [ -90.8614, 32.4421 ], [ -90.8606, 32.5752 ], [ -90.7628, 32.5774 ], [ -90.7605, 32.5772 ], [ -90.7584, 32.5761 ], [ -90.7877, 32.5684 ], [ -90.794, 32.5498 ], [ -90.7888, 32.5337 ], [ -90.7957, 32.523 ], [ -90.7557, 32.5356 ], [ -90.7826, 32.5198 ], [ -90.7979, 32.499 ], [ -90.8207, 32.4383 ], [ -90.8275, 32.3744 ], [ -90.8495, 32.3854 ], [ -90.8749, 32.3688 ], [ -90.8786, 32.3746 ], [ -90.8898, 32.3729 ], [ -90.9124, 32.3395 ], [ -90.9867, 32.3518 ], [ -91.0031, 32.3614 ], [ -90.9941, 32.4039 ], [ -90.966, 32.4207 ], [ -90.9669, 32.4355 ], [ -90.9785, 32.447 ], [ -90.9971, 32.4507 ], [ -91.0296, 32.4335 ], [ -91.0526, 32.4382 ], [ -91.0976, 32.4607 ], [ -91.1151, 32.4812 ], [ -91.1172, 32.4962 ], [ -91.0937, 32.5491 ] ] ] } },
{ "type": "Feature", "properties": { "GEOIDFQ": "1400000US28109950300", "NAME": "9503", "NAMELSAD": "Census Tract 9503" }, "geometry": { "type": "Polygon", "coordinates": [ [ [ -89.549, 30.8417 ], [ -89.5493, 30.8789 ], [ -89.496, 30.8543 ], [ -89.4972, 30.8303 ], [ -89.5216, 30.7932 ], [ -89.531, 30.7936 ], [ -89.5313, 30.8273 ], [ -89.5515, 30.8191 ], [ -89.5521, 30.8304 ], [ -89.5631, 30.8362 ], [ -89.549, 30.8417 ] ] ] } },
{ "type": "Feature", "properties": { "GEOIDFQ": "1400000US28057950202", "NAME": "9502.02", "NAMELSAD": "Census Tract 9502.02" }, "geometry": { "type": "Polygon", "coordinates": [ [ [ -88.5423, 34.3522 ], [ -88.5303, 34.3389 ], [ -88.5142, 34.3324 ], [ -88.5141, 34.3369 ], [ -88.4976, 34.3365 ], [ -88.5093, 34.3642 ], [ -88.502, 34.3645 ], [ -88.5007, 34.3726 ], [ -88.4937, 34.3705 ], [ -88.4945, 34.3562 ], [ -88.4836, 34.334 ], [ -88.4771, 34.3415 ], [ -88.4546, 34.3276 ], [ -88.4567, 34.2836 ], [ -88.425, 34.2833 ], [ -88.4271, 34.2731 ], [ -88.4679, 34.2517 ], [ -88.5445, 34.2648 ], [ -88.5423, 34.3522 ] ] ] } },
{ "type": "Feature", "properties": { "GEOIDFQ": "1400000US28057950201", "NAME": "9502.01", "NAMELSAD": "Census Tract 9502.01" }, "geometry": { "type": "Polygon", "coordinates": [ [ [ -88.5421, 34.4653 ], [ -88.3564, 34.4641 ], [ -88.3941, 34.4519 ], [ -88.4052, 34.4388 ], [ -88.4022, 34.3922 ], [ -88.425, 34.2833 ], [ -88.4567, 34.2836 ], [ -88.4546, 34.3276 ], [ -88.4771, 34.3415 ], [ -88.4836, 34.334 ], [ -88.4945, 34.3562 ], [ -88.4937, 34.3705 ], [ -88.5007, 34.3726 ], [ -88.502, 34.3645 ], [ -88.5093, 34.3642 ], [ -88.4976, 34.3365 ], [ -88.5141, 34.3369 ], [ -88.514, 34.3323 ], [ -88.5303, 34.3389 ], [ -88.5423, 34.3522 ], [ -88.5421, 34.4653 ] ] ] } },
{ "type": "Feature", "properties": { "GEOIDFQ": "1400000US28137950201", "NAME": "9502.01", "NAMELSAD": "Census Tract 9502.01" }, "geometry": { "type": "Polygon", "coordinates": [ [ [ -89.8902, 34.6305 ], [ -89.8604, 34.6446 ], [ -89.8104, 34.6414 ], [ -89.8114, 34.6192 ], [ -89.8213, 34.6166 ], [ -89.8114, 34.6055 ], [ -89.8203, 34.5976 ], [ -89.8103, 34.5976 ], [ -89.8097, 34.5912 ], [ -89.8205, 34.5684 ], [ -89.8098, 34.5684 ], [ -89.8097, 34.5538 ], [ -89.9372, 34.5537 ], [ -89.9561, 34.6377 ], [ -89.8902, 34.6305 ] ] ] } },
{ "type": "Feature", "properties": { "GEOIDFQ": "1400000US28137950202", "NAME": "9502.02", "NAMELSAD": "Census Tract 9502.02" }, "geometry": { "type": "Polygon", "coordinates": [ [ [ -89.9638, 34.7238 ], [ -89.954, 34.727 ], [ -89.9519, 34.7407 ], [ -89.9153, 34.7583 ], [ -89.9122, 34.7725 ], [ -89.8296, 34.7729 ], [ -89.8295, 34.7436 ], [ -89.8384, 34.7435 ], [ -89.8384, 34.7289 ], [ -89.8472, 34.7286 ], [ -89.8459, 34.6558 ], [ -89.8104, 34.6559 ], [ -89.8104, 34.6414 ], [ -89.8604, 34.6446 ], [ -89.8902, 34.6305 ], [ -89.9527, 34.6364 ], [ -89.9663, 34.6794 ], [ -89.9638, 34.7238 ] ] ] } },
{ "type": "Feature", "properties": { "GEOIDFQ": "1400000US28063950200", "NAME": "9502", "NAMELSAD": "Census Tract 9502" }, "geometry": { "type": "Polygon", "coordinates": [ [ [ -91.0674, 31.7132 ], [ -91.0727, 31.7251 ], [ -91.0597, 31.7317 ], [ -91.0598, 31.7143 ], [ -91.0464, 31.714 ], [ -91.0572, 31.7098 ], [ -91.0565, 31.6912 ], [ -91.0753, 31.6916 ], [ -91.0805, 31.7064 ], [ -91.0674, 31.7132 ] ] ] } },
{ "type": "Feature", "properties": { "GEOIDFQ": "1400000US28045990000", "NAME": "9900", "NAMELSAD": "Census Tract 9900" }, "geometry": { "type": "Polygon", "coordinates": [ [ [ -89.4599, 30.1721 ], [ -89.4387, 30.1869 ], [ -89.4404, 30.2006 ], [ -89.4047, 30.246 ], [ -89.3335, 30.2844 ], [ -89.3069, 30.3091 ], [ -89.3061, 30.1779 ], [ -89.4167, 30.1776 ], [ -89.454, 30.1662 ], [ -89.5112, 30.1606 ], [ -89.5239, 30.1793 ], [ -89.4599, 30.1721 ] ] ] } },
{ "type": "Feature", "properties": { "GEOIDFQ": "1400000US28047003800", "NAME": "38", "NAMELSAD": "Census Tract 38" }, "geometry": { "type": "Polygon", "coordinates": [ [ [ -89.0953, 30.3713 ], [ -89.0874, 30.3724 ], [ -89.1014, 30.363 ], [ -89.1012, 30.3477 ], [ -89.1175, 30.3428 ], [ -89.1275, 30.3586 ], [ -89.0953, 30.3713 ] ] ] } },
{ "type": "Feature", "properties": { "GEOIDFQ": "1400000US28047000900", "NAME": "9", "NAMELSAD": "Census Tract 9" }, "geometry": { "type": "Polygon", "coordinates": [ [ [ -88.9399, 30.4179 ], [ -88.916, 30.4235 ], [ -88.9041, 30.4021 ], [ -88.9338, 30.398 ], [ -88.9336, 30.41 ], [ -88.9424, 30.4116 ], [ -88.9399, 30.4179 ] ] ] } },
{ "type": "Feature", "properties": { "GEOIDFQ": "1400000US28121020210", "NAME": "202.10", "NAMELSAD": "Census Tract 202.10" }, "geometry": { "type": "Polygon", "coordinates": [ [ [ -90.063, 32.4192 ], [ -90.0685, 32.4386 ], [ -90.0575, 32.4351 ], [ -90.0407, 32.4417 ], [ -90.0409, 32.4495 ], [ -90.0136, 32.4808 ], [ -90.0025, 32.4859 ], [ -89.9928, 32.4828 ], [ -89.9813, 32.4983 ], [ -89.961, 32.4912 ], [ -89.9419, 32.5132 ], [ -89.9306, 32.5054 ], [ -89.9123, 32.4705 ], [ -89.9466, 32.4346 ], [ -89.9674, 32.3958 ], [ -89.9668, 32.3819 ], [ -90.0039, 32.3795 ], [ -90.0037, 32.3846 ], [ -90.0259, 32.3863 ], [ -90.0285, 32.394 ], [ -90.0378, 32.3949 ], [ -90.0383, 32.3872 ], [ -90.0435, 32.3911 ], [ -90.0461, 32.3859 ], [ -90.067, 32.399 ], [ -90.0636, 32.4039 ], [ -90.0754, 32.4186 ], [ -90.063, 32.4192 ] ] ] } },
{ "type": "Feature", "properties": { "GEOIDFQ": "1400000US28121020208", "NAME": "202.08", "NAMELSAD": "Census Tract 202.08" }, "geometry": { "type": "Polygon", "coordinates": [ [ [ -90.0336, 32.3202 ], [ -90.0226, 32.3202 ], [ -90.0006, 32.2958 ], [ -90.0175, 32.2838 ], [ -90.036, 32.2838 ], [ -90.0336, 32.3202 ] ] ] } },
{ "type": "Feature", "properties": { "GEOIDFQ": "1400000US28121020212", "NAME": "202.12", "NAMELSAD": "Census Tract 202.12" }, "geometry": { "type": "Polygon", "coordinates": [ [ [ -90.0164, 32.364 ], [ -90.0173, 32.3726 ], [ -89.9956, 32.3806 ], [ -89.9667, 32.3804 ], [ -89.9933, 32.3623 ], [ -90.0324, 32.3537 ], [ -90.0164, 32.364 ] ] ] } },
{ "type": "Feature", "properties": { "GEOIDFQ": "1400000US28121020209", "NAME": "202.09", "NAMELSAD": "Census Tract 202.09" }, "geometry": { "type": "Polygon", "coordinates": [ [ [ -90.0425, 32.3863 ], [ -90.0384, 32.3948 ], [ -90.0285, 32.394 ], [ -90.0259, 32.3863 ], [ -90.0037, 32.3846 ], [ -90.0039, 32.3795 ], [ -89.9925, 32.3836 ], [ -89.9667, 32.3804 ], [ -89.9956, 32.3806 ], [ -90.0149, 32.3718 ], [ -90.0519, 32.3895 ], [ -90.0425, 32.3863 ] ] ] } },
{ "type": "Feature", "properties": { "GEOIDFQ": "1400000US28121980000", "NAME": "9800", "NAMELSAD": "Census Tract 9800" }, "geometry": { "type": "Polygon", "coordinates": [ [ [ -90.0808, 32.3376 ], [ -90.0582, 32.3346 ], [ -90.0504, 32.3268 ], [ -90.0648, 32.3097 ], [ -90.07, 32.291 ], [ -90.0769, 32.2907 ], [ -90.0918, 32.3212 ], [ -90.0808, 32.3376 ] ] ] } },
{ "type": "Feature", "properties": { "GEOIDFQ": "1400000US28039950200", "NAME": "9502", "NAMELSAD": "Census Tract 9502" }, "geometry": { "type": "Polygon", "coordinates": [ [ [ -88.5954, 30.948 ], [ -88.5912, 30.9341 ], [ -88.5598, 30.9078 ], [ -88.598, 30.9102 ], [ -88.6164, 30.8935 ], [ -88.6121, 30.9363 ], [ -88.6175, 30.9406 ], [ -88.5954, 30.948 ] ] ] } },
{ "type": "Feature", "properties": { "GEOIDFQ": "1400000US28079040700", "NAME": "407", "NAMELSAD": "Census Tract 407" }, "geometry": { "type": "Polygon", "coordinates": [ [ [ -89.7302, 32.9299 ], [ -89.5484, 32.9308 ], [ -89.5334, 32.8734 ], [ -89.5423, 32.7948 ], [ -89.5666, 32.8107 ], [ -89.5684, 32.8024 ], [ -89.5865, 32.7921 ], [ -89.6098, 32.7902 ], [ -89.6094, 32.7781 ], [ -89.5835, 32.7676 ], [ -89.5754, 32.749 ], [ -89.5623, 32.744 ], [ -89.5663, 32.7213 ], [ -89.6177, 32.7032 ], [ -89.6967, 32.7072 ], [ -89.7301, 32.6973 ], [ -89.7302, 32.9299 ] ] ] } },
{ "type": "Feature", "properties": { "GEOIDFQ": "1400000US28049000302", "NAME": "3.02", "NAMELSAD": "Census Tract 3.02" }, "geometry": { "type": "Polygon", "coordinates": [ [ [ -90.1611, 32.3803 ], [ -90.147, 32.3804 ], [ -90.1518, 32.3558 ], [ -90.1584, 32.3558 ], [ -90.1583, 32.3736 ], [ -90.1651, 32.3739 ], [ -90.1611, 32.3803 ] ] ] } },
{ "type": "Feature", "properties": { "GEOIDFQ": "1400000US28049000301", "NAME": "3.01", "NAMELSAD": "Census Tract 3.01" }, "geometry": { "type": "Polygon", "coordinates": [ [ [ -90.1653, 32.3736 ], [ -90.1583, 32.3736 ], [ -90.1584, 32.3599 ], [ -90.1711, 32.3639 ], [ -90.1653, 32.3736 ] ] ] } },
{ "type": "Feature", "properties": { "GEOIDFQ": "1400000US28049011400", "NAME": "114", "NAMELSAD": "Census Tract 114" }, "geometry": { "type": "Polygon", "coordinates": [ [ [ -90.1887, 32.3195 ], [ -90.1843, 32.3194 ], [ -90.1831, 32.3051 ], [ -90.1908, 32.3043 ], [ -90.1887, 32.3195 ] ] ] } },
{ "type": "Feature", "properties": { "GEOIDFQ": "1400000US28089030205", "NAME": "302.05", "NAMELSAD": "Census Tract 302.05" }, "geometry": { "type": "Polygon", "coordinates": [ [ [ -90.1912, 32.4547 ], [ -90.1422, 32.4579 ], [ -90.1439, 32.4307 ], [ -90.1999, 32.4207 ], [ -90.2012, 32.4405 ], [ -90.1912, 32.4547 ] ] ] } },
{ "type": "Feature", "properties": { "GEOIDFQ": "1400000US28059040500", "NAME": "405", "NAMELSAD": "Census Tract 405" }, "geometry": { "type": "Polygon", "coordinates": [ [ [ -88.8535, 30.428 ], [ -88.8327, 30.4187 ], [ -88.8184, 30.4261 ], [ -88.8064, 30.4217 ], [ -88.8101, 30.3913 ], [ -88.8236, 30.382 ], [ -88.8618, 30.4156 ], [ -88.8535, 30.428 ] ] ] } },
{ "type": "Feature", "properties": { "GEOIDFQ": "1400000US28059042600", "NAME": "426", "NAMELSAD": "Census Tract 426" }, "geometry": { "type": "Polygon", "coordinates": [ [ [ -88.5067, 30.355 ], [ -88.5142, 30.3312 ], [ -88.5363, 30.3403 ], [ -88.5376, 30.3538 ], [ -88.5067, 30.355 ] ] ] } },
{ "type": "Feature", "properties": { "GEOIDFQ": "1400000US28007060600", "NAME": "606", "NAMELSAD": "Census Tract 606" }, "geometry": { "type": "Polygon", "coordinates": [ [ [ -89.6021, 33.0925 ], [ -89.5936, 33.0784 ], [ -89.5802, 33.0785 ], [ -89.6002, 33.0348 ], [ -89.6095, 33.0472 ], [ -89.6365, 33.0578 ], [ -89.6021, 33.0925 ] ] ] } },
{ "type": "Feature", "properties": { "GEOIDFQ": "1400000US28007060400", "NAME": "604", "NAMELSAD": "Census Tract 604" }, "geometry": { "type": "Polygon", "coordinates": [ [ [ -89.6168, 32.9815 ], [ -89.6002, 33.0348 ], [ -89.5919, 33.0398 ], [ -89.5851, 33.0321 ], [ -89.5469, 33.0696 ], [ -89.5223, 33.0595 ], [ -89.5062, 33.0631 ], [ -89.4781, 33.056 ], [ -89.4553, 33.0403 ], [ -89.4219, 33.0506 ], [ -89.3904, 33.0406 ], [ -89.3588, 33.0421 ], [ -89.3182, 33.0655 ], [ -89.3192, 32.9317 ], [ -89.6229, 32.9302 ], [ -89.6168, 32.9815 ] ] ] } },
{ "type": "Feature", "properties": { "GEOIDFQ": "1400000US28007060100", "NAME": "601", "NAMELSAD": "Census Tract 601" }, "geometry": { "type": "Polygon", "coordinates": [ [ [ -89.5401, 33.114 ], [ -89.5446, 33.1282 ], [ -89.5313, 33.1473 ], [ -89.5341, 33.1567 ], [ -89.5235, 33.1615 ], [ -89.5174, 33.176 ], [ -89.5398, 33.1863 ], [ -89.5436, 33.1951 ], [ -89.5245, 33.2335 ], [ -89.5336, 33.2432 ], [ -89.5329, 33.2575 ], [ -89.5443, 33.2695 ], [ -89.5458, 33.2856 ], [ -89.3164, 33.2856 ], [ -89.3182, 33.0655 ], [ -89.3588, 33.0421 ], [ -89.3904, 33.0406 ], [ -89.4219, 33.0506 ], [ -89.4553, 33.0403 ], [ -89.4781, 33.056 ], [ -89.5062, 33.0631 ], [ -89.5223, 33.0595 ], [ -89.5543, 33.0694 ], [ -89.5542, 33.0788 ], [ -89.5793, 33.0787 ], [ -89.5401, 33.114 ] ] ] } },
{ "type": "Feature", "properties": { "GEOIDFQ": "1400000US28007060300", "NAME": "603", "NAMELSAD": "Census Tract 603" }, "geometry": { "type": "Polygon", "coordinates": [ [ [ -89.9582, 32.8916 ], [ -89.934, 32.8961 ], [ -89.9379, 32.9044 ], [ -89.9178, 32.9116 ], [ -89.9159, 32.9253 ], [ -89.8961, 32.9328 ], [ -89.8991, 32.9438 ], [ -89.8882, 32.959 ], [ -89.8942, 32.9648 ], [ -89.8829, 32.9748 ], [ -89.8883, 32.9806 ], [ -89.8777, 32.993 ], [ -89.8815, 32.9991 ], [ -89.8693, 33.0041 ], [ -89.8363, 33.04 ], [ -89.8415, 33.0584 ], [ -89.8334, 33.0624 ], [ -89.8237, 33.0558 ], [ -89.8101, 33.0753 ], [ -89.7872, 33.0627 ], [ -89.7085, 33.0597 ], [ -89.6778, 33.0643 ], [ -89.6539, 33.0535 ], [ -89.6298, 33.0574 ], [ -89.6221, 33.0484 ], [ -89.6095, 33.0472 ], [ -89.6002, 33.0348 ], [ -89.6168, 32.9815 ], [ -89.6229, 32.9301 ], [ -89.7302, 32.9299 ], [ -89.73, 32.8851 ], [ -89.966, 32.8807 ], [ -89.9582, 32.8916 ] ] ] } },
{ "type": "Feature", "properties": { "GEOIDFQ": "1400000US28007060500", "NAME": "605", "NAMELSAD": "Census Tract 605" }, "geometry": { "type": "Polygon", "coordinates": [ [ [ -89.5802, 33.0785 ], [ -89.5542, 33.0788 ], [ -89.5544, 33.0694 ], [ -89.5469, 33.0696 ], [ -89.5752, 33.0397 ], [ -89.5851, 33.0321 ], [ -89.594, 33.0398 ], [ -89.5802, 33.0785 ] ] ] } },
{ "type": "Feature", "properties": { "GEOIDFQ": "1400000US28007060200", "NAME": "602", "NAMELSAD": "Census Tract 602" }, "geometry": { "type": "Polygon", "coordinates": [ [ [ -89.8216, 33.0698 ], [ -89.8287, 33.082 ], [ -89.8189, 33.0994 ], [ -89.8249, 33.1101 ], [ -89.806, 33.1129 ], [ -89.8084, 33.1168 ], [ -89.7959, 33.1247 ], [ -89.7958, 33.1568 ], [ -89.7836, 33.1621 ], [ -89.7741, 33.1763 ], [ -89.7787, 33.1915 ], [ -89.7548, 33.199 ], [ -89.7451, 33.2289 ], [ -89.723, 33.2592 ], [ -89.7094, 33.2633 ], [ -89.7129, 33.2675 ], [ -89.7063, 33.2699 ], [ -89.7015, 33.2855 ], [ -89.5454, 33.2858 ], [ -89.5445, 33.2699 ], [ -89.5367, 33.265 ], [ -89.5337, 33.2434 ], [ -89.5245, 33.2335 ], [ -89.5436, 33.1951 ], [ -89.5398, 33.1863 ], [ -89.5174, 33.176 ], [ -89.5235, 33.1615 ], [ -89.5341, 33.1567 ], [ -89.5313, 33.1473 ], [ -89.5446, 33.1282 ], [ -89.5401, 33.114 ], [ -89.5793, 33.0786 ], [ -89.5936, 33.0784 ], [ -89.6021, 33.0925 ], [ -89.6365, 33.0578 ], [ -89.6529, 33.0535 ], [ -89.677, 33.0643 ], [ -89.7085, 33.0597 ], [ -89.7913, 33.0632 ], [ -89.8089, 33.0754 ], [ -89.8183, 33.0701 ], [ -89.8237, 33.0558 ], [ -89.8334, 33.0624 ], [ -89.8216, 33.0698 ] ] ] } },
{ "type": "Feature", "properties": { "GEOIDFQ": "1400000US28133950402", "NAME": "9504.02", "NAMELSAD": "Census Tract 9504.02" }, "geometry": { "type": "Polygon", "coordinates": [ [ [ -90.6772, 33.4498 ], [ -90.6586, 33.4518 ], [ -90.6214, 33.4425 ], [ -90.6216, 33.4372 ], [ -90.633, 33.4381 ], [ -90.6336, 33.4249 ], [ -90.6562, 33.4314 ], [ -90.6775, 33.417 ], [ -90.6772, 33.4498 ] ] ] } },
{ "type": "Feature", "properties": { "GEOIDFQ": "1400000US28057950300", "NAME": "9503", "NAMELSAD": "Census Tract 9503" }, "geometry": { "type": "Polygon", "coordinates": [ [ [ -88.4262, 34.2779 ], [ -88.3957, 34.286 ], [ -88.3711, 34.3044 ], [ -88.3647, 34.2988 ], [ -88.3771, 34.2963 ], [ -88.3717, 34.2621 ], [ -88.3771, 34.2542 ], [ -88.3847, 34.2563 ], [ -88.3964, 34.2471 ], [ -88.4107, 34.2452 ], [ -88.4133, 34.2371 ], [ -88.4227, 34.2485 ], [ -88.4262, 34.2779 ] ] ] } },
{ "type": "Feature", "properties": { "GEOIDFQ": "1400000US28057950500", "NAME": "9505", "NAMELSAD": "Census Tract 9505" }, "geometry": { "type": "Polygon", "coordinates": [ [ [ -88.5445, 34.2648 ], [ -88.4679, 34.2517 ], [ -88.4271, 34.2731 ], [ -88.4227, 34.2485 ], [ -88.3908, 34.2146 ], [ -88.3793, 34.179 ], [ -88.3812, 34.1397 ], [ -88.3941, 34.1215 ], [ -88.4017, 34.0875 ], [ -88.5434, 34.089 ], [ -88.5445, 34.2648 ] ] ] } },
{ "type": "Feature", "properties": { "GEOIDFQ": "1400000US28057950400", "NAME": "9504", "NAMELSAD": "Census Tract 9504" }, "geometry": { "type": "Polygon", "coordinates": [ [ [ -88.4107, 34.2452 ], [ -88.3964, 34.2471 ], [ -88.3847, 34.2563 ], [ -88.3771, 34.2542 ], [ -88.3735, 34.2786 ], [ -88.3371, 34.2699 ], [ -88.3339, 34.2794 ], [ -88.2942, 34.2839 ], [ -88.3007, 34.2925 ], [ -88.2934, 34.3184 ], [ -88.3057, 34.3586 ], [ -88.2922, 34.367 ], [ -88.2601, 34.3679 ], [ -88.2308, 34.3839 ], [ -88.2141, 34.3839 ], [ -88.2053, 34.3767 ], [ -88.1978, 34.4095 ], [ -88.1594, 34.4364 ], [ -88.2039, 34.0866 ], [ -88.4017, 34.0875 ], [ -88.3941, 34.1215 ], [ -88.3812, 34.1397 ], [ -88.3793, 34.179 ], [ -88.3908, 34.2146 ], [ -88.4133, 34.2372 ], [ -88.4107, 34.2452 ] ] ] } },
{ "type": "Feature", "properties": { "GEOIDFQ": "1400000US28057950100", "NAME": "9501", "NAMELSAD": "Census Tract 9501" }, "geometry": { "type": "Polygon", "coordinates": [ [ [ -88.4022, 34.3922 ], [ -88.4052, 34.4388 ], [ -88.3941, 34.4519 ], [ -88.3564, 34.4641 ], [ -88.1563, 34.4632 ], [ -88.16, 34.4352 ], [ -88.1978, 34.4095 ], [ -88.2053, 34.3767 ], [ -88.2141, 34.3839 ], [ -88.2308, 34.3839 ], [ -88.2601, 34.3679 ], [ -88.2922, 34.367 ], [ -88.3057, 34.3586 ], [ -88.2934, 34.3184 ], [ -88.3007, 34.2925 ], [ -88.2942, 34.2839 ], [ -88.3339, 34.2794 ], [ -88.3371, 34.2699 ], [ -88.3743, 34.2784 ], [ -88.3771, 34.2963 ], [ -88.3647, 34.2988 ], [ -88.3711, 34.3044 ], [ -88.3957, 34.286 ], [ -88.4262, 34.2779 ], [ -88.4022, 34.3922 ] ] ] } },
{ "type": "Feature", "properties": { "GEOIDFQ": "1400000US28111950200", "NAME": "9502", "NAMELSAD": "Census Tract 9502" }, "geometry": { "type": "Polygon", "coordinates": [ [ [ -89.1456, 31.2236 ], [ -89.143, 31.2196 ], [ -89.1394, 31.2244 ], [ -89.1258, 31.2191 ], [ -89.1193, 31.2225 ], [ -89.116, 31.2154 ], [ -89.0914, 31.2217 ], [ -89.0922, 31.2269 ], [ -89.0647, 31.2247 ], [ -89.0687, 31.214 ], [ -89.0594, 31.2092 ], [ -89.0523, 31.2126 ], [ -89.0589, 31.2167 ], [ -89.0507, 31.2238 ], [ -89.0305, 31.2194 ], [ -89.023, 31.2243 ], [ -89.0124, 31.2181 ], [ -89.0014, 31.2237 ], [ -88.9988, 31.233 ], [ -88.9829, 31.2147 ], [ -88.9872, 31.2068 ], [ -88.9743, 31.2117 ], [ -88.967, 31.2047 ], [ -88.95, 31.2048 ], [ -88.9519, 31.193 ], [ -88.934, 31.1898 ], [ -88.9237, 31.1944 ], [ -88.9234, 31.1857 ], [ -88.9142, 31.1811 ], [ -88.8878, 31.185 ], [ -88.8826, 31.1733 ], [ -88.857, 31.1668 ], [ -88.8585, 31.1504 ], [ -88.841, 31.1448 ], [ -88.8345, 30.9103 ], [ -89.138, 30.9099 ], [ -89.1382, 31.0002 ], [ -89.1462, 31.0013 ], [ -89.1456, 31.2236 ] ] ] } },
{ "type": "Feature", "properties": { "GEOIDFQ": "1400000US28149950902", "NAME": "9509.02", "NAMELSAD": "Census Tract 9509.02" }, "geometry": { "type": "Polygon", "coordinates": [ [ [ -90.8207, 32.331 ], [ -90.825, 32.3488 ], [ -90.7401, 32.3531 ], [ -90.6868, 32.364 ], [ -90.6304, 32.3533 ], [ -90.6279, 32.3454 ], [ -90.6325, 32.339 ], [ -90.6929, 32.3543 ], [ -90.7047, 32.3473 ], [ -90.7074, 32.339 ], [ -90.6992, 32.3378 ], [ -90.6993, 32.3311 ], [ -90.7078, 32.3167 ], [ -90.6991, 32.3118 ], [ -90.6957, 32.298 ], [ -90.7067, 32.2923 ], [ -90.7005, 32.2872 ], [ -90.7195, 32.2773 ], [ -90.7207, 32.2687 ], [ -90.7134, 32.2639 ], [ -90.7262, 32.2603 ], [ -90.7398, 32.2597 ], [ -90.7553, 32.2816 ], [ -90.7873, 32.2865 ], [ -90.7968, 32.2978 ], [ -90.799, 32.2928 ], [ -90.823, 32.2933 ], [ -90.8314, 32.309 ], [ -90.8207, 32.331 ] ] ] } },
{ "type": "Feature", "properties": { "GEOIDFQ": "1400000US28149950901", "NAME": "9509.01", "NAMELSAD": "Census Tract 9509.01" }, "geometry": { "type": "Polygon", "coordinates": [ [ [ -90.8271, 32.4022 ], [ -90.8115, 32.414 ], [ -90.797, 32.4047 ], [ -90.8055, 32.3902 ], [ -90.7961, 32.3981 ], [ -90.7952, 32.3929 ], [ -90.7769, 32.398 ], [ -90.759, 32.3824 ], [ -90.7522, 32.3917 ], [ -90.7202, 32.4028 ], [ -90.7015, 32.3977 ], [ -90.6865, 32.4032 ], [ -90.6681, 32.4003 ], [ -90.6449, 32.3841 ], [ -90.6304, 32.3534 ], [ -90.6884, 32.364 ], [ -90.7401, 32.3531 ], [ -90.8293, 32.3486 ], [ -90.8271, 32.4022 ] ] ] } },
{ "type": "Feature", "properties": { "GEOIDFQ": "1400000US28079040600", "NAME": "406", "NAMELSAD": "Census Tract 406" }, "geometry": { "type": "Polygon", "coordinates": [ [ [ -89.6098, 32.7902 ], [ -89.5865, 32.7921 ], [ -89.5684, 32.8024 ], [ -89.5666, 32.8107 ], [ -89.5423, 32.7948 ], [ -89.541, 32.8074 ], [ -89.5305, 32.8063 ], [ -89.5234, 32.7761 ], [ -89.5057, 32.7889 ], [ -89.507, 32.7624 ], [ -89.4856, 32.7314 ], [ -89.5028, 32.7205 ], [ -89.5068, 32.7103 ], [ -89.5292, 32.7057 ], [ -89.5354, 32.7109 ], [ -89.5468, 32.6977 ], [ -89.5718, 32.6953 ], [ -89.5876, 32.7136 ], [ -89.5663, 32.7213 ], [ -89.5623, 32.744 ], [ -89.5754, 32.749 ], [ -89.5835, 32.7676 ], [ -89.6098, 32.7823 ], [ -89.6098, 32.7902 ] ] ] } },
{ "type": "Feature", "properties": { "GEOIDFQ": "1400000US28107950400", "NAME": "9504", "NAMELSAD": "Census Tract 9504" }, "geometry": { "type": "Polygon", "coordinates": [ [ [ -89.9195, 34.31 ], [ -89.8721, 34.3116 ], [ -89.8522, 34.3224 ], [ -89.7685, 34.3331 ], [ -89.721, 34.3492 ], [ -89.7214, 34.1635 ], [ -89.9208, 34.1643 ], [ -89.9278, 34.2474 ], [ -89.9195, 34.31 ] ] ] } },
{ "type": "Feature", "properties": { "GEOIDFQ": "1400000US28109950102", "NAME": "9501.02", "NAMELSAD": "Census Tract 9501.02" }, "geometry": { "type": "Polygon", "coordinates": [ [ [ -89.5531, 30.9552 ], [ -89.543, 30.972 ], [ -89.5519, 30.9864 ], [ -89.5391, 30.9902 ], [ -89.552, 31.016 ], [ -89.5013, 31.016 ], [ -89.5014, 31.0015 ], [ -89.4759, 31.0014 ], [ -89.476, 30.9829 ], [ -89.4253, 30.9825 ], [ -89.4248, 31.0101 ], [ -89.3489, 31.0104 ], [ -89.349, 31.001 ], [ -89.3407, 31.001 ], [ -89.3409, 30.8576 ], [ -89.496, 30.8479 ], [ -89.503, 30.8601 ], [ -89.5221, 30.8624 ], [ -89.5493, 30.8789 ], [ -89.5567, 30.9227 ], [ -89.5531, 30.9552 ] ] ] } },
{ "type": "Feature", "properties": { "GEOIDFQ": "1400000US28109950702", "NAME": "9507.02", "NAMELSAD": "Census Tract 9507.02" }, "geometry": { "type": "Polygon", "coordinates": [ [ [ -89.6978, 30.5268 ], [ -89.689, 30.5277 ], [ -89.6605, 30.5238 ], [ -89.6669, 30.5085 ], [ -89.6813, 30.5203 ], [ -89.6978, 30.5145 ], [ -89.6978, 30.5268 ] ] ] } },
{ "type": "Feature", "properties": { "GEOIDFQ": "1400000US28109950504", "NAME": "9505.04", "NAMELSAD": "Census Tract 9505.04" }, "geometry": { "type": "Polygon", "coordinates": [ [ [ -89.6187, 30.6005 ], [ -89.6097, 30.5969 ], [ -89.5962, 30.5747 ], [ -89.5759, 30.5754 ], [ -89.5966, 30.5462 ], [ -89.5988, 30.5191 ], [ -89.5875, 30.5171 ], [ -89.5959, 30.5171 ], [ -89.5957, 30.5025 ], [ -89.6471, 30.5027 ], [ -89.647, 30.4589 ], [ -89.6772, 30.4591 ], [ -89.6842, 30.4737 ], [ -89.6187, 30.6005 ] ] ] } },
{ "type": "Feature", "properties": { "GEOIDFQ": "1400000US28109950701", "NAME": "9507.01", "NAMELSAD": "Census Tract 9507.01" }, "geometry": { "type": "Polygon", "coordinates": [ [ [ -89.7145, 30.5175 ], [ -89.699, 30.5269 ], [ -89.6978, 30.5145 ], [ -89.6813, 30.5203 ], [ -89.6669, 30.5085 ], [ -89.6842, 30.4737 ], [ -89.6772, 30.4591 ], [ -89.7057, 30.4649 ], [ -89.7096, 30.478 ], [ -89.7238, 30.4827 ], [ -89.7145, 30.5175 ] ] ] } },
{ "type": "Feature", "properties": { "GEOIDFQ": "1400000US28109950403", "NAME": "9504.03", "NAMELSAD": "Census Tract 9504.03" }, "geometry": { "type": "Polygon", "coordinates": [ [ [ -89.7932, 30.6405 ], [ -89.7955, 30.616 ], [ -89.7894, 30.6129 ], [ -89.7702, 30.6259 ], [ -89.7547, 30.6001 ], [ -89.7345, 30.6236 ], [ -89.7082, 30.6278 ], [ -89.6933, 30.6152 ], [ -89.6946, 30.5913 ], [ -89.7097, 30.5892 ], [ -89.7218, 30.5775 ], [ -89.7188, 30.5516 ], [ -89.7008, 30.5472 ], [ -89.6978, 30.5381 ], [ -89.6978, 30.5268 ], [ -89.7145, 30.5175 ], [ -89.7214, 30.4889 ], [ -89.7331, 30.496 ], [ -89.7473, 30.4927 ], [ -89.7421, 30.4973 ], [ -89.7467, 30.5029 ], [ -89.7572, 30.4993 ], [ -89.7526, 30.5024 ], [ -89.7607, 30.512 ], [ -89.7575, 30.5186 ], [ -89.7678, 30.5132 ], [ -89.7792, 30.544 ], [ -89.7897, 30.5447 ], [ -89.8039, 30.5493 ], [ -89.7922, 30.5483 ], [ -89.804, 30.5605 ], [ -89.7917, 30.5626 ], [ -89.7869, 30.5691 ], [ -89.793, 30.5641 ], [ -89.7953, 30.5701 ], [ -89.808, 30.5677 ], [ -89.8157, 30.5855 ], [ -89.807, 30.5871 ], [ -89.8188, 30.5929 ], [ -89.814, 30.5986 ], [ -89.8226, 30.6052 ], [ -89.8139, 30.6077 ], [ -89.8233, 30.6077 ], [ -89.8214, 30.6198 ], [ -89.8308, 30.6178 ], [ -89.7932, 30.6405 ] ] ] } },
{ "type": "Feature", "properties": { "GEOIDFQ": "1400000US28109950405", "NAME": "9504.05", "NAMELSAD": "Census Tract 9504.05" }, "geometry": { "type": "Polygon", "coordinates": [ [ [ -89.7215, 30.578 ], [ -89.7093, 30.5895 ], [ -89.6946, 30.5913 ], [ -89.6901, 30.6045 ], [ -89.7073, 30.6291 ], [ -89.6525, 30.6213 ], [ -89.6526, 30.596 ], [ -89.6693, 30.5458 ], [ -89.6917, 30.5553 ], [ -89.6928, 30.5435 ], [ -89.7095, 30.5455 ], [ -89.7188, 30.5516 ], [ -89.7215, 30.578 ] ] ] } },
{ "type": "Feature", "properties": { "GEOIDFQ": "1400000US28109950506", "NAME": "9505.06", "NAMELSAD": "Census Tract 9505.06" }, "geometry": { "type": "Polygon", "coordinates": [ [ [ -89.6612, 30.584 ], [ -89.6493, 30.6177 ], [ -89.6187, 30.6005 ], [ -89.6472, 30.5483 ], [ -89.6682, 30.5488 ], [ -89.6612, 30.584 ] ] ] } },
{ "type": "Feature", "properties": { "GEOIDFQ": "1400000US28109950505", "NAME": "9505.05", "NAMELSAD": "Census Tract 9505.05" }, "geometry": { "type": "Polygon", "coordinates": [ [ [ -89.6359, 30.6679 ], [ -89.6422, 30.6699 ], [ -89.6496, 30.692 ], [ -89.6468, 30.7109 ], [ -89.5915, 30.725 ], [ -89.5155, 30.7173 ], [ -89.5285, 30.6503 ], [ -89.5442, 30.6484 ], [ -89.544, 30.6277 ], [ -89.5518, 30.6222 ], [ -89.6015, 30.6227 ], [ -89.6187, 30.6005 ], [ -89.6484, 30.6137 ], [ -89.6518, 30.6241 ], [ -89.6359, 30.6679 ] ] ] } },
{ "type": "Feature", "properties": { "GEOIDFQ": "1400000US28109950406", "NAME": "9504.06", "NAMELSAD": "Census Tract 9504.06" }, "geometry": { "type": "Polygon", "coordinates": [ [ [ -89.7038, 30.6772 ], [ -89.6809, 30.693 ], [ -89.6755, 30.7104 ], [ -89.6637, 30.7085 ], [ -89.6522, 30.7155 ], [ -89.6423, 30.67 ], [ -89.6359, 30.6679 ], [ -89.6508, 30.6175 ], [ -89.6802, 30.6279 ], [ -89.7071, 30.6294 ], [ -89.7038, 30.6772 ] ] ] } },
{ "type": "Feature", "properties": { "GEOIDFQ": "1400000US28109950202", "NAME": "9502.02", "NAMELSAD": "Census Tract 9502.02" }, "geometry": { "type": "Polygon", "coordinates": [ [ [ -89.653, 30.8456 ], [ -89.6341, 30.8621 ], [ -89.6314, 30.8947 ], [ -89.6385, 30.9248 ], [ -89.6212, 30.9299 ], [ -89.5954, 30.9219 ], [ -89.5722, 30.9318 ], [ -89.5526, 30.9318 ], [ -89.5567, 30.9046 ], [ -89.5485, 30.8893 ], [ -89.549, 30.8417 ], [ -89.5631, 30.8334 ], [ -89.5521, 30.8304 ], [ -89.5515, 30.8191 ], [ -89.5313, 30.8273 ], [ -89.531, 30.7934 ], [ -89.5204, 30.7935 ], [ -89.5239, 30.7579 ], [ -89.5326, 30.7501 ], [ -89.5576, 30.7482 ], [ -89.5736, 30.7502 ], [ -89.5992, 30.7651 ], [ -89.6282, 30.7662 ], [ -89.6286, 30.7766 ], [ -89.6354, 30.7793 ], [ -89.6312, 30.8049 ], [ -89.6372, 30.8035 ], [ -89.6369, 30.8181 ], [ -89.6235, 30.8337 ], [ -89.642, 30.8415 ], [ -89.6687, 30.8389 ], [ -89.6712, 30.8447 ], [ -89.653, 30.8456 ] ] ] } },
{ "type": "Feature", "properties": { "GEOIDFQ": "1400000US28109950503", "NAME": "9505.03", "NAMELSAD": "Census Tract 9505.03" }, "geometry": { "type": "Polygon", "coordinates": [ [ [ -89.6015, 30.6227 ], [ -89.5518, 30.6222 ], [ -89.544, 30.6277 ], [ -89.5445, 30.5169 ], [ -89.5988, 30.5191 ], [ -89.5966, 30.5462 ], [ -89.5759, 30.5754 ], [ -89.5962, 30.5747 ], [ -89.6091, 30.5964 ], [ -89.6187, 30.6005 ], [ -89.6015, 30.6227 ] ] ] } },
{ "type": "Feature", "properties": { "GEOIDFQ": "1400000US28109950101", "NAME": "9501.01", "NAMELSAD": "Census Tract 9501.01" }, "geometry": { "type": "Polygon", "coordinates": [ [ [ -89.5227, 30.7516 ], [ -89.5197, 30.8018 ], [ -89.4979, 30.8289 ], [ -89.496, 30.8479 ], [ -89.3409, 30.8576 ], [ -89.3414, 30.6477 ], [ -89.5302, 30.6484 ], [ -89.5155, 30.7173 ], [ -89.5542, 30.7182 ], [ -89.5227, 30.7516 ] ] ] } },
{ "type": "Feature", "properties": { "GEOIDFQ": "1400000US28109950404", "NAME": "9504.04", "NAMELSAD": "Census Tract 9504.04" }, "geometry": { "type": "Polygon", "coordinates": [ [ [ -89.8378, 30.6719 ], [ -89.8472, 30.67 ], [ -89.8371, 30.6779 ], [ -89.8423, 30.6803 ], [ -89.8374, 30.6878 ], [ -89.845, 30.6906 ], [ -89.8353, 30.6918 ], [ -89.8381, 30.704 ], [ -89.8467, 30.7057 ], [ -89.8401, 30.7118 ], [ -89.8425, 30.7204 ], [ -89.831, 30.7155 ], [ -89.8256, 30.7274 ], [ -89.8363, 30.7272 ], [ -89.8275, 30.7321 ], [ -89.8369, 30.7349 ], [ -89.834, 30.7369 ], [ -89.8206, 30.7367 ], [ -89.8161, 30.7389 ], [ -89.8286, 30.7374 ], [ -89.8225, 30.7546 ], [ -89.8332, 30.7533 ], [ -89.8256, 30.7584 ], [ -89.8353, 30.7698 ], [ -89.8288, 30.7687 ], [ -89.829, 30.783 ], [ -89.8193, 30.7834 ], [ -89.8213, 30.7919 ], [ -89.8101, 30.786 ], [ -89.7873, 30.7861 ], [ -89.7136, 30.794 ], [ -89.712, 30.7442 ], [ -89.6626, 30.7355 ], [ -89.6636, 30.7264 ], [ -89.6524, 30.7166 ], [ -89.6637, 30.7085 ], [ -89.6755, 30.7104 ], [ -89.6809, 30.693 ], [ -89.7038, 30.6772 ], [ -89.7039, 30.6352 ], [ -89.7104, 30.6249 ], [ -89.7348, 30.6235 ], [ -89.7547, 30.6001 ], [ -89.7702, 30.6259 ], [ -89.7894, 30.6129 ], [ -89.7955, 30.616 ], [ -89.7932, 30.6405 ], [ -89.8114, 30.6252 ], [ -89.8226, 30.6248 ], [ -89.814, 30.6382 ], [ -89.823, 30.6391 ], [ -89.8207, 30.6461 ], [ -89.8332, 30.6575 ], [ -89.8407, 30.6522 ], [ -89.8408, 30.6608 ], [ -89.8523, 30.6624 ], [ -89.8378, 30.6719 ] ] ] } },
{ "type": "Feature", "properties": { "GEOIDFQ": "1400000US28109950201", "NAME": "9502.01", "NAMELSAD": "Census Tract 9502.01" }, "geometry": { "type": "Polygon", "coordinates": [ [ [ -89.817, 30.7962 ], [ -89.8122, 30.7877 ], [ -89.8045, 30.79 ], [ -89.8156, 30.8038 ], [ -89.8046, 30.8025 ], [ -89.7975, 30.8215 ], [ -89.7815, 30.8189 ], [ -89.7876, 30.8235 ], [ -89.7823, 30.8326 ], [ -89.7907, 30.8318 ], [ -89.7925, 30.8504 ], [ -89.7816, 30.8453 ], [ -89.7834, 30.856 ], [ -89.7717, 30.8547 ], [ -89.7678, 30.8656 ], [ -89.7792, 30.876 ], [ -89.7696, 30.8811 ], [ -89.7734, 30.8977 ], [ -89.7587, 30.8973 ], [ -89.7642, 30.9119 ], [ -89.7448, 30.9189 ], [ -89.7565, 30.9429 ], [ -89.7357, 30.9666 ], [ -89.7271, 30.9674 ], [ -89.7371, 30.9761 ], [ -89.7277, 30.9933 ], [ -89.7355, 30.9997 ], [ -89.5519, 31.0019 ], [ -89.5488, 31.0062 ], [ -89.5391, 30.9902 ], [ -89.5519, 30.9864 ], [ -89.543, 30.972 ], [ -89.5531, 30.9552 ], [ -89.5526, 30.9318 ], [ -89.5722, 30.9318 ], [ -89.5954, 30.9219 ], [ -89.6212, 30.9299 ], [ -89.6385, 30.9248 ], [ -89.6314, 30.8947 ], [ -89.6341, 30.8621 ], [ -89.653, 30.8456 ], [ -89.6713, 30.8444 ], [ -89.6687, 30.8389 ], [ -89.642, 30.8415 ], [ -89.6235, 30.8337 ], [ -89.6369, 30.8181 ], [ -89.6372, 30.8035 ], [ -89.6312, 30.8049 ], [ -89.6354, 30.7793 ], [ -89.6286, 30.7766 ], [ -89.6282, 30.7662 ], [ -89.5992, 30.7651 ], [ -89.5736, 30.7502 ], [ -89.5542, 30.748 ], [ -89.5324, 30.7502 ], [ -89.5212, 30.7646 ], [ -89.5241, 30.7491 ], [ -89.5542, 30.7182 ], [ -89.5916, 30.7249 ], [ -89.6468, 30.7109 ], [ -89.6635, 30.7262 ], [ -89.6626, 30.7355 ], [ -89.712, 30.7442 ], [ -89.7136, 30.794 ], [ -89.7873, 30.7861 ], [ -89.8105, 30.7861 ], [ -89.8211, 30.7925 ], [ -89.817, 30.7962 ] ] ] } },
{ "type": "Feature", "properties": { "GEOIDFQ": "1400000US28049010809", "NAME": "108.09", "NAMELSAD": "Census Tract 108.09" }, "geometry": { "type": "Polygon", "coordinates": [ [ [ -90.3262, 32.304 ], [ -90.3089, 32.2993 ], [ -90.3093, 32.2583 ], [ -90.3008, 32.2479 ], [ -90.3018, 32.2322 ], [ -90.318, 32.2324 ], [ -90.3265, 32.2527 ], [ -90.3383, 32.2569 ], [ -90.3394, 32.2715 ], [ -90.3262, 32.304 ] ] ] } },
{ "type": "Feature", "properties": { "GEOIDFQ": "1400000US28049010808", "NAME": "108.08", "NAMELSAD": "Census Tract 108.08" }, "geometry": { "type": "Polygon", "coordinates": [ [ [ -90.3089, 32.2993 ], [ -90.283, 32.3001 ], [ -90.2877, 32.278 ], [ -90.2796, 32.2641 ], [ -90.3007, 32.247 ], [ -90.3092, 32.2596 ], [ -90.3089, 32.2993 ] ] ] } },
{ "type": "Feature", "properties": { "GEOIDFQ": "1400000US28017950100", "NAME": "9501", "NAMELSAD": "Census Tract 9501" }, "geometry": { "type": "Polygon", "coordinates": [ [ [ -88.8728, 34.0572 ], [ -88.8708, 34.0749 ], [ -88.719, 34.0745 ], [ -88.72, 33.9632 ], [ -88.7317, 33.9701 ], [ -88.7595, 33.9666 ], [ -88.7808, 33.9889 ], [ -88.786, 33.9653 ], [ -88.8366, 33.9651 ], [ -88.839, 33.9609 ], [ -88.8522, 33.9687 ], [ -88.8509, 34.0019 ], [ -88.8901, 33.9997 ], [ -88.8971, 34.0069 ], [ -88.8728, 34.0572 ] ] ] } },
{ "type": "Feature", "properties": { "GEOIDFQ": "1400000US28017950200", "NAME": "9502", "NAMELSAD": "Census Tract 9502" }, "geometry": { "type": "Polygon", "coordinates": [ [ [ -88.8708, 34.0749 ], [ -88.8703, 34.0666 ], [ -88.8945, 34.0189 ], [ -88.8972, 34.0067 ], [ -88.8901, 33.9997 ], [ -88.9108, 33.9593 ], [ -88.9458, 33.9542 ], [ -89.0, 33.9279 ], [ -89.0406, 33.9526 ], [ -89.0399, 33.9436 ], [ -89.0498, 33.9416 ], [ -89.0508, 33.9209 ], [ -89.1353, 33.9183 ], [ -89.1392, 34.0741 ], [ -88.8708, 34.0749 ] ] ] } },
{ "type": "Feature", "properties": { "GEOIDFQ": "1400000US28017950300", "NAME": "9503", "NAMELSAD": "Census Tract 9503" }, "geometry": { "type": "Polygon", "coordinates": [ [ [ -89.0671, 33.9058 ], [ -89.046, 33.9179 ], [ -89.0498, 33.9416 ], [ -89.0399, 33.9436 ], [ -89.0406, 33.9526 ], [ -89.0005, 33.9279 ], [ -88.9624, 33.9482 ], [ -88.9307, 33.9548 ], [ -88.9259, 33.9267 ], [ -88.9526, 33.8855 ], [ -88.9643, 33.8872 ], [ -88.9752, 33.8526 ], [ -88.9857, 33.8669 ], [ -89.0223, 33.8734 ], [ -89.0533, 33.864 ], [ -89.0585, 33.881 ], [ -89.0734, 33.8833 ], [ -89.0671, 33.9058 ] ] ] } },
{ "type": "Feature", "properties": { "GEOIDFQ": "1400000US28133950100", "NAME": "9501", "NAMELSAD": "Census Tract 9501" }, "geometry": { "type": "Polygon", "coordinates": [ [ [ -90.657, 33.9876 ], [ -90.451, 33.9857 ], [ -90.4522, 33.7596 ], [ -90.4726, 33.7597 ], [ -90.4882, 33.7481 ], [ -90.5079, 33.7433 ], [ -90.5437, 33.7465 ], [ -90.541, 33.7531 ], [ -90.5578, 33.7636 ], [ -90.6587, 33.776 ], [ -90.657, 33.9876 ] ] ] } },
{ "type": "Feature", "properties": { "GEOIDFQ": "1400000US28163950602", "NAME": "9506.02", "NAMELSAD": "Census Tract 9506.02" }, "geometry": { "type": "Polygon", "coordinates": [ [ [ -90.4495, 32.8165 ], [ -90.4301, 32.8357 ], [ -90.4158, 32.8353 ], [ -90.408, 32.8199 ], [ -90.4134, 32.7861 ], [ -90.3881, 32.7569 ], [ -90.405, 32.7407 ], [ -90.3897, 32.6963 ], [ -90.3797, 32.7008 ], [ -90.3764, 32.7155 ], [ -90.3559, 32.7387 ], [ -90.3571, 32.7495 ], [ -90.3075, 32.7496 ], [ -90.3042, 32.7361 ], [ -90.2873, 32.7175 ], [ -90.2928, 32.6976 ], [ -90.3061, 32.6891 ], [ -90.2992, 32.6583 ], [ -90.3099, 32.6336 ], [ -90.3252, 32.622 ], [ -90.3223, 32.616 ], [ -90.3381, 32.6055 ], [ -90.3499, 32.6132 ], [ -90.3556, 32.6025 ], [ -90.3628, 32.604 ], [ -90.3682, 32.5954 ], [ -90.3714, 32.6024 ], [ -90.3862, 32.5837 ], [ -90.3963, 32.5853 ], [ -90.4045, 32.5746 ], [ -90.4383, 32.5857 ], [ -90.4274, 32.5965 ], [ -90.4314, 32.6115 ], [ -90.4555, 32.6326 ], [ -90.448, 32.6401 ], [ -90.4523, 32.6508 ], [ -90.4364, 32.6904 ], [ -90.4525, 32.7088 ], [ -90.4641, 32.7054 ], [ -90.5012, 32.7135 ], [ -90.5056, 32.7233 ], [ -90.4495, 32.8165 ] ] ] } },
{ "type": "Feature", "properties": { "GEOIDFQ": "1400000US28163950601", "NAME": "9506.01", "NAMELSAD": "Census Tract 9506.01" }, "geometry": { "type": "Polygon", "coordinates": [ [ [ -90.408, 32.8198 ], [ -90.413, 32.8335 ], [ -90.3981, 32.8407 ], [ -90.3382, 32.8421 ], [ -90.3304, 32.8317 ], [ -90.3003, 32.8315 ], [ -90.2396, 32.8126 ], [ -90.1333, 32.7417 ], [ -90.1041, 32.7337 ], [ -90.094, 32.7048 ], [ -90.1004, 32.7 ], [ -90.1316, 32.7025 ], [ -90.1375, 32.6987 ], [ -90.1363, 32.6874 ], [ -90.1543, 32.6915 ], [ -90.1931, 32.6722 ], [ -90.1971, 32.6638 ], [ -90.2065, 32.6665 ], [ -90.2223, 32.6598 ], [ -90.2267, 32.6682 ], [ -90.2423, 32.6647 ], [ -90.2445, 32.6587 ], [ -90.2778, 32.6604 ], [ -90.2873, 32.6422 ], [ -90.3041, 32.6451 ], [ -90.2986, 32.665 ], [ -90.3061, 32.6891 ], [ -90.2937, 32.6966 ], [ -90.2868, 32.7112 ], [ -90.3075, 32.7496 ], [ -90.3571, 32.7495 ], [ -90.3559, 32.7387 ], [ -90.3764, 32.7155 ], [ -90.3797, 32.7008 ], [ -90.3897, 32.6963 ], [ -90.405, 32.7407 ], [ -90.3881, 32.7569 ], [ -90.4134, 32.7867 ], [ -90.408, 32.8198 ] ] ] } },
{ "type": "Feature", "properties": { "GEOIDFQ": "1400000US28049010801", "NAME": "108.01", "NAMELSAD": "Census Tract 108.01" }, "geometry": { "type": "Polygon", "coordinates": [ [ [ -90.2987, 32.3258 ], [ -90.2817, 32.3176 ], [ -90.283, 32.3001 ], [ -90.3016, 32.299 ], [ -90.3096, 32.3121 ], [ -90.2987, 32.3258 ] ] ] } },
{ "type": "Feature", "properties": { "GEOIDFQ": "1400000US28049010400", "NAME": "104", "NAMELSAD": "Census Tract 104" }, "geometry": { "type": "Polygon", "coordinates": [ [ [ -90.3604, 32.3656 ], [ -90.3133, 32.3477 ], [ -90.3071, 32.3299 ], [ -90.3271, 32.3333 ], [ -90.3257, 32.3265 ], [ -90.3628, 32.3452 ], [ -90.3604, 32.3656 ] ] ] } },
{ "type": "Feature", "properties": { "GEOIDFQ": "1400000US28049011001", "NAME": "110.01", "NAMELSAD": "Census Tract 110.01" }, "geometry": { "type": "Polygon", "coordinates": [ [ [ -90.283, 32.3022 ], [ -90.2626, 32.291 ], [ -90.2403, 32.2887 ], [ -90.244, 32.2745 ], [ -90.2534, 32.2746 ], [ -90.2537, 32.2688 ], [ -90.2697, 32.2723 ], [ -90.2796, 32.2641 ], [ -90.2877, 32.278 ], [ -90.283, 32.3022 ] ] ] } },
{ "type": "Feature", "properties": { "GEOIDFQ": "1400000US28049010600", "NAME": "106", "NAMELSAD": "Census Tract 106" }, "geometry": { "type": "Polygon", "coordinates": [ [ [ -90.7134, 32.2639 ], [ -90.7207, 32.2687 ], [ -90.7195, 32.2773 ], [ -90.7005, 32.2872 ], [ -90.7067, 32.2923 ], [ -90.6957, 32.298 ], [ -90.6991, 32.3118 ], [ -90.7078, 32.3167 ], [ -90.6993, 32.3311 ], [ -90.6992, 32.3378 ], [ -90.7074, 32.339 ], [ -90.7047, 32.3473 ], [ -90.6922, 32.3543 ], [ -90.628, 32.3395 ], [ -90.636, 32.3751 ], [ -90.6227, 32.3834 ], [ -90.6132, 32.4134 ], [ -90.6, 32.4246 ], [ -90.5957, 32.441 ], [ -90.5858, 32.4451 ], [ -90.5978, 32.4503 ], [ -90.6037, 32.4819 ], [ -90.5873, 32.4869 ], [ -90.5891, 32.4953 ], [ -90.582, 32.4942 ], [ -90.5787, 32.5037 ], [ -90.5704, 32.4994 ], [ -90.5712, 32.5062 ], [ -90.5656, 32.5029 ], [ -90.5469, 32.5105 ], [ -90.5423, 32.5054 ], [ -90.5302, 32.5109 ], [ -90.5222, 32.5031 ], [ -90.5257, 32.5157 ], [ -90.5153, 32.5253 ], [ -90.5059, 32.5223 ], [ -90.4924, 32.5307 ], [ -90.4849, 32.5281 ], [ -90.48, 32.5073 ], [ -90.4892, 32.495 ], [ -90.4797, 32.4718 ], [ -90.4845, 32.4047 ], [ -90.4808, 32.3847 ], [ -90.4651, 32.3645 ], [ -90.4841, 32.3552 ], [ -90.459, 32.3434 ], [ -90.4623, 32.2988 ], [ -90.4482, 32.2829 ], [ -90.4764, 32.2776 ], [ -90.5318, 32.2472 ], [ -90.5615, 32.2217 ], [ -90.5869, 32.2147 ], [ -90.6649, 32.2453 ], [ -90.6717, 32.252 ], [ -90.6644, 32.2611 ], [ -90.6937, 32.2737 ], [ -90.714, 32.2542 ], [ -90.7283, 32.2595 ], [ -90.7134, 32.2639 ] ] ] } },
{ "type": "Feature", "properties": { "GEOIDFQ": "1400000US28049010304", "NAME": "103.04", "NAMELSAD": "Census Tract 103.04" }, "geometry": { "type": "Polygon", "coordinates": [ [ [ -90.3206, 32.3799 ], [ -90.3092, 32.3918 ], [ -90.3006, 32.3887 ], [ -90.2822, 32.3693 ], [ -90.2829, 32.3428 ], [ -90.3255, 32.3509 ], [ -90.3206, 32.3799 ] ] ] } },
{ "type": "Feature", "properties": { "GEOIDFQ": "1400000US28049003300", "NAME": "33", "NAMELSAD": "Census Tract 33" }, "geometry": { "type": "Polygon", "coordinates": [ [ [ -90.2463, 32.3005 ], [ -90.2321, 32.2935 ], [ -90.2273, 32.2685 ], [ -90.2537, 32.2688 ], [ -90.2534, 32.2746 ], [ -90.244, 32.2745 ], [ -90.2403, 32.2887 ], [ -90.2557, 32.2895 ], [ -90.2463, 32.3005 ] ] ] } },
{ "type": "Feature", "properties": { "GEOIDFQ": "1400000US28049010807", "NAME": "108.07", "NAMELSAD": "Census Tract 108.07" }, "geometry": { "type": "Polygon", "coordinates": [ [ [ -90.3738, 32.2552 ], [ -90.339, 32.2658 ], [ -90.3383, 32.2569 ], [ -90.3265, 32.2527 ], [ -90.3266, 32.2415 ], [ -90.318, 32.2415 ], [ -90.318, 32.2324 ], [ -90.3018, 32.2322 ], [ -90.2939, 32.2032 ], [ -90.3298, 32.1876 ], [ -90.3755, 32.1882 ], [ -90.3738, 32.2552 ] ] ] } },
{ "type": "Feature", "properties": { "GEOIDFQ": "1400000US28049003800", "NAME": "38", "NAMELSAD": "Census Tract 38" }, "geometry": { "type": "Polygon", "coordinates": [ [ [ -90.2218, 32.2583 ], [ -90.2109, 32.2559 ], [ -90.2188, 32.2351 ], [ -90.233, 32.2377 ], [ -90.2218, 32.2583 ] ] ] } },
{ "type": "Feature", "properties": { "GEOIDFQ": "1400000US28163950100", "NAME": "9501", "NAMELSAD": "Census Tract 9501" }, "geometry": { "type": "Polygon", "coordinates": [ [ [ -90.4499, 32.9233 ], [ -90.4493, 33.009 ], [ -90.364, 33.0099 ], [ -90.3537, 33.0122 ], [ -90.3462, 33.0224 ], [ -90.3383, 33.0101 ], [ -89.9659, 32.8794 ], [ -89.9732, 32.8671 ], [ -89.9833, 32.8645 ], [ -89.9954, 32.834 ], [ -90.0175, 32.827 ], [ -90.0172, 32.803 ], [ -90.0397, 32.7474 ], [ -90.0576, 32.7312 ], [ -90.0764, 32.7294 ], [ -90.0936, 32.7076 ], [ -90.1041, 32.7337 ], [ -90.1333, 32.7417 ], [ -90.2399, 32.8128 ], [ -90.3003, 32.8315 ], [ -90.3304, 32.8317 ], [ -90.3418, 32.843 ], [ -90.3731, 32.8399 ], [ -90.3694, 32.8497 ], [ -90.3882, 32.8638 ], [ -90.381, 32.8706 ], [ -90.3644, 32.8723 ], [ -90.3696, 32.8982 ], [ -90.3834, 32.9033 ], [ -90.388, 32.8868 ], [ -90.4081, 32.8924 ], [ -90.4313, 32.855 ], [ -90.452, 32.8653 ], [ -90.4589, 32.8882 ], [ -90.4429, 32.9019 ], [ -90.4477, 32.9157 ], [ -90.4639, 32.9233 ], [ -90.4499, 32.9233 ] ] ] } },
{ "type": "Feature", "properties": { "GEOIDFQ": "1400000US28163950500", "NAME": "9505", "NAMELSAD": "Census Tract 9505" }, "geometry": { "type": "Polygon", "coordinates": [ [ [ -90.4426, 32.8327 ], [ -90.4438, 32.8534 ], [ -90.4364, 32.8577 ], [ -90.4262, 32.8526 ], [ -90.4112, 32.8618 ], [ -90.405, 32.8559 ], [ -90.4081, 32.845 ], [ -90.3949, 32.8408 ], [ -90.4133, 32.8334 ], [ -90.4301, 32.8357 ], [ -90.4491, 32.8158 ], [ -90.4536, 32.824 ], [ -90.4426, 32.8327 ] ] ] } },
{ "type": "Feature", "properties": { "GEOIDFQ": "1400000US28163950400", "NAME": "9504", "NAMELSAD": "Census Tract 9504" }, "geometry": { "type": "Polygon", "coordinates": [ [ [ -90.6567, 32.9225 ], [ -90.4639, 32.9233 ], [ -90.4472, 32.9152 ], [ -90.4429, 32.9019 ], [ -90.453, 32.8982 ], [ -90.4594, 32.8851 ], [ -90.452, 32.8653 ], [ -90.4364, 32.8577 ], [ -90.4438, 32.8534 ], [ -90.4426, 32.8327 ], [ -90.4536, 32.824 ], [ -90.4495, 32.8165 ], [ -90.5056, 32.7233 ], [ -90.5012, 32.7135 ], [ -90.4641, 32.7054 ], [ -90.4525, 32.7088 ], [ -90.4366, 32.6907 ], [ -90.4523, 32.6508 ], [ -90.448, 32.6401 ], [ -90.4555, 32.6326 ], [ -90.4314, 32.6115 ], [ -90.4274, 32.5965 ], [ -90.4312, 32.5881 ], [ -90.4514, 32.5786 ], [ -90.4512, 32.5632 ], [ -90.4558, 32.5571 ], [ -90.4625, 32.559 ], [ -90.4651, 32.5477 ], [ -90.4848, 32.5426 ], [ -90.4981, 32.5241 ], [ -90.5145, 32.5255 ], [ -90.5235, 32.5193 ], [ -90.5222, 32.5031 ], [ -90.5298, 32.5109 ], [ -90.5538, 32.5076 ], [ -90.5539, 32.5319 ], [ -90.5879, 32.5318 ], [ -90.588, 32.5461 ], [ -90.6546, 32.546 ], [ -90.6555, 32.5898 ], [ -90.6902, 32.5894 ], [ -90.6899, 32.6187 ], [ -90.7201, 32.6189 ], [ -90.72, 32.6244 ], [ -90.6987, 32.6242 ], [ -90.6914, 32.6363 ], [ -90.7165, 32.6443 ], [ -90.7233, 32.6538 ], [ -90.7122, 32.6874 ], [ -90.6972, 32.6879 ], [ -90.6949, 32.6711 ], [ -90.6842, 32.6637 ], [ -90.6677, 32.671 ], [ -90.6638, 32.686 ], [ -90.6887, 32.7054 ], [ -90.7177, 32.709 ], [ -90.7426, 32.7292 ], [ -90.7344, 32.7572 ], [ -90.7094, 32.7474 ], [ -90.6905, 32.7576 ], [ -90.6898, 32.7659 ], [ -90.7077, 32.7778 ], [ -90.7158, 32.7934 ], [ -90.711, 32.8055 ], [ -90.6944, 32.8153 ], [ -90.7171, 32.8144 ], [ -90.7268, 32.8196 ], [ -90.7394, 32.809 ], [ -90.7486, 32.8182 ], [ -90.7596, 32.814 ], [ -90.7598, 32.8358 ], [ -90.6567, 32.9225 ] ] ] } },
{ "type": "Feature", "properties": { "GEOIDFQ": "1400000US28163950200", "NAME": "9502", "NAMELSAD": "Census Tract 9502" }, "geometry": { "type": "Polygon", "coordinates": [ [ [ -90.3834, 32.9033 ], [ -90.3696, 32.8982 ], [ -90.3644, 32.8723 ], [ -90.381, 32.8706 ], [ -90.3882, 32.8638 ], [ -90.3695, 32.8497 ], [ -90.3707, 32.8425 ], [ -90.3906, 32.8392 ], [ -90.408, 32.8452 ], [ -90.3834, 32.9033 ] ] ] } },
{ "type": "Feature", "properties": { "GEOIDFQ": "1400000US28163950300", "NAME": "9503", "NAMELSAD": "Census Tract 9503" }, "geometry": { "type": "Polygon", "coordinates": [ [ [ -90.4081, 32.8924 ], [ -90.388, 32.8868 ], [ -90.405, 32.8559 ], [ -90.4147, 32.8618 ], [ -90.4171, 32.8543 ], [ -90.4313, 32.855 ], [ -90.4081, 32.8924 ] ] ] } },
{ "type": "Feature", "properties": { "GEOIDFQ": "1400000US28049010806", "NAME": "108.06", "NAMELSAD": "Census Tract 108.06" }, "geometry": { "type": "Polygon", "coordinates": [ [ [ -90.3542, 32.3424 ], [ -90.338, 32.3342 ], [ -90.3546, 32.3202 ], [ -90.3403, 32.3117 ], [ -90.3261, 32.3115 ], [ -90.3257, 32.3265 ], [ -90.309, 32.317 ], [ -90.3016, 32.299 ], [ -90.3262, 32.304 ], [ -90.339, 32.2658 ], [ -90.3738, 32.2552 ], [ -90.3659, 32.2969 ], [ -90.3703, 32.3171 ], [ -90.3789, 32.3149 ], [ -90.3542, 32.3424 ] ] ] } },
{ "type": "Feature", "properties": { "GEOIDFQ": "1400000US28049010201", "NAME": "102.01", "NAMELSAD": "Census Tract 102.01" }, "geometry": { "type": "Polygon", "coordinates": [ [ [ -90.1796, 32.3853 ], [ -90.1638, 32.3856 ], [ -90.1662, 32.4002 ], [ -90.145, 32.3998 ], [ -90.147, 32.3804 ], [ -90.1611, 32.3803 ], [ -90.1684, 32.3685 ], [ -90.1798, 32.374 ], [ -90.1796, 32.3853 ] ] ] } },
{ "type": "Feature", "properties": { "GEOIDFQ": "1400000US28049010700", "NAME": "107", "NAMELSAD": "Census Tract 107" }, "geometry": { "type": "Polygon", "coordinates": [ [ [ -90.5318, 32.2472 ], [ -90.4764, 32.2776 ], [ -90.4073, 32.2925 ], [ -90.3703, 32.3171 ], [ -90.3658, 32.2907 ], [ -90.3779, 32.1978 ], [ -90.371, 32.1483 ], [ -90.3913, 32.1448 ], [ -90.4154, 32.1532 ], [ -90.4376, 32.1493 ], [ -90.4451, 32.1737 ], [ -90.4596, 32.1664 ], [ -90.4718, 32.1739 ], [ -90.5053, 32.1756 ], [ -90.5122, 32.1669 ], [ -90.5415, 32.1685 ], [ -90.5452, 32.1925 ], [ -90.5377, 32.1926 ], [ -90.5317, 32.2086 ], [ -90.5541, 32.2272 ], [ -90.5318, 32.2472 ] ] ] } },
{ "type": "Feature", "properties": { "GEOIDFQ": "1400000US28049000800", "NAME": "8", "NAMELSAD": "Census Tract 8" }, "geometry": { "type": "Polygon", "coordinates": [ [ [ -90.2358, 32.3593 ], [ -90.2227, 32.3475 ], [ -90.2111, 32.3498 ], [ -90.2158, 32.3414 ], [ -90.2107, 32.3285 ], [ -90.2185, 32.3236 ], [ -90.2398, 32.3287 ], [ -90.2358, 32.3593 ] ] ] } },
{ "type": "Feature", "properties": { "GEOIDFQ": "1400000US28049002700", "NAME": "27", "NAMELSAD": "Census Tract 27" }, "geometry": { "type": "Polygon", "coordinates": [ [ [ -90.2002, 32.3084 ], [ -90.1909, 32.3085 ], [ -90.1908, 32.3043 ], [ -90.1666, 32.3029 ], [ -90.1662, 32.3113 ], [ -90.153, 32.3208 ], [ -90.1506, 32.3117 ], [ -90.1627, 32.3062 ], [ -90.1514, 32.291 ], [ -90.1589, 32.293 ], [ -90.1569, 32.2879 ], [ -90.1656, 32.2839 ], [ -90.1777, 32.2903 ], [ -90.1793, 32.2766 ], [ -90.1868, 32.2726 ], [ -90.1931, 32.276 ], [ -90.1927, 32.2988 ], [ -90.2014, 32.2975 ], [ -90.2002, 32.3084 ] ] ] } },
{ "type": "Feature", "properties": { "GEOIDFQ": "1400000US28049001300", "NAME": "13", "NAMELSAD": "Census Tract 13" }, "geometry": { "type": "Polygon", "coordinates": [ [ [ -90.1792, 32.3502 ], [ -90.1641, 32.35 ], [ -90.1637, 32.3441 ], [ -90.1544, 32.3484 ], [ -90.1612, 32.3258 ], [ -90.1868, 32.3268 ], [ -90.1792, 32.3502 ] ] ] } },
{ "type": "Feature", "properties": { "GEOIDFQ": "1400000US28049010203", "NAME": "102.03", "NAMELSAD": "Census Tract 102.03" }, "geometry": { "type": "Polygon", "coordinates": [ [ [ -90.2525, 32.4002 ], [ -90.1766, 32.4002 ], [ -90.2012, 32.3832 ], [ -90.1927, 32.3559 ], [ -90.2221, 32.356 ], [ -90.2227, 32.3475 ], [ -90.2589, 32.3807 ], [ -90.2525, 32.4002 ] ] ] } },
{ "type": "Feature", "properties": { "GEOIDFQ": "1400000US28095950101", "NAME": "9501.01", "NAMELSAD": "Census Tract 9501.01" }, "geometry": { "type": "Polygon", "coordinates": [ [ [ -88.416, 34.0592 ], [ -88.4191, 34.0655 ], [ -88.3998, 34.0875 ], [ -88.2039, 34.0866 ], [ -88.2223, 33.9447 ], [ -88.2345, 33.9517 ], [ -88.2813, 33.9552 ], [ -88.3039, 33.945 ], [ -88.3036, 33.9389 ], [ -88.305, 33.937 ], [ -88.3074, 33.9359 ], [ -88.3103, 33.9634 ], [ -88.3249, 33.9837 ], [ -88.3188, 33.9877 ], [ -88.3193, 34.0056 ], [ -88.3305, 34.0121 ], [ -88.3263, 34.036 ], [ -88.3341, 34.0426 ], [ -88.3617, 34.0368 ], [ -88.3726, 34.0263 ], [ -88.4124, 34.0244 ], [ -88.4295, 33.991 ], [ -88.4428, 33.9906 ], [ -88.4349, 34.011 ], [ -88.4489, 34.028 ], [ -88.416, 34.0592 ] ] ] } },
{ "type": "Feature", "properties": { "GEOIDFQ": "1400000US28049010202", "NAME": "102.02", "NAMELSAD": "Census Tract 102.02" }, "geometry": { "type": "Polygon", "coordinates": [ [ [ -90.1766, 32.4002 ], [ -90.1662, 32.4002 ], [ -90.1638, 32.3856 ], [ -90.1796, 32.3853 ], [ -90.1798, 32.3681 ], [ -90.2011, 32.3705 ], [ -90.2013, 32.3779 ], [ -90.1766, 32.4002 ] ] ] } },
{ "type": "Feature", "properties": { "GEOIDFQ": "1400000US28049011101", "NAME": "111.01", "NAMELSAD": "Census Tract 111.01" }, "geometry": { "type": "Polygon", "coordinates": [ [ [ -90.3007, 32.247 ], [ -90.2811, 32.2625 ], [ -90.2663, 32.2505 ], [ -90.2473, 32.2539 ], [ -90.237, 32.2401 ], [ -90.3008, 32.24 ], [ -90.3007, 32.247 ] ] ] } },
{ "type": "Feature", "properties": { "GEOIDFQ": "1400000US28049000700", "NAME": "7", "NAMELSAD": "Census Tract 7" }, "geometry": { "type": "Polygon", "coordinates": [ [ [ -90.2826, 32.3566 ], [ -90.2397, 32.3561 ], [ -90.2397, 32.3269 ], [ -90.2811, 32.3346 ], [ -90.2826, 32.3566 ] ] ] } },
{ "type": "Feature", "properties": { "GEOIDFQ": "1400000US28095950201", "NAME": "9502.01", "NAMELSAD": "Census Tract 9502.01" }, "geometry": { "type": "Polygon", "coordinates": [ [ [ -88.7199, 34.0012 ], [ -88.6273, 33.9972 ], [ -88.6321, 34.0113 ], [ -88.5943, 34.0087 ], [ -88.5722, 34.0174 ], [ -88.5703, 34.0242 ], [ -88.5556, 34.0237 ], [ -88.5534, 34.0163 ], [ -88.5663, 34.004 ], [ -88.5611, 33.9969 ], [ -88.5448, 33.9957 ], [ -88.5511, 33.9854 ], [ -88.4952, 33.9775 ], [ -88.4938, 33.9429 ], [ -88.5006, 33.9442 ], [ -88.5118, 33.931 ], [ -88.5229, 33.9392 ], [ -88.5322, 33.9362 ], [ -88.5604, 33.9174 ], [ -88.5611, 33.8986 ], [ -88.6028, 33.8984 ], [ -88.6113, 33.877 ], [ -88.6832, 33.9253 ], [ -88.6936, 33.94 ], [ -88.694, 33.8938 ], [ -88.7202, 33.8984 ], [ -88.7199, 34.0012 ] ] ] } },
{ "type": "Feature", "properties": { "GEOIDFQ": "1400000US28095950202", "NAME": "9502.02", "NAMELSAD": "Census Tract 9502.02" }, "geometry": { "type": "Polygon", "coordinates": [ [ [ -88.7188, 34.0894 ], [ -88.3998, 34.0875 ], [ -88.4191, 34.0655 ], [ -88.416, 34.0592 ], [ -88.444, 34.0302 ], [ -88.4766, 34.0054 ], [ -88.4751, 34.0123 ], [ -88.4884, 34.0115 ], [ -88.5203, 33.9812 ], [ -88.5511, 33.9854 ], [ -88.5448, 33.9957 ], [ -88.5611, 33.9969 ], [ -88.5663, 34.004 ], [ -88.56, 34.0057 ], [ -88.5542, 34.0225 ], [ -88.5674, 34.0249 ], [ -88.5722, 34.0174 ], [ -88.5943, 34.0087 ], [ -88.6321, 34.0113 ], [ -88.6273, 33.9972 ], [ -88.7199, 34.0012 ], [ -88.7188, 34.0894 ] ] ] } },
{ "type": "Feature", "properties": { "GEOIDFQ": "1400000US28095950102", "NAME": "9501.02", "NAMELSAD": "Census Tract 9501.02" }, "geometry": { "type": "Polygon", "coordinates": [ [ [ -88.4569, 33.9659 ], [ -88.4605, 33.9686 ], [ -88.438, 33.9758 ], [ -88.4428, 33.9906 ], [ -88.4295, 33.991 ], [ -88.4124, 34.0244 ], [ -88.3726, 34.0263 ], [ -88.3644, 34.0356 ], [ -88.3357, 34.0428 ], [ -88.3274, 34.0385 ], [ -88.3305, 34.0121 ], [ -88.3192, 34.0051 ], [ -88.3188, 33.9877 ], [ -88.3249, 33.9837 ], [ -88.3103, 33.9634 ], [ -88.305, 33.9407 ], [ -88.3127, 33.9258 ], [ -88.3604, 33.9153 ], [ -88.4046, 33.9412 ], [ -88.4175, 33.9336 ], [ -88.4421, 33.935 ], [ -88.4694, 33.9587 ], [ -88.4569, 33.9659 ] ] ] } },
{ "type": "Feature", "properties": { "GEOIDFQ": "1400000US28099010600", "NAME": "106", "NAMELSAD": "Census Tract 106" }, "geometry": { "type": "Polygon", "coordinates": [ [ [ -89.1252, 32.7512 ], [ -89.1006, 32.7446 ], [ -89.0731, 32.7589 ], [ -88.981, 32.7227 ], [ -88.9152, 32.7264 ], [ -88.9145, 32.577 ], [ -89.1257, 32.5769 ], [ -89.1366, 32.6113 ], [ -89.1297, 32.6793 ], [ -89.1384, 32.692 ], [ -89.1399, 32.7185 ], [ -89.1252, 32.7512 ] ] ] } },
{ "type": "Feature", "properties": { "GEOIDFQ": "1400000US28095950300", "NAME": "9503", "NAMELSAD": "Census Tract 9503" }, "geometry": { "type": "Polygon", "coordinates": [ [ [ -88.4871, 34.0122 ], [ -88.4751, 34.0123 ], [ -88.4738, 34.0068 ], [ -88.4489, 34.028 ], [ -88.4349, 34.011 ], [ -88.4428, 33.994 ], [ -88.4404, 33.9772 ], [ -88.4531, 33.9865 ], [ -88.4884, 33.9826 ], [ -88.4943, 33.9896 ], [ -88.5147, 33.9895 ], [ -88.4871, 34.0122 ] ] ] } },
{ "type": "Feature", "properties": { "GEOIDFQ": "1400000US28095950700", "NAME": "9507", "NAMELSAD": "Census Tract 9507" }, "geometry": { "type": "Polygon", "coordinates": [ [ [ -88.5728, 33.8403 ], [ -88.5943, 33.8571 ], [ -88.596, 33.8705 ], [ -88.5694, 33.8644 ], [ -88.5717, 33.8508 ], [ -88.5649, 33.852 ], [ -88.548, 33.8345 ], [ -88.5308, 33.8293 ], [ -88.5395, 33.8243 ], [ -88.5893, 33.8256 ], [ -88.5963, 33.8365 ], [ -88.5728, 33.8403 ] ] ] } },
{ "type": "Feature", "properties": { "GEOIDFQ": "1400000US28095950600", "NAME": "9506", "NAMELSAD": "Census Tract 9506" }, "geometry": { "type": "Polygon", "coordinates": [ [ [ -88.7202, 33.8984 ], [ -88.694, 33.8938 ], [ -88.6936, 33.94 ], [ -88.6832, 33.9253 ], [ -88.6113, 33.877 ], [ -88.6028, 33.8984 ], [ -88.5611, 33.8986 ], [ -88.5604, 33.9174 ], [ -88.5308, 33.9355 ], [ -88.528, 33.9145 ], [ -88.538, 33.9139 ], [ -88.5497, 33.898 ], [ -88.5365, 33.8738 ], [ -88.5256, 33.867 ], [ -88.5316, 33.8539 ], [ -88.5207, 33.8505 ], [ -88.5221, 33.8398 ], [ -88.5352, 33.8366 ], [ -88.5331, 33.8307 ], [ -88.5477, 33.8343 ], [ -88.5579, 33.8483 ], [ -88.5717, 33.8508 ], [ -88.5692, 33.8643 ], [ -88.596, 33.8705 ], [ -88.5943, 33.8571 ], [ -88.5728, 33.8403 ], [ -88.5954, 33.8401 ], [ -88.5962, 33.8349 ], [ -88.5414, 33.7886 ], [ -88.5187, 33.793 ], [ -88.5186, 33.8041 ], [ -88.5065, 33.8003 ], [ -88.5162, 33.8183 ], [ -88.4999, 33.8178 ], [ -88.4657, 33.8033 ], [ -88.4479, 33.7502 ], [ -88.4573, 33.746 ], [ -88.4455, 33.7343 ], [ -88.4561, 33.699 ], [ -88.4569, 33.6635 ], [ -88.4671, 33.6676 ], [ -88.4672, 33.6632 ], [ -88.4962, 33.6643 ], [ -88.5139, 33.6505 ], [ -88.5012, 33.6741 ], [ -88.4911, 33.6732 ], [ -88.4966, 33.6803 ], [ -88.7196, 33.6803 ], [ -88.7202, 33.8984 ] ] ] } },
{ "type": "Feature", "properties": { "GEOIDFQ": "1400000US28095950400", "NAME": "9504", "NAMELSAD": "Census Tract 9504" }, "geometry": { "type": "Polygon", "coordinates": [ [ [ -88.5147, 33.9895 ], [ -88.5024, 33.9908 ], [ -88.4884, 33.9826 ], [ -88.4531, 33.9865 ], [ -88.438, 33.9758 ], [ -88.4605, 33.9686 ], [ -88.4569, 33.9659 ], [ -88.4703, 33.9583 ], [ -88.4963, 33.9565 ], [ -88.4952, 33.9775 ], [ -88.5203, 33.9812 ], [ -88.5147, 33.9895 ] ] ] } },
{ "type": "Feature", "properties": { "GEOIDFQ": "1400000US28095950800", "NAME": "9508", "NAMELSAD": "Census Tract 9508" }, "geometry": { "type": "Polygon", "coordinates": [ [ [ -88.5386, 33.8274 ], [ -88.5172, 33.8231 ], [ -88.5065, 33.8003 ], [ -88.5186, 33.8041 ], [ -88.5187, 33.793 ], [ -88.5414, 33.7886 ], [ -88.5855, 33.8239 ], [ -88.5386, 33.8274 ] ] ] } },
{ "type": "Feature", "properties": { "GEOIDFQ": "1400000US28099010500", "NAME": "105", "NAMELSAD": "Census Tract 105" }, "geometry": { "type": "Polygon", "coordinates": [ [ [ -89.1363, 32.7698 ], [ -89.0856, 32.7708 ], [ -89.0869, 32.7643 ], [ -89.0731, 32.7589 ], [ -89.1006, 32.7446 ], [ -89.1169, 32.7517 ], [ -89.1477, 32.7503 ], [ -89.1363, 32.7698 ] ] ] } },
{ "type": "Feature", "properties": { "GEOIDFQ": "1400000US28099940100", "NAME": "9401", "NAMELSAD": "Census Tract 9401" }, "geometry": { "type": "Polygon", "coordinates": [ [ [ -89.3186, 32.8124 ], [ -89.3053, 32.8141 ], [ -89.3099, 32.8358 ], [ -89.2728, 32.8615 ], [ -89.2633, 32.8482 ], [ -89.2703, 32.8416 ], [ -89.269, 32.8317 ], [ -89.2349, 32.8325 ], [ -89.2289, 32.828 ], [ -89.2245, 32.8334 ], [ -89.2223, 32.829 ], [ -89.2077, 32.8341 ], [ -89.1945, 32.7942 ], [ -89.198, 32.7861 ], [ -89.1789, 32.7809 ], [ -89.188, 32.7725 ], [ -89.1756, 32.755 ], [ -89.1816, 32.7357 ], [ -89.2062, 32.7316 ], [ -89.2152, 32.7499 ], [ -89.2287, 32.7534 ], [ -89.2568, 32.7402 ], [ -89.2984, 32.7863 ], [ -89.3186, 32.7931 ], [ -89.3186, 32.8124 ] ] ] } },
{ "type": "Feature", "properties": { "GEOIDFQ": "1400000US28099010400", "NAME": "104", "NAMELSAD": "Census Tract 104" }, "geometry": { "type": "Polygon", "coordinates": [ [ [ -89.1306, 32.805 ], [ -89.1039, 32.8146 ], [ -89.1042, 32.8052 ], [ -89.0956, 32.8049 ], [ -89.0932, 32.7976 ], [ -89.1043, 32.7797 ], [ -89.0902, 32.7798 ], [ -89.0815, 32.787 ], [ -89.0856, 32.7708 ], [ -89.1363, 32.77 ], [ -89.1306, 32.805 ] ] ] } },
{ "type": "Feature", "properties": { "GEOIDFQ": "1400000US28099010200", "NAME": "102", "NAMELSAD": "Census Tract 102" }, "geometry": { "type": "Polygon", "coordinates": [ [ [ -89.3192, 32.9317 ], [ -89.0177, 32.9313 ], [ -89.0177, 32.9264 ], [ -88.9748, 32.9265 ], [ -89.0004, 32.9008 ], [ -89.0131, 32.9015 ], [ -89.0362, 32.8848 ], [ -89.0415, 32.8886 ], [ -89.0477, 32.8807 ], [ -89.056, 32.882 ], [ -89.0737, 32.8523 ], [ -89.0977, 32.8411 ], [ -89.1055, 32.8123 ], [ -89.1306, 32.805 ], [ -89.1399, 32.7651 ], [ -89.156, 32.7823 ], [ -89.1982, 32.7963 ], [ -89.2079, 32.8343 ], [ -89.2223, 32.829 ], [ -89.2245, 32.8334 ], [ -89.2289, 32.828 ], [ -89.2349, 32.8325 ], [ -89.269, 32.8317 ], [ -89.2703, 32.8416 ], [ -89.2633, 32.8482 ], [ -89.2728, 32.8615 ], [ -89.3095, 32.8363 ], [ -89.3053, 32.8139 ], [ -89.3186, 32.8124 ], [ -89.3192, 32.9317 ] ] ] } },
{ "type": "Feature", "properties": { "GEOIDFQ": "1400000US28099010700", "NAME": "107", "NAMELSAD": "Census Tract 107" }, "geometry": { "type": "Polygon", "coordinates": [ [ [ -89.3186, 32.7919 ], [ -89.302, 32.7892 ], [ -89.2568, 32.7402 ], [ -89.2287, 32.7534 ], [ -89.2152, 32.7499 ], [ -89.2062, 32.7316 ], [ -89.1922, 32.7321 ], [ -89.1818, 32.7355 ], [ -89.1755, 32.754 ], [ -89.188, 32.7725 ], [ -89.1789, 32.7809 ], [ -89.198, 32.7861 ], [ -89.1945, 32.7942 ], [ -89.1554, 32.7819 ], [ -89.1399, 32.7651 ], [ -89.1477, 32.7503 ], [ -89.1252, 32.7512 ], [ -89.1399, 32.7185 ], [ -89.1384, 32.692 ], [ -89.1297, 32.6793 ], [ -89.1366, 32.6113 ], [ -89.1257, 32.5769 ], [ -89.3176, 32.5765 ], [ -89.3186, 32.7919 ] ] ] } },
{ "type": "Feature", "properties": { "GEOIDFQ": "1400000US28083950400", "NAME": "9504", "NAMELSAD": "Census Tract 9504" }, "geometry": { "type": "Polygon", "coordinates": [ [ [ -90.3091, 33.3909 ], [ -90.3004, 33.4426 ], [ -90.264, 33.4428 ], [ -90.2658, 33.4719 ], [ -90.2515, 33.4962 ], [ -90.2517, 33.5304 ], [ -90.2037, 33.5191 ], [ -90.207, 33.5042 ], [ -90.2234, 33.4978 ], [ -90.196, 33.4882 ], [ -90.181, 33.5035 ], [ -90.1582, 33.5027 ], [ -90.1592, 33.5103 ], [ -90.1016, 33.5102 ], [ -90.1014, 33.4589 ], [ -90.1376, 33.4591 ], [ -90.1378, 33.4165 ], [ -90.1748, 33.417 ], [ -90.1746, 33.3334 ], [ -90.3215, 33.3751 ], [ -90.3091, 33.3909 ] ] ] } },
{ "type": "Feature", "properties": { "GEOIDFQ": "1400000US28083950600", "NAME": "9506", "NAMELSAD": "Census Tract 9506" }, "geometry": { "type": "Polygon", "coordinates": [ [ [ -90.229, 33.5313 ], [ -90.2238, 33.541 ], [ -90.2004, 33.5357 ], [ -90.1801, 33.552 ], [ -90.1643, 33.54 ], [ -90.1738, 33.5224 ], [ -90.2048, 33.5191 ], [ -90.2425, 33.5268 ], [ -90.2473, 33.544 ], [ -90.229, 33.5313 ] ] ] } },
{ "type": "Feature", "properties": { "GEOIDFQ": "1400000US28047001600", "NAME": "16", "NAMELSAD": "Census Tract 16" }, "geometry": { "type": "Polygon", "coordinates": [ [ [ -89.0407, 30.4243 ], [ -89.0352, 30.4044 ], [ -89.0574, 30.3967 ], [ -89.0591, 30.4163 ], [ -89.0707, 30.4243 ], [ -89.0407, 30.4243 ] ] ] } },
{ "type": "Feature", "properties": { "GEOIDFQ": "1400000US28047001800", "NAME": "18", "NAMELSAD": "Census Tract 18" }, "geometry": { "type": "Polygon", "coordinates": [ [ [ -89.0659, 30.4248 ], [ -89.0699, 30.4154 ], [ -89.0862, 30.4168 ], [ -89.0824, 30.4021 ], [ -89.0574, 30.3967 ], [ -89.061, 30.3914 ], [ -89.0956, 30.3902 ], [ -89.0992, 30.4401 ], [ -89.0659, 30.4248 ] ] ] } },
{ "type": "Feature", "properties": { "GEOIDFQ": "1400000US28083950300", "NAME": "9503", "NAMELSAD": "Census Tract 9503" }, "geometry": { "type": "Polygon", "coordinates": [ [ [ -90.4528, 33.5529 ], [ -90.43, 33.5624 ], [ -90.4265, 33.5734 ], [ -90.4019, 33.5637 ], [ -90.3941, 33.5488 ], [ -90.37, 33.5477 ], [ -90.3602, 33.5531 ], [ -90.3132, 33.5419 ], [ -90.286, 33.5481 ], [ -90.2488, 33.5456 ], [ -90.2407, 33.5314 ], [ -90.2517, 33.5304 ], [ -90.2515, 33.4962 ], [ -90.2658, 33.4719 ], [ -90.264, 33.4428 ], [ -90.3004, 33.4426 ], [ -90.3091, 33.3909 ], [ -90.3226, 33.3703 ], [ -90.3181, 33.363 ], [ -90.295, 33.3618 ], [ -90.2867, 33.356 ], [ -90.2796, 33.341 ], [ -90.2919, 33.3237 ], [ -90.2864, 33.3127 ], [ -90.3048, 33.3096 ], [ -90.3104, 33.3204 ], [ -90.3177, 33.3173 ], [ -90.315, 33.3102 ], [ -90.3264, 33.3119 ], [ -90.3311, 33.3029 ], [ -90.343, 33.3094 ], [ -90.3575, 33.2965 ], [ -90.3632, 33.2764 ], [ -90.3767, 33.2814 ], [ -90.367, 33.2609 ], [ -90.3753, 33.2468 ], [ -90.3684, 33.2461 ], [ -90.3671, 33.2393 ], [ -90.4101, 33.2453 ], [ -90.4132, 33.2353 ], [ -90.4538, 33.2688 ], [ -90.4528, 33.5529 ] ] ] } },
{ "type": "Feature", "properties": { "GEOIDFQ": "1400000US28083950200", "NAME": "9502", "NAMELSAD": "Census Tract 9502" }, "geometry": { "type": "Polygon", "coordinates": [ [ [ -90.3027, 33.7028 ], [ -90.2819, 33.6941 ], [ -90.2684, 33.6975 ], [ -90.2517, 33.7317 ], [ -90.2409, 33.7372 ], [ -90.2204, 33.7221 ], [ -90.1368, 33.7216 ], [ -90.137, 33.6769 ], [ -90.122, 33.6735 ], [ -90.1178, 33.6619 ], [ -90.103, 33.6612 ], [ -90.1082, 33.655 ], [ -90.1018, 33.6511 ], [ -90.1091, 33.6315 ], [ -90.1079, 33.6063 ], [ -90.1153, 33.6098 ], [ -90.1169, 33.6041 ], [ -90.1247, 33.6078 ], [ -90.1303, 33.6039 ], [ -90.102, 33.6038 ], [ -90.1016, 33.5102 ], [ -90.1533, 33.5103 ], [ -90.1513, 33.5251 ], [ -90.1639, 33.5217 ], [ -90.1638, 33.531 ], [ -90.1722, 33.5261 ], [ -90.1646, 33.5416 ], [ -90.1786, 33.5521 ], [ -90.2004, 33.5357 ], [ -90.2238, 33.541 ], [ -90.2264, 33.5317 ], [ -90.2383, 33.5331 ], [ -90.2744, 33.5901 ], [ -90.3101, 33.6994 ], [ -90.3027, 33.7028 ] ] ] } },
{ "type": "Feature", "properties": { "GEOIDFQ": "1400000US28083950100", "NAME": "9501", "NAMELSAD": "Census Tract 9501" }, "geometry": { "type": "Polygon", "coordinates": [ [ [ -90.4516, 33.8114 ], [ -90.1826, 33.8093 ], [ -90.1712, 33.7873 ], [ -90.1856, 33.7655 ], [ -90.2271, 33.7592 ], [ -90.2356, 33.7659 ], [ -90.2958, 33.7508 ], [ -90.3136, 33.7266 ], [ -90.3027, 33.7028 ], [ -90.3106, 33.6992 ], [ -90.2759, 33.5938 ], [ -90.2488, 33.5456 ], [ -90.286, 33.5481 ], [ -90.3132, 33.5419 ], [ -90.3602, 33.5531 ], [ -90.37, 33.5477 ], [ -90.3941, 33.5488 ], [ -90.4019, 33.5637 ], [ -90.4265, 33.5734 ], [ -90.4257, 33.5664 ], [ -90.4396, 33.555 ], [ -90.4527, 33.5553 ], [ -90.4516, 33.8114 ] ] ] } },
{ "type": "Feature", "properties": { "GEOIDFQ": "1400000US28075000200", "NAME": "2", "NAMELSAD": "Census Tract 2" }, "geometry": { "type": "Polygon", "coordinates": [ [ [ -88.7181, 32.378 ], [ -88.7014, 32.3781 ], [ -88.7047, 32.365 ], [ -88.7216, 32.3683 ], [ -88.7181, 32.378 ] ] ] } },
{ "type": "Feature", "properties": { "GEOIDFQ": "1400000US28161950200", "NAME": "9502", "NAMELSAD": "Census Tract 9502" }, "geometry": { "type": "Polygon", "coordinates": [ [ [ -89.6727, 34.1572 ], [ -89.6794, 34.1631 ], [ -89.6761, 34.1792 ], [ -89.665, 34.1845 ], [ -89.6691, 34.192 ], [ -89.6411, 34.1917 ], [ -89.5993, 34.1912 ], [ -89.5865, 34.1784 ], [ -89.6044, 34.1582 ], [ -89.5925, 34.1539 ], [ -89.5755, 34.1576 ], [ -89.5742, 34.1531 ], [ -89.5845, 34.1408 ], [ -89.5973, 34.1407 ], [ -89.5891, 34.1259 ], [ -89.6404, 34.1308 ], [ -89.641, 34.1244 ], [ -89.6514, 34.1437 ], [ -89.6836, 34.1544 ], [ -89.6727, 34.1572 ] ] ] } },
{ "type": "Feature", "properties": { "GEOIDFQ": "1400000US28161950100", "NAME": "9501", "NAMELSAD": "Census Tract 9501" }, "geometry": { "type": "Polygon", "coordinates": [ [ [ -89.7533, 33.9105 ], [ -89.6955, 33.9575 ], [ -89.6864, 33.9847 ], [ -89.6737, 33.9841 ], [ -89.682, 34.0271 ], [ -89.6609, 34.0496 ], [ -89.643, 34.0935 ], [ -89.641, 34.1308 ], [ -89.5891, 34.1259 ], [ -89.5973, 34.1407 ], [ -89.5849, 34.1406 ], [ -89.576, 34.1478 ], [ -89.5755, 34.1576 ], [ -89.5925, 34.1539 ], [ -89.6061, 34.1609 ], [ -89.5865, 34.1784 ], [ -89.5993, 34.1912 ], [ -89.5094, 34.191 ], [ -89.5074, 33.8675 ], [ -89.769, 33.8673 ], [ -89.7693, 33.8971 ], [ -89.7792, 33.8972 ], [ -89.7533, 33.9105 ] ] ] } },
{ "type": "Feature", "properties": { "GEOIDFQ": "1400000US28123020101", "NAME": "201.01", "NAMELSAD": "Census Tract 201.01" }, "geometry": { "type": "Polygon", "coordinates": [ [ [ -89.4651, 32.4319 ], [ -89.4523, 32.4579 ], [ -89.3424, 32.4276 ], [ -89.3225, 32.4388 ], [ -89.3226, 32.3486 ], [ -89.439, 32.3613 ], [ -89.4456, 32.3773 ], [ -89.4403, 32.3881 ], [ -89.4518, 32.3861 ], [ -89.4546, 32.3691 ], [ -89.4719, 32.3691 ], [ -89.4718, 32.3759 ], [ -89.4792, 32.3763 ], [ -89.4817, 32.4168 ], [ -89.4651, 32.4319 ] ] ] } },
{ "type": "Feature", "properties": { "GEOIDFQ": "1400000US28123020301", "NAME": "203.01", "NAMELSAD": "Census Tract 203.01" }, "geometry": { "type": "Polygon", "coordinates": [ [ [ -89.7274, 32.3392 ], [ -89.7003, 32.3535 ], [ -89.6718, 32.3523 ], [ -89.6912, 32.3397 ], [ -89.6871, 32.3334 ], [ -89.6663, 32.3305 ], [ -89.6571, 32.3436 ], [ -89.6361, 32.3266 ], [ -89.6368, 32.3361 ], [ -89.6497, 32.3443 ], [ -89.6275, 32.3475 ], [ -89.6364, 32.3597 ], [ -89.5594, 32.3976 ], [ -89.5645, 32.3625 ], [ -89.5363, 32.357 ], [ -89.5403, 32.3372 ], [ -89.5705, 32.3196 ], [ -89.5694, 32.294 ], [ -89.5871, 32.2772 ], [ -89.6028, 32.273 ], [ -89.598, 32.2544 ], [ -89.6033, 32.2347 ], [ -89.5976, 32.2237 ], [ -89.7304, 32.2221 ], [ -89.7274, 32.3392 ] ] ] } },
{ "type": "Feature", "properties": { "GEOIDFQ": "1400000US28123020102", "NAME": "201.02", "NAMELSAD": "Census Tract 201.02" }, "geometry": { "type": "Polygon", "coordinates": [ [ [ -89.4563, 32.4918 ], [ -89.4628, 32.5328 ], [ -89.4566, 32.5465 ], [ -89.4601, 32.5571 ], [ -89.4517, 32.563 ], [ -89.4557, 32.5754 ], [ -89.3226, 32.5764 ], [ -89.3225, 32.4388 ], [ -89.3424, 32.4276 ], [ -89.4058, 32.4414 ], [ -89.4523, 32.4579 ], [ -89.463, 32.4803 ], [ -89.4563, 32.4918 ] ] ] } },
{ "type": "Feature", "properties": { "GEOIDFQ": "1400000US28123020302", "NAME": "203.02", "NAMELSAD": "Census Tract 203.02" }, "geometry": { "type": "Polygon", "coordinates": [ [ [ -89.5805, 32.4727 ], [ -89.5385, 32.4586 ], [ -89.5365, 32.4312 ], [ -89.5571, 32.4112 ], [ -89.5578, 32.3986 ], [ -89.6092, 32.3704 ], [ -89.6442, 32.3547 ], [ -89.6448, 32.3602 ], [ -89.6531, 32.3611 ], [ -89.6575, 32.3854 ], [ -89.6707, 32.3521 ], [ -89.7003, 32.3535 ], [ -89.7298, 32.3353 ], [ -89.756, 32.4675 ], [ -89.5805, 32.4727 ] ] ] } },
{ "type": "Feature", "properties": { "GEOIDFQ": "1400000US28075010301", "NAME": "103.01", "NAMELSAD": "Census Tract 103.01" }, "geometry": { "type": "Polygon", "coordinates": [ [ [ -88.8209, 32.5004 ], [ -88.8131, 32.5006 ], [ -88.8215, 32.5129 ], [ -88.8172, 32.5463 ], [ -88.8255, 32.5572 ], [ -88.8263, 32.577 ], [ -88.7107, 32.5776 ], [ -88.7057, 32.5671 ], [ -88.687, 32.5662 ], [ -88.6843, 32.5451 ], [ -88.6602, 32.5362 ], [ -88.6695, 32.5141 ], [ -88.686, 32.4971 ], [ -88.7045, 32.5022 ], [ -88.7017, 32.4723 ], [ -88.723, 32.4675 ], [ -88.7124, 32.4435 ], [ -88.7427, 32.4148 ], [ -88.7648, 32.4225 ], [ -88.7809, 32.4197 ], [ -88.833, 32.4822 ], [ -88.8209, 32.5004 ] ] ] } },
{ "type": "Feature", "properties": { "GEOIDFQ": "1400000US28129950202", "NAME": "9502.02", "NAMELSAD": "Census Tract 9502.02" }, "geometry": { "type": "Polygon", "coordinates": [ [ [ -89.664, 32.0571 ], [ -89.6413, 32.0609 ], [ -89.6088, 32.0466 ], [ -89.5387, 32.0434 ], [ -89.5261, 32.0478 ], [ -89.515, 32.0406 ], [ -89.5078, 32.0458 ], [ -89.4992, 32.0352 ], [ -89.4718, 32.0224 ], [ -89.4698, 32.013 ], [ -89.4876, 32.0174 ], [ -89.504, 31.9962 ], [ -89.4712, 31.9382 ], [ -89.4759, 31.9164 ], [ -89.5071, 31.9058 ], [ -89.5191, 31.9092 ], [ -89.5449, 31.8989 ], [ -89.5562, 31.9004 ], [ -89.5655, 31.8872 ], [ -89.6232, 31.9089 ], [ -89.6386, 31.9119 ], [ -89.6433, 31.9026 ], [ -89.6491, 31.9058 ], [ -89.6462, 31.9183 ], [ -89.6548, 31.9147 ], [ -89.6544, 32.0137 ], [ -89.6621, 32.0472 ], [ -89.6725, 32.0488 ], [ -89.664, 32.0571 ] ] ] } },
{ "type": "Feature", "properties": { "GEOIDFQ": "1400000US28129950302", "NAME": "9503.02", "NAMELSAD": "Census Tract 9503.02" }, "geometry": { "type": "Polygon", "coordinates": [ [ [ -89.4867, 32.0177 ], [ -89.4712, 32.0129 ], [ -89.4689, 32.0193 ], [ -89.3854, 32.0122 ], [ -89.322, 31.9758 ], [ -89.317, 31.861 ], [ -89.3331, 31.8739 ], [ -89.3537, 31.8659 ], [ -89.3787, 31.8656 ], [ -89.3788, 31.8585 ], [ -89.412, 31.852 ], [ -89.4106, 31.8381 ], [ -89.4276, 31.8372 ], [ -89.441, 31.8645 ], [ -89.4719, 31.8724 ], [ -89.4835, 31.8843 ], [ -89.4725, 31.8919 ], [ -89.4707, 31.936 ], [ -89.504, 31.9964 ], [ -89.4867, 32.0177 ] ] ] } },
{ "type": "Feature", "properties": { "GEOIDFQ": "1400000US28129950201", "NAME": "9502.01", "NAMELSAD": "Census Tract 9502.01" }, "geometry": { "type": "Polygon", "coordinates": [ [ [ -89.6548, 31.9147 ], [ -89.6462, 31.9183 ], [ -89.6446, 31.903 ], [ -89.6386, 31.9119 ], [ -89.6232, 31.9089 ], [ -89.5655, 31.8872 ], [ -89.5562, 31.9004 ], [ -89.5449, 31.8989 ], [ -89.5191, 31.9092 ], [ -89.5071, 31.9058 ], [ -89.4759, 31.9164 ], [ -89.4725, 31.8919 ], [ -89.4838, 31.8867 ], [ -89.4755, 31.8771 ], [ -89.4952, 31.8596 ], [ -89.497, 31.848 ], [ -89.4859, 31.8325 ], [ -89.4938, 31.8191 ], [ -89.4844, 31.7918 ], [ -89.653, 31.7807 ], [ -89.6548, 31.9147 ] ] ] } },
{ "type": "Feature", "properties": { "GEOIDFQ": "1400000US28129950301", "NAME": "9503.01", "NAMELSAD": "Census Tract 9503.01" }, "geometry": { "type": "Polygon", "coordinates": [ [ [ -89.4952, 31.8596 ], [ -89.4755, 31.8771 ], [ -89.461, 31.8676 ], [ -89.4411, 31.8645 ], [ -89.4277, 31.8373 ], [ -89.4176, 31.8345 ], [ -89.41, 31.8387 ], [ -89.4077, 31.8551 ], [ -89.39, 31.8541 ], [ -89.3788, 31.8585 ], [ -89.3791, 31.8655 ], [ -89.3537, 31.8659 ], [ -89.3331, 31.8739 ], [ -89.317, 31.861 ], [ -89.3166, 31.8021 ], [ -89.4844, 31.7918 ], [ -89.4938, 31.8191 ], [ -89.4859, 31.8325 ], [ -89.4969, 31.848 ], [ -89.4952, 31.8596 ] ] ] } },
{ "type": "Feature", "properties": { "GEOIDFQ": "1400000US28099010102", "NAME": "101.02", "NAMELSAD": "Census Tract 101.02" }, "geometry": { "type": "Polygon", "coordinates": [ [ [ -89.0932, 32.7976 ], [ -89.0956, 32.8049 ], [ -89.1042, 32.8052 ], [ -89.0977, 32.8411 ], [ -89.0737, 32.8523 ], [ -89.0558, 32.8821 ], [ -89.0477, 32.8807 ], [ -89.0414, 32.8886 ], [ -89.0362, 32.8848 ], [ -89.0131, 32.9015 ], [ -89.0004, 32.9008 ], [ -88.9748, 32.9265 ], [ -88.9653, 32.9266 ], [ -88.9652, 32.9191 ], [ -88.9305, 32.9192 ], [ -88.9305, 32.9267 ], [ -88.9144, 32.9266 ], [ -88.915, 32.8018 ], [ -88.9285, 32.798 ], [ -88.9399, 32.8135 ], [ -88.9716, 32.7985 ], [ -89.0467, 32.7867 ], [ -89.0838, 32.7745 ], [ -89.0815, 32.787 ], [ -89.0902, 32.7798 ], [ -89.1043, 32.7797 ], [ -89.0932, 32.7976 ] ] ] } },
{ "type": "Feature", "properties": { "GEOIDFQ": "1400000US28099010101", "NAME": "101.01", "NAMELSAD": "Census Tract 101.01" }, "geometry": { "type": "Polygon", "coordinates": [ [ [ -89.0818, 32.7754 ], [ -89.0467, 32.7867 ], [ -88.9716, 32.7985 ], [ -88.9399, 32.8135 ], [ -88.9285, 32.798 ], [ -88.915, 32.8018 ], [ -88.9152, 32.7264 ], [ -88.981, 32.7227 ], [ -89.0869, 32.7643 ], [ -89.0818, 32.7754 ] ] ] } },
{ "type": "Feature", "properties": { "GEOIDFQ": "1400000US28075010400", "NAME": "104", "NAMELSAD": "Census Tract 104" }, "geometry": { "type": "Polygon", "coordinates": [ [ [ -88.8935, 32.4016 ], [ -88.8754, 32.3952 ], [ -88.8522, 32.4069 ], [ -88.8434, 32.4 ], [ -88.8404, 32.3793 ], [ -88.8238, 32.3765 ], [ -88.8089, 32.359 ], [ -88.7992, 32.3571 ], [ -88.7984, 32.3712 ], [ -88.7855, 32.3812 ], [ -88.7766, 32.3692 ], [ -88.7521, 32.3695 ], [ -88.7609, 32.3123 ], [ -88.751, 32.3081 ], [ -88.7543, 32.2929 ], [ -88.7481, 32.2864 ], [ -88.7564, 32.2774 ], [ -88.7513, 32.2685 ], [ -88.7682, 32.226 ], [ -88.9138, 32.2242 ], [ -88.915, 32.3939 ], [ -88.8935, 32.4016 ] ] ] } },
{ "type": "Feature", "properties": { "GEOIDFQ": "1400000US28075001000", "NAME": "10", "NAMELSAD": "Census Tract 10" }, "geometry": { "type": "Polygon", "coordinates": [ [ [ -88.7358, 32.4267 ], [ -88.7124, 32.4435 ], [ -88.7001, 32.4175 ], [ -88.7055, 32.3964 ], [ -88.7344, 32.3935 ], [ -88.7426, 32.4149 ], [ -88.7358, 32.4267 ] ] ] } },
{ "type": "Feature", "properties": { "GEOIDFQ": "1400000US28075000900", "NAME": "9", "NAMELSAD": "Census Tract 9" }, "geometry": { "type": "Polygon", "coordinates": [ [ [ -88.7427, 32.4148 ], [ -88.7353, 32.4082 ], [ -88.7349, 32.3938 ], [ -88.7123, 32.3964 ], [ -88.7181, 32.378 ], [ -88.732, 32.3771 ], [ -88.7368, 32.3667 ], [ -88.7521, 32.3695 ], [ -88.7475, 32.3718 ], [ -88.7564, 32.3812 ], [ -88.7427, 32.4148 ] ] ] } },
{ "type": "Feature", "properties": { "GEOIDFQ": "1400000US28075000700", "NAME": "7", "NAMELSAD": "Census Tract 7" }, "geometry": { "type": "Polygon", "coordinates": [ [ [ -88.7349, 32.3496 ], [ -88.7527, 32.3481 ], [ -88.7568, 32.3657 ], [ -88.7521, 32.3695 ], [ -88.7207, 32.3646 ], [ -88.7448, 32.3043 ], [ -88.7582, 32.3091 ], [ -88.7349, 32.3496 ] ] ] } },
{ "type": "Feature", "properties": { "GEOIDFQ": "1400000US28107950601", "NAME": "9506.01", "NAMELSAD": "Census Tract 9506.01" }, "geometry": { "type": "Polygon", "coordinates": [ [ [ -89.9607, 34.3408 ], [ -89.9336, 34.3472 ], [ -89.9207, 34.363 ], [ -89.9123, 34.3643 ], [ -89.9235, 34.28 ], [ -89.9328, 34.293 ], [ -89.9459, 34.2979 ], [ -89.9443, 34.3114 ], [ -89.9656, 34.3314 ], [ -89.9607, 34.3408 ] ] ] } },
{ "type": "Feature", "properties": { "GEOIDFQ": "1400000US28107950102", "NAME": "9501.02", "NAMELSAD": "Census Tract 9501.02" }, "geometry": { "type": "Polygon", "coordinates": [ [ [ -90.0919, 34.5541 ], [ -90.0923, 34.5108 ], [ -90.1062, 34.5107 ], [ -90.1269, 34.4927 ], [ -90.1291, 34.4733 ], [ -90.1476, 34.4525 ], [ -90.1281, 34.4523 ], [ -90.0803, 34.4378 ], [ -89.9484, 34.4373 ], [ -89.9483, 34.4232 ], [ -89.9053, 34.4226 ], [ -89.9014, 34.417 ], [ -89.9123, 34.3643 ], [ -89.9207, 34.363 ], [ -89.9238, 34.353 ], [ -89.9526, 34.3456 ], [ -89.9656, 34.3314 ], [ -89.9673, 34.3392 ], [ -90.1882, 34.3402 ], [ -90.1935, 34.3337 ], [ -90.1986, 34.5544 ], [ -90.0919, 34.5541 ] ] ] } },
{ "type": "Feature", "properties": { "GEOIDFQ": "1400000US28049003200", "NAME": "32", "NAMELSAD": "Census Tract 32" }, "geometry": { "type": "Polygon", "coordinates": [ [ [ -90.2147, 32.2978 ], [ -90.2102, 32.2864 ], [ -90.2226, 32.2891 ], [ -90.2387, 32.2967 ], [ -90.2147, 32.2978 ] ] ] } },
{ "type": "Feature", "properties": { "GEOIDFQ": "1400000US28049003400", "NAME": "34", "NAMELSAD": "Census Tract 34" }, "geometry": { "type": "Polygon", "coordinates": [ [ [ -90.2321, 32.2935 ], [ -90.2062, 32.286 ], [ -90.2184, 32.2684 ], [ -90.2273, 32.2685 ], [ -90.2321, 32.2935 ] ] ] } },
{ "type": "Feature", "properties": { "GEOIDFQ": "1400000US28065950202", "NAME": "9502.02", "NAMELSAD": "Census Tract 9502.02" }, "geometry": { "type": "Polygon", "coordinates": [ [ [ -89.9754, 31.5916 ], [ -89.8824, 31.5873 ], [ -89.8629, 31.5951 ], [ -89.8311, 31.5861 ], [ -89.8258, 31.5918 ], [ -89.8034, 31.5891 ], [ -89.7943, 31.5938 ], [ -89.7513, 31.5841 ], [ -89.7489, 31.5169 ], [ -89.7701, 31.4403 ], [ -89.7749, 31.4339 ], [ -89.8242, 31.4341 ], [ -89.8233, 31.39 ], [ -89.9589, 31.3905 ], [ -89.9591, 31.5224 ], [ -89.9761, 31.5225 ], [ -89.9754, 31.5916 ] ] ] } },
{ "type": "Feature", "properties": { "GEOIDFQ": "1400000US28065950201", "NAME": "9502.01", "NAMELSAD": "Census Tract 9502.01" }, "geometry": { "type": "Polygon", "coordinates": [ [ [ -89.7487, 31.5186 ], [ -89.7513, 31.5841 ], [ -89.7668, 31.5852 ], [ -89.7691, 31.5904 ], [ -89.7556, 31.6098 ], [ -89.7351, 31.6103 ], [ -89.6989, 31.5772 ], [ -89.673, 31.5647 ], [ -89.6369, 31.5589 ], [ -89.5995, 31.5351 ], [ -89.5962, 31.5129 ], [ -89.5869, 31.5134 ], [ -89.5868, 31.4337 ], [ -89.7746, 31.4343 ], [ -89.7487, 31.5186 ] ] ] } },
{ "type": "Feature", "properties": { "GEOIDFQ": "1400000US28137950301", "NAME": "9503.01", "NAMELSAD": "Census Tract 9503.01" }, "geometry": { "type": "Polygon", "coordinates": [ [ [ -90.2133, 34.7226 ], [ -90.1957, 34.7208 ], [ -90.1985, 34.7256 ], [ -90.1838, 34.7335 ], [ -90.1875, 34.7351 ], [ -90.1887, 34.7386 ], [ -90.1745, 34.7435 ], [ -90.1723, 34.7585 ], [ -90.1619, 34.7603 ], [ -90.1577, 34.7547 ], [ -90.1542, 34.7593 ], [ -90.1433, 34.7562 ], [ -90.1397, 34.7623 ], [ -90.1294, 34.7609 ], [ -90.1169, 34.7538 ], [ -90.1065, 34.733 ], [ -90.0898, 34.7356 ], [ -90.0737, 34.721 ], [ -90.0602, 34.7281 ], [ -90.054, 34.7122 ], [ -90.0424, 34.7143 ], [ -90.0372, 34.7088 ], [ -89.9684, 34.7259 ], [ -89.9638, 34.7238 ], [ -89.9662, 34.6773 ], [ -89.9557, 34.6375 ], [ -89.9736, 34.6545 ], [ -89.9705, 34.6413 ], [ -90.0249, 34.6412 ], [ -90.0403, 34.6518 ], [ -90.0658, 34.6503 ], [ -90.1247, 34.6687 ], [ -90.1712, 34.6476 ], [ -90.2055, 34.6418 ], [ -90.2301, 34.6307 ], [ -90.2145, 34.6591 ], [ -90.2254, 34.6619 ], [ -90.2184, 34.6645 ], [ -90.2258, 34.6748 ], [ -90.2202, 34.6894 ], [ -90.2316, 34.7005 ], [ -90.2133, 34.7226 ] ] ] } },
{ "type": "Feature", "properties": { "GEOIDFQ": "1400000US28059041800", "NAME": "418", "NAMELSAD": "Census Tract 418" }, "geometry": { "type": "Polygon", "coordinates": [ [ [ -88.5191, 30.4024 ], [ -88.5192, 30.3897 ], [ -88.5434, 30.3895 ], [ -88.544, 30.4033 ], [ -88.5191, 30.4024 ] ] ] } },
{ "type": "Feature", "properties": { "GEOIDFQ": "1400000US28059042000", "NAME": "420", "NAMELSAD": "Census Tract 420" }, "geometry": { "type": "Polygon", "coordinates": [ [ [ -88.5249, 30.3789 ], [ -88.5072, 30.39 ], [ -88.4993, 30.3681 ], [ -88.5307, 30.3687 ], [ -88.5249, 30.3789 ] ] ] } },
{ "type": "Feature", "properties": { "GEOIDFQ": "1400000US28121021003", "NAME": "210.03", "NAMELSAD": "Census Tract 210.03" }, "geometry": { "type": "Polygon", "coordinates": [ [ [ -90.2417, 32.1554 ], [ -90.2435, 32.1767 ], [ -90.2155, 32.1664 ], [ -90.2083, 32.1629 ], [ -90.2065, 32.1483 ], [ -90.1876, 32.1525 ], [ -90.18, 32.1481 ], [ -90.1801, 32.1375 ], [ -90.1637, 32.1253 ], [ -90.1674, 32.1123 ], [ -90.1616, 32.1105 ], [ -90.1567, 32.1227 ], [ -90.1509, 32.1212 ], [ -90.1269, 32.1388 ], [ -90.1212, 32.1522 ], [ -90.0535, 32.1076 ], [ -89.985, 32.0494 ], [ -90.2303, 32.0497 ], [ -90.2362, 32.0657 ], [ -90.2291, 32.0683 ], [ -90.2267, 32.08 ], [ -90.2358, 32.0902 ], [ -90.2268, 32.0943 ], [ -90.2468, 32.0935 ], [ -90.2472, 32.1 ], [ -90.2367, 32.0999 ], [ -90.2513, 32.1127 ], [ -90.2428, 32.1139 ], [ -90.2483, 32.1183 ], [ -90.241, 32.1217 ], [ -90.2475, 32.1352 ], [ -90.2428, 32.1489 ], [ -90.2547, 32.1513 ], [ -90.2417, 32.1554 ] ] ] } },
{ "type": "Feature", "properties": { "GEOIDFQ": "1400000US28121020401", "NAME": "204.01", "NAMELSAD": "Census Tract 204.01" }, "geometry": { "type": "Polygon", "coordinates": [ [ [ -90.2334, 32.1732 ], [ -90.2126, 32.18 ], [ -90.2047, 32.1915 ], [ -90.1959, 32.1851 ], [ -90.1966, 32.1956 ], [ -90.1883, 32.1946 ], [ -90.1817, 32.2016 ], [ -90.1905, 32.2036 ], [ -90.1854, 32.2186 ], [ -90.1907, 32.227 ], [ -90.1964, 32.2253 ], [ -90.209, 32.2359 ], [ -90.1993, 32.2409 ], [ -90.2053, 32.2459 ], [ -90.2026, 32.2553 ], [ -90.1837, 32.2622 ], [ -90.1867, 32.2728 ], [ -90.1789, 32.2816 ], [ -90.1672, 32.2796 ], [ -90.1724, 32.2519 ], [ -90.1385, 32.1881 ], [ -90.1508, 32.2057 ], [ -90.1719, 32.1946 ], [ -90.1723, 32.1726 ], [ -90.1806, 32.1653 ], [ -90.2083, 32.1629 ], [ -90.2435, 32.1767 ], [ -90.2334, 32.1732 ] ] ] } },
{ "type": "Feature", "properties": { "GEOIDFQ": "1400000US28121020801", "NAME": "208.01", "NAMELSAD": "Census Tract 208.01" }, "geometry": { "type": "Polygon", "coordinates": [ [ [ -89.9775, 32.2918 ], [ -89.9404, 32.2891 ], [ -89.9385, 32.2801 ], [ -89.9659, 32.2727 ], [ -89.9921, 32.2734 ], [ -90.0033, 32.2802 ], [ -89.9775, 32.2918 ] ] ] } },
{ "type": "Feature", "properties": { "GEOIDFQ": "1400000US28107950302", "NAME": "9503.02", "NAMELSAD": "Census Tract 9503.02" }, "geometry": { "type": "Polygon", "coordinates": [ [ [ -89.9123, 34.3643 ], [ -89.897, 34.3779 ], [ -89.8919, 34.3761 ], [ -89.8823, 34.3873 ], [ -89.8633, 34.3857 ], [ -89.8451, 34.4009 ], [ -89.826, 34.3965 ], [ -89.8118, 34.4209 ], [ -89.7868, 34.4023 ], [ -89.7805, 34.3827 ], [ -89.801, 34.3766 ], [ -89.7774, 34.3561 ], [ -89.7906, 34.3302 ], [ -89.8522, 34.3224 ], [ -89.8734, 34.3114 ], [ -89.9195, 34.3101 ], [ -89.9123, 34.3643 ] ] ] } },
{ "type": "Feature", "properties": { "GEOIDFQ": "1400000US28107950602", "NAME": "9506.02", "NAMELSAD": "Census Tract 9506.02" }, "geometry": { "type": "Polygon", "coordinates": [ [ [ -89.9824, 34.3308 ], [ -89.9656, 34.3314 ], [ -89.9501, 34.3113 ], [ -89.983, 34.3032 ], [ -89.9805, 34.3184 ], [ -89.9877, 34.3238 ], [ -89.9824, 34.3308 ] ] ] } },
{ "type": "Feature", "properties": { "GEOIDFQ": "1400000US28107950502", "NAME": "9505.02", "NAMELSAD": "Census Tract 9505.02" }, "geometry": { "type": "Polygon", "coordinates": [ [ [ -90.0721, 34.1782 ], [ -90.0525, 34.2002 ], [ -90.0289, 34.2073 ], [ -90.0081, 34.2426 ], [ -89.9809, 34.2673 ], [ -89.9636, 34.2735 ], [ -89.9602, 34.3092 ], [ -89.9443, 34.3114 ], [ -89.9459, 34.2979 ], [ -89.9328, 34.293 ], [ -89.9235, 34.28 ], [ -89.9278, 34.2473 ], [ -89.9208, 34.1643 ], [ -89.9661, 34.1644 ], [ -89.9586, 34.1596 ], [ -90.0761, 34.1614 ], [ -90.0721, 34.1782 ] ] ] } },
{ "type": "Feature", "properties": { "GEOIDFQ": "1400000US28107950101", "NAME": "9501.01", "NAMELSAD": "Census Tract 9501.01" }, "geometry": { "type": "Polygon", "coordinates": [ [ [ -90.1291, 34.4733 ], [ -90.1269, 34.4927 ], [ -90.1062, 34.5107 ], [ -90.0923, 34.5108 ], [ -90.0919, 34.5541 ], [ -89.9384, 34.5537 ], [ -89.9116, 34.4809 ], [ -89.9161, 34.4513 ], [ -89.9277, 34.4516 ], [ -89.9258, 34.437 ], [ -90.0794, 34.4377 ], [ -90.1281, 34.4523 ], [ -90.1475, 34.4526 ], [ -90.1291, 34.4733 ] ] ] } },
{ "type": "Feature", "properties": { "GEOIDFQ": "1400000US28107950501", "NAME": "9505.01", "NAMELSAD": "Census Tract 9505.01" }, "geometry": { "type": "Polygon", "coordinates": [ [ [ -90.1888, 34.3402 ], [ -89.9673, 34.3392 ], [ -89.9656, 34.3314 ], [ -89.9824, 34.3308 ], [ -89.9877, 34.3238 ], [ -89.9805, 34.3184 ], [ -89.983, 34.3032 ], [ -89.9602, 34.3092 ], [ -89.9625, 34.276 ], [ -90.0081, 34.2426 ], [ -90.0289, 34.2073 ], [ -90.0525, 34.2002 ], [ -90.0726, 34.1773 ], [ -90.0764, 34.1599 ], [ -90.1355, 34.1601 ], [ -90.1345, 34.2656 ], [ -90.1941, 34.3014 ], [ -90.1888, 34.3402 ] ] ] } },
{ "type": "Feature", "properties": { "GEOIDFQ": "1400000US28107950301", "NAME": "9503.01", "NAMELSAD": "Census Tract 9503.01" }, "geometry": { "type": "Polygon", "coordinates": [ [ [ -89.7213, 34.5543 ], [ -89.721, 34.3492 ], [ -89.7906, 34.3302 ], [ -89.7774, 34.3561 ], [ -89.801, 34.3766 ], [ -89.7807, 34.3858 ], [ -89.7866, 34.4021 ], [ -89.8118, 34.4209 ], [ -89.826, 34.3965 ], [ -89.8435, 34.4013 ], [ -89.8633, 34.3857 ], [ -89.8823, 34.3873 ], [ -89.9123, 34.3643 ], [ -89.9014, 34.417 ], [ -89.8964, 34.4112 ], [ -89.8899, 34.4284 ], [ -89.8901, 34.463 ], [ -89.8983, 34.4808 ], [ -89.9116, 34.4809 ], [ -89.9384, 34.5537 ], [ -89.7213, 34.5543 ] ] ] } },
{ "type": "Feature", "properties": { "GEOIDFQ": "1400000US28041950201", "NAME": "9502.01", "NAMELSAD": "Census Tract 9502.01" }, "geometry": { "type": "Polygon", "coordinates": [ [ [ -88.8262, 31.0865 ], [ -88.8122, 31.0825 ], [ -88.7982, 31.0872 ], [ -88.7947, 31.0824 ], [ -88.7779, 31.1042 ], [ -88.7526, 31.08 ], [ -88.7381, 31.0793 ], [ -88.7277, 31.082 ], [ -88.7239, 31.0955 ], [ -88.7049, 31.1038 ], [ -88.6796, 31.0921 ], [ -88.6707, 31.0807 ], [ -88.6385, 31.0717 ], [ -88.6306, 31.0849 ], [ -88.5813, 31.0935 ], [ -88.5633, 31.1164 ], [ -88.5534, 31.11 ], [ -88.5479, 31.114 ], [ -88.5388, 31.1269 ], [ -88.5372, 31.1485 ], [ -88.5223, 31.1607 ], [ -88.4625, 31.1716 ], [ -88.4334, 31.1426 ], [ -88.4254, 30.9983 ], [ -88.8409, 30.9984 ], [ -88.841, 31.0772 ], [ -88.8262, 31.0865 ] ] ] } },
{ "type": "Feature", "properties": { "GEOIDFQ": "1400000US28041950102", "NAME": "9501.02", "NAMELSAD": "Census Tract 9501.02" }, "geometry": { "type": "Polygon", "coordinates": [ [ [ -88.6601, 31.4341 ], [ -88.4494, 31.4358 ], [ -88.4334, 31.1426 ], [ -88.4625, 31.1716 ], [ -88.5223, 31.1607 ], [ -88.538, 31.1461 ], [ -88.5477, 31.1502 ], [ -88.5491, 31.1624 ], [ -88.5611, 31.1575 ], [ -88.5978, 31.1746 ], [ -88.6261, 31.167 ], [ -88.6751, 31.1762 ], [ -88.6792, 31.1987 ], [ -88.6669, 31.2119 ], [ -88.639, 31.2228 ], [ -88.6284, 31.2437 ], [ -88.6292, 31.2601 ], [ -88.6101, 31.2712 ], [ -88.6882, 31.4103 ], [ -88.6601, 31.4341 ] ] ] } },
{ "type": "Feature", "properties": { "GEOIDFQ": "1400000US28041950202", "NAME": "9502.02", "NAMELSAD": "Census Tract 9502.02" }, "geometry": { "type": "Polygon", "coordinates": [ [ [ -88.8395, 31.195 ], [ -88.8208, 31.1901 ], [ -88.818, 31.1751 ], [ -88.8104, 31.17 ], [ -88.7912, 31.1675 ], [ -88.7274, 31.1647 ], [ -88.7001, 31.1736 ], [ -88.6782, 31.1694 ], [ -88.6683, 31.1758 ], [ -88.6261, 31.167 ], [ -88.5978, 31.1746 ], [ -88.5611, 31.1575 ], [ -88.549, 31.1624 ], [ -88.5477, 31.1502 ], [ -88.5361, 31.1454 ], [ -88.5358, 31.1367 ], [ -88.5417, 31.1192 ], [ -88.5532, 31.11 ], [ -88.5633, 31.1164 ], [ -88.5813, 31.0935 ], [ -88.6306, 31.0849 ], [ -88.6334, 31.0746 ], [ -88.6498, 31.0712 ], [ -88.7049, 31.1038 ], [ -88.7239, 31.0955 ], [ -88.7277, 31.082 ], [ -88.7381, 31.0793 ], [ -88.7526, 31.08 ], [ -88.7779, 31.1042 ], [ -88.7947, 31.0824 ], [ -88.7982, 31.0872 ], [ -88.8122, 31.0825 ], [ -88.8262, 31.0865 ], [ -88.841, 31.0772 ], [ -88.8395, 31.195 ] ] ] } },
{ "type": "Feature", "properties": { "GEOIDFQ": "1400000US28041950101", "NAME": "9501.01", "NAMELSAD": "Census Tract 9501.01" }, "geometry": { "type": "Polygon", "coordinates": [ [ [ -88.8413, 31.4337 ], [ -88.6601, 31.4341 ], [ -88.6865, 31.4152 ], [ -88.6873, 31.4026 ], [ -88.6622, 31.3711 ], [ -88.6603, 31.352 ], [ -88.63, 31.3147 ], [ -88.6101, 31.2712 ], [ -88.6292, 31.2601 ], [ -88.6284, 31.2437 ], [ -88.639, 31.2228 ], [ -88.6669, 31.2119 ], [ -88.6792, 31.1987 ], [ -88.6741, 31.1712 ], [ -88.7001, 31.1736 ], [ -88.7278, 31.1647 ], [ -88.8073, 31.169 ], [ -88.8179, 31.175 ], [ -88.8209, 31.1902 ], [ -88.8412, 31.1934 ], [ -88.8413, 31.4337 ] ] ] } },
{ "type": "Feature", "properties": { "GEOIDFQ": "1400000US28025950200", "NAME": "9502", "NAMELSAD": "Census Tract 9502" }, "geometry": { "type": "Polygon", "coordinates": [ [ [ -89.0348, 33.7542 ], [ -88.9316, 33.7543 ], [ -88.9312, 33.8124 ], [ -88.8498, 33.8117 ], [ -88.8608, 33.773 ], [ -88.824, 33.7241 ], [ -88.8465, 33.7245 ], [ -88.8309, 33.6957 ], [ -88.8273, 33.6661 ], [ -88.8477, 33.6371 ], [ -88.8488, 33.6198 ], [ -88.8577, 33.6146 ], [ -88.8428, 33.6021 ], [ -88.825, 33.6016 ], [ -88.8175, 33.5889 ], [ -88.8065, 33.5889 ], [ -88.793, 33.5736 ], [ -88.7666, 33.5674 ], [ -89.0186, 33.5621 ], [ -89.0185, 33.6354 ], [ -89.0361, 33.6354 ], [ -89.0348, 33.7542 ] ] ] } },
{ "type": "Feature", "properties": { "GEOIDFQ": "1400000US28107950201", "NAME": "9502.01", "NAMELSAD": "Census Tract 9502.01" }, "geometry": { "type": "Polygon", "coordinates": [ [ [ -89.8898, 34.4372 ], [ -89.8964, 34.4112 ], [ -89.9074, 34.4235 ], [ -89.9483, 34.4232 ], [ -89.9484, 34.4362 ], [ -89.8898, 34.4372 ] ] ] } },
{ "type": "Feature", "properties": { "GEOIDFQ": "1400000US28107950202", "NAME": "9502.02", "NAMELSAD": "Census Tract 9502.02" }, "geometry": { "type": "Polygon", "coordinates": [ [ [ -89.9161, 34.4513 ], [ -89.916, 34.4808 ], [ -89.8983, 34.4808 ], [ -89.8901, 34.463 ], [ -89.8898, 34.4372 ], [ -89.9204, 34.4335 ], [ -89.9277, 34.4516 ], [ -89.9161, 34.4513 ] ] ] } },
{ "type": "Feature", "properties": { "GEOIDFQ": "1400000US28031950401", "NAME": "9504.01", "NAMELSAD": "Census Tract 9504.01" }, "geometry": { "type": "Polygon", "coordinates": [ [ [ -89.6558, 31.6171 ], [ -89.6524, 31.6247 ], [ -89.5785, 31.6093 ], [ -89.5608, 31.6355 ], [ -89.5416, 31.623 ], [ -89.5291, 31.6251 ], [ -89.5255, 31.6133 ], [ -89.5184, 31.6115 ], [ -89.5136, 31.6159 ], [ -89.472, 31.612 ], [ -89.4606, 31.6054 ], [ -89.446, 31.6095 ], [ -89.4446, 31.6013 ], [ -89.4281, 31.6135 ], [ -89.408, 31.6106 ], [ -89.4002, 31.608 ], [ -89.3999, 31.5413 ], [ -89.424, 31.5521 ], [ -89.4586, 31.553 ], [ -89.4697, 31.5521 ], [ -89.469, 31.5414 ], [ -89.4768, 31.5353 ], [ -89.4899, 31.5495 ], [ -89.5039, 31.5489 ], [ -89.5138, 31.5611 ], [ -89.5239, 31.5534 ], [ -89.584, 31.553 ], [ -89.5825, 31.5372 ], [ -89.588, 31.5262 ], [ -89.5966, 31.5258 ], [ -89.6029, 31.5388 ], [ -89.6144, 31.5406 ], [ -89.6322, 31.5565 ], [ -89.673, 31.5647 ], [ -89.6993, 31.5774 ], [ -89.7308, 31.6071 ], [ -89.6558, 31.6171 ] ] ] } },
{ "type": "Feature", "properties": { "GEOIDFQ": "1400000US28031950402", "NAME": "9504.02", "NAMELSAD": "Census Tract 9504.02" }, "geometry": { "type": "Polygon", "coordinates": [ [ [ -89.5966, 31.5258 ], [ -89.588, 31.5262 ], [ -89.5825, 31.5373 ], [ -89.5806, 31.554 ], [ -89.5239, 31.5534 ], [ -89.5112, 31.5609 ], [ -89.5039, 31.5489 ], [ -89.4899, 31.5495 ], [ -89.4768, 31.5353 ], [ -89.469, 31.5414 ], [ -89.4697, 31.5521 ], [ -89.4379, 31.5539 ], [ -89.4102, 31.5469 ], [ -89.3999, 31.5413 ], [ -89.3992, 31.434 ], [ -89.5868, 31.4337 ], [ -89.5869, 31.5134 ], [ -89.5975, 31.5168 ], [ -89.5966, 31.5258 ] ] ] } },
{ "type": "Feature", "properties": { "GEOIDFQ": "1400000US28001000500", "NAME": "5", "NAMELSAD": "Census Tract 5" }, "geometry": { "type": "Polygon", "coordinates": [ [ [ -91.3538, 31.5873 ], [ -91.3194, 31.6017 ], [ -91.3056, 31.597 ], [ -91.2937, 31.5812 ], [ -91.3001, 31.579 ], [ -91.2946, 31.5756 ], [ -91.2991, 31.5662 ], [ -91.3099, 31.5666 ], [ -91.3221, 31.5577 ], [ -91.3497, 31.5612 ], [ -91.3469, 31.5652 ], [ -91.3605, 31.5613 ], [ -91.3538, 31.5873 ] ] ] } },
{ "type": "Feature", "properties": { "GEOIDFQ": "1400000US28001000400", "NAME": "4", "NAMELSAD": "Census Tract 4" }, "geometry": { "type": "Polygon", "coordinates": [ [ [ -91.3705, 31.5731 ], [ -91.3591, 31.5678 ], [ -91.3605, 31.5613 ], [ -91.3853, 31.5549 ], [ -91.3987, 31.5586 ], [ -91.3705, 31.5731 ] ] ] } },
{ "type": "Feature", "properties": { "GEOIDFQ": "1400000US28001000700", "NAME": "7", "NAMELSAD": "Census Tract 7" }, "geometry": { "type": "Polygon", "coordinates": [ [ [ -91.4078, 31.5696 ], [ -91.3979, 31.5701 ], [ -91.3967, 31.5392 ], [ -91.4199, 31.559 ], [ -91.4078, 31.5696 ] ] ] } },
{ "type": "Feature", "properties": { "GEOIDFQ": "1400000US28001000300", "NAME": "3", "NAMELSAD": "Census Tract 3" }, "geometry": { "type": "Polygon", "coordinates": [ [ [ -91.3939, 31.5788 ], [ -91.3705, 31.5731 ], [ -91.3934, 31.5637 ], [ -91.3987, 31.5677 ], [ -91.3939, 31.5788 ] ] ] } },
{ "type": "Feature", "properties": { "GEOIDFQ": "1400000US28001000600", "NAME": "6", "NAMELSAD": "Census Tract 6" }, "geometry": { "type": "Polygon", "coordinates": [ [ [ -91.3968, 31.5577 ], [ -91.3594, 31.5597 ], [ -91.3618, 31.5414 ], [ -91.3683, 31.5452 ], [ -91.3967, 31.5406 ], [ -91.3968, 31.5577 ] ] ] } },
{ "type": "Feature", "properties": { "GEOIDFQ": "1400000US28001000200", "NAME": "2", "NAMELSAD": "Census Tract 2" }, "geometry": { "type": "Polygon", "coordinates": [ [ [ -91.5141, 31.6324 ], [ -91.4977, 31.6454 ], [ -91.4743, 31.6254 ], [ -91.4362, 31.6125 ], [ -91.4211, 31.6116 ], [ -91.4008, 31.6205 ], [ -91.3977, 31.71 ], [ -91.3694, 31.7469 ], [ -91.3519, 31.75 ], [ -91.3179, 31.7498 ], [ -91.307, 31.7111 ], [ -91.3009, 31.7138 ], [ -91.2918, 31.6916 ], [ -91.3003, 31.6724 ], [ -91.2697, 31.666 ], [ -91.2693, 31.6473 ], [ -91.249, 31.6438 ], [ -91.2333, 31.6294 ], [ -91.25, 31.6239 ], [ -91.2937, 31.5812 ], [ -91.3056, 31.597 ], [ -91.3191, 31.6018 ], [ -91.3538, 31.5873 ], [ -91.3597, 31.5688 ], [ -91.3939, 31.5788 ], [ -91.4029, 31.5664 ], [ -91.4078, 31.5696 ], [ -91.4039, 31.5898 ], [ -91.413, 31.5954 ], [ -91.4852, 31.5862 ], [ -91.5028, 31.5957 ], [ -91.5179, 31.6186 ], [ -91.5141, 31.6324 ] ] ] } },
{ "type": "Feature", "properties": { "GEOIDFQ": "1400000US28001000900", "NAME": "9", "NAMELSAD": "Census Tract 9" }, "geometry": { "type": "Polygon", "coordinates": [ [ [ -91.3967, 31.5406 ], [ -91.3683, 31.5452 ], [ -91.3618, 31.5414 ], [ -91.374, 31.5329 ], [ -91.3702, 31.5265 ], [ -91.378, 31.5263 ], [ -91.3773, 31.5079 ], [ -91.3963, 31.519 ], [ -91.4095, 31.518 ], [ -91.3967, 31.5406 ] ] ] } },
{ "type": "Feature", "properties": { "GEOIDFQ": "1400000US28081950800", "NAME": "9508", "NAMELSAD": "Census Tract 9508" }, "geometry": { "type": "Polygon", "coordinates": [ [ [ -88.7285, 34.2562 ], [ -88.7206, 34.2573 ], [ -88.7168, 34.2479 ], [ -88.726, 34.2237 ], [ -88.7285, 34.2562 ] ] ] } },
{ "type": "Feature", "properties": { "GEOIDFQ": "1400000US28081950700", "NAME": "9507", "NAMELSAD": "Census Tract 9507" }, "geometry": { "type": "Polygon", "coordinates": [ [ [ -88.7161, 34.2524 ], [ -88.7068, 34.2495 ], [ -88.7113, 34.2646 ], [ -88.7035, 34.2647 ], [ -88.7029, 34.2575 ], [ -88.6491, 34.2597 ], [ -88.6676, 34.2285 ], [ -88.6815, 34.2208 ], [ -88.6723, 34.2059 ], [ -88.6881, 34.1936 ], [ -88.7069, 34.1924 ], [ -88.708, 34.2095 ], [ -88.7199, 34.21 ], [ -88.7161, 34.2524 ] ] ] } },
{ "type": "Feature", "properties": { "GEOIDFQ": "1400000US28147950102", "NAME": "9501.02", "NAMELSAD": "Census Tract 9501.02" }, "geometry": { "type": "Polygon", "coordinates": [ [ [ -90.2604, 31.2268 ], [ -90.2393, 31.2356 ], [ -90.2298, 31.2294 ], [ -90.1935, 31.236 ], [ -90.1928, 31.2251 ], [ -90.1474, 31.2359 ], [ -90.123, 31.2339 ], [ -90.117, 31.2283 ], [ -90.0572, 31.2443 ], [ -90.0495, 31.2375 ], [ -90.0406, 31.2465 ], [ -90.0404, 31.2339 ], [ -90.0319, 31.2339 ], [ -90.0319, 31.1816 ], [ -90.1191, 31.1163 ], [ -90.1304, 31.1149 ], [ -90.1334, 31.1334 ], [ -90.1603, 31.1349 ], [ -90.1715, 31.1318 ], [ -90.1756, 31.1225 ], [ -90.26, 31.1135 ], [ -90.2604, 31.2268 ] ] ] } },
{ "type": "Feature", "properties": { "GEOIDFQ": "1400000US28147950301", "NAME": "9503.01", "NAMELSAD": "Census Tract 9503.01" }, "geometry": { "type": "Polygon", "coordinates": [ [ [ -90.1004, 31.1308 ], [ -90.0382, 31.1786 ], [ -90.0061, 31.1756 ], [ -90.0059, 31.1323 ], [ -89.9382, 31.1329 ], [ -89.9382, 31.1112 ], [ -89.9295, 31.1112 ], [ -89.9295, 31.0892 ], [ -89.921, 31.0893 ], [ -89.9209, 31.0747 ], [ -89.8359, 31.0749 ], [ -89.8359, 31.002 ], [ -90.0731, 31.0012 ], [ -90.0766, 31.0288 ], [ -90.0689, 31.0361 ], [ -90.0825, 31.0733 ], [ -90.078, 31.0856 ], [ -90.1007, 31.0891 ], [ -90.1119, 31.1131 ], [ -90.1004, 31.1308 ] ] ] } },
{ "type": "Feature", "properties": { "GEOIDFQ": "1400000US28147950302", "NAME": "9503.02", "NAMELSAD": "Census Tract 9503.02" }, "geometry": { "type": "Polygon", "coordinates": [ [ [ -90.1766, 31.1227 ], [ -90.1671, 31.1197 ], [ -90.1666, 31.1067 ], [ -90.1421, 31.1047 ], [ -90.137, 31.1142 ], [ -90.1296, 31.111 ], [ -90.1078, 31.1236 ], [ -90.1113, 31.1059 ], [ -90.1012, 31.0895 ], [ -90.078, 31.0856 ], [ -90.0825, 31.0733 ], [ -90.0689, 31.0361 ], [ -90.0766, 31.0288 ], [ -90.0731, 31.0012 ], [ -90.2596, 31.0007 ], [ -90.26, 31.1135 ], [ -90.1766, 31.1227 ] ] ] } },
{ "type": "Feature", "properties": { "GEOIDFQ": "1400000US28147950101", "NAME": "9501.01", "NAMELSAD": "Census Tract 9501.01" }, "geometry": { "type": "Polygon", "coordinates": [ [ [ -90.2604, 31.3503 ], [ -90.1087, 31.3509 ], [ -90.1086, 31.3435 ], [ -90.0914, 31.3433 ], [ -90.0824, 31.3288 ], [ -90.053, 31.3289 ], [ -90.0405, 31.336 ], [ -90.0404, 31.2463 ], [ -90.0495, 31.2375 ], [ -90.0572, 31.2443 ], [ -90.117, 31.2283 ], [ -90.123, 31.2339 ], [ -90.1474, 31.2359 ], [ -90.1928, 31.2251 ], [ -90.1935, 31.236 ], [ -90.2298, 31.2294 ], [ -90.2393, 31.2356 ], [ -90.2604, 31.2268 ], [ -90.2604, 31.3503 ] ] ] } },
{ "type": "Feature", "properties": { "GEOIDFQ": "1400000US28025950500", "NAME": "9505", "NAMELSAD": "Census Tract 9505" }, "geometry": { "type": "Polygon", "coordinates": [ [ [ -88.6755, 33.5926 ], [ -88.6331, 33.5924 ], [ -88.633, 33.5791 ], [ -88.627, 33.5889 ], [ -88.6288, 33.6071 ], [ -88.6159, 33.6072 ], [ -88.633, 33.6279 ], [ -88.6503, 33.6264 ], [ -88.6499, 33.6802 ], [ -88.4917, 33.6773 ], [ -88.4925, 33.6715 ], [ -88.4997, 33.6752 ], [ -88.5022, 33.6659 ], [ -88.5131, 33.6609 ], [ -88.5142, 33.6485 ], [ -88.4986, 33.642 ], [ -88.5062, 33.6143 ], [ -88.493, 33.6147 ], [ -88.4752, 33.6035 ], [ -88.4948, 33.5804 ], [ -88.4862, 33.5665 ], [ -88.4976, 33.5635 ], [ -88.4925, 33.5432 ], [ -88.4737, 33.5238 ], [ -88.4933, 33.5285 ], [ -88.5237, 33.5508 ], [ -88.5303, 33.5382 ], [ -88.5538, 33.5218 ], [ -88.5656, 33.5265 ], [ -88.5717, 33.519 ], [ -88.5785, 33.522 ], [ -88.6066, 33.507 ], [ -88.6716, 33.5066 ], [ -88.6715, 33.5651 ], [ -88.7024, 33.5693 ], [ -88.7071, 33.5808 ], [ -88.6755, 33.5926 ] ] ] } },
{ "type": "Feature", "properties": { "GEOIDFQ": "1400000US28025950100", "NAME": "9501", "NAMELSAD": "Census Tract 9501" }, "geometry": { "type": "Polygon", "coordinates": [ [ [ -88.8533, 33.787 ], [ -88.8498, 33.8117 ], [ -88.72, 33.8113 ], [ -88.7196, 33.6803 ], [ -88.6499, 33.6802 ], [ -88.6503, 33.6264 ], [ -88.659, 33.6272 ], [ -88.6637, 33.5993 ], [ -88.707, 33.581 ], [ -88.7025, 33.5694 ], [ -88.69, 33.5683 ], [ -88.6978, 33.5619 ], [ -88.7153, 33.5592 ], [ -88.7326, 33.5654 ], [ -88.777, 33.5671 ], [ -88.7814, 33.5739 ], [ -88.7931, 33.5737 ], [ -88.8065, 33.5889 ], [ -88.8174, 33.5888 ], [ -88.825, 33.6016 ], [ -88.8428, 33.6021 ], [ -88.8576, 33.6146 ], [ -88.8488, 33.6198 ], [ -88.8477, 33.6371 ], [ -88.8273, 33.6661 ], [ -88.8309, 33.6957 ], [ -88.8465, 33.7245 ], [ -88.824, 33.7241 ], [ -88.8612, 33.7782 ], [ -88.8533, 33.787 ] ] ] } },
{ "type": "Feature", "properties": { "GEOIDFQ": "1400000US28157950201", "NAME": "9502.01", "NAMELSAD": "Census Tract 9502.01" }, "geometry": { "type": "Polygon", "coordinates": [ [ [ -91.5821, 31.0217 ], [ -91.5612, 31.0462 ], [ -91.5641, 31.0668 ], [ -91.6132, 31.1035 ], [ -91.6283, 31.1246 ], [ -91.5902, 31.1756 ], [ -91.5869, 31.2047 ], [ -91.5766, 31.2235 ], [ -91.5473, 31.2393 ], [ -91.5318, 31.2324 ], [ -91.5297, 31.2145 ], [ -91.5148, 31.2175 ], [ -91.5068, 31.2263 ], [ -91.4887, 31.226 ], [ -91.4886, 31.2342 ], [ -91.4788, 31.2391 ], [ -91.4772, 31.2596 ], [ -91.4894, 31.2655 ], [ -91.4961, 31.2831 ], [ -91.4711, 31.2856 ], [ -91.4684, 31.3196 ], [ -91.424, 31.315 ], [ -91.3936, 31.3313 ], [ -91.388, 31.3266 ], [ -91.3843, 31.3354 ], [ -91.3667, 31.3359 ], [ -91.355, 31.3263 ], [ -91.359, 31.3059 ], [ -91.35, 31.2819 ], [ -91.3217, 31.2456 ], [ -91.2998, 31.2334 ], [ -91.2842, 31.2097 ], [ -91.2845, 31.1806 ], [ -91.2965, 31.1824 ], [ -91.303, 31.1738 ], [ -91.2982, 31.1427 ], [ -91.3188, 31.1321 ], [ -91.3095, 31.1045 ], [ -91.3168, 31.0883 ], [ -91.304, 31.0846 ], [ -91.3265, 31.0503 ], [ -91.3478, 30.9991 ], [ -91.6369, 30.9994 ], [ -91.5821, 31.0217 ] ] ] } },
{ "type": "Feature", "properties": { "GEOIDFQ": "1400000US28157950202", "NAME": "9502.02", "NAMELSAD": "Census Tract 9502.02" }, "geometry": { "type": "Polygon", "coordinates": [ [ [ -91.304, 31.0846 ], [ -91.3168, 31.0883 ], [ -91.3095, 31.1045 ], [ -91.3188, 31.1321 ], [ -91.2982, 31.1428 ], [ -91.3042, 31.1555 ], [ -91.2977, 31.1817 ], [ -91.2845, 31.1806 ], [ -91.273, 31.1539 ], [ -91.273, 31.1346 ], [ -91.2075, 31.1442 ], [ -91.1936, 31.137 ], [ -91.1858, 31.1279 ], [ -91.1893, 31.1189 ], [ -91.1783, 31.1075 ], [ -91.1769, 31.0815 ], [ -91.2023, 31.084 ], [ -91.2016, 31.0485 ], [ -91.2292, 31.0195 ], [ -91.2315, 30.9993 ], [ -91.3478, 30.9991 ], [ -91.304, 31.0846 ] ] ] } },
{ "type": "Feature", "properties": { "GEOIDFQ": "1400000US28147950200", "NAME": "9502", "NAMELSAD": "Census Tract 9502" }, "geometry": { "type": "Polygon", "coordinates": [ [ [ -90.1603, 31.1349 ], [ -90.1334, 31.1334 ], [ -90.1296, 31.111 ], [ -90.137, 31.1142 ], [ -90.1421, 31.1047 ], [ -90.1665, 31.1066 ], [ -90.1671, 31.1197 ], [ -90.1759, 31.1254 ], [ -90.1603, 31.1349 ] ] ] } },
{ "type": "Feature", "properties": { "GEOIDFQ": "1400000US28075000800", "NAME": "8", "NAMELSAD": "Census Tract 8" }, "geometry": { "type": "Polygon", "coordinates": [ [ [ -88.732, 32.3771 ], [ -88.7181, 32.378 ], [ -88.7207, 32.3646 ], [ -88.7364, 32.3669 ], [ -88.732, 32.3771 ] ] ] } },
{ "type": "Feature", "properties": { "GEOIDFQ": "1400000US28015950201", "NAME": "9502.01", "NAMELSAD": "Census Tract 9502.01" }, "geometry": { "type": "Polygon", "coordinates": [ [ [ -90.0377, 33.366 ], [ -90.0311, 33.3647 ], [ -90.0397, 33.3859 ], [ -90.024, 33.407 ], [ -90.0241, 33.4271 ], [ -90.0113, 33.4261 ], [ -90.004, 33.4319 ], [ -89.9866, 33.4257 ], [ -89.9832, 33.4426 ], [ -89.9621, 33.4441 ], [ -89.9604, 33.4595 ], [ -89.9208, 33.4979 ], [ -89.7852, 33.4867 ], [ -89.7852, 33.4163 ], [ -89.7158, 33.4168 ], [ -89.7156, 33.4021 ], [ -89.6463, 33.4025 ], [ -89.6453, 33.2855 ], [ -89.7015, 33.2855 ], [ -89.7063, 33.2699 ], [ -89.7129, 33.2675 ], [ -89.7094, 33.2633 ], [ -89.723, 33.2592 ], [ -89.7451, 33.2289 ], [ -89.7484, 33.2142 ], [ -90.0167, 33.2888 ], [ -90.0106, 33.326 ], [ -90.046, 33.3434 ], [ -90.0377, 33.366 ] ] ] } },
{ "type": "Feature", "properties": { "GEOIDFQ": "1400000US28015950202", "NAME": "9502.02", "NAMELSAD": "Census Tract 9502.02" }, "geometry": { "type": "Polygon", "coordinates": [ [ [ -90.1748, 33.417 ], [ -90.1378, 33.4165 ], [ -90.1376, 33.4591 ], [ -90.1014, 33.4589 ], [ -90.1016, 33.4871 ], [ -90.0882, 33.5074 ], [ -90.0682, 33.5026 ], [ -90.0441, 33.4831 ], [ -90.0399, 33.4869 ], [ -90.0345, 33.4773 ], [ -90.0189, 33.4751 ], [ -90.0127, 33.4804 ], [ -90.0098, 33.4723 ], [ -90.0019, 33.4753 ], [ -89.9951, 33.4671 ], [ -89.9721, 33.4695 ], [ -89.9562, 33.4627 ], [ -89.9621, 33.4441 ], [ -89.9832, 33.4426 ], [ -89.9866, 33.4257 ], [ -90.004, 33.4319 ], [ -90.0113, 33.4261 ], [ -90.0241, 33.4271 ], [ -90.024, 33.407 ], [ -90.0395, 33.3868 ], [ -90.0311, 33.3647 ], [ -90.0377, 33.366 ], [ -90.0461, 33.3434 ], [ -90.0106, 33.326 ], [ -90.0167, 33.2888 ], [ -90.1746, 33.3334 ], [ -90.1748, 33.417 ] ] ] } },
{ "type": "Feature", "properties": { "GEOIDFQ": "1400000US28113950102", "NAME": "9501.02", "NAMELSAD": "Census Tract 9501.02" }, "geometry": { "type": "Polygon", "coordinates": [ [ [ -90.5482, 31.3496 ], [ -90.3533, 31.3501 ], [ -90.3344, 31.3273 ], [ -90.3742, 31.3168 ], [ -90.4088, 31.2905 ], [ -90.4271, 31.3052 ], [ -90.451, 31.3045 ], [ -90.4489, 31.3264 ], [ -90.4619, 31.3022 ], [ -90.4787, 31.302 ], [ -90.4788, 31.2888 ], [ -90.4852, 31.2842 ], [ -90.4732, 31.2779 ], [ -90.5005, 31.2618 ], [ -90.4928, 31.2525 ], [ -90.493, 31.2367 ], [ -90.4838, 31.2365 ], [ -90.5484, 31.2251 ], [ -90.5482, 31.3496 ] ] ] } },
{ "type": "Feature", "properties": { "GEOIDFQ": "1400000US28089030107", "NAME": "301.07", "NAMELSAD": "Census Tract 301.07" }, "geometry": { "type": "Polygon", "coordinates": [ [ [ -90.1063, 32.4271 ], [ -90.0812, 32.43 ], [ -90.0704, 32.4487 ], [ -90.0629, 32.4198 ], [ -90.0754, 32.4186 ], [ -90.0641, 32.3999 ], [ -90.1063, 32.414 ], [ -90.1063, 32.4271 ] ] ] } },
{ "type": "Feature", "properties": { "GEOIDFQ": "1400000US28049010804", "NAME": "108.04", "NAMELSAD": "Census Tract 108.04" }, "geometry": { "type": "Polygon", "coordinates": [ [ [ -90.3137, 32.3329 ], [ -90.2987, 32.3258 ], [ -90.309, 32.317 ], [ -90.3257, 32.3265 ], [ -90.327, 32.3333 ], [ -90.3137, 32.3329 ] ] ] } },
{ "type": "Feature", "properties": { "GEOIDFQ": "1400000US28049010805", "NAME": "108.05", "NAMELSAD": "Census Tract 108.05" }, "geometry": { "type": "Polygon", "coordinates": [ [ [ -90.3427, 32.3256 ], [ -90.338, 32.3342 ], [ -90.3257, 32.3265 ], [ -90.3261, 32.3115 ], [ -90.3403, 32.3117 ], [ -90.3555, 32.3212 ], [ -90.3427, 32.3256 ] ] ] } },
{ "type": "Feature", "properties": { "GEOIDFQ": "1400000US28049010902", "NAME": "109.02", "NAMELSAD": "Census Tract 109.02" }, "geometry": { "type": "Polygon", "coordinates": [ [ [ -90.2817, 32.3176 ], [ -90.2463, 32.3005 ], [ -90.2492, 32.292 ], [ -90.2656, 32.2922 ], [ -90.283, 32.3022 ], [ -90.2817, 32.3176 ] ] ] } },
{ "type": "Feature", "properties": { "GEOIDFQ": "1400000US28049011002", "NAME": "110.02", "NAMELSAD": "Census Tract 110.02" }, "geometry": { "type": "Polygon", "coordinates": [ [ [ -90.2697, 32.2723 ], [ -90.2591, 32.2691 ], [ -90.2473, 32.2539 ], [ -90.2663, 32.2505 ], [ -90.2811, 32.2625 ], [ -90.2697, 32.2723 ] ] ] } },
{ "type": "Feature", "properties": { "GEOIDFQ": "1400000US28047003310", "NAME": "33.10", "NAMELSAD": "Census Tract 33.10" }, "geometry": { "type": "Polygon", "coordinates": [ [ [ -88.9519, 30.4398 ], [ -88.9386, 30.4355 ], [ -88.9386, 30.4283 ], [ -88.9594, 30.4325 ], [ -88.9519, 30.4398 ] ] ] } },
{ "type": "Feature", "properties": { "GEOIDFQ": "1400000US28047003308", "NAME": "33.08", "NAMELSAD": "Census Tract 33.08" }, "geometry": { "type": "Polygon", "coordinates": [ [ [ -88.9171, 30.4431 ], [ -88.9, 30.4454 ], [ -88.9, 30.4325 ], [ -88.917, 30.4301 ], [ -88.9171, 30.4431 ] ] ] } }
]
}
