{
"type": "FeatureCollection",
"name": "state_41_tracts_simplified",
"crs": { "type": "name", "properties": { "name": "urn:ogc:def:crs:OGC:1.3:CRS84" } },
"features": [
{ "type": "Feature", "properties": { "GEOIDFQ": "1400000US41047001702", "NAME": "17.02", "NAMELSAD": "Census Tract 17.02" }, "geometry": { "type": "Polygon", "coordinates": [ [ [ -122.9734, 44.9539 ], [ -122.9589, 44.9549 ], [ -122.9585, 44.9489 ], [ -122.9675, 44.9483 ], [ -122.9667, 44.9397 ], [ -122.983, 44.9397 ], [ -122.9734, 44.9539 ] ] ] } },
{ "type": "Feature", "properties": { "GEOIDFQ": "1400000US41047001801", "NAME": "18.01", "NAMELSAD": "Census Tract 18.01" }, "geometry": { "type": "Polygon", "coordinates": [ [ [ -122.9905, 44.9319 ], [ -122.959, 44.9314 ], [ -122.9795, 44.9127 ], [ -122.9887, 44.9156 ], [ -122.9905, 44.9319 ] ] ] } },
{ "type": "Feature", "properties": { "GEOIDFQ": "1400000US41047002301", "NAME": "23.01", "NAMELSAD": "Census Tract 23.01" }, "geometry": { "type": "Polygon", "coordinates": [ [ [ -123.0701, 44.883 ], [ -123.061, 44.883 ], [ -123.0628, 44.8614 ], [ -123.0866, 44.8615 ], [ -123.0701, 44.883 ] ] ] } },
{ "type": "Feature", "properties": { "GEOIDFQ": "1400000US41019050001", "NAME": "500.01", "NAMELSAD": "Census Tract 500.01" }, "geometry": { "type": "Polygon", "coordinates": [ [ [ -123.3204, 43.4607 ], [ -123.3159, 43.4678 ], [ -123.2965, 43.4702 ], [ -123.2934, 43.4875 ], [ -123.2769, 43.4862 ], [ -123.2505, 43.5016 ], [ -123.2303, 43.4994 ], [ -123.2151, 43.5036 ], [ -123.2113, 43.5141 ], [ -123.1792, 43.5435 ], [ -123.1666, 43.5259 ], [ -123.1337, 43.5122 ], [ -123.1354, 43.5212 ], [ -123.1299, 43.5202 ], [ -123.1077, 43.5421 ], [ -122.9876, 43.539 ], [ -122.9355, 43.5442 ], [ -122.8942, 43.5308 ], [ -122.9062, 43.5294 ], [ -122.906, 43.5234 ], [ -122.9345, 43.524 ], [ -122.9352, 43.5149 ], [ -122.949, 43.5052 ], [ -122.9494, 43.4914 ], [ -122.9392, 43.4795 ], [ -122.9472, 43.4759 ], [ -122.9355, 43.461 ], [ -122.9551, 43.4479 ], [ -122.9655, 43.452 ], [ -122.9668, 43.4441 ], [ -122.9962, 43.4322 ], [ -123.0005, 43.4399 ], [ -123.0482, 43.445 ], [ -123.071, 43.4363 ], [ -123.0918, 43.4377 ], [ -123.0464, 43.4175 ], [ -123.0624, 43.3886 ], [ -123.0349, 43.3894 ], [ -123.0363, 43.3837 ], [ -123.0546, 43.3754 ], [ -123.0457, 43.3699 ], [ -123.0308, 43.3699 ], [ -123.0439, 43.3655 ], [ -123.055, 43.3471 ], [ -123.0826, 43.3647 ], [ -123.0879, 43.3822 ], [ -123.0967, 43.3828 ], [ -123.1047, 43.3746 ], [ -123.1219, 43.3914 ], [ -123.1314, 43.39 ], [ -123.132, 43.3757 ], [ -123.1391, 43.3737 ], [ -123.1424, 43.378 ], [ -123.1459, 43.368 ], [ -123.1582, 43.3761 ], [ -123.1633, 43.3719 ], [ -123.1706, 43.3746 ], [ -123.1767, 43.3837 ], [ -123.1692, 43.3939 ], [ -123.1739, 43.403 ], [ -123.1956, 43.3724 ], [ -123.2079, 43.3672 ], [ -123.2192, 43.3764 ], [ -123.2339, 43.3747 ], [ -123.2343, 43.3847 ], [ -123.2427, 43.3869 ], [ -123.2504, 43.3868 ], [ -123.2473, 43.3743 ], [ -123.2555, 43.3693 ], [ -123.258, 43.3767 ], [ -123.2783, 43.382 ], [ -123.2743, 43.3981 ], [ -123.2847, 43.3965 ], [ -123.2847, 43.4002 ], [ -123.3345, 43.3864 ], [ -123.3612, 43.3866 ], [ -123.3639, 43.404 ], [ -123.3561, 43.4176 ], [ -123.3777, 43.4536 ], [ -123.3204, 43.4607 ] ] ] } },
{ "type": "Feature", "properties": { "GEOIDFQ": "1400000US41019190000", "NAME": "1900", "NAMELSAD": "Census Tract 1900" }, "geometry": { "type": "Polygon", "coordinates": [ [ [ -123.3377, 43.0257 ], [ -123.3318, 43.0382 ], [ -123.3176, 43.0309 ], [ -123.3027, 43.0318 ], [ -123.2955, 43.0247 ], [ -123.3001, 43.017 ], [ -123.2875, 43.0235 ], [ -123.2722, 43.0161 ], [ -123.2625, 42.9998 ], [ -123.2769, 42.9925 ], [ -123.2855, 42.9744 ], [ -123.3106, 42.9718 ], [ -123.3252, 42.9611 ], [ -123.3357, 42.9664 ], [ -123.3359, 42.9733 ], [ -123.3469, 42.9733 ], [ -123.345, 42.9834 ], [ -123.3576, 42.9896 ], [ -123.3571, 43.0037 ], [ -123.3634, 43.0048 ], [ -123.3377, 43.0257 ] ] ] } },
{ "type": "Feature", "properties": { "GEOIDFQ": "1400000US41019010000", "NAME": "100", "NAMELSAD": "Census Tract 100" }, "geometry": { "type": "Polygon", "coordinates": [ [ [ -124.1655, 43.8637 ], [ -123.9463, 43.8627 ], [ -123.9465, 43.8717 ], [ -123.9255, 43.8659 ], [ -123.9259, 43.8985 ], [ -123.9024, 43.8963 ], [ -123.8972, 43.9047 ], [ -123.8828, 43.9046 ], [ -123.8724, 43.9167 ], [ -123.8526, 43.9206 ], [ -123.827, 43.9448 ], [ -123.8101, 43.9446 ], [ -123.8182, 43.9308 ], [ -123.7939, 43.9282 ], [ -123.8061, 43.9261 ], [ -123.7907, 43.9219 ], [ -123.8002, 43.916 ], [ -123.7835, 43.9174 ], [ -123.7686, 43.9113 ], [ -123.76, 43.8832 ], [ -123.7688, 43.8681 ], [ -123.7465, 43.8438 ], [ -123.7573, 43.8292 ], [ -123.764, 43.8314 ], [ -123.7654, 43.8263 ], [ -123.7742, 43.8252 ], [ -123.7703, 43.8154 ], [ -123.7753, 43.8086 ], [ -123.7603, 43.807 ], [ -123.7637, 43.7942 ], [ -123.7538, 43.8047 ], [ -123.7482, 43.7968 ], [ -123.7255, 43.8031 ], [ -123.7228, 43.7978 ], [ -123.7353, 43.7947 ], [ -123.7353, 43.7871 ], [ -123.7151, 43.7866 ], [ -123.705, 43.7795 ], [ -123.7135, 43.7577 ], [ -123.7089, 43.7358 ], [ -123.7168, 43.7302 ], [ -123.7098, 43.7279 ], [ -123.7089, 43.7103 ], [ -123.7389, 43.6892 ], [ -123.728, 43.6798 ], [ -123.7409, 43.6565 ], [ -123.7864, 43.6568 ], [ -123.7976, 43.674 ], [ -123.8086, 43.6704 ], [ -123.8074, 43.659 ], [ -123.8141, 43.6523 ], [ -123.8274, 43.654 ], [ -123.8481, 43.648 ], [ -123.862, 43.6585 ], [ -123.899, 43.6505 ], [ -123.9155, 43.6584 ], [ -123.9383, 43.6828 ], [ -124.0199, 43.6992 ], [ -124.0642, 43.6955 ], [ -124.0686, 43.6861 ], [ -124.0755, 43.6833 ], [ -124.0709, 43.6879 ], [ -124.0861, 43.6937 ], [ -124.1028, 43.6935 ], [ -124.1069, 43.6984 ], [ -124.1145, 43.6953 ], [ -124.1065, 43.7118 ], [ -124.1276, 43.7256 ], [ -124.13, 43.7385 ], [ -124.1443, 43.7438 ], [ -124.1536, 43.7371 ], [ -124.1651, 43.6981 ], [ -124.196, 43.6731 ], [ -124.2151, 43.6673 ], [ -124.1655, 43.8637 ] ] ] } },
{ "type": "Feature", "properties": { "GEOIDFQ": "1400000US41019040000", "NAME": "400", "NAMELSAD": "Census Tract 400" }, "geometry": { "type": "Polygon", "coordinates": [ [ [ -123.4309, 43.4764 ], [ -123.4416, 43.4784 ], [ -123.4417, 43.4863 ], [ -123.4199, 43.4919 ], [ -123.4164, 43.5017 ], [ -123.4353, 43.5099 ], [ -123.4491, 43.5363 ], [ -123.4411, 43.5328 ], [ -123.4406, 43.5462 ], [ -123.4035, 43.5478 ], [ -123.3789, 43.5648 ], [ -123.3682, 43.5594 ], [ -123.365, 43.5604 ], [ -123.3761, 43.5698 ], [ -123.3755, 43.5834 ], [ -123.3889, 43.5842 ], [ -123.3898, 43.5897 ], [ -123.345, 43.6011 ], [ -123.3461, 43.6168 ], [ -123.3259, 43.6197 ], [ -123.307, 43.6112 ], [ -123.2874, 43.6105 ], [ -123.2997, 43.6409 ], [ -123.2945, 43.6371 ], [ -123.2857, 43.6435 ], [ -123.2573, 43.6427 ], [ -123.2486, 43.6508 ], [ -123.253, 43.656 ], [ -123.237, 43.6569 ], [ -123.2395, 43.6501 ], [ -123.2239, 43.6406 ], [ -123.2233, 43.633 ], [ -123.2093, 43.6323 ], [ -123.1895, 43.6379 ], [ -123.1831, 43.6463 ], [ -123.1636, 43.6498 ], [ -123.1692, 43.6526 ], [ -123.1503, 43.651 ], [ -123.1535, 43.6599 ], [ -123.1459, 43.6587 ], [ -123.1373, 43.6494 ], [ -123.1372, 43.6059 ], [ -123.1073, 43.6059 ], [ -123.1077, 43.5421 ], [ -123.1299, 43.5202 ], [ -123.1354, 43.5212 ], [ -123.1334, 43.5122 ], [ -123.1666, 43.5259 ], [ -123.1792, 43.5435 ], [ -123.2113, 43.5141 ], [ -123.2151, 43.5036 ], [ -123.2303, 43.4994 ], [ -123.2505, 43.5016 ], [ -123.2769, 43.4862 ], [ -123.2934, 43.4875 ], [ -123.2965, 43.4702 ], [ -123.3159, 43.4678 ], [ -123.3204, 43.4607 ], [ -123.3777, 43.4536 ], [ -123.412, 43.4702 ], [ -123.4337, 43.4579 ], [ -123.4504, 43.4613 ], [ -123.4543, 43.467 ], [ -123.4309, 43.4764 ] ] ] } },
{ "type": "Feature", "properties": { "GEOIDFQ": "1400000US41019110000", "NAME": "1100", "NAMELSAD": "Census Tract 1100" }, "geometry": { "type": "Polygon", "coordinates": [ [ [ -123.3665, 43.1035 ], [ -123.3545, 43.1105 ], [ -123.3638, 43.1255 ], [ -123.3648, 43.181 ], [ -123.3376, 43.1987 ], [ -123.2655, 43.2064 ], [ -123.2635, 43.212 ], [ -123.2796, 43.2227 ], [ -123.2526, 43.2766 ], [ -123.2519, 43.2835 ], [ -123.2587, 43.2857 ], [ -123.2448, 43.2836 ], [ -123.2138, 43.3031 ], [ -123.2217, 43.3174 ], [ -123.2134, 43.3168 ], [ -123.2103, 43.3102 ], [ -123.2037, 43.3144 ], [ -123.1955, 43.3106 ], [ -123.1642, 43.315 ], [ -123.1585, 43.3012 ], [ -123.1223, 43.3031 ], [ -123.1001, 43.2969 ], [ -123.0999, 43.288 ], [ -123.0804, 43.2821 ], [ -123.0747, 43.2696 ], [ -123.0861, 43.2382 ], [ -123.0862, 43.2057 ], [ -123.0827, 43.2023 ], [ -123.0848, 43.2062 ], [ -123.0808, 43.212 ], [ -123.0784, 43.2047 ], [ -123.067, 43.2049 ], [ -123.068, 43.1896 ], [ -123.058, 43.1833 ], [ -123.0567, 43.1808 ], [ -123.0836, 43.183 ], [ -123.0841, 43.1771 ], [ -123.0993, 43.1852 ], [ -123.1144, 43.1834 ], [ -123.1191, 43.1744 ], [ -123.1421, 43.1676 ], [ -123.1363, 43.1628 ], [ -123.159, 43.143 ], [ -123.1647, 43.1461 ], [ -123.1969, 43.1326 ], [ -123.2042, 43.1391 ], [ -123.1968, 43.1453 ], [ -123.203, 43.1468 ], [ -123.2147, 43.1388 ], [ -123.2204, 43.1443 ], [ -123.2263, 43.1425 ], [ -123.2144, 43.1331 ], [ -123.2153, 43.1209 ], [ -123.2348, 43.1198 ], [ -123.2518, 43.1095 ], [ -123.2574, 43.1184 ], [ -123.2796, 43.1193 ], [ -123.2924, 43.1275 ], [ -123.2959, 43.1199 ], [ -123.2882, 43.0993 ], [ -123.3297, 43.0913 ], [ -123.3569, 43.0742 ], [ -123.3678, 43.0906 ], [ -123.3665, 43.1035 ] ] ] } },
{ "type": "Feature", "properties": { "GEOIDFQ": "1400000US41043030300", "NAME": "303", "NAMELSAD": "Census Tract 303" }, "geometry": { "type": "Polygon", "coordinates": [ [ [ -122.8461, 44.3624 ], [ -122.8418, 44.3577 ], [ -122.8327, 44.3632 ], [ -122.7982, 44.3554 ], [ -122.7751, 44.3426 ], [ -122.7626, 44.3435 ], [ -122.7269, 44.3144 ], [ -122.6758, 44.2984 ], [ -122.6664, 44.3005 ], [ -122.6629, 44.2945 ], [ -122.6394, 44.292 ], [ -122.643, 44.3061 ], [ -122.6471, 44.3027 ], [ -122.6466, 44.3073 ], [ -122.6688, 44.3192 ], [ -122.6439, 44.3543 ], [ -122.6459, 44.3675 ], [ -122.6391, 44.3749 ], [ -122.6497, 44.3851 ], [ -122.6482, 44.3933 ], [ -122.6358, 44.3952 ], [ -122.6163, 44.3784 ], [ -122.5802, 44.3857 ], [ -122.5591, 44.375 ], [ -122.5197, 44.39 ], [ -122.5447, 44.4013 ], [ -122.5661, 44.402 ], [ -122.5682, 44.4059 ], [ -122.5874, 44.4001 ], [ -122.5937, 44.4086 ], [ -122.6219, 44.4132 ], [ -122.6189, 44.4289 ], [ -122.6363, 44.4204 ], [ -122.6719, 44.4191 ], [ -122.68, 44.431 ], [ -122.7253, 44.432 ], [ -122.7456, 44.4392 ], [ -122.7413, 44.4581 ], [ -122.7459, 44.4866 ], [ -122.7541, 44.4913 ], [ -122.7493, 44.4983 ], [ -122.798, 44.5142 ], [ -122.7886, 44.5622 ], [ -122.7831, 44.567 ], [ -122.7588, 44.5626 ], [ -122.7588, 44.579 ], [ -122.7206, 44.5868 ], [ -122.7207, 44.6048 ], [ -122.7435, 44.6194 ], [ -122.7407, 44.6303 ], [ -122.7229, 44.6245 ], [ -122.7029, 44.6359 ], [ -122.6849, 44.6313 ], [ -122.6622, 44.6342 ], [ -122.6457, 44.6282 ], [ -122.6536, 44.6245 ], [ -122.6457, 44.6156 ], [ -122.6328, 44.6136 ], [ -122.6181, 44.614 ], [ -122.6055, 44.6276 ], [ -122.5953, 44.6302 ], [ -122.5912, 44.6219 ], [ -122.5773, 44.6226 ], [ -122.5761, 44.6156 ], [ -122.558, 44.6139 ], [ -122.5455, 44.6238 ], [ -122.5577, 44.6261 ], [ -122.561, 44.6318 ], [ -122.533, 44.6267 ], [ -122.462, 44.6354 ], [ -122.4322, 44.6275 ], [ -122.3905, 44.638 ], [ -122.3686, 44.634 ], [ -122.3389, 44.6439 ], [ -122.3195, 44.6595 ], [ -122.3078, 44.6514 ], [ -122.3111, 44.6473 ], [ -122.3183, 44.6535 ], [ -122.3133, 44.6397 ], [ -122.3183, 44.6218 ], [ -122.335, 44.6021 ], [ -122.3308, 44.5969 ], [ -122.3234, 44.5944 ], [ -122.3257, 44.6007 ], [ -122.3156, 44.5993 ], [ -122.3114, 44.6064 ], [ -122.2934, 44.6019 ], [ -122.2816, 44.6083 ], [ -122.2594, 44.6013 ], [ -122.2498, 44.6087 ], [ -122.23, 44.6086 ], [ -122.2239, 44.6157 ], [ -122.2057, 44.6112 ], [ -122.1948, 44.6142 ], [ -122.1722, 44.6095 ], [ -122.1599, 44.5982 ], [ -122.148, 44.5984 ], [ -122.1245, 44.578 ], [ -122.1112, 44.5752 ], [ -122.1016, 44.5767 ], [ -122.095, 44.5863 ], [ -122.0861, 44.5817 ], [ -122.0669, 44.5869 ], [ -122.0561, 44.6114 ], [ -122.072, 44.624 ], [ -122.0733, 44.633 ], [ -122.0562, 44.6447 ], [ -122.0531, 44.6545 ], [ -122.046, 44.6546 ], [ -122.0515, 44.6618 ], [ -122.0446, 44.6649 ], [ -122.0334, 44.6572 ], [ -122.0233, 44.6432 ], [ -122.0261, 44.6367 ], [ -122.0226, 44.6404 ], [ -122.0215, 44.6448 ], [ -122.0289, 44.6588 ], [ -122.0354, 44.6608 ], [ -122.0275, 44.6717 ], [ -122.0348, 44.685 ], [ -122.0278, 44.6896 ], [ -122.0088, 44.6867 ], [ -121.981, 44.6938 ], [ -121.9642, 44.6838 ], [ -121.7996, 44.6839 ], [ -121.7979, 44.6403 ], [ -121.8116, 44.6158 ], [ -121.7939, 44.5941 ], [ -121.8033, 44.5553 ], [ -121.8163, 44.5374 ], [ -121.8092, 44.5149 ], [ -121.8231, 44.5112 ], [ -121.8469, 44.4911 ], [ -121.843, 44.479 ], [ -121.8496, 44.4673 ], [ -121.8411, 44.4449 ], [ -121.8476, 44.4303 ], [ -121.8409, 44.4108 ], [ -121.8467, 44.4032 ], [ -121.846, 44.3669 ], [ -121.8368, 44.3567 ], [ -121.8439, 44.3462 ], [ -121.8376, 44.334 ], [ -121.8413, 44.2857 ], [ -121.8249, 44.2829 ], [ -121.819, 44.2618 ], [ -121.7994, 44.2583 ], [ -122.3271, 44.2528 ], [ -122.3324, 44.2434 ], [ -122.3273, 44.2312 ], [ -122.3672, 44.2094 ], [ -122.381, 44.2096 ], [ -122.3846, 44.2171 ], [ -122.4048, 44.2169 ], [ -122.4047, 44.2206 ], [ -122.4349, 44.2213 ], [ -122.4479, 44.2167 ], [ -122.4659, 44.2231 ], [ -122.4923, 44.22 ], [ -122.5072, 44.2234 ], [ -122.5136, 44.2317 ], [ -122.5295, 44.2267 ], [ -122.5363, 44.235 ], [ -122.577, 44.2279 ], [ -122.5754, 44.2354 ], [ -122.5935, 44.2444 ], [ -122.64, 44.2494 ], [ -122.6468, 44.2666 ], [ -122.6574, 44.271 ], [ -122.6689, 44.2689 ], [ -122.7311, 44.2882 ], [ -122.7498, 44.2847 ], [ -122.7637, 44.2904 ], [ -122.7768, 44.2837 ], [ -122.8072, 44.2842 ], [ -122.8194, 44.2758 ], [ -122.8199, 44.3195 ], [ -122.8337, 44.3259 ], [ -122.8485, 44.3564 ], [ -122.8602, 44.3575 ], [ -122.8461, 44.3624 ] ] ] } },
{ "type": "Feature", "properties": { "GEOIDFQ": "1400000US41019210000", "NAME": "2100", "NAMELSAD": "Census Tract 2100" }, "geometry": { "type": "Polygon", "coordinates": [ [ [ -123.8191, 42.8851 ], [ -123.8097, 42.893 ], [ -123.7786, 42.8908 ], [ -123.7588, 42.8996 ], [ -123.7558, 42.8947 ], [ -123.7447, 42.8966 ], [ -123.7286, 42.888 ], [ -123.714, 42.8927 ], [ -123.711, 42.8878 ], [ -123.7085, 42.9001 ], [ -123.7254, 42.9037 ], [ -123.7235, 42.9212 ], [ -123.6867, 42.9166 ], [ -123.668, 42.8954 ], [ -123.6597, 42.9102 ], [ -123.6371, 42.9094 ], [ -123.629, 42.9032 ], [ -123.6153, 42.9184 ], [ -123.618, 42.927 ], [ -123.6039, 42.9286 ], [ -123.6001, 42.952 ], [ -123.5694, 42.969 ], [ -123.5628, 42.9516 ], [ -123.5653, 42.9432 ], [ -123.5759, 42.9418 ], [ -123.5718, 42.9348 ], [ -123.5409, 42.9308 ], [ -123.5438, 42.9346 ], [ -123.5248, 42.9426 ], [ -123.5159, 42.9288 ], [ -123.5047, 42.924 ], [ -123.5097, 42.9133 ], [ -123.4993, 42.9143 ], [ -123.5002, 42.9021 ], [ -123.48, 42.8871 ], [ -123.4715, 42.871 ], [ -123.4647, 42.8693 ], [ -123.4564, 42.8753 ], [ -123.4319, 42.8728 ], [ -123.4288, 42.878 ], [ -123.4323, 42.8645 ], [ -123.426, 42.867 ], [ -123.4261, 42.8626 ], [ -123.4331, 42.8494 ], [ -123.4164, 42.8573 ], [ -123.3832, 42.8574 ], [ -123.3849, 42.8513 ], [ -123.3733, 42.8501 ], [ -123.3678, 42.8423 ], [ -123.3688, 42.8579 ], [ -123.3441, 42.8529 ], [ -123.332, 42.8613 ], [ -123.2909, 42.8557 ], [ -123.2486, 42.898 ], [ -123.254, 42.9047 ], [ -123.2499, 42.9163 ], [ -123.2905, 42.9665 ], [ -123.2769, 42.9925 ], [ -123.2625, 42.9995 ], [ -123.2666, 43.0124 ], [ -123.2538, 43.0185 ], [ -123.2389, 43.0102 ], [ -123.2294, 43.014 ], [ -123.2094, 43.002 ], [ -123.1885, 43.036 ], [ -123.1327, 43.0368 ], [ -123.1258, 43.0312 ], [ -123.0979, 43.031 ], [ -123.0456, 43.0558 ], [ -123.0238, 43.0848 ], [ -122.9942, 43.0819 ], [ -122.9765, 43.0889 ], [ -122.9618, 43.0869 ], [ -122.9849, 43.1017 ], [ -122.976, 43.1239 ], [ -122.9612, 43.1369 ], [ -122.9759, 43.1365 ], [ -122.9667, 43.1473 ], [ -122.9778, 43.1448 ], [ -122.9827, 43.1487 ], [ -122.9868, 43.1496 ], [ -122.9896, 43.1519 ], [ -122.991, 43.1526 ], [ -122.9911, 43.1528 ], [ -122.9767, 43.1488 ], [ -122.9759, 43.1536 ], [ -122.9543, 43.1507 ], [ -122.9445, 43.1556 ], [ -122.9405, 43.1507 ], [ -122.9232, 43.1524 ], [ -122.9196, 43.1478 ], [ -122.9177, 43.1521 ], [ -122.8963, 43.1498 ], [ -122.9112, 43.1715 ], [ -122.9053, 43.1745 ], [ -122.8732, 43.1562 ], [ -122.8746, 43.1668 ], [ -122.8512, 43.1743 ], [ -122.8568, 43.1648 ], [ -122.839, 43.1572 ], [ -122.8039, 43.1717 ], [ -122.8049, 43.164 ], [ -122.7846, 43.1552 ], [ -122.7786, 43.1558 ], [ -122.7861, 43.165 ], [ -122.7793, 43.1602 ], [ -122.7705, 43.1656 ], [ -122.7685, 43.1595 ], [ -122.761, 43.1648 ], [ -122.7432, 43.1611 ], [ -122.7463, 43.1682 ], [ -122.7343, 43.1651 ], [ -122.7299, 43.172 ], [ -122.7332, 43.181 ], [ -122.7256, 43.1924 ], [ -122.7307, 43.2004 ], [ -122.7077, 43.2091 ], [ -122.6947, 43.1996 ], [ -122.7013, 43.196 ], [ -122.6941, 43.1879 ], [ -122.677, 43.1792 ], [ -122.6667, 43.1818 ], [ -122.6688, 43.1885 ], [ -122.6526, 43.1923 ], [ -122.6301, 43.186 ], [ -122.6213, 43.176 ], [ -122.5842, 43.1852 ], [ -122.5682, 43.1827 ], [ -122.5527, 43.1714 ], [ -122.5337, 43.1873 ], [ -122.5175, 43.1849 ], [ -122.5027, 43.1896 ], [ -122.4839, 43.1834 ], [ -122.4914, 43.1906 ], [ -122.4795, 43.2224 ], [ -122.4907, 43.228 ], [ -122.4776, 43.2495 ], [ -122.4625, 43.2293 ], [ -122.3764, 43.2307 ], [ -122.3823, 43.2068 ], [ -122.3754, 43.2031 ], [ -122.3836, 43.2012 ], [ -122.3731, 43.1647 ], [ -122.3417, 43.1458 ], [ -122.3464, 43.1364 ], [ -122.344, 43.1231 ], [ -122.3318, 43.1154 ], [ -122.3348, 43.1016 ], [ -122.3218, 43.1035 ], [ -122.3304, 43.0926 ], [ -122.3412, 43.0901 ], [ -122.3357, 43.0886 ], [ -122.341, 43.0753 ], [ -122.3257, 43.0627 ], [ -122.3303, 43.046 ], [ -122.325, 43.0417 ], [ -122.3094, 43.0444 ], [ -122.3053, 43.0537 ], [ -122.2826, 43.0563 ], [ -122.2827, 42.9965 ], [ -122.401, 42.9966 ], [ -122.4011, 42.9835 ], [ -122.4208, 42.9834 ], [ -122.4209, 42.9689 ], [ -122.4405, 42.9689 ], [ -122.4405, 42.9544 ], [ -122.4602, 42.9544 ], [ -122.4602, 42.9399 ], [ -122.5603, 42.9392 ], [ -122.5603, 42.9247 ], [ -122.58, 42.9247 ], [ -122.5801, 42.9108 ], [ -122.6002, 42.9111 ], [ -122.6003, 42.8957 ], [ -122.6378, 42.897 ], [ -122.6377, 42.8811 ], [ -122.6772, 42.8811 ], [ -122.6772, 42.8666 ], [ -122.697, 42.8666 ], [ -122.697, 42.8521 ], [ -122.7167, 42.8521 ], [ -122.7167, 42.8377 ], [ -122.7363, 42.8377 ], [ -122.7364, 42.8235 ], [ -122.7752, 42.8288 ], [ -122.775, 42.8068 ], [ -122.7849, 42.8068 ], [ -122.7855, 42.7927 ], [ -122.7948, 42.7927 ], [ -122.7948, 42.7782 ], [ -122.8537, 42.7818 ], [ -122.8529, 42.7746 ], [ -122.9512, 42.7748 ], [ -122.9512, 42.7676 ], [ -122.9708, 42.7681 ], [ -122.9705, 42.7609 ], [ -123.0097, 42.7594 ], [ -123.0098, 42.7521 ], [ -123.1522, 42.7558 ], [ -123.152, 42.7377 ], [ -123.1805, 42.7378 ], [ -123.1806, 42.7317 ], [ -123.1905, 42.7317 ], [ -123.1905, 42.7245 ], [ -123.2004, 42.7245 ], [ -123.2004, 42.7172 ], [ -123.2099, 42.7172 ], [ -123.2104, 42.71 ], [ -123.2296, 42.71 ], [ -123.2296, 42.7026 ], [ -123.2492, 42.7024 ], [ -123.2493, 42.7244 ], [ -123.2743, 42.7247 ], [ -123.2743, 42.732 ], [ -123.3286, 42.7282 ], [ -123.3286, 42.7317 ], [ -123.3667, 42.7322 ], [ -123.3666, 42.7395 ], [ -123.3716, 42.7395 ], [ -123.3717, 42.725 ], [ -123.4013, 42.725 ], [ -123.4014, 42.7103 ], [ -123.4257, 42.7145 ], [ -123.4257, 42.711 ], [ -123.4449, 42.7111 ], [ -123.4455, 42.703 ], [ -123.4653, 42.6993 ], [ -123.4653, 42.7029 ], [ -123.4943, 42.7022 ], [ -123.4944, 42.7092 ], [ -123.5425, 42.7098 ], [ -123.5424, 42.7171 ], [ -123.5622, 42.7176 ], [ -123.5668, 42.7357 ], [ -123.5819, 42.7321 ], [ -123.5817, 42.7399 ], [ -123.6773, 42.7397 ], [ -123.6772, 42.7501 ], [ -123.697, 42.7539 ], [ -123.6968, 42.7396 ], [ -123.7165, 42.7397 ], [ -123.7165, 42.7854 ], [ -123.7323, 42.7801 ], [ -123.7826, 42.7994 ], [ -123.8115, 42.7882 ], [ -123.8118, 42.8241 ], [ -123.8204, 42.8241 ], [ -123.8191, 42.8851 ] ] ] } },
{ "type": "Feature", "properties": { "GEOIDFQ": "1400000US41019060000", "NAME": "600", "NAMELSAD": "Census Tract 600" }, "geometry": { "type": "Polygon", "coordinates": [ [ [ -123.5663, 43.4232 ], [ -123.5717, 43.4571 ], [ -123.5594, 43.4566 ], [ -123.549, 43.4439 ], [ -123.5415, 43.445 ], [ -123.5414, 43.4614 ], [ -123.5556, 43.475 ], [ -123.5218, 43.4713 ], [ -123.5086, 43.4862 ], [ -123.4842, 43.4764 ], [ -123.4772, 43.4795 ], [ -123.4957, 43.5057 ], [ -123.508, 43.511 ], [ -123.4639, 43.5246 ], [ -123.4478, 43.5478 ], [ -123.4493, 43.5364 ], [ -123.4353, 43.5099 ], [ -123.4164, 43.502 ], [ -123.4198, 43.492 ], [ -123.4417, 43.4864 ], [ -123.4416, 43.4784 ], [ -123.4327, 43.4797 ], [ -123.4309, 43.4765 ], [ -123.4539, 43.4676 ], [ -123.4534, 43.4632 ], [ -123.4337, 43.4579 ], [ -123.4182, 43.4702 ], [ -123.4015, 43.4679 ], [ -123.3731, 43.4494 ], [ -123.3574, 43.422 ], [ -123.3639, 43.4038 ], [ -123.3609, 43.3654 ], [ -123.3682, 43.3534 ], [ -123.3522, 43.3353 ], [ -123.3315, 43.3412 ], [ -123.3451, 43.322 ], [ -123.3558, 43.2827 ], [ -123.3655, 43.2818 ], [ -123.3802, 43.301 ], [ -123.4015, 43.273 ], [ -123.446, 43.2681 ], [ -123.4496, 43.2822 ], [ -123.471, 43.297 ], [ -123.4549, 43.3065 ], [ -123.4602, 43.3207 ], [ -123.4401, 43.3313 ], [ -123.4716, 43.3693 ], [ -123.4808, 43.3755 ], [ -123.5141, 43.3751 ], [ -123.5433, 43.3899 ], [ -123.5414, 43.397 ], [ -123.5255, 43.3991 ], [ -123.5249, 43.4041 ], [ -123.5598, 43.4105 ], [ -123.5831, 43.4084 ], [ -123.5886, 43.4141 ], [ -123.5663, 43.4232 ] ] ] } },
{ "type": "Feature", "properties": { "GEOIDFQ": "1400000US41019030000", "NAME": "300", "NAMELSAD": "Census Tract 300" }, "geometry": { "type": "Polygon", "coordinates": [ [ [ -123.8101, 43.9446 ], [ -123.7038, 43.9443 ], [ -123.7038, 43.9374 ], [ -123.6588, 43.9365 ], [ -123.6589, 43.9217 ], [ -123.619, 43.9211 ], [ -123.6196, 43.8917 ], [ -123.5796, 43.8911 ], [ -123.5798, 43.8683 ], [ -123.529, 43.8683 ], [ -123.5292, 43.8301 ], [ -123.4703, 43.8312 ], [ -123.4704, 43.8101 ], [ -123.3482, 43.8092 ], [ -123.3482, 43.7802 ], [ -123.1373, 43.7797 ], [ -123.1373, 43.6494 ], [ -123.1524, 43.661 ], [ -123.1503, 43.651 ], [ -123.1692, 43.6526 ], [ -123.1636, 43.6498 ], [ -123.1831, 43.6463 ], [ -123.1895, 43.6379 ], [ -123.2093, 43.6323 ], [ -123.2233, 43.633 ], [ -123.2239, 43.6406 ], [ -123.2395, 43.6501 ], [ -123.2373, 43.657 ], [ -123.2535, 43.6558 ], [ -123.2486, 43.6508 ], [ -123.2574, 43.6427 ], [ -123.2857, 43.6435 ], [ -123.2945, 43.6371 ], [ -123.2997, 43.6409 ], [ -123.2873, 43.6106 ], [ -123.307, 43.6112 ], [ -123.3259, 43.6197 ], [ -123.3461, 43.6168 ], [ -123.345, 43.6011 ], [ -123.3906, 43.589 ], [ -123.3888, 43.5842 ], [ -123.3755, 43.5834 ], [ -123.3761, 43.5698 ], [ -123.3653, 43.56 ], [ -123.3789, 43.5648 ], [ -123.4035, 43.5478 ], [ -123.4401, 43.5465 ], [ -123.4412, 43.5328 ], [ -123.4493, 43.5364 ], [ -123.4473, 43.5474 ], [ -123.4535, 43.5467 ], [ -123.4621, 43.5256 ], [ -123.5073, 43.5118 ], [ -123.4943, 43.504 ], [ -123.4801, 43.4774 ], [ -123.5086, 43.4862 ], [ -123.5218, 43.4713 ], [ -123.5539, 43.4757 ], [ -123.5413, 43.4612 ], [ -123.5421, 43.444 ], [ -123.5695, 43.4578 ], [ -123.5658, 43.4307 ], [ -123.5728, 43.4388 ], [ -123.5873, 43.4341 ], [ -123.5989, 43.4366 ], [ -123.6106, 43.4488 ], [ -123.6178, 43.4857 ], [ -123.6336, 43.4946 ], [ -123.6326, 43.502 ], [ -123.6405, 43.5068 ], [ -123.648, 43.542 ], [ -123.6645, 43.552 ], [ -123.6664, 43.5612 ], [ -123.6549, 43.5729 ], [ -123.6636, 43.5781 ], [ -123.6633, 43.5855 ], [ -123.674, 43.5843 ], [ -123.6913, 43.5959 ], [ -123.6912, 43.6041 ], [ -123.6995, 43.6148 ], [ -123.7067, 43.6143 ], [ -123.7035, 43.6197 ], [ -123.7099, 43.6236 ], [ -123.7015, 43.6276 ], [ -123.7257, 43.6366 ], [ -123.7177, 43.6533 ], [ -123.7417, 43.6576 ], [ -123.7281, 43.6774 ], [ -123.7389, 43.6892 ], [ -123.7089, 43.7103 ], [ -123.7098, 43.7279 ], [ -123.7168, 43.7302 ], [ -123.7089, 43.7358 ], [ -123.7135, 43.7577 ], [ -123.705, 43.7795 ], [ -123.7151, 43.7866 ], [ -123.7353, 43.7871 ], [ -123.7353, 43.7947 ], [ -123.7228, 43.7978 ], [ -123.7255, 43.8031 ], [ -123.7482, 43.7968 ], [ -123.7538, 43.8047 ], [ -123.7587, 43.795 ], [ -123.7654, 43.795 ], [ -123.7596, 43.8053 ], [ -123.7751, 43.8083 ], [ -123.7702, 43.8155 ], [ -123.7744, 43.8249 ], [ -123.7641, 43.8314 ], [ -123.7573, 43.8292 ], [ -123.7465, 43.8438 ], [ -123.7688, 43.8681 ], [ -123.76, 43.8832 ], [ -123.7656, 43.8924 ], [ -123.762, 43.9011 ], [ -123.772, 43.913 ], [ -123.8004, 43.9161 ], [ -123.7907, 43.9219 ], [ -123.7939, 43.9246 ], [ -123.8039, 43.9245 ], [ -123.8061, 43.9261 ], [ -123.8028, 43.9253 ], [ -123.7939, 43.9282 ], [ -123.8182, 43.9309 ], [ -123.8101, 43.9446 ] ] ] } },
{ "type": "Feature", "properties": { "GEOIDFQ": "1400000US41019170000", "NAME": "1700", "NAMELSAD": "Census Tract 1700" }, "geometry": { "type": "Polygon", "coordinates": [ [ [ -123.8211, 42.9963 ], [ -123.7616, 42.9963 ], [ -123.7613, 43.0832 ], [ -123.7071, 43.0835 ], [ -123.7021, 43.0871 ], [ -123.7036, 43.1861 ], [ -123.6761, 43.1698 ], [ -123.6656, 43.1739 ], [ -123.6596, 43.1638 ], [ -123.653, 43.1641 ], [ -123.657, 43.1503 ], [ -123.6439, 43.1368 ], [ -123.6296, 43.136 ], [ -123.586, 43.1653 ], [ -123.5666, 43.1661 ], [ -123.5561, 43.1808 ], [ -123.5231, 43.1722 ], [ -123.5125, 43.1657 ], [ -123.5204, 43.1562 ], [ -123.4983, 43.1555 ], [ -123.5045, 43.135 ], [ -123.495, 43.1291 ], [ -123.5003, 43.1244 ], [ -123.4944, 43.1194 ], [ -123.4967, 43.117 ], [ -123.5001, 43.1178 ], [ -123.5078, 43.1133 ], [ -123.4934, 43.1146 ], [ -123.4775, 43.1011 ], [ -123.4363, 43.1129 ], [ -123.4389, 43.1054 ], [ -123.4266, 43.0933 ], [ -123.3985, 43.0787 ], [ -123.3871, 43.0795 ], [ -123.3832, 43.0896 ], [ -123.3755, 43.092 ], [ -123.3673, 43.0789 ], [ -123.3707, 43.0651 ], [ -123.3441, 43.0644 ], [ -123.3297, 43.0512 ], [ -123.3338, 43.0347 ], [ -123.3659, 43.028 ], [ -123.3747, 43.0139 ], [ -123.4164, 42.9949 ], [ -123.4012, 42.9518 ], [ -123.4061, 42.9585 ], [ -123.4205, 42.9568 ], [ -123.424, 42.9661 ], [ -123.4458, 42.9581 ], [ -123.4459, 42.9747 ], [ -123.4486, 42.9714 ], [ -123.4571, 42.9769 ], [ -123.4617, 42.977 ], [ -123.4635, 42.9758 ], [ -123.4593, 42.9763 ], [ -123.4588, 42.973 ], [ -123.5043, 42.9455 ], [ -123.5047, 42.924 ], [ -123.5281, 42.9434 ], [ -123.5439, 42.9346 ], [ -123.5409, 42.9308 ], [ -123.5718, 42.9348 ], [ -123.5759, 42.9418 ], [ -123.5653, 42.9432 ], [ -123.5628, 42.9516 ], [ -123.5687, 42.9688 ], [ -123.5748, 42.9685 ], [ -123.6001, 42.952 ], [ -123.6039, 42.9286 ], [ -123.618, 42.927 ], [ -123.6153, 42.9184 ], [ -123.6289, 42.9033 ], [ -123.6371, 42.9094 ], [ -123.6597, 42.9102 ], [ -123.668, 42.8954 ], [ -123.6867, 42.9166 ], [ -123.7237, 42.9211 ], [ -123.7254, 42.9037 ], [ -123.7085, 42.9001 ], [ -123.7109, 42.8879 ], [ -123.7143, 42.8927 ], [ -123.7286, 42.888 ], [ -123.7447, 42.8966 ], [ -123.7577, 42.8953 ], [ -123.7588, 42.8996 ], [ -123.7786, 42.8908 ], [ -123.8097, 42.893 ], [ -123.8157, 42.8833 ], [ -123.8211, 42.9963 ] ] ] } },
{ "type": "Feature", "properties": { "GEOIDFQ": "1400000US41047002600", "NAME": "26", "NAMELSAD": "Census Tract 26" }, "geometry": { "type": "Polygon", "coordinates": [ [ [ -122.9222, 44.9686 ], [ -122.9312, 44.9732 ], [ -122.9237, 44.9795 ], [ -122.9343, 44.9869 ], [ -122.9343, 45.0025 ], [ -122.9211, 45.0101 ], [ -122.9171, 45.0289 ], [ -122.9034, 45.0336 ], [ -122.8921, 45.049 ], [ -122.8566, 45.0727 ], [ -122.8433, 45.0736 ], [ -122.8365, 45.0677 ], [ -122.8411, 45.0646 ], [ -122.8394, 45.0616 ], [ -122.8283, 45.0682 ], [ -122.828, 45.0606 ], [ -122.8383, 45.0555 ], [ -122.8229, 45.0497 ], [ -122.8343, 45.0416 ], [ -122.8305, 45.0323 ], [ -122.8377, 45.0279 ], [ -122.8409, 45.0 ], [ -122.8482, 44.9963 ], [ -122.8339, 44.9834 ], [ -122.8426, 44.9711 ], [ -122.8535, 44.9691 ], [ -122.8476, 44.965 ], [ -122.8726, 44.9529 ], [ -122.8607, 44.9381 ], [ -122.8361, 44.9301 ], [ -122.8187, 44.9143 ], [ -122.8487, 44.9182 ], [ -122.8691, 44.9296 ], [ -122.933, 44.927 ], [ -122.9299, 44.9559 ], [ -122.9353, 44.9576 ], [ -122.9222, 44.9686 ] ] ] } },
{ "type": "Feature", "properties": { "GEOIDFQ": "1400000US41047010303", "NAME": "103.03", "NAMELSAD": "Census Tract 103.03" }, "geometry": { "type": "Polygon", "coordinates": [ [ [ -122.9419, 45.1744 ], [ -122.9163, 45.1953 ], [ -122.9195, 45.2008 ], [ -122.9113, 45.2094 ], [ -122.8632, 45.1961 ], [ -122.8688, 45.1881 ], [ -122.8596, 45.1864 ], [ -122.8606, 45.1811 ], [ -122.8961, 45.1548 ], [ -122.897, 45.1506 ], [ -122.8805, 45.1511 ], [ -122.8974, 45.1331 ], [ -122.8651, 45.1359 ], [ -122.872, 45.1244 ], [ -122.8555, 45.1241 ], [ -122.8448, 45.1361 ], [ -122.8361, 45.1364 ], [ -122.8202, 45.1262 ], [ -122.8249, 45.1055 ], [ -122.8395, 45.1083 ], [ -122.8306, 45.102 ], [ -122.8278, 45.0878 ], [ -122.8378, 45.0867 ], [ -122.8305, 45.0845 ], [ -122.8513, 45.0818 ], [ -122.8449, 45.0778 ], [ -122.8544, 45.0784 ], [ -122.8574, 45.0747 ], [ -122.8511, 45.0754 ], [ -122.8591, 45.071 ], [ -122.8665, 45.0787 ], [ -122.9018, 45.0801 ], [ -122.9484, 45.0886 ], [ -122.9495, 45.0959 ], [ -122.977, 45.0966 ], [ -122.9419, 45.1744 ] ] ] } },
{ "type": "Feature", "properties": { "GEOIDFQ": "1400000US41047010503", "NAME": "105.03", "NAMELSAD": "Census Tract 105.03" }, "geometry": { "type": "Polygon", "coordinates": [ [ [ -122.8476, 44.965 ], [ -122.8535, 44.9691 ], [ -122.8426, 44.9711 ], [ -122.8339, 44.9834 ], [ -122.8482, 44.9963 ], [ -122.8409, 45.0 ], [ -122.8433, 45.0096 ], [ -122.8323, 45.0361 ], [ -122.8063, 45.0384 ], [ -122.8054, 45.0315 ], [ -122.7953, 45.0307 ], [ -122.7606, 45.0366 ], [ -122.768, 45.022 ], [ -122.7847, 45.0218 ], [ -122.7792, 45.0087 ], [ -122.7893, 44.999 ], [ -122.7607, 44.9783 ], [ -122.7541, 44.9638 ], [ -122.7385, 44.962 ], [ -122.7298, 44.9487 ], [ -122.731, 44.9307 ], [ -122.7234, 44.9295 ], [ -122.7209, 44.919 ], [ -122.7029, 44.9145 ], [ -122.7037, 44.898 ], [ -122.7195, 44.8837 ], [ -122.7196, 44.8753 ], [ -122.7497, 44.9232 ], [ -122.7561, 44.9241 ], [ -122.7554, 44.9162 ], [ -122.8187, 44.9143 ], [ -122.8361, 44.9301 ], [ -122.8607, 44.9381 ], [ -122.8726, 44.9529 ], [ -122.8476, 44.965 ] ] ] } },
{ "type": "Feature", "properties": { "GEOIDFQ": "1400000US41043020200", "NAME": "202", "NAMELSAD": "Census Tract 202" }, "geometry": { "type": "Polygon", "coordinates": [ [ [ -123.1355, 44.59 ], [ -123.1378, 44.5982 ], [ -123.1133, 44.5968 ], [ -123.1098, 44.5892 ], [ -123.069, 44.5891 ], [ -123.0621, 44.5852 ], [ -123.062, 44.5558 ], [ -123.1349, 44.561 ], [ -123.1452, 44.5836 ], [ -123.1355, 44.59 ] ] ] } },
{ "type": "Feature", "properties": { "GEOIDFQ": "1400000US41043020300", "NAME": "203", "NAMELSAD": "Census Tract 203" }, "geometry": { "type": "Polygon", "coordinates": [ [ [ -123.1307, 44.6326 ], [ -123.1068, 44.634 ], [ -123.1133, 44.5968 ], [ -123.1345, 44.5972 ], [ -123.1252, 44.6088 ], [ -123.129, 44.6205 ], [ -123.138, 44.6244 ], [ -123.1307, 44.6326 ] ] ] } },
{ "type": "Feature", "properties": { "GEOIDFQ": "1400000US41043030903", "NAME": "309.03", "NAMELSAD": "Census Tract 309.03" }, "geometry": { "type": "Polygon", "coordinates": [ [ [ -122.9227, 44.5213 ], [ -122.916, 44.5213 ], [ -122.9156, 44.5364 ], [ -122.9071, 44.5364 ], [ -122.907, 44.5231 ], [ -122.8902, 44.5085 ], [ -122.8906, 44.4985 ], [ -122.9051, 44.5006 ], [ -122.9272, 44.5135 ], [ -122.9227, 44.5213 ] ] ] } },
{ "type": "Feature", "properties": { "GEOIDFQ": "1400000US41043030904", "NAME": "309.04", "NAMELSAD": "Census Tract 309.04" }, "geometry": { "type": "Polygon", "coordinates": [ [ [ -122.9071, 44.5355 ], [ -122.8875, 44.5396 ], [ -122.881, 44.5209 ], [ -122.8638, 44.5174 ], [ -122.8562, 44.5082 ], [ -122.8834, 44.5081 ], [ -122.8779, 44.5067 ], [ -122.8827, 44.5023 ], [ -122.9071, 44.524 ], [ -122.9071, 44.5355 ] ] ] } },
{ "type": "Feature", "properties": { "GEOIDFQ": "1400000US41043020700", "NAME": "207", "NAMELSAD": "Census Tract 207" }, "geometry": { "type": "Polygon", "coordinates": [ [ [ -123.0829, 44.615 ], [ -123.0797, 44.5881 ], [ -123.1098, 44.5892 ], [ -123.1137, 44.61 ], [ -123.0829, 44.615 ] ] ] } },
{ "type": "Feature", "properties": { "GEOIDFQ": "1400000US41043030401", "NAME": "304.01", "NAMELSAD": "Census Tract 304.01" }, "geometry": { "type": "Polygon", "coordinates": [ [ [ -122.8081, 44.4423 ], [ -122.8074, 44.4567 ], [ -122.7972, 44.4601 ], [ -122.8103, 44.4752 ], [ -122.7989, 44.4768 ], [ -122.7896, 44.4754 ], [ -122.7887, 44.4689 ], [ -122.778, 44.4682 ], [ -122.7729, 44.4613 ], [ -122.7437, 44.4656 ], [ -122.7449, 44.4388 ], [ -122.7253, 44.432 ], [ -122.68, 44.431 ], [ -122.6776, 44.4225 ], [ -122.6679, 44.4201 ], [ -122.6822, 44.4127 ], [ -122.7078, 44.4159 ], [ -122.7074, 44.3988 ], [ -122.7405, 44.3959 ], [ -122.7344, 44.3881 ], [ -122.7482, 44.3783 ], [ -122.7539, 44.3616 ], [ -122.7865, 44.3503 ], [ -122.8251, 44.3633 ], [ -122.8247, 44.3714 ], [ -122.817, 44.3751 ], [ -122.8237, 44.3947 ], [ -122.817, 44.4022 ], [ -122.8209, 44.4094 ], [ -122.8129, 44.422 ], [ -122.8007, 44.424 ], [ -122.8003, 44.4321 ], [ -122.8297, 44.4308 ], [ -122.8306, 44.4378 ], [ -122.8081, 44.4423 ] ] ] } },
{ "type": "Feature", "properties": { "GEOIDFQ": "1400000US41043020500", "NAME": "205", "NAMELSAD": "Census Tract 205" }, "geometry": { "type": "Polygon", "coordinates": [ [ [ -123.0689, 44.6397 ], [ -123.0625, 44.6472 ], [ -123.0622, 44.6215 ], [ -123.0833, 44.6252 ], [ -123.0835, 44.6342 ], [ -123.0689, 44.6397 ] ] ] } },
{ "type": "Feature", "properties": { "GEOIDFQ": "1400000US41043030500", "NAME": "305", "NAMELSAD": "Census Tract 305" }, "geometry": { "type": "Polygon", "coordinates": [ [ [ -123.0091, 44.5049 ], [ -123.0089, 44.4976 ], [ -122.9888, 44.4975 ], [ -122.9884, 44.4812 ], [ -122.9541, 44.4818 ], [ -122.9572, 44.4733 ], [ -122.9315, 44.4493 ], [ -122.9019, 44.4449 ], [ -122.876, 44.4799 ], [ -122.8517, 44.4175 ], [ -122.8323, 44.4305 ], [ -122.8003, 44.4321 ], [ -122.8007, 44.424 ], [ -122.8129, 44.422 ], [ -122.8209, 44.4094 ], [ -122.817, 44.4022 ], [ -122.8237, 44.3947 ], [ -122.817, 44.3751 ], [ -122.8248, 44.3713 ], [ -122.8227, 44.3617 ], [ -122.8345, 44.3629 ], [ -122.8418, 44.3577 ], [ -122.85, 44.3621 ], [ -122.8603, 44.3575 ], [ -122.8485, 44.3564 ], [ -122.8337, 44.3259 ], [ -122.8199, 44.3195 ], [ -122.8194, 44.2758 ], [ -122.8348, 44.2835 ], [ -122.8428, 44.2811 ], [ -122.8655, 44.2873 ], [ -122.8655, 44.259 ], [ -122.904, 44.2591 ], [ -122.9058, 44.2007 ], [ -123.0609, 44.2001 ], [ -123.062, 44.5048 ], [ -123.0091, 44.5049 ] ] ] } },
{ "type": "Feature", "properties": { "GEOIDFQ": "1400000US41043030600", "NAME": "306", "NAMELSAD": "Census Tract 306" }, "geometry": { "type": "Polygon", "coordinates": [ [ [ -123.2418, 44.5446 ], [ -123.251, 44.552 ], [ -123.2502, 44.5595 ], [ -123.2414, 44.5629 ], [ -123.2388, 44.5508 ], [ -123.2294, 44.5494 ], [ -123.2358, 44.5418 ], [ -123.2132, 44.5362 ], [ -123.2036, 44.5269 ], [ -123.2124, 44.5142 ], [ -123.1558, 44.5123 ], [ -123.1545, 44.4978 ], [ -123.128, 44.4977 ], [ -123.12, 44.4904 ], [ -123.0968, 44.4909 ], [ -123.0994, 44.4703 ], [ -123.0901, 44.4709 ], [ -123.09, 44.4805 ], [ -123.0795, 44.4917 ], [ -123.0619, 44.4916 ], [ -123.0609, 44.2001 ], [ -123.1654, 44.2001 ], [ -123.1503, 44.2266 ], [ -123.1788, 44.2516 ], [ -123.1753, 44.2757 ], [ -123.1931, 44.2898 ], [ -123.1933, 44.3065 ], [ -123.2162, 44.3108 ], [ -123.2225, 44.3307 ], [ -123.2457, 44.3321 ], [ -123.2287, 44.3422 ], [ -123.2347, 44.3574 ], [ -123.2189, 44.361 ], [ -123.2452, 44.3823 ], [ -123.2236, 44.3935 ], [ -123.2293, 44.4151 ], [ -123.2194, 44.4194 ], [ -123.228, 44.4324 ], [ -123.2092, 44.4352 ], [ -123.2053, 44.444 ], [ -123.2165, 44.4685 ], [ -123.2137, 44.4784 ], [ -123.221, 44.4848 ], [ -123.2142, 44.4894 ], [ -123.2126, 44.505 ], [ -123.2381, 44.528 ], [ -123.2534, 44.5289 ], [ -123.2418, 44.5446 ] ] ] } },
{ "type": "Feature", "properties": { "GEOIDFQ": "1400000US41043030700", "NAME": "307", "NAMELSAD": "Census Tract 307" }, "geometry": { "type": "Polygon", "coordinates": [ [ [ -123.2512, 44.5746 ], [ -123.2231, 44.5844 ], [ -123.1848, 44.5875 ], [ -123.1842, 44.5943 ], [ -123.1984, 44.6019 ], [ -123.1839, 44.6092 ], [ -123.1818, 44.619 ], [ -123.1701, 44.6227 ], [ -123.1685, 44.6357 ], [ -123.1125, 44.6406 ], [ -123.1127, 44.635 ], [ -123.1307, 44.6326 ], [ -123.138, 44.6244 ], [ -123.129, 44.6205 ], [ -123.1252, 44.6088 ], [ -123.1398, 44.5963 ], [ -123.1358, 44.5896 ], [ -123.1452, 44.5876 ], [ -123.1388, 44.5639 ], [ -123.0775, 44.5558 ], [ -123.0123, 44.5556 ], [ -123.0091, 44.5049 ], [ -123.062, 44.5048 ], [ -123.0619, 44.4916 ], [ -123.0795, 44.4917 ], [ -123.09, 44.4805 ], [ -123.0901, 44.4709 ], [ -123.0994, 44.4703 ], [ -123.0968, 44.4909 ], [ -123.12, 44.4904 ], [ -123.128, 44.4977 ], [ -123.1545, 44.4978 ], [ -123.1558, 44.5123 ], [ -123.2124, 44.5142 ], [ -123.2036, 44.5269 ], [ -123.2132, 44.5362 ], [ -123.2358, 44.5418 ], [ -123.2294, 44.5494 ], [ -123.2388, 44.5508 ], [ -123.2395, 44.5623 ], [ -123.2479, 44.5619 ], [ -123.251, 44.552 ], [ -123.2608, 44.5575 ], [ -123.2512, 44.5746 ] ] ] } },
{ "type": "Feature", "properties": { "GEOIDFQ": "1400000US41043030100", "NAME": "301", "NAMELSAD": "Census Tract 301" }, "geometry": { "type": "Polygon", "coordinates": [ [ [ -122.9963, 44.689 ], [ -122.9962, 44.6957 ], [ -122.9752, 44.6979 ], [ -122.9714, 44.7104 ], [ -122.9576, 44.721 ], [ -122.9334, 44.7161 ], [ -122.8976, 44.745 ], [ -122.8814, 44.7257 ], [ -122.8052, 44.7267 ], [ -122.8043, 44.6652 ], [ -122.7838, 44.6644 ], [ -122.7666, 44.6584 ], [ -122.755, 44.6464 ], [ -122.7434, 44.6461 ], [ -122.7435, 44.6194 ], [ -122.7207, 44.6049 ], [ -122.7206, 44.5868 ], [ -122.7588, 44.579 ], [ -122.7588, 44.5626 ], [ -122.8093, 44.5772 ], [ -122.8097, 44.5662 ], [ -122.8356, 44.5613 ], [ -122.8721, 44.5645 ], [ -122.8696, 44.5759 ], [ -122.8732, 44.5829 ], [ -122.8758, 44.5839 ], [ -122.88, 44.5703 ], [ -122.8885, 44.5725 ], [ -122.8882, 44.5875 ], [ -122.8982, 44.5877 ], [ -122.8987, 44.6011 ], [ -122.906, 44.6042 ], [ -122.9454, 44.6037 ], [ -122.9465, 44.5965 ], [ -122.9874, 44.5969 ], [ -122.9879, 44.6296 ], [ -122.9822, 44.6296 ], [ -122.972, 44.6563 ], [ -123.0068, 44.6869 ], [ -122.9963, 44.689 ] ] ] } },
{ "type": "Feature", "properties": { "GEOIDFQ": "1400000US41043020400", "NAME": "204", "NAMELSAD": "Census Tract 204" }, "geometry": { "type": "Polygon", "coordinates": [ [ [ -123.1106, 44.6397 ], [ -123.0787, 44.6465 ], [ -123.0662, 44.6419 ], [ -123.1045, 44.6297 ], [ -123.1106, 44.6397 ] ] ] } },
{ "type": "Feature", "properties": { "GEOIDFQ": "1400000US41011001101", "NAME": "11.01", "NAMELSAD": "Census Tract 11.01" }, "geometry": { "type": "Polygon", "coordinates": [ [ [ -124.218, 42.9968 ], [ -124.2205, 43.0047 ], [ -124.2024, 43.018 ], [ -124.2118, 43.0261 ], [ -124.2185, 43.0559 ], [ -124.1865, 43.044 ], [ -124.1894, 43.0498 ], [ -124.1813, 43.0558 ], [ -124.1594, 43.053 ], [ -124.1472, 43.0657 ], [ -124.139, 43.0647 ], [ -124.114, 43.0329 ], [ -124.087, 43.0466 ], [ -124.0686, 43.0668 ], [ -124.038, 43.0621 ], [ -124.0316, 43.0706 ], [ -124.0107, 43.0747 ], [ -123.9889, 43.0938 ], [ -123.977, 43.0855 ], [ -123.9327, 43.0977 ], [ -123.9139, 43.096 ], [ -123.893, 43.1224 ], [ -123.8799, 43.1175 ], [ -123.8662, 43.1196 ], [ -123.8678, 43.1089 ], [ -123.86, 43.1048 ], [ -123.8528, 43.1084 ], [ -123.8391, 43.0943 ], [ -123.8042, 43.0797 ], [ -123.7623, 43.0878 ], [ -123.759, 43.0962 ], [ -123.7254, 43.0974 ], [ -123.725, 43.1095 ], [ -123.7132, 43.1083 ], [ -123.7099, 43.1145 ], [ -123.7021, 43.1139 ], [ -123.7071, 43.0835 ], [ -123.7613, 43.0832 ], [ -123.7616, 42.9963 ], [ -123.8211, 42.9963 ], [ -123.8204, 42.8241 ], [ -123.8118, 42.8241 ], [ -123.8116, 42.7888 ], [ -123.8499, 42.789 ], [ -123.8499, 42.7818 ], [ -123.8683, 42.7819 ], [ -123.8685, 42.7748 ], [ -123.9257, 42.7745 ], [ -123.9259, 42.7397 ], [ -123.9373, 42.7397 ], [ -123.9373, 42.7291 ], [ -123.957, 42.7291 ], [ -123.957, 42.7146 ], [ -123.9766, 42.7146 ], [ -123.9767, 42.7001 ], [ -123.9963, 42.7001 ], [ -123.9963, 42.6857 ], [ -124.0899, 42.6855 ], [ -124.0899, 42.6782 ], [ -124.1192, 42.6783 ], [ -124.1192, 42.6711 ], [ -124.1281, 42.6711 ], [ -124.128, 42.6667 ], [ -124.1387, 42.6711 ], [ -124.1387, 42.74 ], [ -124.16, 42.7399 ], [ -124.1602, 42.7901 ], [ -124.1649, 42.79 ], [ -124.1649, 42.8178 ], [ -124.1601, 42.8178 ], [ -124.1607, 42.8283 ], [ -124.1412, 42.8285 ], [ -124.1415, 42.8506 ], [ -124.1463, 42.8505 ], [ -124.1464, 42.8621 ], [ -124.1621, 42.8697 ], [ -124.1613, 42.8835 ], [ -124.1807, 42.8824 ], [ -124.19, 42.8967 ], [ -124.2142, 42.904 ], [ -124.2097, 42.9182 ], [ -124.2194, 42.9182 ], [ -124.2196, 42.9338 ], [ -124.2394, 42.9338 ], [ -124.2391, 42.9409 ], [ -124.2533, 42.9438 ], [ -124.2584, 42.9549 ], [ -124.2693, 42.9549 ], [ -124.2725, 42.986 ], [ -124.218, 42.9968 ] ] ] } },
{ "type": "Feature", "properties": { "GEOIDFQ": "1400000US41047001501", "NAME": "15.01", "NAMELSAD": "Census Tract 15.01" }, "geometry": { "type": "Polygon", "coordinates": [ [ [ -123.0116, 45.0177 ], [ -122.9908, 45.0165 ], [ -122.9968, 45.0054 ], [ -123.0191, 45.0053 ], [ -123.0137, 44.9969 ], [ -123.0266, 45.0016 ], [ -123.0116, 45.0177 ] ] ] } },
{ "type": "Feature", "properties": { "GEOIDFQ": "1400000US41009970201", "NAME": "9702.01", "NAMELSAD": "Census Tract 9702.01" }, "geometry": { "type": "Polygon", "coordinates": [ [ [ -123.3643, 46.1251 ], [ -123.3012, 46.1105 ], [ -123.2377, 46.1214 ], [ -123.1998, 46.1022 ], [ -123.1681, 46.1033 ], [ -123.1287, 46.0934 ], [ -123.0635, 46.0993 ], [ -123.013, 46.0917 ], [ -123.0318, 46.0588 ], [ -123.0284, 46.0036 ], [ -123.0401, 46.0013 ], [ -123.0377, 45.9906 ], [ -123.0467, 45.9749 ], [ -123.0358, 45.9495 ], [ -123.0593, 45.9425 ], [ -123.0591, 45.9316 ], [ -123.0674, 45.9288 ], [ -123.091, 45.9448 ], [ -123.1079, 45.9494 ], [ -123.1461, 45.9496 ], [ -123.162, 45.9447 ], [ -123.1649, 45.9583 ], [ -123.1866, 45.9779 ], [ -123.2099, 45.9731 ], [ -123.2491, 45.9852 ], [ -123.2639, 46.0021 ], [ -123.2859, 46.0049 ], [ -123.2954, 46.0124 ], [ -123.3149, 46.0124 ], [ -123.3183, 46.003 ], [ -123.3264, 46.0009 ], [ -123.34, 46.0091 ], [ -123.3595, 46.0112 ], [ -123.3596, 46.0394 ], [ -123.3674, 46.0395 ], [ -123.3643, 46.1251 ] ] ] } },
{ "type": "Feature", "properties": { "GEOIDFQ": "1400000US41009970202", "NAME": "9702.02", "NAMELSAD": "Census Tract 9702.02" }, "geometry": { "type": "Polygon", "coordinates": [ [ [ -123.3637, 46.1463 ], [ -123.2802, 46.1448 ], [ -123.1664, 46.189 ], [ -123.1159, 46.1853 ], [ -123.105, 46.1777 ], [ -123.1024, 46.1619 ], [ -123.0826, 46.1552 ], [ -123.073, 46.1451 ], [ -123.0581, 46.1432 ], [ -123.0473, 46.1275 ], [ -123.0491, 46.102 ], [ -123.0436, 46.0977 ], [ -123.1287, 46.0934 ], [ -123.1681, 46.1033 ], [ -123.1998, 46.1022 ], [ -123.2377, 46.1214 ], [ -123.3012, 46.1105 ], [ -123.3643, 46.1255 ], [ -123.3637, 46.1463 ] ] ] } },
{ "type": "Feature", "properties": { "GEOIDFQ": "1400000US41047010801", "NAME": "108.01", "NAMELSAD": "Census Tract 108.01" }, "geometry": { "type": "Polygon", "coordinates": [ [ [ -123.0168, 44.8242 ], [ -123.0016, 44.8175 ], [ -122.9714, 44.817 ], [ -122.9684, 44.8212 ], [ -122.917, 44.8243 ], [ -122.9181, 44.8388 ], [ -122.9068, 44.8387 ], [ -122.9056, 44.8456 ], [ -122.8821, 44.8557 ], [ -122.8661, 44.8531 ], [ -122.865, 44.7583 ], [ -122.8982, 44.7447 ], [ -122.9337, 44.7159 ], [ -122.9573, 44.7211 ], [ -122.9727, 44.708 ], [ -122.9731, 44.7089 ], [ -122.9677, 44.7326 ], [ -122.9446, 44.7377 ], [ -122.9382, 44.7633 ], [ -123.0234, 44.7702 ], [ -123.0345, 44.7934 ], [ -123.0168, 44.8242 ] ] ] } },
{ "type": "Feature", "properties": { "GEOIDFQ": "1400000US41011000702", "NAME": "7.02", "NAMELSAD": "Census Tract 7.02" }, "geometry": { "type": "Polygon", "coordinates": [ [ [ -124.2541, 43.3161 ], [ -124.2565, 43.3387 ], [ -124.2274, 43.3402 ], [ -124.2196, 43.3482 ], [ -124.2233, 43.3525 ], [ -124.2121, 43.353 ], [ -124.2071, 43.3622 ], [ -124.1964, 43.3626 ], [ -124.192, 43.3339 ], [ -124.2047, 43.3252 ], [ -124.2023, 43.3117 ], [ -124.2102, 43.3069 ], [ -124.2086, 43.3009 ], [ -124.222, 43.2892 ], [ -124.2395, 43.2898 ], [ -124.2593, 43.2805 ], [ -124.264, 43.2942 ], [ -124.2541, 43.3161 ] ] ] } },
{ "type": "Feature", "properties": { "GEOIDFQ": "1400000US41011001102", "NAME": "11.02", "NAMELSAD": "Census Tract 11.02" }, "geometry": { "type": "Polygon", "coordinates": [ [ [ -124.3492, 43.1348 ], [ -124.3382, 43.1377 ], [ -124.3223, 43.1318 ], [ -124.3166, 43.1121 ], [ -124.2883, 43.1152 ], [ -124.2759, 43.0984 ], [ -124.272, 43.1025 ], [ -124.2344, 43.1041 ], [ -124.2071, 43.123 ], [ -124.2012, 43.1191 ], [ -124.1906, 43.1243 ], [ -124.1801, 43.1224 ], [ -124.1623, 43.1082 ], [ -124.153, 43.1185 ], [ -124.1158, 43.1243 ], [ -124.1047, 43.1383 ], [ -124.1054, 43.1498 ], [ -124.0757, 43.1523 ], [ -124.0796, 43.1619 ], [ -124.0723, 43.168 ], [ -124.0518, 43.1624 ], [ -124.0411, 43.1655 ], [ -124.0488, 43.1821 ], [ -124.0139, 43.1726 ], [ -124.0259, 43.197 ], [ -124.0162, 43.1993 ], [ -124.018, 43.2119 ], [ -124.0063, 43.2323 ], [ -123.9819, 43.233 ], [ -123.9363, 43.2499 ], [ -123.8993, 43.2482 ], [ -123.8666, 43.2595 ], [ -123.8601, 43.2678 ], [ -123.8395, 43.2569 ], [ -123.8335, 43.2612 ], [ -123.8053, 43.2592 ], [ -123.7954, 43.268 ], [ -123.7941, 43.2638 ], [ -123.7745, 43.2712 ], [ -123.7661, 43.2671 ], [ -123.7644, 43.2581 ], [ -123.7048, 43.2577 ], [ -123.7021, 43.1139 ], [ -123.7099, 43.1145 ], [ -123.7132, 43.1083 ], [ -123.725, 43.1095 ], [ -123.723, 43.0984 ], [ -123.759, 43.0962 ], [ -123.7623, 43.0878 ], [ -123.775, 43.0835 ], [ -123.8155, 43.0824 ], [ -123.8211, 43.0901 ], [ -123.8393, 43.0944 ], [ -123.8528, 43.1084 ], [ -123.86, 43.1048 ], [ -123.8678, 43.1089 ], [ -123.8662, 43.1196 ], [ -123.8799, 43.1175 ], [ -123.893, 43.1224 ], [ -123.9139, 43.096 ], [ -123.9327, 43.0977 ], [ -123.977, 43.0855 ], [ -123.9889, 43.0938 ], [ -124.0107, 43.0747 ], [ -124.0316, 43.0706 ], [ -124.038, 43.0621 ], [ -124.0686, 43.0668 ], [ -124.087, 43.0466 ], [ -124.1138, 43.0329 ], [ -124.139, 43.0647 ], [ -124.1472, 43.0657 ], [ -124.1594, 43.053 ], [ -124.1813, 43.0558 ], [ -124.1894, 43.0498 ], [ -124.1865, 43.044 ], [ -124.2185, 43.0559 ], [ -124.2118, 43.0261 ], [ -124.2024, 43.0178 ], [ -124.2205, 43.0047 ], [ -124.2181, 42.9967 ], [ -124.2286, 42.9942 ], [ -124.2482, 43.003 ], [ -124.2588, 43.0257 ], [ -124.2915, 43.0477 ], [ -124.3107, 43.0743 ], [ -124.3309, 43.0758 ], [ -124.3339, 43.0875 ], [ -124.3268, 43.0987 ], [ -124.3506, 43.1268 ], [ -124.3492, 43.1348 ] ] ] } },
{ "type": "Feature", "properties": { "GEOIDFQ": "1400000US41011000901", "NAME": "9.01", "NAMELSAD": "Census Tract 9.01" }, "geometry": { "type": "Polygon", "coordinates": [ [ [ -124.1822, 43.1936 ], [ -124.164, 43.1965 ], [ -124.1558, 43.2078 ], [ -124.1316, 43.2058 ], [ -124.1258, 43.197 ], [ -124.1181, 43.1995 ], [ -124.103, 43.1944 ], [ -124.084, 43.2012 ], [ -124.077, 43.2152 ], [ -124.0673, 43.2061 ], [ -124.0599, 43.2101 ], [ -124.0299, 43.2036 ], [ -124.0137, 43.1729 ], [ -124.0488, 43.1821 ], [ -124.0411, 43.1655 ], [ -124.0518, 43.1624 ], [ -124.0723, 43.168 ], [ -124.0796, 43.1619 ], [ -124.0757, 43.1523 ], [ -124.1054, 43.1498 ], [ -124.1047, 43.1383 ], [ -124.1158, 43.1243 ], [ -124.1422, 43.1222 ], [ -124.1618, 43.1094 ], [ -124.1743, 43.1211 ], [ -124.1765, 43.1566 ], [ -124.1837, 43.1592 ], [ -124.1908, 43.1753 ], [ -124.1822, 43.1936 ] ] ] } },
{ "type": "Feature", "properties": { "GEOIDFQ": "1400000US41011001001", "NAME": "10.01", "NAMELSAD": "Census Tract 10.01" }, "geometry": { "type": "Polygon", "coordinates": [ [ [ -124.4492, 43.1264 ], [ -124.4121, 43.1236 ], [ -124.4107, 43.141 ], [ -124.3955, 43.147 ], [ -124.3982, 43.1307 ], [ -124.3903, 43.1256 ], [ -124.3953, 43.1174 ], [ -124.3849, 43.1154 ], [ -124.3806, 43.1034 ], [ -124.3937, 43.1025 ], [ -124.409, 43.1133 ], [ -124.4087, 43.1046 ], [ -124.3962, 43.0942 ], [ -124.4417, 43.0924 ], [ -124.4492, 43.1264 ] ] ] } },
{ "type": "Feature", "properties": { "GEOIDFQ": "1400000US41011000103", "NAME": "1.03", "NAMELSAD": "Census Tract 1.03" }, "geometry": { "type": "Polygon", "coordinates": [ [ [ -124.2201, 43.4402 ], [ -124.1955, 43.4646 ], [ -124.1859, 43.4664 ], [ -124.1807, 43.4834 ], [ -124.1646, 43.4821 ], [ -124.1924, 43.5188 ], [ -124.2129, 43.5157 ], [ -124.2153, 43.5358 ], [ -124.2058, 43.562 ], [ -124.1928, 43.5761 ], [ -124.1701, 43.5695 ], [ -124.1559, 43.5787 ], [ -124.1466, 43.6112 ], [ -123.979, 43.6094 ], [ -123.9822, 43.551 ], [ -123.9988, 43.5454 ], [ -123.9975, 43.5325 ], [ -124.0125, 43.5255 ], [ -124.0246, 43.5077 ], [ -124.0516, 43.5022 ], [ -124.0869, 43.4802 ], [ -124.086, 43.469 ], [ -124.0724, 43.4589 ], [ -124.0765, 43.4527 ], [ -124.0929, 43.4555 ], [ -124.1067, 43.4467 ], [ -124.111, 43.4356 ], [ -124.1469, 43.4262 ], [ -124.1715, 43.4313 ], [ -124.1951, 43.4192 ], [ -124.2172, 43.4168 ], [ -124.2201, 43.4402 ] ] ] } },
{ "type": "Feature", "properties": { "GEOIDFQ": "1400000US41011001002", "NAME": "10.02", "NAMELSAD": "Census Tract 10.02" }, "geometry": { "type": "Polygon", "coordinates": [ [ [ -124.4581, 43.0223 ], [ -124.4417, 43.0924 ], [ -124.3962, 43.0942 ], [ -124.4087, 43.1046 ], [ -124.409, 43.1133 ], [ -124.3937, 43.1025 ], [ -124.3806, 43.1034 ], [ -124.3849, 43.1154 ], [ -124.3953, 43.1174 ], [ -124.3903, 43.1256 ], [ -124.3982, 43.1307 ], [ -124.3955, 43.147 ], [ -124.4107, 43.141 ], [ -124.4121, 43.1236 ], [ -124.4492, 43.1264 ], [ -124.4277, 43.1279 ], [ -124.4028, 43.209 ], [ -124.3867, 43.2154 ], [ -124.3548, 43.2142 ], [ -124.3332, 43.2224 ], [ -124.3068, 43.2094 ], [ -124.3012, 43.1991 ], [ -124.2797, 43.1973 ], [ -124.2733, 43.1701 ], [ -124.2797, 43.1526 ], [ -124.2983, 43.1517 ], [ -124.2864, 43.1313 ], [ -124.2984, 43.1137 ], [ -124.3151, 43.1113 ], [ -124.3206, 43.1311 ], [ -124.3382, 43.1377 ], [ -124.3492, 43.1348 ], [ -124.3439, 43.1153 ], [ -124.3267, 43.0984 ], [ -124.334, 43.0819 ], [ -124.3239, 43.0721 ], [ -124.3127, 43.0753 ], [ -124.3048, 43.0695 ], [ -124.2915, 43.0477 ], [ -124.2588, 43.0257 ], [ -124.2482, 43.003 ], [ -124.2287, 42.9949 ], [ -124.2722, 42.9866 ], [ -124.2693, 42.9549 ], [ -124.4899, 42.9548 ], [ -124.4581, 43.0223 ] ] ] } },
{ "type": "Feature", "properties": { "GEOIDFQ": "1400000US41011000902", "NAME": "9.02", "NAMELSAD": "Census Tract 9.02" }, "geometry": { "type": "Polygon", "coordinates": [ [ [ -124.2897, 43.2365 ], [ -124.2854, 43.2539 ], [ -124.2674, 43.2604 ], [ -124.2567, 43.2847 ], [ -124.2338, 43.2911 ], [ -124.222, 43.2892 ], [ -124.2119, 43.3013 ], [ -124.1959, 43.2934 ], [ -124.1693, 43.2923 ], [ -124.1398, 43.2734 ], [ -124.1296, 43.2722 ], [ -124.1295, 43.2575 ], [ -124.1202, 43.2501 ], [ -124.1223, 43.2366 ], [ -124.1031, 43.2354 ], [ -124.077, 43.2152 ], [ -124.0839, 43.2013 ], [ -124.1021, 43.1945 ], [ -124.1258, 43.197 ], [ -124.1316, 43.2058 ], [ -124.1553, 43.2079 ], [ -124.1637, 43.1966 ], [ -124.1804, 43.1947 ], [ -124.1895, 43.1863 ], [ -124.1897, 43.1708 ], [ -124.1764, 43.1563 ], [ -124.1744, 43.1215 ], [ -124.1623, 43.1082 ], [ -124.1801, 43.1224 ], [ -124.1906, 43.1243 ], [ -124.2012, 43.1191 ], [ -124.2071, 43.123 ], [ -124.2344, 43.1041 ], [ -124.272, 43.1025 ], [ -124.2759, 43.0984 ], [ -124.2877, 43.1149 ], [ -124.2959, 43.1157 ], [ -124.2864, 43.1316 ], [ -124.2985, 43.151 ], [ -124.277, 43.1555 ], [ -124.2739, 43.1825 ], [ -124.2797, 43.1973 ], [ -124.3009, 43.199 ], [ -124.3071, 43.2046 ], [ -124.3077, 43.215 ], [ -124.2897, 43.2365 ] ] ] } },
{ "type": "Feature", "properties": { "GEOIDFQ": "1400000US41011000101", "NAME": "1.01", "NAMELSAD": "Census Tract 1.01" }, "geometry": { "type": "Polygon", "coordinates": [ [ [ -124.2248, 43.6109 ], [ -124.1466, 43.6112 ], [ -124.1548, 43.5802 ], [ -124.1665, 43.57 ], [ -124.1964, 43.5769 ], [ -124.205, 43.5708 ], [ -124.2138, 43.5789 ], [ -124.2278, 43.5626 ], [ -124.2388, 43.5615 ], [ -124.2248, 43.6109 ] ] ] } },
{ "type": "Feature", "properties": { "GEOIDFQ": "1400000US41011000102", "NAME": "1.02", "NAMELSAD": "Census Tract 1.02" }, "geometry": { "type": "Polygon", "coordinates": [ [ [ -124.2414, 43.5615 ], [ -124.2278, 43.5626 ], [ -124.2143, 43.5788 ], [ -124.2039, 43.5707 ], [ -124.1932, 43.5767 ], [ -124.2058, 43.562 ], [ -124.2164, 43.5235 ], [ -124.2129, 43.5157 ], [ -124.1922, 43.5187 ], [ -124.1646, 43.4821 ], [ -124.1807, 43.4834 ], [ -124.1859, 43.4664 ], [ -124.1955, 43.4646 ], [ -124.2201, 43.4402 ], [ -124.2223, 43.4266 ], [ -124.2359, 43.4267 ], [ -124.2508, 43.4497 ], [ -124.2865, 43.4571 ], [ -124.2414, 43.5615 ] ] ] } },
{ "type": "Feature", "properties": { "GEOIDFQ": "1400000US41011000701", "NAME": "7.01", "NAMELSAD": "Census Tract 7.01" }, "geometry": { "type": "Polygon", "coordinates": [ [ [ -124.2423, 43.3596 ], [ -124.2225, 43.366 ], [ -124.227, 43.3831 ], [ -124.218, 43.3877 ], [ -124.2078, 43.3742 ], [ -124.2102, 43.3543 ], [ -124.2233, 43.3525 ], [ -124.2196, 43.3482 ], [ -124.2274, 43.3402 ], [ -124.263, 43.3397 ], [ -124.2423, 43.3596 ] ] ] } },
{ "type": "Feature", "properties": { "GEOIDFQ": "1400000US41033361101", "NAME": "3611.01", "NAMELSAD": "Census Tract 3611.01" }, "geometry": { "type": "Polygon", "coordinates": [ [ [ -123.3834, 42.4382 ], [ -123.3625, 42.4271 ], [ -123.349, 42.4263 ], [ -123.3509, 42.4006 ], [ -123.3568, 42.4153 ], [ -123.3766, 42.4151 ], [ -123.3765, 42.4295 ], [ -123.412, 42.4305 ], [ -123.3834, 42.4382 ] ] ] } },
{ "type": "Feature", "properties": { "GEOIDFQ": "1400000US41011000505", "NAME": "5.05", "NAMELSAD": "Census Tract 5.05" }, "geometry": { "type": "Polygon", "coordinates": [ [ [ -124.2841, 43.3955 ], [ -124.249, 43.3916 ], [ -124.2412, 43.3799 ], [ -124.2631, 43.3763 ], [ -124.2653, 43.3833 ], [ -124.2869, 43.3844 ], [ -124.2841, 43.3955 ] ] ] } },
{ "type": "Feature", "properties": { "GEOIDFQ": "1400000US41011000506", "NAME": "5.06", "NAMELSAD": "Census Tract 5.06" }, "geometry": { "type": "Polygon", "coordinates": [ [ [ -124.2879, 43.3895 ], [ -124.2869, 43.3844 ], [ -124.2653, 43.3833 ], [ -124.2631, 43.3763 ], [ -124.2432, 43.3765 ], [ -124.2614, 43.3668 ], [ -124.263, 43.3397 ], [ -124.286, 43.3509 ], [ -124.294, 43.3445 ], [ -124.3031, 43.3478 ], [ -124.3067, 43.3707 ], [ -124.2879, 43.3895 ] ] ] } },
{ "type": "Feature", "properties": { "GEOIDFQ": "1400000US41011000402", "NAME": "4.02", "NAMELSAD": "Census Tract 4.02" }, "geometry": { "type": "Polygon", "coordinates": [ [ [ -124.2393, 43.4066 ], [ -124.2392, 43.3916 ], [ -124.2262, 43.3877 ], [ -124.2488, 43.384 ], [ -124.2489, 43.3985 ], [ -124.2588, 43.4071 ], [ -124.2393, 43.4066 ] ] ] } },
{ "type": "Feature", "properties": { "GEOIDFQ": "1400000US41011000401", "NAME": "4.01", "NAMELSAD": "Census Tract 4.01" }, "geometry": { "type": "Polygon", "coordinates": [ [ [ -124.2199, 43.426 ], [ -124.2191, 43.408 ], [ -124.2588, 43.4071 ], [ -124.2591, 43.4233 ], [ -124.2199, 43.426 ] ] ] } },
{ "type": "Feature", "properties": { "GEOIDFQ": "1400000US41005024401", "NAME": "244.01", "NAMELSAD": "Census Tract 244.01" }, "geometry": { "type": "Polygon", "coordinates": [ [ [ -122.7437, 45.3321 ], [ -122.7439, 45.3167 ], [ -122.7527, 45.3032 ], [ -122.7563, 45.3204 ], [ -122.7437, 45.3321 ] ] ] } },
{ "type": "Feature", "properties": { "GEOIDFQ": "1400000US41005022501", "NAME": "225.01", "NAMELSAD": "Census Tract 225.01" }, "geometry": { "type": "Polygon", "coordinates": [ [ [ -122.6023, 45.3527 ], [ -122.6049, 45.3364 ], [ -122.6229, 45.3373 ], [ -122.6229, 45.3428 ], [ -122.6175, 45.3448 ], [ -122.617, 45.3472 ], [ -122.6274, 45.3472 ], [ -122.6023, 45.3527 ] ] ] } },
{ "type": "Feature", "properties": { "GEOIDFQ": "1400000US41033361202", "NAME": "3612.02", "NAMELSAD": "Census Tract 3612.02" }, "geometry": { "type": "Polygon", "coordinates": [ [ [ -123.3502, 42.4204 ], [ -123.3207, 42.4277 ], [ -123.3208, 42.4138 ], [ -123.3396, 42.4135 ], [ -123.3473, 42.3937 ], [ -123.3502, 42.4204 ] ] ] } },
{ "type": "Feature", "properties": { "GEOIDFQ": "1400000US41033361301", "NAME": "3613.01", "NAMELSAD": "Census Tract 3613.01" }, "geometry": { "type": "Polygon", "coordinates": [ [ [ -123.3671, 42.3651 ], [ -123.3524, 42.4038 ], [ -123.3473, 42.3937 ], [ -123.3398, 42.4134 ], [ -123.3259, 42.4159 ], [ -123.3067, 42.4123 ], [ -123.3053, 42.408 ], [ -123.3025, 42.4124 ], [ -123.3125, 42.3848 ], [ -123.3202, 42.3761 ], [ -123.3349, 42.372 ], [ -123.333, 42.3439 ], [ -123.3419, 42.3445 ], [ -123.3545, 42.3346 ], [ -123.3782, 42.3579 ], [ -123.3671, 42.3651 ] ] ] } },
{ "type": "Feature", "properties": { "GEOIDFQ": "1400000US41033361201", "NAME": "3612.01", "NAMELSAD": "Census Tract 3612.01" }, "geometry": { "type": "Polygon", "coordinates": [ [ [ -123.3201, 42.4298 ], [ -123.3035, 42.4228 ], [ -123.2852, 42.4262 ], [ -123.3052, 42.408 ], [ -123.3067, 42.4123 ], [ -123.3208, 42.4138 ], [ -123.3201, 42.4298 ] ] ] } },
{ "type": "Feature", "properties": { "GEOIDFQ": "1400000US41033360703", "NAME": "3607.03", "NAMELSAD": "Census Tract 3607.03" }, "geometry": { "type": "Polygon", "coordinates": [ [ [ -123.3521, 42.4352 ], [ -123.3302, 42.4338 ], [ -123.3499, 42.4262 ], [ -123.3702, 42.4332 ], [ -123.3521, 42.4352 ] ] ] } },
{ "type": "Feature", "properties": { "GEOIDFQ": "1400000US41033360602", "NAME": "3606.02", "NAMELSAD": "Census Tract 3606.02" }, "geometry": { "type": "Polygon", "coordinates": [ [ [ -123.3696, 42.4842 ], [ -123.3697, 42.4949 ], [ -123.3647, 42.4942 ], [ -123.3553, 42.4801 ], [ -123.3323, 42.4689 ], [ -123.3343, 42.4412 ], [ -123.3668, 42.4499 ], [ -123.3634, 42.4644 ], [ -123.3769, 42.4841 ], [ -123.3696, 42.4842 ] ] ] } },
{ "type": "Feature", "properties": { "GEOIDFQ": "1400000US41033361302", "NAME": "3613.02", "NAMELSAD": "Census Tract 3613.02" }, "geometry": { "type": "Polygon", "coordinates": [ [ [ -123.3197, 42.3766 ], [ -123.3002, 42.4158 ], [ -123.2852, 42.4262 ], [ -123.2614, 42.4313 ], [ -123.2565, 42.4239 ], [ -123.2293, 42.4203 ], [ -123.2299, 42.2908 ], [ -123.2657, 42.3184 ], [ -123.2841, 42.3232 ], [ -123.297, 42.3411 ], [ -123.333, 42.3439 ], [ -123.3349, 42.372 ], [ -123.3197, 42.3766 ] ] ] } },
{ "type": "Feature", "properties": { "GEOIDFQ": "1400000US41033360601", "NAME": "3606.01", "NAMELSAD": "Census Tract 3606.01" }, "geometry": { "type": "Polygon", "coordinates": [ [ [ -123.3288, 42.4569 ], [ -123.3323, 42.4689 ], [ -123.3122, 42.4586 ], [ -123.3226, 42.4527 ], [ -123.3271, 42.4389 ], [ -123.3342, 42.445 ], [ -123.3288, 42.4569 ] ] ] } },
{ "type": "Feature", "properties": { "GEOIDFQ": "1400000US41033361601", "NAME": "3616.01", "NAMELSAD": "Census Tract 3616.01" }, "geometry": { "type": "Polygon", "coordinates": [ [ [ -123.8126, 42.1697 ], [ -123.8215, 42.194 ], [ -123.8083, 42.2173 ], [ -123.7873, 42.1922 ], [ -123.7368, 42.1894 ], [ -123.728, 42.1918 ], [ -123.7291, 42.2071 ], [ -123.7016, 42.2234 ], [ -123.6844, 42.2436 ], [ -123.6666, 42.232 ], [ -123.6531, 42.2309 ], [ -123.6471, 42.225 ], [ -123.6498, 42.1929 ], [ -123.6143, 42.1374 ], [ -123.6223, 42.1385 ], [ -123.6145, 42.1297 ], [ -123.6198, 42.1225 ], [ -123.6155, 42.0697 ], [ -123.6319, 42.0372 ], [ -123.6315, 41.9987 ], [ -123.822, 41.9956 ], [ -123.8182, 41.9988 ], [ -123.8287, 42.0023 ], [ -123.8266, 42.0091 ], [ -123.84, 42.0176 ], [ -123.8361, 42.0292 ], [ -123.8491, 42.0443 ], [ -123.822, 42.0872 ], [ -123.8392, 42.1247 ], [ -123.8585, 42.1351 ], [ -123.8126, 42.1697 ] ] ] } },
{ "type": "Feature", "properties": { "GEOIDFQ": "1400000US41033360704", "NAME": "3607.04", "NAMELSAD": "Census Tract 3607.04" }, "geometry": { "type": "Polygon", "coordinates": [ [ [ -123.3302, 42.4338 ], [ -123.2878, 42.4278 ], [ -123.3035, 42.4228 ], [ -123.3201, 42.4298 ], [ -123.3491, 42.4238 ], [ -123.3302, 42.4338 ] ] ] } },
{ "type": "Feature", "properties": { "GEOIDFQ": "1400000US41033361102", "NAME": "3611.02", "NAMELSAD": "Census Tract 3611.02" }, "geometry": { "type": "Polygon", "coordinates": [ [ [ -123.4208, 42.4276 ], [ -123.4098, 42.4296 ], [ -123.3765, 42.4295 ], [ -123.3766, 42.4152 ], [ -123.3669, 42.415 ], [ -123.3828, 42.4043 ], [ -123.3924, 42.4157 ], [ -123.4207, 42.414 ], [ -123.4208, 42.4276 ] ] ] } },
{ "type": "Feature", "properties": { "GEOIDFQ": "1400000US41033361602", "NAME": "3616.02", "NAMELSAD": "Census Tract 3616.02" }, "geometry": { "type": "Polygon", "coordinates": [ [ [ -123.6471, 42.225 ], [ -123.6367, 42.2254 ], [ -123.619, 42.2174 ], [ -123.6285, 42.2016 ], [ -123.6139, 42.2053 ], [ -123.5987, 42.1985 ], [ -123.6037, 42.1889 ], [ -123.5936, 42.192 ], [ -123.5943, 42.1875 ], [ -123.5766, 42.1869 ], [ -123.5612, 42.1944 ], [ -123.5574, 42.1914 ], [ -123.5502, 42.2048 ], [ -123.5633, 42.2171 ], [ -123.5709, 42.2616 ], [ -123.5137, 42.2722 ], [ -123.4461, 42.2643 ], [ -123.4276, 42.2406 ], [ -123.4333, 42.2237 ], [ -123.4166, 42.2173 ], [ -123.425, 42.2137 ], [ -123.411, 42.201 ], [ -123.4219, 42.1922 ], [ -123.4101, 42.1941 ], [ -123.3947, 42.211 ], [ -123.3726, 42.1967 ], [ -123.3836, 42.1983 ], [ -123.3818, 42.1888 ], [ -123.3913, 42.1825 ], [ -123.3752, 42.1554 ], [ -123.3668, 42.1681 ], [ -123.3602, 42.1579 ], [ -123.3503, 42.178 ], [ -123.3232, 42.1929 ], [ -123.3229, 42.2037 ], [ -123.2909, 42.2073 ], [ -123.2887, 42.2147 ], [ -123.2738, 42.219 ], [ -123.2748, 42.2107 ], [ -123.2862, 42.2069 ], [ -123.2739, 42.1929 ], [ -123.2869, 42.1847 ], [ -123.2788, 42.1774 ], [ -123.2694, 42.1799 ], [ -123.2444, 42.1384 ], [ -123.2376, 42.1365 ], [ -123.2389, 42.1281 ], [ -123.2311, 42.1281 ], [ -123.2311, 42.0039 ], [ -123.6315, 41.9987 ], [ -123.6319, 42.0372 ], [ -123.6155, 42.0697 ], [ -123.6198, 42.1225 ], [ -123.6145, 42.1297 ], [ -123.6223, 42.1385 ], [ -123.6143, 42.1374 ], [ -123.6513, 42.1984 ], [ -123.6471, 42.225 ] ] ] } },
{ "type": "Feature", "properties": { "GEOIDFQ": "1400000US41039002404", "NAME": "24.04", "NAMELSAD": "Census Tract 24.04" }, "geometry": { "type": "Polygon", "coordinates": [ [ [ -123.1461, 44.1157 ], [ -123.1368, 44.1157 ], [ -123.1285, 44.097 ], [ -123.1472, 44.0978 ], [ -123.1461, 44.1157 ] ] ] } },
{ "type": "Feature", "properties": { "GEOIDFQ": "1400000US41039004000", "NAME": "40", "NAMELSAD": "Census Tract 40" }, "geometry": { "type": "Polygon", "coordinates": [ [ [ -123.1132, 44.0681 ], [ -123.084, 44.058 ], [ -123.0865, 44.0535 ], [ -123.1173, 44.0626 ], [ -123.1132, 44.0681 ] ] ] } },
{ "type": "Feature", "properties": { "GEOIDFQ": "1400000US41039004200", "NAME": "42", "NAMELSAD": "Census Tract 42" }, "geometry": { "type": "Polygon", "coordinates": [ [ [ -123.1018, 44.0566 ], [ -123.1019, 44.0521 ], [ -123.1268, 44.0527 ], [ -123.1501, 44.0844 ], [ -123.1018, 44.0566 ] ] ] } },
{ "type": "Feature", "properties": { "GEOIDFQ": "1400000US41039004600", "NAME": "46", "NAMELSAD": "Census Tract 46" }, "geometry": { "type": "Polygon", "coordinates": [ [ [ -123.1177, 44.0404 ], [ -123.1013, 44.0403 ], [ -123.1013, 44.0272 ], [ -123.1111, 44.0277 ], [ -123.1177, 44.0404 ] ] ] } },
{ "type": "Feature", "properties": { "GEOIDFQ": "1400000US41039004800", "NAME": "48", "NAMELSAD": "Census Tract 48" }, "geometry": { "type": "Polygon", "coordinates": [ [ [ -123.0746, 44.04 ], [ -123.0751, 44.0242 ], [ -123.0843, 44.025 ], [ -123.0897, 44.0384 ], [ -123.0746, 44.04 ] ] ] } },
{ "type": "Feature", "properties": { "GEOIDFQ": "1400000US41039001302", "NAME": "13.02", "NAMELSAD": "Census Tract 13.02" }, "geometry": { "type": "Polygon", "coordinates": [ [ [ -123.0583, 43.7972 ], [ -123.0393, 43.7974 ], [ -123.0268, 43.7834 ], [ -122.9951, 43.7699 ], [ -122.9723, 43.7205 ], [ -122.9778, 43.7073 ], [ -122.9964, 43.7038 ], [ -123.05, 43.7205 ], [ -123.0637, 43.7613 ], [ -123.0726, 43.7665 ], [ -123.083, 43.7648 ], [ -123.0583, 43.7972 ] ] ] } },
{ "type": "Feature", "properties": { "GEOIDFQ": "1400000US41049970102", "NAME": "9701.02", "NAMELSAD": "Census Tract 9701.02" }, "geometry": { "type": "Polygon", "coordinates": [ [ [ -119.6236, 45.9056 ], [ -119.6005, 45.9195 ], [ -119.5716, 45.9255 ], [ -119.5245, 45.9086 ], [ -119.4881, 45.9064 ], [ -119.4321, 45.9183 ], [ -119.4348, 45.8022 ], [ -119.6541, 45.8389 ], [ -119.6596, 45.8464 ], [ -119.6528, 45.8528 ], [ -119.6723, 45.8567 ], [ -119.6236, 45.9056 ] ] ] } },
{ "type": "Feature", "properties": { "GEOIDFQ": "1400000US41049970101", "NAME": "9701.01", "NAMELSAD": "Census Tract 9701.01" }, "geometry": { "type": "Polygon", "coordinates": [ [ [ -119.9995, 45.8125 ], [ -119.9658, 45.8244 ], [ -119.9072, 45.8282 ], [ -119.8027, 45.8476 ], [ -119.7729, 45.8457 ], [ -119.6723, 45.8567 ], [ -119.6552, 45.8545 ], [ -119.6596, 45.8464 ], [ -119.6541, 45.8389 ], [ -119.6236, 45.8318 ], [ -119.6233, 45.6322 ], [ -119.8939, 45.6324 ], [ -119.8956, 45.6179 ], [ -119.9563, 45.6179 ], [ -119.9569, 45.6567 ], [ -119.9815, 45.6786 ], [ -119.9982, 45.6844 ], [ -119.9995, 45.8125 ] ] ] } },
{ "type": "Feature", "properties": { "GEOIDFQ": "1400000US41039002600", "NAME": "26", "NAMELSAD": "Census Tract 26" }, "geometry": { "type": "Polygon", "coordinates": [ [ [ -123.1702, 44.094 ], [ -123.1563, 44.0978 ], [ -123.1505, 44.0763 ], [ -123.1681, 44.0743 ], [ -123.1681, 44.07 ], [ -123.1735, 44.0725 ], [ -123.1702, 44.094 ] ] ] } },
{ "type": "Feature", "properties": { "GEOIDFQ": "1400000US41039002700", "NAME": "27", "NAMELSAD": "Census Tract 27" }, "geometry": { "type": "Polygon", "coordinates": [ [ [ -123.1285, 44.097 ], [ -123.1383, 44.0957 ], [ -123.1379, 44.0798 ], [ -123.1473, 44.0821 ], [ -123.1563, 44.0978 ], [ -123.1285, 44.097 ] ] ] } },
{ "type": "Feature", "properties": { "GEOIDFQ": "1400000US41039002902", "NAME": "29.02", "NAMELSAD": "Census Tract 29.02" }, "geometry": { "type": "Polygon", "coordinates": [ [ [ -123.0882, 44.0889 ], [ -123.0677, 44.0876 ], [ -123.0694, 44.0774 ], [ -123.0889, 44.0779 ], [ -123.0882, 44.0889 ] ] ] } },
{ "type": "Feature", "properties": { "GEOIDFQ": "1400000US41039003101", "NAME": "31.01", "NAMELSAD": "Census Tract 31.01" }, "geometry": { "type": "Polygon", "coordinates": [ [ [ -123.0677, 44.0876 ], [ -123.0469, 44.0841 ], [ -123.0486, 44.0696 ], [ -123.0697, 44.0699 ], [ -123.0677, 44.0876 ] ] ] } },
{ "type": "Feature", "properties": { "GEOIDFQ": "1400000US41039003500", "NAME": "35", "NAMELSAD": "Census Tract 35" }, "geometry": { "type": "Polygon", "coordinates": [ [ [ -122.9498, 44.0392 ], [ -122.9354, 44.0329 ], [ -122.9052, 43.9986 ], [ -122.9238, 44.0136 ], [ -122.9362, 44.0094 ], [ -122.9355, 44.0185 ], [ -122.9545, 44.0241 ], [ -122.9969, 44.0294 ], [ -123.011, 44.0225 ], [ -123.0255, 44.0237 ], [ -123.0274, 44.0451 ], [ -122.9498, 44.0392 ] ] ] } },
{ "type": "Feature", "properties": { "GEOIDFQ": "1400000US41051010303", "NAME": "103.03", "NAMELSAD": "Census Tract 103.03" }, "geometry": { "type": "Polygon", "coordinates": [ [ [ -122.4336, 45.5278 ], [ -122.4131, 45.5277 ], [ -122.4185, 45.5342 ], [ -122.4117, 45.5421 ], [ -122.3909, 45.5452 ], [ -122.3992, 45.5344 ], [ -122.3984, 45.5191 ], [ -122.4338, 45.52 ], [ -122.4336, 45.5278 ] ] ] } },
{ "type": "Feature", "properties": { "GEOIDFQ": "1400000US41051010304", "NAME": "103.04", "NAMELSAD": "Census Tract 103.04" }, "geometry": { "type": "Polygon", "coordinates": [ [ [ -122.4334, 45.542 ], [ -122.4117, 45.5421 ], [ -122.4185, 45.5342 ], [ -122.4131, 45.5277 ], [ -122.4336, 45.5278 ], [ -122.4334, 45.542 ] ] ] } },
{ "type": "Feature", "properties": { "GEOIDFQ": "1400000US41071030304", "NAME": "303.04", "NAMELSAD": "Census Tract 303.04" }, "geometry": { "type": "Polygon", "coordinates": [ [ [ -123.1192, 45.2582 ], [ -123.0984, 45.2747 ], [ -123.1002, 45.3001 ], [ -123.0792, 45.3211 ], [ -123.0186, 45.3167 ], [ -122.9983, 45.3105 ], [ -123.0018, 45.3037 ], [ -122.9888, 45.2975 ], [ -123.0106, 45.2952 ], [ -123.0266, 45.2832 ], [ -123.035, 45.2835 ], [ -123.027, 45.2718 ], [ -123.0163, 45.2718 ], [ -123.0401, 45.2487 ], [ -123.0698, 45.2358 ], [ -123.1023, 45.2419 ], [ -123.1086, 45.2364 ], [ -123.1225, 45.2437 ], [ -123.1192, 45.2582 ] ] ] } },
{ "type": "Feature", "properties": { "GEOIDFQ": "1400000US41071030703", "NAME": "307.03", "NAMELSAD": "Census Tract 307.03" }, "geometry": { "type": "Polygon", "coordinates": [ [ [ -123.2193, 45.2334 ], [ -123.2032, 45.228 ], [ -123.1973, 45.2334 ], [ -123.1991, 45.2093 ], [ -123.2175, 45.2091 ], [ -123.2171, 45.2139 ], [ -123.2075, 45.2158 ], [ -123.2075, 45.2256 ], [ -123.2314, 45.2298 ], [ -123.2193, 45.2334 ] ] ] } },
{ "type": "Feature", "properties": { "GEOIDFQ": "1400000US41071030704", "NAME": "307.04", "NAMELSAD": "Census Tract 307.04" }, "geometry": { "type": "Polygon", "coordinates": [ [ [ -123.2276, 45.2271 ], [ -123.2075, 45.2256 ], [ -123.2075, 45.2158 ], [ -123.2171, 45.2139 ], [ -123.2175, 45.2091 ], [ -123.2302, 45.2123 ], [ -123.2276, 45.2271 ] ] ] } },
{ "type": "Feature", "properties": { "GEOIDFQ": "1400000US41071030303", "NAME": "303.03", "NAMELSAD": "Census Tract 303.03" }, "geometry": { "type": "Polygon", "coordinates": [ [ [ -123.0266, 45.2832 ], [ -123.0106, 45.2952 ], [ -122.9866, 45.2979 ], [ -122.9788, 45.2875 ], [ -122.9849, 45.2838 ], [ -122.9751, 45.276 ], [ -123.0084, 45.2598 ], [ -123.0225, 45.2652 ], [ -123.0163, 45.2718 ], [ -123.027, 45.2718 ], [ -123.0349, 45.2835 ], [ -123.0266, 45.2832 ] ] ] } },
{ "type": "Feature", "properties": { "GEOIDFQ": "1400000US41055950100", "NAME": "9501", "NAMELSAD": "Census Tract 9501" }, "geometry": { "type": "Polygon", "coordinates": [ [ [ -121.0157, 45.3071 ], [ -120.993, 45.3074 ], [ -120.981, 45.3226 ], [ -120.9731, 45.3203 ], [ -120.9722, 45.3086 ], [ -120.9582, 45.3087 ], [ -120.9461, 45.325 ], [ -120.9537, 45.3372 ], [ -120.9338, 45.3313 ], [ -120.939, 45.3466 ], [ -120.9218, 45.348 ], [ -120.9187, 45.3613 ], [ -120.9011, 45.3616 ], [ -120.8982, 45.3744 ], [ -120.8823, 45.3919 ], [ -120.867, 45.3892 ], [ -120.8629, 45.4273 ], [ -120.8494, 45.4303 ], [ -120.8658, 45.445 ], [ -120.8584, 45.4607 ], [ -120.8357, 45.4697 ], [ -120.8392, 45.4824 ], [ -120.8332, 45.4946 ], [ -120.8389, 45.5024 ], [ -120.8264, 45.515 ], [ -120.8388, 45.5159 ], [ -120.8641, 45.5287 ], [ -120.8827, 45.5276 ], [ -120.885, 45.5393 ], [ -120.8981, 45.5436 ], [ -120.9085, 45.5582 ], [ -120.8951, 45.589 ], [ -120.912, 45.6058 ], [ -120.904, 45.6181 ], [ -120.9158, 45.6412 ], [ -120.8958, 45.6429 ], [ -120.8554, 45.6717 ], [ -120.6895, 45.7157 ], [ -120.6535, 45.7372 ], [ -120.6437, 45.7223 ], [ -120.6186, 45.7214 ], [ -120.6055, 45.7139 ], [ -120.602, 45.7025 ], [ -120.5695, 45.6937 ], [ -120.5474, 45.669 ], [ -120.5298, 45.6717 ], [ -120.4893, 45.6555 ], [ -120.4922, 45.6438 ], [ -120.4795, 45.6449 ], [ -120.4864, 45.6365 ], [ -120.4683, 45.6195 ], [ -120.4405, 45.6261 ], [ -120.4442, 45.6075 ], [ -120.4327, 45.5984 ], [ -120.41, 45.5944 ], [ -120.4026, 45.5696 ], [ -120.4068, 45.5574 ], [ -120.3883, 45.5487 ], [ -120.3809, 45.5383 ], [ -120.3581, 45.5342 ], [ -120.3805, 45.5237 ], [ -120.3601, 45.5068 ], [ -120.3657, 45.4965 ], [ -120.3767, 45.493 ], [ -120.4264, 45.4984 ], [ -120.4233, 45.4837 ], [ -120.4103, 45.4805 ], [ -120.4099, 45.4703 ], [ -120.4214, 45.468 ], [ -120.4544, 45.4852 ], [ -120.4961, 45.4651 ], [ -120.4821, 45.4589 ], [ -120.4969, 45.4469 ], [ -120.4835, 45.436 ], [ -120.5012, 45.434 ], [ -120.5062, 45.4285 ], [ -120.4906, 45.4275 ], [ -120.483, 45.4205 ], [ -120.5012, 45.4187 ], [ -120.508, 45.4057 ], [ -120.528, 45.4027 ], [ -120.5185, 45.3946 ], [ -120.5326, 45.3815 ], [ -120.5127, 45.3782 ], [ -120.5345, 45.3702 ], [ -120.5336, 45.353 ], [ -120.5434, 45.346 ], [ -120.5305, 45.3395 ], [ -120.5312, 45.3319 ], [ -120.5408, 45.3283 ], [ -120.5274, 45.3246 ], [ -120.5279, 45.3184 ], [ -120.5408, 45.3115 ], [ -120.5256, 45.3057 ], [ -120.5241, 45.3001 ], [ -120.5342, 45.2949 ], [ -120.5445, 45.3035 ], [ -120.5426, 45.2864 ], [ -120.5556, 45.2812 ], [ -120.5416, 45.2788 ], [ -120.5471, 45.2629 ], [ -120.5337, 45.2591 ], [ -120.5561, 45.2511 ], [ -120.5417, 45.2324 ], [ -120.5449, 45.2224 ], [ -120.5239, 45.2215 ], [ -120.5284, 45.2165 ], [ -120.5403, 45.217 ], [ -120.5418, 45.2103 ], [ -120.5331, 45.2111 ], [ -120.5314, 45.2059 ], [ -120.506, 45.196 ], [ -120.4822, 45.1938 ], [ -120.4877, 45.1807 ], [ -120.4727, 45.1777 ], [ -120.4843, 45.1709 ], [ -120.4686, 45.1636 ], [ -120.4763, 45.1518 ], [ -120.465, 45.1442 ], [ -120.4489, 45.1432 ], [ -120.466, 45.1296 ], [ -120.4583, 45.1201 ], [ -120.4632, 45.1004 ], [ -120.4768, 45.1116 ], [ -120.4836, 45.1048 ], [ -120.5081, 45.1025 ], [ -120.5148, 45.0946 ], [ -120.5037, 45.0835 ], [ -120.7298, 45.0837 ], [ -120.7284, 45.0985 ], [ -120.7181, 45.1111 ], [ -120.7232, 45.1305 ], [ -120.7615, 45.1446 ], [ -120.7712, 45.1625 ], [ -120.8075, 45.1673 ], [ -120.8699, 45.199 ], [ -120.9003, 45.2034 ], [ -120.9196, 45.1977 ], [ -120.9191, 45.2027 ], [ -120.9285, 45.1998 ], [ -120.9312, 45.2036 ], [ -120.9404, 45.1981 ], [ -120.9534, 45.2015 ], [ -120.9538, 45.1962 ], [ -120.9845, 45.1978 ], [ -120.998, 45.2084 ], [ -121.0191, 45.2128 ], [ -121.0252, 45.2392 ], [ -121.019, 45.2695 ], [ -121.0249, 45.2752 ], [ -121.0178, 45.2847 ], [ -121.0306, 45.2863 ], [ -121.0157, 45.3071 ] ] ] } },
{ "type": "Feature", "properties": { "GEOIDFQ": "1400000US41005024402", "NAME": "244.02", "NAMELSAD": "Census Tract 244.02" }, "geometry": { "type": "Polygon", "coordinates": [ [ [ -122.7468, 45.332 ], [ -122.756, 45.3214 ], [ -122.7561, 45.3032 ], [ -122.7691, 45.303 ], [ -122.7691, 45.3311 ], [ -122.7468, 45.332 ] ] ] } },
{ "type": "Feature", "properties": { "GEOIDFQ": "1400000US41035970500", "NAME": "9705", "NAMELSAD": "Census Tract 9705" }, "geometry": { "type": "Polygon", "coordinates": [ [ [ -121.454, 42.1686 ], [ -121.4232, 42.1842 ], [ -121.4098, 42.1848 ], [ -121.4089, 42.1987 ], [ -121.3942, 42.2033 ], [ -121.3916, 42.2443 ], [ -121.4059, 42.2853 ], [ -121.4081, 42.3165 ], [ -121.3978, 42.3235 ], [ -121.3976, 42.3646 ], [ -121.3818, 42.3716 ], [ -121.3738, 42.3892 ], [ -121.3598, 42.398 ], [ -121.3547, 42.3814 ], [ -121.3363, 42.3627 ], [ -121.3086, 42.369 ], [ -121.2908, 42.3589 ], [ -121.2685, 42.3581 ], [ -121.2582, 42.3685 ], [ -121.2447, 42.358 ], [ -121.2286, 42.3568 ], [ -121.2153, 42.3428 ], [ -121.1983, 42.3492 ], [ -121.1946, 42.3651 ], [ -121.1845, 42.3739 ], [ -121.1654, 42.3759 ], [ -121.1656, 42.3823 ], [ -121.1291, 42.3954 ], [ -121.1322, 42.4061 ], [ -121.1149, 42.4309 ], [ -121.0955, 42.4245 ], [ -121.0953, 42.5008 ], [ -121.1099, 42.5165 ], [ -121.1144, 42.5407 ], [ -121.1013, 42.5564 ], [ -121.1028, 42.5761 ], [ -121.0827, 42.5987 ], [ -121.0799, 42.6294 ], [ -121.0854, 42.6387 ], [ -121.0753, 42.659 ], [ -121.1113, 42.6931 ], [ -121.137, 42.6951 ], [ -121.125, 42.7302 ], [ -121.1319, 42.7468 ], [ -120.8833, 42.7442 ], [ -120.8799, 41.9938 ], [ -121.3165, 41.9971 ], [ -121.3375, 42.0431 ], [ -121.3762, 42.0649 ], [ -121.4651, 42.0677 ], [ -121.4732, 42.0994 ], [ -121.454, 42.1686 ] ] ] } },
{ "type": "Feature", "properties": { "GEOIDFQ": "1400000US41035972000", "NAME": "9720", "NAMELSAD": "Census Tract 9720" }, "geometry": { "type": "Polygon", "coordinates": [ [ [ -121.8108, 42.2662 ], [ -121.7997, 42.2757 ], [ -121.7982, 42.3046 ], [ -121.7954, 42.2904 ], [ -121.7697, 42.2703 ], [ -121.7712, 42.2581 ], [ -121.7581, 42.2353 ], [ -121.7778, 42.2349 ], [ -121.7948, 42.2482 ], [ -121.7967, 42.2377 ], [ -121.8174, 42.2392 ], [ -121.8463, 42.282 ], [ -121.8108, 42.2662 ] ] ] } },
{ "type": "Feature", "properties": { "GEOIDFQ": "1400000US41035971800", "NAME": "9718", "NAMELSAD": "Census Tract 9718" }, "geometry": { "type": "Polygon", "coordinates": [ [ [ -121.7811, 42.2261 ], [ -121.7733, 42.2283 ], [ -121.7733, 42.2032 ], [ -121.8048, 42.2378 ], [ -121.7811, 42.2261 ] ] ] } },
{ "type": "Feature", "properties": { "GEOIDFQ": "1400000US41035970600", "NAME": "9706", "NAMELSAD": "Census Tract 9706" }, "geometry": { "type": "Polygon", "coordinates": [ [ [ -121.5462, 42.0241 ], [ -121.5418, 42.0657 ], [ -121.3762, 42.0649 ], [ -121.3375, 42.0431 ], [ -121.3165, 41.9971 ], [ -121.5194, 41.9983 ], [ -121.5523, 42.0241 ], [ -121.5462, 42.0241 ] ] ] } },
{ "type": "Feature", "properties": { "GEOIDFQ": "1400000US41035970700", "NAME": "9707", "NAMELSAD": "Census Tract 9707" }, "geometry": { "type": "Polygon", "coordinates": [ [ [ -121.8278, 42.1224 ], [ -121.8133, 42.1113 ], [ -121.6641, 42.1116 ], [ -121.678, 42.1243 ], [ -121.6799, 42.1399 ], [ -121.6333, 42.1397 ], [ -121.6235, 42.1687 ], [ -121.5964, 42.1767 ], [ -121.5652, 42.1604 ], [ -121.5503, 42.159 ], [ -121.5503, 42.1517 ], [ -121.536, 42.1517 ], [ -121.5356, 42.1371 ], [ -121.5218, 42.1371 ], [ -121.5216, 42.1259 ], [ -121.5115, 42.1258 ], [ -121.4882, 42.1036 ], [ -121.4732, 42.1039 ], [ -121.4654, 42.068 ], [ -121.5461, 42.0641 ], [ -121.5462, 42.0241 ], [ -121.5538, 42.0241 ], [ -121.5194, 41.9983 ], [ -121.8251, 42.0025 ], [ -121.8439, 42.0215 ], [ -121.8517, 42.0641 ], [ -121.8278, 42.1224 ] ] ] } },
{ "type": "Feature", "properties": { "GEOIDFQ": "1400000US41035970100", "NAME": "9701", "NAMELSAD": "Census Tract 9701" }, "geometry": { "type": "Polygon", "coordinates": [ [ [ -122.2826, 43.0677 ], [ -122.0763, 43.0677 ], [ -122.0935, 43.0758 ], [ -122.0921, 43.0868 ], [ -122.0757, 43.1259 ], [ -122.0652, 43.1357 ], [ -122.0663, 43.1528 ], [ -122.0536, 43.1578 ], [ -122.0539, 43.1729 ], [ -122.039, 43.1913 ], [ -122.0336, 43.207 ], [ -122.0407, 43.218 ], [ -122.0022, 43.2345 ], [ -121.9927, 43.2512 ], [ -121.9742, 43.2617 ], [ -121.9881, 43.2779 ], [ -122.0065, 43.2862 ], [ -122.0085, 43.3012 ], [ -121.9993, 43.309 ], [ -122.0159, 43.3242 ], [ -122.0092, 43.3319 ], [ -122.0104, 43.3447 ], [ -122.022, 43.3622 ], [ -122.0337, 43.3566 ], [ -122.03, 43.3646 ], [ -122.0562, 43.3815 ], [ -122.0628, 43.3944 ], [ -122.0571, 43.3996 ], [ -122.0812, 43.4145 ], [ -122.0916, 43.4288 ], [ -122.1016, 43.4251 ], [ -122.153, 43.4476 ], [ -122.1369, 43.4562 ], [ -122.1408, 43.4663 ], [ -122.1309, 43.4851 ], [ -122.1298, 43.5057 ], [ -122.1495, 43.5207 ], [ -122.1403, 43.5294 ], [ -122.1429, 43.537 ], [ -122.131, 43.5573 ], [ -122.0935, 43.5792 ], [ -122.0713, 43.5796 ], [ -122.0715, 43.5877 ], [ -122.0024, 43.6155 ], [ -121.333, 43.6166 ], [ -121.3324, 43.3567 ], [ -121.3485, 43.3568 ], [ -121.3492, 43.1117 ], [ -121.4378, 43.1006 ], [ -121.4664, 43.1117 ], [ -121.5129, 43.1137 ], [ -121.5123, 43.0951 ], [ -121.5498, 43.0953 ], [ -121.5546, 43.0876 ], [ -121.5992, 43.091 ], [ -121.6252, 43.0995 ], [ -121.6462, 43.098 ], [ -121.6811, 43.0853 ], [ -121.7149, 43.0963 ], [ -121.7426, 43.0868 ], [ -121.8041, 43.0813 ], [ -121.8092, 43.0671 ], [ -121.8253, 43.0649 ], [ -121.8312, 43.0154 ], [ -121.9081, 42.8451 ], [ -121.9408, 42.8089 ], [ -121.992, 42.7785 ], [ -121.9926, 42.7706 ], [ -121.9807, 42.7594 ], [ -121.9781, 42.7324 ], [ -122.0293, 42.7339 ], [ -122.041, 42.74 ], [ -122.0609, 42.7627 ], [ -122.0777, 42.8033 ], [ -122.1179, 42.8172 ], [ -122.1257, 42.8297 ], [ -122.1433, 42.837 ], [ -122.1549, 42.8589 ], [ -122.1653, 42.8611 ], [ -122.1724, 42.8714 ], [ -122.185, 42.8721 ], [ -122.1885, 42.8837 ], [ -122.2018, 42.8875 ], [ -122.2319, 42.8834 ], [ -122.2668, 42.9003 ], [ -122.2838, 42.9017 ], [ -122.2826, 43.0677 ] ] ] } },
{ "type": "Feature", "properties": { "GEOIDFQ": "1400000US41035971100", "NAME": "9711", "NAMELSAD": "Census Tract 9711" }, "geometry": { "type": "Polygon", "coordinates": [ [ [ -121.7418, 42.2525 ], [ -121.7412, 42.2643 ], [ -121.7285, 42.2562 ], [ -121.7097, 42.2865 ], [ -121.7003, 42.27 ], [ -121.6779, 42.2517 ], [ -121.6875, 42.2248 ], [ -121.6771, 42.2041 ], [ -121.6834, 42.1921 ], [ -121.698, 42.192 ], [ -121.7117, 42.2055 ], [ -121.7227, 42.2065 ], [ -121.7277, 42.2168 ], [ -121.7434, 42.2139 ], [ -121.7528, 42.2247 ], [ -121.7488, 42.2353 ], [ -121.754, 42.24 ], [ -121.7418, 42.2525 ] ] ] } },
{ "type": "Feature", "properties": { "GEOIDFQ": "1400000US41035971000", "NAME": "9710", "NAMELSAD": "Census Tract 9710" }, "geometry": { "type": "Polygon", "coordinates": [ [ [ -121.8145, 42.3861 ], [ -121.8095, 42.3834 ], [ -121.8152, 42.3983 ], [ -121.802, 42.3908 ], [ -121.8015, 42.3996 ], [ -121.7987, 42.3921 ], [ -121.7771, 42.381 ], [ -121.778, 42.3721 ], [ -121.7553, 42.3522 ], [ -121.7465, 42.336 ], [ -121.6982, 42.3353 ], [ -121.6892, 42.341 ], [ -121.669, 42.3408 ], [ -121.6689, 42.2831 ], [ -121.6449, 42.26 ], [ -121.6099, 42.2498 ], [ -121.5982, 42.2306 ], [ -121.6038, 42.1998 ], [ -121.5958, 42.1919 ], [ -121.6013, 42.1813 ], [ -121.6238, 42.1683 ], [ -121.6333, 42.1397 ], [ -121.6788, 42.1402 ], [ -121.6787, 42.1628 ], [ -121.6982, 42.1628 ], [ -121.6981, 42.1701 ], [ -121.708, 42.1733 ], [ -121.698, 42.192 ], [ -121.6834, 42.1921 ], [ -121.6771, 42.2041 ], [ -121.6875, 42.2248 ], [ -121.6779, 42.2517 ], [ -121.7041, 42.2743 ], [ -121.7029, 42.2825 ], [ -121.7105, 42.2864 ], [ -121.7113, 42.2764 ], [ -121.7212, 42.2736 ], [ -121.7285, 42.2562 ], [ -121.7411, 42.2644 ], [ -121.7418, 42.2525 ], [ -121.7578, 42.2363 ], [ -121.7695, 42.2531 ], [ -121.7697, 42.2703 ], [ -121.7954, 42.2904 ], [ -121.7982, 42.3046 ], [ -121.7997, 42.2757 ], [ -121.8108, 42.2662 ], [ -121.8546, 42.2863 ], [ -121.8831, 42.3554 ], [ -121.8145, 42.3861 ] ] ] } },
{ "type": "Feature", "properties": { "GEOIDFQ": "1400000US41053020304", "NAME": "203.04", "NAMELSAD": "Census Tract 203.04" }, "geometry": { "type": "Polygon", "coordinates": [ [ [ -123.2374, 44.8519 ], [ -123.2383, 44.8646 ], [ -123.2259, 44.8646 ], [ -123.2137, 44.856 ], [ -123.2115, 44.8384 ], [ -123.2315, 44.8346 ], [ -123.2429, 44.8498 ], [ -123.2374, 44.8519 ] ] ] } },
{ "type": "Feature", "properties": { "GEOIDFQ": "1400000US41051009603", "NAME": "96.03", "NAMELSAD": "Census Tract 96.03" }, "geometry": { "type": "Polygon", "coordinates": [ [ [ -122.4661, 45.541 ], [ -122.4567, 45.5399 ], [ -122.4552, 45.5191 ], [ -122.4654, 45.5191 ], [ -122.4661, 45.541 ] ] ] } },
{ "type": "Feature", "properties": { "GEOIDFQ": "1400000US41051009604", "NAME": "96.04", "NAMELSAD": "Census Tract 96.04" }, "geometry": { "type": "Polygon", "coordinates": [ [ [ -122.4661, 45.5402 ], [ -122.4654, 45.5191 ], [ -122.4771, 45.5192 ], [ -122.4773, 45.5429 ], [ -122.4661, 45.5402 ] ] ] } },
{ "type": "Feature", "properties": { "GEOIDFQ": "1400000US41051009605", "NAME": "96.05", "NAMELSAD": "Census Tract 96.05" }, "geometry": { "type": "Polygon", "coordinates": [ [ [ -122.4957, 45.5427 ], [ -122.4773, 45.5429 ], [ -122.4771, 45.5264 ], [ -122.4964, 45.5271 ], [ -122.4957, 45.5427 ] ] ] } },
{ "type": "Feature", "properties": { "GEOIDFQ": "1400000US41051009502", "NAME": "95.02", "NAMELSAD": "Census Tract 95.02" }, "geometry": { "type": "Polygon", "coordinates": [ [ [ -122.5192, 45.5542 ], [ -122.5177, 45.5447 ], [ -122.5365, 45.5473 ], [ -122.5382, 45.5573 ], [ -122.5192, 45.5542 ] ] ] } },
{ "type": "Feature", "properties": { "GEOIDFQ": "1400000US41047002201", "NAME": "22.01", "NAMELSAD": "Census Tract 22.01" }, "geometry": { "type": "Polygon", "coordinates": [ [ [ -123.0695, 44.9114 ], [ -123.0456, 44.9126 ], [ -123.0504, 44.9047 ], [ -123.0722, 44.9057 ], [ -123.0695, 44.9114 ] ] ] } },
{ "type": "Feature", "properties": { "GEOIDFQ": "1400000US41007950200", "NAME": "9502", "NAMELSAD": "Census Tract 9502" }, "geometry": { "type": "Polygon", "coordinates": [ [ [ -123.8243, 46.1928 ], [ -123.8263, 46.1812 ], [ -123.8173, 46.1747 ], [ -123.8184, 46.1684 ], [ -123.8382, 46.1685 ], [ -123.837, 46.1797 ], [ -123.8513, 46.1942 ], [ -123.8243, 46.1928 ] ] ] } },
{ "type": "Feature", "properties": { "GEOIDFQ": "1400000US41047001402", "NAME": "14.02", "NAMELSAD": "Census Tract 14.02" }, "geometry": { "type": "Polygon", "coordinates": [ [ [ -123.0504, 44.9971 ], [ -123.0266, 44.9969 ], [ -123.0268, 44.9766 ], [ -123.0378, 44.9775 ], [ -123.0402, 44.9882 ], [ -123.0519, 44.992 ], [ -123.0504, 44.9971 ] ] ] } },
{ "type": "Feature", "properties": { "GEOIDFQ": "1400000US41039003302", "NAME": "33.02", "NAMELSAD": "Census Tract 33.02" }, "geometry": { "type": "Polygon", "coordinates": [ [ [ -123.0053, 44.0524 ], [ -123.0054, 44.0428 ], [ -123.0233, 44.0457 ], [ -123.0242, 44.0567 ], [ -123.0053, 44.0524 ] ] ] } },
{ "type": "Feature", "properties": { "GEOIDFQ": "1400000US41039004502", "NAME": "45.02", "NAMELSAD": "Census Tract 45.02" }, "geometry": { "type": "Polygon", "coordinates": [ [ [ -123.1019, 44.0521 ], [ -123.1019, 44.0455 ], [ -123.1181, 44.0455 ], [ -123.1184, 44.0522 ], [ -123.1019, 44.0521 ] ] ] } },
{ "type": "Feature", "properties": { "GEOIDFQ": "1400000US41007950400", "NAME": "9504", "NAMELSAD": "Census Tract 9504" }, "geometry": { "type": "Polygon", "coordinates": [ [ [ -123.8114, 46.1691 ], [ -123.8075, 46.1619 ], [ -123.8015, 46.1732 ], [ -123.7907, 46.1707 ], [ -123.7892, 46.1781 ], [ -123.7781, 46.178 ], [ -123.7597, 46.1926 ], [ -123.7425, 46.2204 ], [ -123.7414, 46.2692 ], [ -123.6881, 46.2501 ], [ -123.6488, 46.2588 ], [ -123.559, 46.2581 ], [ -123.6209, 46.2229 ], [ -123.6325, 46.1984 ], [ -123.5932, 46.1839 ], [ -123.5943, 46.1613 ], [ -123.5877, 46.1515 ], [ -123.5483, 46.1336 ], [ -123.5293, 46.1086 ], [ -123.5521, 46.0895 ], [ -123.567, 46.0875 ], [ -123.5649, 46.0777 ], [ -123.585, 46.0593 ], [ -123.5789, 46.0446 ], [ -123.5883, 46.0361 ], [ -123.5768, 46.023 ], [ -123.6257, 46.0221 ], [ -123.6137, 46.0021 ], [ -123.6207, 45.9982 ], [ -123.6271, 46.0029 ], [ -123.644, 46.0002 ], [ -123.6526, 46.0044 ], [ -123.6636, 45.998 ], [ -123.6755, 46.0038 ], [ -123.7207, 46.0067 ], [ -123.7482, 46.0459 ], [ -123.7418, 46.073 ], [ -123.7496, 46.0893 ], [ -123.7594, 46.0956 ], [ -123.7765, 46.0924 ], [ -123.7891, 46.1085 ], [ -123.8111, 46.1151 ], [ -123.8184, 46.1684 ], [ -123.8114, 46.1691 ] ] ] } },
{ "type": "Feature", "properties": { "GEOIDFQ": "1400000US41007950100", "NAME": "9501", "NAMELSAD": "Census Tract 9501" }, "geometry": { "type": "Polygon", "coordinates": [ [ [ -123.8741, 46.1926 ], [ -123.8513, 46.1942 ], [ -123.837, 46.1797 ], [ -123.8382, 46.1685 ], [ -123.8598, 46.1682 ], [ -123.8774, 46.1814 ], [ -123.8741, 46.1926 ] ] ] } },
{ "type": "Feature", "properties": { "GEOIDFQ": "1400000US41007951200", "NAME": "9512", "NAMELSAD": "Census Tract 9512" }, "geometry": { "type": "Polygon", "coordinates": [ [ [ -123.7249, 45.9231 ], [ -123.7298, 45.9333 ], [ -123.7227, 45.943 ], [ -123.7125, 45.9445 ], [ -123.7165, 45.9484 ], [ -123.7091, 45.9605 ], [ -123.7188, 45.9698 ], [ -123.7383, 45.9747 ], [ -123.7039, 45.9942 ], [ -123.7076, 46.0048 ], [ -123.6755, 46.0038 ], [ -123.6636, 45.998 ], [ -123.6526, 46.0044 ], [ -123.644, 46.0002 ], [ -123.6271, 46.0029 ], [ -123.6207, 45.9982 ], [ -123.6137, 46.0021 ], [ -123.6257, 46.0221 ], [ -123.5772, 46.0228 ], [ -123.5883, 46.0361 ], [ -123.5789, 46.0446 ], [ -123.585, 46.0593 ], [ -123.5649, 46.0777 ], [ -123.567, 46.0875 ], [ -123.5521, 46.0895 ], [ -123.5293, 46.1086 ], [ -123.5483, 46.1336 ], [ -123.5877, 46.1515 ], [ -123.5943, 46.1613 ], [ -123.5932, 46.1839 ], [ -123.6318, 46.1966 ], [ -123.6209, 46.2229 ], [ -123.559, 46.2581 ], [ -123.5012, 46.271 ], [ -123.4748, 46.2678 ], [ -123.4276, 46.2293 ], [ -123.431, 46.1816 ], [ -123.3904, 46.1544 ], [ -123.3637, 46.1463 ], [ -123.3616, 45.7796 ], [ -123.6623, 45.7747 ], [ -123.7004, 45.8075 ], [ -123.6916, 45.8089 ], [ -123.6945, 45.817 ], [ -123.679, 45.8298 ], [ -123.6873, 45.8411 ], [ -123.702, 45.8463 ], [ -123.6947, 45.8578 ], [ -123.7102, 45.8725 ], [ -123.7154, 45.8912 ], [ -123.6982, 45.9109 ], [ -123.7455, 45.9067 ], [ -123.7249, 45.9231 ] ] ] } },
{ "type": "Feature", "properties": { "GEOIDFQ": "1400000US41007950700", "NAME": "9507", "NAMELSAD": "Census Tract 9507" }, "geometry": { "type": "Polygon", "coordinates": [ [ [ -123.9141, 46.0497 ], [ -123.9156, 46.0608 ], [ -123.8971, 46.0621 ], [ -123.8894, 46.0526 ], [ -123.87, 46.0499 ], [ -123.8663, 46.0326 ], [ -123.877, 46.01 ], [ -123.9117, 46.0106 ], [ -123.9188, 46.0158 ], [ -123.9186, 46.0115 ], [ -123.9332, 46.0105 ], [ -123.9341, 46.0469 ], [ -123.9141, 46.0497 ] ] ] } },
{ "type": "Feature", "properties": { "GEOIDFQ": "1400000US41039004501", "NAME": "45.01", "NAMELSAD": "Census Tract 45.01" }, "geometry": { "type": "Polygon", "coordinates": [ [ [ -123.0927, 44.0455 ], [ -123.0928, 44.0401 ], [ -123.1177, 44.0404 ], [ -123.0927, 44.0455 ] ] ] } },
{ "type": "Feature", "properties": { "GEOIDFQ": "1400000US41039003301", "NAME": "33.01", "NAMELSAD": "Census Tract 33.01" }, "geometry": { "type": "Polygon", "coordinates": [ [ [ -123.0116, 44.0621 ], [ -122.9977, 44.0621 ], [ -123.0065, 44.0523 ], [ -123.0258, 44.0611 ], [ -123.0116, 44.0621 ] ] ] } },
{ "type": "Feature", "properties": { "GEOIDFQ": "1400000US41003000202", "NAME": "2.02", "NAMELSAD": "Census Tract 2.02" }, "geometry": { "type": "Polygon", "coordinates": [ [ [ -123.2985, 44.555 ], [ -123.2793, 44.5553 ], [ -123.2787, 44.5492 ], [ -123.2729, 44.5491 ], [ -123.2812, 44.5417 ], [ -123.2773, 44.5363 ], [ -123.2856, 44.5373 ], [ -123.2915, 44.5248 ], [ -123.3026, 44.5254 ], [ -123.3088, 44.5173 ], [ -123.3347, 44.525 ], [ -123.3345, 44.535 ], [ -123.3443, 44.5398 ], [ -123.2985, 44.555 ] ] ] } },
{ "type": "Feature", "properties": { "GEOIDFQ": "1400000US41003010800", "NAME": "108", "NAMELSAD": "Census Tract 108" }, "geometry": { "type": "Polygon", "coordinates": [ [ [ -123.3738, 44.5424 ], [ -123.3706, 44.5552 ], [ -123.3345, 44.5572 ], [ -123.3529, 44.5477 ], [ -123.3545, 44.5415 ], [ -123.3415, 44.5427 ], [ -123.3347, 44.525 ], [ -123.3477, 44.5291 ], [ -123.3568, 44.5248 ], [ -123.3919, 44.5357 ], [ -123.3738, 44.5424 ] ] ] } },
{ "type": "Feature", "properties": { "GEOIDFQ": "1400000US41003010900", "NAME": "109", "NAMELSAD": "Census Tract 109" }, "geometry": { "type": "Polygon", "coordinates": [ [ [ -123.3906, 44.6191 ], [ -123.3794, 44.628 ], [ -123.3478, 44.636 ], [ -123.3315, 44.6126 ], [ -123.3382, 44.5905 ], [ -123.3333, 44.5809 ], [ -123.3121, 44.5711 ], [ -123.312, 44.5622 ], [ -123.2897, 44.5621 ], [ -123.2896, 44.5546 ], [ -123.3538, 44.5406 ], [ -123.3529, 44.5477 ], [ -123.3345, 44.5572 ], [ -123.3705, 44.5552 ], [ -123.3769, 44.5403 ], [ -123.3939, 44.5432 ], [ -123.3992, 44.548 ], [ -123.3959, 44.5575 ], [ -123.3865, 44.5609 ], [ -123.4012, 44.5705 ], [ -123.3881, 44.5831 ], [ -123.4035, 44.5922 ], [ -123.3906, 44.6191 ] ] ] } },
{ "type": "Feature", "properties": { "GEOIDFQ": "1400000US41067031821", "NAME": "318.21", "NAMELSAD": "Census Tract 318.21" }, "geometry": { "type": "Polygon", "coordinates": [ [ [ -122.8363, 45.4584 ], [ -122.8363, 45.4656 ], [ -122.8261, 45.4657 ], [ -122.826, 45.453 ], [ -122.844, 45.4551 ], [ -122.8363, 45.4584 ] ] ] } },
{ "type": "Feature", "properties": { "GEOIDFQ": "1400000US41067031820", "NAME": "318.20", "NAMELSAD": "Census Tract 318.20" }, "geometry": { "type": "Polygon", "coordinates": [ [ [ -122.8475, 45.4529 ], [ -122.826, 45.453 ], [ -122.826, 45.4476 ], [ -122.8517, 45.4487 ], [ -122.8475, 45.4529 ] ] ] } },
{ "type": "Feature", "properties": { "GEOIDFQ": "1400000US41067031007", "NAME": "310.07", "NAMELSAD": "Census Tract 310.07" }, "geometry": { "type": "Polygon", "coordinates": [ [ [ -122.8261, 45.4657 ], [ -122.8082, 45.4665 ], [ -122.808, 45.4602 ], [ -122.8228, 45.4531 ], [ -122.8261, 45.4657 ] ] ] } },
{ "type": "Feature", "properties": { "GEOIDFQ": "1400000US41067031917", "NAME": "319.17", "NAMELSAD": "Census Tract 319.17" }, "geometry": { "type": "Polygon", "coordinates": [ [ [ -122.8119, 45.4219 ], [ -122.8123, 45.4278 ], [ -122.8, 45.4296 ], [ -122.8024, 45.4186 ], [ -122.7881, 45.4179 ], [ -122.8108, 45.4133 ], [ -122.8195, 45.4193 ], [ -122.8119, 45.4219 ] ] ] } },
{ "type": "Feature", "properties": { "GEOIDFQ": "1400000US41067031918", "NAME": "319.18", "NAMELSAD": "Census Tract 319.18" }, "geometry": { "type": "Polygon", "coordinates": [ [ [ -122.826, 45.4307 ], [ -122.8157, 45.4415 ], [ -122.8153, 45.4151 ], [ -122.8259, 45.4185 ], [ -122.826, 45.4307 ] ] ] } },
{ "type": "Feature", "properties": { "GEOIDFQ": "1400000US41067032112", "NAME": "321.12", "NAMELSAD": "Census Tract 321.12" }, "geometry": { "type": "Polygon", "coordinates": [ [ [ -122.8329, 45.3795 ], [ -122.8171, 45.3843 ], [ -122.8116, 45.3749 ], [ -122.8417, 45.3553 ], [ -122.8414, 45.3497 ], [ -122.8676, 45.3532 ], [ -122.8329, 45.3795 ] ] ] } },
{ "type": "Feature", "properties": { "GEOIDFQ": "1400000US41067032612", "NAME": "326.12", "NAMELSAD": "Census Tract 326.12" }, "geometry": { "type": "Polygon", "coordinates": [ [ [ -122.9262, 45.5641 ], [ -122.9008, 45.5546 ], [ -122.8998, 45.5268 ], [ -122.9261, 45.5381 ], [ -122.9262, 45.5641 ] ] ] } },
{ "type": "Feature", "properties": { "GEOIDFQ": "1400000US41067032411", "NAME": "324.11", "NAMELSAD": "Census Tract 324.11" }, "geometry": { "type": "Polygon", "coordinates": [ [ [ -122.9226, 45.5123 ], [ -122.902, 45.5123 ], [ -122.9021, 45.5006 ], [ -122.9226, 45.5056 ], [ -122.9226, 45.5123 ] ] ] } },
{ "type": "Feature", "properties": { "GEOIDFQ": "1400000US41039005100", "NAME": "51", "NAMELSAD": "Census Tract 51" }, "geometry": { "type": "Polygon", "coordinates": [ [ [ -123.0921, 44.0262 ], [ -123.0846, 44.0262 ], [ -123.0762, 44.0103 ], [ -123.0926, 44.0116 ], [ -123.0921, 44.0262 ] ] ] } },
{ "type": "Feature", "properties": { "GEOIDFQ": "1400000US41039001201", "NAME": "12.01", "NAMELSAD": "Census Tract 12.01" }, "geometry": { "type": "Polygon", "coordinates": [ [ [ -123.1671, 43.8904 ], [ -123.1641, 43.8854 ], [ -123.1489, 43.8901 ], [ -123.1475, 43.8967 ], [ -123.1416, 43.8924 ], [ -123.1261, 43.8972 ], [ -123.1118, 43.8906 ], [ -123.104, 43.8952 ], [ -123.0951, 43.8853 ], [ -123.0757, 43.8855 ], [ -123.0465, 43.8979 ], [ -123.042, 43.8901 ], [ -123.014, 43.8848 ], [ -123.0131, 43.868 ], [ -123.0432, 43.8043 ], [ -123.052, 43.8056 ], [ -123.0583, 43.7972 ], [ -123.0821, 43.7965 ], [ -123.1027, 43.8061 ], [ -123.1176, 43.8218 ], [ -123.1289, 43.8237 ], [ -123.1315, 43.8317 ], [ -123.1548, 43.8407 ], [ -123.1671, 43.8387 ], [ -123.1759, 43.8504 ], [ -123.1644, 43.8571 ], [ -123.1609, 43.8531 ], [ -123.1589, 43.8592 ], [ -123.1833, 43.8641 ], [ -123.185, 43.8774 ], [ -123.1671, 43.8904 ] ] ] } },
{ "type": "Feature", "properties": { "GEOIDFQ": "1400000US41039002401", "NAME": "24.01", "NAMELSAD": "Census Tract 24.01" }, "geometry": { "type": "Polygon", "coordinates": [ [ [ -123.1447, 44.1324 ], [ -123.1368, 44.1157 ], [ -123.1846, 44.1171 ], [ -123.1947, 44.1278 ], [ -123.1447, 44.1324 ] ] ] } },
{ "type": "Feature", "properties": { "GEOIDFQ": "1400000US41051005500", "NAME": "55", "NAMELSAD": "Census Tract 55" }, "geometry": { "type": "Polygon", "coordinates": [ [ [ -122.6863, 45.5166 ], [ -122.6885, 45.5089 ], [ -122.6955, 45.5121 ], [ -122.6969, 45.5154 ], [ -122.6863, 45.5166 ] ] ] } },
{ "type": "Feature", "properties": { "GEOIDFQ": "1400000US41051008600", "NAME": "86", "NAMELSAD": "Census Tract 86" }, "geometry": { "type": "Polygon", "coordinates": [ [ [ -122.5893, 45.4759 ], [ -122.5791, 45.4759 ], [ -122.579, 45.4615 ], [ -122.5894, 45.4615 ], [ -122.5893, 45.4759 ] ] ] } },
{ "type": "Feature", "properties": { "GEOIDFQ": "1400000US41051008700", "NAME": "87", "NAMELSAD": "Census Tract 87" }, "geometry": { "type": "Polygon", "coordinates": [ [ [ -122.5893, 45.4759 ], [ -122.5893, 45.4687 ], [ -122.6103, 45.4676 ], [ -122.616, 45.4747 ], [ -122.5893, 45.4759 ] ] ] } },
{ "type": "Feature", "properties": { "GEOIDFQ": "1400000US41051008800", "NAME": "88", "NAMELSAD": "Census Tract 88" }, "geometry": { "type": "Polygon", "coordinates": [ [ [ -122.616, 45.4694 ], [ -122.5893, 45.4687 ], [ -122.5894, 45.4615 ], [ -122.6164, 45.4623 ], [ -122.616, 45.4694 ] ] ] } },
{ "type": "Feature", "properties": { "GEOIDFQ": "1400000US41051008902", "NAME": "89.02", "NAMELSAD": "Census Tract 89.02" }, "geometry": { "type": "Polygon", "coordinates": [ [ [ -122.5626, 45.4745 ], [ -122.5494, 45.476 ], [ -122.548, 45.461 ], [ -122.579, 45.4616 ], [ -122.5626, 45.4745 ] ] ] } },
{ "type": "Feature", "properties": { "GEOIDFQ": "1400000US41069960100", "NAME": "9601", "NAMELSAD": "Census Tract 9601" }, "geometry": { "type": "Polygon", "coordinates": [ [ [ -120.4952, 45.0683 ], [ -120.4833, 45.0684 ], [ -119.7907, 45.0678 ], [ -119.7912, 44.9948 ], [ -119.6722, 44.9951 ], [ -119.6715, 44.8233 ], [ -119.6524, 44.8233 ], [ -119.6555, 44.307 ], [ -119.899, 44.3066 ], [ -119.8993, 44.3896 ], [ -120.0207, 44.3897 ], [ -120.0216, 44.4388 ], [ -120.3861, 44.4361 ], [ -120.3857, 44.7612 ], [ -120.3992, 44.7779 ], [ -120.3947, 44.786 ], [ -120.4048, 44.7932 ], [ -120.3959, 44.804 ], [ -120.392, 44.7959 ], [ -120.3846, 44.7967 ], [ -120.3789, 44.8059 ], [ -120.3865, 44.8104 ], [ -120.3777, 44.8121 ], [ -120.3807, 44.8183 ], [ -120.3714, 44.8218 ], [ -120.4016, 44.8308 ], [ -120.413, 44.8525 ], [ -120.4552, 44.8656 ], [ -120.4585, 44.8816 ], [ -120.4406, 44.8867 ], [ -120.4361, 44.8941 ], [ -120.451, 44.9087 ], [ -120.4583, 44.9037 ], [ -120.4739, 44.9085 ], [ -120.4687, 44.9138 ], [ -120.4771, 44.931 ], [ -120.4729, 44.9355 ], [ -120.4798, 44.948 ], [ -120.4891, 44.9513 ], [ -120.4856, 44.9634 ], [ -120.4768, 44.9675 ], [ -120.4842, 44.9737 ], [ -120.4772, 44.9819 ], [ -120.4876, 45.0023 ], [ -120.4793, 45.0174 ], [ -120.489, 45.0279 ], [ -120.4808, 45.0385 ], [ -120.4897, 45.0471 ], [ -120.4824, 45.0559 ], [ -120.4952, 45.0683 ] ] ] } },
{ "type": "Feature", "properties": { "GEOIDFQ": "1400000US41057990100", "NAME": "9901", "NAMELSAD": "Census Tract 9901" }, "geometry": { "type": "Polygon", "coordinates": [ [ [ -124.0814, 45.0855 ], [ -124.0558, 45.1248 ], [ -124.0448, 45.166 ], [ -124.0598, 45.2156 ], [ -124.0433, 45.2452 ], [ -124.0424, 45.2822 ], [ -124.0466, 45.2932 ], [ -124.0738, 45.3175 ], [ -124.077, 45.3418 ], [ -124.0665, 45.367 ], [ -124.0433, 45.3841 ], [ -124.0365, 45.4133 ], [ -124.0358, 45.4221 ], [ -124.064, 45.4515 ], [ -124.0645, 45.4676 ], [ -124.0548, 45.4887 ], [ -124.0531, 45.5142 ], [ -124.0267, 45.5379 ], [ -124.0371, 45.5717 ], [ -124.0293, 45.6125 ], [ -124.0166, 45.6321 ], [ -124.0117, 45.6767 ], [ -124.0108, 45.7083 ], [ -124.06, 45.7395 ], [ -124.068, 45.7503 ], [ -124.069, 45.7727 ], [ -124.0654, 45.7831 ], [ -123.9755, 45.7831 ], [ -123.9867, 45.7632 ], [ -123.9739, 45.7585 ], [ -123.9734, 45.748 ], [ -123.9505, 45.729 ], [ -123.9466, 45.6489 ], [ -123.9625, 45.575 ], [ -123.9733, 45.5726 ], [ -123.9727, 45.5653 ], [ -123.9549, 45.5631 ], [ -123.9624, 45.5167 ], [ -123.9698, 45.4999 ], [ -123.9843, 45.4894 ], [ -123.9805, 45.4685 ], [ -123.9973, 45.4625 ], [ -123.9772, 45.4556 ], [ -123.9646, 45.4359 ], [ -123.9807, 45.3574 ], [ -123.9934, 45.3473 ], [ -124.0124, 45.3434 ], [ -124.0149, 45.3359 ], [ -123.9786, 45.3334 ], [ -123.9717, 45.3166 ], [ -123.9793, 45.225 ], [ -123.9913, 45.214 ], [ -123.9777, 45.205 ], [ -123.978, 45.1686 ], [ -123.9942, 45.1054 ], [ -124.0235, 45.0598 ], [ -124.0236, 45.0482 ], [ -124.0124, 45.045 ], [ -124.0958, 45.044 ], [ -124.0814, 45.0855 ] ] ] } },
{ "type": "Feature", "properties": { "GEOIDFQ": "1400000US41057960800", "NAME": "9608", "NAMELSAD": "Census Tract 9608" }, "geometry": { "type": "Polygon", "coordinates": [ [ [ -124.0164, 45.0779 ], [ -123.9942, 45.1054 ], [ -123.9798, 45.1595 ], [ -123.9681, 45.1609 ], [ -123.9563, 45.1836 ], [ -123.9557, 45.1923 ], [ -123.9653, 45.1991 ], [ -123.9541, 45.2118 ], [ -123.9599, 45.2358 ], [ -123.9494, 45.2326 ], [ -123.9418, 45.2357 ], [ -123.9247, 45.2687 ], [ -123.9189, 45.2656 ], [ -123.9045, 45.2705 ], [ -123.9064, 45.2584 ], [ -123.8992, 45.2616 ], [ -123.8834, 45.2544 ], [ -123.8482, 45.2513 ], [ -123.8655, 45.2382 ], [ -123.8588, 45.2263 ], [ -123.857, 45.2338 ], [ -123.8431, 45.2228 ], [ -123.7993, 45.2326 ], [ -123.7731, 45.2291 ], [ -123.7699, 45.2182 ], [ -123.762, 45.2163 ], [ -123.7845, 45.2163 ], [ -123.7842, 45.0767 ], [ -123.7244, 45.0768 ], [ -123.7247, 45.0444 ], [ -124.0124, 45.045 ], [ -124.0239, 45.0517 ], [ -124.0164, 45.0779 ] ] ] } },
{ "type": "Feature", "properties": { "GEOIDFQ": "1400000US41005022206", "NAME": "222.06", "NAMELSAD": "Census Tract 222.06" }, "geometry": { "type": "Polygon", "coordinates": [ [ [ -122.5713, 45.4614 ], [ -122.5441, 45.4602 ], [ -122.5347, 45.4493 ], [ -122.537, 45.4422 ], [ -122.5693, 45.4416 ], [ -122.5713, 45.4614 ] ] ] } },
{ "type": "Feature", "properties": { "GEOIDFQ": "1400000US41029001602", "NAME": "16.02", "NAMELSAD": "Census Tract 16.02" }, "geometry": { "type": "Polygon", "coordinates": [ [ [ -122.9063, 42.2829 ], [ -122.8862, 42.2762 ], [ -122.88, 42.2773 ], [ -122.8753, 42.2928 ], [ -122.8406, 42.2934 ], [ -122.8072, 42.2663 ], [ -122.8072, 42.2563 ], [ -122.8187, 42.2543 ], [ -122.8165, 42.2507 ], [ -122.8198, 42.2484 ], [ -122.8193, 42.2405 ], [ -122.8199, 42.2406 ], [ -122.8268, 42.2555 ], [ -122.8445, 42.2566 ], [ -122.8817, 42.2482 ], [ -122.9094, 42.2567 ], [ -122.9148, 42.2666 ], [ -122.9063, 42.2829 ] ] ] } },
{ "type": "Feature", "properties": { "GEOIDFQ": "1400000US41029001601", "NAME": "16.01", "NAMELSAD": "Census Tract 16.01" }, "geometry": { "type": "Polygon", "coordinates": [ [ [ -122.8501, 42.312 ], [ -122.7965, 42.2641 ], [ -122.8042, 42.2635 ], [ -122.8607, 42.3129 ], [ -122.8501, 42.312 ] ] ] } },
{ "type": "Feature", "properties": { "GEOIDFQ": "1400000US41039003900", "NAME": "39", "NAMELSAD": "Census Tract 39" }, "geometry": { "type": "Polygon", "coordinates": [ [ [ -123.1018, 44.0566 ], [ -123.0881, 44.0544 ], [ -123.0882, 44.0455 ], [ -123.1019, 44.0455 ], [ -123.1018, 44.0566 ] ] ] } },
{ "type": "Feature", "properties": { "GEOIDFQ": "1400000US41019990000", "NAME": "9900", "NAMELSAD": "Census Tract 9900" }, "geometry": { "type": "Polygon", "coordinates": [ [ [ -124.2803, 43.6484 ], [ -124.2853, 43.6727 ], [ -124.2657, 43.7016 ], [ -124.2302, 43.8637 ], [ -124.1655, 43.8637 ], [ -124.2248, 43.6109 ], [ -124.2902, 43.6112 ], [ -124.2803, 43.6484 ] ] ] } },
{ "type": "Feature", "properties": { "GEOIDFQ": "1400000US41039003700", "NAME": "37", "NAMELSAD": "Census Tract 37" }, "geometry": { "type": "Polygon", "coordinates": [ [ [ -123.084, 44.058 ], [ -123.0807, 44.052 ], [ -123.0677, 44.0508 ], [ -123.0502, 44.0445 ], [ -123.0502, 44.0439 ], [ -123.0583, 44.0443 ], [ -123.062, 44.0389 ], [ -123.0802, 44.04 ], [ -123.0786, 44.0489 ], [ -123.0871, 44.0521 ], [ -123.084, 44.058 ] ] ] } },
{ "type": "Feature", "properties": { "GEOIDFQ": "1400000US41039004900", "NAME": "49", "NAMELSAD": "Census Tract 49" }, "geometry": { "type": "Polygon", "coordinates": [ [ [ -123.0746, 44.04 ], [ -123.0528, 44.0433 ], [ -123.0599, 44.0225 ], [ -123.0751, 44.0242 ], [ -123.0746, 44.04 ] ] ] } },
{ "type": "Feature", "properties": { "GEOIDFQ": "1400000US41039000100", "NAME": "1", "NAMELSAD": "Census Tract 1" }, "geometry": { "type": "Polygon", "coordinates": [ [ [ -122.8378, 44.042 ], [ -122.8402, 44.0546 ], [ -122.832, 44.0548 ], [ -122.8191, 44.067 ], [ -122.8415, 44.0682 ], [ -122.8363, 44.0827 ], [ -122.8023, 44.1022 ], [ -122.7558, 44.1102 ], [ -122.7446, 44.1315 ], [ -122.7515, 44.1348 ], [ -122.7438, 44.1385 ], [ -122.7474, 44.1413 ], [ -122.7328, 44.1387 ], [ -122.7381, 44.1451 ], [ -122.7261, 44.1478 ], [ -122.7132, 44.1641 ], [ -122.7027, 44.1679 ], [ -122.688, 44.1589 ], [ -122.6697, 44.1684 ], [ -122.6557, 44.1666 ], [ -122.6448, 44.1731 ], [ -122.6436, 44.1861 ], [ -122.6341, 44.1944 ], [ -122.6172, 44.1963 ], [ -122.5915, 44.2089 ], [ -122.5772, 44.228 ], [ -122.5493, 44.2355 ], [ -122.5354, 44.2349 ], [ -122.5282, 44.2265 ], [ -122.5136, 44.2317 ], [ -122.5072, 44.2234 ], [ -122.4923, 44.22 ], [ -122.4659, 44.2231 ], [ -122.4479, 44.2167 ], [ -122.4349, 44.2213 ], [ -122.4047, 44.2206 ], [ -122.4048, 44.2169 ], [ -122.3846, 44.2171 ], [ -122.381, 44.2096 ], [ -122.3672, 44.2094 ], [ -122.3273, 44.2312 ], [ -122.3324, 44.2434 ], [ -122.3271, 44.2528 ], [ -121.7994, 44.2583 ], [ -121.7782, 44.2215 ], [ -121.7856, 44.2078 ], [ -121.7741, 44.1905 ], [ -121.7797, 44.1754 ], [ -121.7716, 44.1672 ], [ -121.782, 44.1598 ], [ -121.7843, 44.1481 ], [ -121.7727, 44.1398 ], [ -121.7691, 44.1016 ], [ -121.8025, 44.0524 ], [ -121.8194, 44.0516 ], [ -121.8343, 44.0402 ], [ -121.822, 44.0117 ], [ -121.8334, 43.9914 ], [ -121.8283, 43.9889 ], [ -121.8451, 43.9762 ], [ -121.8365, 43.9714 ], [ -121.8597, 43.9615 ], [ -121.858, 43.9453 ], [ -121.8702, 43.9235 ], [ -121.8691, 43.9121 ], [ -121.8907, 43.9084 ], [ -121.9015, 43.9159 ], [ -121.9282, 43.9092 ], [ -121.9396, 43.9009 ], [ -121.9316, 43.8991 ], [ -121.9324, 43.8942 ], [ -121.9754, 43.8554 ], [ -121.9822, 43.8674 ], [ -122.0024, 43.8806 ], [ -122.0122, 43.9021 ], [ -122.0316, 43.9106 ], [ -122.0407, 43.9026 ], [ -122.0707, 43.9023 ], [ -122.0779, 43.8966 ], [ -122.0827, 43.9048 ], [ -122.0892, 43.906 ], [ -122.087, 43.8997 ], [ -122.0908, 43.9052 ], [ -122.1089, 43.9087 ], [ -122.1293, 43.8947 ], [ -122.1424, 43.8934 ], [ -122.1508, 43.9007 ], [ -122.1853, 43.8981 ], [ -122.194, 43.9078 ], [ -122.19, 43.9318 ], [ -122.1986, 43.9529 ], [ -122.2267, 43.961 ], [ -122.2265, 43.9671 ], [ -122.2456, 43.968 ], [ -122.2488, 43.9815 ], [ -122.2623, 43.9788 ], [ -122.2739, 43.9861 ], [ -122.2819, 43.9846 ], [ -122.2935, 43.9784 ], [ -122.2873, 43.9725 ], [ -122.2795, 43.9752 ], [ -122.2805, 43.971 ], [ -122.2925, 43.9633 ], [ -122.3142, 43.9623 ], [ -122.3215, 43.9822 ], [ -122.3127, 44.004 ], [ -122.3164, 44.0088 ], [ -122.3482, 44.0204 ], [ -122.3586, 44.0335 ], [ -122.3717, 44.0325 ], [ -122.3866, 44.0503 ], [ -122.4162, 44.0405 ], [ -122.4297, 44.0473 ], [ -122.4472, 44.0404 ], [ -122.4524, 44.0488 ], [ -122.4652, 44.0435 ], [ -122.4672, 44.0585 ], [ -122.4911, 44.0572 ], [ -122.5154, 44.0691 ], [ -122.5216, 44.0785 ], [ -122.5271, 44.0733 ], [ -122.5394, 44.0767 ], [ -122.5436, 44.0716 ], [ -122.5779, 44.0809 ], [ -122.5821, 44.0661 ], [ -122.5987, 44.0679 ], [ -122.6169, 44.058 ], [ -122.6355, 44.0652 ], [ -122.6612, 44.0645 ], [ -122.6736, 44.0574 ], [ -122.6806, 44.0613 ], [ -122.7006, 44.0508 ], [ -122.7208, 44.0497 ], [ -122.7301, 44.0361 ], [ -122.7568, 44.0409 ], [ -122.7541, 44.0323 ], [ -122.7849, 44.0284 ], [ -122.7944, 44.0209 ], [ -122.8193, 44.0195 ], [ -122.8599, 44.0293 ], [ -122.8378, 44.042 ] ] ] } },
{ "type": "Feature", "properties": { "GEOIDFQ": "1400000US41039000404", "NAME": "4.04", "NAMELSAD": "Census Tract 4.04" }, "geometry": { "type": "Polygon", "coordinates": [ [ [ -123.1792, 44.2826 ], [ -123.1741, 44.2666 ], [ -123.1788, 44.2516 ], [ -123.1503, 44.2266 ], [ -123.1658, 44.2006 ], [ -123.1476, 44.1962 ], [ -123.142, 44.1826 ], [ -123.1284, 44.1797 ], [ -123.1342, 44.1716 ], [ -123.127, 44.1621 ], [ -123.1307, 44.1535 ], [ -123.1164, 44.1459 ], [ -123.1261, 44.1424 ], [ -123.1263, 44.1315 ], [ -123.1682, 44.1325 ], [ -123.1684, 44.1275 ], [ -123.198, 44.1312 ], [ -123.2048, 44.2299 ], [ -123.2487, 44.2837 ], [ -123.1792, 44.2826 ] ] ] } },
{ "type": "Feature", "properties": { "GEOIDFQ": "1400000US41039000903", "NAME": "9.03", "NAMELSAD": "Census Tract 9.03" }, "geometry": { "type": "Polygon", "coordinates": [ [ [ -123.3457, 44.0657 ], [ -123.311, 44.0975 ], [ -123.3032, 44.1186 ], [ -123.2855, 44.0727 ], [ -123.2674, 44.0507 ], [ -123.2698, 44.0431 ], [ -123.2487, 44.0314 ], [ -123.2633, 44.0092 ], [ -123.2865, 44.0028 ], [ -123.3045, 44.0057 ], [ -123.3111, 44.0099 ], [ -123.3026, 44.0263 ], [ -123.3529, 44.0262 ], [ -123.3557, 44.064 ], [ -123.3457, 44.0657 ] ] ] } },
{ "type": "Feature", "properties": { "GEOIDFQ": "1400000US41039001001", "NAME": "10.01", "NAMELSAD": "Census Tract 10.01" }, "geometry": { "type": "Polygon", "coordinates": [ [ [ -123.2847, 44.1568 ], [ -123.2598, 44.1573 ], [ -123.2598, 44.15 ], [ -123.2001, 44.1496 ], [ -123.1985, 44.132 ], [ -123.1814, 44.1135 ], [ -123.2084, 44.1136 ], [ -123.2085, 44.0518 ], [ -123.2245, 44.0558 ], [ -123.2689, 44.0527 ], [ -123.3004, 44.1024 ], [ -123.3035, 44.1362 ], [ -123.2847, 44.1568 ] ] ] } },
{ "type": "Feature", "properties": { "GEOIDFQ": "1400000US41039001202", "NAME": "12.02", "NAMELSAD": "Census Tract 12.02" }, "geometry": { "type": "Polygon", "coordinates": [ [ [ -123.1731, 43.8058 ], [ -123.1609, 43.8147 ], [ -123.1657, 43.8183 ], [ -123.1541, 43.8264 ], [ -123.1622, 43.8281 ], [ -123.1594, 43.8407 ], [ -123.1315, 43.8317 ], [ -123.1292, 43.8239 ], [ -123.1176, 43.8218 ], [ -123.0891, 43.7991 ], [ -123.0583, 43.7972 ], [ -123.0843, 43.7632 ], [ -123.1188, 43.7509 ], [ -123.138, 43.7536 ], [ -123.1373, 43.7797 ], [ -123.1537, 43.7796 ], [ -123.1645, 43.7854 ], [ -123.1751, 43.7808 ], [ -123.1835, 43.7857 ], [ -123.1731, 43.8058 ] ] ] } },
{ "type": "Feature", "properties": { "GEOIDFQ": "1400000US41003010102", "NAME": "101.02", "NAMELSAD": "Census Tract 101.02" }, "geometry": { "type": "Polygon", "coordinates": [ [ [ -123.182, 44.7201 ], [ -123.149, 44.7202 ], [ -123.1433, 44.7083 ], [ -123.1213, 44.6914 ], [ -123.1153, 44.6747 ], [ -123.101, 44.671 ], [ -123.1023, 44.6561 ], [ -123.1428, 44.6569 ], [ -123.1402, 44.6451 ], [ -123.1504, 44.6375 ], [ -123.1827, 44.636 ], [ -123.182, 44.7201 ] ] ] } },
{ "type": "Feature", "properties": { "GEOIDFQ": "1400000US41003010101", "NAME": "101.01", "NAMELSAD": "Census Tract 101.01" }, "geometry": { "type": "Polygon", "coordinates": [ [ [ -123.1403, 44.6451 ], [ -123.1428, 44.6569 ], [ -123.1023, 44.6561 ], [ -123.101, 44.671 ], [ -123.1145, 44.6755 ], [ -123.0899, 44.6751 ], [ -123.0736, 44.6573 ], [ -123.0772, 44.6472 ], [ -123.1004, 44.6399 ], [ -123.1514, 44.6401 ], [ -123.1403, 44.6451 ] ] ] } },
{ "type": "Feature", "properties": { "GEOIDFQ": "1400000US41003000101", "NAME": "1.01", "NAMELSAD": "Census Tract 1.01" }, "geometry": { "type": "Polygon", "coordinates": [ [ [ -123.2729, 44.5487 ], [ -123.2789, 44.5494 ], [ -123.2777, 44.5556 ], [ -123.2615, 44.5563 ], [ -123.2537, 44.5369 ], [ -123.2762, 44.5361 ], [ -123.2809, 44.542 ], [ -123.2729, 44.5487 ] ] ] } },
{ "type": "Feature", "properties": { "GEOIDFQ": "1400000US41003000402", "NAME": "4.02", "NAMELSAD": "Census Tract 4.02" }, "geometry": { "type": "Polygon", "coordinates": [ [ [ -123.2815, 44.6142 ], [ -123.2623, 44.6157 ], [ -123.2672, 44.5887 ], [ -123.276, 44.5864 ], [ -123.2763, 44.5923 ], [ -123.3022, 44.5939 ], [ -123.304, 44.6013 ], [ -123.2815, 44.6142 ] ] ] } },
{ "type": "Feature", "properties": { "GEOIDFQ": "1400000US41003000401", "NAME": "4.01", "NAMELSAD": "Census Tract 4.01" }, "geometry": { "type": "Polygon", "coordinates": [ [ [ -123.2763, 44.5923 ], [ -123.276, 44.5864 ], [ -123.2952, 44.5814 ], [ -123.3022, 44.5939 ], [ -123.2763, 44.5923 ] ] ] } },
{ "type": "Feature", "properties": { "GEOIDFQ": "1400000US41003000102", "NAME": "1.02", "NAMELSAD": "Census Tract 1.02" }, "geometry": { "type": "Polygon", "coordinates": [ [ [ -123.2716, 44.5362 ], [ -123.2537, 44.5369 ], [ -123.2558, 44.5493 ], [ -123.2612, 44.5539 ], [ -123.2607, 44.5564 ], [ -123.2418, 44.5446 ], [ -123.27, 44.5033 ], [ -123.2716, 44.5362 ] ] ] } },
{ "type": "Feature", "properties": { "GEOIDFQ": "1400000US41003010601", "NAME": "106.01", "NAMELSAD": "Census Tract 106.01" }, "geometry": { "type": "Polygon", "coordinates": [ [ [ -123.26, 44.573 ], [ -123.2521, 44.5738 ], [ -123.2607, 44.5564 ], [ -123.2741, 44.5562 ], [ -123.26, 44.573 ] ] ] } },
{ "type": "Feature", "properties": { "GEOIDFQ": "1400000US41003010602", "NAME": "106.02", "NAMELSAD": "Census Tract 106.02" }, "geometry": { "type": "Polygon", "coordinates": [ [ [ -123.2641, 44.5652 ], [ -123.2666, 44.5603 ], [ -123.2795, 44.558 ], [ -123.28, 44.569 ], [ -123.2641, 44.5652 ] ] ] } },
{ "type": "Feature", "properties": { "GEOIDFQ": "1400000US41047010305", "NAME": "103.05", "NAMELSAD": "Census Tract 103.05" }, "geometry": { "type": "Polygon", "coordinates": [ [ [ -122.8143, 45.1765 ], [ -122.8217, 45.1616 ], [ -122.7742, 45.1658 ], [ -122.77, 45.1596 ], [ -122.7828, 45.1441 ], [ -122.7808, 45.1378 ], [ -122.7978, 45.1256 ], [ -122.8233, 45.1272 ], [ -122.8358, 45.1363 ], [ -122.8448, 45.1361 ], [ -122.8366, 45.1453 ], [ -122.8523, 45.1459 ], [ -122.8143, 45.1765 ] ] ] } },
{ "type": "Feature", "properties": { "GEOIDFQ": "1400000US41047010502", "NAME": "105.02", "NAMELSAD": "Census Tract 105.02" }, "geometry": { "type": "Polygon", "coordinates": [ [ [ -122.7792, 45.0091 ], [ -122.7847, 45.0218 ], [ -122.7685, 45.0218 ], [ -122.7691, 45.0041 ], [ -122.7551, 45.004 ], [ -122.7537, 44.9964 ], [ -122.7675, 44.9889 ], [ -122.7853, 45.0031 ], [ -122.7792, 45.0091 ] ] ] } },
{ "type": "Feature", "properties": { "GEOIDFQ": "1400000US41039000402", "NAME": "4.02", "NAMELSAD": "Census Tract 4.02" }, "geometry": { "type": "Polygon", "coordinates": [ [ [ -123.4795, 44.1853 ], [ -123.488, 44.1929 ], [ -123.4823, 44.196 ], [ -123.4856, 44.2124 ], [ -123.4593, 44.211 ], [ -123.4614, 44.2243 ], [ -123.474, 44.2301 ], [ -123.4525, 44.2449 ], [ -123.4492, 44.2694 ], [ -123.4557, 44.2806 ], [ -123.2887, 44.2837 ], [ -123.2826, 44.266 ], [ -123.2668, 44.2603 ], [ -123.2687, 44.2154 ], [ -123.2399, 44.2152 ], [ -123.2418, 44.1934 ], [ -123.2023, 44.193 ], [ -123.2001, 44.1496 ], [ -123.2598, 44.15 ], [ -123.2598, 44.1573 ], [ -123.3077, 44.1563 ], [ -123.3153, 44.1449 ], [ -123.3441, 44.1424 ], [ -123.3602, 44.1338 ], [ -123.4382, 44.1289 ], [ -123.4491, 44.1346 ], [ -123.446, 44.1294 ], [ -123.464, 44.1174 ], [ -123.4858, 44.1452 ], [ -123.475, 44.147 ], [ -123.4738, 44.1519 ], [ -123.4967, 44.1585 ], [ -123.4915, 44.1609 ], [ -123.501, 44.171 ], [ -123.4795, 44.1853 ] ] ] } },
{ "type": "Feature", "properties": { "GEOIDFQ": "1400000US41039005300", "NAME": "53", "NAMELSAD": "Census Tract 53" }, "geometry": { "type": "Polygon", "coordinates": [ [ [ -123.1178, 44.0332 ], [ -123.1111, 44.033 ], [ -123.1111, 44.0277 ], [ -123.1, 44.0265 ], [ -123.1078, 44.0159 ], [ -123.1179, 44.0166 ], [ -123.1178, 44.0332 ] ] ] } },
{ "type": "Feature", "properties": { "GEOIDFQ": "1400000US41039005000", "NAME": "50", "NAMELSAD": "Census Tract 50" }, "geometry": { "type": "Polygon", "coordinates": [ [ [ -123.0762, 44.0103 ], [ -123.0815, 44.0242 ], [ -123.0697, 44.024 ], [ -123.0603, 44.0115 ], [ -123.0627, 44.0032 ], [ -123.0724, 44.0026 ], [ -123.0657, 43.9906 ], [ -123.0824, 43.9878 ], [ -123.0889, 43.9943 ], [ -123.0762, 44.0103 ] ] ] } },
{ "type": "Feature", "properties": { "GEOIDFQ": "1400000US41039000904", "NAME": "9.04", "NAMELSAD": "Census Tract 9.04" }, "geometry": { "type": "Polygon", "coordinates": [ [ [ -123.3966, 44.0155 ], [ -123.3714, 44.0292 ], [ -123.3834, 44.0419 ], [ -123.397, 44.0451 ], [ -123.372, 44.0505 ], [ -123.3677, 44.0601 ], [ -123.3557, 44.0649 ], [ -123.3529, 44.0262 ], [ -123.3026, 44.0263 ], [ -123.3111, 44.0099 ], [ -123.3061, 44.0063 ], [ -123.2702, 44.0045 ], [ -123.291, 43.9943 ], [ -123.3022, 43.9964 ], [ -123.3247, 43.9828 ], [ -123.327, 43.9723 ], [ -123.3547, 43.9684 ], [ -123.3794, 43.9797 ], [ -123.3999, 43.9777 ], [ -123.4023, 43.9724 ], [ -123.4084, 43.9761 ], [ -123.4096, 43.9955 ], [ -123.3966, 44.0155 ] ] ] } },
{ "type": "Feature", "properties": { "GEOIDFQ": "1400000US41039004100", "NAME": "41", "NAMELSAD": "Census Tract 41" }, "geometry": { "type": "Polygon", "coordinates": [ [ [ -123.1161, 44.0817 ], [ -123.1136, 44.0649 ], [ -123.1173, 44.0626 ], [ -123.1448, 44.08 ], [ -123.1161, 44.0817 ] ] ] } },
{ "type": "Feature", "properties": { "GEOIDFQ": "1400000US41039000800", "NAME": "8", "NAMELSAD": "Census Tract 8" }, "geometry": { "type": "Polygon", "coordinates": [ [ [ -123.7676, 44.0128 ], [ -123.738, 44.0168 ], [ -123.7082, 44.0375 ], [ -123.6977, 44.0354 ], [ -123.6933, 44.0238 ], [ -123.6678, 44.0228 ], [ -123.6539, 44.028 ], [ -123.6408, 44.0386 ], [ -123.6526, 44.0463 ], [ -123.6576, 44.063 ], [ -123.6354, 44.0679 ], [ -123.6137, 44.0564 ], [ -123.6096, 44.0303 ], [ -123.5894, 44.0295 ], [ -123.5742, 44.0197 ], [ -123.5532, 44.0223 ], [ -123.5381, 44.0128 ], [ -123.5333, 43.9977 ], [ -123.4689, 43.9794 ], [ -123.453, 43.9776 ], [ -123.4305, 43.9856 ], [ -123.423, 43.9701 ], [ -123.3794, 43.9797 ], [ -123.3602, 43.9684 ], [ -123.3306, 43.9712 ], [ -123.3238, 43.9787 ], [ -123.289, 43.9496 ], [ -123.2781, 43.949 ], [ -123.2697, 43.9609 ], [ -123.243, 43.9614 ], [ -123.2403, 43.9653 ], [ -123.2237, 43.9439 ], [ -123.2069, 43.9417 ], [ -123.1832, 43.9443 ], [ -123.1744, 43.9556 ], [ -123.1583, 43.959 ], [ -123.1307, 43.9548 ], [ -123.1387, 43.944 ], [ -123.1549, 43.9418 ], [ -123.1632, 43.9318 ], [ -123.1712, 43.9141 ], [ -123.1643, 43.8963 ], [ -123.185, 43.8774 ], [ -123.1833, 43.8641 ], [ -123.1589, 43.8592 ], [ -123.1609, 43.8531 ], [ -123.1644, 43.8571 ], [ -123.1759, 43.8504 ], [ -123.1605, 43.8369 ], [ -123.1622, 43.8281 ], [ -123.1541, 43.8264 ], [ -123.1657, 43.8183 ], [ -123.1609, 43.8147 ], [ -123.1731, 43.8058 ], [ -123.1835, 43.7857 ], [ -123.175, 43.7807 ], [ -123.1641, 43.7854 ], [ -123.1537, 43.7796 ], [ -123.3482, 43.7802 ], [ -123.3482, 43.8092 ], [ -123.4704, 43.8101 ], [ -123.4703, 43.8312 ], [ -123.5292, 43.8301 ], [ -123.529, 43.8683 ], [ -123.5798, 43.8683 ], [ -123.5796, 43.8911 ], [ -123.6196, 43.8917 ], [ -123.619, 43.9211 ], [ -123.6589, 43.9217 ], [ -123.6588, 43.9365 ], [ -123.7038, 43.9374 ], [ -123.7038, 43.9443 ], [ -123.7347, 43.9441 ], [ -123.7214, 43.9783 ], [ -123.7426, 43.9824 ], [ -123.7547, 43.9947 ], [ -123.7769, 44.0023 ], [ -123.7676, 44.0128 ] ] ] } },
{ "type": "Feature", "properties": { "GEOIDFQ": "1400000US41039001002", "NAME": "10.02", "NAMELSAD": "Census Tract 10.02" }, "geometry": { "type": "Polygon", "coordinates": [ [ [ -123.3013, 43.9967 ], [ -123.2828, 43.9972 ], [ -123.2506, 44.0235 ], [ -123.249, 44.0318 ], [ -123.2698, 44.0431 ], [ -123.2687, 44.0526 ], [ -123.224, 44.0558 ], [ -123.1958, 44.0485 ], [ -123.1624, 44.048 ], [ -123.163, 44.0236 ], [ -123.1403, 44.0092 ], [ -123.1529, 43.9887 ], [ -123.1309, 43.9815 ], [ -123.1073, 43.9644 ], [ -123.1286, 43.9551 ], [ -123.1575, 43.9591 ], [ -123.1744, 43.9556 ], [ -123.1832, 43.9443 ], [ -123.2074, 43.9417 ], [ -123.2237, 43.9439 ], [ -123.2403, 43.9653 ], [ -123.243, 43.9614 ], [ -123.2697, 43.9609 ], [ -123.2781, 43.949 ], [ -123.289, 43.9496 ], [ -123.3249, 43.9825 ], [ -123.3013, 43.9967 ] ] ] } },
{ "type": "Feature", "properties": { "GEOIDFQ": "1400000US41039000300", "NAME": "3", "NAMELSAD": "Census Tract 3" }, "geometry": { "type": "Polygon", "coordinates": [ [ [ -122.9795, 44.2006 ], [ -123.0001, 44.1857 ], [ -123.0078, 44.1724 ], [ -122.9848, 44.1559 ], [ -122.9781, 44.1328 ], [ -123.0183, 44.1115 ], [ -123.036, 44.1222 ], [ -123.0453, 44.1181 ], [ -123.0456, 44.1116 ], [ -123.1079, 44.1235 ], [ -123.1215, 44.1363 ], [ -123.1166, 44.147 ], [ -123.1307, 44.1535 ], [ -123.127, 44.1621 ], [ -123.1343, 44.171 ], [ -123.1287, 44.1803 ], [ -123.142, 44.1826 ], [ -123.1476, 44.1962 ], [ -123.1654, 44.2001 ], [ -122.9795, 44.2006 ] ] ] } },
{ "type": "Feature", "properties": { "GEOIDFQ": "1400000US41039002800", "NAME": "28", "NAMELSAD": "Census Tract 28" }, "geometry": { "type": "Polygon", "coordinates": [ [ [ -123.1383, 44.0957 ], [ -123.1067, 44.0952 ], [ -123.1173, 44.0906 ], [ -123.1161, 44.0817 ], [ -123.1371, 44.0818 ], [ -123.1383, 44.0957 ] ] ] } },
{ "type": "Feature", "properties": { "GEOIDFQ": "1400000US41039000902", "NAME": "9.02", "NAMELSAD": "Census Tract 9.02" }, "geometry": { "type": "Polygon", "coordinates": [ [ [ -123.6153, 44.0706 ], [ -123.6162, 44.0881 ], [ -123.6065, 44.0985 ], [ -123.5889, 44.11 ], [ -123.5635, 44.1074 ], [ -123.5488, 44.1127 ], [ -123.5453, 44.1289 ], [ -123.516, 44.1397 ], [ -123.4966, 44.1592 ], [ -123.4738, 44.1519 ], [ -123.475, 44.147 ], [ -123.4858, 44.1452 ], [ -123.464, 44.1174 ], [ -123.446, 44.1294 ], [ -123.4491, 44.1346 ], [ -123.4387, 44.1289 ], [ -123.3789, 44.1315 ], [ -123.359, 44.134 ], [ -123.3416, 44.143 ], [ -123.3153, 44.1449 ], [ -123.3077, 44.1563 ], [ -123.2906, 44.153 ], [ -123.3035, 44.1362 ], [ -123.3019, 44.1108 ], [ -123.311, 44.0975 ], [ -123.3457, 44.0657 ], [ -123.3675, 44.0603 ], [ -123.372, 44.0505 ], [ -123.397, 44.0451 ], [ -123.3834, 44.0419 ], [ -123.3715, 44.029 ], [ -123.3966, 44.0155 ], [ -123.4096, 43.9955 ], [ -123.4057, 43.9794 ], [ -123.423, 43.9701 ], [ -123.4276, 43.985 ], [ -123.4532, 43.9776 ], [ -123.5072, 43.9883 ], [ -123.5335, 43.9978 ], [ -123.5381, 44.0128 ], [ -123.5532, 44.0223 ], [ -123.5742, 44.0197 ], [ -123.5894, 44.0295 ], [ -123.6072, 44.029 ], [ -123.6137, 44.0564 ], [ -123.6258, 44.0653 ], [ -123.6153, 44.0706 ] ] ] } },
{ "type": "Feature", "properties": { "GEOIDFQ": "1400000US41039001801", "NAME": "18.01", "NAMELSAD": "Census Tract 18.01" }, "geometry": { "type": "Polygon", "coordinates": [ [ [ -122.929, 44.034 ], [ -122.9307, 44.0457 ], [ -122.8402, 44.0546 ], [ -122.8371, 44.045 ], [ -122.8591, 44.031 ], [ -122.8662, 44.0192 ], [ -122.8906, 44.0134 ], [ -122.906, 44.0004 ], [ -122.936, 44.0335 ], [ -122.929, 44.034 ] ] ] } },
{ "type": "Feature", "properties": { "GEOIDFQ": "1400000US41039003600", "NAME": "36", "NAMELSAD": "Census Tract 36" }, "geometry": { "type": "Polygon", "coordinates": [ [ [ -123.0601, 44.0075 ], [ -123.0698, 44.0235 ], [ -123.0599, 44.0225 ], [ -123.0558, 44.0442 ], [ -123.0303, 44.0472 ], [ -123.0148, 43.9998 ], [ -123.0224, 43.9954 ], [ -123.0651, 43.9948 ], [ -123.0724, 44.0025 ], [ -123.0601, 44.0075 ] ] ] } },
{ "type": "Feature", "properties": { "GEOIDFQ": "1400000US41039001101", "NAME": "11.01", "NAMELSAD": "Census Tract 11.01" }, "geometry": { "type": "Polygon", "coordinates": [ [ [ -123.1557, 43.9412 ], [ -123.1393, 43.9437 ], [ -123.1307, 43.9548 ], [ -123.1073, 43.9644 ], [ -123.1309, 43.9815 ], [ -123.1529, 43.9887 ], [ -123.1403, 44.0092 ], [ -123.0889, 43.9869 ], [ -123.0657, 43.9906 ], [ -123.0651, 43.9948 ], [ -123.0224, 43.9954 ], [ -123.0148, 43.9998 ], [ -123.0117, 43.9884 ], [ -123.0242, 43.9707 ], [ -123.0242, 43.9511 ], [ -122.9999, 43.9566 ], [ -122.9774, 43.9531 ], [ -122.9748, 43.9262 ], [ -122.9569, 43.9024 ], [ -122.9791, 43.9158 ], [ -123.062, 43.9175 ], [ -123.0706, 43.9242 ], [ -123.1046, 43.9185 ], [ -123.1301, 43.9215 ], [ -123.1419, 43.9153 ], [ -123.162, 43.9151 ], [ -123.168, 43.9093 ], [ -123.1712, 43.9145 ], [ -123.1557, 43.9412 ] ] ] } },
{ "type": "Feature", "properties": { "GEOIDFQ": "1400000US41039001600", "NAME": "16", "NAMELSAD": "Census Tract 16" }, "geometry": { "type": "Polygon", "coordinates": [ [ [ -122.8906, 44.0134 ], [ -122.8662, 44.0192 ], [ -122.8606, 44.0294 ], [ -122.8193, 44.0195 ], [ -122.7944, 44.0209 ], [ -122.7849, 44.0284 ], [ -122.7541, 44.0323 ], [ -122.7568, 44.0409 ], [ -122.7301, 44.0361 ], [ -122.7208, 44.0497 ], [ -122.7006, 44.0508 ], [ -122.6806, 44.0613 ], [ -122.6736, 44.0574 ], [ -122.6612, 44.0645 ], [ -122.6355, 44.0652 ], [ -122.6169, 44.058 ], [ -122.5987, 44.0679 ], [ -122.5824, 44.066 ], [ -122.5765, 44.081 ], [ -122.5436, 44.0716 ], [ -122.5394, 44.0767 ], [ -122.5271, 44.0733 ], [ -122.5216, 44.0785 ], [ -122.5154, 44.0691 ], [ -122.4911, 44.0572 ], [ -122.4678, 44.0588 ], [ -122.4672, 44.0444 ], [ -122.4524, 44.0488 ], [ -122.4472, 44.0404 ], [ -122.4297, 44.0473 ], [ -122.4162, 44.0405 ], [ -122.3876, 44.0507 ], [ -122.3717, 44.0325 ], [ -122.3586, 44.0335 ], [ -122.3482, 44.0204 ], [ -122.3304, 44.0103 ], [ -122.3195, 44.0117 ], [ -122.3127, 44.004 ], [ -122.3217, 43.989 ], [ -122.3157, 43.9757 ], [ -122.3241, 43.9703 ], [ -122.3165, 43.968 ], [ -122.3206, 43.955 ], [ -122.3422, 43.9485 ], [ -122.3699, 43.9284 ], [ -122.3787, 43.9301 ], [ -122.3827, 43.9387 ], [ -122.391, 43.9333 ], [ -122.4109, 43.9354 ], [ -122.4254, 43.9176 ], [ -122.4251, 43.908 ], [ -122.4369, 43.9098 ], [ -122.4514, 43.8983 ], [ -122.4616, 43.9022 ], [ -122.4836, 43.8965 ], [ -122.4896, 43.8679 ], [ -122.4694, 43.8498 ], [ -122.4754, 43.8363 ], [ -122.5427, 43.8375 ], [ -122.5549, 43.8304 ], [ -122.5725, 43.8464 ], [ -122.5894, 43.8381 ], [ -122.592, 43.8172 ], [ -122.6016, 43.8259 ], [ -122.6204, 43.8268 ], [ -122.6336, 43.8122 ], [ -122.6868, 43.7915 ], [ -122.7098, 43.7981 ], [ -122.7418, 43.7898 ], [ -122.7512, 43.7813 ], [ -122.7906, 43.776 ], [ -122.7973, 43.7788 ], [ -122.7982, 43.7912 ], [ -122.8278, 43.7925 ], [ -122.8364, 43.8105 ], [ -122.8908, 43.8399 ], [ -122.8967, 43.8564 ], [ -122.8907, 43.88 ], [ -122.8742, 43.8844 ], [ -122.8491, 43.8801 ], [ -122.8277, 43.8932 ], [ -122.8232, 43.9068 ], [ -122.8449, 43.9329 ], [ -122.8608, 43.9369 ], [ -122.8753, 43.9502 ], [ -122.8889, 43.9822 ], [ -122.903, 43.9908 ], [ -122.9063, 44.0003 ], [ -122.8906, 44.0134 ] ] ] } },
{ "type": "Feature", "properties": { "GEOIDFQ": "1400000US41039002201", "NAME": "22.01", "NAMELSAD": "Census Tract 22.01" }, "geometry": { "type": "Polygon", "coordinates": [ [ [ -123.1115, 44.1282 ], [ -123.0808, 44.1163 ], [ -123.0813, 44.088 ], [ -123.1067, 44.0952 ], [ -123.1003, 44.1108 ], [ -123.1147, 44.121 ], [ -123.1115, 44.1282 ] ] ] } },
{ "type": "Feature", "properties": { "GEOIDFQ": "1400000US41039001500", "NAME": "15", "NAMELSAD": "Census Tract 15" }, "geometry": { "type": "Polygon", "coordinates": [ [ [ -122.6336, 43.8122 ], [ -122.6204, 43.8268 ], [ -122.6016, 43.8259 ], [ -122.592, 43.8172 ], [ -122.5894, 43.8381 ], [ -122.5725, 43.8464 ], [ -122.5549, 43.8304 ], [ -122.5427, 43.8375 ], [ -122.4754, 43.8363 ], [ -122.4694, 43.8498 ], [ -122.4896, 43.8679 ], [ -122.4828, 43.8971 ], [ -122.4616, 43.9022 ], [ -122.4514, 43.8983 ], [ -122.4369, 43.9098 ], [ -122.4251, 43.908 ], [ -122.4254, 43.9176 ], [ -122.4109, 43.9354 ], [ -122.391, 43.9333 ], [ -122.3827, 43.9387 ], [ -122.378, 43.9296 ], [ -122.3664, 43.9295 ], [ -122.3422, 43.9485 ], [ -122.3203, 43.9552 ], [ -122.3165, 43.968 ], [ -122.3227, 43.9713 ], [ -122.3157, 43.9708 ], [ -122.3142, 43.9623 ], [ -122.2925, 43.9633 ], [ -122.2785, 43.9737 ], [ -122.2876, 43.9726 ], [ -122.2935, 43.9784 ], [ -122.2888, 43.982 ], [ -122.2744, 43.9862 ], [ -122.2623, 43.9788 ], [ -122.2488, 43.9815 ], [ -122.2456, 43.968 ], [ -122.2265, 43.9671 ], [ -122.2267, 43.961 ], [ -122.1986, 43.9529 ], [ -122.19, 43.9318 ], [ -122.194, 43.9078 ], [ -122.1853, 43.8981 ], [ -122.1508, 43.9007 ], [ -122.1424, 43.8934 ], [ -122.1293, 43.8947 ], [ -122.1089, 43.9087 ], [ -122.0908, 43.9052 ], [ -122.087, 43.8997 ], [ -122.0892, 43.906 ], [ -122.0827, 43.9048 ], [ -122.0779, 43.8966 ], [ -122.0707, 43.9023 ], [ -122.0407, 43.9026 ], [ -122.0318, 43.9106 ], [ -122.0182, 43.9077 ], [ -122.0024, 43.8806 ], [ -121.9822, 43.8674 ], [ -121.9754, 43.8554 ], [ -121.9755, 43.8118 ], [ -121.9635, 43.8093 ], [ -121.9676, 43.7882 ], [ -121.9605, 43.7812 ], [ -121.9695, 43.7685 ], [ -121.9609, 43.7639 ], [ -121.9812, 43.7434 ], [ -121.9736, 43.7311 ], [ -121.9746, 43.7086 ], [ -121.9669, 43.7034 ], [ -121.9782, 43.688 ], [ -121.9871, 43.6544 ], [ -121.9805, 43.6397 ], [ -121.9649, 43.627 ], [ -122.0001, 43.6264 ], [ -122.011, 43.6093 ], [ -122.0715, 43.5877 ], [ -122.0713, 43.5796 ], [ -122.0935, 43.5792 ], [ -122.131, 43.5573 ], [ -122.1429, 43.537 ], [ -122.1403, 43.5294 ], [ -122.1495, 43.5207 ], [ -122.1298, 43.5057 ], [ -122.1309, 43.4851 ], [ -122.1408, 43.4663 ], [ -122.1369, 43.4562 ], [ -122.153, 43.4476 ], [ -122.132, 43.4402 ], [ -122.4471, 43.4414 ], [ -122.4767, 43.4612 ], [ -122.47, 43.4766 ], [ -122.4955, 43.4848 ], [ -122.4982, 43.4798 ], [ -122.5153, 43.4824 ], [ -122.4986, 43.5153 ], [ -122.5236, 43.535 ], [ -122.5267, 43.5483 ], [ -122.5391, 43.554 ], [ -122.544, 43.5638 ], [ -122.5536, 43.5636 ], [ -122.5672, 43.5816 ], [ -122.5403, 43.59 ], [ -122.5454, 43.6072 ], [ -122.5308, 43.6154 ], [ -122.5308, 43.6227 ], [ -122.5374, 43.6238 ], [ -122.5419, 43.6345 ], [ -122.5701, 43.6391 ], [ -122.5617, 43.6504 ], [ -122.5644, 43.6624 ], [ -122.5736, 43.6664 ], [ -122.5683, 43.6829 ], [ -122.5772, 43.6943 ], [ -122.5774, 43.7071 ], [ -122.6019, 43.7195 ], [ -122.5922, 43.7255 ], [ -122.5981, 43.729 ], [ -122.5942, 43.7426 ], [ -122.6242, 43.7585 ], [ -122.6399, 43.7572 ], [ -122.6458, 43.7809 ], [ -122.67, 43.7978 ], [ -122.6336, 43.8122 ] ] ] } },
{ "type": "Feature", "properties": { "GEOIDFQ": "1400000US41039005400", "NAME": "54", "NAMELSAD": "Census Tract 54" }, "geometry": { "type": "Polygon", "coordinates": [ [ [ -123.1211, 44.0157 ], [ -123.0804, 44.0135 ], [ -123.0889, 43.9943 ], [ -123.0824, 43.9878 ], [ -123.0946, 43.9882 ], [ -123.1005, 43.9951 ], [ -123.1402, 44.0092 ], [ -123.1211, 44.0157 ] ] ] } },
{ "type": "Feature", "properties": { "GEOIDFQ": "1400000US41039002101", "NAME": "21.01", "NAMELSAD": "Census Tract 21.01" }, "geometry": { "type": "Polygon", "coordinates": [ [ [ -123.0455, 44.1116 ], [ -123.0325, 44.1074 ], [ -123.0325, 44.0936 ], [ -123.0169, 44.0898 ], [ -123.0257, 44.0774 ], [ -123.017, 44.0744 ], [ -123.0194, 44.0611 ], [ -123.0258, 44.0611 ], [ -123.0315, 44.0835 ], [ -123.0469, 44.0841 ], [ -123.0455, 44.1116 ] ] ] } },
{ "type": "Feature", "properties": { "GEOIDFQ": "1400000US41039000500", "NAME": "5", "NAMELSAD": "Census Tract 5" }, "geometry": { "type": "Polygon", "coordinates": [ [ [ -124.0038, 44.0037 ], [ -123.9832, 44.0147 ], [ -123.9384, 44.0147 ], [ -123.9382, 44.0213 ], [ -123.9216, 44.0213 ], [ -123.9298, 44.028 ], [ -123.9143, 44.0397 ], [ -123.9404, 44.0602 ], [ -123.9076, 44.0669 ], [ -123.8945, 44.0766 ], [ -123.8962, 44.0893 ], [ -123.8664, 44.1054 ], [ -123.8776, 44.1101 ], [ -123.8861, 44.1283 ], [ -123.8498, 44.1274 ], [ -123.8529, 44.1154 ], [ -123.8492, 44.1119 ], [ -123.8407, 44.1284 ], [ -123.8447, 44.1348 ], [ -123.8264, 44.1528 ], [ -123.8262, 44.1635 ], [ -123.8096, 44.16 ], [ -123.8095, 44.1784 ], [ -123.801, 44.1866 ], [ -123.8154, 44.2028 ], [ -123.812, 44.2179 ], [ -123.8363, 44.2213 ], [ -123.8457, 44.2306 ], [ -123.8373, 44.2268 ], [ -123.8342, 44.2352 ], [ -123.8241, 44.2333 ], [ -123.83, 44.2481 ], [ -123.8117, 44.2527 ], [ -123.8123, 44.2613 ], [ -123.7974, 44.2748 ], [ -123.799, 44.2833 ], [ -123.7154, 44.2839 ], [ -123.7154, 44.2803 ], [ -123.5933, 44.2767 ], [ -123.5933, 44.2819 ], [ -123.5736, 44.2826 ], [ -123.4545, 44.2801 ], [ -123.4492, 44.2687 ], [ -123.4525, 44.2449 ], [ -123.4739, 44.2313 ], [ -123.4614, 44.2243 ], [ -123.4593, 44.211 ], [ -123.4856, 44.2124 ], [ -123.4823, 44.196 ], [ -123.488, 44.1929 ], [ -123.4795, 44.1853 ], [ -123.5009, 44.1719 ], [ -123.4915, 44.1609 ], [ -123.5069, 44.1468 ], [ -123.5453, 44.1289 ], [ -123.5488, 44.1127 ], [ -123.5628, 44.1075 ], [ -123.5917, 44.1092 ], [ -123.6147, 44.0901 ], [ -123.6153, 44.0706 ], [ -123.6251, 44.0632 ], [ -123.6407, 44.068 ], [ -123.6574, 44.0633 ], [ -123.6526, 44.0463 ], [ -123.6408, 44.0386 ], [ -123.6534, 44.0283 ], [ -123.6678, 44.0228 ], [ -123.6933, 44.0238 ], [ -123.6977, 44.0354 ], [ -123.7082, 44.0375 ], [ -123.738, 44.0168 ], [ -123.7633, 44.0146 ], [ -123.7763, 44.0038 ], [ -123.753, 43.9935 ], [ -123.7505, 43.9859 ], [ -123.7214, 43.9783 ], [ -123.7344, 43.9442 ], [ -123.827, 43.9448 ], [ -123.8526, 43.9206 ], [ -123.8724, 43.9167 ], [ -123.8828, 43.9046 ], [ -123.8972, 43.9047 ], [ -123.9024, 43.8963 ], [ -123.9162, 43.8973 ], [ -123.9172, 43.9054 ], [ -123.9078, 43.915 ], [ -123.9142, 43.9212 ], [ -123.9103, 43.9313 ], [ -123.932, 43.9559 ], [ -123.9446, 43.9605 ], [ -123.9473, 43.9735 ], [ -124.0014, 43.9697 ], [ -124.0154, 43.9846 ], [ -124.0038, 44.0037 ] ] ] } },
{ "type": "Feature", "properties": { "GEOIDFQ": "1400000US41047000400", "NAME": "4", "NAMELSAD": "Census Tract 4" }, "geometry": { "type": "Polygon", "coordinates": [ [ [ -123.0138, 44.9775 ], [ -123.0008, 44.997 ], [ -122.994, 44.9836 ], [ -123.0141, 44.9617 ], [ -123.0358, 44.9623 ], [ -123.0378, 44.9763 ], [ -123.0138, 44.9775 ] ] ] } },
{ "type": "Feature", "properties": { "GEOIDFQ": "1400000US41039001904", "NAME": "19.04", "NAMELSAD": "Census Tract 19.04" }, "geometry": { "type": "Polygon", "coordinates": [ [ [ -122.9307, 44.0457 ], [ -122.929, 44.034 ], [ -122.9621, 44.0391 ], [ -122.9633, 44.0426 ], [ -122.9307, 44.0457 ] ] ] } },
{ "type": "Feature", "properties": { "GEOIDFQ": "1400000US41047010702", "NAME": "107.02", "NAMELSAD": "Census Tract 107.02" }, "geometry": { "type": "Polygon", "coordinates": [ [ [ -122.8662, 44.8604 ], [ -122.861, 44.8608 ], [ -122.8558, 44.8795 ], [ -122.8362, 44.8861 ], [ -122.8232, 44.9028 ], [ -122.8167, 44.903 ], [ -122.813, 44.9151 ], [ -122.7554, 44.9162 ], [ -122.7561, 44.9241 ], [ -122.7497, 44.9232 ], [ -122.7489, 44.9155 ], [ -122.7317, 44.9018 ], [ -122.7277, 44.8807 ], [ -122.7177, 44.8736 ], [ -122.7081, 44.8724 ], [ -122.6739, 44.8491 ], [ -122.6602, 44.8533 ], [ -122.6489, 44.8351 ], [ -122.6124, 44.8283 ], [ -122.6321, 44.8219 ], [ -122.6211, 44.8187 ], [ -122.6204, 44.8131 ], [ -122.6405, 44.8113 ], [ -122.6278, 44.8054 ], [ -122.6317, 44.794 ], [ -122.6474, 44.7903 ], [ -122.6603, 44.7803 ], [ -122.6916, 44.7754 ], [ -122.7138, 44.7802 ], [ -122.7257, 44.7931 ], [ -122.745, 44.7877 ], [ -122.7653, 44.7932 ], [ -122.7944, 44.7915 ], [ -122.7706, 44.7982 ], [ -122.7598, 44.7944 ], [ -122.7397, 44.7991 ], [ -122.8284, 44.8308 ], [ -122.8183, 44.8026 ], [ -122.8351, 44.8025 ], [ -122.8349, 44.7914 ], [ -122.8246, 44.7952 ], [ -122.8147, 44.7939 ], [ -122.8118, 44.7876 ], [ -122.8033, 44.7887 ], [ -122.8261, 44.7713 ], [ -122.8466, 44.7744 ], [ -122.8495, 44.7625 ], [ -122.8609, 44.7581 ], [ -122.8664, 44.7753 ], [ -122.8662, 44.8604 ] ] ] } },
{ "type": "Feature", "properties": { "GEOIDFQ": "1400000US41047001703", "NAME": "17.03", "NAMELSAD": "Census Tract 17.03" }, "geometry": { "type": "Polygon", "coordinates": [ [ [ -122.9667, 44.9397 ], [ -122.9675, 44.9483 ], [ -122.9585, 44.9489 ], [ -122.9589, 44.9549 ], [ -122.9299, 44.9559 ], [ -122.9323, 44.931 ], [ -122.9736, 44.9317 ], [ -122.9761, 44.9368 ], [ -122.9667, 44.9397 ] ] ] } },
{ "type": "Feature", "properties": { "GEOIDFQ": "1400000US41047002800", "NAME": "28", "NAMELSAD": "Census Tract 28" }, "geometry": { "type": "Polygon", "coordinates": [ [ [ -123.1799, 44.8456 ], [ -123.159, 44.8455 ], [ -123.1461, 44.8629 ], [ -123.0997, 44.8696 ], [ -123.0861, 44.8689 ], [ -123.0866, 44.8615 ], [ -123.0628, 44.8614 ], [ -123.0628, 44.8563 ], [ -123.0166, 44.8602 ], [ -123.0084, 44.8375 ], [ -123.0274, 44.8097 ], [ -123.0563, 44.8336 ], [ -123.0765, 44.8342 ], [ -123.0907, 44.8221 ], [ -123.1114, 44.8217 ], [ -123.171, 44.8293 ], [ -123.1799, 44.8456 ] ] ] } },
{ "type": "Feature", "properties": { "GEOIDFQ": "1400000US41047001603", "NAME": "16.03", "NAMELSAD": "Census Tract 16.03" }, "geometry": { "type": "Polygon", "coordinates": [ [ [ -122.9616, 44.9971 ], [ -122.9329, 44.9956 ], [ -122.9341, 44.9866 ], [ -122.9237, 44.9795 ], [ -122.9308, 44.9722 ], [ -122.9222, 44.9686 ], [ -122.9329, 44.9557 ], [ -122.9664, 44.9549 ], [ -122.9621, 44.962 ], [ -122.9681, 44.9625 ], [ -122.9616, 44.9971 ] ] ] } },
{ "type": "Feature", "properties": { "GEOIDFQ": "1400000US41047010400", "NAME": "104", "NAMELSAD": "Census Tract 104" }, "geometry": { "type": "Polygon", "coordinates": [ [ [ -122.8537, 45.0787 ], [ -122.8512, 45.0773 ], [ -122.8449, 45.0778 ], [ -122.8513, 45.0818 ], [ -122.8279, 45.0876 ], [ -122.8306, 45.102 ], [ -122.8395, 45.1083 ], [ -122.8249, 45.1055 ], [ -122.8202, 45.1262 ], [ -122.7978, 45.1256 ], [ -122.7968, 45.1306 ], [ -122.7854, 45.1325 ], [ -122.7758, 45.1187 ], [ -122.7499, 45.1078 ], [ -122.7046, 45.061 ], [ -122.7373, 45.028 ], [ -122.7625, 45.0369 ], [ -122.8053, 45.0314 ], [ -122.8063, 45.0384 ], [ -122.8331, 45.0366 ], [ -122.8318, 45.0461 ], [ -122.823, 45.0499 ], [ -122.8248, 45.0537 ], [ -122.8339, 45.0508 ], [ -122.8384, 45.0571 ], [ -122.828, 45.0606 ], [ -122.8276, 45.0674 ], [ -122.8394, 45.0616 ], [ -122.8365, 45.0677 ], [ -122.8432, 45.0736 ], [ -122.8574, 45.0749 ], [ -122.8537, 45.0787 ] ] ] } },
{ "type": "Feature", "properties": { "GEOIDFQ": "1400000US41047001300", "NAME": "13", "NAMELSAD": "Census Tract 13" }, "geometry": { "type": "Polygon", "coordinates": [ [ [ -123.0675, 44.9322 ], [ -123.0444, 44.9442 ], [ -123.0456, 44.9126 ], [ -123.0889, 44.9093 ], [ -123.0675, 44.9322 ] ] ] } },
{ "type": "Feature", "properties": { "GEOIDFQ": "1400000US41047001803", "NAME": "18.03", "NAMELSAD": "Census Tract 18.03" }, "geometry": { "type": "Polygon", "coordinates": [ [ [ -122.9974, 44.8878 ], [ -122.9852, 44.8984 ], [ -122.9887, 44.9156 ], [ -122.9338, 44.8948 ], [ -122.9465, 44.8898 ], [ -122.9443, 44.8794 ], [ -122.9576, 44.8793 ], [ -122.9583, 44.8684 ], [ -122.9677, 44.8636 ], [ -122.9841, 44.8846 ], [ -122.9887, 44.8848 ], [ -122.9888, 44.8683 ], [ -123.0037, 44.8684 ], [ -122.9974, 44.8878 ] ] ] } },
{ "type": "Feature", "properties": { "GEOIDFQ": "1400000US41047010600", "NAME": "106", "NAMELSAD": "Census Tract 106" }, "geometry": { "type": "Polygon", "coordinates": [ [ [ -122.6317, 44.794 ], [ -122.6283, 44.8064 ], [ -122.6407, 44.8108 ], [ -122.6204, 44.8131 ], [ -122.6211, 44.8187 ], [ -122.6322, 44.8215 ], [ -122.6124, 44.8281 ], [ -122.6167, 44.8307 ], [ -122.5709, 44.8286 ], [ -122.5501, 44.8402 ], [ -122.5412, 44.8331 ], [ -122.5033, 44.833 ], [ -122.4905, 44.8445 ], [ -122.4828, 44.841 ], [ -122.4698, 44.8475 ], [ -122.4483, 44.8475 ], [ -122.4449, 44.862 ], [ -122.4298, 44.8574 ], [ -122.4047, 44.8594 ], [ -122.3989, 44.8799 ], [ -122.389, 44.8857 ], [ -121.7333, 44.8826 ], [ -121.7467, 44.8749 ], [ -121.7532, 44.8611 ], [ -121.7419, 44.8474 ], [ -121.7536, 44.8289 ], [ -121.7648, 44.8203 ], [ -121.8122, 44.8116 ], [ -121.8102, 44.806 ], [ -121.8202, 44.8003 ], [ -121.8124, 44.7816 ], [ -121.796, 44.7728 ], [ -121.7729, 44.7757 ], [ -121.7597, 44.7619 ], [ -121.7723, 44.76 ], [ -121.7744, 44.7525 ], [ -121.7916, 44.7463 ], [ -121.8046, 44.7292 ], [ -121.7944, 44.7259 ], [ -121.803, 44.7101 ], [ -121.7874, 44.6903 ], [ -121.7946, 44.6839 ], [ -121.9642, 44.6838 ], [ -121.981, 44.6938 ], [ -122.0004, 44.6875 ], [ -122.0176, 44.6909 ], [ -122.0334, 44.6856 ], [ -122.0597, 44.6975 ], [ -122.1087, 44.7072 ], [ -122.1429, 44.7263 ], [ -122.1967, 44.7032 ], [ -122.1993, 44.6962 ], [ -122.2184, 44.6932 ], [ -122.2314, 44.6985 ], [ -122.248, 44.7211 ], [ -122.2719, 44.7342 ], [ -122.2829, 44.7506 ], [ -122.3181, 44.7592 ], [ -122.3698, 44.7566 ], [ -122.3798, 44.7519 ], [ -122.4047, 44.7551 ], [ -122.4231, 44.7514 ], [ -122.4349, 44.7561 ], [ -122.4751, 44.7519 ], [ -122.4808, 44.7558 ], [ -122.5041, 44.7498 ], [ -122.5205, 44.754 ], [ -122.5225, 44.7642 ], [ -122.5644, 44.7681 ], [ -122.5698, 44.7747 ], [ -122.5991, 44.778 ], [ -122.6176, 44.7888 ], [ -122.6603, 44.7806 ], [ -122.6317, 44.794 ] ] ] } },
{ "type": "Feature", "properties": { "GEOIDFQ": "1400000US41047010501", "NAME": "105.01", "NAMELSAD": "Census Tract 105.01" }, "geometry": { "type": "Polygon", "coordinates": [ [ [ -122.785, 45.0041 ], [ -122.7677, 44.9889 ], [ -122.7601, 44.9899 ], [ -122.7551, 45.004 ], [ -122.7689, 45.004 ], [ -122.7721, 45.0117 ], [ -122.7629, 45.0305 ], [ -122.7583, 45.0348 ], [ -122.7373, 45.028 ], [ -122.7052, 45.0593 ], [ -122.6697, 45.0466 ], [ -122.6492, 45.0324 ], [ -122.6339, 45.0338 ], [ -122.5957, 45.0199 ], [ -122.595, 44.9909 ], [ -122.5686, 44.9835 ], [ -122.5487, 44.9505 ], [ -122.5354, 44.9366 ], [ -122.5175, 44.9328 ], [ -122.5081, 44.9196 ], [ -122.4805, 44.9216 ], [ -122.4372, 44.9029 ], [ -122.3996, 44.9041 ], [ -122.3932, 44.8918 ], [ -122.401, 44.8857 ], [ -122.386, 44.8841 ], [ -122.3989, 44.8799 ], [ -122.4047, 44.8594 ], [ -122.4298, 44.8574 ], [ -122.4449, 44.862 ], [ -122.4483, 44.8475 ], [ -122.4698, 44.8475 ], [ -122.4828, 44.841 ], [ -122.4905, 44.8445 ], [ -122.5022, 44.8334 ], [ -122.515, 44.8303 ], [ -122.5414, 44.8331 ], [ -122.5501, 44.8402 ], [ -122.5709, 44.8286 ], [ -122.6437, 44.833 ], [ -122.6521, 44.8368 ], [ -122.6602, 44.8533 ], [ -122.6739, 44.8491 ], [ -122.7196, 44.8753 ], [ -122.7195, 44.8837 ], [ -122.7037, 44.898 ], [ -122.7029, 44.9145 ], [ -122.7209, 44.919 ], [ -122.7234, 44.9295 ], [ -122.731, 44.9307 ], [ -122.7298, 44.9487 ], [ -122.7385, 44.962 ], [ -122.7541, 44.9638 ], [ -122.7607, 44.9783 ], [ -122.7894, 45.0019 ], [ -122.785, 45.0041 ] ] ] } },
{ "type": "Feature", "properties": { "GEOIDFQ": "1400000US41047010100", "NAME": "101", "NAMELSAD": "Census Tract 101" }, "geometry": { "type": "Polygon", "coordinates": [ [ [ -123.0376, 45.2225 ], [ -122.9996, 45.2238 ], [ -122.9954, 45.2366 ], [ -123.0008, 45.2593 ], [ -122.9678, 45.285 ], [ -122.9487, 45.2678 ], [ -122.9191, 45.2681 ], [ -122.8995, 45.2567 ], [ -122.8825, 45.2552 ], [ -122.8812, 45.2435 ], [ -122.8927, 45.2392 ], [ -122.8911, 45.2334 ], [ -122.8992, 45.2302 ], [ -122.9194, 45.2009 ], [ -122.9163, 45.1953 ], [ -122.9419, 45.1744 ], [ -122.9768, 45.0923 ], [ -123.0095, 45.0947 ], [ -123.0449, 45.0903 ], [ -123.0334, 45.099 ], [ -123.0148, 45.1018 ], [ -122.9964, 45.118 ], [ -123.0326, 45.1469 ], [ -123.0277, 45.1616 ], [ -123.0073, 45.1595 ], [ -123.0007, 45.1645 ], [ -123.0152, 45.1767 ], [ -123.0197, 45.1987 ], [ -123.0264, 45.2022 ], [ -123.0436, 45.1994 ], [ -123.0511, 45.2113 ], [ -123.0376, 45.2225 ] ] ] } },
{ "type": "Feature", "properties": { "GEOIDFQ": "1400000US41067033600", "NAME": "336", "NAMELSAD": "Census Tract 336" }, "geometry": { "type": "Polygon", "coordinates": [ [ [ -123.4854, 45.4471 ], [ -123.4639, 45.4473 ], [ -123.4612, 45.4916 ], [ -123.4411, 45.4913 ], [ -123.4427, 45.5211 ], [ -123.422, 45.5214 ], [ -123.4219, 45.5354 ], [ -123.4021, 45.5356 ], [ -123.402, 45.5501 ], [ -123.3611, 45.5499 ], [ -123.3611, 45.5788 ], [ -123.32, 45.5787 ], [ -123.3202, 45.593 ], [ -123.2993, 45.593 ], [ -123.2994, 45.6072 ], [ -123.3403, 45.6075 ], [ -123.3405, 45.6222 ], [ -123.3761, 45.6234 ], [ -123.3423, 45.6485 ], [ -123.306, 45.6547 ], [ -123.2751, 45.6502 ], [ -123.2667, 45.6397 ], [ -123.268, 45.6282 ], [ -123.2183, 45.5969 ], [ -123.2134, 45.5849 ], [ -123.1683, 45.5416 ], [ -123.172, 45.5308 ], [ -123.1584, 45.5167 ], [ -123.1459, 45.5063 ], [ -123.1324, 45.5054 ], [ -123.1239, 45.4903 ], [ -123.1562, 45.4613 ], [ -123.1534, 45.4451 ], [ -123.1776, 45.4485 ], [ -123.2093, 45.4337 ], [ -123.4861, 45.4336 ], [ -123.4854, 45.4471 ] ] ] } },
{ "type": "Feature", "properties": { "GEOIDFQ": "1400000US41047002400", "NAME": "24", "NAMELSAD": "Census Tract 24" }, "geometry": { "type": "Polygon", "coordinates": [ [ [ -123.1726, 44.8642 ], [ -123.1484, 44.862 ], [ -123.1262, 44.9083 ], [ -123.1076, 44.9189 ], [ -123.1115, 44.9302 ], [ -123.0728, 44.9277 ], [ -123.0889, 44.91 ], [ -123.0695, 44.9114 ], [ -123.0839, 44.8868 ], [ -123.0701, 44.883 ], [ -123.0826, 44.8711 ], [ -123.1461, 44.8629 ], [ -123.1597, 44.8453 ], [ -123.1799, 44.8456 ], [ -123.1809, 44.8563 ], [ -123.1726, 44.8642 ] ] ] } },
{ "type": "Feature", "properties": { "GEOIDFQ": "1400000US41047001000", "NAME": "10", "NAMELSAD": "Census Tract 10" }, "geometry": { "type": "Polygon", "coordinates": [ [ [ -123.0306, 44.9301 ], [ -123.0107, 44.9229 ], [ -123.0097, 44.9324 ], [ -122.9905, 44.9279 ], [ -122.9848, 44.8998 ], [ -122.9984, 44.8852 ], [ -123.0124, 44.8842 ], [ -123.0255, 44.8932 ], [ -123.0259, 44.9016 ], [ -123.0204, 44.9026 ], [ -123.0308, 44.9157 ], [ -123.0306, 44.9301 ] ] ] } },
{ "type": "Feature", "properties": { "GEOIDFQ": "1400000US41047010802", "NAME": "108.02", "NAMELSAD": "Census Tract 108.02" }, "geometry": { "type": "Polygon", "coordinates": [ [ [ -123.1458, 44.7702 ], [ -123.1269, 44.7911 ], [ -123.0991, 44.7984 ], [ -123.092, 44.8066 ], [ -123.0929, 44.8137 ], [ -123.1122, 44.8238 ], [ -123.0907, 44.8221 ], [ -123.0765, 44.8342 ], [ -123.0551, 44.8331 ], [ -123.0285, 44.8119 ], [ -123.0345, 44.7934 ], [ -123.0234, 44.7702 ], [ -122.9382, 44.7633 ], [ -122.9459, 44.7363 ], [ -122.9677, 44.7326 ], [ -122.9744, 44.6986 ], [ -122.9962, 44.6957 ], [ -123.0, 44.6869 ], [ -123.0181, 44.6976 ], [ -123.0138, 44.714 ], [ -123.0189, 44.7247 ], [ -123.0348, 44.7209 ], [ -123.0424, 44.7267 ], [ -123.0408, 44.7368 ], [ -123.0601, 44.7377 ], [ -123.0622, 44.748 ], [ -123.0789, 44.7431 ], [ -123.1001, 44.7463 ], [ -123.113, 44.7595 ], [ -123.1215, 44.7516 ], [ -123.1422, 44.7488 ], [ -123.1484, 44.7551 ], [ -123.1458, 44.7702 ] ] ] } },
{ "type": "Feature", "properties": { "GEOIDFQ": "1400000US41067031622", "NAME": "316.22", "NAMELSAD": "Census Tract 316.22" }, "geometry": { "type": "Polygon", "coordinates": [ [ [ -122.8547, 45.5226 ], [ -122.8394, 45.5126 ], [ -122.8548, 45.5125 ], [ -122.8547, 45.5226 ] ] ] } },
{ "type": "Feature", "properties": { "GEOIDFQ": "1400000US41067031619", "NAME": "316.19", "NAMELSAD": "Census Tract 316.19" }, "geometry": { "type": "Polygon", "coordinates": [ [ [ -122.8674, 45.5177 ], [ -122.8675, 45.5277 ], [ -122.854, 45.5207 ], [ -122.8548, 45.5125 ], [ -122.8674, 45.5177 ] ] ] } },
{ "type": "Feature", "properties": { "GEOIDFQ": "1400000US41015950302", "NAME": "9503.02", "NAMELSAD": "Census Tract 9503.02" }, "geometry": { "type": "Polygon", "coordinates": [ [ [ -124.2996, 42.0758 ], [ -124.2912, 42.0896 ], [ -124.283, 42.0894 ], [ -124.2767, 42.0698 ], [ -124.2851, 42.0586 ], [ -124.2783, 42.0535 ], [ -124.269, 42.0549 ], [ -124.2697, 42.0457 ], [ -124.2819, 42.0376 ], [ -124.2909, 42.0389 ], [ -124.3089, 42.0595 ], [ -124.3259, 42.0608 ], [ -124.3285, 42.0674 ], [ -124.2996, 42.0758 ] ] ] } },
{ "type": "Feature", "properties": { "GEOIDFQ": "1400000US41015950301", "NAME": "9503.01", "NAMELSAD": "Census Tract 9503.01" }, "geometry": { "type": "Polygon", "coordinates": [ [ [ -124.4152, 42.2795 ], [ -124.4006, 42.2776 ], [ -124.397, 42.2718 ], [ -124.3924, 42.2765 ], [ -124.3858, 42.2675 ], [ -124.3713, 42.2763 ], [ -124.3574, 42.2742 ], [ -124.3438, 42.283 ], [ -124.3323, 42.279 ], [ -124.307, 42.2824 ], [ -124.3014, 42.2762 ], [ -124.2876, 42.2835 ], [ -124.2973, 42.3197 ], [ -124.303, 42.3109 ], [ -124.3115, 42.3187 ], [ -124.3115, 42.3143 ], [ -124.3319, 42.322 ], [ -124.3281, 42.3324 ], [ -124.3203, 42.3318 ], [ -124.336, 42.3436 ], [ -124.3432, 42.3742 ], [ -124.3328, 42.3812 ], [ -124.3282, 42.42 ], [ -124.3118, 42.4151 ], [ -124.3026, 42.418 ], [ -124.3143, 42.4228 ], [ -124.3043, 42.4332 ], [ -124.3061, 42.4436 ], [ -124.3255, 42.4461 ], [ -124.3489, 42.4637 ], [ -124.3355, 42.459 ], [ -124.3057, 42.4743 ], [ -124.3155, 42.4786 ], [ -124.3104, 42.4942 ], [ -124.2972, 42.5043 ], [ -124.2674, 42.5032 ], [ -124.2598, 42.4982 ], [ -124.2311, 42.5012 ], [ -124.2262, 42.4953 ], [ -124.1949, 42.4881 ], [ -124.1913, 42.5015 ], [ -124.1227, 42.5564 ], [ -124.0914, 42.5612 ], [ -124.0861, 42.5542 ], [ -124.076, 42.5572 ], [ -124.0633, 42.5475 ], [ -124.0539, 42.5477 ], [ -124.0469, 42.5312 ], [ -124.051, 42.5261 ], [ -124.0322, 42.5114 ], [ -124.0317, 42.4922 ], [ -124.002, 42.4841 ], [ -124.0017, 42.445 ], [ -124.0148, 42.4334 ], [ -124.0088, 42.4192 ], [ -124.0355, 42.4022 ], [ -124.042, 42.3877 ], [ -124.0287, 42.361 ], [ -123.9496, 42.3565 ], [ -123.9365, 42.3616 ], [ -123.9204, 42.3465 ], [ -123.888, 42.3515 ], [ -123.8779, 42.3449 ], [ -123.8791, 42.3355 ], [ -123.8696, 42.3228 ], [ -123.8513, 42.3206 ], [ -123.8395, 42.3122 ], [ -123.8473, 42.2992 ], [ -123.8379, 42.2947 ], [ -123.8225, 42.2646 ], [ -123.8149, 42.2624 ], [ -123.812, 42.2436 ], [ -123.7922, 42.2376 ], [ -123.7905, 42.2205 ], [ -123.8083, 42.2173 ], [ -123.8189, 42.2036 ], [ -123.8213, 42.1898 ], [ -123.8135, 42.184 ], [ -123.8126, 42.1697 ], [ -123.8224, 42.1593 ], [ -123.8295, 42.1735 ], [ -123.8682, 42.1886 ], [ -123.8871, 42.1897 ], [ -123.8985, 42.2146 ], [ -123.9126, 42.2072 ], [ -123.921, 42.1978 ], [ -123.9192, 42.1888 ], [ -123.937, 42.1767 ], [ -123.9567, 42.1811 ], [ -124.0045, 42.172 ], [ -124.0367, 42.1476 ], [ -124.0518, 42.1509 ], [ -124.0575, 42.1812 ], [ -124.0637, 42.184 ], [ -124.0833, 42.1838 ], [ -124.1032, 42.1926 ], [ -124.134, 42.1871 ], [ -124.1479, 42.1762 ], [ -124.1418, 42.1625 ], [ -124.146, 42.1477 ], [ -124.1568, 42.1468 ], [ -124.1659, 42.1388 ], [ -124.17, 42.1431 ], [ -124.1783, 42.1408 ], [ -124.1752, 42.131 ], [ -124.1873, 42.1217 ], [ -124.1958, 42.1227 ], [ -124.1851, 42.1126 ], [ -124.1957, 42.0964 ], [ -124.1953, 42.0765 ], [ -124.2267, 42.0635 ], [ -124.2556, 42.0722 ], [ -124.269, 42.0549 ], [ -124.2783, 42.0535 ], [ -124.2851, 42.0586 ], [ -124.2767, 42.0698 ], [ -124.283, 42.0894 ], [ -124.2912, 42.0896 ], [ -124.2996, 42.0758 ], [ -124.3303, 42.0674 ], [ -124.337, 42.082 ], [ -124.3551, 42.0927 ], [ -124.3594, 42.13 ], [ -124.3716, 42.1536 ], [ -124.3686, 42.1794 ], [ -124.4113, 42.2263 ], [ -124.4178, 42.2525 ], [ -124.4152, 42.2795 ] ] ] } },
{ "type": "Feature", "properties": { "GEOIDFQ": "1400000US41015950100", "NAME": "9501", "NAMELSAD": "Census Tract 9501" }, "geometry": { "type": "Polygon", "coordinates": [ [ [ -124.5959, 42.8162 ], [ -124.5877, 42.8369 ], [ -124.5526, 42.8588 ], [ -124.5551, 42.8745 ], [ -124.5325, 42.8852 ], [ -124.4901, 42.9543 ], [ -124.2584, 42.9549 ], [ -124.2533, 42.9438 ], [ -124.2391, 42.9409 ], [ -124.2394, 42.9338 ], [ -124.2196, 42.9338 ], [ -124.2194, 42.9182 ], [ -124.2097, 42.9182 ], [ -124.2142, 42.904 ], [ -124.19, 42.8967 ], [ -124.1807, 42.8824 ], [ -124.1613, 42.8835 ], [ -124.1621, 42.8697 ], [ -124.1464, 42.8621 ], [ -124.1412, 42.8285 ], [ -124.1607, 42.8283 ], [ -124.1649, 42.79 ], [ -124.1602, 42.7901 ], [ -124.16, 42.7399 ], [ -124.1387, 42.74 ], [ -124.1387, 42.6711 ], [ -124.1329, 42.6667 ], [ -124.1192, 42.6711 ], [ -124.1192, 42.6783 ], [ -124.0899, 42.6782 ], [ -124.0899, 42.6855 ], [ -123.9963, 42.6857 ], [ -123.9963, 42.7001 ], [ -123.9767, 42.7001 ], [ -123.9766, 42.7146 ], [ -123.957, 42.7146 ], [ -123.957, 42.7291 ], [ -123.9373, 42.7291 ], [ -123.9373, 42.7397 ], [ -123.9259, 42.7397 ], [ -123.9257, 42.7745 ], [ -123.8685, 42.7748 ], [ -123.8683, 42.7819 ], [ -123.8499, 42.7818 ], [ -123.8499, 42.789 ], [ -123.8058, 42.787 ], [ -123.7833, 42.7994 ], [ -123.7323, 42.7801 ], [ -123.7165, 42.7841 ], [ -123.733, 42.7689 ], [ -123.7592, 42.7177 ], [ -123.8313, 42.6323 ], [ -123.8194, 42.6124 ], [ -123.8285, 42.6063 ], [ -123.8303, 42.5951 ], [ -123.8496, 42.5837 ], [ -123.861, 42.5604 ], [ -123.8548, 42.5497 ], [ -123.8785, 42.5246 ], [ -123.8752, 42.5132 ], [ -123.8904, 42.5007 ], [ -123.9262, 42.4943 ], [ -123.9389, 42.5011 ], [ -123.9726, 42.4953 ], [ -123.9888, 42.502 ], [ -124.0085, 42.4963 ], [ -124.0115, 42.4896 ], [ -124.0286, 42.4905 ], [ -124.0359, 42.5015 ], [ -124.0323, 42.5116 ], [ -124.0513, 42.5268 ], [ -124.0469, 42.5312 ], [ -124.0538, 42.5475 ], [ -124.0633, 42.5475 ], [ -124.076, 42.5572 ], [ -124.0861, 42.5542 ], [ -124.0914, 42.5612 ], [ -124.1227, 42.5564 ], [ -124.1913, 42.5015 ], [ -124.1965, 42.488 ], [ -124.2265, 42.4954 ], [ -124.2311, 42.5012 ], [ -124.2588, 42.4982 ], [ -124.2674, 42.5032 ], [ -124.2952, 42.5038 ], [ -124.298, 42.5219 ], [ -124.2862, 42.5592 ], [ -124.2776, 42.5591 ], [ -124.261, 42.5686 ], [ -124.2603, 42.5707 ], [ -124.2612, 42.5817 ], [ -124.2717, 42.5827 ], [ -124.2873, 42.5951 ], [ -124.2761, 42.5987 ], [ -124.2738, 42.6075 ], [ -124.2838, 42.6185 ], [ -124.2768, 42.6539 ], [ -124.2852, 42.6623 ], [ -124.3227, 42.6754 ], [ -124.345, 42.6967 ], [ -124.3868, 42.7086 ], [ -124.4058, 42.7007 ], [ -124.422, 42.7018 ], [ -124.4204, 42.6843 ], [ -124.4367, 42.6898 ], [ -124.4479, 42.6841 ], [ -124.4772, 42.6862 ], [ -124.4965, 42.7169 ], [ -124.5232, 42.7363 ], [ -124.6081, 42.7639 ], [ -124.6195, 42.8017 ], [ -124.5959, 42.8162 ] ] ] } },
{ "type": "Feature", "properties": { "GEOIDFQ": "1400000US41005022400", "NAME": "224", "NAMELSAD": "Census Tract 224" }, "geometry": { "type": "Polygon", "coordinates": [ [ [ -122.6018, 45.3651 ], [ -122.5796, 45.3601 ], [ -122.5772, 45.3525 ], [ -122.6195, 45.3511 ], [ -122.6018, 45.3651 ] ] ] } },
{ "type": "Feature", "properties": { "GEOIDFQ": "1400000US41065970400", "NAME": "9704", "NAMELSAD": "Census Tract 9704" }, "geometry": { "type": "Polygon", "coordinates": [ [ [ -121.2159, 45.6119 ], [ -121.2033, 45.6167 ], [ -121.2017, 45.6238 ], [ -121.1837, 45.6065 ], [ -121.1705, 45.6062 ], [ -121.1698, 45.6019 ], [ -121.1873, 45.6067 ], [ -121.1878, 45.6004 ], [ -121.1972, 45.6011 ], [ -121.2051, 45.5929 ], [ -121.2282, 45.5812 ], [ -121.2276, 45.595 ], [ -121.2167, 45.6004 ], [ -121.221, 45.6055 ], [ -121.2266, 45.6007 ], [ -121.233, 45.603 ], [ -121.2355, 45.6112 ], [ -121.2159, 45.6119 ] ] ] } },
{ "type": "Feature", "properties": { "GEOIDFQ": "1400000US41065970300", "NAME": "9703", "NAMELSAD": "Census Tract 9703" }, "geometry": { "type": "Polygon", "coordinates": [ [ [ -121.1972, 45.6011 ], [ -121.1742, 45.5878 ], [ -121.1888, 45.5759 ], [ -121.1984, 45.5763 ], [ -121.2046, 45.5914 ], [ -121.1972, 45.6011 ] ] ] } },
{ "type": "Feature", "properties": { "GEOIDFQ": "1400000US41065970600", "NAME": "9706", "NAMELSAD": "Census Tract 9706" }, "geometry": { "type": "Polygon", "coordinates": [ [ [ -121.4412, 45.6973 ], [ -121.4017, 45.6929 ], [ -121.3726, 45.703 ], [ -121.3377, 45.7048 ], [ -121.3123, 45.6998 ], [ -121.2873, 45.6869 ], [ -121.2158, 45.6712 ], [ -121.2004, 45.6498 ], [ -121.1966, 45.6351 ], [ -121.2206, 45.6281 ], [ -121.234, 45.6297 ], [ -121.2647, 45.6126 ], [ -121.3124, 45.6144 ], [ -121.3353, 45.6091 ], [ -121.3478, 45.5758 ], [ -121.3722, 45.5554 ], [ -121.4094, 45.5408 ], [ -121.4313, 45.5245 ], [ -121.4406, 45.5328 ], [ -121.4412, 45.6973 ] ] ] } },
{ "type": "Feature", "properties": { "GEOIDFQ": "1400000US41067033000", "NAME": "330", "NAMELSAD": "Census Tract 330" }, "geometry": { "type": "Polygon", "coordinates": [ [ [ -123.1776, 45.4485 ], [ -123.1539, 45.4447 ], [ -123.1562, 45.4613 ], [ -123.1359, 45.4799 ], [ -123.1314, 45.4826 ], [ -123.1251, 45.4748 ], [ -123.1185, 45.4776 ], [ -123.1129, 45.4904 ], [ -123.0925, 45.4926 ], [ -123.096, 45.4964 ], [ -123.0888, 45.5018 ], [ -123.0708, 45.4922 ], [ -123.0554, 45.4932 ], [ -123.0518, 45.5126 ], [ -123.0446, 45.51 ], [ -123.0476, 45.5064 ], [ -123.0354, 45.5061 ], [ -123.0373, 45.4946 ], [ -123.021, 45.4911 ], [ -122.996, 45.5017 ], [ -122.9807, 45.4995 ], [ -122.9869, 45.4856 ], [ -122.9629, 45.478 ], [ -122.9598, 45.4881 ], [ -122.9429, 45.4908 ], [ -122.9416, 45.4778 ], [ -122.9382, 45.4811 ], [ -122.9352, 45.4773 ], [ -122.9343, 45.4672 ], [ -122.9441, 45.4687 ], [ -122.9573, 45.4417 ], [ -122.9608, 45.4185 ], [ -122.9913, 45.4187 ], [ -122.9915, 45.4019 ], [ -123.0003, 45.3948 ], [ -122.9957, 45.3911 ], [ -123.0116, 45.3822 ], [ -123.0113, 45.391 ], [ -123.0324, 45.3909 ], [ -123.0322, 45.405 ], [ -123.1146, 45.4044 ], [ -123.1147, 45.419 ], [ -123.1351, 45.4189 ], [ -123.1354, 45.4335 ], [ -123.2093, 45.4337 ], [ -123.1776, 45.4485 ] ] ] } },
{ "type": "Feature", "properties": { "GEOIDFQ": "1400000US41067033500", "NAME": "335", "NAMELSAD": "Census Tract 335" }, "geometry": { "type": "Polygon", "coordinates": [ [ [ -123.4847, 45.7088 ], [ -123.361, 45.7087 ], [ -123.3616, 45.7796 ], [ -123.3404, 45.7798 ], [ -123.3123, 45.7625 ], [ -123.2802, 45.7534 ], [ -123.2716, 45.7426 ], [ -123.2392, 45.7237 ], [ -123.2377, 45.7126 ], [ -123.2107, 45.6901 ], [ -123.1379, 45.646 ], [ -123.0639, 45.6158 ], [ -123.1073, 45.6086 ], [ -123.2169, 45.6205 ], [ -123.2376, 45.6094 ], [ -123.268, 45.6282 ], [ -123.2703, 45.6474 ], [ -123.306, 45.6547 ], [ -123.3427, 45.6483 ], [ -123.3807, 45.622 ], [ -123.3802, 45.6358 ], [ -123.4233, 45.6362 ], [ -123.423, 45.6506 ], [ -123.4438, 45.6507 ], [ -123.4438, 45.6651 ], [ -123.4641, 45.6651 ], [ -123.4644, 45.6793 ], [ -123.4851, 45.6793 ], [ -123.4847, 45.7088 ] ] ] } },
{ "type": "Feature", "properties": { "GEOIDFQ": "1400000US41067031806", "NAME": "318.06", "NAMELSAD": "Census Tract 318.06" }, "geometry": { "type": "Polygon", "coordinates": [ [ [ -122.8515, 45.4818 ], [ -122.83, 45.4854 ], [ -122.8299, 45.4811 ], [ -122.84, 45.481 ], [ -122.8327, 45.4777 ], [ -122.8363, 45.4656 ], [ -122.8517, 45.4657 ], [ -122.8515, 45.4818 ] ] ] } },
{ "type": "Feature", "properties": { "GEOIDFQ": "1400000US41067031404", "NAME": "314.04", "NAMELSAD": "Census Tract 314.04" }, "geometry": { "type": "Polygon", "coordinates": [ [ [ -122.8222, 45.5106 ], [ -122.8062, 45.5087 ], [ -122.8028, 45.5174 ], [ -122.7938, 45.5141 ], [ -122.8073, 45.4989 ], [ -122.8266, 45.5039 ], [ -122.8222, 45.5106 ] ] ] } },
{ "type": "Feature", "properties": { "GEOIDFQ": "1400000US41067032404", "NAME": "324.04", "NAMELSAD": "Census Tract 324.04" }, "geometry": { "type": "Polygon", "coordinates": [ [ [ -122.9542, 45.5254 ], [ -122.9362, 45.529 ], [ -122.9352, 45.5069 ], [ -122.9471, 45.5059 ], [ -122.9581, 45.5164 ], [ -122.9542, 45.5254 ] ] ] } },
{ "type": "Feature", "properties": { "GEOIDFQ": "1400000US41051010413", "NAME": "104.13", "NAMELSAD": "Census Tract 104.13" }, "geometry": { "type": "Polygon", "coordinates": [ [ [ -122.3727, 45.4882 ], [ -122.3727, 45.4828 ], [ -122.3933, 45.4828 ], [ -122.4055, 45.4937 ], [ -122.3727, 45.4882 ] ] ] } },
{ "type": "Feature", "properties": { "GEOIDFQ": "1400000US41051005903", "NAME": "59.03", "NAMELSAD": "Census Tract 59.03" }, "geometry": { "type": "Polygon", "coordinates": [ [ [ -122.6737, 45.493 ], [ -122.6665, 45.4643 ], [ -122.6782, 45.4744 ], [ -122.6737, 45.493 ] ] ] } },
{ "type": "Feature", "properties": { "GEOIDFQ": "1400000US41051007002", "NAME": "70.02", "NAMELSAD": "Census Tract 70.02" }, "geometry": { "type": "Polygon", "coordinates": [ [ [ -122.8649, 45.6081 ], [ -122.8478, 45.6044 ], [ -122.835, 45.6073 ], [ -122.8323, 45.5999 ], [ -122.7994, 45.583 ], [ -122.7896, 45.5657 ], [ -122.7605, 45.5618 ], [ -122.7636, 45.5589 ], [ -122.7533, 45.553 ], [ -122.7443, 45.5574 ], [ -122.735, 45.5447 ], [ -122.7283, 45.5461 ], [ -122.7268, 45.5384 ], [ -122.7183, 45.5333 ], [ -122.7122, 45.5353 ], [ -122.7187, 45.5217 ], [ -122.7439, 45.5167 ], [ -122.7645, 45.5195 ], [ -122.7645, 45.5297 ], [ -122.7548, 45.5321 ], [ -122.7624, 45.5466 ], [ -122.7745, 45.5523 ], [ -122.7848, 45.544 ], [ -122.7848, 45.5484 ], [ -122.7951, 45.5484 ], [ -122.7961, 45.5557 ], [ -122.8054, 45.5557 ], [ -122.8055, 45.5629 ], [ -122.8262, 45.563 ], [ -122.8263, 45.5775 ], [ -122.847, 45.5775 ], [ -122.8468, 45.5918 ], [ -122.8676, 45.5919 ], [ -122.8649, 45.6081 ] ] ] } },
{ "type": "Feature", "properties": { "GEOIDFQ": "1400000US41051008903", "NAME": "89.03", "NAMELSAD": "Census Tract 89.03" }, "geometry": { "type": "Polygon", "coordinates": [ [ [ -122.5236, 45.4812 ], [ -122.5, 45.4785 ], [ -122.4852, 45.4855 ], [ -122.4944, 45.4739 ], [ -122.4799, 45.4612 ], [ -122.5284, 45.4633 ], [ -122.5236, 45.4812 ] ] ] } },
{ "type": "Feature", "properties": { "GEOIDFQ": "1400000US41051008203", "NAME": "82.03", "NAMELSAD": "Census Tract 82.03" }, "geometry": { "type": "Polygon", "coordinates": [ [ [ -122.5583, 45.5226 ], [ -122.5378, 45.5225 ], [ -122.5376, 45.5115 ], [ -122.5585, 45.5178 ], [ -122.5583, 45.5226 ] ] ] } },
{ "type": "Feature", "properties": { "GEOIDFQ": "1400000US41051009203", "NAME": "92.03", "NAMELSAD": "Census Tract 92.03" }, "geometry": { "type": "Polygon", "coordinates": [ [ [ -122.5209, 45.5225 ], [ -122.521, 45.5041 ], [ -122.5299, 45.5041 ], [ -122.5309, 45.5224 ], [ -122.5209, 45.5225 ] ] ] } },
{ "type": "Feature", "properties": { "GEOIDFQ": "1400000US41051005901", "NAME": "59.01", "NAMELSAD": "Census Tract 59.01" }, "geometry": { "type": "Polygon", "coordinates": [ [ [ -122.6769, 45.4924 ], [ -122.6809, 45.5009 ], [ -122.673, 45.5006 ], [ -122.6776, 45.4727 ], [ -122.6828, 45.4883 ], [ -122.6769, 45.4924 ] ] ] } },
{ "type": "Feature", "properties": { "GEOIDFQ": "1400000US41051004901", "NAME": "49.01", "NAMELSAD": "Census Tract 49.01" }, "geometry": { "type": "Polygon", "coordinates": [ [ [ -122.6948, 45.5356 ], [ -122.6905, 45.5299 ], [ -122.6987, 45.5312 ], [ -122.7009, 45.5355 ], [ -122.6948, 45.5356 ] ] ] } },
{ "type": "Feature", "properties": { "GEOIDFQ": "1400000US41051005002", "NAME": "50.02", "NAMELSAD": "Census Tract 50.02" }, "geometry": { "type": "Polygon", "coordinates": [ [ [ -122.6859, 45.5356 ], [ -122.6859, 45.5229 ], [ -122.6882, 45.5229 ], [ -122.6948, 45.5356 ], [ -122.6859, 45.5356 ] ] ] } },
{ "type": "Feature", "properties": { "GEOIDFQ": "1400000US41051008204", "NAME": "82.04", "NAMELSAD": "Census Tract 82.04" }, "geometry": { "type": "Polygon", "coordinates": [ [ [ -122.5376, 45.5115 ], [ -122.5377, 45.5041 ], [ -122.548, 45.5042 ], [ -122.5481, 45.5116 ], [ -122.5376, 45.5115 ] ] ] } },
{ "type": "Feature", "properties": { "GEOIDFQ": "1400000US41051009204", "NAME": "92.04", "NAMELSAD": "Census Tract 92.04" }, "geometry": { "type": "Polygon", "coordinates": [ [ [ -122.5308, 45.5225 ], [ -122.5299, 45.5041 ], [ -122.5377, 45.5041 ], [ -122.5378, 45.5197 ], [ -122.5308, 45.5225 ] ] ] } },
{ "type": "Feature", "properties": { "GEOIDFQ": "1400000US41051007001", "NAME": "70.01", "NAMELSAD": "Census Tract 70.01" }, "geometry": { "type": "Polygon", "coordinates": [ [ [ -122.7827, 45.5473 ], [ -122.7733, 45.5522 ], [ -122.7621, 45.5464 ], [ -122.7548, 45.5321 ], [ -122.7645, 45.5297 ], [ -122.7644, 45.5339 ], [ -122.7848, 45.5363 ], [ -122.7827, 45.5473 ] ] ] } },
{ "type": "Feature", "properties": { "GEOIDFQ": "1400000US41051009002", "NAME": "90.02", "NAMELSAD": "Census Tract 90.02" }, "geometry": { "type": "Polygon", "coordinates": [ [ [ -122.5237, 45.5041 ], [ -122.5235, 45.4954 ], [ -122.5377, 45.4944 ], [ -122.5377, 45.5041 ], [ -122.5237, 45.5041 ] ] ] } },
{ "type": "Feature", "properties": { "GEOIDFQ": "1400000US41051003903", "NAME": "39.03", "NAMELSAD": "Census Tract 39.03" }, "geometry": { "type": "Polygon", "coordinates": [ [ [ -122.7024, 45.5902 ], [ -122.7054, 45.5771 ], [ -122.7146, 45.579 ], [ -122.7168, 45.5934 ], [ -122.7024, 45.5902 ] ] ] } },
{ "type": "Feature", "properties": { "GEOIDFQ": "1400000US41051005101", "NAME": "51.01", "NAMELSAD": "Census Tract 51.01" }, "geometry": { "type": "Polygon", "coordinates": [ [ [ -122.6833, 45.5379 ], [ -122.6739, 45.532 ], [ -122.6834, 45.5301 ], [ -122.6833, 45.5379 ] ] ] } },
{ "type": "Feature", "properties": { "GEOIDFQ": "1400000US41051008904", "NAME": "89.04", "NAMELSAD": "Census Tract 89.04" }, "geometry": { "type": "Polygon", "coordinates": [ [ [ -122.5236, 45.4812 ], [ -122.5275, 45.4613 ], [ -122.548, 45.461 ], [ -122.5494, 45.476 ], [ -122.5236, 45.4812 ] ] ] } },
{ "type": "Feature", "properties": { "GEOIDFQ": "1400000US41051000201", "NAME": "2.01", "NAMELSAD": "Census Tract 2.01" }, "geometry": { "type": "Polygon", "coordinates": [ [ [ -122.6395, 45.4743 ], [ -122.6412, 45.4587 ], [ -122.647, 45.4588 ], [ -122.6487, 45.4737 ], [ -122.6395, 45.4743 ] ] ] } },
{ "type": "Feature", "properties": { "GEOIDFQ": "1400000US41051004104", "NAME": "41.04", "NAMELSAD": "Census Tract 41.04" }, "geometry": { "type": "Polygon", "coordinates": [ [ [ -122.7633, 45.6152 ], [ -122.749, 45.5995 ], [ -122.766, 45.5942 ], [ -122.7703, 45.6009 ], [ -122.7772, 45.598 ], [ -122.7883, 45.6149 ], [ -122.7633, 45.6152 ] ] ] } },
{ "type": "Feature", "properties": { "GEOIDFQ": "1400000US41051005702", "NAME": "57.02", "NAMELSAD": "Census Tract 57.02" }, "geometry": { "type": "Polygon", "coordinates": [ [ [ -122.6787, 45.5145 ], [ -122.6704, 45.5131 ], [ -122.6736, 45.5054 ], [ -122.682, 45.5073 ], [ -122.6787, 45.5145 ] ] ] } },
{ "type": "Feature", "properties": { "GEOIDFQ": "1400000US41051010102", "NAME": "101.02", "NAMELSAD": "Census Tract 101.02" }, "geometry": { "type": "Polygon", "coordinates": [ [ [ -122.4334, 45.542 ], [ -122.4336, 45.5278 ], [ -122.4551, 45.5267 ], [ -122.4567, 45.5369 ], [ -122.4334, 45.542 ] ] ] } },
{ "type": "Feature", "properties": { "GEOIDFQ": "1400000US41051010101", "NAME": "101.01", "NAMELSAD": "Census Tract 101.01" }, "geometry": { "type": "Polygon", "coordinates": [ [ [ -122.4551, 45.5267 ], [ -122.4336, 45.5278 ], [ -122.4311, 45.5088 ], [ -122.4551, 45.515 ], [ -122.4551, 45.5267 ] ] ] } },
{ "type": "Feature", "properties": { "GEOIDFQ": "1400000US41051000102", "NAME": "1.02", "NAMELSAD": "Census Tract 1.02" }, "geometry": { "type": "Polygon", "coordinates": [ [ [ -122.6611, 45.5015 ], [ -122.6578, 45.4919 ], [ -122.6512, 45.4903 ], [ -122.647, 45.4643 ], [ -122.6665, 45.4643 ], [ -122.6689, 45.4866 ], [ -122.6611, 45.5015 ] ] ] } },
{ "type": "Feature", "properties": { "GEOIDFQ": "1400000US41051000202", "NAME": "2.02", "NAMELSAD": "Census Tract 2.02" }, "geometry": { "type": "Polygon", "coordinates": [ [ [ -122.6435, 45.4903 ], [ -122.6395, 45.4743 ], [ -122.6487, 45.4737 ], [ -122.6512, 45.4903 ], [ -122.6435, 45.4903 ] ] ] } },
{ "type": "Feature", "properties": { "GEOIDFQ": "1400000US41051002101", "NAME": "21.01", "NAMELSAD": "Census Tract 21.01" }, "geometry": { "type": "Polygon", "coordinates": [ [ [ -122.6536, 45.5285 ], [ -122.6536, 45.5193 ], [ -122.6687, 45.5176 ], [ -122.669, 45.5276 ], [ -122.6536, 45.5285 ] ] ] } },
{ "type": "Feature", "properties": { "GEOIDFQ": "1400000US41051005701", "NAME": "57.01", "NAMELSAD": "Census Tract 57.01" }, "geometry": { "type": "Polygon", "coordinates": [ [ [ -122.6686, 45.5083 ], [ -122.6651, 45.5012 ], [ -122.6809, 45.5009 ], [ -122.6686, 45.5083 ] ] ] } },
{ "type": "Feature", "properties": { "GEOIDFQ": "1400000US41051001703", "NAME": "17.03", "NAMELSAD": "Census Tract 17.03" }, "geometry": { "type": "Polygon", "coordinates": [ [ [ -122.5903, 45.5353 ], [ -122.579, 45.5337 ], [ -122.579, 45.5264 ], [ -122.5987, 45.5272 ], [ -122.5903, 45.5353 ] ] ] } },
{ "type": "Feature", "properties": { "GEOIDFQ": "1400000US41051005902", "NAME": "59.02", "NAMELSAD": "Census Tract 59.02" }, "geometry": { "type": "Polygon", "coordinates": [ [ [ -122.673, 45.5006 ], [ -122.6651, 45.5012 ], [ -122.6689, 45.4866 ], [ -122.673, 45.5006 ] ] ] } },
{ "type": "Feature", "properties": { "GEOIDFQ": "1400000US41051004103", "NAME": "41.03", "NAMELSAD": "Census Tract 41.03" }, "geometry": { "type": "Polygon", "coordinates": [ [ [ -122.7365, 45.604 ], [ -122.719, 45.6002 ], [ -122.7291, 45.5919 ], [ -122.7535, 45.5949 ], [ -122.7472, 45.6027 ], [ -122.7633, 45.6152 ], [ -122.7365, 45.604 ] ] ] } },
{ "type": "Feature", "properties": { "GEOIDFQ": "1400000US41051009704", "NAME": "97.04", "NAMELSAD": "Census Tract 97.04" }, "geometry": { "type": "Polygon", "coordinates": [ [ [ -122.4846, 45.5191 ], [ -122.4758, 45.5192 ], [ -122.4756, 45.5046 ], [ -122.4847, 45.5046 ], [ -122.4846, 45.5191 ] ] ] } },
{ "type": "Feature", "properties": { "GEOIDFQ": "1400000US41051000101", "NAME": "1.01", "NAMELSAD": "Census Tract 1.01" }, "geometry": { "type": "Polygon", "coordinates": [ [ [ -122.647, 45.4643 ], [ -122.647, 45.4587 ], [ -122.661, 45.4578 ], [ -122.6665, 45.4643 ], [ -122.647, 45.4643 ] ] ] } },
{ "type": "Feature", "properties": { "GEOIDFQ": "1400000US41051009703", "NAME": "97.03", "NAMELSAD": "Census Tract 97.03" }, "geometry": { "type": "Polygon", "coordinates": [ [ [ -122.4964, 45.5192 ], [ -122.4846, 45.5191 ], [ -122.4847, 45.5046 ], [ -122.4966, 45.5061 ], [ -122.4964, 45.5192 ] ] ] } },
{ "type": "Feature", "properties": { "GEOIDFQ": "1400000US41051004003", "NAME": "40.03", "NAMELSAD": "Census Tract 40.03" }, "geometry": { "type": "Polygon", "coordinates": [ [ [ -122.7241, 45.596 ], [ -122.7187, 45.5946 ], [ -122.7146, 45.579 ], [ -122.7359, 45.5863 ], [ -122.7241, 45.596 ] ] ] } },
{ "type": "Feature", "properties": { "GEOIDFQ": "1400000US41051005202", "NAME": "52.02", "NAMELSAD": "Census Tract 52.02" }, "geometry": { "type": "Polygon", "coordinates": [ [ [ -122.6982, 45.5234 ], [ -122.6892, 45.523 ], [ -122.6927, 45.518 ], [ -122.6982, 45.5234 ] ] ] } },
{ "type": "Feature", "properties": { "GEOIDFQ": "1400000US41051005103", "NAME": "51.03", "NAMELSAD": "Census Tract 51.03" }, "geometry": { "type": "Polygon", "coordinates": [ [ [ -122.6739, 45.532 ], [ -122.6671, 45.523 ], [ -122.6774, 45.523 ], [ -122.6739, 45.532 ] ] ] } },
{ "type": "Feature", "properties": { "GEOIDFQ": "1400000US41051002002", "NAME": "20.02", "NAMELSAD": "Census Tract 20.02" }, "geometry": { "type": "Polygon", "coordinates": [ [ [ -122.6448, 45.5301 ], [ -122.6371, 45.5304 ], [ -122.6373, 45.5193 ], [ -122.6455, 45.52 ], [ -122.6448, 45.5301 ] ] ] } },
{ "type": "Feature", "properties": { "GEOIDFQ": "1400000US41051005201", "NAME": "52.01", "NAMELSAD": "Census Tract 52.01" }, "geometry": { "type": "Polygon", "coordinates": [ [ [ -122.6897, 45.5228 ], [ -122.6831, 45.5229 ], [ -122.6863, 45.5166 ], [ -122.6927, 45.5181 ], [ -122.6897, 45.5228 ] ] ] } },
{ "type": "Feature", "properties": { "GEOIDFQ": "1400000US41051002001", "NAME": "20.01", "NAMELSAD": "Census Tract 20.01" }, "geometry": { "type": "Polygon", "coordinates": [ [ [ -122.6371, 45.5304 ], [ -122.6306, 45.5341 ], [ -122.6309, 45.5193 ], [ -122.6373, 45.52 ], [ -122.6371, 45.5304 ] ] ] } },
{ "type": "Feature", "properties": { "GEOIDFQ": "1400000US41051001204", "NAME": "12.04", "NAMELSAD": "Census Tract 12.04" }, "geometry": { "type": "Polygon", "coordinates": [ [ [ -122.6496, 45.5193 ], [ -122.6348, 45.5193 ], [ -122.6348, 45.515 ], [ -122.6496, 45.5158 ], [ -122.6496, 45.5193 ] ] ] } },
{ "type": "Feature", "properties": { "GEOIDFQ": "1400000US41051001203", "NAME": "12.03", "NAMELSAD": "Census Tract 12.03" }, "geometry": { "type": "Polygon", "coordinates": [ [ [ -122.6348, 45.515 ], [ -122.6348, 45.5121 ], [ -122.6496, 45.5122 ], [ -122.6348, 45.515 ] ] ] } },
{ "type": "Feature", "properties": { "GEOIDFQ": "1400000US41051002102", "NAME": "21.02", "NAMELSAD": "Census Tract 21.02" }, "geometry": { "type": "Polygon", "coordinates": [ [ [ -122.6536, 45.5285 ], [ -122.6448, 45.5301 ], [ -122.6455, 45.5193 ], [ -122.6536, 45.5201 ], [ -122.6536, 45.5285 ] ] ] } },
{ "type": "Feature", "properties": { "GEOIDFQ": "1400000US41051001704", "NAME": "17.04", "NAMELSAD": "Census Tract 17.04" }, "geometry": { "type": "Polygon", "coordinates": [ [ [ -122.579, 45.5264 ], [ -122.579, 45.5191 ], [ -122.5866, 45.5192 ], [ -122.5945, 45.5254 ], [ -122.579, 45.5264 ] ] ] } },
{ "type": "Feature", "properties": { "GEOIDFQ": "1400000US41051005102", "NAME": "51.02", "NAMELSAD": "Census Tract 51.02" }, "geometry": { "type": "Polygon", "coordinates": [ [ [ -122.6776, 45.5299 ], [ -122.6774, 45.523 ], [ -122.6831, 45.5229 ], [ -122.6834, 45.5301 ], [ -122.6776, 45.5299 ] ] ] } },
{ "type": "Feature", "properties": { "GEOIDFQ": "1400000US41051009001", "NAME": "90.01", "NAMELSAD": "Census Tract 90.01" }, "geometry": { "type": "Polygon", "coordinates": [ [ [ -122.5377, 45.4944 ], [ -122.5235, 45.4954 ], [ -122.5236, 45.4812 ], [ -122.538, 45.4832 ], [ -122.5377, 45.4944 ] ] ] } },
{ "type": "Feature", "properties": { "GEOIDFQ": "1400000US41051003904", "NAME": "39.04", "NAMELSAD": "Census Tract 39.04" }, "geometry": { "type": "Polygon", "coordinates": [ [ [ -122.7024, 45.5902 ], [ -122.6923, 45.587 ], [ -122.6924, 45.5771 ], [ -122.7054, 45.5779 ], [ -122.7024, 45.5902 ] ] ] } },
{ "type": "Feature", "properties": { "GEOIDFQ": "1400000US41051005001", "NAME": "50.01", "NAMELSAD": "Census Tract 50.01" }, "geometry": { "type": "Polygon", "coordinates": [ [ [ -122.6835, 45.5329 ], [ -122.6831, 45.5229 ], [ -122.6866, 45.5239 ], [ -122.6835, 45.5329 ] ] ] } },
{ "type": "Feature", "properties": { "GEOIDFQ": "1400000US41051010601", "NAME": "106.01", "NAMELSAD": "Census Tract 106.01" }, "geometry": { "type": "Polygon", "coordinates": [ [ [ -122.6831, 45.5229 ], [ -122.6801, 45.523 ], [ -122.6833, 45.5157 ], [ -122.6831, 45.5229 ] ] ] } },
{ "type": "Feature", "properties": { "GEOIDFQ": "1400000US41051005601", "NAME": "56.01", "NAMELSAD": "Census Tract 56.01" }, "geometry": { "type": "Polygon", "coordinates": [ [ [ -122.6863, 45.5166 ], [ -122.6787, 45.5145 ], [ -122.6798, 45.5125 ], [ -122.6863, 45.5166 ] ] ] } },
{ "type": "Feature", "properties": { "GEOIDFQ": "1400000US41051010412", "NAME": "104.12", "NAMELSAD": "Census Tract 104.12" }, "geometry": { "type": "Polygon", "coordinates": [ [ [ -122.3881, 45.4769 ], [ -122.3931, 45.483 ], [ -122.3727, 45.4828 ], [ -122.3728, 45.4612 ], [ -122.3893, 45.4613 ], [ -122.4036, 45.4753 ], [ -122.3881, 45.4769 ] ] ] } },
{ "type": "Feature", "properties": { "GEOIDFQ": "1400000US41051010602", "NAME": "106.02", "NAMELSAD": "Census Tract 106.02" }, "geometry": { "type": "Polygon", "coordinates": [ [ [ -122.6801, 45.523 ], [ -122.6671, 45.523 ], [ -122.6704, 45.5131 ], [ -122.6829, 45.5164 ], [ -122.6801, 45.523 ] ] ] } },
{ "type": "Feature", "properties": { "GEOIDFQ": "1400000US41051005602", "NAME": "56.02", "NAMELSAD": "Census Tract 56.02" }, "geometry": { "type": "Polygon", "coordinates": [ [ [ -122.6798, 45.5125 ], [ -122.682, 45.5064 ], [ -122.6873, 45.5099 ], [ -122.6798, 45.5125 ] ] ] } },
{ "type": "Feature", "properties": { "GEOIDFQ": "1400000US41051004902", "NAME": "49.02", "NAMELSAD": "Census Tract 49.02" }, "geometry": { "type": "Polygon", "coordinates": [ [ [ -122.6895, 45.53 ], [ -122.6882, 45.5229 ], [ -122.6923, 45.5231 ], [ -122.6895, 45.53 ] ] ] } },
{ "type": "Feature", "properties": { "GEOIDFQ": "1400000US41013950101", "NAME": "9501.01", "NAMELSAD": "Census Tract 9501.01" }, "geometry": { "type": "Polygon", "coordinates": [ [ [ -120.8361, 44.3061 ], [ -120.8022, 44.3044 ], [ -120.7964, 44.334 ], [ -120.7508, 44.3304 ], [ -120.7294, 44.3386 ], [ -120.7245, 44.3459 ], [ -120.6902, 44.3405 ], [ -120.6703, 44.3449 ], [ -120.6667, 44.3176 ], [ -120.7103, 44.3029 ], [ -120.8067, 44.2976 ], [ -120.822, 44.2903 ], [ -120.841, 44.2977 ], [ -120.8361, 44.3061 ] ] ] } },
{ "type": "Feature", "properties": { "GEOIDFQ": "1400000US41067030806", "NAME": "308.06", "NAMELSAD": "Census Tract 308.06" }, "geometry": { "type": "Polygon", "coordinates": [ [ [ -122.7644, 45.415 ], [ -122.744, 45.4153 ], [ -122.744, 45.4079 ], [ -122.7654, 45.3991 ], [ -122.7644, 45.415 ] ] ] } },
{ "type": "Feature", "properties": { "GEOIDFQ": "1400000US41013950301", "NAME": "9503.01", "NAMELSAD": "Census Tract 9503.01" }, "geometry": { "type": "Polygon", "coordinates": [ [ [ -121.1075, 44.3906 ], [ -121.0145, 44.3903 ], [ -121.017, 44.3471 ], [ -121.0116, 44.3347 ], [ -120.9778, 44.3404 ], [ -120.9446, 44.3387 ], [ -120.9417, 44.2797 ], [ -120.929, 44.259 ], [ -120.8698, 44.2999 ], [ -120.827, 44.2943 ], [ -120.8321, 44.2816 ], [ -120.8538, 44.2683 ], [ -120.8631, 44.2298 ], [ -120.8788, 44.2148 ], [ -120.8701, 44.1794 ], [ -120.8998, 44.1574 ], [ -120.929, 44.1482 ], [ -120.9853, 44.1502 ], [ -121.0208, 44.1427 ], [ -121.0284, 44.1355 ], [ -121.1028, 44.1381 ], [ -121.1029, 44.2185 ], [ -121.1085, 44.2199 ], [ -121.1075, 44.3906 ] ] ] } },
{ "type": "Feature", "properties": { "GEOIDFQ": "1400000US41013950402", "NAME": "9504.02", "NAMELSAD": "Census Tract 9504.02" }, "geometry": { "type": "Polygon", "coordinates": [ [ [ -121.0208, 44.1427 ], [ -120.9853, 44.1502 ], [ -120.9328, 44.1472 ], [ -120.8998, 44.1574 ], [ -120.8701, 44.1794 ], [ -120.8795, 44.2092 ], [ -120.8727, 44.2194 ], [ -120.8579, 44.2098 ], [ -120.8585, 44.2033 ], [ -120.8419, 44.2013 ], [ -120.8267, 44.1925 ], [ -120.7693, 44.1857 ], [ -120.7627, 44.1747 ], [ -120.7506, 44.1735 ], [ -120.7506, 44.1672 ], [ -120.7375, 44.1582 ], [ -120.7388, 44.1642 ], [ -120.7253, 44.1586 ], [ -120.7237, 44.1831 ], [ -120.6817, 44.1904 ], [ -120.6773, 44.1927 ], [ -120.6834, 44.2002 ], [ -120.6705, 44.2013 ], [ -120.6664, 44.2071 ], [ -120.6499, 44.195 ], [ -120.6401, 44.2234 ], [ -120.6015, 44.2261 ], [ -120.5995, 44.2411 ], [ -120.5875, 44.243 ], [ -120.5839, 44.2376 ], [ -120.5161, 44.245 ], [ -120.4971, 44.2775 ], [ -120.4599, 44.2777 ], [ -120.459, 44.2739 ], [ -120.4374, 44.2707 ], [ -120.4257, 44.2778 ], [ -120.4221, 44.2635 ], [ -120.4131, 44.2657 ], [ -120.4136, 44.2598 ], [ -120.3884, 44.2643 ], [ -120.3783, 44.2772 ], [ -120.3716, 44.2751 ], [ -120.3597, 44.2817 ], [ -120.3548, 44.2644 ], [ -120.3444, 44.2639 ], [ -120.34, 44.2691 ], [ -120.2945, 44.2534 ], [ -120.2812, 44.2556 ], [ -120.2391, 44.2819 ], [ -120.2414, 44.3159 ], [ -120.2357, 44.3266 ], [ -120.1711, 44.3278 ], [ -120.1381, 44.3362 ], [ -120.1429, 44.3685 ], [ -120.1266, 44.3901 ], [ -120.1442, 44.425 ], [ -120.1186, 44.427 ], [ -120.1095, 44.4231 ], [ -120.1012, 44.4382 ], [ -120.0216, 44.4388 ], [ -120.0207, 44.3897 ], [ -119.8993, 44.3896 ], [ -119.899, 44.3066 ], [ -119.6555, 44.307 ], [ -119.6572, 43.9589 ], [ -119.7754, 43.9591 ], [ -119.7775, 43.698 ], [ -120.2578, 43.6988 ], [ -120.2584, 43.7853 ], [ -120.3781, 43.7854 ], [ -120.3787, 43.8724 ], [ -120.7478, 43.8713 ], [ -120.7482, 43.9573 ], [ -120.9866, 43.9609 ], [ -120.9873, 44.134 ], [ -121.0283, 44.1359 ], [ -121.0208, 44.1427 ] ] ] } },
{ "type": "Feature", "properties": { "GEOIDFQ": "1400000US41013950102", "NAME": "9501.02", "NAMELSAD": "Census Tract 9501.02" }, "geometry": { "type": "Polygon", "coordinates": [ [ [ -120.8464, 44.3676 ], [ -120.8279, 44.3815 ], [ -120.8096, 44.415 ], [ -120.791, 44.4306 ], [ -120.7163, 44.4644 ], [ -120.7121, 44.4751 ], [ -120.6811, 44.5037 ], [ -120.639, 44.5082 ], [ -120.624, 44.5259 ], [ -120.6129, 44.5206 ], [ -120.6167, 44.5393 ], [ -120.5998, 44.5468 ], [ -120.5951, 44.5422 ], [ -120.5876, 44.5495 ], [ -120.5973, 44.563 ], [ -120.3866, 44.564 ], [ -120.3861, 44.4361 ], [ -120.1012, 44.4382 ], [ -120.1095, 44.4231 ], [ -120.1186, 44.427 ], [ -120.1442, 44.425 ], [ -120.1266, 44.3901 ], [ -120.1429, 44.3685 ], [ -120.1381, 44.3362 ], [ -120.1711, 44.3278 ], [ -120.2354, 44.3268 ], [ -120.2414, 44.3159 ], [ -120.2391, 44.2819 ], [ -120.2831, 44.2551 ], [ -120.2945, 44.2534 ], [ -120.34, 44.2691 ], [ -120.3444, 44.2639 ], [ -120.3548, 44.2644 ], [ -120.3597, 44.2817 ], [ -120.3716, 44.2751 ], [ -120.3783, 44.2772 ], [ -120.3884, 44.2643 ], [ -120.4136, 44.2598 ], [ -120.4131, 44.2657 ], [ -120.4221, 44.2635 ], [ -120.4257, 44.2778 ], [ -120.4374, 44.2707 ], [ -120.459, 44.2739 ], [ -120.4599, 44.2777 ], [ -120.4971, 44.2775 ], [ -120.5161, 44.245 ], [ -120.5839, 44.2376 ], [ -120.589, 44.2431 ], [ -120.6006, 44.2404 ], [ -120.6015, 44.2261 ], [ -120.6398, 44.2234 ], [ -120.6592, 44.2508 ], [ -120.6731, 44.2586 ], [ -120.7044, 44.2619 ], [ -120.7535, 44.2791 ], [ -120.7903, 44.2724 ], [ -120.8221, 44.2904 ], [ -120.8135, 44.2964 ], [ -120.77, 44.3015 ], [ -120.7237, 44.2996 ], [ -120.6667, 44.3176 ], [ -120.6703, 44.3449 ], [ -120.6902, 44.3405 ], [ -120.7245, 44.3459 ], [ -120.7294, 44.3386 ], [ -120.7508, 44.3304 ], [ -120.7964, 44.334 ], [ -120.8022, 44.3044 ], [ -120.827, 44.3029 ], [ -120.8471, 44.3091 ], [ -120.8464, 44.3676 ] ] ] } },
{ "type": "Feature", "properties": { "GEOIDFQ": "1400000US41013950302", "NAME": "9503.02", "NAMELSAD": "Census Tract 9503.02" }, "geometry": { "type": "Polygon", "coordinates": [ [ [ -120.8471, 44.309 ], [ -120.8361, 44.3061 ], [ -120.841, 44.2944 ], [ -120.8547, 44.2951 ], [ -120.8619, 44.3021 ], [ -120.8471, 44.309 ] ] ] } },
{ "type": "Feature", "properties": { "GEOIDFQ": "1400000US41013950401", "NAME": "9504.01", "NAMELSAD": "Census Tract 9504.01" }, "geometry": { "type": "Polygon", "coordinates": [ [ [ -120.8628, 44.2306 ], [ -120.8538, 44.2683 ], [ -120.8368, 44.277 ], [ -120.8295, 44.2918 ], [ -120.7903, 44.2724 ], [ -120.7535, 44.2791 ], [ -120.7044, 44.2619 ], [ -120.6731, 44.2586 ], [ -120.6592, 44.2508 ], [ -120.6398, 44.2225 ], [ -120.6491, 44.21 ], [ -120.6499, 44.195 ], [ -120.6664, 44.2071 ], [ -120.6705, 44.2013 ], [ -120.6822, 44.2012 ], [ -120.6773, 44.1927 ], [ -120.6817, 44.1904 ], [ -120.7237, 44.1831 ], [ -120.7239, 44.1604 ], [ -120.7388, 44.1642 ], [ -120.7373, 44.1602 ], [ -120.7375, 44.1582 ], [ -120.7506, 44.1672 ], [ -120.7506, 44.1735 ], [ -120.7627, 44.1747 ], [ -120.7693, 44.1857 ], [ -120.8267, 44.1926 ], [ -120.8419, 44.2013 ], [ -120.8589, 44.2035 ], [ -120.8579, 44.2098 ], [ -120.8727, 44.2194 ], [ -120.8628, 44.2306 ] ] ] } },
{ "type": "Feature", "properties": { "GEOIDFQ": "1400000US41035970800", "NAME": "9708", "NAMELSAD": "Census Tract 9708" }, "geometry": { "type": "Polygon", "coordinates": [ [ [ -121.86, 42.104 ], [ -121.843, 42.1138 ], [ -121.855, 42.1414 ], [ -121.827, 42.1654 ], [ -121.8039, 42.1695 ], [ -121.7993, 42.1757 ], [ -121.796, 42.1663 ], [ -121.7545, 42.1666 ], [ -121.7571, 42.1738 ], [ -121.7186, 42.1738 ], [ -121.6981, 42.1701 ], [ -121.6982, 42.1628 ], [ -121.6787, 42.1628 ], [ -121.6781, 42.1245 ], [ -121.6641, 42.1116 ], [ -121.8133, 42.1113 ], [ -121.8278, 42.1224 ], [ -121.845, 42.0805 ], [ -121.874, 42.0836 ], [ -121.86, 42.104 ] ] ] } },
{ "type": "Feature", "properties": { "GEOIDFQ": "1400000US41035971600", "NAME": "9716", "NAMELSAD": "Census Tract 9716" }, "geometry": { "type": "Polygon", "coordinates": [ [ [ -121.7566, 42.2254 ], [ -121.7434, 42.2139 ], [ -121.7572, 42.2091 ], [ -121.7713, 42.2167 ], [ -121.7566, 42.2254 ] ] ] } },
{ "type": "Feature", "properties": { "GEOIDFQ": "1400000US41035971500", "NAME": "9715", "NAMELSAD": "Census Tract 9715" }, "geometry": { "type": "Polygon", "coordinates": [ [ [ -121.7763, 42.197 ], [ -121.7713, 42.2156 ], [ -121.7378, 42.2065 ], [ -121.7375, 42.1737 ], [ -121.7571, 42.1738 ], [ -121.7545, 42.1666 ], [ -121.7958, 42.1663 ], [ -121.7993, 42.1757 ], [ -121.7763, 42.197 ] ] ] } },
{ "type": "Feature", "properties": { "GEOIDFQ": "1400000US41035970400", "NAME": "9704", "NAMELSAD": "Census Tract 9704" }, "geometry": { "type": "Polygon", "coordinates": [ [ [ -121.7968, 42.4196 ], [ -121.7823, 42.4203 ], [ -121.7773, 42.4318 ], [ -121.7687, 42.4298 ], [ -121.7538, 42.4399 ], [ -121.7487, 42.4303 ], [ -121.7377, 42.4366 ], [ -121.7228, 42.426 ], [ -121.7094, 42.4246 ], [ -121.6896, 42.3991 ], [ -121.6822, 42.4203 ], [ -121.6997, 42.444 ], [ -121.6929, 42.4516 ], [ -121.6635, 42.4272 ], [ -121.6398, 42.4178 ], [ -121.6078, 42.422 ], [ -121.5473, 42.4105 ], [ -121.5436, 42.3813 ], [ -121.5214, 42.3776 ], [ -121.5056, 42.3618 ], [ -121.4774, 42.3263 ], [ -121.477, 42.3038 ], [ -121.4624, 42.3041 ], [ -121.4624, 42.2873 ], [ -121.4306, 42.3085 ], [ -121.4198, 42.3044 ], [ -121.4072, 42.3079 ], [ -121.3916, 42.2443 ], [ -121.3942, 42.2033 ], [ -121.4089, 42.1987 ], [ -121.4098, 42.1848 ], [ -121.4232, 42.1842 ], [ -121.4539, 42.1687 ], [ -121.4732, 42.1039 ], [ -121.4882, 42.1036 ], [ -121.5115, 42.1258 ], [ -121.5216, 42.1259 ], [ -121.5218, 42.1371 ], [ -121.5356, 42.1371 ], [ -121.5358, 42.1515 ], [ -121.5503, 42.1517 ], [ -121.5503, 42.159 ], [ -121.5652, 42.1604 ], [ -121.596, 42.1766 ], [ -121.6188, 42.1716 ], [ -121.6013, 42.1813 ], [ -121.5958, 42.1919 ], [ -121.6038, 42.1998 ], [ -121.5982, 42.2306 ], [ -121.6099, 42.2498 ], [ -121.6449, 42.26 ], [ -121.6689, 42.2831 ], [ -121.6689, 42.3407 ], [ -121.689, 42.341 ], [ -121.6982, 42.3353 ], [ -121.7465, 42.336 ], [ -121.7553, 42.3522 ], [ -121.778, 42.3721 ], [ -121.7771, 42.381 ], [ -121.7987, 42.3921 ], [ -121.7968, 42.4196 ] ] ] } },
{ "type": "Feature", "properties": { "GEOIDFQ": "1400000US41035971300", "NAME": "9713", "NAMELSAD": "Census Tract 9713" }, "geometry": { "type": "Polygon", "coordinates": [ [ [ -121.7112, 42.2052 ], [ -121.6983, 42.1957 ], [ -121.6987, 42.1818 ], [ -121.7064, 42.18 ], [ -121.7378, 42.2065 ], [ -121.7112, 42.2052 ] ] ] } },
{ "type": "Feature", "properties": { "GEOIDFQ": "1400000US41035970300", "NAME": "9703", "NAMELSAD": "Census Tract 9703" }, "geometry": { "type": "Polygon", "coordinates": [ [ [ -122.2875, 42.1272 ], [ -122.2826, 42.9019 ], [ -122.2668, 42.9003 ], [ -122.2315, 42.8834 ], [ -122.2018, 42.8875 ], [ -122.1886, 42.8838 ], [ -122.185, 42.8721 ], [ -122.1724, 42.8714 ], [ -122.1653, 42.8611 ], [ -122.1549, 42.8589 ], [ -122.1433, 42.837 ], [ -122.1257, 42.8297 ], [ -122.1179, 42.8172 ], [ -122.0777, 42.8033 ], [ -122.0474, 42.744 ], [ -122.0305, 42.7341 ], [ -122.0085, 42.7324 ], [ -121.9959, 42.7009 ], [ -121.9882, 42.6969 ], [ -121.9894, 42.6753 ], [ -121.9773, 42.6696 ], [ -121.9956, 42.6439 ], [ -121.9746, 42.6345 ], [ -121.9708, 42.6224 ], [ -121.9418, 42.5984 ], [ -121.9416, 42.581 ], [ -121.9302, 42.58 ], [ -121.9296, 42.5757 ], [ -121.9362, 42.5258 ], [ -121.9845, 42.5063 ], [ -122.0023, 42.513 ], [ -122.0053, 42.491 ], [ -121.9721, 42.4725 ], [ -121.9715, 42.4602 ], [ -121.9326, 42.4598 ], [ -121.9177, 42.4656 ], [ -121.9062, 42.4623 ], [ -121.8926, 42.4447 ], [ -121.8707, 42.4487 ], [ -121.8653, 42.4359 ], [ -121.8254, 42.4025 ], [ -121.8138, 42.385 ], [ -121.8924, 42.3515 ], [ -121.9393, 42.3397 ], [ -121.9436, 42.3242 ], [ -121.928, 42.2815 ], [ -121.9337, 42.2769 ], [ -121.9518, 42.2895 ], [ -121.9483, 42.2983 ], [ -121.9539, 42.296 ], [ -121.9634, 42.3049 ], [ -121.9602, 42.297 ], [ -121.9752, 42.2683 ], [ -121.9571, 42.2538 ], [ -121.9658, 42.2464 ], [ -121.9711, 42.2117 ], [ -121.9543, 42.2216 ], [ -121.9371, 42.2187 ], [ -121.9292, 42.2246 ], [ -121.8875, 42.1937 ], [ -121.9139, 42.1936 ], [ -121.9137, 42.1858 ], [ -121.8799, 42.1656 ], [ -121.8708, 42.1532 ], [ -121.8532, 42.1625 ], [ -121.8399, 42.1625 ], [ -121.8551, 42.1406 ], [ -121.843, 42.1138 ], [ -121.86, 42.104 ], [ -121.874, 42.0836 ], [ -121.845, 42.0805 ], [ -121.8517, 42.0641 ], [ -121.8439, 42.0215 ], [ -121.8251, 42.0025 ], [ -122.2897, 42.0081 ], [ -122.2875, 42.1272 ] ] ] } },
{ "type": "Feature", "properties": { "GEOIDFQ": "1400000US41035971700", "NAME": "9717", "NAMELSAD": "Census Tract 9717" }, "geometry": { "type": "Polygon", "coordinates": [ [ [ -121.7685, 42.2371 ], [ -121.7622, 42.2328 ], [ -121.754, 42.24 ], [ -121.7488, 42.2353 ], [ -121.7528, 42.2247 ], [ -121.7704, 42.2178 ], [ -121.7778, 42.2349 ], [ -121.7685, 42.2371 ] ] ] } },
{ "type": "Feature", "properties": { "GEOIDFQ": "1400000US41051002303", "NAME": "23.03", "NAMELSAD": "Census Tract 23.03" }, "geometry": { "type": "Polygon", "coordinates": [ [ [ -122.6576, 45.539 ], [ -122.6536, 45.5285 ], [ -122.669, 45.5276 ], [ -122.6833, 45.5379 ], [ -122.6576, 45.539 ] ] ] } },
{ "type": "Feature", "properties": { "GEOIDFQ": "1400000US41035971200", "NAME": "9712", "NAMELSAD": "Census Tract 9712" }, "geometry": { "type": "Polygon", "coordinates": [ [ [ -121.7414, 42.2169 ], [ -121.7227, 42.2138 ], [ -121.7227, 42.2065 ], [ -121.752, 42.2089 ], [ -121.7414, 42.2169 ] ] ] } },
{ "type": "Feature", "properties": { "GEOIDFQ": "1400000US41047001503", "NAME": "15.03", "NAMELSAD": "Census Tract 15.03" }, "geometry": { "type": "Polygon", "coordinates": [ [ [ -123.0266, 44.9934 ], [ -123.0119, 44.9936 ], [ -123.0077, 44.9814 ], [ -123.0268, 44.9766 ], [ -123.0266, 44.9934 ] ] ] } },
{ "type": "Feature", "properties": { "GEOIDFQ": "1400000US41025960200", "NAME": "9602", "NAMELSAD": "Census Tract 9602" }, "geometry": { "type": "Polygon", "coordinates": [ [ [ -119.9435, 42.9171 ], [ -119.9316, 42.917 ], [ -119.9326, 43.179 ], [ -119.897, 43.179 ], [ -119.8951, 43.5681 ], [ -119.8485, 43.5361 ], [ -119.8156, 43.5233 ], [ -119.7671, 43.5373 ], [ -119.4939, 43.5423 ], [ -119.3277, 43.5337 ], [ -119.2707, 43.5212 ], [ -119.2478, 43.524 ], [ -119.1793, 43.5123 ], [ -119.122, 43.5117 ], [ -119.085, 43.526 ], [ -119.0842, 43.5129 ], [ -119.0201, 43.5118 ], [ -119.0199, 43.6153 ], [ -119.0019, 43.6339 ], [ -118.9987, 43.6592 ], [ -118.9993, 43.6778 ], [ -119.0215, 43.6962 ], [ -119.0022, 43.7243 ], [ -119.0069, 43.7297 ], [ -119.0004, 43.7389 ], [ -118.9975, 43.7921 ], [ -118.9717, 43.8255 ], [ -118.9712, 43.8404 ], [ -118.9531, 43.8466 ], [ -118.9503, 43.8554 ], [ -118.9265, 43.8714 ], [ -118.925, 43.8854 ], [ -118.9384, 43.9015 ], [ -118.932, 43.9604 ], [ -118.8169, 43.9607 ], [ -118.8169, 44.0478 ], [ -118.5872, 44.047 ], [ -118.5871, 44.0403 ], [ -118.2276, 44.0399 ], [ -118.2288, 42.9146 ], [ -118.2168, 42.9147 ], [ -118.2147, 42.2768 ], [ -118.1953, 42.2758 ], [ -118.1974, 41.9973 ], [ -118.6765, 41.9922 ], [ -119.3601, 41.9943 ], [ -119.3653, 42.749 ], [ -119.9437, 42.7472 ], [ -119.9435, 42.9171 ] ] ] } },
{ "type": "Feature", "properties": { "GEOIDFQ": "1400000US41051000401", "NAME": "4.01", "NAMELSAD": "Census Tract 4.01" }, "geometry": { "type": "Polygon", "coordinates": [ [ [ -122.6196, 45.4902 ], [ -122.609, 45.4903 ], [ -122.6087, 45.4758 ], [ -122.6206, 45.4799 ], [ -122.6196, 45.4902 ] ] ] } },
{ "type": "Feature", "properties": { "GEOIDFQ": "1400000US41023960100", "NAME": "9601", "NAMELSAD": "Census Tract 9601" }, "geometry": { "type": "Polygon", "coordinates": [ [ [ -118.4689, 44.9952 ], [ -118.4644, 44.9898 ], [ -118.4483, 44.9908 ], [ -118.4374, 44.9848 ], [ -118.4361, 44.9624 ], [ -118.4045, 44.9765 ], [ -118.3899, 44.9724 ], [ -118.3875, 44.9838 ], [ -118.3798, 44.9795 ], [ -118.3595, 44.9923 ], [ -118.3297, 44.9724 ], [ -118.3193, 44.976 ], [ -118.3086, 44.9721 ], [ -118.299, 44.9606 ], [ -118.2857, 44.965 ], [ -118.2746, 44.9574 ], [ -118.2447, 44.9584 ], [ -118.2446, 44.9445 ], [ -118.2234, 44.9369 ], [ -118.2321, 44.9235 ], [ -118.2294, 44.9139 ], [ -118.2374, 44.9084 ], [ -118.2249, 44.8756 ], [ -118.2282, 44.8653 ], [ -118.2373, 44.8616 ], [ -118.2582, 44.8634 ], [ -118.2678, 44.8694 ], [ -118.2901, 44.8664 ], [ -118.2961, 44.8624 ], [ -118.2936, 44.8528 ], [ -118.3187, 44.8363 ], [ -118.3083, 44.8305 ], [ -118.3075, 44.8192 ], [ -118.2957, 44.8156 ], [ -118.2995, 44.7959 ], [ -118.283, 44.7718 ], [ -118.29, 44.7651 ], [ -118.2854, 44.751 ], [ -118.3217, 44.7415 ], [ -118.3691, 44.747 ], [ -118.3801, 44.7442 ], [ -118.3958, 44.726 ], [ -118.4174, 44.727 ], [ -118.4194, 44.7187 ], [ -118.4441, 44.724 ], [ -118.4706, 44.704 ], [ -118.4932, 44.7137 ], [ -118.5195, 44.7054 ], [ -118.5187, 44.691 ], [ -118.5043, 44.6653 ], [ -118.4467, 44.65 ], [ -118.4252, 44.6548 ], [ -118.4049, 44.6414 ], [ -118.3795, 44.6465 ], [ -118.3548, 44.6393 ], [ -118.3432, 44.6312 ], [ -118.3376, 44.6095 ], [ -118.3166, 44.6039 ], [ -118.3058, 44.5888 ], [ -118.3235, 44.5624 ], [ -118.3383, 44.5671 ], [ -118.3592, 44.536 ], [ -118.3655, 44.5381 ], [ -118.3718, 44.5308 ], [ -118.3749, 44.5077 ], [ -118.358, 44.4845 ], [ -118.3674, 44.4786 ], [ -118.3607, 44.4717 ], [ -118.3755, 44.4591 ], [ -118.38, 44.4623 ], [ -118.409, 44.4526 ], [ -118.4209, 44.4551 ], [ -118.4185, 44.4323 ], [ -118.436, 44.4013 ], [ -118.4349, 44.3975 ], [ -118.4253, 44.3986 ], [ -118.4283, 44.3941 ], [ -118.4076, 44.3708 ], [ -118.4328, 44.3691 ], [ -118.4348, 44.3534 ], [ -118.4541, 44.3486 ], [ -118.4611, 44.3366 ], [ -118.4689, 44.3346 ], [ -118.468, 44.3218 ], [ -118.479, 44.3154 ], [ -118.5001, 44.2771 ], [ -118.4975, 44.2552 ], [ -118.2322, 44.2573 ], [ -118.2276, 44.0399 ], [ -118.5871, 44.0403 ], [ -118.5872, 44.047 ], [ -118.7997, 44.0478 ], [ -118.8058, 44.0666 ], [ -118.7894, 44.0725 ], [ -118.7987, 44.0941 ], [ -118.7813, 44.1055 ], [ -118.7799, 44.1218 ], [ -118.7716, 44.1171 ], [ -118.7581, 44.1249 ], [ -118.7666, 44.155 ], [ -118.7597, 44.1655 ], [ -118.7683, 44.1755 ], [ -118.7748, 44.1728 ], [ -118.772, 44.1762 ], [ -118.7799, 44.1752 ], [ -118.7869, 44.181 ], [ -118.786, 44.1896 ], [ -118.797, 44.1904 ], [ -118.8064, 44.1843 ], [ -118.8167, 44.1911 ], [ -118.8693, 44.1936 ], [ -118.858, 44.2013 ], [ -118.8534, 44.2202 ], [ -118.8826, 44.2371 ], [ -118.9077, 44.2428 ], [ -118.9513, 44.2691 ], [ -118.9622, 44.2844 ], [ -118.9493, 44.3036 ], [ -118.9472, 44.3494 ], [ -118.9349, 44.3469 ], [ -118.923, 44.3532 ], [ -118.9293, 44.365 ], [ -118.9129, 44.3729 ], [ -118.9159, 44.3633 ], [ -118.8953, 44.3728 ], [ -118.8741, 44.3633 ], [ -118.8719, 44.3711 ], [ -118.8621, 44.3684 ], [ -118.8431, 44.3773 ], [ -118.8344, 44.3691 ], [ -118.8152, 44.3861 ], [ -118.8113, 44.3937 ], [ -118.837, 44.4324 ], [ -118.7763, 44.4461 ], [ -118.7814, 44.4644 ], [ -118.7713, 44.5063 ], [ -118.777, 44.5039 ], [ -118.7855, 44.5091 ], [ -118.7902, 44.5046 ], [ -118.8581, 44.5512 ], [ -118.8809, 44.558 ], [ -118.9013, 44.5764 ], [ -118.905, 44.5938 ], [ -118.9164, 44.5956 ], [ -118.9186, 44.6095 ], [ -118.9334, 44.6006 ], [ -118.9489, 44.5992 ], [ -118.9607, 44.6042 ], [ -118.9552, 44.5988 ], [ -118.9742, 44.586 ], [ -118.987, 44.5838 ], [ -118.9979, 44.589 ], [ -119.0633, 44.5739 ], [ -119.0686, 44.5648 ], [ -119.085, 44.5587 ], [ -119.1083, 44.5684 ], [ -119.1427, 44.5684 ], [ -119.1383, 44.5635 ], [ -119.1711, 44.5429 ], [ -119.2206, 44.5499 ], [ -119.2651, 44.5446 ], [ -119.3488, 44.5648 ], [ -119.3631, 44.5594 ], [ -119.3685, 44.5496 ], [ -119.4134, 44.544 ], [ -119.4464, 44.5736 ], [ -119.4472, 44.59 ], [ -119.4703, 44.5921 ], [ -119.4788, 44.5991 ], [ -119.4767, 44.6144 ], [ -119.4918, 44.6157 ], [ -119.5016, 44.6252 ], [ -119.524, 44.6309 ], [ -119.5411, 44.6558 ], [ -119.536, 44.6901 ], [ -119.545, 44.706 ], [ -119.5477, 44.7544 ], [ -119.5778, 44.7636 ], [ -119.5843, 44.771 ], [ -119.5822, 44.7853 ], [ -119.5977, 44.7915 ], [ -119.6109, 44.7812 ], [ -119.6169, 44.7855 ], [ -119.6288, 44.7778 ], [ -119.6441, 44.759 ], [ -119.6532, 44.7627 ], [ -119.6524, 44.8233 ], [ -119.6715, 44.8233 ], [ -119.6722, 44.9951 ], [ -118.4689, 44.9952 ] ] ] } },
{ "type": "Feature", "properties": { "GEOIDFQ": "1400000US41053020202", "NAME": "202.02", "NAMELSAD": "Census Tract 202.02" }, "geometry": { "type": "Polygon", "coordinates": [ [ [ -123.2995, 44.9687 ], [ -123.2395, 44.934 ], [ -123.2118, 44.9344 ], [ -123.2148, 44.9243 ], [ -123.2017, 44.8966 ], [ -123.2573, 44.8979 ], [ -123.2949, 44.9096 ], [ -123.295, 44.9179 ], [ -123.2852, 44.9182 ], [ -123.281, 44.9199 ], [ -123.3013, 44.9186 ], [ -123.3157, 44.9253 ], [ -123.2995, 44.9687 ] ] ] } },
{ "type": "Feature", "properties": { "GEOIDFQ": "1400000US41053020400", "NAME": "204", "NAMELSAD": "Census Tract 204" }, "geometry": { "type": "Polygon", "coordinates": [ [ [ -123.7244, 45.0762 ], [ -123.4127, 45.0754 ], [ -123.4126, 45.052 ], [ -123.4021, 45.0384 ], [ -123.403, 45.008 ], [ -123.3808, 45.0073 ], [ -123.3587, 44.9988 ], [ -123.3737, 44.9979 ], [ -123.395, 44.9813 ], [ -123.3879, 44.9663 ], [ -123.3915, 44.9603 ], [ -123.4208, 44.9516 ], [ -123.4101, 44.9371 ], [ -123.3879, 44.9388 ], [ -123.3638, 44.9276 ], [ -123.3712, 44.9102 ], [ -123.3972, 44.8815 ], [ -123.3973, 44.8647 ], [ -123.3575, 44.8535 ], [ -123.3648, 44.8383 ], [ -123.3503, 44.8284 ], [ -123.3462, 44.8051 ], [ -123.3551, 44.8037 ], [ -123.3447, 44.7983 ], [ -123.3452, 44.7786 ], [ -123.3341, 44.7523 ], [ -123.3081, 44.736 ], [ -123.3019, 44.7198 ], [ -123.7045, 44.7212 ], [ -123.7046, 44.739 ], [ -123.725, 44.739 ], [ -123.7244, 45.0762 ] ] ] } },
{ "type": "Feature", "properties": { "GEOIDFQ": "1400000US41053020204", "NAME": "202.04", "NAMELSAD": "Census Tract 202.04" }, "geometry": { "type": "Polygon", "coordinates": [ [ [ -123.3972, 44.8815 ], [ -123.3712, 44.9102 ], [ -123.3698, 44.9241 ], [ -123.3604, 44.9293 ], [ -123.3351, 44.9297 ], [ -123.334, 44.9194 ], [ -123.3215, 44.9216 ], [ -123.3268, 44.9178 ], [ -123.2706, 44.9029 ], [ -123.2697, 44.8859 ], [ -123.2836, 44.8788 ], [ -123.2838, 44.8708 ], [ -123.305, 44.877 ], [ -123.2913, 44.8685 ], [ -123.2928, 44.8585 ], [ -123.3077, 44.8603 ], [ -123.327, 44.8449 ], [ -123.3392, 44.8542 ], [ -123.3539, 44.8523 ], [ -123.3879, 44.8589 ], [ -123.3983, 44.8688 ], [ -123.3972, 44.8815 ] ] ] } },
{ "type": "Feature", "properties": { "GEOIDFQ": "1400000US41005022905", "NAME": "229.05", "NAMELSAD": "Census Tract 229.05" }, "geometry": { "type": "Polygon", "coordinates": [ [ [ -122.7178, 45.2991 ], [ -122.7069, 45.2961 ], [ -122.6884, 45.2999 ], [ -122.6755, 45.2892 ], [ -122.6765, 45.2796 ], [ -122.6868, 45.2768 ], [ -122.6909, 45.2664 ], [ -122.7105, 45.2673 ], [ -122.7099, 45.2794 ], [ -122.7232, 45.2912 ], [ -122.7178, 45.2991 ] ] ] } },
{ "type": "Feature", "properties": { "GEOIDFQ": "1400000US41005022708", "NAME": "227.08", "NAMELSAD": "Census Tract 227.08" }, "geometry": { "type": "Polygon", "coordinates": [ [ [ -122.8679, 45.3173 ], [ -122.8465, 45.3172 ], [ -122.8465, 45.3282 ], [ -122.8056, 45.3245 ], [ -122.7997, 45.3173 ], [ -122.8097, 45.302 ], [ -122.8041, 45.2939 ], [ -122.7849, 45.3028 ], [ -122.7691, 45.303 ], [ -122.7693, 45.2918 ], [ -122.7864, 45.2925 ], [ -122.8291, 45.2791 ], [ -122.8499, 45.2597 ], [ -122.8681, 45.2597 ], [ -122.8679, 45.3173 ] ] ] } },
{ "type": "Feature", "properties": { "GEOIDFQ": "1400000US41005022302", "NAME": "223.02", "NAMELSAD": "Census Tract 223.02" }, "geometry": { "type": "Polygon", "coordinates": [ [ [ -122.5964, 45.3639 ], [ -122.5852, 45.3636 ], [ -122.5792, 45.3665 ], [ -122.5732, 45.3655 ], [ -122.5676, 45.3727 ], [ -122.5314, 45.3649 ], [ -122.5176, 45.3693 ], [ -122.5178, 45.3549 ], [ -122.529, 45.3486 ], [ -122.5277, 45.3314 ], [ -122.5849, 45.3332 ], [ -122.5767, 45.3372 ], [ -122.5796, 45.3601 ], [ -122.5964, 45.3639 ] ] ] } },
{ "type": "Feature", "properties": { "GEOIDFQ": "1400000US41005022606", "NAME": "226.06", "NAMELSAD": "Census Tract 226.06" }, "geometry": { "type": "Polygon", "coordinates": [ [ [ -122.6184, 45.3266 ], [ -122.626, 45.3314 ], [ -122.6229, 45.3373 ], [ -122.6049, 45.3364 ], [ -122.6025, 45.328 ], [ -122.6095, 45.3228 ], [ -122.6001, 45.3076 ], [ -122.6247, 45.3057 ], [ -122.6278, 45.3192 ], [ -122.6184, 45.3266 ] ] ] } },
{ "type": "Feature", "properties": { "GEOIDFQ": "1400000US41005022707", "NAME": "227.07", "NAMELSAD": "Census Tract 227.07" }, "geometry": { "type": "Polygon", "coordinates": [ [ [ -122.8462, 45.3462 ], [ -122.8055, 45.3463 ], [ -122.8055, 45.3318 ], [ -122.7691, 45.3319 ], [ -122.7691, 45.303 ], [ -122.7849, 45.3028 ], [ -122.8041, 45.2939 ], [ -122.8097, 45.302 ], [ -122.7997, 45.3173 ], [ -122.8056, 45.3245 ], [ -122.8335, 45.3245 ], [ -122.8337, 45.3281 ], [ -122.8465, 45.3282 ], [ -122.8462, 45.3462 ] ] ] } },
{ "type": "Feature", "properties": { "GEOIDFQ": "1400000US41005022907", "NAME": "229.07", "NAMELSAD": "Census Tract 229.07" }, "geometry": { "type": "Polygon", "coordinates": [ [ [ -122.6798, 45.267 ], [ -122.6708, 45.2594 ], [ -122.6765, 45.2595 ], [ -122.6773, 45.2521 ], [ -122.687, 45.2521 ], [ -122.6922, 45.2623 ], [ -122.6798, 45.267 ] ] ] } },
{ "type": "Feature", "properties": { "GEOIDFQ": "1400000US41005023002", "NAME": "230.02", "NAMELSAD": "Census Tract 230.02" }, "geometry": { "type": "Polygon", "coordinates": [ [ [ -122.6261, 45.3067 ], [ -122.5801, 45.3105 ], [ -122.5649, 45.3039 ], [ -122.5643, 45.2905 ], [ -122.5584, 45.2879 ], [ -122.4973, 45.2877 ], [ -122.4976, 45.2782 ], [ -122.4725, 45.2866 ], [ -122.4515, 45.286 ], [ -122.4597, 45.2619 ], [ -122.511, 45.2601 ], [ -122.5317, 45.2662 ], [ -122.5339, 45.259 ], [ -122.5989, 45.2592 ], [ -122.6173, 45.2682 ], [ -122.6289, 45.2665 ], [ -122.6261, 45.3067 ] ] ] } },
{ "type": "Feature", "properties": { "GEOIDFQ": "1400000US41005023001", "NAME": "230.01", "NAMELSAD": "Census Tract 230.01" }, "geometry": { "type": "Polygon", "coordinates": [ [ [ -122.5275, 45.332 ], [ -122.5086, 45.3268 ], [ -122.5062, 45.3105 ], [ -122.4963, 45.3023 ], [ -122.4809, 45.2994 ], [ -122.4833, 45.2813 ], [ -122.4976, 45.2782 ], [ -122.4973, 45.2877 ], [ -122.5643, 45.2905 ], [ -122.5687, 45.3094 ], [ -122.5472, 45.3096 ], [ -122.572, 45.3311 ], [ -122.5275, 45.332 ] ] ] } },
{ "type": "Feature", "properties": { "GEOIDFQ": "1400000US41005020303", "NAME": "203.03", "NAMELSAD": "Census Tract 203.03" }, "geometry": { "type": "Polygon", "coordinates": [ [ [ -122.7255, 45.4332 ], [ -122.7077, 45.4329 ], [ -122.7159, 45.4157 ], [ -122.7241, 45.4184 ], [ -122.7255, 45.4332 ] ] ] } },
{ "type": "Feature", "properties": { "GEOIDFQ": "1400000US41005020304", "NAME": "203.04", "NAMELSAD": "Census Tract 203.04" }, "geometry": { "type": "Polygon", "coordinates": [ [ [ -122.7255, 45.4332 ], [ -122.7241, 45.4184 ], [ -122.744, 45.421 ], [ -122.7441, 45.4333 ], [ -122.7255, 45.4332 ] ] ] } },
{ "type": "Feature", "properties": { "GEOIDFQ": "1400000US41005020401", "NAME": "204.01", "NAMELSAD": "Census Tract 204.01" }, "geometry": { "type": "Polygon", "coordinates": [ [ [ -122.7231, 45.4087 ], [ -122.7231, 45.4024 ], [ -122.7136, 45.4056 ], [ -122.7214, 45.3826 ], [ -122.7439, 45.3861 ], [ -122.7231, 45.4087 ] ] ] } },
{ "type": "Feature", "properties": { "GEOIDFQ": "1400000US41005020800", "NAME": "208", "NAMELSAD": "Census Tract 208" }, "geometry": { "type": "Polygon", "coordinates": [ [ [ -122.6366, 45.4615 ], [ -122.6246, 45.4344 ], [ -122.6462, 45.4414 ], [ -122.661, 45.4578 ], [ -122.6366, 45.4615 ] ] ] } },
{ "type": "Feature", "properties": { "GEOIDFQ": "1400000US41053020303", "NAME": "203.03", "NAMELSAD": "Census Tract 203.03" }, "geometry": { "type": "Polygon", "coordinates": [ [ [ -123.2838, 44.8708 ], [ -123.2836, 44.8788 ], [ -123.2697, 44.8859 ], [ -123.2706, 44.9029 ], [ -123.2563, 44.8977 ], [ -123.1768, 44.8977 ], [ -123.1821, 44.8873 ], [ -123.1373, 44.8873 ], [ -123.1526, 44.8601 ], [ -123.1742, 44.8635 ], [ -123.1726, 44.868 ], [ -123.186, 44.8681 ], [ -123.1873, 44.8723 ], [ -123.1922, 44.8611 ], [ -123.2061, 44.8637 ], [ -123.2061, 44.8552 ], [ -123.2197, 44.8574 ], [ -123.2259, 44.8646 ], [ -123.2383, 44.8646 ], [ -123.2374, 44.8519 ], [ -123.2429, 44.8497 ], [ -123.2353, 44.8453 ], [ -123.2353, 44.8376 ], [ -123.2928, 44.8585 ], [ -123.2913, 44.8685 ], [ -123.305, 44.877 ], [ -123.2838, 44.8708 ] ] ] } },
{ "type": "Feature", "properties": { "GEOIDFQ": "1400000US41053020500", "NAME": "205", "NAMELSAD": "Census Tract 205" }, "geometry": { "type": "Polygon", "coordinates": [ [ [ -123.3915, 44.9603 ], [ -123.3879, 44.9663 ], [ -123.395, 44.9813 ], [ -123.3737, 44.9979 ], [ -123.3587, 44.9988 ], [ -123.3808, 45.0073 ], [ -123.403, 45.008 ], [ -123.4021, 45.0384 ], [ -123.4126, 45.052 ], [ -123.4127, 45.0754 ], [ -123.1863, 45.075 ], [ -123.1838, 45.006 ], [ -123.1735, 44.992 ], [ -123.1724, 44.9706 ], [ -123.2078, 44.969 ], [ -123.2118, 44.9344 ], [ -123.2395, 44.934 ], [ -123.2995, 44.9687 ], [ -123.3111, 44.9471 ], [ -123.311, 44.9305 ], [ -123.3331, 44.9194 ], [ -123.3351, 44.9297 ], [ -123.3646, 44.9274 ], [ -123.3879, 44.9388 ], [ -123.4101, 44.9371 ], [ -123.4208, 44.9516 ], [ -123.3915, 44.9603 ] ] ] } },
{ "type": "Feature", "properties": { "GEOIDFQ": "1400000US41005980000", "NAME": "9800", "NAMELSAD": "Census Tract 9800" }, "geometry": { "type": "Polygon", "coordinates": [ [ [ -122.264, 45.2361 ], [ -122.2383, 45.2153 ], [ -122.2305, 45.2156 ], [ -122.2305, 45.2441 ], [ -122.1901, 45.2447 ], [ -122.1898, 45.2299 ], [ -122.1281, 45.2299 ], [ -122.1276, 45.2439 ], [ -122.1372, 45.2478 ], [ -122.1276, 45.2477 ], [ -122.1276, 45.2978 ], [ -122.1036, 45.2993 ], [ -122.0552, 45.2765 ], [ -122.0546, 45.2581 ], [ -121.9466, 45.261 ], [ -121.9386, 45.2721 ], [ -121.9328, 45.2707 ], [ -121.8547, 45.2196 ], [ -121.8251, 45.2265 ], [ -121.796, 45.2229 ], [ -121.7854, 45.2146 ], [ -121.7473, 45.2211 ], [ -121.7397, 45.2185 ], [ -121.7128, 45.2278 ], [ -121.7004, 45.2406 ], [ -121.6994, 45.2241 ], [ -121.7146, 45.2112 ], [ -121.7478, 45.2056 ], [ -121.7486, 45.1918 ], [ -121.7253, 45.1593 ], [ -121.7116, 45.1528 ], [ -121.7081, 45.1341 ], [ -121.6951, 45.1174 ], [ -121.685, 45.1237 ], [ -121.6664, 45.1203 ], [ -121.6617, 45.1054 ], [ -121.653, 45.1025 ], [ -121.6587, 45.0664 ], [ -121.6893, 45.0667 ], [ -121.7224, 45.046 ], [ -121.7194, 45.0371 ], [ -121.7384, 45.0335 ], [ -121.7688, 45.0399 ], [ -121.7784, 45.0376 ], [ -121.7812, 45.0157 ], [ -121.7982, 45.0162 ], [ -121.8057, 45.0067 ], [ -121.8033, 44.9771 ], [ -121.7856, 44.9504 ], [ -121.7956, 44.936 ], [ -121.7798, 44.9352 ], [ -121.7633, 44.9417 ], [ -121.7454, 44.923 ], [ -121.7473, 44.9146 ], [ -121.729, 44.9048 ], [ -121.7146, 44.9061 ], [ -121.7172, 44.898 ], [ -121.7342, 44.8857 ], [ -122.2575, 44.8857 ], [ -122.2534, 45.1676 ], [ -122.2454, 45.1974 ], [ -122.2665, 45.2312 ], [ -122.264, 45.2361 ] ] ] } },
{ "type": "Feature", "properties": { "GEOIDFQ": "1400000US41057960500", "NAME": "9605", "NAMELSAD": "Census Tract 9605" }, "geometry": { "type": "Polygon", "coordinates": [ [ [ -123.9655, 45.5067 ], [ -123.956, 45.546 ], [ -123.9549, 45.5631 ], [ -123.9729, 45.5685 ], [ -123.9464, 45.5664 ], [ -123.9337, 45.558 ], [ -123.8951, 45.5033 ], [ -123.8836, 45.4989 ], [ -123.8696, 45.5021 ], [ -123.8622, 45.4923 ], [ -123.8503, 45.4957 ], [ -123.8426, 45.4478 ], [ -123.8597, 45.4562 ], [ -123.8826, 45.4548 ], [ -123.9033, 45.4595 ], [ -123.9077, 45.4547 ], [ -123.9171, 45.4741 ], [ -123.9421, 45.4853 ], [ -123.9486, 45.4806 ], [ -123.964, 45.4816 ], [ -123.9688, 45.4728 ], [ -123.9787, 45.4725 ], [ -123.9853, 45.4867 ], [ -123.9655, 45.5067 ] ] ] } },
{ "type": "Feature", "properties": { "GEOIDFQ": "1400000US41057960300", "NAME": "9603", "NAMELSAD": "Census Tract 9603" }, "geometry": { "type": "Polygon", "coordinates": [ [ [ -123.8749, 45.5706 ], [ -123.876, 45.5844 ], [ -123.8682, 45.5962 ], [ -123.8766, 45.608 ], [ -123.8615, 45.6124 ], [ -123.8504, 45.626 ], [ -123.855, 45.6418 ], [ -123.838, 45.6647 ], [ -123.8383, 45.6793 ], [ -123.8171, 45.6755 ], [ -123.8112, 45.6602 ], [ -123.8225, 45.6628 ], [ -123.8162, 45.6487 ], [ -123.7993, 45.6471 ], [ -123.7942, 45.6428 ], [ -123.8022, 45.6448 ], [ -123.8016, 45.6414 ], [ -123.7949, 45.6353 ], [ -123.7762, 45.6456 ], [ -123.7674, 45.6441 ], [ -123.7599, 45.6542 ], [ -123.7456, 45.6541 ], [ -123.7569, 45.6575 ], [ -123.7436, 45.6625 ], [ -123.756, 45.6667 ], [ -123.7402, 45.6658 ], [ -123.725, 45.6548 ], [ -123.7132, 45.6555 ], [ -123.718, 45.66 ], [ -123.7074, 45.6627 ], [ -123.7022, 45.6772 ], [ -123.6863, 45.6725 ], [ -123.667, 45.6772 ], [ -123.6335, 45.6583 ], [ -123.6268, 45.6454 ], [ -123.6149, 45.6399 ], [ -123.6074, 45.6487 ], [ -123.6113, 45.6638 ], [ -123.604, 45.669 ], [ -123.5454, 45.6685 ], [ -123.542, 45.6787 ], [ -123.5311, 45.6849 ], [ -123.5256, 45.679 ], [ -123.5099, 45.682 ], [ -123.4869, 45.675 ], [ -123.4835, 45.6669 ], [ -123.4703, 45.6727 ], [ -123.4641, 45.6651 ], [ -123.4438, 45.6651 ], [ -123.4438, 45.6507 ], [ -123.423, 45.6506 ], [ -123.4233, 45.6362 ], [ -123.3802, 45.6358 ], [ -123.3769, 45.6221 ], [ -123.3863, 45.6171 ], [ -123.4157, 45.6213 ], [ -123.4249, 45.611 ], [ -123.4431, 45.6053 ], [ -123.4722, 45.6091 ], [ -123.4919, 45.6062 ], [ -123.5142, 45.5925 ], [ -123.5439, 45.5861 ], [ -123.5581, 45.5904 ], [ -123.563, 45.5794 ], [ -123.6115, 45.5989 ], [ -123.6267, 45.5936 ], [ -123.6267, 45.588 ], [ -123.6376, 45.5929 ], [ -123.6345, 45.5869 ], [ -123.6563, 45.5811 ], [ -123.6573, 45.5744 ], [ -123.674, 45.574 ], [ -123.6722, 45.5695 ], [ -123.6825, 45.5668 ], [ -123.6939, 45.5718 ], [ -123.6976, 45.56 ], [ -123.7028, 45.5626 ], [ -123.7277, 45.5562 ], [ -123.7367, 45.5454 ], [ -123.7517, 45.5485 ], [ -123.7675, 45.5381 ], [ -123.7852, 45.5355 ], [ -123.7952, 45.5239 ], [ -123.829, 45.5201 ], [ -123.8267, 45.5145 ], [ -123.8377, 45.5056 ], [ -123.832, 45.5054 ], [ -123.8338, 45.5006 ], [ -123.8612, 45.4924 ], [ -123.8696, 45.5021 ], [ -123.8836, 45.4989 ], [ -123.8951, 45.5033 ], [ -123.923, 45.54 ], [ -123.8749, 45.5706 ] ] ] } },
{ "type": "Feature", "properties": { "GEOIDFQ": "1400000US41057960600", "NAME": "9606", "NAMELSAD": "Census Tract 9606" }, "geometry": { "type": "Polygon", "coordinates": [ [ [ -123.9688, 45.4728 ], [ -123.964, 45.4816 ], [ -123.948, 45.4807 ], [ -123.9424, 45.4854 ], [ -123.9171, 45.4741 ], [ -123.9077, 45.4547 ], [ -123.9033, 45.4595 ], [ -123.8826, 45.4548 ], [ -123.8597, 45.4562 ], [ -123.8253, 45.4352 ], [ -123.8241, 45.4093 ], [ -123.8049, 45.3974 ], [ -123.8036, 45.3958 ], [ -123.8028, 45.3939 ], [ -123.8031, 45.3897 ], [ -123.8042, 45.3961 ], [ -123.8252, 45.4082 ], [ -123.8498, 45.3874 ], [ -123.8656, 45.3873 ], [ -123.8774, 45.3791 ], [ -123.9053, 45.3908 ], [ -123.9246, 45.3892 ], [ -123.9358, 45.386 ], [ -123.9357, 45.3794 ], [ -123.9464, 45.3792 ], [ -123.9404, 45.367 ], [ -123.9459, 45.3681 ], [ -123.9481, 45.3592 ], [ -123.9387, 45.3585 ], [ -123.9668, 45.3575 ], [ -123.9752, 45.3492 ], [ -123.9666, 45.3465 ], [ -123.9651, 45.3448 ], [ -123.9915, 45.3488 ], [ -123.9778, 45.3659 ], [ -123.9646, 45.4359 ], [ -123.9772, 45.4556 ], [ -123.9925, 45.4585 ], [ -123.9964, 45.4649 ], [ -123.9688, 45.4728 ] ] ] } },
{ "type": "Feature", "properties": { "GEOIDFQ": "1400000US41057960200", "NAME": "9602", "NAMELSAD": "Census Tract 9602" }, "geometry": { "type": "Polygon", "coordinates": [ [ [ -123.9625, 45.575 ], [ -123.9472, 45.6456 ], [ -123.9281, 45.6372 ], [ -123.9208, 45.6428 ], [ -123.9104, 45.642 ], [ -123.9113, 45.6476 ], [ -123.8929, 45.6473 ], [ -123.8831, 45.6394 ], [ -123.855, 45.6395 ], [ -123.8505, 45.6258 ], [ -123.8615, 45.6124 ], [ -123.8766, 45.608 ], [ -123.8682, 45.5962 ], [ -123.876, 45.5844 ], [ -123.8749, 45.5705 ], [ -123.923, 45.54 ], [ -123.9415, 45.5647 ], [ -123.9729, 45.5685 ], [ -123.9733, 45.5726 ], [ -123.9625, 45.575 ] ] ] } },
{ "type": "Feature", "properties": { "GEOIDFQ": "1400000US41057960700", "NAME": "9607", "NAMELSAD": "Census Tract 9607" }, "geometry": { "type": "Polygon", "coordinates": [ [ [ -124.0104, 45.3446 ], [ -123.9915, 45.3488 ], [ -123.9651, 45.3448 ], [ -123.9752, 45.3492 ], [ -123.9668, 45.3575 ], [ -123.9583, 45.355 ], [ -123.9387, 45.3585 ], [ -123.9484, 45.3612 ], [ -123.9459, 45.3681 ], [ -123.9404, 45.367 ], [ -123.9464, 45.3792 ], [ -123.9355, 45.3795 ], [ -123.9358, 45.386 ], [ -123.9053, 45.3908 ], [ -123.8774, 45.3791 ], [ -123.8656, 45.3873 ], [ -123.8498, 45.3874 ], [ -123.8252, 45.4082 ], [ -123.7943, 45.3848 ], [ -123.7562, 45.3871 ], [ -123.7472, 45.3803 ], [ -123.7327, 45.386 ], [ -123.7079, 45.3745 ], [ -123.703, 45.3825 ], [ -123.6966, 45.3792 ], [ -123.6879, 45.3834 ], [ -123.6728, 45.374 ], [ -123.6581, 45.3779 ], [ -123.6555, 45.361 ], [ -123.6413, 45.3551 ], [ -123.6188, 45.3577 ], [ -123.6114, 45.365 ], [ -123.6153, 45.3593 ], [ -123.606, 45.353 ], [ -123.593, 45.3588 ], [ -123.5785, 45.3576 ], [ -123.5709, 45.3483 ], [ -123.5666, 45.3529 ], [ -123.5498, 45.349 ], [ -123.5483, 45.3614 ], [ -123.5412, 45.3649 ], [ -123.5266, 45.3676 ], [ -123.5157, 45.3617 ], [ -123.4849, 45.3704 ], [ -123.4649, 45.3679 ], [ -123.4635, 45.2163 ], [ -123.762, 45.2163 ], [ -123.7699, 45.2182 ], [ -123.7734, 45.2293 ], [ -123.7935, 45.2329 ], [ -123.8431, 45.2228 ], [ -123.857, 45.2338 ], [ -123.8588, 45.2263 ], [ -123.8656, 45.2374 ], [ -123.8482, 45.2513 ], [ -123.8834, 45.2544 ], [ -123.8992, 45.2616 ], [ -123.9064, 45.2584 ], [ -123.9043, 45.2704 ], [ -123.919, 45.2656 ], [ -123.9244, 45.2689 ], [ -123.9418, 45.2357 ], [ -123.9494, 45.2326 ], [ -123.9599, 45.2358 ], [ -123.9541, 45.2118 ], [ -123.9653, 45.1991 ], [ -123.955, 45.1879 ], [ -123.9664, 45.1628 ], [ -123.9798, 45.1595 ], [ -123.9777, 45.205 ], [ -123.9913, 45.214 ], [ -123.9793, 45.225 ], [ -123.9717, 45.3166 ], [ -123.9786, 45.3334 ], [ -124.01, 45.3328 ], [ -124.0104, 45.3446 ] ] ] } },
{ "type": "Feature", "properties": { "GEOIDFQ": "1400000US41005020302", "NAME": "203.02", "NAMELSAD": "Census Tract 203.02" }, "geometry": { "type": "Polygon", "coordinates": [ [ [ -122.7159, 45.4157 ], [ -122.7438, 45.3965 ], [ -122.7439, 45.4013 ], [ -122.7441, 45.4189 ], [ -122.7159, 45.4157 ] ] ] } },
{ "type": "Feature", "properties": { "GEOIDFQ": "1400000US41005021700", "NAME": "217", "NAMELSAD": "Census Tract 217" }, "geometry": { "type": "Polygon", "coordinates": [ [ [ -122.6264, 45.4089 ], [ -122.6015, 45.3734 ], [ -122.6174, 45.3753 ], [ -122.6276, 45.3931 ], [ -122.6507, 45.4067 ], [ -122.6264, 45.4089 ] ] ] } },
{ "type": "Feature", "properties": { "GEOIDFQ": "1400000US41005021801", "NAME": "218.01", "NAMELSAD": "Census Tract 218.01" }, "geometry": { "type": "Polygon", "coordinates": [ [ [ -122.6133, 45.419 ], [ -122.5933, 45.4162 ], [ -122.5854, 45.4037 ], [ -122.6005, 45.3972 ], [ -122.6227, 45.4125 ], [ -122.6133, 45.419 ] ] ] } },
{ "type": "Feature", "properties": { "GEOIDFQ": "1400000US41005022000", "NAME": "220", "NAMELSAD": "Census Tract 220" }, "geometry": { "type": "Polygon", "coordinates": [ [ [ -122.5854, 45.4037 ], [ -122.5843, 45.3897 ], [ -122.5758, 45.3932 ], [ -122.5808, 45.3807 ], [ -122.5932, 45.3773 ], [ -122.6053, 45.3939 ], [ -122.5854, 45.4037 ] ] ] } },
{ "type": "Feature", "properties": { "GEOIDFQ": "1400000US41005022101", "NAME": "221.01", "NAMELSAD": "Census Tract 221.01" }, "geometry": { "type": "Polygon", "coordinates": [ [ [ -122.5788, 45.4161 ], [ -122.5817, 45.4212 ], [ -122.5763, 45.4218 ], [ -122.5715, 45.4048 ], [ -122.5758, 45.3932 ], [ -122.5843, 45.3897 ], [ -122.5933, 45.4162 ], [ -122.5788, 45.4161 ] ] ] } },
{ "type": "Feature", "properties": { "GEOIDFQ": "1400000US41067030401", "NAME": "304.01", "NAMELSAD": "Census Tract 304.01" }, "geometry": { "type": "Polygon", "coordinates": [ [ [ -122.7772, 45.4865 ], [ -122.7492, 45.4861 ], [ -122.7758, 45.4694 ], [ -122.7866, 45.4694 ], [ -122.7996, 45.4866 ], [ -122.7772, 45.4865 ] ] ] } },
{ "type": "Feature", "properties": { "GEOIDFQ": "1400000US41051000501", "NAME": "5.01", "NAMELSAD": "Census Tract 5.01" }, "geometry": { "type": "Polygon", "coordinates": [ [ [ -122.5995, 45.4866 ], [ -122.5984, 45.4903 ], [ -122.5892, 45.4865 ], [ -122.5893, 45.4759 ], [ -122.5996, 45.4768 ], [ -122.5995, 45.4866 ] ] ] } },
{ "type": "Feature", "properties": { "GEOIDFQ": "1400000US41051003402", "NAME": "34.02", "NAMELSAD": "Census Tract 34.02" }, "geometry": { "type": "Polygon", "coordinates": [ [ [ -122.6755, 45.5546 ], [ -122.6615, 45.5546 ], [ -122.6616, 45.5483 ], [ -122.6755, 45.5486 ], [ -122.6755, 45.5546 ] ] ] } },
{ "type": "Feature", "properties": { "GEOIDFQ": "1400000US41051003502", "NAME": "35.02", "NAMELSAD": "Census Tract 35.02" }, "geometry": { "type": "Polygon", "coordinates": [ [ [ -122.6754, 45.5555 ], [ -122.6779, 45.5421 ], [ -122.6784, 45.5443 ], [ -122.6937, 45.556 ], [ -122.6754, 45.5555 ] ] ] } },
{ "type": "Feature", "properties": { "GEOIDFQ": "1400000US41051003601", "NAME": "36.01", "NAMELSAD": "Census Tract 36.01" }, "geometry": { "type": "Polygon", "coordinates": [ [ [ -122.6613, 45.5789 ], [ -122.6614, 45.5811 ], [ -122.6501, 45.5772 ], [ -122.65, 45.5682 ], [ -122.6501, 45.5627 ], [ -122.6614, 45.5634 ], [ -122.6613, 45.5789 ] ] ] } },
{ "type": "Feature", "properties": { "GEOIDFQ": "1400000US41051003501", "NAME": "35.01", "NAMELSAD": "Census Tract 35.01" }, "geometry": { "type": "Polygon", "coordinates": [ [ [ -122.675, 45.5627 ], [ -122.6749, 45.5559 ], [ -122.6942, 45.556 ], [ -122.6997, 45.5627 ], [ -122.675, 45.5627 ] ] ] } },
{ "type": "Feature", "properties": { "GEOIDFQ": "1400000US41047001701", "NAME": "17.01", "NAMELSAD": "Census Tract 17.01" }, "geometry": { "type": "Polygon", "coordinates": [ [ [ -122.9903, 44.9539 ], [ -122.9734, 44.9539 ], [ -122.9836, 44.9458 ], [ -122.9736, 44.9317 ], [ -122.9905, 44.9319 ], [ -122.9903, 44.9539 ] ] ] } },
{ "type": "Feature", "properties": { "GEOIDFQ": "1400000US41051010407", "NAME": "104.07", "NAMELSAD": "Census Tract 104.07" }, "geometry": { "type": "Polygon", "coordinates": [ [ [ -122.3984, 45.5191 ], [ -122.3869, 45.519 ], [ -122.3727, 45.4882 ], [ -122.3988, 45.4918 ], [ -122.3984, 45.5191 ] ] ] } },
{ "type": "Feature", "properties": { "GEOIDFQ": "1400000US41051010405", "NAME": "104.05", "NAMELSAD": "Census Tract 104.05" }, "geometry": { "type": "Polygon", "coordinates": [ [ [ -122.4338, 45.5191 ], [ -122.4125, 45.5191 ], [ -122.4139, 45.5017 ], [ -122.4339, 45.5113 ], [ -122.4338, 45.5191 ] ] ] } },
{ "type": "Feature", "properties": { "GEOIDFQ": "1400000US41051007201", "NAME": "72.01", "NAMELSAD": "Census Tract 72.01" }, "geometry": { "type": "Polygon", "coordinates": [ [ [ -122.7624, 45.6564 ], [ -122.675, 45.618 ], [ -122.6439, 45.6097 ], [ -122.6425, 45.6032 ], [ -122.6721, 45.6052 ], [ -122.7154, 45.6197 ], [ -122.7651, 45.6529 ], [ -122.7624, 45.6564 ] ] ] } },
{ "type": "Feature", "properties": { "GEOIDFQ": "1400000US41051010410", "NAME": "104.10", "NAMELSAD": "Census Tract 104.10" }, "geometry": { "type": "Polygon", "coordinates": [ [ [ -122.4125, 45.5191 ], [ -122.3984, 45.5191 ], [ -122.3999, 45.5048 ], [ -122.4139, 45.5049 ], [ -122.4125, 45.5191 ] ] ] } },
{ "type": "Feature", "properties": { "GEOIDFQ": "1400000US41051007100", "NAME": "71", "NAMELSAD": "Census Tract 71" }, "geometry": { "type": "Polygon", "coordinates": [ [ [ -122.9291, 45.7215 ], [ -122.7847, 45.7209 ], [ -122.7847, 45.7286 ], [ -122.7624, 45.7287 ], [ -122.7745, 45.6804 ], [ -122.7624, 45.6564 ], [ -122.7887, 45.633 ], [ -122.7908, 45.6195 ], [ -122.81, 45.619 ], [ -122.824, 45.6053 ], [ -122.888, 45.6064 ], [ -122.8878, 45.6205 ], [ -122.909, 45.6208 ], [ -122.9091, 45.6352 ], [ -122.9291, 45.6353 ], [ -122.9291, 45.7215 ] ] ] } },
{ "type": "Feature", "properties": { "GEOIDFQ": "1400000US41051001301", "NAME": "13.01", "NAMELSAD": "Census Tract 13.01" }, "geometry": { "type": "Polygon", "coordinates": [ [ [ -122.623, 45.5193 ], [ -122.6228, 45.512 ], [ -122.6348, 45.5121 ], [ -122.6348, 45.5193 ], [ -122.623, 45.5193 ] ] ] } },
{ "type": "Feature", "properties": { "GEOIDFQ": "1400000US41051010408", "NAME": "104.08", "NAMELSAD": "Census Tract 104.08" }, "geometry": { "type": "Polygon", "coordinates": [ [ [ -122.4138, 45.4832 ], [ -122.4139, 45.5017 ], [ -122.3881, 45.4769 ], [ -122.4035, 45.4745 ], [ -122.4138, 45.4832 ] ] ] } },
{ "type": "Feature", "properties": { "GEOIDFQ": "1400000US41051006100", "NAME": "61", "NAMELSAD": "Census Tract 61" }, "geometry": { "type": "Polygon", "coordinates": [ [ [ -122.7026, 45.4906 ], [ -122.707, 45.4946 ], [ -122.7046, 45.4947 ], [ -122.6875, 45.4841 ], [ -122.6983, 45.4778 ], [ -122.7103, 45.4878 ], [ -122.7026, 45.4906 ] ] ] } },
{ "type": "Feature", "properties": { "GEOIDFQ": "1400000US41051010500", "NAME": "105", "NAMELSAD": "Census Tract 105" }, "geometry": { "type": "Polygon", "coordinates": [ [ [ -122.3803, 45.5759 ], [ -122.3528, 45.5694 ], [ -122.3315, 45.5482 ], [ -122.2626, 45.5443 ], [ -122.2008, 45.5651 ], [ -122.1829, 45.5768 ], [ -122.1416, 45.584 ], [ -122.1017, 45.5832 ], [ -122.0443, 45.6095 ], [ -121.983, 45.6229 ], [ -121.9631, 45.6329 ], [ -121.9558, 45.6436 ], [ -121.922, 45.6492 ], [ -121.9221, 45.6108 ], [ -121.9131, 45.6014 ], [ -121.9184, 45.5855 ], [ -121.9105, 45.5812 ], [ -121.9139, 45.5712 ], [ -121.9019, 45.5562 ], [ -121.9223, 45.5463 ], [ -121.9064, 45.5205 ], [ -121.8916, 45.5126 ], [ -121.8696, 45.5143 ], [ -121.8598, 45.4992 ], [ -121.8635, 45.4925 ], [ -121.8196, 45.4617 ], [ -122.2729, 45.4614 ], [ -122.2898, 45.473 ], [ -122.2909, 45.4868 ], [ -122.2788, 45.4975 ], [ -122.2917, 45.4982 ], [ -122.3003, 45.4896 ], [ -122.3073, 45.4917 ], [ -122.2987, 45.5005 ], [ -122.3023, 45.5049 ], [ -122.3242, 45.4983 ], [ -122.3387, 45.5049 ], [ -122.3393, 45.5153 ], [ -122.3724, 45.5129 ], [ -122.3722, 45.5351 ], [ -122.3867, 45.5477 ], [ -122.3817, 45.5559 ], [ -122.4012, 45.571 ], [ -122.3803, 45.5759 ] ] ] } },
{ "type": "Feature", "properties": { "GEOIDFQ": "1400000US41051000301", "NAME": "3.01", "NAMELSAD": "Census Tract 3.01" }, "geometry": { "type": "Polygon", "coordinates": [ [ [ -122.6195, 45.4903 ], [ -122.6206, 45.4792 ], [ -122.6395, 45.4743 ], [ -122.6435, 45.4903 ], [ -122.6195, 45.4903 ] ] ] } },
{ "type": "Feature", "properties": { "GEOIDFQ": "1400000US41051006402", "NAME": "64.02", "NAMELSAD": "Census Tract 64.02" }, "geometry": { "type": "Polygon", "coordinates": [ [ [ -122.71, 45.4571 ], [ -122.6965, 45.4586 ], [ -122.6733, 45.4328 ], [ -122.7122, 45.4331 ], [ -122.71, 45.4571 ] ] ] } },
{ "type": "Feature", "properties": { "GEOIDFQ": "1400000US41051004002", "NAME": "40.02", "NAMELSAD": "Census Tract 40.02" }, "geometry": { "type": "Polygon", "coordinates": [ [ [ -122.7359, 45.5863 ], [ -122.7135, 45.5753 ], [ -122.7305, 45.5649 ], [ -122.7471, 45.577 ], [ -122.7359, 45.5863 ] ] ] } },
{ "type": "Feature", "properties": { "GEOIDFQ": "1400000US41051003902", "NAME": "39.02", "NAMELSAD": "Census Tract 39.02" }, "geometry": { "type": "Polygon", "coordinates": [ [ [ -122.6924, 45.5771 ], [ -122.6946, 45.5627 ], [ -122.7023, 45.5728 ], [ -122.7146, 45.579 ], [ -122.6924, 45.5771 ] ] ] } },
{ "type": "Feature", "properties": { "GEOIDFQ": "1400000US41051006900", "NAME": "69", "NAMELSAD": "Census Tract 69" }, "geometry": { "type": "Polygon", "coordinates": [ [ [ -122.7209, 45.5204 ], [ -122.7194, 45.5049 ], [ -122.7132, 45.5022 ], [ -122.7398, 45.4978 ], [ -122.7438, 45.4926 ], [ -122.7439, 45.5159 ], [ -122.7209, 45.5204 ] ] ] } },
{ "type": "Feature", "properties": { "GEOIDFQ": "1400000US41051007300", "NAME": "73", "NAMELSAD": "Census Tract 73" }, "geometry": { "type": "Polygon", "coordinates": [ [ [ -122.6405, 45.5914 ], [ -122.6439, 45.6097 ], [ -122.586, 45.6047 ], [ -122.5867, 45.5975 ], [ -122.5543, 45.5807 ], [ -122.51, 45.5668 ], [ -122.5103, 45.5527 ], [ -122.6306, 45.5727 ], [ -122.6478, 45.584 ], [ -122.6405, 45.5914 ] ] ] } },
{ "type": "Feature", "properties": { "GEOIDFQ": "1400000US41051007400", "NAME": "74", "NAMELSAD": "Census Tract 74" }, "geometry": { "type": "Polygon", "coordinates": [ [ [ -122.6187, 45.5704 ], [ -122.5906, 45.5667 ], [ -122.5942, 45.5627 ], [ -122.6204, 45.5628 ], [ -122.6187, 45.5704 ] ] ] } },
{ "type": "Feature", "properties": { "GEOIDFQ": "1400000US41051007500", "NAME": "75", "NAMELSAD": "Census Tract 75" }, "geometry": { "type": "Polygon", "coordinates": [ [ [ -122.5993, 45.5627 ], [ -122.5942, 45.5627 ], [ -122.6045, 45.5482 ], [ -122.6151, 45.5483 ], [ -122.6204, 45.5628 ], [ -122.5993, 45.5627 ] ] ] } },
{ "type": "Feature", "properties": { "GEOIDFQ": "1400000US41051007600", "NAME": "76", "NAMELSAD": "Census Tract 76" }, "geometry": { "type": "Polygon", "coordinates": [ [ [ -122.5906, 45.5667 ], [ -122.5777, 45.5644 ], [ -122.5786, 45.5554 ], [ -122.6005, 45.5559 ], [ -122.5906, 45.5667 ] ] ] } },
{ "type": "Feature", "properties": { "GEOIDFQ": "1400000US41051007700", "NAME": "77", "NAMELSAD": "Census Tract 77" }, "geometry": { "type": "Polygon", "coordinates": [ [ [ -122.5777, 45.5644 ], [ -122.5579, 45.561 ], [ -122.5578, 45.5591 ], [ -122.5787, 45.5527 ], [ -122.5777, 45.5644 ] ] ] } },
{ "type": "Feature", "properties": { "GEOIDFQ": "1400000US41051007800", "NAME": "78", "NAMELSAD": "Census Tract 78" }, "geometry": { "type": "Polygon", "coordinates": [ [ [ -122.5578, 45.5591 ], [ -122.5578, 45.5461 ], [ -122.5647, 45.5332 ], [ -122.5609, 45.5486 ], [ -122.5756, 45.5537 ], [ -122.5578, 45.5591 ] ] ] } },
{ "type": "Feature", "properties": { "GEOIDFQ": "1400000US41065970500", "NAME": "9705", "NAMELSAD": "Census Tract 9705" }, "geometry": { "type": "Polygon", "coordinates": [ [ [ -121.234, 45.6297 ], [ -121.2206, 45.6281 ], [ -121.1966, 45.6351 ], [ -121.1961, 45.6207 ], [ -121.2017, 45.6238 ], [ -121.2033, 45.6167 ], [ -121.2159, 45.6119 ], [ -121.2502, 45.6133 ], [ -121.2661, 45.6044 ], [ -121.2669, 45.6125 ], [ -121.234, 45.6297 ] ] ] } },
{ "type": "Feature", "properties": { "GEOIDFQ": "1400000US41067030600", "NAME": "306", "NAMELSAD": "Census Tract 306" }, "geometry": { "type": "Polygon", "coordinates": [ [ [ -122.7436, 45.4549 ], [ -122.7437, 45.4429 ], [ -122.7648, 45.4341 ], [ -122.766, 45.4535 ], [ -122.7436, 45.4549 ] ] ] } },
{ "type": "Feature", "properties": { "GEOIDFQ": "1400000US41015990101", "NAME": "9901.01", "NAMELSAD": "Census Tract 9901.01" }, "geometry": { "type": "Polygon", "coordinates": [ [ [ -124.6958, 42.7911 ], [ -124.6806, 42.8043 ], [ -124.6452, 42.8619 ], [ -124.6221, 42.8772 ], [ -124.6069, 42.9035 ], [ -124.5724, 42.9225 ], [ -124.5524, 42.9543 ], [ -124.4901, 42.9543 ], [ -124.5325, 42.8852 ], [ -124.5551, 42.8745 ], [ -124.5526, 42.8588 ], [ -124.5877, 42.8369 ], [ -124.5959, 42.8162 ], [ -124.6182, 42.8039 ], [ -124.6129, 42.7692 ], [ -124.5952, 42.7593 ], [ -124.5442, 42.7462 ], [ -124.5044, 42.7232 ], [ -124.4773, 42.6921 ], [ -124.4785, 42.6642 ], [ -124.4335, 42.6615 ], [ -124.4216, 42.6532 ], [ -124.4103, 42.6164 ], [ -124.4157, 42.5856 ], [ -124.4014, 42.5737 ], [ -124.402, 42.5591 ], [ -124.4222, 42.5265 ], [ -124.4969, 42.4723 ], [ -124.5, 42.4538 ], [ -124.4826, 42.4367 ], [ -124.4373, 42.4251 ], [ -124.4316, 42.3994 ], [ -124.4389, 42.3248 ], [ -124.4172, 42.2962 ], [ -124.4173, 42.2357 ], [ -124.3686, 42.1794 ], [ -124.3716, 42.1536 ], [ -124.3594, 42.13 ], [ -124.3551, 42.0927 ], [ -124.337, 42.082 ], [ -124.3259, 42.0608 ], [ -124.3089, 42.0595 ], [ -124.2951, 42.0406 ], [ -124.244, 42.0214 ], [ -124.217, 41.9984 ], [ -124.3288, 41.9983 ], [ -124.375, 42.0292 ], [ -124.4125, 42.0685 ], [ -124.4325, 42.1318 ], [ -124.4335, 42.1648 ], [ -124.4714, 42.2037 ], [ -124.4837, 42.2296 ], [ -124.4783, 42.278 ], [ -124.4949, 42.3058 ], [ -124.4865, 42.3383 ], [ -124.5, 42.3651 ], [ -124.4942, 42.3961 ], [ -124.5427, 42.4153 ], [ -124.5702, 42.4588 ], [ -124.5672, 42.4778 ], [ -124.5547, 42.4941 ], [ -124.5187, 42.5111 ], [ -124.5012, 42.5354 ], [ -124.4654, 42.553 ], [ -124.4808, 42.5816 ], [ -124.4736, 42.6147 ], [ -124.5085, 42.6196 ], [ -124.5303, 42.6323 ], [ -124.5457, 42.6572 ], [ -124.5441, 42.6838 ], [ -124.5612, 42.6928 ], [ -124.5847, 42.7193 ], [ -124.6421, 42.7161 ], [ -124.6646, 42.7205 ], [ -124.6907, 42.7383 ], [ -124.7035, 42.7704 ], [ -124.6958, 42.7911 ] ] ] } },
{ "type": "Feature", "properties": { "GEOIDFQ": "1400000US41029000406", "NAME": "4.06", "NAMELSAD": "Census Tract 4.06" }, "geometry": { "type": "Polygon", "coordinates": [ [ [ -122.8591, 42.3608 ], [ -122.8453, 42.3602 ], [ -122.8458, 42.3511 ], [ -122.8746, 42.3468 ], [ -122.8728, 42.3411 ], [ -122.8814, 42.3457 ], [ -122.8591, 42.3608 ] ] ] } },
{ "type": "Feature", "properties": { "GEOIDFQ": "1400000US41037960200", "NAME": "9602", "NAMELSAD": "Census Tract 9602" }, "geometry": { "type": "Polygon", "coordinates": [ [ [ -120.8805, 42.4286 ], [ -120.8598, 42.4325 ], [ -120.8339, 42.4271 ], [ -120.8253, 42.4342 ], [ -120.7994, 42.4397 ], [ -120.7633, 42.4728 ], [ -120.7354, 42.467 ], [ -120.6841, 42.4747 ], [ -120.6744, 42.4716 ], [ -120.6717, 42.4605 ], [ -120.6608, 42.4711 ], [ -120.6452, 42.4689 ], [ -120.6269, 42.4567 ], [ -120.6329, 42.4429 ], [ -120.6259, 42.4294 ], [ -120.6173, 42.4277 ], [ -120.6148, 42.4362 ], [ -120.5813, 42.4484 ], [ -120.5797, 42.4432 ], [ -120.5763, 42.4479 ], [ -120.5781, 42.4425 ], [ -120.5746, 42.4361 ], [ -120.5704, 42.4307 ], [ -120.5728, 42.4415 ], [ -120.5505, 42.4565 ], [ -120.537, 42.4364 ], [ -120.5283, 42.4353 ], [ -120.5418, 42.468 ], [ -120.5385, 42.4759 ], [ -120.5354, 42.4678 ], [ -120.5165, 42.4578 ], [ -120.5137, 42.4613 ], [ -120.513, 42.4562 ], [ -120.4988, 42.4708 ], [ -120.488, 42.4589 ], [ -120.4883, 42.4368 ], [ -120.481, 42.4256 ], [ -120.4616, 42.4233 ], [ -120.4582, 42.4316 ], [ -120.4307, 42.4109 ], [ -120.4064, 42.4163 ], [ -120.4083, 42.4375 ], [ -120.3917, 42.4348 ], [ -120.4047, 42.4408 ], [ -120.3846, 42.4361 ], [ -120.3788, 42.4272 ], [ -120.372, 42.433 ], [ -120.364, 42.4301 ], [ -120.3278, 42.3934 ], [ -120.3064, 42.3853 ], [ -120.2971, 42.3697 ], [ -120.2985, 42.3319 ], [ -120.3288, 42.3232 ], [ -120.3369, 42.3157 ], [ -120.3607, 42.2559 ], [ -120.3393, 42.2613 ], [ -120.2543, 42.2137 ], [ -120.2473, 42.1674 ], [ -120.2309, 42.1477 ], [ -120.2339, 42.1371 ], [ -120.2225, 42.1196 ], [ -120.2245, 42.1102 ], [ -120.2029, 42.098 ], [ -120.1802, 42.1017 ], [ -120.1698, 42.0783 ], [ -120.1503, 42.0696 ], [ -120.1599, 42.0619 ], [ -120.1435, 42.0596 ], [ -120.1309, 42.0459 ], [ -120.1237, 42.0439 ], [ -120.1187, 42.0504 ], [ -120.1333, 42.0166 ], [ -120.1594, 41.9946 ], [ -120.8799, 41.9938 ], [ -120.8805, 42.4286 ] ] ] } },
{ "type": "Feature", "properties": { "GEOIDFQ": "1400000US41037960100", "NAME": "9601", "NAMELSAD": "Census Tract 9601" }, "geometry": { "type": "Polygon", "coordinates": [ [ [ -121.3485, 43.3568 ], [ -121.3324, 43.3567 ], [ -121.333, 43.6166 ], [ -119.8966, 43.6112 ], [ -119.897, 43.179 ], [ -119.9326, 43.179 ], [ -119.9316, 42.917 ], [ -119.9435, 42.9171 ], [ -119.9438, 42.7464 ], [ -119.3653, 42.749 ], [ -119.3601, 41.9943 ], [ -120.1594, 41.9946 ], [ -120.1333, 42.0166 ], [ -120.1189, 42.0506 ], [ -120.124, 42.044 ], [ -120.1435, 42.0596 ], [ -120.1599, 42.0619 ], [ -120.1503, 42.0696 ], [ -120.1698, 42.0783 ], [ -120.1802, 42.1017 ], [ -120.2029, 42.098 ], [ -120.2245, 42.1102 ], [ -120.2225, 42.1196 ], [ -120.2339, 42.1371 ], [ -120.2309, 42.1477 ], [ -120.2473, 42.1674 ], [ -120.2543, 42.2137 ], [ -120.3393, 42.2613 ], [ -120.3607, 42.2559 ], [ -120.3369, 42.3157 ], [ -120.3288, 42.3232 ], [ -120.3055, 42.3269 ], [ -120.298, 42.3329 ], [ -120.2972, 42.3714 ], [ -120.3064, 42.3853 ], [ -120.3278, 42.3934 ], [ -120.364, 42.4301 ], [ -120.372, 42.433 ], [ -120.3788, 42.4272 ], [ -120.3964, 42.4407 ], [ -120.4049, 42.4406 ], [ -120.3935, 42.4337 ], [ -120.4083, 42.4375 ], [ -120.4064, 42.4163 ], [ -120.4277, 42.4106 ], [ -120.4409, 42.415 ], [ -120.4582, 42.4316 ], [ -120.4616, 42.4233 ], [ -120.478, 42.4239 ], [ -120.4882, 42.4363 ], [ -120.488, 42.4589 ], [ -120.4988, 42.4708 ], [ -120.513, 42.4562 ], [ -120.5137, 42.4613 ], [ -120.5165, 42.4578 ], [ -120.5354, 42.4678 ], [ -120.5385, 42.4759 ], [ -120.5415, 42.4672 ], [ -120.5277, 42.4451 ], [ -120.5305, 42.4341 ], [ -120.5505, 42.4565 ], [ -120.5728, 42.4415 ], [ -120.5704, 42.4307 ], [ -120.5813, 42.4484 ], [ -120.6148, 42.4362 ], [ -120.6172, 42.4277 ], [ -120.6238, 42.4285 ], [ -120.6329, 42.4429 ], [ -120.6255, 42.4541 ], [ -120.6355, 42.4643 ], [ -120.6605, 42.4712 ], [ -120.6721, 42.4605 ], [ -120.6744, 42.4716 ], [ -120.6968, 42.475 ], [ -120.7354, 42.467 ], [ -120.7633, 42.4728 ], [ -120.7994, 42.4397 ], [ -120.8253, 42.4342 ], [ -120.8339, 42.4271 ], [ -120.8598, 42.4325 ], [ -120.8805, 42.4286 ], [ -120.8833, 42.7442 ], [ -121.3497, 42.7466 ], [ -121.3485, 43.3568 ] ] ] } },
{ "type": "Feature", "properties": { "GEOIDFQ": "1400000US41047001601", "NAME": "16.01", "NAMELSAD": "Census Tract 16.01" }, "geometry": { "type": "Polygon", "coordinates": [ [ [ -122.9616, 44.9971 ], [ -122.9606, 44.9913 ], [ -122.9677, 44.9828 ], [ -122.9893, 44.983 ], [ -123.0009, 44.996 ], [ -122.9616, 44.9971 ] ] ] } },
{ "type": "Feature", "properties": { "GEOIDFQ": "1400000US41067031904", "NAME": "319.04", "NAMELSAD": "Census Tract 319.04" }, "geometry": { "type": "Polygon", "coordinates": [ [ [ -122.8, 45.4296 ], [ -122.7783, 45.4269 ], [ -122.7881, 45.4179 ], [ -122.8024, 45.4189 ], [ -122.8, 45.4296 ] ] ] } },
{ "type": "Feature", "properties": { "GEOIDFQ": "1400000US41067032603", "NAME": "326.03", "NAMELSAD": "Census Tract 326.03" }, "geometry": { "type": "Polygon", "coordinates": [ [ [ -122.9929, 45.558 ], [ -122.9845, 45.586 ], [ -122.9262, 45.5641 ], [ -122.9263, 45.5509 ], [ -122.9797, 45.55 ], [ -122.9833, 45.5283 ], [ -122.9911, 45.5277 ], [ -123.0073, 45.5474 ], [ -122.9929, 45.558 ] ] ] } },
{ "type": "Feature", "properties": { "GEOIDFQ": "1400000US41067030200", "NAME": "302", "NAMELSAD": "Census Tract 302" }, "geometry": { "type": "Polygon", "coordinates": [ [ [ -122.7938, 45.5141 ], [ -122.7682, 45.5062 ], [ -122.7457, 45.5074 ], [ -122.7557, 45.4979 ], [ -122.7793, 45.4935 ], [ -122.8058, 45.5015 ], [ -122.7938, 45.5141 ] ] ] } },
{ "type": "Feature", "properties": { "GEOIDFQ": "1400000US41067031804", "NAME": "318.04", "NAMELSAD": "Census Tract 318.04" }, "geometry": { "type": "Polygon", "coordinates": [ [ [ -122.8675, 45.4753 ], [ -122.8727, 45.453 ], [ -122.8568, 45.4512 ], [ -122.8535, 45.4264 ], [ -122.8717, 45.4247 ], [ -122.8861, 45.4324 ], [ -122.8925, 45.4667 ], [ -122.8675, 45.4753 ] ] ] } },
{ "type": "Feature", "properties": { "GEOIDFQ": "1400000US41067032503", "NAME": "325.03", "NAMELSAD": "Census Tract 325.03" }, "geometry": { "type": "Polygon", "coordinates": [ [ [ -122.9703, 45.4891 ], [ -122.9611, 45.5067 ], [ -122.9476, 45.502 ], [ -122.9499, 45.4942 ], [ -122.9444, 45.4917 ], [ -122.9598, 45.4881 ], [ -122.9623, 45.4782 ], [ -122.9822, 45.4849 ], [ -122.9703, 45.4891 ] ] ] } },
{ "type": "Feature", "properties": { "GEOIDFQ": "1400000US41051010306", "NAME": "103.06", "NAMELSAD": "Census Tract 103.06" }, "geometry": { "type": "Polygon", "coordinates": [ [ [ -122.382, 45.5306 ], [ -122.3869, 45.519 ], [ -122.3984, 45.5191 ], [ -122.3993, 45.5336 ], [ -122.382, 45.5306 ] ] ] } },
{ "type": "Feature", "properties": { "GEOIDFQ": "1400000US41047000900", "NAME": "9", "NAMELSAD": "Census Tract 9" }, "geometry": { "type": "Polygon", "coordinates": [ [ [ -123.0255, 44.9403 ], [ -123.0086, 44.94 ], [ -123.0107, 44.9229 ], [ -123.0305, 44.9301 ], [ -123.0255, 44.9403 ] ] ] } },
{ "type": "Feature", "properties": { "GEOIDFQ": "1400000US41031960100", "NAME": "9601", "NAMELSAD": "Census Tract 9601" }, "geometry": { "type": "Polygon", "coordinates": [ [ [ -121.2459, 44.7379 ], [ -121.2309, 44.7419 ], [ -121.2263, 44.7484 ], [ -121.2275, 44.7642 ], [ -121.2114, 44.765 ], [ -121.2076, 44.7764 ], [ -121.1942, 44.7859 ], [ -121.161, 44.7946 ], [ -121.1221, 44.796 ], [ -121.1212, 44.8039 ], [ -121.1009, 44.8087 ], [ -121.0881, 44.8195 ], [ -121.0906, 44.8241 ], [ -120.3714, 44.8218 ], [ -120.3807, 44.8183 ], [ -120.3777, 44.8121 ], [ -120.3865, 44.8104 ], [ -120.3789, 44.8059 ], [ -120.3846, 44.7967 ], [ -120.392, 44.7959 ], [ -120.3959, 44.804 ], [ -120.4048, 44.7932 ], [ -120.3947, 44.786 ], [ -120.3992, 44.7779 ], [ -120.3857, 44.7612 ], [ -120.3866, 44.564 ], [ -120.8276, 44.5628 ], [ -120.8269, 44.4765 ], [ -120.9888, 44.4765 ], [ -120.9884, 44.3903 ], [ -121.1496, 44.3906 ], [ -121.1725, 44.4355 ], [ -121.1821, 44.4395 ], [ -121.1969, 44.4337 ], [ -121.1982, 44.4444 ], [ -121.2301, 44.4529 ], [ -121.2472, 44.4649 ], [ -121.2391, 44.4851 ], [ -121.2178, 44.4946 ], [ -121.1548, 44.5015 ], [ -121.1465, 44.5104 ], [ -121.1496, 44.5216 ], [ -121.1431, 44.5216 ], [ -121.1443, 44.5275 ], [ -121.0828, 44.5263 ], [ -121.1213, 44.5623 ], [ -121.132, 44.5926 ], [ -121.0968, 44.5936 ], [ -121.1039, 44.613 ], [ -121.0698, 44.6115 ], [ -121.0769, 44.6347 ], [ -121.0648, 44.6298 ], [ -121.0672, 44.664 ], [ -121.0766, 44.6789 ], [ -121.1463, 44.6791 ], [ -121.1291, 44.6555 ], [ -121.1429, 44.6384 ], [ -121.1855, 44.6513 ], [ -121.2061, 44.6682 ], [ -121.2416, 44.6732 ], [ -121.2421, 44.6836 ], [ -121.231, 44.6929 ], [ -121.2383, 44.7032 ], [ -121.2348, 44.7095 ], [ -121.2477, 44.7249 ], [ -121.2459, 44.7379 ] ] ] } },
{ "type": "Feature", "properties": { "GEOIDFQ": "1400000US41031940000", "NAME": "9400", "NAMELSAD": "Census Tract 9400" }, "geometry": { "type": "Polygon", "coordinates": [ [ [ -121.8102, 44.806 ], [ -121.8122, 44.8116 ], [ -121.7648, 44.8203 ], [ -121.753, 44.8299 ], [ -121.7251, 44.8299 ], [ -121.7251, 44.8255 ], [ -121.0919, 44.8251 ], [ -121.0878, 44.8204 ], [ -121.1009, 44.8087 ], [ -121.1212, 44.8039 ], [ -121.1221, 44.796 ], [ -121.161, 44.7946 ], [ -121.1916, 44.7871 ], [ -121.2071, 44.7771 ], [ -121.2114, 44.765 ], [ -121.2275, 44.7642 ], [ -121.2263, 44.7484 ], [ -121.2309, 44.7419 ], [ -121.2459, 44.7379 ], [ -121.2477, 44.7249 ], [ -121.2348, 44.7095 ], [ -121.2315, 44.6903 ], [ -121.2421, 44.6836 ], [ -121.2416, 44.6732 ], [ -121.2669, 44.6389 ], [ -121.2858, 44.6297 ], [ -121.2759, 44.609 ], [ -121.2776, 44.6015 ], [ -121.2916, 44.5927 ], [ -121.3236, 44.5842 ], [ -121.4238, 44.5948 ], [ -121.4367, 44.585 ], [ -121.4635, 44.616 ], [ -121.5021, 44.6359 ], [ -121.5236, 44.657 ], [ -121.5563, 44.6754 ], [ -121.5744, 44.6715 ], [ -121.6136, 44.6494 ], [ -121.5969, 44.6197 ], [ -121.6208, 44.5865 ], [ -121.6196, 44.5766 ], [ -121.6409, 44.5682 ], [ -121.6548, 44.5723 ], [ -121.6757, 44.5901 ], [ -121.6834, 44.618 ], [ -121.7125, 44.641 ], [ -121.7777, 44.6324 ], [ -121.7977, 44.644 ], [ -121.8005, 44.6828 ], [ -121.7872, 44.6893 ], [ -121.803, 44.7095 ], [ -121.7944, 44.7259 ], [ -121.8046, 44.7292 ], [ -121.7916, 44.7463 ], [ -121.7744, 44.7525 ], [ -121.7723, 44.76 ], [ -121.7597, 44.7619 ], [ -121.7729, 44.7757 ], [ -121.796, 44.7728 ], [ -121.8124, 44.7816 ], [ -121.8202, 44.8003 ], [ -121.8102, 44.806 ] ] ] } },
{ "type": "Feature", "properties": { "GEOIDFQ": "1400000US41017001901", "NAME": "19.01", "NAMELSAD": "Census Tract 19.01" }, "geometry": { "type": "Polygon", "coordinates": [ [ [ -121.2436, 44.0658 ], [ -121.1934, 44.0656 ], [ -121.1898, 43.983 ], [ -121.2123, 43.9895 ], [ -121.2438, 43.9867 ], [ -121.2436, 44.0658 ] ] ] } },
{ "type": "Feature", "properties": { "GEOIDFQ": "1400000US41017001002", "NAME": "10.02", "NAMELSAD": "Census Tract 10.02" }, "geometry": { "type": "Polygon", "coordinates": [ [ [ -121.3035, 44.1838 ], [ -121.2895, 44.2006 ], [ -121.274, 44.2024 ], [ -121.2756, 44.2074 ], [ -121.2573, 44.2243 ], [ -121.2199, 44.2181 ], [ -121.2236, 44.2074 ], [ -121.2185, 44.2005 ], [ -121.1956, 44.2027 ], [ -121.1791, 44.214 ], [ -121.1289, 44.186 ], [ -121.1029, 44.2024 ], [ -121.1028, 44.1714 ], [ -121.1169, 44.1602 ], [ -121.3004, 44.16 ], [ -121.2892, 44.1744 ], [ -121.3174, 44.1817 ], [ -121.3035, 44.1838 ] ] ] } },
{ "type": "Feature", "properties": { "GEOIDFQ": "1400000US41017000401", "NAME": "4.01", "NAMELSAD": "Census Tract 4.01" }, "geometry": { "type": "Polygon", "coordinates": [ [ [ -121.4053, 43.9972 ], [ -121.3917, 43.9988 ], [ -121.3833, 44.016 ], [ -121.3636, 44.0221 ], [ -121.3642, 43.989 ], [ -121.3505, 43.9985 ], [ -121.3405, 43.9995 ], [ -121.3284, 43.991 ], [ -121.3139, 44.0005 ], [ -121.2991, 43.9716 ], [ -121.2754, 43.9689 ], [ -121.3625, 43.8436 ], [ -121.3776, 43.8527 ], [ -121.3807, 43.8649 ], [ -121.4302, 43.8694 ], [ -121.4122, 43.9023 ], [ -121.4406, 43.9487 ], [ -121.4053, 43.9972 ] ] ] } },
{ "type": "Feature", "properties": { "GEOIDFQ": "1400000US41043020102", "NAME": "201.02", "NAMELSAD": "Census Tract 201.02" }, "geometry": { "type": "Polygon", "coordinates": [ [ [ -123.061, 44.6558 ], [ -123.0528, 44.6558 ], [ -123.0392, 44.644 ], [ -123.0627, 44.6448 ], [ -123.061, 44.6558 ] ] ] } },
{ "type": "Feature", "properties": { "GEOIDFQ": "1400000US41043020101", "NAME": "201.01", "NAMELSAD": "Census Tract 201.01" }, "geometry": { "type": "Polygon", "coordinates": [ [ [ -123.1328, 44.7399 ], [ -123.1438, 44.7489 ], [ -123.1215, 44.7516 ], [ -123.113, 44.7595 ], [ -123.1001, 44.7463 ], [ -123.0789, 44.7431 ], [ -123.0622, 44.748 ], [ -123.0601, 44.7377 ], [ -123.0408, 44.7368 ], [ -123.0388, 44.7231 ], [ -123.0333, 44.7206 ], [ -123.0215, 44.7257 ], [ -123.0159, 44.7213 ], [ -123.016, 44.6941 ], [ -122.9719, 44.6562 ], [ -122.9822, 44.6296 ], [ -122.9879, 44.6296 ], [ -122.9873, 44.5907 ], [ -123.0082, 44.5907 ], [ -123.0087, 44.555 ], [ -123.062, 44.5558 ], [ -123.0622, 44.606 ], [ -123.0386, 44.6057 ], [ -123.0281, 44.6409 ], [ -123.0382, 44.6409 ], [ -123.0528, 44.6558 ], [ -123.061, 44.6558 ], [ -123.0662, 44.6419 ], [ -123.0775, 44.646 ], [ -123.0736, 44.6573 ], [ -123.0883, 44.6742 ], [ -123.1169, 44.677 ], [ -123.1211, 44.6911 ], [ -123.1448, 44.7099 ], [ -123.1508, 44.7258 ], [ -123.1328, 44.7399 ] ] ] } },
{ "type": "Feature", "properties": { "GEOIDFQ": "1400000US41043030906", "NAME": "309.06", "NAMELSAD": "Census Tract 309.06" }, "geometry": { "type": "Polygon", "coordinates": [ [ [ -122.8906, 44.4985 ], [ -122.8906, 44.5082 ], [ -122.8785, 44.5014 ], [ -122.8834, 44.5081 ], [ -122.8561, 44.5082 ], [ -122.8638, 44.5174 ], [ -122.8809, 44.5209 ], [ -122.8876, 44.5383 ], [ -122.8756, 44.5489 ], [ -122.8721, 44.5645 ], [ -122.8224, 44.5627 ], [ -122.8094, 44.5664 ], [ -122.8093, 44.5772 ], [ -122.7991, 44.5772 ], [ -122.7991, 44.5721 ], [ -122.7831, 44.567 ], [ -122.7905, 44.5588 ], [ -122.798, 44.5135 ], [ -122.7493, 44.4983 ], [ -122.7541, 44.4913 ], [ -122.7459, 44.4866 ], [ -122.7437, 44.4656 ], [ -122.7729, 44.4613 ], [ -122.778, 44.4682 ], [ -122.7887, 44.4689 ], [ -122.7898, 44.4755 ], [ -122.8084, 44.4765 ], [ -122.7972, 44.4601 ], [ -122.8074, 44.4567 ], [ -122.8081, 44.4423 ], [ -122.8301, 44.4384 ], [ -122.8297, 44.4308 ], [ -122.8517, 44.4175 ], [ -122.8761, 44.4848 ], [ -122.8955, 44.4882 ], [ -122.8989, 44.4959 ], [ -122.8906, 44.4985 ] ] ] } },
{ "type": "Feature", "properties": { "GEOIDFQ": "1400000US41043030801", "NAME": "308.01", "NAMELSAD": "Census Tract 308.01" }, "geometry": { "type": "Polygon", "coordinates": [ [ [ -122.9267, 44.545 ], [ -122.9459, 44.5612 ], [ -122.9126, 44.5611 ], [ -122.9071, 44.5364 ], [ -122.9546, 44.5364 ], [ -122.9552, 44.5446 ], [ -122.9267, 44.545 ] ] ] } },
{ "type": "Feature", "properties": { "GEOIDFQ": "1400000US41043030201", "NAME": "302.01", "NAMELSAD": "Census Tract 302.01" }, "geometry": { "type": "Polygon", "coordinates": [ [ [ -122.7602, 44.7143 ], [ -122.7152, 44.7131 ], [ -122.7093, 44.7248 ], [ -122.6977, 44.7272 ], [ -122.668, 44.7508 ], [ -122.6632, 44.769 ], [ -122.6319, 44.7747 ], [ -122.5443, 44.7588 ], [ -122.5416, 44.7656 ], [ -122.531, 44.7668 ], [ -122.5203, 44.7629 ], [ -122.5204, 44.7539 ], [ -122.5041, 44.7498 ], [ -122.4808, 44.7558 ], [ -122.4751, 44.7519 ], [ -122.4349, 44.7561 ], [ -122.4231, 44.7514 ], [ -122.4047, 44.7551 ], [ -122.3798, 44.7519 ], [ -122.3698, 44.7566 ], [ -122.3189, 44.7593 ], [ -122.2829, 44.7506 ], [ -122.2719, 44.7342 ], [ -122.248, 44.7211 ], [ -122.2314, 44.6985 ], [ -122.2189, 44.6934 ], [ -122.1993, 44.6962 ], [ -122.1967, 44.7032 ], [ -122.1563, 44.7177 ], [ -122.1476, 44.7263 ], [ -122.1087, 44.7072 ], [ -122.0597, 44.6975 ], [ -122.0342, 44.6858 ], [ -122.0275, 44.6717 ], [ -122.0353, 44.6602 ], [ -122.0214, 44.6444 ], [ -122.0261, 44.6367 ], [ -122.0233, 44.6432 ], [ -122.0334, 44.6572 ], [ -122.0446, 44.6649 ], [ -122.0515, 44.6618 ], [ -122.046, 44.6546 ], [ -122.0531, 44.6545 ], [ -122.0562, 44.6447 ], [ -122.0733, 44.633 ], [ -122.072, 44.624 ], [ -122.0561, 44.6114 ], [ -122.0669, 44.5869 ], [ -122.0861, 44.5817 ], [ -122.095, 44.5863 ], [ -122.1016, 44.5767 ], [ -122.1112, 44.5752 ], [ -122.1245, 44.578 ], [ -122.148, 44.5984 ], [ -122.1599, 44.5982 ], [ -122.1722, 44.6095 ], [ -122.1948, 44.6142 ], [ -122.2057, 44.6112 ], [ -122.2239, 44.6157 ], [ -122.23, 44.6086 ], [ -122.2498, 44.6087 ], [ -122.2594, 44.6013 ], [ -122.2816, 44.6083 ], [ -122.2934, 44.6019 ], [ -122.3114, 44.6064 ], [ -122.3156, 44.5993 ], [ -122.3257, 44.6007 ], [ -122.3234, 44.5944 ], [ -122.3308, 44.5969 ], [ -122.335, 44.6021 ], [ -122.3183, 44.6218 ], [ -122.3133, 44.6397 ], [ -122.3183, 44.6535 ], [ -122.3111, 44.6473 ], [ -122.3078, 44.6514 ], [ -122.3199, 44.6595 ], [ -122.3389, 44.6439 ], [ -122.3679, 44.6341 ], [ -122.3905, 44.638 ], [ -122.4322, 44.6275 ], [ -122.462, 44.6354 ], [ -122.533, 44.6267 ], [ -122.5577, 44.6324 ], [ -122.5626, 44.6293 ], [ -122.5455, 44.6228 ], [ -122.558, 44.6139 ], [ -122.5761, 44.6156 ], [ -122.5773, 44.6226 ], [ -122.5912, 44.6219 ], [ -122.5898, 44.6274 ], [ -122.5971, 44.6302 ], [ -122.6181, 44.614 ], [ -122.6337, 44.6136 ], [ -122.6463, 44.6161 ], [ -122.6536, 44.6245 ], [ -122.6457, 44.6282 ], [ -122.6622, 44.6342 ], [ -122.6849, 44.6313 ], [ -122.7028, 44.6359 ], [ -122.7173, 44.6261 ], [ -122.7304, 44.6244 ], [ -122.7407, 44.6301 ], [ -122.7435, 44.6462 ], [ -122.755, 44.6464 ], [ -122.7666, 44.6584 ], [ -122.7838, 44.6644 ], [ -122.8043, 44.6652 ], [ -122.8044, 44.7056 ], [ -122.7602, 44.7143 ] ] ] } },
{ "type": "Feature", "properties": { "GEOIDFQ": "1400000US41043020103", "NAME": "201.03", "NAMELSAD": "Census Tract 201.03" }, "geometry": { "type": "Polygon", "coordinates": [ [ [ -123.0281, 44.6409 ], [ -123.0386, 44.6057 ], [ -123.0622, 44.606 ], [ -123.0628, 44.6438 ], [ -123.0281, 44.6409 ] ] ] } },
{ "type": "Feature", "properties": { "GEOIDFQ": "1400000US41043030202", "NAME": "302.02", "NAMELSAD": "Census Tract 302.02" }, "geometry": { "type": "Polygon", "coordinates": [ [ [ -122.8507, 44.7616 ], [ -122.8465, 44.7745 ], [ -122.827, 44.771 ], [ -122.8022, 44.791 ], [ -122.7835, 44.7944 ], [ -122.746, 44.7876 ], [ -122.7257, 44.7931 ], [ -122.7138, 44.7802 ], [ -122.6916, 44.7754 ], [ -122.6205, 44.7892 ], [ -122.5991, 44.778 ], [ -122.5723, 44.7756 ], [ -122.5646, 44.7681 ], [ -122.5411, 44.765 ], [ -122.5443, 44.7588 ], [ -122.6158, 44.7735 ], [ -122.6616, 44.7697 ], [ -122.668, 44.7508 ], [ -122.6977, 44.7272 ], [ -122.7093, 44.7248 ], [ -122.715, 44.7132 ], [ -122.7602, 44.7143 ], [ -122.7881, 44.7116 ], [ -122.7974, 44.7055 ], [ -122.8044, 44.7056 ], [ -122.8052, 44.7267 ], [ -122.8814, 44.7257 ], [ -122.8976, 44.7449 ], [ -122.8507, 44.7616 ] ] ] } },
{ "type": "Feature", "properties": { "GEOIDFQ": "1400000US41043030905", "NAME": "309.05", "NAMELSAD": "Census Tract 309.05" }, "geometry": { "type": "Polygon", "coordinates": [ [ [ -122.9961, 44.5193 ], [ -122.9943, 44.5302 ], [ -122.9156, 44.5364 ], [ -122.916, 44.5213 ], [ -122.9227, 44.5213 ], [ -122.9272, 44.5135 ], [ -122.8934, 44.498 ], [ -122.8991, 44.4959 ], [ -122.8957, 44.4883 ], [ -122.8761, 44.4848 ], [ -122.8803, 44.4691 ], [ -122.895, 44.4598 ], [ -122.9015, 44.445 ], [ -122.9315, 44.4493 ], [ -122.9572, 44.4733 ], [ -122.9541, 44.4818 ], [ -122.9884, 44.4812 ], [ -122.9884, 44.4972 ], [ -123.0089, 44.4976 ], [ -123.013, 44.5193 ], [ -122.9961, 44.5193 ] ] ] } },
{ "type": "Feature", "properties": { "GEOIDFQ": "1400000US41043030802", "NAME": "308.02", "NAMELSAD": "Census Tract 308.02" }, "geometry": { "type": "Polygon", "coordinates": [ [ [ -123.0082, 44.5907 ], [ -122.9873, 44.5907 ], [ -122.9874, 44.5969 ], [ -122.9463, 44.5965 ], [ -122.9454, 44.6037 ], [ -122.9062, 44.6042 ], [ -122.8987, 44.6011 ], [ -122.8982, 44.5877 ], [ -122.8882, 44.5875 ], [ -122.8886, 44.5726 ], [ -122.88, 44.5703 ], [ -122.8758, 44.5839 ], [ -122.8712, 44.5796 ], [ -122.8756, 44.5489 ], [ -122.8939, 44.5358 ], [ -122.9071, 44.5355 ], [ -122.9126, 44.5611 ], [ -122.9459, 44.5612 ], [ -122.9267, 44.545 ], [ -122.9552, 44.545 ], [ -122.9546, 44.5303 ], [ -122.9943, 44.5302 ], [ -122.9961, 44.5193 ], [ -123.013, 44.5193 ], [ -123.0082, 44.5907 ] ] ] } },
{ "type": "Feature", "properties": { "GEOIDFQ": "1400000US41043020602", "NAME": "206.02", "NAMELSAD": "Census Tract 206.02" }, "geometry": { "type": "Polygon", "coordinates": [ [ [ -123.0622, 44.6215 ], [ -123.0622, 44.6111 ], [ -123.0829, 44.6174 ], [ -123.0833, 44.6252 ], [ -123.0622, 44.6215 ] ] ] } },
{ "type": "Feature", "properties": { "GEOIDFQ": "1400000US41043030404", "NAME": "304.04", "NAMELSAD": "Census Tract 304.04" }, "geometry": { "type": "Polygon", "coordinates": [ [ [ -122.7539, 44.3616 ], [ -122.7482, 44.3783 ], [ -122.7344, 44.3881 ], [ -122.7405, 44.3959 ], [ -122.6688, 44.4029 ], [ -122.6459, 44.3925 ], [ -122.6497, 44.3851 ], [ -122.6391, 44.3749 ], [ -122.6459, 44.3675 ], [ -122.6463, 44.3467 ], [ -122.6688, 44.3192 ], [ -122.6466, 44.3073 ], [ -122.6471, 44.3027 ], [ -122.643, 44.3061 ], [ -122.6392, 44.2922 ], [ -122.6629, 44.2945 ], [ -122.6664, 44.3005 ], [ -122.6758, 44.2984 ], [ -122.7269, 44.3144 ], [ -122.7626, 44.3435 ], [ -122.7751, 44.3426 ], [ -122.7865, 44.3503 ], [ -122.7539, 44.3616 ] ] ] } },
{ "type": "Feature", "properties": { "GEOIDFQ": "1400000US41043030403", "NAME": "304.03", "NAMELSAD": "Census Tract 304.03" }, "geometry": { "type": "Polygon", "coordinates": [ [ [ -122.7078, 44.4159 ], [ -122.6822, 44.4127 ], [ -122.6681, 44.4199 ], [ -122.6363, 44.4204 ], [ -122.619, 44.4289 ], [ -122.6219, 44.4132 ], [ -122.5937, 44.4086 ], [ -122.5874, 44.4001 ], [ -122.5682, 44.4059 ], [ -122.5661, 44.402 ], [ -122.5447, 44.4013 ], [ -122.5197, 44.39 ], [ -122.5413, 44.3854 ], [ -122.5545, 44.3752 ], [ -122.5802, 44.3857 ], [ -122.6122, 44.3776 ], [ -122.6358, 44.3952 ], [ -122.6482, 44.3933 ], [ -122.6688, 44.4029 ], [ -122.7074, 44.3988 ], [ -122.7078, 44.4159 ] ] ] } },
{ "type": "Feature", "properties": { "GEOIDFQ": "1400000US41043020601", "NAME": "206.01", "NAMELSAD": "Census Tract 206.01" }, "geometry": { "type": "Polygon", "coordinates": [ [ [ -123.0622, 44.6111 ], [ -123.0621, 44.5852 ], [ -123.0797, 44.5904 ], [ -123.0829, 44.6174 ], [ -123.0622, 44.6111 ] ] ] } },
{ "type": "Feature", "properties": { "GEOIDFQ": "1400000US41031960304", "NAME": "9603.04", "NAMELSAD": "Census Tract 9603.04" }, "geometry": { "type": "Polygon", "coordinates": [ [ [ -121.2974, 44.4955 ], [ -121.2651, 44.5152 ], [ -121.2624, 44.5574 ], [ -121.2581, 44.5439 ], [ -121.2396, 44.5458 ], [ -121.2396, 44.5386 ], [ -121.2293, 44.5349 ], [ -121.1536, 44.5348 ], [ -121.143, 44.5216 ], [ -121.1496, 44.5217 ], [ -121.1465, 44.5104 ], [ -121.1545, 44.5017 ], [ -121.2186, 44.4943 ], [ -121.2391, 44.4851 ], [ -121.2473, 44.4641 ], [ -121.2301, 44.4529 ], [ -121.1982, 44.4444 ], [ -121.1969, 44.4337 ], [ -121.1821, 44.4395 ], [ -121.1725, 44.4355 ], [ -121.1496, 44.3906 ], [ -121.2, 44.3906 ], [ -121.2311, 44.3963 ], [ -121.2365, 44.4031 ], [ -121.2282, 44.4112 ], [ -121.2302, 44.4271 ], [ -121.2729, 44.454 ], [ -121.2798, 44.4652 ], [ -121.2956, 44.4687 ], [ -121.3022, 44.4784 ], [ -121.2974, 44.4955 ] ] ] } },
{ "type": "Feature", "properties": { "GEOIDFQ": "1400000US41031960303", "NAME": "9603.03", "NAMELSAD": "Census Tract 9603.03" }, "geometry": { "type": "Polygon", "coordinates": [ [ [ -121.843, 44.479 ], [ -121.8469, 44.4911 ], [ -121.8231, 44.5112 ], [ -121.8092, 44.5149 ], [ -121.8163, 44.5374 ], [ -121.8033, 44.5553 ], [ -121.7939, 44.5941 ], [ -121.8116, 44.6158 ], [ -121.7976, 44.6495 ], [ -121.7977, 44.644 ], [ -121.7777, 44.6324 ], [ -121.7125, 44.641 ], [ -121.6834, 44.618 ], [ -121.6757, 44.5901 ], [ -121.655, 44.5724 ], [ -121.6411, 44.5682 ], [ -121.6196, 44.5766 ], [ -121.6208, 44.5865 ], [ -121.5969, 44.6197 ], [ -121.6136, 44.6494 ], [ -121.5744, 44.6715 ], [ -121.5553, 44.6754 ], [ -121.5236, 44.657 ], [ -121.5021, 44.6359 ], [ -121.4635, 44.616 ], [ -121.4367, 44.585 ], [ -121.4238, 44.5948 ], [ -121.3193, 44.5842 ], [ -121.2864, 44.5976 ], [ -121.2659, 44.5769 ], [ -121.2813, 44.5676 ], [ -121.2864, 44.5405 ], [ -121.302, 44.5134 ], [ -121.3237, 44.4969 ], [ -121.3241, 44.4753 ], [ -121.3355, 44.4601 ], [ -121.3151, 44.4507 ], [ -121.318, 44.4349 ], [ -121.2898, 44.4167 ], [ -121.3018, 44.4014 ], [ -121.2911, 44.3929 ], [ -121.8431, 44.3926 ], [ -121.8476, 44.4296 ], [ -121.8411, 44.4449 ], [ -121.8496, 44.4677 ], [ -121.843, 44.479 ] ] ] } },
{ "type": "Feature", "properties": { "GEOIDFQ": "1400000US41031960305", "NAME": "9603.05", "NAMELSAD": "Census Tract 9603.05" }, "geometry": { "type": "Polygon", "coordinates": [ [ [ -121.2776, 44.6015 ], [ -121.2758, 44.6104 ], [ -121.2858, 44.6297 ], [ -121.2669, 44.6389 ], [ -121.2467, 44.6699 ], [ -121.2416, 44.6732 ], [ -121.2061, 44.6682 ], [ -121.1858, 44.6514 ], [ -121.1429, 44.6384 ], [ -121.1616, 44.6153 ], [ -121.1604, 44.5926 ], [ -121.132, 44.5926 ], [ -121.1213, 44.5623 ], [ -121.0828, 44.5263 ], [ -121.1511, 44.5275 ], [ -121.1536, 44.5348 ], [ -121.2293, 44.5349 ], [ -121.2396, 44.5386 ], [ -121.2396, 44.5458 ], [ -121.2575, 44.5436 ], [ -121.261, 44.5564 ], [ -121.2657, 44.5526 ], [ -121.2693, 44.5598 ], [ -121.2688, 44.5833 ], [ -121.2865, 44.5983 ], [ -121.2776, 44.6015 ] ] ] } },
{ "type": "Feature", "properties": { "GEOIDFQ": "1400000US41067031912", "NAME": "319.12", "NAMELSAD": "Census Tract 319.12" }, "geometry": { "type": "Polygon", "coordinates": [ [ [ -122.8003, 45.4442 ], [ -122.7866, 45.4492 ], [ -122.7717, 45.4313 ], [ -122.7783, 45.4269 ], [ -122.8, 45.4296 ], [ -122.8003, 45.4442 ] ] ] } },
{ "type": "Feature", "properties": { "GEOIDFQ": "1400000US41067031616", "NAME": "316.16", "NAMELSAD": "Census Tract 316.16" }, "geometry": { "type": "Polygon", "coordinates": [ [ [ -122.8743, 45.5406 ], [ -122.8675, 45.5381 ], [ -122.8675, 45.5277 ], [ -122.8796, 45.5331 ], [ -122.8743, 45.5406 ] ] ] } },
{ "type": "Feature", "properties": { "GEOIDFQ": "1400000US41067031509", "NAME": "315.09", "NAMELSAD": "Census Tract 315.09" }, "geometry": { "type": "Polygon", "coordinates": [ [ [ -122.8675, 45.6062 ], [ -122.8676, 45.5919 ], [ -122.8468, 45.5918 ], [ -122.847, 45.5775 ], [ -122.8263, 45.5775 ], [ -122.8262, 45.5681 ], [ -122.8642, 45.5575 ], [ -122.8832, 45.5603 ], [ -122.8989, 45.5709 ], [ -122.9085, 45.5924 ], [ -122.8675, 45.6062 ] ] ] } },
{ "type": "Feature", "properties": { "GEOIDFQ": "1400000US41067031514", "NAME": "315.14", "NAMELSAD": "Census Tract 315.14" }, "geometry": { "type": "Polygon", "coordinates": [ [ [ -122.836, 45.5665 ], [ -122.8374, 45.5454 ], [ -122.85, 45.5529 ], [ -122.8641, 45.5576 ], [ -122.836, 45.5665 ] ] ] } },
{ "type": "Feature", "properties": { "GEOIDFQ": "1400000US41067031403", "NAME": "314.03", "NAMELSAD": "Census Tract 314.03" }, "geometry": { "type": "Polygon", "coordinates": [ [ [ -122.8275, 45.5268 ], [ -122.8028, 45.5174 ], [ -122.8062, 45.5087 ], [ -122.8198, 45.5083 ], [ -122.8302, 45.5144 ], [ -122.8275, 45.5268 ] ] ] } },
{ "type": "Feature", "properties": { "GEOIDFQ": "1400000US41067031511", "NAME": "315.11", "NAMELSAD": "Census Tract 315.11" }, "geometry": { "type": "Polygon", "coordinates": [ [ [ -122.8574, 45.5551 ], [ -122.8561, 45.5377 ], [ -122.8676, 45.542 ], [ -122.8676, 45.558 ], [ -122.8574, 45.5551 ] ] ] } },
{ "type": "Feature", "properties": { "GEOIDFQ": "1400000US41051003603", "NAME": "36.03", "NAMELSAD": "Census Tract 36.03" }, "geometry": { "type": "Polygon", "coordinates": [ [ [ -122.6306, 45.5727 ], [ -122.6187, 45.5704 ], [ -122.6204, 45.5628 ], [ -122.6307, 45.5639 ], [ -122.6306, 45.5727 ] ] ] } },
{ "type": "Feature", "properties": { "GEOIDFQ": "1400000US41051003701", "NAME": "37.01", "NAMELSAD": "Census Tract 37.01" }, "geometry": { "type": "Polygon", "coordinates": [ [ [ -122.6743, 45.5839 ], [ -122.6614, 45.5811 ], [ -122.6614, 45.57 ], [ -122.6749, 45.5717 ], [ -122.6743, 45.5839 ] ] ] } },
{ "type": "Feature", "properties": { "GEOIDFQ": "1400000US41051003702", "NAME": "37.02", "NAMELSAD": "Census Tract 37.02" }, "geometry": { "type": "Polygon", "coordinates": [ [ [ -122.6749, 45.5699 ], [ -122.6614, 45.57 ], [ -122.6614, 45.5627 ], [ -122.6749, 45.563 ], [ -122.6749, 45.5699 ] ] ] } },
{ "type": "Feature", "properties": { "GEOIDFQ": "1400000US41051003602", "NAME": "36.02", "NAMELSAD": "Census Tract 36.02" }, "geometry": { "type": "Polygon", "coordinates": [ [ [ -122.6308, 45.5735 ], [ -122.6307, 45.5627 ], [ -122.6501, 45.5627 ], [ -122.6518, 45.5783 ], [ -122.6308, 45.5735 ] ] ] } },
{ "type": "Feature", "properties": { "GEOIDFQ": "1400000US41051003802", "NAME": "38.02", "NAMELSAD": "Census Tract 38.02" }, "geometry": { "type": "Polygon", "coordinates": [ [ [ -122.6924, 45.5771 ], [ -122.6748, 45.5772 ], [ -122.6749, 45.5699 ], [ -122.6925, 45.5726 ], [ -122.6924, 45.5771 ] ] ] } },
{ "type": "Feature", "properties": { "GEOIDFQ": "1400000US41051006404", "NAME": "64.04", "NAMELSAD": "Census Tract 64.04" }, "geometry": { "type": "Polygon", "coordinates": [ [ [ -122.7437, 45.4429 ], [ -122.7312, 45.4473 ], [ -122.7311, 45.4418 ], [ -122.7115, 45.4402 ], [ -122.7122, 45.4331 ], [ -122.7437, 45.4334 ], [ -122.7437, 45.4429 ] ] ] } },
{ "type": "Feature", "properties": { "GEOIDFQ": "1400000US41005021601", "NAME": "216.01", "NAMELSAD": "Census Tract 216.01" }, "geometry": { "type": "Polygon", "coordinates": [ [ [ -122.579, 45.4615 ], [ -122.5789, 45.447 ], [ -122.599, 45.448 ], [ -122.6015, 45.4613 ], [ -122.579, 45.4615 ] ] ] } },
{ "type": "Feature", "properties": { "GEOIDFQ": "1400000US41005021602", "NAME": "216.02", "NAMELSAD": "Census Tract 216.02" }, "geometry": { "type": "Polygon", "coordinates": [ [ [ -122.599, 45.448 ], [ -122.5789, 45.447 ], [ -122.5792, 45.4325 ], [ -122.5978, 45.4319 ], [ -122.599, 45.448 ] ] ] } },
{ "type": "Feature", "properties": { "GEOIDFQ": "1400000US41045970900", "NAME": "9709", "NAMELSAD": "Census Tract 9709" }, "geometry": { "type": "Polygon", "coordinates": [ [ [ -118.2322, 44.2561 ], [ -118.1933, 44.2562 ], [ -118.1934, 44.2707 ], [ -118.1529, 44.2707 ], [ -118.1525, 44.2995 ], [ -118.1321, 44.2995 ], [ -118.1323, 44.3143 ], [ -118.1121, 44.3143 ], [ -118.1121, 44.3288 ], [ -118.0921, 44.3287 ], [ -118.087, 44.3576 ], [ -118.0719, 44.3576 ], [ -118.0719, 44.372 ], [ -118.0519, 44.372 ], [ -118.052, 44.39 ], [ -118.0318, 44.39 ], [ -118.0317, 44.4152 ], [ -118.0115, 44.4152 ], [ -118.0114, 44.4296 ], [ -117.9719, 44.4293 ], [ -117.9718, 44.4438 ], [ -117.5908, 44.4446 ], [ -117.5909, 44.4301 ], [ -117.5696, 44.4301 ], [ -117.5697, 44.4157 ], [ -117.5294, 44.4157 ], [ -117.5294, 44.4013 ], [ -117.5092, 44.4015 ], [ -117.5092, 44.3871 ], [ -117.4867, 44.3872 ], [ -117.487, 44.3003 ], [ -117.22, 44.3014 ], [ -117.2176, 44.2891 ], [ -117.1981, 44.2738 ], [ -117.1703, 44.2589 ], [ -117.1571, 44.2575 ], [ -117.1385, 44.2594 ], [ -117.121, 44.2776 ], [ -117.106, 44.2804 ], [ -117.0895, 44.2582 ], [ -117.053, 44.2291 ], [ -117.0319, 44.2486 ], [ -116.9759, 44.2428 ], [ -116.9717, 44.1973 ], [ -116.9254, 44.1915 ], [ -116.8958, 44.1713 ], [ -116.8959, 44.1543 ], [ -116.9402, 44.0955 ], [ -116.9691, 44.0904 ], [ -116.9786, 44.0814 ], [ -116.9787, 44.0893 ], [ -117.005, 44.097 ], [ -117.0053, 44.0752 ], [ -117.0339, 44.0924 ], [ -117.0341, 44.0866 ], [ -117.0471, 44.0858 ], [ -117.0469, 44.0807 ], [ -117.0546, 44.0796 ], [ -117.0509, 44.0602 ], [ -117.0568, 44.0599 ], [ -117.0558, 44.0544 ], [ -117.0661, 44.0568 ], [ -117.0624, 44.0446 ], [ -117.0695, 44.0444 ], [ -117.0645, 44.0371 ], [ -117.0717, 44.0284 ], [ -117.0944, 44.0206 ], [ -117.107, 44.0279 ], [ -117.1109, 44.0241 ], [ -117.1326, 44.0248 ], [ -117.1449, 44.0389 ], [ -117.1456, 44.0176 ], [ -117.1654, 44.0167 ], [ -117.1684, 44.0105 ], [ -117.1761, 44.0197 ], [ -117.1766, 44.0124 ], [ -117.1925, 44.0121 ], [ -117.2007, 44.0189 ], [ -117.2092, 44.0148 ], [ -117.2179, 44.0184 ], [ -117.2251, 44.0292 ], [ -117.246, 44.0303 ], [ -117.274, 44.0794 ], [ -117.2703, 44.098 ], [ -117.2853, 44.0952 ], [ -117.2886, 44.1029 ], [ -117.3051, 44.0979 ], [ -117.3229, 44.1165 ], [ -117.3666, 44.1381 ], [ -117.4073, 44.1817 ], [ -117.4532, 44.2077 ], [ -117.4579, 44.2023 ], [ -117.468, 44.2041 ], [ -117.4437, 44.1836 ], [ -117.4443, 44.1636 ], [ -117.4279, 44.1403 ], [ -117.4282, 44.13 ], [ -117.4186, 44.1291 ], [ -117.419, 44.1167 ], [ -117.4033, 44.1146 ], [ -117.4025, 44.1054 ], [ -117.395, 44.1069 ], [ -117.3965, 44.0984 ], [ -117.3914, 44.0928 ], [ -117.3828, 44.0935 ], [ -117.3834, 44.087 ], [ -117.3684, 44.0862 ], [ -117.3727, 44.0744 ], [ -117.3592, 44.0765 ], [ -117.355, 44.0705 ], [ -117.3474, 44.0723 ], [ -117.328, 44.0624 ], [ -117.312, 44.0371 ], [ -117.2977, 44.0363 ], [ -117.2814, 44.022 ], [ -117.294, 44.0215 ], [ -117.2867, 44.0142 ], [ -117.2902, 44.0057 ], [ -117.3162, 44.0027 ], [ -117.3295, 43.9933 ], [ -117.3582, 43.9979 ], [ -117.4195, 43.9751 ], [ -117.4389, 43.976 ], [ -117.4365, 43.9723 ], [ -117.4473, 43.9658 ], [ -117.4549, 43.9683 ], [ -117.4583, 43.9651 ], [ -117.4472, 43.9601 ], [ -117.4546, 43.9547 ], [ -117.4219, 43.9355 ], [ -117.3996, 43.9328 ], [ -117.3903, 43.9251 ], [ -117.3211, 43.9082 ], [ -117.314, 43.9022 ], [ -117.2941, 43.9055 ], [ -117.2709, 43.921 ], [ -117.2516, 43.9378 ], [ -117.2526, 43.9452 ], [ -117.2357, 43.9611 ], [ -117.2346, 43.9706 ], [ -117.2177, 43.9472 ], [ -117.1944, 43.9375 ], [ -117.1542, 43.8812 ], [ -117.1217, 43.8608 ], [ -117.1328, 43.8546 ], [ -117.1347, 43.8422 ], [ -117.146, 43.8546 ], [ -117.1456, 43.838 ], [ -117.158, 43.8373 ], [ -117.1713, 43.8471 ], [ -117.1727, 43.8421 ], [ -117.1925, 43.8437 ], [ -117.1942, 43.8351 ], [ -117.1842, 43.8331 ], [ -117.1764, 43.8191 ], [ -117.1971, 43.8058 ], [ -117.181, 43.7887 ], [ -117.1938, 43.7721 ], [ -117.194, 43.7568 ], [ -117.1799, 43.7376 ], [ -117.2024, 43.7323 ], [ -117.2036, 43.7279 ], [ -117.1909, 43.7183 ], [ -117.1505, 43.7133 ], [ -117.1341, 43.7063 ], [ -117.1078, 43.7247 ], [ -117.0774, 43.7283 ], [ -117.0965, 43.7004 ], [ -117.0916, 43.6748 ], [ -117.1072, 43.6684 ], [ -117.0951, 43.662 ], [ -117.0914, 43.6547 ], [ -117.1019, 43.6518 ], [ -117.0898, 43.6473 ], [ -117.0876, 43.6333 ], [ -117.1262, 43.6465 ], [ -117.1505, 43.6347 ], [ -117.1613, 43.6352 ], [ -117.1609, 43.606 ], [ -117.1732, 43.5958 ], [ -117.1622, 43.5901 ], [ -117.1125, 43.5886 ], [ -117.1085, 43.5759 ], [ -117.0988, 43.5706 ], [ -117.0877, 43.5706 ], [ -117.0866, 43.5789 ], [ -117.0698, 43.5869 ], [ -117.0581, 43.5745 ], [ -117.0604, 43.5682 ], [ -117.0518, 43.5676 ], [ -117.0538, 43.5628 ], [ -117.0269, 43.5647 ], [ -117.0262, 41.9999 ], [ -117.5067, 41.9993 ], [ -117.506, 42.0168 ], [ -117.496, 42.0209 ], [ -117.497, 42.0459 ], [ -117.5159, 42.0458 ], [ -117.5161, 42.0679 ], [ -117.5352, 42.0751 ], [ -117.5403, 42.0965 ], [ -117.5549, 42.0965 ], [ -117.555, 42.1037 ], [ -117.5743, 42.1037 ], [ -117.5789, 42.0965 ], [ -117.5741, 42.0895 ], [ -117.5643, 42.0895 ], [ -117.5645, 42.0751 ], [ -117.584, 42.082 ], [ -117.5839, 42.0678 ], [ -117.5935, 42.0677 ], [ -117.5935, 42.0601 ], [ -117.6129, 42.06 ], [ -117.6132, 41.9985 ], [ -118.1974, 41.9973 ], [ -118.1953, 42.2758 ], [ -118.2147, 42.2768 ], [ -118.2168, 42.9147 ], [ -118.2288, 42.9146 ], [ -118.2276, 44.0544 ], [ -118.2288, 44.2126 ], [ -118.2338, 44.2162 ], [ -118.2322, 44.2561 ] ] ] } },
{ "type": "Feature", "properties": { "GEOIDFQ": "1400000US41041951700", "NAME": "9517", "NAMELSAD": "Census Tract 9517" }, "geometry": { "type": "Polygon", "coordinates": [ [ [ -124.1165, 44.3192 ], [ -124.1009, 44.3716 ], [ -124.0393, 44.3744 ], [ -124.0303, 44.3596 ], [ -124.017, 44.3555 ], [ -124.01, 44.3588 ], [ -124.0166, 44.3641 ], [ -124.0006, 44.3689 ], [ -123.9875, 44.3679 ], [ -123.978, 44.3611 ], [ -123.9729, 44.3698 ], [ -123.9686, 44.3666 ], [ -123.9658, 44.3714 ], [ -123.9251, 44.3815 ], [ -123.929, 44.3961 ], [ -123.9143, 44.4027 ], [ -123.9073, 44.4132 ], [ -123.899, 44.4036 ], [ -123.9054, 44.3954 ], [ -123.8981, 44.3891 ], [ -123.8881, 44.4063 ], [ -123.8686, 44.3984 ], [ -123.8438, 44.3986 ], [ -123.8447, 44.4065 ], [ -123.8382, 44.4099 ], [ -123.8393, 44.4042 ], [ -123.8291, 44.4055 ], [ -123.8201, 44.418 ], [ -123.8052, 44.4172 ], [ -123.8024, 44.4294 ], [ -123.8093, 44.4333 ], [ -123.8026, 44.4356 ], [ -123.8081, 44.4393 ], [ -123.799, 44.4451 ], [ -123.775, 44.431 ], [ -123.7762, 44.4234 ], [ -123.7665, 44.4159 ], [ -123.7594, 44.4272 ], [ -123.7533, 44.4242 ], [ -123.7404, 44.4344 ], [ -123.7328, 44.4356 ], [ -123.7215, 44.428 ], [ -123.7201, 44.4323 ], [ -123.7155, 44.3605 ], [ -123.7352, 44.3603 ], [ -123.735, 44.3458 ], [ -123.8167, 44.3446 ], [ -123.8165, 44.3153 ], [ -123.7758, 44.3162 ], [ -123.7756, 44.2835 ], [ -123.9411, 44.283 ], [ -123.9411, 44.2774 ], [ -124.0633, 44.2751 ], [ -124.1177, 44.2763 ], [ -124.1165, 44.3192 ] ] ] } },
{ "type": "Feature", "properties": { "GEOIDFQ": "1400000US41041950100", "NAME": "9501", "NAMELSAD": "Census Tract 9501" }, "geometry": { "type": "Polygon", "coordinates": [ [ [ -124.0045, 44.9448 ], [ -123.9938, 44.942 ], [ -123.982, 44.9476 ], [ -123.9897, 44.9594 ], [ -123.9976, 44.9577 ], [ -124.0004, 44.9617 ], [ -123.9815, 44.9844 ], [ -123.974, 45.0208 ], [ -123.9526, 45.0336 ], [ -123.955, 45.0457 ], [ -123.7247, 45.0444 ], [ -123.7254, 44.886 ], [ -123.7367, 44.8917 ], [ -123.7516, 44.887 ], [ -123.7576, 44.89 ], [ -123.7846, 44.8786 ], [ -123.8038, 44.89 ], [ -123.8378, 44.8984 ], [ -123.8501, 44.9089 ], [ -123.8651, 44.9074 ], [ -123.868, 44.9115 ], [ -123.8925, 44.9026 ], [ -123.8946, 44.8969 ], [ -123.9011, 44.9001 ], [ -123.901, 44.8949 ], [ -123.9131, 44.9039 ], [ -123.9278, 44.896 ], [ -123.942, 44.8989 ], [ -123.9537, 44.8917 ], [ -123.9565, 44.8963 ], [ -123.9798, 44.8995 ], [ -123.9628, 44.9041 ], [ -123.9799, 44.9105 ], [ -123.9746, 44.9345 ], [ -123.986, 44.9363 ], [ -123.9999, 44.9304 ], [ -124.0089, 44.9334 ], [ -124.0045, 44.9448 ] ] ] } },
{ "type": "Feature", "properties": { "GEOIDFQ": "1400000US41041951100", "NAME": "9511", "NAMELSAD": "Census Tract 9511" }, "geometry": { "type": "Polygon", "coordinates": [ [ [ -124.0531, 44.6363 ], [ -124.0086, 44.6328 ], [ -124.0039, 44.6159 ], [ -124.0128, 44.6094 ], [ -124.0428, 44.6269 ], [ -124.0503, 44.6281 ], [ -124.0567, 44.6223 ], [ -124.0616, 44.6284 ], [ -124.0531, 44.6363 ] ] ] } },
{ "type": "Feature", "properties": { "GEOIDFQ": "1400000US41041951600", "NAME": "9516", "NAMELSAD": "Census Tract 9516" }, "geometry": { "type": "Polygon", "coordinates": [ [ [ -124.0933, 44.423 ], [ -124.0762, 44.4229 ], [ -124.0661, 44.4352 ], [ -124.0493, 44.434 ], [ -124.0315, 44.4189 ], [ -123.9681, 44.4142 ], [ -123.9441, 44.4067 ], [ -123.9406, 44.3967 ], [ -123.9289, 44.396 ], [ -123.9231, 44.3883 ], [ -123.9311, 44.3785 ], [ -123.9658, 44.3714 ], [ -123.9686, 44.3666 ], [ -123.973, 44.3697 ], [ -123.978, 44.3611 ], [ -123.9894, 44.3684 ], [ -124.0164, 44.3642 ], [ -124.01, 44.3588 ], [ -124.0169, 44.3555 ], [ -124.0303, 44.3596 ], [ -124.0393, 44.3744 ], [ -124.1009, 44.3716 ], [ -124.0933, 44.423 ] ] ] } },
{ "type": "Feature", "properties": { "GEOIDFQ": "1400000US41041951800", "NAME": "9518", "NAMELSAD": "Census Tract 9518" }, "geometry": { "type": "Polygon", "coordinates": [ [ [ -124.0002, 44.772 ], [ -123.9907, 44.7673 ], [ -123.9731, 44.7709 ], [ -123.968, 44.7842 ], [ -123.9534, 44.7762 ], [ -123.9474, 44.7856 ], [ -123.9602, 44.8049 ], [ -123.891, 44.7959 ], [ -123.888, 44.8089 ], [ -123.8947, 44.8113 ], [ -123.8886, 44.8126 ], [ -123.8951, 44.8132 ], [ -123.8865, 44.8174 ], [ -123.8808, 44.813 ], [ -123.8661, 44.8259 ], [ -123.8771, 44.8298 ], [ -123.8775, 44.837 ], [ -123.8601, 44.8408 ], [ -123.8282, 44.8647 ], [ -123.8033, 44.871 ], [ -123.7951, 44.867 ], [ -123.7676, 44.8883 ], [ -123.7367, 44.8917 ], [ -123.7254, 44.886 ], [ -123.725, 44.739 ], [ -123.7046, 44.739 ], [ -123.7045, 44.7212 ], [ -123.6026, 44.7212 ], [ -123.5977, 44.4331 ], [ -123.7201, 44.4334 ], [ -123.7215, 44.428 ], [ -123.7354, 44.4355 ], [ -123.7533, 44.4242 ], [ -123.7594, 44.4272 ], [ -123.7665, 44.4159 ], [ -123.7762, 44.4234 ], [ -123.775, 44.431 ], [ -123.799, 44.4451 ], [ -123.8081, 44.4393 ], [ -123.8026, 44.4356 ], [ -123.8093, 44.4333 ], [ -123.8024, 44.4294 ], [ -123.8056, 44.4167 ], [ -123.8201, 44.418 ], [ -123.8362, 44.4033 ], [ -123.8329, 44.4153 ], [ -123.8474, 44.4136 ], [ -123.8487, 44.4247 ], [ -123.8561, 44.4272 ], [ -123.8338, 44.4447 ], [ -123.8512, 44.4699 ], [ -123.8339, 44.4992 ], [ -123.8367, 44.5078 ], [ -123.8512, 44.5135 ], [ -123.8329, 44.5231 ], [ -123.8209, 44.5145 ], [ -123.8169, 44.5184 ], [ -123.8227, 44.5272 ], [ -123.7988, 44.5358 ], [ -123.795, 44.548 ], [ -123.8207, 44.5568 ], [ -123.8111, 44.5607 ], [ -123.8097, 44.5725 ], [ -123.833, 44.5662 ], [ -123.8491, 44.5729 ], [ -123.8388, 44.5881 ], [ -123.8532, 44.597 ], [ -123.8617, 44.6218 ], [ -123.8686, 44.6125 ], [ -123.8745, 44.6203 ], [ -123.8755, 44.6293 ], [ -123.8625, 44.6402 ], [ -123.8679, 44.6467 ], [ -123.8595, 44.6443 ], [ -123.8588, 44.6539 ], [ -123.8524, 44.6553 ], [ -123.8508, 44.6742 ], [ -123.8599, 44.6792 ], [ -123.8854, 44.6767 ], [ -123.8985, 44.6665 ], [ -123.902, 44.6763 ], [ -123.8921, 44.6794 ], [ -123.8966, 44.6856 ], [ -123.9088, 44.6791 ], [ -123.9278, 44.6833 ], [ -123.9436, 44.672 ], [ -123.9524, 44.6741 ], [ -123.9494, 44.7015 ], [ -123.9948, 44.7125 ], [ -123.9881, 44.7326 ], [ -123.9916, 44.7396 ], [ -124.0008, 44.7388 ], [ -123.9966, 44.7483 ], [ -124.0062, 44.7661 ], [ -124.0002, 44.772 ] ] ] } },
{ "type": "Feature", "properties": { "GEOIDFQ": "1400000US41041951400", "NAME": "9514", "NAMELSAD": "Census Tract 9514" }, "geometry": { "type": "Polygon", "coordinates": [ [ [ -123.9317, 44.6121 ], [ -123.9374, 44.6226 ], [ -123.9167, 44.6563 ], [ -123.9003, 44.6629 ], [ -123.8882, 44.6759 ], [ -123.8558, 44.6782 ], [ -123.849, 44.6643 ], [ -123.8544, 44.6645 ], [ -123.8591, 44.6447 ], [ -123.8679, 44.6467 ], [ -123.8625, 44.6402 ], [ -123.8755, 44.6293 ], [ -123.8745, 44.6203 ], [ -123.8686, 44.6125 ], [ -123.8617, 44.6218 ], [ -123.8532, 44.597 ], [ -123.8388, 44.5881 ], [ -123.8488, 44.5727 ], [ -123.833, 44.5662 ], [ -123.809, 44.5721 ], [ -123.8112, 44.5605 ], [ -123.8207, 44.5569 ], [ -123.8134, 44.5509 ], [ -123.7964, 44.5516 ], [ -123.7988, 44.5358 ], [ -123.8226, 44.5272 ], [ -123.8169, 44.5184 ], [ -123.821, 44.5144 ], [ -123.8329, 44.5231 ], [ -123.8556, 44.5081 ], [ -123.868, 44.5191 ], [ -123.8663, 44.5281 ], [ -123.8974, 44.5366 ], [ -123.903, 44.5317 ], [ -123.9088, 44.5336 ], [ -123.917, 44.5619 ], [ -123.9407, 44.5689 ], [ -123.9317, 44.6121 ] ] ] } },
{ "type": "Feature", "properties": { "GEOIDFQ": "1400000US41041951000", "NAME": "9510", "NAMELSAD": "Census Tract 9510" }, "geometry": { "type": "Polygon", "coordinates": [ [ [ -124.0747, 44.6439 ], [ -124.0531, 44.6438 ], [ -124.0615, 44.629 ], [ -124.0567, 44.6223 ], [ -124.094, 44.6063 ], [ -124.0942, 44.6156 ], [ -124.0747, 44.6439 ] ] ] } },
{ "type": "Feature", "properties": { "GEOIDFQ": "1400000US41041950900", "NAME": "9509", "NAMELSAD": "Census Tract 9509" }, "geometry": { "type": "Polygon", "coordinates": [ [ [ -124.071, 44.6584 ], [ -124.0134, 44.6559 ], [ -123.9978, 44.6611 ], [ -123.9914, 44.6363 ], [ -124.0032, 44.6296 ], [ -124.0531, 44.6363 ], [ -124.0531, 44.6438 ], [ -124.0747, 44.6439 ], [ -124.071, 44.6584 ] ] ] } },
{ "type": "Feature", "properties": { "GEOIDFQ": "1400000US41041951300", "NAME": "9513", "NAMELSAD": "Census Tract 9513" }, "geometry": { "type": "Polygon", "coordinates": [ [ [ -124.0085, 44.5994 ], [ -124.0075, 44.6307 ], [ -123.9939, 44.6314 ], [ -123.9914, 44.6362 ], [ -123.9993, 44.6777 ], [ -123.9861, 44.6736 ], [ -123.9775, 44.6762 ], [ -123.9794, 44.6817 ], [ -123.9637, 44.6826 ], [ -123.955, 44.6758 ], [ -123.9534, 44.6846 ], [ -123.9526, 44.6742 ], [ -123.9438, 44.6719 ], [ -123.9278, 44.6833 ], [ -123.9088, 44.6791 ], [ -123.8941, 44.6847 ], [ -123.8928, 44.6781 ], [ -123.902, 44.6763 ], [ -123.8991, 44.6641 ], [ -123.9165, 44.6566 ], [ -123.9374, 44.6226 ], [ -123.9317, 44.6121 ], [ -123.9406, 44.5687 ], [ -123.917, 44.5619 ], [ -123.9125, 44.5358 ], [ -123.9322, 44.5341 ], [ -123.9455, 44.5198 ], [ -124.0084, 44.5283 ], [ -124.0047, 44.5421 ], [ -123.986, 44.5581 ], [ -124.006, 44.5561 ], [ -124.0002, 44.5629 ], [ -124.0103, 44.5718 ], [ -124.0098, 44.5808 ], [ -124.022, 44.5869 ], [ -124.0085, 44.5994 ] ] ] } },
{ "type": "Feature", "properties": { "GEOIDFQ": "1400000US41041951500", "NAME": "9515", "NAMELSAD": "Census Tract 9515" }, "geometry": { "type": "Polygon", "coordinates": [ [ [ -124.089, 44.5243 ], [ -124.0735, 44.5235 ], [ -124.0561, 44.5137 ], [ -124.0422, 44.519 ], [ -124.0229, 44.5047 ], [ -124.0131, 44.5105 ], [ -124.0149, 44.5193 ], [ -124.0066, 44.528 ], [ -123.9455, 44.5198 ], [ -123.9321, 44.5342 ], [ -123.8801, 44.5334 ], [ -123.8663, 44.5281 ], [ -123.8607, 44.5106 ], [ -123.8358, 44.5057 ], [ -123.8339, 44.498 ], [ -123.8512, 44.4699 ], [ -123.8338, 44.4446 ], [ -123.8561, 44.4272 ], [ -123.8487, 44.4247 ], [ -123.8474, 44.4136 ], [ -123.8329, 44.4153 ], [ -123.8362, 44.4032 ], [ -123.8382, 44.4099 ], [ -123.8447, 44.4065 ], [ -123.8438, 44.3986 ], [ -123.8689, 44.3984 ], [ -123.8881, 44.4063 ], [ -123.8981, 44.3891 ], [ -123.9054, 44.3954 ], [ -123.899, 44.4036 ], [ -123.9061, 44.4132 ], [ -123.9143, 44.4027 ], [ -123.9365, 44.3952 ], [ -123.9441, 44.4067 ], [ -123.9667, 44.414 ], [ -124.0344, 44.4199 ], [ -124.0531, 44.4358 ], [ -124.07, 44.4341 ], [ -124.0762, 44.4229 ], [ -124.0933, 44.423 ], [ -124.0967, 44.4916 ], [ -124.089, 44.5243 ] ] ] } },
{ "type": "Feature", "properties": { "GEOIDFQ": "1400000US41041950800", "NAME": "9508", "NAMELSAD": "Census Tract 9508" }, "geometry": { "type": "Polygon", "coordinates": [ [ [ -124.0741, 44.6851 ], [ -124.0677, 44.7085 ], [ -124.0722, 44.7547 ], [ -124.0843, 44.7785 ], [ -124.0564, 44.7764 ], [ -124.0459, 44.7676 ], [ -124.0203, 44.7804 ], [ -124.0049, 44.7698 ], [ -123.9966, 44.7483 ], [ -124.0008, 44.7388 ], [ -123.9916, 44.7396 ], [ -123.9881, 44.7326 ], [ -123.9948, 44.7125 ], [ -123.9801, 44.7061 ], [ -123.9578, 44.7062 ], [ -123.9462, 44.6968 ], [ -123.955, 44.6758 ], [ -123.9637, 44.6826 ], [ -123.9794, 44.6817 ], [ -123.9775, 44.6762 ], [ -123.9861, 44.6736 ], [ -123.9979, 44.6784 ], [ -123.9976, 44.6596 ], [ -124.0461, 44.6553 ], [ -124.071, 44.6584 ], [ -124.0695, 44.6649 ], [ -124.0817, 44.669 ], [ -124.0854, 44.679 ], [ -124.0741, 44.6851 ] ] ] } },
{ "type": "Feature", "properties": { "GEOIDFQ": "1400000US41041951200", "NAME": "9512", "NAMELSAD": "Census Tract 9512" }, "geometry": { "type": "Polygon", "coordinates": [ [ [ -124.0481, 44.6282 ], [ -124.0106, 44.6096 ], [ -124.0085, 44.5993 ], [ -124.0218, 44.5848 ], [ -124.0098, 44.5808 ], [ -124.0103, 44.5718 ], [ -124.0001, 44.5627 ], [ -124.006, 44.5561 ], [ -123.986, 44.5581 ], [ -124.0047, 44.5421 ], [ -124.013, 44.5106 ], [ -124.0229, 44.5047 ], [ -124.0422, 44.519 ], [ -124.0561, 44.5137 ], [ -124.0735, 44.5235 ], [ -124.089, 44.5243 ], [ -124.0808, 44.5953 ], [ -124.094, 44.6063 ], [ -124.0481, 44.6282 ] ] ] } },
{ "type": "Feature", "properties": { "GEOIDFQ": "1400000US41067031402", "NAME": "314.02", "NAMELSAD": "Census Tract 314.02" }, "geometry": { "type": "Polygon", "coordinates": [ [ [ -122.8367, 45.5074 ], [ -122.8305, 45.5142 ], [ -122.8222, 45.5106 ], [ -122.8266, 45.5039 ], [ -122.8073, 45.4989 ], [ -122.8108, 45.4883 ], [ -122.8386, 45.4907 ], [ -122.8367, 45.5074 ] ] ] } },
{ "type": "Feature", "properties": { "GEOIDFQ": "1400000US41051004500", "NAME": "45", "NAMELSAD": "Census Tract 45" }, "geometry": { "type": "Polygon", "coordinates": [ [ [ -122.7241, 45.5403 ], [ -122.72, 45.5411 ], [ -122.7198, 45.5419 ], [ -122.7102, 45.5387 ], [ -122.692, 45.5449 ], [ -122.6833, 45.5379 ], [ -122.7183, 45.5333 ], [ -122.7241, 45.5403 ] ] ] } },
{ "type": "Feature", "properties": { "GEOIDFQ": "1400000US41051004601", "NAME": "46.01", "NAMELSAD": "Census Tract 46.01" }, "geometry": { "type": "Polygon", "coordinates": [ [ [ -122.7096, 45.5331 ], [ -122.6978, 45.5192 ], [ -122.7154, 45.5066 ], [ -122.7209, 45.5204 ], [ -122.7096, 45.5331 ] ] ] } },
{ "type": "Feature", "properties": { "GEOIDFQ": "1400000US41051004102", "NAME": "41.02", "NAMELSAD": "Census Tract 41.02" }, "geometry": { "type": "Polygon", "coordinates": [ [ [ -122.746, 45.596 ], [ -122.7291, 45.5919 ], [ -122.7471, 45.577 ], [ -122.7564, 45.5811 ], [ -122.746, 45.596 ] ] ] } },
{ "type": "Feature", "properties": { "GEOIDFQ": "1400000US41051004200", "NAME": "42", "NAMELSAD": "Census Tract 42" }, "geometry": { "type": "Polygon", "coordinates": [ [ [ -122.7474, 45.5934 ], [ -122.7564, 45.5811 ], [ -122.7718, 45.5918 ], [ -122.7749, 45.5987 ], [ -122.7474, 45.5934 ] ] ] } },
{ "type": "Feature", "properties": { "GEOIDFQ": "1400000US41039002403", "NAME": "24.03", "NAMELSAD": "Census Tract 24.03" }, "geometry": { "type": "Polygon", "coordinates": [ [ [ -123.1461, 44.1157 ], [ -123.1472, 44.0978 ], [ -123.1654, 44.0967 ], [ -123.1846, 44.1171 ], [ -123.1461, 44.1157 ] ] ] } },
{ "type": "Feature", "properties": { "GEOIDFQ": "1400000US41003010300", "NAME": "103", "NAMELSAD": "Census Tract 103" }, "geometry": { "type": "Polygon", "coordinates": [ [ [ -123.8167, 44.3446 ], [ -123.735, 44.3458 ], [ -123.7352, 44.3603 ], [ -123.7155, 44.3605 ], [ -123.7201, 44.4334 ], [ -123.5977, 44.4331 ], [ -123.5969, 44.5456 ], [ -123.5754, 44.5449 ], [ -123.5446, 44.531 ], [ -123.5137, 44.5442 ], [ -123.4828, 44.5498 ], [ -123.4453, 44.545 ], [ -123.4204, 44.5564 ], [ -123.3854, 44.5413 ], [ -123.3896, 44.5341 ], [ -123.3568, 44.5248 ], [ -123.3477, 44.5291 ], [ -123.3347, 44.525 ], [ -123.3416, 44.4895 ], [ -123.3372, 44.458 ], [ -123.3852, 44.4597 ], [ -123.4252, 44.4242 ], [ -123.4556, 44.412 ], [ -123.4315, 44.3876 ], [ -123.4357, 44.381 ], [ -123.4556, 44.3863 ], [ -123.4734, 44.3744 ], [ -123.4752, 44.36 ], [ -123.4633, 44.3546 ], [ -123.4588, 44.342 ], [ -123.4758, 44.343 ], [ -123.4805, 44.3354 ], [ -123.4922, 44.3365 ], [ -123.5016, 44.3311 ], [ -123.4581, 44.2991 ], [ -123.4517, 44.2898 ], [ -123.4557, 44.2806 ], [ -123.5736, 44.2826 ], [ -123.5933, 44.2819 ], [ -123.5933, 44.2767 ], [ -123.7756, 44.2835 ], [ -123.7758, 44.3162 ], [ -123.8165, 44.3153 ], [ -123.8167, 44.3446 ] ] ] } },
{ "type": "Feature", "properties": { "GEOIDFQ": "1400000US41039004403", "NAME": "44.03", "NAMELSAD": "Census Tract 44.03" }, "geometry": { "type": "Polygon", "coordinates": [ [ [ -123.1298, 44.0545 ], [ -123.1184, 44.0522 ], [ -123.1178, 44.0332 ], [ -123.1354, 44.0412 ], [ -123.1298, 44.0545 ] ] ] } },
{ "type": "Feature", "properties": { "GEOIDFQ": "1400000US41039003000", "NAME": "30", "NAMELSAD": "Census Tract 30" }, "geometry": { "type": "Polygon", "coordinates": [ [ [ -123.0694, 44.0774 ], [ -123.0696, 44.0701 ], [ -123.084, 44.058 ], [ -123.101, 44.0639 ], [ -123.1056, 44.0761 ], [ -123.0694, 44.0774 ] ] ] } },
{ "type": "Feature", "properties": { "GEOIDFQ": "1400000US41003000600", "NAME": "6", "NAMELSAD": "Census Tract 6" }, "geometry": { "type": "Polygon", "coordinates": [ [ [ -123.2414, 44.629 ], [ -123.1961, 44.6299 ], [ -123.1715, 44.6392 ], [ -123.1701, 44.6227 ], [ -123.1818, 44.619 ], [ -123.1839, 44.6092 ], [ -123.1984, 44.6019 ], [ -123.1842, 44.5943 ], [ -123.1848, 44.5875 ], [ -123.2231, 44.5844 ], [ -123.2568, 44.5728 ], [ -123.2414, 44.629 ] ] ] } },
{ "type": "Feature", "properties": { "GEOIDFQ": "1400000US41003001001", "NAME": "10.01", "NAMELSAD": "Census Tract 10.01" }, "geometry": { "type": "Polygon", "coordinates": [ [ [ -123.2496, 44.5968 ], [ -123.258, 44.5772 ], [ -123.2625, 44.5782 ], [ -123.2672, 44.5933 ], [ -123.2496, 44.5968 ] ] ] } },
{ "type": "Feature", "properties": { "GEOIDFQ": "1400000US41003001002", "NAME": "10.02", "NAMELSAD": "Census Tract 10.02" }, "geometry": { "type": "Polygon", "coordinates": [ [ [ -123.2626, 44.5888 ], [ -123.2625, 44.5782 ], [ -123.2831, 44.5787 ], [ -123.2831, 44.5864 ], [ -123.2626, 44.5888 ] ] ] } },
{ "type": "Feature", "properties": { "GEOIDFQ": "1400000US41003001102", "NAME": "11.02", "NAMELSAD": "Census Tract 11.02" }, "geometry": { "type": "Polygon", "coordinates": [ [ [ -123.2579, 44.5774 ], [ -123.2641, 44.5652 ], [ -123.2751, 44.5679 ], [ -123.2753, 44.5781 ], [ -123.2579, 44.5774 ] ] ] } },
{ "type": "Feature", "properties": { "GEOIDFQ": "1400000US41003001101", "NAME": "11.01", "NAMELSAD": "Census Tract 11.01" }, "geometry": { "type": "Polygon", "coordinates": [ [ [ -123.2831, 44.5787 ], [ -123.2757, 44.5787 ], [ -123.2751, 44.5679 ], [ -123.2834, 44.572 ], [ -123.2831, 44.5787 ] ] ] } },
{ "type": "Feature", "properties": { "GEOIDFQ": "1400000US41041990100", "NAME": "9901", "NAMELSAD": "Census Tract 9901" }, "geometry": { "type": "Polygon", "coordinates": [ [ [ -124.1586, 44.4061 ], [ -124.1534, 44.465 ], [ -124.1639, 44.4884 ], [ -124.1626, 44.5129 ], [ -124.1461, 44.5402 ], [ -124.1343, 44.5832 ], [ -124.1523, 44.6093 ], [ -124.1374, 44.641 ], [ -124.154, 44.6753 ], [ -124.1391, 44.7105 ], [ -124.1483, 44.7404 ], [ -124.1416, 44.8334 ], [ -124.1362, 44.8492 ], [ -124.1166, 44.8663 ], [ -124.0979, 44.9297 ], [ -124.0862, 45.0029 ], [ -124.096, 45.0205 ], [ -124.0967, 45.0405 ], [ -124.0879, 45.045 ], [ -124.0103, 45.045 ], [ -124.0209, 45.0333 ], [ -124.017, 45.0182 ], [ -124.0391, 44.9062 ], [ -124.0562, 44.8529 ], [ -124.076, 44.8351 ], [ -124.0843, 44.7785 ], [ -124.0722, 44.7547 ], [ -124.0677, 44.7085 ], [ -124.0741, 44.6851 ], [ -124.0838, 44.682 ], [ -124.0855, 44.6737 ], [ -124.0695, 44.6634 ], [ -124.076, 44.6389 ], [ -124.0907, 44.6272 ], [ -124.0942, 44.6156 ], [ -124.094, 44.6063 ], [ -124.0808, 44.5953 ], [ -124.0967, 44.4916 ], [ -124.0933, 44.423 ], [ -124.1165, 44.3192 ], [ -124.1177, 44.2763 ], [ -124.1874, 44.2769 ], [ -124.1586, 44.4061 ] ] ] } },
{ "type": "Feature", "properties": { "GEOIDFQ": "1400000US41041950304", "NAME": "9503.04", "NAMELSAD": "Census Tract 9503.04" }, "geometry": { "type": "Polygon", "coordinates": [ [ [ -124.006, 44.9871 ], [ -124.0055, 44.9954 ], [ -123.9799, 45.0062 ], [ -123.9815, 44.9844 ], [ -123.9992, 44.9618 ], [ -124.0052, 44.9747 ], [ -124.0255, 44.9749 ], [ -124.0229, 44.9875 ], [ -124.006, 44.9871 ] ] ] } },
{ "type": "Feature", "properties": { "GEOIDFQ": "1400000US41041950303", "NAME": "9503.03", "NAMELSAD": "Census Tract 9503.03" }, "geometry": { "type": "Polygon", "coordinates": [ [ [ -124.0187, 45.0381 ], [ -124.0103, 45.045 ], [ -123.955, 45.0457 ], [ -123.9529, 45.0332 ], [ -123.974, 45.0208 ], [ -123.98, 45.0061 ], [ -124.0055, 44.9954 ], [ -124.006, 44.9871 ], [ -124.0229, 44.9875 ], [ -124.0187, 45.0381 ] ] ] } },
{ "type": "Feature", "properties": { "GEOIDFQ": "1400000US41029001801", "NAME": "18.01", "NAMELSAD": "Census Tract 18.01" }, "geometry": { "type": "Polygon", "coordinates": [ [ [ -122.6716, 42.193 ], [ -122.6521, 42.1773 ], [ -122.6617, 42.1704 ], [ -122.6881, 42.1836 ], [ -122.6882, 42.1949 ], [ -122.6716, 42.193 ] ] ] } },
{ "type": "Feature", "properties": { "GEOIDFQ": "1400000US41041950601", "NAME": "9506.01", "NAMELSAD": "Census Tract 9506.01" }, "geometry": { "type": "Polygon", "coordinates": [ [ [ -124.0342, 44.927 ], [ -124.0137, 44.9258 ], [ -124.0097, 44.9331 ], [ -123.9999, 44.9304 ], [ -123.9857, 44.9363 ], [ -123.9746, 44.9345 ], [ -123.9815, 44.9232 ], [ -123.9794, 44.9096 ], [ -123.9628, 44.9042 ], [ -123.9795, 44.8994 ], [ -123.9565, 44.8963 ], [ -123.9536, 44.8917 ], [ -123.942, 44.8989 ], [ -123.9278, 44.896 ], [ -123.9131, 44.9039 ], [ -123.901, 44.8949 ], [ -123.9011, 44.9001 ], [ -123.8946, 44.8969 ], [ -123.8741, 44.9108 ], [ -123.8651, 44.9074 ], [ -123.8579, 44.9106 ], [ -123.8378, 44.8984 ], [ -123.8038, 44.89 ], [ -123.7807, 44.8748 ], [ -123.7951, 44.867 ], [ -123.8033, 44.871 ], [ -123.8282, 44.8647 ], [ -123.8601, 44.8408 ], [ -123.8775, 44.837 ], [ -123.8771, 44.8298 ], [ -123.8661, 44.8259 ], [ -123.8808, 44.813 ], [ -123.8865, 44.8174 ], [ -123.8951, 44.8132 ], [ -123.888, 44.8089 ], [ -123.8909, 44.796 ], [ -123.8974, 44.7947 ], [ -123.9074, 44.8005 ], [ -123.9571, 44.8022 ], [ -123.9753, 44.8157 ], [ -123.9797, 44.829 ], [ -124.0042, 44.83 ], [ -124.0043, 44.8412 ], [ -124.0147, 44.8424 ], [ -124.0203, 44.8508 ], [ -124.0273, 44.8497 ], [ -124.0391, 44.859 ], [ -124.0541, 44.859 ], [ -124.0342, 44.927 ] ] ] } },
{ "type": "Feature", "properties": { "GEOIDFQ": "1400000US41067031612", "NAME": "316.12", "NAMELSAD": "Census Tract 316.12" }, "geometry": { "type": "Polygon", "coordinates": [ [ [ -122.852, 45.5125 ], [ -122.8519, 45.5036 ], [ -122.8674, 45.5074 ], [ -122.8675, 45.5155 ], [ -122.852, 45.5125 ] ] ] } },
{ "type": "Feature", "properties": { "GEOIDFQ": "1400000US41067031703", "NAME": "317.03", "NAMELSAD": "Census Tract 317.03" }, "geometry": { "type": "Polygon", "coordinates": [ [ [ -122.8917, 45.4962 ], [ -122.8672, 45.4936 ], [ -122.8674, 45.4814 ], [ -122.8929, 45.4848 ], [ -122.8917, 45.4962 ] ] ] } },
{ "type": "Feature", "properties": { "GEOIDFQ": "1400000US41067031705", "NAME": "317.05", "NAMELSAD": "Census Tract 317.05" }, "geometry": { "type": "Polygon", "coordinates": [ [ [ -122.8672, 45.4936 ], [ -122.8546, 45.4924 ], [ -122.8547, 45.481 ], [ -122.8675, 45.4764 ], [ -122.8672, 45.4936 ] ] ] } },
{ "type": "Feature", "properties": { "GEOIDFQ": "1400000US41067031706", "NAME": "317.06", "NAMELSAD": "Census Tract 317.06" }, "geometry": { "type": "Polygon", "coordinates": [ [ [ -122.8546, 45.4924 ], [ -122.8288, 45.4896 ], [ -122.8288, 45.4855 ], [ -122.8547, 45.4815 ], [ -122.8546, 45.4924 ] ] ] } },
{ "type": "Feature", "properties": { "GEOIDFQ": "1400000US41005022904", "NAME": "229.04", "NAMELSAD": "Census Tract 229.04" }, "geometry": { "type": "Polygon", "coordinates": [ [ [ -122.7081, 45.2676 ], [ -122.6909, 45.2664 ], [ -122.6882, 45.2753 ], [ -122.6792, 45.2789 ], [ -122.6798, 45.267 ], [ -122.7032, 45.2568 ], [ -122.7145, 45.2635 ], [ -122.7081, 45.2676 ] ] ] } },
{ "type": "Feature", "properties": { "GEOIDFQ": "1400000US41051009102", "NAME": "91.02", "NAMELSAD": "Census Tract 91.02" }, "geometry": { "type": "Polygon", "coordinates": [ [ [ -122.5235, 45.4979 ], [ -122.4847, 45.4923 ], [ -122.4852, 45.4855 ], [ -122.4995, 45.4786 ], [ -122.5236, 45.4812 ], [ -122.5235, 45.4979 ] ] ] } },
{ "type": "Feature", "properties": { "GEOIDFQ": "1400000US41015950401", "NAME": "9504.01", "NAMELSAD": "Census Tract 9504.01" }, "geometry": { "type": "Polygon", "coordinates": [ [ [ -124.2556, 42.0722 ], [ -124.2267, 42.0635 ], [ -124.1953, 42.0765 ], [ -124.1957, 42.0964 ], [ -124.1851, 42.1126 ], [ -124.1957, 42.1227 ], [ -124.1873, 42.1217 ], [ -124.1752, 42.131 ], [ -124.1783, 42.1408 ], [ -124.17, 42.1431 ], [ -124.1659, 42.1388 ], [ -124.1568, 42.1468 ], [ -124.1464, 42.1474 ], [ -124.1418, 42.1625 ], [ -124.1479, 42.1762 ], [ -124.123, 42.1901 ], [ -124.0936, 42.1914 ], [ -124.0833, 42.1838 ], [ -124.0716, 42.1862 ], [ -124.0577, 42.1815 ], [ -124.0518, 42.1509 ], [ -124.0367, 42.1476 ], [ -124.0045, 42.172 ], [ -123.9567, 42.1811 ], [ -123.937, 42.1767 ], [ -123.9192, 42.1888 ], [ -123.921, 42.1978 ], [ -123.9126, 42.2072 ], [ -123.8985, 42.2146 ], [ -123.8871, 42.1897 ], [ -123.8676, 42.1885 ], [ -123.8267, 42.1701 ], [ -123.8225, 42.1592 ], [ -123.8402, 42.1529 ], [ -123.8585, 42.1351 ], [ -123.8392, 42.1247 ], [ -123.822, 42.0872 ], [ -123.8491, 42.0443 ], [ -123.8361, 42.0292 ], [ -123.84, 42.0176 ], [ -123.8266, 42.0091 ], [ -123.8287, 42.0023 ], [ -123.8182, 41.9988 ], [ -123.822, 41.9956 ], [ -124.217, 41.9984 ], [ -124.2463, 42.0226 ], [ -124.2387, 42.0328 ], [ -124.269, 42.0549 ], [ -124.2556, 42.0722 ] ] ] } },
{ "type": "Feature", "properties": { "GEOIDFQ": "1400000US41015950201", "NAME": "9502.01", "NAMELSAD": "Census Tract 9502.01" }, "geometry": { "type": "Polygon", "coordinates": [ [ [ -124.4316, 42.3994 ], [ -124.4377, 42.4171 ], [ -124.3912, 42.4338 ], [ -124.3786, 42.4453 ], [ -124.3807, 42.4631 ], [ -124.3481, 42.4662 ], [ -124.3303, 42.4744 ], [ -124.3282, 42.4821 ], [ -124.3112, 42.4836 ], [ -124.3154, 42.4773 ], [ -124.3057, 42.4743 ], [ -124.3221, 42.4643 ], [ -124.3368, 42.4589 ], [ -124.3489, 42.4637 ], [ -124.3255, 42.4461 ], [ -124.3178, 42.447 ], [ -124.3061, 42.4436 ], [ -124.3043, 42.4332 ], [ -124.3143, 42.4228 ], [ -124.3026, 42.4188 ], [ -124.3057, 42.4146 ], [ -124.3282, 42.42 ], [ -124.3328, 42.3812 ], [ -124.3432, 42.3742 ], [ -124.336, 42.3436 ], [ -124.3203, 42.3318 ], [ -124.3281, 42.3324 ], [ -124.3319, 42.322 ], [ -124.3115, 42.3143 ], [ -124.3141, 42.3165 ], [ -124.3115, 42.3187 ], [ -124.303, 42.3109 ], [ -124.2973, 42.3197 ], [ -124.2876, 42.2834 ], [ -124.3014, 42.2762 ], [ -124.307, 42.2824 ], [ -124.3323, 42.279 ], [ -124.3438, 42.283 ], [ -124.3574, 42.2742 ], [ -124.3713, 42.2763 ], [ -124.3861, 42.2676 ], [ -124.3924, 42.2765 ], [ -124.397, 42.2718 ], [ -124.4006, 42.2776 ], [ -124.4152, 42.2795 ], [ -124.4172, 42.2962 ], [ -124.4386, 42.3281 ], [ -124.4316, 42.3994 ] ] ] } },
{ "type": "Feature", "properties": { "GEOIDFQ": "1400000US41015950202", "NAME": "9502.02", "NAMELSAD": "Census Tract 9502.02" }, "geometry": { "type": "Polygon", "coordinates": [ [ [ -124.4222, 42.5265 ], [ -124.4004, 42.5673 ], [ -124.4033, 42.5773 ], [ -124.4157, 42.5856 ], [ -124.4103, 42.6164 ], [ -124.4216, 42.6532 ], [ -124.4335, 42.6615 ], [ -124.4785, 42.6642 ], [ -124.4772, 42.6862 ], [ -124.4479, 42.6841 ], [ -124.4367, 42.6898 ], [ -124.4204, 42.6843 ], [ -124.422, 42.7018 ], [ -124.4058, 42.7007 ], [ -124.3869, 42.7086 ], [ -124.3451, 42.6967 ], [ -124.3227, 42.6754 ], [ -124.277, 42.6561 ], [ -124.2838, 42.6185 ], [ -124.2752, 42.6108 ], [ -124.275, 42.5999 ], [ -124.2873, 42.5951 ], [ -124.2717, 42.5827 ], [ -124.2612, 42.5817 ], [ -124.2603, 42.5707 ], [ -124.2776, 42.5591 ], [ -124.2862, 42.5592 ], [ -124.298, 42.5219 ], [ -124.294, 42.5043 ], [ -124.3099, 42.4948 ], [ -124.3131, 42.4806 ], [ -124.3282, 42.4821 ], [ -124.3303, 42.4744 ], [ -124.3481, 42.4662 ], [ -124.3789, 42.464 ], [ -124.3786, 42.4453 ], [ -124.3912, 42.4338 ], [ -124.4377, 42.4171 ], [ -124.4373, 42.4251 ], [ -124.4911, 42.4421 ], [ -124.501, 42.4644 ], [ -124.4222, 42.5265 ] ] ] } },
{ "type": "Feature", "properties": { "GEOIDFQ": "1400000US41015950402", "NAME": "9504.02", "NAMELSAD": "Census Tract 9504.02" }, "geometry": { "type": "Polygon", "coordinates": [ [ [ -124.2667, 42.0548 ], [ -124.2388, 42.0312 ], [ -124.2463, 42.0226 ], [ -124.2809, 42.0381 ], [ -124.2667, 42.0548 ] ] ] } },
{ "type": "Feature", "properties": { "GEOIDFQ": "1400000US41051001400", "NAME": "14", "NAMELSAD": "Census Tract 14" }, "geometry": { "type": "Polygon", "coordinates": [ [ [ -122.6126, 45.5166 ], [ -122.6111, 45.5053 ], [ -122.6227, 45.5048 ], [ -122.623, 45.5193 ], [ -122.6126, 45.5166 ] ] ] } },
{ "type": "Feature", "properties": { "GEOIDFQ": "1400000US41051001500", "NAME": "15", "NAMELSAD": "Census Tract 15" }, "geometry": { "type": "Polygon", "coordinates": [ [ [ -122.602, 45.5168 ], [ -122.6017, 45.5054 ], [ -122.6111, 45.5053 ], [ -122.6126, 45.5166 ], [ -122.602, 45.5168 ] ] ] } },
{ "type": "Feature", "properties": { "GEOIDFQ": "1400000US41051001601", "NAME": "16.01", "NAMELSAD": "Census Tract 16.01" }, "geometry": { "type": "Polygon", "coordinates": [ [ [ -122.5946, 45.5223 ], [ -122.579, 45.5191 ], [ -122.5787, 45.5048 ], [ -122.6017, 45.5054 ], [ -122.602, 45.5168 ], [ -122.5946, 45.5223 ] ] ] } },
{ "type": "Feature", "properties": { "GEOIDFQ": "1400000US41051001702", "NAME": "17.02", "NAMELSAD": "Census Tract 17.02" }, "geometry": { "type": "Polygon", "coordinates": [ [ [ -122.579, 45.5337 ], [ -122.5689, 45.532 ], [ -122.5669, 45.5191 ], [ -122.5791, 45.5204 ], [ -122.579, 45.5337 ] ] ] } },
{ "type": "Feature", "properties": { "GEOIDFQ": "1400000US41051001801", "NAME": "18.01", "NAMELSAD": "Census Tract 18.01" }, "geometry": { "type": "Polygon", "coordinates": [ [ [ -122.615, 45.5307 ], [ -122.6064, 45.5277 ], [ -122.5924, 45.5336 ], [ -122.5987, 45.5272 ], [ -122.5937, 45.5231 ], [ -122.6173, 45.5239 ], [ -122.615, 45.5307 ] ] ] } },
{ "type": "Feature", "properties": { "GEOIDFQ": "1400000US41051001802", "NAME": "18.02", "NAMELSAD": "Census Tract 18.02" }, "geometry": { "type": "Polygon", "coordinates": [ [ [ -122.6173, 45.5231 ], [ -122.5937, 45.5231 ], [ -122.5919, 45.5221 ], [ -122.6002, 45.5168 ], [ -122.6178, 45.5193 ], [ -122.6173, 45.5231 ] ] ] } },
{ "type": "Feature", "properties": { "GEOIDFQ": "1400000US41051001900", "NAME": "19", "NAMELSAD": "Census Tract 19" }, "geometry": { "type": "Polygon", "coordinates": [ [ [ -122.6306, 45.5341 ], [ -122.615, 45.5307 ], [ -122.6173, 45.5193 ], [ -122.6309, 45.5193 ], [ -122.6306, 45.5341 ] ] ] } },
{ "type": "Feature", "properties": { "GEOIDFQ": "1400000US41051980000", "NAME": "9800", "NAMELSAD": "Census Tract 9800" }, "geometry": { "type": "Polygon", "coordinates": [ [ [ -122.7187, 45.5745 ], [ -122.704, 45.5739 ], [ -122.6779, 45.5421 ], [ -122.6833, 45.5379 ], [ -122.7304, 45.565 ], [ -122.7187, 45.5745 ] ] ] } },
{ "type": "Feature", "properties": { "GEOIDFQ": "1400000US41051009301", "NAME": "93.01", "NAMELSAD": "Census Tract 93.01" }, "geometry": { "type": "Polygon", "coordinates": [ [ [ -122.509, 45.5337 ], [ -122.4958, 45.5343 ], [ -122.4964, 45.5192 ], [ -122.5107, 45.5214 ], [ -122.509, 45.5337 ] ] ] } },
{ "type": "Feature", "properties": { "GEOIDFQ": "1400000US41051009302", "NAME": "93.02", "NAMELSAD": "Census Tract 93.02" }, "geometry": { "type": "Polygon", "coordinates": [ [ [ -122.5376, 45.5336 ], [ -122.509, 45.5337 ], [ -122.5107, 45.5223 ], [ -122.5378, 45.5225 ], [ -122.5376, 45.5336 ] ] ] } },
{ "type": "Feature", "properties": { "GEOIDFQ": "1400000US41051009400", "NAME": "94", "NAMELSAD": "Census Tract 94" }, "geometry": { "type": "Polygon", "coordinates": [ [ [ -122.5374, 45.5468 ], [ -122.4957, 45.5427 ], [ -122.4979, 45.5337 ], [ -122.5376, 45.5363 ], [ -122.5374, 45.5468 ] ] ] } },
{ "type": "Feature", "properties": { "GEOIDFQ": "1400000US41051009501", "NAME": "95.01", "NAMELSAD": "Census Tract 95.01" }, "geometry": { "type": "Polygon", "coordinates": [ [ [ -122.5177, 45.5447 ], [ -122.5192, 45.5542 ], [ -122.496, 45.5495 ], [ -122.4957, 45.5427 ], [ -122.5071, 45.5427 ], [ -122.5374, 45.547 ], [ -122.5177, 45.5447 ] ] ] } },
{ "type": "Feature", "properties": { "GEOIDFQ": "1400000US41005022605", "NAME": "226.05", "NAMELSAD": "Census Tract 226.05" }, "geometry": { "type": "Polygon", "coordinates": [ [ [ -122.6025, 45.328 ], [ -122.6049, 45.3364 ], [ -122.5906, 45.3366 ], [ -122.565, 45.3037 ], [ -122.578, 45.3104 ], [ -122.6001, 45.3076 ], [ -122.6092, 45.323 ], [ -122.6025, 45.328 ] ] ] } },
{ "type": "Feature", "properties": { "GEOIDFQ": "1400000US41005022603", "NAME": "226.03", "NAMELSAD": "Census Tract 226.03" }, "geometry": { "type": "Polygon", "coordinates": [ [ [ -122.5714, 45.3307 ], [ -122.5472, 45.3096 ], [ -122.5687, 45.3094 ], [ -122.5891, 45.3348 ], [ -122.5714, 45.3307 ] ] ] } },
{ "type": "Feature", "properties": { "GEOIDFQ": "1400000US41005022710", "NAME": "227.10", "NAMELSAD": "Census Tract 227.10" }, "geometry": { "type": "Polygon", "coordinates": [ [ [ -122.7691, 45.303 ], [ -122.7515, 45.3036 ], [ -122.7437, 45.3175 ], [ -122.7381, 45.3175 ], [ -122.7384, 45.3014 ], [ -122.7693, 45.2925 ], [ -122.7691, 45.303 ] ] ] } },
{ "type": "Feature", "properties": { "GEOIDFQ": "1400000US41067032608", "NAME": "326.08", "NAMELSAD": "Census Tract 326.08" }, "geometry": { "type": "Polygon", "coordinates": [ [ [ -122.9263, 45.5509 ], [ -122.9261, 45.5381 ], [ -122.9181, 45.534 ], [ -122.9542, 45.5254 ], [ -122.9634, 45.5521 ], [ -122.9263, 45.5509 ] ] ] } },
{ "type": "Feature", "properties": { "GEOIDFQ": "1400000US41067031814", "NAME": "318.14", "NAMELSAD": "Census Tract 318.14" }, "geometry": { "type": "Polygon", "coordinates": [ [ [ -122.8363, 45.4656 ], [ -122.8363, 45.4584 ], [ -122.8568, 45.4512 ], [ -122.8569, 45.462 ], [ -122.8363, 45.4656 ] ] ] } },
{ "type": "Feature", "properties": { "GEOIDFQ": "1400000US41067032410", "NAME": "324.10", "NAMELSAD": "Census Tract 324.10" }, "geometry": { "type": "Polygon", "coordinates": [ [ [ -122.956, 45.515 ], [ -122.9476, 45.502 ], [ -122.9715, 45.5108 ], [ -122.974, 45.5138 ], [ -122.956, 45.515 ] ] ] } },
{ "type": "Feature", "properties": { "GEOIDFQ": "1400000US41067031005", "NAME": "310.05", "NAMELSAD": "Census Tract 310.05" }, "geometry": { "type": "Polygon", "coordinates": [ [ [ -122.7903, 45.4766 ], [ -122.787, 45.4588 ], [ -122.8033, 45.4642 ], [ -122.8055, 45.4744 ], [ -122.7903, 45.4766 ] ] ] } },
{ "type": "Feature", "properties": { "GEOIDFQ": "1400000US41067031100", "NAME": "311", "NAMELSAD": "Census Tract 311" }, "geometry": { "type": "Polygon", "coordinates": [ [ [ -122.804, 45.4871 ], [ -122.7903, 45.4766 ], [ -122.8055, 45.4765 ], [ -122.804, 45.4871 ] ] ] } },
{ "type": "Feature", "properties": { "GEOIDFQ": "1400000US41067031504", "NAME": "315.04", "NAMELSAD": "Census Tract 315.04" }, "geometry": { "type": "Polygon", "coordinates": [ [ [ -122.894, 45.5663 ], [ -122.8676, 45.558 ], [ -122.8676, 45.542 ], [ -122.9009, 45.5561 ], [ -122.894, 45.5663 ] ] ] } },
{ "type": "Feature", "properties": { "GEOIDFQ": "1400000US41051003801", "NAME": "38.01", "NAMELSAD": "Census Tract 38.01" }, "geometry": { "type": "Polygon", "coordinates": [ [ [ -122.6923, 45.587 ], [ -122.6743, 45.5839 ], [ -122.6743, 45.5778 ], [ -122.6924, 45.5771 ], [ -122.6923, 45.587 ] ] ] } },
{ "type": "Feature", "properties": { "GEOIDFQ": "1400000US41029001403", "NAME": "14.03", "NAMELSAD": "Census Tract 14.03" }, "geometry": { "type": "Polygon", "coordinates": [ [ [ -122.8144, 42.4635 ], [ -122.7812, 42.4823 ], [ -122.7578, 42.4783 ], [ -122.7576, 42.451 ], [ -122.7674, 42.451 ], [ -122.7678, 42.4438 ], [ -122.7823, 42.4437 ], [ -122.7823, 42.4401 ], [ -122.8093, 42.4483 ], [ -122.8145, 42.4436 ], [ -122.8412, 42.4473 ], [ -122.8442, 42.46 ], [ -122.8144, 42.4635 ] ] ] } },
{ "type": "Feature", "properties": { "GEOIDFQ": "1400000US41029000901", "NAME": "9.01", "NAMELSAD": "Census Tract 9.01" }, "geometry": { "type": "Polygon", "coordinates": [ [ [ -122.9685, 42.3902 ], [ -122.9684, 42.4112 ], [ -122.9428, 42.4061 ], [ -122.9333, 42.3894 ], [ -122.9308, 42.3626 ], [ -122.9079, 42.3626 ], [ -122.8924, 42.341 ], [ -122.929, 42.3408 ], [ -122.9412, 42.3273 ], [ -122.9587, 42.3271 ], [ -122.9579, 42.3725 ], [ -122.9522, 42.374 ], [ -122.9744, 42.3856 ], [ -122.9685, 42.3902 ] ] ] } },
{ "type": "Feature", "properties": { "GEOIDFQ": "1400000US41029000701", "NAME": "7.01", "NAMELSAD": "Census Tract 7.01" }, "geometry": { "type": "Polygon", "coordinates": [ [ [ -122.8607, 42.3129 ], [ -122.8406, 42.2934 ], [ -122.8778, 42.2926 ], [ -122.8777, 42.3056 ], [ -122.8956, 42.3062 ], [ -122.8957, 42.3122 ], [ -122.8607, 42.3129 ] ] ] } },
{ "type": "Feature", "properties": { "GEOIDFQ": "1400000US41029000702", "NAME": "7.02", "NAMELSAD": "Census Tract 7.02" }, "geometry": { "type": "Polygon", "coordinates": [ [ [ -122.8957, 42.3122 ], [ -122.8956, 42.3062 ], [ -122.8777, 42.3056 ], [ -122.88, 42.2773 ], [ -122.9063, 42.2829 ], [ -122.9114, 42.3089 ], [ -122.8957, 42.3122 ] ] ] } },
{ "type": "Feature", "properties": { "GEOIDFQ": "1400000US41029001303", "NAME": "13.03", "NAMELSAD": "Census Tract 13.03" }, "geometry": { "type": "Polygon", "coordinates": [ [ [ -122.8185, 42.4368 ], [ -122.8185, 42.4255 ], [ -122.8375, 42.4255 ], [ -122.8403, 42.4349 ], [ -122.8185, 42.4368 ] ] ] } },
{ "type": "Feature", "properties": { "GEOIDFQ": "1400000US41029001304", "NAME": "13.04", "NAMELSAD": "Census Tract 13.04" }, "geometry": { "type": "Polygon", "coordinates": [ [ [ -122.8018, 42.4271 ], [ -122.8185, 42.4272 ], [ -122.8265, 42.4435 ], [ -122.8093, 42.4483 ], [ -122.7797, 42.438 ], [ -122.7613, 42.4382 ], [ -122.7496, 42.4277 ], [ -122.7395, 42.3908 ], [ -122.7085, 42.3715 ], [ -122.6944, 42.3476 ], [ -122.7105, 42.3385 ], [ -122.7167, 42.3244 ], [ -122.7276, 42.3328 ], [ -122.7302, 42.3266 ], [ -122.753, 42.3232 ], [ -122.763, 42.3245 ], [ -122.7671, 42.331 ], [ -122.8231, 42.331 ], [ -122.8164, 42.3889 ], [ -122.8274, 42.3892 ], [ -122.8018, 42.4271 ] ] ] } },
{ "type": "Feature", "properties": { "GEOIDFQ": "1400000US41029002901", "NAME": "29.01", "NAMELSAD": "Census Tract 29.01" }, "geometry": { "type": "Polygon", "coordinates": [ [ [ -123.2293, 42.4294 ], [ -123.2104, 42.4234 ], [ -123.181, 42.446 ], [ -123.1684, 42.446 ], [ -123.1642, 42.4763 ], [ -123.1459, 42.4766 ], [ -123.1249, 42.4845 ], [ -123.1222, 42.5174 ], [ -123.0969, 42.5194 ], [ -123.0865, 42.5149 ], [ -123.0842, 42.4918 ], [ -123.0717, 42.4787 ], [ -123.0781, 42.4358 ], [ -123.1229, 42.4238 ], [ -123.1284, 42.4092 ], [ -123.1399, 42.4059 ], [ -123.1543, 42.4096 ], [ -123.1755, 42.4334 ], [ -123.1977, 42.4192 ], [ -123.2293, 42.4204 ], [ -123.2293, 42.4294 ] ] ] } },
{ "type": "Feature", "properties": { "GEOIDFQ": "1400000US41029000606", "NAME": "6.06", "NAMELSAD": "Census Tract 6.06" }, "geometry": { "type": "Polygon", "coordinates": [ [ [ -122.8456, 42.3158 ], [ -122.8361, 42.3067 ], [ -122.8327, 42.3112 ], [ -122.8154, 42.3094 ], [ -122.814, 42.3173 ], [ -122.7889, 42.3164 ], [ -122.7911, 42.3113 ], [ -122.7806, 42.3103 ], [ -122.7863, 42.2997 ], [ -122.7941, 42.3024 ], [ -122.7988, 42.2944 ], [ -122.8148, 42.2944 ], [ -122.8177, 42.2834 ], [ -122.855, 42.3158 ], [ -122.8456, 42.3158 ] ] ] } },
{ "type": "Feature", "properties": { "GEOIDFQ": "1400000US41029000603", "NAME": "6.03", "NAMELSAD": "Census Tract 6.03" }, "geometry": { "type": "Polygon", "coordinates": [ [ [ -122.8406, 42.3299 ], [ -122.7807, 42.3317 ], [ -122.7883, 42.3158 ], [ -122.814, 42.3173 ], [ -122.814, 42.3237 ], [ -122.8417, 42.3206 ], [ -122.8406, 42.3299 ] ] ] } },
{ "type": "Feature", "properties": { "GEOIDFQ": "1400000US41029000604", "NAME": "6.04", "NAMELSAD": "Census Tract 6.04" }, "geometry": { "type": "Polygon", "coordinates": [ [ [ -122.8406, 42.3299 ], [ -122.8372, 42.3197 ], [ -122.814, 42.3237 ], [ -122.814, 42.3173 ], [ -122.8497, 42.3157 ], [ -122.8547, 42.3303 ], [ -122.8406, 42.3299 ] ] ] } },
{ "type": "Feature", "properties": { "GEOIDFQ": "1400000US41029000605", "NAME": "6.05", "NAMELSAD": "Census Tract 6.05" }, "geometry": { "type": "Polygon", "coordinates": [ [ [ -122.8411, 42.3165 ], [ -122.814, 42.3173 ], [ -122.8154, 42.3094 ], [ -122.8327, 42.3112 ], [ -122.8361, 42.3067 ], [ -122.8456, 42.3138 ], [ -122.8411, 42.3165 ] ] ] } },
{ "type": "Feature", "properties": { "GEOIDFQ": "1400000US41029001401", "NAME": "14.01", "NAMELSAD": "Census Tract 14.01" }, "geometry": { "type": "Polygon", "coordinates": [ [ [ -122.8119, 42.487 ], [ -122.7811, 42.4828 ], [ -122.7977, 42.4749 ], [ -122.8152, 42.4635 ], [ -122.8119, 42.487 ] ] ] } },
{ "type": "Feature", "properties": { "GEOIDFQ": "1400000US41029001402", "NAME": "14.02", "NAMELSAD": "Census Tract 14.02" }, "geometry": { "type": "Polygon", "coordinates": [ [ [ -122.8746, 42.4677 ], [ -122.8487, 42.4926 ], [ -122.8534, 42.5131 ], [ -122.8425, 42.5252 ], [ -122.8127, 42.5238 ], [ -122.801, 42.5154 ], [ -122.7899, 42.5211 ], [ -122.7873, 42.517 ], [ -122.774, 42.5175 ], [ -122.7636, 42.5082 ], [ -122.7595, 42.5125 ], [ -122.7597, 42.5027 ], [ -122.7476, 42.4996 ], [ -122.7477, 42.4873 ], [ -122.7263, 42.4873 ], [ -122.7423, 42.4787 ], [ -122.7178, 42.4681 ], [ -122.7583, 42.4372 ], [ -122.7797, 42.438 ], [ -122.7823, 42.4437 ], [ -122.7679, 42.4437 ], [ -122.7674, 42.451 ], [ -122.7576, 42.451 ], [ -122.7578, 42.4783 ], [ -122.8119, 42.487 ], [ -122.8153, 42.4634 ], [ -122.8426, 42.462 ], [ -122.8756, 42.4511 ], [ -122.8746, 42.4677 ] ] ] } },
{ "type": "Feature", "properties": { "GEOIDFQ": "1400000US41029001802", "NAME": "18.02", "NAMELSAD": "Census Tract 18.02" }, "geometry": { "type": "Polygon", "coordinates": [ [ [ -122.7089, 42.216 ], [ -122.6716, 42.193 ], [ -122.6882, 42.1949 ], [ -122.6882, 42.1911 ], [ -122.7122, 42.2001 ], [ -122.7405, 42.2208 ], [ -122.7406, 42.2277 ], [ -122.7089, 42.216 ] ] ] } },
{ "type": "Feature", "properties": { "GEOIDFQ": "1400000US41029001702", "NAME": "17.02", "NAMELSAD": "Census Tract 17.02" }, "geometry": { "type": "Polygon", "coordinates": [ [ [ -122.8187, 42.2543 ], [ -122.8079, 42.2548 ], [ -122.8072, 42.2663 ], [ -122.7965, 42.2641 ], [ -122.7406, 42.2277 ], [ -122.7405, 42.2208 ], [ -122.7841, 42.2455 ], [ -122.7881, 42.2426 ], [ -122.7782, 42.234 ], [ -122.7621, 42.2286 ], [ -122.7651, 42.2245 ], [ -122.7823, 42.2299 ], [ -122.7903, 42.2152 ], [ -122.7946, 42.2255 ], [ -122.813, 42.2259 ], [ -122.8187, 42.2543 ] ] ] } },
{ "type": "Feature", "properties": { "GEOIDFQ": "1400000US41029001701", "NAME": "17.01", "NAMELSAD": "Census Tract 17.01" }, "geometry": { "type": "Polygon", "coordinates": [ [ [ -122.7841, 42.2455 ], [ -122.7289, 42.2121 ], [ -122.7427, 42.214 ], [ -122.7519, 42.2243 ], [ -122.7651, 42.2245 ], [ -122.7626, 42.2293 ], [ -122.7875, 42.2432 ], [ -122.7841, 42.2455 ] ] ] } },
{ "type": "Feature", "properties": { "GEOIDFQ": "1400000US41029000902", "NAME": "9.02", "NAMELSAD": "Census Tract 9.02" }, "geometry": { "type": "Polygon", "coordinates": [ [ [ -122.9333, 42.3894 ], [ -122.9079, 42.3626 ], [ -122.9308, 42.3626 ], [ -122.9333, 42.3894 ] ] ] } },
{ "type": "Feature", "properties": { "GEOIDFQ": "1400000US41051003401", "NAME": "34.01", "NAMELSAD": "Census Tract 34.01" }, "geometry": { "type": "Polygon", "coordinates": [ [ [ -122.675, 45.5627 ], [ -122.6614, 45.5627 ], [ -122.6615, 45.5546 ], [ -122.6755, 45.5553 ], [ -122.675, 45.5627 ] ] ] } },
{ "type": "Feature", "properties": { "GEOIDFQ": "1400000US41029002902", "NAME": "29.02", "NAMELSAD": "Census Tract 29.02" }, "geometry": { "type": "Polygon", "coordinates": [ [ [ -123.2296, 42.71 ], [ -123.2104, 42.71 ], [ -123.2099, 42.7172 ], [ -123.2004, 42.7172 ], [ -123.2004, 42.7245 ], [ -123.1905, 42.7245 ], [ -123.1905, 42.7317 ], [ -123.1806, 42.7317 ], [ -123.1805, 42.7378 ], [ -123.152, 42.7377 ], [ -123.1522, 42.7558 ], [ -123.0098, 42.7521 ], [ -123.0097, 42.7594 ], [ -122.9705, 42.7609 ], [ -122.9708, 42.7681 ], [ -122.9466, 42.7666 ], [ -122.9446, 42.761 ], [ -122.9633, 42.742 ], [ -122.9516, 42.7323 ], [ -122.9629, 42.7167 ], [ -122.9657, 42.6879 ], [ -122.9516, 42.6852 ], [ -122.9586, 42.6729 ], [ -122.9478, 42.655 ], [ -122.9528, 42.6503 ], [ -122.9475, 42.6238 ], [ -122.9573, 42.6009 ], [ -122.9744, 42.5952 ], [ -122.9761, 42.6053 ], [ -122.9906, 42.607 ], [ -123.0139, 42.5944 ], [ -123.0103, 42.5854 ], [ -123.0253, 42.5841 ], [ -123.0302, 42.5764 ], [ -123.0461, 42.5735 ], [ -123.0524, 42.5623 ], [ -123.0912, 42.5595 ], [ -123.1102, 42.5399 ], [ -123.1018, 42.5331 ], [ -123.1027, 42.5251 ], [ -123.1222, 42.5174 ], [ -123.1249, 42.4845 ], [ -123.1459, 42.4766 ], [ -123.1642, 42.4763 ], [ -123.1684, 42.446 ], [ -123.181, 42.446 ], [ -123.2104, 42.4234 ], [ -123.2293, 42.4294 ], [ -123.2296, 42.71 ] ] ] } },
{ "type": "Feature", "properties": { "GEOIDFQ": "1400000US41029002702", "NAME": "27.02", "NAMELSAD": "Census Tract 27.02" }, "geometry": { "type": "Polygon", "coordinates": [ [ [ -122.9629, 42.7167 ], [ -122.9516, 42.7323 ], [ -122.9631, 42.7427 ], [ -122.9431, 42.7633 ], [ -122.9512, 42.7676 ], [ -122.9512, 42.7748 ], [ -122.8687, 42.7745 ], [ -122.8674, 42.7592 ], [ -122.8751, 42.7512 ], [ -122.8657, 42.7466 ], [ -122.8629, 42.7296 ], [ -122.8514, 42.7299 ], [ -122.8419, 42.7212 ], [ -122.8408, 42.6748 ], [ -122.8081, 42.6478 ], [ -122.804, 42.6263 ], [ -122.8064, 42.6111 ], [ -122.8126, 42.6114 ], [ -122.819, 42.5996 ], [ -122.8165, 42.5891 ], [ -122.825, 42.5894 ], [ -122.8383, 42.6024 ], [ -122.8439, 42.5675 ], [ -122.8731, 42.5911 ], [ -122.8846, 42.5931 ], [ -122.8985, 42.6121 ], [ -122.8948, 42.6273 ], [ -122.9127, 42.6341 ], [ -122.908, 42.6175 ], [ -122.9149, 42.6139 ], [ -122.9027, 42.6028 ], [ -122.9126, 42.5953 ], [ -122.9116, 42.5855 ], [ -122.9276, 42.5761 ], [ -122.94, 42.6026 ], [ -122.9533, 42.6074 ], [ -122.9478, 42.6553 ], [ -122.9586, 42.6729 ], [ -122.9516, 42.6852 ], [ -122.9657, 42.6879 ], [ -122.9629, 42.7167 ] ] ] } },
{ "type": "Feature", "properties": { "GEOIDFQ": "1400000US41029002701", "NAME": "27.01", "NAMELSAD": "Census Tract 27.01" }, "geometry": { "type": "Polygon", "coordinates": [ [ [ -122.9269, 42.5807 ], [ -122.9116, 42.5855 ], [ -122.9126, 42.5953 ], [ -122.9027, 42.6028 ], [ -122.9149, 42.6139 ], [ -122.908, 42.6175 ], [ -122.9127, 42.6341 ], [ -122.8948, 42.6273 ], [ -122.8985, 42.6121 ], [ -122.8846, 42.5931 ], [ -122.8731, 42.5911 ], [ -122.8461, 42.5675 ], [ -122.8383, 42.6024 ], [ -122.825, 42.5894 ], [ -122.8165, 42.5891 ], [ -122.8166, 42.6052 ], [ -122.8064, 42.6111 ], [ -122.8081, 42.6478 ], [ -122.8408, 42.6748 ], [ -122.8419, 42.7212 ], [ -122.8514, 42.7299 ], [ -122.8629, 42.7296 ], [ -122.8657, 42.7466 ], [ -122.8751, 42.7512 ], [ -122.8674, 42.7592 ], [ -122.8687, 42.7745 ], [ -122.8529, 42.7746 ], [ -122.8537, 42.7818 ], [ -122.7948, 42.7782 ], [ -122.7948, 42.7927 ], [ -122.7855, 42.7927 ], [ -122.7849, 42.8068 ], [ -122.775, 42.8068 ], [ -122.7752, 42.8288 ], [ -122.7364, 42.8235 ], [ -122.7363, 42.8377 ], [ -122.7167, 42.8377 ], [ -122.7167, 42.8521 ], [ -122.697, 42.8521 ], [ -122.697, 42.8666 ], [ -122.6772, 42.8666 ], [ -122.6772, 42.8811 ], [ -122.6377, 42.8811 ], [ -122.6378, 42.897 ], [ -122.611, 42.8919 ], [ -122.6032, 42.8673 ], [ -122.6135, 42.859 ], [ -122.6177, 42.8437 ], [ -122.6311, 42.834 ], [ -122.6273, 42.817 ], [ -122.6389, 42.7908 ], [ -122.7072, 42.7486 ], [ -122.7021, 42.7424 ], [ -122.7102, 42.7386 ], [ -122.7236, 42.7094 ], [ -122.7225, 42.6898 ], [ -122.7332, 42.6865 ], [ -122.7461, 42.6662 ], [ -122.7559, 42.6621 ], [ -122.739, 42.6627 ], [ -122.7176, 42.6547 ], [ -122.6928, 42.6576 ], [ -122.6914, 42.6439 ], [ -122.6808, 42.6351 ], [ -122.6828, 42.62 ], [ -122.6881, 42.6221 ], [ -122.6875, 42.6178 ], [ -122.7083, 42.6077 ], [ -122.6981, 42.5931 ], [ -122.7083, 42.5806 ], [ -122.7047, 42.5605 ], [ -122.6983, 42.5605 ], [ -122.717, 42.5529 ], [ -122.7215, 42.546 ], [ -122.7136, 42.5393 ], [ -122.7207, 42.5401 ], [ -122.7301, 42.5283 ], [ -122.7464, 42.5274 ], [ -122.7615, 42.5186 ], [ -122.7636, 42.5082 ], [ -122.774, 42.5175 ], [ -122.7913, 42.5211 ], [ -122.8011, 42.5154 ], [ -122.8127, 42.5238 ], [ -122.9055, 42.5215 ], [ -122.9269, 42.5807 ] ] ] } },
{ "type": "Feature", "properties": { "GEOIDFQ": "1400000US41051003000", "NAME": "30", "NAMELSAD": "Census Tract 30" }, "geometry": { "type": "Polygon", "coordinates": [ [ [ -122.6307, 45.5627 ], [ -122.6204, 45.5628 ], [ -122.6151, 45.5483 ], [ -122.6307, 45.5489 ], [ -122.6307, 45.5627 ] ] ] } },
{ "type": "Feature", "properties": { "GEOIDFQ": "1400000US41051003100", "NAME": "31", "NAMELSAD": "Census Tract 31" }, "geometry": { "type": "Polygon", "coordinates": [ [ [ -122.6409, 45.5627 ], [ -122.6307, 45.5627 ], [ -122.6307, 45.5483 ], [ -122.6411, 45.5494 ], [ -122.6409, 45.5627 ] ] ] } },
{ "type": "Feature", "properties": { "GEOIDFQ": "1400000US41051003200", "NAME": "32", "NAMELSAD": "Census Tract 32" }, "geometry": { "type": "Polygon", "coordinates": [ [ [ -122.6497, 45.5627 ], [ -122.6409, 45.5627 ], [ -122.639, 45.5498 ], [ -122.6504, 45.5495 ], [ -122.6497, 45.5627 ] ] ] } },
{ "type": "Feature", "properties": { "GEOIDFQ": "1400000US41051003302", "NAME": "33.02", "NAMELSAD": "Census Tract 33.02" }, "geometry": { "type": "Polygon", "coordinates": [ [ [ -122.6615, 45.5555 ], [ -122.6499, 45.5555 ], [ -122.6504, 45.5482 ], [ -122.6616, 45.5495 ], [ -122.6615, 45.5555 ] ] ] } },
{ "type": "Feature", "properties": { "GEOIDFQ": "1400000US41067032800", "NAME": "328", "NAMELSAD": "Census Tract 328" }, "geometry": { "type": "Polygon", "coordinates": [ [ [ -123.1144, 45.6092 ], [ -123.0656, 45.6161 ], [ -122.9845, 45.586 ], [ -122.9929, 45.558 ], [ -123.0073, 45.5474 ], [ -122.9997, 45.5373 ], [ -123.0085, 45.5219 ], [ -123.0168, 45.524 ], [ -123.0238, 45.5369 ], [ -123.035, 45.5347 ], [ -123.037, 45.5402 ], [ -123.0447, 45.5403 ], [ -123.044, 45.5463 ], [ -123.0518, 45.5455 ], [ -123.0628, 45.5549 ], [ -123.0641, 45.5514 ], [ -123.1061, 45.5478 ], [ -123.1144, 45.6092 ] ] ] } },
{ "type": "Feature", "properties": { "GEOIDFQ": "1400000US41067031617", "NAME": "316.17", "NAMELSAD": "Census Tract 316.17" }, "geometry": { "type": "Polygon", "coordinates": [ [ [ -122.8676, 45.542 ], [ -122.8675, 45.5381 ], [ -122.8743, 45.5406 ], [ -122.8777, 45.5347 ], [ -122.9002, 45.5396 ], [ -122.9008, 45.5546 ], [ -122.8676, 45.542 ] ] ] } },
{ "type": "Feature", "properties": { "GEOIDFQ": "1400000US41065970100", "NAME": "9701", "NAMELSAD": "Census Tract 9701" }, "geometry": { "type": "Polygon", "coordinates": [ [ [ -121.1669, 45.5909 ], [ -121.1705, 45.6062 ], [ -121.1318, 45.6098 ], [ -121.1239, 45.6151 ], [ -121.1268, 45.6066 ], [ -121.1069, 45.6089 ], [ -121.1215, 45.5881 ], [ -121.1076, 45.5789 ], [ -121.1292, 45.5856 ], [ -121.1318, 45.5927 ], [ -121.1376, 45.5927 ], [ -121.1423, 45.5832 ], [ -121.1449, 45.5867 ], [ -121.1728, 45.5803 ], [ -121.1793, 45.5843 ], [ -121.1669, 45.5909 ] ] ] } },
{ "type": "Feature", "properties": { "GEOIDFQ": "1400000US41065970700", "NAME": "9707", "NAMELSAD": "Census Tract 9707" }, "geometry": { "type": "Polygon", "coordinates": [ [ [ -121.4406, 45.5194 ], [ -121.4406, 45.5328 ], [ -121.4301, 45.5248 ], [ -121.4094, 45.5408 ], [ -121.3722, 45.5554 ], [ -121.3459, 45.5787 ], [ -121.3414, 45.6036 ], [ -121.316, 45.614 ], [ -121.264, 45.6121 ], [ -121.2661, 45.6044 ], [ -121.2504, 45.6133 ], [ -121.2355, 45.6122 ], [ -121.2337, 45.6034 ], [ -121.2267, 45.6007 ], [ -121.221, 45.6055 ], [ -121.2167, 45.6004 ], [ -121.2276, 45.595 ], [ -121.2282, 45.5812 ], [ -121.207, 45.5947 ], [ -121.1994, 45.5767 ], [ -121.1927, 45.5759 ], [ -121.1792, 45.584 ], [ -121.1728, 45.5803 ], [ -121.1449, 45.5867 ], [ -121.1423, 45.5832 ], [ -121.1376, 45.5927 ], [ -121.1211, 45.5816 ], [ -121.1076, 45.5789 ], [ -121.1215, 45.5881 ], [ -121.1111, 45.5982 ], [ -121.1116, 45.6078 ], [ -121.0822, 45.6066 ], [ -121.0756, 45.601 ], [ -121.0794, 45.5927 ], [ -121.0519, 45.5712 ], [ -121.0746, 45.5391 ], [ -121.2007, 45.4666 ], [ -121.2518, 45.4615 ], [ -121.3281, 45.4358 ], [ -121.4054, 45.4272 ], [ -121.4358, 45.4176 ], [ -121.4504, 45.407 ], [ -121.4818, 45.4036 ], [ -121.4822, 45.5196 ], [ -121.4406, 45.5194 ] ] ] } },
{ "type": "Feature", "properties": { "GEOIDFQ": "1400000US41005022108", "NAME": "221.08", "NAMELSAD": "Census Tract 221.08" }, "geometry": { "type": "Polygon", "coordinates": [ [ [ -122.5712, 45.4225 ], [ -122.5586, 45.4076 ], [ -122.5175, 45.4101 ], [ -122.5246, 45.3949 ], [ -122.5377, 45.3924 ], [ -122.5544, 45.4002 ], [ -122.5733, 45.3895 ], [ -122.5763, 45.3792 ], [ -122.5808, 45.3808 ], [ -122.5712, 45.4225 ] ] ] } },
{ "type": "Feature", "properties": { "GEOIDFQ": "1400000US41047000600", "NAME": "6", "NAMELSAD": "Census Tract 6" }, "geometry": { "type": "Polygon", "coordinates": [ [ [ -123.0178, 44.9534 ], [ -123.0031, 44.954 ], [ -123.0074, 44.94 ], [ -123.0255, 44.9403 ], [ -123.0178, 44.9534 ] ] ] } },
{ "type": "Feature", "properties": { "GEOIDFQ": "1400000US41005023901", "NAME": "239.01", "NAMELSAD": "Census Tract 239.01" }, "geometry": { "type": "Polygon", "coordinates": [ [ [ -122.5902, 45.1822 ], [ -122.5865, 45.1818 ], [ -122.5733, 45.1658 ], [ -122.5771, 45.1475 ], [ -122.6064, 45.1507 ], [ -122.5902, 45.1822 ] ] ] } },
{ "type": "Feature", "properties": { "GEOIDFQ": "1400000US41005023403", "NAME": "234.03", "NAMELSAD": "Census Tract 234.03" }, "geometry": { "type": "Polygon", "coordinates": [ [ [ -122.2912, 45.3983 ], [ -122.2649, 45.3897 ], [ -122.25, 45.3917 ], [ -122.25, 45.3956 ], [ -122.2361, 45.3893 ], [ -122.2247, 45.3749 ], [ -122.2858, 45.375 ], [ -122.2912, 45.3983 ] ] ] } },
{ "type": "Feature", "properties": { "GEOIDFQ": "1400000US41005023404", "NAME": "234.04", "NAMELSAD": "Census Tract 234.04" }, "geometry": { "type": "Polygon", "coordinates": [ [ [ -122.2909, 45.4184 ], [ -122.2907, 45.4292 ], [ -122.2759, 45.4277 ], [ -122.2557, 45.4353 ], [ -122.2687, 45.4105 ], [ -122.2437, 45.4142 ], [ -122.2354, 45.4075 ], [ -122.2432, 45.4062 ], [ -122.245, 45.3957 ], [ -122.2555, 45.397 ], [ -122.25, 45.3917 ], [ -122.2652, 45.3897 ], [ -122.2652, 45.3932 ], [ -122.2912, 45.3983 ], [ -122.291, 45.4049 ], [ -122.3085, 45.4184 ], [ -122.2909, 45.4184 ] ] ] } },
{ "type": "Feature", "properties": { "GEOIDFQ": "1400000US41005023902", "NAME": "239.02", "NAMELSAD": "Census Tract 239.02" }, "geometry": { "type": "Polygon", "coordinates": [ [ [ -122.6064, 45.1507 ], [ -122.5771, 45.1475 ], [ -122.5733, 45.1658 ], [ -122.5902, 45.1822 ], [ -122.5779, 45.2006 ], [ -122.5783, 45.1938 ], [ -122.5607, 45.1888 ], [ -122.5509, 45.1746 ], [ -122.5347, 45.1674 ], [ -122.5406, 45.1492 ], [ -122.5339, 45.1391 ], [ -122.5399, 45.1271 ], [ -122.5353, 45.1202 ], [ -122.5414, 45.1198 ], [ -122.5433, 45.133 ], [ -122.5589, 45.1288 ], [ -122.5589, 45.1144 ], [ -122.5996, 45.1144 ], [ -122.5997, 45.118 ], [ -122.6199, 45.1181 ], [ -122.6227, 45.1246 ], [ -122.6064, 45.1507 ] ] ] } },
{ "type": "Feature", "properties": { "GEOIDFQ": "1400000US41005024303", "NAME": "243.03", "NAMELSAD": "Census Tract 243.03" }, "geometry": { "type": "Polygon", "coordinates": [ [ [ -122.011, 45.3794 ], [ -121.9511, 45.3488 ], [ -121.9364, 45.3593 ], [ -121.9518, 45.3345 ], [ -121.9514, 45.323 ], [ -121.9586, 45.3226 ], [ -121.9834, 45.3487 ], [ -121.9976, 45.3489 ], [ -122.007, 45.3626 ], [ -122.0176, 45.3608 ], [ -122.0213, 45.3732 ], [ -122.0348, 45.3793 ], [ -122.011, 45.3794 ] ] ] } },
{ "type": "Feature", "properties": { "GEOIDFQ": "1400000US41005024304", "NAME": "243.04", "NAMELSAD": "Census Tract 243.04" }, "geometry": { "type": "Polygon", "coordinates": [ [ [ -122.2602, 45.4194 ], [ -122.2564, 45.443 ], [ -122.2428, 45.4527 ], [ -122.2607, 45.4561 ], [ -122.2639, 45.4614 ], [ -121.8196, 45.4617 ], [ -121.8068, 45.4546 ], [ -121.8069, 45.4353 ], [ -121.7763, 45.4028 ], [ -121.7242, 45.3936 ], [ -121.6969, 45.3736 ], [ -121.7033, 45.3313 ], [ -121.6791, 45.2972 ], [ -121.6967, 45.2558 ], [ -121.6809, 45.2506 ], [ -121.6827, 45.2286 ], [ -121.6984, 45.2264 ], [ -121.7007, 45.2408 ], [ -121.7128, 45.2278 ], [ -121.7397, 45.2185 ], [ -121.7473, 45.2211 ], [ -121.7854, 45.2146 ], [ -121.796, 45.2229 ], [ -121.8246, 45.2265 ], [ -121.8601, 45.2209 ], [ -121.9226, 45.2661 ], [ -121.9418, 45.2741 ], [ -121.9397, 45.3015 ], [ -121.9564, 45.3216 ], [ -121.9364, 45.3593 ], [ -121.9511, 45.3488 ], [ -122.0113, 45.3795 ], [ -122.0329, 45.3785 ], [ -122.0496, 45.386 ], [ -122.0769, 45.3776 ], [ -122.1064, 45.3826 ], [ -122.1326, 45.3794 ], [ -122.1268, 45.3965 ], [ -122.1322, 45.3998 ], [ -122.1598, 45.3936 ], [ -122.174, 45.4018 ], [ -122.1866, 45.4022 ], [ -122.2043, 45.3938 ], [ -122.2328, 45.4036 ], [ -122.2437, 45.4142 ], [ -122.2692, 45.4114 ], [ -122.2602, 45.4194 ] ] ] } },
{ "type": "Feature", "properties": { "GEOIDFQ": "1400000US41067032109", "NAME": "321.09", "NAMELSAD": "Census Tract 321.09" }, "geometry": { "type": "Polygon", "coordinates": [ [ [ -122.7878, 45.3689 ], [ -122.781, 45.3675 ], [ -122.7769, 45.3604 ], [ -122.7843, 45.3518 ], [ -122.794, 45.3481 ], [ -122.7878, 45.3689 ] ] ] } },
{ "type": "Feature", "properties": { "GEOIDFQ": "1400000US41067032004", "NAME": "320.04", "NAMELSAD": "Census Tract 320.04" }, "geometry": { "type": "Polygon", "coordinates": [ [ [ -122.7748, 45.3753 ], [ -122.7439, 45.3755 ], [ -122.7548, 45.368 ], [ -122.7748, 45.3753 ] ] ] } },
{ "type": "Feature", "properties": { "GEOIDFQ": "1400000US41029000502", "NAME": "5.02", "NAMELSAD": "Census Tract 5.02" }, "geometry": { "type": "Polygon", "coordinates": [ [ [ -122.8458, 42.342 ], [ -122.8458, 42.3311 ], [ -122.8703, 42.3311 ], [ -122.8736, 42.3411 ], [ -122.8458, 42.342 ] ] ] } },
{ "type": "Feature", "properties": { "GEOIDFQ": "1400000US41029001002", "NAME": "10.02", "NAMELSAD": "Census Tract 10.02" }, "geometry": { "type": "Polygon", "coordinates": [ [ [ -122.9372, 42.4033 ], [ -122.9041, 42.3787 ], [ -122.9179, 42.3738 ], [ -122.9428, 42.4061 ], [ -122.9372, 42.4033 ] ] ] } },
{ "type": "Feature", "properties": { "GEOIDFQ": "1400000US41029000403", "NAME": "4.03", "NAMELSAD": "Census Tract 4.03" }, "geometry": { "type": "Polygon", "coordinates": [ [ [ -122.8231, 42.3455 ], [ -122.8231, 42.331 ], [ -122.8458, 42.3311 ], [ -122.8458, 42.3432 ], [ -122.8231, 42.3455 ] ] ] } },
{ "type": "Feature", "properties": { "GEOIDFQ": "1400000US41029000405", "NAME": "4.05", "NAMELSAD": "Census Tract 4.05" }, "geometry": { "type": "Polygon", "coordinates": [ [ [ -122.8458, 42.3511 ], [ -122.8458, 42.342 ], [ -122.8728, 42.3411 ], [ -122.8744, 42.3468 ], [ -122.8458, 42.3511 ] ] ] } },
{ "type": "Feature", "properties": { "GEOIDFQ": "1400000US41067032003", "NAME": "320.03", "NAMELSAD": "Census Tract 320.03" }, "geometry": { "type": "Polygon", "coordinates": [ [ [ -122.7763, 45.3868 ], [ -122.759, 45.3848 ], [ -122.7606, 45.3754 ], [ -122.7748, 45.3753 ], [ -122.7748, 45.3717 ], [ -122.8091, 45.369 ], [ -122.8116, 45.3749 ], [ -122.7763, 45.3868 ] ] ] } },
{ "type": "Feature", "properties": { "GEOIDFQ": "1400000US41053005100", "NAME": "51", "NAMELSAD": "Census Tract 51" }, "geometry": { "type": "Polygon", "coordinates": [ [ [ -123.0514, 44.9496 ], [ -123.0421, 44.9471 ], [ -123.0619, 44.9389 ], [ -123.0671, 44.9429 ], [ -123.0514, 44.9496 ] ] ] } },
{ "type": "Feature", "properties": { "GEOIDFQ": "1400000US41067030103", "NAME": "301.03", "NAMELSAD": "Census Tract 301.03" }, "geometry": { "type": "Polygon", "coordinates": [ [ [ -122.7696, 45.5195 ], [ -122.7439, 45.5195 ], [ -122.7438, 45.5079 ], [ -122.7781, 45.5085 ], [ -122.7696, 45.5195 ] ] ] } },
{ "type": "Feature", "properties": { "GEOIDFQ": "1400000US41067032611", "NAME": "326.11", "NAMELSAD": "Census Tract 326.11" }, "geometry": { "type": "Polygon", "coordinates": [ [ [ -122.9209, 45.5339 ], [ -122.912, 45.5343 ], [ -122.9119, 45.5302 ], [ -122.9243, 45.5305 ], [ -122.9209, 45.5339 ] ] ] } },
{ "type": "Feature", "properties": { "GEOIDFQ": "1400000US41067030105", "NAME": "301.05", "NAMELSAD": "Census Tract 301.05" }, "geometry": { "type": "Polygon", "coordinates": [ [ [ -122.7992, 45.5269 ], [ -122.7928, 45.5264 ], [ -122.7938, 45.5141 ], [ -122.8075, 45.5193 ], [ -122.7992, 45.5269 ] ] ] } },
{ "type": "Feature", "properties": { "GEOIDFQ": "1400000US41067032412", "NAME": "324.12", "NAMELSAD": "Census Tract 324.12" }, "geometry": { "type": "Polygon", "coordinates": [ [ [ -122.9226, 45.5077 ], [ -122.9226, 45.5024 ], [ -122.9021, 45.5006 ], [ -122.9022, 45.4973 ], [ -122.9483, 45.5053 ], [ -122.9226, 45.5077 ] ] ] } },
{ "type": "Feature", "properties": { "GEOIDFQ": "1400000US41067031819", "NAME": "318.19", "NAMELSAD": "Census Tract 318.19" }, "geometry": { "type": "Polygon", "coordinates": [ [ [ -122.8315, 45.4353 ], [ -122.8273, 45.4293 ], [ -122.8359, 45.4265 ], [ -122.8462, 45.4277 ], [ -122.8315, 45.4353 ] ] ] } },
{ "type": "Feature", "properties": { "GEOIDFQ": "1400000US41067031626", "NAME": "316.26", "NAMELSAD": "Census Tract 316.26" }, "geometry": { "type": "Polygon", "coordinates": [ [ [ -122.8876, 45.5381 ], [ -122.8675, 45.5277 ], [ -122.8675, 45.5164 ], [ -122.8891, 45.5268 ], [ -122.8876, 45.5381 ] ] ] } },
{ "type": "Feature", "properties": { "GEOIDFQ": "1400000US41067032111", "NAME": "321.11", "NAMELSAD": "Census Tract 321.11" }, "geometry": { "type": "Polygon", "coordinates": [ [ [ -122.8768, 45.3357 ], [ -122.8676, 45.3532 ], [ -122.8414, 45.3497 ], [ -122.8465, 45.3172 ], [ -122.9049, 45.3175 ], [ -122.8768, 45.3357 ] ] ] } },
{ "type": "Feature", "properties": { "GEOIDFQ": "1400000US41067032201", "NAME": "322.01", "NAMELSAD": "Census Tract 322.01" }, "geometry": { "type": "Polygon", "coordinates": [ [ [ -122.8678, 45.3587 ], [ -122.8678, 45.3821 ], [ -122.8563, 45.3812 ], [ -122.8519, 45.3883 ], [ -122.8422, 45.3892 ], [ -122.8283, 45.3845 ], [ -122.8676, 45.3532 ], [ -122.8746, 45.3533 ], [ -122.8678, 45.3587 ] ] ] } },
{ "type": "Feature", "properties": { "GEOIDFQ": "1400000US41067032904", "NAME": "329.04", "NAMELSAD": "Census Tract 329.04" }, "geometry": { "type": "Polygon", "coordinates": [ [ [ -123.0595, 45.5201 ], [ -123.0109, 45.52 ], [ -123.0054, 45.507 ], [ -122.9946, 45.502 ], [ -123.0214, 45.4911 ], [ -123.0375, 45.4947 ], [ -123.0355, 45.5062 ], [ -123.0476, 45.5064 ], [ -123.0446, 45.51 ], [ -123.0518, 45.5126 ], [ -123.0595, 45.5023 ], [ -123.0595, 45.5201 ] ] ] } },
{ "type": "Feature", "properties": { "GEOIDFQ": "1400000US41067031519", "NAME": "315.19", "NAMELSAD": "Census Tract 315.19" }, "geometry": { "type": "Polygon", "coordinates": [ [ [ -122.8368, 45.5559 ], [ -122.7961, 45.5557 ], [ -122.7923, 45.5498 ], [ -122.8153, 45.5486 ], [ -122.825, 45.5426 ], [ -122.8386, 45.5445 ], [ -122.8368, 45.5559 ] ] ] } },
{ "type": "Feature", "properties": { "GEOIDFQ": "1400000US41067031515", "NAME": "315.15", "NAMELSAD": "Census Tract 315.15" }, "geometry": { "type": "Polygon", "coordinates": [ [ [ -122.8106, 45.5484 ], [ -122.7848, 45.5484 ], [ -122.7889, 45.5404 ], [ -122.7995, 45.5385 ], [ -122.7996, 45.531 ], [ -122.8121, 45.5369 ], [ -122.8106, 45.5484 ] ] ] } },
{ "type": "Feature", "properties": { "GEOIDFQ": "1400000US41067032414", "NAME": "324.14", "NAMELSAD": "Census Tract 324.14" }, "geometry": { "type": "Polygon", "coordinates": [ [ [ -122.9147, 45.5304 ], [ -122.9146, 45.5204 ], [ -122.9331, 45.5199 ], [ -122.9365, 45.5277 ], [ -122.9147, 45.5304 ] ] ] } },
{ "type": "Feature", "properties": { "GEOIDFQ": "1400000US41067031625", "NAME": "316.25", "NAMELSAD": "Census Tract 316.25" }, "geometry": { "type": "Polygon", "coordinates": [ [ [ -122.8876, 45.5381 ], [ -122.8876, 45.5229 ], [ -122.8998, 45.5268 ], [ -122.9003, 45.5379 ], [ -122.8876, 45.5381 ] ] ] } },
{ "type": "Feature", "properties": { "GEOIDFQ": "1400000US41067032413", "NAME": "324.13", "NAMELSAD": "Census Tract 324.13" }, "geometry": { "type": "Polygon", "coordinates": [ [ [ -122.8998, 45.5268 ], [ -122.901, 45.5153 ], [ -122.9146, 45.5204 ], [ -122.9148, 45.5293 ], [ -122.8998, 45.5268 ] ] ] } },
{ "type": "Feature", "properties": { "GEOIDFQ": "1400000US41067031520", "NAME": "315.20", "NAMELSAD": "Census Tract 315.20" }, "geometry": { "type": "Polygon", "coordinates": [ [ [ -122.836, 45.5665 ], [ -122.829, 45.568 ], [ -122.8262, 45.563 ], [ -122.8055, 45.5629 ], [ -122.8057, 45.5547 ], [ -122.8368, 45.5559 ], [ -122.836, 45.5665 ] ] ] } },
{ "type": "Feature", "properties": { "GEOIDFQ": "1400000US41067031624", "NAME": "316.24", "NAMELSAD": "Census Tract 316.24" }, "geometry": { "type": "Polygon", "coordinates": [ [ [ -122.8674, 45.5074 ], [ -122.8519, 45.5036 ], [ -122.852, 45.4921 ], [ -122.8672, 45.4936 ], [ -122.8674, 45.5074 ] ] ] } },
{ "type": "Feature", "properties": { "GEOIDFQ": "1400000US41067031302", "NAME": "313.02", "NAMELSAD": "Census Tract 313.02" }, "geometry": { "type": "Polygon", "coordinates": [ [ [ -122.8059, 45.5014 ], [ -122.7905, 45.4987 ], [ -122.7928, 45.4865 ], [ -122.8108, 45.489 ], [ -122.8059, 45.5014 ] ] ] } },
{ "type": "Feature", "properties": { "GEOIDFQ": "1400000US41067031914", "NAME": "319.14", "NAMELSAD": "Census Tract 319.14" }, "geometry": { "type": "Polygon", "coordinates": [ [ [ -122.8009, 45.4095 ], [ -122.7935, 45.4115 ], [ -122.7989, 45.3942 ], [ -122.8075, 45.3895 ], [ -122.8119, 45.4034 ], [ -122.8009, 45.4095 ] ] ] } },
{ "type": "Feature", "properties": { "GEOIDFQ": "1400000US41067031817", "NAME": "318.17", "NAMELSAD": "Census Tract 318.17" }, "geometry": { "type": "Polygon", "coordinates": [ [ [ -122.8675, 45.4672 ], [ -122.8518, 45.4669 ], [ -122.8568, 45.4512 ], [ -122.8727, 45.4535 ], [ -122.8675, 45.4672 ] ] ] } },
{ "type": "Feature", "properties": { "GEOIDFQ": "1400000US41067032202", "NAME": "322.02", "NAMELSAD": "Census Tract 322.02" }, "geometry": { "type": "Polygon", "coordinates": [ [ [ -122.9957, 45.3911 ], [ -123.0003, 45.3948 ], [ -122.9915, 45.4019 ], [ -122.9913, 45.4187 ], [ -122.9608, 45.4185 ], [ -122.9536, 45.4331 ], [ -122.939, 45.4183 ], [ -122.9402, 45.4093 ], [ -122.9238, 45.4063 ], [ -122.9281, 45.4132 ], [ -122.9211, 45.415 ], [ -122.9079, 45.4075 ], [ -122.8972, 45.409 ], [ -122.8927, 45.4013 ], [ -122.9053, 45.4007 ], [ -122.8992, 45.3937 ], [ -122.8937, 45.3961 ], [ -122.8997, 45.3982 ], [ -122.8905, 45.396 ], [ -122.8662, 45.408 ], [ -122.8657, 45.4023 ], [ -122.8577, 45.4002 ], [ -122.868, 45.3959 ], [ -122.8586, 45.3921 ], [ -122.867, 45.3866 ], [ -122.8519, 45.3883 ], [ -122.8563, 45.3812 ], [ -122.8678, 45.3821 ], [ -122.8678, 45.3587 ], [ -122.8747, 45.3587 ], [ -122.8746, 45.3533 ], [ -122.8676, 45.3532 ], [ -122.8763, 45.3363 ], [ -122.9049, 45.3175 ], [ -122.9088, 45.3462 ], [ -122.9702, 45.3465 ], [ -122.9703, 45.3608 ], [ -122.9914, 45.3611 ], [ -122.9914, 45.3755 ], [ -123.0117, 45.3773 ], [ -122.9957, 45.3911 ] ] ] } },
{ "type": "Feature", "properties": { "GEOIDFQ": "1400000US41067030104", "NAME": "301.04", "NAMELSAD": "Census Tract 301.04" }, "geometry": { "type": "Polygon", "coordinates": [ [ [ -122.7928, 45.5264 ], [ -122.7696, 45.5208 ], [ -122.7781, 45.5084 ], [ -122.7938, 45.5142 ], [ -122.7928, 45.5264 ] ] ] } },
{ "type": "Feature", "properties": { "GEOIDFQ": "1400000US41067031916", "NAME": "319.16", "NAMELSAD": "Census Tract 319.16" }, "geometry": { "type": "Polygon", "coordinates": [ [ [ -122.8259, 45.4156 ], [ -122.7914, 45.4147 ], [ -122.8187, 45.4034 ], [ -122.8259, 45.4156 ] ] ] } },
{ "type": "Feature", "properties": { "GEOIDFQ": "1400000US41067031517", "NAME": "315.17", "NAMELSAD": "Census Tract 315.17" }, "geometry": { "type": "Polygon", "coordinates": [ [ [ -122.8523, 45.544 ], [ -122.8424, 45.5475 ], [ -122.8387, 45.5443 ], [ -122.8423, 45.5324 ], [ -122.856, 45.5377 ], [ -122.8523, 45.544 ] ] ] } },
{ "type": "Feature", "properties": { "GEOIDFQ": "1400000US41067033202", "NAME": "332.02", "NAMELSAD": "Census Tract 332.02" }, "geometry": { "type": "Polygon", "coordinates": [ [ [ -123.1061, 45.5478 ], [ -123.0735, 45.5515 ], [ -123.0841, 45.5239 ], [ -123.1121, 45.5199 ], [ -123.1061, 45.5478 ] ] ] } },
{ "type": "Feature", "properties": { "GEOIDFQ": "1400000US41067031009", "NAME": "310.09", "NAMELSAD": "Census Tract 310.09" }, "geometry": { "type": "Polygon", "coordinates": [ [ [ -122.808, 45.4602 ], [ -122.8106, 45.4476 ], [ -122.8188, 45.4473 ], [ -122.826, 45.4382 ], [ -122.826, 45.453 ], [ -122.808, 45.4602 ] ] ] } },
{ "type": "Feature", "properties": { "GEOIDFQ": "1400000US41067031518", "NAME": "315.18", "NAMELSAD": "Census Tract 315.18" }, "geometry": { "type": "Polygon", "coordinates": [ [ [ -122.848, 45.5517 ], [ -122.8427, 45.5453 ], [ -122.8556, 45.5414 ], [ -122.8574, 45.5549 ], [ -122.848, 45.5517 ] ] ] } },
{ "type": "Feature", "properties": { "GEOIDFQ": "1400000US41067031623", "NAME": "316.23", "NAMELSAD": "Census Tract 316.23" }, "geometry": { "type": "Polygon", "coordinates": [ [ [ -122.852, 45.5125 ], [ -122.8394, 45.5126 ], [ -122.8396, 45.5167 ], [ -122.8305, 45.5142 ], [ -122.8386, 45.4907 ], [ -122.8525, 45.4949 ], [ -122.852, 45.5125 ] ] ] } },
{ "type": "Feature", "properties": { "GEOIDFQ": "1400000US41039004300", "NAME": "43", "NAMELSAD": "Census Tract 43" }, "geometry": { "type": "Polygon", "coordinates": [ [ [ -123.1539, 44.0742 ], [ -123.1496, 44.0799 ], [ -123.1314, 44.0604 ], [ -123.1299, 44.0479 ], [ -123.1729, 44.0481 ], [ -123.1736, 44.07 ], [ -123.1539, 44.0742 ] ] ] } },
{ "type": "Feature", "properties": { "GEOIDFQ": "1400000US41039002903", "NAME": "29.03", "NAMELSAD": "Census Tract 29.03" }, "geometry": { "type": "Polygon", "coordinates": [ [ [ -123.0993, 44.0914 ], [ -123.0882, 44.0889 ], [ -123.0889, 44.0776 ], [ -123.1056, 44.0767 ], [ -123.0993, 44.0914 ] ] ] } },
{ "type": "Feature", "properties": { "GEOIDFQ": "1400000US41039002302", "NAME": "23.02", "NAMELSAD": "Census Tract 23.02" }, "geometry": { "type": "Polygon", "coordinates": [ [ [ -123.1263, 44.1315 ], [ -123.1261, 44.1424 ], [ -123.1196, 44.1424 ], [ -123.1203, 44.1337 ], [ -123.1113, 44.1277 ], [ -123.1146, 44.1205 ], [ -123.107, 44.1144 ], [ -123.1368, 44.1156 ], [ -123.1447, 44.1324 ], [ -123.1263, 44.1315 ] ] ] } },
{ "type": "Feature", "properties": { "GEOIDFQ": "1400000US41039000705", "NAME": "7.05", "NAMELSAD": "Census Tract 7.05" }, "geometry": { "type": "Polygon", "coordinates": [ [ [ -124.1192, 43.9984 ], [ -124.1014, 43.9969 ], [ -124.1086, 43.9641 ], [ -124.1227, 43.9723 ], [ -124.1192, 43.9984 ] ] ] } },
{ "type": "Feature", "properties": { "GEOIDFQ": "1400000US41067032700", "NAME": "327", "NAMELSAD": "Census Tract 327" }, "geometry": { "type": "Polygon", "coordinates": [ [ [ -123.1221, 45.7802 ], [ -123.0309, 45.7792 ], [ -123.0318, 45.7514 ], [ -122.9903, 45.7508 ], [ -122.9904, 45.7365 ], [ -122.9289, 45.7357 ], [ -122.9291, 45.6353 ], [ -122.9091, 45.6352 ], [ -122.909, 45.6208 ], [ -122.8878, 45.6205 ], [ -122.888, 45.6064 ], [ -122.8683, 45.6062 ], [ -122.9081, 45.5936 ], [ -122.894, 45.5663 ], [ -122.9008, 45.5546 ], [ -123.0442, 45.6084 ], [ -123.0285, 45.6232 ], [ -123.0338, 45.6329 ], [ -123.0442, 45.6355 ], [ -123.0525, 45.6621 ], [ -123.0682, 45.6776 ], [ -123.0627, 45.7123 ], [ -123.0918, 45.7457 ], [ -123.1185, 45.7515 ], [ -123.1275, 45.7694 ], [ -123.1221, 45.7802 ] ] ] } },
{ "type": "Feature", "properties": { "GEOIDFQ": "1400000US41067031615", "NAME": "316.15", "NAMELSAD": "Census Tract 316.15" }, "geometry": { "type": "Polygon", "coordinates": [ [ [ -122.902, 45.5073 ], [ -122.8806, 45.5078 ], [ -122.8811, 45.4952 ], [ -122.9022, 45.4975 ], [ -122.902, 45.5073 ] ] ] } },
{ "type": "Feature", "properties": { "GEOIDFQ": "1400000US41067032610", "NAME": "326.10", "NAMELSAD": "Census Tract 326.10" }, "geometry": { "type": "Polygon", "coordinates": [ [ [ -122.9735, 45.5441 ], [ -122.957, 45.5367 ], [ -122.9796, 45.5366 ], [ -122.9735, 45.5441 ] ] ] } },
{ "type": "Feature", "properties": { "GEOIDFQ": "1400000US41067032107", "NAME": "321.07", "NAMELSAD": "Census Tract 321.07" }, "geometry": { "type": "Polygon", "coordinates": [ [ [ -122.8163, 45.3683 ], [ -122.7707, 45.3717 ], [ -122.7746, 45.3608 ], [ -122.7878, 45.3689 ], [ -122.794, 45.3481 ], [ -122.8003, 45.351 ], [ -122.8027, 45.3455 ], [ -122.8238, 45.3612 ], [ -122.8163, 45.3683 ] ] ] } },
{ "type": "Feature", "properties": { "GEOIDFQ": "1400000US41067032001", "NAME": "320.01", "NAMELSAD": "Census Tract 320.01" }, "geometry": { "type": "Polygon", "coordinates": [ [ [ -122.8372, 45.3965 ], [ -122.8224, 45.3959 ], [ -122.8096, 45.3893 ], [ -122.7824, 45.3987 ], [ -122.7668, 45.3928 ], [ -122.7628, 45.3984 ], [ -122.7525, 45.4022 ], [ -122.7585, 45.3849 ], [ -122.7763, 45.3868 ], [ -122.8116, 45.3749 ], [ -122.8171, 45.3843 ], [ -122.8267, 45.3816 ], [ -122.8357, 45.395 ], [ -122.8406, 45.3939 ], [ -122.8372, 45.3965 ] ] ] } },
{ "type": "Feature", "properties": { "GEOIDFQ": "1400000US41067032502", "NAME": "325.02", "NAMELSAD": "Census Tract 325.02" }, "geometry": { "type": "Polygon", "coordinates": [ [ [ -122.9766, 45.513 ], [ -122.9611, 45.5067 ], [ -122.9703, 45.4891 ], [ -122.9822, 45.4849 ], [ -122.9875, 45.4888 ], [ -122.9766, 45.513 ] ] ] } },
{ "type": "Feature", "properties": { "GEOIDFQ": "1400000US41067032501", "NAME": "325.01", "NAMELSAD": "Census Tract 325.01" }, "geometry": { "type": "Polygon", "coordinates": [ [ [ -122.9739, 45.5213 ], [ -122.9715, 45.5108 ], [ -122.9766, 45.513 ], [ -122.9817, 45.508 ], [ -122.9827, 45.4983 ], [ -123.0049, 45.5065 ], [ -123.0118, 45.5206 ], [ -122.9739, 45.5213 ] ] ] } },
{ "type": "Feature", "properties": { "GEOIDFQ": "1400000US41067033302", "NAME": "333.02", "NAMELSAD": "Census Tract 333.02" }, "geometry": { "type": "Polygon", "coordinates": [ [ [ -123.2334, 45.6094 ], [ -123.2162, 45.6205 ], [ -123.1144, 45.6092 ], [ -123.1061, 45.5451 ], [ -123.1072, 45.539 ], [ -123.1326, 45.5393 ], [ -123.1211, 45.5199 ], [ -123.1416, 45.5116 ], [ -123.1582, 45.5166 ], [ -123.172, 45.5308 ], [ -123.1683, 45.5416 ], [ -123.2134, 45.5849 ], [ -123.2183, 45.5969 ], [ -123.2448, 45.6131 ], [ -123.2334, 45.6094 ] ] ] } },
{ "type": "Feature", "properties": { "GEOIDFQ": "1400000US41067032407", "NAME": "324.07", "NAMELSAD": "Census Tract 324.07" }, "geometry": { "type": "Polygon", "coordinates": [ [ [ -122.9331, 45.5199 ], [ -122.9133, 45.5205 ], [ -122.901, 45.5153 ], [ -122.9226, 45.5123 ], [ -122.9226, 45.5077 ], [ -122.9343, 45.51 ], [ -122.9331, 45.5199 ] ] ] } },
{ "type": "Feature", "properties": { "GEOIDFQ": "1400000US41067032108", "NAME": "321.08", "NAMELSAD": "Census Tract 321.08" }, "geometry": { "type": "Polygon", "coordinates": [ [ [ -122.7707, 45.3717 ], [ -122.7551, 45.368 ], [ -122.7439, 45.3718 ], [ -122.7438, 45.3559 ], [ -122.7747, 45.3536 ], [ -122.7707, 45.3717 ] ] ] } },
{ "type": "Feature", "properties": { "GEOIDFQ": "1400000US41067033301", "NAME": "333.01", "NAMELSAD": "Census Tract 333.01" }, "geometry": { "type": "Polygon", "coordinates": [ [ [ -123.1072, 45.539 ], [ -123.1121, 45.5197 ], [ -123.1215, 45.5202 ], [ -123.1326, 45.5393 ], [ -123.1072, 45.539 ] ] ] } },
{ "type": "Feature", "properties": { "GEOIDFQ": "1400000US41019090002", "NAME": "900.02", "NAMELSAD": "Census Tract 900.02" }, "geometry": { "type": "Polygon", "coordinates": [ [ [ -123.3272, 43.3541 ], [ -123.309, 43.3536 ], [ -123.3028, 43.365 ], [ -123.283, 43.3622 ], [ -123.2809, 43.3696 ], [ -123.2731, 43.3627 ], [ -123.2713, 43.3711 ], [ -123.2555, 43.362 ], [ -123.2561, 43.3689 ], [ -123.2473, 43.3743 ], [ -123.2504, 43.3868 ], [ -123.2343, 43.3847 ], [ -123.234, 43.3748 ], [ -123.2192, 43.3764 ], [ -123.2109, 43.3673 ], [ -123.1922, 43.3767 ], [ -123.2026, 43.3144 ], [ -123.2107, 43.3102 ], [ -123.2134, 43.3168 ], [ -123.2217, 43.3174 ], [ -123.2135, 43.3034 ], [ -123.2395, 43.2864 ], [ -123.2476, 43.2829 ], [ -123.2601, 43.286 ], [ -123.2657, 43.2937 ], [ -123.315, 43.2656 ], [ -123.3287, 43.2483 ], [ -123.3435, 43.2804 ], [ -123.3315, 43.2788 ], [ -123.3307, 43.2846 ], [ -123.3448, 43.2871 ], [ -123.3558, 43.2827 ], [ -123.3272, 43.3541 ] ] ] } },
{ "type": "Feature", "properties": { "GEOIDFQ": "1400000US41067032110", "NAME": "321.10", "NAMELSAD": "Census Tract 321.10" }, "geometry": { "type": "Polygon", "coordinates": [ [ [ -122.8003, 45.351 ], [ -122.7937, 45.3481 ], [ -122.7843, 45.3518 ], [ -122.776, 45.3608 ], [ -122.7747, 45.3536 ], [ -122.7438, 45.3559 ], [ -122.7437, 45.3321 ], [ -122.8055, 45.3318 ], [ -122.8003, 45.351 ] ] ] } },
{ "type": "Feature", "properties": { "GEOIDFQ": "1400000US41067032606", "NAME": "326.06", "NAMELSAD": "Census Tract 326.06" }, "geometry": { "type": "Polygon", "coordinates": [ [ [ -122.9796, 45.5366 ], [ -122.957, 45.5367 ], [ -122.9542, 45.5254 ], [ -122.9739, 45.5213 ], [ -122.9689, 45.5276 ], [ -122.9832, 45.5285 ], [ -122.9796, 45.5366 ] ] ] } },
{ "type": "Feature", "properties": { "GEOIDFQ": "1400000US41067031614", "NAME": "316.14", "NAMELSAD": "Census Tract 316.14" }, "geometry": { "type": "Polygon", "coordinates": [ [ [ -122.901, 45.5153 ], [ -122.8796, 45.5152 ], [ -122.8795, 45.5078 ], [ -122.9021, 45.5089 ], [ -122.901, 45.5153 ] ] ] } },
{ "type": "Feature", "properties": { "GEOIDFQ": "1400000US41047000502", "NAME": "5.02", "NAMELSAD": "Census Tract 5.02" }, "geometry": { "type": "Polygon", "coordinates": [ [ [ -123.0116, 44.9641 ], [ -122.994, 44.9836 ], [ -122.9903, 44.9682 ], [ -123.0116, 44.9641 ] ] ] } },
{ "type": "Feature", "properties": { "GEOIDFQ": "1400000US41051009905", "NAME": "99.05", "NAMELSAD": "Census Tract 99.05" }, "geometry": { "type": "Polygon", "coordinates": [ [ [ -122.4479, 45.4903 ], [ -122.4483, 45.481 ], [ -122.4599, 45.4838 ], [ -122.4688, 45.48 ], [ -122.4755, 45.4873 ], [ -122.4479, 45.4903 ] ] ] } },
{ "type": "Feature", "properties": { "GEOIDFQ": "1400000US41051006403", "NAME": "64.03", "NAMELSAD": "Census Tract 64.03" }, "geometry": { "type": "Polygon", "coordinates": [ [ [ -122.7263, 45.4527 ], [ -122.7101, 45.4573 ], [ -122.7128, 45.4411 ], [ -122.7311, 45.4418 ], [ -122.7263, 45.4527 ] ] ] } },
{ "type": "Feature", "properties": { "GEOIDFQ": "1400000US41051009904", "NAME": "99.04", "NAMELSAD": "Census Tract 99.04" }, "geometry": { "type": "Polygon", "coordinates": [ [ [ -122.4574, 45.4969 ], [ -122.4382, 45.4971 ], [ -122.4491, 45.4899 ], [ -122.4676, 45.4887 ], [ -122.4574, 45.4969 ] ] ] } },
{ "type": "Feature", "properties": { "GEOIDFQ": "1400000US41051009906", "NAME": "99.06", "NAMELSAD": "Census Tract 99.06" }, "geometry": { "type": "Polygon", "coordinates": [ [ [ -122.4473, 45.4918 ], [ -122.4291, 45.498 ], [ -122.4217, 45.4868 ], [ -122.4323, 45.4709 ], [ -122.4482, 45.4701 ], [ -122.4473, 45.4918 ] ] ] } },
{ "type": "Feature", "properties": { "GEOIDFQ": "1400000US41051002203", "NAME": "22.03", "NAMELSAD": "Census Tract 22.03" }, "geometry": { "type": "Polygon", "coordinates": [ [ [ -122.6787, 45.5481 ], [ -122.6586, 45.5483 ], [ -122.6576, 45.539 ], [ -122.6792, 45.5411 ], [ -122.6787, 45.5481 ] ] ] } },
{ "type": "Feature", "properties": { "GEOIDFQ": "1400000US41039003201", "NAME": "32.01", "NAMELSAD": "Census Tract 32.01" }, "geometry": { "type": "Polygon", "coordinates": [ [ [ -123.0493, 44.0637 ], [ -123.0258, 44.0611 ], [ -123.0242, 44.0568 ], [ -123.0502, 44.056 ], [ -123.0493, 44.0637 ] ] ] } },
{ "type": "Feature", "properties": { "GEOIDFQ": "1400000US41039003202", "NAME": "32.02", "NAMELSAD": "Census Tract 32.02" }, "geometry": { "type": "Polygon", "coordinates": [ [ [ -123.0242, 44.0568 ], [ -123.0233, 44.0457 ], [ -123.0499, 44.0444 ], [ -123.0502, 44.0528 ], [ -123.0242, 44.0568 ] ] ] } },
{ "type": "Feature", "properties": { "GEOIDFQ": "1400000US41039003400", "NAME": "34", "NAMELSAD": "Census Tract 34" }, "geometry": { "type": "Polygon", "coordinates": [ [ [ -122.9977, 44.0621 ], [ -122.9852, 44.062 ], [ -122.9859, 44.0415 ], [ -123.0056, 44.0455 ], [ -122.9977, 44.0621 ] ] ] } },
{ "type": "Feature", "properties": { "GEOIDFQ": "1400000US41019050003", "NAME": "500.03", "NAMELSAD": "Census Tract 500.03" }, "geometry": { "type": "Polygon", "coordinates": [ [ [ -123.3594, 43.3866 ], [ -123.2988, 43.3886 ], [ -123.2743, 43.3969 ], [ -123.2784, 43.3821 ], [ -123.2649, 43.3801 ], [ -123.2544, 43.3704 ], [ -123.2559, 43.362 ], [ -123.2712, 43.3711 ], [ -123.2745, 43.3624 ], [ -123.2809, 43.3696 ], [ -123.2831, 43.3621 ], [ -123.303, 43.3649 ], [ -123.309, 43.3536 ], [ -123.3272, 43.3541 ], [ -123.3351, 43.3378 ], [ -123.3522, 43.3353 ], [ -123.3682, 43.3534 ], [ -123.3594, 43.3866 ] ] ] } },
{ "type": "Feature", "properties": { "GEOIDFQ": "1400000US41019120001", "NAME": "1200.01", "NAMELSAD": "Census Tract 1200.01" }, "geometry": { "type": "Polygon", "coordinates": [ [ [ -123.3362, 43.23 ], [ -123.3427, 43.2438 ], [ -123.3313, 43.246 ], [ -123.315, 43.2656 ], [ -123.264, 43.2934 ], [ -123.2519, 43.2796 ], [ -123.2746, 43.2413 ], [ -123.2788, 43.219 ], [ -123.3163, 43.2077 ], [ -123.3319, 43.2132 ], [ -123.3471, 43.229 ], [ -123.3362, 43.23 ] ] ] } },
{ "type": "Feature", "properties": { "GEOIDFQ": "1400000US41019120002", "NAME": "1200.02", "NAMELSAD": "Census Tract 1200.02" }, "geometry": { "type": "Polygon", "coordinates": [ [ [ -123.3605, 43.2365 ], [ -123.3545, 43.2306 ], [ -123.3543, 43.2389 ], [ -123.3427, 43.2438 ], [ -123.3362, 43.23 ], [ -123.347, 43.2267 ], [ -123.3235, 43.2119 ], [ -123.3415, 43.2123 ], [ -123.3579, 43.2194 ], [ -123.3605, 43.2365 ] ] ] } },
{ "type": "Feature", "properties": { "GEOIDFQ": "1400000US41019160002", "NAME": "1600.02", "NAMELSAD": "Census Tract 1600.02" }, "geometry": { "type": "Polygon", "coordinates": [ [ [ -123.4129, 43.1222 ], [ -123.3807, 43.1458 ], [ -123.3547, 43.1113 ], [ -123.3665, 43.1035 ], [ -123.3678, 43.0906 ], [ -123.3556, 43.072 ], [ -123.3675, 43.0728 ], [ -123.3758, 43.0921 ], [ -123.3879, 43.0792 ], [ -123.4131, 43.0834 ], [ -123.4386, 43.1048 ], [ -123.4363, 43.1129 ], [ -123.4421, 43.1125 ], [ -123.4129, 43.1222 ] ] ] } },
{ "type": "Feature", "properties": { "GEOIDFQ": "1400000US41019080001", "NAME": "800.01", "NAMELSAD": "Census Tract 800.01" }, "geometry": { "type": "Polygon", "coordinates": [ [ [ -123.4456, 43.2685 ], [ -123.4014, 43.273 ], [ -123.3807, 43.3009 ], [ -123.3655, 43.2818 ], [ -123.3558, 43.2827 ], [ -123.3604, 43.2391 ], [ -123.3677, 43.2396 ], [ -123.3732, 43.2318 ], [ -123.4121, 43.2416 ], [ -123.4224, 43.259 ], [ -123.4467, 43.2466 ], [ -123.4432, 43.2579 ], [ -123.4507, 43.263 ], [ -123.4456, 43.2685 ] ] ] } },
{ "type": "Feature", "properties": { "GEOIDFQ": "1400000US41019160001", "NAME": "1600.01", "NAMELSAD": "Census Tract 1600.01" }, "geometry": { "type": "Polygon", "coordinates": [ [ [ -123.5001, 43.1178 ], [ -123.4967, 43.117 ], [ -123.4944, 43.1194 ], [ -123.5003, 43.1244 ], [ -123.495, 43.1291 ], [ -123.5045, 43.135 ], [ -123.4976, 43.1574 ], [ -123.4882, 43.1661 ], [ -123.4797, 43.1618 ], [ -123.4754, 43.1773 ], [ -123.3915, 43.1751 ], [ -123.3974, 43.1583 ], [ -123.4165, 43.147 ], [ -123.3991, 43.1337 ], [ -123.4129, 43.1222 ], [ -123.4759, 43.1012 ], [ -123.4934, 43.1146 ], [ -123.5078, 43.1136 ], [ -123.5001, 43.1178 ] ] ] } },
{ "type": "Feature", "properties": { "GEOIDFQ": "1400000US41019090001", "NAME": "900.01", "NAMELSAD": "Census Tract 900.01" }, "geometry": { "type": "Polygon", "coordinates": [ [ [ -123.3558, 43.2827 ], [ -123.3448, 43.2871 ], [ -123.3307, 43.2846 ], [ -123.3315, 43.2788 ], [ -123.3435, 43.2804 ], [ -123.3287, 43.2483 ], [ -123.3494, 43.2435 ], [ -123.3545, 43.2306 ], [ -123.3605, 43.2365 ], [ -123.3558, 43.2827 ] ] ] } },
{ "type": "Feature", "properties": { "GEOIDFQ": "1400000US41019150002", "NAME": "1500.02", "NAMELSAD": "Census Tract 1500.02" }, "geometry": { "type": "Polygon", "coordinates": [ [ [ -123.4025, 43.1561 ], [ -123.3921, 43.1563 ], [ -123.3807, 43.1458 ], [ -123.3991, 43.1337 ], [ -123.4167, 43.1463 ], [ -123.4025, 43.1561 ] ] ] } },
{ "type": "Feature", "properties": { "GEOIDFQ": "1400000US41019130002", "NAME": "1300.02", "NAMELSAD": "Census Tract 1300.02" }, "geometry": { "type": "Polygon", "coordinates": [ [ [ -123.3432, 43.2134 ], [ -123.3157, 43.2077 ], [ -123.2788, 43.2194 ], [ -123.2635, 43.212 ], [ -123.2655, 43.2064 ], [ -123.3068, 43.205 ], [ -123.3457, 43.1934 ], [ -123.3453, 43.2006 ], [ -123.3513, 43.2022 ], [ -123.3432, 43.2134 ] ] ] } },
{ "type": "Feature", "properties": { "GEOIDFQ": "1400000US41019130001", "NAME": "1300.01", "NAMELSAD": "Census Tract 1300.01" }, "geometry": { "type": "Polygon", "coordinates": [ [ [ -123.3599, 43.1974 ], [ -123.3579, 43.2194 ], [ -123.3455, 43.2164 ], [ -123.3514, 43.2019 ], [ -123.3453, 43.2006 ], [ -123.3457, 43.1934 ], [ -123.3648, 43.181 ], [ -123.3604, 43.1755 ], [ -123.3661, 43.1674 ], [ -123.374, 43.1827 ], [ -123.3599, 43.1974 ] ] ] } },
{ "type": "Feature", "properties": { "GEOIDFQ": "1400000US41019080002", "NAME": "800.02", "NAMELSAD": "Census Tract 800.02" }, "geometry": { "type": "Polygon", "coordinates": [ [ [ -123.4121, 43.2416 ], [ -123.3732, 43.2318 ], [ -123.3677, 43.2396 ], [ -123.3604, 43.2391 ], [ -123.3577, 43.2191 ], [ -123.3765, 43.2161 ], [ -123.3862, 43.2222 ], [ -123.3983, 43.2108 ], [ -123.4146, 43.2196 ], [ -123.4121, 43.2416 ] ] ] } },
{ "type": "Feature", "properties": { "GEOIDFQ": "1400000US41019050004", "NAME": "500.04", "NAMELSAD": "Census Tract 500.04" }, "geometry": { "type": "Polygon", "coordinates": [ [ [ -123.3017, 43.3981 ], [ -123.2743, 43.3981 ], [ -123.2988, 43.3886 ], [ -123.3238, 43.3903 ], [ -123.3017, 43.3981 ] ] ] } },
{ "type": "Feature", "properties": { "GEOIDFQ": "1400000US41019150001", "NAME": "1500.01", "NAMELSAD": "Census Tract 1500.01" }, "geometry": { "type": "Polygon", "coordinates": [ [ [ -123.3928, 43.1738 ], [ -123.3763, 43.1668 ], [ -123.3669, 43.1691 ], [ -123.364, 43.1272 ], [ -123.3921, 43.1563 ], [ -123.402, 43.1563 ], [ -123.3928, 43.1738 ] ] ] } },
{ "type": "Feature", "properties": { "GEOIDFQ": "1400000US41017001501", "NAME": "15.01", "NAMELSAD": "Census Tract 15.01" }, "geometry": { "type": "Polygon", "coordinates": [ [ [ -121.3099, 44.0461 ], [ -121.3039, 44.0443 ], [ -121.3025, 44.0524 ], [ -121.2929, 44.051 ], [ -121.2892, 44.037 ], [ -121.3041, 44.0386 ], [ -121.3205, 44.0329 ], [ -121.3099, 44.0461 ] ] ] } },
{ "type": "Feature", "properties": { "GEOIDFQ": "1400000US41005022208", "NAME": "222.08", "NAMELSAD": "Census Tract 222.08" }, "geometry": { "type": "Polygon", "coordinates": [ [ [ -122.4866, 45.4611 ], [ -122.4857, 45.4263 ], [ -122.5119, 45.4249 ], [ -122.5146, 45.4468 ], [ -122.5322, 45.447 ], [ -122.5475, 45.4611 ], [ -122.4866, 45.4611 ] ] ] } },
{ "type": "Feature", "properties": { "GEOIDFQ": "1400000US41005022301", "NAME": "223.01", "NAMELSAD": "Census Tract 223.01" }, "geometry": { "type": "Polygon", "coordinates": [ [ [ -122.5763, 45.3792 ], [ -122.5733, 45.3895 ], [ -122.5548, 45.4001 ], [ -122.5377, 45.3924 ], [ -122.5248, 45.3948 ], [ -122.516, 45.4095 ], [ -122.4951, 45.3906 ], [ -122.5174, 45.385 ], [ -122.5176, 45.3693 ], [ -122.5311, 45.3649 ], [ -122.5675, 45.3727 ], [ -122.5732, 45.3655 ], [ -122.601, 45.3641 ], [ -122.6069, 45.3725 ], [ -122.5763, 45.3792 ] ] ] } },
{ "type": "Feature", "properties": { "GEOIDFQ": "1400000US41017000301", "NAME": "3.01", "NAMELSAD": "Census Tract 3.01" }, "geometry": { "type": "Polygon", "coordinates": [ [ [ -121.5072, 43.7885 ], [ -121.508, 43.7928 ], [ -121.503, 43.7909 ], [ -121.507, 43.7949 ], [ -121.5009, 43.7928 ], [ -121.5042, 43.8009 ], [ -121.4917, 43.8133 ], [ -121.4987, 43.8176 ], [ -121.483, 43.8203 ], [ -121.4829, 43.8245 ], [ -121.4715, 43.8236 ], [ -121.4753, 43.828 ], [ -121.4697, 43.8326 ], [ -121.475, 43.8334 ], [ -121.4606, 43.8377 ], [ -121.466, 43.846 ], [ -121.4576, 43.847 ], [ -121.4558, 43.8611 ], [ -121.4385, 43.8637 ], [ -121.4336, 43.8693 ], [ -121.3804, 43.8648 ], [ -121.3776, 43.8527 ], [ -121.3625, 43.8436 ], [ -121.4253, 43.7701 ], [ -121.4353, 43.731 ], [ -121.4517, 43.7363 ], [ -121.46, 43.7521 ], [ -121.4773, 43.7027 ], [ -121.501, 43.7044 ], [ -121.4889, 43.7188 ], [ -121.4959, 43.7335 ], [ -121.4895, 43.7393 ], [ -121.4929, 43.7475 ], [ -121.4844, 43.7516 ], [ -121.4762, 43.7699 ], [ -121.496, 43.7718 ], [ -121.5118, 43.7796 ], [ -121.5153, 43.7768 ], [ -121.5197, 43.7828 ], [ -121.5072, 43.7885 ] ] ] } },
{ "type": "Feature", "properties": { "GEOIDFQ": "1400000US41017001601", "NAME": "16.01", "NAMELSAD": "Census Tract 16.01" }, "geometry": { "type": "Polygon", "coordinates": [ [ [ -121.3013, 44.0798 ], [ -121.2803, 44.0819 ], [ -121.2887, 44.0767 ], [ -121.2887, 44.0677 ], [ -121.3101, 44.0641 ], [ -121.3131, 44.0679 ], [ -121.3013, 44.0798 ] ] ] } },
{ "type": "Feature", "properties": { "GEOIDFQ": "1400000US41017001602", "NAME": "16.02", "NAMELSAD": "Census Tract 16.02" }, "geometry": { "type": "Polygon", "coordinates": [ [ [ -121.3109, 44.0642 ], [ -121.2887, 44.0677 ], [ -121.2929, 44.051 ], [ -121.315, 44.0582 ], [ -121.3109, 44.0642 ] ] ] } },
{ "type": "Feature", "properties": { "GEOIDFQ": "1400000US41017002002", "NAME": "20.02", "NAMELSAD": "Census Tract 20.02" }, "geometry": { "type": "Polygon", "coordinates": [ [ [ -121.3041, 44.0386 ], [ -121.2838, 44.0369 ], [ -121.2841, 44.008 ], [ -121.2901, 44.0114 ], [ -121.3199, 44.0048 ], [ -121.3238, 44.008 ], [ -121.3041, 44.0386 ] ] ] } },
{ "type": "Feature", "properties": { "GEOIDFQ": "1400000US41017001301", "NAME": "13.01", "NAMELSAD": "Census Tract 13.01" }, "geometry": { "type": "Polygon", "coordinates": [ [ [ -121.3375, 44.0887 ], [ -121.3211, 44.0942 ], [ -121.3092, 44.0893 ], [ -121.304, 44.0768 ], [ -121.3121, 44.0729 ], [ -121.3143, 44.0612 ], [ -121.3346, 44.065 ], [ -121.3291, 44.0721 ], [ -121.3417, 44.0811 ], [ -121.3375, 44.0887 ] ] ] } },
{ "type": "Feature", "properties": { "GEOIDFQ": "1400000US41017001502", "NAME": "15.02", "NAMELSAD": "Census Tract 15.02" }, "geometry": { "type": "Polygon", "coordinates": [ [ [ -121.3143, 44.0612 ], [ -121.313, 44.0568 ], [ -121.299, 44.056 ], [ -121.3039, 44.0443 ], [ -121.3099, 44.0461 ], [ -121.3168, 44.0403 ], [ -121.3256, 44.0541 ], [ -121.3143, 44.0612 ] ] ] } },
{ "type": "Feature", "properties": { "GEOIDFQ": "1400000US41017000701", "NAME": "7.01", "NAMELSAD": "Census Tract 7.01" }, "geometry": { "type": "Polygon", "coordinates": [ [ [ -121.1788, 44.3109 ], [ -121.1638, 44.3127 ], [ -121.1632, 44.3199 ], [ -121.1293, 44.32 ], [ -121.1081, 44.3272 ], [ -121.1083, 44.262 ], [ -121.1492, 44.2626 ], [ -121.1588, 44.269 ], [ -121.1588, 44.2838 ], [ -121.1672, 44.2838 ], [ -121.1665, 44.291 ], [ -121.1791, 44.2912 ], [ -121.1788, 44.3109 ] ] ] } },
{ "type": "Feature", "properties": { "GEOIDFQ": "1400000US41017001702", "NAME": "17.02", "NAMELSAD": "Census Tract 17.02" }, "geometry": { "type": "Polygon", "coordinates": [ [ [ -121.2832, 44.0788 ], [ -121.2705, 44.0772 ], [ -121.2739, 44.0657 ], [ -121.2887, 44.0659 ], [ -121.2832, 44.0788 ] ] ] } },
{ "type": "Feature", "properties": { "GEOIDFQ": "1400000US41017001903", "NAME": "19.03", "NAMELSAD": "Census Tract 19.03" }, "geometry": { "type": "Polygon", "coordinates": [ [ [ -121.2638, 44.0549 ], [ -121.2638, 44.0658 ], [ -121.2436, 44.0658 ], [ -121.2436, 44.0368 ], [ -121.2687, 44.0371 ], [ -121.2719, 44.0521 ], [ -121.2638, 44.0549 ] ] ] } },
{ "type": "Feature", "properties": { "GEOIDFQ": "1400000US41017000501", "NAME": "5.01", "NAMELSAD": "Census Tract 5.01" }, "geometry": { "type": "Polygon", "coordinates": [ [ [ -121.8431, 44.3926 ], [ -121.405, 44.3922 ], [ -121.4164, 44.3676 ], [ -121.4476, 44.3437 ], [ -121.5149, 44.3193 ], [ -121.4963, 44.3087 ], [ -121.4856, 44.2916 ], [ -121.5153, 44.2864 ], [ -121.5218, 44.2877 ], [ -121.5291, 44.3035 ], [ -121.5437, 44.2998 ], [ -121.542, 44.3088 ], [ -121.55, 44.309 ], [ -121.5499, 44.3132 ], [ -121.5541, 44.3 ], [ -121.5649, 44.3008 ], [ -121.5667, 44.295 ], [ -121.5769, 44.2934 ], [ -121.634, 44.3098 ], [ -121.6748, 44.3056 ], [ -121.7018, 44.3095 ], [ -121.7307, 44.3041 ], [ -121.7632, 44.2896 ], [ -121.7974, 44.2594 ], [ -121.819, 44.2618 ], [ -121.8249, 44.2829 ], [ -121.8413, 44.2857 ], [ -121.8376, 44.334 ], [ -121.8439, 44.3462 ], [ -121.8368, 44.3567 ], [ -121.8459, 44.3665 ], [ -121.8431, 44.3926 ] ] ] } },
{ "type": "Feature", "properties": { "GEOIDFQ": "1400000US41051006002", "NAME": "60.02", "NAMELSAD": "Census Tract 60.02" }, "geometry": { "type": "Polygon", "coordinates": [ [ [ -122.6802, 45.4803 ], [ -122.6779, 45.4708 ], [ -122.6932, 45.4709 ], [ -122.6978, 45.4779 ], [ -122.6802, 45.4803 ] ] ] } },
{ "type": "Feature", "properties": { "GEOIDFQ": "1400000US41047000501", "NAME": "5.01", "NAMELSAD": "Census Tract 5.01" }, "geometry": { "type": "Polygon", "coordinates": [ [ [ -123.0135, 44.9609 ], [ -122.9903, 44.9682 ], [ -122.9903, 44.9539 ], [ -123.0178, 44.9534 ], [ -123.0135, 44.9609 ] ] ] } },
{ "type": "Feature", "properties": { "GEOIDFQ": "1400000US41047002102", "NAME": "21.02", "NAMELSAD": "Census Tract 21.02" }, "geometry": { "type": "Polygon", "coordinates": [ [ [ -123.0546, 44.8975 ], [ -123.0385, 44.8988 ], [ -123.0309, 44.883 ], [ -123.061, 44.8866 ], [ -123.0546, 44.8975 ] ] ] } },
{ "type": "Feature", "properties": { "GEOIDFQ": "1400000US41047002202", "NAME": "22.02", "NAMELSAD": "Census Tract 22.02" }, "geometry": { "type": "Polygon", "coordinates": [ [ [ -123.0722, 44.9057 ], [ -123.0504, 44.9047 ], [ -123.061, 44.883 ], [ -123.0835, 44.8833 ], [ -123.0722, 44.9057 ] ] ] } },
{ "type": "Feature", "properties": { "GEOIDFQ": "1400000US41047002101", "NAME": "21.01", "NAMELSAD": "Census Tract 21.01" }, "geometry": { "type": "Polygon", "coordinates": [ [ [ -123.0467, 44.91 ], [ -123.0452, 44.9132 ], [ -123.0385, 44.8988 ], [ -123.0541, 44.8984 ], [ -123.0467, 44.91 ] ] ] } },
{ "type": "Feature", "properties": { "GEOIDFQ": "1400000US41039002504", "NAME": "25.04", "NAMELSAD": "Census Tract 25.04" }, "geometry": { "type": "Polygon", "coordinates": [ [ [ -123.2084, 44.0703 ], [ -123.1736, 44.07 ], [ -123.1729, 44.0481 ], [ -123.2085, 44.0526 ], [ -123.2084, 44.0703 ] ] ] } },
{ "type": "Feature", "properties": { "GEOIDFQ": "1400000US41005022906", "NAME": "229.06", "NAMELSAD": "Census Tract 229.06" }, "geometry": { "type": "Polygon", "coordinates": [ [ [ -122.7079, 45.2555 ], [ -122.6922, 45.2623 ], [ -122.6875, 45.2442 ], [ -122.7086, 45.2403 ], [ -122.7079, 45.2555 ] ] ] } },
{ "type": "Feature", "properties": { "GEOIDFQ": "1400000US41007950300", "NAME": "9503", "NAMELSAD": "Census Tract 9503" }, "geometry": { "type": "Polygon", "coordinates": [ [ [ -123.8243, 46.1928 ], [ -123.7878, 46.2007 ], [ -123.7693, 46.2146 ], [ -123.7536, 46.2165 ], [ -123.7484, 46.2113 ], [ -123.7707, 46.1822 ], [ -123.7892, 46.1781 ], [ -123.7907, 46.1707 ], [ -123.8015, 46.1732 ], [ -123.8075, 46.1619 ], [ -123.8114, 46.1691 ], [ -123.8184, 46.1684 ], [ -123.8243, 46.1928 ] ] ] } },
{ "type": "Feature", "properties": { "GEOIDFQ": "1400000US41007950600", "NAME": "9506", "NAMELSAD": "Census Tract 9506" }, "geometry": { "type": "Polygon", "coordinates": [ [ [ -123.9149, 46.1535 ], [ -123.9053, 46.1537 ], [ -123.8999, 46.1445 ], [ -123.8713, 46.143 ], [ -123.8576, 46.1676 ], [ -123.8184, 46.1684 ], [ -123.8111, 46.1151 ], [ -123.7891, 46.1085 ], [ -123.7765, 46.0924 ], [ -123.7594, 46.0956 ], [ -123.7496, 46.0894 ], [ -123.7418, 46.073 ], [ -123.7482, 46.0459 ], [ -123.7211, 46.007 ], [ -123.7041, 46.0027 ], [ -123.7039, 45.9942 ], [ -123.7384, 45.9744 ], [ -123.7188, 45.9698 ], [ -123.7098, 45.962 ], [ -123.715, 45.9515 ], [ -123.7385, 45.9545 ], [ -123.7533, 45.967 ], [ -123.7724, 45.9726 ], [ -123.7771, 45.9847 ], [ -123.796, 45.9917 ], [ -123.8281, 45.9947 ], [ -123.8492, 45.9877 ], [ -123.8574, 45.9937 ], [ -123.8767, 46.0134 ], [ -123.8665, 46.0457 ], [ -123.8868, 46.0526 ], [ -123.8626, 46.0634 ], [ -123.8747, 46.063 ], [ -123.8753, 46.068 ], [ -123.8864, 46.0701 ], [ -123.8996, 46.1065 ], [ -123.8871, 46.1094 ], [ -123.8976, 46.1181 ], [ -123.8959, 46.1281 ], [ -123.9196, 46.1285 ], [ -123.9262, 46.1455 ], [ -123.9149, 46.1535 ] ] ] } },
{ "type": "Feature", "properties": { "GEOIDFQ": "1400000US41007950900", "NAME": "9509", "NAMELSAD": "Census Tract 9509" }, "geometry": { "type": "Polygon", "coordinates": [ [ [ -123.9332, 46.0105 ], [ -123.9121, 46.0139 ], [ -123.9151, 45.9826 ], [ -123.9411, 45.9802 ], [ -123.9332, 46.0105 ] ] ] } },
{ "type": "Feature", "properties": { "GEOIDFQ": "1400000US41007951300", "NAME": "9513", "NAMELSAD": "Census Tract 9513" }, "geometry": { "type": "Polygon", "coordinates": [ [ [ -123.9583, 46.1507 ], [ -123.9242, 46.1495 ], [ -123.9196, 46.1285 ], [ -123.8959, 46.1281 ], [ -123.8976, 46.1181 ], [ -123.8871, 46.1094 ], [ -123.8996, 46.1068 ], [ -123.8955, 46.0907 ], [ -123.8864, 46.0701 ], [ -123.8753, 46.068 ], [ -123.8747, 46.063 ], [ -123.8626, 46.0634 ], [ -123.8696, 46.0568 ], [ -123.8886, 46.0525 ], [ -123.8966, 46.062 ], [ -123.9156, 46.0608 ], [ -123.9141, 46.0497 ], [ -123.9341, 46.0469 ], [ -123.9418, 46.0875 ], [ -123.9667, 46.1456 ], [ -123.9583, 46.1507 ] ] ] } },
{ "type": "Feature", "properties": { "GEOIDFQ": "1400000US41001950100", "NAME": "9501", "NAMELSAD": "Census Tract 9501" }, "geometry": { "type": "Polygon", "coordinates": [ [ [ -118.4932, 44.7137 ], [ -118.4706, 44.704 ], [ -118.4441, 44.724 ], [ -118.4194, 44.7187 ], [ -118.4174, 44.727 ], [ -118.3958, 44.726 ], [ -118.3801, 44.7442 ], [ -118.3691, 44.747 ], [ -118.3217, 44.7415 ], [ -118.2854, 44.751 ], [ -118.29, 44.7651 ], [ -118.283, 44.7718 ], [ -118.2995, 44.7959 ], [ -118.2957, 44.8156 ], [ -118.3075, 44.8192 ], [ -118.3083, 44.8305 ], [ -118.3187, 44.8363 ], [ -118.2936, 44.8528 ], [ -118.2961, 44.8624 ], [ -118.2901, 44.8664 ], [ -118.2678, 44.8694 ], [ -118.2582, 44.8634 ], [ -118.2373, 44.8616 ], [ -118.2282, 44.8653 ], [ -118.2249, 44.8756 ], [ -118.2374, 44.9084 ], [ -118.2294, 44.9139 ], [ -118.2321, 44.9235 ], [ -118.2234, 44.9369 ], [ -118.2446, 44.9445 ], [ -118.2451, 44.9607 ], [ -118.2322, 44.9607 ], [ -118.2316, 44.9703 ], [ -118.2136, 44.9898 ], [ -118.2145, 45.0071 ], [ -118.2002, 45.0151 ], [ -118.1847, 45.0194 ], [ -118.161, 45.0157 ], [ -118.1419, 45.0281 ], [ -118.1314, 45.0447 ], [ -118.1093, 45.047 ], [ -118.0921, 45.0412 ], [ -118.0695, 45.0169 ], [ -118.0043, 44.9949 ], [ -117.9688, 44.9959 ], [ -117.9462, 45.0067 ], [ -117.9763, 44.9741 ], [ -117.9767, 44.9642 ], [ -117.9654, 44.9481 ], [ -117.9283, 44.9249 ], [ -117.9233, 44.9055 ], [ -117.9325, 44.9025 ], [ -117.8555, 44.7961 ], [ -117.89, 44.796 ], [ -117.9062, 44.8007 ], [ -117.9108, 44.7877 ], [ -117.9061, 44.7757 ], [ -117.9171, 44.7632 ], [ -117.8979, 44.7526 ], [ -117.8947, 44.741 ], [ -117.8722, 44.7318 ], [ -117.8554, 44.7325 ], [ -117.85, 44.7269 ], [ -117.8393, 44.7268 ], [ -117.8552, 44.6875 ], [ -117.869, 44.6749 ], [ -117.8724, 44.6533 ], [ -117.8578, 44.5902 ], [ -117.8451, 44.5894 ], [ -117.8516, 44.5865 ], [ -117.8383, 44.5791 ], [ -117.8388, 44.5692 ], [ -117.849, 44.5663 ], [ -117.8518, 44.5555 ], [ -117.8459, 44.5451 ], [ -117.8535, 44.5468 ], [ -117.84, 44.5324 ], [ -117.8446, 44.5002 ], [ -117.7603, 44.4979 ], [ -117.7463, 44.493 ], [ -117.7443, 44.4836 ], [ -117.7541, 44.4838 ], [ -117.7557, 44.472 ], [ -117.7491, 44.4446 ], [ -117.9718, 44.4438 ], [ -117.9719, 44.4293 ], [ -118.0114, 44.4296 ], [ -118.0115, 44.4152 ], [ -118.0317, 44.4152 ], [ -118.0318, 44.39 ], [ -118.052, 44.39 ], [ -118.0519, 44.372 ], [ -118.0719, 44.372 ], [ -118.0719, 44.3576 ], [ -118.087, 44.3576 ], [ -118.0921, 44.3287 ], [ -118.1121, 44.3288 ], [ -118.1121, 44.3143 ], [ -118.1323, 44.3143 ], [ -118.1321, 44.2995 ], [ -118.1525, 44.2995 ], [ -118.1529, 44.2707 ], [ -118.1934, 44.2707 ], [ -118.1933, 44.2562 ], [ -118.4975, 44.2552 ], [ -118.5001, 44.2771 ], [ -118.479, 44.3154 ], [ -118.468, 44.3218 ], [ -118.4689, 44.3346 ], [ -118.4611, 44.3366 ], [ -118.4541, 44.3486 ], [ -118.4348, 44.3534 ], [ -118.4328, 44.3691 ], [ -118.4076, 44.3708 ], [ -118.4283, 44.3941 ], [ -118.4253, 44.3986 ], [ -118.4349, 44.3975 ], [ -118.436, 44.4013 ], [ -118.4185, 44.4323 ], [ -118.4209, 44.4551 ], [ -118.409, 44.4526 ], [ -118.38, 44.4623 ], [ -118.3755, 44.4591 ], [ -118.3607, 44.4717 ], [ -118.3674, 44.4786 ], [ -118.358, 44.4845 ], [ -118.3749, 44.5077 ], [ -118.3718, 44.5308 ], [ -118.3655, 44.5381 ], [ -118.3592, 44.536 ], [ -118.3383, 44.5671 ], [ -118.3235, 44.5624 ], [ -118.3058, 44.5888 ], [ -118.3166, 44.6039 ], [ -118.3376, 44.6095 ], [ -118.3432, 44.6312 ], [ -118.3548, 44.6393 ], [ -118.3795, 44.6465 ], [ -118.4049, 44.6414 ], [ -118.4252, 44.6548 ], [ -118.4467, 44.65 ], [ -118.5043, 44.6653 ], [ -118.5187, 44.691 ], [ -118.5195, 44.7056 ], [ -118.4932, 44.7137 ] ] ] } },
{ "type": "Feature", "properties": { "GEOIDFQ": "1400000US41001950300", "NAME": "9503", "NAMELSAD": "Census Tract 9503" }, "geometry": { "type": "Polygon", "coordinates": [ [ [ -117.9009, 44.7695 ], [ -117.8854, 44.7598 ], [ -117.8675, 44.7572 ], [ -117.8585, 44.767 ], [ -117.836, 44.767 ], [ -117.8298, 44.7745 ], [ -117.815, 44.7736 ], [ -117.815, 44.7816 ], [ -117.7994, 44.7899 ], [ -117.7993, 44.8033 ], [ -117.7685, 44.8042 ], [ -117.7518, 44.8127 ], [ -117.73, 44.8078 ], [ -117.6726, 44.8092 ], [ -117.6613, 44.8145 ], [ -117.6147, 44.8188 ], [ -117.5913, 44.8363 ], [ -117.5148, 44.8299 ], [ -117.4771, 44.8183 ], [ -117.4778, 44.8122 ], [ -117.4656, 44.8102 ], [ -117.4595, 44.7979 ], [ -117.4596, 44.758 ], [ -117.3915, 44.7422 ], [ -117.3753, 44.7221 ], [ -117.395, 44.7169 ], [ -117.4022, 44.7214 ], [ -117.4452, 44.7106 ], [ -117.4559, 44.6925 ], [ -117.4715, 44.6842 ], [ -117.4846, 44.6543 ], [ -117.495, 44.6491 ], [ -117.4982, 44.6307 ], [ -117.5162, 44.6268 ], [ -117.494, 44.6149 ], [ -117.4656, 44.5834 ], [ -117.4332, 44.5654 ], [ -117.41, 44.5333 ], [ -117.3763, 44.5177 ], [ -117.371, 44.4968 ], [ -117.3411, 44.4748 ], [ -117.3285, 44.4749 ], [ -117.3133, 44.4917 ], [ -117.3025, 44.4893 ], [ -117.2939, 44.5082 ], [ -117.2737, 44.4958 ], [ -117.2231, 44.4872 ], [ -117.2151, 44.4272 ], [ -117.243, 44.391 ], [ -117.2351, 44.3739 ], [ -117.1901, 44.3374 ], [ -117.2033, 44.313 ], [ -117.2168, 44.3082 ], [ -117.22, 44.3014 ], [ -117.487, 44.3003 ], [ -117.4867, 44.3872 ], [ -117.5092, 44.3871 ], [ -117.5092, 44.4015 ], [ -117.5294, 44.4013 ], [ -117.5294, 44.4157 ], [ -117.5697, 44.4157 ], [ -117.5696, 44.4301 ], [ -117.5909, 44.4301 ], [ -117.5908, 44.4446 ], [ -117.7495, 44.4441 ], [ -117.7557, 44.472 ], [ -117.7541, 44.4838 ], [ -117.7443, 44.4836 ], [ -117.7463, 44.493 ], [ -117.7603, 44.4979 ], [ -117.8446, 44.5002 ], [ -117.84, 44.5324 ], [ -117.8535, 44.5468 ], [ -117.8459, 44.5451 ], [ -117.8518, 44.5555 ], [ -117.849, 44.5663 ], [ -117.8388, 44.5692 ], [ -117.8383, 44.5791 ], [ -117.8516, 44.5865 ], [ -117.8451, 44.5894 ], [ -117.8578, 44.5902 ], [ -117.8724, 44.6533 ], [ -117.869, 44.6749 ], [ -117.8552, 44.6875 ], [ -117.8393, 44.7268 ], [ -117.85, 44.7269 ], [ -117.8554, 44.7325 ], [ -117.8722, 44.7318 ], [ -117.8947, 44.741 ], [ -117.9095, 44.7622 ], [ -117.9009, 44.7695 ] ] ] } },
{ "type": "Feature", "properties": { "GEOIDFQ": "1400000US41001950600", "NAME": "9506", "NAMELSAD": "Census Tract 9506" }, "geometry": { "type": "Polygon", "coordinates": [ [ [ -117.564, 44.9929 ], [ -117.5635, 45.0794 ], [ -116.7838, 45.0783 ], [ -116.8017, 45.0563 ], [ -116.8479, 45.0226 ], [ -116.8446, 45.0014 ], [ -116.858, 44.9773 ], [ -116.8486, 44.9717 ], [ -116.8397, 44.9831 ], [ -116.8263, 44.9825 ], [ -116.851, 44.9616 ], [ -116.832, 44.933 ], [ -116.8524, 44.8876 ], [ -116.8653, 44.8706 ], [ -116.8986, 44.8537 ], [ -116.9001, 44.8367 ], [ -116.9311, 44.8048 ], [ -116.9347, 44.7839 ], [ -116.9709, 44.7739 ], [ -116.9989, 44.7564 ], [ -117.0138, 44.7568 ], [ -117.02, 44.751 ], [ -117.0383, 44.7482 ], [ -117.0502, 44.7326 ], [ -117.0623, 44.7271 ], [ -117.0618, 44.7067 ], [ -117.0791, 44.6922 ], [ -117.0808, 44.6738 ], [ -117.0959, 44.6647 ], [ -117.0982, 44.6407 ], [ -117.1205, 44.6147 ], [ -117.1248, 44.5838 ], [ -117.1483, 44.5644 ], [ -117.1442, 44.5456 ], [ -117.1524, 44.5318 ], [ -117.161, 44.5252 ], [ -117.1816, 44.523 ], [ -117.2089, 44.4857 ], [ -117.2737, 44.4958 ], [ -117.2939, 44.5082 ], [ -117.3021, 44.4897 ], [ -117.3133, 44.4917 ], [ -117.3289, 44.4747 ], [ -117.3411, 44.4748 ], [ -117.3468, 44.4828 ], [ -117.3608, 44.4847 ], [ -117.3722, 44.4984 ], [ -117.3763, 44.5177 ], [ -117.41, 44.5333 ], [ -117.4332, 44.5654 ], [ -117.4656, 44.5834 ], [ -117.494, 44.6149 ], [ -117.5163, 44.627 ], [ -117.4982, 44.6307 ], [ -117.495, 44.6491 ], [ -117.4846, 44.6543 ], [ -117.4715, 44.6842 ], [ -117.4559, 44.6925 ], [ -117.4453, 44.7105 ], [ -117.4022, 44.7214 ], [ -117.395, 44.7169 ], [ -117.3757, 44.7218 ], [ -117.382, 44.7252 ], [ -117.3774, 44.7287 ], [ -117.3857, 44.7294 ], [ -117.3915, 44.7422 ], [ -117.4596, 44.758 ], [ -117.4595, 44.7979 ], [ -117.4653, 44.8099 ], [ -117.4784, 44.8135 ], [ -117.4777, 44.8187 ], [ -117.4685, 44.8185 ], [ -117.47, 44.8235 ], [ -117.5262, 44.8335 ], [ -117.5659, 44.8601 ], [ -117.5946, 44.8638 ], [ -117.6121, 44.8813 ], [ -117.6277, 44.8857 ], [ -117.6317, 44.8926 ], [ -117.6381, 44.889 ], [ -117.6658, 44.9123 ], [ -117.6926, 44.9205 ], [ -117.7098, 44.9496 ], [ -117.7252, 44.951 ], [ -117.7269, 44.9467 ], [ -117.7357, 44.9536 ], [ -117.7498, 44.9526 ], [ -117.7775, 44.9922 ], [ -117.564, 44.9929 ] ] ] } },
{ "type": "Feature", "properties": { "GEOIDFQ": "1400000US41001950400", "NAME": "9504", "NAMELSAD": "Census Tract 9504" }, "geometry": { "type": "Polygon", "coordinates": [ [ [ -117.8294, 44.7962 ], [ -117.8183, 44.7957 ], [ -117.8174, 44.8033 ], [ -117.7993, 44.8033 ], [ -117.7994, 44.7899 ], [ -117.815, 44.7816 ], [ -117.815, 44.7736 ], [ -117.8295, 44.7745 ], [ -117.8294, 44.7962 ] ] ] } },
{ "type": "Feature", "properties": { "GEOIDFQ": "1400000US41059951201", "NAME": "9512.01", "NAMELSAD": "Census Tract 9512.01" }, "geometry": { "type": "Polygon", "coordinates": [ [ [ -119.2484, 45.8645 ], [ -119.2485, 45.8539 ], [ -119.2903, 45.8351 ], [ -119.2912, 45.8646 ], [ -119.2484, 45.8645 ] ] ] } },
{ "type": "Feature", "properties": { "GEOIDFQ": "1400000US41059950201", "NAME": "9502.01", "NAMELSAD": "Census Tract 9502.01" }, "geometry": { "type": "Polygon", "coordinates": [ [ [ -118.4027, 45.9548 ], [ -118.3873, 45.9547 ], [ -118.3792, 45.9263 ], [ -118.403, 45.9418 ], [ -118.4027, 45.9548 ] ] ] } },
{ "type": "Feature", "properties": { "GEOIDFQ": "1400000US41059950202", "NAME": "9502.02", "NAMELSAD": "Census Tract 9502.02" }, "geometry": { "type": "Polygon", "coordinates": [ [ [ -118.4498, 45.951 ], [ -118.4551, 45.962 ], [ -118.4027, 45.9585 ], [ -118.403, 45.9412 ], [ -118.3735, 45.9204 ], [ -118.3679, 45.8706 ], [ -118.4008, 45.8755 ], [ -118.4031, 45.8724 ], [ -118.4108, 45.9062 ], [ -118.4567, 45.9437 ], [ -118.4498, 45.951 ] ] ] } },
{ "type": "Feature", "properties": { "GEOIDFQ": "1400000US41059950602", "NAME": "9506.02", "NAMELSAD": "Census Tract 9506.02" }, "geometry": { "type": "Polygon", "coordinates": [ [ [ -118.8063, 45.6631 ], [ -118.7454, 45.6617 ], [ -118.7457, 45.5484 ], [ -118.7871, 45.5514 ], [ -118.8029, 45.6178 ], [ -118.8184, 45.6435 ], [ -118.8063, 45.6631 ] ] ] } },
{ "type": "Feature", "properties": { "GEOIDFQ": "1400000US41059951202", "NAME": "9512.02", "NAMELSAD": "Census Tract 9512.02" }, "geometry": { "type": "Polygon", "coordinates": [ [ [ -119.2851, 45.8396 ], [ -119.2485, 45.8539 ], [ -119.2486, 45.8382 ], [ -119.2558, 45.8348 ], [ -119.2486, 45.8347 ], [ -119.2486, 45.8058 ], [ -119.2903, 45.8061 ], [ -119.2851, 45.8396 ] ] ] } },
{ "type": "Feature", "properties": { "GEOIDFQ": "1400000US41059950601", "NAME": "9506.01", "NAMELSAD": "Census Tract 9506.01" }, "geometry": { "type": "Polygon", "coordinates": [ [ [ -118.7841, 45.6761 ], [ -118.778, 45.6635 ], [ -118.7986, 45.6612 ], [ -118.8169, 45.6666 ], [ -118.7841, 45.6761 ] ] ] } },
{ "type": "Feature", "properties": { "GEOIDFQ": "1400000US41051000502", "NAME": "5.02", "NAMELSAD": "Census Tract 5.02" }, "geometry": { "type": "Polygon", "coordinates": [ [ [ -122.5788, 45.4903 ], [ -122.5791, 45.4759 ], [ -122.5893, 45.4759 ], [ -122.5892, 45.4865 ], [ -122.5984, 45.4903 ], [ -122.5788, 45.4903 ] ] ] } },
{ "type": "Feature", "properties": { "GEOIDFQ": "1400000US41051000402", "NAME": "4.02", "NAMELSAD": "Census Tract 4.02" }, "geometry": { "type": "Polygon", "coordinates": [ [ [ -122.599, 45.4903 ], [ -122.5997, 45.4758 ], [ -122.6087, 45.4758 ], [ -122.609, 45.4903 ], [ -122.599, 45.4903 ] ] ] } },
{ "type": "Feature", "properties": { "GEOIDFQ": "1400000US41051000601", "NAME": "6.01", "NAMELSAD": "Census Tract 6.01" }, "geometry": { "type": "Polygon", "coordinates": [ [ [ -122.5788, 45.4903 ], [ -122.5558, 45.4898 ], [ -122.5574, 45.4768 ], [ -122.5789, 45.4835 ], [ -122.5788, 45.4903 ] ] ] } },
{ "type": "Feature", "properties": { "GEOIDFQ": "1400000US41051000602", "NAME": "6.02", "NAMELSAD": "Census Tract 6.02" }, "geometry": { "type": "Polygon", "coordinates": [ [ [ -122.5789, 45.4828 ], [ -122.5558, 45.4765 ], [ -122.579, 45.4644 ], [ -122.5789, 45.4828 ] ] ] } },
{ "type": "Feature", "properties": { "GEOIDFQ": "1400000US41051000701", "NAME": "7.01", "NAMELSAD": "Census Tract 7.01" }, "geometry": { "type": "Polygon", "coordinates": [ [ [ -122.5994, 45.5054 ], [ -122.5787, 45.5048 ], [ -122.5787, 45.4974 ], [ -122.5995, 45.4989 ], [ -122.5994, 45.5054 ] ] ] } },
{ "type": "Feature", "properties": { "GEOIDFQ": "1400000US41051000702", "NAME": "7.02", "NAMELSAD": "Census Tract 7.02" }, "geometry": { "type": "Polygon", "coordinates": [ [ [ -122.6018, 45.4975 ], [ -122.5787, 45.4974 ], [ -122.5788, 45.4903 ], [ -122.6018, 45.4923 ], [ -122.6018, 45.4975 ] ] ] } },
{ "type": "Feature", "properties": { "GEOIDFQ": "1400000US41017000502", "NAME": "5.02", "NAMELSAD": "Census Tract 5.02" }, "geometry": { "type": "Polygon", "coordinates": [ [ [ -121.9751, 43.8576 ], [ -121.9324, 43.8942 ], [ -121.937, 43.9033 ], [ -121.9015, 43.9159 ], [ -121.8907, 43.9084 ], [ -121.8691, 43.9121 ], [ -121.8702, 43.9235 ], [ -121.858, 43.9453 ], [ -121.8597, 43.9615 ], [ -121.8365, 43.9714 ], [ -121.8451, 43.9762 ], [ -121.8283, 43.9889 ], [ -121.8334, 43.9914 ], [ -121.822, 44.0117 ], [ -121.8343, 44.0402 ], [ -121.8194, 44.0516 ], [ -121.8025, 44.0524 ], [ -121.7725, 44.091 ], [ -121.768, 44.1146 ], [ -121.7727, 44.1396 ], [ -121.7843, 44.1481 ], [ -121.782, 44.1598 ], [ -121.7716, 44.1672 ], [ -121.7797, 44.1754 ], [ -121.7741, 44.1905 ], [ -121.7856, 44.2078 ], [ -121.7781, 44.221 ], [ -121.7896, 44.2493 ], [ -121.8077, 44.2603 ], [ -121.7933, 44.2611 ], [ -121.7526, 44.2945 ], [ -121.7018, 44.3095 ], [ -121.6748, 44.3056 ], [ -121.634, 44.3098 ], [ -121.5769, 44.2934 ], [ -121.5667, 44.295 ], [ -121.5649, 44.3008 ], [ -121.5541, 44.3 ], [ -121.5499, 44.3132 ], [ -121.55, 44.309 ], [ -121.542, 44.3088 ], [ -121.5437, 44.2998 ], [ -121.5291, 44.3035 ], [ -121.5218, 44.2877 ], [ -121.4729, 44.2915 ], [ -121.473, 44.2224 ], [ -121.4671, 44.2224 ], [ -121.4596, 44.1959 ], [ -121.4379, 44.1672 ], [ -121.4551, 44.1654 ], [ -121.455, 44.1595 ], [ -121.4441, 44.1564 ], [ -121.4441, 44.1522 ], [ -121.4552, 44.1524 ], [ -121.4552, 44.1378 ], [ -121.4438, 44.1419 ], [ -121.4437, 44.1378 ], [ -121.4342, 44.138 ], [ -121.4341, 44.1307 ], [ -121.4038, 44.1308 ], [ -121.4036, 44.1093 ], [ -121.3935, 44.1094 ], [ -121.3886, 44.0803 ], [ -121.3836, 44.0803 ], [ -121.3839, 44.0371 ], [ -121.3686, 44.0369 ], [ -121.3687, 44.0225 ], [ -121.3636, 44.0221 ], [ -121.3829, 44.0163 ], [ -121.3912, 43.9992 ], [ -121.4053, 43.9972 ], [ -121.4221, 43.981 ], [ -121.4256, 43.9661 ], [ -121.437, 43.955 ], [ -121.4625, 43.9439 ], [ -121.4706, 43.9312 ], [ -121.4661, 43.9241 ], [ -121.4801, 43.9056 ], [ -121.4765, 43.877 ], [ -121.4864, 43.8634 ], [ -121.5553, 43.847 ], [ -121.5914, 43.825 ], [ -121.6713, 43.8344 ], [ -121.7021, 43.8265 ], [ -121.7284, 43.8361 ], [ -121.7461, 43.8292 ], [ -121.7988, 43.8262 ], [ -121.8491, 43.8063 ], [ -121.8481, 43.8019 ], [ -121.8937, 43.7938 ], [ -121.9753, 43.8116 ], [ -121.9751, 43.8576 ] ] ] } },
{ "type": "Feature", "properties": { "GEOIDFQ": "1400000US41017002101", "NAME": "21.01", "NAMELSAD": "Census Tract 21.01" }, "geometry": { "type": "Polygon", "coordinates": [ [ [ -121.3581, 44.0071 ], [ -121.3328, 44.0089 ], [ -121.3325, 44.0194 ], [ -121.3205, 44.0329 ], [ -121.3063, 44.0349 ], [ -121.3334, 43.9944 ], [ -121.3505, 43.9985 ], [ -121.3645, 43.9897 ], [ -121.3581, 44.0071 ] ] ] } },
{ "type": "Feature", "properties": { "GEOIDFQ": "1400000US41017002102", "NAME": "21.02", "NAMELSAD": "Census Tract 21.02" }, "geometry": { "type": "Polygon", "coordinates": [ [ [ -121.3636, 44.0221 ], [ -121.3409, 44.0308 ], [ -121.329, 44.0416 ], [ -121.317, 44.0406 ], [ -121.3205, 44.0329 ], [ -121.3638, 44.01 ], [ -121.3636, 44.0221 ] ] ] } },
{ "type": "Feature", "properties": { "GEOIDFQ": "1400000US41017000403", "NAME": "4.03", "NAMELSAD": "Census Tract 4.03" }, "geometry": { "type": "Polygon", "coordinates": [ [ [ -121.4765, 43.877 ], [ -121.4801, 43.9055 ], [ -121.4661, 43.9241 ], [ -121.4704, 43.9317 ], [ -121.4622, 43.9441 ], [ -121.4371, 43.9549 ], [ -121.4406, 43.9487 ], [ -121.4128, 43.9052 ], [ -121.4175, 43.8892 ], [ -121.4387, 43.8636 ], [ -121.4613, 43.8641 ], [ -121.4651, 43.8755 ], [ -121.4844, 43.869 ], [ -121.4765, 43.877 ] ] ] } },
{ "type": "Feature", "properties": { "GEOIDFQ": "1400000US41017001701", "NAME": "17.01", "NAMELSAD": "Census Tract 17.01" }, "geometry": { "type": "Polygon", "coordinates": [ [ [ -121.2639, 44.085 ], [ -121.2638, 44.0794 ], [ -121.2537, 44.0794 ], [ -121.2537, 44.0658 ], [ -121.2739, 44.0657 ], [ -121.2705, 44.0772 ], [ -121.2831, 44.0789 ], [ -121.2639, 44.085 ] ] ] } },
{ "type": "Feature", "properties": { "GEOIDFQ": "1400000US41017000201", "NAME": "2.01", "NAMELSAD": "Census Tract 2.01" }, "geometry": { "type": "Polygon", "coordinates": [ [ [ -121.5857, 43.6287 ], [ -121.594, 43.6374 ], [ -121.59, 43.6556 ], [ -121.5693, 43.6612 ], [ -121.5638, 43.669 ], [ -121.5075, 43.6849 ], [ -121.501, 43.7035 ], [ -121.4773, 43.7027 ], [ -121.46, 43.7521 ], [ -121.4517, 43.7363 ], [ -121.4353, 43.731 ], [ -121.4644, 43.6166 ], [ -121.6015, 43.618 ], [ -121.5857, 43.6287 ] ] ] } },
{ "type": "Feature", "properties": { "GEOIDFQ": "1400000US41017001801", "NAME": "18.01", "NAMELSAD": "Census Tract 18.01" }, "geometry": { "type": "Polygon", "coordinates": [ [ [ -121.2905, 44.0656 ], [ -121.2638, 44.0658 ], [ -121.2638, 44.0549 ], [ -121.2838, 44.0566 ], [ -121.2843, 44.0515 ], [ -121.2933, 44.055 ], [ -121.2905, 44.0656 ] ] ] } },
{ "type": "Feature", "properties": { "GEOIDFQ": "1400000US41051009801", "NAME": "98.01", "NAMELSAD": "Census Tract 98.01" }, "geometry": { "type": "Polygon", "coordinates": [ [ [ -122.4758, 45.5192 ], [ -122.4552, 45.5191 ], [ -122.455, 45.5044 ], [ -122.4756, 45.5046 ], [ -122.4758, 45.5192 ] ] ] } },
{ "type": "Feature", "properties": { "GEOIDFQ": "1400000US41051009606", "NAME": "96.06", "NAMELSAD": "Census Tract 96.06" }, "geometry": { "type": "Polygon", "coordinates": [ [ [ -122.4964, 45.5264 ], [ -122.4771, 45.5264 ], [ -122.4771, 45.5192 ], [ -122.4964, 45.5192 ], [ -122.4964, 45.5264 ] ] ] } },
{ "type": "Feature", "properties": { "GEOIDFQ": "1400000US41051009701", "NAME": "97.01", "NAMELSAD": "Census Tract 97.01" }, "geometry": { "type": "Polygon", "coordinates": [ [ [ -122.5107, 45.5192 ], [ -122.4964, 45.5192 ], [ -122.4966, 45.5046 ], [ -122.5108, 45.5065 ], [ -122.5107, 45.5192 ] ] ] } },
{ "type": "Feature", "properties": { "GEOIDFQ": "1400000US41051009803", "NAME": "98.03", "NAMELSAD": "Census Tract 98.03" }, "geometry": { "type": "Polygon", "coordinates": [ [ [ -122.4847, 45.5046 ], [ -122.4584, 45.5044 ], [ -122.4676, 45.4886 ], [ -122.4852, 45.4856 ], [ -122.4847, 45.5046 ] ] ] } },
{ "type": "Feature", "properties": { "GEOIDFQ": "1400000US41009970400", "NAME": "9704", "NAMELSAD": "Census Tract 9704" }, "geometry": { "type": "Polygon", "coordinates": [ [ [ -123.0316, 46.0116 ], [ -123.0163, 46.0127 ], [ -123.0001, 46.0452 ], [ -122.9651, 46.0654 ], [ -122.9602, 46.0548 ], [ -122.9489, 46.0506 ], [ -122.9436, 46.0345 ], [ -122.9308, 46.0378 ], [ -122.9216, 46.0276 ], [ -122.8941, 46.0262 ], [ -122.877, 46.0198 ], [ -122.8777, 46.031 ], [ -122.8562, 46.0145 ], [ -122.8376, 45.9808 ], [ -122.814, 45.961 ], [ -122.8062, 45.9324 ], [ -122.8112, 45.9139 ], [ -122.8275, 45.9185 ], [ -122.8386, 45.9312 ], [ -122.8378, 45.9263 ], [ -122.8448, 45.9323 ], [ -122.8622, 45.9302 ], [ -122.8702, 45.9369 ], [ -122.9049, 45.9316 ], [ -122.9291, 45.9356 ], [ -122.94, 45.928 ], [ -122.9557, 45.9309 ], [ -122.9944, 45.9548 ], [ -123.0003, 45.9771 ], [ -123.0261, 45.9921 ], [ -123.0316, 46.0116 ] ] ] } },
{ "type": "Feature", "properties": { "GEOIDFQ": "1400000US41051009804", "NAME": "98.04", "NAMELSAD": "Census Tract 98.04" }, "geometry": { "type": "Polygon", "coordinates": [ [ [ -122.4966, 45.5046 ], [ -122.4847, 45.5046 ], [ -122.4847, 45.4923 ], [ -122.4969, 45.4978 ], [ -122.4966, 45.5046 ] ] ] } },
{ "type": "Feature", "properties": { "GEOIDFQ": "1400000US41065970800", "NAME": "9708", "NAMELSAD": "Census Tract 9708" }, "geometry": { "type": "Polygon", "coordinates": [ [ [ -121.7982, 45.0162 ], [ -121.7812, 45.0157 ], [ -121.7784, 45.0376 ], [ -121.7688, 45.0399 ], [ -121.7384, 45.0335 ], [ -121.7194, 45.0371 ], [ -121.7224, 45.046 ], [ -121.6893, 45.0667 ], [ -121.6587, 45.0664 ], [ -121.653, 45.1025 ], [ -121.6617, 45.1054 ], [ -121.6664, 45.1203 ], [ -121.685, 45.1237 ], [ -121.6951, 45.1174 ], [ -121.7081, 45.1341 ], [ -121.7116, 45.1528 ], [ -121.7253, 45.1593 ], [ -121.7486, 45.1918 ], [ -121.7478, 45.2056 ], [ -121.7146, 45.2112 ], [ -121.6977, 45.2274 ], [ -121.6827, 45.2286 ], [ -121.6809, 45.2506 ], [ -121.6965, 45.2579 ], [ -121.4819, 45.2581 ], [ -121.4818, 45.4036 ], [ -121.4504, 45.407 ], [ -121.4358, 45.4176 ], [ -121.4054, 45.4272 ], [ -121.3281, 45.4358 ], [ -121.2751, 45.4555 ], [ -121.2011, 45.4664 ], [ -121.1801, 45.4757 ], [ -121.0746, 45.5391 ], [ -121.0519, 45.5709 ], [ -121.0795, 45.5929 ], [ -121.0801, 45.6059 ], [ -121.1177, 45.6098 ], [ -121.1268, 45.6066 ], [ -121.1172, 45.6182 ], [ -121.1201, 45.6232 ], [ -121.0849, 45.6479 ], [ -121.0645, 45.6525 ], [ -121.0074, 45.6532 ], [ -120.9835, 45.6484 ], [ -120.944, 45.6564 ], [ -120.9158, 45.6412 ], [ -120.906, 45.6248 ], [ -120.912, 45.6058 ], [ -120.8951, 45.589 ], [ -120.9094, 45.5607 ], [ -120.8984, 45.544 ], [ -120.885, 45.5393 ], [ -120.8827, 45.5276 ], [ -120.8641, 45.5287 ], [ -120.8256, 45.5125 ], [ -120.8389, 45.5024 ], [ -120.8332, 45.4946 ], [ -120.8392, 45.4824 ], [ -120.8357, 45.4697 ], [ -120.8584, 45.4607 ], [ -120.8658, 45.445 ], [ -120.8494, 45.4303 ], [ -120.8629, 45.4273 ], [ -120.8667, 45.3895 ], [ -120.8823, 45.3919 ], [ -120.8982, 45.3744 ], [ -120.9011, 45.3616 ], [ -120.9187, 45.3613 ], [ -120.9218, 45.348 ], [ -120.939, 45.3466 ], [ -120.9338, 45.3313 ], [ -120.9537, 45.3372 ], [ -120.9461, 45.325 ], [ -120.9582, 45.3087 ], [ -120.9722, 45.3086 ], [ -120.9731, 45.3203 ], [ -120.981, 45.3226 ], [ -120.993, 45.3074 ], [ -121.0157, 45.3071 ], [ -121.0312, 45.2859 ], [ -121.02, 45.2862 ], [ -121.0174, 45.282 ], [ -121.0249, 45.2752 ], [ -121.0189, 45.2687 ], [ -121.024, 45.2641 ], [ -121.0252, 45.2386 ], [ -121.0191, 45.2278 ], [ -121.024, 45.2185 ], [ -120.9845, 45.1978 ], [ -120.9538, 45.1962 ], [ -120.9534, 45.2015 ], [ -120.9404, 45.1981 ], [ -120.9312, 45.2036 ], [ -120.9285, 45.1998 ], [ -120.9191, 45.2027 ], [ -120.9196, 45.1977 ], [ -120.9003, 45.2034 ], [ -120.8699, 45.199 ], [ -120.8075, 45.1673 ], [ -120.7712, 45.1625 ], [ -120.7615, 45.1446 ], [ -120.7232, 45.1305 ], [ -120.7181, 45.1111 ], [ -120.7284, 45.0985 ], [ -120.7298, 45.0837 ], [ -120.5037, 45.0835 ], [ -120.4945, 45.0747 ], [ -120.4955, 45.0635 ], [ -120.4824, 45.0559 ], [ -120.4897, 45.0471 ], [ -120.4808, 45.0385 ], [ -120.489, 45.0279 ], [ -120.4793, 45.0174 ], [ -120.4876, 45.0023 ], [ -120.4772, 44.9819 ], [ -120.484, 44.973 ], [ -120.4766, 44.9679 ], [ -120.4856, 44.9634 ], [ -120.4892, 44.9516 ], [ -120.4798, 44.948 ], [ -120.4729, 44.9355 ], [ -120.4771, 44.931 ], [ -120.4687, 44.9138 ], [ -120.4742, 44.9091 ], [ -120.4597, 44.9037 ], [ -120.451, 44.9087 ], [ -120.4361, 44.8941 ], [ -120.4406, 44.8867 ], [ -120.4585, 44.8816 ], [ -120.4599, 44.8748 ], [ -120.4545, 44.8652 ], [ -120.413, 44.8525 ], [ -120.4005, 44.8301 ], [ -120.3714, 44.8218 ], [ -121.7251, 44.8255 ], [ -121.7251, 44.8299 ], [ -121.753, 44.8299 ], [ -121.7419, 44.8474 ], [ -121.7532, 44.8611 ], [ -121.7467, 44.8749 ], [ -121.7333, 44.8823 ], [ -121.7349, 44.8889 ], [ -121.7172, 44.898 ], [ -121.7144, 44.9059 ], [ -121.729, 44.9048 ], [ -121.7473, 44.9146 ], [ -121.7454, 44.923 ], [ -121.7633, 44.9417 ], [ -121.7798, 44.9352 ], [ -121.7956, 44.936 ], [ -121.7856, 44.9504 ], [ -121.8033, 44.9771 ], [ -121.8057, 45.0067 ], [ -121.7982, 45.0162 ] ] ] } },
{ "type": "Feature", "properties": { "GEOIDFQ": "1400000US41065970200", "NAME": "9702", "NAMELSAD": "Census Tract 9702" }, "geometry": { "type": "Polygon", "coordinates": [ [ [ -121.1873, 45.6067 ], [ -121.1698, 45.6019 ], [ -121.1672, 45.5904 ], [ -121.181, 45.5904 ], [ -121.1918, 45.5997 ], [ -121.1873, 45.6067 ] ] ] } },
{ "type": "Feature", "properties": { "GEOIDFQ": "1400000US41051010200", "NAME": "102", "NAMELSAD": "Census Tract 102" }, "geometry": { "type": "Polygon", "coordinates": [ [ [ -122.586, 45.6047 ], [ -122.5478, 45.5967 ], [ -122.4793, 45.5798 ], [ -122.4387, 45.5636 ], [ -122.4012, 45.571 ], [ -122.3817, 45.5559 ], [ -122.3855, 45.5446 ], [ -122.4196, 45.5399 ], [ -122.4957, 45.5427 ], [ -122.496, 45.5495 ], [ -122.5103, 45.5524 ], [ -122.51, 45.5668 ], [ -122.5455, 45.5769 ], [ -122.5866, 45.5987 ], [ -122.586, 45.6047 ] ] ] } },
{ "type": "Feature", "properties": { "GEOIDFQ": "1400000US41067032604", "NAME": "326.04", "NAMELSAD": "Census Tract 326.04" }, "geometry": { "type": "Polygon", "coordinates": [ [ [ -122.9997, 45.5371 ], [ -123.004, 45.5432 ], [ -122.9914, 45.5343 ], [ -122.9911, 45.5277 ], [ -122.9689, 45.5276 ], [ -122.9739, 45.5213 ], [ -123.0115, 45.5225 ], [ -122.9997, 45.5371 ] ] ] } },
{ "type": "Feature", "properties": { "GEOIDFQ": "1400000US41067031807", "NAME": "318.07", "NAMELSAD": "Census Tract 318.07" }, "geometry": { "type": "Polygon", "coordinates": [ [ [ -122.8261, 45.4858 ], [ -122.8261, 45.4657 ], [ -122.8363, 45.4656 ], [ -122.8327, 45.4777 ], [ -122.84, 45.481 ], [ -122.8261, 45.4858 ] ] ] } },
{ "type": "Feature", "properties": { "GEOIDFQ": "1400000US41067033400", "NAME": "334", "NAMELSAD": "Census Tract 334" }, "geometry": { "type": "Polygon", "coordinates": [ [ [ -123.1221, 45.7802 ], [ -123.1275, 45.764 ], [ -123.1185, 45.7515 ], [ -123.0918, 45.7457 ], [ -123.0627, 45.7123 ], [ -123.0682, 45.6776 ], [ -123.0525, 45.6621 ], [ -123.0442, 45.6355 ], [ -123.0312, 45.6292 ], [ -123.0301, 45.617 ], [ -123.0442, 45.6084 ], [ -123.1379, 45.646 ], [ -123.2107, 45.6901 ], [ -123.2377, 45.7126 ], [ -123.2392, 45.7237 ], [ -123.2716, 45.7426 ], [ -123.2802, 45.7534 ], [ -123.3123, 45.7625 ], [ -123.3404, 45.7798 ], [ -123.1221, 45.7802 ] ] ] } },
{ "type": "Feature", "properties": { "GEOIDFQ": "1400000US41067031507", "NAME": "315.07", "NAMELSAD": "Census Tract 315.07" }, "geometry": { "type": "Polygon", "coordinates": [ [ [ -122.8245, 45.5428 ], [ -122.8106, 45.5484 ], [ -122.8047, 45.5219 ], [ -122.8274, 45.5271 ], [ -122.8245, 45.5428 ] ] ] } },
{ "type": "Feature", "properties": { "GEOIDFQ": "1400000US41067030501", "NAME": "305.01", "NAMELSAD": "Census Tract 305.01" }, "geometry": { "type": "Polygon", "coordinates": [ [ [ -122.7866, 45.4694 ], [ -122.7742, 45.4717 ], [ -122.7511, 45.4677 ], [ -122.7741, 45.4533 ], [ -122.787, 45.4588 ], [ -122.7866, 45.4694 ] ] ] } },
{ "type": "Feature", "properties": { "GEOIDFQ": "1400000US41043020802", "NAME": "208.02", "NAMELSAD": "Census Tract 208.02" }, "geometry": { "type": "Polygon", "coordinates": [ [ [ -123.1093, 44.6239 ], [ -123.0833, 44.6252 ], [ -123.0829, 44.615 ], [ -123.1137, 44.61 ], [ -123.1093, 44.6239 ] ] ] } },
{ "type": "Feature", "properties": { "GEOIDFQ": "1400000US41043020801", "NAME": "208.01", "NAMELSAD": "Census Tract 208.01" }, "geometry": { "type": "Polygon", "coordinates": [ [ [ -123.1015, 44.6319 ], [ -123.0835, 44.6342 ], [ -123.0833, 44.6252 ], [ -123.1092, 44.6241 ], [ -123.1015, 44.6319 ] ] ] } },
{ "type": "Feature", "properties": { "GEOIDFQ": "1400000US41071030302", "NAME": "303.02", "NAMELSAD": "Census Tract 303.02" }, "geometry": { "type": "Polygon", "coordinates": [ [ [ -123.0322, 45.405 ], [ -123.0324, 45.3909 ], [ -123.0113, 45.391 ], [ -123.0117, 45.3763 ], [ -122.9914, 45.3755 ], [ -122.9914, 45.3611 ], [ -122.9703, 45.3608 ], [ -122.9702, 45.3469 ], [ -122.9839, 45.3461 ], [ -122.9694, 45.3319 ], [ -123.0033, 45.3288 ], [ -123.0034, 45.3127 ], [ -123.079, 45.3211 ], [ -123.0789, 45.3327 ], [ -123.1, 45.3565 ], [ -123.0949, 45.3817 ], [ -123.1031, 45.4044 ], [ -123.0322, 45.405 ] ] ] } },
{ "type": "Feature", "properties": { "GEOIDFQ": "1400000US41071030102", "NAME": "301.02", "NAMELSAD": "Census Tract 301.02" }, "geometry": { "type": "Polygon", "coordinates": [ [ [ -123.0033, 45.3288 ], [ -122.9397, 45.3316 ], [ -122.9412, 45.3202 ], [ -122.9613, 45.3175 ], [ -122.9641, 45.3095 ], [ -122.9822, 45.3068 ], [ -122.9887, 45.3002 ], [ -123.0018, 45.3037 ], [ -122.9983, 45.3105 ], [ -123.0033, 45.3288 ] ] ] } },
{ "type": "Feature", "properties": { "GEOIDFQ": "1400000US41071030602", "NAME": "306.02", "NAMELSAD": "Census Tract 306.02" }, "geometry": { "type": "Polygon", "coordinates": [ [ [ -123.3194, 45.2276 ], [ -123.2986, 45.223 ], [ -123.278, 45.2297 ], [ -123.295, 45.2362 ], [ -123.3013, 45.2541 ], [ -123.2886, 45.2633 ], [ -123.2706, 45.2661 ], [ -123.2464, 45.262 ], [ -123.2409, 45.2739 ], [ -123.2196, 45.274 ], [ -123.2219, 45.2661 ], [ -123.2045, 45.2647 ], [ -123.1798, 45.2521 ], [ -123.1416, 45.2568 ], [ -123.1276, 45.2539 ], [ -123.1219, 45.246 ], [ -123.1748, 45.2283 ], [ -123.1907, 45.2283 ], [ -123.1974, 45.2334 ], [ -123.2032, 45.228 ], [ -123.2193, 45.2334 ], [ -123.231, 45.2301 ], [ -123.2307, 45.1865 ], [ -123.2106, 45.1944 ], [ -123.2689, 45.1534 ], [ -123.2792, 45.1535 ], [ -123.2777, 45.1716 ], [ -123.2862, 45.1768 ], [ -123.2619, 45.1935 ], [ -123.2655, 45.2023 ], [ -123.2945, 45.206 ], [ -123.3068, 45.2021 ], [ -123.3139, 45.2133 ], [ -123.3295, 45.2129 ], [ -123.3315, 45.2183 ], [ -123.3194, 45.2276 ] ] ] } },
{ "type": "Feature", "properties": { "GEOIDFQ": "1400000US41071030601", "NAME": "306.01", "NAMELSAD": "Census Tract 306.01" }, "geometry": { "type": "Polygon", "coordinates": [ [ [ -123.2635, 45.1576 ], [ -123.2185, 45.1891 ], [ -123.1972, 45.1913 ], [ -123.1781, 45.2007 ], [ -123.1892, 45.2115 ], [ -123.1688, 45.2297 ], [ -123.121, 45.2456 ], [ -123.1248, 45.228 ], [ -123.1145, 45.2131 ], [ -123.1291, 45.2025 ], [ -123.1384, 45.1699 ], [ -123.1493, 45.1692 ], [ -123.166, 45.1831 ], [ -123.1715, 45.1765 ], [ -123.1987, 45.1735 ], [ -123.191, 45.168 ], [ -123.1966, 45.1614 ], [ -123.2123, 45.1699 ], [ -123.2285, 45.1586 ], [ -123.2323, 45.1622 ], [ -123.2429, 45.1548 ], [ -123.2572, 45.1567 ], [ -123.2517, 45.1495 ], [ -123.265, 45.139 ], [ -123.2571, 45.1344 ], [ -123.2759, 45.125 ], [ -123.2635, 45.1576 ] ] ] } },
{ "type": "Feature", "properties": { "GEOIDFQ": "1400000US41071030101", "NAME": "301.01", "NAMELSAD": "Census Tract 301.01" }, "geometry": { "type": "Polygon", "coordinates": [ [ [ -122.9088, 45.3462 ], [ -122.9089, 45.3175 ], [ -122.8679, 45.3173 ], [ -122.8681, 45.2597 ], [ -122.8499, 45.2597 ], [ -122.8672, 45.253 ], [ -122.8995, 45.2567 ], [ -122.9191, 45.2681 ], [ -122.9497, 45.2683 ], [ -122.9623, 45.2839 ], [ -122.9452, 45.2862 ], [ -122.9483, 45.3181 ], [ -122.9404, 45.3208 ], [ -122.9397, 45.3314 ], [ -122.9694, 45.3319 ], [ -122.9839, 45.3462 ], [ -122.9088, 45.3462 ] ] ] } },
{ "type": "Feature", "properties": { "GEOIDFQ": "1400000US41029001001", "NAME": "10.01", "NAMELSAD": "Census Tract 10.01" }, "geometry": { "type": "Polygon", "coordinates": [ [ [ -122.9041, 42.3787 ], [ -122.8853, 42.3633 ], [ -122.8853, 42.3567 ], [ -122.8933, 42.3626 ], [ -122.9079, 42.3626 ], [ -122.9179, 42.3738 ], [ -122.9041, 42.3787 ] ] ] } },
{ "type": "Feature", "properties": { "GEOIDFQ": "1400000US41047001502", "NAME": "15.02", "NAMELSAD": "Census Tract 15.02" }, "geometry": { "type": "Polygon", "coordinates": [ [ [ -123.0266, 45.0005 ], [ -123.0125, 44.9975 ], [ -123.0191, 45.0053 ], [ -122.9968, 45.0054 ], [ -123.0065, 44.9833 ], [ -123.0119, 44.9936 ], [ -123.0266, 44.9963 ], [ -123.0266, 45.0005 ] ] ] } },
{ "type": "Feature", "properties": { "GEOIDFQ": "1400000US41007990000", "NAME": "9900", "NAMELSAD": "Census Tract 9900" }, "geometry": { "type": "Polygon", "coordinates": [ [ [ -124.036, 46.2642 ], [ -124.0357, 46.2715 ], [ -124.0096, 46.2599 ], [ -123.974, 46.2563 ], [ -123.9609, 46.262 ], [ -123.9305, 46.2388 ], [ -123.8719, 46.2349 ], [ -123.8151, 46.2498 ], [ -123.7794, 46.2539 ], [ -123.7424, 46.2688 ], [ -123.7425, 46.2204 ], [ -123.7484, 46.2113 ], [ -123.7536, 46.2165 ], [ -123.7657, 46.2158 ], [ -123.7878, 46.2007 ], [ -123.8235, 46.1928 ], [ -123.8741, 46.1926 ], [ -123.8834, 46.1775 ], [ -123.9687, 46.2169 ], [ -123.9963, 46.2409 ], [ -124.0155, 46.2405 ], [ -124.0308, 46.2326 ], [ -124.0078, 46.2121 ], [ -123.9624, 46.1383 ], [ -123.9418, 46.0875 ], [ -123.9342, 46.0476 ], [ -123.9322, 46.0122 ], [ -123.9412, 45.979 ], [ -123.9575, 45.9788 ], [ -123.974, 45.9719 ], [ -123.9787, 45.9588 ], [ -123.9981, 45.9474 ], [ -123.9958, 45.9344 ], [ -123.9834, 45.9262 ], [ -123.9712, 45.9035 ], [ -123.9679, 45.8166 ], [ -123.9708, 45.8068 ], [ -123.9888, 45.8069 ], [ -123.9734, 45.7989 ], [ -123.9733, 45.7831 ], [ -124.0654, 45.7831 ], [ -124.0541, 45.7975 ], [ -124.0514, 45.8268 ], [ -124.0377, 45.8416 ], [ -124.0434, 45.8871 ], [ -124.0802, 45.9083 ], [ -124.0919, 45.9435 ], [ -124.0708, 45.9739 ], [ -124.0395, 45.9859 ], [ -124.0081, 46.0099 ], [ -124.0028, 46.0275 ], [ -124.0083, 46.0743 ], [ -124.0231, 46.1163 ], [ -124.0585, 46.1738 ], [ -124.0673, 46.1838 ], [ -124.1037, 46.1931 ], [ -124.1263, 46.2051 ], [ -124.147, 46.2289 ], [ -124.1594, 46.2611 ], [ -124.036, 46.2642 ] ] ] } },
{ "type": "Feature", "properties": { "GEOIDFQ": "1400000US41007951100", "NAME": "9511", "NAMELSAD": "Census Tract 9511" }, "geometry": { "type": "Polygon", "coordinates": [ [ [ -123.9787, 45.9588 ], [ -123.9757, 45.9701 ], [ -123.9622, 45.9776 ], [ -123.9151, 45.9826 ], [ -123.9106, 46.0105 ], [ -123.8798, 46.0092 ], [ -123.8738, 46.0141 ], [ -123.8492, 45.9877 ], [ -123.8238, 45.9948 ], [ -123.779, 45.9856 ], [ -123.7656, 45.9683 ], [ -123.7572, 45.969 ], [ -123.7374, 45.9542 ], [ -123.715, 45.9515 ], [ -123.7125, 45.9445 ], [ -123.7227, 45.943 ], [ -123.7298, 45.9332 ], [ -123.7249, 45.9231 ], [ -123.7455, 45.9065 ], [ -123.6982, 45.9109 ], [ -123.7154, 45.8912 ], [ -123.7102, 45.8725 ], [ -123.6947, 45.8578 ], [ -123.702, 45.8463 ], [ -123.6873, 45.8411 ], [ -123.679, 45.8298 ], [ -123.6945, 45.817 ], [ -123.6916, 45.8089 ], [ -123.7004, 45.8075 ], [ -123.6623, 45.7747 ], [ -123.72, 45.7731 ], [ -123.7198, 45.7832 ], [ -123.9733, 45.7831 ], [ -123.9734, 45.7989 ], [ -123.9888, 45.8069 ], [ -123.9708, 45.8068 ], [ -123.9679, 45.8166 ], [ -123.9712, 45.9035 ], [ -123.9834, 45.9262 ], [ -123.9958, 45.9344 ], [ -123.9981, 45.9474 ], [ -123.9787, 45.9588 ] ] ] } },
{ "type": "Feature", "properties": { "GEOIDFQ": "1400000US41011990101", "NAME": "9901.01", "NAMELSAD": "Census Tract 9901.01" }, "geometry": { "type": "Polygon", "coordinates": [ [ [ -124.5053, 43.068 ], [ -124.5164, 43.1025 ], [ -124.5149, 43.1275 ], [ -124.5012, 43.1482 ], [ -124.4816, 43.1594 ], [ -124.4652, 43.2003 ], [ -124.4703, 43.2455 ], [ -124.4555, 43.2682 ], [ -124.4748, 43.2886 ], [ -124.4769, 43.3294 ], [ -124.4256, 43.3859 ], [ -124.3792, 43.4041 ], [ -124.3287, 43.4998 ], [ -124.2902, 43.611 ], [ -124.2248, 43.6109 ], [ -124.2388, 43.5615 ], [ -124.315, 43.4025 ], [ -124.354, 43.3495 ], [ -124.3846, 43.3474 ], [ -124.3844, 43.3339 ], [ -124.4126, 43.3178 ], [ -124.3933, 43.2717 ], [ -124.4065, 43.2204 ], [ -124.4028, 43.209 ], [ -124.4277, 43.1279 ], [ -124.4487, 43.1273 ], [ -124.4513, 43.1223 ], [ -124.4398, 43.0973 ], [ -124.4581, 43.0223 ], [ -124.4824, 42.9691 ], [ -124.4901, 42.9543 ], [ -124.5524, 42.9543 ], [ -124.5053, 43.068 ] ] ] } },
{ "type": "Feature", "properties": { "GEOIDFQ": "1400000US41011000503", "NAME": "5.03", "NAMELSAD": "Census Tract 5.03" }, "geometry": { "type": "Polygon", "coordinates": [ [ [ -124.2759, 43.416 ], [ -124.2591, 43.4233 ], [ -124.2587, 43.4022 ], [ -124.2489, 43.3985 ], [ -124.249, 43.3916 ], [ -124.2837, 43.3961 ], [ -124.2759, 43.416 ] ] ] } },
{ "type": "Feature", "properties": { "GEOIDFQ": "1400000US41029000404", "NAME": "4.04", "NAMELSAD": "Census Tract 4.04" }, "geometry": { "type": "Polygon", "coordinates": [ [ [ -122.8453, 42.3602 ], [ -122.8225, 42.3602 ], [ -122.8231, 42.3455 ], [ -122.8458, 42.3456 ], [ -122.8453, 42.3602 ] ] ] } },
{ "type": "Feature", "properties": { "GEOIDFQ": "1400000US41029000501", "NAME": "5.01", "NAMELSAD": "Census Tract 5.01" }, "geometry": { "type": "Polygon", "coordinates": [ [ [ -122.8525, 42.3299 ], [ -122.8497, 42.3157 ], [ -122.8666, 42.324 ], [ -122.8702, 42.3311 ], [ -122.8525, 42.3299 ] ] ] } },
{ "type": "Feature", "properties": { "GEOIDFQ": "1400000US41067032609", "NAME": "326.09", "NAMELSAD": "Census Tract 326.09" }, "geometry": { "type": "Polygon", "coordinates": [ [ [ -122.9639, 45.5519 ], [ -122.9571, 45.5401 ], [ -122.9797, 45.5442 ], [ -122.9797, 45.55 ], [ -122.9639, 45.5519 ] ] ] } },
{ "type": "Feature", "properties": { "GEOIDFQ": "1400000US41067033101", "NAME": "331.01", "NAMELSAD": "Census Tract 331.01" }, "geometry": { "type": "Polygon", "coordinates": [ [ [ -123.1288, 45.5201 ], [ -123.0992, 45.5196 ], [ -123.0994, 45.5094 ], [ -123.1154, 45.5027 ], [ -123.1263, 45.4898 ], [ -123.1324, 45.5054 ], [ -123.1504, 45.5109 ], [ -123.1288, 45.5201 ] ] ] } },
{ "type": "Feature", "properties": { "GEOIDFQ": "1400000US41067033102", "NAME": "331.02", "NAMELSAD": "Census Tract 331.02" }, "geometry": { "type": "Polygon", "coordinates": [ [ [ -123.116, 45.5022 ], [ -123.0994, 45.5094 ], [ -123.0992, 45.5196 ], [ -123.0707, 45.5201 ], [ -123.0913, 45.512 ], [ -123.0896, 45.502 ], [ -123.0845, 45.5026 ], [ -123.0706, 45.5016 ], [ -123.0734, 45.4943 ], [ -123.0888, 45.5018 ], [ -123.096, 45.4964 ], [ -123.0925, 45.4926 ], [ -123.1129, 45.4904 ], [ -123.1185, 45.4776 ], [ -123.1251, 45.4748 ], [ -123.1314, 45.4826 ], [ -123.116, 45.5022 ] ] ] } },
{ "type": "Feature", "properties": { "GEOIDFQ": "1400000US41067032901", "NAME": "329.01", "NAMELSAD": "Census Tract 329.01" }, "geometry": { "type": "Polygon", "coordinates": [ [ [ -123.0735, 45.5515 ], [ -123.0628, 45.5549 ], [ -123.0518, 45.5455 ], [ -123.044, 45.5463 ], [ -123.0447, 45.5403 ], [ -123.037, 45.5402 ], [ -123.035, 45.5347 ], [ -123.0238, 45.5369 ], [ -123.0109, 45.52 ], [ -123.0707, 45.5201 ], [ -123.0646, 45.5308 ], [ -123.0828, 45.5277 ], [ -123.0735, 45.5515 ] ] ] } },
{ "type": "Feature", "properties": { "GEOIDFQ": "1400000US41009970300", "NAME": "9703", "NAMELSAD": "Census Tract 9703" }, "geometry": { "type": "Polygon", "coordinates": [ [ [ -123.0042, 46.1338 ], [ -122.9627, 46.1048 ], [ -122.9041, 46.0837 ], [ -122.8845, 46.0603 ], [ -122.877, 46.0198 ], [ -122.8941, 46.0262 ], [ -122.9216, 46.0276 ], [ -122.9308, 46.0378 ], [ -122.9444, 46.0349 ], [ -122.9489, 46.0506 ], [ -122.9602, 46.0548 ], [ -122.9651, 46.0654 ], [ -123.0001, 46.0452 ], [ -123.0167, 46.0124 ], [ -123.0316, 46.0116 ], [ -123.0336, 46.0267 ], [ -123.0264, 46.0369 ], [ -123.0318, 46.0588 ], [ -123.013, 46.0917 ], [ -123.0481, 46.0992 ], [ -123.0472, 46.127 ], [ -123.0536, 46.1374 ], [ -123.1024, 46.1619 ], [ -123.105, 46.1777 ], [ -123.0042, 46.1338 ] ] ] } },
{ "type": "Feature", "properties": { "GEOIDFQ": "1400000US41009970800", "NAME": "9708", "NAMELSAD": "Census Tract 9708" }, "geometry": { "type": "Polygon", "coordinates": [ [ [ -122.8614, 45.8615 ], [ -122.8171, 45.8662 ], [ -122.8153, 45.8705 ], [ -122.8076, 45.8682 ], [ -122.8201, 45.8464 ], [ -122.8444, 45.8514 ], [ -122.8422, 45.8554 ], [ -122.8721, 45.8556 ], [ -122.8614, 45.8615 ] ] ] } },
{ "type": "Feature", "properties": { "GEOIDFQ": "1400000US41009970900", "NAME": "9709", "NAMELSAD": "Census Tract 9709" }, "geometry": { "type": "Polygon", "coordinates": [ [ [ -122.8752, 45.7803 ], [ -122.8683, 45.7795 ], [ -122.8426, 45.7983 ], [ -122.8359, 45.8149 ], [ -122.841, 45.8215 ], [ -122.7853, 45.8581 ], [ -122.7956, 45.81 ], [ -122.7695, 45.7806 ], [ -122.7615, 45.7592 ], [ -122.7624, 45.7287 ], [ -122.7847, 45.7286 ], [ -122.7847, 45.7209 ], [ -122.8754, 45.7214 ], [ -122.8752, 45.7803 ] ] ] } },
{ "type": "Feature", "properties": { "GEOIDFQ": "1400000US41009971100", "NAME": "9711", "NAMELSAD": "Census Tract 9711" }, "geometry": { "type": "Polygon", "coordinates": [ [ [ -123.3595, 46.0112 ], [ -123.34, 46.0091 ], [ -123.3264, 46.0009 ], [ -123.3183, 46.003 ], [ -123.3149, 46.0124 ], [ -123.2954, 46.0124 ], [ -123.2859, 46.0049 ], [ -123.2639, 46.0021 ], [ -123.2491, 45.9852 ], [ -123.2099, 45.9731 ], [ -123.1866, 45.9779 ], [ -123.1649, 45.9583 ], [ -123.162, 45.9447 ], [ -123.1461, 45.9496 ], [ -123.1079, 45.9494 ], [ -123.091, 45.9448 ], [ -123.0674, 45.9288 ], [ -123.0591, 45.9316 ], [ -123.0593, 45.9425 ], [ -123.0389, 45.948 ], [ -123.0477, 45.9404 ], [ -123.0257, 45.931 ], [ -122.9852, 45.8643 ], [ -122.9965, 45.8576 ], [ -123.0287, 45.8622 ], [ -123.0414, 45.8517 ], [ -123.0368, 45.8414 ], [ -123.0458, 45.8363 ], [ -123.0521, 45.8115 ], [ -123.0512, 45.7978 ], [ -123.0393, 45.7904 ], [ -123.0726, 45.7918 ], [ -123.0979, 45.7813 ], [ -123.1152, 45.7801 ], [ -123.3615, 45.7806 ], [ -123.3595, 46.0112 ] ] ] } },
{ "type": "Feature", "properties": { "GEOIDFQ": "1400000US41009971000", "NAME": "9710", "NAMELSAD": "Census Tract 9710" }, "geometry": { "type": "Polygon", "coordinates": [ [ [ -123.0527, 45.7934 ], [ -123.0202, 45.7827 ], [ -123.0115, 45.7852 ], [ -122.9757, 45.7778 ], [ -122.9118, 45.7905 ], [ -122.891, 45.7713 ], [ -122.8793, 45.7716 ], [ -122.8754, 45.7214 ], [ -122.9291, 45.7215 ], [ -122.9289, 45.7357 ], [ -122.9904, 45.7365 ], [ -122.9903, 45.7508 ], [ -123.0318, 45.7514 ], [ -123.0309, 45.7792 ], [ -123.1152, 45.7801 ], [ -123.0527, 45.7934 ] ] ] } },
{ "type": "Feature", "properties": { "GEOIDFQ": "1400000US41009970700", "NAME": "9707", "NAMELSAD": "Census Tract 9707" }, "geometry": { "type": "Polygon", "coordinates": [ [ [ -122.8127, 45.852 ], [ -122.8069, 45.873 ], [ -122.7946, 45.88 ], [ -122.7853, 45.8581 ], [ -122.7953, 45.8558 ], [ -122.8007, 45.8439 ], [ -122.8194, 45.834 ], [ -122.825, 45.8419 ], [ -122.8127, 45.852 ] ] ] } },
{ "type": "Feature", "properties": { "GEOIDFQ": "1400000US41009970500", "NAME": "9705", "NAMELSAD": "Census Tract 9705" }, "geometry": { "type": "Polygon", "coordinates": [ [ [ -123.0458, 45.8363 ], [ -123.0368, 45.8414 ], [ -123.0414, 45.8517 ], [ -123.0287, 45.8622 ], [ -122.9965, 45.8576 ], [ -122.9852, 45.8643 ], [ -123.0257, 45.931 ], [ -123.0478, 45.9406 ], [ -123.0356, 45.9499 ], [ -123.0467, 45.9747 ], [ -123.0377, 45.9906 ], [ -123.0392, 46.0019 ], [ -123.032, 46.0013 ], [ -123.0149, 45.9837 ], [ -123.0094, 45.9857 ], [ -122.994, 45.9671 ], [ -122.9944, 45.9548 ], [ -122.9557, 45.9309 ], [ -122.94, 45.928 ], [ -122.9291, 45.9356 ], [ -122.9049, 45.9316 ], [ -122.8702, 45.9369 ], [ -122.8622, 45.9302 ], [ -122.8448, 45.9323 ], [ -122.8378, 45.9263 ], [ -122.8386, 45.9312 ], [ -122.8275, 45.9185 ], [ -122.8112, 45.9139 ], [ -122.7946, 45.88 ], [ -122.8028, 45.8777 ], [ -122.8062, 45.8685 ], [ -122.8153, 45.8705 ], [ -122.8187, 45.8659 ], [ -122.8925, 45.8547 ], [ -122.9317, 45.8349 ], [ -122.9383, 45.8062 ], [ -122.9118, 45.7905 ], [ -122.9754, 45.7779 ], [ -123.0115, 45.7852 ], [ -123.0202, 45.7827 ], [ -123.0487, 45.7946 ], [ -123.0521, 45.8116 ], [ -123.0458, 45.8363 ] ] ] } },
{ "type": "Feature", "properties": { "GEOIDFQ": "1400000US41009970600", "NAME": "9706", "NAMELSAD": "Census Tract 9706" }, "geometry": { "type": "Polygon", "coordinates": [ [ [ -122.9317, 45.8349 ], [ -122.8929, 45.8546 ], [ -122.8422, 45.8554 ], [ -122.8444, 45.8514 ], [ -122.8202, 45.8464 ], [ -122.825, 45.8419 ], [ -122.8194, 45.834 ], [ -122.8437, 45.8185 ], [ -122.8359, 45.8149 ], [ -122.8426, 45.7983 ], [ -122.8683, 45.7795 ], [ -122.8752, 45.7803 ], [ -122.8793, 45.7716 ], [ -122.891, 45.7713 ], [ -122.9178, 45.7966 ], [ -122.9383, 45.8066 ], [ -122.9317, 45.8349 ] ] ] } },
{ "type": "Feature", "properties": { "GEOIDFQ": "1400000US41035970901", "NAME": "9709.01", "NAMELSAD": "Census Tract 9709.01" }, "geometry": { "type": "Polygon", "coordinates": [ [ [ -121.9602, 42.297 ], [ -121.9634, 42.3049 ], [ -121.9539, 42.296 ], [ -121.9483, 42.2983 ], [ -121.9518, 42.2895 ], [ -121.9337, 42.2769 ], [ -121.928, 42.2815 ], [ -121.9436, 42.3242 ], [ -121.9393, 42.3397 ], [ -121.8849, 42.3546 ], [ -121.8546, 42.2863 ], [ -121.8274, 42.2564 ], [ -121.8226, 42.242 ], [ -121.8069, 42.2394 ], [ -121.7903, 42.2194 ], [ -121.8078, 42.2131 ], [ -121.7968, 42.1958 ], [ -121.8041, 42.1912 ], [ -121.8399, 42.1903 ], [ -121.8537, 42.1957 ], [ -121.8802, 42.1917 ], [ -121.9039, 42.2023 ], [ -121.9292, 42.2246 ], [ -121.9371, 42.2187 ], [ -121.9543, 42.2216 ], [ -121.9711, 42.2117 ], [ -121.9658, 42.2464 ], [ -121.9571, 42.2538 ], [ -121.9752, 42.2683 ], [ -121.9602, 42.297 ] ] ] } },
{ "type": "Feature", "properties": { "GEOIDFQ": "1400000US41005020504", "NAME": "205.04", "NAMELSAD": "Census Tract 205.04" }, "geometry": { "type": "Polygon", "coordinates": [ [ [ -122.6832, 45.4009 ], [ -122.6589, 45.3942 ], [ -122.6554, 45.3977 ], [ -122.6325, 45.3762 ], [ -122.6466, 45.3693 ], [ -122.6591, 45.3802 ], [ -122.6902, 45.3932 ], [ -122.6832, 45.4009 ] ] ] } },
{ "type": "Feature", "properties": { "GEOIDFQ": "1400000US41005020505", "NAME": "205.05", "NAMELSAD": "Census Tract 205.05" }, "geometry": { "type": "Polygon", "coordinates": [ [ [ -122.6554, 45.4085 ], [ -122.6276, 45.3931 ], [ -122.6207, 45.3786 ], [ -122.6358, 45.3791 ], [ -122.6597, 45.3989 ], [ -122.6554, 45.4085 ] ] ] } },
{ "type": "Feature", "properties": { "GEOIDFQ": "1400000US41005021300", "NAME": "213", "NAMELSAD": "Census Tract 213" }, "geometry": { "type": "Polygon", "coordinates": [ [ [ -122.6556, 45.4223 ], [ -122.6334, 45.4226 ], [ -122.6264, 45.4089 ], [ -122.6438, 45.4043 ], [ -122.6577, 45.4144 ], [ -122.6556, 45.4223 ] ] ] } },
{ "type": "Feature", "properties": { "GEOIDFQ": "1400000US41005021900", "NAME": "219", "NAMELSAD": "Census Tract 219" }, "geometry": { "type": "Polygon", "coordinates": [ [ [ -122.6025, 45.392 ], [ -122.5956, 45.3753 ], [ -122.6015, 45.3734 ], [ -122.6128, 45.3915 ], [ -122.6025, 45.392 ] ] ] } },
{ "type": "Feature", "properties": { "GEOIDFQ": "1400000US41029000201", "NAME": "2.01", "NAMELSAD": "Census Tract 2.01" }, "geometry": { "type": "Polygon", "coordinates": [ [ [ -122.8846, 42.3377 ], [ -122.8684, 42.318 ], [ -122.8773, 42.3165 ], [ -122.883, 42.3284 ], [ -122.8926, 42.331 ], [ -122.8846, 42.3377 ] ] ] } },
{ "type": "Feature", "properties": { "GEOIDFQ": "1400000US41029000202", "NAME": "2.02", "NAMELSAD": "Census Tract 2.02" }, "geometry": { "type": "Polygon", "coordinates": [ [ [ -122.883, 42.3284 ], [ -122.8783, 42.3201 ], [ -122.8875, 42.3176 ], [ -122.8936, 42.3237 ], [ -122.883, 42.3284 ] ] ] } },
{ "type": "Feature", "properties": { "GEOIDFQ": "1400000US41005023300", "NAME": "233", "NAMELSAD": "Census Tract 233" }, "geometry": { "type": "Polygon", "coordinates": [ [ [ -122.424, 45.418 ], [ -122.4136, 45.418 ], [ -122.4145, 45.4616 ], [ -122.3483, 45.4615 ], [ -122.3419, 45.4535 ], [ -122.342, 45.4181 ], [ -122.36, 45.4181 ], [ -122.3599, 45.404 ], [ -122.3963, 45.3908 ], [ -122.4233, 45.3943 ], [ -122.4183, 45.3971 ], [ -122.424, 45.418 ] ] ] } },
{ "type": "Feature", "properties": { "GEOIDFQ": "1400000US41061970500", "NAME": "9705", "NAMELSAD": "Census Tract 9705" }, "geometry": { "type": "Polygon", "coordinates": [ [ [ -118.1979, 45.4272 ], [ -118.198, 45.4704 ], [ -118.1175, 45.4707 ], [ -118.1198, 45.4652 ], [ -118.0979, 45.4402 ], [ -118.1001, 45.4245 ], [ -118.1062, 45.4255 ], [ -118.0993, 45.413 ], [ -118.0659, 45.3981 ], [ -118.0659, 45.3603 ], [ -118.0862, 45.3514 ], [ -118.0897, 45.3294 ], [ -118.105, 45.3298 ], [ -118.1251, 45.346 ], [ -118.165, 45.345 ], [ -118.1717, 45.3519 ], [ -118.1876, 45.3546 ], [ -118.2023, 45.3476 ], [ -118.2224, 45.3468 ], [ -118.2401, 45.3574 ], [ -118.2373, 45.3643 ], [ -118.2486, 45.3798 ], [ -118.2439, 45.402 ], [ -118.2515, 45.412 ], [ -118.2606, 45.414 ], [ -118.2677, 45.4276 ], [ -118.1979, 45.4272 ] ] ] } },
{ "type": "Feature", "properties": { "GEOIDFQ": "1400000US41061970300", "NAME": "9703", "NAMELSAD": "Census Tract 9703" }, "geometry": { "type": "Polygon", "coordinates": [ [ [ -117.9936, 45.4758 ], [ -117.9784, 45.4866 ], [ -117.979, 45.4932 ], [ -117.9236, 45.4966 ], [ -117.9086, 45.5112 ], [ -117.8782, 45.5184 ], [ -117.8687, 45.4937 ], [ -117.8525, 45.4919 ], [ -117.8097, 45.4668 ], [ -117.7847, 45.4415 ], [ -117.7729, 45.4379 ], [ -117.7667, 45.4437 ], [ -117.7514, 45.4331 ], [ -117.7308, 45.4364 ], [ -117.7095, 45.4172 ], [ -117.7101, 45.365 ], [ -117.6996, 45.3505 ], [ -117.7045, 45.342 ], [ -117.7, 45.3234 ], [ -117.7056, 45.3194 ], [ -117.6933, 45.3086 ], [ -117.6866, 45.2903 ], [ -117.6991, 45.2943 ], [ -117.6946, 45.2896 ], [ -117.7048, 45.2897 ], [ -117.6781, 45.275 ], [ -117.7577, 45.2856 ], [ -117.7801, 45.2818 ], [ -117.7728, 45.2808 ], [ -117.7671, 45.2678 ], [ -117.7849, 45.2645 ], [ -117.8008, 45.2708 ], [ -117.8018, 45.2661 ], [ -117.8185, 45.2814 ], [ -117.8584, 45.2993 ], [ -117.8602, 45.2533 ], [ -117.922, 45.2533 ], [ -117.9209, 45.2383 ], [ -117.9493, 45.2417 ], [ -117.9528, 45.2823 ], [ -117.9634, 45.2825 ], [ -117.9635, 45.3624 ], [ -117.9937, 45.3623 ], [ -117.9936, 45.4758 ] ] ] } },
{ "type": "Feature", "properties": { "GEOIDFQ": "1400000US41061970800", "NAME": "9708", "NAMELSAD": "Census Tract 9708" }, "geometry": { "type": "Polygon", "coordinates": [ [ [ -117.9938, 45.3696 ], [ -117.9937, 45.3623 ], [ -117.9635, 45.3624 ], [ -117.9634, 45.2825 ], [ -117.9528, 45.2823 ], [ -117.9493, 45.242 ], [ -118.0194, 45.2483 ], [ -118.038, 45.2948 ], [ -118.0656, 45.3121 ], [ -118.0762, 45.3113 ], [ -118.0879, 45.3247 ], [ -117.9938, 45.3696 ] ] ] } },
{ "type": "Feature", "properties": { "GEOIDFQ": "1400000US41061970700", "NAME": "9707", "NAMELSAD": "Census Tract 9707" }, "geometry": { "type": "Polygon", "coordinates": [ [ [ -118.0966, 45.3142 ], [ -118.0963, 45.3298 ], [ -118.0762, 45.3172 ], [ -118.0762, 45.3113 ], [ -118.0966, 45.3142 ] ] ] } },
{ "type": "Feature", "properties": { "GEOIDFQ": "1400000US41061970600", "NAME": "9706", "NAMELSAD": "Census Tract 9706" }, "geometry": { "type": "Polygon", "coordinates": [ [ [ -118.6132, 45.3399 ], [ -118.6131, 45.3552 ], [ -118.4283, 45.3552 ], [ -118.4285, 45.4291 ], [ -118.4048, 45.429 ], [ -118.4048, 45.4425 ], [ -118.3842, 45.4426 ], [ -118.3841, 45.4352 ], [ -118.3665, 45.4353 ], [ -118.3663, 45.429 ], [ -118.2676, 45.4291 ], [ -118.2606, 45.414 ], [ -118.2515, 45.412 ], [ -118.2439, 45.402 ], [ -118.2486, 45.3798 ], [ -118.2373, 45.3643 ], [ -118.239, 45.3562 ], [ -118.2224, 45.3468 ], [ -118.2023, 45.3476 ], [ -118.1886, 45.3547 ], [ -118.1721, 45.3521 ], [ -118.165, 45.345 ], [ -118.1249, 45.346 ], [ -118.1051, 45.3299 ], [ -118.0965, 45.3298 ], [ -118.0971, 45.3133 ], [ -118.0656, 45.3121 ], [ -118.038, 45.2948 ], [ -118.0121, 45.2288 ], [ -118.0503, 45.193 ], [ -118.0332, 45.1765 ], [ -118.0403, 45.1483 ], [ -118.0511, 45.1398 ], [ -118.0563, 45.1428 ], [ -118.0675, 45.1373 ], [ -118.09, 45.1521 ], [ -118.0926, 45.1444 ], [ -118.135, 45.1515 ], [ -118.1384, 45.143 ], [ -118.1523, 45.1448 ], [ -118.128, 45.1336 ], [ -118.1182, 45.119 ], [ -118.1265, 45.1111 ], [ -118.118, 45.1104 ], [ -118.1186, 45.1037 ], [ -118.1342, 45.0965 ], [ -118.1192, 45.0474 ], [ -118.1411, 45.0464 ], [ -118.1343, 45.0438 ], [ -118.1411, 45.041 ], [ -118.1366, 45.0408 ], [ -118.1409, 45.0295 ], [ -118.1592, 45.0165 ], [ -118.1864, 45.0192 ], [ -118.2142, 45.0074 ], [ -118.2136, 44.9898 ], [ -118.2316, 44.9703 ], [ -118.2322, 44.9607 ], [ -118.2746, 44.9574 ], [ -118.2863, 44.965 ], [ -118.299, 44.9606 ], [ -118.3086, 44.9721 ], [ -118.3193, 44.976 ], [ -118.3297, 44.9724 ], [ -118.3595, 44.9923 ], [ -118.3798, 44.9795 ], [ -118.3875, 44.9838 ], [ -118.3899, 44.9724 ], [ -118.4045, 44.9765 ], [ -118.4361, 44.9624 ], [ -118.4364, 44.983 ], [ -118.4463, 44.99 ], [ -118.4644, 44.9898 ], [ -118.4689, 44.9952 ], [ -118.5187, 44.9959 ], [ -118.5187, 45.0807 ], [ -118.5477, 45.0808 ], [ -118.5466, 45.1969 ], [ -118.656, 45.1969 ], [ -118.6561, 45.2577 ], [ -118.697, 45.2576 ], [ -118.6978, 45.3456 ], [ -118.6132, 45.3399 ] ] ] } },
{ "type": "Feature", "properties": { "GEOIDFQ": "1400000US41061970200", "NAME": "9702", "NAMELSAD": "Census Tract 9702" }, "geometry": { "type": "Polygon", "coordinates": [ [ [ -118.1384, 45.143 ], [ -118.135, 45.1515 ], [ -118.0926, 45.1444 ], [ -118.09, 45.1521 ], [ -118.0676, 45.1373 ], [ -118.0563, 45.1428 ], [ -118.0511, 45.1398 ], [ -118.0334, 45.1617 ], [ -118.0341, 45.1793 ], [ -118.0503, 45.193 ], [ -118.0129, 45.2255 ], [ -118.0194, 45.2483 ], [ -117.96, 45.2458 ], [ -117.9209, 45.2383 ], [ -117.922, 45.2533 ], [ -117.8602, 45.2533 ], [ -117.8591, 45.2991 ], [ -117.8185, 45.2814 ], [ -117.8018, 45.2661 ], [ -117.8008, 45.2708 ], [ -117.7849, 45.2645 ], [ -117.7671, 45.2678 ], [ -117.7728, 45.2808 ], [ -117.7801, 45.2818 ], [ -117.7577, 45.2856 ], [ -117.6781, 45.275 ], [ -117.7048, 45.2897 ], [ -117.6946, 45.2896 ], [ -117.6991, 45.2943 ], [ -117.6866, 45.2903 ], [ -117.6933, 45.3086 ], [ -117.7056, 45.3194 ], [ -117.7, 45.3234 ], [ -117.7045, 45.342 ], [ -117.6996, 45.3505 ], [ -117.7105, 45.368 ], [ -117.7082, 45.4147 ], [ -117.7276, 45.4354 ], [ -117.7416, 45.4334 ], [ -117.7482, 45.4421 ], [ -117.7475, 45.5147 ], [ -117.684, 45.5152 ], [ -117.6838, 45.4284 ], [ -117.6641, 45.4283 ], [ -117.6634, 45.3657 ], [ -117.6435, 45.3653 ], [ -117.6435, 45.3369 ], [ -117.5823, 45.3381 ], [ -117.5822, 45.3102 ], [ -117.5622, 45.3102 ], [ -117.562, 45.2959 ], [ -117.5421, 45.296 ], [ -117.5422, 45.2674 ], [ -117.5222, 45.2677 ], [ -117.5209, 45.2098 ], [ -117.4768, 45.21 ], [ -117.4767, 45.1665 ], [ -117.266, 45.1665 ], [ -117.266, 45.0806 ], [ -117.5635, 45.0794 ], [ -117.564, 44.9929 ], [ -117.7775, 44.9922 ], [ -117.7849, 44.9983 ], [ -117.7787, 45.0101 ], [ -117.796, 45.0185 ], [ -117.7937, 45.0261 ], [ -117.804, 45.0275 ], [ -117.8051, 45.0329 ], [ -117.813, 45.0321 ], [ -117.812, 45.0245 ], [ -117.8181, 45.0259 ], [ -117.8407, 45.0502 ], [ -117.8378, 45.0551 ], [ -117.8538, 45.0604 ], [ -117.8626, 45.0544 ], [ -117.8742, 45.0656 ], [ -117.8725, 45.0612 ], [ -117.8884, 45.0571 ], [ -117.8861, 45.0497 ], [ -117.8965, 45.0378 ], [ -117.9288, 45.0147 ], [ -117.9686, 44.9959 ], [ -117.9988, 44.9943 ], [ -118.0695, 45.0169 ], [ -118.0988, 45.0449 ], [ -118.1411, 45.041 ], [ -118.1343, 45.0438 ], [ -118.1411, 45.0464 ], [ -118.1192, 45.0474 ], [ -118.1342, 45.0965 ], [ -118.1186, 45.1037 ], [ -118.118, 45.1104 ], [ -118.1265, 45.1112 ], [ -118.1179, 45.1166 ], [ -118.128, 45.1336 ], [ -118.1524, 45.1442 ], [ -118.1384, 45.143 ] ] ] } },
{ "type": "Feature", "properties": { "GEOIDFQ": "1400000US41061970400", "NAME": "9704", "NAMELSAD": "Census Tract 9704" }, "geometry": { "type": "Polygon", "coordinates": [ [ [ -118.1164, 45.4988 ], [ -118.0621, 45.5086 ], [ -118.0385, 45.5008 ], [ -118.031, 45.4869 ], [ -118.0558, 45.4856 ], [ -118.049, 45.442 ], [ -117.9939, 45.4423 ], [ -117.9947, 45.3681 ], [ -118.088, 45.3246 ], [ -118.0924, 45.3273 ], [ -118.0863, 45.3512 ], [ -118.0659, 45.3605 ], [ -118.0659, 45.3981 ], [ -118.0991, 45.4128 ], [ -118.1062, 45.4255 ], [ -118.1001, 45.4245 ], [ -118.0979, 45.4402 ], [ -118.1199, 45.4658 ], [ -118.1164, 45.4988 ] ] ] } },
{ "type": "Feature", "properties": { "GEOIDFQ": "1400000US41061970100", "NAME": "9701", "NAMELSAD": "Census Tract 9701" }, "geometry": { "type": "Polygon", "coordinates": [ [ [ -118.1172, 45.6886 ], [ -118.0664, 45.6884 ], [ -118.0665, 45.7735 ], [ -118.0451, 45.7735 ], [ -118.045, 45.8171 ], [ -117.9729, 45.8169 ], [ -117.973, 45.8606 ], [ -117.7473, 45.8611 ], [ -117.7476, 45.7736 ], [ -117.7884, 45.7735 ], [ -117.7886, 45.7476 ], [ -117.7876, 45.6896 ], [ -117.7669, 45.6896 ], [ -117.7671, 45.6602 ], [ -117.7461, 45.6607 ], [ -117.746, 45.6166 ], [ -117.7272, 45.617 ], [ -117.7272, 45.5147 ], [ -117.7475, 45.5147 ], [ -117.7482, 45.4421 ], [ -117.7417, 45.4342 ], [ -117.7516, 45.4332 ], [ -117.7667, 45.4437 ], [ -117.7729, 45.4379 ], [ -117.7847, 45.4415 ], [ -117.8097, 45.4668 ], [ -117.8525, 45.4919 ], [ -117.8687, 45.4937 ], [ -117.8786, 45.5185 ], [ -117.9086, 45.5112 ], [ -117.9236, 45.4966 ], [ -117.979, 45.4932 ], [ -117.9784, 45.4866 ], [ -117.9936, 45.4758 ], [ -117.9939, 45.4423 ], [ -118.049, 45.442 ], [ -118.0558, 45.4856 ], [ -118.0317, 45.486 ], [ -118.0383, 45.5006 ], [ -118.0628, 45.5087 ], [ -118.107, 45.5025 ], [ -118.1123, 45.497 ], [ -118.1184, 45.5147 ], [ -118.1172, 45.6886 ] ] ] } },
{ "type": "Feature", "properties": { "GEOIDFQ": "1400000US41027950201", "NAME": "9502.01", "NAMELSAD": "Census Tract 9502.01" }, "geometry": { "type": "Polygon", "coordinates": [ [ [ -121.6681, 45.6529 ], [ -121.6591, 45.6483 ], [ -121.6437, 45.6545 ], [ -121.6337, 45.6678 ], [ -121.6086, 45.6793 ], [ -121.6152, 45.6859 ], [ -121.6282, 45.6868 ], [ -121.6397, 45.679 ], [ -121.6381, 45.7048 ], [ -121.5627, 45.7199 ], [ -121.5535, 45.7114 ], [ -121.5684, 45.706 ], [ -121.5702, 45.7003 ], [ -121.5439, 45.6966 ], [ -121.5417, 45.6895 ], [ -121.5074, 45.6931 ], [ -121.5211, 45.6662 ], [ -121.5551, 45.651 ], [ -121.5721, 45.6517 ], [ -121.5866, 45.6453 ], [ -121.6133, 45.6229 ], [ -121.6407, 45.6227 ], [ -121.6355, 45.6244 ], [ -121.644, 45.6288 ], [ -121.637, 45.6322 ], [ -121.6639, 45.6401 ], [ -121.6696, 45.637 ], [ -121.6747, 45.6428 ], [ -121.6681, 45.6529 ] ] ] } },
{ "type": "Feature", "properties": { "GEOIDFQ": "1400000US41027950202", "NAME": "9502.02", "NAMELSAD": "Census Tract 9502.02" }, "geometry": { "type": "Polygon", "coordinates": [ [ [ -121.5543, 45.7105 ], [ -121.539, 45.7106 ], [ -121.5389, 45.7038 ], [ -121.5236, 45.6995 ], [ -121.5236, 45.693 ], [ -121.5417, 45.6895 ], [ -121.5439, 45.6966 ], [ -121.5702, 45.7027 ], [ -121.5543, 45.7105 ] ] ] } },
{ "type": "Feature", "properties": { "GEOIDFQ": "1400000US41027950301", "NAME": "9503.01", "NAMELSAD": "Census Tract 9503.01" }, "geometry": { "type": "Polygon", "coordinates": [ [ [ -121.5329, 45.7265 ], [ -121.4947, 45.7185 ], [ -121.5101, 45.7026 ], [ -121.5074, 45.6931 ], [ -121.5236, 45.693 ], [ -121.5236, 45.7022 ], [ -121.5146, 45.7022 ], [ -121.5164, 45.7096 ], [ -121.5543, 45.7105 ], [ -121.5627, 45.7199 ], [ -121.5329, 45.7265 ] ] ] } },
{ "type": "Feature", "properties": { "GEOIDFQ": "1400000US41027950302", "NAME": "9503.02", "NAMELSAD": "Census Tract 9503.02" }, "geometry": { "type": "Polygon", "coordinates": [ [ [ -121.5164, 45.7096 ], [ -121.5146, 45.7022 ], [ -121.5343, 45.6998 ], [ -121.539, 45.7106 ], [ -121.5164, 45.7096 ] ] ] } },
{ "type": "Feature", "properties": { "GEOIDFQ": "1400000US41011000502", "NAME": "5.02", "NAMELSAD": "Census Tract 5.02" }, "geometry": { "type": "Polygon", "coordinates": [ [ [ -124.3844, 43.3339 ], [ -124.3846, 43.3474 ], [ -124.354, 43.3495 ], [ -124.3051, 43.418 ], [ -124.2865, 43.4571 ], [ -124.2506, 43.4496 ], [ -124.2359, 43.4267 ], [ -124.2726, 43.419 ], [ -124.2908, 43.3841 ], [ -124.3094, 43.368 ], [ -124.3031, 43.3478 ], [ -124.294, 43.3445 ], [ -124.2857, 43.3508 ], [ -124.2577, 43.3368 ], [ -124.2541, 43.3161 ], [ -124.264, 43.2942 ], [ -124.2623, 43.2682 ], [ -124.2724, 43.256 ], [ -124.2855, 43.2538 ], [ -124.3068, 43.2094 ], [ -124.3332, 43.2224 ], [ -124.3548, 43.2142 ], [ -124.3867, 43.2154 ], [ -124.4065, 43.2083 ], [ -124.3931, 43.2682 ], [ -124.4126, 43.3178 ], [ -124.3844, 43.3339 ] ] ] } },
{ "type": "Feature", "properties": { "GEOIDFQ": "1400000US41011000600", "NAME": "6", "NAMELSAD": "Census Tract 6" }, "geometry": { "type": "Polygon", "coordinates": [ [ [ -124.2573, 43.3606 ], [ -124.2614, 43.3668 ], [ -124.2466, 43.3719 ], [ -124.2397, 43.3876 ], [ -124.2253, 43.3877 ], [ -124.2225, 43.366 ], [ -124.2423, 43.3596 ], [ -124.255, 43.3466 ], [ -124.26, 43.346 ], [ -124.2573, 43.3606 ] ] ] } },
{ "type": "Feature", "properties": { "GEOIDFQ": "1400000US41011000800", "NAME": "8", "NAMELSAD": "Census Tract 8" }, "geometry": { "type": "Polygon", "coordinates": [ [ [ -124.2024, 43.3115 ], [ -124.2047, 43.3252 ], [ -124.192, 43.3339 ], [ -124.1973, 43.3403 ], [ -124.1951, 43.3612 ], [ -124.2084, 43.3629 ], [ -124.2092, 43.3727 ], [ -124.1806, 43.3738 ], [ -124.1754, 43.354 ], [ -124.1595, 43.3436 ], [ -124.1581, 43.3171 ], [ -124.1456, 43.3111 ], [ -124.1534, 43.3043 ], [ -124.1483, 43.2884 ], [ -124.1521, 43.2828 ], [ -124.1756, 43.2943 ], [ -124.1961, 43.2934 ], [ -124.2108, 43.3054 ], [ -124.2024, 43.3115 ] ] ] } },
{ "type": "Feature", "properties": { "GEOIDFQ": "1400000US41011000200", "NAME": "2", "NAMELSAD": "Census Tract 2" }, "geometry": { "type": "Polygon", "coordinates": [ [ [ -124.2172, 43.4168 ], [ -124.1951, 43.4192 ], [ -124.1743, 43.4306 ], [ -124.152, 43.4257 ], [ -124.134, 43.4286 ], [ -124.111, 43.4356 ], [ -124.1067, 43.4467 ], [ -124.0929, 43.4555 ], [ -124.0765, 43.4527 ], [ -124.0724, 43.4589 ], [ -124.086, 43.469 ], [ -124.0869, 43.4802 ], [ -124.0516, 43.5022 ], [ -124.0246, 43.5077 ], [ -124.0125, 43.5255 ], [ -123.9975, 43.5325 ], [ -123.9988, 43.5454 ], [ -123.9822, 43.551 ], [ -123.979, 43.6094 ], [ -123.8757, 43.6084 ], [ -123.8756, 43.5159 ], [ -123.8167, 43.5164 ], [ -123.8176, 43.4313 ], [ -123.7649, 43.4315 ], [ -123.7615, 43.4223 ], [ -123.7643, 43.2636 ], [ -123.7746, 43.2712 ], [ -123.7941, 43.2638 ], [ -123.7954, 43.268 ], [ -123.8053, 43.2592 ], [ -123.8335, 43.2612 ], [ -123.8395, 43.2569 ], [ -123.8602, 43.2678 ], [ -123.8666, 43.2595 ], [ -123.8993, 43.2482 ], [ -123.9363, 43.2499 ], [ -123.9819, 43.233 ], [ -124.0069, 43.2321 ], [ -124.018, 43.2119 ], [ -124.0179, 43.1968 ], [ -124.0403, 43.2087 ], [ -124.06, 43.2101 ], [ -124.0673, 43.2061 ], [ -124.0905, 43.2291 ], [ -124.1042, 43.2359 ], [ -124.1223, 43.2366 ], [ -124.1202, 43.2501 ], [ -124.1295, 43.2575 ], [ -124.1294, 43.272 ], [ -124.1521, 43.2828 ], [ -124.1533, 43.3046 ], [ -124.1448, 43.3078 ], [ -124.1583, 43.3175 ], [ -124.1538, 43.3198 ], [ -124.1617, 43.3299 ], [ -124.1596, 43.3437 ], [ -124.1754, 43.354 ], [ -124.1781, 43.3723 ], [ -124.2078, 43.3742 ], [ -124.2172, 43.3822 ], [ -124.2172, 43.4168 ] ] ] } },
{ "type": "Feature", "properties": { "GEOIDFQ": "1400000US41011000300", "NAME": "3", "NAMELSAD": "Census Tract 3" }, "geometry": { "type": "Polygon", "coordinates": [ [ [ -124.2191, 43.408 ], [ -124.2159, 43.3964 ], [ -124.2218, 43.3855 ], [ -124.2276, 43.3916 ], [ -124.2392, 43.3916 ], [ -124.2393, 43.4066 ], [ -124.2191, 43.408 ] ] ] } },
{ "type": "Feature", "properties": { "GEOIDFQ": "1400000US41029002600", "NAME": "26", "NAMELSAD": "Census Tract 26" }, "geometry": { "type": "Polygon", "coordinates": [ [ [ -122.7464, 42.5274 ], [ -122.7301, 42.5283 ], [ -122.7207, 42.5401 ], [ -122.7136, 42.5393 ], [ -122.7215, 42.546 ], [ -122.717, 42.5529 ], [ -122.6983, 42.5605 ], [ -122.7047, 42.5605 ], [ -122.7083, 42.5806 ], [ -122.6981, 42.5931 ], [ -122.7084, 42.6072 ], [ -122.6792, 42.6258 ], [ -122.6914, 42.6439 ], [ -122.6902, 42.6558 ], [ -122.7028, 42.6596 ], [ -122.7176, 42.6547 ], [ -122.739, 42.6627 ], [ -122.7559, 42.6621 ], [ -122.7461, 42.6662 ], [ -122.7332, 42.6865 ], [ -122.7225, 42.6898 ], [ -122.7236, 42.7094 ], [ -122.7102, 42.7386 ], [ -122.7021, 42.7424 ], [ -122.7072, 42.7486 ], [ -122.6389, 42.7908 ], [ -122.6273, 42.817 ], [ -122.6311, 42.834 ], [ -122.6174, 42.844 ], [ -122.6014, 42.8752 ], [ -122.6056, 42.8878 ], [ -122.6217, 42.8968 ], [ -122.6003, 42.8957 ], [ -122.6002, 42.9111 ], [ -122.5801, 42.9108 ], [ -122.58, 42.9247 ], [ -122.5603, 42.9247 ], [ -122.5603, 42.9392 ], [ -122.4602, 42.9399 ], [ -122.4602, 42.9544 ], [ -122.4405, 42.9544 ], [ -122.4405, 42.9689 ], [ -122.4209, 42.9689 ], [ -122.4208, 42.9834 ], [ -122.4011, 42.9835 ], [ -122.401, 42.9966 ], [ -122.2827, 42.9965 ], [ -122.2877, 42.3953 ], [ -122.3136, 42.3979 ], [ -122.3648, 42.3836 ], [ -122.43, 42.3931 ], [ -122.4421, 42.3879 ], [ -122.4715, 42.3892 ], [ -122.5357, 42.4029 ], [ -122.5916, 42.4265 ], [ -122.6032, 42.4252 ], [ -122.605, 42.4139 ], [ -122.6484, 42.4274 ], [ -122.653, 42.4171 ], [ -122.653, 42.4373 ], [ -122.6704, 42.4362 ], [ -122.6768, 42.4399 ], [ -122.6742, 42.4447 ], [ -122.6848, 42.4423 ], [ -122.6949, 42.4514 ], [ -122.7071, 42.4484 ], [ -122.7047, 42.4592 ], [ -122.7153, 42.4631 ], [ -122.7268, 42.4501 ], [ -122.7377, 42.4485 ], [ -122.7432, 42.4328 ], [ -122.7339, 42.4226 ], [ -122.7498, 42.422 ], [ -122.7583, 42.4372 ], [ -122.7178, 42.4681 ], [ -122.7423, 42.4787 ], [ -122.7263, 42.4873 ], [ -122.7477, 42.4873 ], [ -122.7476, 42.4996 ], [ -122.7597, 42.5027 ], [ -122.7616, 42.5182 ], [ -122.7464, 42.5274 ] ] ] } },
{ "type": "Feature", "properties": { "GEOIDFQ": "1400000US41029000100", "NAME": "1", "NAMELSAD": "Census Tract 1" }, "geometry": { "type": "Polygon", "coordinates": [ [ [ -122.8816, 42.3455 ], [ -122.8736, 42.3411 ], [ -122.868, 42.3254 ], [ -122.8552, 42.3158 ], [ -122.8589, 42.3132 ], [ -122.8664, 42.3129 ], [ -122.8753, 42.3213 ], [ -122.8816, 42.3455 ] ] ] } },
{ "type": "Feature", "properties": { "GEOIDFQ": "1400000US41029002400", "NAME": "24", "NAMELSAD": "Census Tract 24" }, "geometry": { "type": "Polygon", "coordinates": [ [ [ -122.8148, 42.2944 ], [ -122.7988, 42.2944 ], [ -122.7941, 42.3024 ], [ -122.7865, 42.2996 ], [ -122.7952, 42.2956 ], [ -122.7877, 42.2871 ], [ -122.7763, 42.2935 ], [ -122.7713, 42.2757 ], [ -122.7565, 42.2686 ], [ -122.7557, 42.2598 ], [ -122.7373, 42.2563 ], [ -122.7386, 42.2488 ], [ -122.7186, 42.2457 ], [ -122.7104, 42.237 ], [ -122.7174, 42.2249 ], [ -122.699, 42.2257 ], [ -122.694, 42.2164 ], [ -122.6697, 42.2084 ], [ -122.673, 42.2053 ], [ -122.6404, 42.2007 ], [ -122.6254, 42.1786 ], [ -122.6042, 42.1646 ], [ -122.6068, 42.158 ], [ -122.5898, 42.141 ], [ -122.5811, 42.1405 ], [ -122.5764, 42.1383 ], [ -122.5977, 42.1401 ], [ -122.6106, 42.1313 ], [ -122.6203, 42.1359 ], [ -122.627, 42.1541 ], [ -122.6583, 42.1851 ], [ -122.6664, 42.1854 ], [ -122.6739, 42.1955 ], [ -122.7075, 42.2153 ], [ -122.7703, 42.2428 ], [ -122.8178, 42.2851 ], [ -122.8148, 42.2944 ] ] ] } },
{ "type": "Feature", "properties": { "GEOIDFQ": "1400000US41029000800", "NAME": "8", "NAMELSAD": "Census Tract 8" }, "geometry": { "type": "Polygon", "coordinates": [ [ [ -122.9587, 42.3271 ], [ -122.9412, 42.3273 ], [ -122.929, 42.3408 ], [ -122.8924, 42.341 ], [ -122.8871, 42.3355 ], [ -122.8951, 42.3122 ], [ -122.9111, 42.3121 ], [ -122.9114, 42.3013 ], [ -122.9322, 42.3016 ], [ -122.9324, 42.3087 ], [ -122.9549, 42.3164 ], [ -122.9587, 42.3271 ] ] ] } },
{ "type": "Feature", "properties": { "GEOIDFQ": "1400000US41029002200", "NAME": "22", "NAMELSAD": "Census Tract 22" }, "geometry": { "type": "Polygon", "coordinates": [ [ [ -122.7146, 42.1958 ], [ -122.7118, 42.1905 ], [ -122.7018, 42.1904 ], [ -122.6977, 42.1781 ], [ -122.6881, 42.1836 ], [ -122.6617, 42.1704 ], [ -122.6749, 42.1514 ], [ -122.6784, 42.149 ], [ -122.6787, 42.1563 ], [ -122.6988, 42.1569 ], [ -122.6986, 42.1708 ], [ -122.7124, 42.1709 ], [ -122.7131, 42.1564 ], [ -122.7178, 42.1564 ], [ -122.7146, 42.1958 ] ] ] } },
{ "type": "Feature", "properties": { "GEOIDFQ": "1400000US41029001100", "NAME": "11", "NAMELSAD": "Census Tract 11" }, "geometry": { "type": "Polygon", "coordinates": [ [ [ -123.0405, 42.4503 ], [ -123.0112, 42.4629 ], [ -123.0031, 42.4557 ], [ -123.0067, 42.4457 ], [ -122.9747, 42.4312 ], [ -122.9493, 42.4401 ], [ -122.8918, 42.4409 ], [ -122.8855, 42.4261 ], [ -122.8853, 42.3633 ], [ -122.941, 42.4054 ], [ -122.9596, 42.412 ], [ -122.991, 42.4128 ], [ -123.0423, 42.4261 ], [ -123.0405, 42.4503 ] ] ] } },
{ "type": "Feature", "properties": { "GEOIDFQ": "1400000US41029002500", "NAME": "25", "NAMELSAD": "Census Tract 25" }, "geometry": { "type": "Polygon", "coordinates": [ [ [ -122.7806, 42.3103 ], [ -122.7914, 42.3123 ], [ -122.7823, 42.3197 ], [ -122.7807, 42.3317 ], [ -122.753, 42.3232 ], [ -122.7302, 42.3266 ], [ -122.7276, 42.3328 ], [ -122.7164, 42.3245 ], [ -122.7105, 42.3385 ], [ -122.6944, 42.3476 ], [ -122.7085, 42.3715 ], [ -122.7395, 42.3908 ], [ -122.7498, 42.422 ], [ -122.7339, 42.4226 ], [ -122.7432, 42.4328 ], [ -122.7377, 42.4485 ], [ -122.7268, 42.4501 ], [ -122.7161, 42.4631 ], [ -122.7047, 42.4592 ], [ -122.7071, 42.4484 ], [ -122.6949, 42.4514 ], [ -122.6848, 42.4423 ], [ -122.6742, 42.4447 ], [ -122.6768, 42.4399 ], [ -122.6704, 42.4362 ], [ -122.653, 42.4373 ], [ -122.653, 42.4171 ], [ -122.6484, 42.4274 ], [ -122.605, 42.4139 ], [ -122.6032, 42.4252 ], [ -122.5916, 42.4265 ], [ -122.5357, 42.4029 ], [ -122.4715, 42.3892 ], [ -122.4421, 42.3879 ], [ -122.43, 42.3931 ], [ -122.3648, 42.3836 ], [ -122.3136, 42.3979 ], [ -122.2877, 42.3953 ], [ -122.2897, 42.0081 ], [ -122.6153, 42.0055 ], [ -122.5978, 42.0395 ], [ -122.6162, 42.0703 ], [ -122.6293, 42.0698 ], [ -122.6297, 42.0767 ], [ -122.6506, 42.0757 ], [ -122.6678, 42.0641 ], [ -122.6969, 42.067 ], [ -122.6909, 42.0715 ], [ -122.6949, 42.0816 ], [ -122.6802, 42.0808 ], [ -122.6854, 42.0871 ], [ -122.6789, 42.1176 ], [ -122.6922, 42.1347 ], [ -122.6931, 42.1463 ], [ -122.7048, 42.1523 ], [ -122.7002, 42.1585 ], [ -122.6787, 42.1563 ], [ -122.6784, 42.149 ], [ -122.6517, 42.178 ], [ -122.6123, 42.1315 ], [ -122.6033, 42.1324 ], [ -122.5977, 42.1401 ], [ -122.5762, 42.1385 ], [ -122.5898, 42.141 ], [ -122.6068, 42.158 ], [ -122.6042, 42.1646 ], [ -122.6254, 42.1786 ], [ -122.6404, 42.2007 ], [ -122.673, 42.2053 ], [ -122.6697, 42.2084 ], [ -122.694, 42.2164 ], [ -122.699, 42.2257 ], [ -122.7165, 42.2243 ], [ -122.7104, 42.237 ], [ -122.7186, 42.2457 ], [ -122.7297, 42.2448 ], [ -122.7389, 42.2491 ], [ -122.7373, 42.2563 ], [ -122.7537, 42.2583 ], [ -122.7565, 42.2686 ], [ -122.7713, 42.2757 ], [ -122.7763, 42.2935 ], [ -122.7851, 42.2864 ], [ -122.7952, 42.2956 ], [ -122.7806, 42.3103 ] ] ] } },
{ "type": "Feature", "properties": { "GEOIDFQ": "1400000US41029002100", "NAME": "21", "NAMELSAD": "Census Tract 21" }, "geometry": { "type": "Polygon", "coordinates": [ [ [ -122.757, 42.2025 ], [ -122.7378, 42.2065 ], [ -122.7376, 42.2137 ], [ -122.7197, 42.2072 ], [ -122.7146, 42.2018 ], [ -122.7186, 42.1782 ], [ -122.7319, 42.1778 ], [ -122.7318, 42.1706 ], [ -122.7449, 42.1708 ], [ -122.7598, 42.1813 ], [ -122.757, 42.2025 ] ] ] } },
{ "type": "Feature", "properties": { "GEOIDFQ": "1400000US41029001301", "NAME": "13.01", "NAMELSAD": "Census Tract 13.01" }, "geometry": { "type": "Polygon", "coordinates": [ [ [ -122.8708, 42.4526 ], [ -122.8415, 42.4587 ], [ -122.8415, 42.4474 ], [ -122.8303, 42.447 ], [ -122.8228, 42.4386 ], [ -122.8403, 42.4349 ], [ -122.8375, 42.4255 ], [ -122.8018, 42.4272 ], [ -122.8264, 42.3893 ], [ -122.8853, 42.3893 ], [ -122.8916, 42.4409 ], [ -122.8708, 42.4526 ] ] ] } },
{ "type": "Feature", "properties": { "GEOIDFQ": "1400000US41029001500", "NAME": "15", "NAMELSAD": "Census Tract 15" }, "geometry": { "type": "Polygon", "coordinates": [ [ [ -123.0729, 42.3283 ], [ -123.0565, 42.3344 ], [ -123.048, 42.3317 ], [ -123.0431, 42.3419 ], [ -123.0362, 42.3406 ], [ -123.027, 42.3504 ], [ -123.017, 42.3495 ], [ -123.009, 42.3567 ], [ -122.9728, 42.3526 ], [ -122.9541, 42.3429 ], [ -122.9597, 42.3234 ], [ -122.9549, 42.3164 ], [ -122.9324, 42.3087 ], [ -122.9322, 42.3016 ], [ -122.9084, 42.3013 ], [ -122.9071, 42.2801 ], [ -122.9346, 42.2762 ], [ -122.9643, 42.2832 ], [ -122.9761, 42.2781 ], [ -122.997, 42.2808 ], [ -123.0219, 42.2744 ], [ -123.0317, 42.2614 ], [ -123.0478, 42.2865 ], [ -123.0795, 42.2983 ], [ -123.0845, 42.3112 ], [ -123.0729, 42.3283 ] ] ] } },
{ "type": "Feature", "properties": { "GEOIDFQ": "1400000US41035970201", "NAME": "9702.01", "NAMELSAD": "Census Tract 9702.01" }, "geometry": { "type": "Polygon", "coordinates": [ [ [ -121.9761, 42.734 ], [ -121.992, 42.7785 ], [ -121.9403, 42.8093 ], [ -121.9009, 42.857 ], [ -121.8312, 43.0154 ], [ -121.8253, 43.0649 ], [ -121.8092, 43.0671 ], [ -121.8041, 43.0813 ], [ -121.7426, 43.0868 ], [ -121.7149, 43.0963 ], [ -121.6811, 43.0853 ], [ -121.6462, 43.098 ], [ -121.6252, 43.0995 ], [ -121.5992, 43.091 ], [ -121.5546, 43.0876 ], [ -121.5498, 43.0953 ], [ -121.5123, 43.0951 ], [ -121.5129, 43.1137 ], [ -121.4664, 43.1117 ], [ -121.4378, 43.1006 ], [ -121.3492, 43.1117 ], [ -121.3497, 42.7466 ], [ -121.1319, 42.7468 ], [ -121.125, 42.7302 ], [ -121.137, 42.6951 ], [ -121.1113, 42.6931 ], [ -121.0753, 42.659 ], [ -121.0854, 42.6387 ], [ -121.0799, 42.6294 ], [ -121.0827, 42.5987 ], [ -121.1028, 42.5761 ], [ -121.1013, 42.5564 ], [ -121.1144, 42.5407 ], [ -121.1099, 42.5165 ], [ -121.0953, 42.5008 ], [ -121.0955, 42.4245 ], [ -121.1149, 42.4309 ], [ -121.1322, 42.4061 ], [ -121.1291, 42.3954 ], [ -121.1656, 42.3823 ], [ -121.1654, 42.3759 ], [ -121.1845, 42.3739 ], [ -121.1946, 42.3651 ], [ -121.1983, 42.3492 ], [ -121.2153, 42.3428 ], [ -121.2286, 42.3568 ], [ -121.2447, 42.358 ], [ -121.2582, 42.3685 ], [ -121.2685, 42.3581 ], [ -121.2908, 42.3589 ], [ -121.3086, 42.369 ], [ -121.3375, 42.3631 ], [ -121.3547, 42.3814 ], [ -121.3598, 42.398 ], [ -121.374, 42.389 ], [ -121.3818, 42.3716 ], [ -121.3976, 42.3646 ], [ -121.3978, 42.3235 ], [ -121.408, 42.317 ], [ -121.4077, 42.3066 ], [ -121.4306, 42.3085 ], [ -121.4624, 42.2873 ], [ -121.4624, 42.3041 ], [ -121.477, 42.3038 ], [ -121.4774, 42.3263 ], [ -121.5056, 42.3618 ], [ -121.5214, 42.3776 ], [ -121.5452, 42.3841 ], [ -121.5483, 42.415 ], [ -121.5256, 42.4288 ], [ -121.5223, 42.4433 ], [ -121.5057, 42.4565 ], [ -121.5134, 42.4783 ], [ -121.543, 42.4943 ], [ -121.5329, 42.5063 ], [ -121.5448, 42.5342 ], [ -121.5369, 42.5406 ], [ -121.5813, 42.5502 ], [ -121.5933, 42.5586 ], [ -121.6396, 42.5551 ], [ -121.6513, 42.5612 ], [ -121.6595, 42.5582 ], [ -121.6922, 42.5652 ], [ -121.7511, 42.5858 ], [ -121.7628, 42.5966 ], [ -121.8017, 42.6091 ], [ -121.8204, 42.621 ], [ -121.829, 42.6196 ], [ -121.8436, 42.5988 ], [ -121.8609, 42.5941 ], [ -121.8776, 42.6426 ], [ -121.8988, 42.6533 ], [ -121.916, 42.6523 ], [ -121.9138, 42.6323 ], [ -121.9306, 42.6193 ], [ -121.9423, 42.6186 ], [ -121.9395, 42.6028 ], [ -121.9454, 42.5985 ], [ -121.9708, 42.6224 ], [ -121.9746, 42.6345 ], [ -121.9956, 42.6439 ], [ -121.9773, 42.6696 ], [ -121.9894, 42.6753 ], [ -121.9882, 42.6969 ], [ -121.9959, 42.7009 ], [ -122.0095, 42.7335 ], [ -121.9761, 42.734 ] ] ] } },
{ "type": "Feature", "properties": { "GEOIDFQ": "1400000US41035970202", "NAME": "9702.02", "NAMELSAD": "Census Tract 9702.02" }, "geometry": { "type": "Polygon", "coordinates": [ [ [ -122.0023, 42.513 ], [ -121.9845, 42.5063 ], [ -121.9611, 42.5129 ], [ -121.9339, 42.5289 ], [ -121.9296, 42.5757 ], [ -121.9302, 42.58 ], [ -121.9416, 42.581 ], [ -121.9423, 42.6186 ], [ -121.9306, 42.6193 ], [ -121.9138, 42.6322 ], [ -121.916, 42.6523 ], [ -121.8988, 42.6533 ], [ -121.8776, 42.6426 ], [ -121.8609, 42.5941 ], [ -121.8436, 42.5988 ], [ -121.829, 42.6196 ], [ -121.8204, 42.621 ], [ -121.8017, 42.6091 ], [ -121.7628, 42.5966 ], [ -121.7511, 42.5858 ], [ -121.6922, 42.5652 ], [ -121.6595, 42.5582 ], [ -121.6513, 42.5612 ], [ -121.6396, 42.5551 ], [ -121.5933, 42.5586 ], [ -121.5813, 42.5502 ], [ -121.5369, 42.5406 ], [ -121.5448, 42.5342 ], [ -121.5329, 42.5063 ], [ -121.543, 42.4943 ], [ -121.5134, 42.4783 ], [ -121.5057, 42.4565 ], [ -121.5223, 42.4433 ], [ -121.5256, 42.4288 ], [ -121.5483, 42.415 ], [ -121.5469, 42.4101 ], [ -121.6078, 42.422 ], [ -121.6398, 42.4178 ], [ -121.6635, 42.4272 ], [ -121.6929, 42.4516 ], [ -121.6997, 42.444 ], [ -121.6822, 42.4203 ], [ -121.6896, 42.3991 ], [ -121.7094, 42.4246 ], [ -121.7228, 42.426 ], [ -121.7377, 42.4366 ], [ -121.7487, 42.4303 ], [ -121.7557, 42.4398 ], [ -121.7687, 42.4298 ], [ -121.7773, 42.4318 ], [ -121.7822, 42.4204 ], [ -121.7968, 42.4196 ], [ -121.8017, 42.391 ], [ -121.8152, 42.3983 ], [ -121.8105, 42.3833 ], [ -121.8653, 42.4359 ], [ -121.8707, 42.4487 ], [ -121.8926, 42.4447 ], [ -121.9062, 42.4623 ], [ -121.9177, 42.4656 ], [ -121.9326, 42.4598 ], [ -121.9715, 42.4602 ], [ -121.9721, 42.4725 ], [ -122.0048, 42.4927 ], [ -122.0023, 42.513 ] ] ] } },
{ "type": "Feature", "properties": { "GEOIDFQ": "1400000US41035970902", "NAME": "9709.02", "NAMELSAD": "Census Tract 9709.02" }, "geometry": { "type": "Polygon", "coordinates": [ [ [ -121.801, 42.1917 ], [ -121.7965, 42.1967 ], [ -121.8084, 42.2101 ], [ -121.796, 42.2198 ], [ -121.7824, 42.2154 ], [ -121.7753, 42.2024 ], [ -121.7871, 42.1824 ], [ -121.8039, 42.1695 ], [ -121.8382, 42.1585 ], [ -121.8532, 42.1625 ], [ -121.867, 42.1526 ], [ -121.9084, 42.1801 ], [ -121.9139, 42.1936 ], [ -121.801, 42.1917 ] ] ] } },
{ "type": "Feature", "properties": { "GEOIDFQ": "1400000US41005023600", "NAME": "236", "NAMELSAD": "Census Tract 236" }, "geometry": { "type": "Polygon", "coordinates": [ [ [ -122.4606, 45.2348 ], [ -122.4579, 45.2715 ], [ -122.4529, 45.2854 ], [ -122.4399, 45.2928 ], [ -122.4398, 45.3029 ], [ -122.4256, 45.305 ], [ -122.411, 45.298 ], [ -122.3937, 45.3031 ], [ -122.389, 45.3087 ], [ -122.3961, 45.3226 ], [ -122.3874, 45.3208 ], [ -122.3813, 45.3281 ], [ -122.3875, 45.3158 ], [ -122.3643, 45.3076 ], [ -122.3678, 45.2968 ], [ -122.3505, 45.2994 ], [ -122.3426, 45.2865 ], [ -122.324, 45.2781 ], [ -122.3215, 45.2687 ], [ -122.2995, 45.2597 ], [ -122.3036, 45.2447 ], [ -122.2615, 45.2388 ], [ -122.2533, 45.2288 ], [ -122.264, 45.2361 ], [ -122.2666, 45.2308 ], [ -122.2518, 45.208 ], [ -122.2651, 45.2051 ], [ -122.2871, 45.2149 ], [ -122.3108, 45.2149 ], [ -122.3215, 45.223 ], [ -122.3217, 45.2193 ], [ -122.3368, 45.2202 ], [ -122.337, 45.2263 ], [ -122.3628, 45.2231 ], [ -122.3675, 45.2086 ], [ -122.3761, 45.205 ], [ -122.4166, 45.2036 ], [ -122.4478, 45.2162 ], [ -122.471, 45.2155 ], [ -122.4736, 45.2332 ], [ -122.4606, 45.2348 ] ] ] } },
{ "type": "Feature", "properties": { "GEOIDFQ": "1400000US41005022205", "NAME": "222.05", "NAMELSAD": "Census Tract 222.05" }, "geometry": { "type": "Polygon", "coordinates": [ [ [ -122.543, 45.4398 ], [ -122.5361, 45.4485 ], [ -122.5309, 45.447 ], [ -122.5381, 45.4289 ], [ -122.5665, 45.4333 ], [ -122.5693, 45.4416 ], [ -122.543, 45.4398 ] ] ] } },
{ "type": "Feature", "properties": { "GEOIDFQ": "1400000US41001950200", "NAME": "9502", "NAMELSAD": "Census Tract 9502" }, "geometry": { "type": "Polygon", "coordinates": [ [ [ -117.9061, 44.7757 ], [ -117.9108, 44.7877 ], [ -117.9062, 44.8007 ], [ -117.89, 44.796 ], [ -117.8555, 44.7961 ], [ -117.8498, 44.7816 ], [ -117.829, 44.7817 ], [ -117.836, 44.767 ], [ -117.8585, 44.767 ], [ -117.8627, 44.7582 ], [ -117.8854, 44.7598 ], [ -117.9009, 44.7695 ], [ -117.9124, 44.7596 ], [ -117.917, 44.7632 ], [ -117.9061, 44.7757 ] ] ] } },
{ "type": "Feature", "properties": { "GEOIDFQ": "1400000US41001950500", "NAME": "9505", "NAMELSAD": "Census Tract 9505" }, "geometry": { "type": "Polygon", "coordinates": [ [ [ -117.9462, 45.0067 ], [ -117.8965, 45.0378 ], [ -117.884, 45.0601 ], [ -117.8725, 45.0612 ], [ -117.8737, 45.0656 ], [ -117.8626, 45.0544 ], [ -117.8577, 45.0599 ], [ -117.8434, 45.0585 ], [ -117.8203, 45.0275 ], [ -117.812, 45.0245 ], [ -117.813, 45.0321 ], [ -117.8044, 45.0326 ], [ -117.804, 45.0275 ], [ -117.7934, 45.0258 ], [ -117.7939, 45.0164 ], [ -117.7794, 45.0114 ], [ -117.7844, 44.9957 ], [ -117.7596, 44.9718 ], [ -117.7599, 44.9607 ], [ -117.7498, 44.9526 ], [ -117.7357, 44.9536 ], [ -117.7269, 44.9467 ], [ -117.7252, 44.951 ], [ -117.7103, 44.9499 ], [ -117.6926, 44.9205 ], [ -117.6658, 44.9123 ], [ -117.6381, 44.889 ], [ -117.6317, 44.8926 ], [ -117.6277, 44.8857 ], [ -117.6121, 44.8813 ], [ -117.5946, 44.8638 ], [ -117.5661, 44.8602 ], [ -117.5264, 44.8336 ], [ -117.4731, 44.8255 ], [ -117.4685, 44.8185 ], [ -117.5357, 44.8331 ], [ -117.5908, 44.8364 ], [ -117.6147, 44.8188 ], [ -117.6613, 44.8145 ], [ -117.6726, 44.8092 ], [ -117.73, 44.8078 ], [ -117.7518, 44.8127 ], [ -117.7687, 44.8041 ], [ -117.8174, 44.8033 ], [ -117.8183, 44.7957 ], [ -117.83, 44.7953 ], [ -117.8278, 44.7817 ], [ -117.8498, 44.7816 ], [ -117.9325, 44.9025 ], [ -117.9233, 44.9055 ], [ -117.9283, 44.9249 ], [ -117.9654, 44.9481 ], [ -117.9776, 44.9692 ], [ -117.9462, 45.0067 ] ] ] } },
{ "type": "Feature", "properties": { "GEOIDFQ": "1400000US41005022602", "NAME": "226.02", "NAMELSAD": "Census Tract 226.02" }, "geometry": { "type": "Polygon", "coordinates": [ [ [ -122.6656, 45.3189 ], [ -122.6521, 45.3357 ], [ -122.6293, 45.3469 ], [ -122.617, 45.3472 ], [ -122.626, 45.3314 ], [ -122.6184, 45.3266 ], [ -122.6277, 45.3193 ], [ -122.6261, 45.3067 ], [ -122.6372, 45.3082 ], [ -122.6378, 45.3019 ], [ -122.6605, 45.2966 ], [ -122.6656, 45.3189 ] ] ] } },
{ "type": "Feature", "properties": { "GEOIDFQ": "1400000US41005023202", "NAME": "232.02", "NAMELSAD": "Census Tract 232.02" }, "geometry": { "type": "Polygon", "coordinates": [ [ [ -122.5175, 45.4101 ], [ -122.5064, 45.4097 ], [ -122.491, 45.4272 ], [ -122.4581, 45.4176 ], [ -122.424, 45.418 ], [ -122.4183, 45.3969 ], [ -122.4421, 45.383 ], [ -122.4685, 45.3842 ], [ -122.4737, 45.3922 ], [ -122.502, 45.395 ], [ -122.5175, 45.4101 ] ] ] } },
{ "type": "Feature", "properties": { "GEOIDFQ": "1400000US41005021802", "NAME": "218.02", "NAMELSAD": "Census Tract 218.02" }, "geometry": { "type": "Polygon", "coordinates": [ [ [ -122.6214, 45.4114 ], [ -122.6005, 45.3972 ], [ -122.613, 45.3914 ], [ -122.6264, 45.4089 ], [ -122.6214, 45.4114 ] ] ] } },
{ "type": "Feature", "properties": { "GEOIDFQ": "1400000US41005023700", "NAME": "237", "NAMELSAD": "Census Tract 237" }, "geometry": { "type": "Polygon", "coordinates": [ [ [ -122.6454, 45.2431 ], [ -122.6428, 45.2377 ], [ -122.6313, 45.237 ], [ -122.6225, 45.2515 ], [ -122.6289, 45.2665 ], [ -122.6178, 45.2682 ], [ -122.5989, 45.2592 ], [ -122.5339, 45.259 ], [ -122.5317, 45.2662 ], [ -122.511, 45.2601 ], [ -122.4597, 45.2618 ], [ -122.4606, 45.2348 ], [ -122.4736, 45.2332 ], [ -122.4698, 45.1965 ], [ -122.4804, 45.1873 ], [ -122.5171, 45.1765 ], [ -122.535, 45.1617 ], [ -122.5349, 45.1676 ], [ -122.5509, 45.1746 ], [ -122.5605, 45.1887 ], [ -122.5783, 45.1938 ], [ -122.585, 45.2095 ], [ -122.5956, 45.2105 ], [ -122.6211, 45.2267 ], [ -122.6289, 45.2245 ], [ -122.657, 45.2335 ], [ -122.6638, 45.2398 ], [ -122.6454, 45.2431 ] ] ] } },
{ "type": "Feature", "properties": { "GEOIDFQ": "1400000US41005024302", "NAME": "243.02", "NAMELSAD": "Census Tract 243.02" }, "geometry": { "type": "Polygon", "coordinates": [ [ [ -122.2832, 45.3286 ], [ -122.2694, 45.3239 ], [ -122.2574, 45.3246 ], [ -122.2494, 45.3314 ], [ -122.2292, 45.3313 ], [ -122.2374, 45.3534 ], [ -122.2348, 45.3658 ], [ -122.2246, 45.3676 ], [ -122.2259, 45.3788 ], [ -122.2375, 45.3902 ], [ -122.2555, 45.397 ], [ -122.245, 45.3957 ], [ -122.2415, 45.4075 ], [ -122.2043, 45.3938 ], [ -122.1866, 45.4022 ], [ -122.174, 45.4018 ], [ -122.1598, 45.3936 ], [ -122.1322, 45.3998 ], [ -122.1268, 45.3965 ], [ -122.1333, 45.3796 ], [ -122.1064, 45.3826 ], [ -122.0774, 45.3775 ], [ -122.0496, 45.386 ], [ -122.0213, 45.3732 ], [ -122.0171, 45.3605 ], [ -122.0084, 45.3631 ], [ -122.0011, 45.359 ], [ -121.997, 45.3485 ], [ -121.9834, 45.3487 ], [ -121.9834, 45.344 ], [ -121.9625, 45.3323 ], [ -121.9398, 45.3018 ], [ -121.944, 45.2834 ], [ -121.9382, 45.2722 ], [ -121.9466, 45.261 ], [ -122.0546, 45.2581 ], [ -122.0552, 45.2765 ], [ -122.1036, 45.2993 ], [ -122.1342, 45.2969 ], [ -122.148, 45.2859 ], [ -122.1637, 45.2865 ], [ -122.1826, 45.2775 ], [ -122.2165, 45.2734 ], [ -122.2537, 45.2917 ], [ -122.2897, 45.3235 ], [ -122.2832, 45.3286 ] ] ] } },
{ "type": "Feature", "properties": { "GEOIDFQ": "1400000US41005023401", "NAME": "234.01", "NAMELSAD": "Census Tract 234.01" }, "geometry": { "type": "Polygon", "coordinates": [ [ [ -122.36, 45.4181 ], [ -122.342, 45.4181 ], [ -122.3419, 45.4535 ], [ -122.3483, 45.4615 ], [ -122.2639, 45.4614 ], [ -122.2607, 45.4561 ], [ -122.2428, 45.4527 ], [ -122.2564, 45.443 ], [ -122.2557, 45.4353 ], [ -122.2759, 45.4277 ], [ -122.2907, 45.4292 ], [ -122.2909, 45.4184 ], [ -122.3085, 45.4184 ], [ -122.291, 45.4049 ], [ -122.2912, 45.3785 ], [ -122.322, 45.3749 ], [ -122.3423, 45.3928 ], [ -122.3535, 45.3928 ], [ -122.36, 45.4181 ] ] ] } },
{ "type": "Feature", "properties": { "GEOIDFQ": "1400000US41035971400", "NAME": "9714", "NAMELSAD": "Census Tract 9714" }, "geometry": { "type": "Polygon", "coordinates": [ [ [ -121.7086, 42.1829 ], [ -121.708, 42.1733 ], [ -121.7375, 42.1737 ], [ -121.7378, 42.2031 ], [ -121.7086, 42.1829 ] ] ] } },
{ "type": "Feature", "properties": { "GEOIDFQ": "1400000US41035971900", "NAME": "9719", "NAMELSAD": "Census Tract 9719" }, "geometry": { "type": "Polygon", "coordinates": [ [ [ -121.7948, 42.2482 ], [ -121.7733, 42.2283 ], [ -121.7811, 42.2261 ], [ -121.7967, 42.2378 ], [ -121.7948, 42.2482 ] ] ] } },
{ "type": "Feature", "properties": { "GEOIDFQ": "1400000US41005022201", "NAME": "222.01", "NAMELSAD": "Census Tract 222.01" }, "geometry": { "type": "Polygon", "coordinates": [ [ [ -122.579, 45.4615 ], [ -122.5713, 45.4614 ], [ -122.5665, 45.4333 ], [ -122.5793, 45.4335 ], [ -122.579, 45.4615 ] ] ] } },
{ "type": "Feature", "properties": { "GEOIDFQ": "1400000US41005024100", "NAME": "241", "NAMELSAD": "Census Tract 241" }, "geometry": { "type": "Polygon", "coordinates": [ [ [ -122.5172, 45.1763 ], [ -122.4749, 45.1905 ], [ -122.471, 45.2155 ], [ -122.4478, 45.2162 ], [ -122.4164, 45.2036 ], [ -122.3694, 45.2074 ], [ -122.3634, 45.2226 ], [ -122.3536, 45.2257 ], [ -122.337, 45.2263 ], [ -122.3365, 45.2201 ], [ -122.3217, 45.2193 ], [ -122.3215, 45.223 ], [ -122.3106, 45.2149 ], [ -122.2871, 45.2149 ], [ -122.2455, 45.1981 ], [ -122.2534, 45.1676 ], [ -122.2527, 45.0758 ], [ -122.265, 45.0817 ], [ -122.2978, 45.0792 ], [ -122.367, 45.095 ], [ -122.4343, 45.084 ], [ -122.4405, 45.091 ], [ -122.4576, 45.0938 ], [ -122.4932, 45.0822 ], [ -122.5369, 45.109 ], [ -122.5399, 45.1271 ], [ -122.5337, 45.138 ], [ -122.5405, 45.1499 ], [ -122.5172, 45.1763 ] ] ] } },
{ "type": "Feature", "properties": { "GEOIDFQ": "1400000US41005023201", "NAME": "232.01", "NAMELSAD": "Census Tract 232.01" }, "geometry": { "type": "Polygon", "coordinates": [ [ [ -122.4145, 45.4616 ], [ -122.4136, 45.418 ], [ -122.4581, 45.4176 ], [ -122.4829, 45.4229 ], [ -122.4866, 45.4611 ], [ -122.4145, 45.4616 ] ] ] } },
{ "type": "Feature", "properties": { "GEOIDFQ": "1400000US41005023100", "NAME": "231", "NAMELSAD": "Census Tract 231" }, "geometry": { "type": "Polygon", "coordinates": [ [ [ -122.5176, 45.3553 ], [ -122.5174, 45.385 ], [ -122.4966, 45.3887 ], [ -122.4973, 45.3928 ], [ -122.4737, 45.3922 ], [ -122.4685, 45.3842 ], [ -122.444, 45.3828 ], [ -122.4329, 45.3896 ], [ -122.4221, 45.3888 ], [ -122.3816, 45.3559 ], [ -122.3812, 45.3421 ], [ -122.3897, 45.3376 ], [ -122.3813, 45.3281 ], [ -122.3874, 45.3208 ], [ -122.3961, 45.3226 ], [ -122.389, 45.3087 ], [ -122.4109, 45.298 ], [ -122.4256, 45.305 ], [ -122.4398, 45.3029 ], [ -122.446, 45.2879 ], [ -122.4808, 45.285 ], [ -122.4812, 45.2998 ], [ -122.4963, 45.3023 ], [ -122.5062, 45.3105 ], [ -122.5085, 45.3267 ], [ -122.5275, 45.331 ], [ -122.529, 45.3486 ], [ -122.5176, 45.3553 ] ] ] } },
{ "type": "Feature", "properties": { "GEOIDFQ": "1400000US41005022800", "NAME": "228", "NAMELSAD": "Census Tract 228" }, "geometry": { "type": "Polygon", "coordinates": [ [ [ -122.7887, 45.292 ], [ -122.765, 45.2917 ], [ -122.7232, 45.3026 ], [ -122.7178, 45.2991 ], [ -122.7229, 45.2907 ], [ -122.7098, 45.2792 ], [ -122.7145, 45.2631 ], [ -122.7044, 45.2492 ], [ -122.7084, 45.2398 ], [ -122.6952, 45.2357 ], [ -122.7001, 45.2305 ], [ -122.7501, 45.2336 ], [ -122.7512, 45.2461 ], [ -122.739, 45.2595 ], [ -122.7848, 45.2596 ], [ -122.7849, 45.2741 ], [ -122.8338, 45.2758 ], [ -122.7887, 45.292 ] ] ] } },
{ "type": "Feature", "properties": { "GEOIDFQ": "1400000US41047002304", "NAME": "23.04", "NAMELSAD": "Census Tract 23.04" }, "geometry": { "type": "Polygon", "coordinates": [ [ [ -123.0621, 44.8723 ], [ -123.025, 44.8736 ], [ -123.0166, 44.8602 ], [ -123.0329, 44.8559 ], [ -123.0637, 44.8578 ], [ -123.0621, 44.8723 ] ] ] } },
{ "type": "Feature", "properties": { "GEOIDFQ": "1400000US41049970200", "NAME": "9702", "NAMELSAD": "Census Tract 9702" }, "geometry": { "type": "Polygon", "coordinates": [ [ [ -119.9982, 45.6844 ], [ -119.9815, 45.6786 ], [ -119.9569, 45.6567 ], [ -119.9563, 45.6179 ], [ -119.8956, 45.6179 ], [ -119.8939, 45.6324 ], [ -119.6233, 45.6322 ], [ -119.6248, 45.8334 ], [ -119.4348, 45.8022 ], [ -119.4346, 45.603 ], [ -119.2485, 45.6019 ], [ -119.2482, 45.5161 ], [ -119.1451, 45.5159 ], [ -119.1464, 45.0829 ], [ -119.163, 45.0829 ], [ -119.163, 44.9962 ], [ -119.7912, 44.9948 ], [ -119.7908, 45.0813 ], [ -119.7607, 45.0813 ], [ -119.7598, 45.1692 ], [ -119.8839, 45.1692 ], [ -119.8823, 45.2569 ], [ -120.0065, 45.2598 ], [ -119.9982, 45.6844 ] ] ] } },
{ "type": "Feature", "properties": { "GEOIDFQ": "1400000US41039002506", "NAME": "25.06", "NAMELSAD": "Census Tract 25.06" }, "geometry": { "type": "Polygon", "coordinates": [ [ [ -123.1882, 44.0846 ], [ -123.1882, 44.0701 ], [ -123.2084, 44.0703 ], [ -123.2086, 44.0848 ], [ -123.1882, 44.0846 ] ] ] } },
{ "type": "Feature", "properties": { "GEOIDFQ": "1400000US41039002505", "NAME": "25.05", "NAMELSAD": "Census Tract 25.05" }, "geometry": { "type": "Polygon", "coordinates": [ [ [ -123.1882, 44.0846 ], [ -123.1719, 44.0846 ], [ -123.1736, 44.07 ], [ -123.1882, 44.0701 ], [ -123.1882, 44.0846 ] ] ] } },
{ "type": "Feature", "properties": { "GEOIDFQ": "1400000US41039004406", "NAME": "44.06", "NAMELSAD": "Census Tract 44.06" }, "geometry": { "type": "Polygon", "coordinates": [ [ [ -123.1624, 44.048 ], [ -123.148, 44.048 ], [ -123.1488, 44.0397 ], [ -123.1644, 44.0304 ], [ -123.1624, 44.048 ] ] ] } },
{ "type": "Feature", "properties": { "GEOIDFQ": "1400000US41039004407", "NAME": "44.07", "NAMELSAD": "Census Tract 44.07" }, "geometry": { "type": "Polygon", "coordinates": [ [ [ -123.148, 44.048 ], [ -123.1354, 44.0479 ], [ -123.1344, 44.0373 ], [ -123.1524, 44.0359 ], [ -123.148, 44.048 ] ] ] } },
{ "type": "Feature", "properties": { "GEOIDFQ": "1400000US41039002204", "NAME": "22.04", "NAMELSAD": "Census Tract 22.04" }, "geometry": { "type": "Polygon", "coordinates": [ [ [ -123.0647, 44.1165 ], [ -123.0456, 44.1116 ], [ -123.0469, 44.0841 ], [ -123.0677, 44.0876 ], [ -123.0647, 44.1165 ] ] ] } },
{ "type": "Feature", "properties": { "GEOIDFQ": "1400000US41039003104", "NAME": "31.04", "NAMELSAD": "Census Tract 31.04" }, "geometry": { "type": "Polygon", "coordinates": [ [ [ -123.0799, 44.0625 ], [ -123.0493, 44.0637 ], [ -123.0502, 44.0445 ], [ -123.0807, 44.052 ], [ -123.0799, 44.0625 ] ] ] } },
{ "type": "Feature", "properties": { "GEOIDFQ": "1400000US41039003801", "NAME": "38.01", "NAMELSAD": "Census Tract 38.01" }, "geometry": { "type": "Polygon", "coordinates": [ [ [ -123.0927, 44.0455 ], [ -123.0802, 44.0422 ], [ -123.0802, 44.04 ], [ -123.0928, 44.0403 ], [ -123.0927, 44.0455 ] ] ] } },
{ "type": "Feature", "properties": { "GEOIDFQ": "1400000US41039002203", "NAME": "22.03", "NAMELSAD": "Census Tract 22.03" }, "geometry": { "type": "Polygon", "coordinates": [ [ [ -123.0808, 44.1163 ], [ -123.0731, 44.1183 ], [ -123.0664, 44.1146 ], [ -123.0677, 44.0876 ], [ -123.0813, 44.0881 ], [ -123.0808, 44.1163 ] ] ] } },
{ "type": "Feature", "properties": { "GEOIDFQ": "1400000US41051009101", "NAME": "91.01", "NAMELSAD": "Census Tract 91.01" }, "geometry": { "type": "Polygon", "coordinates": [ [ [ -122.4966, 45.5046 ], [ -122.4967, 45.4948 ], [ -122.5235, 45.4979 ], [ -122.5237, 45.5041 ], [ -122.4966, 45.5046 ] ] ] } },
{ "type": "Feature", "properties": { "GEOIDFQ": "1400000US41051000302", "NAME": "3.02", "NAMELSAD": "Census Tract 3.02" }, "geometry": { "type": "Polygon", "coordinates": [ [ [ -122.6326, 45.4792 ], [ -122.6175, 45.4792 ], [ -122.6154, 45.4615 ], [ -122.6366, 45.4615 ], [ -122.6395, 45.4743 ], [ -122.6326, 45.4792 ] ] ] } },
{ "type": "Feature", "properties": { "GEOIDFQ": "1400000US41051006300", "NAME": "63", "NAMELSAD": "Census Tract 63" }, "geometry": { "type": "Polygon", "coordinates": [ [ [ -122.6724, 45.47 ], [ -122.6465, 45.4424 ], [ -122.6487, 45.4327 ], [ -122.6733, 45.4328 ], [ -122.6967, 45.4578 ], [ -122.6724, 45.47 ] ] ] } },
{ "type": "Feature", "properties": { "GEOIDFQ": "1400000US41051006501", "NAME": "65.01", "NAMELSAD": "Census Tract 65.01" }, "geometry": { "type": "Polygon", "coordinates": [ [ [ -122.7437, 45.4675 ], [ -122.7232, 45.4675 ], [ -122.7211, 45.4535 ], [ -122.7437, 45.4447 ], [ -122.7437, 45.4675 ] ] ] } },
{ "type": "Feature", "properties": { "GEOIDFQ": "1400000US41051000802", "NAME": "8.02", "NAMELSAD": "Census Tract 8.02" }, "geometry": { "type": "Polygon", "coordinates": [ [ [ -122.6226, 45.4973 ], [ -122.6018, 45.4975 ], [ -122.5984, 45.4903 ], [ -122.6227, 45.4906 ], [ -122.6226, 45.4973 ] ] ] } },
{ "type": "Feature", "properties": { "GEOIDFQ": "1400000US41047001200", "NAME": "12", "NAMELSAD": "Census Tract 12" }, "geometry": { "type": "Polygon", "coordinates": [ [ [ -123.0447, 44.9192 ], [ -123.0439, 44.9333 ], [ -123.0305, 44.9301 ], [ -123.0308, 44.9132 ], [ -123.0451, 44.9143 ], [ -123.0447, 44.9192 ] ] ] } },
{ "type": "Feature", "properties": { "GEOIDFQ": "1400000US41067031301", "NAME": "313.01", "NAMELSAD": "Census Tract 313.01" }, "geometry": { "type": "Polygon", "coordinates": [ [ [ -122.7905, 45.4987 ], [ -122.7793, 45.4935 ], [ -122.7705, 45.4963 ], [ -122.771, 45.4864 ], [ -122.7928, 45.4865 ], [ -122.7905, 45.4987 ] ] ] } },
{ "type": "Feature", "properties": { "GEOIDFQ": "1400000US41067032301", "NAME": "323.01", "NAMELSAD": "Census Tract 323.01" }, "geometry": { "type": "Polygon", "coordinates": [ [ [ -122.954, 45.4372 ], [ -122.9577, 45.4407 ], [ -122.944, 45.4688 ], [ -122.9348, 45.4669 ], [ -122.9322, 45.473 ], [ -122.9313, 45.4693 ], [ -122.8943, 45.4702 ], [ -122.8861, 45.4324 ], [ -122.8675, 45.4258 ], [ -122.8666, 45.408 ], [ -122.8905, 45.396 ], [ -122.8997, 45.3982 ], [ -122.8937, 45.3961 ], [ -122.8995, 45.3938 ], [ -122.9053, 45.4009 ], [ -122.8927, 45.4013 ], [ -122.8963, 45.4084 ], [ -122.9079, 45.4075 ], [ -122.9211, 45.415 ], [ -122.9281, 45.4132 ], [ -122.9238, 45.4063 ], [ -122.9402, 45.4093 ], [ -122.9389, 45.4181 ], [ -122.9504, 45.4326 ], [ -122.9567, 45.4298 ], [ -122.9607, 45.4337 ], [ -122.954, 45.4372 ] ] ] } },
{ "type": "Feature", "properties": { "GEOIDFQ": "1400000US41067031915", "NAME": "319.15", "NAMELSAD": "Census Tract 319.15" }, "geometry": { "type": "Polygon", "coordinates": [ [ [ -122.8577, 45.4002 ], [ -122.8659, 45.4026 ], [ -122.8675, 45.4258 ], [ -122.8535, 45.4264 ], [ -122.8517, 45.4149 ], [ -122.8259, 45.4156 ], [ -122.8187, 45.4034 ], [ -122.8416, 45.4004 ], [ -122.8463, 45.39 ], [ -122.8655, 45.3857 ], [ -122.8665, 45.3906 ], [ -122.8587, 45.3927 ], [ -122.8681, 45.3955 ], [ -122.8577, 45.4002 ] ] ] } },
{ "type": "Feature", "properties": { "GEOIDFQ": "1400000US41067031913", "NAME": "319.13", "NAMELSAD": "Census Tract 319.13" }, "geometry": { "type": "Polygon", "coordinates": [ [ [ -122.8416, 45.4004 ], [ -122.8119, 45.4041 ], [ -122.8117, 45.3892 ], [ -122.8222, 45.3959 ], [ -122.8372, 45.3965 ], [ -122.8405, 45.3934 ], [ -122.8358, 45.3951 ], [ -122.8303, 45.3866 ], [ -122.8519, 45.3883 ], [ -122.8416, 45.4004 ] ] ] } },
{ "type": "Feature", "properties": { "GEOIDFQ": "1400000US41039001804", "NAME": "18.04", "NAMELSAD": "Census Tract 18.04" }, "geometry": { "type": "Polygon", "coordinates": [ [ [ -122.8975, 44.0605 ], [ -122.8832, 44.0633 ], [ -122.8606, 44.056 ], [ -122.8538, 44.0599 ], [ -122.8303, 44.056 ], [ -122.9107, 44.0456 ], [ -122.9109, 44.0644 ], [ -122.8975, 44.0605 ] ] ] } },
{ "type": "Feature", "properties": { "GEOIDFQ": "1400000US41039001902", "NAME": "19.02", "NAMELSAD": "Census Tract 19.02" }, "geometry": { "type": "Polygon", "coordinates": [ [ [ -122.9852, 44.062 ], [ -122.9695, 44.0597 ], [ -122.9621, 44.0391 ], [ -122.9872, 44.041 ], [ -122.9852, 44.062 ] ] ] } },
{ "type": "Feature", "properties": { "GEOIDFQ": "1400000US41039002103", "NAME": "21.03", "NAMELSAD": "Census Tract 21.03" }, "geometry": { "type": "Polygon", "coordinates": [ [ [ -123.0469, 44.0841 ], [ -123.0315, 44.0835 ], [ -123.0287, 44.0707 ], [ -123.0484, 44.0714 ], [ -123.0469, 44.0841 ] ] ] } },
{ "type": "Feature", "properties": { "GEOIDFQ": "1400000US41039003103", "NAME": "31.03", "NAMELSAD": "Census Tract 31.03" }, "geometry": { "type": "Polygon", "coordinates": [ [ [ -123.0696, 44.0698 ], [ -123.0486, 44.0696 ], [ -123.0493, 44.0637 ], [ -123.0796, 44.0627 ], [ -123.0696, 44.0698 ] ] ] } },
{ "type": "Feature", "properties": { "GEOIDFQ": "1400000US41039002104", "NAME": "21.04", "NAMELSAD": "Census Tract 21.04" }, "geometry": { "type": "Polygon", "coordinates": [ [ [ -123.0486, 44.0696 ], [ -123.0294, 44.0709 ], [ -123.0258, 44.0611 ], [ -123.0492, 44.0652 ], [ -123.0486, 44.0696 ] ] ] } },
{ "type": "Feature", "properties": { "GEOIDFQ": "1400000US41039003802", "NAME": "38.02", "NAMELSAD": "Census Tract 38.02" }, "geometry": { "type": "Polygon", "coordinates": [ [ [ -123.0868, 44.051 ], [ -123.0786, 44.0489 ], [ -123.0802, 44.0422 ], [ -123.0882, 44.0457 ], [ -123.0868, 44.051 ] ] ] } },
{ "type": "Feature", "properties": { "GEOIDFQ": "1400000US41005024000", "NAME": "240", "NAMELSAD": "Census Tract 240" }, "geometry": { "type": "Polygon", "coordinates": [ [ [ -122.6227, 45.1246 ], [ -122.6199, 45.1181 ], [ -122.5997, 45.118 ], [ -122.5996, 45.1144 ], [ -122.5589, 45.1144 ], [ -122.5589, 45.1288 ], [ -122.5434, 45.133 ], [ -122.5414, 45.1198 ], [ -122.5353, 45.1202 ], [ -122.5368, 45.1089 ], [ -122.493, 45.0822 ], [ -122.4576, 45.0938 ], [ -122.4405, 45.091 ], [ -122.4343, 45.084 ], [ -122.367, 45.095 ], [ -122.2973, 45.0791 ], [ -122.257, 45.08 ], [ -122.2575, 44.8857 ], [ -122.401, 44.8857 ], [ -122.3932, 44.8918 ], [ -122.3996, 44.9041 ], [ -122.4374, 44.9029 ], [ -122.4584, 44.9152 ], [ -122.4862, 44.9227 ], [ -122.5053, 44.9183 ], [ -122.5175, 44.9328 ], [ -122.5358, 44.937 ], [ -122.5688, 44.9837 ], [ -122.595, 44.9909 ], [ -122.5957, 45.0199 ], [ -122.6339, 45.0338 ], [ -122.6492, 45.0324 ], [ -122.6697, 45.0466 ], [ -122.7052, 45.0593 ], [ -122.6227, 45.1246 ] ] ] } },
{ "type": "Feature", "properties": { "GEOIDFQ": "1400000US41005024200", "NAME": "242", "NAMELSAD": "Census Tract 242" }, "geometry": { "type": "Polygon", "coordinates": [ [ [ -122.339, 45.3064 ], [ -122.3432, 45.3152 ], [ -122.3128, 45.3148 ], [ -122.2774, 45.3072 ], [ -122.2804, 45.3104 ], [ -122.2816, 45.3154 ], [ -122.2537, 45.2917 ], [ -122.2165, 45.2734 ], [ -122.1826, 45.2775 ], [ -122.1637, 45.2865 ], [ -122.148, 45.2859 ], [ -122.1276, 45.2978 ], [ -122.1276, 45.2477 ], [ -122.1372, 45.2478 ], [ -122.1276, 45.2439 ], [ -122.1281, 45.2299 ], [ -122.1898, 45.2299 ], [ -122.1901, 45.2447 ], [ -122.2305, 45.2441 ], [ -122.2305, 45.2156 ], [ -122.2383, 45.2153 ], [ -122.2632, 45.2397 ], [ -122.3036, 45.2447 ], [ -122.2995, 45.2597 ], [ -122.3215, 45.2687 ], [ -122.324, 45.2781 ], [ -122.3426, 45.2865 ], [ -122.3499, 45.3 ], [ -122.339, 45.3064 ] ] ] } },
{ "type": "Feature", "properties": { "GEOIDFQ": "1400000US41005022107", "NAME": "221.07", "NAMELSAD": "Census Tract 221.07" }, "geometry": { "type": "Polygon", "coordinates": [ [ [ -122.5486, 45.4333 ], [ -122.5381, 45.4249 ], [ -122.5663, 45.4132 ], [ -122.5712, 45.4225 ], [ -122.574, 45.4149 ], [ -122.5792, 45.4325 ], [ -122.5486, 45.4333 ] ] ] } },
{ "type": "Feature", "properties": { "GEOIDFQ": "1400000US41067030402", "NAME": "304.02", "NAMELSAD": "Census Tract 304.02" }, "geometry": { "type": "Polygon", "coordinates": [ [ [ -122.7618, 45.4801 ], [ -122.7437, 45.4872 ], [ -122.7437, 45.4675 ], [ -122.7742, 45.4718 ], [ -122.7618, 45.4801 ] ] ] } },
{ "type": "Feature", "properties": { "GEOIDFQ": "1400000US41067030700", "NAME": "307", "NAMELSAD": "Census Tract 307" }, "geometry": { "type": "Polygon", "coordinates": [ [ [ -122.7437, 45.4429 ], [ -122.744, 45.4153 ], [ -122.7521, 45.4152 ], [ -122.7715, 45.4314 ], [ -122.7437, 45.4429 ] ] ] } },
{ "type": "Feature", "properties": { "GEOIDFQ": "1400000US41067030801", "NAME": "308.01", "NAMELSAD": "Census Tract 308.01" }, "geometry": { "type": "Polygon", "coordinates": [ [ [ -122.7717, 45.4313 ], [ -122.7521, 45.4152 ], [ -122.7754, 45.4103 ], [ -122.7894, 45.4165 ], [ -122.7717, 45.4313 ] ] ] } },
{ "type": "Feature", "properties": { "GEOIDFQ": "1400000US41067030803", "NAME": "308.03", "NAMELSAD": "Census Tract 308.03" }, "geometry": { "type": "Polygon", "coordinates": [ [ [ -122.7895, 45.4164 ], [ -122.7644, 45.4103 ], [ -122.7645, 45.4043 ], [ -122.7966, 45.4044 ], [ -122.7895, 45.4164 ] ] ] } },
{ "type": "Feature", "properties": { "GEOIDFQ": "1400000US41071030400", "NAME": "304", "NAMELSAD": "Census Tract 304" }, "geometry": { "type": "Polygon", "coordinates": [ [ [ -123.4649, 45.4333 ], [ -123.1354, 45.4335 ], [ -123.1351, 45.4189 ], [ -123.1147, 45.419 ], [ -123.1146, 45.4044 ], [ -123.1031, 45.4044 ], [ -123.0949, 45.3817 ], [ -123.0999, 45.3563 ], [ -123.0789, 45.3327 ], [ -123.079, 45.3211 ], [ -123.1023, 45.2961 ], [ -123.0985, 45.2745 ], [ -123.1192, 45.2582 ], [ -123.1192, 45.2469 ], [ -123.1416, 45.2568 ], [ -123.1798, 45.2521 ], [ -123.2045, 45.2647 ], [ -123.2219, 45.2661 ], [ -123.2196, 45.274 ], [ -123.2409, 45.2739 ], [ -123.2464, 45.262 ], [ -123.2702, 45.2661 ], [ -123.2885, 45.2634 ], [ -123.3002, 45.2538 ], [ -123.3511, 45.2798 ], [ -123.3666, 45.2827 ], [ -123.3798, 45.2761 ], [ -123.3883, 45.2862 ], [ -123.4055, 45.2866 ], [ -123.4058, 45.2911 ], [ -123.416, 45.2792 ], [ -123.444, 45.2892 ], [ -123.462, 45.2793 ], [ -123.4649, 45.4333 ] ] ] } },
{ "type": "Feature", "properties": { "GEOIDFQ": "1400000US41071030502", "NAME": "305.02", "NAMELSAD": "Census Tract 305.02" }, "geometry": { "type": "Polygon", "coordinates": [ [ [ -123.7845, 45.2163 ], [ -123.483, 45.2161 ], [ -123.4892, 45.206 ], [ -123.5098, 45.199 ], [ -123.5119, 45.1884 ], [ -123.5049, 45.185 ], [ -123.4864, 45.1284 ], [ -123.4938, 45.1106 ], [ -123.4678, 45.1095 ], [ -123.4613, 45.1235 ], [ -123.4653, 45.1334 ], [ -123.456, 45.1258 ], [ -123.4463, 45.1286 ], [ -123.4363, 45.1214 ], [ -123.4257, 45.1215 ], [ -123.424, 45.1276 ], [ -123.4017, 45.1224 ], [ -123.3956, 45.0757 ], [ -123.7842, 45.0767 ], [ -123.7845, 45.2163 ] ] ] } },
{ "type": "Feature", "properties": { "GEOIDFQ": "1400000US41071030801", "NAME": "308.01", "NAMELSAD": "Census Tract 308.01" }, "geometry": { "type": "Polygon", "coordinates": [ [ [ -123.1965, 45.231 ], [ -123.1688, 45.2297 ], [ -123.1892, 45.2115 ], [ -123.1847, 45.2086 ], [ -123.1991, 45.2115 ], [ -123.1965, 45.231 ] ] ] } },
{ "type": "Feature", "properties": { "GEOIDFQ": "1400000US41071030702", "NAME": "307.02", "NAMELSAD": "Census Tract 307.02" }, "geometry": { "type": "Polygon", "coordinates": [ [ [ -123.2299, 45.2091 ], [ -123.1991, 45.2093 ], [ -123.209, 45.1954 ], [ -123.2291, 45.1861 ], [ -123.2299, 45.2091 ] ] ] } },
{ "type": "Feature", "properties": { "GEOIDFQ": "1400000US41071030900", "NAME": "309", "NAMELSAD": "Census Tract 309" }, "geometry": { "type": "Polygon", "coordinates": [ [ [ -123.1315, 45.1853 ], [ -123.1291, 45.2025 ], [ -123.1145, 45.2131 ], [ -123.1248, 45.228 ], [ -123.1209, 45.2421 ], [ -123.1086, 45.2364 ], [ -123.1023, 45.2419 ], [ -123.0683, 45.236 ], [ -123.0371, 45.2503 ], [ -123.0225, 45.2652 ], [ -122.9998, 45.2609 ], [ -122.9994, 45.2239 ], [ -123.0376, 45.2225 ], [ -123.0511, 45.2113 ], [ -123.0436, 45.1994 ], [ -123.0205, 45.1998 ], [ -123.0152, 45.1767 ], [ -123.0008, 45.1659 ], [ -123.0073, 45.1595 ], [ -123.027, 45.1619 ], [ -123.0332, 45.1539 ], [ -123.03, 45.1428 ], [ -123.0147, 45.1365 ], [ -122.9965, 45.1185 ], [ -123.0146, 45.102 ], [ -123.0358, 45.0979 ], [ -123.0683, 45.0749 ], [ -123.0921, 45.0749 ], [ -123.0927, 45.097 ], [ -123.117, 45.124 ], [ -123.1082, 45.1662 ], [ -123.1439, 45.1683 ], [ -123.1315, 45.1853 ] ] ] } },
{ "type": "Feature", "properties": { "GEOIDFQ": "1400000US41071031000", "NAME": "310", "NAMELSAD": "Census Tract 310" }, "geometry": { "type": "Polygon", "coordinates": [ [ [ -123.3146, 45.0838 ], [ -123.2976, 45.0898 ], [ -123.2886, 45.0869 ], [ -123.2882, 45.091 ], [ -123.2816, 45.0872 ], [ -123.2706, 45.0948 ], [ -123.2757, 45.1028 ], [ -123.2592, 45.1103 ], [ -123.2669, 45.1187 ], [ -123.2557, 45.1319 ], [ -123.265, 45.139 ], [ -123.2517, 45.1495 ], [ -123.2572, 45.1567 ], [ -123.2429, 45.1548 ], [ -123.2323, 45.1622 ], [ -123.2285, 45.1586 ], [ -123.2123, 45.1699 ], [ -123.1966, 45.1614 ], [ -123.191, 45.168 ], [ -123.1987, 45.1735 ], [ -123.1715, 45.1765 ], [ -123.1657, 45.1831 ], [ -123.1492, 45.1692 ], [ -123.1082, 45.1662 ], [ -123.117, 45.124 ], [ -123.0927, 45.097 ], [ -123.0921, 45.0749 ], [ -123.3214, 45.0755 ], [ -123.3219, 45.0904 ], [ -123.3146, 45.0838 ] ] ] } },
{ "type": "Feature", "properties": { "GEOIDFQ": "1400000US41071030802", "NAME": "308.02", "NAMELSAD": "Census Tract 308.02" }, "geometry": { "type": "Polygon", "coordinates": [ [ [ -123.1991, 45.2086 ], [ -123.1847, 45.2086 ], [ -123.1781, 45.2007 ], [ -123.1972, 45.1913 ], [ -123.2185, 45.1891 ], [ -123.1991, 45.2086 ] ] ] } },
{ "type": "Feature", "properties": { "GEOIDFQ": "1400000US41071030201", "NAME": "302.01", "NAMELSAD": "Census Tract 302.01" }, "geometry": { "type": "Polygon", "coordinates": [ [ [ -122.9822, 45.3068 ], [ -122.9641, 45.3095 ], [ -122.9613, 45.3175 ], [ -122.9456, 45.3155 ], [ -122.9469, 45.3064 ], [ -122.9686, 45.2986 ], [ -122.9896, 45.2988 ], [ -122.9822, 45.3068 ] ] ] } },
{ "type": "Feature", "properties": { "GEOIDFQ": "1400000US41071030202", "NAME": "302.02", "NAMELSAD": "Census Tract 302.02" }, "geometry": { "type": "Polygon", "coordinates": [ [ [ -122.9469, 45.3064 ], [ -122.9452, 45.2862 ], [ -122.9795, 45.2809 ], [ -122.9862, 45.2978 ], [ -122.9469, 45.3064 ] ] ] } },
{ "type": "Feature", "properties": { "GEOIDFQ": "1400000US41071030501", "NAME": "305.01", "NAMELSAD": "Census Tract 305.01" }, "geometry": { "type": "Polygon", "coordinates": [ [ [ -123.5098, 45.199 ], [ -123.4892, 45.206 ], [ -123.4857, 45.2158 ], [ -123.4635, 45.2163 ], [ -123.4631, 45.2802 ], [ -123.4542, 45.2796 ], [ -123.444, 45.2892 ], [ -123.416, 45.2792 ], [ -123.4121, 45.2887 ], [ -123.4058, 45.2911 ], [ -123.4055, 45.2866 ], [ -123.3883, 45.2862 ], [ -123.3798, 45.2761 ], [ -123.3666, 45.2827 ], [ -123.3511, 45.2798 ], [ -123.3029, 45.2557 ], [ -123.295, 45.2362 ], [ -123.278, 45.2297 ], [ -123.2986, 45.223 ], [ -123.3194, 45.2276 ], [ -123.3315, 45.2183 ], [ -123.3295, 45.2129 ], [ -123.3139, 45.2133 ], [ -123.3068, 45.2021 ], [ -123.274, 45.2055 ], [ -123.2613, 45.1972 ], [ -123.2862, 45.1768 ], [ -123.2777, 45.1716 ], [ -123.2792, 45.1535 ], [ -123.2679, 45.154 ], [ -123.2758, 45.1246 ], [ -123.2557, 45.1322 ], [ -123.2669, 45.1187 ], [ -123.2607, 45.1065 ], [ -123.2723, 45.1067 ], [ -123.2706, 45.0948 ], [ -123.2816, 45.0872 ], [ -123.2882, 45.091 ], [ -123.2886, 45.0869 ], [ -123.2976, 45.0898 ], [ -123.3151, 45.0838 ], [ -123.3219, 45.0904 ], [ -123.3214, 45.0755 ], [ -123.3967, 45.0754 ], [ -123.4017, 45.1224 ], [ -123.424, 45.1276 ], [ -123.4257, 45.1215 ], [ -123.4363, 45.1214 ], [ -123.4463, 45.1286 ], [ -123.456, 45.1258 ], [ -123.4653, 45.1334 ], [ -123.4613, 45.1235 ], [ -123.4678, 45.1095 ], [ -123.4938, 45.1106 ], [ -123.4864, 45.1284 ], [ -123.5049, 45.185 ], [ -123.5119, 45.1884 ], [ -123.5098, 45.199 ] ] ] } },
{ "type": "Feature", "properties": { "GEOIDFQ": "1400000US41047001401", "NAME": "14.01", "NAMELSAD": "Census Tract 14.01" }, "geometry": { "type": "Polygon", "coordinates": [ [ [ -123.0207, 45.0117 ], [ -123.0266, 44.9969 ], [ -123.0504, 44.9971 ], [ -123.0518, 44.9903 ], [ -123.0641, 44.9897 ], [ -123.0755, 45.0153 ], [ -123.0207, 45.0117 ] ] ] } },
{ "type": "Feature", "properties": { "GEOIDFQ": "1400000US41047002502", "NAME": "25.02", "NAMELSAD": "Census Tract 25.02" }, "geometry": { "type": "Polygon", "coordinates": [ [ [ -123.0684, 45.0778 ], [ -123.0449, 45.0903 ], [ -122.9495, 45.0959 ], [ -122.9484, 45.0886 ], [ -122.8665, 45.0787 ], [ -122.8591, 45.071 ], [ -122.8921, 45.049 ], [ -122.9034, 45.0336 ], [ -122.9171, 45.0289 ], [ -122.9211, 45.0101 ], [ -122.9338, 45.0033 ], [ -122.9347, 44.9952 ], [ -123.0008, 44.997 ], [ -122.9908, 45.0165 ], [ -123.0016, 45.0164 ], [ -122.9953, 45.0352 ], [ -123.0229, 45.0355 ], [ -123.0295, 45.0145 ], [ -123.0751, 45.0176 ], [ -123.0684, 45.0778 ] ] ] } },
{ "type": "Feature", "properties": { "GEOIDFQ": "1400000US41047002303", "NAME": "23.03", "NAMELSAD": "Census Tract 23.03" }, "geometry": { "type": "Polygon", "coordinates": [ [ [ -123.0611, 44.8853 ], [ -123.0309, 44.883 ], [ -123.025, 44.8736 ], [ -123.0626, 44.8733 ], [ -123.0611, 44.8853 ] ] ] } },
{ "type": "Feature", "properties": { "GEOIDFQ": "1400000US41047010202", "NAME": "102.02", "NAMELSAD": "Census Tract 102.02" }, "geometry": { "type": "Polygon", "coordinates": [ [ [ -122.7849, 45.2618 ], [ -122.739, 45.2595 ], [ -122.752, 45.2427 ], [ -122.7453, 45.2161 ], [ -122.7591, 45.2084 ], [ -122.759, 45.2008 ], [ -122.7532, 45.2017 ], [ -122.7498, 45.1951 ], [ -122.7548, 45.1966 ], [ -122.7528, 45.1917 ], [ -122.76, 45.1946 ], [ -122.7531, 45.1872 ], [ -122.7605, 45.183 ], [ -122.7519, 45.1819 ], [ -122.7662, 45.1636 ], [ -122.8217, 45.1616 ], [ -122.8143, 45.1765 ], [ -122.8305, 45.1635 ], [ -122.8641, 45.1671 ], [ -122.7849, 45.2618 ] ] ] } },
{ "type": "Feature", "properties": { "GEOIDFQ": "1400000US41047010307", "NAME": "103.07", "NAMELSAD": "Census Tract 103.07" }, "geometry": { "type": "Polygon", "coordinates": [ [ [ -122.8826, 45.1669 ], [ -122.8308, 45.1636 ], [ -122.845, 45.1518 ], [ -122.8969, 45.1508 ], [ -122.8826, 45.1669 ] ] ] } },
{ "type": "Feature", "properties": { "GEOIDFQ": "1400000US41047010201", "NAME": "102.01", "NAMELSAD": "Census Tract 102.01" }, "geometry": { "type": "Polygon", "coordinates": [ [ [ -122.8992, 45.2302 ], [ -122.8911, 45.2334 ], [ -122.8927, 45.2392 ], [ -122.8812, 45.2435 ], [ -122.8825, 45.2552 ], [ -122.8599, 45.2542 ], [ -122.8346, 45.2741 ], [ -122.7849, 45.2741 ], [ -122.7849, 45.2618 ], [ -122.8641, 45.1671 ], [ -122.8756, 45.167 ], [ -122.8606, 45.1811 ], [ -122.8596, 45.1864 ], [ -122.8688, 45.1881 ], [ -122.863, 45.1959 ], [ -122.9113, 45.2094 ], [ -122.8992, 45.2302 ] ] ] } },
{ "type": "Feature", "properties": { "GEOIDFQ": "1400000US41017001004", "NAME": "10.04", "NAMELSAD": "Census Tract 10.04" }, "geometry": { "type": "Polygon", "coordinates": [ [ [ -121.2195, 44.2692 ], [ -121.1943, 44.2692 ], [ -121.1942, 44.262 ], [ -121.2044, 44.2547 ], [ -121.2012, 44.2475 ], [ -121.2193, 44.2511 ], [ -121.2195, 44.2692 ] ] ] } },
{ "type": "Feature", "properties": { "GEOIDFQ": "1400000US41047010304", "NAME": "103.04", "NAMELSAD": "Census Tract 103.04" }, "geometry": { "type": "Polygon", "coordinates": [ [ [ -122.8523, 45.1459 ], [ -122.8366, 45.1453 ], [ -122.8555, 45.1241 ], [ -122.8717, 45.1249 ], [ -122.8523, 45.1459 ] ] ] } },
{ "type": "Feature", "properties": { "GEOIDFQ": "1400000US41047010701", "NAME": "107.01", "NAMELSAD": "Census Tract 107.01" }, "geometry": { "type": "Polygon", "coordinates": [ [ [ -122.8183, 44.8026 ], [ -122.8284, 44.8308 ], [ -122.7397, 44.7991 ], [ -122.7598, 44.7944 ], [ -122.7706, 44.7982 ], [ -122.8118, 44.7876 ], [ -122.8147, 44.7939 ], [ -122.8349, 44.7914 ], [ -122.8351, 44.8025 ], [ -122.8183, 44.8026 ] ] ] } },
{ "type": "Feature", "properties": { "GEOIDFQ": "1400000US41051010001", "NAME": "100.01", "NAMELSAD": "Census Tract 100.01" }, "geometry": { "type": "Polygon", "coordinates": [ [ [ -122.4448, 45.5127 ], [ -122.4211, 45.5066 ], [ -122.4139, 45.4979 ], [ -122.4448, 45.4971 ], [ -122.4448, 45.5127 ] ] ] } },
{ "type": "Feature", "properties": { "GEOIDFQ": "1400000US41003010702", "NAME": "107.02", "NAMELSAD": "Census Tract 107.02" }, "geometry": { "type": "Polygon", "coordinates": [ [ [ -123.2834, 44.5718 ], [ -123.2741, 44.5559 ], [ -123.2896, 44.5546 ], [ -123.2897, 44.5621 ], [ -123.312, 44.5622 ], [ -123.3121, 44.5711 ], [ -123.2834, 44.5718 ] ] ] } },
{ "type": "Feature", "properties": { "GEOIDFQ": "1400000US41067030106", "NAME": "301.06", "NAMELSAD": "Census Tract 301.06" }, "geometry": { "type": "Polygon", "coordinates": [ [ [ -122.7842, 45.534 ], [ -122.7644, 45.5339 ], [ -122.7645, 45.5196 ], [ -122.7992, 45.5269 ], [ -122.7842, 45.534 ] ] ] } },
{ "type": "Feature", "properties": { "GEOIDFQ": "1400000US41039001400", "NAME": "14", "NAMELSAD": "Census Tract 14" }, "geometry": { "type": "Polygon", "coordinates": [ [ [ -123.1174, 43.7511 ], [ -123.0726, 43.7665 ], [ -123.0555, 43.7468 ], [ -123.0535, 43.7228 ], [ -122.9988, 43.7043 ], [ -122.9785, 43.7068 ], [ -122.9527, 43.6793 ], [ -122.9437, 43.6769 ], [ -122.946, 43.6862 ], [ -122.9237, 43.6943 ], [ -122.9066, 43.7253 ], [ -122.8877, 43.7421 ], [ -122.9315, 43.7786 ], [ -122.918, 43.7879 ], [ -122.9053, 43.8231 ], [ -122.8888, 43.8223 ], [ -122.8953, 43.8248 ], [ -122.8876, 43.8325 ], [ -122.8945, 43.8431 ], [ -122.8364, 43.8105 ], [ -122.8278, 43.7925 ], [ -122.7982, 43.7912 ], [ -122.7946, 43.7762 ], [ -122.7528, 43.7809 ], [ -122.7371, 43.7917 ], [ -122.7098, 43.7981 ], [ -122.6952, 43.7905 ], [ -122.6704, 43.7973 ], [ -122.6458, 43.7809 ], [ -122.6399, 43.7572 ], [ -122.6242, 43.7585 ], [ -122.5942, 43.7426 ], [ -122.5981, 43.729 ], [ -122.5922, 43.7255 ], [ -122.6019, 43.7195 ], [ -122.5774, 43.7071 ], [ -122.5772, 43.6943 ], [ -122.5683, 43.6829 ], [ -122.5736, 43.6664 ], [ -122.5644, 43.6624 ], [ -122.5617, 43.6504 ], [ -122.5701, 43.6391 ], [ -122.5419, 43.6345 ], [ -122.5374, 43.6238 ], [ -122.5308, 43.6227 ], [ -122.5308, 43.6154 ], [ -122.5454, 43.6072 ], [ -122.5403, 43.59 ], [ -122.5672, 43.5816 ], [ -122.5536, 43.5636 ], [ -122.544, 43.5638 ], [ -122.5391, 43.554 ], [ -122.5267, 43.5483 ], [ -122.5236, 43.535 ], [ -122.4986, 43.5153 ], [ -122.5153, 43.4824 ], [ -122.4805, 43.4828 ], [ -122.4696, 43.4755 ], [ -122.478, 43.4653 ], [ -122.4741, 43.4577 ], [ -122.4629, 43.4559 ], [ -122.4458, 43.4419 ], [ -122.7417, 43.4374 ], [ -122.7418, 43.5447 ], [ -123.1077, 43.54 ], [ -123.1073, 43.6059 ], [ -123.1372, 43.6059 ], [ -123.138, 43.7536 ], [ -123.1174, 43.7511 ] ] ] } },
{ "type": "Feature", "properties": { "GEOIDFQ": "1400000US41039001700", "NAME": "17", "NAMELSAD": "Census Tract 17" }, "geometry": { "type": "Polygon", "coordinates": [ [ [ -122.9839, 44.0291 ], [ -122.9797, 44.0243 ], [ -122.9721, 44.0269 ], [ -122.9375, 44.0195 ], [ -122.9362, 44.0094 ], [ -122.9207, 44.0117 ], [ -122.8889, 43.9822 ], [ -122.8753, 43.9502 ], [ -122.8608, 43.9369 ], [ -122.8453, 43.9332 ], [ -122.8305, 43.9172 ], [ -122.8232, 43.9068 ], [ -122.828, 43.8929 ], [ -122.8493, 43.8801 ], [ -122.8726, 43.8843 ], [ -122.8888, 43.8818 ], [ -122.8947, 43.8634 ], [ -122.9105, 43.8569 ], [ -122.9215, 43.8779 ], [ -122.9648, 43.9076 ], [ -122.9749, 43.9264 ], [ -122.9771, 43.9528 ], [ -122.9999, 43.9566 ], [ -123.0242, 43.9511 ], [ -123.0242, 43.9707 ], [ -123.0117, 43.9884 ], [ -123.0263, 44.0221 ], [ -122.9839, 44.0291 ] ] ] } },
{ "type": "Feature", "properties": { "GEOIDFQ": "1400000US41039001903", "NAME": "19.03", "NAMELSAD": "Census Tract 19.03" }, "geometry": { "type": "Polygon", "coordinates": [ [ [ -122.9421, 44.0567 ], [ -122.9309, 44.0457 ], [ -122.9633, 44.0458 ], [ -122.9695, 44.0597 ], [ -122.9421, 44.0567 ] ] ] } },
{ "type": "Feature", "properties": { "GEOIDFQ": "1400000US41017001401", "NAME": "14.01", "NAMELSAD": "Census Tract 14.01" }, "geometry": { "type": "Polygon", "coordinates": [ [ [ -121.3797, 44.0512 ], [ -121.3319, 44.0565 ], [ -121.3321, 44.0417 ], [ -121.3553, 44.0242 ], [ -121.3687, 44.0225 ], [ -121.3686, 44.0369 ], [ -121.3839, 44.0371 ], [ -121.3797, 44.0512 ] ] ] } },
{ "type": "Feature", "properties": { "GEOIDFQ": "1400000US41017001402", "NAME": "14.02", "NAMELSAD": "Census Tract 14.02" }, "geometry": { "type": "Polygon", "coordinates": [ [ [ -121.3288, 44.0623 ], [ -121.315, 44.0616 ], [ -121.3256, 44.0541 ], [ -121.3167, 44.0429 ], [ -121.336, 44.0386 ], [ -121.3288, 44.0623 ] ] ] } },
{ "type": "Feature", "properties": { "GEOIDFQ": "1400000US41017000404", "NAME": "4.04", "NAMELSAD": "Census Tract 4.04" }, "geometry": { "type": "Polygon", "coordinates": [ [ [ -121.492, 43.8605 ], [ -121.4676, 43.8757 ], [ -121.4613, 43.8641 ], [ -121.452, 43.8633 ], [ -121.4576, 43.847 ], [ -121.466, 43.846 ], [ -121.4606, 43.8377 ], [ -121.475, 43.8334 ], [ -121.4697, 43.8326 ], [ -121.4753, 43.828 ], [ -121.4715, 43.8236 ], [ -121.4833, 43.8244 ], [ -121.4911, 43.8174 ], [ -121.5075, 43.8163 ], [ -121.5054, 43.8358 ], [ -121.5203, 43.8567 ], [ -121.492, 43.8605 ] ] ] } },
{ "type": "Feature", "properties": { "GEOIDFQ": "1400000US41017001102", "NAME": "11.02", "NAMELSAD": "Census Tract 11.02" }, "geometry": { "type": "Polygon", "coordinates": [ [ [ -121.3634, 44.1129 ], [ -121.3332, 44.1189 ], [ -121.3356, 44.1275 ], [ -121.3249, 44.1446 ], [ -121.3294, 44.1519 ], [ -121.316, 44.1673 ], [ -121.3217, 44.1762 ], [ -121.3174, 44.1817 ], [ -121.2892, 44.1744 ], [ -121.3004, 44.16 ], [ -121.2591, 44.1599 ], [ -121.3017, 44.0989 ], [ -121.3053, 44.0816 ], [ -121.3211, 44.0942 ], [ -121.3453, 44.084 ], [ -121.3556, 44.068 ], [ -121.3792, 44.0871 ], [ -121.3634, 44.1129 ] ] ] } },
{ "type": "Feature", "properties": { "GEOIDFQ": "1400000US41017000902", "NAME": "9.02", "NAMELSAD": "Census Tract 9.02" }, "geometry": { "type": "Polygon", "coordinates": [ [ [ -121.1994, 44.2764 ], [ -121.1867, 44.2765 ], [ -121.1796, 44.2725 ], [ -121.1796, 44.2622 ], [ -121.1942, 44.2583 ], [ -121.1943, 44.2692 ], [ -121.2014, 44.2702 ], [ -121.1994, 44.2764 ] ] ] } },
{ "type": "Feature", "properties": { "GEOIDFQ": "1400000US41017002001", "NAME": "20.01", "NAMELSAD": "Census Tract 20.01" }, "geometry": { "type": "Polygon", "coordinates": [ [ [ -121.324, 44.0078 ], [ -121.3199, 44.0048 ], [ -121.2901, 44.0114 ], [ -121.2841, 44.008 ], [ -121.2843, 43.9879 ], [ -121.3068, 44.002 ], [ -121.3169, 44.0009 ], [ -121.3283, 43.991 ], [ -121.3334, 43.9944 ], [ -121.324, 44.0078 ] ] ] } },
{ "type": "Feature", "properties": { "GEOIDFQ": "1400000US41017001003", "NAME": "10.03", "NAMELSAD": "Census Tract 10.03" }, "geometry": { "type": "Polygon", "coordinates": [ [ [ -121.2342, 44.2965 ], [ -121.2296, 44.3075 ], [ -121.2391, 44.3133 ], [ -121.2039, 44.3199 ], [ -121.199, 44.2918 ], [ -121.1891, 44.2909 ], [ -121.1892, 44.2765 ], [ -121.1994, 44.2764 ], [ -121.2008, 44.2692 ], [ -121.2138, 44.2692 ], [ -121.2593, 44.2763 ], [ -121.2342, 44.2965 ] ] ] } },
{ "type": "Feature", "properties": { "GEOIDFQ": "1400000US41017001005", "NAME": "10.05", "NAMELSAD": "Census Tract 10.05" }, "geometry": { "type": "Polygon", "coordinates": [ [ [ -121.2195, 44.2692 ], [ -121.2193, 44.2511 ], [ -121.1931, 44.2424 ], [ -121.1693, 44.2502 ], [ -121.1689, 44.2404 ], [ -121.1364, 44.2403 ], [ -121.1308, 44.262 ], [ -121.1083, 44.262 ], [ -121.1029, 44.2024 ], [ -121.1289, 44.186 ], [ -121.1791, 44.214 ], [ -121.1994, 44.2014 ], [ -121.2212, 44.2015 ], [ -121.2199, 44.2181 ], [ -121.2573, 44.2243 ], [ -121.2443, 44.2347 ], [ -121.2519, 44.245 ], [ -121.2473, 44.2621 ], [ -121.2585, 44.2736 ], [ -121.2195, 44.2692 ] ] ] } },
{ "type": "Feature", "properties": { "GEOIDFQ": "1400000US41017000901", "NAME": "9.01", "NAMELSAD": "Census Tract 9.01" }, "geometry": { "type": "Polygon", "coordinates": [ [ [ -121.1991, 44.2619 ], [ -121.1875, 44.2584 ], [ -121.1796, 44.2622 ], [ -121.1796, 44.2725 ], [ -121.1588, 44.2728 ], [ -121.1482, 44.2622 ], [ -121.1308, 44.262 ], [ -121.1364, 44.2403 ], [ -121.1689, 44.2404 ], [ -121.1693, 44.2502 ], [ -121.1931, 44.2424 ], [ -121.2044, 44.2547 ], [ -121.1991, 44.2619 ] ] ] } },
{ "type": "Feature", "properties": { "GEOIDFQ": "1400000US41017000702", "NAME": "7.02", "NAMELSAD": "Census Tract 7.02" }, "geometry": { "type": "Polygon", "coordinates": [ [ [ -121.2869, 44.3781 ], [ -121.2969, 44.3832 ], [ -121.2911, 44.3929 ], [ -121.1075, 44.3906 ], [ -121.1081, 44.3272 ], [ -121.1293, 44.32 ], [ -121.1632, 44.3199 ], [ -121.1638, 44.3127 ], [ -121.1815, 44.3098 ], [ -121.194, 44.3199 ], [ -121.2188, 44.32 ], [ -121.2317, 44.3119 ], [ -121.2438, 44.3125 ], [ -121.27, 44.3336 ], [ -121.2607, 44.349 ], [ -121.2607, 44.3646 ], [ -121.2857, 44.3551 ], [ -121.2859, 44.3604 ], [ -121.2951, 44.3599 ], [ -121.3004, 44.3676 ], [ -121.2869, 44.3781 ] ] ] } },
{ "type": "Feature", "properties": { "GEOIDFQ": "1400000US41017001904", "NAME": "19.04", "NAMELSAD": "Census Tract 19.04" }, "geometry": { "type": "Polygon", "coordinates": [ [ [ -121.2838, 44.0369 ], [ -121.2427, 44.0369 ], [ -121.2443, 43.9874 ], [ -121.2674, 43.9973 ], [ -121.2741, 43.9963 ], [ -121.2771, 43.9911 ], [ -121.2843, 43.9879 ], [ -121.2838, 44.0369 ] ] ] } },
{ "type": "Feature", "properties": { "GEOIDFQ": "1400000US41017000202", "NAME": "2.02", "NAMELSAD": "Census Tract 2.02" }, "geometry": { "type": "Polygon", "coordinates": [ [ [ -121.9991, 43.6267 ], [ -121.9649, 43.627 ], [ -121.9805, 43.6397 ], [ -121.9871, 43.6544 ], [ -121.9782, 43.688 ], [ -121.9669, 43.7028 ], [ -121.9746, 43.7086 ], [ -121.9736, 43.7311 ], [ -121.9812, 43.743 ], [ -121.9609, 43.7638 ], [ -121.9695, 43.7685 ], [ -121.9605, 43.7812 ], [ -121.9676, 43.7882 ], [ -121.9644, 43.8083 ], [ -121.8937, 43.7938 ], [ -121.8481, 43.8019 ], [ -121.8491, 43.8063 ], [ -121.7988, 43.8262 ], [ -121.7461, 43.8292 ], [ -121.7284, 43.8361 ], [ -121.7021, 43.8265 ], [ -121.6713, 43.8344 ], [ -121.5918, 43.825 ], [ -121.5553, 43.847 ], [ -121.5193, 43.8557 ], [ -121.5054, 43.8358 ], [ -121.5075, 43.8163 ], [ -121.5002, 43.818 ], [ -121.4917, 43.8133 ], [ -121.5042, 43.8009 ], [ -121.501, 43.7926 ], [ -121.5064, 43.7951 ], [ -121.503, 43.7909 ], [ -121.5164, 43.7873 ], [ -121.5164, 43.7721 ], [ -121.53, 43.7761 ], [ -121.5329, 43.7697 ], [ -121.5387, 43.7736 ], [ -121.5375, 43.7665 ], [ -121.5465, 43.7673 ], [ -121.5461, 43.7572 ], [ -121.6035, 43.7397 ], [ -121.5535, 43.7039 ], [ -121.4989, 43.7036 ], [ -121.5012, 43.6923 ], [ -121.5129, 43.6823 ], [ -121.5143, 43.6846 ], [ -121.5168, 43.6852 ], [ -121.5265, 43.6773 ], [ -121.5332, 43.6792 ], [ -121.5638, 43.669 ], [ -121.5693, 43.6612 ], [ -121.59, 43.6556 ], [ -121.594, 43.6374 ], [ -121.5849, 43.6317 ], [ -121.6, 43.6164 ], [ -122.0022, 43.6156 ], [ -121.9991, 43.6267 ] ] ] } },
{ "type": "Feature", "properties": { "GEOIDFQ": "1400000US41017001101", "NAME": "11.01", "NAMELSAD": "Census Tract 11.01" }, "geometry": { "type": "Polygon", "coordinates": [ [ [ -121.2952, 44.1093 ], [ -121.2791, 44.1091 ], [ -121.2789, 44.1031 ], [ -121.2587, 44.0984 ], [ -121.2586, 44.0874 ], [ -121.2663, 44.0839 ], [ -121.2934, 44.0821 ], [ -121.304, 44.0768 ], [ -121.3062, 44.087 ], [ -121.2952, 44.1093 ] ] ] } },
{ "type": "Feature", "properties": { "GEOIDFQ": "1400000US41017000601", "NAME": "6.01", "NAMELSAD": "Census Tract 6.01" }, "geometry": { "type": "Polygon", "coordinates": [ [ [ -121.4476, 44.3437 ], [ -121.4164, 44.3676 ], [ -121.4055, 44.3932 ], [ -121.2911, 44.3929 ], [ -121.2969, 44.3832 ], [ -121.2869, 44.3782 ], [ -121.3001, 44.3683 ], [ -121.2956, 44.3604 ], [ -121.2868, 44.3609 ], [ -121.2854, 44.3551 ], [ -121.261, 44.3649 ], [ -121.2692, 44.3321 ], [ -121.2296, 44.3075 ], [ -121.2585, 44.2736 ], [ -121.2864, 44.286 ], [ -121.3559, 44.2948 ], [ -121.4023, 44.2948 ], [ -121.4121, 44.2888 ], [ -121.4856, 44.2916 ], [ -121.4965, 44.309 ], [ -121.5151, 44.3186 ], [ -121.4476, 44.3437 ] ] ] } },
{ "type": "Feature", "properties": { "GEOIDFQ": "1400000US41017001302", "NAME": "13.02", "NAMELSAD": "Census Tract 13.02" }, "geometry": { "type": "Polygon", "coordinates": [ [ [ -121.3793, 44.0871 ], [ -121.3556, 44.068 ], [ -121.3455, 44.0838 ], [ -121.3358, 44.0872 ], [ -121.3413, 44.0793 ], [ -121.3292, 44.0722 ], [ -121.3346, 44.065 ], [ -121.3277, 44.065 ], [ -121.3288, 44.0566 ], [ -121.3835, 44.0501 ], [ -121.3793, 44.0871 ] ] ] } },
{ "type": "Feature", "properties": { "GEOIDFQ": "1400000US41017000603", "NAME": "6.03", "NAMELSAD": "Census Tract 6.03" }, "geometry": { "type": "Polygon", "coordinates": [ [ [ -121.4729, 44.2915 ], [ -121.4121, 44.2888 ], [ -121.4023, 44.2948 ], [ -121.3571, 44.2948 ], [ -121.2748, 44.2829 ], [ -121.248, 44.2634 ], [ -121.2519, 44.245 ], [ -121.2443, 44.2347 ], [ -121.2755, 44.2074 ], [ -121.274, 44.2024 ], [ -121.2895, 44.2006 ], [ -121.3035, 44.1838 ], [ -121.3174, 44.1817 ], [ -121.3137, 44.1889 ], [ -121.3238, 44.1888 ], [ -121.3238, 44.1961 ], [ -121.3542, 44.1951 ], [ -121.3648, 44.2012 ], [ -121.3984, 44.1962 ], [ -121.4232, 44.2165 ], [ -121.4733, 44.2409 ], [ -121.4729, 44.2915 ] ] ] } },
{ "type": "Feature", "properties": { "GEOIDFQ": "1400000US41017002103", "NAME": "21.03", "NAMELSAD": "Census Tract 21.03" }, "geometry": { "type": "Polygon", "coordinates": [ [ [ -121.3354, 44.0282 ], [ -121.3205, 44.0329 ], [ -121.3325, 44.0194 ], [ -121.3328, 44.0089 ], [ -121.3442, 44.0109 ], [ -121.3439, 44.006 ], [ -121.3576, 44.0073 ], [ -121.3639, 44.0024 ], [ -121.3354, 44.0282 ] ] ] } },
{ "type": "Feature", "properties": { "GEOIDFQ": "1400000US41017000302", "NAME": "3.02", "NAMELSAD": "Census Tract 3.02" }, "geometry": { "type": "Polygon", "coordinates": [ [ [ -121.5461, 43.7572 ], [ -121.5465, 43.7673 ], [ -121.5378, 43.7664 ], [ -121.5389, 43.7734 ], [ -121.5326, 43.7698 ], [ -121.5303, 43.7761 ], [ -121.5167, 43.772 ], [ -121.5118, 43.7796 ], [ -121.496, 43.7718 ], [ -121.4762, 43.7699 ], [ -121.4844, 43.7516 ], [ -121.4929, 43.7475 ], [ -121.4895, 43.7393 ], [ -121.4959, 43.7335 ], [ -121.4889, 43.7188 ], [ -121.498, 43.7137 ], [ -121.4989, 43.7036 ], [ -121.553, 43.7036 ], [ -121.6035, 43.7399 ], [ -121.5461, 43.7572 ] ] ] } },
{ "type": "Feature", "properties": { "GEOIDFQ": "1400000US41017000602", "NAME": "6.02", "NAMELSAD": "Census Tract 6.02" }, "geometry": { "type": "Polygon", "coordinates": [ [ [ -121.4729, 44.2398 ], [ -121.4232, 44.2165 ], [ -121.3984, 44.1962 ], [ -121.3629, 44.201 ], [ -121.3542, 44.1951 ], [ -121.3238, 44.1961 ], [ -121.3238, 44.1888 ], [ -121.3137, 44.1889 ], [ -121.3216, 44.1765 ], [ -121.316, 44.1673 ], [ -121.3294, 44.1518 ], [ -121.3249, 44.1446 ], [ -121.3356, 44.1275 ], [ -121.3332, 44.1189 ], [ -121.3634, 44.1129 ], [ -121.3836, 44.0798 ], [ -121.3886, 44.0803 ], [ -121.3935, 44.1094 ], [ -121.4036, 44.1093 ], [ -121.4038, 44.1308 ], [ -121.4341, 44.1307 ], [ -121.4342, 44.138 ], [ -121.4437, 44.1378 ], [ -121.4438, 44.1419 ], [ -121.4552, 44.1378 ], [ -121.4552, 44.1524 ], [ -121.4441, 44.1522 ], [ -121.4441, 44.1564 ], [ -121.455, 44.1595 ], [ -121.4551, 44.1654 ], [ -121.4379, 44.1672 ], [ -121.4596, 44.1959 ], [ -121.4671, 44.2224 ], [ -121.473, 44.2227 ], [ -121.4729, 44.2398 ] ] ] } },
{ "type": "Feature", "properties": { "GEOIDFQ": "1400000US41017001802", "NAME": "18.02", "NAMELSAD": "Census Tract 18.02" }, "geometry": { "type": "Polygon", "coordinates": [ [ [ -121.2926, 44.0546 ], [ -121.2843, 44.0515 ], [ -121.2792, 44.0564 ], [ -121.2686, 44.0514 ], [ -121.2687, 44.0371 ], [ -121.2892, 44.037 ], [ -121.2926, 44.0546 ] ] ] } },
{ "type": "Feature", "properties": { "GEOIDFQ": "1400000US41047000703", "NAME": "7.03", "NAMELSAD": "Census Tract 7.03" }, "geometry": { "type": "Polygon", "coordinates": [ [ [ -123.0031, 44.954 ], [ -122.9903, 44.9539 ], [ -122.9905, 44.9435 ], [ -123.0062, 44.9493 ], [ -123.0031, 44.954 ] ] ] } },
{ "type": "Feature", "properties": { "GEOIDFQ": "1400000US41047010309", "NAME": "103.09", "NAMELSAD": "Census Tract 103.09" }, "geometry": { "type": "Polygon", "coordinates": [ [ [ -122.8733, 45.1509 ], [ -122.845, 45.1518 ], [ -122.8648, 45.1359 ], [ -122.8647, 45.1461 ], [ -122.8752, 45.143 ], [ -122.8733, 45.1509 ] ] ] } },
{ "type": "Feature", "properties": { "GEOIDFQ": "1400000US41047010308", "NAME": "103.08", "NAMELSAD": "Census Tract 103.08" }, "geometry": { "type": "Polygon", "coordinates": [ [ [ -122.8805, 45.1511 ], [ -122.8733, 45.1509 ], [ -122.8751, 45.1419 ], [ -122.8647, 45.1461 ], [ -122.8651, 45.1359 ], [ -122.8974, 45.1335 ], [ -122.8805, 45.1511 ] ] ] } },
{ "type": "Feature", "properties": { "GEOIDFQ": "1400000US41047002701", "NAME": "27.01", "NAMELSAD": "Census Tract 27.01" }, "geometry": { "type": "Polygon", "coordinates": [ [ [ -123.0084, 44.8371 ], [ -123.0117, 44.8591 ], [ -123.0037, 44.8684 ], [ -122.9888, 44.8683 ], [ -122.9887, 44.8848 ], [ -122.9677, 44.8636 ], [ -122.9583, 44.8684 ], [ -122.9576, 44.8793 ], [ -122.9443, 44.8794 ], [ -122.9465, 44.8898 ], [ -122.9338, 44.8948 ], [ -122.8671, 44.853 ], [ -122.8821, 44.8557 ], [ -122.9056, 44.8456 ], [ -122.9068, 44.8387 ], [ -122.9181, 44.8388 ], [ -122.917, 44.8243 ], [ -122.9684, 44.8212 ], [ -122.9714, 44.817 ], [ -123.0016, 44.8175 ], [ -123.0168, 44.8242 ], [ -123.0084, 44.8371 ] ] ] } },
{ "type": "Feature", "properties": { "GEOIDFQ": "1400000US41047002702", "NAME": "27.02", "NAMELSAD": "Census Tract 27.02" }, "geometry": { "type": "Polygon", "coordinates": [ [ [ -122.934, 44.905 ], [ -122.9334, 44.927 ], [ -122.8691, 44.9296 ], [ -122.8487, 44.9182 ], [ -122.8164, 44.9142 ], [ -122.8167, 44.903 ], [ -122.8609, 44.8733 ], [ -122.8661, 44.8531 ], [ -122.9407, 44.8995 ], [ -122.934, 44.905 ] ] ] } },
{ "type": "Feature", "properties": { "GEOIDFQ": "1400000US41047002503", "NAME": "25.03", "NAMELSAD": "Census Tract 25.03" }, "geometry": { "type": "Polygon", "coordinates": [ [ [ -123.0299, 45.0235 ], [ -122.9992, 45.0279 ], [ -123.0016, 45.0164 ], [ -123.0116, 45.0177 ], [ -123.0213, 45.0116 ], [ -123.0303, 45.016 ], [ -123.0299, 45.0235 ] ] ] } },
{ "type": "Feature", "properties": { "GEOIDFQ": "1400000US41051004300", "NAME": "43", "NAMELSAD": "Census Tract 43" }, "geometry": { "type": "Polygon", "coordinates": [ [ [ -122.8237, 45.6055 ], [ -122.81, 45.619 ], [ -122.7908, 45.6195 ], [ -122.7643, 45.5853 ], [ -122.692, 45.5449 ], [ -122.7267, 45.5383 ], [ -122.7283, 45.5461 ], [ -122.735, 45.5447 ], [ -122.7443, 45.5574 ], [ -122.7533, 45.553 ], [ -122.7636, 45.5589 ], [ -122.7605, 45.5618 ], [ -122.7896, 45.5657 ], [ -122.7994, 45.583 ], [ -122.8323, 45.5999 ], [ -122.833, 45.6057 ], [ -122.8237, 45.6055 ] ] ] } },
{ "type": "Feature", "properties": { "GEOIDFQ": "1400000US41047000702", "NAME": "7.02", "NAMELSAD": "Census Tract 7.02" }, "geometry": { "type": "Polygon", "coordinates": [ [ [ -123.006, 44.9466 ], [ -122.9905, 44.9435 ], [ -122.9905, 44.9279 ], [ -123.0117, 44.9331 ], [ -123.006, 44.9466 ] ] ] } },
{ "type": "Feature", "properties": { "GEOIDFQ": "1400000US41047002001", "NAME": "20.01", "NAMELSAD": "Census Tract 20.01" }, "geometry": { "type": "Polygon", "coordinates": [ [ [ -123.0259, 44.8985 ], [ -123.0137, 44.8865 ], [ -123.0171, 44.8693 ], [ -123.0362, 44.8941 ], [ -123.0259, 44.8985 ] ] ] } },
{ "type": "Feature", "properties": { "GEOIDFQ": "1400000US41047001605", "NAME": "16.05", "NAMELSAD": "Census Tract 16.05" }, "geometry": { "type": "Polygon", "coordinates": [ [ [ -122.9906, 44.9867 ], [ -122.9833, 44.9831 ], [ -122.9835, 44.9693 ], [ -122.9903, 44.9682 ], [ -122.9906, 44.9867 ] ] ] } },
{ "type": "Feature", "properties": { "GEOIDFQ": "1400000US41047001607", "NAME": "16.07", "NAMELSAD": "Census Tract 16.07" }, "geometry": { "type": "Polygon", "coordinates": [ [ [ -122.9903, 44.9682 ], [ -122.9767, 44.9699 ], [ -122.977, 44.9539 ], [ -122.9903, 44.9539 ], [ -122.9903, 44.9682 ] ] ] } },
{ "type": "Feature", "properties": { "GEOIDFQ": "1400000US41047001606", "NAME": "16.06", "NAMELSAD": "Census Tract 16.06" }, "geometry": { "type": "Polygon", "coordinates": [ [ [ -122.9833, 44.9831 ], [ -122.9629, 44.9801 ], [ -122.9694, 44.9699 ], [ -122.9835, 44.9698 ], [ -122.9833, 44.9831 ] ] ] } },
{ "type": "Feature", "properties": { "GEOIDFQ": "1400000US41047001608", "NAME": "16.08", "NAMELSAD": "Census Tract 16.08" }, "geometry": { "type": "Polygon", "coordinates": [ [ [ -122.9767, 44.9699 ], [ -122.965, 44.9696 ], [ -122.9634, 44.9572 ], [ -122.977, 44.9545 ], [ -122.9767, 44.9699 ] ] ] } },
{ "type": "Feature", "properties": { "GEOIDFQ": "1400000US41047002002", "NAME": "20.02", "NAMELSAD": "Census Tract 20.02" }, "geometry": { "type": "Polygon", "coordinates": [ [ [ -123.0171, 44.8693 ], [ -123.0154, 44.8828 ], [ -122.9984, 44.8852 ], [ -123.0113, 44.8519 ], [ -123.0223, 44.8693 ], [ -123.0171, 44.8693 ] ] ] } },
{ "type": "Feature", "properties": { "GEOIDFQ": "1400000US41047002504", "NAME": "25.04", "NAMELSAD": "Census Tract 25.04" }, "geometry": { "type": "Polygon", "coordinates": [ [ [ -123.0252, 45.0331 ], [ -123.0201, 45.037 ], [ -122.9953, 45.0352 ], [ -122.9992, 45.0279 ], [ -123.0299, 45.0239 ], [ -123.0252, 45.0331 ] ] ] } },
{ "type": "Feature", "properties": { "GEOIDFQ": "1400000US41047000200", "NAME": "2", "NAMELSAD": "Census Tract 2" }, "geometry": { "type": "Polygon", "coordinates": [ [ [ -123.0375, 44.9565 ], [ -123.0328, 44.9565 ], [ -123.035, 44.952 ], [ -123.0205, 44.949 ], [ -123.0305, 44.9301 ], [ -123.047, 44.9335 ], [ -123.0375, 44.9565 ] ] ] } },
{ "type": "Feature", "properties": { "GEOIDFQ": "1400000US41023960201", "NAME": "9602.01", "NAMELSAD": "Census Tract 9602.01" }, "geometry": { "type": "Polygon", "coordinates": [ [ [ -119.6532, 44.7627 ], [ -119.6441, 44.759 ], [ -119.6288, 44.7778 ], [ -119.6169, 44.7855 ], [ -119.6109, 44.7812 ], [ -119.5977, 44.7915 ], [ -119.5822, 44.7853 ], [ -119.5843, 44.771 ], [ -119.5778, 44.7636 ], [ -119.545, 44.7498 ], [ -119.5463, 44.7158 ], [ -119.5355, 44.6779 ], [ -119.5411, 44.6559 ], [ -119.5266, 44.6334 ], [ -119.5016, 44.6252 ], [ -119.4918, 44.6157 ], [ -119.4778, 44.6154 ], [ -119.4788, 44.5991 ], [ -119.4697, 44.5919 ], [ -119.4472, 44.59 ], [ -119.4464, 44.5736 ], [ -119.4134, 44.544 ], [ -119.3685, 44.5496 ], [ -119.3631, 44.5594 ], [ -119.3488, 44.5648 ], [ -119.2651, 44.5446 ], [ -119.2206, 44.5499 ], [ -119.1711, 44.5429 ], [ -119.1383, 44.5635 ], [ -119.1427, 44.5684 ], [ -119.1246, 44.571 ], [ -119.087, 44.5603 ], [ -119.0431, 44.535 ], [ -119.0424, 44.5143 ], [ -119.0281, 44.4828 ], [ -119.0381, 44.4524 ], [ -119.0658, 44.4393 ], [ -119.1049, 44.4317 ], [ -119.1134, 44.4191 ], [ -119.0711, 44.4109 ], [ -119.0701, 44.3672 ], [ -119.0837, 44.34 ], [ -119.0774, 44.3275 ], [ -119.0879, 44.2917 ], [ -119.0842, 44.2838 ], [ -119.0806, 44.2866 ], [ -119.0773, 44.2495 ], [ -119.0235, 44.2485 ], [ -119.015, 44.2603 ], [ -119.0, 44.2542 ], [ -118.9924, 44.2632 ], [ -118.9661, 44.2728 ], [ -118.9421, 44.267 ], [ -118.9076, 44.2427 ], [ -118.8826, 44.2371 ], [ -118.8534, 44.2201 ], [ -118.858, 44.2013 ], [ -118.8693, 44.1936 ], [ -118.8167, 44.1911 ], [ -118.8064, 44.1843 ], [ -118.797, 44.1904 ], [ -118.786, 44.1896 ], [ -118.7869, 44.181 ], [ -118.7799, 44.1752 ], [ -118.772, 44.1762 ], [ -118.7748, 44.1728 ], [ -118.7683, 44.1755 ], [ -118.7597, 44.1655 ], [ -118.7666, 44.155 ], [ -118.7581, 44.1249 ], [ -118.7716, 44.1171 ], [ -118.7799, 44.1218 ], [ -118.7813, 44.1055 ], [ -118.7879, 44.0981 ], [ -118.7943, 44.1008 ], [ -118.8001, 44.0908 ], [ -118.7894, 44.0725 ], [ -118.8058, 44.0666 ], [ -118.7997, 44.0478 ], [ -118.8169, 44.0478 ], [ -118.8169, 43.9607 ], [ -119.6572, 43.9589 ], [ -119.6532, 44.7627 ] ] ] } },
{ "type": "Feature", "properties": { "GEOIDFQ": "1400000US41023960202", "NAME": "9602.02", "NAMELSAD": "Census Tract 9602.02" }, "geometry": { "type": "Polygon", "coordinates": [ [ [ -119.1049, 44.4317 ], [ -119.0658, 44.4393 ], [ -119.0395, 44.4509 ], [ -119.0282, 44.4822 ], [ -119.0424, 44.5143 ], [ -119.042, 44.534 ], [ -119.085, 44.5587 ], [ -119.0686, 44.5648 ], [ -119.0633, 44.5739 ], [ -118.9979, 44.589 ], [ -118.987, 44.5838 ], [ -118.9731, 44.5863 ], [ -118.9552, 44.5988 ], [ -118.9607, 44.6042 ], [ -118.9489, 44.5992 ], [ -118.9334, 44.6006 ], [ -118.9186, 44.6095 ], [ -118.9164, 44.5956 ], [ -118.905, 44.5938 ], [ -118.9013, 44.5764 ], [ -118.8809, 44.558 ], [ -118.8581, 44.5512 ], [ -118.7902, 44.5046 ], [ -118.7855, 44.5091 ], [ -118.777, 44.5039 ], [ -118.7711, 44.5061 ], [ -118.7814, 44.4644 ], [ -118.7763, 44.4461 ], [ -118.837, 44.4324 ], [ -118.8113, 44.3937 ], [ -118.8171, 44.3842 ], [ -118.8344, 44.3691 ], [ -118.8431, 44.3773 ], [ -118.8621, 44.3684 ], [ -118.8719, 44.3711 ], [ -118.8741, 44.3633 ], [ -118.8953, 44.3728 ], [ -118.9159, 44.3633 ], [ -118.9125, 44.3728 ], [ -118.918, 44.3723 ], [ -118.9294, 44.3647 ], [ -118.923, 44.3532 ], [ -118.9349, 44.3469 ], [ -118.9472, 44.3494 ], [ -118.9493, 44.3036 ], [ -118.9622, 44.2844 ], [ -118.9511, 44.2664 ], [ -118.9661, 44.2728 ], [ -118.9924, 44.2632 ], [ -119.0, 44.2542 ], [ -119.015, 44.2603 ], [ -119.0235, 44.2485 ], [ -119.0773, 44.2495 ], [ -119.0806, 44.2866 ], [ -119.0842, 44.2838 ], [ -119.0879, 44.2917 ], [ -119.0774, 44.3275 ], [ -119.0837, 44.34 ], [ -119.0701, 44.3672 ], [ -119.0711, 44.4109 ], [ -119.1134, 44.4184 ], [ -119.1049, 44.4317 ] ] ] } },
{ "type": "Feature", "properties": { "GEOIDFQ": "1400000US41039002001", "NAME": "20.01", "NAMELSAD": "Census Tract 20.01" }, "geometry": { "type": "Polygon", "coordinates": [ [ [ -122.9966, 44.0799 ], [ -122.9727, 44.0857 ], [ -122.9641, 44.0717 ], [ -122.9715, 44.0666 ], [ -122.9695, 44.0597 ], [ -122.9975, 44.0622 ], [ -122.9966, 44.0799 ] ] ] } },
{ "type": "Feature", "properties": { "GEOIDFQ": "1400000US41039002002", "NAME": "20.02", "NAMELSAD": "Census Tract 20.02" }, "geometry": { "type": "Polygon", "coordinates": [ [ [ -123.019, 44.074 ], [ -122.9966, 44.079 ], [ -122.9977, 44.0621 ], [ -123.0194, 44.0612 ], [ -123.019, 44.074 ] ] ] } },
{ "type": "Feature", "properties": { "GEOIDFQ": "1400000US41039002501", "NAME": "25.01", "NAMELSAD": "Census Tract 25.01" }, "geometry": { "type": "Polygon", "coordinates": [ [ [ -123.2084, 44.1136 ], [ -123.1814, 44.1135 ], [ -123.1654, 44.0967 ], [ -123.1719, 44.0846 ], [ -123.2084, 44.0849 ], [ -123.2084, 44.1136 ] ] ] } },
{ "type": "Feature", "properties": { "GEOIDFQ": "1400000US41021960100", "NAME": "9601", "NAMELSAD": "Census Tract 9601" }, "geometry": { "type": "Polygon", "coordinates": [ [ [ -120.6351, 45.7457 ], [ -120.5911, 45.7465 ], [ -120.5593, 45.7383 ], [ -120.5057, 45.6999 ], [ -120.4826, 45.6944 ], [ -120.4037, 45.6994 ], [ -120.2834, 45.7212 ], [ -120.2108, 45.7259 ], [ -120.1706, 45.762 ], [ -120.1415, 45.7732 ], [ -120.0702, 45.7852 ], [ -119.9995, 45.8125 ], [ -120.0066, 45.2577 ], [ -119.8823, 45.2569 ], [ -119.8839, 45.1692 ], [ -119.7598, 45.1692 ], [ -119.7607, 45.0813 ], [ -119.7908, 45.0813 ], [ -119.7907, 45.0678 ], [ -120.4952, 45.0683 ], [ -120.4945, 45.0747 ], [ -120.5146, 45.0956 ], [ -120.5081, 45.1025 ], [ -120.4836, 45.1048 ], [ -120.4768, 45.1116 ], [ -120.4632, 45.1004 ], [ -120.4583, 45.1201 ], [ -120.466, 45.1296 ], [ -120.4489, 45.1432 ], [ -120.465, 45.1442 ], [ -120.4763, 45.1518 ], [ -120.4686, 45.1636 ], [ -120.4843, 45.1709 ], [ -120.4727, 45.1777 ], [ -120.4877, 45.1807 ], [ -120.4822, 45.1938 ], [ -120.506, 45.196 ], [ -120.5314, 45.2059 ], [ -120.5331, 45.2111 ], [ -120.5418, 45.2103 ], [ -120.5403, 45.217 ], [ -120.5284, 45.2165 ], [ -120.5239, 45.2215 ], [ -120.5301, 45.2246 ], [ -120.5439, 45.2214 ], [ -120.5417, 45.2324 ], [ -120.5561, 45.2504 ], [ -120.5338, 45.2571 ], [ -120.5364, 45.2621 ], [ -120.5471, 45.2629 ], [ -120.5416, 45.2788 ], [ -120.5556, 45.2812 ], [ -120.5426, 45.2864 ], [ -120.5461, 45.3017 ], [ -120.5404, 45.3043 ], [ -120.5329, 45.2947 ], [ -120.5241, 45.3001 ], [ -120.5256, 45.3057 ], [ -120.5408, 45.3115 ], [ -120.5279, 45.3184 ], [ -120.5274, 45.3246 ], [ -120.5408, 45.3283 ], [ -120.5312, 45.3319 ], [ -120.5305, 45.3395 ], [ -120.5434, 45.346 ], [ -120.5336, 45.353 ], [ -120.5345, 45.3702 ], [ -120.5127, 45.3782 ], [ -120.5324, 45.3812 ], [ -120.5185, 45.3946 ], [ -120.5287, 45.4012 ], [ -120.508, 45.4057 ], [ -120.5012, 45.4187 ], [ -120.483, 45.4205 ], [ -120.4906, 45.4275 ], [ -120.5062, 45.4285 ], [ -120.5012, 45.434 ], [ -120.4835, 45.436 ], [ -120.4969, 45.4469 ], [ -120.4818, 45.4581 ], [ -120.4948, 45.4662 ], [ -120.4509, 45.4854 ], [ -120.4214, 45.468 ], [ -120.4099, 45.4703 ], [ -120.4103, 45.4805 ], [ -120.4233, 45.4837 ], [ -120.4269, 45.498 ], [ -120.3778, 45.493 ], [ -120.3665, 45.496 ], [ -120.3605, 45.5095 ], [ -120.3805, 45.5237 ], [ -120.358, 45.534 ], [ -120.3809, 45.5383 ], [ -120.3883, 45.5487 ], [ -120.4068, 45.5574 ], [ -120.4026, 45.5696 ], [ -120.41, 45.5944 ], [ -120.4327, 45.5984 ], [ -120.4442, 45.6075 ], [ -120.4405, 45.6261 ], [ -120.4683, 45.6195 ], [ -120.4864, 45.6365 ], [ -120.4795, 45.6449 ], [ -120.4922, 45.6438 ], [ -120.4893, 45.6555 ], [ -120.5298, 45.6717 ], [ -120.5474, 45.669 ], [ -120.5695, 45.6937 ], [ -120.602, 45.7025 ], [ -120.6055, 45.7139 ], [ -120.6186, 45.7214 ], [ -120.6437, 45.7223 ], [ -120.6535, 45.7372 ], [ -120.6351, 45.7457 ] ] ] } },
{ "type": "Feature", "properties": { "GEOIDFQ": "1400000US41047000300", "NAME": "3", "NAMELSAD": "Census Tract 3" }, "geometry": { "type": "Polygon", "coordinates": [ [ [ -123.0376, 44.9656 ], [ -123.0355, 44.9622 ], [ -123.0116, 44.9641 ], [ -123.0205, 44.949 ], [ -123.035, 44.952 ], [ -123.0328, 44.9565 ], [ -123.0398, 44.9516 ], [ -123.0376, 44.9656 ] ] ] } },
{ "type": "Feature", "properties": { "GEOIDFQ": "1400000US41041950401", "NAME": "9504.01", "NAMELSAD": "Census Tract 9504.01" }, "geometry": { "type": "Polygon", "coordinates": [ [ [ -124.0235, 44.9415 ], [ -124.0137, 44.959 ], [ -124.0048, 44.9616 ], [ -123.9897, 44.9594 ], [ -123.982, 44.9476 ], [ -123.9938, 44.942 ], [ -124.0045, 44.9448 ], [ -124.0044, 44.9344 ], [ -124.0139, 44.9258 ], [ -124.0342, 44.927 ], [ -124.0316, 44.9415 ], [ -124.0235, 44.9415 ] ] ] } },
{ "type": "Feature", "properties": { "GEOIDFQ": "1400000US41041950402", "NAME": "9504.02", "NAMELSAD": "Census Tract 9504.02" }, "geometry": { "type": "Polygon", "coordinates": [ [ [ -124.0255, 44.9749 ], [ -124.0052, 44.9747 ], [ -124.0004, 44.9617 ], [ -124.0137, 44.959 ], [ -124.0174, 44.9464 ], [ -124.0316, 44.9415 ], [ -124.0255, 44.9749 ] ] ] } },
{ "type": "Feature", "properties": { "GEOIDFQ": "1400000US41027950100", "NAME": "9501", "NAMELSAD": "Census Tract 9501" }, "geometry": { "type": "Polygon", "coordinates": [ [ [ -121.9019, 45.5562 ], [ -121.9139, 45.5712 ], [ -121.9105, 45.5812 ], [ -121.9184, 45.5855 ], [ -121.9131, 45.6014 ], [ -121.9221, 45.6108 ], [ -121.922, 45.6492 ], [ -121.9081, 45.6546 ], [ -121.9017, 45.6707 ], [ -121.867, 45.6934 ], [ -121.8112, 45.7067 ], [ -121.7351, 45.694 ], [ -121.7073, 45.6948 ], [ -121.6684, 45.7051 ], [ -121.6381, 45.7048 ], [ -121.6397, 45.679 ], [ -121.6282, 45.6868 ], [ -121.6152, 45.6859 ], [ -121.6086, 45.6793 ], [ -121.6337, 45.6678 ], [ -121.6437, 45.6545 ], [ -121.6591, 45.6483 ], [ -121.6681, 45.6529 ], [ -121.6747, 45.6423 ], [ -121.6696, 45.637 ], [ -121.6639, 45.6401 ], [ -121.637, 45.6322 ], [ -121.644, 45.6288 ], [ -121.6355, 45.6244 ], [ -121.6403, 45.6232 ], [ -121.6407, 45.6227 ], [ -121.6133, 45.6229 ], [ -121.6259, 45.6138 ], [ -121.6234, 45.576 ], [ -121.5685, 45.5563 ], [ -121.5527, 45.58 ], [ -121.5429, 45.5773 ], [ -121.5424, 45.5687 ], [ -121.5235, 45.561 ], [ -121.5278, 45.5524 ], [ -121.5168, 45.5529 ], [ -121.5231, 45.5439 ], [ -121.517, 45.5107 ], [ -121.4818, 45.5051 ], [ -121.4819, 45.2581 ], [ -121.6965, 45.2579 ], [ -121.6791, 45.2972 ], [ -121.7033, 45.3313 ], [ -121.7005, 45.3785 ], [ -121.7242, 45.3936 ], [ -121.7761, 45.4027 ], [ -121.7928, 45.4152 ], [ -121.807, 45.4354 ], [ -121.8068, 45.4546 ], [ -121.8603, 45.4894 ], [ -121.8696, 45.5143 ], [ -121.8916, 45.5126 ], [ -121.9064, 45.5205 ], [ -121.9223, 45.5465 ], [ -121.9019, 45.5562 ] ] ] } },
{ "type": "Feature", "properties": { "GEOIDFQ": "1400000US41027950400", "NAME": "9504", "NAMELSAD": "Census Tract 9504" }, "geometry": { "type": "Polygon", "coordinates": [ [ [ -121.6207, 45.6193 ], [ -121.5866, 45.6453 ], [ -121.5721, 45.6517 ], [ -121.5551, 45.651 ], [ -121.5211, 45.6662 ], [ -121.5103, 45.6818 ], [ -121.5067, 45.7094 ], [ -121.4947, 45.7185 ], [ -121.4628, 45.7013 ], [ -121.4412, 45.6973 ], [ -121.4406, 45.5194 ], [ -121.4822, 45.5196 ], [ -121.4818, 45.5051 ], [ -121.4978, 45.5095 ], [ -121.5115, 45.507 ], [ -121.521, 45.5251 ], [ -121.5231, 45.5439 ], [ -121.5168, 45.5529 ], [ -121.5278, 45.5524 ], [ -121.5222, 45.5547 ], [ -121.5259, 45.5639 ], [ -121.5371, 45.5648 ], [ -121.5425, 45.5771 ], [ -121.5527, 45.58 ], [ -121.5685, 45.5563 ], [ -121.577, 45.5623 ], [ -121.6194, 45.5711 ], [ -121.6285, 45.6009 ], [ -121.6207, 45.6193 ] ] ] } },
{ "type": "Feature", "properties": { "GEOIDFQ": "1400000US41053020203", "NAME": "202.03", "NAMELSAD": "Census Tract 202.03" }, "geometry": { "type": "Polygon", "coordinates": [ [ [ -123.3219, 44.9268 ], [ -123.3013, 44.9186 ], [ -123.281, 44.9192 ], [ -123.295, 44.9179 ], [ -123.2949, 44.9096 ], [ -123.3263, 44.9176 ], [ -123.3215, 44.9216 ], [ -123.3278, 44.9229 ], [ -123.3219, 44.9268 ] ] ] } },
{ "type": "Feature", "properties": { "GEOIDFQ": "1400000US41067030300", "NAME": "303", "NAMELSAD": "Census Tract 303" }, "geometry": { "type": "Polygon", "coordinates": [ [ [ -122.7705, 45.4963 ], [ -122.7557, 45.4979 ], [ -122.7438, 45.5079 ], [ -122.7437, 45.4872 ], [ -122.771, 45.4865 ], [ -122.7705, 45.4963 ] ] ] } },
{ "type": "Feature", "properties": { "GEOIDFQ": "1400000US41059951400", "NAME": "9514", "NAMELSAD": "Census Tract 9514" }, "geometry": { "type": "Polygon", "coordinates": [ [ [ -119.163, 45.0829 ], [ -119.1464, 45.0829 ], [ -119.1456, 45.4286 ], [ -119.095, 45.4585 ], [ -119.0941, 45.4678 ], [ -119.0497, 45.4528 ], [ -119.0183, 45.4657 ], [ -119.0204, 45.4799 ], [ -118.9954, 45.4802 ], [ -118.9871, 45.4867 ], [ -118.9771, 45.4865 ], [ -118.9769, 45.4937 ], [ -118.9635, 45.4939 ], [ -118.95, 45.501 ], [ -118.8428, 45.5009 ], [ -118.849, 45.5442 ], [ -118.7982, 45.5478 ], [ -118.7999, 45.532 ], [ -118.7919, 45.5287 ], [ -118.7871, 45.5514 ], [ -118.7457, 45.5484 ], [ -118.7507, 45.4992 ], [ -118.6127, 45.4995 ], [ -118.6127, 45.5152 ], [ -118.6221, 45.5152 ], [ -118.6217, 45.5729 ], [ -118.4866, 45.5733 ], [ -118.4827, 45.5696 ], [ -118.4764, 45.5732 ], [ -118.472, 45.5659 ], [ -118.4713, 45.5733 ], [ -118.4456, 45.5732 ], [ -118.4508, 45.5659 ], [ -118.4457, 45.5659 ], [ -118.4457, 45.5586 ], [ -118.4354, 45.5586 ], [ -118.4353, 45.5733 ], [ -118.4043, 45.5694 ], [ -118.3953, 45.5731 ], [ -118.3167, 45.7232 ], [ -118.292, 45.7219 ], [ -118.2606, 45.7313 ], [ -118.2439, 45.7423 ], [ -118.2246, 45.7428 ], [ -118.1888, 45.7257 ], [ -118.1473, 45.7334 ], [ -118.1155, 45.7284 ], [ -118.0665, 45.7376 ], [ -118.0664, 45.6884 ], [ -118.1172, 45.6886 ], [ -118.1165, 45.4707 ], [ -118.198, 45.4704 ], [ -118.1979, 45.4272 ], [ -118.3663, 45.429 ], [ -118.3665, 45.4353 ], [ -118.3841, 45.4352 ], [ -118.3842, 45.4426 ], [ -118.4048, 45.4425 ], [ -118.4048, 45.429 ], [ -118.4285, 45.4291 ], [ -118.4283, 45.3552 ], [ -118.6131, 45.3552 ], [ -118.6132, 45.3399 ], [ -118.6978, 45.3456 ], [ -118.697, 45.2576 ], [ -118.6561, 45.2577 ], [ -118.656, 45.1969 ], [ -118.5466, 45.1969 ], [ -118.5477, 45.0808 ], [ -118.5187, 45.0807 ], [ -118.5187, 44.9959 ], [ -119.163, 44.9962 ], [ -119.163, 45.0829 ] ] ] } },
{ "type": "Feature", "properties": { "GEOIDFQ": "1400000US41051007900", "NAME": "79", "NAMELSAD": "Census Tract 79" }, "geometry": { "type": "Polygon", "coordinates": [ [ [ -122.5378, 45.5575 ], [ -122.5374, 45.5468 ], [ -122.5578, 45.5461 ], [ -122.5579, 45.561 ], [ -122.5378, 45.5575 ] ] ] } },
{ "type": "Feature", "properties": { "GEOIDFQ": "1400000US41051008302", "NAME": "83.02", "NAMELSAD": "Census Tract 83.02" }, "geometry": { "type": "Polygon", "coordinates": [ [ [ -122.5655, 45.5044 ], [ -122.548, 45.5042 ], [ -122.548, 45.4898 ], [ -122.566, 45.4909 ], [ -122.5655, 45.5044 ] ] ] } },
{ "type": "Feature", "properties": { "GEOIDFQ": "1400000US41051010305", "NAME": "103.05", "NAMELSAD": "Census Tract 103.05" }, "geometry": { "type": "Polygon", "coordinates": [ [ [ -122.3859, 45.5449 ], [ -122.3722, 45.5351 ], [ -122.3723, 45.519 ], [ -122.3869, 45.519 ], [ -122.382, 45.5306 ], [ -122.3993, 45.5339 ], [ -122.3859, 45.5449 ] ] ] } },
{ "type": "Feature", "properties": { "GEOIDFQ": "1400000US41013950200", "NAME": "9502", "NAMELSAD": "Census Tract 9502" }, "geometry": { "type": "Polygon", "coordinates": [ [ [ -121.0145, 44.3903 ], [ -120.9884, 44.3903 ], [ -120.9888, 44.4765 ], [ -120.8269, 44.4765 ], [ -120.8276, 44.5628 ], [ -120.5945, 44.5605 ], [ -120.5878, 44.5493 ], [ -120.5951, 44.5422 ], [ -120.5998, 44.5468 ], [ -120.6174, 44.5384 ], [ -120.6129, 44.5206 ], [ -120.624, 44.5259 ], [ -120.639, 44.5082 ], [ -120.6807, 44.5039 ], [ -120.7121, 44.4751 ], [ -120.7163, 44.4644 ], [ -120.8, 44.4242 ], [ -120.821, 44.3998 ], [ -120.8281, 44.3812 ], [ -120.8464, 44.3676 ], [ -120.8471, 44.3053 ], [ -120.8609, 44.3052 ], [ -120.863, 44.2972 ], [ -120.8701, 44.2998 ], [ -120.929, 44.259 ], [ -120.9417, 44.2797 ], [ -120.9446, 44.3387 ], [ -120.9778, 44.3404 ], [ -121.0116, 44.3347 ], [ -121.017, 44.3485 ], [ -121.011, 44.3757 ], [ -121.0145, 44.3903 ] ] ] } },
{ "type": "Feature", "properties": { "GEOIDFQ": "1400000US41005022702", "NAME": "227.02", "NAMELSAD": "Census Tract 227.02" }, "geometry": { "type": "Polygon", "coordinates": [ [ [ -122.7439, 45.3862 ], [ -122.6991, 45.3803 ], [ -122.685, 45.3569 ], [ -122.6692, 45.3587 ], [ -122.6771, 45.3478 ], [ -122.6481, 45.3378 ], [ -122.6656, 45.3189 ], [ -122.6602, 45.2929 ], [ -122.6649, 45.2848 ], [ -122.6884, 45.2999 ], [ -122.7085, 45.2961 ], [ -122.7249, 45.303 ], [ -122.7384, 45.3014 ], [ -122.7439, 45.3862 ] ] ] } },
{ "type": "Feature", "properties": { "GEOIDFQ": "1400000US41067032005", "NAME": "320.05", "NAMELSAD": "Census Tract 320.05" }, "geometry": { "type": "Polygon", "coordinates": [ [ [ -122.7542, 45.4009 ], [ -122.744, 45.4079 ], [ -122.7439, 45.3755 ], [ -122.7608, 45.3769 ], [ -122.7542, 45.4009 ] ] ] } },
{ "type": "Feature", "properties": { "GEOIDFQ": "1400000US41025960102", "NAME": "9601.02", "NAMELSAD": "Census Tract 9601.02" }, "geometry": { "type": "Polygon", "coordinates": [ [ [ -119.7775, 43.698 ], [ -119.7754, 43.9591 ], [ -118.932, 43.9604 ], [ -118.9384, 43.9015 ], [ -118.925, 43.8854 ], [ -118.9265, 43.8714 ], [ -118.9503, 43.8554 ], [ -118.9531, 43.8466 ], [ -118.9712, 43.8404 ], [ -118.9717, 43.8255 ], [ -118.994, 43.7988 ], [ -119.0027, 43.7699 ], [ -119.0004, 43.7389 ], [ -119.0069, 43.7294 ], [ -119.0022, 43.7243 ], [ -119.0215, 43.6964 ], [ -118.9992, 43.6776 ], [ -118.9987, 43.6592 ], [ -119.0019, 43.6339 ], [ -119.0199, 43.6153 ], [ -119.0201, 43.5118 ], [ -119.0842, 43.5129 ], [ -119.085, 43.526 ], [ -119.122, 43.5117 ], [ -119.1793, 43.5123 ], [ -119.2478, 43.524 ], [ -119.2707, 43.5212 ], [ -119.3277, 43.5337 ], [ -119.4939, 43.5423 ], [ -119.7671, 43.5373 ], [ -119.8178, 43.5236 ], [ -119.8485, 43.5361 ], [ -119.8951, 43.5681 ], [ -119.8974, 43.6982 ], [ -119.7775, 43.698 ] ], [ [ -119.1295, 43.5605 ], [ -119.107, 43.5463 ], [ -119.09, 43.543 ], [ -119.0849, 43.5562 ], [ -119.0597, 43.5785 ], [ -119.0596, 43.5858 ], [ -119.0995, 43.5855 ], [ -119.1075, 43.608 ], [ -119.1437, 43.5797 ], [ -119.1295, 43.5605 ] ] ] } },
{ "type": "Feature", "properties": { "GEOIDFQ": "1400000US41025960101", "NAME": "9601.01", "NAMELSAD": "Census Tract 9601.01" }, "geometry": { "type": "Polygon", "coordinates": [ [ [ -119.1075, 43.608 ], [ -119.0995, 43.5855 ], [ -119.0596, 43.5858 ], [ -119.0597, 43.5785 ], [ -119.0849, 43.5562 ], [ -119.09, 43.543 ], [ -119.107, 43.5463 ], [ -119.1295, 43.5605 ], [ -119.1438, 43.58 ], [ -119.1075, 43.608 ] ] ] } },
{ "type": "Feature", "properties": { "GEOIDFQ": "1400000US41067031606", "NAME": "316.06", "NAMELSAD": "Census Tract 316.06" }, "geometry": { "type": "Polygon", "coordinates": [ [ [ -122.8796, 45.5152 ], [ -122.8692, 45.5161 ], [ -122.8672, 45.4936 ], [ -122.8811, 45.4952 ], [ -122.8796, 45.5152 ] ] ] } },
{ "type": "Feature", "properties": { "GEOIDFQ": "1400000US41003000500", "NAME": "5", "NAMELSAD": "Census Tract 5" }, "geometry": { "type": "Polygon", "coordinates": [ [ [ -123.2959, 44.6367 ], [ -123.2733, 44.6432 ], [ -123.2569, 44.6616 ], [ -123.2426, 44.6634 ], [ -123.2397, 44.6531 ], [ -123.2293, 44.6551 ], [ -123.2402, 44.6378 ], [ -123.2496, 44.5968 ], [ -123.2626, 44.5967 ], [ -123.2623, 44.6157 ], [ -123.2815, 44.6142 ], [ -123.275, 44.622 ], [ -123.2989, 44.6288 ], [ -123.2959, 44.6367 ] ] ] } },
{ "type": "Feature", "properties": { "GEOIDFQ": "1400000US41003010200", "NAME": "102", "NAMELSAD": "Census Tract 102" }, "geometry": { "type": "Polygon", "coordinates": [ [ [ -123.6026, 44.7212 ], [ -123.182, 44.7201 ], [ -123.1827, 44.636 ], [ -123.1961, 44.6299 ], [ -123.2414, 44.629 ], [ -123.2293, 44.6551 ], [ -123.2397, 44.6531 ], [ -123.2426, 44.6634 ], [ -123.2569, 44.6616 ], [ -123.2733, 44.6432 ], [ -123.2975, 44.6353 ], [ -123.2951, 44.6256 ], [ -123.275, 44.622 ], [ -123.2745, 44.6169 ], [ -123.314, 44.5995 ], [ -123.3358, 44.5956 ], [ -123.3315, 44.6126 ], [ -123.3478, 44.636 ], [ -123.357, 44.6354 ], [ -123.3788, 44.6284 ], [ -123.3961, 44.6082 ], [ -123.4035, 44.5911 ], [ -123.3939, 44.5901 ], [ -123.388, 44.5818 ], [ -123.391, 44.5774 ], [ -123.3958, 44.5803 ], [ -123.4013, 44.5693 ], [ -123.3919, 44.568 ], [ -123.3865, 44.5599 ], [ -123.3953, 44.5583 ], [ -123.3992, 44.548 ], [ -123.4207, 44.5564 ], [ -123.4453, 44.545 ], [ -123.4831, 44.5498 ], [ -123.5137, 44.5442 ], [ -123.5447, 44.5311 ], [ -123.5754, 44.5449 ], [ -123.5967, 44.5449 ], [ -123.6026, 44.7212 ] ] ] } },
{ "type": "Feature", "properties": { "GEOIDFQ": "1400000US41003000900", "NAME": "9", "NAMELSAD": "Census Tract 9" }, "geometry": { "type": "Polygon", "coordinates": [ [ [ -123.3358, 44.5956 ], [ -123.3039, 44.6042 ], [ -123.2968, 44.5826 ], [ -123.2831, 44.5864 ], [ -123.2834, 44.5718 ], [ -123.3191, 44.5716 ], [ -123.3382, 44.5904 ], [ -123.3358, 44.5956 ] ] ] } },
{ "type": "Feature", "properties": { "GEOIDFQ": "1400000US41003010400", "NAME": "104", "NAMELSAD": "Census Tract 104" }, "geometry": { "type": "Polygon", "coordinates": [ [ [ -123.4922, 44.3365 ], [ -123.4805, 44.3354 ], [ -123.4758, 44.343 ], [ -123.4588, 44.342 ], [ -123.4633, 44.3546 ], [ -123.4752, 44.36 ], [ -123.4734, 44.3744 ], [ -123.4556, 44.3863 ], [ -123.4357, 44.381 ], [ -123.4315, 44.3876 ], [ -123.4556, 44.412 ], [ -123.4252, 44.4242 ], [ -123.3852, 44.4597 ], [ -123.3372, 44.458 ], [ -123.3416, 44.4895 ], [ -123.3347, 44.525 ], [ -123.3088, 44.5173 ], [ -123.3026, 44.5254 ], [ -123.2915, 44.5248 ], [ -123.2856, 44.5373 ], [ -123.2716, 44.5362 ], [ -123.2755, 44.508 ], [ -123.2704, 44.5033 ], [ -123.2546, 44.5282 ], [ -123.2331, 44.5246 ], [ -123.2122, 44.5039 ], [ -123.221, 44.4848 ], [ -123.2137, 44.4784 ], [ -123.2165, 44.4685 ], [ -123.2053, 44.443 ], [ -123.2092, 44.4352 ], [ -123.228, 44.4324 ], [ -123.2194, 44.4194 ], [ -123.2293, 44.4151 ], [ -123.2236, 44.3935 ], [ -123.2452, 44.3823 ], [ -123.2189, 44.361 ], [ -123.2347, 44.3574 ], [ -123.2287, 44.3422 ], [ -123.2457, 44.3321 ], [ -123.2203, 44.3294 ], [ -123.2169, 44.3116 ], [ -123.1938, 44.307 ], [ -123.1931, 44.2898 ], [ -123.1804, 44.2837 ], [ -123.4557, 44.2806 ], [ -123.4517, 44.2898 ], [ -123.4581, 44.2991 ], [ -123.5016, 44.3311 ], [ -123.4922, 44.3365 ] ] ] } },
{ "type": "Feature", "properties": { "GEOIDFQ": "1400000US41029000203", "NAME": "2.03", "NAMELSAD": "Census Tract 2.03" }, "geometry": { "type": "Polygon", "coordinates": [ [ [ -122.8925, 42.3201 ], [ -122.8664, 42.3158 ], [ -122.8664, 42.3129 ], [ -122.8951, 42.3123 ], [ -122.8925, 42.3201 ] ] ] } },
{ "type": "Feature", "properties": { "GEOIDFQ": "1400000US41029000300", "NAME": "3", "NAMELSAD": "Census Tract 3" }, "geometry": { "type": "Polygon", "coordinates": [ [ [ -122.8933, 42.3626 ], [ -122.8853, 42.3567 ], [ -122.8853, 42.3633 ], [ -122.8803, 42.3587 ], [ -122.8765, 42.3503 ], [ -122.8871, 42.3355 ], [ -122.902, 42.3482 ], [ -122.8975, 42.3518 ], [ -122.9079, 42.3626 ], [ -122.8933, 42.3626 ] ] ] } },
{ "type": "Feature", "properties": { "GEOIDFQ": "1400000US41051006200", "NAME": "62", "NAMELSAD": "Census Tract 62" }, "geometry": { "type": "Polygon", "coordinates": [ [ [ -122.6895, 45.4699 ], [ -122.6788, 45.47 ], [ -122.6782, 45.4744 ], [ -122.6725, 45.4693 ], [ -122.6931, 45.4583 ], [ -122.7101, 45.4573 ], [ -122.6895, 45.4699 ] ] ] } },
{ "type": "Feature", "properties": { "GEOIDFQ": "1400000US41005023500", "NAME": "235", "NAMELSAD": "Census Tract 235" }, "geometry": { "type": "Polygon", "coordinates": [ [ [ -122.419, 45.3949 ], [ -122.3884, 45.3912 ], [ -122.3599, 45.404 ], [ -122.3535, 45.3928 ], [ -122.3423, 45.3928 ], [ -122.322, 45.3749 ], [ -122.2863, 45.3786 ], [ -122.2858, 45.375 ], [ -122.2247, 45.3749 ], [ -122.2374, 45.3534 ], [ -122.2292, 45.3313 ], [ -122.2496, 45.3314 ], [ -122.2577, 45.3246 ], [ -122.286, 45.328 ], [ -122.2896, 45.3229 ], [ -122.2774, 45.3072 ], [ -122.3128, 45.3148 ], [ -122.3432, 45.3152 ], [ -122.339, 45.3064 ], [ -122.3468, 45.2982 ], [ -122.3564, 45.3008 ], [ -122.3678, 45.2968 ], [ -122.3643, 45.3076 ], [ -122.3875, 45.3158 ], [ -122.3813, 45.329 ], [ -122.3897, 45.3376 ], [ -122.3812, 45.3421 ], [ -122.3816, 45.3559 ], [ -122.402, 45.3763 ], [ -122.4322, 45.3899 ], [ -122.419, 45.3949 ] ] ] } },
{ "type": "Feature", "properties": { "GEOIDFQ": "1400000US41005023800", "NAME": "238", "NAMELSAD": "Census Tract 238" }, "geometry": { "type": "Polygon", "coordinates": [ [ [ -122.7702, 45.1588 ], [ -122.7748, 45.1624 ], [ -122.7661, 45.1636 ], [ -122.752, 45.1818 ], [ -122.7604, 45.1827 ], [ -122.7531, 45.1873 ], [ -122.7604, 45.192 ], [ -122.7498, 45.195 ], [ -122.7595, 45.2033 ], [ -122.7453, 45.2161 ], [ -122.7501, 45.2336 ], [ -122.7001, 45.2305 ], [ -122.6952, 45.2369 ], [ -122.7086, 45.2403 ], [ -122.6767, 45.2456 ], [ -122.6577, 45.2337 ], [ -122.6289, 45.2245 ], [ -122.6211, 45.2267 ], [ -122.5956, 45.2105 ], [ -122.5844, 45.209 ], [ -122.5811, 45.1976 ], [ -122.6134, 45.1353 ], [ -122.6283, 45.1175 ], [ -122.7052, 45.0593 ], [ -122.7499, 45.1078 ], [ -122.7758, 45.1187 ], [ -122.7886, 45.1302 ], [ -122.7702, 45.1588 ] ] ] } },
{ "type": "Feature", "properties": { "GEOIDFQ": "1400000US41007950500", "NAME": "9505", "NAMELSAD": "Census Tract 9505" }, "geometry": { "type": "MultiPolygon", "coordinates": [ [ [ [ -124.0155, 46.2405 ], [ -123.9963, 46.2409 ], [ -123.9687, 46.2169 ], [ -123.9482, 46.2106 ], [ -123.8985, 46.1818 ], [ -123.8697, 46.1757 ], [ -123.8576, 46.1676 ], [ -123.8692, 46.1439 ], [ -123.8999, 46.1445 ], [ -123.9053, 46.1537 ], [ -123.9298, 46.1469 ], [ -123.9583, 46.1507 ], [ -123.9667, 46.1456 ], [ -124.0138, 46.2203 ], [ -124.0312, 46.2317 ], [ -124.0155, 46.2405 ] ] ], [ [ [ -124.0356, 46.2968 ], [ -124.0249, 46.2991 ], [ -124.0036, 46.2747 ], [ -123.9829, 46.272 ], [ -123.9609, 46.262 ], [ -123.974, 46.2563 ], [ -124.0096, 46.2599 ], [ -124.0357, 46.2715 ], [ -124.0356, 46.2968 ] ] ] ] } },
{ "type": "Feature", "properties": { "GEOIDFQ": "1400000US41039001102", "NAME": "11.02", "NAMELSAD": "Census Tract 11.02" }, "geometry": { "type": "Polygon", "coordinates": [ [ [ -123.162, 43.9151 ], [ -123.1419, 43.9153 ], [ -123.1301, 43.9215 ], [ -123.1046, 43.9185 ], [ -123.0772, 43.9244 ], [ -123.062, 43.9175 ], [ -122.9791, 43.9158 ], [ -122.9215, 43.8779 ], [ -122.9105, 43.8569 ], [ -122.8947, 43.8634 ], [ -122.8921, 43.843 ], [ -122.9064, 43.8486 ], [ -122.932, 43.848 ], [ -122.9576, 43.8634 ], [ -122.9821, 43.8624 ], [ -122.9849, 43.843 ], [ -123.0063, 43.8365 ], [ -123.0279, 43.8366 ], [ -123.013, 43.8682 ], [ -123.014, 43.8848 ], [ -123.042, 43.8901 ], [ -123.0465, 43.8979 ], [ -123.0757, 43.8855 ], [ -123.0951, 43.8853 ], [ -123.104, 43.8952 ], [ -123.1118, 43.8906 ], [ -123.1261, 43.8972 ], [ -123.1416, 43.8924 ], [ -123.1475, 43.8967 ], [ -123.1489, 43.8901 ], [ -123.1641, 43.8854 ], [ -123.1679, 43.9096 ], [ -123.162, 43.9151 ] ] ] } },
{ "type": "Feature", "properties": { "GEOIDFQ": "1400000US41039001301", "NAME": "13.01", "NAMELSAD": "Census Tract 13.01" }, "geometry": { "type": "Polygon", "coordinates": [ [ [ -123.052, 43.8056 ], [ -123.0432, 43.8043 ], [ -123.0279, 43.8366 ], [ -123.0063, 43.8365 ], [ -122.9849, 43.843 ], [ -122.9821, 43.8624 ], [ -122.9576, 43.8634 ], [ -122.932, 43.848 ], [ -122.9064, 43.8486 ], [ -122.8936, 43.8434 ], [ -122.8876, 43.8325 ], [ -122.8953, 43.8248 ], [ -122.8888, 43.8223 ], [ -122.9053, 43.8231 ], [ -122.918, 43.7879 ], [ -122.9315, 43.7786 ], [ -122.8877, 43.7421 ], [ -122.9066, 43.7253 ], [ -122.9237, 43.6943 ], [ -122.946, 43.6862 ], [ -122.9437, 43.6769 ], [ -122.9764, 43.7016 ], [ -122.9723, 43.7205 ], [ -122.9991, 43.7748 ], [ -123.0268, 43.7834 ], [ -123.0403, 43.7979 ], [ -123.0583, 43.7972 ], [ -123.052, 43.8056 ] ] ] } },
{ "type": "Feature", "properties": { "GEOIDFQ": "1400000US41039000200", "NAME": "2", "NAMELSAD": "Census Tract 2" }, "geometry": { "type": "Polygon", "coordinates": [ [ [ -123.036, 44.1222 ], [ -123.0183, 44.1115 ], [ -122.9781, 44.1328 ], [ -122.9848, 44.1559 ], [ -123.0078, 44.1724 ], [ -123.0001, 44.1857 ], [ -122.9795, 44.2006 ], [ -122.9058, 44.2007 ], [ -122.904, 44.2591 ], [ -122.8655, 44.259 ], [ -122.8655, 44.2873 ], [ -122.8428, 44.2811 ], [ -122.8344, 44.2834 ], [ -122.823, 44.2743 ], [ -122.8072, 44.2842 ], [ -122.7768, 44.2837 ], [ -122.7627, 44.2905 ], [ -122.7498, 44.2847 ], [ -122.7311, 44.2882 ], [ -122.7203, 44.2814 ], [ -122.6468, 44.2666 ], [ -122.6397, 44.2493 ], [ -122.5935, 44.2444 ], [ -122.5754, 44.2354 ], [ -122.5915, 44.2089 ], [ -122.6172, 44.1963 ], [ -122.6341, 44.1944 ], [ -122.6523, 44.1682 ], [ -122.6697, 44.1684 ], [ -122.688, 44.1589 ], [ -122.7027, 44.1679 ], [ -122.7132, 44.1641 ], [ -122.7261, 44.1478 ], [ -122.7381, 44.1451 ], [ -122.7328, 44.1387 ], [ -122.7425, 44.1431 ], [ -122.7474, 44.1413 ], [ -122.7438, 44.1385 ], [ -122.7515, 44.1348 ], [ -122.7446, 44.1315 ], [ -122.7558, 44.1102 ], [ -122.8023, 44.1022 ], [ -122.8363, 44.0827 ], [ -122.8415, 44.0682 ], [ -122.8191, 44.067 ], [ -122.8303, 44.056 ], [ -122.8538, 44.0599 ], [ -122.8606, 44.056 ], [ -122.8832, 44.0633 ], [ -122.8975, 44.0605 ], [ -122.9041, 44.0698 ], [ -122.9227, 44.0653 ], [ -122.9389, 44.0711 ], [ -122.9612, 44.0602 ], [ -122.9742, 44.0863 ], [ -122.9799, 44.0813 ], [ -123.0242, 44.076 ], [ -123.0169, 44.0898 ], [ -123.0325, 44.0936 ], [ -123.0325, 44.1074 ], [ -123.0468, 44.1163 ], [ -123.036, 44.1222 ] ] ] } },
{ "type": "Feature", "properties": { "GEOIDFQ": "1400000US41039000403", "NAME": "4.03", "NAMELSAD": "Census Tract 4.03" }, "geometry": { "type": "Polygon", "coordinates": [ [ [ -123.2487, 44.2837 ], [ -123.2392, 44.2783 ], [ -123.2048, 44.2299 ], [ -123.2027, 44.193 ], [ -123.2418, 44.1934 ], [ -123.2399, 44.2152 ], [ -123.2687, 44.2154 ], [ -123.2668, 44.2603 ], [ -123.2826, 44.266 ], [ -123.2896, 44.2818 ], [ -123.2487, 44.2837 ] ] ] } },
{ "type": "Feature", "properties": { "GEOIDFQ": "1400000US41039000702", "NAME": "7.02", "NAMELSAD": "Census Tract 7.02" }, "geometry": { "type": "Polygon", "coordinates": [ [ [ -124.1425, 44.0171 ], [ -124.131, 44.0149 ], [ -124.1237, 43.9992 ], [ -124.1239, 43.9739 ], [ -124.1055, 43.9638 ], [ -124.0277, 43.9865 ], [ -123.9989, 44.0117 ], [ -123.9694, 44.0192 ], [ -123.9528, 44.0165 ], [ -123.9872, 44.0128 ], [ -124.0038, 44.0037 ], [ -124.0154, 43.9845 ], [ -124.0014, 43.9697 ], [ -123.9877, 43.9675 ], [ -123.9475, 43.9737 ], [ -123.9445, 43.9605 ], [ -123.932, 43.9559 ], [ -123.9249, 43.9427 ], [ -123.9127, 43.936 ], [ -123.9142, 43.9212 ], [ -123.9078, 43.915 ], [ -123.9172, 43.9054 ], [ -123.9162, 43.8973 ], [ -123.9259, 43.8985 ], [ -123.9255, 43.8659 ], [ -123.9465, 43.8717 ], [ -123.9463, 43.8627 ], [ -124.1655, 43.8637 ], [ -124.1425, 44.0171 ] ] ] } },
{ "type": "Feature", "properties": { "GEOIDFQ": "1400000US41039001803", "NAME": "18.03", "NAMELSAD": "Census Tract 18.03" }, "geometry": { "type": "Polygon", "coordinates": [ [ [ -122.9638, 44.0716 ], [ -122.9604, 44.06 ], [ -122.9428, 44.0708 ], [ -122.9227, 44.0653 ], [ -122.9054, 44.07 ], [ -122.9022, 44.0627 ], [ -122.9109, 44.0644 ], [ -122.9107, 44.0456 ], [ -122.9309, 44.0457 ], [ -122.9421, 44.0567 ], [ -122.9695, 44.0597 ], [ -122.9714, 44.0667 ], [ -122.9638, 44.0716 ] ] ] } },
{ "type": "Feature", "properties": { "GEOIDFQ": "1400000US41067030900", "NAME": "309", "NAMELSAD": "Census Tract 309" }, "geometry": { "type": "Polygon", "coordinates": [ [ [ -122.787, 45.4588 ], [ -122.7648, 45.4501 ], [ -122.7648, 45.4341 ], [ -122.7793, 45.4348 ], [ -122.787, 45.4588 ] ] ] } },
{ "type": "Feature", "properties": { "GEOIDFQ": "1400000US41067030502", "NAME": "305.02", "NAMELSAD": "Census Tract 305.02" }, "geometry": { "type": "Polygon", "coordinates": [ [ [ -122.751, 45.4678 ], [ -122.7437, 45.4675 ], [ -122.7436, 45.4549 ], [ -122.7741, 45.4533 ], [ -122.751, 45.4678 ] ] ] } },
{ "type": "Feature", "properties": { "GEOIDFQ": "1400000US41051002600", "NAME": "26", "NAMELSAD": "Census Tract 26" }, "geometry": { "type": "Polygon", "coordinates": [ [ [ -122.6208, 45.5483 ], [ -122.6229, 45.5332 ], [ -122.6306, 45.5341 ], [ -122.6307, 45.5483 ], [ -122.6208, 45.5483 ] ] ] } },
{ "type": "Feature", "properties": { "GEOIDFQ": "1400000US41039004700", "NAME": "47", "NAMELSAD": "Census Tract 47" }, "geometry": { "type": "Polygon", "coordinates": [ [ [ -123.0897, 44.04 ], [ -123.0846, 44.0262 ], [ -123.1013, 44.0272 ], [ -123.1013, 44.0403 ], [ -123.0897, 44.04 ] ] ] } },
{ "type": "Feature", "properties": { "GEOIDFQ": "1400000US41005020201", "NAME": "202.01", "NAMELSAD": "Census Tract 202.01" }, "geometry": { "type": "Polygon", "coordinates": [ [ [ -122.694, 45.417 ], [ -122.6837, 45.4159 ], [ -122.6787, 45.423 ], [ -122.663, 45.4192 ], [ -122.6554, 45.4234 ], [ -122.657, 45.4094 ], [ -122.6812, 45.4137 ], [ -122.7236, 45.4049 ], [ -122.694, 45.417 ] ] ] } },
{ "type": "Feature", "properties": { "GEOIDFQ": "1400000US41005020102", "NAME": "201.02", "NAMELSAD": "Census Tract 201.02" }, "geometry": { "type": "Polygon", "coordinates": [ [ [ -122.6733, 45.4328 ], [ -122.6487, 45.4327 ], [ -122.663, 45.4192 ], [ -122.6886, 45.4232 ], [ -122.6733, 45.4328 ] ] ] } },
{ "type": "Feature", "properties": { "GEOIDFQ": "1400000US41005022502", "NAME": "225.02", "NAMELSAD": "Census Tract 225.02" }, "geometry": { "type": "Polygon", "coordinates": [ [ [ -122.6006, 45.353 ], [ -122.58, 45.3523 ], [ -122.5767, 45.3372 ], [ -122.5849, 45.3332 ], [ -122.6049, 45.3364 ], [ -122.6006, 45.353 ] ] ] } },
{ "type": "Feature", "properties": { "GEOIDFQ": "1400000US41005020506", "NAME": "205.06", "NAMELSAD": "Census Tract 205.06" }, "geometry": { "type": "Polygon", "coordinates": [ [ [ -122.6903, 45.393 ], [ -122.6591, 45.3802 ], [ -122.6466, 45.3693 ], [ -122.6549, 45.3602 ], [ -122.6528, 45.3495 ], [ -122.6693, 45.3601 ], [ -122.685, 45.3569 ], [ -122.6975, 45.3799 ], [ -122.6903, 45.393 ] ] ] } },
{ "type": "Feature", "properties": { "GEOIDFQ": "1400000US41005022109", "NAME": "221.09", "NAMELSAD": "Census Tract 221.09" }, "geometry": { "type": "Polygon", "coordinates": [ [ [ -122.5277, 45.4268 ], [ -122.5071, 45.4253 ], [ -122.507, 45.4191 ], [ -122.5174, 45.4195 ], [ -122.5175, 45.4101 ], [ -122.5247, 45.4104 ], [ -122.5277, 45.4268 ] ] ] } },
{ "type": "Feature", "properties": { "GEOIDFQ": "1400000US41005020602", "NAME": "206.02", "NAMELSAD": "Census Tract 206.02" }, "geometry": { "type": "Polygon", "coordinates": [ [ [ -122.6357, 45.3748 ], [ -122.6094, 45.3588 ], [ -122.6305, 45.3462 ], [ -122.6462, 45.3702 ], [ -122.6357, 45.3748 ] ] ] } },
{ "type": "Feature", "properties": { "GEOIDFQ": "1400000US41005022110", "NAME": "221.10", "NAMELSAD": "Census Tract 221.10" }, "geometry": { "type": "Polygon", "coordinates": [ [ [ -122.5174, 45.4195 ], [ -122.507, 45.4191 ], [ -122.5071, 45.4253 ], [ -122.4928, 45.4272 ], [ -122.5064, 45.4097 ], [ -122.5179, 45.4133 ], [ -122.5174, 45.4195 ] ] ] } },
{ "type": "Feature", "properties": { "GEOIDFQ": "1400000US41005020507", "NAME": "205.07", "NAMELSAD": "Census Tract 205.07" }, "geometry": { "type": "Polygon", "coordinates": [ [ [ -122.6466, 45.3693 ], [ -122.642, 45.3678 ], [ -122.6322, 45.3496 ], [ -122.6519, 45.3474 ], [ -122.655, 45.3592 ], [ -122.6466, 45.3693 ] ] ] } },
{ "type": "Feature", "properties": { "GEOIDFQ": "1400000US41005020101", "NAME": "201.01", "NAMELSAD": "Census Tract 201.01" }, "geometry": { "type": "Polygon", "coordinates": [ [ [ -122.7079, 45.433 ], [ -122.6729, 45.4324 ], [ -122.689, 45.4231 ], [ -122.7081, 45.4248 ], [ -122.7079, 45.433 ] ] ] } },
{ "type": "Feature", "properties": { "GEOIDFQ": "1400000US41005020601", "NAME": "206.01", "NAMELSAD": "Census Tract 206.01" }, "geometry": { "type": "Polygon", "coordinates": [ [ [ -122.6207, 45.3786 ], [ -122.6064, 45.3713 ], [ -122.603, 45.3649 ], [ -122.6094, 45.3588 ], [ -122.63, 45.3678 ], [ -122.6358, 45.3791 ], [ -122.6207, 45.3786 ] ] ] } },
{ "type": "Feature", "properties": { "GEOIDFQ": "1400000US41005020202", "NAME": "202.02", "NAMELSAD": "Census Tract 202.02" }, "geometry": { "type": "Polygon", "coordinates": [ [ [ -122.7078, 45.4245 ], [ -122.6785, 45.4228 ], [ -122.6837, 45.4159 ], [ -122.694, 45.417 ], [ -122.7236, 45.4049 ], [ -122.7078, 45.4245 ] ] ] } },
{ "type": "Feature", "properties": { "GEOIDFQ": "1400000US41059951100", "NAME": "9511", "NAMELSAD": "Census Tract 9511" }, "geometry": { "type": "Polygon", "coordinates": [ [ [ -119.4347, 45.806 ], [ -119.3725, 45.8019 ], [ -119.3354, 45.8352 ], [ -119.2908, 45.8394 ], [ -119.2903, 45.7968 ], [ -119.3215, 45.7972 ], [ -119.3218, 45.7858 ], [ -119.3346, 45.7737 ], [ -119.3418, 45.7541 ], [ -119.3556, 45.7618 ], [ -119.3548, 45.7816 ], [ -119.411, 45.7644 ], [ -119.4215, 45.757 ], [ -119.4346, 45.7564 ], [ -119.4347, 45.806 ] ] ] } },
{ "type": "Feature", "properties": { "GEOIDFQ": "1400000US41059950300", "NAME": "9503", "NAMELSAD": "Census Tract 9503" }, "geometry": { "type": "Polygon", "coordinates": [ [ [ -118.424, 46.0008 ], [ -118.4239, 45.9911 ], [ -118.4341, 45.9876 ], [ -118.434, 45.9619 ], [ -118.4551, 45.962 ], [ -118.4498, 45.951 ], [ -118.4567, 45.9436 ], [ -118.4073, 45.9006 ], [ -118.4032, 45.8562 ], [ -118.4198, 45.8369 ], [ -118.446, 45.8244 ], [ -118.447, 45.8044 ], [ -118.4413, 45.8043 ], [ -118.4411, 45.7973 ], [ -118.4761, 45.7976 ], [ -118.4697, 45.7899 ], [ -118.5185, 45.79 ], [ -118.5185, 45.7755 ], [ -118.5391, 45.7756 ], [ -118.5393, 45.761 ], [ -118.5496, 45.761 ], [ -118.5499, 45.7466 ], [ -118.5812, 45.7468 ], [ -118.5813, 45.7248 ], [ -118.5917, 45.7248 ], [ -118.5918, 45.7175 ], [ -118.6525, 45.7168 ], [ -118.654, 45.8149 ], [ -118.6481, 45.8203 ], [ -118.5804, 45.8193 ], [ -118.5805, 45.8243 ], [ -118.606, 45.8569 ], [ -118.6098, 45.8781 ], [ -118.6519, 45.8769 ], [ -118.6522, 45.892 ], [ -118.676, 45.9034 ], [ -118.7016, 45.9326 ], [ -118.7887, 46.001 ], [ -118.424, 46.0008 ] ] ] } },
{ "type": "Feature", "properties": { "GEOIDFQ": "1400000US41059951300", "NAME": "9513", "NAMELSAD": "Census Tract 9513" }, "geometry": { "type": "Polygon", "coordinates": [ [ [ -119.3339, 45.7748 ], [ -119.3218, 45.7858 ], [ -119.3215, 45.7972 ], [ -119.3018, 45.7942 ], [ -119.2903, 45.7968 ], [ -119.2903, 45.8061 ], [ -119.2486, 45.8058 ], [ -119.2486, 45.8347 ], [ -119.2558, 45.8348 ], [ -119.1839, 45.8652 ], [ -119.166, 45.8779 ], [ -119.1575, 45.8933 ], [ -119.126, 45.9157 ], [ -119.0703, 45.8944 ], [ -119.118, 45.837 ], [ -119.1403, 45.8286 ], [ -119.1434, 45.8269 ], [ -119.1443, 45.826 ], [ -119.1463, 45.8245 ], [ -119.1467, 45.824 ], [ -119.1468, 45.8063 ], [ -119.1107, 45.7813 ], [ -119.1096, 45.7468 ], [ -119.0777, 45.7395 ], [ -119.079, 45.6933 ], [ -119.0938, 45.6854 ], [ -119.1277, 45.6899 ], [ -119.1652, 45.7089 ], [ -119.1661, 45.718 ], [ -119.2192, 45.74 ], [ -119.2328, 45.743 ], [ -119.2678, 45.736 ], [ -119.2786, 45.7411 ], [ -119.2873, 45.7331 ], [ -119.2969, 45.736 ], [ -119.2873, 45.7496 ], [ -119.2932, 45.7774 ], [ -119.3203, 45.7789 ], [ -119.3318, 45.7751 ], [ -119.3367, 45.7651 ], [ -119.3339, 45.7748 ] ] ] } },
{ "type": "Feature", "properties": { "GEOIDFQ": "1400000US41059950800", "NAME": "9508", "NAMELSAD": "Census Tract 9508" }, "geometry": { "type": "Polygon", "coordinates": [ [ [ -119.2571, 45.9399 ], [ -119.1955, 45.9279 ], [ -119.1414, 45.931 ], [ -119.1395, 45.9193 ], [ -119.126, 45.9157 ], [ -119.1575, 45.8933 ], [ -119.166, 45.8779 ], [ -119.1838, 45.8652 ], [ -119.2486, 45.8382 ], [ -119.2484, 45.8645 ], [ -119.2912, 45.8646 ], [ -119.3056, 45.9179 ], [ -119.2961, 45.9254 ], [ -119.3087, 45.9281 ], [ -119.3128, 45.9342 ], [ -119.2571, 45.9399 ] ] ] } },
{ "type": "Feature", "properties": { "GEOIDFQ": "1400000US41059950900", "NAME": "9509", "NAMELSAD": "Census Tract 9509" }, "geometry": { "type": "Polygon", "coordinates": [ [ [ -119.4321, 45.9183 ], [ -119.3645, 45.9215 ], [ -119.3128, 45.9342 ], [ -119.3077, 45.9277 ], [ -119.2973, 45.9284 ], [ -119.3056, 45.9179 ], [ -119.2912, 45.8646 ], [ -119.3072, 45.8647 ], [ -119.3107, 45.8689 ], [ -119.3109, 45.8597 ], [ -119.3193, 45.8708 ], [ -119.3271, 45.8647 ], [ -119.3427, 45.8668 ], [ -119.382, 45.8357 ], [ -119.3802, 45.8734 ], [ -119.4215, 45.8734 ], [ -119.4216, 45.8652 ], [ -119.4321, 45.8654 ], [ -119.4321, 45.9183 ] ] ] } },
{ "type": "Feature", "properties": { "GEOIDFQ": "1400000US41059940000", "NAME": "9400", "NAMELSAD": "Census Tract 9400" }, "geometry": { "type": "Polygon", "coordinates": [ [ [ -118.7506, 45.5151 ], [ -118.7458, 45.5151 ], [ -118.7453, 45.6824 ], [ -118.7257, 45.6824 ], [ -118.7255, 45.6889 ], [ -118.6421, 45.6887 ], [ -118.6421, 45.7034 ], [ -118.6217, 45.7032 ], [ -118.6217, 45.7178 ], [ -118.5918, 45.7175 ], [ -118.5917, 45.7248 ], [ -118.5813, 45.7248 ], [ -118.5812, 45.7468 ], [ -118.5499, 45.7466 ], [ -118.5496, 45.761 ], [ -118.5393, 45.761 ], [ -118.5391, 45.7756 ], [ -118.5185, 45.7755 ], [ -118.5185, 45.79 ], [ -118.4647, 45.7898 ], [ -118.441, 45.7632 ], [ -118.4183, 45.7622 ], [ -118.3965, 45.7466 ], [ -118.3822, 45.7473 ], [ -118.3689, 45.7391 ], [ -118.3474, 45.7436 ], [ -118.3336, 45.7555 ], [ -118.3053, 45.745 ], [ -118.3953, 45.5731 ], [ -118.4043, 45.5694 ], [ -118.4353, 45.5733 ], [ -118.4354, 45.5586 ], [ -118.4457, 45.5586 ], [ -118.4457, 45.5659 ], [ -118.4508, 45.5659 ], [ -118.4456, 45.5732 ], [ -118.4713, 45.5733 ], [ -118.472, 45.5659 ], [ -118.4764, 45.5732 ], [ -118.4827, 45.5696 ], [ -118.4866, 45.5733 ], [ -118.6217, 45.5729 ], [ -118.6221, 45.5152 ], [ -118.6127, 45.5152 ], [ -118.6127, 45.4995 ], [ -118.7508, 45.5018 ], [ -118.7506, 45.5151 ] ] ] } },
{ "type": "Feature", "properties": { "GEOIDFQ": "1400000US41059950100", "NAME": "9501", "NAMELSAD": "Census Tract 9501" }, "geometry": { "type": "Polygon", "coordinates": [ [ [ -118.4411, 45.7973 ], [ -118.4413, 45.8043 ], [ -118.447, 45.8044 ], [ -118.446, 45.8244 ], [ -118.4203, 45.8365 ], [ -118.4049, 45.8514 ], [ -118.4009, 45.8754 ], [ -118.3677, 45.871 ], [ -118.3694, 45.9067 ], [ -118.3873, 45.9547 ], [ -118.4027, 45.9548 ], [ -118.413, 45.962 ], [ -118.434, 45.9619 ], [ -118.4341, 45.9876 ], [ -118.4239, 45.9911 ], [ -118.424, 46.0008 ], [ -117.9777, 46.0005 ], [ -117.9729, 45.8169 ], [ -118.045, 45.8171 ], [ -118.0451, 45.7735 ], [ -118.0665, 45.7735 ], [ -118.0665, 45.7376 ], [ -118.1155, 45.7284 ], [ -118.1473, 45.7334 ], [ -118.1888, 45.7257 ], [ -118.2246, 45.7428 ], [ -118.2452, 45.7422 ], [ -118.2612, 45.731 ], [ -118.3104, 45.7213 ], [ -118.3167, 45.7232 ], [ -118.3059, 45.7455 ], [ -118.3329, 45.7556 ], [ -118.3572, 45.74 ], [ -118.3689, 45.7391 ], [ -118.3837, 45.7477 ], [ -118.3954, 45.7462 ], [ -118.4183, 45.7622 ], [ -118.445, 45.7655 ], [ -118.4761, 45.7976 ], [ -118.4411, 45.7973 ] ] ] } },
{ "type": "Feature", "properties": { "GEOIDFQ": "1400000US41059950500", "NAME": "9505", "NAMELSAD": "Census Tract 9505" }, "geometry": { "type": "Polygon", "coordinates": [ [ [ -119.4346, 45.7564 ], [ -119.4215, 45.757 ], [ -119.3582, 45.7813 ], [ -119.3556, 45.7618 ], [ -119.3447, 45.7538 ], [ -119.3315, 45.7753 ], [ -119.3171, 45.7797 ], [ -119.3078, 45.7754 ], [ -119.2932, 45.7774 ], [ -119.2873, 45.7496 ], [ -119.2969, 45.736 ], [ -119.2873, 45.7331 ], [ -119.2786, 45.7411 ], [ -119.2678, 45.736 ], [ -119.2328, 45.743 ], [ -119.2192, 45.74 ], [ -119.1661, 45.718 ], [ -119.1652, 45.7089 ], [ -119.1461, 45.698 ], [ -119.1116, 45.686 ], [ -119.0938, 45.6854 ], [ -119.079, 45.6933 ], [ -119.0777, 45.7395 ], [ -118.8865, 45.6772 ], [ -118.856, 45.6791 ], [ -118.8063, 45.6631 ], [ -118.8184, 45.6433 ], [ -118.8031, 45.6186 ], [ -118.8, 45.5914 ], [ -118.7873, 45.5646 ], [ -118.7887, 45.5331 ], [ -118.799, 45.5297 ], [ -118.7982, 45.5478 ], [ -118.849, 45.5442 ], [ -118.8428, 45.5009 ], [ -118.95, 45.501 ], [ -118.9635, 45.4939 ], [ -118.9769, 45.4937 ], [ -118.9771, 45.4865 ], [ -118.9871, 45.4867 ], [ -118.9954, 45.4802 ], [ -119.0204, 45.4799 ], [ -119.0183, 45.4657 ], [ -119.0497, 45.4528 ], [ -119.0935, 45.468 ], [ -119.095, 45.4585 ], [ -119.1456, 45.4286 ], [ -119.1451, 45.5159 ], [ -119.2482, 45.5161 ], [ -119.2485, 45.6019 ], [ -119.4346, 45.603 ], [ -119.4346, 45.7564 ] ] ] } },
{ "type": "Feature", "properties": { "GEOIDFQ": "1400000US41059950400", "NAME": "9504", "NAMELSAD": "Census Tract 9504" }, "geometry": { "type": "Polygon", "coordinates": [ [ [ -119.1467, 45.8241 ], [ -119.118, 45.837 ], [ -119.0703, 45.8944 ], [ -119.1215, 45.9156 ], [ -119.1335, 45.9146 ], [ -119.1414, 45.931 ], [ -119.0933, 45.9427 ], [ -119.0272, 45.9691 ], [ -118.9873, 45.9999 ], [ -118.9763, 46.0004 ], [ -118.785, 46.0005 ], [ -118.7627, 45.9766 ], [ -118.7016, 45.9326 ], [ -118.6847, 45.9104 ], [ -118.6522, 45.892 ], [ -118.6519, 45.8769 ], [ -118.6098, 45.8781 ], [ -118.606, 45.8569 ], [ -118.5804, 45.8238 ], [ -118.5804, 45.8193 ], [ -118.6481, 45.8203 ], [ -118.6542, 45.8145 ], [ -118.6525, 45.7168 ], [ -118.6217, 45.7178 ], [ -118.6217, 45.7032 ], [ -118.6421, 45.7034 ], [ -118.6421, 45.6887 ], [ -118.7255, 45.6889 ], [ -118.7257, 45.6824 ], [ -118.7464, 45.686 ], [ -118.8168, 45.6666 ], [ -118.8562, 45.6791 ], [ -118.8865, 45.6772 ], [ -119.1096, 45.7468 ], [ -119.1108, 45.7815 ], [ -119.1469, 45.8076 ], [ -119.1467, 45.8241 ] ] ] } },
{ "type": "Feature", "properties": { "GEOIDFQ": "1400000US41059951000", "NAME": "9510", "NAMELSAD": "Census Tract 9510" }, "geometry": { "type": "Polygon", "coordinates": [ [ [ -119.4347, 45.8649 ], [ -119.4216, 45.8652 ], [ -119.4215, 45.8734 ], [ -119.3802, 45.8734 ], [ -119.382, 45.8357 ], [ -119.3427, 45.8668 ], [ -119.3271, 45.8647 ], [ -119.3193, 45.8708 ], [ -119.3109, 45.8597 ], [ -119.3107, 45.8689 ], [ -119.3072, 45.8647 ], [ -119.2912, 45.8646 ], [ -119.29, 45.8395 ], [ -119.3354, 45.8352 ], [ -119.3725, 45.8019 ], [ -119.4345, 45.8058 ], [ -119.4347, 45.8649 ] ] ] } },
{ "type": "Feature", "properties": { "GEOIDFQ": "1400000US41033361000", "NAME": "3610", "NAMELSAD": "Census Tract 3610" }, "geometry": { "type": "Polygon", "coordinates": [ [ [ -123.4504, 42.4146 ], [ -123.4398, 42.419 ], [ -123.4494, 42.4294 ], [ -123.4373, 42.4329 ], [ -123.4112, 42.4316 ], [ -123.4208, 42.4276 ], [ -123.4201, 42.4136 ], [ -123.3924, 42.4157 ], [ -123.3828, 42.4043 ], [ -123.3783, 42.4104 ], [ -123.3578, 42.4158 ], [ -123.3521, 42.4045 ], [ -123.3671, 42.3651 ], [ -123.3917, 42.3515 ], [ -123.4282, 42.3598 ], [ -123.4344, 42.3736 ], [ -123.4513, 42.3774 ], [ -123.4576, 42.3909 ], [ -123.4504, 42.4146 ] ] ] } },
{ "type": "Feature", "properties": { "GEOIDFQ": "1400000US41059950700", "NAME": "9507", "NAMELSAD": "Census Tract 9507" }, "geometry": { "type": "Polygon", "coordinates": [ [ [ -118.746, 45.6861 ], [ -118.7454, 45.6617 ], [ -118.778, 45.6635 ], [ -118.7841, 45.6761 ], [ -118.746, 45.6861 ] ] ] } },
{ "type": "Feature", "properties": { "GEOIDFQ": "1400000US41033360900", "NAME": "3609", "NAMELSAD": "Census Tract 3609" }, "geometry": { "type": "Polygon", "coordinates": [ [ [ -124.0086, 42.4196 ], [ -124.0148, 42.4334 ], [ -124.002, 42.4443 ], [ -124.0042, 42.4514 ], [ -123.989, 42.456 ], [ -123.9289, 42.4556 ], [ -123.9144, 42.4645 ], [ -123.8847, 42.4567 ], [ -123.8733, 42.4729 ], [ -123.8042, 42.528 ], [ -123.7663, 42.5349 ], [ -123.7358, 42.5319 ], [ -123.7233, 42.553 ], [ -123.7072, 42.562 ], [ -123.702, 42.5519 ], [ -123.6934, 42.5533 ], [ -123.6978, 42.5495 ], [ -123.6978, 42.5482 ], [ -123.6786, 42.5613 ], [ -123.625, 42.5501 ], [ -123.5982, 42.566 ], [ -123.5972, 42.5597 ], [ -123.5762, 42.5639 ], [ -123.5615, 42.5504 ], [ -123.54, 42.5548 ], [ -123.5, 42.5389 ], [ -123.4925, 42.5164 ], [ -123.4787, 42.5071 ], [ -123.4887, 42.4985 ], [ -123.4811, 42.4913 ], [ -123.5009, 42.4741 ], [ -123.4841, 42.4567 ], [ -123.5006, 42.4419 ], [ -123.4832, 42.4432 ], [ -123.4494, 42.4294 ], [ -123.4398, 42.419 ], [ -123.4504, 42.4146 ], [ -123.4573, 42.3984 ], [ -123.4513, 42.3774 ], [ -123.4344, 42.3736 ], [ -123.4282, 42.3598 ], [ -123.4022, 42.3523 ], [ -123.4279, 42.3562 ], [ -123.4615, 42.3805 ], [ -123.4827, 42.3832 ], [ -123.5122, 42.3642 ], [ -123.5417, 42.3629 ], [ -123.5954, 42.3279 ], [ -123.6011, 42.3364 ], [ -123.6101, 42.3333 ], [ -123.6071, 42.3375 ], [ -123.6207, 42.3467 ], [ -123.6159, 42.3512 ], [ -123.6293, 42.3532 ], [ -123.6346, 42.3479 ], [ -123.6437, 42.3595 ], [ -123.6452, 42.3746 ], [ -123.6246, 42.4007 ], [ -123.6293, 42.4294 ], [ -123.6594, 42.4094 ], [ -123.6586, 42.416 ], [ -123.6663, 42.4144 ], [ -123.673, 42.4215 ], [ -123.685, 42.4188 ], [ -123.6978, 42.4259 ], [ -123.7157, 42.4194 ], [ -123.7225, 42.4035 ], [ -123.7398, 42.4011 ], [ -123.7562, 42.3766 ], [ -123.7691, 42.375 ], [ -123.7902, 42.3881 ], [ -123.8, 42.3781 ], [ -123.8153, 42.3788 ], [ -123.8234, 42.3731 ], [ -123.8448, 42.3922 ], [ -123.8507, 42.3842 ], [ -123.8648, 42.3883 ], [ -123.8644, 42.3981 ], [ -123.8799, 42.4021 ], [ -123.8992, 42.3963 ], [ -123.9012, 42.4012 ], [ -123.9136, 42.3985 ], [ -123.9406, 42.4165 ], [ -123.9522, 42.4115 ], [ -123.9554, 42.3915 ], [ -123.972, 42.37 ], [ -124.0074, 42.3861 ], [ -124.0034, 42.4048 ], [ -124.0175, 42.411 ], [ -124.0086, 42.4196 ] ] ] } },
{ "type": "Feature", "properties": { "GEOIDFQ": "1400000US41033361500", "NAME": "3615", "NAMELSAD": "Census Tract 3615" }, "geometry": { "type": "Polygon", "coordinates": [ [ [ -124.0354, 42.4023 ], [ -124.0114, 42.411 ], [ -124.0034, 42.4048 ], [ -124.0074, 42.3861 ], [ -123.9713, 42.3701 ], [ -123.9554, 42.3915 ], [ -123.9522, 42.4115 ], [ -123.9397, 42.4165 ], [ -123.9136, 42.3985 ], [ -123.9012, 42.4012 ], [ -123.8992, 42.3963 ], [ -123.8799, 42.4021 ], [ -123.8644, 42.3981 ], [ -123.8648, 42.3883 ], [ -123.8507, 42.3842 ], [ -123.8448, 42.3922 ], [ -123.8234, 42.3731 ], [ -123.8153, 42.3788 ], [ -123.8, 42.3781 ], [ -123.7902, 42.3881 ], [ -123.7808, 42.3854 ], [ -123.7776, 42.3773 ], [ -123.757, 42.3761 ], [ -123.7398, 42.4011 ], [ -123.7224, 42.4036 ], [ -123.7157, 42.4194 ], [ -123.6978, 42.4259 ], [ -123.685, 42.4188 ], [ -123.673, 42.4215 ], [ -123.6663, 42.4144 ], [ -123.6586, 42.416 ], [ -123.6594, 42.4094 ], [ -123.6293, 42.4294 ], [ -123.6246, 42.4007 ], [ -123.6452, 42.3746 ], [ -123.6437, 42.3595 ], [ -123.6346, 42.3479 ], [ -123.6293, 42.3532 ], [ -123.6159, 42.3512 ], [ -123.6207, 42.3467 ], [ -123.6071, 42.3375 ], [ -123.6099, 42.3347 ], [ -123.6101, 42.3333 ], [ -123.6011, 42.3364 ], [ -123.5954, 42.3279 ], [ -123.5417, 42.3629 ], [ -123.5122, 42.3642 ], [ -123.4817, 42.3833 ], [ -123.4615, 42.3805 ], [ -123.4214, 42.3537 ], [ -123.3952, 42.351 ], [ -123.3783, 42.3579 ], [ -123.3545, 42.3346 ], [ -123.3365, 42.3447 ], [ -123.3413, 42.3309 ], [ -123.3685, 42.3025 ], [ -123.3622, 42.2907 ], [ -123.3747, 42.2834 ], [ -123.3616, 42.2746 ], [ -123.366, 42.2669 ], [ -123.3558, 42.2678 ], [ -123.35, 42.2592 ], [ -123.3812, 42.2488 ], [ -123.4014, 42.2307 ], [ -123.3945, 42.2113 ], [ -123.4132, 42.1926 ], [ -123.4221, 42.1927 ], [ -123.414, 42.194 ], [ -123.411, 42.201 ], [ -123.425, 42.2137 ], [ -123.4166, 42.2173 ], [ -123.4334, 42.2238 ], [ -123.4272, 42.239 ], [ -123.4363, 42.2552 ], [ -123.4493, 42.266 ], [ -123.4652, 42.2637 ], [ -123.4934, 42.2724 ], [ -123.5339, 42.2706 ], [ -123.5709, 42.2616 ], [ -123.5633, 42.2171 ], [ -123.5502, 42.2048 ], [ -123.5574, 42.1914 ], [ -123.5612, 42.1944 ], [ -123.5766, 42.1869 ], [ -123.5943, 42.1875 ], [ -123.5936, 42.192 ], [ -123.6037, 42.1889 ], [ -123.5991, 42.1989 ], [ -123.6139, 42.2053 ], [ -123.6285, 42.2016 ], [ -123.619, 42.2174 ], [ -123.6364, 42.2254 ], [ -123.6503, 42.2248 ], [ -123.6531, 42.2309 ], [ -123.6666, 42.232 ], [ -123.6844, 42.2436 ], [ -123.7016, 42.2234 ], [ -123.7291, 42.2071 ], [ -123.7286, 42.1911 ], [ -123.7855, 42.1916 ], [ -123.8071, 42.2127 ], [ -123.7905, 42.2203 ], [ -123.7922, 42.2376 ], [ -123.8122, 42.2438 ], [ -123.8149, 42.2624 ], [ -123.8225, 42.2646 ], [ -123.8379, 42.2947 ], [ -123.8473, 42.2992 ], [ -123.8395, 42.3122 ], [ -123.8513, 42.3206 ], [ -123.8696, 42.3228 ], [ -123.8782, 42.3452 ], [ -123.8923, 42.3533 ], [ -123.9204, 42.3465 ], [ -123.9365, 42.3616 ], [ -123.9496, 42.3565 ], [ -124.0271, 42.3592 ], [ -124.042, 42.3877 ], [ -124.0354, 42.4023 ] ] ] } },
{ "type": "Feature", "properties": { "GEOIDFQ": "1400000US41033360300", "NAME": "3603", "NAMELSAD": "Census Tract 3603" }, "geometry": { "type": "Polygon", "coordinates": [ [ [ -123.5223, 42.6111 ], [ -123.5121, 42.6104 ], [ -123.5136, 42.6009 ], [ -123.4889, 42.6038 ], [ -123.4697, 42.5873 ], [ -123.4648, 42.5963 ], [ -123.4677, 42.5666 ], [ -123.4395, 42.5499 ], [ -123.4348, 42.5616 ], [ -123.4028, 42.5864 ], [ -123.3921, 42.5876 ], [ -123.3879, 42.5805 ], [ -123.3761, 42.5793 ], [ -123.3624, 42.4902 ], [ -123.367, 42.4964 ], [ -123.3863, 42.4986 ], [ -123.4237, 42.5172 ], [ -123.4478, 42.5035 ], [ -123.4886, 42.4965 ], [ -123.4787, 42.5073 ], [ -123.4925, 42.5164 ], [ -123.4913, 42.5248 ], [ -123.5022, 42.535 ], [ -123.4884, 42.5522 ], [ -123.489, 42.5672 ], [ -123.4996, 42.5801 ], [ -123.5176, 42.5858 ], [ -123.5275, 42.6043 ], [ -123.5223, 42.6111 ] ] ] } },
{ "type": "Feature", "properties": { "GEOIDFQ": "1400000US41033360800", "NAME": "3608", "NAMELSAD": "Census Tract 3608" }, "geometry": { "type": "Polygon", "coordinates": [ [ [ -123.4802, 42.4928 ], [ -123.4886, 42.4965 ], [ -123.4478, 42.5035 ], [ -123.4231, 42.5171 ], [ -123.3863, 42.4986 ], [ -123.367, 42.4964 ], [ -123.3647, 42.4942 ], [ -123.3697, 42.4949 ], [ -123.3695, 42.4843 ], [ -123.3769, 42.4841 ], [ -123.3768, 42.4796 ], [ -123.3634, 42.4644 ], [ -123.3707, 42.4531 ], [ -123.3678, 42.4448 ], [ -123.3522, 42.4406 ], [ -123.3522, 42.4333 ], [ -123.3866, 42.4383 ], [ -123.4056, 42.4318 ], [ -123.4494, 42.4294 ], [ -123.4832, 42.4432 ], [ -123.5001, 42.4415 ], [ -123.4834, 42.4603 ], [ -123.5007, 42.475 ], [ -123.4802, 42.4928 ] ] ] } },
{ "type": "Feature", "properties": { "GEOIDFQ": "1400000US41033360400", "NAME": "3604", "NAMELSAD": "Census Tract 3604" }, "geometry": { "type": "Polygon", "coordinates": [ [ [ -123.3824, 42.6034 ], [ -123.3779, 42.5914 ], [ -123.37, 42.5948 ], [ -123.377, 42.5938 ], [ -123.3755, 42.604 ], [ -123.3659, 42.6077 ], [ -123.365, 42.6151 ], [ -123.3748, 42.625 ], [ -123.3507, 42.6231 ], [ -123.3519, 42.6322 ], [ -123.3245, 42.6224 ], [ -123.3199, 42.603 ], [ -123.3105, 42.6011 ], [ -123.2901, 42.6024 ], [ -123.288, 42.6126 ], [ -123.2578, 42.6138 ], [ -123.2463, 42.6297 ], [ -123.2295, 42.6262 ], [ -123.2293, 42.4203 ], [ -123.2556, 42.4235 ], [ -123.2627, 42.4315 ], [ -123.2879, 42.426 ], [ -123.288, 42.438 ], [ -123.2969, 42.4395 ], [ -123.3143, 42.4604 ], [ -123.3579, 42.4825 ], [ -123.3708, 42.5682 ], [ -123.3895, 42.59 ], [ -123.3824, 42.6034 ] ] ] } },
{ "type": "Feature", "properties": { "GEOIDFQ": "1400000US41033360500", "NAME": "3605", "NAMELSAD": "Census Tract 3605" }, "geometry": { "type": "Polygon", "coordinates": [ [ [ -123.3226, 42.4527 ], [ -123.3122, 42.4586 ], [ -123.2969, 42.4395 ], [ -123.288, 42.438 ], [ -123.2878, 42.4278 ], [ -123.3271, 42.439 ], [ -123.3226, 42.4527 ] ] ] } },
{ "type": "Feature", "properties": { "GEOIDFQ": "1400000US41033360701", "NAME": "3607.01", "NAMELSAD": "Census Tract 3607.01" }, "geometry": { "type": "Polygon", "coordinates": [ [ [ -123.367, 42.4555 ], [ -123.3619, 42.4465 ], [ -123.2983, 42.43 ], [ -123.3522, 42.4351 ], [ -123.3522, 42.4406 ], [ -123.3678, 42.4448 ], [ -123.367, 42.4555 ] ] ] } },
{ "type": "Feature", "properties": { "GEOIDFQ": "1400000US41033361400", "NAME": "3614", "NAMELSAD": "Census Tract 3614" }, "geometry": { "type": "Polygon", "coordinates": [ [ [ -123.3812, 42.2488 ], [ -123.35, 42.2592 ], [ -123.3558, 42.2678 ], [ -123.366, 42.2669 ], [ -123.3616, 42.2746 ], [ -123.3747, 42.2834 ], [ -123.3622, 42.2907 ], [ -123.3685, 42.3025 ], [ -123.3413, 42.3309 ], [ -123.3365, 42.3447 ], [ -123.297, 42.3411 ], [ -123.2841, 42.3232 ], [ -123.2657, 42.3184 ], [ -123.2299, 42.2908 ], [ -123.2292, 42.1283 ], [ -123.2389, 42.1281 ], [ -123.2376, 42.1365 ], [ -123.2444, 42.1384 ], [ -123.2694, 42.1799 ], [ -123.2788, 42.1774 ], [ -123.2869, 42.1847 ], [ -123.2739, 42.1929 ], [ -123.2862, 42.2069 ], [ -123.2748, 42.2107 ], [ -123.2738, 42.219 ], [ -123.2887, 42.2147 ], [ -123.2909, 42.2073 ], [ -123.3229, 42.2037 ], [ -123.3232, 42.1929 ], [ -123.3503, 42.178 ], [ -123.3602, 42.1579 ], [ -123.3668, 42.1681 ], [ -123.3744, 42.1552 ], [ -123.3913, 42.1825 ], [ -123.3818, 42.1888 ], [ -123.3836, 42.1983 ], [ -123.3726, 42.1967 ], [ -123.3947, 42.211 ], [ -123.402, 42.2293 ], [ -123.3812, 42.2488 ] ] ] } },
{ "type": "Feature", "properties": { "GEOIDFQ": "1400000US41033360100", "NAME": "3601", "NAMELSAD": "Census Tract 3601" }, "geometry": { "type": "Polygon", "coordinates": [ [ [ -124.0085, 42.4963 ], [ -123.9888, 42.502 ], [ -123.9727, 42.4953 ], [ -123.9444, 42.5014 ], [ -123.9192, 42.4948 ], [ -123.8906, 42.5006 ], [ -123.8752, 42.5132 ], [ -123.8786, 42.5245 ], [ -123.8548, 42.5497 ], [ -123.861, 42.5604 ], [ -123.8496, 42.5837 ], [ -123.8303, 42.5951 ], [ -123.8285, 42.6063 ], [ -123.8194, 42.6124 ], [ -123.8313, 42.6323 ], [ -123.7592, 42.7177 ], [ -123.733, 42.7689 ], [ -123.7165, 42.7841 ], [ -123.7165, 42.7397 ], [ -123.6968, 42.7396 ], [ -123.697, 42.7539 ], [ -123.6772, 42.7501 ], [ -123.6773, 42.7397 ], [ -123.5817, 42.7399 ], [ -123.5819, 42.7321 ], [ -123.5668, 42.7357 ], [ -123.5622, 42.7176 ], [ -123.5424, 42.7171 ], [ -123.5425, 42.7098 ], [ -123.4944, 42.7092 ], [ -123.4943, 42.7022 ], [ -123.4553, 42.6994 ], [ -123.4455, 42.703 ], [ -123.4449, 42.7111 ], [ -123.4199, 42.7145 ], [ -123.4014, 42.7103 ], [ -123.4013, 42.725 ], [ -123.3717, 42.725 ], [ -123.3716, 42.7395 ], [ -123.3666, 42.7395 ], [ -123.3667, 42.7322 ], [ -123.3286, 42.7317 ], [ -123.3286, 42.7282 ], [ -123.2743, 42.732 ], [ -123.2743, 42.7247 ], [ -123.2493, 42.7244 ], [ -123.2492, 42.7024 ], [ -123.2296, 42.7026 ], [ -123.2295, 42.6262 ], [ -123.2463, 42.6297 ], [ -123.2578, 42.6138 ], [ -123.288, 42.6126 ], [ -123.2901, 42.6024 ], [ -123.3105, 42.6011 ], [ -123.3199, 42.603 ], [ -123.3278, 42.6242 ], [ -123.3519, 42.6322 ], [ -123.3507, 42.6231 ], [ -123.3733, 42.6262 ], [ -123.3648, 42.6131 ], [ -123.3755, 42.604 ], [ -123.377, 42.5938 ], [ -123.37, 42.5948 ], [ -123.3779, 42.5914 ], [ -123.3824, 42.6034 ], [ -123.3895, 42.59 ], [ -123.3788, 42.5809 ], [ -123.3879, 42.5805 ], [ -123.3921, 42.5876 ], [ -123.4028, 42.5864 ], [ -123.4348, 42.5616 ], [ -123.4395, 42.5499 ], [ -123.4677, 42.5666 ], [ -123.4706, 42.5791 ], [ -123.4625, 42.5886 ], [ -123.4623, 42.5928 ], [ -123.4648, 42.5963 ], [ -123.4651, 42.5891 ], [ -123.4684, 42.593 ], [ -123.473, 42.5882 ], [ -123.4889, 42.6038 ], [ -123.5136, 42.6009 ], [ -123.5121, 42.6104 ], [ -123.5223, 42.6111 ], [ -123.5256, 42.5944 ], [ -123.5099, 42.5811 ], [ -123.4996, 42.5801 ], [ -123.489, 42.5672 ], [ -123.4884, 42.5522 ], [ -123.5006, 42.5394 ], [ -123.54, 42.5548 ], [ -123.5615, 42.5504 ], [ -123.5762, 42.5639 ], [ -123.5915, 42.5587 ], [ -123.6046, 42.5652 ], [ -123.625, 42.5501 ], [ -123.6798, 42.5612 ], [ -123.6978, 42.5482 ], [ -123.6934, 42.5533 ], [ -123.702, 42.5519 ], [ -123.7072, 42.562 ], [ -123.7233, 42.553 ], [ -123.7358, 42.5319 ], [ -123.7663, 42.5349 ], [ -123.8043, 42.5279 ], [ -123.8733, 42.4729 ], [ -123.8847, 42.4567 ], [ -123.9144, 42.4645 ], [ -123.9289, 42.4556 ], [ -123.989, 42.456 ], [ -124.0015, 42.4516 ], [ -124.0039, 42.4515 ], [ -124.0018, 42.4832 ], [ -124.0115, 42.4898 ], [ -124.0085, 42.4963 ] ] ] } },
{ "type": "Feature", "properties": { "GEOIDFQ": "1400000US41051010402", "NAME": "104.02", "NAMELSAD": "Census Tract 104.02" }, "geometry": { "type": "Polygon", "coordinates": [ [ [ -122.3869, 45.519 ], [ -122.3723, 45.519 ], [ -122.3726, 45.5235 ], [ -122.3705, 45.5115 ], [ -122.3393, 45.5153 ], [ -122.3387, 45.5049 ], [ -122.3276, 45.499 ], [ -122.2996, 45.5037 ], [ -122.3073, 45.4922 ], [ -122.3003, 45.4896 ], [ -122.2917, 45.4982 ], [ -122.2788, 45.4975 ], [ -122.2909, 45.4868 ], [ -122.2898, 45.473 ], [ -122.2727, 45.4614 ], [ -122.3728, 45.4612 ], [ -122.3727, 45.4911 ], [ -122.3869, 45.519 ] ] ] } },
{ "type": "Feature", "properties": { "GEOIDFQ": "1400000US41051003301", "NAME": "33.01", "NAMELSAD": "Census Tract 33.01" }, "geometry": { "type": "Polygon", "coordinates": [ [ [ -122.6614, 45.5627 ], [ -122.6497, 45.5627 ], [ -122.6499, 45.5555 ], [ -122.6616, 45.5564 ], [ -122.6614, 45.5627 ] ] ] } },
{ "type": "Feature", "properties": { "GEOIDFQ": "1400000US41051004800", "NAME": "48", "NAMELSAD": "Census Tract 48" }, "geometry": { "type": "Polygon", "coordinates": [ [ [ -122.6925, 45.5299 ], [ -122.6923, 45.5231 ], [ -122.6963, 45.5233 ], [ -122.6987, 45.5312 ], [ -122.6925, 45.5299 ] ] ] } },
{ "type": "Feature", "properties": { "GEOIDFQ": "1400000US41051007202", "NAME": "72.02", "NAMELSAD": "Census Tract 72.02" }, "geometry": { "type": "Polygon", "coordinates": [ [ [ -122.7887, 45.633 ], [ -122.7651, 45.6529 ], [ -122.7154, 45.6197 ], [ -122.6721, 45.6052 ], [ -122.6425, 45.6032 ], [ -122.6405, 45.5914 ], [ -122.648, 45.5831 ], [ -122.6336, 45.5743 ], [ -122.7187, 45.5941 ], [ -122.7241, 45.596 ], [ -122.7193, 45.6004 ], [ -122.7628, 45.6153 ], [ -122.7883, 45.6149 ], [ -122.7887, 45.633 ] ] ] } },
{ "type": "Feature", "properties": { "GEOIDFQ": "1400000US41051001602", "NAME": "16.02", "NAMELSAD": "Census Tract 16.02" }, "geometry": { "type": "Polygon", "coordinates": [ [ [ -122.5655, 45.519 ], [ -122.5655, 45.5044 ], [ -122.5787, 45.5048 ], [ -122.579, 45.5191 ], [ -122.5655, 45.519 ] ] ] } },
{ "type": "Feature", "properties": { "GEOIDFQ": "1400000US41051002801", "NAME": "28.01", "NAMELSAD": "Census Tract 28.01" }, "geometry": { "type": "Polygon", "coordinates": [ [ [ -122.6106, 45.5483 ], [ -122.5994, 45.5482 ], [ -122.5995, 45.5387 ], [ -122.611, 45.5419 ], [ -122.6106, 45.5483 ] ] ] } },
{ "type": "Feature", "properties": { "GEOIDFQ": "1400000US41051008301", "NAME": "83.01", "NAMELSAD": "Census Tract 83.01" }, "geometry": { "type": "Polygon", "coordinates": [ [ [ -122.5787, 45.5048 ], [ -122.5655, 45.5044 ], [ -122.5661, 45.49 ], [ -122.5788, 45.4914 ], [ -122.5787, 45.5048 ] ] ] } },
{ "type": "Feature", "properties": { "GEOIDFQ": "1400000US41051005800", "NAME": "58", "NAMELSAD": "Census Tract 58" }, "geometry": { "type": "Polygon", "coordinates": [ [ [ -122.6889, 45.5119 ], [ -122.682, 45.5064 ], [ -122.6874, 45.5027 ], [ -122.6816, 45.4922 ], [ -122.6941, 45.4961 ], [ -122.6938, 45.4873 ], [ -122.7046, 45.4947 ], [ -122.7027, 45.4905 ], [ -122.7103, 45.4906 ], [ -122.7136, 45.5019 ], [ -122.6889, 45.5119 ] ] ] } },
{ "type": "Feature", "properties": { "GEOIDFQ": "1400000US41051010002", "NAME": "100.02", "NAMELSAD": "Census Tract 100.02" }, "geometry": { "type": "Polygon", "coordinates": [ [ [ -122.4551, 45.515 ], [ -122.4448, 45.5127 ], [ -122.4448, 45.4971 ], [ -122.4645, 45.4929 ], [ -122.4551, 45.515 ] ] ] } },
{ "type": "Feature", "properties": { "GEOIDFQ": "1400000US41051003803", "NAME": "38.03", "NAMELSAD": "Census Tract 38.03" }, "geometry": { "type": "Polygon", "coordinates": [ [ [ -122.6945, 45.5699 ], [ -122.6749, 45.5699 ], [ -122.675, 45.5627 ], [ -122.6946, 45.5629 ], [ -122.6945, 45.5699 ] ] ] } },
{ "type": "Feature", "properties": { "GEOIDFQ": "1400000US41051006001", "NAME": "60.01", "NAMELSAD": "Census Tract 60.01" }, "geometry": { "type": "Polygon", "coordinates": [ [ [ -122.682, 45.4918 ], [ -122.6874, 45.5027 ], [ -122.682, 45.5051 ], [ -122.6802, 45.4803 ], [ -122.6927, 45.479 ], [ -122.6875, 45.4843 ], [ -122.698, 45.4954 ], [ -122.682, 45.4918 ] ] ] } },
{ "type": "Feature", "properties": { "GEOIDFQ": "1400000US41051009903", "NAME": "99.03", "NAMELSAD": "Census Tract 99.03" }, "geometry": { "type": "Polygon", "coordinates": [ [ [ -122.4852, 45.4855 ], [ -122.4755, 45.4873 ], [ -122.4688, 45.48 ], [ -122.4599, 45.4838 ], [ -122.4483, 45.481 ], [ -122.4482, 45.4701 ], [ -122.4546, 45.4667 ], [ -122.4478, 45.461 ], [ -122.4799, 45.4612 ], [ -122.4944, 45.474 ], [ -122.4852, 45.4855 ] ] ] } },
{ "type": "Feature", "properties": { "GEOIDFQ": "1400000US41051009202", "NAME": "92.02", "NAMELSAD": "Census Tract 92.02" }, "geometry": { "type": "Polygon", "coordinates": [ [ [ -122.5107, 45.5223 ], [ -122.5106, 45.5042 ], [ -122.521, 45.5041 ], [ -122.521, 45.519 ], [ -122.5107, 45.5223 ] ] ] } },
{ "type": "Feature", "properties": { "GEOIDFQ": "1400000US41019200000", "NAME": "2000", "NAMELSAD": "Census Tract 2000" }, "geometry": { "type": "Polygon", "coordinates": [ [ [ -123.5037, 42.9245 ], [ -123.5043, 42.9455 ], [ -123.4588, 42.973 ], [ -123.4617, 42.977 ], [ -123.4486, 42.9714 ], [ -123.4459, 42.9747 ], [ -123.4458, 42.9581 ], [ -123.424, 42.9661 ], [ -123.4205, 42.9568 ], [ -123.4061, 42.9585 ], [ -123.4012, 42.9518 ], [ -123.4164, 42.9949 ], [ -123.3747, 43.0139 ], [ -123.3659, 43.028 ], [ -123.3338, 43.0347 ], [ -123.3378, 43.0256 ], [ -123.3626, 43.0081 ], [ -123.3548, 42.9974 ], [ -123.3576, 42.9896 ], [ -123.345, 42.9834 ], [ -123.3469, 42.9733 ], [ -123.3359, 42.9733 ], [ -123.3357, 42.9664 ], [ -123.3252, 42.9611 ], [ -123.3076, 42.9727 ], [ -123.291, 42.9715 ], [ -123.2861, 42.9578 ], [ -123.2499, 42.9163 ], [ -123.254, 42.9047 ], [ -123.2486, 42.898 ], [ -123.2758, 42.8749 ], [ -123.2834, 42.8586 ], [ -123.3154, 42.8565 ], [ -123.3322, 42.8613 ], [ -123.3443, 42.8529 ], [ -123.3688, 42.8579 ], [ -123.3678, 42.8423 ], [ -123.3733, 42.8501 ], [ -123.3849, 42.8513 ], [ -123.3832, 42.8574 ], [ -123.4164, 42.8573 ], [ -123.4332, 42.8494 ], [ -123.4261, 42.8626 ], [ -123.426, 42.867 ], [ -123.4323, 42.8645 ], [ -123.4271, 42.8695 ], [ -123.4288, 42.878 ], [ -123.4319, 42.8728 ], [ -123.4564, 42.8753 ], [ -123.4714, 42.8709 ], [ -123.48, 42.8871 ], [ -123.5002, 42.9021 ], [ -123.4993, 42.9143 ], [ -123.5108, 42.915 ], [ -123.5037, 42.9245 ] ] ] } },
{ "type": "Feature", "properties": { "GEOIDFQ": "1400000US41041950602", "NAME": "9506.02", "NAMELSAD": "Census Tract 9506.02" }, "geometry": { "type": "Polygon", "coordinates": [ [ [ -124.076, 44.8351 ], [ -124.0619, 44.8428 ], [ -124.0541, 44.859 ], [ -124.0405, 44.8592 ], [ -124.0273, 44.8497 ], [ -124.0203, 44.8508 ], [ -124.0141, 44.8421 ], [ -124.0047, 44.8416 ], [ -124.0042, 44.83 ], [ -123.9795, 44.8289 ], [ -123.9475, 44.7826 ], [ -123.9569, 44.7745 ], [ -123.9598, 44.7818 ], [ -123.9686, 44.7841 ], [ -123.9712, 44.7719 ], [ -123.9856, 44.7675 ], [ -124.0052, 44.7699 ], [ -124.0203, 44.7804 ], [ -124.0459, 44.7676 ], [ -124.0564, 44.7764 ], [ -124.0843, 44.7785 ], [ -124.076, 44.8351 ] ] ] } },
{ "type": "Feature", "properties": { "GEOIDFQ": "1400000US41051009907", "NAME": "99.07", "NAMELSAD": "Census Tract 99.07" }, "geometry": { "type": "Polygon", "coordinates": [ [ [ -122.4332, 45.4702 ], [ -122.4217, 45.4868 ], [ -122.4291, 45.498 ], [ -122.4141, 45.4979 ], [ -122.4139, 45.4807 ], [ -122.3893, 45.4613 ], [ -122.4478, 45.461 ], [ -122.4547, 45.4702 ], [ -122.4332, 45.4702 ] ] ] } },
{ "type": "Feature", "properties": { "GEOIDFQ": "1400000US41051010411", "NAME": "104.11", "NAMELSAD": "Census Tract 104.11" }, "geometry": { "type": "Polygon", "coordinates": [ [ [ -122.3999, 45.5048 ], [ -122.3988, 45.4918 ], [ -122.4055, 45.4937 ], [ -122.4139, 45.5019 ], [ -122.3999, 45.5048 ] ] ] } },
{ "type": "Feature", "properties": { "GEOIDFQ": "1400000US41057960401", "NAME": "9604.01", "NAMELSAD": "Census Tract 9604.01" }, "geometry": { "type": "Polygon", "coordinates": [ [ [ -123.8335, 45.5008 ], [ -123.832, 45.5054 ], [ -123.8377, 45.5056 ], [ -123.8267, 45.5145 ], [ -123.8285, 45.5203 ], [ -123.7952, 45.5239 ], [ -123.7852, 45.5355 ], [ -123.7675, 45.5381 ], [ -123.7517, 45.5485 ], [ -123.7322, 45.5469 ], [ -123.7277, 45.5562 ], [ -123.697, 45.5603 ], [ -123.6939, 45.5718 ], [ -123.6759, 45.568 ], [ -123.674, 45.574 ], [ -123.6573, 45.5744 ], [ -123.6563, 45.5811 ], [ -123.6348, 45.5867 ], [ -123.6376, 45.5929 ], [ -123.6267, 45.588 ], [ -123.6267, 45.5936 ], [ -123.6116, 45.5989 ], [ -123.5631, 45.5794 ], [ -123.5581, 45.5904 ], [ -123.5439, 45.5861 ], [ -123.5149, 45.5923 ], [ -123.4926, 45.606 ], [ -123.4726, 45.6091 ], [ -123.4431, 45.6053 ], [ -123.4249, 45.611 ], [ -123.4157, 45.6213 ], [ -123.3894, 45.6167 ], [ -123.3769, 45.6221 ], [ -123.3405, 45.6222 ], [ -123.3403, 45.6075 ], [ -123.2994, 45.6072 ], [ -123.2993, 45.593 ], [ -123.3202, 45.593 ], [ -123.32, 45.5787 ], [ -123.3611, 45.5788 ], [ -123.3611, 45.5499 ], [ -123.402, 45.5501 ], [ -123.4021, 45.5356 ], [ -123.4219, 45.5354 ], [ -123.422, 45.5214 ], [ -123.4427, 45.5211 ], [ -123.4411, 45.4913 ], [ -123.4612, 45.4916 ], [ -123.4639, 45.4473 ], [ -123.4854, 45.4471 ], [ -123.4861, 45.4332 ], [ -123.4649, 45.4333 ], [ -123.4637, 45.3675 ], [ -123.4849, 45.3704 ], [ -123.5157, 45.3617 ], [ -123.5266, 45.3676 ], [ -123.5412, 45.3649 ], [ -123.5483, 45.3614 ], [ -123.5495, 45.3491 ], [ -123.5666, 45.3529 ], [ -123.5709, 45.3483 ], [ -123.5785, 45.3576 ], [ -123.593, 45.3588 ], [ -123.606, 45.353 ], [ -123.6153, 45.3593 ], [ -123.6111, 45.3621 ], [ -123.6114, 45.365 ], [ -123.6188, 45.3577 ], [ -123.6421, 45.3553 ], [ -123.6555, 45.361 ], [ -123.6581, 45.3779 ], [ -123.6728, 45.374 ], [ -123.6879, 45.3834 ], [ -123.6966, 45.3792 ], [ -123.7067, 45.3814 ], [ -123.7013, 45.378 ], [ -123.7079, 45.3745 ], [ -123.7327, 45.386 ], [ -123.7472, 45.3803 ], [ -123.7562, 45.3871 ], [ -123.7789, 45.3831 ], [ -123.8003, 45.3872 ], [ -123.8052, 45.3977 ], [ -123.8238, 45.4087 ], [ -123.8242, 45.4269 ], [ -123.7781, 45.4271 ], [ -123.7772, 45.4432 ], [ -123.7893, 45.4472 ], [ -123.7926, 45.4576 ], [ -123.7645, 45.4596 ], [ -123.7658, 45.4676 ], [ -123.7818, 45.4789 ], [ -123.7985, 45.4727 ], [ -123.809, 45.4778 ], [ -123.843, 45.4751 ], [ -123.8503, 45.4957 ], [ -123.8335, 45.5008 ] ] ] } },
{ "type": "Feature", "properties": { "GEOIDFQ": "1400000US41057960402", "NAME": "9604.02", "NAMELSAD": "Census Tract 9604.02" }, "geometry": { "type": "Polygon", "coordinates": [ [ [ -123.8241, 45.4742 ], [ -123.8086, 45.4778 ], [ -123.7995, 45.4727 ], [ -123.7792, 45.4784 ], [ -123.7643, 45.4599 ], [ -123.7926, 45.4576 ], [ -123.7893, 45.4472 ], [ -123.7772, 45.4432 ], [ -123.7783, 45.4269 ], [ -123.8242, 45.4269 ], [ -123.8253, 45.4352 ], [ -123.8439, 45.449 ], [ -123.8445, 45.4782 ], [ -123.8241, 45.4742 ] ] ] } },
{ "type": "Feature", "properties": { "GEOIDFQ": "1400000US41057960102", "NAME": "9601.02", "NAMELSAD": "Census Tract 9601.02" }, "geometry": { "type": "Polygon", "coordinates": [ [ [ -123.9755, 45.7831 ], [ -123.7198, 45.7832 ], [ -123.72, 45.7731 ], [ -123.3616, 45.7796 ], [ -123.361, 45.7087 ], [ -123.4847, 45.7088 ], [ -123.4851, 45.6793 ], [ -123.4644, 45.6793 ], [ -123.4643, 45.6696 ], [ -123.4714, 45.6727 ], [ -123.4835, 45.6669 ], [ -123.4869, 45.675 ], [ -123.5099, 45.682 ], [ -123.5256, 45.679 ], [ -123.5311, 45.6849 ], [ -123.542, 45.6787 ], [ -123.5454, 45.6685 ], [ -123.604, 45.669 ], [ -123.6113, 45.6638 ], [ -123.6074, 45.6487 ], [ -123.6151, 45.6399 ], [ -123.6268, 45.6454 ], [ -123.6335, 45.6583 ], [ -123.667, 45.6772 ], [ -123.6863, 45.6725 ], [ -123.7022, 45.6772 ], [ -123.7074, 45.6627 ], [ -123.718, 45.66 ], [ -123.7132, 45.6555 ], [ -123.725, 45.6548 ], [ -123.7402, 45.6658 ], [ -123.756, 45.6667 ], [ -123.7436, 45.6625 ], [ -123.7569, 45.6575 ], [ -123.7456, 45.6541 ], [ -123.7599, 45.6542 ], [ -123.7674, 45.6441 ], [ -123.7762, 45.6456 ], [ -123.7949, 45.6353 ], [ -123.7993, 45.6471 ], [ -123.8162, 45.6487 ], [ -123.8225, 45.6628 ], [ -123.8112, 45.6602 ], [ -123.817, 45.6754 ], [ -123.8295, 45.6797 ], [ -123.8394, 45.6783 ], [ -123.838, 45.6647 ], [ -123.855, 45.6395 ], [ -123.8831, 45.6394 ], [ -123.8929, 45.6473 ], [ -123.9113, 45.6476 ], [ -123.9104, 45.642 ], [ -123.9208, 45.6428 ], [ -123.9281, 45.6372 ], [ -123.9472, 45.6456 ], [ -123.9465, 45.6561 ], [ -123.931, 45.6614 ], [ -123.9321, 45.6844 ], [ -123.9169, 45.6944 ], [ -123.889, 45.6884 ], [ -123.8805, 45.7013 ], [ -123.8942, 45.7177 ], [ -123.9281, 45.7193 ], [ -123.9324, 45.7342 ], [ -123.9608, 45.7452 ], [ -123.9597, 45.7581 ], [ -123.9859, 45.7602 ], [ -123.9755, 45.7831 ] ] ] } },
{ "type": "Feature", "properties": { "GEOIDFQ": "1400000US41057960101", "NAME": "9601.01", "NAMELSAD": "Census Tract 9601.01" }, "geometry": { "type": "Polygon", "coordinates": [ [ [ -123.9598, 45.7581 ], [ -123.9608, 45.7452 ], [ -123.9324, 45.7342 ], [ -123.9281, 45.7193 ], [ -123.8942, 45.7177 ], [ -123.8805, 45.7013 ], [ -123.889, 45.6884 ], [ -123.9169, 45.6944 ], [ -123.9273, 45.6902 ], [ -123.9324, 45.6839 ], [ -123.9285, 45.669 ], [ -123.9369, 45.6563 ], [ -123.9465, 45.6561 ], [ -123.9505, 45.729 ], [ -123.9734, 45.748 ], [ -123.9739, 45.7585 ], [ -123.9859, 45.7602 ], [ -123.9598, 45.7581 ] ] ] } },
{ "type": "Feature", "properties": { "GEOIDFQ": "1400000US41051002701", "NAME": "27.01", "NAMELSAD": "Census Tract 27.01" }, "geometry": { "type": "Polygon", "coordinates": [ [ [ -122.6208, 45.5483 ], [ -122.6106, 45.5483 ], [ -122.6109, 45.539 ], [ -122.623, 45.539 ], [ -122.6208, 45.5483 ] ] ] } },
{ "type": "Feature", "properties": { "GEOIDFQ": "1400000US41051002702", "NAME": "27.02", "NAMELSAD": "Census Tract 27.02" }, "geometry": { "type": "Polygon", "coordinates": [ [ [ -122.6109, 45.539 ], [ -122.6088, 45.5277 ], [ -122.6229, 45.5332 ], [ -122.6109, 45.539 ] ] ] } },
{ "type": "Feature", "properties": { "GEOIDFQ": "1400000US41051002802", "NAME": "28.02", "NAMELSAD": "Census Tract 28.02" }, "geometry": { "type": "Polygon", "coordinates": [ [ [ -122.6109, 45.539 ], [ -122.5995, 45.5387 ], [ -122.5989, 45.5316 ], [ -122.6088, 45.5277 ], [ -122.6109, 45.539 ] ] ] } },
{ "type": "Feature", "properties": { "GEOIDFQ": "1400000US41051002901", "NAME": "29.01", "NAMELSAD": "Census Tract 29.01" }, "geometry": { "type": "Polygon", "coordinates": [ [ [ -122.6009, 45.5555 ], [ -122.5786, 45.5554 ], [ -122.5994, 45.5442 ], [ -122.6045, 45.5483 ], [ -122.6009, 45.5555 ] ] ] } },
{ "type": "Feature", "properties": { "GEOIDFQ": "1400000US41051002902", "NAME": "29.02", "NAMELSAD": "Census Tract 29.02" }, "geometry": { "type": "Polygon", "coordinates": [ [ [ -122.5994, 45.5442 ], [ -122.5787, 45.5524 ], [ -122.579, 45.5337 ], [ -122.5883, 45.5358 ], [ -122.6022, 45.5293 ], [ -122.5994, 45.5442 ] ] ] } },
{ "type": "Feature", "properties": { "GEOIDFQ": "1400000US41051002903", "NAME": "29.03", "NAMELSAD": "Census Tract 29.03" }, "geometry": { "type": "Polygon", "coordinates": [ [ [ -122.5787, 45.5524 ], [ -122.5665, 45.5536 ], [ -122.5605, 45.5473 ], [ -122.5647, 45.5319 ], [ -122.579, 45.534 ], [ -122.5787, 45.5524 ] ] ] } },
{ "type": "Feature", "properties": { "GEOIDFQ": "1400000US41051004700", "NAME": "47", "NAMELSAD": "Census Tract 47" }, "geometry": { "type": "Polygon", "coordinates": [ [ [ -122.7009, 45.5355 ], [ -122.6963, 45.5233 ], [ -122.7093, 45.533 ], [ -122.7143, 45.5323 ], [ -122.7009, 45.5355 ] ] ] } },
{ "type": "Feature", "properties": { "GEOIDFQ": "1400000US41051004602", "NAME": "46.02", "NAMELSAD": "Census Tract 46.02" }, "geometry": { "type": "Polygon", "coordinates": [ [ [ -122.7096, 45.5076 ], [ -122.6997, 45.5193 ], [ -122.6924, 45.5179 ], [ -122.6973, 45.5058 ], [ -122.7132, 45.5022 ], [ -122.7194, 45.5071 ], [ -122.7096, 45.5076 ] ] ] } },
{ "type": "Feature", "properties": { "GEOIDFQ": "1400000US41051008001", "NAME": "80.01", "NAMELSAD": "Census Tract 80.01" }, "geometry": { "type": "Polygon", "coordinates": [ [ [ -122.5578, 45.5461 ], [ -122.5475, 45.5479 ], [ -122.5491, 45.5335 ], [ -122.5633, 45.534 ], [ -122.5578, 45.5461 ] ] ] } },
{ "type": "Feature", "properties": { "GEOIDFQ": "1400000US41051008002", "NAME": "80.02", "NAMELSAD": "Census Tract 80.02" }, "geometry": { "type": "Polygon", "coordinates": [ [ [ -122.5475, 45.5479 ], [ -122.5374, 45.5468 ], [ -122.5376, 45.5336 ], [ -122.5491, 45.5341 ], [ -122.5475, 45.5479 ] ] ] } },
{ "type": "Feature", "properties": { "GEOIDFQ": "1400000US41051008100", "NAME": "81", "NAMELSAD": "Census Tract 81" }, "geometry": { "type": "Polygon", "coordinates": [ [ [ -122.5376, 45.5336 ], [ -122.5378, 45.5225 ], [ -122.5668, 45.5227 ], [ -122.5689, 45.5315 ], [ -122.5376, 45.5336 ] ] ] } },
{ "type": "Feature", "properties": { "GEOIDFQ": "1400000US41051008201", "NAME": "82.01", "NAMELSAD": "Census Tract 82.01" }, "geometry": { "type": "Polygon", "coordinates": [ [ [ -122.5583, 45.5226 ], [ -122.548, 45.5042 ], [ -122.5655, 45.5044 ], [ -122.5668, 45.5227 ], [ -122.5583, 45.5226 ] ] ] } },
{ "type": "Feature", "properties": { "GEOIDFQ": "1400000US41051008400", "NAME": "84", "NAMELSAD": "Census Tract 84" }, "geometry": { "type": "Polygon", "coordinates": [ [ [ -122.548, 45.5042 ], [ -122.5377, 45.5041 ], [ -122.5377, 45.4896 ], [ -122.548, 45.4898 ], [ -122.548, 45.5042 ] ] ] } },
{ "type": "Feature", "properties": { "GEOIDFQ": "1400000US41051008500", "NAME": "85", "NAMELSAD": "Census Tract 85" }, "geometry": { "type": "Polygon", "coordinates": [ [ [ -122.5558, 45.4898 ], [ -122.5377, 45.4896 ], [ -122.5371, 45.4765 ], [ -122.5574, 45.4783 ], [ -122.5558, 45.4898 ] ] ] } },
{ "type": "Feature", "properties": { "GEOIDFQ": "1400000US41039005200", "NAME": "52", "NAMELSAD": "Census Tract 52" }, "geometry": { "type": "Polygon", "coordinates": [ [ [ -123.1023, 44.0262 ], [ -123.0921, 44.0262 ], [ -123.0926, 44.0134 ], [ -123.1078, 44.0159 ], [ -123.1023, 44.0262 ] ] ] } },
{ "type": "Feature", "properties": { "GEOIDFQ": "1400000US41067031621", "NAME": "316.21", "NAMELSAD": "Census Tract 316.21" }, "geometry": { "type": "Polygon", "coordinates": [ [ [ -122.8561, 45.5377 ], [ -122.8275, 45.5268 ], [ -122.8305, 45.5142 ], [ -122.8547, 45.5226 ], [ -122.8561, 45.5377 ] ] ] } },
{ "type": "Feature", "properties": { "GEOIDFQ": "1400000US41067031816", "NAME": "318.16", "NAMELSAD": "Census Tract 318.16" }, "geometry": { "type": "Polygon", "coordinates": [ [ [ -122.8675, 45.4753 ], [ -122.8515, 45.4818 ], [ -122.8518, 45.4669 ], [ -122.8675, 45.4672 ], [ -122.8675, 45.4753 ] ] ] } },
{ "type": "Feature", "properties": { "GEOIDFQ": "1400000US41067031618", "NAME": "316.18", "NAMELSAD": "Census Tract 316.18" }, "geometry": { "type": "Polygon", "coordinates": [ [ [ -122.8998, 45.5268 ], [ -122.8675, 45.5164 ], [ -122.8675, 45.5155 ], [ -122.901, 45.5153 ], [ -122.8998, 45.5268 ] ] ] } },
{ "type": "Feature", "properties": { "GEOIDFQ": "1400000US41067031818", "NAME": "318.18", "NAMELSAD": "Census Tract 318.18" }, "geometry": { "type": "Polygon", "coordinates": [ [ [ -122.8262, 45.4382 ], [ -122.817, 45.4411 ], [ -122.8273, 45.4293 ], [ -122.8319, 45.4337 ], [ -122.8262, 45.4382 ] ] ] } },
{ "type": "Feature", "properties": { "GEOIDFQ": "1400000US41067031620", "NAME": "316.20", "NAMELSAD": "Census Tract 316.20" }, "geometry": { "type": "Polygon", "coordinates": [ [ [ -122.8561, 45.5377 ], [ -122.8547, 45.5226 ], [ -122.8675, 45.5277 ], [ -122.8676, 45.5411 ], [ -122.8561, 45.5377 ] ] ] } },
{ "type": "Feature", "properties": { "GEOIDFQ": "1400000US41067031708", "NAME": "317.08", "NAMELSAD": "Census Tract 317.08" }, "geometry": { "type": "Polygon", "coordinates": [ [ [ -122.8815, 45.4843 ], [ -122.8676, 45.4818 ], [ -122.8724, 45.4725 ], [ -122.8816, 45.4701 ], [ -122.8815, 45.4843 ] ] ] } },
{ "type": "Feature", "properties": { "GEOIDFQ": "1400000US41067031707", "NAME": "317.07", "NAMELSAD": "Census Tract 317.07" }, "geometry": { "type": "Polygon", "coordinates": [ [ [ -122.893, 45.4845 ], [ -122.8815, 45.4843 ], [ -122.8816, 45.4701 ], [ -122.8925, 45.4664 ], [ -122.893, 45.4845 ] ] ] } },
{ "type": "Feature", "properties": { "GEOIDFQ": "1400000US41067033201", "NAME": "332.01", "NAMELSAD": "Census Tract 332.01" }, "geometry": { "type": "Polygon", "coordinates": [ [ [ -123.0751, 45.5299 ], [ -123.0646, 45.5308 ], [ -123.0707, 45.5201 ], [ -123.1066, 45.5198 ], [ -123.0751, 45.5299 ] ] ] } },
{ "type": "Feature", "properties": { "GEOIDFQ": "1400000US41067032302", "NAME": "323.02", "NAMELSAD": "Census Tract 323.02" }, "geometry": { "type": "Polygon", "coordinates": [ [ [ -122.9476, 45.502 ], [ -122.8917, 45.4962 ], [ -122.8943, 45.4702 ], [ -122.932, 45.4695 ], [ -122.9476, 45.502 ] ] ] } },
{ "type": "Feature", "properties": { "GEOIDFQ": "1400000US41067031202", "NAME": "312.02", "NAMELSAD": "Census Tract 312.02" }, "geometry": { "type": "Polygon", "coordinates": [ [ [ -122.817, 45.4886 ], [ -122.8172, 45.4765 ], [ -122.8261, 45.4764 ], [ -122.8288, 45.4892 ], [ -122.817, 45.4886 ] ] ] } },
{ "type": "Feature", "properties": { "GEOIDFQ": "1400000US41067032903", "NAME": "329.03", "NAMELSAD": "Census Tract 329.03" }, "geometry": { "type": "Polygon", "coordinates": [ [ [ -123.0913, 45.512 ], [ -123.0595, 45.5201 ], [ -123.0548, 45.4936 ], [ -123.0709, 45.4922 ], [ -123.0706, 45.5016 ], [ -123.0896, 45.502 ], [ -123.0913, 45.512 ] ] ] } },
{ "type": "Feature", "properties": { "GEOIDFQ": "1400000US41067031008", "NAME": "310.08", "NAMELSAD": "Census Tract 310.08" }, "geometry": { "type": "Polygon", "coordinates": [ [ [ -122.8261, 45.4764 ], [ -122.8055, 45.4765 ], [ -122.8038, 45.467 ], [ -122.8261, 45.4657 ], [ -122.8261, 45.4764 ] ] ] } },
{ "type": "Feature", "properties": { "GEOIDFQ": "1400000US41067031516", "NAME": "315.16", "NAMELSAD": "Census Tract 315.16" }, "geometry": { "type": "Polygon", "coordinates": [ [ [ -122.7996, 45.531 ], [ -122.7995, 45.5385 ], [ -122.7848, 45.544 ], [ -122.786, 45.5312 ], [ -122.8047, 45.5219 ], [ -122.8068, 45.5287 ], [ -122.7996, 45.531 ] ] ] } },
{ "type": "Feature", "properties": { "GEOIDFQ": "1400000US41067031201", "NAME": "312.01", "NAMELSAD": "Census Tract 312.01" }, "geometry": { "type": "Polygon", "coordinates": [ [ [ -122.817, 45.4886 ], [ -122.8042, 45.4884 ], [ -122.8055, 45.4765 ], [ -122.8172, 45.4768 ], [ -122.817, 45.4886 ] ] ] } },
{ "type": "Feature", "properties": { "GEOIDFQ": "1400000US41067031010", "NAME": "310.10", "NAMELSAD": "Census Tract 310.10" }, "geometry": { "type": "Polygon", "coordinates": [ [ [ -122.8106, 45.4476 ], [ -122.8106, 45.4548 ], [ -122.8054, 45.4548 ], [ -122.8054, 45.4437 ], [ -122.8208, 45.4399 ], [ -122.8106, 45.4476 ] ] ] } },
{ "type": "Feature", "properties": { "GEOIDFQ": "1400000US41067031012", "NAME": "310.12", "NAMELSAD": "Census Tract 310.12" }, "geometry": { "type": "Polygon", "coordinates": [ [ [ -122.7968, 45.4615 ], [ -122.8024, 45.4509 ], [ -122.808, 45.4548 ], [ -122.8082, 45.4665 ], [ -122.7968, 45.4615 ] ] ] } },
{ "type": "Feature", "properties": { "GEOIDFQ": "1400000US41067031011", "NAME": "310.11", "NAMELSAD": "Census Tract 310.11" }, "geometry": { "type": "Polygon", "coordinates": [ [ [ -122.7968, 45.4615 ], [ -122.787, 45.4588 ], [ -122.7897, 45.4473 ], [ -122.8054, 45.4437 ], [ -122.7968, 45.4615 ] ] ] } },
{ "type": "Feature", "properties": { "GEOIDFQ": "1400000US41019100000", "NAME": "1000", "NAMELSAD": "Census Tract 1000" }, "geometry": { "type": "Polygon", "coordinates": [ [ [ -123.1934, 43.3748 ], [ -123.1739, 43.403 ], [ -123.1692, 43.3939 ], [ -123.1767, 43.3837 ], [ -123.1706, 43.3746 ], [ -123.1633, 43.3719 ], [ -123.1582, 43.3761 ], [ -123.1459, 43.368 ], [ -123.1424, 43.378 ], [ -123.1391, 43.3737 ], [ -123.132, 43.3757 ], [ -123.1314, 43.39 ], [ -123.1219, 43.3914 ], [ -123.1047, 43.3746 ], [ -123.0967, 43.3828 ], [ -123.0879, 43.3822 ], [ -123.0826, 43.3647 ], [ -123.0549, 43.3471 ], [ -123.0439, 43.3655 ], [ -123.0308, 43.3699 ], [ -123.0457, 43.3699 ], [ -123.0546, 43.3754 ], [ -123.0363, 43.3837 ], [ -123.0349, 43.3894 ], [ -123.0624, 43.3886 ], [ -123.0464, 43.4175 ], [ -123.0918, 43.4377 ], [ -123.071, 43.4363 ], [ -123.0482, 43.445 ], [ -123.0005, 43.4399 ], [ -122.9962, 43.4322 ], [ -122.9668, 43.4441 ], [ -122.9655, 43.452 ], [ -122.9554, 43.4478 ], [ -122.9393, 43.458 ], [ -122.949, 43.5052 ], [ -122.9352, 43.5149 ], [ -122.9345, 43.524 ], [ -122.906, 43.5234 ], [ -122.9062, 43.5294 ], [ -122.8942, 43.5307 ], [ -122.9355, 43.5442 ], [ -122.7418, 43.5447 ], [ -122.7417, 43.4374 ], [ -122.132, 43.4402 ], [ -122.1324, 43.4363 ], [ -122.1016, 43.4251 ], [ -122.0925, 43.4293 ], [ -122.0812, 43.4145 ], [ -122.0571, 43.3996 ], [ -122.0627, 43.3948 ], [ -122.0592, 43.3862 ], [ -122.03, 43.3646 ], [ -122.0337, 43.3566 ], [ -122.0218, 43.362 ], [ -122.0082, 43.3374 ], [ -122.0159, 43.3242 ], [ -121.9993, 43.309 ], [ -122.0085, 43.3012 ], [ -122.0076, 43.2882 ], [ -121.9881, 43.2779 ], [ -121.9742, 43.2617 ], [ -121.9927, 43.2512 ], [ -122.0022, 43.2345 ], [ -122.0407, 43.218 ], [ -122.0336, 43.207 ], [ -122.039, 43.1913 ], [ -122.0539, 43.1729 ], [ -122.0536, 43.1578 ], [ -122.0663, 43.1528 ], [ -122.0652, 43.1357 ], [ -122.0757, 43.1259 ], [ -122.0921, 43.0868 ], [ -122.0935, 43.0758 ], [ -122.0763, 43.0677 ], [ -122.2826, 43.0677 ], [ -122.2826, 43.0563 ], [ -122.3049, 43.0539 ], [ -122.3082, 43.0449 ], [ -122.325, 43.0417 ], [ -122.3309, 43.0487 ], [ -122.3258, 43.0627 ], [ -122.342, 43.0782 ], [ -122.3357, 43.0886 ], [ -122.341, 43.0904 ], [ -122.3304, 43.0926 ], [ -122.3218, 43.1035 ], [ -122.3348, 43.1016 ], [ -122.3318, 43.1154 ], [ -122.344, 43.1231 ], [ -122.3464, 43.1364 ], [ -122.3417, 43.1458 ], [ -122.3731, 43.1647 ], [ -122.3836, 43.2012 ], [ -122.3754, 43.2031 ], [ -122.3823, 43.2068 ], [ -122.3764, 43.2307 ], [ -122.4625, 43.2293 ], [ -122.4776, 43.2495 ], [ -122.4907, 43.228 ], [ -122.4795, 43.2224 ], [ -122.4914, 43.1906 ], [ -122.4834, 43.1835 ], [ -122.5027, 43.1896 ], [ -122.5175, 43.1849 ], [ -122.5337, 43.1873 ], [ -122.5522, 43.1714 ], [ -122.5682, 43.1827 ], [ -122.5842, 43.1852 ], [ -122.6213, 43.176 ], [ -122.6301, 43.186 ], [ -122.6526, 43.1923 ], [ -122.6688, 43.1885 ], [ -122.6667, 43.1818 ], [ -122.677, 43.1792 ], [ -122.6941, 43.1879 ], [ -122.7013, 43.196 ], [ -122.6947, 43.1996 ], [ -122.7077, 43.2091 ], [ -122.7307, 43.2004 ], [ -122.7256, 43.1924 ], [ -122.7332, 43.181 ], [ -122.7299, 43.172 ], [ -122.7343, 43.1651 ], [ -122.7463, 43.1682 ], [ -122.7432, 43.1611 ], [ -122.761, 43.1648 ], [ -122.7685, 43.1595 ], [ -122.7705, 43.1656 ], [ -122.7793, 43.1602 ], [ -122.7861, 43.165 ], [ -122.7786, 43.1558 ], [ -122.7846, 43.1552 ], [ -122.8049, 43.164 ], [ -122.8039, 43.1717 ], [ -122.839, 43.1572 ], [ -122.8568, 43.1648 ], [ -122.8488, 43.1706 ], [ -122.8512, 43.1743 ], [ -122.8746, 43.1668 ], [ -122.8732, 43.1562 ], [ -122.9053, 43.1745 ], [ -122.9112, 43.1715 ], [ -122.8963, 43.1498 ], [ -122.9177, 43.1521 ], [ -122.9196, 43.1478 ], [ -122.9232, 43.1524 ], [ -122.9405, 43.1507 ], [ -122.9445, 43.1556 ], [ -122.9543, 43.1507 ], [ -122.9759, 43.1536 ], [ -122.9775, 43.1489 ], [ -123.0247, 43.16 ], [ -123.0342, 43.1738 ], [ -123.0311, 43.1815 ], [ -123.0364, 43.1771 ], [ -123.053, 43.1786 ], [ -123.068, 43.1896 ], [ -123.067, 43.2049 ], [ -123.0784, 43.2047 ], [ -123.0808, 43.212 ], [ -123.0827, 43.2023 ], [ -123.0861, 43.2055 ], [ -123.0861, 43.2382 ], [ -123.0747, 43.2696 ], [ -123.0804, 43.2821 ], [ -123.0999, 43.288 ], [ -123.1001, 43.2969 ], [ -123.1223, 43.3031 ], [ -123.1585, 43.3012 ], [ -123.1642, 43.315 ], [ -123.1955, 43.3106 ], [ -123.2026, 43.3145 ], [ -123.1934, 43.3748 ] ] ] } },
{ "type": "Feature", "properties": { "GEOIDFQ": "1400000US41053020306", "NAME": "203.06", "NAMELSAD": "Census Tract 203.06" }, "geometry": { "type": "Polygon", "coordinates": [ [ [ -123.3575, 44.8535 ], [ -123.339, 44.8542 ], [ -123.3272, 44.8448 ], [ -123.3059, 44.8605 ], [ -123.2315, 44.8346 ], [ -123.2115, 44.8384 ], [ -123.2116, 44.8278 ], [ -123.2032, 44.8257 ], [ -123.1885, 44.8258 ], [ -123.1846, 44.8457 ], [ -123.1799, 44.8456 ], [ -123.173, 44.8301 ], [ -123.1256, 44.8259 ], [ -123.0942, 44.8146 ], [ -123.0916, 44.8079 ], [ -123.0991, 44.7984 ], [ -123.1252, 44.7924 ], [ -123.1458, 44.7702 ], [ -123.1478, 44.7514 ], [ -123.1324, 44.7412 ], [ -123.1504, 44.7276 ], [ -123.149, 44.7202 ], [ -123.3019, 44.7198 ], [ -123.3081, 44.736 ], [ -123.3343, 44.7526 ], [ -123.3453, 44.7788 ], [ -123.3447, 44.7983 ], [ -123.3551, 44.8037 ], [ -123.3462, 44.8051 ], [ -123.3503, 44.8284 ], [ -123.3648, 44.8383 ], [ -123.3575, 44.8535 ] ] ] } },
{ "type": "Feature", "properties": { "GEOIDFQ": "1400000US41053005204", "NAME": "52.04", "NAMELSAD": "Census Tract 52.04" }, "geometry": { "type": "Polygon", "coordinates": [ [ [ -123.0962, 44.9423 ], [ -123.0646, 44.9373 ], [ -123.0429, 44.946 ], [ -123.074, 44.9273 ], [ -123.1152, 44.929 ], [ -123.0962, 44.9423 ] ] ] } },
{ "type": "Feature", "properties": { "GEOIDFQ": "1400000US41019180000", "NAME": "1800", "NAMELSAD": "Census Tract 1800" }, "geometry": { "type": "Polygon", "coordinates": [ [ [ -123.3687, 43.0753 ], [ -123.356, 43.0718 ], [ -123.3297, 43.0913 ], [ -123.2883, 43.0992 ], [ -123.2854, 43.1043 ], [ -123.2959, 43.1201 ], [ -123.2924, 43.1275 ], [ -123.2796, 43.1193 ], [ -123.2574, 43.1184 ], [ -123.2519, 43.1095 ], [ -123.2348, 43.1198 ], [ -123.2154, 43.1208 ], [ -123.2144, 43.1331 ], [ -123.2263, 43.1425 ], [ -123.2204, 43.1443 ], [ -123.2147, 43.1388 ], [ -123.203, 43.1468 ], [ -123.1968, 43.1453 ], [ -123.2042, 43.1391 ], [ -123.1969, 43.1326 ], [ -123.1647, 43.1461 ], [ -123.159, 43.143 ], [ -123.1363, 43.1628 ], [ -123.1421, 43.1676 ], [ -123.1191, 43.1744 ], [ -123.1144, 43.1834 ], [ -123.0993, 43.1852 ], [ -123.0841, 43.1771 ], [ -123.0836, 43.183 ], [ -123.0744, 43.1806 ], [ -123.0685, 43.1845 ], [ -123.0437, 43.1773 ], [ -123.0311, 43.1815 ], [ -123.0342, 43.1738 ], [ -123.0252, 43.1603 ], [ -122.9945, 43.1557 ], [ -122.9778, 43.1448 ], [ -122.9668, 43.1474 ], [ -122.976, 43.1365 ], [ -122.9611, 43.1369 ], [ -122.976, 43.1239 ], [ -122.9849, 43.1017 ], [ -122.9618, 43.0869 ], [ -122.9765, 43.0889 ], [ -122.9942, 43.0819 ], [ -123.0238, 43.0848 ], [ -123.0456, 43.0558 ], [ -123.0979, 43.031 ], [ -123.1258, 43.0312 ], [ -123.1327, 43.0368 ], [ -123.1885, 43.036 ], [ -123.2094, 43.002 ], [ -123.2294, 43.014 ], [ -123.2389, 43.0102 ], [ -123.2538, 43.0185 ], [ -123.2662, 43.0122 ], [ -123.2877, 43.0235 ], [ -123.3001, 43.017 ], [ -123.2955, 43.0247 ], [ -123.3027, 43.0318 ], [ -123.3136, 43.0301 ], [ -123.3304, 43.0364 ], [ -123.3342, 43.0578 ], [ -123.3449, 43.0646 ], [ -123.37, 43.0648 ], [ -123.3687, 43.0753 ] ] ] } },
{ "type": "Feature", "properties": { "GEOIDFQ": "1400000US41019020000", "NAME": "200", "NAMELSAD": "Census Tract 200" }, "geometry": { "type": "Polygon", "coordinates": [ [ [ -124.2151, 43.6673 ], [ -124.196, 43.6731 ], [ -124.1651, 43.6981 ], [ -124.1536, 43.7371 ], [ -124.1443, 43.7438 ], [ -124.13, 43.7385 ], [ -124.1276, 43.7256 ], [ -124.1065, 43.7118 ], [ -124.1145, 43.6953 ], [ -124.1069, 43.6984 ], [ -124.1028, 43.6935 ], [ -124.0861, 43.6937 ], [ -124.0709, 43.6879 ], [ -124.0755, 43.6833 ], [ -124.0686, 43.6861 ], [ -124.0642, 43.6955 ], [ -124.0199, 43.6992 ], [ -123.9383, 43.6828 ], [ -123.9155, 43.6584 ], [ -123.899, 43.6505 ], [ -123.862, 43.6585 ], [ -123.8481, 43.648 ], [ -123.8274, 43.654 ], [ -123.8141, 43.6523 ], [ -123.8074, 43.659 ], [ -123.8086, 43.6704 ], [ -123.7976, 43.674 ], [ -123.7861, 43.6567 ], [ -123.7228, 43.6562 ], [ -123.717, 43.6515 ], [ -123.7257, 43.6366 ], [ -123.7013, 43.6274 ], [ -123.7099, 43.6236 ], [ -123.7035, 43.6197 ], [ -123.7067, 43.6143 ], [ -123.6995, 43.6148 ], [ -123.6912, 43.6041 ], [ -123.6913, 43.5959 ], [ -123.674, 43.5843 ], [ -123.6632, 43.5854 ], [ -123.6636, 43.5781 ], [ -123.6542, 43.5717 ], [ -123.6664, 43.5612 ], [ -123.6645, 43.552 ], [ -123.6479, 43.5419 ], [ -123.6337, 43.4947 ], [ -123.6178, 43.4857 ], [ -123.6085, 43.4461 ], [ -123.6171, 43.4593 ], [ -123.6371, 43.467 ], [ -123.6685, 43.4688 ], [ -123.6833, 43.464 ], [ -123.6882, 43.4689 ], [ -123.7129, 43.4697 ], [ -123.7124, 43.4761 ], [ -123.7185, 43.474 ], [ -123.7359, 43.4844 ], [ -123.7581, 43.4693 ], [ -123.789, 43.4701 ], [ -123.7879, 43.4625 ], [ -123.8172, 43.4596 ], [ -123.8167, 43.5164 ], [ -123.8756, 43.5159 ], [ -123.8757, 43.6084 ], [ -124.2248, 43.6109 ], [ -124.2151, 43.6673 ] ] ] } },
{ "type": "Feature", "properties": { "GEOIDFQ": "1400000US41019070000", "NAME": "700", "NAMELSAD": "Census Tract 700" }, "geometry": { "type": "Polygon", "coordinates": [ [ [ -123.8159, 43.4613 ], [ -123.7879, 43.4625 ], [ -123.789, 43.4701 ], [ -123.7581, 43.4693 ], [ -123.7359, 43.4844 ], [ -123.7185, 43.474 ], [ -123.7124, 43.4761 ], [ -123.7129, 43.4697 ], [ -123.6882, 43.4689 ], [ -123.6833, 43.464 ], [ -123.6685, 43.4688 ], [ -123.6371, 43.467 ], [ -123.6171, 43.4593 ], [ -123.6175, 43.4533 ], [ -123.5989, 43.4366 ], [ -123.5873, 43.4341 ], [ -123.5728, 43.4388 ], [ -123.5663, 43.4232 ], [ -123.5848, 43.4177 ], [ -123.5879, 43.4102 ], [ -123.5243, 43.4039 ], [ -123.5255, 43.3991 ], [ -123.5414, 43.397 ], [ -123.5435, 43.39 ], [ -123.5141, 43.3751 ], [ -123.4782, 43.3749 ], [ -123.4402, 43.3315 ], [ -123.4608, 43.3201 ], [ -123.4549, 43.3065 ], [ -123.4687, 43.3009 ], [ -123.4709, 43.2941 ], [ -123.4478, 43.2794 ], [ -123.4507, 43.2628 ], [ -123.4429, 43.2562 ], [ -123.4473, 43.247 ], [ -123.4249, 43.2593 ], [ -123.4131, 43.2475 ], [ -123.4085, 43.2335 ], [ -123.4145, 43.2189 ], [ -123.406, 43.2142 ], [ -123.4164, 43.1981 ], [ -123.4101, 43.1942 ], [ -123.4121, 43.1756 ], [ -123.4754, 43.1773 ], [ -123.4803, 43.1614 ], [ -123.4882, 43.1661 ], [ -123.4983, 43.1555 ], [ -123.5101, 43.1555 ], [ -123.5207, 43.1564 ], [ -123.5125, 43.1635 ], [ -123.5174, 43.1701 ], [ -123.554, 43.1812 ], [ -123.5666, 43.1661 ], [ -123.5977, 43.1605 ], [ -123.6296, 43.136 ], [ -123.6454, 43.1377 ], [ -123.657, 43.1503 ], [ -123.653, 43.1641 ], [ -123.6596, 43.1638 ], [ -123.6656, 43.1739 ], [ -123.6761, 43.1698 ], [ -123.7036, 43.1861 ], [ -123.7048, 43.2577 ], [ -123.7644, 43.2581 ], [ -123.7649, 43.4315 ], [ -123.8176, 43.4318 ], [ -123.8159, 43.4613 ] ] ] } },
{ "type": "Feature", "properties": { "GEOIDFQ": "1400000US41053005205", "NAME": "52.05", "NAMELSAD": "Census Tract 52.05" }, "geometry": { "type": "Polygon", "coordinates": [ [ [ -123.0766, 44.9715 ], [ -123.0646, 44.9718 ], [ -123.0516, 44.9502 ], [ -123.0844, 44.9521 ], [ -123.0766, 44.9715 ] ] ] } },
{ "type": "Feature", "properties": { "GEOIDFQ": "1400000US41053005301", "NAME": "53.01", "NAMELSAD": "Census Tract 53.01" }, "geometry": { "type": "Polygon", "coordinates": [ [ [ -123.1509, 44.9713 ], [ -123.1328, 44.9665 ], [ -123.1303, 44.9561 ], [ -123.0992, 44.9609 ], [ -123.0907, 44.9758 ], [ -123.0981, 44.9898 ], [ -123.1141, 44.9953 ], [ -123.0968, 45.0016 ], [ -123.1004, 45.017 ], [ -123.084, 45.0218 ], [ -123.0752, 45.0175 ], [ -123.0647, 44.99 ], [ -123.0451, 44.9908 ], [ -123.0378, 44.9842 ], [ -123.0491, 44.97 ], [ -123.0766, 44.9715 ], [ -123.0799, 44.9553 ], [ -123.1144, 44.929 ], [ -123.1475, 44.9262 ], [ -123.1608, 44.9655 ], [ -123.1509, 44.9713 ] ] ] } },
{ "type": "Feature", "properties": { "GEOIDFQ": "1400000US41053020305", "NAME": "203.05", "NAMELSAD": "Census Tract 203.05" }, "geometry": { "type": "Polygon", "coordinates": [ [ [ -123.2061, 44.8552 ], [ -123.2061, 44.8637 ], [ -123.1922, 44.8611 ], [ -123.1914, 44.8722 ], [ -123.1726, 44.868 ], [ -123.1885, 44.8258 ], [ -123.2116, 44.8278 ], [ -123.2137, 44.856 ], [ -123.2061, 44.8552 ] ] ] } },
{ "type": "Feature", "properties": { "GEOIDFQ": "1400000US41053005302", "NAME": "53.02", "NAMELSAD": "Census Tract 53.02" }, "geometry": { "type": "Polygon", "coordinates": [ [ [ -123.2078, 44.969 ], [ -123.1724, 44.9706 ], [ -123.1735, 44.992 ], [ -123.1838, 45.006 ], [ -123.1863, 45.075 ], [ -123.0683, 45.0749 ], [ -123.0752, 45.0175 ], [ -123.0837, 45.0218 ], [ -123.1004, 45.017 ], [ -123.0968, 45.0016 ], [ -123.1141, 44.9953 ], [ -123.0981, 44.9898 ], [ -123.0907, 44.9758 ], [ -123.0992, 44.9609 ], [ -123.1303, 44.9561 ], [ -123.1328, 44.9665 ], [ -123.1509, 44.9713 ], [ -123.161, 44.9654 ], [ -123.1475, 44.9262 ], [ -123.1248, 44.9306 ], [ -123.1128, 44.9287 ], [ -123.1072, 44.9212 ], [ -123.1257, 44.9088 ], [ -123.1343, 44.8896 ], [ -123.1821, 44.8873 ], [ -123.1768, 44.8977 ], [ -123.2017, 44.8966 ], [ -123.2149, 44.9252 ], [ -123.2078, 44.969 ] ] ] } },
{ "type": "Feature", "properties": { "GEOIDFQ": "1400000US41053005203", "NAME": "52.03", "NAMELSAD": "Census Tract 52.03" }, "geometry": { "type": "Polygon", "coordinates": [ [ [ -123.0894, 44.9519 ], [ -123.0516, 44.9502 ], [ -123.0645, 44.9463 ], [ -123.0646, 44.9373 ], [ -123.0961, 44.9426 ], [ -123.0894, 44.9519 ] ] ] } },
{ "type": "Feature", "properties": { "GEOIDFQ": "1400000US41053005206", "NAME": "52.06", "NAMELSAD": "Census Tract 52.06" }, "geometry": { "type": "Polygon", "coordinates": [ [ [ -123.0491, 44.97 ], [ -123.0376, 44.9815 ], [ -123.0421, 44.9471 ], [ -123.0494, 44.9457 ], [ -123.0601, 44.9681 ], [ -123.0491, 44.97 ] ] ] } },
{ "type": "Feature", "properties": { "GEOIDFQ": "1400000US41031960301", "NAME": "9603.01", "NAMELSAD": "Census Tract 9603.01" }, "geometry": { "type": "Polygon", "coordinates": [ [ [ -121.3241, 44.4753 ], [ -121.3237, 44.4969 ], [ -121.302, 44.5134 ], [ -121.2864, 44.5405 ], [ -121.2813, 44.5676 ], [ -121.2668, 44.5754 ], [ -121.2651, 44.5152 ], [ -121.2974, 44.4955 ], [ -121.3022, 44.478 ], [ -121.2956, 44.4687 ], [ -121.2798, 44.4652 ], [ -121.2729, 44.454 ], [ -121.2302, 44.4271 ], [ -121.2282, 44.4112 ], [ -121.2354, 44.3991 ], [ -121.2, 44.3906 ], [ -121.2911, 44.3929 ], [ -121.3018, 44.4014 ], [ -121.2898, 44.4167 ], [ -121.318, 44.4349 ], [ -121.3151, 44.4507 ], [ -121.3355, 44.4601 ], [ -121.3241, 44.4753 ] ] ] } },
{ "type": "Feature", "properties": { "GEOIDFQ": "1400000US41005021000", "NAME": "210", "NAMELSAD": "Census Tract 210" }, "geometry": { "type": "Polygon", "coordinates": [ [ [ -122.6201, 45.4604 ], [ -122.6015, 45.4615 ], [ -122.599, 45.448 ], [ -122.6222, 45.4503 ], [ -122.6201, 45.4604 ] ] ] } },
{ "type": "Feature", "properties": { "GEOIDFQ": "1400000US41005021100", "NAME": "211", "NAMELSAD": "Census Tract 211" }, "geometry": { "type": "Polygon", "coordinates": [ [ [ -122.599, 45.448 ], [ -122.5985, 45.4321 ], [ -122.6085, 45.4356 ], [ -122.6308, 45.4466 ], [ -122.599, 45.448 ] ] ] } },
{ "type": "Feature", "properties": { "GEOIDFQ": "1400000US41005021200", "NAME": "212", "NAMELSAD": "Census Tract 212" }, "geometry": { "type": "Polygon", "coordinates": [ [ [ -122.6509, 45.4368 ], [ -122.6417, 45.4419 ], [ -122.6334, 45.4226 ], [ -122.6554, 45.4234 ], [ -122.6509, 45.4368 ] ] ] } },
{ "type": "Feature", "properties": { "GEOIDFQ": "1400000US41005021400", "NAME": "214", "NAMELSAD": "Census Tract 214" }, "geometry": { "type": "Polygon", "coordinates": [ [ [ -122.6061, 45.4221 ], [ -122.5999, 45.4162 ], [ -122.6133, 45.419 ], [ -122.6264, 45.4089 ], [ -122.6411, 45.4392 ], [ -122.6061, 45.4221 ] ] ] } },
{ "type": "Feature", "properties": { "GEOIDFQ": "1400000US41017001200", "NAME": "12", "NAMELSAD": "Census Tract 12" }, "geometry": { "type": "Polygon", "coordinates": [ [ [ -121.2591, 44.1599 ], [ -121.1169, 44.1602 ], [ -121.1028, 44.1714 ], [ -121.1028, 44.1381 ], [ -120.9873, 44.134 ], [ -120.9871, 44.0763 ], [ -121.0322, 44.0778 ], [ -121.0352, 44.0698 ], [ -121.0239, 44.0519 ], [ -121.0714, 44.0278 ], [ -121.0884, 44.0331 ], [ -121.0928, 44.0274 ], [ -121.135, 44.0331 ], [ -121.1449, 44.0387 ], [ -121.1721, 44.0334 ], [ -121.1872, 44.0397 ], [ -121.1934, 44.0354 ], [ -121.1934, 44.0656 ], [ -121.2537, 44.0658 ], [ -121.2537, 44.0794 ], [ -121.2638, 44.0794 ], [ -121.2587, 44.0984 ], [ -121.2789, 44.1031 ], [ -121.2791, 44.1091 ], [ -121.2952, 44.1093 ], [ -121.2591, 44.1599 ] ] ] } },
{ "type": "Feature", "properties": { "GEOIDFQ": "1400000US41017000100", "NAME": "1", "NAMELSAD": "Census Tract 1" }, "geometry": { "type": "Polygon", "coordinates": [ [ [ -121.4253, 43.7701 ], [ -121.3363, 43.8742 ], [ -121.2754, 43.9689 ], [ -121.2991, 43.9716 ], [ -121.3139, 44.0005 ], [ -121.3067, 44.002 ], [ -121.2845, 43.988 ], [ -121.2674, 43.9973 ], [ -121.2436, 43.9866 ], [ -121.2123, 43.9895 ], [ -121.1902, 43.9829 ], [ -121.1934, 44.0354 ], [ -121.1878, 44.0396 ], [ -121.1723, 44.0335 ], [ -121.1449, 44.0387 ], [ -121.135, 44.0331 ], [ -121.0928, 44.0274 ], [ -121.0884, 44.0331 ], [ -121.0712, 44.0278 ], [ -121.0239, 44.0519 ], [ -121.0352, 44.0698 ], [ -121.0322, 44.0778 ], [ -120.9871, 44.0763 ], [ -120.9866, 43.9609 ], [ -120.7482, 43.9573 ], [ -120.7478, 43.8713 ], [ -120.3787, 43.8724 ], [ -120.3781, 43.7854 ], [ -120.2584, 43.7853 ], [ -120.2578, 43.6988 ], [ -119.8974, 43.6982 ], [ -119.8966, 43.6112 ], [ -121.4644, 43.6167 ], [ -121.4253, 43.7701 ] ] ] } },
{ "type": "Feature", "properties": { "GEOIDFQ": "1400000US41017000800", "NAME": "8", "NAMELSAD": "Census Tract 8" }, "geometry": { "type": "Polygon", "coordinates": [ [ [ -121.2039, 44.3199 ], [ -121.1788, 44.3109 ], [ -121.1791, 44.291 ], [ -121.1665, 44.291 ], [ -121.1588, 44.2728 ], [ -121.1867, 44.2728 ], [ -121.1891, 44.2909 ], [ -121.1989, 44.2916 ], [ -121.2039, 44.3199 ] ] ] } },
{ "type": "Feature", "properties": { "GEOIDFQ": "1400000US41031960202", "NAME": "9602.02", "NAMELSAD": "Census Tract 9602.02" }, "geometry": { "type": "Polygon", "coordinates": [ [ [ -121.0722, 44.6774 ], [ -121.0615, 44.6398 ], [ -121.0652, 44.6295 ], [ -121.0769, 44.6347 ], [ -121.0698, 44.6115 ], [ -121.1039, 44.613 ], [ -121.0969, 44.5936 ], [ -121.132, 44.5926 ], [ -121.1391, 44.6069 ], [ -121.1296, 44.6238 ], [ -121.1285, 44.6539 ], [ -121.1458, 44.6791 ], [ -121.0722, 44.6774 ] ] ] } },
{ "type": "Feature", "properties": { "GEOIDFQ": "1400000US41031960201", "NAME": "9602.01", "NAMELSAD": "Census Tract 9602.01" }, "geometry": { "type": "Polygon", "coordinates": [ [ [ -121.1616, 44.6153 ], [ -121.1291, 44.6555 ], [ -121.1296, 44.6238 ], [ -121.1391, 44.6069 ], [ -121.132, 44.5926 ], [ -121.1604, 44.5926 ], [ -121.1616, 44.6153 ] ] ] } },
{ "type": "Feature", "properties": { "GEOIDFQ": "1400000US41067031506", "NAME": "315.06", "NAMELSAD": "Census Tract 315.06" }, "geometry": { "type": "Polygon", "coordinates": [ [ [ -122.8387, 45.5443 ], [ -122.8245, 45.5428 ], [ -122.8275, 45.5268 ], [ -122.8422, 45.5325 ], [ -122.8387, 45.5443 ] ] ] } },
{ "type": "Feature", "properties": { "GEOIDFQ": "1400000US41005022105", "NAME": "221.05", "NAMELSAD": "Census Tract 221.05" }, "geometry": { "type": "Polygon", "coordinates": [ [ [ -122.5381, 45.4289 ], [ -122.5277, 45.4268 ], [ -122.5247, 45.4104 ], [ -122.5586, 45.4076 ], [ -122.5663, 45.4132 ], [ -122.5381, 45.4289 ] ] ] } },
{ "type": "Feature", "properties": { "GEOIDFQ": "1400000US41005020404", "NAME": "204.04", "NAMELSAD": "Census Tract 204.04" }, "geometry": { "type": "Polygon", "coordinates": [ [ [ -122.7088, 45.4068 ], [ -122.6812, 45.4137 ], [ -122.6674, 45.4103 ], [ -122.6892, 45.395 ], [ -122.7076, 45.3963 ], [ -122.7088, 45.4068 ] ] ] } },
{ "type": "Feature", "properties": { "GEOIDFQ": "1400000US41005020503", "NAME": "205.03", "NAMELSAD": "Census Tract 205.03" }, "geometry": { "type": "Polygon", "coordinates": [ [ [ -122.6674, 45.4103 ], [ -122.6554, 45.4085 ], [ -122.6582, 45.3951 ], [ -122.6832, 45.4009 ], [ -122.6674, 45.4103 ] ] ] } },
{ "type": "Feature", "properties": { "GEOIDFQ": "1400000US41005020700", "NAME": "207", "NAMELSAD": "Census Tract 207" }, "geometry": { "type": "Polygon", "coordinates": [ [ [ -122.6691, 45.3519 ], [ -122.6693, 45.3601 ], [ -122.6519, 45.3474 ], [ -122.6322, 45.3496 ], [ -122.6305, 45.3462 ], [ -122.6479, 45.3377 ], [ -122.6774, 45.3487 ], [ -122.6691, 45.3519 ] ] ] } },
{ "type": "Feature", "properties": { "GEOIDFQ": "1400000US41005020900", "NAME": "209", "NAMELSAD": "Census Tract 209" }, "geometry": { "type": "Polygon", "coordinates": [ [ [ -122.6168, 45.4615 ], [ -122.6222, 45.4481 ], [ -122.632, 45.4473 ], [ -122.6366, 45.4615 ], [ -122.6168, 45.4615 ] ] ] } },
{ "type": "Feature", "properties": { "GEOIDFQ": "1400000US41005022207", "NAME": "222.07", "NAMELSAD": "Census Tract 222.07" }, "geometry": { "type": "Polygon", "coordinates": [ [ [ -122.5309, 45.447 ], [ -122.5146, 45.4468 ], [ -122.5119, 45.4249 ], [ -122.5381, 45.4294 ], [ -122.5309, 45.447 ] ] ] } },
{ "type": "Feature", "properties": { "GEOIDFQ": "1400000US41005021500", "NAME": "215", "NAMELSAD": "Census Tract 215" }, "geometry": { "type": "Polygon", "coordinates": [ [ [ -122.6246, 45.4344 ], [ -122.6244, 45.4433 ], [ -122.5979, 45.4319 ], [ -122.5792, 45.4325 ], [ -122.5788, 45.4161 ], [ -122.5999, 45.4162 ], [ -122.631, 45.4335 ], [ -122.6246, 45.4344 ] ] ] } },
{ "type": "Feature", "properties": { "GEOIDFQ": "1400000US41029001900", "NAME": "19", "NAMELSAD": "Census Tract 19" }, "geometry": { "type": "Polygon", "coordinates": [ [ [ -122.6992, 42.1963 ], [ -122.6882, 42.1911 ], [ -122.6881, 42.1812 ], [ -122.6977, 42.1782 ], [ -122.6992, 42.1963 ] ] ] } },
{ "type": "Feature", "properties": { "GEOIDFQ": "1400000US41029002000", "NAME": "20", "NAMELSAD": "Census Tract 20" }, "geometry": { "type": "Polygon", "coordinates": [ [ [ -122.6992, 42.1963 ], [ -122.7016, 42.1904 ], [ -122.7118, 42.1905 ], [ -122.7164, 42.199 ], [ -122.6992, 42.1963 ] ] ] } },
{ "type": "Feature", "properties": { "GEOIDFQ": "1400000US41029002800", "NAME": "28", "NAMELSAD": "Census Tract 28" }, "geometry": { "type": "Polygon", "coordinates": [ [ [ -123.1012, 42.529 ], [ -123.1102, 42.5399 ], [ -123.0912, 42.5595 ], [ -123.0524, 42.5623 ], [ -123.0461, 42.5735 ], [ -123.0302, 42.5764 ], [ -123.0253, 42.5841 ], [ -123.0103, 42.5854 ], [ -123.0139, 42.5944 ], [ -122.988, 42.6077 ], [ -122.9755, 42.6048 ], [ -122.9744, 42.5952 ], [ -122.9638, 42.5965 ], [ -122.9533, 42.6074 ], [ -122.94, 42.6026 ], [ -122.9244, 42.5646 ], [ -122.9153, 42.5567 ], [ -122.9055, 42.5215 ], [ -122.8425, 42.5252 ], [ -122.8534, 42.5131 ], [ -122.8487, 42.4926 ], [ -122.8746, 42.4677 ], [ -122.8711, 42.4591 ], [ -122.88, 42.4465 ], [ -122.9006, 42.438 ], [ -122.9294, 42.4422 ], [ -122.9647, 42.4378 ], [ -122.9736, 42.431 ], [ -123.0056, 42.4448 ], [ -123.0031, 42.4557 ], [ -123.0112, 42.4629 ], [ -123.0405, 42.4503 ], [ -123.0448, 42.4297 ], [ -123.0781, 42.4358 ], [ -123.0717, 42.4787 ], [ -123.0842, 42.4918 ], [ -123.0851, 42.5128 ], [ -123.0969, 42.5194 ], [ -123.1122, 42.5182 ], [ -123.1012, 42.529 ] ] ] } },
{ "type": "Feature", "properties": { "GEOIDFQ": "1400000US41051000801", "NAME": "8.01", "NAMELSAD": "Census Tract 8.01" }, "geometry": { "type": "Polygon", "coordinates": [ [ [ -122.5994, 45.5054 ], [ -122.5994, 45.4975 ], [ -122.6226, 45.4973 ], [ -122.6227, 45.5048 ], [ -122.5994, 45.5054 ] ] ] } },
{ "type": "Feature", "properties": { "GEOIDFQ": "1400000US41051000901", "NAME": "9.01", "NAMELSAD": "Census Tract 9.01" }, "geometry": { "type": "Polygon", "coordinates": [ [ [ -122.6227, 45.5048 ], [ -122.6226, 45.4973 ], [ -122.6396, 45.4979 ], [ -122.6397, 45.5047 ], [ -122.6227, 45.5048 ] ] ] } },
{ "type": "Feature", "properties": { "GEOIDFQ": "1400000US41047001802", "NAME": "18.02", "NAMELSAD": "Census Tract 18.02" }, "geometry": { "type": "Polygon", "coordinates": [ [ [ -122.9705, 44.9168 ], [ -122.9706, 44.9245 ], [ -122.959, 44.9314 ], [ -122.9323, 44.931 ], [ -122.934, 44.905 ], [ -122.9407, 44.8995 ], [ -122.9802, 44.9151 ], [ -122.9705, 44.9168 ] ] ] } },
{ "type": "Feature", "properties": { "GEOIDFQ": "1400000US41051000902", "NAME": "9.02", "NAMELSAD": "Census Tract 9.02" }, "geometry": { "type": "Polygon", "coordinates": [ [ [ -122.6226, 45.4973 ], [ -122.6228, 45.4903 ], [ -122.6396, 45.4903 ], [ -122.6396, 45.4979 ], [ -122.6226, 45.4973 ] ] ] } },
{ "type": "Feature", "properties": { "GEOIDFQ": "1400000US41051001000", "NAME": "10", "NAMELSAD": "Census Tract 10" }, "geometry": { "type": "Polygon", "coordinates": [ [ [ -122.6396, 45.5048 ], [ -122.6396, 45.4903 ], [ -122.6567, 45.4909 ], [ -122.6618, 45.5049 ], [ -122.6396, 45.5048 ] ] ] } },
{ "type": "Feature", "properties": { "GEOIDFQ": "1400000US41051001101", "NAME": "11.01", "NAMELSAD": "Census Tract 11.01" }, "geometry": { "type": "Polygon", "coordinates": [ [ [ -122.6653, 45.5194 ], [ -122.6496, 45.5193 ], [ -122.6496, 45.5122 ], [ -122.6628, 45.5122 ], [ -122.6611, 45.5015 ], [ -122.6704, 45.5131 ], [ -122.6653, 45.5194 ] ] ] } },
{ "type": "Feature", "properties": { "GEOIDFQ": "1400000US41051001102", "NAME": "11.02", "NAMELSAD": "Census Tract 11.02" }, "geometry": { "type": "Polygon", "coordinates": [ [ [ -122.6494, 45.5122 ], [ -122.6494, 45.5048 ], [ -122.6618, 45.5049 ], [ -122.6628, 45.5101 ], [ -122.6494, 45.5122 ] ] ] } },
{ "type": "Feature", "properties": { "GEOIDFQ": "1400000US41051001202", "NAME": "12.02", "NAMELSAD": "Census Tract 12.02" }, "geometry": { "type": "Polygon", "coordinates": [ [ [ -122.6494, 45.5122 ], [ -122.6348, 45.5121 ], [ -122.6346, 45.5048 ], [ -122.6494, 45.5048 ], [ -122.6494, 45.5122 ] ] ] } },
{ "type": "Feature", "properties": { "GEOIDFQ": "1400000US41051001302", "NAME": "13.02", "NAMELSAD": "Census Tract 13.02" }, "geometry": { "type": "Polygon", "coordinates": [ [ [ -122.6228, 45.512 ], [ -122.6227, 45.5048 ], [ -122.6346, 45.5048 ], [ -122.6348, 45.5121 ], [ -122.6228, 45.512 ] ] ] } },
{ "type": "Feature", "properties": { "GEOIDFQ": "1400000US41067031911", "NAME": "319.11", "NAMELSAD": "Census Tract 319.11" }, "geometry": { "type": "Polygon", "coordinates": [ [ [ -122.8157, 45.4415 ], [ -122.8003, 45.4442 ], [ -122.8, 45.4296 ], [ -122.8132, 45.4278 ], [ -122.8157, 45.4415 ] ] ] } },
{ "type": "Feature", "properties": { "GEOIDFQ": "1400000US41067031813", "NAME": "318.13", "NAMELSAD": "Census Tract 318.13" }, "geometry": { "type": "Polygon", "coordinates": [ [ [ -122.8568, 45.4512 ], [ -122.826, 45.4476 ], [ -122.826, 45.4382 ], [ -122.8327, 45.4347 ], [ -122.8489, 45.4268 ], [ -122.8568, 45.4316 ], [ -122.8568, 45.4512 ] ] ] } },
{ "type": "Feature", "properties": { "GEOIDFQ": "1400000US41067031909", "NAME": "319.09", "NAMELSAD": "Census Tract 319.09" }, "geometry": { "type": "Polygon", "coordinates": [ [ [ -122.826, 45.4307 ], [ -122.821, 45.4155 ], [ -122.8517, 45.4149 ], [ -122.8535, 45.4264 ], [ -122.826, 45.4307 ] ] ] } },
{ "type": "Feature", "properties": { "GEOIDFQ": "1400000US41039000708", "NAME": "7.08", "NAMELSAD": "Census Tract 7.08" }, "geometry": { "type": "Polygon", "coordinates": [ [ [ -124.1206, 44.2764 ], [ -123.799, 44.2833 ], [ -123.7974, 44.2748 ], [ -123.8123, 44.2613 ], [ -123.8117, 44.2527 ], [ -123.83, 44.2481 ], [ -123.8241, 44.2333 ], [ -123.8342, 44.2352 ], [ -123.8373, 44.2268 ], [ -123.8457, 44.2306 ], [ -123.8363, 44.2213 ], [ -123.812, 44.2179 ], [ -123.8154, 44.2028 ], [ -123.801, 44.1866 ], [ -123.8095, 44.1784 ], [ -123.8086, 44.1617 ], [ -123.8262, 44.1635 ], [ -123.8264, 44.1528 ], [ -123.8447, 44.1348 ], [ -123.8407, 44.1284 ], [ -123.8492, 44.1119 ], [ -123.8498, 44.1274 ], [ -123.8861, 44.1283 ], [ -123.8776, 44.1101 ], [ -123.8664, 44.1054 ], [ -123.8962, 44.0893 ], [ -123.8945, 44.0766 ], [ -123.9076, 44.0669 ], [ -123.9404, 44.0602 ], [ -123.9143, 44.0397 ], [ -123.9298, 44.028 ], [ -123.9216, 44.0213 ], [ -123.9382, 44.0213 ], [ -123.9384, 44.0147 ], [ -123.9677, 44.0193 ], [ -123.9989, 44.0117 ], [ -124.0264, 43.9871 ], [ -124.0806, 43.971 ], [ -124.0854, 44.0028 ], [ -124.1016, 44.0102 ], [ -124.1014, 44.0747 ], [ -124.1165, 44.0982 ], [ -124.1238, 44.0928 ], [ -124.1332, 44.0948 ], [ -124.1206, 44.2764 ] ] ] } },
{ "type": "Feature", "properties": { "GEOIDFQ": "1400000US41039000707", "NAME": "7.07", "NAMELSAD": "Census Tract 7.07" }, "geometry": { "type": "Polygon", "coordinates": [ [ [ -124.1012, 43.9783 ], [ -124.1016, 44.0102 ], [ -124.0901, 44.0085 ], [ -124.0806, 43.971 ], [ -124.1086, 43.9642 ], [ -124.1012, 43.9783 ] ] ] } },
{ "type": "Feature", "properties": { "GEOIDFQ": "1400000US41039990000", "NAME": "9900", "NAMELSAD": "Census Tract 9900" }, "geometry": { "type": "Polygon", "coordinates": [ [ [ -124.2079, 44.0021 ], [ -124.2127, 44.0246 ], [ -124.1954, 44.0975 ], [ -124.201, 44.1395 ], [ -124.1868, 44.1765 ], [ -124.1874, 44.2769 ], [ -124.1206, 44.2764 ], [ -124.1332, 44.0948 ], [ -124.1655, 43.8637 ], [ -124.2299, 43.8657 ], [ -124.2079, 44.0021 ] ] ] } },
{ "type": "Feature", "properties": { "GEOIDFQ": "1400000US41039004405", "NAME": "44.05", "NAMELSAD": "Census Tract 44.05" }, "geometry": { "type": "Polygon", "coordinates": [ [ [ -123.1447, 44.0354 ], [ -123.1368, 44.0282 ], [ -123.1178, 44.0257 ], [ -123.1179, 44.015 ], [ -123.1403, 44.0092 ], [ -123.1657, 44.0286 ], [ -123.1447, 44.0354 ] ] ] } },
{ "type": "Feature", "properties": { "GEOIDFQ": "1400000US41039002904", "NAME": "29.04", "NAMELSAD": "Census Tract 29.04" }, "geometry": { "type": "Polygon", "coordinates": [ [ [ -123.1067, 44.0952 ], [ -123.0993, 44.0914 ], [ -123.1056, 44.0769 ], [ -123.101, 44.0639 ], [ -123.1144, 44.0688 ], [ -123.1187, 44.0873 ], [ -123.1067, 44.0952 ] ] ] } },
{ "type": "Feature", "properties": { "GEOIDFQ": "1400000US41039004404", "NAME": "44.04", "NAMELSAD": "Census Tract 44.04" }, "geometry": { "type": "Polygon", "coordinates": [ [ [ -123.1279, 44.0405 ], [ -123.1259, 44.0331 ], [ -123.1178, 44.0332 ], [ -123.1178, 44.0257 ], [ -123.145, 44.0342 ], [ -123.1279, 44.0405 ] ] ] } },
{ "type": "Feature", "properties": { "GEOIDFQ": "1400000US41039002301", "NAME": "23.01", "NAMELSAD": "Census Tract 23.01" }, "geometry": { "type": "Polygon", "coordinates": [ [ [ -123.101, 44.1113 ], [ -123.1062, 44.0955 ], [ -123.1285, 44.097 ], [ -123.1368, 44.1156 ], [ -123.101, 44.1113 ] ] ] } },
{ "type": "Feature", "properties": { "GEOIDFQ": "1400000US41039000706", "NAME": "7.06", "NAMELSAD": "Census Tract 7.06" }, "geometry": { "type": "Polygon", "coordinates": [ [ [ -124.1332, 44.0948 ], [ -124.1238, 44.0928 ], [ -124.1177, 44.0987 ], [ -124.0982, 44.0657 ], [ -124.1014, 43.9969 ], [ -124.1228, 43.9951 ], [ -124.131, 44.0149 ], [ -124.1423, 44.0188 ], [ -124.1332, 44.0948 ] ] ] } },
{ "type": "Feature", "properties": { "GEOIDFQ": "1400000US41067030805", "NAME": "308.05", "NAMELSAD": "Census Tract 308.05" }, "geometry": { "type": "Polygon", "coordinates": [ [ [ -122.7966, 45.4044 ], [ -122.7645, 45.4043 ], [ -122.7649, 45.3931 ], [ -122.7824, 45.3987 ], [ -122.7989, 45.3942 ], [ -122.7966, 45.4044 ] ] ] } },
{ "type": "Feature", "properties": { "GEOIDFQ": "1400000US41051002401", "NAME": "24.01", "NAMELSAD": "Census Tract 24.01" }, "geometry": { "type": "Polygon", "coordinates": [ [ [ -122.6473, 45.5482 ], [ -122.6473, 45.539 ], [ -122.6576, 45.539 ], [ -122.6586, 45.5483 ], [ -122.6473, 45.5482 ] ] ] } },
{ "type": "Feature", "properties": { "GEOIDFQ": "1400000US41051002402", "NAME": "24.02", "NAMELSAD": "Census Tract 24.02" }, "geometry": { "type": "Polygon", "coordinates": [ [ [ -122.6576, 45.539 ], [ -122.6473, 45.539 ], [ -122.6448, 45.5301 ], [ -122.6565, 45.5285 ], [ -122.6576, 45.539 ] ] ] } },
{ "type": "Feature", "properties": { "GEOIDFQ": "1400000US41051002501", "NAME": "25.01", "NAMELSAD": "Census Tract 25.01" }, "geometry": { "type": "Polygon", "coordinates": [ [ [ -122.6473, 45.5482 ], [ -122.6307, 45.5483 ], [ -122.6307, 45.539 ], [ -122.6473, 45.5405 ], [ -122.6473, 45.5482 ] ] ] } },
{ "type": "Feature", "properties": { "GEOIDFQ": "1400000US41051002502", "NAME": "25.02", "NAMELSAD": "Census Tract 25.02" }, "geometry": { "type": "Polygon", "coordinates": [ [ [ -122.6307, 45.539 ], [ -122.6306, 45.5341 ], [ -122.6448, 45.5301 ], [ -122.6473, 45.539 ], [ -122.6307, 45.539 ] ] ] } },
{ "type": "Feature", "properties": { "GEOIDFQ": "1400000US41029003001", "NAME": "30.01", "NAMELSAD": "Census Tract 30.01" }, "geometry": { "type": "Polygon", "coordinates": [ [ [ -123.2192, 42.3009 ], [ -123.1818, 42.3202 ], [ -123.1815, 42.3355 ], [ -123.1731, 42.3379 ], [ -123.1789, 42.3418 ], [ -123.1534, 42.3515 ], [ -123.1419, 42.375 ], [ -123.1399, 42.4059 ], [ -123.1284, 42.4092 ], [ -123.1229, 42.4238 ], [ -123.0781, 42.4358 ], [ -123.0415, 42.4304 ], [ -123.0423, 42.4261 ], [ -122.9906, 42.4127 ], [ -122.9635, 42.4124 ], [ -122.9744, 42.3856 ], [ -122.9522, 42.3741 ], [ -122.9579, 42.3725 ], [ -122.9595, 42.3492 ], [ -123.0104, 42.3565 ], [ -123.017, 42.3495 ], [ -123.0341, 42.3472 ], [ -123.0362, 42.3406 ], [ -123.0431, 42.3419 ], [ -123.048, 42.3317 ], [ -123.067, 42.3317 ], [ -123.0838, 42.3184 ], [ -123.0797, 42.2985 ], [ -123.0456, 42.2837 ], [ -123.0668, 42.2782 ], [ -123.0413, 42.255 ], [ -123.0603, 42.2459 ], [ -123.0541, 42.2353 ], [ -123.0838, 42.2406 ], [ -123.0991, 42.2349 ], [ -123.1452, 42.2465 ], [ -123.1496, 42.2526 ], [ -123.1968, 42.2681 ], [ -123.2192, 42.3009 ] ] ] } },
{ "type": "Feature", "properties": { "GEOIDFQ": "1400000US41029001200", "NAME": "12", "NAMELSAD": "Census Tract 12" }, "geometry": { "type": "Polygon", "coordinates": [ [ [ -122.8853, 42.3893 ], [ -122.8165, 42.3891 ], [ -122.8225, 42.3602 ], [ -122.8591, 42.3608 ], [ -122.8765, 42.3503 ], [ -122.8853, 42.3646 ], [ -122.8853, 42.3893 ] ] ] } },
{ "type": "Feature", "properties": { "GEOIDFQ": "1400000US41029002300", "NAME": "23", "NAMELSAD": "Census Tract 23" }, "geometry": { "type": "Polygon", "coordinates": [ [ [ -122.9969, 42.1745 ], [ -122.9582, 42.1898 ], [ -122.94, 42.2286 ], [ -122.9437, 42.244 ], [ -122.9151, 42.2664 ], [ -122.9094, 42.2567 ], [ -122.8817, 42.2482 ], [ -122.8445, 42.2566 ], [ -122.8266, 42.2555 ], [ -122.813, 42.2259 ], [ -122.7946, 42.2255 ], [ -122.7903, 42.2152 ], [ -122.7821, 42.23 ], [ -122.7519, 42.2243 ], [ -122.7502, 42.218 ], [ -122.7377, 42.2136 ], [ -122.7376, 42.2067 ], [ -122.7571, 42.2024 ], [ -122.7598, 42.1808 ], [ -122.7449, 42.1708 ], [ -122.7318, 42.1706 ], [ -122.7319, 42.1778 ], [ -122.7178, 42.1782 ], [ -122.7178, 42.1564 ], [ -122.7131, 42.1564 ], [ -122.7124, 42.1709 ], [ -122.6986, 42.1708 ], [ -122.7048, 42.1523 ], [ -122.6931, 42.1463 ], [ -122.6922, 42.1347 ], [ -122.6791, 42.1181 ], [ -122.6854, 42.0871 ], [ -122.6802, 42.0808 ], [ -122.6949, 42.0816 ], [ -122.6909, 42.0715 ], [ -122.6961, 42.0709 ], [ -122.6969, 42.067 ], [ -122.6678, 42.0641 ], [ -122.6506, 42.0757 ], [ -122.6297, 42.0767 ], [ -122.6293, 42.0698 ], [ -122.6162, 42.0703 ], [ -122.5978, 42.0395 ], [ -122.6153, 42.0055 ], [ -122.9617, 42.0035 ], [ -122.959, 42.0154 ], [ -122.9539, 42.0137 ], [ -122.9408, 42.0302 ], [ -122.9124, 42.0426 ], [ -122.9217, 42.0551 ], [ -122.9372, 42.0588 ], [ -122.9386, 42.0831 ], [ -122.9901, 42.0985 ], [ -122.9755, 42.109 ], [ -122.953, 42.1485 ], [ -122.9988, 42.1694 ], [ -122.9969, 42.1745 ] ] ] } },
{ "type": "Feature", "properties": { "GEOIDFQ": "1400000US41029003002", "NAME": "30.02", "NAMELSAD": "Census Tract 30.02" }, "geometry": { "type": "Polygon", "coordinates": [ [ [ -123.2293, 42.4203 ], [ -123.1977, 42.4192 ], [ -123.1761, 42.4334 ], [ -123.1543, 42.4096 ], [ -123.1387, 42.4052 ], [ -123.1388, 42.393 ], [ -123.1534, 42.3515 ], [ -123.1789, 42.3418 ], [ -123.1731, 42.3379 ], [ -123.1815, 42.3355 ], [ -123.1818, 42.3202 ], [ -123.2192, 42.3009 ], [ -123.2198, 42.2901 ], [ -123.1968, 42.2681 ], [ -123.1496, 42.2526 ], [ -123.1452, 42.2465 ], [ -123.1042, 42.2359 ], [ -123.0838, 42.2406 ], [ -123.0541, 42.2353 ], [ -123.0603, 42.2459 ], [ -123.0413, 42.255 ], [ -123.0668, 42.2782 ], [ -123.0571, 42.2825 ], [ -123.0457, 42.2832 ], [ -123.0317, 42.2614 ], [ -123.0219, 42.2744 ], [ -122.997, 42.2808 ], [ -122.9761, 42.2781 ], [ -122.9643, 42.2832 ], [ -122.9346, 42.2762 ], [ -122.9075, 42.2795 ], [ -122.9146, 42.2666 ], [ -122.9437, 42.244 ], [ -122.94, 42.2286 ], [ -122.9582, 42.1898 ], [ -122.9969, 42.1745 ], [ -122.9988, 42.1694 ], [ -122.953, 42.1485 ], [ -122.9755, 42.109 ], [ -122.9901, 42.0985 ], [ -122.9386, 42.0831 ], [ -122.9372, 42.0588 ], [ -122.9217, 42.0551 ], [ -122.9124, 42.0417 ], [ -122.9408, 42.0302 ], [ -122.9539, 42.0137 ], [ -122.959, 42.0154 ], [ -122.9617, 42.0035 ], [ -123.1457, 42.0088 ], [ -123.2311, 42.0039 ], [ -123.2293, 42.4203 ] ] ] } },
{ "type": "Feature", "properties": { "GEOIDFQ": "1400000US41063960100", "NAME": "9601", "NAMELSAD": "Census Tract 9601" }, "geometry": { "type": "Polygon", "coordinates": [ [ [ -117.2575, 45.6559 ], [ -117.2633, 45.6789 ], [ -117.2438, 45.7749 ], [ -117.2294, 45.7846 ], [ -117.2281, 45.8096 ], [ -117.2368, 45.8273 ], [ -117.2318, 45.8296 ], [ -117.2391, 45.8312 ], [ -117.235, 45.8369 ], [ -117.2444, 45.8391 ], [ -117.2376, 45.8416 ], [ -117.2385, 45.8597 ], [ -117.245, 45.8602 ], [ -117.2365, 45.87 ], [ -117.2376, 45.8797 ], [ -117.2107, 45.9023 ], [ -117.1988, 45.9027 ], [ -117.2003, 45.9101 ], [ -117.1857, 45.9137 ], [ -117.1857, 45.9205 ], [ -117.1717, 45.923 ], [ -117.1732, 45.9294 ], [ -117.1641, 45.9377 ], [ -117.1572, 45.9347 ], [ -117.1527, 45.9447 ], [ -117.1603, 45.9465 ], [ -117.1505, 45.9481 ], [ -117.1503, 45.9568 ], [ -117.1364, 45.9569 ], [ -117.1425, 45.9629 ], [ -117.1327, 45.9648 ], [ -117.13, 45.9753 ], [ -117.1236, 45.9739 ], [ -117.1181, 45.9834 ], [ -117.0963, 45.9888 ], [ -117.098, 45.9939 ], [ -117.0902, 45.9976 ], [ -116.9161, 45.9954 ], [ -116.8936, 45.9776 ], [ -116.8913, 45.9603 ], [ -116.876, 45.9548 ], [ -116.8697, 45.9238 ], [ -116.8573, 45.9042 ], [ -116.7965, 45.8612 ], [ -116.7821, 45.8251 ], [ -116.7598, 45.8162 ], [ -116.7358, 45.8264 ], [ -116.7097, 45.8257 ], [ -116.6972, 45.8201 ], [ -116.6808, 45.7944 ], [ -116.6653, 45.7821 ], [ -116.6463, 45.7798 ], [ -116.632, 45.785 ], [ -116.5942, 45.7791 ], [ -116.5472, 45.7517 ], [ -116.5357, 45.7342 ], [ -116.5354, 45.6917 ], [ -116.4888, 45.6508 ], [ -116.4828, 45.6336 ], [ -116.4721, 45.6292 ], [ -116.4635, 45.6158 ], [ -116.4636, 45.6028 ], [ -116.4822, 45.5867 ], [ -116.483, 45.577 ], [ -116.5028, 45.5666 ], [ -116.507, 45.5584 ], [ -116.5283, 45.5515 ], [ -116.5234, 45.5466 ], [ -116.5355, 45.5251 ], [ -116.5575, 45.5042 ], [ -116.5548, 45.4629 ], [ -116.5882, 45.4429 ], [ -116.5974, 45.4128 ], [ -116.6234, 45.394 ], [ -116.6738, 45.3215 ], [ -116.6745, 45.2763 ], [ -116.6914, 45.2637 ], [ -116.7037, 45.2401 ], [ -116.7296, 45.1421 ], [ -116.7455, 45.133 ], [ -116.7546, 45.114 ], [ -116.7748, 45.1055 ], [ -116.7835, 45.0936 ], [ -116.7838, 45.0783 ], [ -117.266, 45.0806 ], [ -117.266, 45.1524 ], [ -117.2475, 45.1547 ], [ -117.2483, 45.1978 ], [ -117.2387, 45.2103 ], [ -117.236, 45.2342 ], [ -117.2056, 45.2862 ], [ -117.2201, 45.3329 ], [ -117.2337, 45.3379 ], [ -117.2318, 45.3263 ], [ -117.2621, 45.3318 ], [ -117.2612, 45.3487 ], [ -117.2374, 45.3531 ], [ -117.2477, 45.3538 ], [ -117.2475, 45.3857 ], [ -117.2533, 45.3947 ], [ -117.2304, 45.3966 ], [ -117.2198, 45.4227 ], [ -117.2115, 45.4264 ], [ -117.2031, 45.4803 ], [ -117.2095, 45.5396 ], [ -117.2539, 45.552 ], [ -117.2517, 45.5665 ], [ -117.2686, 45.6355 ], [ -117.2575, 45.6559 ] ] ] } },
{ "type": "Feature", "properties": { "GEOIDFQ": "1400000US41063960200", "NAME": "9602", "NAMELSAD": "Census Tract 9602" }, "geometry": { "type": "Polygon", "coordinates": [ [ [ -117.9777, 46.0005 ], [ -117.0902, 45.9976 ], [ -117.098, 45.9939 ], [ -117.0963, 45.9888 ], [ -117.1181, 45.9834 ], [ -117.1236, 45.9739 ], [ -117.13, 45.9753 ], [ -117.1327, 45.9648 ], [ -117.1425, 45.9629 ], [ -117.1364, 45.9569 ], [ -117.1503, 45.9568 ], [ -117.1505, 45.9481 ], [ -117.1603, 45.9465 ], [ -117.1527, 45.9447 ], [ -117.1572, 45.9347 ], [ -117.1641, 45.9377 ], [ -117.1732, 45.9294 ], [ -117.1717, 45.923 ], [ -117.1857, 45.9205 ], [ -117.1857, 45.9137 ], [ -117.2003, 45.9101 ], [ -117.1988, 45.9027 ], [ -117.2107, 45.9023 ], [ -117.2376, 45.8797 ], [ -117.2365, 45.87 ], [ -117.245, 45.8602 ], [ -117.2385, 45.8597 ], [ -117.2376, 45.8416 ], [ -117.2444, 45.8391 ], [ -117.235, 45.8369 ], [ -117.2391, 45.8312 ], [ -117.2318, 45.8296 ], [ -117.2368, 45.8273 ], [ -117.2281, 45.8096 ], [ -117.2294, 45.7846 ], [ -117.2438, 45.7749 ], [ -117.2604, 45.7016 ], [ -117.2575, 45.6561 ], [ -117.2653, 45.6346 ], [ -117.2764, 45.6443 ], [ -117.2758, 45.6906 ], [ -117.2946, 45.6999 ], [ -117.3019, 45.6714 ], [ -117.3099, 45.6714 ], [ -117.3189, 45.6614 ], [ -117.3502, 45.6539 ], [ -117.365, 45.6427 ], [ -117.3696, 45.6526 ], [ -117.3919, 45.6574 ], [ -117.3984, 45.6075 ], [ -117.4864, 45.5941 ], [ -117.4931, 45.5693 ], [ -117.48, 45.5596 ], [ -117.4498, 45.5549 ], [ -117.4348, 45.5457 ], [ -117.4337, 45.5251 ], [ -117.422, 45.505 ], [ -117.3882, 45.4772 ], [ -117.3807, 45.4509 ], [ -117.3708, 45.4514 ], [ -117.3668, 45.4504 ], [ -117.3821, 45.4328 ], [ -117.3991, 45.4299 ], [ -117.4059, 45.4227 ], [ -117.4221, 45.4271 ], [ -117.4266, 45.4204 ], [ -117.4218, 45.3591 ], [ -117.3982, 45.3087 ], [ -117.3846, 45.2575 ], [ -117.3476, 45.2224 ], [ -117.3477, 45.2133 ], [ -117.3167, 45.1779 ], [ -117.3202, 45.1665 ], [ -117.4767, 45.1665 ], [ -117.4768, 45.21 ], [ -117.5209, 45.2098 ], [ -117.5222, 45.2677 ], [ -117.5422, 45.2674 ], [ -117.5421, 45.296 ], [ -117.562, 45.2959 ], [ -117.5622, 45.3102 ], [ -117.5822, 45.3102 ], [ -117.5823, 45.3381 ], [ -117.6435, 45.3369 ], [ -117.6435, 45.3653 ], [ -117.6634, 45.3657 ], [ -117.6641, 45.4283 ], [ -117.6838, 45.4284 ], [ -117.684, 45.5152 ], [ -117.7272, 45.5148 ], [ -117.7272, 45.617 ], [ -117.746, 45.6166 ], [ -117.7461, 45.6607 ], [ -117.7671, 45.6602 ], [ -117.7669, 45.6896 ], [ -117.7876, 45.6896 ], [ -117.7884, 45.7735 ], [ -117.7476, 45.7736 ], [ -117.7473, 45.8611 ], [ -117.9776, 45.8606 ], [ -117.9777, 46.0005 ] ] ] } },
{ "type": "Feature", "properties": { "GEOIDFQ": "1400000US41063960300", "NAME": "9603", "NAMELSAD": "Census Tract 9603" }, "geometry": { "type": "Polygon", "coordinates": [ [ [ -117.4829, 45.5971 ], [ -117.4668, 45.595 ], [ -117.3984, 45.6075 ], [ -117.3918, 45.6575 ], [ -117.3696, 45.6526 ], [ -117.365, 45.6427 ], [ -117.3502, 45.6539 ], [ -117.3364, 45.654 ], [ -117.3098, 45.6715 ], [ -117.3019, 45.6714 ], [ -117.2946, 45.6999 ], [ -117.2783, 45.6948 ], [ -117.2764, 45.6443 ], [ -117.2625, 45.617 ], [ -117.2539, 45.552 ], [ -117.2095, 45.5396 ], [ -117.2036, 45.4968 ], [ -117.2114, 45.4267 ], [ -117.2198, 45.4227 ], [ -117.2304, 45.3966 ], [ -117.2533, 45.3947 ], [ -117.2475, 45.3857 ], [ -117.2477, 45.3538 ], [ -117.2374, 45.3531 ], [ -117.2612, 45.3487 ], [ -117.2621, 45.3318 ], [ -117.2318, 45.3263 ], [ -117.2337, 45.3379 ], [ -117.2201, 45.3329 ], [ -117.2056, 45.2862 ], [ -117.236, 45.2342 ], [ -117.2387, 45.2103 ], [ -117.2483, 45.1978 ], [ -117.2482, 45.1539 ], [ -117.266, 45.1524 ], [ -117.266, 45.1665 ], [ -117.3202, 45.1665 ], [ -117.3167, 45.1779 ], [ -117.3477, 45.2133 ], [ -117.3476, 45.2224 ], [ -117.3846, 45.2575 ], [ -117.3982, 45.3087 ], [ -117.4218, 45.3591 ], [ -117.4289, 45.4147 ], [ -117.4221, 45.4271 ], [ -117.4059, 45.4227 ], [ -117.3991, 45.4299 ], [ -117.3821, 45.4328 ], [ -117.3668, 45.4504 ], [ -117.3807, 45.4509 ], [ -117.3882, 45.4772 ], [ -117.422, 45.505 ], [ -117.4337, 45.5251 ], [ -117.4348, 45.5457 ], [ -117.4498, 45.5549 ], [ -117.48, 45.5596 ], [ -117.4931, 45.5693 ], [ -117.4829, 45.5971 ] ] ] } },
{ "type": "Feature", "properties": { "GEOIDFQ": "1400000US41067032104", "NAME": "321.04", "NAMELSAD": "Census Tract 321.04" }, "geometry": { "type": "Polygon", "coordinates": [ [ [ -122.8417, 45.3553 ], [ -122.8116, 45.3749 ], [ -122.8091, 45.369 ], [ -122.8238, 45.3612 ], [ -122.8072, 45.3463 ], [ -122.8434, 45.3462 ], [ -122.8417, 45.3553 ] ] ] } },
{ "type": "Feature", "properties": { "GEOIDFQ": "1400000US41067032409", "NAME": "324.09", "NAMELSAD": "Census Tract 324.09" }, "geometry": { "type": "Polygon", "coordinates": [ [ [ -122.9739, 45.5213 ], [ -122.9542, 45.5254 ], [ -122.9582, 45.5147 ], [ -122.974, 45.5162 ], [ -122.9739, 45.5213 ] ] ] } },
{ "type": "Feature", "properties": { "GEOIDFQ": "1400000US41045970200", "NAME": "9702", "NAMELSAD": "Census Tract 9702" }, "geometry": { "type": "Polygon", "coordinates": [ [ [ -117.1449, 44.0389 ], [ -117.1326, 44.0248 ], [ -117.1109, 44.0241 ], [ -117.107, 44.0279 ], [ -117.0944, 44.0206 ], [ -117.0801, 44.0237 ], [ -117.0645, 44.0371 ], [ -117.0696, 44.0439 ], [ -117.0624, 44.0446 ], [ -117.0661, 44.0568 ], [ -117.0558, 44.0544 ], [ -117.0568, 44.0599 ], [ -117.0509, 44.0602 ], [ -117.0571, 44.0702 ], [ -117.0471, 44.0858 ], [ -117.0394, 44.0842 ], [ -117.0293, 44.0927 ], [ -117.0053, 44.0752 ], [ -117.005, 44.097 ], [ -116.9787, 44.0893 ], [ -116.972, 44.0486 ], [ -116.9812, 44.0393 ], [ -116.9755, 44.0393 ], [ -116.9755, 44.0321 ], [ -116.9845, 44.0248 ], [ -117.0051, 44.0249 ], [ -117.0054, 44.0104 ], [ -117.0657, 44.0104 ], [ -117.0658, 43.996 ], [ -117.1457, 43.996 ], [ -117.1449, 44.0389 ] ] ] } },
{ "type": "Feature", "properties": { "GEOIDFQ": "1400000US41045970500", "NAME": "9705", "NAMELSAD": "Census Tract 9705" }, "geometry": { "type": "Polygon", "coordinates": [ [ [ -117.1096, 43.9506 ], [ -117.1079, 43.9577 ], [ -117.116, 43.9592 ], [ -117.1169, 43.9671 ], [ -117.1059, 43.9671 ], [ -117.1056, 43.996 ], [ -116.9735, 43.9956 ], [ -116.9685, 44.0032 ], [ -116.9513, 44.0031 ], [ -116.9358, 43.9909 ], [ -116.9385, 43.985 ], [ -116.9608, 43.9828 ], [ -116.9762, 43.9747 ], [ -116.9592, 43.9664 ], [ -116.9724, 43.958 ], [ -116.9605, 43.9551 ], [ -116.9691, 43.9377 ], [ -116.9592, 43.9287 ], [ -116.9617, 43.918 ], [ -116.9811, 43.9137 ], [ -116.976, 43.8955 ], [ -116.9829, 43.8677 ], [ -117.0115, 43.8625 ], [ -117.0267, 43.8526 ], [ -117.0556, 43.8527 ], [ -117.0598, 43.8454 ], [ -117.0755, 43.8455 ], [ -117.0755, 43.8527 ], [ -117.1138, 43.8526 ], [ -117.1217, 43.8608 ], [ -117.1129, 43.8608 ], [ -117.112, 43.8711 ], [ -117.1066, 43.8683 ], [ -117.0963, 43.8757 ], [ -117.092, 43.8955 ], [ -117.0807, 43.9013 ], [ -117.0826, 43.9092 ], [ -117.1114, 43.9191 ], [ -117.1077, 43.9264 ], [ -117.1211, 43.9284 ], [ -117.1224, 43.9357 ], [ -117.1096, 43.9506 ] ] ] } },
{ "type": "Feature", "properties": { "GEOIDFQ": "1400000US41045970400", "NAME": "9704", "NAMELSAD": "Census Tract 9704" }, "geometry": { "type": "Polygon", "coordinates": [ [ [ -116.972, 44.0486 ], [ -116.9576, 44.0447 ], [ -116.9373, 44.0294 ], [ -116.9369, 44.0105 ], [ -116.9476, 43.9982 ], [ -116.9511, 44.003 ], [ -116.9685, 44.0032 ], [ -116.9624, 44.0219 ], [ -116.9757, 44.0248 ], [ -116.9718, 44.0318 ], [ -116.981, 44.0394 ], [ -116.972, 44.0486 ] ] ] } },
{ "type": "Feature", "properties": { "GEOIDFQ": "1400000US41045940000", "NAME": "9400", "NAMELSAD": "Census Tract 9400" }, "geometry": { "type": "Polygon", "coordinates": [ [ [ -117.6129, 42.06 ], [ -117.5935, 42.0601 ], [ -117.5935, 42.0677 ], [ -117.5839, 42.0678 ], [ -117.584, 42.082 ], [ -117.5645, 42.0751 ], [ -117.5643, 42.0895 ], [ -117.5741, 42.0895 ], [ -117.5789, 42.1002 ], [ -117.555, 42.1037 ], [ -117.5549, 42.0965 ], [ -117.5403, 42.0965 ], [ -117.5352, 42.0751 ], [ -117.5161, 42.0679 ], [ -117.5159, 42.0458 ], [ -117.497, 42.0459 ], [ -117.496, 42.0209 ], [ -117.506, 42.0168 ], [ -117.5067, 41.9993 ], [ -117.6132, 41.9985 ], [ -117.6129, 42.06 ] ] ] } },
{ "type": "Feature", "properties": { "GEOIDFQ": "1400000US41045970700", "NAME": "9707", "NAMELSAD": "Census Tract 9707" }, "geometry": { "type": "Polygon", "coordinates": [ [ [ -117.1799, 43.7376 ], [ -117.194, 43.7568 ], [ -117.1938, 43.7721 ], [ -117.181, 43.7887 ], [ -117.1971, 43.8058 ], [ -117.1764, 43.8191 ], [ -117.1842, 43.8331 ], [ -117.1942, 43.8351 ], [ -117.1924, 43.8438 ], [ -117.1727, 43.8421 ], [ -117.1713, 43.8471 ], [ -117.158, 43.8373 ], [ -117.1456, 43.838 ], [ -117.146, 43.8546 ], [ -117.1347, 43.8422 ], [ -117.1328, 43.8546 ], [ -117.1217, 43.8608 ], [ -117.1138, 43.8526 ], [ -117.0755, 43.8527 ], [ -117.0755, 43.8455 ], [ -117.0556, 43.8455 ], [ -117.0556, 43.8527 ], [ -117.0267, 43.8526 ], [ -117.0245, 43.8565 ], [ -117.0107, 43.8498 ], [ -117.0116, 43.841 ], [ -117.0252, 43.8413 ], [ -117.0326, 43.8302 ], [ -117.0215, 43.8194 ], [ -117.0266, 43.8081 ], [ -117.0269, 43.5647 ], [ -117.0538, 43.5628 ], [ -117.0518, 43.5676 ], [ -117.0604, 43.5682 ], [ -117.0581, 43.5745 ], [ -117.0696, 43.5869 ], [ -117.0866, 43.5789 ], [ -117.0877, 43.5706 ], [ -117.0988, 43.5706 ], [ -117.1085, 43.5759 ], [ -117.1125, 43.5886 ], [ -117.1622, 43.5901 ], [ -117.1735, 43.5967 ], [ -117.1609, 43.606 ], [ -117.1652, 43.633 ], [ -117.1594, 43.636 ], [ -117.1505, 43.6347 ], [ -117.1262, 43.6465 ], [ -117.0876, 43.6333 ], [ -117.0898, 43.6473 ], [ -117.1019, 43.6518 ], [ -117.0914, 43.6547 ], [ -117.0951, 43.662 ], [ -117.1072, 43.6684 ], [ -117.0916, 43.6748 ], [ -117.0965, 43.7004 ], [ -117.0774, 43.7283 ], [ -117.1078, 43.7247 ], [ -117.1341, 43.7063 ], [ -117.1505, 43.7133 ], [ -117.1909, 43.7183 ], [ -117.2039, 43.7286 ], [ -117.1799, 43.7376 ] ] ] } },
{ "type": "Feature", "properties": { "GEOIDFQ": "1400000US41045970600", "NAME": "9706", "NAMELSAD": "Census Tract 9706" }, "geometry": { "type": "Polygon", "coordinates": [ [ [ -117.4579, 44.2023 ], [ -117.4532, 44.2077 ], [ -117.4073, 44.1817 ], [ -117.3666, 44.1381 ], [ -117.3229, 44.1165 ], [ -117.3051, 44.0979 ], [ -117.2886, 44.1029 ], [ -117.2853, 44.0952 ], [ -117.2703, 44.098 ], [ -117.274, 44.0794 ], [ -117.246, 44.0303 ], [ -117.2251, 44.0292 ], [ -117.2179, 44.0184 ], [ -117.2092, 44.0148 ], [ -117.2007, 44.0189 ], [ -117.1925, 44.0121 ], [ -117.176, 44.0127 ], [ -117.1764, 44.0198 ], [ -117.1684, 44.0105 ], [ -117.1654, 44.0167 ], [ -117.1456, 44.0176 ], [ -117.1457, 43.996 ], [ -117.1056, 43.996 ], [ -117.1059, 43.9671 ], [ -117.1169, 43.9671 ], [ -117.116, 43.9592 ], [ -117.1079, 43.9576 ], [ -117.1211, 43.9284 ], [ -117.1078, 43.9266 ], [ -117.1114, 43.9191 ], [ -117.0826, 43.9092 ], [ -117.0807, 43.9013 ], [ -117.092, 43.8955 ], [ -117.0963, 43.8757 ], [ -117.1066, 43.8683 ], [ -117.112, 43.8711 ], [ -117.1129, 43.8608 ], [ -117.1217, 43.8608 ], [ -117.1542, 43.8812 ], [ -117.1944, 43.9375 ], [ -117.2177, 43.9472 ], [ -117.2346, 43.9706 ], [ -117.2518, 43.9375 ], [ -117.2941, 43.9055 ], [ -117.31, 43.9023 ], [ -117.366, 43.917 ], [ -117.3791, 43.9255 ], [ -117.3903, 43.9251 ], [ -117.3996, 43.9328 ], [ -117.4219, 43.9355 ], [ -117.4546, 43.9547 ], [ -117.4472, 43.9601 ], [ -117.4583, 43.9651 ], [ -117.4473, 43.9658 ], [ -117.4365, 43.9723 ], [ -117.4389, 43.976 ], [ -117.4195, 43.9751 ], [ -117.3582, 43.9979 ], [ -117.3295, 43.9933 ], [ -117.3162, 44.0027 ], [ -117.2902, 44.0057 ], [ -117.2867, 44.0142 ], [ -117.294, 44.0215 ], [ -117.2814, 44.022 ], [ -117.2977, 44.0363 ], [ -117.312, 44.0371 ], [ -117.328, 44.0624 ], [ -117.3474, 44.0723 ], [ -117.355, 44.0705 ], [ -117.3592, 44.0765 ], [ -117.3727, 44.0744 ], [ -117.3684, 44.0862 ], [ -117.3834, 44.087 ], [ -117.3828, 44.0935 ], [ -117.3914, 44.0928 ], [ -117.3965, 44.0984 ], [ -117.395, 44.1069 ], [ -117.4025, 44.1054 ], [ -117.4033, 44.1146 ], [ -117.419, 44.1167 ], [ -117.4186, 44.1291 ], [ -117.4282, 44.13 ], [ -117.4279, 44.1403 ], [ -117.4443, 44.1636 ], [ -117.4437, 44.1836 ], [ -117.468, 44.2041 ], [ -117.4579, 44.2023 ] ] ] } },
{ "type": "Feature", "properties": { "GEOIDFQ": "1400000US41045970300", "NAME": "9703", "NAMELSAD": "Census Tract 9703" }, "geometry": { "type": "Polygon", "coordinates": [ [ [ -117.0657, 44.0104 ], [ -117.0054, 44.0104 ], [ -117.0051, 44.0249 ], [ -116.9845, 44.0248 ], [ -116.9794, 44.0321 ], [ -116.9718, 44.0318 ], [ -116.9757, 44.0248 ], [ -116.9624, 44.0219 ], [ -116.9728, 43.9957 ], [ -117.0659, 43.9963 ], [ -117.0657, 44.0104 ] ] ] } },
{ "type": "Feature", "properties": { "GEOIDFQ": "1400000US41019140000", "NAME": "1400", "NAMELSAD": "Census Tract 1400" }, "geometry": { "type": "Polygon", "coordinates": [ [ [ -123.4095, 43.2124 ], [ -123.397, 43.2111 ], [ -123.3876, 43.2217 ], [ -123.3763, 43.2161 ], [ -123.3577, 43.2191 ], [ -123.3599, 43.1974 ], [ -123.3739, 43.1831 ], [ -123.368, 43.1684 ], [ -123.4121, 43.1756 ], [ -123.4101, 43.1942 ], [ -123.4164, 43.1981 ], [ -123.4095, 43.2124 ] ] ] } },
{ "type": "Feature", "properties": { "GEOIDFQ": "1400000US41005022901", "NAME": "229.01", "NAMELSAD": "Census Tract 229.01" }, "geometry": { "type": "Polygon", "coordinates": [ [ [ -122.687, 45.2521 ], [ -122.6773, 45.2521 ], [ -122.6765, 45.2595 ], [ -122.6708, 45.2594 ], [ -122.68, 45.2676 ], [ -122.6755, 45.2892 ], [ -122.6649, 45.2848 ], [ -122.6572, 45.2997 ], [ -122.6378, 45.3019 ], [ -122.6372, 45.3082 ], [ -122.6261, 45.3067 ], [ -122.6313, 45.2915 ], [ -122.6225, 45.2515 ], [ -122.6313, 45.237 ], [ -122.6428, 45.2377 ], [ -122.6454, 45.2431 ], [ -122.6587, 45.2385 ], [ -122.6767, 45.2456 ], [ -122.6875, 45.2445 ], [ -122.687, 45.2521 ] ] ] } },
{ "type": "Feature", "properties": { "GEOIDFQ": "1400000US41047001100", "NAME": "11", "NAMELSAD": "Census Tract 11" }, "geometry": { "type": "Polygon", "coordinates": [ [ [ -123.0271, 44.9123 ], [ -123.0204, 44.9015 ], [ -123.0362, 44.8941 ], [ -123.0452, 44.9133 ], [ -123.0271, 44.9123 ] ] ] } },
{ "type": "Feature", "properties": { "GEOIDFQ": "1400000US41051006502", "NAME": "65.02", "NAMELSAD": "Census Tract 65.02" }, "geometry": { "type": "Polygon", "coordinates": [ [ [ -122.7232, 45.4675 ], [ -122.6933, 45.4669 ], [ -122.7174, 45.4537 ], [ -122.7253, 45.4605 ], [ -122.7232, 45.4675 ] ] ] } },
{ "type": "Feature", "properties": { "GEOIDFQ": "1400000US41051006601", "NAME": "66.01", "NAMELSAD": "Census Tract 66.01" }, "geometry": { "type": "Polygon", "coordinates": [ [ [ -122.7231, 45.4762 ], [ -122.7232, 45.4675 ], [ -122.7437, 45.4675 ], [ -122.7437, 45.4745 ], [ -122.7231, 45.4762 ] ] ] } },
{ "type": "Feature", "properties": { "GEOIDFQ": "1400000US41051006602", "NAME": "66.02", "NAMELSAD": "Census Tract 66.02" }, "geometry": { "type": "Polygon", "coordinates": [ [ [ -122.7231, 45.4762 ], [ -122.6966, 45.476 ], [ -122.6881, 45.4703 ], [ -122.6973, 45.465 ], [ -122.7231, 45.4675 ], [ -122.7231, 45.4762 ] ] ] } },
{ "type": "Feature", "properties": { "GEOIDFQ": "1400000US41051006701", "NAME": "67.01", "NAMELSAD": "Census Tract 67.01" }, "geometry": { "type": "Polygon", "coordinates": [ [ [ -122.7232, 45.4858 ], [ -122.7231, 45.4762 ], [ -122.7437, 45.4764 ], [ -122.7437, 45.4871 ], [ -122.7232, 45.4858 ] ] ] } },
{ "type": "Feature", "properties": { "GEOIDFQ": "1400000US41051006702", "NAME": "67.02", "NAMELSAD": "Census Tract 67.02" }, "geometry": { "type": "Polygon", "coordinates": [ [ [ -122.7232, 45.4858 ], [ -122.7183, 45.4851 ], [ -122.6966, 45.476 ], [ -122.7231, 45.4762 ], [ -122.7232, 45.4858 ] ] ] } },
{ "type": "Feature", "properties": { "GEOIDFQ": "1400000US41051006801", "NAME": "68.01", "NAMELSAD": "Census Tract 68.01" }, "geometry": { "type": "Polygon", "coordinates": [ [ [ -122.7398, 45.4978 ], [ -122.7258, 45.4973 ], [ -122.7316, 45.487 ], [ -122.7437, 45.4871 ], [ -122.7398, 45.4978 ] ] ] } },
{ "type": "Feature", "properties": { "GEOIDFQ": "1400000US41051006802", "NAME": "68.02", "NAMELSAD": "Census Tract 68.02" }, "geometry": { "type": "Polygon", "coordinates": [ [ [ -122.7269, 45.4982 ], [ -122.713, 45.5016 ], [ -122.7077, 45.4816 ], [ -122.7308, 45.4878 ], [ -122.7269, 45.4982 ] ] ] } },
{ "type": "Feature", "properties": { "GEOIDFQ": "1400000US41005020403", "NAME": "204.03", "NAMELSAD": "Census Tract 204.03" }, "geometry": { "type": "Polygon", "coordinates": [ [ [ -122.7136, 45.4056 ], [ -122.7088, 45.4068 ], [ -122.7076, 45.3963 ], [ -122.6892, 45.395 ], [ -122.6977, 45.3797 ], [ -122.7212, 45.383 ], [ -122.7136, 45.4056 ] ] ] } }
]
}
