{
"type": "FeatureCollection",
"name": "state_46_tracts_simplified",
"crs": { "type": "name", "properties": { "name": "urn:ogc:def:crs:OGC:1.3:CRS84" } },
"features": [
{ "type": "Feature", "properties": { "GEOIDFQ": "1400000US46071941200", "NAME": "9412", "NAMELSAD": "Census Tract 9412" }, "geometry": { "type": "Polygon", "coordinates": [ [ [ -102.1392, 43.7009 ], [ -102.1203, 43.7055 ], [ -102.117, 43.7128 ], [ -102.1074, 43.7019 ], [ -102.112, 43.6917 ], [ -102.1031, 43.6851 ], [ -102.0952, 43.6883 ], [ -102.0958, 43.6953 ], [ -102.0556, 43.6888 ], [ -102.044, 43.6958 ], [ -102.0336, 43.689 ], [ -102.0371, 43.6988 ], [ -102.0245, 43.7134 ], [ -102.0166, 43.7042 ], [ -101.996, 43.7088 ], [ -101.9976, 43.7013 ], [ -101.9829, 43.7012 ], [ -101.9774, 43.7069 ], [ -101.9753, 43.6946 ], [ -101.9623, 43.696 ], [ -101.9462, 43.7076 ], [ -101.9386, 43.6945 ], [ -101.9257, 43.692 ], [ -101.9257, 43.6877 ], [ -101.9124, 43.6969 ], [ -101.8949, 43.6913 ], [ -101.8911, 43.6839 ], [ -101.8817, 43.687 ], [ -101.8788, 43.6955 ], [ -101.8715, 43.6935 ], [ -101.8739, 43.6861 ], [ -101.8583, 43.687 ], [ -101.848, 43.6963 ], [ -101.8392, 43.6878 ], [ -101.8317, 43.6961 ], [ -101.8304, 43.6923 ], [ -101.824, 43.6942 ], [ -101.825, 43.7054 ], [ -101.8148, 43.6959 ], [ -101.8063, 43.7047 ], [ -101.8045, 43.692 ], [ -101.7781, 43.7 ], [ -101.7778, 43.7073 ], [ -101.7635, 43.7031 ], [ -101.7753, 43.6952 ], [ -101.7603, 43.6959 ], [ -101.7529, 43.6897 ], [ -101.7467, 43.6982 ], [ -101.7406, 43.6922 ], [ -101.7347, 43.696 ], [ -101.7274, 43.6881 ], [ -101.713, 43.6985 ], [ -101.7039, 43.6957 ], [ -101.6963, 43.7011 ], [ -101.6936, 43.6941 ], [ -101.6917, 43.7043 ], [ -101.6784, 43.704 ], [ -101.6821, 43.6975 ], [ -101.6738, 43.7049 ], [ -101.6767, 43.7101 ], [ -101.6552, 43.7084 ], [ -101.6503, 43.7176 ], [ -101.6594, 43.7183 ], [ -101.6519, 43.7265 ], [ -101.6416, 43.7249 ], [ -101.6406, 43.7414 ], [ -101.6282, 43.7412 ], [ -101.6221, 43.7314 ], [ -101.6159, 43.7494 ], [ -101.6093, 43.7473 ], [ -101.6099, 43.7403 ], [ -101.5948, 43.751 ], [ -101.5908, 43.7403 ], [ -101.5624, 43.7488 ], [ -101.5474, 43.7417 ], [ -101.5552, 43.7503 ], [ -101.541, 43.7447 ], [ -101.5311, 43.7535 ], [ -101.5079, 43.7392 ], [ -101.5029, 43.7464 ], [ -101.4852, 43.7426 ], [ -101.4834, 43.7545 ], [ -101.4686, 43.75 ], [ -101.4763, 43.7608 ], [ -101.4661, 43.7639 ], [ -101.4636, 43.7593 ], [ -101.4711, 43.7565 ], [ -101.4636, 43.7554 ], [ -101.4583, 43.7717 ], [ -101.4472, 43.7719 ], [ -101.4511, 43.7634 ], [ -101.444, 43.7648 ], [ -101.4166, 43.7883 ], [ -101.4101, 43.7855 ], [ -101.4133, 43.7781 ], [ -101.4006, 43.7878 ], [ -101.3942, 43.7802 ], [ -101.3772, 43.7964 ], [ -101.3628, 43.7938 ], [ -101.3695, 43.7866 ], [ -101.3647, 43.7843 ], [ -101.3517, 43.7834 ], [ -101.3504, 43.7893 ], [ -101.3388, 43.7824 ], [ -101.3315, 43.7876 ], [ -101.3319, 43.7778 ], [ -101.3231, 43.7798 ], [ -101.3199, 43.7895 ], [ -101.3071, 43.7822 ], [ -101.31, 43.7785 ], [ -101.2976, 43.7811 ], [ -101.2939, 43.7886 ], [ -101.2785, 43.7791 ], [ -101.2675, 43.7841 ], [ -101.2682, 43.7935 ], [ -101.2634, 43.786 ], [ -101.2528, 43.7845 ], [ -101.2481, 43.792 ], [ -101.261, 43.7952 ], [ -101.2429, 43.796 ], [ -101.2345, 43.7855 ], [ -101.2273, 43.7911 ], [ -101.2282, 43.3892 ], [ -102.1108, 43.3899 ], [ -102.1111, 43.4768 ], [ -102.1391, 43.4767 ], [ -102.1392, 43.7009 ] ] ] } },
{ "type": "Feature", "properties": { "GEOIDFQ": "1400000US46019967701", "NAME": "9677.01", "NAMELSAD": "Census Tract 9677.01" }, "geometry": { "type": "Polygon", "coordinates": [ [ [ -104.0558, 44.7493 ], [ -104.0449, 44.7475 ], [ -104.0544, 44.7424 ], [ -104.0516, 44.7363 ], [ -104.0408, 44.7325 ], [ -104.026, 44.7354 ], [ -104.0288, 44.7276 ], [ -104.0377, 44.7257 ], [ -104.0315, 44.7194 ], [ -104.0188, 44.7187 ], [ -104.0169, 44.7247 ], [ -104.0028, 44.7159 ], [ -103.998, 44.722 ], [ -103.9804, 44.7198 ], [ -103.9775, 44.7291 ], [ -103.969, 44.723 ], [ -103.9753, 44.7172 ], [ -103.962, 44.7136 ], [ -103.9674, 44.7093 ], [ -103.9606, 44.7086 ], [ -103.9631, 44.7054 ], [ -103.9548, 44.7028 ], [ -103.9576, 44.7106 ], [ -103.9535, 44.7052 ], [ -103.9403, 44.7077 ], [ -103.9298, 44.7019 ], [ -103.9364, 44.6961 ], [ -103.9289, 44.6912 ], [ -103.9182, 44.699 ], [ -103.9159, 44.6904 ], [ -103.9089, 44.6943 ], [ -103.8753, 44.6911 ], [ -103.8536, 44.6709 ], [ -103.8577, 44.6548 ], [ -103.8444, 44.6558 ], [ -103.8458, 44.6626 ], [ -103.8158, 44.6624 ], [ -103.8207, 44.6601 ], [ -103.8073, 44.6411 ], [ -103.8153, 44.629 ], [ -103.8147, 44.6124 ], [ -103.8213, 44.613 ], [ -103.8183, 44.6059 ], [ -103.8284, 44.6011 ], [ -103.8264, 44.5932 ], [ -103.838, 44.5937 ], [ -103.8349, 44.5891 ], [ -103.8522, 44.5923 ], [ -103.8642, 44.5865 ], [ -103.8741, 44.5964 ], [ -103.8884, 44.599 ], [ -103.9072, 44.5935 ], [ -103.9075, 44.5871 ], [ -103.9193, 44.5894 ], [ -103.9199, 44.5842 ], [ -103.9312, 44.5853 ], [ -103.933, 44.5797 ], [ -103.9405, 44.5827 ], [ -103.9478, 44.5775 ], [ -103.9633, 44.5776 ], [ -103.9674, 44.5819 ], [ -103.9701, 44.5771 ], [ -103.9799, 44.5817 ], [ -104.0027, 44.5734 ], [ -104.0253, 44.5829 ], [ -104.0292, 44.5772 ], [ -104.0344, 44.5812 ], [ -104.0554, 44.571 ], [ -104.0558, 44.7493 ] ] ] } },
{ "type": "Feature", "properties": { "GEOIDFQ": "1400000US46019967702", "NAME": "9677.02", "NAMELSAD": "Census Tract 9677.02" }, "geometry": { "type": "Polygon", "coordinates": [ [ [ -103.8309, 44.6907 ], [ -103.8236, 44.7078 ], [ -103.812, 44.7118 ], [ -103.783, 44.7065 ], [ -103.7675, 44.691 ], [ -103.7898, 44.6909 ], [ -103.7913, 44.6772 ], [ -103.8174, 44.6771 ], [ -103.8218, 44.6626 ], [ -103.8458, 44.6626 ], [ -103.8444, 44.6558 ], [ -103.8566, 44.6546 ], [ -103.8536, 44.6709 ], [ -103.8753, 44.6911 ], [ -103.8309, 44.6907 ] ] ] } },
{ "type": "Feature", "properties": { "GEOIDFQ": "1400000US46102941100", "NAME": "9411", "NAMELSAD": "Census Tract 9411" }, "geometry": { "type": "Polygon", "coordinates": [ [ [ -103.001, 43.6058 ], [ -102.9815, 43.6113 ], [ -102.9768, 43.6185 ], [ -102.9583, 43.6135 ], [ -102.9326, 43.6187 ], [ -102.9269, 43.6261 ], [ -102.9327, 43.6309 ], [ -102.9217, 43.6407 ], [ -102.9242, 43.6507 ], [ -102.9195, 43.6612 ], [ -102.9094, 43.6651 ], [ -102.9089, 43.6745 ], [ -102.8634, 43.6689 ], [ -102.8599, 43.6587 ], [ -102.8502, 43.6593 ], [ -102.8468, 43.6654 ], [ -102.8306, 43.6569 ], [ -102.8138, 43.6676 ], [ -102.8094, 43.6876 ], [ -102.3798, 43.6875 ], [ -102.2222, 43.1296 ], [ -103.0008, 43.13 ], [ -103.001, 43.6058 ] ] ] } },
{ "type": "Feature", "properties": { "GEOIDFQ": "1400000US46102941000", "NAME": "9410", "NAMELSAD": "Census Tract 9410" }, "geometry": { "type": "Polygon", "coordinates": [ [ [ -102.9995, 43.1301 ], [ -102.0814, 43.1292 ], [ -102.0825, 42.9994 ], [ -103.0006, 43.0008 ], [ -102.9995, 43.1301 ] ] ] } },
{ "type": "Feature", "properties": { "GEOIDFQ": "1400000US46102941200", "NAME": "9412", "NAMELSAD": "Census Tract 9412" }, "geometry": { "type": "Polygon", "coordinates": [ [ [ -102.1787, 43.6873 ], [ -102.1665, 43.6918 ], [ -102.1684, 43.6969 ], [ -102.1567, 43.6972 ], [ -102.1537, 43.7061 ], [ -102.1392, 43.7009 ], [ -102.1391, 43.4767 ], [ -102.1111, 43.4768 ], [ -102.1089, 43.1293 ], [ -102.2222, 43.1296 ], [ -102.3798, 43.6875 ], [ -102.1787, 43.6873 ] ] ] } },
{ "type": "Feature", "properties": { "GEOIDFQ": "1400000US46011958804", "NAME": "9588.04", "NAMELSAD": "Census Tract 9588.04" }, "geometry": { "type": "Polygon", "coordinates": [ [ [ -96.8088, 44.3171 ], [ -96.7884, 44.3188 ], [ -96.7886, 44.3046 ], [ -96.8088, 44.31 ], [ -96.8088, 44.3171 ] ] ] } },
{ "type": "Feature", "properties": { "GEOIDFQ": "1400000US46067968800", "NAME": "9688", "NAMELSAD": "Census Tract 9688" }, "geometry": { "type": "Polygon", "coordinates": [ [ [ -98.015, 43.3844 ], [ -98.0146, 43.37 ], [ -97.9364, 43.3688 ], [ -97.9366, 43.3843 ], [ -97.7232, 43.3862 ], [ -97.7044, 43.3963 ], [ -97.7098, 43.391 ], [ -97.6992, 43.3866 ], [ -97.7012, 43.381 ], [ -97.6908, 43.3726 ], [ -97.6764, 43.371 ], [ -97.6777, 43.3671 ], [ -97.6673, 43.3701 ], [ -97.6664, 43.3632 ], [ -97.6569, 43.3661 ], [ -97.6649, 43.3614 ], [ -97.6547, 43.3645 ], [ -97.6535, 43.3576 ], [ -97.6449, 43.3614 ], [ -97.6334, 43.3485 ], [ -97.6268, 43.3497 ], [ -97.6322, 43.3459 ], [ -97.6173, 43.3304 ], [ -97.6239, 43.3274 ], [ -97.6216, 43.3192 ], [ -97.6272, 43.3192 ], [ -97.6263, 43.3044 ], [ -97.6315, 43.3013 ], [ -97.6354, 43.3052 ], [ -97.6316, 43.288 ], [ -97.6246, 43.2838 ], [ -97.6288, 43.275 ], [ -97.622, 43.272 ], [ -97.6322, 43.2703 ], [ -97.6313, 43.263 ], [ -97.6376, 43.2653 ], [ -97.6506, 43.2437 ], [ -97.6588, 43.2413 ], [ -97.6599, 43.2468 ], [ -97.6749, 43.2341 ], [ -97.6708, 43.2227 ], [ -97.6765, 43.2194 ], [ -97.6654, 43.2111 ], [ -97.677, 43.211 ], [ -97.672, 43.2034 ], [ -97.6632, 43.2057 ], [ -97.66, 43.201 ], [ -97.6561, 43.2049 ], [ -97.6439, 43.1966 ], [ -97.6544, 43.1968 ], [ -97.6571, 43.1921 ], [ -97.6402, 43.1901 ], [ -97.6365, 43.1938 ], [ -97.6373, 43.1867 ], [ -97.6246, 43.1741 ], [ -97.6153, 43.1768 ], [ -97.6148, 43.1687 ], [ -98.0771, 43.1683 ], [ -98.069, 43.1849 ], [ -98.1095, 43.1968 ], [ -98.1118, 43.3839 ], [ -98.015, 43.3844 ] ] ] } },
{ "type": "Feature", "properties": { "GEOIDFQ": "1400000US46067968600", "NAME": "9686", "NAMELSAD": "Census Tract 9686" }, "geometry": { "type": "Polygon", "coordinates": [ [ [ -97.8095, 43.4838 ], [ -97.8147, 43.4869 ], [ -97.8065, 43.4906 ], [ -97.8116, 43.4953 ], [ -97.8017, 43.4997 ], [ -97.4014, 43.4998 ], [ -97.3992, 43.1694 ], [ -97.6148, 43.1687 ], [ -97.6153, 43.1768 ], [ -97.6246, 43.1741 ], [ -97.6373, 43.1867 ], [ -97.6365, 43.1938 ], [ -97.6402, 43.1901 ], [ -97.6571, 43.1921 ], [ -97.6544, 43.1968 ], [ -97.6439, 43.1966 ], [ -97.6561, 43.2049 ], [ -97.66, 43.201 ], [ -97.6632, 43.2057 ], [ -97.672, 43.2034 ], [ -97.6764, 43.2128 ], [ -97.6654, 43.2116 ], [ -97.6765, 43.2194 ], [ -97.6708, 43.2227 ], [ -97.6749, 43.2341 ], [ -97.6599, 43.2468 ], [ -97.6588, 43.2413 ], [ -97.6506, 43.2437 ], [ -97.6376, 43.2653 ], [ -97.6313, 43.263 ], [ -97.6322, 43.2703 ], [ -97.622, 43.272 ], [ -97.6288, 43.275 ], [ -97.6246, 43.2838 ], [ -97.6316, 43.288 ], [ -97.6354, 43.3048 ], [ -97.6307, 43.3012 ], [ -97.6263, 43.3044 ], [ -97.6272, 43.3192 ], [ -97.6216, 43.3192 ], [ -97.6239, 43.3274 ], [ -97.6173, 43.3304 ], [ -97.6322, 43.3459 ], [ -97.6268, 43.3497 ], [ -97.6334, 43.3485 ], [ -97.6453, 43.3616 ], [ -97.654, 43.3578 ], [ -97.6547, 43.3645 ], [ -97.6561, 43.3611 ], [ -97.6635, 43.3605 ], [ -97.6564, 43.3658 ], [ -97.667, 43.3634 ], [ -97.6673, 43.3701 ], [ -97.6777, 43.3671 ], [ -97.6764, 43.371 ], [ -97.6908, 43.3726 ], [ -97.7012, 43.381 ], [ -97.6992, 43.3866 ], [ -97.7098, 43.391 ], [ -97.7049, 43.3975 ], [ -97.7245, 43.4023 ], [ -97.7196, 43.4057 ], [ -97.7202, 43.4095 ], [ -97.7223, 43.4057 ], [ -97.7257, 43.4098 ], [ -97.7315, 43.4099 ], [ -97.7262, 43.4072 ], [ -97.7332, 43.4026 ], [ -97.7482, 43.4041 ], [ -97.7452, 43.4099 ], [ -97.7584, 43.4132 ], [ -97.7548, 43.4058 ], [ -97.7784, 43.4075 ], [ -97.7755, 43.4114 ], [ -97.7924, 43.4219 ], [ -97.7956, 43.4305 ], [ -97.8021, 43.4281 ], [ -97.8107, 43.4541 ], [ -97.8161, 43.4535 ], [ -97.8209, 43.4627 ], [ -97.8095, 43.4838 ] ] ] } },
{ "type": "Feature", "properties": { "GEOIDFQ": "1400000US46067968700", "NAME": "9687", "NAMELSAD": "Census Tract 9687" }, "geometry": { "type": "Polygon", "coordinates": [ [ [ -97.8017, 43.4997 ], [ -97.8116, 43.4953 ], [ -97.8065, 43.4906 ], [ -97.8147, 43.4869 ], [ -97.8095, 43.4838 ], [ -97.8209, 43.4627 ], [ -97.8161, 43.4535 ], [ -97.8107, 43.4541 ], [ -97.8021, 43.4281 ], [ -97.7956, 43.4305 ], [ -97.7924, 43.4219 ], [ -97.7755, 43.4114 ], [ -97.7784, 43.4075 ], [ -97.7548, 43.4058 ], [ -97.7584, 43.4132 ], [ -97.7452, 43.4099 ], [ -97.7482, 43.4041 ], [ -97.7332, 43.4026 ], [ -97.7262, 43.4072 ], [ -97.7315, 43.4099 ], [ -97.7219, 43.4057 ], [ -97.7209, 43.4096 ], [ -97.7194, 43.406 ], [ -97.7241, 43.402 ], [ -97.7044, 43.3963 ], [ -97.7232, 43.3862 ], [ -97.9366, 43.3843 ], [ -97.9364, 43.3688 ], [ -98.0146, 43.37 ], [ -98.015, 43.3844 ], [ -98.1118, 43.3839 ], [ -98.1148, 43.4983 ], [ -97.8017, 43.4997 ] ] ] } },
{ "type": "Feature", "properties": { "GEOIDFQ": "1400000US46043969600", "NAME": "9696", "NAMELSAD": "Census Tract 9696" }, "geometry": { "type": "Polygon", "coordinates": [ [ [ -98.7058, 43.4993 ], [ -98.1148, 43.4983 ], [ -98.1095, 43.1968 ], [ -98.6807, 43.3732 ], [ -98.7069, 43.3701 ], [ -98.7058, 43.4993 ] ] ] } },
{ "type": "Feature", "properties": { "GEOIDFQ": "1400000US46123971700", "NAME": "9717", "NAMELSAD": "Census Tract 9717" }, "geometry": { "type": "Polygon", "coordinates": [ [ [ -99.8505, 43.4008 ], [ -99.8505, 43.4153 ], [ -99.7908, 43.4153 ], [ -99.7908, 43.3718 ], [ -99.8107, 43.3718 ], [ -99.8141, 43.3303 ], [ -99.8702, 43.3284 ], [ -99.8702, 43.343 ], [ -99.9294, 43.343 ], [ -99.9294, 43.3858 ], [ -99.9493, 43.3863 ], [ -99.9494, 43.4009 ], [ -99.8505, 43.4008 ] ] ] } },
{ "type": "Feature", "properties": { "GEOIDFQ": "1400000US46123971600", "NAME": "9716", "NAMELSAD": "Census Tract 9716" }, "geometry": { "type": "Polygon", "coordinates": [ [ [ -100.2308, 43.7139 ], [ -100.2247, 43.7131 ], [ -100.2244, 43.6974 ], [ -100.2099, 43.6833 ], [ -100.1971, 43.7042 ], [ -100.1899, 43.7062 ], [ -100.1619, 43.7044 ], [ -100.1404, 43.6945 ], [ -100.1448, 43.7033 ], [ -100.1326, 43.7032 ], [ -100.1152, 43.6854 ], [ -100.1058, 43.6944 ], [ -100.0872, 43.6852 ], [ -100.0775, 43.692 ], [ -100.0478, 43.6932 ], [ -100.0451, 43.704 ], [ -100.0311, 43.6975 ], [ -100.0133, 43.7078 ], [ -100.0069, 43.7047 ], [ -100.0099, 43.6937 ], [ -100.0004, 43.6938 ], [ -99.998, 43.702 ], [ -99.9815, 43.6871 ], [ -99.9738, 43.6932 ], [ -99.962, 43.6886 ], [ -99.955, 43.6982 ], [ -99.9343, 43.6955 ], [ -99.9318, 43.6874 ], [ -99.9254, 43.6868 ], [ -99.8982, 43.7008 ], [ -99.8851, 43.6859 ], [ -99.8885, 43.6773 ], [ -99.8706, 43.6707 ], [ -99.862, 43.6829 ], [ -99.8731, 43.6891 ], [ -99.8512, 43.6884 ], [ -99.8597, 43.7012 ], [ -99.8399, 43.6887 ], [ -99.8021, 43.7006 ], [ -99.7986, 43.7116 ], [ -99.7458, 43.7103 ], [ -99.7635, 43.731 ], [ -99.7621, 43.7396 ], [ -99.7506, 43.7477 ], [ -99.7404, 43.7472 ], [ -99.7402, 43.7237 ], [ -99.73, 43.7188 ], [ -99.7109, 43.7331 ], [ -99.7069, 43.7496 ], [ -99.6944, 43.7601 ], [ -99.682, 43.7531 ], [ -99.6908, 43.7342 ], [ -99.6843, 43.7278 ], [ -99.6717, 43.7286 ], [ -99.6623, 43.7355 ], [ -99.6669, 43.7642 ], [ -99.6582, 43.7665 ], [ -99.6451, 43.76 ], [ -99.6416, 43.7357 ], [ -99.6236, 43.7424 ], [ -99.6236, 43.4999 ], [ -99.5345, 43.4998 ], [ -99.534, 42.998 ], [ -100.1984, 42.9987 ], [ -100.1985, 43.1287 ], [ -100.2138, 43.1287 ], [ -100.2143, 43.4778 ], [ -100.231, 43.478 ], [ -100.2308, 43.7139 ] ], [ [ -99.9294, 43.3858 ], [ -99.9294, 43.343 ], [ -99.8702, 43.343 ], [ -99.8702, 43.3284 ], [ -99.8202, 43.3285 ], [ -99.8107, 43.3339 ], [ -99.8107, 43.3718 ], [ -99.7908, 43.3718 ], [ -99.7908, 43.4153 ], [ -99.8505, 43.4153 ], [ -99.8505, 43.4008 ], [ -99.9494, 43.4009 ], [ -99.9493, 43.3863 ], [ -99.9294, 43.3858 ] ] ] } },
{ "type": "Feature", "properties": { "GEOIDFQ": "1400000US46135966200", "NAME": "9662", "NAMELSAD": "Census Tract 9662" }, "geometry": { "type": "Polygon", "coordinates": [ [ [ -97.3606, 42.9524 ], [ -97.3554, 42.8927 ], [ -97.3282, 42.907 ], [ -97.3234, 42.9002 ], [ -97.3148, 42.9081 ], [ -97.2905, 42.9072 ], [ -97.2756, 42.8935 ], [ -97.2824, 42.875 ], [ -97.3008, 42.8645 ], [ -97.308, 42.8675 ], [ -97.3412, 42.8559 ], [ -97.3618, 42.8551 ], [ -97.3767, 42.8652 ], [ -97.3879, 42.8644 ], [ -97.379, 42.8678 ], [ -97.3872, 42.879 ], [ -97.392, 42.9089 ], [ -97.3974, 42.9089 ], [ -97.3979, 42.9523 ], [ -97.3606, 42.9524 ] ] ] } },
{ "type": "Feature", "properties": { "GEOIDFQ": "1400000US46135966100", "NAME": "9661", "NAMELSAD": "Census Tract 9661" }, "geometry": { "type": "Polygon", "coordinates": [ [ [ -97.4022, 42.8834 ], [ -97.3827, 42.879 ], [ -97.3794, 42.8663 ], [ -97.394, 42.8642 ], [ -97.4033, 42.869 ], [ -97.4022, 42.8834 ] ] ] } },
{ "type": "Feature", "properties": { "GEOIDFQ": "1400000US46093020303", "NAME": "203.03", "NAMELSAD": "Census Tract 203.03" }, "geometry": { "type": "Polygon", "coordinates": [ [ [ -103.396, 44.1983 ], [ -103.3786, 44.2007 ], [ -103.3651, 44.2098 ], [ -103.3657, 44.2151 ], [ -103.3238, 44.1799 ], [ -103.2954, 44.1409 ], [ -103.4525, 44.1408 ], [ -103.4529, 44.232 ], [ -103.396, 44.1983 ] ] ] } },
{ "type": "Feature", "properties": { "GEOIDFQ": "1400000US46119979100", "NAME": "9791", "NAMELSAD": "Census Tract 9791" }, "geometry": { "type": "Polygon", "coordinates": [ [ [ -100.7152, 44.8212 ], [ -100.6933, 44.8283 ], [ -100.6668, 44.8169 ], [ -100.611, 44.7701 ], [ -100.5435, 44.7611 ], [ -100.5269, 44.7683 ], [ -100.4751, 44.8164 ], [ -100.4187, 44.8434 ], [ -100.4027, 44.8568 ], [ -100.393, 44.875 ], [ -100.4048, 44.8977 ], [ -99.6743, 44.8975 ], [ -99.6764, 44.5481 ], [ -100.5265, 44.5474 ], [ -100.5381, 44.5528 ], [ -100.593, 44.5566 ], [ -100.6324, 44.5756 ], [ -100.6456, 44.598 ], [ -100.6431, 44.6203 ], [ -100.6248, 44.6516 ], [ -100.6125, 44.6935 ], [ -100.6301, 44.7372 ], [ -100.6803, 44.7474 ], [ -100.6914, 44.7597 ], [ -100.7225, 44.7739 ], [ -100.7293, 44.7896 ], [ -100.7152, 44.8212 ] ] ] } },
{ "type": "Feature", "properties": { "GEOIDFQ": "1400000US46079960201", "NAME": "9602.01", "NAMELSAD": "Census Tract 9602.01" }, "geometry": { "type": "Polygon", "coordinates": [ [ [ -97.0694, 44.0077 ], [ -97.0696, 43.9801 ], [ -97.1491, 43.9785 ], [ -97.1494, 44.0069 ], [ -97.0694, 44.0077 ] ] ] } },
{ "type": "Feature", "properties": { "GEOIDFQ": "1400000US46079960202", "NAME": "9602.02", "NAMELSAD": "Census Tract 9602.02" }, "geometry": { "type": "Polygon", "coordinates": [ [ [ -97.0695, 44.0367 ], [ -97.0694, 44.0077 ], [ -97.1494, 44.0075 ], [ -97.1495, 44.0365 ], [ -97.0695, 44.0367 ] ] ] } },
{ "type": "Feature", "properties": { "GEOIDFQ": "1400000US46029954402", "NAME": "9544.02", "NAMELSAD": "Census Tract 9544.02" }, "geometry": { "type": "Polygon", "coordinates": [ [ [ -97.1221, 44.9046 ], [ -97.1069, 44.901 ], [ -97.1116, 44.8901 ], [ -97.1265, 44.8912 ], [ -97.1221, 44.9046 ] ] ] } },
{ "type": "Feature", "properties": { "GEOIDFQ": "1400000US46029954401", "NAME": "9544.01", "NAMELSAD": "Census Tract 9544.01" }, "geometry": { "type": "Polygon", "coordinates": [ [ [ -97.1069, 44.901 ], [ -97.0863, 44.8967 ], [ -97.0861, 44.8901 ], [ -97.1115, 44.8903 ], [ -97.1069, 44.901 ] ] ] } },
{ "type": "Feature", "properties": { "GEOIDFQ": "1400000US46029954100", "NAME": "9541", "NAMELSAD": "Census Tract 9541" }, "geometry": { "type": "Polygon", "coordinates": [ [ [ -97.0776, 45.1509 ], [ -96.8839, 45.1502 ], [ -96.8846, 44.8044 ], [ -97.1272, 44.8033 ], [ -97.127, 44.8468 ], [ -97.1087, 44.8473 ], [ -97.1089, 44.8764 ], [ -97.0573, 44.8767 ], [ -97.0567, 44.9047 ], [ -97.0865, 44.9046 ], [ -97.0864, 44.9337 ], [ -97.1465, 44.9339 ], [ -97.1469, 44.9242 ], [ -97.1767, 44.9454 ], [ -97.0776, 45.1509 ] ] ] } },
{ "type": "Feature", "properties": { "GEOIDFQ": "1400000US46061964100", "NAME": "9641", "NAMELSAD": "Census Tract 9641" }, "geometry": { "type": "Polygon", "coordinates": [ [ [ -97.9673, 43.8507 ], [ -97.6085, 43.8491 ], [ -97.607, 43.4998 ], [ -97.9646, 43.499 ], [ -97.9673, 43.8507 ] ] ] } },
{ "type": "Feature", "properties": { "GEOIDFQ": "1400000US46035962802", "NAME": "9628.02", "NAMELSAD": "Census Tract 9628.02" }, "geometry": { "type": "Polygon", "coordinates": [ [ [ -98.0073, 43.7156 ], [ -98.0076, 43.7241 ], [ -98.0017, 43.7242 ], [ -98.0042, 43.7205 ], [ -97.9956, 43.7215 ], [ -97.9951, 43.7166 ], [ -97.9888, 43.7183 ], [ -97.978, 43.7114 ], [ -97.9797, 43.7047 ], [ -97.9683, 43.7014 ], [ -97.9669, 43.6936 ], [ -98.0185, 43.7066 ], [ -98.0186, 43.7155 ], [ -98.0073, 43.7156 ] ] ] } },
{ "type": "Feature", "properties": { "GEOIDFQ": "1400000US46035962801", "NAME": "9628.01", "NAMELSAD": "Census Tract 9628.01" }, "geometry": { "type": "Polygon", "coordinates": [ [ [ -98.0171, 43.7178 ], [ -98.0185, 43.7066 ], [ -98.0426, 43.7102 ], [ -98.0476, 43.7164 ], [ -98.0171, 43.7178 ] ] ] } },
{ "type": "Feature", "properties": { "GEOIDFQ": "1400000US46029954502", "NAME": "9545.02", "NAMELSAD": "Census Tract 9545.02" }, "geometry": { "type": "Polygon", "coordinates": [ [ [ -97.2497, 44.9196 ], [ -97.231, 44.9217 ], [ -97.2282, 44.9402 ], [ -97.201, 44.9511 ], [ -97.188, 44.9508 ], [ -97.1469, 44.9242 ], [ -97.1465, 44.9339 ], [ -97.1297, 44.9336 ], [ -97.122, 44.9033 ], [ -97.1269, 44.8901 ], [ -97.2492, 44.8906 ], [ -97.2548, 44.9097 ], [ -97.2497, 44.9196 ] ] ] } },
{ "type": "Feature", "properties": { "GEOIDFQ": "1400000US46029954600", "NAME": "9546", "NAMELSAD": "Census Tract 9546" }, "geometry": { "type": "Polygon", "coordinates": [ [ [ -97.4943, 45.1516 ], [ -97.0776, 45.1509 ], [ -97.1762, 44.9458 ], [ -97.2003, 44.9512 ], [ -97.2212, 44.9443 ], [ -97.2323, 44.9343 ], [ -97.2311, 44.9216 ], [ -97.2497, 44.9196 ], [ -97.2547, 44.91 ], [ -97.2482, 44.8767 ], [ -97.2285, 44.8766 ], [ -97.2288, 44.8476 ], [ -97.127, 44.8468 ], [ -97.1272, 44.8033 ], [ -97.4913, 44.804 ], [ -97.4943, 45.1516 ] ] ] } },
{ "type": "Feature", "properties": { "GEOIDFQ": "1400000US46033965100", "NAME": "9651", "NAMELSAD": "Census Tract 9651" }, "geometry": { "type": "Polygon", "coordinates": [ [ [ -103.632, 43.8555 ], [ -103.6411, 43.8305 ], [ -103.6383, 43.8025 ], [ -103.6585, 43.7939 ], [ -103.6503, 43.7816 ], [ -103.6573, 43.7768 ], [ -103.6562, 43.7669 ], [ -103.6444, 43.7582 ], [ -103.6301, 43.7563 ], [ -103.6431, 43.742 ], [ -103.6195, 43.7145 ], [ -103.6135, 43.6966 ], [ -103.6053, 43.6955 ], [ -103.59, 43.6643 ], [ -103.5794, 43.6843 ], [ -103.5786, 43.7509 ], [ -103.5906, 43.7682 ], [ -103.5848, 43.7706 ], [ -103.5926, 43.8153 ], [ -103.5623, 43.8387 ], [ -103.578, 43.8448 ], [ -103.5781, 43.8558 ], [ -102.6867, 43.8535 ], [ -102.6937, 43.8479 ], [ -102.6882, 43.8408 ], [ -102.7009, 43.812 ], [ -102.6959, 43.7976 ], [ -102.706, 43.7971 ], [ -102.7077, 43.7895 ], [ -102.7378, 43.7717 ], [ -102.7336, 43.7642 ], [ -102.7586, 43.7411 ], [ -102.7699, 43.7389 ], [ -102.7785, 43.7205 ], [ -102.7914, 43.7218 ], [ -102.8033, 43.7102 ], [ -102.801, 43.6988 ], [ -102.8173, 43.6903 ], [ -102.8081, 43.6861 ], [ -102.8138, 43.6676 ], [ -102.8288, 43.6571 ], [ -102.8473, 43.6654 ], [ -102.8562, 43.6583 ], [ -102.8634, 43.6689 ], [ -102.9101, 43.6742 ], [ -102.9086, 43.6662 ], [ -102.9195, 43.6612 ], [ -102.9242, 43.6507 ], [ -102.9217, 43.6407 ], [ -102.9327, 43.6309 ], [ -102.9269, 43.6261 ], [ -102.9326, 43.6187 ], [ -102.9583, 43.6135 ], [ -102.9761, 43.6187 ], [ -102.9815, 43.6113 ], [ -103.001, 43.6058 ], [ -103.0009, 43.4768 ], [ -104.0548, 43.4778 ], [ -104.0555, 43.8535 ], [ -103.632, 43.8555 ] ] ] } },
{ "type": "Feature", "properties": { "GEOIDFQ": "1400000US46083010107", "NAME": "101.07", "NAMELSAD": "Census Tract 101.07" }, "geometry": { "type": "Polygon", "coordinates": [ [ [ -96.7474, 43.4607 ], [ -96.6587, 43.4604 ], [ -96.6584, 43.4025 ], [ -96.7472, 43.4026 ], [ -96.7474, 43.4607 ] ] ] } },
{ "type": "Feature", "properties": { "GEOIDFQ": "1400000US46025955800", "NAME": "9558", "NAMELSAD": "Census Tract 9558" }, "geometry": { "type": "Polygon", "coordinates": [ [ [ -97.9818, 45.1533 ], [ -97.4943, 45.1516 ], [ -97.4923, 44.5439 ], [ -97.8563, 44.5444 ], [ -97.8562, 44.6312 ], [ -97.9778, 44.6316 ], [ -97.9772, 44.8923 ], [ -97.9828, 44.8923 ], [ -97.9818, 45.1533 ] ] ] } },
{ "type": "Feature", "properties": { "GEOIDFQ": "1400000US46011958805", "NAME": "9588.05", "NAMELSAD": "Census Tract 9588.05" }, "geometry": { "type": "Polygon", "coordinates": [ [ [ -96.8482, 44.3696 ], [ -96.7876, 44.3694 ], [ -96.7884, 44.3188 ], [ -96.8088, 44.3171 ], [ -96.8088, 44.3089 ], [ -96.7886, 44.3046 ], [ -96.7886, 44.297 ], [ -96.8492, 44.2973 ], [ -96.8482, 44.3696 ] ] ] } },
{ "type": "Feature", "properties": { "GEOIDFQ": "1400000US46099001110", "NAME": "11.10", "NAMELSAD": "Census Tract 11.10" }, "geometry": { "type": "Polygon", "coordinates": [ [ [ -96.7835, 43.5076 ], [ -96.7511, 43.5084 ], [ -96.748, 43.5004 ], [ -96.7882, 43.5004 ], [ -96.7835, 43.5076 ] ] ] } },
{ "type": "Feature", "properties": { "GEOIDFQ": "1400000US46099001109", "NAME": "11.09", "NAMELSAD": "Census Tract 11.09" }, "geometry": { "type": "Polygon", "coordinates": [ [ [ -96.7807, 43.5308 ], [ -96.7655, 43.5148 ], [ -96.7511, 43.5149 ], [ -96.7511, 43.5084 ], [ -96.7835, 43.5076 ], [ -96.7807, 43.5308 ] ] ] } },
{ "type": "Feature", "properties": { "GEOIDFQ": "1400000US46099001805", "NAME": "18.05", "NAMELSAD": "Census Tract 18.05" }, "geometry": { "type": "Polygon", "coordinates": [ [ [ -96.6814, 43.522 ], [ -96.6714, 43.5221 ], [ -96.6688, 43.5003 ], [ -96.6814, 43.501 ], [ -96.6814, 43.522 ] ] ] } },
{ "type": "Feature", "properties": { "GEOIDFQ": "1400000US46099001111", "NAME": "11.11", "NAMELSAD": "Census Tract 11.11" }, "geometry": { "type": "Polygon", "coordinates": [ [ [ -96.8082, 43.5439 ], [ -96.8121, 43.5393 ], [ -96.7909, 43.5339 ], [ -96.7909, 43.5293 ], [ -96.8009, 43.5293 ], [ -96.8009, 43.5148 ], [ -96.8109, 43.5148 ], [ -96.8158, 43.533 ], [ -96.8307, 43.5329 ], [ -96.8307, 43.5439 ], [ -96.8082, 43.5439 ] ] ] } },
{ "type": "Feature", "properties": { "GEOIDFQ": "1400000US46099000702", "NAME": "7.02", "NAMELSAD": "Census Tract 7.02" }, "geometry": { "type": "Polygon", "coordinates": [ [ [ -96.7328, 43.5512 ], [ -96.7327, 43.5401 ], [ -96.7413, 43.5402 ], [ -96.7427, 43.5512 ], [ -96.7328, 43.5512 ] ] ] } },
{ "type": "Feature", "properties": { "GEOIDFQ": "1400000US46099001806", "NAME": "18.06", "NAMELSAD": "Census Tract 18.06" }, "geometry": { "type": "Polygon", "coordinates": [ [ [ -96.6636, 43.5148 ], [ -96.6675, 43.5294 ], [ -96.6518, 43.5294 ], [ -96.6498, 43.5004 ], [ -96.6688, 43.5003 ], [ -96.6714, 43.5148 ], [ -96.6636, 43.5148 ] ] ] } },
{ "type": "Feature", "properties": { "GEOIDFQ": "1400000US46099001112", "NAME": "11.12", "NAMELSAD": "Census Tract 11.12" }, "geometry": { "type": "Polygon", "coordinates": [ [ [ -96.8307, 43.5329 ], [ -96.8158, 43.533 ], [ -96.8109, 43.5148 ], [ -96.8308, 43.5148 ], [ -96.8307, 43.5329 ] ] ] } },
{ "type": "Feature", "properties": { "GEOIDFQ": "1400000US46099001501", "NAME": "15.01", "NAMELSAD": "Census Tract 15.01" }, "geometry": { "type": "Polygon", "coordinates": [ [ [ -96.7387, 43.5171 ], [ -96.7363, 43.5273 ], [ -96.7413, 43.5294 ], [ -96.7301, 43.5294 ], [ -96.7262, 43.513 ], [ -96.7492, 43.5034 ], [ -96.7511, 43.5149 ], [ -96.7387, 43.5171 ] ] ] } },
{ "type": "Feature", "properties": { "GEOIDFQ": "1400000US46099000701", "NAME": "7.01", "NAMELSAD": "Census Tract 7.01" }, "geometry": { "type": "Polygon", "coordinates": [ [ [ -96.7241, 43.5512 ], [ -96.72, 43.5414 ], [ -96.7327, 43.5414 ], [ -96.7328, 43.5512 ], [ -96.7241, 43.5512 ] ] ] } },
{ "type": "Feature", "properties": { "GEOIDFQ": "1400000US46099001502", "NAME": "15.02", "NAMELSAD": "Census Tract 15.02" }, "geometry": { "type": "Polygon", "coordinates": [ [ [ -96.7413, 43.5402 ], [ -96.7327, 43.5401 ], [ -96.7301, 43.5294 ], [ -96.7413, 43.5294 ], [ -96.7413, 43.5402 ] ] ] } },
{ "type": "Feature", "properties": { "GEOIDFQ": "1400000US46075091600", "NAME": "916", "NAMELSAD": "Census Tract 916" }, "geometry": { "type": "Polygon", "coordinates": [ [ [ -101.0641, 43.9949 ], [ -101.0468, 43.995 ], [ -101.0469, 44.1685 ], [ -100.3672, 44.1687 ], [ -100.3662, 43.847 ], [ -100.3394, 43.8471 ], [ -100.339, 43.7169 ], [ -100.3693, 43.7392 ], [ -100.3813, 43.7261 ], [ -100.4178, 43.7356 ], [ -100.413, 43.7262 ], [ -100.4195, 43.718 ], [ -100.4442, 43.7324 ], [ -100.4539, 43.7217 ], [ -100.4735, 43.721 ], [ -100.4652, 43.7297 ], [ -100.4713, 43.7368 ], [ -100.4749, 43.7272 ], [ -100.49, 43.7383 ], [ -100.5, 43.7303 ], [ -100.5146, 43.7299 ], [ -100.5221, 43.7463 ], [ -100.5415, 43.7368 ], [ -100.5547, 43.7372 ], [ -100.5618, 43.7432 ], [ -100.5511, 43.7423 ], [ -100.5528, 43.7555 ], [ -100.5724, 43.7527 ], [ -100.5879, 43.7693 ], [ -100.6111, 43.7586 ], [ -100.6104, 43.7493 ], [ -100.6178, 43.7434 ], [ -100.6425, 43.7381 ], [ -100.6395, 43.7479 ], [ -100.6585, 43.7469 ], [ -100.6692, 43.7347 ], [ -100.6551, 43.7355 ], [ -100.6531, 43.7316 ], [ -100.6779, 43.7224 ], [ -100.6793, 43.7116 ], [ -100.6976, 43.7164 ], [ -100.6959, 43.724 ], [ -100.7023, 43.7271 ], [ -100.704, 43.7193 ], [ -100.7161, 43.7204 ], [ -100.7227, 43.7114 ], [ -100.7264, 43.7212 ], [ -100.738, 43.7207 ], [ -100.7274, 43.714 ], [ -100.7345, 43.7075 ], [ -100.7537, 43.7225 ], [ -100.7422, 43.7297 ], [ -100.7453, 43.7389 ], [ -100.7507, 43.7342 ], [ -100.761, 43.7392 ], [ -100.7556, 43.7326 ], [ -100.7674, 43.7319 ], [ -100.7766, 43.7246 ], [ -100.7904, 43.7258 ], [ -100.7754, 43.7298 ], [ -100.795, 43.7339 ], [ -100.7865, 43.7373 ], [ -100.7899, 43.7424 ], [ -100.8044, 43.7436 ], [ -100.8043, 43.7492 ], [ -100.7965, 43.7474 ], [ -100.7946, 43.7521 ], [ -100.8051, 43.7556 ], [ -100.8083, 43.7668 ], [ -100.8364, 43.7685 ], [ -100.8398, 43.7592 ], [ -100.8399, 43.7665 ], [ -100.8614, 43.7888 ], [ -100.8755, 43.7808 ], [ -100.8747, 43.8003 ], [ -100.884, 43.8013 ], [ -100.8856, 43.7917 ], [ -100.902, 43.7944 ], [ -100.8939, 43.8006 ], [ -100.9073, 43.8005 ], [ -100.9121, 43.809 ], [ -100.9011, 43.8047 ], [ -100.8978, 43.812 ], [ -100.9166, 43.8143 ], [ -100.9299, 43.8309 ], [ -100.9406, 43.8309 ], [ -100.9456, 43.8151 ], [ -100.9588, 43.8101 ], [ -100.954, 43.8173 ], [ -100.9701, 43.8176 ], [ -100.9738, 43.8268 ], [ -100.9621, 43.8271 ], [ -100.9603, 43.8357 ], [ -100.9698, 43.8311 ], [ -100.9828, 43.8334 ], [ -100.987, 43.8491 ], [ -101.0112, 43.8412 ], [ -101.0308, 43.8428 ], [ -101.0249, 43.8523 ], [ -101.0309, 43.858 ], [ -101.0387, 43.8512 ], [ -101.0586, 43.8538 ], [ -101.0643, 43.8411 ], [ -101.0641, 43.9949 ] ] ] } },
{ "type": "Feature", "properties": { "GEOIDFQ": "1400000US46121940100", "NAME": "9401", "NAMELSAD": "Census Tract 9401" }, "geometry": { "type": "Polygon", "coordinates": [ [ [ -101.228, 43.2139 ], [ -101.2058, 43.2316 ], [ -101.1844, 43.2216 ], [ -101.1579, 43.2175 ], [ -101.1067, 43.246 ], [ -101.0981, 43.2636 ], [ -101.0496, 43.2748 ], [ -101.0069, 43.2938 ], [ -100.9131, 43.3038 ], [ -100.8944, 43.3212 ], [ -100.8783, 43.3265 ], [ -100.8169, 43.3158 ], [ -100.7901, 43.3049 ], [ -100.7504, 43.3029 ], [ -100.7479, 42.9982 ], [ -101.228, 42.9976 ], [ -101.228, 43.2139 ] ] ] } },
{ "type": "Feature", "properties": { "GEOIDFQ": "1400000US46121940200", "NAME": "9402", "NAMELSAD": "Census Tract 9402" }, "geometry": { "type": "Polygon", "coordinates": [ [ [ -101.2282, 43.3892 ], [ -100.2141, 43.3904 ], [ -100.2138, 43.1287 ], [ -100.1985, 43.1287 ], [ -100.1984, 42.9987 ], [ -100.7479, 42.9982 ], [ -100.7504, 43.3029 ], [ -100.7901, 43.3049 ], [ -100.8164, 43.3157 ], [ -100.8777, 43.3266 ], [ -100.8944, 43.3212 ], [ -100.9131, 43.3038 ], [ -101.0069, 43.2938 ], [ -101.0496, 43.2748 ], [ -101.0981, 43.2636 ], [ -101.1067, 43.246 ], [ -101.1572, 43.2177 ], [ -101.1844, 43.2216 ], [ -101.2036, 43.2321 ], [ -101.228, 43.2139 ], [ -101.2282, 43.3892 ] ] ] } },
{ "type": "Feature", "properties": { "GEOIDFQ": "1400000US46127020200", "NAME": "202", "NAMELSAD": "Census Tract 202" }, "geometry": { "type": "Polygon", "coordinates": [ [ [ -96.8063, 42.8228 ], [ -96.5861, 42.8223 ], [ -96.5841, 42.819 ], [ -96.5959, 42.815 ], [ -96.591, 42.8061 ], [ -96.5943, 42.798 ], [ -96.5997, 42.7984 ], [ -96.5952, 42.7929 ], [ -96.6052, 42.7914 ], [ -96.6039, 42.7834 ], [ -96.6195, 42.7841 ], [ -96.6264, 42.7714 ], [ -96.6364, 42.7697 ], [ -96.6272, 42.7544 ], [ -96.6228, 42.7584 ], [ -96.6193, 42.7546 ], [ -96.6356, 42.7419 ], [ -96.6305, 42.7353 ], [ -96.6394, 42.7364 ], [ -96.6305, 42.7302 ], [ -96.6342, 42.7243 ], [ -96.6244, 42.7252 ], [ -96.6302, 42.7054 ], [ -96.624, 42.7076 ], [ -96.6151, 42.6984 ], [ -96.6054, 42.7019 ], [ -96.6108, 42.6947 ], [ -96.5999, 42.699 ], [ -96.5936, 42.6898 ], [ -96.5996, 42.6869 ], [ -96.5865, 42.69 ], [ -96.5862, 42.6832 ], [ -96.572, 42.6782 ], [ -96.5784, 42.6718 ], [ -96.567, 42.6764 ], [ -96.5558, 42.6642 ], [ -96.5596, 42.658 ], [ -96.5429, 42.6612 ], [ -96.538, 42.649 ], [ -96.6871, 42.6494 ], [ -96.6976, 42.6591 ], [ -96.728, 42.6669 ], [ -96.7641, 42.662 ], [ -96.7932, 42.666 ], [ -96.8022, 42.6722 ], [ -96.8063, 42.8228 ] ] ] } },
{ "type": "Feature", "properties": { "GEOIDFQ": "1400000US46127020100", "NAME": "201", "NAMELSAD": "Census Tract 201" }, "geometry": { "type": "Polygon", "coordinates": [ [ [ -96.8057, 43.0837 ], [ -96.4541, 43.0834 ], [ -96.4607, 43.0643 ], [ -96.4767, 43.0627 ], [ -96.4909, 43.0508 ], [ -96.5105, 43.0499 ], [ -96.5125, 43.0411 ], [ -96.5213, 43.0397 ], [ -96.511, 43.0397 ], [ -96.512, 43.0262 ], [ -96.492, 43.0102 ], [ -96.497, 42.9985 ], [ -96.5099, 42.9952 ], [ -96.5208, 42.9803 ], [ -96.5158, 42.9728 ], [ -96.5052, 42.9711 ], [ -96.4989, 42.958 ], [ -96.5199, 42.94 ], [ -96.5168, 42.9323 ], [ -96.5253, 42.9356 ], [ -96.5341, 42.9237 ], [ -96.5413, 42.9239 ], [ -96.5365, 42.9056 ], [ -96.5429, 42.9038 ], [ -96.5253, 42.8919 ], [ -96.5398, 42.8898 ], [ -96.5435, 42.8838 ], [ -96.5377, 42.8785 ], [ -96.5471, 42.874 ], [ -96.5505, 42.8635 ], [ -96.5415, 42.8569 ], [ -96.5453, 42.8499 ], [ -96.5561, 42.8492 ], [ -96.5514, 42.8363 ], [ -96.5609, 42.8391 ], [ -96.5636, 42.8282 ], [ -96.5683, 42.8378 ], [ -96.581, 42.838 ], [ -96.5776, 42.828 ], [ -96.5861, 42.8223 ], [ -96.8063, 42.8228 ], [ -96.8057, 43.0837 ] ] ] } },
{ "type": "Feature", "properties": { "GEOIDFQ": "1400000US46115000300", "NAME": "3", "NAMELSAD": "Census Tract 3" }, "geometry": { "type": "Polygon", "coordinates": [ [ [ -98.4848, 44.927 ], [ -98.4913, 44.9254 ], [ -98.4949, 44.9279 ], [ -98.4799, 44.9382 ], [ -98.4861, 44.9385 ], [ -98.48, 44.9466 ], [ -98.4843, 44.9579 ], [ -98.4957, 44.9607 ], [ -98.4867, 44.9607 ], [ -98.4933, 44.9657 ], [ -98.4766, 44.9734 ], [ -98.4879, 44.9738 ], [ -98.4773, 44.9781 ], [ -98.4859, 44.985 ], [ -98.4762, 44.9937 ], [ -98.4832, 45.0015 ], [ -98.4676, 45.002 ], [ -98.4757, 45.0107 ], [ -98.4596, 45.0124 ], [ -98.4637, 45.019 ], [ -98.4584, 45.0161 ], [ -98.4538, 45.023 ], [ -98.4436, 45.025 ], [ -98.4426, 45.0334 ], [ -98.4502, 45.0302 ], [ -98.4477, 45.0341 ], [ -98.4534, 45.0353 ], [ -98.4572, 45.0307 ], [ -98.4618, 45.0351 ], [ -98.4537, 45.0371 ], [ -98.4634, 45.0426 ], [ -98.4493, 45.0494 ], [ -98.4541, 45.0559 ], [ -98.4429, 45.0542 ], [ -98.451, 45.0572 ], [ -98.4482, 45.0639 ], [ -98.4424, 45.0564 ], [ -98.4334, 45.0671 ], [ -98.4439, 45.0741 ], [ -98.4257, 45.0903 ], [ -98.4371, 45.0937 ], [ -98.4314, 45.1047 ], [ -98.422, 45.1037 ], [ -98.4298, 45.1246 ], [ -98.412, 45.134 ], [ -98.4157, 45.1379 ], [ -98.4187, 45.1323 ], [ -98.4247, 45.1341 ], [ -98.4286, 45.144 ], [ -98.4246, 45.1443 ], [ -98.426, 45.1483 ], [ -98.422, 45.1518 ], [ -98.423, 45.1475 ], [ -98.4165, 45.1468 ], [ -98.4175, 45.1531 ], [ -98.4042, 45.1525 ], [ -98.4021, 45.17 ], [ -98.396, 45.1694 ], [ -98.4011, 45.1752 ], [ -98.3911, 45.1772 ], [ -98.3907, 45.1825 ], [ -98.3989, 45.1805 ], [ -98.4069, 45.1859 ], [ -98.4097, 45.1945 ], [ -98.4031, 45.1957 ], [ -98.4108, 45.1988 ], [ -98.403, 45.1977 ], [ -98.406, 45.2093 ], [ -98.4015, 45.2247 ], [ -98.3949, 45.2246 ], [ -98.4008, 45.2276 ], [ -98.3945, 45.2282 ], [ -98.4016, 45.2323 ], [ -98.3949, 45.2315 ], [ -98.3944, 45.2401 ], [ -97.9815, 45.2404 ], [ -97.9778, 44.6316 ], [ -98.2719, 44.6326 ], [ -98.2889, 44.6778 ], [ -98.2673, 44.7213 ], [ -98.3001, 44.7478 ], [ -98.2953, 44.7529 ], [ -98.3029, 44.7779 ], [ -98.2907, 44.7853 ], [ -98.2953, 44.7925 ], [ -98.2905, 44.8003 ], [ -98.3007, 44.8094 ], [ -98.2991, 44.8219 ], [ -98.3227, 44.8448 ], [ -98.3155, 44.8546 ], [ -98.3176, 44.8669 ], [ -98.3381, 44.8704 ], [ -98.3373, 44.8789 ], [ -98.3544, 44.8815 ], [ -98.3524, 44.8877 ], [ -98.3645, 44.8852 ], [ -98.3529, 44.8988 ], [ -98.3641, 44.9025 ], [ -98.4089, 44.9013 ], [ -98.4074, 44.9064 ], [ -98.4341, 44.9217 ], [ -98.4351, 44.9273 ], [ -98.4509, 44.9262 ], [ -98.4555, 44.9152 ], [ -98.4492, 44.9152 ], [ -98.4561, 44.9068 ], [ -98.4852, 44.9129 ], [ -98.4851, 44.9195 ], [ -98.4914, 44.92 ], [ -98.4898, 44.915 ], [ -98.4992, 44.9164 ], [ -98.4848, 44.927 ] ] ] } },
{ "type": "Feature", "properties": { "GEOIDFQ": "1400000US46115000100", "NAME": "1", "NAMELSAD": "Census Tract 1" }, "geometry": { "type": "Polygon", "coordinates": [ [ [ -98.7178, 45.2437 ], [ -98.3912, 45.2416 ], [ -98.3949, 45.2315 ], [ -98.4016, 45.2323 ], [ -98.3945, 45.2282 ], [ -98.4008, 45.2276 ], [ -98.3949, 45.2246 ], [ -98.4015, 45.2247 ], [ -98.406, 45.2093 ], [ -98.403, 45.1977 ], [ -98.4108, 45.1988 ], [ -98.4031, 45.1957 ], [ -98.4097, 45.1945 ], [ -98.4069, 45.1859 ], [ -98.3989, 45.1805 ], [ -98.3907, 45.1825 ], [ -98.3911, 45.1772 ], [ -98.4011, 45.1752 ], [ -98.396, 45.1694 ], [ -98.4021, 45.17 ], [ -98.4042, 45.1525 ], [ -98.4175, 45.1531 ], [ -98.4165, 45.1468 ], [ -98.423, 45.1475 ], [ -98.422, 45.1518 ], [ -98.4286, 45.144 ], [ -98.4247, 45.1341 ], [ -98.4187, 45.1323 ], [ -98.4157, 45.1379 ], [ -98.412, 45.134 ], [ -98.4298, 45.1246 ], [ -98.422, 45.1037 ], [ -98.4314, 45.1047 ], [ -98.4371, 45.0937 ], [ -98.4257, 45.0903 ], [ -98.4439, 45.0741 ], [ -98.4334, 45.0671 ], [ -98.4424, 45.0564 ], [ -98.4482, 45.0639 ], [ -98.451, 45.0572 ], [ -98.4429, 45.0542 ], [ -98.4541, 45.0559 ], [ -98.4493, 45.0494 ], [ -98.4634, 45.0426 ], [ -98.4537, 45.0371 ], [ -98.4618, 45.0351 ], [ -98.4572, 45.0307 ], [ -98.4534, 45.0353 ], [ -98.4477, 45.0341 ], [ -98.4502, 45.0302 ], [ -98.4426, 45.0334 ], [ -98.4436, 45.025 ], [ -98.4538, 45.023 ], [ -98.4584, 45.0161 ], [ -98.4637, 45.019 ], [ -98.4596, 45.0124 ], [ -98.4757, 45.0107 ], [ -98.4676, 45.002 ], [ -98.4832, 45.0015 ], [ -98.4762, 44.9937 ], [ -98.4859, 44.985 ], [ -98.4773, 44.9781 ], [ -98.4879, 44.9738 ], [ -98.4766, 44.9734 ], [ -98.4933, 44.9657 ], [ -98.4867, 44.9607 ], [ -98.4957, 44.9607 ], [ -98.4843, 44.9579 ], [ -98.48, 44.9466 ], [ -98.4861, 44.9385 ], [ -98.4799, 44.9382 ], [ -98.4949, 44.9279 ], [ -98.4848, 44.927 ], [ -98.4993, 44.916 ], [ -98.4851, 44.9195 ], [ -98.4852, 44.9129 ], [ -98.4561, 44.9068 ], [ -98.4492, 44.9152 ], [ -98.4555, 44.9152 ], [ -98.4509, 44.9262 ], [ -98.4351, 44.9273 ], [ -98.4341, 44.9217 ], [ -98.4074, 44.9064 ], [ -98.4089, 44.9013 ], [ -98.3641, 44.9025 ], [ -98.3529, 44.8988 ], [ -98.3645, 44.8852 ], [ -98.3524, 44.8877 ], [ -98.3544, 44.8815 ], [ -98.3373, 44.8789 ], [ -98.3381, 44.8704 ], [ -98.3176, 44.8669 ], [ -98.3155, 44.8546 ], [ -98.3227, 44.8448 ], [ -98.2991, 44.8219 ], [ -98.3007, 44.8094 ], [ -98.2905, 44.8003 ], [ -98.2953, 44.7925 ], [ -98.2907, 44.7853 ], [ -98.3029, 44.7779 ], [ -98.2953, 44.7529 ], [ -98.3001, 44.7478 ], [ -98.2673, 44.7213 ], [ -98.2889, 44.6778 ], [ -98.2719, 44.6326 ], [ -98.7058, 44.6342 ], [ -98.7054, 44.8969 ], [ -98.7165, 44.8969 ], [ -98.7178, 45.2437 ] ], [ [ -98.5846, 44.8506 ], [ -98.5033, 44.8502 ], [ -98.5032, 44.8623 ], [ -98.4907, 44.8501 ], [ -98.4829, 44.8501 ], [ -98.4827, 44.8969 ], [ -98.5642, 44.8979 ], [ -98.5642, 44.8913 ], [ -98.5846, 44.8975 ], [ -98.5846, 44.8506 ] ] ] } },
{ "type": "Feature", "properties": { "GEOIDFQ": "1400000US46115000200", "NAME": "2", "NAMELSAD": "Census Tract 2" }, "geometry": { "type": "Polygon", "coordinates": [ [ [ -98.5846, 44.8975 ], [ -98.5642, 44.8913 ], [ -98.5642, 44.8979 ], [ -98.4827, 44.8969 ], [ -98.4829, 44.8501 ], [ -98.4907, 44.8501 ], [ -98.5032, 44.8623 ], [ -98.5033, 44.8502 ], [ -98.5846, 44.8506 ], [ -98.5846, 44.8975 ] ] ] } },
{ "type": "Feature", "properties": { "GEOIDFQ": "1400000US46037952900", "NAME": "9529", "NAMELSAD": "Census Tract 9529" }, "geometry": { "type": "Polygon", "coordinates": [ [ [ -97.5918, 45.2396 ], [ -97.5918, 45.3119 ], [ -97.4891, 45.312 ], [ -97.4892, 45.5582 ], [ -97.5098, 45.5583 ], [ -97.5147, 45.5878 ], [ -97.3734, 45.5876 ], [ -97.3646, 45.5587 ], [ -97.2271, 45.5582 ], [ -97.2263, 45.1518 ], [ -97.5964, 45.1517 ], [ -97.5969, 45.2369 ], [ -97.5918, 45.2396 ] ] ] } },
{ "type": "Feature", "properties": { "GEOIDFQ": "1400000US46017940200", "NAME": "9402", "NAMELSAD": "Census Tract 9402" }, "geometry": { "type": "Polygon", "coordinates": [ [ [ -98.926, 44.1966 ], [ -98.927, 43.9351 ], [ -99.3547, 43.9336 ], [ -99.3459, 43.9696 ], [ -99.3537, 43.9953 ], [ -99.4277, 44.0428 ], [ -99.5113, 44.055 ], [ -99.5584, 44.092 ], [ -99.5615, 44.1077 ], [ -99.5407, 44.1585 ], [ -99.5764, 44.1925 ], [ -98.926, 44.1966 ] ] ] } },
{ "type": "Feature", "properties": { "GEOIDFQ": "1400000US46065977800", "NAME": "9778", "NAMELSAD": "Census Tract 9778" }, "geometry": { "type": "Polygon", "coordinates": [ [ [ -100.3371, 44.3695 ], [ -100.316, 44.378 ], [ -100.3137, 44.3976 ], [ -100.2301, 44.4256 ], [ -100.2295, 44.3677 ], [ -100.2528, 44.3635 ], [ -100.256, 44.3457 ], [ -100.3371, 44.363 ], [ -100.3371, 44.3695 ] ] ] } },
{ "type": "Feature", "properties": { "GEOIDFQ": "1400000US46065977900", "NAME": "9779", "NAMELSAD": "Census Tract 9779" }, "geometry": { "type": "Polygon", "coordinates": [ [ [ -100.3568, 44.3735 ], [ -100.34, 44.3616 ], [ -100.2567, 44.3458 ], [ -100.2604, 44.3423 ], [ -100.2213, 44.3323 ], [ -100.2184, 44.3261 ], [ -100.27, 44.3309 ], [ -100.3521, 44.3472 ], [ -100.3639, 44.3531 ], [ -100.3706, 44.3736 ], [ -100.3568, 44.3735 ] ] ] } },
{ "type": "Feature", "properties": { "GEOIDFQ": "1400000US46035962900", "NAME": "9629", "NAMELSAD": "Census Tract 9629" }, "geometry": { "type": "Polygon", "coordinates": [ [ [ -98.0865, 43.7311 ], [ -98.0506, 43.731 ], [ -98.0435, 43.7106 ], [ -97.9669, 43.6936 ], [ -97.9665, 43.6588 ], [ -98.0865, 43.6585 ], [ -98.0865, 43.7311 ] ] ] } },
{ "type": "Feature", "properties": { "GEOIDFQ": "1400000US46041941500", "NAME": "9415", "NAMELSAD": "Census Tract 9415" }, "geometry": { "type": "Polygon", "coordinates": [ [ [ -101.2579, 45.0081 ], [ -101.2598, 45.034 ], [ -101.2522, 45.0383 ], [ -101.2395, 45.0313 ], [ -101.2385, 45.0383 ], [ -101.1583, 45.0382 ], [ -101.1573, 45.0082 ], [ -101.2185, 45.0082 ], [ -101.2184, 44.9936 ], [ -101.2271, 44.9935 ], [ -101.2786, 44.9937 ], [ -101.2788, 45.0082 ], [ -101.2579, 45.0081 ] ] ] } },
{ "type": "Feature", "properties": { "GEOIDFQ": "1400000US46057955100", "NAME": "9551", "NAMELSAD": "Census Tract 9551" }, "geometry": { "type": "Polygon", "coordinates": [ [ [ -97.1275, 44.6758 ], [ -97.1077, 44.6956 ], [ -97.1079, 44.8036 ], [ -96.8846, 44.8044 ], [ -96.8855, 44.5438 ], [ -97.128, 44.5431 ], [ -97.1275, 44.6758 ] ] ] } },
{ "type": "Feature", "properties": { "GEOIDFQ": "1400000US46057955200", "NAME": "9552", "NAMELSAD": "Census Tract 9552" }, "geometry": { "type": "Polygon", "coordinates": [ [ [ -97.4913, 44.804 ], [ -97.1079, 44.8036 ], [ -97.1078, 44.6948 ], [ -97.1276, 44.675 ], [ -97.128, 44.5431 ], [ -97.4923, 44.5439 ], [ -97.4913, 44.804 ] ] ] } },
{ "type": "Feature", "properties": { "GEOIDFQ": "1400000US46055960100", "NAME": "9601", "NAMELSAD": "Census Tract 9601" }, "geometry": { "type": "Polygon", "coordinates": [ [ [ -102.0072, 44.3438 ], [ -102.001, 44.3438 ], [ -102.0011, 44.5109 ], [ -101.9948, 44.52 ], [ -101.9858, 44.5252 ], [ -101.9464, 44.5287 ], [ -101.9396, 44.5351 ], [ -101.9243, 44.53 ], [ -101.8878, 44.5386 ], [ -101.8569, 44.5267 ], [ -101.8475, 44.5294 ], [ -101.8364, 44.5217 ], [ -101.8277, 44.5317 ], [ -101.8173, 44.5315 ], [ -101.8112, 44.5224 ], [ -101.7989, 44.5423 ], [ -101.7847, 44.5408 ], [ -101.782, 44.5361 ], [ -101.7443, 44.5552 ], [ -101.747, 44.5678 ], [ -101.7289, 44.5661 ], [ -101.7124, 44.5802 ], [ -101.6829, 44.5707 ], [ -101.6608, 44.5881 ], [ -101.6565, 44.5825 ], [ -101.6453, 44.5851 ], [ -101.6404, 44.5794 ], [ -101.6305, 44.5865 ], [ -101.623, 44.5729 ], [ -101.5754, 44.5782 ], [ -101.5593, 44.5694 ], [ -101.5508, 44.5757 ], [ -101.5367, 44.574 ], [ -101.531, 44.5679 ], [ -101.5146, 44.5755 ], [ -101.512, 44.5854 ], [ -101.5012, 44.5812 ], [ -101.494, 44.584 ], [ -101.4972, 44.5998 ], [ -101.4767, 44.6018 ], [ -101.4691, 44.6118 ], [ -101.4558, 44.6102 ], [ -101.4668, 44.6193 ], [ -101.4556, 44.6287 ], [ -101.4549, 44.638 ], [ -101.4402, 44.6439 ], [ -101.4157, 44.6421 ], [ -101.3972, 44.6568 ], [ -101.3832, 44.6533 ], [ -101.3771, 44.6587 ], [ -101.3648, 44.6564 ], [ -101.374, 44.671 ], [ -101.3582, 44.6737 ], [ -101.3599, 44.689 ], [ -101.3393, 44.6835 ], [ -101.3282, 44.691 ], [ -101.3192, 44.6805 ], [ -101.2988, 44.6895 ], [ -101.2752, 44.6852 ], [ -101.2494, 44.6989 ], [ -101.2398, 44.6985 ], [ -101.2351, 44.6906 ], [ -101.1612, 44.7221 ], [ -101.1489, 44.7435 ], [ -101.1368, 44.7471 ], [ -101.1372, 44.69 ], [ -101.1545, 44.6899 ], [ -101.1552, 44.3431 ], [ -101.1668, 44.3431 ], [ -101.1668, 44.1681 ], [ -101.0469, 44.1685 ], [ -101.0468, 43.995 ], [ -102.0073, 43.9945 ], [ -102.0072, 44.3438 ] ] ] } },
{ "type": "Feature", "properties": { "GEOIDFQ": "1400000US46003973600", "NAME": "9736", "NAMELSAD": "Census Tract 9736" }, "geometry": { "type": "Polygon", "coordinates": [ [ [ -98.3315, 43.9377 ], [ -98.3206, 43.4987 ], [ -98.7946, 43.4992 ], [ -98.7969, 43.8474 ], [ -98.8068, 43.8485 ], [ -98.8078, 43.9352 ], [ -98.3315, 43.9377 ] ] ] } },
{ "type": "Feature", "properties": { "GEOIDFQ": "1400000US46099001001", "NAME": "10.01", "NAMELSAD": "Census Tract 10.01" }, "geometry": { "type": "Polygon", "coordinates": [ [ [ -96.7796, 43.5588 ], [ -96.7806, 43.5477 ], [ -96.7691, 43.5469 ], [ -96.8307, 43.5439 ], [ -96.8308, 43.5583 ], [ -96.7796, 43.5588 ] ] ] } },
{ "type": "Feature", "properties": { "GEOIDFQ": "1400000US46099010600", "NAME": "106", "NAMELSAD": "Census Tract 106" }, "geometry": { "type": "Polygon", "coordinates": [ [ [ -96.7512, 43.5403 ], [ -96.7413, 43.5402 ], [ -96.7362, 43.5241 ], [ -96.7412, 43.5149 ], [ -96.7511, 43.5149 ], [ -96.7512, 43.5403 ] ] ] } },
{ "type": "Feature", "properties": { "GEOIDFQ": "1400000US46087964700", "NAME": "9647", "NAMELSAD": "Census Tract 9647" }, "geometry": { "type": "Polygon", "coordinates": [ [ [ -97.6066, 43.6655 ], [ -97.1292, 43.6668 ], [ -97.1295, 43.4997 ], [ -97.607, 43.4998 ], [ -97.6066, 43.6655 ] ] ] } },
{ "type": "Feature", "properties": { "GEOIDFQ": "1400000US46087964600", "NAME": "9646", "NAMELSAD": "Census Tract 9646" }, "geometry": { "type": "Polygon", "coordinates": [ [ [ -97.6085, 43.8491 ], [ -97.1291, 43.848 ], [ -97.1292, 43.6668 ], [ -97.6066, 43.6655 ], [ -97.6085, 43.8491 ] ] ] } },
{ "type": "Feature", "properties": { "GEOIDFQ": "1400000US46083010114", "NAME": "101.14", "NAMELSAD": "Census Tract 101.14" }, "geometry": { "type": "Polygon", "coordinates": [ [ [ -96.8064, 43.432 ], [ -96.7963, 43.4319 ], [ -96.7973, 43.461 ], [ -96.7474, 43.4607 ], [ -96.7472, 43.4026 ], [ -96.6584, 43.4025 ], [ -96.6587, 43.4604 ], [ -96.6687, 43.4604 ], [ -96.6688, 43.5003 ], [ -96.5992, 43.5005 ], [ -96.5811, 43.4815 ], [ -96.5869, 43.4779 ], [ -96.5824, 43.4667 ], [ -96.601, 43.4558 ], [ -96.5997, 43.4429 ], [ -96.5931, 43.433 ], [ -96.5703, 43.4285 ], [ -96.5737, 43.4191 ], [ -96.5449, 43.3964 ], [ -96.5247, 43.3955 ], [ -96.522, 43.3722 ], [ -96.531, 43.3682 ], [ -96.5244, 43.3471 ], [ -96.8063, 43.3448 ], [ -96.8064, 43.432 ] ] ] } },
{ "type": "Feature", "properties": { "GEOIDFQ": "1400000US46083010115", "NAME": "101.15", "NAMELSAD": "Census Tract 101.15" }, "geometry": { "type": "Polygon", "coordinates": [ [ [ -96.9248, 43.5 ], [ -96.8265, 43.5003 ], [ -96.8263, 43.4901 ], [ -96.7936, 43.4909 ], [ -96.7963, 43.4319 ], [ -96.9248, 43.4322 ], [ -96.9248, 43.5 ] ] ] } },
{ "type": "Feature", "properties": { "GEOIDFQ": "1400000US46083010111", "NAME": "101.11", "NAMELSAD": "Census Tract 101.11" }, "geometry": { "type": "Polygon", "coordinates": [ [ [ -96.7077, 43.5004 ], [ -96.7077, 43.4895 ], [ -96.7473, 43.4896 ], [ -96.748, 43.5004 ], [ -96.7077, 43.5004 ] ] ] } },
{ "type": "Feature", "properties": { "GEOIDFQ": "1400000US46083010110", "NAME": "101.10", "NAMELSAD": "Census Tract 101.10" }, "geometry": { "type": "Polygon", "coordinates": [ [ [ -96.7882, 43.5003 ], [ -96.771, 43.5003 ], [ -96.7673, 43.4608 ], [ -96.7975, 43.4635 ], [ -96.7882, 43.5003 ] ] ] } },
{ "type": "Feature", "properties": { "GEOIDFQ": "1400000US46083010109", "NAME": "101.09", "NAMELSAD": "Census Tract 101.09" }, "geometry": { "type": "Polygon", "coordinates": [ [ [ -96.748, 43.5004 ], [ -96.7474, 43.4607 ], [ -96.7673, 43.4608 ], [ -96.771, 43.5003 ], [ -96.748, 43.5004 ] ] ] } },
{ "type": "Feature", "properties": { "GEOIDFQ": "1400000US46083010112", "NAME": "101.12", "NAMELSAD": "Census Tract 101.12" }, "geometry": { "type": "Polygon", "coordinates": [ [ [ -96.7077, 43.5004 ], [ -96.6688, 43.5003 ], [ -96.6688, 43.4895 ], [ -96.7077, 43.4895 ], [ -96.7077, 43.5004 ] ] ] } },
{ "type": "Feature", "properties": { "GEOIDFQ": "1400000US46099000406", "NAME": "4.06", "NAMELSAD": "Census Tract 4.06" }, "geometry": { "type": "Polygon", "coordinates": [ [ [ -96.6819, 43.5466 ], [ -96.6732, 43.544 ], [ -96.6783, 43.5439 ], [ -96.6783, 43.5367 ], [ -96.694, 43.5367 ], [ -96.6942, 43.5467 ], [ -96.6819, 43.5466 ] ] ] } },
{ "type": "Feature", "properties": { "GEOIDFQ": "1400000US46099000405", "NAME": "4.05", "NAMELSAD": "Census Tract 4.05" }, "geometry": { "type": "Polygon", "coordinates": [ [ [ -96.6715, 43.5512 ], [ -96.6716, 43.5585 ], [ -96.6515, 43.5584 ], [ -96.6515, 43.5439 ], [ -96.6942, 43.5485 ], [ -96.6715, 43.5512 ] ] ] } },
{ "type": "Feature", "properties": { "GEOIDFQ": "1400000US46099001105", "NAME": "11.05", "NAMELSAD": "Census Tract 11.05" }, "geometry": { "type": "Polygon", "coordinates": [ [ [ -96.8009, 43.5148 ], [ -96.8003, 43.5003 ], [ -96.8307, 43.5003 ], [ -96.8308, 43.5148 ], [ -96.8009, 43.5148 ] ] ] } },
{ "type": "Feature", "properties": { "GEOIDFQ": "1400000US46099001107", "NAME": "11.07", "NAMELSAD": "Census Tract 11.07" }, "geometry": { "type": "Polygon", "coordinates": [ [ [ -96.8009, 43.5293 ], [ -96.7909, 43.5293 ], [ -96.7909, 43.5339 ], [ -96.7807, 43.5308 ], [ -96.7806, 43.5148 ], [ -96.8009, 43.5158 ], [ -96.8009, 43.5293 ] ] ] } },
{ "type": "Feature", "properties": { "GEOIDFQ": "1400000US46099001804", "NAME": "18.04", "NAMELSAD": "Census Tract 18.04" }, "geometry": { "type": "Polygon", "coordinates": [ [ [ -96.6714, 43.5367 ], [ -96.6636, 43.5148 ], [ -96.6714, 43.5148 ], [ -96.6714, 43.5221 ], [ -96.6814, 43.522 ], [ -96.6815, 43.5367 ], [ -96.6714, 43.5367 ] ] ] } },
{ "type": "Feature", "properties": { "GEOIDFQ": "1400000US46073974100", "NAME": "9741", "NAMELSAD": "Census Tract 9741" }, "geometry": { "type": "Polygon", "coordinates": [ [ [ -98.926, 44.1966 ], [ -98.3319, 44.1967 ], [ -98.3315, 43.9377 ], [ -98.927, 43.9351 ], [ -98.926, 44.1966 ] ] ] } },
{ "type": "Feature", "properties": { "GEOIDFQ": "1400000US46041941700", "NAME": "9417", "NAMELSAD": "Census Tract 9417" }, "geometry": { "type": "Polygon", "coordinates": [ [ [ -101.501, 45.0383 ], [ -101.4866, 45.0384 ], [ -101.4863, 45.3856 ], [ -101.4711, 45.3856 ], [ -101.4702, 45.4724 ], [ -100.3419, 45.4729 ], [ -100.3303, 45.4422 ], [ -100.2999, 45.416 ], [ -100.2742, 45.3818 ], [ -100.2823, 45.3553 ], [ -100.3167, 45.3179 ], [ -100.3074, 45.2919 ], [ -100.2681, 45.2611 ], [ -100.2575, 45.2357 ], [ -100.275, 45.1983 ], [ -100.279, 45.1589 ], [ -100.3242, 45.1016 ], [ -100.3266, 45.0909 ], [ -100.3165, 45.0593 ], [ -100.2816, 45.0334 ], [ -100.2794, 45.0201 ], [ -100.2895, 45.0145 ], [ -100.3122, 45.0152 ], [ -100.3776, 45.0301 ], [ -100.39, 45.0272 ], [ -100.4084, 45.0118 ], [ -100.4234, 44.9921 ], [ -100.4238, 44.9731 ], [ -100.4136, 44.9153 ], [ -100.3941, 44.8673 ], [ -100.4187, 44.8434 ], [ -100.4799, 44.8132 ], [ -100.5269, 44.7683 ], [ -100.5435, 44.7611 ], [ -100.611, 44.7701 ], [ -100.6701, 44.8191 ], [ -100.7002, 44.8289 ], [ -100.7141, 44.8223 ], [ -100.7242, 44.8076 ], [ -100.7288, 44.7837 ], [ -100.7176, 44.7709 ], [ -100.73, 44.7644 ], [ -100.7376, 44.7642 ], [ -100.7363, 44.7744 ], [ -100.7453, 44.7759 ], [ -100.753, 44.7733 ], [ -100.7515, 44.7619 ], [ -100.7734, 44.7585 ], [ -100.7745, 44.7722 ], [ -100.798, 44.7635 ], [ -100.7982, 44.7702 ], [ -100.812, 44.768 ], [ -100.8176, 44.78 ], [ -100.8312, 44.7833 ], [ -100.8434, 44.777 ], [ -100.8537, 44.7807 ], [ -100.889, 44.7698 ], [ -100.9107, 44.7837 ], [ -100.9172, 44.7696 ], [ -100.9398, 44.7625 ], [ -100.9552, 44.7655 ], [ -100.9551, 44.7544 ], [ -100.976, 44.751 ], [ -100.9877, 44.732 ], [ -100.9983, 44.7394 ], [ -101.0064, 44.7288 ], [ -101.0226, 44.7242 ], [ -101.0629, 44.7425 ], [ -101.0927, 44.739 ], [ -101.1368, 44.7471 ], [ -101.1362, 44.9941 ], [ -101.2184, 44.9936 ], [ -101.2185, 45.0082 ], [ -101.1573, 45.0082 ], [ -101.1583, 45.0382 ], [ -101.2385, 45.0383 ], [ -101.2395, 45.0313 ], [ -101.254, 45.0378 ], [ -101.2599, 45.0338 ], [ -101.2579, 45.0081 ], [ -101.2788, 45.0082 ], [ -101.2786, 44.9937 ], [ -101.501, 44.9936 ], [ -101.501, 45.0383 ] ] ] } },
{ "type": "Feature", "properties": { "GEOIDFQ": "1400000US46049961100", "NAME": "9611", "NAMELSAD": "Census Tract 9611" }, "geometry": { "type": "Polygon", "coordinates": [ [ [ -99.5733, 45.2454 ], [ -98.7178, 45.2437 ], [ -98.7165, 44.8969 ], [ -99.5727, 44.8973 ], [ -99.5733, 45.2454 ] ] ] } },
{ "type": "Feature", "properties": { "GEOIDFQ": "1400000US46099000300", "NAME": "3", "NAMELSAD": "Census Tract 3" }, "geometry": { "type": "Polygon", "coordinates": [ [ [ -96.7219, 43.566 ], [ -96.7035, 43.5723 ], [ -96.6936, 43.5696 ], [ -96.7014, 43.5512 ], [ -96.724, 43.5513 ], [ -96.7219, 43.566 ] ] ] } },
{ "type": "Feature", "properties": { "GEOIDFQ": "1400000US46103011602", "NAME": "116.02", "NAMELSAD": "Census Tract 116.02" }, "geometry": { "type": "Polygon", "coordinates": [ [ [ -103.0799, 44.1255 ], [ -103.0606, 44.1257 ], [ -103.0607, 44.1408 ], [ -102.388, 44.1402 ], [ -102.3977, 44.1562 ], [ -102.404, 44.1569 ], [ -102.4017, 44.1615 ], [ -102.3877, 44.1605 ], [ -102.3872, 44.1748 ], [ -102.394, 44.178 ], [ -102.3999, 44.1719 ], [ -102.4016, 44.1756 ], [ -102.3926, 44.2042 ], [ -102.3726, 44.2094 ], [ -102.3731, 44.221 ], [ -102.357, 44.2306 ], [ -102.3659, 44.2424 ], [ -102.3587, 44.2489 ], [ -102.368, 44.262 ], [ -102.3588, 44.2657 ], [ -102.367, 44.2856 ], [ -102.3591, 44.3007 ], [ -102.348, 44.3046 ], [ -102.3478, 44.3263 ], [ -102.3366, 44.3433 ], [ -102.3416, 44.3488 ], [ -102.324, 44.3589 ], [ -102.3264, 44.3669 ], [ -102.3117, 44.3638 ], [ -102.2983, 44.3769 ], [ -102.2982, 44.3889 ], [ -102.3055, 44.3928 ], [ -102.3031, 44.4206 ], [ -102.311, 44.4248 ], [ -102.3062, 44.4341 ], [ -102.2934, 44.432 ], [ -102.28, 44.4503 ], [ -102.2546, 44.4468 ], [ -102.2261, 44.4525 ], [ -102.2203, 44.4514 ], [ -102.2208, 44.4425 ], [ -102.1894, 44.4272 ], [ -102.1602, 44.4288 ], [ -102.1538, 44.4369 ], [ -102.1593, 44.4437 ], [ -102.1538, 44.4452 ], [ -102.108, 44.4366 ], [ -102.099, 44.4517 ], [ -102.0839, 44.4543 ], [ -102.0839, 44.4607 ], [ -102.0732, 44.4656 ], [ -102.0759, 44.4751 ], [ -102.055, 44.4817 ], [ -102.0459, 44.5 ], [ -102.0011, 44.5109 ], [ -102.0073, 43.9945 ], [ -102.0191, 43.9945 ], [ -102.0189, 43.7086 ], [ -102.0245, 43.7134 ], [ -102.0357, 43.701 ], [ -102.0336, 43.689 ], [ -102.044, 43.6958 ], [ -102.0556, 43.6888 ], [ -102.0958, 43.6953 ], [ -102.0977, 43.6857 ], [ -102.1085, 43.6858 ], [ -102.1074, 43.7019 ], [ -102.1163, 43.7128 ], [ -102.1223, 43.7045 ], [ -102.14, 43.7007 ], [ -102.1551, 43.7055 ], [ -102.1567, 43.6972 ], [ -102.1684, 43.6969 ], [ -102.1665, 43.6918 ], [ -102.1787, 43.6873 ], [ -102.816, 43.6889 ], [ -102.8131, 43.696 ], [ -102.801, 43.6988 ], [ -102.8036, 43.7098 ], [ -102.7919, 43.7214 ], [ -102.7785, 43.7205 ], [ -102.7699, 43.7389 ], [ -102.7586, 43.7411 ], [ -102.7336, 43.7642 ], [ -102.7378, 43.7717 ], [ -102.7077, 43.7895 ], [ -102.706, 43.7971 ], [ -102.6959, 43.7976 ], [ -102.7009, 43.812 ], [ -102.6872, 43.8556 ], [ -102.8915, 43.8563 ], [ -102.8878, 43.8853 ], [ -102.8589, 43.9201 ], [ -102.8539, 43.9433 ], [ -102.8588, 43.9469 ], [ -102.8585, 43.9927 ], [ -102.8298, 43.9946 ], [ -102.8295, 44.0804 ], [ -102.8696, 44.0818 ], [ -102.8694, 44.1042 ], [ -102.8979, 44.105 ], [ -102.9372, 44.1181 ], [ -103.0303, 44.1181 ], [ -103.0299, 44.1074 ], [ -103.0428, 44.1061 ], [ -103.0505, 44.1122 ], [ -103.0742, 44.1139 ], [ -103.0799, 44.1255 ] ] ] } },
{ "type": "Feature", "properties": { "GEOIDFQ": "1400000US46103010908", "NAME": "109.08", "NAMELSAD": "Census Tract 109.08" }, "geometry": { "type": "Polygon", "coordinates": [ [ [ -103.1513, 44.1006 ], [ -103.118, 44.1135 ], [ -103.092, 44.1116 ], [ -103.0922, 44.0226 ], [ -103.0987, 44.0293 ], [ -103.1024, 44.0239 ], [ -103.1112, 44.0287 ], [ -103.1111, 44.0238 ], [ -103.1314, 44.0238 ], [ -103.1312, 44.0674 ], [ -103.1543, 44.0711 ], [ -103.1513, 44.1006 ] ] ] } },
{ "type": "Feature", "properties": { "GEOIDFQ": "1400000US46103011800", "NAME": "118", "NAMELSAD": "Census Tract 118" }, "geometry": { "type": "Polygon", "coordinates": [ [ [ -103.111, 44.1175 ], [ -103.1108, 44.1408 ], [ -103.0607, 44.1408 ], [ -103.0606, 44.1257 ], [ -103.0799, 44.1255 ], [ -103.0799, 44.1188 ], [ -103.0742, 44.1139 ], [ -103.0505, 44.1122 ], [ -103.0505, 44.1086 ], [ -103.0826, 44.1106 ], [ -103.0888, 44.107 ], [ -103.1018, 44.1142 ], [ -103.1069, 44.1102 ], [ -103.1242, 44.1115 ], [ -103.111, 44.1175 ] ] ] } },
{ "type": "Feature", "properties": { "GEOIDFQ": "1400000US46103011601", "NAME": "116.01", "NAMELSAD": "Census Tract 116.01" }, "geometry": { "type": "Polygon", "coordinates": [ [ [ -103.1988, 43.9339 ], [ -103.1892, 43.9454 ], [ -103.181, 43.9773 ], [ -103.1836, 44.0094 ], [ -103.1315, 44.0093 ], [ -103.1314, 44.0238 ], [ -103.1111, 44.0238 ], [ -103.1112, 44.0246 ], [ -103.1119, 44.0254 ], [ -103.1122, 44.0266 ], [ -103.1112, 44.0287 ], [ -103.1024, 44.0239 ], [ -103.0963, 44.029 ], [ -103.0965, 44.0234 ], [ -103.091, 44.0236 ], [ -103.0908, 44.1094 ], [ -103.0578, 44.1071 ], [ -103.0541, 44.1107 ], [ -103.0425, 44.1061 ], [ -103.0299, 44.1074 ], [ -103.0303, 44.1181 ], [ -102.9372, 44.1181 ], [ -102.8979, 44.105 ], [ -102.8694, 44.1042 ], [ -102.8696, 44.0818 ], [ -102.8295, 44.0804 ], [ -102.8298, 43.9946 ], [ -102.8585, 43.9927 ], [ -102.8588, 43.9469 ], [ -102.8539, 43.9433 ], [ -102.8589, 43.9201 ], [ -102.8878, 43.8853 ], [ -102.8915, 43.8563 ], [ -103.199, 43.8566 ], [ -103.1988, 43.9339 ] ] ] } },
{ "type": "Feature", "properties": { "GEOIDFQ": "1400000US46103010202", "NAME": "102.02", "NAMELSAD": "Census Tract 102.02" }, "geometry": { "type": "Polygon", "coordinates": [ [ [ -103.2334, 44.0857 ], [ -103.2321, 44.0898 ], [ -103.2128, 44.0883 ], [ -103.216, 44.0735 ], [ -103.2556, 44.0827 ], [ -103.2334, 44.0857 ] ] ] } },
{ "type": "Feature", "properties": { "GEOIDFQ": "1400000US46103010201", "NAME": "102.01", "NAMELSAD": "Census Tract 102.01" }, "geometry": { "type": "Polygon", "coordinates": [ [ [ -103.2116, 44.0967 ], [ -103.2117, 44.0894 ], [ -103.2321, 44.0898 ], [ -103.2322, 44.0967 ], [ -103.2116, 44.0967 ] ] ] } },
{ "type": "Feature", "properties": { "GEOIDFQ": "1400000US46117960100", "NAME": "9601", "NAMELSAD": "Census Tract 9601" }, "geometry": { "type": "Polygon", "coordinates": [ [ [ -101.1668, 44.3431 ], [ -101.1552, 44.3431 ], [ -101.1545, 44.6899 ], [ -101.1372, 44.69 ], [ -101.1368, 44.7471 ], [ -101.0927, 44.739 ], [ -101.0629, 44.7425 ], [ -101.0226, 44.7242 ], [ -101.0064, 44.7288 ], [ -100.9983, 44.7394 ], [ -100.9877, 44.732 ], [ -100.976, 44.751 ], [ -100.9551, 44.7544 ], [ -100.9552, 44.7655 ], [ -100.9398, 44.7625 ], [ -100.9172, 44.7696 ], [ -100.9103, 44.7837 ], [ -100.888, 44.7697 ], [ -100.8298, 44.7832 ], [ -100.8176, 44.78 ], [ -100.812, 44.768 ], [ -100.7982, 44.7702 ], [ -100.798, 44.7635 ], [ -100.7745, 44.7722 ], [ -100.7761, 44.7612 ], [ -100.7705, 44.7582 ], [ -100.7515, 44.7619 ], [ -100.753, 44.7733 ], [ -100.7406, 44.7761 ], [ -100.737, 44.7639 ], [ -100.7176, 44.7709 ], [ -100.6914, 44.7597 ], [ -100.6803, 44.7474 ], [ -100.6301, 44.7372 ], [ -100.6125, 44.6935 ], [ -100.6248, 44.6516 ], [ -100.6431, 44.6203 ], [ -100.6401, 44.5837 ], [ -100.6075, 44.5606 ], [ -100.5294, 44.5501 ], [ -100.5167, 44.5344 ], [ -100.5293, 44.5165 ], [ -100.5593, 44.5062 ], [ -100.5754, 44.4928 ], [ -100.5805, 44.4629 ], [ -100.5665, 44.4509 ], [ -100.5392, 44.4444 ], [ -100.4724, 44.4607 ], [ -100.4076, 44.4572 ], [ -100.3845, 44.4362 ], [ -100.3738, 44.3801 ], [ -100.3582, 44.3492 ], [ -100.2425, 44.3267 ], [ -100.1657, 44.3246 ], [ -100.0983, 44.3118 ], [ -99.9844, 44.2683 ], [ -99.9211, 44.2659 ], [ -99.9034, 44.2583 ], [ -99.8921, 44.2419 ], [ -99.936, 44.2049 ], [ -99.9382, 44.1952 ], [ -100.3672, 44.1946 ], [ -100.3707, 44.1685 ], [ -101.1668, 44.1681 ], [ -101.1668, 44.3431 ] ] ] } },
{ "type": "Feature", "properties": { "GEOIDFQ": "1400000US46105968300", "NAME": "9683", "NAMELSAD": "Census Tract 9683" }, "geometry": { "type": "Polygon", "coordinates": [ [ [ -102.9421, 45.945 ], [ -102.0007, 45.9446 ], [ -102.0, 45.0383 ], [ -102.9574, 45.0396 ], [ -102.9421, 45.945 ] ] ] } },
{ "type": "Feature", "properties": { "GEOIDFQ": "1400000US46089963100", "NAME": "9631", "NAMELSAD": "Census Tract 9631" }, "geometry": { "type": "Polygon", "coordinates": [ [ [ -98.7244, 45.9387 ], [ -98.725, 45.5913 ], [ -99.7175, 45.5934 ], [ -99.7181, 45.9407 ], [ -98.7244, 45.9387 ] ] ] } },
{ "type": "Feature", "properties": { "GEOIDFQ": "1400000US46027965700", "NAME": "9657", "NAMELSAD": "Census Tract 9657" }, "geometry": { "type": "Polygon", "coordinates": [ [ [ -97.0029, 42.7863 ], [ -96.9629, 42.7848 ], [ -96.964, 42.7981 ], [ -96.9286, 42.8177 ], [ -96.9243, 42.8084 ], [ -96.8656, 42.8082 ], [ -96.8706, 42.7646 ], [ -96.8756, 42.7655 ], [ -96.8751, 42.7319 ], [ -96.9079, 42.7339 ], [ -96.9376, 42.7196 ], [ -96.9616, 42.7198 ], [ -96.9658, 42.7271 ], [ -96.9609, 42.7391 ], [ -96.9689, 42.7543 ], [ -96.9801, 42.7603 ], [ -97.0029, 42.7603 ], [ -97.0029, 42.7863 ] ], [ [ -96.9239, 42.7724 ], [ -96.92, 42.7937 ], [ -96.9291, 42.7938 ], [ -96.9292, 42.7867 ], [ -96.9488, 42.7867 ], [ -96.9488, 42.7819 ], [ -96.9239, 42.7724 ] ] ] } },
{ "type": "Feature", "properties": { "GEOIDFQ": "1400000US46027965800", "NAME": "9658", "NAMELSAD": "Census Tract 9658" }, "geometry": { "type": "Polygon", "coordinates": [ [ [ -97.1605, 43.0831 ], [ -96.8057, 43.0837 ], [ -96.8062, 42.7042 ], [ -96.8996, 42.7307 ], [ -96.8751, 42.7319 ], [ -96.8756, 42.7655 ], [ -96.8706, 42.7646 ], [ -96.8656, 42.8082 ], [ -96.9243, 42.8084 ], [ -96.9286, 42.8177 ], [ -96.964, 42.7981 ], [ -96.9629, 42.7848 ], [ -97.0029, 42.7863 ], [ -97.0029, 42.7603 ], [ -97.0656, 42.7722 ], [ -97.1313, 42.7719 ], [ -97.1446, 42.7901 ], [ -97.1604, 42.7997 ], [ -97.1605, 43.0831 ] ] ] } },
{ "type": "Feature", "properties": { "GEOIDFQ": "1400000US46071961100", "NAME": "9611", "NAMELSAD": "Census Tract 9611" }, "geometry": { "type": "Polygon", "coordinates": [ [ [ -102.0191, 43.9945 ], [ -101.0641, 43.9949 ], [ -101.0643, 43.8411 ], [ -101.0705, 43.8405 ], [ -101.0702, 43.8457 ], [ -101.0867, 43.8418 ], [ -101.0867, 43.8496 ], [ -101.0972, 43.8438 ], [ -101.1077, 43.8466 ], [ -101.1069, 43.8368 ], [ -101.1248, 43.8443 ], [ -101.1379, 43.8413 ], [ -101.1425, 43.8335 ], [ -101.1343, 43.8285 ], [ -101.1415, 43.8205 ], [ -101.1607, 43.8176 ], [ -101.1533, 43.8239 ], [ -101.1658, 43.8302 ], [ -101.1717, 43.8072 ], [ -101.1717, 43.8162 ], [ -101.1773, 43.8189 ], [ -101.1812, 43.8137 ], [ -101.1755, 43.8149 ], [ -101.1751, 43.8116 ], [ -101.18, 43.8129 ], [ -101.1893, 43.8029 ], [ -101.206, 43.8121 ], [ -101.2178, 43.8038 ], [ -101.216, 43.7992 ], [ -101.2278, 43.7962 ], [ -101.2313, 43.7854 ], [ -101.2396, 43.7949 ], [ -101.2551, 43.7967 ], [ -101.2613, 43.7942 ], [ -101.2481, 43.792 ], [ -101.2528, 43.7845 ], [ -101.2634, 43.786 ], [ -101.267, 43.7937 ], [ -101.2716, 43.7805 ], [ -101.2805, 43.7793 ], [ -101.2939, 43.7886 ], [ -101.296, 43.7821 ], [ -101.3096, 43.7785 ], [ -101.3071, 43.7822 ], [ -101.3215, 43.7895 ], [ -101.3231, 43.7798 ], [ -101.3319, 43.7778 ], [ -101.3315, 43.7876 ], [ -101.3388, 43.7824 ], [ -101.3504, 43.7893 ], [ -101.3517, 43.7834 ], [ -101.3647, 43.7843 ], [ -101.3695, 43.7866 ], [ -101.3628, 43.7938 ], [ -101.3781, 43.7964 ], [ -101.3942, 43.7802 ], [ -101.3986, 43.7878 ], [ -101.4127, 43.7781 ], [ -101.4108, 43.787 ], [ -101.4233, 43.7864 ], [ -101.4214, 43.7792 ], [ -101.4336, 43.7785 ], [ -101.4497, 43.763 ], [ -101.4461, 43.7712 ], [ -101.458, 43.7718 ], [ -101.4622, 43.7561 ], [ -101.4708, 43.7557 ], [ -101.4653, 43.7636 ], [ -101.4737, 43.7627 ], [ -101.4776, 43.7569 ], [ -101.4682, 43.7504 ], [ -101.4848, 43.7541 ], [ -101.4859, 43.7424 ], [ -101.5029, 43.7464 ], [ -101.5116, 43.7395 ], [ -101.5324, 43.7535 ], [ -101.541, 43.7447 ], [ -101.5552, 43.7503 ], [ -101.5474, 43.7417 ], [ -101.5624, 43.7488 ], [ -101.5908, 43.7403 ], [ -101.5948, 43.751 ], [ -101.6099, 43.7403 ], [ -101.6093, 43.7473 ], [ -101.6159, 43.7494 ], [ -101.6221, 43.7314 ], [ -101.6282, 43.7412 ], [ -101.6406, 43.7414 ], [ -101.6416, 43.7249 ], [ -101.6519, 43.7265 ], [ -101.6594, 43.7183 ], [ -101.6503, 43.7176 ], [ -101.6552, 43.7084 ], [ -101.6767, 43.7101 ], [ -101.6738, 43.7049 ], [ -101.6821, 43.6975 ], [ -101.6784, 43.704 ], [ -101.6917, 43.7043 ], [ -101.6936, 43.6941 ], [ -101.6963, 43.7011 ], [ -101.7039, 43.6957 ], [ -101.713, 43.6985 ], [ -101.7274, 43.6881 ], [ -101.7347, 43.696 ], [ -101.7406, 43.6922 ], [ -101.7467, 43.6982 ], [ -101.7529, 43.6897 ], [ -101.7603, 43.6959 ], [ -101.7753, 43.6952 ], [ -101.7635, 43.7031 ], [ -101.7772, 43.7072 ], [ -101.7781, 43.7 ], [ -101.8045, 43.692 ], [ -101.8063, 43.7047 ], [ -101.8148, 43.6959 ], [ -101.8171, 43.7033 ], [ -101.825, 43.7054 ], [ -101.824, 43.6942 ], [ -101.8304, 43.6923 ], [ -101.8317, 43.6961 ], [ -101.8392, 43.6878 ], [ -101.848, 43.6963 ], [ -101.8583, 43.687 ], [ -101.8739, 43.6861 ], [ -101.8715, 43.6935 ], [ -101.8788, 43.6955 ], [ -101.8817, 43.687 ], [ -101.8911, 43.6839 ], [ -101.8949, 43.6913 ], [ -101.9124, 43.6969 ], [ -101.9257, 43.6877 ], [ -101.9257, 43.692 ], [ -101.9386, 43.6945 ], [ -101.9462, 43.7076 ], [ -101.9623, 43.696 ], [ -101.9753, 43.6946 ], [ -101.9774, 43.7069 ], [ -101.9829, 43.7012 ], [ -101.9968, 43.7012 ], [ -101.9965, 43.7089 ], [ -102.0162, 43.7042 ], [ -102.0191, 43.9945 ] ] ] } },
{ "type": "Feature", "properties": { "GEOIDFQ": "1400000US46005957100", "NAME": "9571", "NAMELSAD": "Census Tract 9571" }, "geometry": { "type": "Polygon", "coordinates": [ [ [ -98.2141, 44.3562 ], [ -98.203, 44.3562 ], [ -98.203, 44.3647 ], [ -98.154, 44.3647 ], [ -98.1547, 44.2833 ], [ -98.2139, 44.2837 ], [ -98.2141, 44.3562 ] ] ] } },
{ "type": "Feature", "properties": { "GEOIDFQ": "1400000US46005956600", "NAME": "9566", "NAMELSAD": "Census Tract 9566" }, "geometry": { "type": "Polygon", "coordinates": [ [ [ -98.2548, 44.3273 ], [ -98.2546, 44.2837 ], [ -98.1547, 44.2833 ], [ -98.1539, 44.4163 ], [ -98.2145, 44.4141 ], [ -98.2207, 44.6324 ], [ -97.8562, 44.6312 ], [ -97.8537, 44.1952 ], [ -98.3355, 44.1967 ], [ -98.3361, 44.3272 ], [ -98.2548, 44.3273 ] ] ] } },
{ "type": "Feature", "properties": { "GEOIDFQ": "1400000US46109950400", "NAME": "9504", "NAMELSAD": "Census Tract 9504" }, "geometry": { "type": "Polygon", "coordinates": [ [ [ -96.8568, 45.6054 ], [ -96.7634, 45.52 ], [ -96.7327, 45.4587 ], [ -96.69, 45.4155 ], [ -96.6805, 45.4105 ], [ -96.6198, 45.4089 ], [ -96.5218, 45.3756 ], [ -96.4891, 45.3571 ], [ -96.4705, 45.3265 ], [ -96.9923, 45.3281 ], [ -96.8568, 45.6054 ] ] ] } },
{ "type": "Feature", "properties": { "GEOIDFQ": "1400000US46109940400", "NAME": "9404", "NAMELSAD": "Census Tract 9404" }, "geometry": { "type": "Polygon", "coordinates": [ [ [ -97.1027, 45.6603 ], [ -97.1026, 45.6743 ], [ -96.9789, 45.6751 ], [ -96.9893, 45.6515 ], [ -96.9897, 45.6164 ], [ -97.0406, 45.6167 ], [ -97.0405, 45.6454 ], [ -97.1234, 45.6454 ], [ -97.1236, 45.6598 ], [ -97.1027, 45.6603 ] ] ] } },
{ "type": "Feature", "properties": { "GEOIDFQ": "1400000US46129965200", "NAME": "9652", "NAMELSAD": "Census Tract 9652" }, "geometry": { "type": "Polygon", "coordinates": [ [ [ -100.4775, 45.5575 ], [ -100.4408, 45.579 ], [ -100.4301, 45.5948 ], [ -100.3665, 45.5946 ], [ -100.3663, 45.5371 ], [ -100.387, 45.5373 ], [ -100.3854, 45.5157 ], [ -100.3766, 45.5076 ], [ -100.3867, 45.5119 ], [ -100.4539, 45.512 ], [ -100.4768, 45.5231 ], [ -100.4866, 45.5379 ], [ -100.4775, 45.5575 ] ] ] } },
{ "type": "Feature", "properties": { "GEOIDFQ": "1400000US46129965100", "NAME": "9651", "NAMELSAD": "Census Tract 9651" }, "geometry": { "type": "Polygon", "coordinates": [ [ [ -100.3663, 45.5371 ], [ -100.3665, 45.5946 ], [ -99.7077, 45.5934 ], [ -99.709, 45.2459 ], [ -100.2602, 45.2468 ], [ -100.2695, 45.2625 ], [ -100.3074, 45.2919 ], [ -100.3167, 45.3179 ], [ -100.2823, 45.3553 ], [ -100.2742, 45.3818 ], [ -100.2999, 45.416 ], [ -100.3303, 45.4422 ], [ -100.3476, 45.4813 ], [ -100.3854, 45.5156 ], [ -100.387, 45.5373 ], [ -100.3663, 45.5371 ] ] ] } },
{ "type": "Feature", "properties": { "GEOIDFQ": "1400000US46065978000", "NAME": "9780", "NAMELSAD": "Census Tract 9780" }, "geometry": { "type": "Polygon", "coordinates": [ [ [ -100.5711, 44.4983 ], [ -100.5303, 44.5158 ], [ -100.5184, 44.5274 ], [ -100.5265, 44.5474 ], [ -99.6637, 44.5481 ], [ -99.6635, 44.2175 ], [ -99.684, 44.2145 ], [ -99.7014, 44.2034 ], [ -99.7107, 44.1846 ], [ -99.6958, 44.1724 ], [ -99.645, 44.1655 ], [ -99.6103, 44.1489 ], [ -99.6006, 44.133 ], [ -99.6017, 44.1145 ], [ -99.6122, 44.1037 ], [ -99.6325, 44.0979 ], [ -99.7631, 44.1352 ], [ -99.8547, 44.1238 ], [ -99.8845, 44.1296 ], [ -99.9103, 44.1546 ], [ -99.9382, 44.1952 ], [ -99.936, 44.2049 ], [ -99.8926, 44.2392 ], [ -99.9034, 44.2583 ], [ -99.923, 44.2663 ], [ -99.9844, 44.2683 ], [ -100.0445, 44.2878 ], [ -100.0895, 44.3097 ], [ -100.1657, 44.3246 ], [ -100.2184, 44.3261 ], [ -100.2213, 44.3323 ], [ -100.2604, 44.3423 ], [ -100.2528, 44.3635 ], [ -100.2295, 44.3677 ], [ -100.2301, 44.4256 ], [ -100.3098, 44.3983 ], [ -100.3098, 44.4109 ], [ -100.3501, 44.4112 ], [ -100.351, 44.4277 ], [ -100.3701, 44.437 ], [ -100.3828, 44.4578 ], [ -100.3996, 44.4524 ], [ -100.4169, 44.4589 ], [ -100.4701, 44.4609 ], [ -100.5445, 44.4447 ], [ -100.574, 44.4555 ], [ -100.5809, 44.4721 ], [ -100.5711, 44.4983 ] ] ] } },
{ "type": "Feature", "properties": { "GEOIDFQ": "1400000US46081966200", "NAME": "9662", "NAMELSAD": "Census Tract 9662" }, "geometry": { "type": "Polygon", "coordinates": [ [ [ -103.8622, 44.5186 ], [ -103.8556, 44.5006 ], [ -103.8306, 44.4796 ], [ -103.8443, 44.482 ], [ -103.8521, 44.4756 ], [ -103.8615, 44.4819 ], [ -103.8692, 44.5005 ], [ -103.8624, 44.5142 ], [ -103.8712, 44.5206 ], [ -103.8622, 44.5186 ] ] ] } },
{ "type": "Feature", "properties": { "GEOIDFQ": "1400000US46103011005", "NAME": "110.05", "NAMELSAD": "Census Tract 110.05" }, "geometry": { "type": "Polygon", "coordinates": [ [ [ -103.5785, 43.876 ], [ -103.563, 43.8797 ], [ -103.54, 43.8994 ], [ -103.5239, 43.9016 ], [ -103.5087, 43.9133 ], [ -103.5111, 43.9183 ], [ -103.4955, 43.9268 ], [ -103.4776, 43.922 ], [ -103.4486, 43.929 ], [ -103.4497, 43.9361 ], [ -103.4646, 43.9462 ], [ -103.4575, 43.948 ], [ -103.4597, 43.957 ], [ -103.4797, 43.9673 ], [ -103.4873, 43.9631 ], [ -103.4824, 43.9752 ], [ -103.4879, 43.9839 ], [ -103.4705, 43.9896 ], [ -103.4462, 43.9895 ], [ -103.4343, 43.9815 ], [ -103.3931, 43.9935 ], [ -103.3725, 43.988 ], [ -103.3576, 43.9986 ], [ -103.3568, 43.9897 ], [ -103.3456, 43.9839 ], [ -103.3505, 43.9658 ], [ -103.2997, 43.975 ], [ -103.2803, 43.9727 ], [ -103.2708, 43.9896 ], [ -103.269, 43.9847 ], [ -103.2366, 43.981 ], [ -103.2176, 43.9672 ], [ -103.1861, 43.9576 ], [ -103.199, 43.9328 ], [ -103.199, 43.8566 ], [ -103.5781, 43.8558 ], [ -103.5862, 43.8632 ], [ -103.5785, 43.876 ] ] ] } },
{ "type": "Feature", "properties": { "GEOIDFQ": "1400000US46103011004", "NAME": "110.04", "NAMELSAD": "Census Tract 110.04" }, "geometry": { "type": "Polygon", "coordinates": [ [ [ -103.3423, 44.0455 ], [ -103.3497, 44.048 ], [ -103.3622, 44.0411 ], [ -103.3666, 44.0586 ], [ -103.319, 44.0464 ], [ -103.2952, 44.0603 ], [ -103.2906, 44.0369 ], [ -103.2722, 44.0388 ], [ -103.2721, 44.0238 ], [ -103.2496, 44.024 ], [ -103.2531, 44.0025 ], [ -103.2731, 43.9873 ], [ -103.279, 43.9732 ], [ -103.3001, 43.975 ], [ -103.3505, 43.9658 ], [ -103.3456, 43.9839 ], [ -103.3598, 43.9952 ], [ -103.3509, 44.0062 ], [ -103.362, 44.0107 ], [ -103.3671, 44.0216 ], [ -103.3423, 44.0455 ] ] ] } },
{ "type": "Feature", "properties": { "GEOIDFQ": "1400000US46103010300", "NAME": "103", "NAMELSAD": "Census Tract 103" }, "geometry": { "type": "Polygon", "coordinates": [ [ [ -103.2471, 44.1062 ], [ -103.2117, 44.1045 ], [ -103.2116, 44.0967 ], [ -103.2322, 44.0967 ], [ -103.2334, 44.0857 ], [ -103.252, 44.0844 ], [ -103.2471, 44.1062 ] ] ] } },
{ "type": "Feature", "properties": { "GEOIDFQ": "1400000US46103010400", "NAME": "104", "NAMELSAD": "Census Tract 104" }, "geometry": { "type": "Polygon", "coordinates": [ [ [ -103.1953, 44.1041 ], [ -103.1799, 44.0968 ], [ -103.1917, 44.0858 ], [ -103.2017, 44.0858 ], [ -103.2117, 44.0912 ], [ -103.2117, 44.1045 ], [ -103.1953, 44.1041 ] ] ] } },
{ "type": "Feature", "properties": { "GEOIDFQ": "1400000US46103010600", "NAME": "106", "NAMELSAD": "Census Tract 106" }, "geometry": { "type": "Polygon", "coordinates": [ [ [ -103.2117, 44.0676 ], [ -103.1995, 44.0721 ], [ -103.1917, 44.053 ], [ -103.2097, 44.0546 ], [ -103.2117, 44.0676 ] ] ] } },
{ "type": "Feature", "properties": { "GEOIDFQ": "1400000US46005956900", "NAME": "9569", "NAMELSAD": "Census Tract 9569" }, "geometry": { "type": "Polygon", "coordinates": [ [ [ -98.203, 44.3647 ], [ -98.203, 44.3562 ], [ -98.2273, 44.3562 ], [ -98.2273, 44.3657 ], [ -98.203, 44.3647 ] ] ] } },
{ "type": "Feature", "properties": { "GEOIDFQ": "1400000US46005956700", "NAME": "9567", "NAMELSAD": "Census Tract 9567" }, "geometry": { "type": "Polygon", "coordinates": [ [ [ -98.2207, 44.6324 ], [ -98.2145, 44.4141 ], [ -98.3363, 44.4141 ], [ -98.3355, 44.1967 ], [ -98.7005, 44.1967 ], [ -98.7058, 44.6342 ], [ -98.2207, 44.6324 ] ] ] } },
{ "type": "Feature", "properties": { "GEOIDFQ": "1400000US46005956800", "NAME": "9568", "NAMELSAD": "Census Tract 9568" }, "geometry": { "type": "Polygon", "coordinates": [ [ [ -98.3363, 44.4141 ], [ -98.1539, 44.4163 ], [ -98.154, 44.3647 ], [ -98.1867, 44.3621 ], [ -98.239, 44.3706 ], [ -98.3363, 44.3706 ], [ -98.3363, 44.4141 ] ] ] } },
{ "type": "Feature", "properties": { "GEOIDFQ": "1400000US46011959000", "NAME": "9590", "NAMELSAD": "Census Tract 9590" }, "geometry": { "type": "Polygon", "coordinates": [ [ [ -96.7585, 44.2981 ], [ -96.7574, 44.2536 ], [ -96.788, 44.2536 ], [ -96.7886, 44.3019 ], [ -96.7585, 44.2981 ] ] ] } },
{ "type": "Feature", "properties": { "GEOIDFQ": "1400000US46037952800", "NAME": "9528", "NAMELSAD": "Census Tract 9528" }, "geometry": { "type": "Polygon", "coordinates": [ [ [ -97.5507, 45.3409 ], [ -97.5508, 45.3989 ], [ -97.4892, 45.3989 ], [ -97.4891, 45.312 ], [ -97.5918, 45.3119 ], [ -97.5918, 45.3408 ], [ -97.5507, 45.3409 ] ] ] } },
{ "type": "Feature", "properties": { "GEOIDFQ": "1400000US46037952700", "NAME": "9527", "NAMELSAD": "Census Tract 9527" }, "geometry": { "type": "Polygon", "coordinates": [ [ [ -97.9796, 45.5885 ], [ -97.5107, 45.5859 ], [ -97.5098, 45.5583 ], [ -97.4892, 45.5582 ], [ -97.4892, 45.3989 ], [ -97.5508, 45.3989 ], [ -97.5507, 45.3409 ], [ -97.5918, 45.3408 ], [ -97.5964, 45.1517 ], [ -97.9815, 45.1533 ], [ -97.9796, 45.5885 ] ] ] } },
{ "type": "Feature", "properties": { "GEOIDFQ": "1400000US46127020302", "NAME": "203.02", "NAMELSAD": "Census Tract 203.02" }, "geometry": { "type": "Polygon", "coordinates": [ [ [ -96.6871, 42.6494 ], [ -96.538, 42.649 ], [ -96.5152, 42.6284 ], [ -96.519, 42.619 ], [ -96.5313, 42.6166 ], [ -96.5299, 42.6105 ], [ -96.5136, 42.6155 ], [ -96.5011, 42.5893 ], [ -96.4915, 42.5873 ], [ -96.496, 42.5804 ], [ -96.4857, 42.5741 ], [ -96.4988, 42.5588 ], [ -96.477, 42.556 ], [ -96.4799, 42.5242 ], [ -96.5126, 42.5202 ], [ -96.507, 42.5318 ], [ -96.512, 42.5465 ], [ -96.5213, 42.545 ], [ -96.525, 42.5369 ], [ -96.5309, 42.5412 ], [ -96.5268, 42.5466 ], [ -96.5473, 42.5484 ], [ -96.5488, 42.5205 ], [ -96.5679, 42.5179 ], [ -96.5911, 42.5054 ], [ -96.6115, 42.5061 ], [ -96.6282, 42.517 ], [ -96.638, 42.552 ], [ -96.6841, 42.5765 ], [ -96.7079, 42.6016 ], [ -96.7114, 42.6164 ], [ -96.6871, 42.6494 ] ] ] } },
{ "type": "Feature", "properties": { "GEOIDFQ": "1400000US46127020301", "NAME": "203.01", "NAMELSAD": "Census Tract 203.01" }, "geometry": { "type": "Polygon", "coordinates": [ [ [ -96.5473, 42.5484 ], [ -96.5268, 42.5466 ], [ -96.5309, 42.5412 ], [ -96.525, 42.5369 ], [ -96.5137, 42.5472 ], [ -96.507, 42.5318 ], [ -96.5126, 42.5202 ], [ -96.4799, 42.5242 ], [ -96.4937, 42.5163 ], [ -96.476, 42.5078 ], [ -96.4764, 42.49 ], [ -96.4455, 42.4906 ], [ -96.4788, 42.4797 ], [ -96.5013, 42.4827 ], [ -96.5288, 42.5133 ], [ -96.5489, 42.5209 ], [ -96.5473, 42.5484 ] ] ] } },
{ "type": "Feature", "properties": { "GEOIDFQ": "1400000US46011958803", "NAME": "9588.03", "NAMELSAD": "Census Tract 9588.03" }, "geometry": { "type": "Polygon", "coordinates": [ [ [ -96.7886, 44.297 ], [ -96.788, 44.2536 ], [ -96.8286, 44.2539 ], [ -96.829, 44.2972 ], [ -96.7886, 44.297 ] ] ] } },
{ "type": "Feature", "properties": { "GEOIDFQ": "1400000US46029954301", "NAME": "9543.01", "NAMELSAD": "Census Tract 9543.01" }, "geometry": { "type": "Polygon", "coordinates": [ [ [ -97.0567, 44.9047 ], [ -97.0571, 44.8902 ], [ -97.0861, 44.8901 ], [ -97.0863, 44.8967 ], [ -97.1188, 44.9031 ], [ -97.122, 44.9093 ], [ -97.0567, 44.9047 ] ] ] } },
{ "type": "Feature", "properties": { "GEOIDFQ": "1400000US46029954302", "NAME": "9543.02", "NAMELSAD": "Census Tract 9543.02" }, "geometry": { "type": "Polygon", "coordinates": [ [ [ -97.0864, 44.9337 ], [ -97.0865, 44.907 ], [ -97.122, 44.9093 ], [ -97.1221, 44.9046 ], [ -97.1297, 44.9336 ], [ -97.0864, 44.9337 ] ] ] } },
{ "type": "Feature", "properties": { "GEOIDFQ": "1400000US46029954501", "NAME": "9545.01", "NAMELSAD": "Census Tract 9545.01" }, "geometry": { "type": "Polygon", "coordinates": [ [ [ -97.0571, 44.8902 ], [ -97.0573, 44.8767 ], [ -97.1089, 44.8764 ], [ -97.1087, 44.8473 ], [ -97.2288, 44.8476 ], [ -97.2285, 44.8766 ], [ -97.2482, 44.8767 ], [ -97.2492, 44.8906 ], [ -97.0571, 44.8902 ] ] ] } },
{ "type": "Feature", "properties": { "GEOIDFQ": "1400000US46039953700", "NAME": "9537", "NAMELSAD": "Census Tract 9537" }, "geometry": { "type": "Polygon", "coordinates": [ [ [ -96.6419, 44.7755 ], [ -96.642, 44.7611 ], [ -96.6327, 44.7611 ], [ -96.6325, 44.7466 ], [ -96.642, 44.746 ], [ -96.6421, 44.7321 ], [ -96.6624, 44.7321 ], [ -96.6627, 44.7179 ], [ -96.6759, 44.7176 ], [ -96.6828, 44.7176 ], [ -96.6826, 44.7321 ], [ -96.7436, 44.7321 ], [ -96.7438, 44.7758 ], [ -96.6419, 44.7755 ] ] ] } },
{ "type": "Feature", "properties": { "GEOIDFQ": "1400000US46039953600", "NAME": "9536", "NAMELSAD": "Census Tract 9536" }, "geometry": { "type": "Polygon", "coordinates": [ [ [ -96.8823, 44.9769 ], [ -96.452, 44.9776 ], [ -96.4518, 44.5437 ], [ -96.8855, 44.5438 ], [ -96.8823, 44.9769 ] ], [ [ -96.7436, 44.7321 ], [ -96.6826, 44.7321 ], [ -96.6828, 44.7176 ], [ -96.6633, 44.7176 ], [ -96.6624, 44.7321 ], [ -96.6421, 44.7321 ], [ -96.642, 44.746 ], [ -96.6325, 44.7466 ], [ -96.6327, 44.7611 ], [ -96.642, 44.7611 ], [ -96.6419, 44.7755 ], [ -96.7438, 44.7734 ], [ -96.7436, 44.7321 ] ] ] } },
{ "type": "Feature", "properties": { "GEOIDFQ": "1400000US46097961600", "NAME": "9616", "NAMELSAD": "Census Tract 9616" }, "geometry": { "type": "Polygon", "coordinates": [ [ [ -97.8495, 44.1952 ], [ -97.3701, 44.195 ], [ -97.3695, 43.8485 ], [ -97.8511, 43.8499 ], [ -97.8495, 44.1952 ] ] ] } },
{ "type": "Feature", "properties": { "GEOIDFQ": "1400000US46099000500", "NAME": "5", "NAMELSAD": "Census Tract 5" }, "geometry": { "type": "Polygon", "coordinates": [ [ [ -96.7014, 43.5512 ], [ -96.6992, 43.5366 ], [ -96.7163, 43.5331 ], [ -96.7255, 43.5486 ], [ -96.7014, 43.5512 ] ] ] } },
{ "type": "Feature", "properties": { "GEOIDFQ": "1400000US46099000900", "NAME": "9", "NAMELSAD": "Census Tract 9" }, "geometry": { "type": "Polygon", "coordinates": [ [ [ -96.7512, 43.547 ], [ -96.7513, 43.5541 ], [ -96.7427, 43.5512 ], [ -96.7413, 43.5402 ], [ -96.7708, 43.5445 ], [ -96.7512, 43.547 ] ] ] } },
{ "type": "Feature", "properties": { "GEOIDFQ": "1400000US46081966601", "NAME": "9666.01", "NAMELSAD": "Census Tract 9666.01" }, "geometry": { "type": "Polygon", "coordinates": [ [ [ -104.0177, 44.4313 ], [ -104.0205, 44.46 ], [ -103.9561, 44.4596 ], [ -103.9697, 44.4511 ], [ -103.9742, 44.4393 ], [ -103.9657, 44.4247 ], [ -103.9461, 44.4166 ], [ -103.9393, 44.4254 ], [ -103.9135, 44.4365 ], [ -103.9097, 44.4317 ], [ -103.8886, 44.4404 ], [ -103.8822, 44.4394 ], [ -103.8829, 44.4338 ], [ -103.8742, 44.4339 ], [ -103.8808, 44.4163 ], [ -103.8496, 44.4023 ], [ -103.852, 44.4309 ], [ -103.836, 44.4308 ], [ -103.8413, 44.4234 ], [ -103.8334, 44.4148 ], [ -103.8343, 44.4034 ], [ -103.8415, 44.3976 ], [ -103.8325, 44.3866 ], [ -103.8281, 44.3946 ], [ -103.8183, 44.3951 ], [ -103.8217, 44.3911 ], [ -103.8049, 44.3963 ], [ -103.8053, 44.3982 ], [ -103.8134, 44.3998 ], [ -103.8136, 44.4 ], [ -103.804, 44.3993 ], [ -103.795, 44.3818 ], [ -103.7806, 44.3817 ], [ -103.7602, 44.3706 ], [ -103.7878, 44.3629 ], [ -103.7871, 44.3446 ], [ -103.7619, 44.3447 ], [ -103.7551, 44.3404 ], [ -103.7528, 44.3486 ], [ -103.7386, 44.3543 ], [ -103.701, 44.3175 ], [ -103.6875, 44.3193 ], [ -103.6862, 44.3285 ], [ -103.6536, 44.323 ], [ -103.6389, 44.3353 ], [ -103.6187, 44.3332 ], [ -103.5694, 44.3465 ], [ -103.5743, 44.3442 ], [ -103.5744, 44.2561 ], [ -103.453, 44.2566 ], [ -103.4525, 44.1408 ], [ -104.0546, 44.1411 ], [ -104.0557, 44.4311 ], [ -104.0177, 44.4313 ] ] ] } },
{ "type": "Feature", "properties": { "GEOIDFQ": "1400000US46081966602", "NAME": "9666.02", "NAMELSAD": "Census Tract 9666.02" }, "geometry": { "type": "Polygon", "coordinates": [ [ [ -103.763, 44.3695 ], [ -103.7563, 44.3618 ], [ -103.739, 44.3591 ], [ -103.7386, 44.3543 ], [ -103.7528, 44.3486 ], [ -103.755, 44.3404 ], [ -103.762, 44.3447 ], [ -103.7813, 44.3419 ], [ -103.7871, 44.3446 ], [ -103.7878, 44.3629 ], [ -103.763, 44.3695 ] ] ] } },
{ "type": "Feature", "properties": { "GEOIDFQ": "1400000US46081966304", "NAME": "9663.04", "NAMELSAD": "Census Tract 9663.04" }, "geometry": { "type": "Polygon", "coordinates": [ [ [ -103.8732, 44.425 ], [ -103.8762, 44.4372 ], [ -103.8444, 44.482 ], [ -103.7899, 44.4753 ], [ -103.7899, 44.4617 ], [ -103.8144, 44.4441 ], [ -103.8115, 44.4388 ], [ -103.8195, 44.4341 ], [ -103.8245, 44.4184 ], [ -103.8139, 44.4002 ], [ -103.805, 44.3962 ], [ -103.8217, 44.3911 ], [ -103.8183, 44.3951 ], [ -103.8281, 44.3946 ], [ -103.8325, 44.3866 ], [ -103.8415, 44.3976 ], [ -103.8343, 44.4034 ], [ -103.8334, 44.4148 ], [ -103.8413, 44.4234 ], [ -103.836, 44.4308 ], [ -103.852, 44.4309 ], [ -103.8496, 44.4023 ], [ -103.8808, 44.4163 ], [ -103.8812, 44.4221 ], [ -103.8732, 44.425 ] ] ] } },
{ "type": "Feature", "properties": { "GEOIDFQ": "1400000US46081966102", "NAME": "9661.02", "NAMELSAD": "Census Tract 9661.02" }, "geometry": { "type": "Polygon", "coordinates": [ [ [ -103.7633, 44.3852 ], [ -103.754, 44.3971 ], [ -103.7444, 44.3981 ], [ -103.72, 44.3977 ], [ -103.7078, 44.3931 ], [ -103.7128, 44.3879 ], [ -103.7053, 44.3894 ], [ -103.6936, 44.4158 ], [ -103.5686, 44.4155 ], [ -103.5694, 44.3465 ], [ -103.6187, 44.3332 ], [ -103.6389, 44.3353 ], [ -103.6536, 44.323 ], [ -103.6862, 44.3285 ], [ -103.6875, 44.3193 ], [ -103.701, 44.3175 ], [ -103.7368, 44.3493 ], [ -103.739, 44.3591 ], [ -103.7563, 44.3618 ], [ -103.7603, 44.3707 ], [ -103.7851, 44.3881 ], [ -103.7633, 44.3852 ] ] ] } },
{ "type": "Feature", "properties": { "GEOIDFQ": "1400000US46081966303", "NAME": "9663.03", "NAMELSAD": "Census Tract 9663.03" }, "geometry": { "type": "Polygon", "coordinates": [ [ [ -103.9822, 44.5178 ], [ -103.9587, 44.5102 ], [ -103.9512, 44.5109 ], [ -103.9501, 44.5181 ], [ -103.9329, 44.5206 ], [ -103.9128, 44.5033 ], [ -103.8902, 44.5032 ], [ -103.8902, 44.4959 ], [ -103.8749, 44.4958 ], [ -103.8749, 44.4922 ], [ -103.8654, 44.4954 ], [ -103.8615, 44.4819 ], [ -103.8521, 44.4756 ], [ -103.849, 44.4782 ], [ -103.8499, 44.4675 ], [ -103.8651, 44.4553 ], [ -103.8755, 44.4336 ], [ -103.8888, 44.4404 ], [ -103.9097, 44.4317 ], [ -103.9135, 44.4365 ], [ -103.9393, 44.4254 ], [ -103.9461, 44.4166 ], [ -103.9657, 44.4247 ], [ -103.9742, 44.4393 ], [ -103.9697, 44.4511 ], [ -103.9561, 44.4596 ], [ -104.0205, 44.46 ], [ -104.0177, 44.4313 ], [ -104.0557, 44.4311 ], [ -104.0559, 44.5174 ], [ -103.9822, 44.5178 ] ] ] } },
{ "type": "Feature", "properties": { "GEOIDFQ": "1400000US46081966101", "NAME": "9661.01", "NAMELSAD": "Census Tract 9661.01" }, "geometry": { "type": "Polygon", "coordinates": [ [ [ -103.8614, 44.59 ], [ -103.8349, 44.5891 ], [ -103.838, 44.5937 ], [ -103.8264, 44.5932 ], [ -103.8284, 44.6011 ], [ -103.8206, 44.6048 ], [ -103.5677, 44.6041 ], [ -103.5686, 44.4155 ], [ -103.6936, 44.4158 ], [ -103.7053, 44.3894 ], [ -103.7128, 44.3879 ], [ -103.7078, 44.3931 ], [ -103.72, 44.3977 ], [ -103.7445, 44.3981 ], [ -103.754, 44.3971 ], [ -103.7633, 44.3852 ], [ -103.7827, 44.3892 ], [ -103.7824, 44.382 ], [ -103.795, 44.3818 ], [ -103.8002, 44.3965 ], [ -103.8139, 44.4002 ], [ -103.8245, 44.4184 ], [ -103.8195, 44.4341 ], [ -103.8115, 44.4388 ], [ -103.8144, 44.4441 ], [ -103.7899, 44.4617 ], [ -103.7899, 44.4753 ], [ -103.8236, 44.4781 ], [ -103.8382, 44.4844 ], [ -103.8559, 44.501 ], [ -103.8644, 44.5201 ], [ -103.8614, 44.59 ] ] ] } },
{ "type": "Feature", "properties": { "GEOIDFQ": "1400000US46085972600", "NAME": "9726", "NAMELSAD": "Census Tract 9726" }, "geometry": { "type": "Polygon", "coordinates": [ [ [ -100.0659, 44.1949 ], [ -100.066, 44.014 ], [ -99.5253, 44.0142 ], [ -99.5256, 43.9145 ], [ -99.3632, 43.9148 ], [ -99.357, 43.8968 ], [ -99.3171, 43.875 ], [ -99.3085, 43.8589 ], [ -99.3662, 43.7924 ], [ -99.4101, 43.7746 ], [ -99.419, 43.7448 ], [ -99.4074, 43.7273 ], [ -99.4079, 43.7031 ], [ -99.4546, 43.6879 ], [ -99.4691, 43.6728 ], [ -99.4525, 43.6536 ], [ -99.3831, 43.6582 ], [ -99.3604, 43.6476 ], [ -99.3435, 43.616 ], [ -99.3369, 43.5749 ], [ -99.2825, 43.5297 ], [ -99.2931, 43.5036 ], [ -99.298, 43.4997 ], [ -99.6236, 43.4999 ], [ -99.6236, 43.7424 ], [ -99.6415, 43.7357 ], [ -99.6435, 43.7584 ], [ -99.6582, 43.7665 ], [ -99.6674, 43.7635 ], [ -99.6619, 43.741 ], [ -99.6682, 43.7299 ], [ -99.6897, 43.7311 ], [ -99.681, 43.7494 ], [ -99.6912, 43.7603 ], [ -99.7067, 43.7498 ], [ -99.7109, 43.7331 ], [ -99.7292, 43.719 ], [ -99.7402, 43.7237 ], [ -99.7404, 43.7472 ], [ -99.7502, 43.7478 ], [ -99.7621, 43.7396 ], [ -99.7635, 43.731 ], [ -99.7458, 43.7103 ], [ -99.7986, 43.7116 ], [ -99.8021, 43.7006 ], [ -99.8399, 43.6887 ], [ -99.8597, 43.7012 ], [ -99.8512, 43.6884 ], [ -99.8731, 43.6891 ], [ -99.862, 43.6829 ], [ -99.8706, 43.6707 ], [ -99.8885, 43.6773 ], [ -99.8851, 43.6859 ], [ -99.8982, 43.7008 ], [ -99.9254, 43.6868 ], [ -99.9318, 43.6874 ], [ -99.9343, 43.6955 ], [ -99.955, 43.6982 ], [ -99.962, 43.6886 ], [ -99.9738, 43.6932 ], [ -99.9815, 43.6871 ], [ -99.998, 43.702 ], [ -100.0004, 43.6938 ], [ -100.0099, 43.6937 ], [ -100.0069, 43.7047 ], [ -100.0133, 43.7078 ], [ -100.0311, 43.6975 ], [ -100.0362, 43.7033 ], [ -100.0462, 43.7036 ], [ -100.0502, 43.6922 ], [ -100.0775, 43.692 ], [ -100.0872, 43.6852 ], [ -100.1058, 43.6944 ], [ -100.1139, 43.6853 ], [ -100.1326, 43.7032 ], [ -100.1448, 43.7033 ], [ -100.1404, 43.6945 ], [ -100.1619, 43.7044 ], [ -100.1899, 43.7062 ], [ -100.1971, 43.7042 ], [ -100.2099, 43.6833 ], [ -100.2244, 43.6974 ], [ -100.2267, 43.7148 ], [ -100.2531, 43.703 ], [ -100.2668, 43.7088 ], [ -100.2841, 43.6968 ], [ -100.2967, 43.706 ], [ -100.3052, 43.7233 ], [ -100.339, 43.7169 ], [ -100.3394, 43.8471 ], [ -100.3662, 43.847 ], [ -100.3672, 44.1946 ], [ -100.0659, 44.1949 ] ] ] } },
{ "type": "Feature", "properties": { "GEOIDFQ": "1400000US46085940100", "NAME": "9401", "NAMELSAD": "Census Tract 9401" }, "geometry": { "type": "Polygon", "coordinates": [ [ [ -100.0659, 44.1949 ], [ -99.9382, 44.1952 ], [ -99.8991, 44.1412 ], [ -99.8754, 44.1264 ], [ -99.8481, 44.1242 ], [ -99.7631, 44.1352 ], [ -99.6296, 44.098 ], [ -99.6122, 44.1037 ], [ -99.5998, 44.1183 ], [ -99.6103, 44.1489 ], [ -99.645, 44.1655 ], [ -99.6958, 44.1724 ], [ -99.7107, 44.1846 ], [ -99.7014, 44.2034 ], [ -99.684, 44.2145 ], [ -99.6323, 44.2157 ], [ -99.5939, 44.204 ], [ -99.5407, 44.1585 ], [ -99.5625, 44.1015 ], [ -99.5431, 44.0765 ], [ -99.5113, 44.055 ], [ -99.4277, 44.0428 ], [ -99.3799, 44.0141 ], [ -99.348, 43.986 ], [ -99.35, 43.9465 ], [ -99.3632, 43.9148 ], [ -99.5256, 43.9145 ], [ -99.5253, 44.0142 ], [ -100.066, 44.014 ], [ -100.0659, 44.1949 ] ] ] } },
{ "type": "Feature", "properties": { "GEOIDFQ": "1400000US46109940700", "NAME": "9407", "NAMELSAD": "Census Tract 9407" }, "geometry": { "type": "Polygon", "coordinates": [ [ [ -96.5637, 45.9352 ], [ -96.5797, 45.8258 ], [ -96.6278, 45.7862 ], [ -96.6419, 45.7599 ], [ -96.6626, 45.7387 ], [ -96.7451, 45.7016 ], [ -96.7609, 45.6875 ], [ -96.8267, 45.6537 ], [ -96.8333, 45.6565 ], [ -96.8336, 45.6886 ], [ -96.8955, 45.6889 ], [ -96.8958, 45.7467 ], [ -96.9295, 45.7468 ], [ -96.9784, 45.674 ], [ -97.1026, 45.6743 ], [ -97.1027, 45.6603 ], [ -97.1305, 45.6595 ], [ -97.1606, 45.6493 ], [ -97.1802, 45.6596 ], [ -97.2272, 45.6596 ], [ -97.2283, 45.9344 ], [ -96.5637, 45.9352 ] ] ] } },
{ "type": "Feature", "properties": { "GEOIDFQ": "1400000US46109940800", "NAME": "9408", "NAMELSAD": "Census Tract 9408" }, "geometry": { "type": "Polygon", "coordinates": [ [ [ -97.1802, 45.6596 ], [ -97.1606, 45.6493 ], [ -97.1236, 45.6598 ], [ -97.1234, 45.6454 ], [ -97.0405, 45.6454 ], [ -97.0406, 45.6167 ], [ -96.9897, 45.6164 ], [ -96.9875, 45.6565 ], [ -96.9628, 45.7036 ], [ -96.9295, 45.7468 ], [ -96.8958, 45.7467 ], [ -96.8955, 45.6889 ], [ -96.8336, 45.6886 ], [ -96.8333, 45.6565 ], [ -96.8267, 45.6537 ], [ -96.8442, 45.6396 ], [ -97.0075, 45.2969 ], [ -97.2262, 45.2976 ], [ -97.2272, 45.6596 ], [ -97.1802, 45.6596 ] ] ] } },
{ "type": "Feature", "properties": { "GEOIDFQ": "1400000US46011958600", "NAME": "9586", "NAMELSAD": "Census Tract 9586" }, "geometry": { "type": "Polygon", "coordinates": [ [ [ -96.7569, 44.5437 ], [ -96.4518, 44.5437 ], [ -96.4528, 44.1968 ], [ -96.7584, 44.1972 ], [ -96.7569, 44.5437 ] ] ] } },
{ "type": "Feature", "properties": { "GEOIDFQ": "1400000US46099000202", "NAME": "2.02", "NAMELSAD": "Census Tract 2.02" }, "geometry": { "type": "Polygon", "coordinates": [ [ [ -96.7773, 43.5703 ], [ -96.764, 43.5729 ], [ -96.7656, 43.5659 ], [ -96.7562, 43.5638 ], [ -96.7512, 43.547 ], [ -96.7806, 43.5477 ], [ -96.7773, 43.5703 ] ] ] } },
{ "type": "Feature", "properties": { "GEOIDFQ": "1400000US46099000408", "NAME": "4.08", "NAMELSAD": "Census Tract 4.08" }, "geometry": { "type": "Polygon", "coordinates": [ [ [ -96.6932, 43.5635 ], [ -96.6716, 43.573 ], [ -96.6524, 43.5954 ], [ -96.6515, 43.5584 ], [ -96.6716, 43.5585 ], [ -96.6715, 43.5512 ], [ -96.6936, 43.5521 ], [ -96.6932, 43.5635 ] ] ] } },
{ "type": "Feature", "properties": { "GEOIDFQ": "1400000US46099001108", "NAME": "11.08", "NAMELSAD": "Census Tract 11.08" }, "geometry": { "type": "Polygon", "coordinates": [ [ [ -96.7806, 43.5148 ], [ -96.7882, 43.5003 ], [ -96.8003, 43.5003 ], [ -96.8009, 43.5148 ], [ -96.7806, 43.5148 ] ] ] } },
{ "type": "Feature", "properties": { "GEOIDFQ": "1400000US46099010501", "NAME": "105.01", "NAMELSAD": "Census Tract 105.01" }, "geometry": { "type": "Polygon", "coordinates": [ [ [ -96.592, 43.6094 ], [ -96.5321, 43.6085 ], [ -96.5323, 43.5873 ], [ -96.5814, 43.5874 ], [ -96.5815, 43.5946 ], [ -96.5919, 43.5946 ], [ -96.592, 43.6094 ] ] ] } },
{ "type": "Feature", "properties": { "GEOIDFQ": "1400000US46099010502", "NAME": "105.02", "NAMELSAD": "Census Tract 105.02" }, "geometry": { "type": "Polygon", "coordinates": [ [ [ -96.5969, 43.5946 ], [ -96.5815, 43.5946 ], [ -96.5814, 43.5874 ], [ -96.5323, 43.5873 ], [ -96.5321, 43.5584 ], [ -96.5917, 43.5585 ], [ -96.602, 43.5643 ], [ -96.5998, 43.5742 ], [ -96.6053, 43.5778 ], [ -96.5969, 43.5946 ] ] ] } },
{ "type": "Feature", "properties": { "GEOIDFQ": "1400000US46099001002", "NAME": "10.02", "NAMELSAD": "Census Tract 10.02" }, "geometry": { "type": "Polygon", "coordinates": [ [ [ -96.7709, 43.5439 ], [ -96.7715, 43.5264 ], [ -96.8024, 43.5344 ], [ -96.8129, 43.5406 ], [ -96.7709, 43.5439 ] ] ] } },
{ "type": "Feature", "properties": { "GEOIDFQ": "1400000US46099000407", "NAME": "4.07", "NAMELSAD": "Census Tract 4.07" }, "geometry": { "type": "Polygon", "coordinates": [ [ [ -96.6783, 43.5439 ], [ -96.6522, 43.5439 ], [ -96.6518, 43.5294 ], [ -96.6714, 43.5294 ], [ -96.6714, 43.5367 ], [ -96.6784, 43.5378 ], [ -96.6783, 43.5439 ] ] ] } },
{ "type": "Feature", "properties": { "GEOIDFQ": "1400000US46093020200", "NAME": "202", "NAMELSAD": "Census Tract 202" }, "geometry": { "type": "Polygon", "coordinates": [ [ [ -103.1222, 44.1655 ], [ -103.1209, 44.1765 ], [ -103.0758, 44.173 ], [ -103.081, 44.1546 ], [ -103.0607, 44.1494 ], [ -103.0607, 44.143 ], [ -103.1108, 44.1408 ], [ -103.1291, 44.1619 ], [ -103.1222, 44.1655 ] ] ] } },
{ "type": "Feature", "properties": { "GEOIDFQ": "1400000US46093020302", "NAME": "203.02", "NAMELSAD": "Census Tract 203.02" }, "geometry": { "type": "Polygon", "coordinates": [ [ [ -103.5677, 44.6041 ], [ -103.3465, 44.6045 ], [ -103.3438, 44.4702 ], [ -103.4285, 44.4165 ], [ -103.3909, 44.4165 ], [ -103.3881, 44.4239 ], [ -103.159, 44.4237 ], [ -103.1254, 44.4152 ], [ -103.1257, 44.3448 ], [ -103.1517, 44.3149 ], [ -103.1513, 44.1408 ], [ -103.2954, 44.1409 ], [ -103.3238, 44.1799 ], [ -103.378, 44.224 ], [ -103.3485, 44.2262 ], [ -103.3474, 44.2386 ], [ -103.3985, 44.2441 ], [ -103.433, 44.2972 ], [ -103.4372, 44.3297 ], [ -103.4943, 44.3946 ], [ -103.4887, 44.4118 ], [ -103.4992, 44.4196 ], [ -103.5631, 44.4367 ], [ -103.5688, 44.4535 ], [ -103.5677, 44.6041 ] ] ] } },
{ "type": "Feature", "properties": { "GEOIDFQ": "1400000US46053971100", "NAME": "9711", "NAMELSAD": "Census Tract 9711" }, "geometry": { "type": "Polygon", "coordinates": [ [ [ -99.298, 43.4997 ], [ -99.3101, 43.4679 ], [ -99.2783, 43.4435 ], [ -99.2514, 43.4365 ], [ -99.1777, 43.4379 ], [ -99.1648, 43.4341 ], [ -99.1485, 43.4221 ], [ -99.1264, 43.3806 ], [ -99.1059, 43.3709 ], [ -99.0753, 43.3278 ], [ -99.0927, 43.3082 ], [ -99.1063, 43.3098 ], [ -99.0648, 43.2815 ], [ -99.0669, 43.2745 ], [ -99.0754, 43.2747 ], [ -99.0716, 43.2638 ], [ -99.0978, 43.2687 ], [ -99.1192, 43.2608 ], [ -99.1197, 43.2556 ], [ -99.1877, 43.2556 ], [ -99.1898, 43.2489 ], [ -99.2029, 43.2502 ], [ -99.2092, 43.2403 ], [ -99.376, 43.2413 ], [ -99.3758, 43.169 ], [ -99.534, 43.1689 ], [ -99.5345, 43.4998 ], [ -99.298, 43.4997 ] ] ] } },
{ "type": "Feature", "properties": { "GEOIDFQ": "1400000US46053971200", "NAME": "9712", "NAMELSAD": "Census Tract 9712" }, "geometry": { "type": "Polygon", "coordinates": [ [ [ -99.534, 43.1689 ], [ -99.3758, 43.169 ], [ -99.376, 43.2413 ], [ -99.2092, 43.2403 ], [ -99.2029, 43.2502 ], [ -99.1898, 43.2489 ], [ -99.1877, 43.2556 ], [ -99.1197, 43.2556 ], [ -99.1192, 43.2608 ], [ -99.0978, 43.2687 ], [ -99.0727, 43.2631 ], [ -99.0754, 43.2747 ], [ -99.0669, 43.2745 ], [ -99.0648, 43.2815 ], [ -99.1063, 43.3098 ], [ -99.0927, 43.3082 ], [ -99.0753, 43.3278 ], [ -98.9813, 43.2589 ], [ -98.9504, 43.2488 ], [ -98.8878, 43.2432 ], [ -98.8777, 43.2266 ], [ -98.8776, 43.18 ], [ -98.8656, 43.1596 ], [ -98.7734, 43.1459 ], [ -98.7504, 43.1295 ], [ -98.7146, 43.0889 ], [ -98.6905, 43.0766 ], [ -98.653, 43.0713 ], [ -98.6158, 43.074 ], [ -98.5575, 43.059 ], [ -98.5148, 43.0294 ], [ -98.4985, 42.9986 ], [ -99.494, 42.9979 ], [ -99.534, 42.998 ], [ -99.534, 43.1689 ] ] ] } },
{ "type": "Feature", "properties": { "GEOIDFQ": "1400000US46059975600", "NAME": "9756", "NAMELSAD": "Census Tract 9756" }, "geometry": { "type": "Polygon", "coordinates": [ [ [ -99.3118, 44.8972 ], [ -98.7054, 44.8969 ], [ -98.7005, 44.1967 ], [ -99.3002, 44.1948 ], [ -99.3005, 44.5474 ], [ -99.3125, 44.5475 ], [ -99.3118, 44.8972 ] ], [ [ -99.0443, 44.4866 ], [ -98.8637, 44.4864 ], [ -98.8631, 44.5476 ], [ -99.0445, 44.5473 ], [ -99.0443, 44.4866 ] ] ] } },
{ "type": "Feature", "properties": { "GEOIDFQ": "1400000US46059975700", "NAME": "9757", "NAMELSAD": "Census Tract 9757" }, "geometry": { "type": "Polygon", "coordinates": [ [ [ -98.8631, 44.5476 ], [ -98.8637, 44.4864 ], [ -99.0443, 44.4866 ], [ -99.0446, 44.5473 ], [ -98.8631, 44.5476 ] ] ] } },
{ "type": "Feature", "properties": { "GEOIDFQ": "1400000US46077958200", "NAME": "9582", "NAMELSAD": "Census Tract 9582" }, "geometry": { "type": "Polygon", "coordinates": [ [ [ -97.853, 44.5444 ], [ -97.5524, 44.544 ], [ -97.5518, 44.4267 ], [ -97.4712, 44.4267 ], [ -97.4714, 44.3544 ], [ -97.5516, 44.3545 ], [ -97.5517, 44.1951 ], [ -97.8531, 44.1952 ], [ -97.853, 44.5444 ] ] ] } },
{ "type": "Feature", "properties": { "GEOIDFQ": "1400000US46077958100", "NAME": "9581", "NAMELSAD": "Census Tract 9581" }, "geometry": { "type": "Polygon", "coordinates": [ [ [ -97.128, 44.5431 ], [ -97.1297, 44.1959 ], [ -97.5517, 44.1951 ], [ -97.5516, 44.3545 ], [ -97.4714, 44.3544 ], [ -97.4712, 44.4267 ], [ -97.5518, 44.4267 ], [ -97.5524, 44.544 ], [ -97.128, 44.5431 ] ] ] } },
{ "type": "Feature", "properties": { "GEOIDFQ": "1400000US46101959600", "NAME": "9596", "NAMELSAD": "Census Tract 9596" }, "geometry": { "type": "Polygon", "coordinates": [ [ [ -96.8892, 44.1957 ], [ -96.4528, 44.1968 ], [ -96.453, 43.8495 ], [ -96.8887, 43.8484 ], [ -96.8892, 44.1957 ] ], [ [ -96.7084, 43.9497 ], [ -96.607, 43.9497 ], [ -96.6072, 43.993 ], [ -96.5865, 43.9929 ], [ -96.5876, 44.0218 ], [ -96.5471, 44.0224 ], [ -96.5466, 44.0515 ], [ -96.5061, 44.0514 ], [ -96.5056, 44.0804 ], [ -96.5257, 44.0808 ], [ -96.5296, 44.1413 ], [ -96.6484, 44.1381 ], [ -96.6485, 44.022 ], [ -96.7088, 44.0221 ], [ -96.7084, 43.9497 ] ] ] } },
{ "type": "Feature", "properties": { "GEOIDFQ": "1400000US46101959700", "NAME": "9597", "NAMELSAD": "Census Tract 9597" }, "geometry": { "type": "Polygon", "coordinates": [ [ [ -96.7088, 44.0221 ], [ -96.6485, 44.022 ], [ -96.6484, 44.1381 ], [ -96.5296, 44.1413 ], [ -96.5257, 44.0808 ], [ -96.5056, 44.0804 ], [ -96.5061, 44.0514 ], [ -96.5466, 44.0515 ], [ -96.5471, 44.0224 ], [ -96.5876, 44.0218 ], [ -96.5865, 43.9929 ], [ -96.6072, 43.993 ], [ -96.607, 43.9497 ], [ -96.7084, 43.9497 ], [ -96.7088, 44.0221 ] ] ] } },
{ "type": "Feature", "properties": { "GEOIDFQ": "1400000US46031941000", "NAME": "9410", "NAMELSAD": "Census Tract 9410" }, "geometry": { "type": "Polygon", "coordinates": [ [ [ -102.0004, 45.9447 ], [ -100.9773, 45.9438 ], [ -100.9765, 45.7606 ], [ -100.8107, 45.7606 ], [ -100.8107, 45.7439 ], [ -100.8047, 45.7391 ], [ -100.7073, 45.7388 ], [ -100.6747, 45.7143 ], [ -100.6608, 45.6778 ], [ -100.641, 45.6691 ], [ -100.6342, 45.6278 ], [ -100.6128, 45.592 ], [ -100.6046, 45.5832 ], [ -100.5621, 45.5639 ], [ -100.5665, 45.508 ], [ -100.6114, 45.4786 ], [ -100.6049, 45.4726 ], [ -100.6109, 45.4725 ], [ -101.9998, 45.4724 ], [ -102.0004, 45.9447 ] ] ] } },
{ "type": "Feature", "properties": { "GEOIDFQ": "1400000US46031941100", "NAME": "9411", "NAMELSAD": "Census Tract 9411" }, "geometry": { "type": "Polygon", "coordinates": [ [ [ -100.4994, 45.9437 ], [ -100.4887, 45.9303 ], [ -100.4624, 45.9196 ], [ -100.4175, 45.884 ], [ -100.387, 45.8691 ], [ -100.379, 45.8234 ], [ -100.309, 45.7078 ], [ -100.3088, 45.6896 ], [ -100.3178, 45.6735 ], [ -100.3372, 45.6632 ], [ -100.3874, 45.6594 ], [ -100.4064, 45.65 ], [ -100.4238, 45.6248 ], [ -100.4342, 45.5857 ], [ -100.4775, 45.5575 ], [ -100.4866, 45.5365 ], [ -100.4748, 45.5215 ], [ -100.4539, 45.512 ], [ -100.3821, 45.5106 ], [ -100.3653, 45.5001 ], [ -100.3419, 45.4729 ], [ -100.6049, 45.4726 ], [ -100.6114, 45.4786 ], [ -100.5667, 45.5074 ], [ -100.5621, 45.5639 ], [ -100.6054, 45.5837 ], [ -100.6208, 45.6017 ], [ -100.6345, 45.6287 ], [ -100.6408, 45.6687 ], [ -100.6612, 45.6783 ], [ -100.6763, 45.7159 ], [ -100.7073, 45.7388 ], [ -100.8052, 45.7392 ], [ -100.8107, 45.7606 ], [ -100.9765, 45.7606 ], [ -100.9773, 45.9438 ], [ -100.4994, 45.9437 ] ] ] } },
{ "type": "Feature", "properties": { "GEOIDFQ": "1400000US46135966400", "NAME": "9664", "NAMELSAD": "Census Tract 9664" }, "geometry": { "type": "Polygon", "coordinates": [ [ [ -97.1605, 43.17 ], [ -97.1604, 42.7997 ], [ -97.2101, 42.8093 ], [ -97.2207, 42.8468 ], [ -97.2503, 42.8556 ], [ -97.2899, 42.8555 ], [ -97.2979, 42.8618 ], [ -97.2996, 42.8673 ], [ -97.2824, 42.875 ], [ -97.2761, 42.8865 ], [ -97.2798, 42.9011 ], [ -97.2882, 42.9064 ], [ -97.3135, 42.9084 ], [ -97.3234, 42.9002 ], [ -97.326, 42.9075 ], [ -97.3554, 42.8927 ], [ -97.3606, 42.9524 ], [ -97.4968, 42.9522 ], [ -97.4961, 42.9087 ], [ -97.5559, 42.9087 ], [ -97.5484, 42.8651 ], [ -97.5315, 42.8637 ], [ -97.5266, 42.8511 ], [ -97.5619, 42.8476 ], [ -97.6051, 42.8584 ], [ -97.6354, 42.8515 ], [ -97.6375, 43.1688 ], [ -97.1605, 43.17 ] ] ] } },
{ "type": "Feature", "properties": { "GEOIDFQ": "1400000US46099001902", "NAME": "19.02", "NAMELSAD": "Census Tract 19.02" }, "geometry": { "type": "Polygon", "coordinates": [ [ [ -96.7086, 43.5163 ], [ -96.6962, 43.5331 ], [ -96.6894, 43.5129 ], [ -96.6962, 43.5004 ], [ -96.7492, 43.5034 ], [ -96.7086, 43.5163 ] ] ] } },
{ "type": "Feature", "properties": { "GEOIDFQ": "1400000US46099000401", "NAME": "4.01", "NAMELSAD": "Census Tract 4.01" }, "geometry": { "type": "Polygon", "coordinates": [ [ [ -96.7011, 43.5602 ], [ -96.6932, 43.5635 ], [ -96.6962, 43.5331 ], [ -96.7011, 43.5602 ] ] ] } },
{ "type": "Feature", "properties": { "GEOIDFQ": "1400000US46103011400", "NAME": "114", "NAMELSAD": "Census Tract 114" }, "geometry": { "type": "Polygon", "coordinates": [ [ [ -103.1108, 44.1408 ], [ -103.111, 44.1175 ], [ -103.1575, 44.0997 ], [ -103.2471, 44.1062 ], [ -103.252, 44.0844 ], [ -103.2786, 44.0858 ], [ -103.2883, 44.0959 ], [ -103.3037, 44.1408 ], [ -103.1108, 44.1408 ] ] ] } },
{ "type": "Feature", "properties": { "GEOIDFQ": "1400000US46103011300", "NAME": "113", "NAMELSAD": "Census Tract 113" }, "geometry": { "type": "Polygon", "coordinates": [ [ [ -103.4242, 44.1088 ], [ -103.4286, 44.1198 ], [ -103.4108, 44.1337 ], [ -103.4038, 44.1304 ], [ -103.3986, 44.1407 ], [ -103.3037, 44.1408 ], [ -103.2883, 44.0959 ], [ -103.2788, 44.0858 ], [ -103.2923, 44.0858 ], [ -103.2891, 44.0613 ], [ -103.3191, 44.0464 ], [ -103.3372, 44.0542 ], [ -103.3644, 44.0549 ], [ -103.3845, 44.0664 ], [ -103.4254, 44.0643 ], [ -103.4383, 44.095 ], [ -103.4242, 44.1088 ] ] ] } },
{ "type": "Feature", "properties": { "GEOIDFQ": "1400000US46103010800", "NAME": "108", "NAMELSAD": "Census Tract 108" }, "geometry": { "type": "Polygon", "coordinates": [ [ [ -103.2452, 44.08 ], [ -103.2265, 44.0765 ], [ -103.2267, 44.059 ], [ -103.2403, 44.0555 ], [ -103.2455, 44.0463 ], [ -103.2512, 44.0565 ], [ -103.2452, 44.08 ] ] ] } },
{ "type": "Feature", "properties": { "GEOIDFQ": "1400000US46103011700", "NAME": "117", "NAMELSAD": "Census Tract 117" }, "geometry": { "type": "Polygon", "coordinates": [ [ [ -104.0546, 44.1411 ], [ -103.3986, 44.1407 ], [ -103.4038, 44.1304 ], [ -103.4108, 44.1337 ], [ -103.4287, 44.1196 ], [ -103.4242, 44.1088 ], [ -103.4381, 44.0966 ], [ -103.4376, 44.0836 ], [ -103.4254, 44.0643 ], [ -103.3841, 44.0664 ], [ -103.3666, 44.0586 ], [ -103.3622, 44.0411 ], [ -103.3497, 44.048 ], [ -103.3423, 44.0455 ], [ -103.3671, 44.0216 ], [ -103.362, 44.0107 ], [ -103.3509, 44.0062 ], [ -103.3526, 44.0012 ], [ -103.3761, 43.9874 ], [ -103.3929, 43.9935 ], [ -103.4343, 43.9815 ], [ -103.4468, 43.9896 ], [ -103.4871, 43.9847 ], [ -103.4824, 43.9752 ], [ -103.4873, 43.9631 ], [ -103.4797, 43.9673 ], [ -103.4597, 43.957 ], [ -103.4575, 43.948 ], [ -103.4646, 43.9462 ], [ -103.448, 43.9297 ], [ -103.4776, 43.922 ], [ -103.4955, 43.9268 ], [ -103.5111, 43.9183 ], [ -103.5087, 43.9133 ], [ -103.5239, 43.9016 ], [ -103.54, 43.8994 ], [ -103.563, 43.8797 ], [ -103.5785, 43.876 ], [ -103.5862, 43.8632 ], [ -103.5781, 43.8558 ], [ -104.0555, 43.8537 ], [ -104.0546, 44.1411 ] ] ] } },
{ "type": "Feature", "properties": { "GEOIDFQ": "1400000US46103011002", "NAME": "110.02", "NAMELSAD": "Census Tract 110.02" }, "geometry": { "type": "Polygon", "coordinates": [ [ [ -103.2932, 44.0614 ], [ -103.2712, 44.0676 ], [ -103.2688, 44.0594 ], [ -103.2501, 44.0604 ], [ -103.2443, 44.0494 ], [ -103.2496, 44.024 ], [ -103.2721, 44.0238 ], [ -103.2722, 44.0388 ], [ -103.2906, 44.0369 ], [ -103.2932, 44.0614 ] ] ] } },
{ "type": "Feature", "properties": { "GEOIDFQ": "1400000US46103011200", "NAME": "112", "NAMELSAD": "Census Tract 112" }, "geometry": { "type": "Polygon", "coordinates": [ [ [ -103.2923, 44.0858 ], [ -103.2536, 44.0838 ], [ -103.2568, 44.075 ], [ -103.2663, 44.0741 ], [ -103.2737, 44.08 ], [ -103.2923, 44.0772 ], [ -103.2923, 44.0858 ] ] ] } },
{ "type": "Feature", "properties": { "GEOIDFQ": "1400000US46103011001", "NAME": "110.01", "NAMELSAD": "Census Tract 110.01" }, "geometry": { "type": "Polygon", "coordinates": [ [ [ -103.2567, 44.075 ], [ -103.2556, 44.0827 ], [ -103.2458, 44.0826 ], [ -103.2501, 44.0604 ], [ -103.2688, 44.0594 ], [ -103.2712, 44.0676 ], [ -103.2567, 44.075 ] ] ] } },
{ "type": "Feature", "properties": { "GEOIDFQ": "1400000US46103010500", "NAME": "105", "NAMELSAD": "Census Tract 105" }, "geometry": { "type": "Polygon", "coordinates": [ [ [ -103.2076, 44.0912 ], [ -103.1917, 44.0858 ], [ -103.1866, 44.0675 ], [ -103.1995, 44.0721 ], [ -103.2117, 44.0676 ], [ -103.2167, 44.0757 ], [ -103.2076, 44.0912 ] ] ] } },
{ "type": "Feature", "properties": { "GEOIDFQ": "1400000US46103011100", "NAME": "111", "NAMELSAD": "Census Tract 111" }, "geometry": { "type": "Polygon", "coordinates": [ [ [ -103.2925, 44.0785 ], [ -103.2857, 44.0749 ], [ -103.2737, 44.08 ], [ -103.2639, 44.0745 ], [ -103.2862, 44.0609 ], [ -103.2925, 44.0785 ] ] ] } },
{ "type": "Feature", "properties": { "GEOIDFQ": "1400000US46099010402", "NAME": "104.02", "NAMELSAD": "Census Tract 104.02" }, "geometry": { "type": "Polygon", "coordinates": [ [ [ -96.5917, 43.5585 ], [ -96.5321, 43.5584 ], [ -96.5321, 43.6085 ], [ -96.592, 43.6094 ], [ -96.5913, 43.674 ], [ -96.4535, 43.675 ], [ -96.4533, 43.5004 ], [ -96.5992, 43.5005 ], [ -96.6034, 43.51 ], [ -96.5968, 43.5224 ], [ -96.611, 43.5365 ], [ -96.5917, 43.5585 ] ] ] } },
{ "type": "Feature", "properties": { "GEOIDFQ": "1400000US46099010401", "NAME": "104.01", "NAMELSAD": "Census Tract 104.01" }, "geometry": { "type": "Polygon", "coordinates": [ [ [ -96.6137, 43.542 ], [ -96.5968, 43.5224 ], [ -96.6034, 43.51 ], [ -96.5992, 43.5005 ], [ -96.6498, 43.5004 ], [ -96.6522, 43.5439 ], [ -96.6137, 43.542 ] ] ] } },
{ "type": "Feature", "properties": { "GEOIDFQ": "1400000US46099000201", "NAME": "2.01", "NAMELSAD": "Census Tract 2.01" }, "geometry": { "type": "Polygon", "coordinates": [ [ [ -96.7313, 43.5642 ], [ -96.7314, 43.5512 ], [ -96.756, 43.5512 ], [ -96.7566, 43.5641 ], [ -96.7313, 43.5642 ] ] ] } },
{ "type": "Feature", "properties": { "GEOIDFQ": "1400000US46091950800", "NAME": "9508", "NAMELSAD": "Census Tract 9508" }, "geometry": { "type": "Polygon", "coordinates": [ [ [ -97.9788, 45.9359 ], [ -97.2283, 45.9354 ], [ -97.2271, 45.5582 ], [ -97.3646, 45.5587 ], [ -97.3734, 45.5876 ], [ -97.9796, 45.5885 ], [ -97.9788, 45.9359 ] ] ] } },
{ "type": "Feature", "properties": { "GEOIDFQ": "1400000US46013951700", "NAME": "9517", "NAMELSAD": "Census Tract 9517" }, "geometry": { "type": "Polygon", "coordinates": [ [ [ -98.5984, 45.447 ], [ -98.4925, 45.4657 ], [ -98.495, 45.4449 ], [ -98.4747, 45.4447 ], [ -98.4748, 45.4158 ], [ -98.4953, 45.4159 ], [ -98.4953, 45.387 ], [ -98.5775, 45.3876 ], [ -98.5775, 45.402 ], [ -98.5985, 45.4022 ], [ -98.5984, 45.447 ] ] ] } },
{ "type": "Feature", "properties": { "GEOIDFQ": "1400000US46013951600", "NAME": "9516", "NAMELSAD": "Census Tract 9516" }, "geometry": { "type": "Polygon", "coordinates": [ [ [ -98.4698, 45.4569 ], [ -98.4754, 45.4447 ], [ -98.495, 45.4449 ], [ -98.495, 45.4565 ], [ -98.4698, 45.4569 ] ] ] } },
{ "type": "Feature", "properties": { "GEOIDFQ": "1400000US46013951300", "NAME": "9513", "NAMELSAD": "Census Tract 9513" }, "geometry": { "type": "Polygon", "coordinates": [ [ [ -98.5983, 45.5181 ], [ -98.557, 45.5178 ], [ -98.557, 45.5323 ], [ -98.4953, 45.5318 ], [ -98.4953, 45.4884 ], [ -98.4792, 45.4882 ], [ -98.4793, 45.4679 ], [ -98.4909, 45.4707 ], [ -98.4909, 45.4657 ], [ -98.5984, 45.4471 ], [ -98.5983, 45.5181 ] ] ] } },
{ "type": "Feature", "properties": { "GEOIDFQ": "1400000US46013951500", "NAME": "9515", "NAMELSAD": "Census Tract 9515" }, "geometry": { "type": "Polygon", "coordinates": [ [ [ -98.4865, 45.4707 ], [ -98.4746, 45.4659 ], [ -98.4732, 45.4569 ], [ -98.495, 45.4571 ], [ -98.4865, 45.4707 ] ] ] } },
{ "type": "Feature", "properties": { "GEOIDFQ": "1400000US46013951900", "NAME": "9519", "NAMELSAD": "Census Tract 9519" }, "geometry": { "type": "Polygon", "coordinates": [ [ [ -98.7222, 45.3307 ], [ -98.5772, 45.3296 ], [ -98.5775, 45.3876 ], [ -98.4953, 45.387 ], [ -98.4953, 45.4159 ], [ -98.454, 45.4157 ], [ -98.454, 45.4012 ], [ -98.3923, 45.4009 ], [ -98.3922, 45.4587 ], [ -98.2267, 45.4583 ], [ -98.2267, 45.5018 ], [ -97.9799, 45.5014 ], [ -97.9815, 45.2404 ], [ -98.7225, 45.2441 ], [ -98.7222, 45.3307 ] ] ] } },
{ "type": "Feature", "properties": { "GEOIDFQ": "1400000US46013951400", "NAME": "9514", "NAMELSAD": "Census Tract 9514" }, "geometry": { "type": "Polygon", "coordinates": [ [ [ -98.4953, 45.5173 ], [ -98.3923, 45.5169 ], [ -98.3922, 45.4664 ], [ -98.458, 45.466 ], [ -98.4732, 45.4569 ], [ -98.4792, 45.4882 ], [ -98.4953, 45.4884 ], [ -98.4953, 45.5173 ] ] ] } },
{ "type": "Feature", "properties": { "GEOIDFQ": "1400000US46081966301", "NAME": "9663.01", "NAMELSAD": "Census Tract 9663.01" }, "geometry": { "type": "Polygon", "coordinates": [ [ [ -104.0501, 44.5766 ], [ -104.0413, 44.5754 ], [ -104.0344, 44.5812 ], [ -104.03, 44.577 ], [ -104.0253, 44.5829 ], [ -104.0027, 44.5734 ], [ -103.9799, 44.5817 ], [ -103.9701, 44.5771 ], [ -103.9674, 44.5819 ], [ -103.9633, 44.5776 ], [ -103.9478, 44.5775 ], [ -103.9405, 44.5827 ], [ -103.933, 44.5797 ], [ -103.9312, 44.5853 ], [ -103.9199, 44.5842 ], [ -103.9193, 44.5894 ], [ -103.9075, 44.5871 ], [ -103.9075, 44.5932 ], [ -103.8968, 44.5974 ], [ -103.8942, 44.594 ], [ -103.8889, 44.5989 ], [ -103.8768, 44.5975 ], [ -103.8675, 44.5879 ], [ -103.8614, 44.59 ], [ -103.8599, 44.5826 ], [ -103.8613, 44.5259 ], [ -103.8644, 44.5197 ], [ -103.8712, 44.5206 ], [ -103.8624, 44.5142 ], [ -103.8689, 44.5046 ], [ -103.8654, 44.4954 ], [ -103.8749, 44.4922 ], [ -103.8749, 44.4958 ], [ -103.8902, 44.4959 ], [ -103.8902, 44.5032 ], [ -103.9128, 44.5033 ], [ -103.9339, 44.5208 ], [ -103.9501, 44.5181 ], [ -103.9512, 44.5109 ], [ -103.9587, 44.5102 ], [ -103.9822, 44.5178 ], [ -104.0559, 44.5176 ], [ -104.056, 44.5631 ], [ -104.0501, 44.5766 ] ] ] } },
{ "type": "Feature", "properties": { "GEOIDFQ": "1400000US46009967700", "NAME": "9677", "NAMELSAD": "Census Tract 9677" }, "geometry": { "type": "Polygon", "coordinates": [ [ [ -98.1545, 42.8551 ], [ -98.1474, 42.8497 ], [ -98.1383, 42.8569 ], [ -98.1395, 42.8647 ], [ -98.117, 42.8694 ], [ -98.1136, 42.8792 ], [ -98.1119, 42.8945 ], [ -98.1235, 42.9107 ], [ -98.1111, 42.9135 ], [ -98.1143, 42.9171 ], [ -98.1063, 42.9236 ], [ -98.114, 42.9373 ], [ -98.1036, 42.9381 ], [ -98.1077, 42.9476 ], [ -98.0928, 42.9739 ], [ -98.1143, 43.0061 ], [ -98.1105, 43.0227 ], [ -98.0949, 43.0298 ], [ -98.1028, 43.0371 ], [ -98.1097, 43.0878 ], [ -98.1052, 43.1093 ], [ -98.0928, 43.1191 ], [ -98.0898, 43.1525 ], [ -98.0771, 43.1683 ], [ -97.8733, 43.169 ], [ -97.8723, 43.0103 ], [ -97.892, 43.0104 ], [ -97.8923, 42.9962 ], [ -97.8919, 42.9668 ], [ -97.8722, 42.9664 ], [ -97.8719, 42.8626 ], [ -97.8903, 42.815 ], [ -97.909, 42.7948 ], [ -97.9502, 42.7696 ], [ -98.0351, 42.7641 ], [ -98.0599, 42.7727 ], [ -98.0675, 42.7846 ], [ -98.1277, 42.82 ], [ -98.163, 42.8498 ], [ -98.1545, 42.8551 ] ] ] } },
{ "type": "Feature", "properties": { "GEOIDFQ": "1400000US46009967600", "NAME": "9676", "NAMELSAD": "Census Tract 9676" }, "geometry": { "type": "Polygon", "coordinates": [ [ [ -97.892, 43.0104 ], [ -97.8723, 43.0103 ], [ -97.8733, 43.169 ], [ -97.6375, 43.1688 ], [ -97.6354, 42.8515 ], [ -97.6865, 42.8422 ], [ -97.7744, 42.8497 ], [ -97.8286, 42.8688 ], [ -97.8722, 42.8601 ], [ -97.8722, 42.9664 ], [ -97.8919, 42.9668 ], [ -97.892, 43.0104 ] ] ] } },
{ "type": "Feature", "properties": { "GEOIDFQ": "1400000US46103010700", "NAME": "107", "NAMELSAD": "Census Tract 107" }, "geometry": { "type": "Polygon", "coordinates": [ [ [ -103.2118, 44.073 ], [ -103.2097, 44.0546 ], [ -103.2267, 44.059 ], [ -103.2267, 44.0729 ], [ -103.2118, 44.073 ] ] ] } },
{ "type": "Feature", "properties": { "GEOIDFQ": "1400000US46007941000", "NAME": "9410", "NAMELSAD": "Census Tract 9410" }, "geometry": { "type": "Polygon", "coordinates": [ [ [ -101.7521, 43.2013 ], [ -101.7318, 43.2013 ], [ -101.7318, 43.1914 ], [ -101.7162, 43.2011 ], [ -101.6923, 43.2011 ], [ -101.6922, 43.1575 ], [ -101.752, 43.1577 ], [ -101.7521, 43.2013 ] ] ] } },
{ "type": "Feature", "properties": { "GEOIDFQ": "1400000US46007941200", "NAME": "9412", "NAMELSAD": "Census Tract 9412" }, "geometry": { "type": "Polygon", "coordinates": [ [ [ -101.2282, 43.3892 ], [ -101.228, 42.9981 ], [ -102.0825, 42.9994 ], [ -102.0814, 43.1292 ], [ -102.1089, 43.1293 ], [ -102.1108, 43.3899 ], [ -101.2282, 43.3892 ] ], [ [ -101.752, 43.1577 ], [ -101.6922, 43.1575 ], [ -101.6923, 43.2011 ], [ -101.7162, 43.2011 ], [ -101.7318, 43.1914 ], [ -101.7318, 43.2013 ], [ -101.7521, 43.2013 ], [ -101.752, 43.1577 ] ] ] } },
{ "type": "Feature", "properties": { "GEOIDFQ": "1400000US46137941600", "NAME": "9416", "NAMELSAD": "Census Tract 9416" }, "geometry": { "type": "Polygon", "coordinates": [ [ [ -101.9998, 45.4724 ], [ -101.4702, 45.4724 ], [ -101.4711, 45.3856 ], [ -101.4863, 45.3856 ], [ -101.4866, 45.0384 ], [ -101.501, 45.0383 ], [ -101.501, 44.9936 ], [ -101.1362, 44.9941 ], [ -101.1368, 44.7471 ], [ -101.1489, 44.7435 ], [ -101.1612, 44.7221 ], [ -101.2351, 44.6906 ], [ -101.2398, 44.6985 ], [ -101.2494, 44.6989 ], [ -101.2752, 44.6852 ], [ -101.2988, 44.6895 ], [ -101.3192, 44.6805 ], [ -101.3282, 44.691 ], [ -101.3393, 44.6835 ], [ -101.3599, 44.689 ], [ -101.3582, 44.6737 ], [ -101.374, 44.671 ], [ -101.3648, 44.6564 ], [ -101.3771, 44.6587 ], [ -101.3832, 44.6533 ], [ -101.3972, 44.6568 ], [ -101.4157, 44.6421 ], [ -101.4402, 44.6439 ], [ -101.4549, 44.638 ], [ -101.4556, 44.6287 ], [ -101.4668, 44.6193 ], [ -101.4558, 44.6102 ], [ -101.4691, 44.6118 ], [ -101.4767, 44.6018 ], [ -101.4972, 44.5998 ], [ -101.494, 44.584 ], [ -101.5012, 44.5812 ], [ -101.512, 44.5854 ], [ -101.5146, 44.5755 ], [ -101.531, 44.5679 ], [ -101.5367, 44.574 ], [ -101.5508, 44.5757 ], [ -101.5593, 44.5694 ], [ -101.5754, 44.5782 ], [ -101.623, 44.5729 ], [ -101.6305, 44.5865 ], [ -101.6404, 44.5794 ], [ -101.6453, 44.5851 ], [ -101.6565, 44.5825 ], [ -101.6608, 44.5881 ], [ -101.6829, 44.5707 ], [ -101.7124, 44.5802 ], [ -101.7289, 44.5661 ], [ -101.747, 44.5678 ], [ -101.7443, 44.5552 ], [ -101.782, 44.5361 ], [ -101.7847, 44.5408 ], [ -101.7989, 44.5423 ], [ -101.8112, 44.5224 ], [ -101.8173, 44.5315 ], [ -101.8277, 44.5317 ], [ -101.8364, 44.5217 ], [ -101.8475, 44.5294 ], [ -101.8569, 44.5267 ], [ -101.8885, 44.5386 ], [ -101.9243, 44.53 ], [ -101.9396, 44.5351 ], [ -101.9464, 44.5287 ], [ -101.9858, 44.5252 ], [ -102.0004, 44.5111 ], [ -101.9998, 45.4724 ] ] ] } },
{ "type": "Feature", "properties": { "GEOIDFQ": "1400000US46135966302", "NAME": "9663.02", "NAMELSAD": "Census Tract 9663.02" }, "geometry": { "type": "Polygon", "coordinates": [ [ [ -97.4172, 42.9089 ], [ -97.392, 42.9089 ], [ -97.3872, 42.879 ], [ -97.4022, 42.8834 ], [ -97.4036, 42.8788 ], [ -97.4034, 42.8691 ], [ -97.394, 42.8642 ], [ -97.4171, 42.869 ], [ -97.4172, 42.9089 ] ] ] } },
{ "type": "Feature", "properties": { "GEOIDFQ": "1400000US46135966301", "NAME": "9663.01", "NAMELSAD": "Census Tract 9663.01" }, "geometry": { "type": "Polygon", "coordinates": [ [ [ -97.4961, 42.9087 ], [ -97.4968, 42.9522 ], [ -97.3979, 42.9523 ], [ -97.3974, 42.9089 ], [ -97.4172, 42.9089 ], [ -97.4171, 42.8659 ], [ -97.4408, 42.8466 ], [ -97.487, 42.8506 ], [ -97.5048, 42.8585 ], [ -97.5266, 42.8511 ], [ -97.5315, 42.8637 ], [ -97.5484, 42.8651 ], [ -97.5559, 42.9087 ], [ -97.4961, 42.9087 ] ] ] } },
{ "type": "Feature", "properties": { "GEOIDFQ": "1400000US46047964200", "NAME": "9642", "NAMELSAD": "Census Tract 9642" }, "geometry": { "type": "Polygon", "coordinates": [ [ [ -103.5439, 43.4774 ], [ -103.3422, 43.4778 ], [ -103.3512, 43.456 ], [ -103.3861, 43.4212 ], [ -103.3971, 43.3997 ], [ -103.4333, 43.4022 ], [ -103.4388, 43.3834 ], [ -103.4753, 43.3927 ], [ -103.4912, 43.4157 ], [ -103.477, 43.4204 ], [ -103.4948, 43.4299 ], [ -103.5247, 43.4293 ], [ -103.542, 43.4194 ], [ -103.5584, 43.419 ], [ -103.562, 43.4319 ], [ -103.5428, 43.4403 ], [ -103.5362, 43.4373 ], [ -103.5273, 43.4452 ], [ -103.5425, 43.456 ], [ -103.5792, 43.4686 ], [ -103.5849, 43.4777 ], [ -103.5439, 43.4774 ] ] ] } },
{ "type": "Feature", "properties": { "GEOIDFQ": "1400000US46047964100", "NAME": "9641", "NAMELSAD": "Census Tract 9641" }, "geometry": { "type": "Polygon", "coordinates": [ [ [ -103.5849, 43.4777 ], [ -103.5792, 43.4686 ], [ -103.5425, 43.456 ], [ -103.5273, 43.4452 ], [ -103.5362, 43.4373 ], [ -103.5428, 43.4403 ], [ -103.562, 43.4319 ], [ -103.5584, 43.419 ], [ -103.542, 43.4194 ], [ -103.5247, 43.4293 ], [ -103.4948, 43.4299 ], [ -103.477, 43.4204 ], [ -103.4912, 43.4157 ], [ -103.4753, 43.3927 ], [ -103.4388, 43.3834 ], [ -103.4333, 43.4022 ], [ -103.3971, 43.3997 ], [ -103.3861, 43.4212 ], [ -103.3512, 43.456 ], [ -103.3422, 43.4778 ], [ -103.0009, 43.4768 ], [ -103.0006, 43.0008 ], [ -104.053, 43.0006 ], [ -104.0548, 43.4754 ], [ -103.5849, 43.4777 ] ] ] } },
{ "type": "Feature", "properties": { "GEOIDFQ": "1400000US46069976700", "NAME": "9767", "NAMELSAD": "Census Tract 9767" }, "geometry": { "type": "Polygon", "coordinates": [ [ [ -99.6743, 44.8975 ], [ -99.3118, 44.8972 ], [ -99.3125, 44.5475 ], [ -99.3005, 44.5474 ], [ -99.3002, 44.1948 ], [ -99.5766, 44.1924 ], [ -99.6131, 44.2104 ], [ -99.6635, 44.2175 ], [ -99.6637, 44.5481 ], [ -99.6764, 44.5502 ], [ -99.6743, 44.8975 ] ] ] } },
{ "type": "Feature", "properties": { "GEOIDFQ": "1400000US46045962100", "NAME": "9621", "NAMELSAD": "Census Tract 9621" }, "geometry": { "type": "Polygon", "coordinates": [ [ [ -99.2148, 45.5926 ], [ -98.7222, 45.5912 ], [ -98.7225, 45.2438 ], [ -99.1953, 45.2452 ], [ -99.1951, 45.5763 ], [ -99.215, 45.581 ], [ -99.2148, 45.5926 ] ] ] } },
{ "type": "Feature", "properties": { "GEOIDFQ": "1400000US46045962200", "NAME": "9622", "NAMELSAD": "Census Tract 9622" }, "geometry": { "type": "Polygon", "coordinates": [ [ [ -99.7077, 45.5934 ], [ -99.2148, 45.5926 ], [ -99.215, 45.5787 ], [ -99.1951, 45.5763 ], [ -99.1947, 45.245 ], [ -99.709, 45.2488 ], [ -99.7077, 45.5934 ] ] ] } },
{ "type": "Feature", "properties": { "GEOIDFQ": "1400000US46011958900", "NAME": "9589", "NAMELSAD": "Census Tract 9589" }, "geometry": { "type": "Polygon", "coordinates": [ [ [ -96.7876, 44.3694 ], [ -96.7675, 44.3693 ], [ -96.7677, 44.3549 ], [ -96.7577, 44.3551 ], [ -96.7585, 44.2981 ], [ -96.7886, 44.3047 ], [ -96.7876, 44.3694 ] ] ] } },
{ "type": "Feature", "properties": { "GEOIDFQ": "1400000US46011958700", "NAME": "9587", "NAMELSAD": "Census Tract 9587" }, "geometry": { "type": "Polygon", "coordinates": [ [ [ -97.128, 44.5431 ], [ -96.7569, 44.5437 ], [ -96.7577, 44.3551 ], [ -96.7677, 44.3549 ], [ -96.7675, 44.3693 ], [ -96.8482, 44.3696 ], [ -96.8496, 44.3123 ], [ -96.8492, 44.2973 ], [ -96.829, 44.2972 ], [ -96.8286, 44.2539 ], [ -96.7574, 44.2536 ], [ -96.7585, 44.1956 ], [ -97.1297, 44.1959 ], [ -97.128, 44.5431 ] ] ] } },
{ "type": "Feature", "properties": { "GEOIDFQ": "1400000US46083010400", "NAME": "104", "NAMELSAD": "Census Tract 104" }, "geometry": { "type": "Polygon", "coordinates": [ [ [ -96.5525, 43.2574 ], [ -96.5492, 43.2468 ], [ -96.5715, 43.2388 ], [ -96.5595, 43.223 ], [ -96.5361, 43.2276 ], [ -96.5197, 43.2178 ], [ -96.4966, 43.2237 ], [ -96.4754, 43.2205 ], [ -96.474, 43.1896 ], [ -96.4649, 43.182 ], [ -96.4685, 43.1519 ], [ -96.4504, 43.1424 ], [ -96.4365, 43.1204 ], [ -96.4623, 43.0929 ], [ -96.4541, 43.0834 ], [ -96.9241, 43.0837 ], [ -96.9246, 43.2555 ], [ -96.5525, 43.2574 ] ] ] } },
{ "type": "Feature", "properties": { "GEOIDFQ": "1400000US46083010300", "NAME": "103", "NAMELSAD": "Census Tract 103" }, "geometry": { "type": "Polygon", "coordinates": [ [ [ -96.8064, 43.432 ], [ -96.8063, 43.3448 ], [ -96.6877, 43.3445 ], [ -96.6876, 43.2576 ], [ -96.9246, 43.2579 ], [ -96.9248, 43.4322 ], [ -96.8064, 43.432 ] ] ] } },
{ "type": "Feature", "properties": { "GEOIDFQ": "1400000US46083010200", "NAME": "102", "NAMELSAD": "Census Tract 102" }, "geometry": { "type": "Polygon", "coordinates": [ [ [ -96.5271, 43.3442 ], [ -96.5351, 43.3365 ], [ -96.5241, 43.3114 ], [ -96.5302, 43.2999 ], [ -96.5522, 43.2928 ], [ -96.5737, 43.299 ], [ -96.5893, 43.2953 ], [ -96.5791, 43.2938 ], [ -96.5776, 43.279 ], [ -96.5853, 43.2688 ], [ -96.5525, 43.2574 ], [ -96.6876, 43.2576 ], [ -96.6877, 43.3433 ], [ -96.5271, 43.3442 ] ] ] } },
{ "type": "Feature", "properties": { "GEOIDFQ": "1400000US46023970100", "NAME": "9701", "NAMELSAD": "Census Tract 9701" }, "geometry": { "type": "Polygon", "coordinates": [ [ [ -99.2979, 43.4999 ], [ -98.7058, 43.4993 ], [ -98.7069, 43.3701 ], [ -98.6807, 43.3711 ], [ -98.678, 43.074 ], [ -98.7146, 43.0889 ], [ -98.7504, 43.1295 ], [ -98.7734, 43.1459 ], [ -98.8656, 43.1596 ], [ -98.8776, 43.18 ], [ -98.8777, 43.2266 ], [ -98.8841, 43.2399 ], [ -98.8968, 43.2469 ], [ -98.9504, 43.2488 ], [ -98.9813, 43.2589 ], [ -99.0693, 43.3207 ], [ -99.1059, 43.3709 ], [ -99.1275, 43.382 ], [ -99.1556, 43.4289 ], [ -99.1777, 43.4379 ], [ -99.2514, 43.4365 ], [ -99.2757, 43.4425 ], [ -99.3069, 43.4624 ], [ -99.3107, 43.4728 ], [ -99.2979, 43.4999 ] ] ] } },
{ "type": "Feature", "properties": { "GEOIDFQ": "1400000US46023940300", "NAME": "9403", "NAMELSAD": "Census Tract 9403" }, "geometry": { "type": "Polygon", "coordinates": [ [ [ -98.3667, 42.9438 ], [ -98.3559, 42.947 ], [ -98.3407, 42.9656 ], [ -98.3483, 42.9657 ], [ -98.3456, 43.2694 ], [ -98.069, 43.1849 ], [ -98.0898, 43.1525 ], [ -98.0928, 43.1191 ], [ -98.1078, 43.102 ], [ -98.1103, 43.0734 ], [ -98.1028, 43.0371 ], [ -98.0949, 43.0298 ], [ -98.1105, 43.0227 ], [ -98.1143, 43.0061 ], [ -98.0928, 42.9739 ], [ -98.1077, 42.9476 ], [ -98.1036, 42.9381 ], [ -98.114, 42.9373 ], [ -98.1063, 42.9236 ], [ -98.1143, 42.9171 ], [ -98.1111, 42.9135 ], [ -98.1235, 42.9107 ], [ -98.1119, 42.8945 ], [ -98.117, 42.8694 ], [ -98.1395, 42.8647 ], [ -98.1383, 42.8569 ], [ -98.1477, 42.8495 ], [ -98.1545, 42.8551 ], [ -98.1607, 42.852 ], [ -98.1531, 42.839 ], [ -98.1711, 42.8371 ], [ -98.2198, 42.8532 ], [ -98.2518, 42.8728 ], [ -98.3259, 42.8865 ], [ -98.3424, 42.9008 ], [ -98.372, 42.9132 ], [ -98.3667, 42.9438 ] ] ] } },
{ "type": "Feature", "properties": { "GEOIDFQ": "1400000US46023940200", "NAME": "9402", "NAMELSAD": "Census Tract 9402" }, "geometry": { "type": "Polygon", "coordinates": [ [ [ -98.3456, 43.2694 ], [ -98.3483, 42.9657 ], [ -98.3407, 42.9656 ], [ -98.3559, 42.947 ], [ -98.3667, 42.9438 ], [ -98.3728, 42.9124 ], [ -98.4207, 42.9319 ], [ -98.4441, 42.9292 ], [ -98.4674, 42.9476 ], [ -98.4905, 42.9779 ], [ -98.5112, 43.0253 ], [ -98.5534, 43.0571 ], [ -98.6158, 43.074 ], [ -98.678, 43.074 ], [ -98.6807, 43.3732 ], [ -98.3456, 43.2694 ] ] ] } },
{ "type": "Feature", "properties": { "GEOIDFQ": "1400000US46099001200", "NAME": "12", "NAMELSAD": "Census Tract 12" }, "geometry": { "type": "Polygon", "coordinates": [ [ [ -96.7709, 43.5439 ], [ -96.7512, 43.5403 ], [ -96.7511, 43.5149 ], [ -96.7655, 43.5148 ], [ -96.7709, 43.5439 ] ] ] } },
{ "type": "Feature", "properties": { "GEOIDFQ": "1400000US46099001600", "NAME": "16", "NAMELSAD": "Census Tract 16" }, "geometry": { "type": "Polygon", "coordinates": [ [ [ -96.73, 43.5349 ], [ -96.7163, 43.5346 ], [ -96.7112, 43.5221 ], [ -96.73, 43.5221 ], [ -96.73, 43.5349 ] ] ] } },
{ "type": "Feature", "properties": { "GEOIDFQ": "1400000US46099001700", "NAME": "17", "NAMELSAD": "Census Tract 17" }, "geometry": { "type": "Polygon", "coordinates": [ [ [ -96.7063, 43.5328 ], [ -96.7059, 43.5378 ], [ -96.6962, 43.5331 ], [ -96.7116, 43.5153 ], [ -96.7163, 43.5331 ], [ -96.7063, 43.5328 ] ] ] } },
{ "type": "Feature", "properties": { "GEOIDFQ": "1400000US46099001801", "NAME": "18.01", "NAMELSAD": "Census Tract 18.01" }, "geometry": { "type": "Polygon", "coordinates": [ [ [ -96.694, 43.5367 ], [ -96.6815, 43.5367 ], [ -96.6814, 43.5003 ], [ -96.6962, 43.5004 ], [ -96.6894, 43.5129 ], [ -96.6966, 43.5227 ], [ -96.694, 43.5367 ] ] ] } },
{ "type": "Feature", "properties": { "GEOIDFQ": "1400000US46093020304", "NAME": "203.04", "NAMELSAD": "Census Tract 203.04" }, "geometry": { "type": "Polygon", "coordinates": [ [ [ -103.5743, 44.3442 ], [ -103.5428, 44.3494 ], [ -103.5302, 44.3629 ], [ -103.5135, 44.3692 ], [ -103.5037, 44.3913 ], [ -103.4964, 44.3907 ], [ -103.4429, 44.3386 ], [ -103.4353, 44.3262 ], [ -103.4329, 44.297 ], [ -103.3969, 44.2422 ], [ -103.3474, 44.2386 ], [ -103.3469, 44.2273 ], [ -103.378, 44.224 ], [ -103.3651, 44.2098 ], [ -103.3786, 44.2007 ], [ -103.396, 44.1983 ], [ -103.4529, 44.232 ], [ -103.453, 44.2566 ], [ -103.5744, 44.2561 ], [ -103.5743, 44.3442 ] ] ] } },
{ "type": "Feature", "properties": { "GEOIDFQ": "1400000US46093020402", "NAME": "204.02", "NAMELSAD": "Census Tract 204.02" }, "geometry": { "type": "Polygon", "coordinates": [ [ [ -103.5688, 44.4416 ], [ -103.5593, 44.4348 ], [ -103.4945, 44.4173 ], [ -103.4887, 44.4118 ], [ -103.4943, 44.3946 ], [ -103.4884, 44.3938 ], [ -103.486, 44.3836 ], [ -103.5066, 44.3926 ], [ -103.5195, 44.4135 ], [ -103.5689, 44.4269 ], [ -103.5688, 44.4416 ] ] ] } },
{ "type": "Feature", "properties": { "GEOIDFQ": "1400000US46093020401", "NAME": "204.01", "NAMELSAD": "Census Tract 204.01" }, "geometry": { "type": "Polygon", "coordinates": [ [ [ -103.5685, 44.4214 ], [ -103.5689, 44.4267 ], [ -103.5195, 44.4135 ], [ -103.5037, 44.3913 ], [ -103.5153, 44.3677 ], [ -103.5302, 44.3629 ], [ -103.544, 44.3489 ], [ -103.5694, 44.3465 ], [ -103.5685, 44.4214 ] ] ] } },
{ "type": "Feature", "properties": { "GEOIDFQ": "1400000US46099010102", "NAME": "101.02", "NAMELSAD": "Census Tract 101.02" }, "geometry": { "type": "Polygon", "coordinates": [ [ [ -96.6318, 43.8479 ], [ -96.6363, 43.8369 ], [ -96.6511, 43.8338 ], [ -96.6512, 43.7904 ], [ -96.7711, 43.7901 ], [ -96.7712, 43.8478 ], [ -96.6318, 43.8479 ] ] ] } },
{ "type": "Feature", "properties": { "GEOIDFQ": "1400000US46079960100", "NAME": "9601", "NAMELSAD": "Census Tract 9601" }, "geometry": { "type": "Polygon", "coordinates": [ [ [ -97.3701, 44.195 ], [ -96.8892, 44.1957 ], [ -96.8887, 44.037 ], [ -97.1495, 44.0365 ], [ -97.1491, 43.9785 ], [ -97.1291, 43.9786 ], [ -97.1291, 43.848 ], [ -97.3695, 43.8485 ], [ -97.3701, 44.195 ] ] ] } },
{ "type": "Feature", "properties": { "GEOIDFQ": "1400000US46079960300", "NAME": "9603", "NAMELSAD": "Census Tract 9603" }, "geometry": { "type": "Polygon", "coordinates": [ [ [ -97.1291, 43.9786 ], [ -97.0696, 43.9801 ], [ -97.0695, 44.0367 ], [ -96.8887, 44.037 ], [ -96.8887, 43.8484 ], [ -97.1291, 43.848 ], [ -97.1291, 43.9786 ] ] ] } },
{ "type": "Feature", "properties": { "GEOIDFQ": "1400000US46063968700", "NAME": "9687", "NAMELSAD": "Census Tract 9687" }, "geometry": { "type": "Polygon", "coordinates": [ [ [ -102.9421, 45.945 ], [ -102.9573, 45.2129 ], [ -104.04, 45.2129 ], [ -104.0455, 45.9453 ], [ -102.9421, 45.945 ] ] ] } },
{ "type": "Feature", "properties": { "GEOIDFQ": "1400000US46099010101", "NAME": "101.01", "NAMELSAD": "Census Tract 101.01" }, "geometry": { "type": "Polygon", "coordinates": [ [ [ -96.7711, 43.7901 ], [ -96.6512, 43.7904 ], [ -96.6511, 43.8338 ], [ -96.6363, 43.8369 ], [ -96.6318, 43.8479 ], [ -96.453, 43.8495 ], [ -96.4535, 43.675 ], [ -96.7715, 43.6743 ], [ -96.7711, 43.7901 ] ] ] } },
{ "type": "Feature", "properties": { "GEOIDFQ": "1400000US46099010405", "NAME": "104.05", "NAMELSAD": "Census Tract 104.05" }, "geometry": { "type": "Polygon", "coordinates": [ [ [ -96.811, 43.6088 ], [ -96.759, 43.6128 ], [ -96.7402, 43.6048 ], [ -96.7435, 43.5926 ], [ -96.764, 43.5729 ], [ -96.7769, 43.5709 ], [ -96.7796, 43.5588 ], [ -96.8109, 43.5584 ], [ -96.811, 43.6088 ] ] ] } },
{ "type": "Feature", "properties": { "GEOIDFQ": "1400000US46099010404", "NAME": "104.04", "NAMELSAD": "Census Tract 104.04" }, "geometry": { "type": "Polygon", "coordinates": [ [ [ -96.8905, 43.6743 ], [ -96.5913, 43.674 ], [ -96.592, 43.6094 ], [ -96.6516, 43.6088 ], [ -96.6524, 43.5954 ], [ -96.6708, 43.5737 ], [ -96.6936, 43.5634 ], [ -96.6909, 43.6068 ], [ -96.7612, 43.6129 ], [ -96.8897, 43.6093 ], [ -96.8905, 43.6743 ] ] ] } },
{ "type": "Feature", "properties": { "GEOIDFQ": "1400000US46099010406", "NAME": "104.06", "NAMELSAD": "Census Tract 104.06" }, "geometry": { "type": "Polygon", "coordinates": [ [ [ -96.811, 43.6088 ], [ -96.8109, 43.5584 ], [ -96.8308, 43.5583 ], [ -96.8307, 43.5003 ], [ -96.8901, 43.5001 ], [ -96.8908, 43.6092 ], [ -96.811, 43.6088 ] ] ] } },
{ "type": "Feature", "properties": { "GEOIDFQ": "1400000US46099010403", "NAME": "104.03", "NAMELSAD": "Census Tract 104.03" }, "geometry": { "type": "Polygon", "coordinates": [ [ [ -96.6516, 43.6088 ], [ -96.592, 43.6094 ], [ -96.5919, 43.5946 ], [ -96.6009, 43.5905 ], [ -96.5984, 43.5834 ], [ -96.6053, 43.5778 ], [ -96.5998, 43.5742 ], [ -96.602, 43.5643 ], [ -96.5912, 43.5579 ], [ -96.611, 43.5361 ], [ -96.6158, 43.5428 ], [ -96.6515, 43.5439 ], [ -96.6516, 43.6088 ] ] ] } },
{ "type": "Feature", "properties": { "GEOIDFQ": "1400000US46095940300", "NAME": "9403", "NAMELSAD": "Census Tract 9403" }, "geometry": { "type": "Polygon", "coordinates": [ [ [ -101.2282, 43.7956 ], [ -101.216, 43.7992 ], [ -101.2178, 43.8038 ], [ -101.2035, 43.8128 ], [ -101.1937, 43.8036 ], [ -101.1835, 43.805 ], [ -101.1747, 43.8124 ], [ -101.1812, 43.8137 ], [ -101.1798, 43.8186 ], [ -101.1717, 43.8162 ], [ -101.1723, 43.8069 ], [ -101.1658, 43.8302 ], [ -101.1533, 43.8239 ], [ -101.1607, 43.8176 ], [ -101.1424, 43.82 ], [ -101.1343, 43.8285 ], [ -101.1425, 43.8335 ], [ -101.1379, 43.8413 ], [ -101.1248, 43.8443 ], [ -101.1069, 43.8368 ], [ -101.1077, 43.8466 ], [ -101.0972, 43.8438 ], [ -101.0867, 43.8496 ], [ -101.088, 43.8423 ], [ -101.0702, 43.8457 ], [ -101.0671, 43.8405 ], [ -101.0579, 43.846 ], [ -101.0586, 43.8538 ], [ -101.0387, 43.8512 ], [ -101.0304, 43.8579 ], [ -101.0249, 43.8523 ], [ -101.0308, 43.8428 ], [ -101.0112, 43.8412 ], [ -100.9919, 43.8501 ], [ -100.9859, 43.8484 ], [ -100.9828, 43.8334 ], [ -100.9698, 43.8311 ], [ -100.9607, 43.8362 ], [ -100.9608, 43.828 ], [ -100.9738, 43.8268 ], [ -100.9701, 43.8176 ], [ -100.954, 43.8173 ], [ -100.9588, 43.8101 ], [ -100.9456, 43.8151 ], [ -100.9406, 43.8309 ], [ -100.9299, 43.8309 ], [ -100.9166, 43.8143 ], [ -100.8978, 43.812 ], [ -100.9011, 43.8047 ], [ -100.9121, 43.809 ], [ -100.9073, 43.8005 ], [ -100.8939, 43.8006 ], [ -100.902, 43.7944 ], [ -100.8856, 43.7917 ], [ -100.884, 43.8013 ], [ -100.8747, 43.8003 ], [ -100.8755, 43.7808 ], [ -100.8614, 43.7888 ], [ -100.8399, 43.7665 ], [ -100.8398, 43.7592 ], [ -100.8364, 43.7685 ], [ -100.8083, 43.7668 ], [ -100.8051, 43.7556 ], [ -100.7946, 43.7521 ], [ -100.7965, 43.7474 ], [ -100.8043, 43.7492 ], [ -100.8044, 43.7436 ], [ -100.7899, 43.7424 ], [ -100.7865, 43.7373 ], [ -100.795, 43.7339 ], [ -100.7754, 43.7298 ], [ -100.7904, 43.7258 ], [ -100.7766, 43.7246 ], [ -100.7674, 43.7319 ], [ -100.7556, 43.7326 ], [ -100.761, 43.7392 ], [ -100.7507, 43.7342 ], [ -100.7453, 43.7389 ], [ -100.7422, 43.7297 ], [ -100.7537, 43.7225 ], [ -100.7345, 43.7075 ], [ -100.7274, 43.714 ], [ -100.738, 43.7207 ], [ -100.7264, 43.7212 ], [ -100.7227, 43.7114 ], [ -100.7161, 43.7204 ], [ -100.704, 43.7193 ], [ -100.7023, 43.7271 ], [ -100.6959, 43.724 ], [ -100.6976, 43.7164 ], [ -100.6793, 43.7116 ], [ -100.6779, 43.7224 ], [ -100.6531, 43.7316 ], [ -100.6551, 43.7355 ], [ -100.6692, 43.7347 ], [ -100.6585, 43.7469 ], [ -100.6395, 43.7479 ], [ -100.6425, 43.7381 ], [ -100.6178, 43.7434 ], [ -100.6104, 43.7493 ], [ -100.6111, 43.7586 ], [ -100.5879, 43.7693 ], [ -100.5724, 43.7527 ], [ -100.5528, 43.7555 ], [ -100.5511, 43.7423 ], [ -100.5618, 43.7432 ], [ -100.555, 43.7373 ], [ -100.5415, 43.7368 ], [ -100.5221, 43.7463 ], [ -100.5151, 43.7407 ], [ -100.516, 43.7303 ], [ -100.5043, 43.7289 ], [ -100.49, 43.7383 ], [ -100.4767, 43.727 ], [ -100.4713, 43.7368 ], [ -100.4652, 43.7297 ], [ -100.4742, 43.7218 ], [ -100.4731, 43.7209 ], [ -100.4539, 43.7217 ], [ -100.4442, 43.7324 ], [ -100.4195, 43.718 ], [ -100.413, 43.7262 ], [ -100.4178, 43.7356 ], [ -100.3813, 43.7261 ], [ -100.3693, 43.7392 ], [ -100.3474, 43.7277 ], [ -100.3431, 43.7178 ], [ -100.3273, 43.7159 ], [ -100.3052, 43.7233 ], [ -100.287, 43.6971 ], [ -100.2762, 43.6988 ], [ -100.2656, 43.7092 ], [ -100.2531, 43.703 ], [ -100.2308, 43.7139 ], [ -100.231, 43.478 ], [ -100.2143, 43.4778 ], [ -100.2141, 43.3904 ], [ -101.2282, 43.3892 ], [ -101.2282, 43.7956 ] ] ] } },
{ "type": "Feature", "properties": { "GEOIDFQ": "1400000US46093020500", "NAME": "205", "NAMELSAD": "Census Tract 205" }, "geometry": { "type": "Polygon", "coordinates": [ [ [ -103.3438, 44.4702 ], [ -103.3465, 44.6045 ], [ -102.9641, 44.6043 ], [ -102.9588, 45.0396 ], [ -102.0, 45.0383 ], [ -102.0004, 44.5117 ], [ -102.0118, 44.5053 ], [ -102.0459, 44.5 ], [ -102.055, 44.4817 ], [ -102.0759, 44.4751 ], [ -102.0732, 44.4656 ], [ -102.0839, 44.4607 ], [ -102.0839, 44.4543 ], [ -102.099, 44.4517 ], [ -102.108, 44.4366 ], [ -102.1538, 44.4452 ], [ -102.1593, 44.4437 ], [ -102.1538, 44.4369 ], [ -102.1602, 44.4288 ], [ -102.1894, 44.4272 ], [ -102.2208, 44.4425 ], [ -102.2203, 44.4514 ], [ -102.2261, 44.4525 ], [ -102.2546, 44.4468 ], [ -102.28, 44.4503 ], [ -102.2934, 44.432 ], [ -102.3062, 44.4341 ], [ -102.311, 44.4248 ], [ -102.3031, 44.4206 ], [ -102.3055, 44.3928 ], [ -102.2982, 44.3889 ], [ -102.2983, 44.3769 ], [ -102.3117, 44.3638 ], [ -102.3264, 44.3669 ], [ -102.324, 44.3589 ], [ -102.3416, 44.3488 ], [ -102.3366, 44.3433 ], [ -102.3478, 44.3263 ], [ -102.348, 44.3046 ], [ -102.3591, 44.3007 ], [ -102.367, 44.2856 ], [ -102.3588, 44.2657 ], [ -102.368, 44.262 ], [ -102.3587, 44.2489 ], [ -102.3659, 44.2424 ], [ -102.357, 44.2306 ], [ -102.3731, 44.221 ], [ -102.3726, 44.2094 ], [ -102.3926, 44.2042 ], [ -102.4016, 44.1756 ], [ -102.3999, 44.1719 ], [ -102.394, 44.178 ], [ -102.3872, 44.1748 ], [ -102.3877, 44.1605 ], [ -102.4017, 44.1615 ], [ -102.404, 44.1569 ], [ -102.3977, 44.1562 ], [ -102.388, 44.1402 ], [ -103.071, 44.1408 ], [ -103.0607, 44.143 ], [ -103.0607, 44.1494 ], [ -103.081, 44.1546 ], [ -103.0758, 44.173 ], [ -103.1152, 44.1765 ], [ -103.1209, 44.1765 ], [ -103.1222, 44.1655 ], [ -103.1291, 44.1619 ], [ -103.1108, 44.1408 ], [ -103.1513, 44.1408 ], [ -103.1517, 44.3149 ], [ -103.1257, 44.3448 ], [ -103.1254, 44.4152 ], [ -103.159, 44.4237 ], [ -103.3881, 44.4239 ], [ -103.3909, 44.4165 ], [ -103.4286, 44.4168 ], [ -103.3438, 44.4702 ] ] ] } },
{ "type": "Feature", "properties": { "GEOIDFQ": "1400000US46065977700", "NAME": "9777", "NAMELSAD": "Census Tract 9777" }, "geometry": { "type": "Polygon", "coordinates": [ [ [ -100.3828, 44.4578 ], [ -100.3768, 44.455 ], [ -100.3704, 44.4373 ], [ -100.3508, 44.4274 ], [ -100.3501, 44.4112 ], [ -100.3098, 44.4109 ], [ -100.316, 44.378 ], [ -100.3371, 44.3695 ], [ -100.3371, 44.3614 ], [ -100.3568, 44.3735 ], [ -100.3706, 44.3736 ], [ -100.3845, 44.4362 ], [ -100.3996, 44.4524 ], [ -100.3828, 44.4578 ] ] ] } },
{ "type": "Feature", "properties": { "GEOIDFQ": "1400000US46015973100", "NAME": "9731", "NAMELSAD": "Census Tract 9731" }, "geometry": { "type": "Polygon", "coordinates": [ [ [ -99.4546, 43.6879 ], [ -99.4071, 43.7042 ], [ -99.4077, 43.7285 ], [ -99.419, 43.7448 ], [ -99.4126, 43.7703 ], [ -99.4018, 43.7802 ], [ -99.3875, 43.7841 ], [ -99.3821, 43.7597 ], [ -99.3318, 43.7596 ], [ -99.3315, 43.746 ], [ -99.3118, 43.7454 ], [ -99.3118, 43.7595 ], [ -99.2721, 43.7595 ], [ -99.2726, 43.7741 ], [ -99.2123, 43.7741 ], [ -99.2134, 43.8022 ], [ -99.2329, 43.8032 ], [ -99.2339, 43.8309 ], [ -99.307, 43.8312 ], [ -99.2966, 43.8472 ], [ -99.317, 43.8471 ], [ -99.3096, 43.867 ], [ -99.3619, 43.9031 ], [ -99.3559, 43.9344 ], [ -98.8078, 43.9352 ], [ -98.8068, 43.8485 ], [ -98.7969, 43.8474 ], [ -98.7946, 43.4992 ], [ -99.2979, 43.4999 ], [ -99.2828, 43.5183 ], [ -99.2825, 43.5297 ], [ -99.3369, 43.5749 ], [ -99.3435, 43.616 ], [ -99.3604, 43.6476 ], [ -99.3831, 43.6582 ], [ -99.4525, 43.6536 ], [ -99.4609, 43.6573 ], [ -99.4692, 43.6749 ], [ -99.4546, 43.6879 ] ] ] } },
{ "type": "Feature", "properties": { "GEOIDFQ": "1400000US46015973200", "NAME": "9732", "NAMELSAD": "Census Tract 9732" }, "geometry": { "type": "Polygon", "coordinates": [ [ [ -99.3875, 43.7841 ], [ -99.3662, 43.7924 ], [ -99.317, 43.8471 ], [ -99.2966, 43.8472 ], [ -99.307, 43.8312 ], [ -99.2339, 43.8309 ], [ -99.2329, 43.8032 ], [ -99.2134, 43.8022 ], [ -99.2123, 43.7741 ], [ -99.2726, 43.7741 ], [ -99.2721, 43.7595 ], [ -99.3118, 43.7595 ], [ -99.3118, 43.7454 ], [ -99.3315, 43.746 ], [ -99.3318, 43.7596 ], [ -99.3821, 43.7597 ], [ -99.3875, 43.7841 ] ] ] } },
{ "type": "Feature", "properties": { "GEOIDFQ": "1400000US46019967600", "NAME": "9676", "NAMELSAD": "Census Tract 9676" }, "geometry": { "type": "Polygon", "coordinates": [ [ [ -104.0397, 44.9981 ], [ -104.04, 45.2129 ], [ -102.9573, 45.2129 ], [ -102.9586, 44.6906 ], [ -102.9636, 44.6906 ], [ -102.9641, 44.6043 ], [ -103.8205, 44.6048 ], [ -103.8073, 44.6411 ], [ -103.8225, 44.6692 ], [ -103.8174, 44.6771 ], [ -103.7913, 44.6772 ], [ -103.7898, 44.6909 ], [ -103.7675, 44.691 ], [ -103.7808, 44.7054 ], [ -103.8144, 44.7116 ], [ -103.8236, 44.7078 ], [ -103.8309, 44.6907 ], [ -103.9089, 44.6943 ], [ -103.9155, 44.6904 ], [ -103.9182, 44.699 ], [ -103.9279, 44.691 ], [ -103.9364, 44.6961 ], [ -103.9298, 44.7019 ], [ -103.9401, 44.7077 ], [ -103.9535, 44.7052 ], [ -103.9578, 44.7106 ], [ -103.9563, 44.7025 ], [ -103.9672, 44.7086 ], [ -103.9619, 44.7135 ], [ -103.9753, 44.7172 ], [ -103.9718, 44.7279 ], [ -103.9806, 44.7283 ], [ -103.9804, 44.7198 ], [ -103.998, 44.722 ], [ -104.0028, 44.7159 ], [ -104.0169, 44.7247 ], [ -104.0222, 44.718 ], [ -104.0371, 44.7227 ], [ -104.0286, 44.7277 ], [ -104.0281, 44.7368 ], [ -104.0408, 44.7325 ], [ -104.0517, 44.7365 ], [ -104.0544, 44.7424 ], [ -104.0448, 44.7472 ], [ -104.0558, 44.7493 ], [ -104.0579, 44.9976 ], [ -104.0397, 44.9981 ] ] ] } },
{ "type": "Feature", "properties": { "GEOIDFQ": "1400000US46021964100", "NAME": "9641", "NAMELSAD": "Census Tract 9641" }, "geometry": { "type": "Polygon", "coordinates": [ [ [ -99.7181, 45.9409 ], [ -99.7175, 45.5934 ], [ -100.4301, 45.5948 ], [ -100.4238, 45.6248 ], [ -100.4064, 45.65 ], [ -100.3874, 45.6594 ], [ -100.345, 45.6615 ], [ -100.3203, 45.6714 ], [ -100.3088, 45.6896 ], [ -100.309, 45.7078 ], [ -100.3755, 45.816 ], [ -100.387, 45.8691 ], [ -100.4175, 45.884 ], [ -100.4624, 45.9196 ], [ -100.4887, 45.9303 ], [ -100.4994, 45.9437 ], [ -99.7181, 45.9409 ] ] ] } },
{ "type": "Feature", "properties": { "GEOIDFQ": "1400000US46033965200", "NAME": "9652", "NAMELSAD": "Census Tract 9652" }, "geometry": { "type": "Polygon", "coordinates": [ [ [ -103.6383, 43.8025 ], [ -103.6411, 43.8305 ], [ -103.632, 43.8555 ], [ -103.5781, 43.8558 ], [ -103.578, 43.8448 ], [ -103.5623, 43.8387 ], [ -103.5926, 43.8153 ], [ -103.5848, 43.7706 ], [ -103.5906, 43.7682 ], [ -103.5786, 43.7509 ], [ -103.5794, 43.6843 ], [ -103.59, 43.6643 ], [ -103.6053, 43.6955 ], [ -103.6135, 43.6966 ], [ -103.6195, 43.7145 ], [ -103.6431, 43.742 ], [ -103.6301, 43.7563 ], [ -103.6444, 43.7582 ], [ -103.6562, 43.7669 ], [ -103.6573, 43.7768 ], [ -103.6503, 43.7816 ], [ -103.6585, 43.7939 ], [ -103.6383, 43.8025 ] ] ] } },
{ "type": "Feature", "properties": { "GEOIDFQ": "1400000US46107000100", "NAME": "1", "NAMELSAD": "Census Tract 1" }, "geometry": { "type": "Polygon", "coordinates": [ [ [ -100.4084, 45.0118 ], [ -100.3821, 45.0297 ], [ -100.3632, 45.0291 ], [ -100.3122, 45.0152 ], [ -100.2803, 45.0184 ], [ -100.2794, 45.0311 ], [ -100.3165, 45.0593 ], [ -100.3266, 45.0909 ], [ -100.3242, 45.1016 ], [ -100.279, 45.1589 ], [ -100.275, 45.1983 ], [ -100.2575, 45.2357 ], [ -100.2602, 45.2468 ], [ -99.5733, 45.2454 ], [ -99.5727, 44.8973 ], [ -100.4048, 44.8977 ], [ -100.4157, 44.9235 ], [ -100.4241, 44.9878 ], [ -100.4084, 45.0118 ] ] ] } },
{ "type": "Feature", "properties": { "GEOIDFQ": "1400000US46005957000", "NAME": "9570", "NAMELSAD": "Census Tract 9570" }, "geometry": { "type": "Polygon", "coordinates": [ [ [ -98.2261, 44.3687 ], [ -98.2273, 44.3562 ], [ -98.2141, 44.3562 ], [ -98.2139, 44.2837 ], [ -98.2546, 44.2837 ], [ -98.2548, 44.3273 ], [ -98.3361, 44.3272 ], [ -98.3363, 44.3706 ], [ -98.2261, 44.3687 ] ] ] } },
{ "type": "Feature", "properties": { "GEOIDFQ": "1400000US46125965200", "NAME": "9652", "NAMELSAD": "Census Tract 9652" }, "geometry": { "type": "Polygon", "coordinates": [ [ [ -96.9245, 43.3305 ], [ -96.9241, 43.0837 ], [ -97.1605, 43.0831 ], [ -97.1605, 43.17 ], [ -97.3992, 43.1694 ], [ -97.4006, 43.3284 ], [ -96.9245, 43.3305 ] ] ] } },
{ "type": "Feature", "properties": { "GEOIDFQ": "1400000US46125965100", "NAME": "9651", "NAMELSAD": "Census Tract 9651" }, "geometry": { "type": "Polygon", "coordinates": [ [ [ -96.9248, 43.5 ], [ -96.9245, 43.3305 ], [ -97.4006, 43.3284 ], [ -97.4014, 43.4998 ], [ -96.9248, 43.5 ] ] ] } },
{ "type": "Feature", "properties": { "GEOIDFQ": "1400000US46111962100", "NAME": "9621", "NAMELSAD": "Census Tract 9621" }, "geometry": { "type": "Polygon", "coordinates": [ [ [ -98.3319, 44.1967 ], [ -97.8495, 44.1952 ], [ -97.8511, 43.8499 ], [ -98.3315, 43.851 ], [ -98.3319, 44.1967 ] ] ] } },
{ "type": "Feature", "properties": { "GEOIDFQ": "1400000US46051953100", "NAME": "9531", "NAMELSAD": "Census Tract 9531" }, "geometry": { "type": "Polygon", "coordinates": [ [ [ -96.9929, 45.3269 ], [ -96.4705, 45.3265 ], [ -96.4531, 45.3008 ], [ -96.4527, 45.24 ], [ -96.5577, 45.2399 ], [ -96.5585, 45.1796 ], [ -96.6816, 45.1791 ], [ -96.6823, 45.2395 ], [ -96.8644, 45.2394 ], [ -96.8647, 45.2223 ], [ -96.9655, 45.2231 ], [ -96.9647, 45.286 ], [ -97.0027, 45.3067 ], [ -96.9929, 45.3269 ] ] ] } },
{ "type": "Feature", "properties": { "GEOIDFQ": "1400000US46099000100", "NAME": "1", "NAMELSAD": "Census Tract 1" }, "geometry": { "type": "Polygon", "coordinates": [ [ [ -96.7435, 43.5926 ], [ -96.7447, 43.6104 ], [ -96.6909, 43.6068 ], [ -96.6936, 43.5696 ], [ -96.7035, 43.5723 ], [ -96.7219, 43.566 ], [ -96.7241, 43.5512 ], [ -96.7314, 43.5512 ], [ -96.7313, 43.5642 ], [ -96.7622, 43.5645 ], [ -96.7657, 43.5696 ], [ -96.7435, 43.5926 ] ] ] } },
{ "type": "Feature", "properties": { "GEOIDFQ": "1400000US46099000600", "NAME": "6", "NAMELSAD": "Census Tract 6" }, "geometry": { "type": "Polygon", "coordinates": [ [ [ -96.7327, 43.5414 ], [ -96.72, 43.5414 ], [ -96.7163, 43.5346 ], [ -96.7327, 43.5414 ] ] ] } },
{ "type": "Feature", "properties": { "GEOIDFQ": "1400000US46099010200", "NAME": "102", "NAMELSAD": "Census Tract 102" }, "geometry": { "type": "Polygon", "coordinates": [ [ [ -97.1291, 43.848 ], [ -96.7712, 43.8483 ], [ -96.7715, 43.6743 ], [ -97.1272, 43.6739 ], [ -97.1291, 43.848 ] ] ] } },
{ "type": "Feature", "properties": { "GEOIDFQ": "1400000US46099010300", "NAME": "103", "NAMELSAD": "Census Tract 103" }, "geometry": { "type": "Polygon", "coordinates": [ [ [ -97.1294, 43.6747 ], [ -96.8905, 43.6743 ], [ -96.8901, 43.5001 ], [ -97.1295, 43.4997 ], [ -97.1294, 43.6747 ] ] ] } },
{ "type": "Feature", "properties": { "GEOIDFQ": "1400000US46099001901", "NAME": "19.01", "NAMELSAD": "Census Tract 19.01" }, "geometry": { "type": "Polygon", "coordinates": [ [ [ -96.7262, 43.513 ], [ -96.73, 43.5221 ], [ -96.7112, 43.5221 ], [ -96.7116, 43.5153 ], [ -96.7312, 43.5118 ], [ -96.7262, 43.513 ] ] ] } },
{ "type": "Feature", "properties": { "GEOIDFQ": "1400000US46083010113", "NAME": "101.13", "NAMELSAD": "Census Tract 101.13" }, "geometry": { "type": "Polygon", "coordinates": [ [ [ -96.7274, 43.4896 ], [ -96.6688, 43.4895 ], [ -96.6687, 43.4604 ], [ -96.7275, 43.4626 ], [ -96.7274, 43.4896 ] ] ] } },
{ "type": "Feature", "properties": { "GEOIDFQ": "1400000US46083010116", "NAME": "101.16", "NAMELSAD": "Census Tract 101.16" }, "geometry": { "type": "Polygon", "coordinates": [ [ [ -96.7473, 43.4896 ], [ -96.7274, 43.4896 ], [ -96.7275, 43.4607 ], [ -96.7474, 43.4607 ], [ -96.7473, 43.4896 ] ] ] } },
{ "type": "Feature", "properties": { "GEOIDFQ": "1400000US46013951800", "NAME": "9518", "NAMELSAD": "Census Tract 9518" }, "geometry": { "type": "Polygon", "coordinates": [ [ [ -98.458, 45.466 ], [ -98.3922, 45.4664 ], [ -98.3923, 45.4009 ], [ -98.454, 45.4012 ], [ -98.454, 45.4157 ], [ -98.4748, 45.4158 ], [ -98.4754, 45.4447 ], [ -98.458, 45.466 ] ] ] } },
{ "type": "Feature", "properties": { "GEOIDFQ": "1400000US46035962600", "NAME": "9626", "NAMELSAD": "Census Tract 9626" }, "geometry": { "type": "Polygon", "coordinates": [ [ [ -98.3252, 43.8511 ], [ -97.9673, 43.8507 ], [ -97.968, 43.8051 ], [ -98.0865, 43.8027 ], [ -98.0865, 43.6585 ], [ -97.9665, 43.6588 ], [ -97.9646, 43.499 ], [ -98.3206, 43.4987 ], [ -98.3252, 43.8511 ] ] ] } },
{ "type": "Feature", "properties": { "GEOIDFQ": "1400000US46035962700", "NAME": "9627", "NAMELSAD": "Census Tract 9627" }, "geometry": { "type": "Polygon", "coordinates": [ [ [ -98.0865, 43.8027 ], [ -97.968, 43.8051 ], [ -97.9673, 43.696 ], [ -97.9683, 43.7014 ], [ -97.9797, 43.7047 ], [ -97.978, 43.7114 ], [ -97.9888, 43.7183 ], [ -97.9951, 43.7166 ], [ -97.9956, 43.7215 ], [ -98.0042, 43.7205 ], [ -98.0017, 43.7242 ], [ -98.0076, 43.7241 ], [ -98.0073, 43.7156 ], [ -98.0476, 43.7164 ], [ -98.0506, 43.731 ], [ -98.0865, 43.7311 ], [ -98.0865, 43.8027 ] ] ] } },
{ "type": "Feature", "properties": { "GEOIDFQ": "1400000US46103010905", "NAME": "109.05", "NAMELSAD": "Census Tract 109.05" }, "geometry": { "type": "Polygon", "coordinates": [ [ [ -103.2528, 44.0029 ], [ -103.2404, 44.0554 ], [ -103.2267, 44.059 ], [ -103.219, 44.0429 ], [ -103.1918, 44.0457 ], [ -103.1915, 44.024 ], [ -103.1798, 43.994 ], [ -103.1861, 43.9576 ], [ -103.2176, 43.9672 ], [ -103.2366, 43.981 ], [ -103.269, 43.9847 ], [ -103.2708, 43.9896 ], [ -103.2528, 44.0029 ] ] ] } },
{ "type": "Feature", "properties": { "GEOIDFQ": "1400000US46103010906", "NAME": "109.06", "NAMELSAD": "Census Tract 109.06" }, "geometry": { "type": "Polygon", "coordinates": [ [ [ -103.1795, 44.0997 ], [ -103.1513, 44.1006 ], [ -103.1543, 44.0711 ], [ -103.1312, 44.0674 ], [ -103.1313, 44.0476 ], [ -103.1917, 44.0827 ], [ -103.1795, 44.0997 ] ] ] } },
{ "type": "Feature", "properties": { "GEOIDFQ": "1400000US46103010904", "NAME": "109.04", "NAMELSAD": "Census Tract 109.04" }, "geometry": { "type": "Polygon", "coordinates": [ [ [ -103.1917, 44.053 ], [ -103.1918, 44.0457 ], [ -103.219, 44.0429 ], [ -103.2275, 44.0566 ], [ -103.1917, 44.053 ] ] ] } },
{ "type": "Feature", "properties": { "GEOIDFQ": "1400000US46103010907", "NAME": "109.07", "NAMELSAD": "Census Tract 109.07" }, "geometry": { "type": "Polygon", "coordinates": [ [ [ -103.1866, 44.0675 ], [ -103.1865, 44.0792 ], [ -103.1313, 44.0476 ], [ -103.1314, 44.0093 ], [ -103.1836, 44.0094 ], [ -103.1915, 44.024 ], [ -103.1952, 44.0675 ], [ -103.1866, 44.0675 ] ] ] } },
{ "type": "Feature", "properties": { "GEOIDFQ": "1400000US46013952000", "NAME": "9520", "NAMELSAD": "Census Tract 9520" }, "geometry": { "type": "Polygon", "coordinates": [ [ [ -98.7244, 45.9387 ], [ -97.9788, 45.9359 ], [ -97.9799, 45.5014 ], [ -98.2267, 45.5018 ], [ -98.2267, 45.4583 ], [ -98.3922, 45.4587 ], [ -98.3923, 45.5169 ], [ -98.4953, 45.5173 ], [ -98.4953, 45.5318 ], [ -98.557, 45.5323 ], [ -98.557, 45.5178 ], [ -98.5983, 45.5181 ], [ -98.5985, 45.4022 ], [ -98.5775, 45.402 ], [ -98.5772, 45.3296 ], [ -98.7222, 45.3307 ], [ -98.7244, 45.9387 ] ] ] } },
{ "type": "Feature", "properties": { "GEOIDFQ": "1400000US46027965900", "NAME": "9659", "NAMELSAD": "Census Tract 9659" }, "geometry": { "type": "Polygon", "coordinates": [ [ [ -96.9488, 42.7867 ], [ -96.9292, 42.7867 ], [ -96.9291, 42.7938 ], [ -96.92, 42.7937 ], [ -96.9239, 42.7724 ], [ -96.9488, 42.7867 ] ] ] } },
{ "type": "Feature", "properties": { "GEOIDFQ": "1400000US46083010103", "NAME": "101.03", "NAMELSAD": "Census Tract 101.03" }, "geometry": { "type": "Polygon", "coordinates": [ [ [ -96.8108, 43.5003 ], [ -96.7882, 43.5003 ], [ -96.7968, 43.49 ], [ -96.8263, 43.4901 ], [ -96.8265, 43.5003 ], [ -96.8108, 43.5003 ] ] ] } },
{ "type": "Feature", "properties": { "GEOIDFQ": "1400000US46051953300", "NAME": "9533", "NAMELSAD": "Census Tract 9533" }, "geometry": { "type": "Polygon", "coordinates": [ [ [ -97.2262, 45.2976 ], [ -97.0075, 45.2969 ], [ -97.0027, 45.3067 ], [ -96.9647, 45.286 ], [ -96.9655, 45.2231 ], [ -96.8647, 45.2223 ], [ -96.8644, 45.2394 ], [ -96.6823, 45.2395 ], [ -96.6816, 45.1791 ], [ -96.5585, 45.1796 ], [ -96.5577, 45.2399 ], [ -96.4527, 45.24 ], [ -96.452, 44.9776 ], [ -96.8823, 44.9769 ], [ -96.8839, 45.1502 ], [ -97.2263, 45.1518 ], [ -97.2262, 45.2976 ] ] ] } }
]
}
