{
"type": "FeatureCollection",
"name": "state_22_tracts_simplified",
"crs": { "type": "name", "properties": { "name": "urn:ogc:def:crs:OGC:1.3:CRS84" } },
"features": [
{ "type": "Feature", "properties": { "GEOIDFQ": "1400000US22045030500", "NAME": "305", "NAMELSAD": "Census Tract 305" }, "geometry": { "type": "Polygon", "coordinates": [ [ [ -91.8238, 30.0291 ], [ -91.8146, 30.0458 ], [ -91.8009, 30.0405 ], [ -91.8085, 30.024 ], [ -91.8291, 30.0135 ], [ -91.8509, 30.0331 ], [ -91.8238, 30.0291 ] ] ] } },
{ "type": "Feature", "properties": { "GEOIDFQ": "1400000US22033004509", "NAME": "45.09", "NAMELSAD": "Census Tract 45.09" }, "geometry": { "type": "Polygon", "coordinates": [ [ [ -91.0073, 30.3896 ], [ -91.0097, 30.369 ], [ -90.9832, 30.3439 ], [ -90.9929, 30.3427 ], [ -91.0049, 30.3576 ], [ -91.026, 30.3663 ], [ -91.0511, 30.3958 ], [ -91.0073, 30.3896 ] ] ] } },
{ "type": "Feature", "properties": { "GEOIDFQ": "1400000US22099020502", "NAME": "205.02", "NAMELSAD": "Census Tract 205.02" }, "geometry": { "type": "Polygon", "coordinates": [ [ [ -91.8962, 30.3006 ], [ -91.8725, 30.2839 ], [ -91.8635, 30.2685 ], [ -91.8829, 30.2564 ], [ -91.895, 30.2742 ], [ -91.9284, 30.2906 ], [ -91.8962, 30.3006 ] ] ] } },
{ "type": "Feature", "properties": { "GEOIDFQ": "1400000US22071001702", "NAME": "17.02", "NAMELSAD": "Census Tract 17.02" }, "geometry": { "type": "Polygon", "coordinates": [ [ [ -90.0296, 30.0166 ], [ -90.027, 30.0084 ], [ -90.0459, 30.0027 ], [ -90.0467, 30.0129 ], [ -90.0296, 30.0166 ] ] ] } },
{ "type": "Feature", "properties": { "GEOIDFQ": "1400000US22109000402", "NAME": "4.02", "NAMELSAD": "Census Tract 4.02" }, "geometry": { "type": "Polygon", "coordinates": [ [ [ -90.7389, 29.6381 ], [ -90.7348, 29.6295 ], [ -90.7503, 29.6232 ], [ -90.7569, 29.6319 ], [ -90.7389, 29.6381 ] ] ] } },
{ "type": "Feature", "properties": { "GEOIDFQ": "1400000US22071000904", "NAME": "9.04", "NAMELSAD": "Census Tract 9.04" }, "geometry": { "type": "Polygon", "coordinates": [ [ [ -90.0198, 29.9672 ], [ -90.0089, 29.9646 ], [ -90.0111, 29.96 ], [ -90.0198, 29.9672 ] ] ] } },
{ "type": "Feature", "properties": { "GEOIDFQ": "1400000US22071001100", "NAME": "11", "NAMELSAD": "Census Tract 11" }, "geometry": { "type": "Polygon", "coordinates": [ [ [ -90.0332, 29.9628 ], [ -90.0298, 29.9825 ], [ -90.0219, 29.9807 ], [ -90.0267, 29.9532 ], [ -90.0406, 29.9606 ], [ -90.0332, 29.9628 ] ] ] } },
{ "type": "Feature", "properties": { "GEOIDFQ": "1400000US22071001302", "NAME": "13.02", "NAMELSAD": "Census Tract 13.02" }, "geometry": { "type": "Polygon", "coordinates": [ [ [ -90.037, 29.9725 ], [ -90.0307, 29.9711 ], [ -90.032, 29.967 ], [ -90.037, 29.9725 ] ] ] } },
{ "type": "Feature", "properties": { "GEOIDFQ": "1400000US22071001401", "NAME": "14.01", "NAMELSAD": "Census Tract 14.01" }, "geometry": { "type": "Polygon", "coordinates": [ [ [ -90.0346, 29.9834 ], [ -90.0314, 29.9757 ], [ -90.0429, 29.9783 ], [ -90.0456, 29.9845 ], [ -90.0346, 29.9834 ] ] ] } },
{ "type": "Feature", "properties": { "GEOIDFQ": "1400000US22071001402", "NAME": "14.02", "NAMELSAD": "Census Tract 14.02" }, "geometry": { "type": "Polygon", "coordinates": [ [ [ -90.0429, 29.9783 ], [ -90.0295, 29.9753 ], [ -90.0307, 29.9711 ], [ -90.0429, 29.9783 ] ] ] } },
{ "type": "Feature", "properties": { "GEOIDFQ": "1400000US22071001500", "NAME": "15", "NAMELSAD": "Census Tract 15" }, "geometry": { "type": "Polygon", "coordinates": [ [ [ -90.0456, 29.9845 ], [ -90.0425, 29.984 ], [ -90.045, 29.968 ], [ -90.0503, 29.9691 ], [ -90.0456, 29.9845 ] ] ] } },
{ "type": "Feature", "properties": { "GEOIDFQ": "1400000US22071001600", "NAME": "16", "NAMELSAD": "Census Tract 16" }, "geometry": { "type": "Polygon", "coordinates": [ [ [ -90.0298, 29.9825 ], [ -90.0301, 29.9798 ], [ -90.0345, 29.9808 ], [ -90.0298, 29.9825 ] ] ] } },
{ "type": "Feature", "properties": { "GEOIDFQ": "1400000US22071001701", "NAME": "17.01", "NAMELSAD": "Census Tract 17.01" }, "geometry": { "type": "Polygon", "coordinates": [ [ [ -90.0345, 30.0314 ], [ -90.0296, 30.0166 ], [ -90.0467, 30.0129 ], [ -90.0479, 30.0272 ], [ -90.0345, 30.0314 ] ] ] } },
{ "type": "Feature", "properties": { "GEOIDFQ": "1400000US22009030701", "NAME": "307.01", "NAMELSAD": "Census Tract 307.01" }, "geometry": { "type": "Polygon", "coordinates": [ [ [ -92.0924, 31.0197 ], [ -92.0514, 31.0079 ], [ -92.0522, 30.9969 ], [ -92.0721, 30.9978 ], [ -92.0581, 30.9846 ], [ -92.0433, 30.9838 ], [ -92.039, 30.9905 ], [ -92.0345, 30.9794 ], [ -92.0103, 30.9784 ], [ -91.9992, 30.9688 ], [ -92.0221, 30.9578 ], [ -92.0476, 30.9696 ], [ -92.0403, 30.9588 ], [ -92.043, 30.9356 ], [ -92.0684, 30.9354 ], [ -92.0683, 30.9156 ], [ -92.0514, 30.8826 ], [ -92.033, 30.8645 ], [ -92.03, 30.8495 ], [ -92.0594, 30.8499 ], [ -92.0897, 30.861 ], [ -92.105, 30.8777 ], [ -92.1148, 30.9022 ], [ -92.1321, 30.9105 ], [ -92.1325, 30.9219 ], [ -92.1413, 30.9222 ], [ -92.1444, 30.9564 ], [ -92.13, 30.9697 ], [ -92.1465, 30.9998 ], [ -92.1484, 31.0205 ], [ -92.0924, 31.0197 ] ] ] } },
{ "type": "Feature", "properties": { "GEOIDFQ": "1400000US22009030702", "NAME": "307.02", "NAMELSAD": "Census Tract 307.02" }, "geometry": { "type": "Polygon", "coordinates": [ [ [ -92.0872, 31.0302 ], [ -92.0736, 31.0162 ], [ -92.0598, 31.0153 ], [ -92.0147, 31.0513 ], [ -91.9869, 31.0472 ], [ -91.9644, 31.055 ], [ -91.9472, 31.0742 ], [ -91.9388, 31.0709 ], [ -91.9326, 31.0781 ], [ -91.9235, 31.0723 ], [ -91.9231, 31.0447 ], [ -91.9309, 31.0312 ], [ -91.9434, 31.0313 ], [ -91.9557, 31.0184 ], [ -91.9612, 31.0099 ], [ -91.9583, 30.9953 ], [ -91.9666, 31.0001 ], [ -91.9624, 30.9897 ], [ -91.9688, 30.9816 ], [ -91.9953, 30.975 ], [ -91.9992, 30.9688 ], [ -92.0103, 30.9784 ], [ -92.0345, 30.9794 ], [ -92.039, 30.9905 ], [ -92.0433, 30.9838 ], [ -92.0581, 30.9846 ], [ -92.0721, 30.9978 ], [ -92.0522, 30.9969 ], [ -92.0514, 31.0079 ], [ -92.0918, 31.0195 ], [ -92.0872, 31.0302 ] ] ] } },
{ "type": "Feature", "properties": { "GEOIDFQ": "1400000US22009030402", "NAME": "304.02", "NAMELSAD": "Census Tract 304.02" }, "geometry": { "type": "Polygon", "coordinates": [ [ [ -92.07, 31.1245 ], [ -92.0723, 31.132 ], [ -92.0512, 31.1335 ], [ -92.0299, 31.0983 ], [ -92.0463, 31.0836 ], [ -92.0638, 31.1094 ], [ -92.0823, 31.109 ], [ -92.07, 31.1245 ] ] ] } },
{ "type": "Feature", "properties": { "GEOIDFQ": "1400000US22009030502", "NAME": "305.02", "NAMELSAD": "Census Tract 305.02" }, "geometry": { "type": "Polygon", "coordinates": [ [ [ -92.0823, 31.1089 ], [ -92.0638, 31.1094 ], [ -92.0463, 31.0836 ], [ -92.0334, 31.0938 ], [ -92.0353, 31.0989 ], [ -92.0279, 31.0966 ], [ -92.0162, 31.0792 ], [ -92.0229, 31.0674 ], [ -92.0126, 31.052 ], [ -92.0514, 31.019 ], [ -92.0716, 31.0154 ], [ -92.0944, 31.0354 ], [ -92.0893, 31.057 ], [ -92.1057, 31.0686 ], [ -92.0823, 31.1089 ] ] ] } },
{ "type": "Feature", "properties": { "GEOIDFQ": "1400000US22009030401", "NAME": "304.01", "NAMELSAD": "Census Tract 304.01" }, "geometry": { "type": "Polygon", "coordinates": [ [ [ -92.1217, 31.1548 ], [ -92.0669, 31.1634 ], [ -92.061, 31.1753 ], [ -92.0456, 31.1753 ], [ -92.053, 31.1615 ], [ -92.0364, 31.1401 ], [ -92.0463, 31.1318 ], [ -92.0723, 31.132 ], [ -92.07, 31.1245 ], [ -92.0823, 31.1089 ], [ -92.1257, 31.1124 ], [ -92.1345, 31.1364 ], [ -92.1217, 31.1548 ] ] ] } },
{ "type": "Feature", "properties": { "GEOIDFQ": "1400000US22009030501", "NAME": "305.01", "NAMELSAD": "Census Tract 305.01" }, "geometry": { "type": "Polygon", "coordinates": [ [ [ -92.1979, 31.0518 ], [ -92.178, 31.0634 ], [ -92.1853, 31.0798 ], [ -92.1434, 31.0846 ], [ -92.133, 31.0923 ], [ -92.1342, 31.1037 ], [ -92.1257, 31.1124 ], [ -92.0823, 31.1089 ], [ -92.1059, 31.0684 ], [ -92.0893, 31.057 ], [ -92.0919, 31.0195 ], [ -92.1456, 31.0229 ], [ -92.1599, 31.0107 ], [ -92.1581, 30.9996 ], [ -92.1782, 30.9952 ], [ -92.1873, 31.036 ], [ -92.2012, 31.0421 ], [ -92.1979, 31.0518 ] ] ] } },
{ "type": "Feature", "properties": { "GEOIDFQ": "1400000US22043020404", "NAME": "204.04", "NAMELSAD": "Census Tract 204.04" }, "geometry": { "type": "Polygon", "coordinates": [ [ [ -92.4355, 31.5685 ], [ -92.4171, 31.5743 ], [ -92.3996, 31.5485 ], [ -92.3854, 31.5549 ], [ -92.3601, 31.5504 ], [ -92.333, 31.5772 ], [ -92.305, 31.5871 ], [ -92.3228, 31.5763 ], [ -92.3, 31.567 ], [ -92.301, 31.5471 ], [ -92.2803, 31.5421 ], [ -92.2976, 31.5351 ], [ -92.2755, 31.5306 ], [ -92.2751, 31.5361 ], [ -92.2697, 31.5295 ], [ -92.2799, 31.5142 ], [ -92.2752, 31.506 ], [ -92.283, 31.5028 ], [ -92.2776, 31.4962 ], [ -92.2577, 31.4953 ], [ -92.2498, 31.5062 ], [ -92.2386, 31.5001 ], [ -92.2483, 31.4845 ], [ -92.2412, 31.4776 ], [ -92.2301, 31.4774 ], [ -92.2392, 31.4904 ], [ -92.2234, 31.4867 ], [ -92.2163, 31.4921 ], [ -92.2114, 31.4805 ], [ -92.1961, 31.4779 ], [ -92.3654, 31.446 ], [ -92.3632, 31.4946 ], [ -92.4041, 31.5011 ], [ -92.4238, 31.4967 ], [ -92.4252, 31.5048 ], [ -92.4141, 31.519 ], [ -92.4212, 31.5209 ], [ -92.4182, 31.5248 ], [ -92.444, 31.5192 ], [ -92.4367, 31.5366 ], [ -92.4613, 31.5455 ], [ -92.4355, 31.5685 ] ] ] } },
{ "type": "Feature", "properties": { "GEOIDFQ": "1400000US22053000500", "NAME": "5", "NAMELSAD": "Census Tract 5" }, "geometry": { "type": "Polygon", "coordinates": [ [ [ -92.6888, 30.2466 ], [ -92.6471, 30.2466 ], [ -92.6224, 30.2399 ], [ -92.6237, 30.2314 ], [ -92.6549, 30.2226 ], [ -92.6549, 30.2178 ], [ -92.6728, 30.2315 ], [ -92.6906, 30.2314 ], [ -92.6888, 30.2466 ] ] ] } },
{ "type": "Feature", "properties": { "GEOIDFQ": "1400000US22105954503", "NAME": "9545.03", "NAMELSAD": "Census Tract 9545.03" }, "geometry": { "type": "Polygon", "coordinates": [ [ [ -90.4826, 30.4789 ], [ -90.4827, 30.4881 ], [ -90.4742, 30.4883 ], [ -90.4742, 30.4941 ], [ -90.4483, 30.4847 ], [ -90.4483, 30.4789 ], [ -90.4571, 30.4789 ], [ -90.4563, 30.438 ], [ -90.4892, 30.4789 ], [ -90.4826, 30.4789 ] ] ] } },
{ "type": "Feature", "properties": { "GEOIDFQ": "1400000US22105953401", "NAME": "9534.01", "NAMELSAD": "Census Tract 9534.01" }, "geometry": { "type": "Polygon", "coordinates": [ [ [ -90.5134, 30.8248 ], [ -90.502, 30.8123 ], [ -90.496, 30.7811 ], [ -90.4994, 30.7717 ], [ -90.5099, 30.7732 ], [ -90.511, 30.7573 ], [ -90.5331, 30.7627 ], [ -90.5329, 30.7263 ], [ -90.5664, 30.7163 ], [ -90.5672, 30.8248 ], [ -90.5134, 30.8248 ] ] ] } },
{ "type": "Feature", "properties": { "GEOIDFQ": "1400000US22105953502", "NAME": "9535.02", "NAMELSAD": "Census Tract 9535.02" }, "geometry": { "type": "Polygon", "coordinates": [ [ [ -90.4437, 30.7736 ], [ -90.4422, 30.7981 ], [ -90.3826, 30.8149 ], [ -90.3636, 30.8142 ], [ -90.338, 30.7927 ], [ -90.3164, 30.7863 ], [ -90.3059, 30.7528 ], [ -90.2645, 30.757 ], [ -90.2674, 30.7517 ], [ -90.2535, 30.7354 ], [ -90.2532, 30.6643 ], [ -90.2434, 30.6448 ], [ -90.2487, 30.6161 ], [ -90.2622, 30.6212 ], [ -90.3117, 30.6213 ], [ -90.3126, 30.6595 ], [ -90.3291, 30.6647 ], [ -90.3385, 30.6889 ], [ -90.3658, 30.6937 ], [ -90.3641, 30.7445 ], [ -90.439, 30.7442 ], [ -90.4501, 30.7341 ], [ -90.4752, 30.7305 ], [ -90.4437, 30.7736 ] ] ] } },
{ "type": "Feature", "properties": { "GEOIDFQ": "1400000US22105954003", "NAME": "9540.03", "NAMELSAD": "Census Tract 9540.03" }, "geometry": { "type": "Polygon", "coordinates": [ [ [ -90.4369, 30.5177 ], [ -90.4271, 30.552 ], [ -90.4004, 30.5697 ], [ -90.3964, 30.5619 ], [ -90.3751, 30.5564 ], [ -90.3733, 30.5445 ], [ -90.3599, 30.5335 ], [ -90.3617, 30.5068 ], [ -90.3802, 30.5123 ], [ -90.4478, 30.5076 ], [ -90.4369, 30.5177 ] ] ] } },
{ "type": "Feature", "properties": { "GEOIDFQ": "1400000US22105954506", "NAME": "9545.06", "NAMELSAD": "Census Tract 9545.06" }, "geometry": { "type": "Polygon", "coordinates": [ [ [ -90.4274, 30.5107 ], [ -90.4274, 30.4939 ], [ -90.4483, 30.4937 ], [ -90.4484, 30.5071 ], [ -90.4274, 30.5107 ] ] ] } },
{ "type": "Feature", "properties": { "GEOIDFQ": "1400000US22055000603", "NAME": "6.03", "NAMELSAD": "Census Tract 6.03" }, "geometry": { "type": "Polygon", "coordinates": [ [ [ -92.0752, 30.2322 ], [ -92.0626, 30.2325 ], [ -92.0521, 30.2224 ], [ -92.0689, 30.2108 ], [ -92.0756, 30.2105 ], [ -92.0752, 30.2322 ] ] ] } },
{ "type": "Feature", "properties": { "GEOIDFQ": "1400000US22039950401", "NAME": "9504.01", "NAMELSAD": "Census Tract 9504.01" }, "geometry": { "type": "Polygon", "coordinates": [ [ [ -92.4266, 30.6595 ], [ -92.4154, 30.6594 ], [ -92.4154, 30.6522 ], [ -92.3983, 30.6486 ], [ -92.3982, 30.6265 ], [ -92.4266, 30.6265 ], [ -92.4266, 30.6595 ] ] ] } },
{ "type": "Feature", "properties": { "GEOIDFQ": "1400000US22039950101", "NAME": "9501.01", "NAMELSAD": "Census Tract 9501.01" }, "geometry": { "type": "Polygon", "coordinates": [ [ [ -92.4277, 30.7662 ], [ -92.4068, 30.7698 ], [ -92.407, 30.8005 ], [ -92.2751, 30.8473 ], [ -92.2844, 30.8586 ], [ -92.2817, 30.8671 ], [ -92.3122, 30.8851 ], [ -92.3155, 30.9019 ], [ -92.3051, 30.9051 ], [ -92.3151, 30.9173 ], [ -92.3146, 30.934 ], [ -92.3234, 30.9489 ], [ -92.311, 30.9652 ], [ -92.2807, 30.9651 ], [ -92.2807, 30.936 ], [ -92.2383, 30.8922 ], [ -92.2378, 30.8483 ], [ -92.2126, 30.8486 ], [ -92.2114, 30.7932 ], [ -92.2232, 30.814 ], [ -92.2512, 30.8172 ], [ -92.2392, 30.8063 ], [ -92.2473, 30.7446 ], [ -92.2527, 30.7509 ], [ -92.2827, 30.7583 ], [ -92.2881, 30.7207 ], [ -92.398, 30.7224 ], [ -92.3982, 30.7296 ], [ -92.4282, 30.7295 ], [ -92.4277, 30.7662 ] ] ] } },
{ "type": "Feature", "properties": { "GEOIDFQ": "1400000US22039950402", "NAME": "9504.02", "NAMELSAD": "Census Tract 9504.02" }, "geometry": { "type": "Polygon", "coordinates": [ [ [ -92.4266, 30.6265 ], [ -92.3982, 30.6265 ], [ -92.3983, 30.6486 ], [ -92.4266, 30.6595 ], [ -92.4282, 30.7295 ], [ -92.3982, 30.7296 ], [ -92.398, 30.7224 ], [ -92.3109, 30.7216 ], [ -92.3135, 30.682 ], [ -92.3219, 30.6821 ], [ -92.3338, 30.6673 ], [ -92.3281, 30.6505 ], [ -92.313, 30.6365 ], [ -92.3345, 30.6147 ], [ -92.3447, 30.6161 ], [ -92.3699, 30.5922 ], [ -92.3984, 30.5973 ], [ -92.3983, 30.5899 ], [ -92.4232, 30.5899 ], [ -92.4237, 30.5972 ], [ -92.4321, 30.5972 ], [ -92.4266, 30.6265 ] ] ] } },
{ "type": "Feature", "properties": { "GEOIDFQ": "1400000US22039950102", "NAME": "9501.02", "NAMELSAD": "Census Tract 9501.02" }, "geometry": { "type": "Polygon", "coordinates": [ [ [ -92.4055, 30.9374 ], [ -92.3951, 30.956 ], [ -92.3953, 30.9889 ], [ -92.3771, 31.0001 ], [ -92.3739, 30.9925 ], [ -92.3418, 30.9815 ], [ -92.3444, 30.9706 ], [ -92.3255, 30.9705 ], [ -92.3308, 30.9633 ], [ -92.311, 30.9652 ], [ -92.3234, 30.9489 ], [ -92.3146, 30.934 ], [ -92.3151, 30.9173 ], [ -92.3051, 30.9051 ], [ -92.3154, 30.902 ], [ -92.3123, 30.8853 ], [ -92.2816, 30.867 ], [ -92.2844, 30.8586 ], [ -92.2751, 30.8473 ], [ -92.407, 30.8005 ], [ -92.4068, 30.7698 ], [ -92.4276, 30.7664 ], [ -92.4055, 30.9374 ] ] ] } },
{ "type": "Feature", "properties": { "GEOIDFQ": "1400000US22043020403", "NAME": "204.03", "NAMELSAD": "Census Tract 204.03" }, "geometry": { "type": "Polygon", "coordinates": [ [ [ -92.6127, 31.5446 ], [ -92.598, 31.5765 ], [ -92.6099, 31.5942 ], [ -92.6117, 31.6134 ], [ -92.5891, 31.6138 ], [ -92.5583, 31.6507 ], [ -92.5527, 31.6398 ], [ -92.5306, 31.6353 ], [ -92.5152, 31.639 ], [ -92.5044, 31.6252 ], [ -92.4892, 31.6187 ], [ -92.4722, 31.5817 ], [ -92.4593, 31.5756 ], [ -92.4632, 31.5585 ], [ -92.4528, 31.5554 ], [ -92.4611, 31.545 ], [ -92.4367, 31.5366 ], [ -92.4442, 31.5195 ], [ -92.4334, 31.52 ], [ -92.4436, 31.5014 ], [ -92.4779, 31.4832 ], [ -92.4723, 31.4723 ], [ -92.4923, 31.4724 ], [ -92.492, 31.4678 ], [ -92.51, 31.4626 ], [ -92.5411, 31.4732 ], [ -92.5709, 31.4465 ], [ -92.6599, 31.5216 ], [ -92.6127, 31.5446 ] ] ] } },
{ "type": "Feature", "properties": { "GEOIDFQ": "1400000US22043020406", "NAME": "204.06", "NAMELSAD": "Census Tract 204.06" }, "geometry": { "type": "Polygon", "coordinates": [ [ [ -92.4436, 31.5014 ], [ -92.4334, 31.5208 ], [ -92.4182, 31.5248 ], [ -92.4212, 31.5209 ], [ -92.4141, 31.519 ], [ -92.4252, 31.5048 ], [ -92.4238, 31.4967 ], [ -92.4041, 31.5011 ], [ -92.3631, 31.4945 ], [ -92.3654, 31.446 ], [ -92.4503, 31.4286 ], [ -92.4778, 31.4833 ], [ -92.4436, 31.5014 ] ] ] } },
{ "type": "Feature", "properties": { "GEOIDFQ": "1400000US22043020405", "NAME": "204.05", "NAMELSAD": "Census Tract 204.05" }, "geometry": { "type": "Polygon", "coordinates": [ [ [ -92.5411, 31.4732 ], [ -92.51, 31.4626 ], [ -92.492, 31.4678 ], [ -92.4923, 31.4724 ], [ -92.4723, 31.4723 ], [ -92.4503, 31.4286 ], [ -92.5108, 31.416 ], [ -92.5583, 31.4338 ], [ -92.5707, 31.4467 ], [ -92.5411, 31.4732 ] ] ] } },
{ "type": "Feature", "properties": { "GEOIDFQ": "1400000US22019001907", "NAME": "19.07", "NAMELSAD": "Census Tract 19.07" }, "geometry": { "type": "Polygon", "coordinates": [ [ [ -93.2324, 30.1835 ], [ -93.2323, 30.1761 ], [ -93.2493, 30.1761 ], [ -93.2492, 30.1687 ], [ -93.2577, 30.1687 ], [ -93.2578, 30.1836 ], [ -93.2324, 30.1835 ] ] ] } },
{ "type": "Feature", "properties": { "GEOIDFQ": "1400000US22007050202", "NAME": "502.02", "NAMELSAD": "Census Tract 502.02" }, "geometry": { "type": "Polygon", "coordinates": [ [ [ -91.2239, 30.0248 ], [ -91.1808, 30.0221 ], [ -91.1894, 30.0108 ], [ -91.1839, 30.004 ], [ -91.1567, 30.0011 ], [ -91.1547, 30.0054 ], [ -91.1497, 29.9989 ], [ -91.1551, 29.9814 ], [ -91.1381, 29.9637 ], [ -91.1434, 29.9599 ], [ -91.1422, 29.9356 ], [ -91.1868, 29.9415 ], [ -91.1845, 29.946 ], [ -91.2313, 29.9805 ], [ -91.2359, 30.0011 ], [ -91.2239, 30.0248 ] ] ] } },
{ "type": "Feature", "properties": { "GEOIDFQ": "1400000US22007050201", "NAME": "502.01", "NAMELSAD": "Census Tract 502.01" }, "geometry": { "type": "Polygon", "coordinates": [ [ [ -91.2589, 30.0007 ], [ -91.2363, 30.0009 ], [ -91.2313, 29.9805 ], [ -91.1845, 29.946 ], [ -91.1868, 29.9415 ], [ -91.1396, 29.9345 ], [ -91.1488, 29.9233 ], [ -91.1503, 29.9007 ], [ -91.1294, 29.8909 ], [ -91.1348, 29.8752 ], [ -91.1256, 29.8656 ], [ -91.1272, 29.856 ], [ -91.1188, 29.8506 ], [ -91.0927, 29.8518 ], [ -91.0783, 29.8229 ], [ -91.1095, 29.8239 ], [ -91.1318, 29.837 ], [ -91.1502, 29.8368 ], [ -91.1873, 29.8487 ], [ -91.2003, 29.8618 ], [ -91.2097, 29.9024 ], [ -91.232, 29.9182 ], [ -91.2299, 29.9337 ], [ -91.2513, 29.9573 ], [ -91.2589, 30.0007 ] ] ] } },
{ "type": "Feature", "properties": { "GEOIDFQ": "1400000US22075050201", "NAME": "502.01", "NAMELSAD": "Census Tract 502.01" }, "geometry": { "type": "Polygon", "coordinates": [ [ [ -90.0081, 29.8955 ], [ -90.0025, 29.8923 ], [ -90.0023, 29.8978 ], [ -89.9892, 29.8894 ], [ -89.9873, 29.905 ], [ -89.9712, 29.9043 ], [ -89.9352, 29.8928 ], [ -89.9176, 29.8667 ], [ -89.9681, 29.8803 ], [ -89.99, 29.8391 ], [ -89.997, 29.8425 ], [ -89.9858, 29.8566 ], [ -90.0177, 29.8786 ], [ -90.0081, 29.8955 ] ] ] } },
{ "type": "Feature", "properties": { "GEOIDFQ": "1400000US22075050202", "NAME": "502.02", "NAMELSAD": "Census Tract 502.02" }, "geometry": { "type": "Polygon", "coordinates": [ [ [ -90.0643, 29.833 ], [ -90.0269, 29.8535 ], [ -90.0177, 29.8785 ], [ -89.9857, 29.8565 ], [ -89.9994, 29.8402 ], [ -89.994, 29.8501 ], [ -90.0109, 29.8575 ], [ -90.069, 29.8184 ], [ -90.0643, 29.833 ] ] ] } },
{ "type": "Feature", "properties": { "GEOIDFQ": "1400000US22033005100", "NAME": "51", "NAMELSAD": "Census Tract 51" }, "geometry": { "type": "Polygon", "coordinates": [ [ [ -91.1684, 30.4731 ], [ -91.1675, 30.4585 ], [ -91.18, 30.4568 ], [ -91.1803, 30.4474 ], [ -91.196, 30.4469 ], [ -91.1965, 30.4694 ], [ -91.1684, 30.4731 ] ] ] } },
{ "type": "Feature", "properties": { "GEOIDFQ": "1400000US22019002001", "NAME": "20.01", "NAMELSAD": "Census Tract 20.01" }, "geometry": { "type": "Polygon", "coordinates": [ [ [ -93.1241, 30.303 ], [ -93.1204, 30.2956 ], [ -93.1122, 30.3049 ], [ -93.1187, 30.3154 ], [ -93.1089, 30.3226 ], [ -93.116, 30.3304 ], [ -93.1004, 30.3396 ], [ -93.0962, 30.3543 ], [ -93.0882, 30.3555 ], [ -93.0962, 30.3666 ], [ -93.092, 30.3793 ], [ -93.031, 30.3794 ], [ -93.0307, 30.2606 ], [ -92.9971, 30.2607 ], [ -92.997, 30.2502 ], [ -93.0295, 30.2481 ], [ -93.0326, 30.2328 ], [ -93.1292, 30.2324 ], [ -93.13, 30.2859 ], [ -93.1227, 30.288 ], [ -93.135, 30.2971 ], [ -93.1241, 30.303 ] ] ] } },
{ "type": "Feature", "properties": { "GEOIDFQ": "1400000US22019001401", "NAME": "14.01", "NAMELSAD": "Census Tract 14.01" }, "geometry": { "type": "Polygon", "coordinates": [ [ [ -93.1842, 30.2875 ], [ -93.1897, 30.2971 ], [ -93.1675, 30.288 ], [ -93.1667, 30.3086 ], [ -93.1577, 30.303 ], [ -93.1515, 30.307 ], [ -93.1483, 30.2911 ], [ -93.1407, 30.2955 ], [ -93.1227, 30.288 ], [ -93.13, 30.2859 ], [ -93.1294, 30.2446 ], [ -93.1805, 30.2467 ], [ -93.1824, 30.2721 ], [ -93.1956, 30.2664 ], [ -93.1975, 30.2778 ], [ -93.1842, 30.2875 ] ] ] } },
{ "type": "Feature", "properties": { "GEOIDFQ": "1400000US22019001803", "NAME": "18.03", "NAMELSAD": "Census Tract 18.03" }, "geometry": { "type": "Polygon", "coordinates": [ [ [ -93.327, 30.1336 ], [ -93.3163, 30.1399 ], [ -93.3328, 30.1506 ], [ -93.3196, 30.1615 ], [ -93.3167, 30.1783 ], [ -93.307, 30.183 ], [ -93.3071, 30.1698 ], [ -93.2892, 30.1754 ], [ -93.29, 30.1685 ], [ -93.283, 30.1686 ], [ -93.2828, 30.1391 ], [ -93.266, 30.1392 ], [ -93.2659, 30.1248 ], [ -93.2293, 30.1249 ], [ -93.2266, 30.1103 ], [ -93.2134, 30.1074 ], [ -93.213, 30.0519 ], [ -93.3126, 30.0522 ], [ -93.3229, 30.0688 ], [ -93.3025, 30.0807 ], [ -93.3009, 30.0917 ], [ -93.309, 30.1013 ], [ -93.3254, 30.0935 ], [ -93.3352, 30.1162 ], [ -93.327, 30.1336 ] ] ] } },
{ "type": "Feature", "properties": { "GEOIDFQ": "1400000US22019003601", "NAME": "36.01", "NAMELSAD": "Census Tract 36.01" }, "geometry": { "type": "Polygon", "coordinates": [ [ [ -93.7185, 30.22 ], [ -93.7112, 30.2221 ], [ -93.7111, 30.2352 ], [ -93.7045, 30.2338 ], [ -93.7094, 30.2385 ], [ -93.7031, 30.2385 ], [ -93.7095, 30.2449 ], [ -93.703, 30.2605 ], [ -93.7091, 30.2839 ], [ -93.6295, 30.3325 ], [ -93.597, 30.3193 ], [ -93.5848, 30.3205 ], [ -93.5837, 30.3088 ], [ -93.5735, 30.3035 ], [ -93.5483, 30.3045 ], [ -93.5236, 30.3162 ], [ -93.4991, 30.3113 ], [ -93.5036, 30.2415 ], [ -93.5114, 30.2298 ], [ -93.5088, 30.1969 ], [ -93.5585, 30.1875 ], [ -93.5588, 30.2168 ], [ -93.6002, 30.2161 ], [ -93.5965, 30.1726 ], [ -93.7014, 30.1275 ], [ -93.7007, 30.1381 ], [ -93.6928, 30.1352 ], [ -93.6882, 30.1414 ], [ -93.6977, 30.1529 ], [ -93.7095, 30.1467 ], [ -93.7, 30.1755 ], [ -93.7107, 30.1799 ], [ -93.7126, 30.1925 ], [ -93.7055, 30.1929 ], [ -93.7091, 30.1972 ], [ -93.7175, 30.1931 ], [ -93.7142, 30.2087 ], [ -93.7212, 30.2099 ], [ -93.7185, 30.22 ] ] ] } },
{ "type": "Feature", "properties": { "GEOIDFQ": "1400000US22019002702", "NAME": "27.02", "NAMELSAD": "Census Tract 27.02" }, "geometry": { "type": "Polygon", "coordinates": [ [ [ -93.3557, 30.2903 ], [ -93.3471, 30.2958 ], [ -93.3105, 30.2872 ], [ -93.3012, 30.2937 ], [ -93.278, 30.2902 ], [ -93.276, 30.2968 ], [ -93.2732, 30.2908 ], [ -93.2669, 30.2934 ], [ -93.2752, 30.2825 ], [ -93.275, 30.2539 ], [ -93.2576, 30.237 ], [ -93.3509, 30.2368 ], [ -93.3509, 30.242 ], [ -93.3678, 30.242 ], [ -93.3557, 30.2903 ] ] ] } },
{ "type": "Feature", "properties": { "GEOIDFQ": "1400000US22019002002", "NAME": "20.02", "NAMELSAD": "Census Tract 20.02" }, "geometry": { "type": "Polygon", "coordinates": [ [ [ -93.0303, 30.2329 ], [ -93.0301, 30.2181 ], [ -92.9965, 30.2166 ], [ -92.9963, 30.157 ], [ -92.8932, 30.1565 ], [ -92.8894, 30.141 ], [ -92.907, 30.1307 ], [ -92.9094, 30.1207 ], [ -92.8875, 30.0827 ], [ -92.9965, 30.0826 ], [ -92.9966, 30.0385 ], [ -93.1284, 30.0384 ], [ -93.1292, 30.2324 ], [ -93.0303, 30.2329 ] ] ] } },
{ "type": "Feature", "properties": { "GEOIDFQ": "1400000US22019002205", "NAME": "22.05", "NAMELSAD": "Census Tract 22.05" }, "geometry": { "type": "Polygon", "coordinates": [ [ [ -93.2933, 30.375 ], [ -93.2967, 30.3863 ], [ -93.2891, 30.4027 ], [ -93.2329, 30.403 ], [ -93.201, 30.3741 ], [ -93.2073, 30.3578 ], [ -93.2329, 30.3447 ], [ -93.2328, 30.3262 ], [ -93.2458, 30.3166 ], [ -93.2537, 30.2877 ], [ -93.2653, 30.2942 ], [ -93.2732, 30.2908 ], [ -93.2782, 30.3108 ], [ -93.2965, 30.3163 ], [ -93.2855, 30.3414 ], [ -93.3023, 30.3662 ], [ -93.2933, 30.375 ] ] ] } },
{ "type": "Feature", "properties": { "GEOIDFQ": "1400000US22019001906", "NAME": "19.06", "NAMELSAD": "Census Tract 19.06" }, "geometry": { "type": "Polygon", "coordinates": [ [ [ -93.2492, 30.1687 ], [ -93.2492, 30.1608 ], [ -93.2323, 30.1608 ], [ -93.2322, 30.1393 ], [ -93.2491, 30.1392 ], [ -93.2577, 30.1687 ], [ -93.2492, 30.1687 ] ] ] } },
{ "type": "Feature", "properties": { "GEOIDFQ": "1400000US22019001301", "NAME": "13.01", "NAMELSAD": "Census Tract 13.01" }, "geometry": { "type": "Polygon", "coordinates": [ [ [ -93.2323, 30.1655 ], [ -93.2182, 30.1634 ], [ -93.214, 30.1762 ], [ -93.2054, 30.1762 ], [ -93.2054, 30.1624 ], [ -93.2139, 30.1624 ], [ -93.2136, 30.1395 ], [ -93.2322, 30.1393 ], [ -93.2323, 30.1655 ] ] ] } },
{ "type": "Feature", "properties": { "GEOIDFQ": "1400000US22019002206", "NAME": "22.06", "NAMELSAD": "Census Tract 22.06" }, "geometry": { "type": "Polygon", "coordinates": [ [ [ -93.226, 30.352 ], [ -93.2073, 30.3578 ], [ -93.2006, 30.3691 ], [ -93.2329, 30.403 ], [ -93.1312, 30.4031 ], [ -93.1311, 30.38 ], [ -93.0912, 30.3798 ], [ -93.0962, 30.3666 ], [ -93.0879, 30.3562 ], [ -93.0962, 30.3543 ], [ -93.1004, 30.3396 ], [ -93.116, 30.3304 ], [ -93.1089, 30.3226 ], [ -93.1187, 30.3154 ], [ -93.1119, 30.3061 ], [ -93.1204, 30.2956 ], [ -93.1286, 30.303 ], [ -93.1344, 30.2937 ], [ -93.1469, 30.2904 ], [ -93.1515, 30.307 ], [ -93.1577, 30.303 ], [ -93.165, 30.3089 ], [ -93.154, 30.3141 ], [ -93.1711, 30.3299 ], [ -93.2329, 30.3303 ], [ -93.226, 30.352 ] ] ] } },
{ "type": "Feature", "properties": { "GEOIDFQ": "1400000US22019002701", "NAME": "27.01", "NAMELSAD": "Census Tract 27.01" }, "geometry": { "type": "Polygon", "coordinates": [ [ [ -93.5036, 30.2415 ], [ -93.5013, 30.3141 ], [ -93.4869, 30.3204 ], [ -93.4687, 30.3136 ], [ -93.4117, 30.3171 ], [ -93.3972, 30.3056 ], [ -93.379, 30.3048 ], [ -93.3729, 30.2924 ], [ -93.3557, 30.2903 ], [ -93.3679, 30.2493 ], [ -93.3938, 30.249 ], [ -93.3888, 30.216 ], [ -93.5088, 30.1969 ], [ -93.5114, 30.2298 ], [ -93.5036, 30.2415 ] ] ] } },
{ "type": "Feature", "properties": { "GEOIDFQ": "1400000US22019001402", "NAME": "14.02", "NAMELSAD": "Census Tract 14.02" }, "geometry": { "type": "Polygon", "coordinates": [ [ [ -93.1824, 30.2721 ], [ -93.1805, 30.2467 ], [ -93.192, 30.2364 ], [ -93.1918, 30.2639 ], [ -93.1978, 30.2659 ], [ -93.1824, 30.2721 ] ] ] } },
{ "type": "Feature", "properties": { "GEOIDFQ": "1400000US22033004401", "NAME": "44.01", "NAMELSAD": "Census Tract 44.01" }, "geometry": { "type": "Polygon", "coordinates": [ [ [ -91.0369, 30.5543 ], [ -91.0296, 30.5469 ], [ -91.0332, 30.5079 ], [ -91.0705, 30.5012 ], [ -91.0759, 30.516 ], [ -91.0962, 30.5263 ], [ -91.0369, 30.5543 ] ] ] } },
{ "type": "Feature", "properties": { "GEOIDFQ": "1400000US22019000601", "NAME": "6.01", "NAMELSAD": "Census Tract 6.01" }, "geometry": { "type": "Polygon", "coordinates": [ [ [ -93.193, 30.2275 ], [ -93.1746, 30.2276 ], [ -93.1719, 30.2136 ], [ -93.1886, 30.213 ], [ -93.193, 30.2275 ] ] ] } },
{ "type": "Feature", "properties": { "GEOIDFQ": "1400000US22019002207", "NAME": "22.07", "NAMELSAD": "Census Tract 22.07" }, "geometry": { "type": "Polygon", "coordinates": [ [ [ -93.2352, 30.328 ], [ -93.2328, 30.3209 ], [ -93.2195, 30.3208 ], [ -93.2194, 30.3007 ], [ -93.2503, 30.3008 ], [ -93.2352, 30.328 ] ] ] } },
{ "type": "Feature", "properties": { "GEOIDFQ": "1400000US22073001700", "NAME": "17", "NAMELSAD": "Census Tract 17" }, "geometry": { "type": "Polygon", "coordinates": [ [ [ -92.0941, 32.5436 ], [ -92.0782, 32.5405 ], [ -92.0801, 32.5298 ], [ -92.0893, 32.5238 ], [ -92.1081, 32.5187 ], [ -92.1175, 32.5288 ], [ -92.0941, 32.5436 ] ] ] } },
{ "type": "Feature", "properties": { "GEOIDFQ": "1400000US22073005400", "NAME": "54", "NAMELSAD": "Census Tract 54" }, "geometry": { "type": "Polygon", "coordinates": [ [ [ -92.1545, 32.5293 ], [ -92.1359, 32.5254 ], [ -92.134, 32.5183 ], [ -92.1571, 32.5173 ], [ -92.1545, 32.5293 ] ] ] } },
{ "type": "Feature", "properties": { "GEOIDFQ": "1400000US22073005500", "NAME": "55", "NAMELSAD": "Census Tract 55" }, "geometry": { "type": "Polygon", "coordinates": [ [ [ -92.134, 32.5183 ], [ -92.1255, 32.5056 ], [ -92.1445, 32.4991 ], [ -92.1573, 32.5058 ], [ -92.1575, 32.5142 ], [ -92.134, 32.5183 ] ] ] } },
{ "type": "Feature", "properties": { "GEOIDFQ": "1400000US22033004201", "NAME": "42.01", "NAMELSAD": "Census Tract 42.01" }, "geometry": { "type": "Polygon", "coordinates": [ [ [ -91.1709, 30.5754 ], [ -91.1281, 30.5757 ], [ -91.1384, 30.5424 ], [ -91.1771, 30.5434 ], [ -91.1709, 30.5754 ] ] ] } },
{ "type": "Feature", "properties": { "GEOIDFQ": "1400000US22051030100", "NAME": "301", "NAMELSAD": "Census Tract 301" }, "geometry": { "type": "Polygon", "coordinates": [ [ [ -90.1796, 30.0158 ], [ -90.178, 30.0045 ], [ -90.195, 30.0056 ], [ -90.1987, 30.0171 ], [ -90.1796, 30.0158 ] ] ] } },
{ "type": "Feature", "properties": { "GEOIDFQ": "1400000US22051028800", "NAME": "288", "NAMELSAD": "Census Tract 288" }, "geometry": { "type": "Polygon", "coordinates": [ [ [ -90.1459, 29.9969 ], [ -90.1462, 29.9915 ], [ -90.1645, 29.9928 ], [ -90.1645, 29.9977 ], [ -90.1459, 29.9969 ] ] ] } },
{ "type": "Feature", "properties": { "GEOIDFQ": "1400000US22051024601", "NAME": "246.01", "NAMELSAD": "Census Tract 246.01" }, "geometry": { "type": "Polygon", "coordinates": [ [ [ -90.1608, 29.9705 ], [ -90.1521, 29.9699 ], [ -90.1523, 29.9628 ], [ -90.1611, 29.9632 ], [ -90.1608, 29.9705 ] ] ] } },
{ "type": "Feature", "properties": { "GEOIDFQ": "1400000US22051029600", "NAME": "296", "NAMELSAD": "Census Tract 296" }, "geometry": { "type": "Polygon", "coordinates": [ [ [ -90.1645, 29.9977 ], [ -90.1645, 29.9928 ], [ -90.1762, 29.9936 ], [ -90.177, 29.9985 ], [ -90.1645, 29.9977 ] ] ] } },
{ "type": "Feature", "properties": { "GEOIDFQ": "1400000US22051029700", "NAME": "297", "NAMELSAD": "Census Tract 297" }, "geometry": { "type": "Polygon", "coordinates": [ [ [ -90.1645, 30.0036 ], [ -90.1645, 29.9977 ], [ -90.177, 29.9985 ], [ -90.178, 30.0045 ], [ -90.1645, 30.0036 ] ] ] } },
{ "type": "Feature", "properties": { "GEOIDFQ": "1400000US22051029100", "NAME": "291", "NAMELSAD": "Census Tract 291" }, "geometry": { "type": "Polygon", "coordinates": [ [ [ -90.1887, 29.9833 ], [ -90.1861, 29.976 ], [ -90.2123, 29.9779 ], [ -90.2149, 29.985 ], [ -90.1887, 29.9833 ] ] ] } },
{ "type": "Feature", "properties": { "GEOIDFQ": "1400000US22051030300", "NAME": "303", "NAMELSAD": "Census Tract 303" }, "geometry": { "type": "Polygon", "coordinates": [ [ [ -90.1594, 30.0033 ], [ -90.16, 30.0224 ], [ -90.1387, 30.0237 ], [ -90.1432, 30.0159 ], [ -90.1543, 30.0195 ], [ -90.1497, 29.9971 ], [ -90.1645, 29.9977 ], [ -90.1594, 30.0033 ] ] ] } },
{ "type": "Feature", "properties": { "GEOIDFQ": "1400000US22051024801", "NAME": "248.01", "NAMELSAD": "Census Tract 248.01" }, "geometry": { "type": "Polygon", "coordinates": [ [ [ -90.1297, 29.9866 ], [ -90.1247, 29.9793 ], [ -90.1258, 29.9722 ], [ -90.1521, 29.9745 ], [ -90.1297, 29.9866 ] ] ] } },
{ "type": "Feature", "properties": { "GEOIDFQ": "1400000US22051020204", "NAME": "202.04", "NAMELSAD": "Census Tract 202.04" }, "geometry": { "type": "Polygon", "coordinates": [ [ [ -90.16, 30.0224 ], [ -90.1601, 30.0146 ], [ -90.1796, 30.0158 ], [ -90.1806, 30.0226 ], [ -90.16, 30.0224 ] ] ] } },
{ "type": "Feature", "properties": { "GEOIDFQ": "1400000US22051020305", "NAME": "203.05", "NAMELSAD": "Census Tract 203.05" }, "geometry": { "type": "Polygon", "coordinates": [ [ [ -90.1806, 30.024 ], [ -90.1796, 30.0158 ], [ -90.1987, 30.0171 ], [ -90.203, 30.0274 ], [ -90.1806, 30.024 ] ] ] } },
{ "type": "Feature", "properties": { "GEOIDFQ": "1400000US22051028700", "NAME": "287", "NAMELSAD": "Census Tract 287" }, "geometry": { "type": "Polygon", "coordinates": [ [ [ -90.1207, 30.0252 ], [ -90.123, 30.0001 ], [ -90.1258, 30.0182 ], [ -90.1371, 30.0199 ], [ -90.1207, 30.0252 ] ] ] } },
{ "type": "Feature", "properties": { "GEOIDFQ": "1400000US22051029800", "NAME": "298", "NAMELSAD": "Census Tract 298" }, "geometry": { "type": "Polygon", "coordinates": [ [ [ -90.178, 30.0045 ], [ -90.177, 29.9985 ], [ -90.198, 30.0 ], [ -90.2082, 30.0053 ], [ -90.178, 30.0045 ] ] ] } },
{ "type": "Feature", "properties": { "GEOIDFQ": "1400000US22051029900", "NAME": "299", "NAMELSAD": "Census Tract 299" }, "geometry": { "type": "Polygon", "coordinates": [ [ [ -90.177, 29.9985 ], [ -90.1763, 29.9936 ], [ -90.1929, 29.9946 ], [ -90.177, 29.9985 ] ] ] } },
{ "type": "Feature", "properties": { "GEOIDFQ": "1400000US22051030200", "NAME": "302", "NAMELSAD": "Census Tract 302" }, "geometry": { "type": "Polygon", "coordinates": [ [ [ -90.1987, 30.0171 ], [ -90.195, 30.0056 ], [ -90.2112, 30.0067 ], [ -90.2136, 30.0181 ], [ -90.1987, 30.0171 ] ] ] } },
{ "type": "Feature", "properties": { "GEOIDFQ": "1400000US22035000200", "NAME": "2", "NAMELSAD": "Census Tract 2" }, "geometry": { "type": "Polygon", "coordinates": [ [ [ -91.441, 32.5431 ], [ -91.4423, 32.5523 ], [ -91.431, 32.56 ], [ -91.4445, 32.5847 ], [ -91.4266, 32.5999 ], [ -91.3951, 32.6118 ], [ -91.4059, 32.6223 ], [ -91.403, 32.6404 ], [ -91.3941, 32.6454 ], [ -91.4035, 32.6814 ], [ -91.3973, 32.6831 ], [ -91.3971, 32.6936 ], [ -91.3757, 32.6886 ], [ -91.3738, 32.7189 ], [ -91.3435, 32.7491 ], [ -91.3409, 32.817 ], [ -91.2609, 32.8165 ], [ -91.2618, 32.795 ], [ -91.2336, 32.7832 ], [ -91.2151, 32.7875 ], [ -91.1778, 32.7814 ], [ -91.1686, 32.8035 ], [ -91.161, 32.8052 ], [ -91.1644, 32.7858 ], [ -91.1555, 32.7799 ], [ -91.165, 32.762 ], [ -91.1634, 32.747 ], [ -91.1518, 32.7419 ], [ -91.1238, 32.743 ], [ -91.057, 32.7256 ], [ -91.0639, 32.7029 ], [ -91.1183, 32.6741 ], [ -91.1527, 32.6408 ], [ -91.1493, 32.6105 ], [ -91.1279, 32.5865 ], [ -91.0498, 32.6072 ], [ -91.0384, 32.6364 ], [ -91.0258, 32.6466 ], [ -91.0034, 32.6244 ], [ -91.0082, 32.6042 ], [ -91.0362, 32.5796 ], [ -91.0702, 32.5626 ], [ -91.1076, 32.5623 ], [ -91.1079, 32.5552 ], [ -91.1331, 32.5379 ], [ -91.4576, 32.5379 ], [ -91.441, 32.5431 ] ] ] } },
{ "type": "Feature", "properties": { "GEOIDFQ": "1400000US22035000300", "NAME": "3", "NAMELSAD": "Census Tract 3" }, "geometry": { "type": "Polygon", "coordinates": [ [ [ -91.2216, 32.8016 ], [ -91.2031, 32.8116 ], [ -91.1896, 32.8027 ], [ -91.1693, 32.7998 ], [ -91.1778, 32.7814 ], [ -91.1785, 32.7853 ], [ -91.2273, 32.7876 ], [ -91.2216, 32.8016 ] ] ] } },
{ "type": "Feature", "properties": { "GEOIDFQ": "1400000US22035000100", "NAME": "1", "NAMELSAD": "Census Tract 1" }, "geometry": { "type": "Polygon", "coordinates": [ [ [ -91.3396, 32.8621 ], [ -91.3345, 32.8609 ], [ -91.3284, 32.8726 ], [ -91.3204, 32.8639 ], [ -91.3078, 32.8799 ], [ -91.3125, 32.9128 ], [ -91.302, 32.9267 ], [ -91.3093, 32.9356 ], [ -91.299, 32.9486 ], [ -91.294, 32.946 ], [ -91.2916, 32.9522 ], [ -91.2812, 32.9505 ], [ -91.2757, 32.9558 ], [ -91.2783, 32.9728 ], [ -91.2677, 32.9751 ], [ -91.2739, 32.9878 ], [ -91.2622, 32.9924 ], [ -91.265, 33.0051 ], [ -91.1661, 33.0043 ], [ -91.1733, 32.9861 ], [ -91.2018, 32.9612 ], [ -91.1983, 32.9502 ], [ -91.214, 32.9303 ], [ -91.207, 32.9141 ], [ -91.1754, 32.9 ], [ -91.1517, 32.9019 ], [ -91.134, 32.9177 ], [ -91.1351, 32.9801 ], [ -91.1066, 32.9889 ], [ -91.0891, 32.9791 ], [ -91.0804, 32.9628 ], [ -91.0826, 32.9462 ], [ -91.064, 32.9241 ], [ -91.0682, 32.8919 ], [ -91.1056, 32.8584 ], [ -91.1279, 32.8551 ], [ -91.1436, 32.8447 ], [ -91.1589, 32.8212 ], [ -91.161, 32.8052 ], [ -91.1693, 32.7998 ], [ -91.1896, 32.8027 ], [ -91.2031, 32.8116 ], [ -91.2199, 32.8032 ], [ -91.2214, 32.7913 ], [ -91.2336, 32.7832 ], [ -91.2618, 32.795 ], [ -91.2609, 32.8165 ], [ -91.3409, 32.817 ], [ -91.3477, 32.8246 ], [ -91.3396, 32.8621 ] ] ] } },
{ "type": "Feature", "properties": { "GEOIDFQ": "1400000US22003950502", "NAME": "9505.02", "NAMELSAD": "Census Tract 9505.02" }, "geometry": { "type": "Polygon", "coordinates": [ [ [ -92.8482, 30.4875 ], [ -92.8215, 30.4819 ], [ -92.8207, 30.4973 ], [ -92.8372, 30.5045 ], [ -92.7786, 30.5955 ], [ -92.777, 30.5854 ], [ -92.7535, 30.5863 ], [ -92.7198, 30.5572 ], [ -92.696, 30.567 ], [ -92.6906, 30.5977 ], [ -92.6725, 30.6111 ], [ -92.6711, 30.4884 ], [ -92.774, 30.4882 ], [ -92.7756, 30.4377 ], [ -92.8768, 30.4379 ], [ -92.8482, 30.4875 ] ] ] } },
{ "type": "Feature", "properties": { "GEOIDFQ": "1400000US22003950501", "NAME": "9505.01", "NAMELSAD": "Census Tract 9505.01" }, "geometry": { "type": "Polygon", "coordinates": [ [ [ -92.9912, 30.447 ], [ -92.984, 30.4708 ], [ -92.9648, 30.4697 ], [ -92.949, 30.4817 ], [ -92.938, 30.4766 ], [ -92.9284, 30.49 ], [ -92.9133, 30.4946 ], [ -92.9125, 30.529 ], [ -92.9256, 30.5489 ], [ -92.9186, 30.5548 ], [ -92.9458, 30.6015 ], [ -92.936, 30.6167 ], [ -92.9298, 30.6112 ], [ -92.885, 30.6122 ], [ -92.8683, 30.6216 ], [ -92.8493, 30.5977 ], [ -92.8651, 30.5741 ], [ -92.8626, 30.5647 ], [ -92.7968, 30.5672 ], [ -92.8372, 30.5045 ], [ -92.8207, 30.4973 ], [ -92.8215, 30.4819 ], [ -92.8482, 30.4875 ], [ -92.8768, 30.4379 ], [ -93.0144, 30.4388 ], [ -92.9912, 30.447 ] ] ] } },
{ "type": "Feature", "properties": { "GEOIDFQ": "1400000US22003950201", "NAME": "9502.01", "NAMELSAD": "Census Tract 9502.01" }, "geometry": { "type": "Polygon", "coordinates": [ [ [ -92.674, 30.8357 ], [ -92.6775, 30.8491 ], [ -92.6688, 30.8536 ], [ -92.6748, 30.8797 ], [ -92.6646, 30.8969 ], [ -92.5977, 30.8989 ], [ -92.5988, 30.8018 ], [ -92.6329, 30.8078 ], [ -92.6179, 30.8324 ], [ -92.6511, 30.8321 ], [ -92.6445, 30.8174 ], [ -92.6581, 30.8173 ], [ -92.6588, 30.8099 ], [ -92.6668, 30.8103 ], [ -92.656, 30.8321 ], [ -92.6863, 30.8211 ], [ -92.674, 30.8357 ] ] ] } },
{ "type": "Feature", "properties": { "GEOIDFQ": "1400000US22003950202", "NAME": "9502.02", "NAMELSAD": "Census Tract 9502.02" }, "geometry": { "type": "Polygon", "coordinates": [ [ [ -92.6511, 30.8321 ], [ -92.6179, 30.8324 ], [ -92.6329, 30.8078 ], [ -92.6446, 30.8077 ], [ -92.6454, 30.8249 ], [ -92.6511, 30.8321 ] ] ] } },
{ "type": "Feature", "properties": { "GEOIDFQ": "1400000US22075050100", "NAME": "501", "NAMELSAD": "Census Tract 501" }, "geometry": { "type": "MultiPolygon", "coordinates": [ [ [ [ -89.0887, 29.5453 ], [ -89.0396, 29.584 ], [ -89.0301, 29.6337 ], [ -89.0, 29.6479 ], [ -88.9472, 29.6477 ], [ -88.9728, 29.6148 ], [ -89.0206, 29.6165 ], [ -89.0129, 29.5932 ], [ -89.0672, 29.5211 ], [ -89.0801, 29.5116 ], [ -89.125, 29.5002 ], [ -89.0887, 29.5453 ] ] ], [ [ [ -89.1952, 29.5002 ], [ -89.125, 29.5002 ], [ -89.1968, 29.4603 ], [ -89.2133, 29.4576 ], [ -89.2163, 29.4671 ], [ -89.1952, 29.5002 ] ] ], [ [ [ -89.9977, 29.8267 ], [ -89.9782, 29.8537 ], [ -89.9717, 29.8782 ], [ -89.9612, 29.881 ], [ -89.9107, 29.8679 ], [ -89.8959, 29.8332 ], [ -89.8678, 29.794 ], [ -89.812, 29.7999 ], [ -89.7862, 29.7733 ], [ -89.7908, 29.7608 ], [ -89.7058, 29.7531 ], [ -89.6839, 29.716 ], [ -89.6603, 29.7087 ], [ -89.6257, 29.6789 ], [ -89.5996, 29.6748 ], [ -89.5449, 29.6522 ], [ -89.5209, 29.6502 ], [ -89.4906, 29.6283 ], [ -89.4846, 29.6176 ], [ -89.5001, 29.6166 ], [ -89.5001, 29.5002 ], [ -89.5273, 29.5001 ], [ -89.5339, 29.4926 ], [ -89.5224, 29.4575 ], [ -89.5172, 29.4608 ], [ -89.5131, 29.4556 ], [ -89.5138, 29.4078 ], [ -89.4853, 29.4054 ], [ -89.477, 29.426 ], [ -89.4563, 29.398 ], [ -89.4206, 29.3926 ], [ -89.3868, 29.3958 ], [ -89.3083, 29.3801 ], [ -89.3056, 29.4048 ], [ -89.2909, 29.408 ], [ -89.2895, 29.3709 ], [ -89.2636, 29.3535 ], [ -89.2372, 29.3193 ], [ -89.2125, 29.3431 ], [ -89.2119, 29.3602 ], [ -89.2017, 29.3752 ], [ -89.1991, 29.3632 ], [ -89.1692, 29.3459 ], [ -89.1584, 29.3165 ], [ -89.1304, 29.2967 ], [ -89.1166, 29.2688 ], [ -89.0901, 29.2528 ], [ -89.0875, 29.2172 ], [ -89.0254, 29.2321 ], [ -89.0085, 29.2189 ], [ -88.9908, 29.1824 ], [ -89.0083, 29.1435 ], [ -89.0661, 29.0455 ], [ -89.1277, 28.9856 ], [ -89.1374, 28.9624 ], [ -89.1521, 28.961 ], [ -89.1629, 28.9894 ], [ -89.1878, 29.0062 ], [ -89.2325, 29.0145 ], [ -89.2639, 29.0333 ], [ -89.2791, 29.0333 ], [ -89.3016, 29.0231 ], [ -89.3895, 28.9219 ], [ -89.4178, 28.9186 ], [ -89.2811, 29.0882 ], [ -89.2664, 29.1149 ], [ -89.257, 29.1568 ], [ -89.2979, 29.2319 ], [ -89.4105, 29.3468 ], [ -89.4501, 29.3631 ], [ -89.4739, 29.3451 ], [ -89.4856, 29.344 ], [ -89.565, 29.374 ], [ -89.6024, 29.4043 ], [ -89.6021, 29.4417 ], [ -89.61, 29.4524 ], [ -89.6728, 29.4683 ], [ -89.7192, 29.5174 ], [ -89.7552, 29.5368 ], [ -89.8033, 29.5779 ], [ -89.8397, 29.5999 ], [ -89.8909, 29.6143 ], [ -89.949, 29.6434 ], [ -89.9644, 29.6811 ], [ -89.9945, 29.73 ], [ -90.0222, 29.7537 ], [ -90.0236, 29.7667 ], [ -89.9977, 29.8267 ] ] ] ] } },
{ "type": "Feature", "properties": { "GEOIDFQ": "1400000US22079013800", "NAME": "138", "NAMELSAD": "Census Tract 138" }, "geometry": { "type": "Polygon", "coordinates": [ [ [ -92.5361, 31.344 ], [ -92.5299, 31.3414 ], [ -92.5291, 31.3304 ], [ -92.5159, 31.3295 ], [ -92.5078, 31.3138 ], [ -92.5021, 31.3229 ], [ -92.5113, 31.3301 ], [ -92.5006, 31.3331 ], [ -92.4782, 31.3106 ], [ -92.4797, 31.3001 ], [ -92.5302, 31.2958 ], [ -92.5269, 31.3227 ], [ -92.54, 31.3363 ], [ -92.5361, 31.344 ] ] ] } },
{ "type": "Feature", "properties": { "GEOIDFQ": "1400000US22079012302", "NAME": "123.02", "NAMELSAD": "Census Tract 123.02" }, "geometry": { "type": "Polygon", "coordinates": [ [ [ -92.4931, 31.2857 ], [ -92.4942, 31.2956 ], [ -92.4797, 31.3001 ], [ -92.4748, 31.2863 ], [ -92.4823, 31.2751 ], [ -92.4997, 31.2818 ], [ -92.4931, 31.2857 ] ] ] } },
{ "type": "Feature", "properties": { "GEOIDFQ": "1400000US22115950701", "NAME": "9507.01", "NAMELSAD": "Census Tract 9507.01" }, "geometry": { "type": "Polygon", "coordinates": [ [ [ -93.219, 31.0658 ], [ -93.2068, 31.0642 ], [ -93.1927, 31.0931 ], [ -93.1944, 31.1456 ], [ -93.0325, 31.1451 ], [ -93.0202, 31.1596 ], [ -92.9721, 31.1591 ], [ -92.8676, 31.0674 ], [ -92.9046, 31.0132 ], [ -92.9396, 31.017 ], [ -92.9961, 31.0488 ], [ -93.0144, 31.0348 ], [ -93.0359, 31.0413 ], [ -93.0464, 31.0317 ], [ -93.0459, 31.0225 ], [ -93.0699, 31.0204 ], [ -93.0868, 31.0075 ], [ -93.1004, 31.0143 ], [ -93.1724, 31.015 ], [ -93.1731, 31.0088 ], [ -93.1864, 31.0032 ], [ -93.2185, 31.0182 ], [ -93.219, 31.0658 ] ] ] } },
{ "type": "Feature", "properties": { "GEOIDFQ": "1400000US22113950500", "NAME": "9505", "NAMELSAD": "Census Tract 9505" }, "geometry": { "type": "Polygon", "coordinates": [ [ [ -92.2797, 29.8888 ], [ -92.2837, 29.9734 ], [ -92.2751, 29.9733 ], [ -92.2752, 29.9842 ], [ -92.2586, 29.9844 ], [ -92.2586, 29.9915 ], [ -92.2515, 29.9915 ], [ -92.2536, 30.0206 ], [ -92.2757, 30.0207 ], [ -92.2758, 30.035 ], [ -92.2247, 30.0353 ], [ -92.2082, 30.039 ], [ -92.2078, 30.0499 ], [ -92.1833, 30.0529 ], [ -92.1631, 30.0432 ], [ -92.1435, 30.021 ], [ -92.1538, 30.0071 ], [ -92.1496, 29.9982 ], [ -92.1559, 29.9807 ], [ -92.1693, 29.9801 ], [ -92.1701, 29.9735 ], [ -92.1606, 29.9664 ], [ -92.1628, 29.9544 ], [ -92.1528, 29.9496 ], [ -92.1436, 29.919 ], [ -92.1298, 29.9151 ], [ -92.129, 29.9091 ], [ -92.1155, 29.9106 ], [ -92.1146, 29.8917 ], [ -92.1336, 29.8804 ], [ -92.1232, 29.8537 ], [ -92.1285, 29.8451 ], [ -92.1413, 29.8393 ], [ -92.1532, 29.8425 ], [ -92.1761, 29.8702 ], [ -92.1747, 29.8762 ], [ -92.1955, 29.8822 ], [ -92.2162, 29.8823 ], [ -92.2188, 29.8749 ], [ -92.2584, 29.864 ], [ -92.2667, 29.864 ], [ -92.271, 29.8732 ], [ -92.2919, 29.8531 ], [ -92.3072, 29.8534 ], [ -92.2797, 29.8888 ] ] ] } },
{ "type": "Feature", "properties": { "GEOIDFQ": "1400000US22113951100", "NAME": "9511", "NAMELSAD": "Census Tract 9511" }, "geometry": { "type": "Polygon", "coordinates": [ [ [ -92.6146, 29.9192 ], [ -92.3903, 29.8831 ], [ -92.3615, 29.8498 ], [ -92.3335, 29.8423 ], [ -92.3294, 29.853 ], [ -92.2919, 29.8531 ], [ -92.271, 29.8732 ], [ -92.2667, 29.864 ], [ -92.2584, 29.864 ], [ -92.2188, 29.8749 ], [ -92.2162, 29.8823 ], [ -92.1885, 29.8811 ], [ -92.1747, 29.8762 ], [ -92.1761, 29.8702 ], [ -92.1532, 29.8425 ], [ -92.1276, 29.8408 ], [ -92.1341, 29.8302 ], [ -92.1255, 29.8215 ], [ -92.1329, 29.8197 ], [ -92.1381, 29.788 ], [ -92.1448, 29.7874 ], [ -92.141, 29.7838 ], [ -91.9727, 29.837 ], [ -92.0001, 29.6134 ], [ -92.0098, 29.5984 ], [ -92.0254, 29.5854 ], [ -92.0386, 29.585 ], [ -92.0429, 29.577 ], [ -92.1483, 29.5791 ], [ -92.2172, 29.5556 ], [ -92.2519, 29.5359 ], [ -92.3084, 29.5285 ], [ -92.3976, 29.5461 ], [ -92.5961, 29.5703 ], [ -92.6161, 29.5773 ], [ -92.6146, 29.9192 ] ] ] } },
{ "type": "Feature", "properties": { "GEOIDFQ": "1400000US22113950600", "NAME": "9506", "NAMELSAD": "Census Tract 9506" }, "geometry": { "type": "Polygon", "coordinates": [ [ [ -92.1693, 29.9801 ], [ -92.1559, 29.9807 ], [ -92.1432, 30.0308 ], [ -92.1333, 30.0345 ], [ -92.1238, 30.0257 ], [ -92.1242, 30.043 ], [ -92.0706, 30.0356 ], [ -92.0794, 30.0112 ], [ -92.1259, 29.9968 ], [ -92.1424, 29.9709 ], [ -92.1603, 29.9658 ], [ -92.1693, 29.9801 ] ] ] } },
{ "type": "Feature", "properties": { "GEOIDFQ": "1400000US22019001201", "NAME": "12.01", "NAMELSAD": "Census Tract 12.01" }, "geometry": { "type": "Polygon", "coordinates": [ [ [ -93.1892, 30.1975 ], [ -93.1884, 30.1762 ], [ -93.2054, 30.1762 ], [ -93.2056, 30.1968 ], [ -93.1892, 30.1975 ] ] ] } },
{ "type": "Feature", "properties": { "GEOIDFQ": "1400000US22019001202", "NAME": "12.02", "NAMELSAD": "Census Tract 12.02" }, "geometry": { "type": "Polygon", "coordinates": [ [ [ -93.1801, 30.1976 ], [ -93.1799, 30.1762 ], [ -93.1884, 30.1762 ], [ -93.1893, 30.1955 ], [ -93.1801, 30.1976 ] ] ] } },
{ "type": "Feature", "properties": { "GEOIDFQ": "1400000US22019001500", "NAME": "15", "NAMELSAD": "Census Tract 15" }, "geometry": { "type": "Polygon", "coordinates": [ [ [ -93.1805, 30.2467 ], [ -93.1684, 30.2465 ], [ -93.1746, 30.2276 ], [ -93.1951, 30.2286 ], [ -93.1805, 30.2467 ] ] ] } },
{ "type": "Feature", "properties": { "GEOIDFQ": "1400000US22019001700", "NAME": "17", "NAMELSAD": "Census Tract 17" }, "geometry": { "type": "Polygon", "coordinates": [ [ [ -93.2054, 30.1624 ], [ -93.2054, 30.1762 ], [ -93.1799, 30.1762 ], [ -93.1801, 30.1976 ], [ -93.1721, 30.1993 ], [ -93.1706, 30.207 ], [ -93.1289, 30.1906 ], [ -93.1285, 30.0527 ], [ -93.213, 30.0519 ], [ -93.2139, 30.1624 ], [ -93.2054, 30.1624 ] ] ] } },
{ "type": "Feature", "properties": { "GEOIDFQ": "1400000US22033003507", "NAME": "35.07", "NAMELSAD": "Census Tract 35.07" }, "geometry": { "type": "Polygon", "coordinates": [ [ [ -91.0402, 30.5058 ], [ -91.0323, 30.4963 ], [ -91.0381, 30.4939 ], [ -91.0328, 30.4745 ], [ -91.0581, 30.4726 ], [ -91.0607, 30.4938 ], [ -91.0402, 30.5058 ] ] ] } },
{ "type": "Feature", "properties": { "GEOIDFQ": "1400000US22033003603", "NAME": "36.03", "NAMELSAD": "Census Tract 36.03" }, "geometry": { "type": "Polygon", "coordinates": [ [ [ -91.0581, 30.4726 ], [ -91.0581, 30.4589 ], [ -91.0721, 30.4567 ], [ -91.0722, 30.4673 ], [ -91.0581, 30.4726 ] ] ] } },
{ "type": "Feature", "properties": { "GEOIDFQ": "1400000US22033001700", "NAME": "17", "NAMELSAD": "Census Tract 17" }, "geometry": { "type": "Polygon", "coordinates": [ [ [ -91.1548, 30.4535 ], [ -91.1392, 30.4539 ], [ -91.1419, 30.4359 ], [ -91.1339, 30.4352 ], [ -91.1353, 30.4309 ], [ -91.1525, 30.4323 ], [ -91.1548, 30.4535 ] ] ] } },
{ "type": "Feature", "properties": { "GEOIDFQ": "1400000US22033003501", "NAME": "35.01", "NAMELSAD": "Census Tract 35.01" }, "geometry": { "type": "Polygon", "coordinates": [ [ [ -91.0937, 30.5309 ], [ -91.0959, 30.5256 ], [ -91.0759, 30.516 ], [ -91.0707, 30.5012 ], [ -91.0402, 30.5058 ], [ -91.0897, 30.4836 ], [ -91.0853, 30.5044 ], [ -91.1209, 30.5183 ], [ -91.1272, 30.5265 ], [ -91.0937, 30.5309 ] ] ] } },
{ "type": "Feature", "properties": { "GEOIDFQ": "1400000US22033004603", "NAME": "46.03", "NAMELSAD": "Census Tract 46.03" }, "geometry": { "type": "Polygon", "coordinates": [ [ [ -91.2935, 30.6284 ], [ -91.2977, 30.6495 ], [ -91.2894, 30.678 ], [ -91.2706, 30.6808 ], [ -91.2678, 30.6947 ], [ -91.2547, 30.7049 ], [ -91.2139, 30.7065 ], [ -91.1902, 30.6709 ], [ -91.2026, 30.5944 ], [ -91.213, 30.5804 ], [ -91.2046, 30.5641 ], [ -91.2444, 30.5559 ], [ -91.265, 30.5722 ], [ -91.3105, 30.5747 ], [ -91.3166, 30.5877 ], [ -91.2935, 30.6284 ] ] ] } },
{ "type": "Feature", "properties": { "GEOIDFQ": "1400000US22033004700", "NAME": "47", "NAMELSAD": "Census Tract 47" }, "geometry": { "type": "Polygon", "coordinates": [ [ [ -91.079, 30.7112 ], [ -90.8488, 30.7195 ], [ -90.8451, 30.7125 ], [ -90.8533, 30.6953 ], [ -90.8706, 30.6938 ], [ -90.8776, 30.6796 ], [ -90.8962, 30.6687 ], [ -90.8949, 30.6641 ], [ -90.9013, 30.6649 ], [ -90.9015, 30.6553 ], [ -90.9084, 30.657 ], [ -90.9173, 30.639 ], [ -90.9271, 30.6375 ], [ -90.9406, 30.6205 ], [ -90.9333, 30.6205 ], [ -90.9343, 30.6129 ], [ -90.9477, 30.6098 ], [ -90.9491, 30.6041 ], [ -90.96, 30.6055 ], [ -90.9566, 30.5998 ], [ -90.9624, 30.6006 ], [ -90.9638, 30.5939 ], [ -90.9716, 30.5973 ], [ -90.9819, 30.588 ], [ -90.9965, 30.605 ], [ -91.0331, 30.616 ], [ -91.0739, 30.6414 ], [ -91.1052, 30.6492 ], [ -91.079, 30.7112 ] ] ] } },
{ "type": "Feature", "properties": { "GEOIDFQ": "1400000US22033002601", "NAME": "26.01", "NAMELSAD": "Census Tract 26.01" }, "geometry": { "type": "Polygon", "coordinates": [ [ [ -91.1427, 30.4174 ], [ -91.1527, 30.4017 ], [ -91.1648, 30.407 ], [ -91.1577, 30.4145 ], [ -91.1688, 30.4219 ], [ -91.1697, 30.4317 ], [ -91.1427, 30.4174 ] ] ] } },
{ "type": "Feature", "properties": { "GEOIDFQ": "1400000US22033003202", "NAME": "32.02", "NAMELSAD": "Census Tract 32.02" }, "geometry": { "type": "Polygon", "coordinates": [ [ [ -91.1259, 30.5839 ], [ -91.1151, 30.617 ], [ -91.1085, 30.5934 ], [ -91.0955, 30.5821 ], [ -91.1014, 30.5439 ], [ -91.0921, 30.5324 ], [ -91.1081, 30.5293 ], [ -91.1158, 30.5531 ], [ -91.1211, 30.5593 ], [ -91.1334, 30.5588 ], [ -91.1259, 30.5839 ] ] ] } },
{ "type": "Feature", "properties": { "GEOIDFQ": "1400000US22033004203", "NAME": "42.03", "NAMELSAD": "Census Tract 42.03" }, "geometry": { "type": "Polygon", "coordinates": [ [ [ -91.2027, 30.5942 ], [ -91.202, 30.6129 ], [ -91.1637, 30.6122 ], [ -91.1771, 30.5434 ], [ -91.191, 30.5405 ], [ -91.213, 30.5804 ], [ -91.2027, 30.5942 ] ] ] } },
{ "type": "Feature", "properties": { "GEOIDFQ": "1400000US22033004503", "NAME": "45.03", "NAMELSAD": "Census Tract 45.03" }, "geometry": { "type": "Polygon", "coordinates": [ [ [ -91.0328, 30.4745 ], [ -90.9748, 30.4818 ], [ -90.9765, 30.4673 ], [ -90.9961, 30.4668 ], [ -91.0343, 30.4454 ], [ -91.0328, 30.4745 ] ] ] } },
{ "type": "Feature", "properties": { "GEOIDFQ": "1400000US22033004301", "NAME": "43.01", "NAMELSAD": "Census Tract 43.01" }, "geometry": { "type": "Polygon", "coordinates": [ [ [ -91.1052, 30.649 ], [ -91.0739, 30.6414 ], [ -91.0501, 30.6275 ], [ -91.048, 30.5686 ], [ -91.0369, 30.5543 ], [ -91.0937, 30.5309 ], [ -91.1014, 30.544 ], [ -91.0955, 30.5821 ], [ -91.1085, 30.5934 ], [ -91.1152, 30.6171 ], [ -91.1052, 30.649 ] ] ] } },
{ "type": "Feature", "properties": { "GEOIDFQ": "1400000US22033004302", "NAME": "43.02", "NAMELSAD": "Census Tract 43.02" }, "geometry": { "type": "Polygon", "coordinates": [ [ [ -91.047, 30.6267 ], [ -91.0331, 30.616 ], [ -90.9965, 30.605 ], [ -90.9794, 30.5876 ], [ -90.9879, 30.5726 ], [ -91.0369, 30.5543 ], [ -91.048, 30.5686 ], [ -91.0523, 30.622 ], [ -91.047, 30.6267 ] ] ] } },
{ "type": "Feature", "properties": { "GEOIDFQ": "1400000US22073010605", "NAME": "106.05", "NAMELSAD": "Census Tract 106.05" }, "geometry": { "type": "Polygon", "coordinates": [ [ [ -92.0825, 32.455 ], [ -92.0831, 32.4826 ], [ -92.047, 32.4479 ], [ -92.0346, 32.4083 ], [ -92.0436, 32.4083 ], [ -92.0429, 32.4193 ], [ -92.0523, 32.4209 ], [ -92.0714, 32.4122 ], [ -92.0953, 32.4227 ], [ -92.0825, 32.455 ] ] ] } },
{ "type": "Feature", "properties": { "GEOIDFQ": "1400000US22033004403", "NAME": "44.03", "NAMELSAD": "Census Tract 44.03" }, "geometry": { "type": "Polygon", "coordinates": [ [ [ -91.0225, 30.5167 ], [ -90.9985, 30.5184 ], [ -90.9809, 30.5356 ], [ -90.9844, 30.5306 ], [ -90.9775, 30.5251 ], [ -90.9824, 30.5224 ], [ -90.9679, 30.5044 ], [ -90.9759, 30.499 ], [ -90.97, 30.4964 ], [ -90.9748, 30.4818 ], [ -91.0328, 30.4745 ], [ -91.0381, 30.4939 ], [ -91.0323, 30.4963 ], [ -91.0402, 30.5058 ], [ -91.0225, 30.5167 ] ] ] } },
{ "type": "Feature", "properties": { "GEOIDFQ": "1400000US22033004507", "NAME": "45.07", "NAMELSAD": "Census Tract 45.07" }, "geometry": { "type": "Polygon", "coordinates": [ [ [ -91.0147, 30.4145 ], [ -90.9978, 30.4172 ], [ -91.0022, 30.3932 ], [ -91.0181, 30.394 ], [ -91.0147, 30.4145 ] ] ] } },
{ "type": "Feature", "properties": { "GEOIDFQ": "1400000US22033003000", "NAME": "30", "NAMELSAD": "Census Tract 30" }, "geometry": { "type": "Polygon", "coordinates": [ [ [ -91.2461, 30.5359 ], [ -91.2444, 30.5559 ], [ -91.2046, 30.5641 ], [ -91.1777, 30.5084 ], [ -91.1709, 30.5066 ], [ -91.1684, 30.4731 ], [ -91.1965, 30.4694 ], [ -91.1985, 30.5131 ], [ -91.2093, 30.523 ], [ -91.2627, 30.5052 ], [ -91.2795, 30.5053 ], [ -91.2847, 30.5116 ], [ -91.2461, 30.5359 ] ] ] } },
{ "type": "Feature", "properties": { "GEOIDFQ": "1400000US22115950702", "NAME": "9507.02", "NAMELSAD": "Census Tract 9507.02" }, "geometry": { "type": "Polygon", "coordinates": [ [ [ -93.2213, 31.0513 ], [ -93.2183, 31.0365 ], [ -93.2353, 31.0364 ], [ -93.2354, 31.0534 ], [ -93.2213, 31.0513 ] ] ] } },
{ "type": "Feature", "properties": { "GEOIDFQ": "1400000US22075990000", "NAME": "9900", "NAMELSAD": "Census Tract 9900" }, "geometry": { "type": "Polygon", "coordinates": [ [ [ -89.7896, 29.2972 ], [ -89.6827, 29.2798 ], [ -89.4816, 29.1907 ], [ -89.4194, 29.1252 ], [ -89.4187, 28.9349 ], [ -89.4268, 28.9255 ], [ -89.4178, 28.9186 ], [ -89.3895, 28.9219 ], [ -89.3016, 29.0231 ], [ -89.2791, 29.0333 ], [ -89.2639, 29.0333 ], [ -89.2325, 29.0145 ], [ -89.1878, 29.0062 ], [ -89.1629, 28.9894 ], [ -89.1521, 28.961 ], [ -89.1374, 28.9624 ], [ -89.1277, 28.9856 ], [ -89.0489, 29.0702 ], [ -88.9908, 29.1824 ], [ -89.0003, 29.207 ], [ -89.0254, 29.2321 ], [ -89.0875, 29.2172 ], [ -89.0901, 29.2528 ], [ -89.1166, 29.2688 ], [ -89.1304, 29.2967 ], [ -89.1584, 29.3165 ], [ -89.1692, 29.3459 ], [ -89.1991, 29.3632 ], [ -89.2017, 29.3752 ], [ -89.2119, 29.3602 ], [ -89.2125, 29.3431 ], [ -89.2372, 29.3193 ], [ -89.2636, 29.3535 ], [ -89.2895, 29.3709 ], [ -89.2909, 29.408 ], [ -89.3056, 29.4048 ], [ -89.3083, 29.3801 ], [ -89.3868, 29.3958 ], [ -89.4206, 29.3926 ], [ -89.4563, 29.398 ], [ -89.477, 29.426 ], [ -89.4853, 29.4054 ], [ -89.5138, 29.4078 ], [ -89.5131, 29.4556 ], [ -89.5172, 29.4608 ], [ -89.5224, 29.4575 ], [ -89.5339, 29.4926 ], [ -89.5273, 29.5001 ], [ -89.5001, 29.5002 ], [ -89.5001, 29.6166 ], [ -89.0, 29.6477 ], [ -89.0301, 29.6337 ], [ -89.0396, 29.584 ], [ -89.0887, 29.5453 ], [ -89.125, 29.5002 ], [ -89.0801, 29.5116 ], [ -89.0672, 29.5211 ], [ -89.0129, 29.5932 ], [ -89.0206, 29.6165 ], [ -88.9728, 29.6148 ], [ -88.9472, 29.6477 ], [ -88.8792, 29.6474 ], [ -88.9247, 29.6013 ], [ -88.9602, 29.5771 ], [ -89.0529, 29.48 ], [ -89.1195, 29.4581 ], [ -89.1421, 29.4295 ], [ -89.1376, 29.3814 ], [ -89.1216, 29.3665 ], [ -89.1122, 29.3397 ], [ -89.0945, 29.3289 ], [ -89.0772, 29.3011 ], [ -89.0226, 29.2745 ], [ -88.9421, 29.2537 ], [ -88.9183, 29.2363 ], [ -88.9088, 29.2102 ], [ -88.9217, 29.125 ], [ -88.9458, 29.104 ], [ -88.9854, 29.0942 ], [ -88.9969, 29.0853 ], [ -89.0127, 29.0277 ], [ -89.0456, 29.0069 ], [ -89.0888, 28.9611 ], [ -89.0961, 28.9425 ], [ -89.1247, 28.9225 ], [ -89.151, 28.9191 ], [ -89.1853, 28.9305 ], [ -89.2048, 28.9529 ], [ -89.2096, 28.9702 ], [ -89.2349, 28.9872 ], [ -89.2796, 28.9778 ], [ -89.401, 28.8606 ], [ -89.4257, 28.8551 ], [ -89.4565, 28.8606 ], [ -89.4835, 28.881 ], [ -89.4921, 28.9015 ], [ -89.4902, 28.9244 ], [ -89.4694, 28.9562 ], [ -89.4657, 28.9744 ], [ -89.4634, 29.0828 ], [ -89.4687, 29.1075 ], [ -89.5023, 29.1584 ], [ -89.5536, 29.186 ], [ -89.6104, 29.1986 ], [ -89.8997, 29.155 ], [ -89.9021, 29.2904 ], [ -89.7896, 29.2972 ] ], [ [ -89.1952, 29.5002 ], [ -89.2162, 29.461 ], [ -89.1968, 29.4603 ], [ -89.125, 29.5002 ], [ -89.1952, 29.5002 ] ] ] } },
{ "type": "Feature", "properties": { "GEOIDFQ": "1400000US22071003900", "NAME": "39", "NAMELSAD": "Census Tract 39" }, "geometry": { "type": "Polygon", "coordinates": [ [ [ -90.0684, 29.9693 ], [ -90.0636, 29.966 ], [ -90.0699, 29.9589 ], [ -90.0744, 29.9625 ], [ -90.0684, 29.9693 ] ] ] } },
{ "type": "Feature", "properties": { "GEOIDFQ": "1400000US22071004000", "NAME": "40", "NAMELSAD": "Census Tract 40" }, "geometry": { "type": "Polygon", "coordinates": [ [ [ -90.0782, 29.976 ], [ -90.0684, 29.9693 ], [ -90.0711, 29.9663 ], [ -90.0782, 29.976 ] ] ] } },
{ "type": "Feature", "properties": { "GEOIDFQ": "1400000US22071004100", "NAME": "41", "NAMELSAD": "Census Tract 41" }, "geometry": { "type": "Polygon", "coordinates": [ [ [ -90.0782, 29.976 ], [ -90.0808, 29.973 ], [ -90.0885, 29.9784 ], [ -90.0904, 29.9828 ], [ -90.0782, 29.976 ] ] ] } },
{ "type": "Feature", "properties": { "GEOIDFQ": "1400000US22071004500", "NAME": "45", "NAMELSAD": "Census Tract 45" }, "geometry": { "type": "Polygon", "coordinates": [ [ [ -90.0885, 29.9784 ], [ -90.0808, 29.973 ], [ -90.0846, 29.9686 ], [ -90.0913, 29.9733 ], [ -90.0885, 29.9784 ] ] ] } },
{ "type": "Feature", "properties": { "GEOIDFQ": "1400000US22073010103", "NAME": "101.03", "NAMELSAD": "Census Tract 101.03" }, "geometry": { "type": "Polygon", "coordinates": [ [ [ -92.0137, 32.5486 ], [ -92.0019, 32.5416 ], [ -91.9906, 32.5476 ], [ -91.9906, 32.5434 ], [ -91.9735, 32.5434 ], [ -91.9734, 32.5186 ], [ -92.0161, 32.5317 ], [ -92.0343, 32.529 ], [ -92.0137, 32.5486 ] ] ] } },
{ "type": "Feature", "properties": { "GEOIDFQ": "1400000US22073010606", "NAME": "106.06", "NAMELSAD": "Census Tract 106.06" }, "geometry": { "type": "Polygon", "coordinates": [ [ [ -91.9333, 32.4909 ], [ -91.9443, 32.4488 ], [ -91.9936, 32.3979 ], [ -92.0321, 32.4194 ], [ -92.0475, 32.4487 ], [ -92.0681, 32.4692 ], [ -92.0756, 32.4994 ], [ -91.9333, 32.4909 ] ] ] } },
{ "type": "Feature", "properties": { "GEOIDFQ": "1400000US22073005305", "NAME": "53.05", "NAMELSAD": "Census Tract 53.05" }, "geometry": { "type": "Polygon", "coordinates": [ [ [ -92.1875, 32.5343 ], [ -92.1812, 32.5356 ], [ -92.1747, 32.5147 ], [ -92.1571, 32.5173 ], [ -92.1573, 32.5058 ], [ -92.1919, 32.511 ], [ -92.1875, 32.5343 ] ] ] } },
{ "type": "Feature", "properties": { "GEOIDFQ": "1400000US22073010203", "NAME": "102.03", "NAMELSAD": "Census Tract 102.03" }, "geometry": { "type": "Polygon", "coordinates": [ [ [ -92.072, 32.5805 ], [ -92.0709, 32.5825 ], [ -92.0632, 32.5785 ], [ -92.0662, 32.5503 ], [ -92.0756, 32.5593 ], [ -92.072, 32.5805 ] ] ] } },
{ "type": "Feature", "properties": { "GEOIDFQ": "1400000US22073010401", "NAME": "104.01", "NAMELSAD": "Census Tract 104.01" }, "geometry": { "type": "Polygon", "coordinates": [ [ [ -92.4152, 32.5829 ], [ -92.3126, 32.5827 ], [ -92.2737, 32.5647 ], [ -92.26, 32.5483 ], [ -92.2438, 32.5413 ], [ -92.2453, 32.5191 ], [ -92.2804, 32.5265 ], [ -92.33, 32.5189 ], [ -92.415, 32.5218 ], [ -92.4152, 32.5829 ] ] ] } },
{ "type": "Feature", "properties": { "GEOIDFQ": "1400000US22073010506", "NAME": "105.06", "NAMELSAD": "Census Tract 105.06" }, "geometry": { "type": "Polygon", "coordinates": [ [ [ -92.2974, 32.4321 ], [ -92.2877, 32.4291 ], [ -92.2803, 32.443 ], [ -92.2643, 32.4442 ], [ -92.2536, 32.4545 ], [ -92.2132, 32.4717 ], [ -92.1728, 32.44 ], [ -92.1964, 32.4121 ], [ -92.2435, 32.4162 ], [ -92.2927, 32.4073 ], [ -92.3008, 32.4157 ], [ -92.2974, 32.4321 ] ] ] } },
{ "type": "Feature", "properties": { "GEOIDFQ": "1400000US22105953800", "NAME": "9538", "NAMELSAD": "Census Tract 9538" }, "geometry": { "type": "Polygon", "coordinates": [ [ [ -90.5671, 30.6431 ], [ -90.4796, 30.6371 ], [ -90.4681, 30.6233 ], [ -90.4625, 30.6242 ], [ -90.4641, 30.6147 ], [ -90.4475, 30.599 ], [ -90.4387, 30.6027 ], [ -90.4505, 30.5851 ], [ -90.4808, 30.5767 ], [ -90.567, 30.5771 ], [ -90.5671, 30.6431 ] ] ] } },
{ "type": "Feature", "properties": { "GEOIDFQ": "1400000US22105953300", "NAME": "9533", "NAMELSAD": "Census Tract 9533" }, "geometry": { "type": "Polygon", "coordinates": [ [ [ -90.5672, 30.9997 ], [ -90.4542, 30.9968 ], [ -90.4745, 30.9521 ], [ -90.4817, 30.9527 ], [ -90.4924, 30.9392 ], [ -90.4929, 30.9026 ], [ -90.503, 30.8851 ], [ -90.4922, 30.8757 ], [ -90.4909, 30.8618 ], [ -90.5055, 30.8436 ], [ -90.4971, 30.8192 ], [ -90.502, 30.8123 ], [ -90.5134, 30.8248 ], [ -90.5672, 30.8248 ], [ -90.5672, 30.9997 ] ] ] } },
{ "type": "Feature", "properties": { "GEOIDFQ": "1400000US22105954800", "NAME": "9548", "NAMELSAD": "Census Tract 9548" }, "geometry": { "type": "Polygon", "coordinates": [ [ [ -90.4167, 30.4442 ], [ -90.3664, 30.4389 ], [ -90.3344, 30.4437 ], [ -90.3406, 30.4388 ], [ -90.331, 30.4365 ], [ -90.3384, 30.4304 ], [ -90.3315, 30.4297 ], [ -90.3369, 30.4057 ], [ -90.3245, 30.4041 ], [ -90.3122, 30.3887 ], [ -90.3049, 30.3909 ], [ -90.2964, 30.3775 ], [ -90.2833, 30.3797 ], [ -90.271, 30.3478 ], [ -90.2788, 30.3375 ], [ -90.2437, 30.3374 ], [ -90.2353, 30.3528 ], [ -90.1921, 30.3108 ], [ -90.1606, 30.2343 ], [ -90.3205, 30.299 ], [ -90.3503, 30.2968 ], [ -90.3731, 30.2835 ], [ -90.4005, 30.2857 ], [ -90.4412, 30.4388 ], [ -90.4167, 30.4442 ] ] ] } },
{ "type": "Feature", "properties": { "GEOIDFQ": "1400000US22105954700", "NAME": "9547", "NAMELSAD": "Census Tract 9547" }, "geometry": { "type": "Polygon", "coordinates": [ [ [ -90.5026, 30.4402 ], [ -90.4413, 30.4388 ], [ -90.4005, 30.2857 ], [ -90.4858, 30.277 ], [ -90.4847, 30.3284 ], [ -90.4745, 30.3486 ], [ -90.4798, 30.358 ], [ -90.4896, 30.3557 ], [ -90.4921, 30.366 ], [ -90.5035, 30.3624 ], [ -90.5008, 30.3835 ], [ -90.515, 30.3919 ], [ -90.5149, 30.407 ], [ -90.5469, 30.4316 ], [ -90.5026, 30.4402 ] ] ] } },
{ "type": "Feature", "properties": { "GEOIDFQ": "1400000US22105953200", "NAME": "9532", "NAMELSAD": "Census Tract 9532" }, "geometry": { "type": "Polygon", "coordinates": [ [ [ -90.4929, 30.9026 ], [ -90.492, 30.9407 ], [ -90.4817, 30.9527 ], [ -90.4745, 30.9521 ], [ -90.457, 30.9997 ], [ -90.3473, 31.0004 ], [ -90.3468, 30.9056 ], [ -90.33, 30.9022 ], [ -90.33, 30.8912 ], [ -90.317, 30.8912 ], [ -90.3158, 30.8792 ], [ -90.4195, 30.8878 ], [ -90.495, 30.8761 ], [ -90.503, 30.8851 ], [ -90.4929, 30.9026 ] ] ] } },
{ "type": "Feature", "properties": { "GEOIDFQ": "1400000US22105954300", "NAME": "9543", "NAMELSAD": "Census Tract 9543" }, "geometry": { "type": "Polygon", "coordinates": [ [ [ -90.4826, 30.5009 ], [ -90.461, 30.5041 ], [ -90.4549, 30.4846 ], [ -90.4742, 30.4941 ], [ -90.4742, 30.4883 ], [ -90.4827, 30.4881 ], [ -90.4826, 30.4789 ], [ -90.4892, 30.4789 ], [ -90.498, 30.4914 ], [ -90.4826, 30.5009 ] ] ] } },
{ "type": "Feature", "properties": { "GEOIDFQ": "1400000US22063040103", "NAME": "401.03", "NAMELSAD": "Census Tract 401.03" }, "geometry": { "type": "Polygon", "coordinates": [ [ [ -90.6581, 30.5621 ], [ -90.6574, 30.5713 ], [ -90.6465, 30.5778 ], [ -90.6436, 30.6007 ], [ -90.6269, 30.6164 ], [ -90.6346, 30.6499 ], [ -90.5671, 30.65 ], [ -90.567, 30.5771 ], [ -90.6295, 30.5698 ], [ -90.5882, 30.5042 ], [ -90.6773, 30.5039 ], [ -90.6931, 30.5296 ], [ -90.6581, 30.5621 ] ] ] } },
{ "type": "Feature", "properties": { "GEOIDFQ": "1400000US22073005306", "NAME": "53.06", "NAMELSAD": "Census Tract 53.06" }, "geometry": { "type": "Polygon", "coordinates": [ [ [ -92.1789, 32.5356 ], [ -92.1545, 32.5293 ], [ -92.1571, 32.5173 ], [ -92.1747, 32.5147 ], [ -92.1789, 32.5356 ] ] ] } },
{ "type": "Feature", "properties": { "GEOIDFQ": "1400000US22113990000", "NAME": "9900", "NAMELSAD": "Census Tract 9900" }, "geometry": { "type": "Polygon", "coordinates": [ [ [ -92.6161, 29.5773 ], [ -92.581, 29.5673 ], [ -92.3976, 29.5461 ], [ -92.3084, 29.5285 ], [ -92.2519, 29.5359 ], [ -92.2172, 29.5556 ], [ -92.1483, 29.5791 ], [ -92.0429, 29.577 ], [ -92.0456, 29.5058 ], [ -92.078, 29.5315 ], [ -92.1334, 29.5339 ], [ -92.1833, 29.5183 ], [ -92.2235, 29.4947 ], [ -92.2741, 29.4829 ], [ -92.3168, 29.4829 ], [ -92.405, 29.5003 ], [ -92.6173, 29.5273 ], [ -92.6161, 29.5773 ] ] ] } },
{ "type": "Feature", "properties": { "GEOIDFQ": "1400000US22023990000", "NAME": "9900", "NAMELSAD": "Census Tract 9900" }, "geometry": { "type": "Polygon", "coordinates": [ [ [ -93.7771, 29.7231 ], [ -93.6732, 29.7473 ], [ -93.4652, 29.768 ], [ -93.3468, 29.758 ], [ -93.2805, 29.7759 ], [ -93.2114, 29.7752 ], [ -93.1121, 29.7547 ], [ -92.974, 29.7126 ], [ -92.7637, 29.6235 ], [ -92.6176, 29.5784 ], [ -92.6161, 29.5271 ], [ -92.7676, 29.5709 ], [ -93.0291, 29.6779 ], [ -93.1251, 29.7062 ], [ -93.2232, 29.7264 ], [ -93.2874, 29.7243 ], [ -93.3108, 29.702 ], [ -93.3393, 29.6951 ], [ -93.3655, 29.6994 ], [ -93.3872, 29.7138 ], [ -93.4328, 29.7185 ], [ -93.5146, 29.7151 ], [ -93.7115, 29.6903 ], [ -93.7701, 29.6708 ], [ -93.7655, 29.6441 ], [ -93.7704, 29.6239 ], [ -93.7859, 29.6059 ], [ -93.8066, 29.5969 ], [ -93.8144, 29.5966 ], [ -93.8383, 29.6911 ], [ -93.7771, 29.7231 ] ] ] } },
{ "type": "Feature", "properties": { "GEOIDFQ": "1400000US22051020517", "NAME": "205.17", "NAMELSAD": "Census Tract 205.17" }, "geometry": { "type": "Polygon", "coordinates": [ [ [ -90.277, 30.0513 ], [ -90.2445, 30.0419 ], [ -90.2473, 30.0364 ], [ -90.2794, 30.0437 ], [ -90.277, 30.0513 ] ] ] } },
{ "type": "Feature", "properties": { "GEOIDFQ": "1400000US22105954105", "NAME": "9541.05", "NAMELSAD": "Census Tract 9541.05" }, "geometry": { "type": "Polygon", "coordinates": [ [ [ -90.5506, 30.486 ], [ -90.5016, 30.4899 ], [ -90.5082, 30.4772 ], [ -90.5015, 30.4664 ], [ -90.5056, 30.459 ], [ -90.525, 30.4587 ], [ -90.5259, 30.4481 ], [ -90.5469, 30.4316 ], [ -90.55, 30.4679 ], [ -90.5583, 30.4797 ], [ -90.5506, 30.486 ] ] ] } },
{ "type": "Feature", "properties": { "GEOIDFQ": "1400000US22105954106", "NAME": "9541.06", "NAMELSAD": "Census Tract 9541.06" }, "geometry": { "type": "Polygon", "coordinates": [ [ [ -90.5259, 30.4481 ], [ -90.525, 30.4587 ], [ -90.5056, 30.459 ], [ -90.5015, 30.4672 ], [ -90.5082, 30.4772 ], [ -90.498, 30.4914 ], [ -90.4606, 30.4383 ], [ -90.5402, 30.4371 ], [ -90.5259, 30.4481 ] ] ] } },
{ "type": "Feature", "properties": { "GEOIDFQ": "1400000US22105953402", "NAME": "9534.02", "NAMELSAD": "Census Tract 9534.02" }, "geometry": { "type": "Polygon", "coordinates": [ [ [ -90.5331, 30.7627 ], [ -90.511, 30.7573 ], [ -90.5099, 30.7732 ], [ -90.5039, 30.7698 ], [ -90.4987, 30.7751 ], [ -90.4978, 30.7577 ], [ -90.4907, 30.7596 ], [ -90.4834, 30.7531 ], [ -90.4843, 30.7291 ], [ -90.5329, 30.7263 ], [ -90.5331, 30.7627 ] ] ] } },
{ "type": "Feature", "properties": { "GEOIDFQ": "1400000US22105954505", "NAME": "9545.05", "NAMELSAD": "Census Tract 9545.05" }, "geometry": { "type": "Polygon", "coordinates": [ [ [ -90.4483, 30.4937 ], [ -90.4274, 30.4939 ], [ -90.4274, 30.5107 ], [ -90.4152, 30.5122 ], [ -90.4141, 30.4439 ], [ -90.4408, 30.4432 ], [ -90.4483, 30.4937 ] ] ] } },
{ "type": "Feature", "properties": { "GEOIDFQ": "1400000US22105954601", "NAME": "9546.01", "NAMELSAD": "Census Tract 9546.01" }, "geometry": { "type": "Polygon", "coordinates": [ [ [ -90.4152, 30.5122 ], [ -90.3617, 30.5068 ], [ -90.3637, 30.4942 ], [ -90.339, 30.481 ], [ -90.3393, 30.4643 ], [ -90.3245, 30.4534 ], [ -90.3265, 30.4489 ], [ -90.3654, 30.4389 ], [ -90.4141, 30.4439 ], [ -90.4152, 30.5122 ] ] ] } },
{ "type": "Feature", "properties": { "GEOIDFQ": "1400000US22105954504", "NAME": "9545.04", "NAMELSAD": "Census Tract 9545.04" }, "geometry": { "type": "Polygon", "coordinates": [ [ [ -90.4571, 30.4789 ], [ -90.4483, 30.4789 ], [ -90.4408, 30.4432 ], [ -90.4349, 30.4402 ], [ -90.4563, 30.438 ], [ -90.4571, 30.4789 ] ] ] } },
{ "type": "Feature", "properties": { "GEOIDFQ": "1400000US22105953501", "NAME": "9535.01", "NAMELSAD": "Census Tract 9535.01" }, "geometry": { "type": "Polygon", "coordinates": [ [ [ -90.4909, 30.8618 ], [ -90.495, 30.8761 ], [ -90.4871, 30.8782 ], [ -90.4193, 30.8878 ], [ -90.3158, 30.8792 ], [ -90.3142, 30.8642 ], [ -90.2989, 30.8477 ], [ -90.2902, 30.8221 ], [ -90.2935, 30.8066 ], [ -90.2789, 30.7945 ], [ -90.2769, 30.7783 ], [ -90.2627, 30.7661 ], [ -90.2645, 30.757 ], [ -90.3059, 30.7528 ], [ -90.3168, 30.7867 ], [ -90.338, 30.7927 ], [ -90.3636, 30.8142 ], [ -90.3794, 30.8155 ], [ -90.4422, 30.7981 ], [ -90.4437, 30.7736 ], [ -90.454, 30.7529 ], [ -90.4705, 30.7425 ], [ -90.4753, 30.7297 ], [ -90.4843, 30.7291 ], [ -90.4834, 30.7531 ], [ -90.4994, 30.7609 ], [ -90.4945, 30.7694 ], [ -90.5022, 30.8116 ], [ -90.4971, 30.8192 ], [ -90.5063, 30.8383 ], [ -90.4909, 30.8618 ] ] ] } },
{ "type": "Feature", "properties": { "GEOIDFQ": "1400000US22105954104", "NAME": "9541.04", "NAMELSAD": "Census Tract 9541.04" }, "geometry": { "type": "Polygon", "coordinates": [ [ [ -90.4828, 30.5192 ], [ -90.4826, 30.5001 ], [ -90.498, 30.4914 ], [ -90.5039, 30.5152 ], [ -90.4828, 30.5192 ] ] ] } },
{ "type": "Feature", "properties": { "GEOIDFQ": "1400000US22051980000", "NAME": "9800", "NAMELSAD": "Census Tract 9800" }, "geometry": { "type": "Polygon", "coordinates": [ [ [ -90.2792, 29.9991 ], [ -90.2523, 29.9965 ], [ -90.2433, 30.0067 ], [ -90.2515, 29.9812 ], [ -90.267, 29.9828 ], [ -90.2801, 29.993 ], [ -90.2792, 29.9991 ] ] ] } },
{ "type": "Feature", "properties": { "GEOIDFQ": "1400000US22051028000", "NAME": "280", "NAMELSAD": "Census Tract 280" }, "geometry": { "type": "Polygon", "coordinates": [ [ [ -90.1695, 29.8064 ], [ -90.1732, 29.8275 ], [ -90.1651, 29.8312 ], [ -90.1678, 29.8405 ], [ -90.1209, 29.8546 ], [ -90.1232, 29.8489 ], [ -90.117, 29.8483 ], [ -90.1196, 29.8426 ], [ -90.1002, 29.8155 ], [ -90.1211, 29.8008 ], [ -90.1214, 29.7942 ], [ -90.1105, 29.7829 ], [ -90.0757, 29.7719 ], [ -90.0911, 29.763 ], [ -90.1286, 29.7585 ], [ -90.1411, 29.7403 ], [ -90.2113, 29.7305 ], [ -90.1695, 29.8064 ] ] ] } },
{ "type": "Feature", "properties": { "GEOIDFQ": "1400000US22051990100", "NAME": "9901", "NAMELSAD": "Census Tract 9901" }, "geometry": { "type": "Polygon", "coordinates": [ [ [ -90.0891, 29.163 ], [ -90.0481, 29.1872 ], [ -90.0145, 29.218 ], [ -89.9562, 29.2491 ], [ -89.9455, 29.2611 ], [ -89.9461, 29.2714 ], [ -89.9034, 29.2938 ], [ -89.8997, 29.155 ], [ -90.0323, 29.135 ], [ -90.0891, 29.0946 ], [ -90.0891, 29.163 ] ] ] } },
{ "type": "Feature", "properties": { "GEOIDFQ": "1400000US22077952400", "NAME": "9524", "NAMELSAD": "Census Tract 9524" }, "geometry": { "type": "Polygon", "coordinates": [ [ [ -91.7512, 30.5081 ], [ -91.7314, 30.5121 ], [ -91.7495, 30.5464 ], [ -91.6582, 30.5568 ], [ -91.6512, 30.6308 ], [ -91.6343, 30.6157 ], [ -91.6103, 30.6058 ], [ -91.5386, 30.6058 ], [ -91.5443, 30.5771 ], [ -91.5232, 30.5848 ], [ -91.4914, 30.5702 ], [ -91.4904, 30.5526 ], [ -91.4641, 30.5517 ], [ -91.415, 30.5352 ], [ -91.4148, 30.5114 ], [ -91.4817, 30.511 ], [ -91.4816, 30.4974 ], [ -91.5265, 30.4972 ], [ -91.5582, 30.4884 ], [ -91.5563, 30.4829 ], [ -91.5835, 30.4826 ], [ -91.5834, 30.497 ], [ -91.7563, 30.5002 ], [ -91.7512, 30.5081 ] ] ] } },
{ "type": "Feature", "properties": { "GEOIDFQ": "1400000US22077951900", "NAME": "9519", "NAMELSAD": "Census Tract 9519" }, "geometry": { "type": "Polygon", "coordinates": [ [ [ -91.5834, 30.7077 ], [ -91.5786, 30.7199 ], [ -91.54, 30.7137 ], [ -91.5341, 30.7343 ], [ -91.5001, 30.741 ], [ -91.4504, 30.7362 ], [ -91.3806, 30.7588 ], [ -91.3575, 30.7313 ], [ -91.3423, 30.6773 ], [ -91.3513, 30.6732 ], [ -91.3554, 30.6848 ], [ -91.3857, 30.6761 ], [ -91.4073, 30.6833 ], [ -91.4116, 30.6925 ], [ -91.434, 30.6933 ], [ -91.4358, 30.7013 ], [ -91.4755, 30.7043 ], [ -91.4722, 30.6943 ], [ -91.5028, 30.6793 ], [ -91.5548, 30.6329 ], [ -91.6111, 30.6852 ], [ -91.5834, 30.7077 ] ] ] } },
{ "type": "Feature", "properties": { "GEOIDFQ": "1400000US22077952300", "NAME": "9523", "NAMELSAD": "Census Tract 9523" }, "geometry": { "type": "Polygon", "coordinates": [ [ [ -91.4755, 30.7043 ], [ -91.4358, 30.7013 ], [ -91.434, 30.6933 ], [ -91.462, 30.6822 ], [ -91.4755, 30.7043 ] ] ] } },
{ "type": "Feature", "properties": { "GEOIDFQ": "1400000US22077952100", "NAME": "9521", "NAMELSAD": "Census Tract 9521" }, "geometry": { "type": "Polygon", "coordinates": [ [ [ -91.6436, 30.7404 ], [ -91.6218, 30.7394 ], [ -91.5997, 30.7491 ], [ -91.5932, 30.7404 ], [ -91.5813, 30.7414 ], [ -91.5601, 30.7317 ], [ -91.5341, 30.7343 ], [ -91.54, 30.7137 ], [ -91.5786, 30.7199 ], [ -91.5834, 30.7077 ], [ -91.6111, 30.6852 ], [ -91.5548, 30.6329 ], [ -91.5028, 30.6793 ], [ -91.4722, 30.6944 ], [ -91.462, 30.6822 ], [ -91.482, 30.6633 ], [ -91.4896, 30.6463 ], [ -91.4746, 30.6193 ], [ -91.4235, 30.6028 ], [ -91.3892, 30.601 ], [ -91.377, 30.6056 ], [ -91.3353, 30.6507 ], [ -91.3174, 30.637 ], [ -91.3653, 30.5886 ], [ -91.365, 30.5696 ], [ -91.3985, 30.5688 ], [ -91.415, 30.5352 ], [ -91.4641, 30.5517 ], [ -91.4904, 30.5526 ], [ -91.4919, 30.5705 ], [ -91.5248, 30.5851 ], [ -91.5445, 30.5774 ], [ -91.5386, 30.6058 ], [ -91.6103, 30.6058 ], [ -91.6343, 30.6157 ], [ -91.6512, 30.6308 ], [ -91.6622, 30.7281 ], [ -91.6436, 30.7404 ] ] ] } },
{ "type": "Feature", "properties": { "GEOIDFQ": "1400000US22103041004", "NAME": "410.04", "NAMELSAD": "Census Tract 410.04" }, "geometry": { "type": "Polygon", "coordinates": [ [ [ -89.7706, 30.3101 ], [ -89.7488, 30.3083 ], [ -89.7711, 30.2847 ], [ -89.7793, 30.2863 ], [ -89.7706, 30.3101 ] ] ] } },
{ "type": "Feature", "properties": { "GEOIDFQ": "1400000US22051025004", "NAME": "250.04", "NAMELSAD": "Census Tract 250.04" }, "geometry": { "type": "Polygon", "coordinates": [ [ [ -90.0227, 29.8992 ], [ -90.0144, 29.8988 ], [ -90.0176, 29.8787 ], [ -90.0238, 29.8835 ], [ -90.0227, 29.8992 ] ] ] } },
{ "type": "Feature", "properties": { "GEOIDFQ": "1400000US22051027818", "NAME": "278.18", "NAMELSAD": "Census Tract 278.18" }, "geometry": { "type": "Polygon", "coordinates": [ [ [ -90.0742, 29.8839 ], [ -90.07, 29.8711 ], [ -90.0976, 29.8652 ], [ -90.0991, 29.884 ], [ -90.0742, 29.8839 ] ] ] } },
{ "type": "Feature", "properties": { "GEOIDFQ": "1400000US22051020519", "NAME": "205.19", "NAMELSAD": "Census Tract 205.19" }, "geometry": { "type": "Polygon", "coordinates": [ [ [ -90.272, 30.0433 ], [ -90.2612, 30.042 ], [ -90.2629, 30.0224 ], [ -90.2737, 30.0233 ], [ -90.272, 30.0433 ] ] ] } },
{ "type": "Feature", "properties": { "GEOIDFQ": "1400000US22051027815", "NAME": "278.15", "NAMELSAD": "Census Tract 278.15" }, "geometry": { "type": "Polygon", "coordinates": [ [ [ -90.0455, 29.8549 ], [ -90.041, 29.8452 ], [ -90.0579, 29.8369 ], [ -90.0631, 29.8535 ], [ -90.0455, 29.8549 ] ] ] } },
{ "type": "Feature", "properties": { "GEOIDFQ": "1400000US22051027814", "NAME": "278.14", "NAMELSAD": "Census Tract 278.14" }, "geometry": { "type": "Polygon", "coordinates": [ [ [ -90.0435, 29.8765 ], [ -90.0341, 29.8478 ], [ -90.041, 29.8452 ], [ -90.0486, 29.8655 ], [ -90.0435, 29.8765 ] ] ] } },
{ "type": "Feature", "properties": { "GEOIDFQ": "1400000US22051027817", "NAME": "278.17", "NAMELSAD": "Census Tract 278.17" }, "geometry": { "type": "Polygon", "coordinates": [ [ [ -90.0976, 29.8652 ], [ -90.0874, 29.8676 ], [ -90.0851, 29.8447 ], [ -90.1194, 29.846 ], [ -90.0976, 29.8652 ] ] ] } },
{ "type": "Feature", "properties": { "GEOIDFQ": "1400000US22051027820", "NAME": "278.20", "NAMELSAD": "Census Tract 278.20" }, "geometry": { "type": "Polygon", "coordinates": [ [ [ -90.1035, 29.8474 ], [ -90.1007, 29.8333 ], [ -90.1116, 29.8322 ], [ -90.1197, 29.8434 ], [ -90.1035, 29.8474 ] ] ] } },
{ "type": "Feature", "properties": { "GEOIDFQ": "1400000US22051027819", "NAME": "278.19", "NAMELSAD": "Census Tract 278.19" }, "geometry": { "type": "Polygon", "coordinates": [ [ [ -90.1008, 29.8135 ], [ -90.1116, 29.8322 ], [ -90.1007, 29.8333 ], [ -90.1035, 29.8474 ], [ -90.0851, 29.8447 ], [ -90.0802, 29.7977 ], [ -90.0676, 29.7784 ], [ -90.0807, 29.7717 ], [ -90.1013, 29.7789 ], [ -90.1226, 29.7978 ], [ -90.1008, 29.8135 ] ] ] } },
{ "type": "Feature", "properties": { "GEOIDFQ": "1400000US22051021601", "NAME": "216.01", "NAMELSAD": "Census Tract 216.01" }, "geometry": { "type": "Polygon", "coordinates": [ [ [ -90.2086, 30.0052 ], [ -90.2049, 29.9954 ], [ -90.2192, 29.9964 ], [ -90.222, 30.0053 ], [ -90.2086, 30.0052 ] ] ] } },
{ "type": "Feature", "properties": { "GEOIDFQ": "1400000US22103041104", "NAME": "411.04", "NAMELSAD": "Census Tract 411.04" }, "geometry": { "type": "Polygon", "coordinates": [ [ [ -89.859, 30.255 ], [ -89.8546, 30.2486 ], [ -89.8444, 30.2491 ], [ -89.8317, 30.2602 ], [ -89.8076, 30.2626 ], [ -89.8011, 30.2742 ], [ -89.786, 30.2719 ], [ -89.7969, 30.2426 ], [ -89.8253, 30.2158 ], [ -89.8531, 30.2237 ], [ -89.8649, 30.2494 ], [ -89.859, 30.255 ] ] ] } },
{ "type": "Feature", "properties": { "GEOIDFQ": "1400000US22103040502", "NAME": "405.02", "NAMELSAD": "Census Tract 405.02" }, "geometry": { "type": "Polygon", "coordinates": [ [ [ -90.0812, 30.4932 ], [ -90.0844, 30.4997 ], [ -90.0572, 30.554 ], [ -90.0598, 30.5386 ], [ -90.0526, 30.5256 ], [ -90.0408, 30.5262 ], [ -90.0409, 30.4823 ], [ -90.0894, 30.4767 ], [ -90.0812, 30.4932 ] ] ] } },
{ "type": "Feature", "properties": { "GEOIDFQ": "1400000US22103040801", "NAME": "408.01", "NAMELSAD": "Census Tract 408.01" }, "geometry": { "type": "Polygon", "coordinates": [ [ [ -89.7832, 30.264 ], [ -89.7635, 30.2477 ], [ -89.7692, 30.2361 ], [ -89.7953, 30.2451 ], [ -89.7832, 30.264 ] ] ] } },
{ "type": "Feature", "properties": { "GEOIDFQ": "1400000US22103041002", "NAME": "410.02", "NAMELSAD": "Census Tract 410.02" }, "geometry": { "type": "Polygon", "coordinates": [ [ [ -89.7793, 30.2863 ], [ -89.7494, 30.2847 ], [ -89.7548, 30.2703 ], [ -89.7824, 30.2784 ], [ -89.7793, 30.2863 ] ] ] } },
{ "type": "Feature", "properties": { "GEOIDFQ": "1400000US22103041003", "NAME": "410.03", "NAMELSAD": "Census Tract 410.03" }, "geometry": { "type": "Polygon", "coordinates": [ [ [ -89.7488, 30.3083 ], [ -89.7417, 30.3063 ], [ -89.7494, 30.2847 ], [ -89.7711, 30.287 ], [ -89.7488, 30.3083 ] ] ] } },
{ "type": "Feature", "properties": { "GEOIDFQ": "1400000US22103041202", "NAME": "412.02", "NAMELSAD": "Census Tract 412.02" }, "geometry": { "type": "Polygon", "coordinates": [ [ [ -90.0045, 30.3365 ], [ -89.9173, 30.3022 ], [ -89.8731, 30.3013 ], [ -89.8568, 30.2948 ], [ -89.8505, 30.2795 ], [ -89.8599, 30.2706 ], [ -89.8559, 30.2651 ], [ -89.8651, 30.2428 ], [ -89.8721, 30.2473 ], [ -89.9319, 30.2462 ], [ -89.954, 30.2561 ], [ -89.9838, 30.254 ], [ -89.9943, 30.2991 ], [ -90.0184, 30.3202 ], [ -90.0045, 30.3365 ] ] ] } },
{ "type": "Feature", "properties": { "GEOIDFQ": "1400000US22103040304", "NAME": "403.04", "NAMELSAD": "Census Tract 403.04" }, "geometry": { "type": "Polygon", "coordinates": [ [ [ -90.1461, 30.4075 ], [ -90.1525, 30.4141 ], [ -90.1408, 30.4128 ], [ -90.147, 30.4176 ], [ -90.1385, 30.4206 ], [ -90.1153, 30.4135 ], [ -90.1023, 30.4253 ], [ -90.0849, 30.4241 ], [ -90.0831, 30.3923 ], [ -90.1324, 30.4084 ], [ -90.1546, 30.4062 ], [ -90.1461, 30.4075 ] ] ] } },
{ "type": "Feature", "properties": { "GEOIDFQ": "1400000US22103040706", "NAME": "407.06", "NAMELSAD": "Census Tract 407.06" }, "geometry": { "type": "Polygon", "coordinates": [ [ [ -89.7484, 30.3761 ], [ -89.7504, 30.3885 ], [ -89.737, 30.3819 ], [ -89.7292, 30.391 ], [ -89.6794, 30.4025 ], [ -89.6602, 30.3734 ], [ -89.6572, 30.3566 ], [ -89.6297, 30.3393 ], [ -89.634, 30.3213 ], [ -89.6262, 30.3143 ], [ -89.6415, 30.3034 ], [ -89.6724, 30.2968 ], [ -89.7114, 30.2981 ], [ -89.7417, 30.3063 ], [ -89.7405, 30.3531 ], [ -89.7658, 30.3727 ], [ -89.7484, 30.3761 ] ] ] } },
{ "type": "Feature", "properties": { "GEOIDFQ": "1400000US22017024304", "NAME": "243.04", "NAMELSAD": "Census Tract 243.04" }, "geometry": { "type": "Polygon", "coordinates": [ [ [ -94.0429, 32.4613 ], [ -94.0217, 32.4523 ], [ -93.9385, 32.4439 ], [ -93.9002, 32.429 ], [ -93.9001, 32.4004 ], [ -93.9283, 32.3854 ], [ -93.9822, 32.3851 ], [ -94.0029, 32.3745 ], [ -94.0429, 32.3747 ], [ -94.0429, 32.4613 ] ] ] } },
{ "type": "Feature", "properties": { "GEOIDFQ": "1400000US22017024104", "NAME": "241.04", "NAMELSAD": "Census Tract 241.04" }, "geometry": { "type": "Polygon", "coordinates": [ [ [ -93.7847, 32.4303 ], [ -93.7631, 32.425 ], [ -93.7634, 32.3983 ], [ -93.8042, 32.4023 ], [ -93.7847, 32.4303 ] ] ] } },
{ "type": "Feature", "properties": { "GEOIDFQ": "1400000US22017024107", "NAME": "241.07", "NAMELSAD": "Census Tract 241.07" }, "geometry": { "type": "Polygon", "coordinates": [ [ [ -93.8074, 32.4421 ], [ -93.7847, 32.4303 ], [ -93.8042, 32.4023 ], [ -93.8146, 32.4022 ], [ -93.8146, 32.4203 ], [ -93.8243, 32.4254 ], [ -93.8074, 32.4421 ] ] ] } },
{ "type": "Feature", "properties": { "GEOIDFQ": "1400000US22071001745", "NAME": "17.45", "NAMELSAD": "Census Tract 17.45" }, "geometry": { "type": "Polygon", "coordinates": [ [ [ -89.9638, 30.0676 ], [ -89.9551, 30.0582 ], [ -89.969, 30.0492 ], [ -89.9757, 30.0594 ], [ -89.9638, 30.0676 ] ] ] } },
{ "type": "Feature", "properties": { "GEOIDFQ": "1400000US22071013400", "NAME": "134", "NAMELSAD": "Census Tract 134" }, "geometry": { "type": "Polygon", "coordinates": [ [ [ -90.0768, 29.9599 ], [ -90.0586, 29.95 ], [ -90.058, 29.9377 ], [ -90.0852, 29.9504 ], [ -90.0768, 29.9599 ] ] ] } },
{ "type": "Feature", "properties": { "GEOIDFQ": "1400000US22071013600", "NAME": "136", "NAMELSAD": "Census Tract 136" }, "geometry": { "type": "Polygon", "coordinates": [ [ [ -90.0382, 29.9684 ], [ -90.032, 29.967 ], [ -90.0332, 29.9628 ], [ -90.0382, 29.9684 ] ] ] } },
{ "type": "Feature", "properties": { "GEOIDFQ": "1400000US22071013800", "NAME": "138", "NAMELSAD": "Census Tract 138" }, "geometry": { "type": "Polygon", "coordinates": [ [ [ -90.0854, 29.9994 ], [ -90.0739, 30.0001 ], [ -90.0734, 29.993 ], [ -90.0863, 29.9927 ], [ -90.0854, 29.9994 ] ] ] } },
{ "type": "Feature", "properties": { "GEOIDFQ": "1400000US22071013900", "NAME": "139", "NAMELSAD": "Census Tract 139" }, "geometry": { "type": "Polygon", "coordinates": [ [ [ -90.0779, 29.9446 ], [ -90.0706, 29.9405 ], [ -90.0764, 29.9352 ], [ -90.0779, 29.9446 ] ] ] } },
{ "type": "Feature", "properties": { "GEOIDFQ": "1400000US22071014200", "NAME": "142", "NAMELSAD": "Census Tract 142" }, "geometry": { "type": "Polygon", "coordinates": [ [ [ -90.0853, 29.9186 ], [ -90.0838, 29.9255 ], [ -90.0726, 29.919 ], [ -90.1009, 29.91 ], [ -90.1011, 29.9162 ], [ -90.0853, 29.9186 ] ] ] } },
{ "type": "Feature", "properties": { "GEOIDFQ": "1400000US22071014400", "NAME": "144", "NAMELSAD": "Census Tract 144" }, "geometry": { "type": "Polygon", "coordinates": [ [ [ -90.1291, 29.9197 ], [ -90.1082, 29.9166 ], [ -90.1014, 29.9208 ], [ -90.1044, 29.9088 ], [ -90.1325, 29.913 ], [ -90.1291, 29.9197 ] ] ] } },
{ "type": "Feature", "properties": { "GEOIDFQ": "1400000US22071014300", "NAME": "143", "NAMELSAD": "Census Tract 143" }, "geometry": { "type": "Polygon", "coordinates": [ [ [ -90.0912, 29.9442 ], [ -90.0875, 29.9392 ], [ -90.0949, 29.9355 ], [ -90.0912, 29.9442 ] ] ] } },
{ "type": "Feature", "properties": { "GEOIDFQ": "1400000US22073980000", "NAME": "9800", "NAMELSAD": "Census Tract 9800" }, "geometry": { "type": "Polygon", "coordinates": [ [ [ -92.0314, 32.5297 ], [ -92.0272, 32.5214 ], [ -92.0214, 32.5232 ], [ -92.0205, 32.4976 ], [ -92.0571, 32.5005 ], [ -92.0314, 32.5297 ] ] ] } },
{ "type": "Feature", "properties": { "GEOIDFQ": "1400000US22095070600", "NAME": "706", "NAMELSAD": "Census Tract 706" }, "geometry": { "type": "Polygon", "coordinates": [ [ [ -90.6537, 30.0964 ], [ -90.6498, 30.1207 ], [ -90.5805, 30.1144 ], [ -90.5748, 30.101 ], [ -90.6142, 30.0959 ], [ -90.6042, 30.0715 ], [ -90.6124, 30.0715 ], [ -90.6055, 30.0502 ], [ -90.5933, 30.0478 ], [ -90.6216, 30.0315 ], [ -90.6494, 30.0502 ], [ -90.6612, 30.0507 ], [ -90.6702, 30.0942 ], [ -90.6537, 30.0964 ] ] ] } },
{ "type": "Feature", "properties": { "GEOIDFQ": "1400000US22109990000", "NAME": "9900", "NAMELSAD": "Census Tract 9900" }, "geometry": { "type": "Polygon", "coordinates": [ [ [ -91.3537, 29.3167 ], [ -91.314, 29.2719 ], [ -91.3106, 29.2557 ], [ -91.2499, 29.2262 ], [ -91.1281, 29.198 ], [ -91.0467, 29.1552 ], [ -90.9376, 29.1501 ], [ -90.8847, 29.1001 ], [ -90.8564, 29.0596 ], [ -90.8989, 29.0572 ], [ -90.9678, 29.0683 ], [ -90.9726, 29.0573 ], [ -90.9619, 29.0458 ], [ -90.8813, 29.0305 ], [ -90.7634, 29.03 ], [ -90.7167, 29.0361 ], [ -90.5437, 29.0784 ], [ -90.483, 29.0507 ], [ -90.4096, 29.0398 ], [ -90.4096, 28.9954 ], [ -90.4918, 29.0118 ], [ -90.5525, 29.0368 ], [ -90.7469, 28.9886 ], [ -90.8226, 28.9859 ], [ -90.9321, 28.9943 ], [ -90.9935, 29.015 ], [ -91.0208, 29.0461 ], [ -91.023, 29.0674 ], [ -91.0121, 29.0905 ], [ -90.9894, 29.1064 ], [ -90.9604, 29.1111 ], [ -90.9692, 29.1184 ], [ -91.02, 29.1218 ], [ -91.1033, 29.1384 ], [ -91.1598, 29.1684 ], [ -91.2078, 29.1712 ], [ -91.2746, 29.1896 ], [ -91.3187, 29.2084 ], [ -91.3543, 29.2396 ], [ -91.3537, 29.3167 ] ] ] } },
{ "type": "Feature", "properties": { "GEOIDFQ": "1400000US22033004013", "NAME": "40.13", "NAMELSAD": "Census Tract 40.13" }, "geometry": { "type": "Polygon", "coordinates": [ [ [ -91.2057, 30.408 ], [ -91.1838, 30.4046 ], [ -91.1718, 30.3883 ], [ -91.2128, 30.3971 ], [ -91.2057, 30.408 ] ] ] } },
{ "type": "Feature", "properties": { "GEOIDFQ": "1400000US22099020301", "NAME": "203.01", "NAMELSAD": "Census Tract 203.01" }, "geometry": { "type": "Polygon", "coordinates": [ [ [ -91.955, 30.3336 ], [ -91.9574, 30.345 ], [ -91.9348, 30.3476 ], [ -91.9208, 30.3418 ], [ -91.9027, 30.312 ], [ -91.8778, 30.3132 ], [ -91.856, 30.3221 ], [ -91.835, 30.3114 ], [ -91.8753, 30.2864 ], [ -91.8962, 30.3006 ], [ -91.9237, 30.2927 ], [ -91.9284, 30.2906 ], [ -91.9202, 30.2839 ], [ -91.9382, 30.2731 ], [ -91.9495, 30.2794 ], [ -91.9552, 30.3083 ], [ -91.9662, 30.3244 ], [ -91.955, 30.3336 ] ] ] } },
{ "type": "Feature", "properties": { "GEOIDFQ": "1400000US22109000401", "NAME": "4.01", "NAMELSAD": "Census Tract 4.01" }, "geometry": { "type": "Polygon", "coordinates": [ [ [ -90.7348, 29.6295 ], [ -90.7256, 29.6113 ], [ -90.7434, 29.6065 ], [ -90.7498, 29.6235 ], [ -90.7348, 29.6295 ] ] ] } },
{ "type": "Feature", "properties": { "GEOIDFQ": "1400000US22033001103", "NAME": "11.03", "NAMELSAD": "Census Tract 11.03" }, "geometry": { "type": "Polygon", "coordinates": [ [ [ -91.1302, 30.4709 ], [ -91.1274, 30.4513 ], [ -91.139, 30.4509 ], [ -91.14, 30.4706 ], [ -91.1302, 30.4709 ] ] ] } },
{ "type": "Feature", "properties": { "GEOIDFQ": "1400000US22033001104", "NAME": "11.04", "NAMELSAD": "Census Tract 11.04" }, "geometry": { "type": "Polygon", "coordinates": [ [ [ -91.123, 30.4716 ], [ -91.112, 30.4518 ], [ -91.1274, 30.4513 ], [ -91.1302, 30.4709 ], [ -91.123, 30.4716 ] ] ] } },
{ "type": "Feature", "properties": { "GEOIDFQ": "1400000US22019001100", "NAME": "11", "NAMELSAD": "Census Tract 11" }, "geometry": { "type": "Polygon", "coordinates": [ [ [ -93.2056, 30.1971 ], [ -93.2054, 30.1762 ], [ -93.2186, 30.1762 ], [ -93.2186, 30.1972 ], [ -93.2056, 30.1971 ] ] ] } },
{ "type": "Feature", "properties": { "GEOIDFQ": "1400000US22031950103", "NAME": "9501.03", "NAMELSAD": "Census Tract 9501.03" }, "geometry": { "type": "Polygon", "coordinates": [ [ [ -93.852, 32.2898 ], [ -93.81, 32.3104 ], [ -93.8071, 32.328 ], [ -93.7994, 32.3333 ], [ -93.7806, 32.3256 ], [ -93.7857, 32.2967 ], [ -93.7808, 32.2821 ], [ -93.748, 32.282 ], [ -93.7458, 32.2632 ], [ -93.7313, 32.2413 ], [ -93.7612, 32.2411 ], [ -93.7666, 32.2339 ], [ -93.8106, 32.2431 ], [ -93.8323, 32.2275 ], [ -93.8274, 32.2385 ], [ -93.8503, 32.2392 ], [ -93.8609, 32.2508 ], [ -93.852, 32.2898 ] ] ] } },
{ "type": "Feature", "properties": { "GEOIDFQ": "1400000US22031950101", "NAME": "9501.01", "NAMELSAD": "Census Tract 9501.01" }, "geometry": { "type": "Polygon", "coordinates": [ [ [ -93.8885, 32.2071 ], [ -93.889, 32.2324 ], [ -93.8609, 32.2538 ], [ -93.8503, 32.2392 ], [ -93.8274, 32.2385 ], [ -93.8323, 32.2275 ], [ -93.8106, 32.2431 ], [ -93.7666, 32.2339 ], [ -93.7612, 32.2411 ], [ -93.7313, 32.2413 ], [ -93.7093, 32.2209 ], [ -93.7154, 32.2088 ], [ -93.7235, 32.2067 ], [ -93.7185, 32.199 ], [ -93.7461, 32.1944 ], [ -93.7469, 32.1795 ], [ -93.774, 32.1772 ], [ -93.7906, 32.1512 ], [ -93.809, 32.1543 ], [ -93.8158, 32.1368 ], [ -93.8345, 32.137 ], [ -93.8412, 32.1561 ], [ -93.884, 32.1588 ], [ -93.8838, 32.1747 ], [ -93.897, 32.1886 ], [ -93.8885, 32.2071 ] ] ] } },
{ "type": "Feature", "properties": { "GEOIDFQ": "1400000US22031950102", "NAME": "9501.02", "NAMELSAD": "Census Tract 9501.02" }, "geometry": { "type": "Polygon", "coordinates": [ [ [ -93.7648, 32.3456 ], [ -93.7465, 32.3412 ], [ -93.7379, 32.3262 ], [ -93.7257, 32.3285 ], [ -93.7161, 32.3167 ], [ -93.7015, 32.3186 ], [ -93.698, 32.3248 ], [ -93.6881, 32.3166 ], [ -93.6617, 32.3151 ], [ -93.616, 32.273 ], [ -93.6144, 32.236 ], [ -93.5977, 32.2203 ], [ -93.598, 32.2112 ], [ -93.5548, 32.1923 ], [ -93.559, 32.1803 ], [ -93.619, 32.1765 ], [ -93.6279, 32.1927 ], [ -93.6461, 32.1951 ], [ -93.6739, 32.2129 ], [ -93.6944, 32.2136 ], [ -93.7046, 32.2236 ], [ -93.7093, 32.2209 ], [ -93.7436, 32.259 ], [ -93.748, 32.282 ], [ -93.7808, 32.2821 ], [ -93.7857, 32.2967 ], [ -93.7806, 32.3256 ], [ -93.7995, 32.334 ], [ -93.7648, 32.3456 ] ] ] } },
{ "type": "Feature", "properties": { "GEOIDFQ": "1400000US22063040601", "NAME": "406.01", "NAMELSAD": "Census Tract 406.01" }, "geometry": { "type": "Polygon", "coordinates": [ [ [ -90.9564, 30.5072 ], [ -90.9434, 30.5162 ], [ -90.9354, 30.5047 ], [ -90.9435, 30.5014 ], [ -90.9472, 30.4746 ], [ -90.9566, 30.4748 ], [ -90.9564, 30.5072 ] ] ] } },
{ "type": "Feature", "properties": { "GEOIDFQ": "1400000US22063040903", "NAME": "409.03", "NAMELSAD": "Census Tract 409.03" }, "geometry": { "type": "Polygon", "coordinates": [ [ [ -90.6724, 30.4571 ], [ -90.6803, 30.4645 ], [ -90.6743, 30.4747 ], [ -90.5582, 30.4789 ], [ -90.55, 30.4679 ], [ -90.5537, 30.4608 ], [ -90.546, 30.4348 ], [ -90.549, 30.4292 ], [ -90.5783, 30.44 ], [ -90.6376, 30.4428 ], [ -90.6777, 30.4352 ], [ -90.6822, 30.4502 ], [ -90.6724, 30.4571 ] ] ] } },
{ "type": "Feature", "properties": { "GEOIDFQ": "1400000US22063040808", "NAME": "408.08", "NAMELSAD": "Census Tract 408.08" }, "geometry": { "type": "Polygon", "coordinates": [ [ [ -90.9697, 30.4515 ], [ -90.9453, 30.4424 ], [ -90.8806, 30.3852 ], [ -90.8859, 30.3769 ], [ -90.9024, 30.379 ], [ -90.9116, 30.3591 ], [ -90.9196, 30.366 ], [ -90.937, 30.3639 ], [ -90.9315, 30.3713 ], [ -90.9456, 30.3793 ], [ -90.9439, 30.3917 ], [ -90.9682, 30.389 ], [ -90.9714, 30.4037 ], [ -90.9579, 30.4061 ], [ -90.9637, 30.4188 ], [ -90.9824, 30.4235 ], [ -90.9724, 30.4403 ], [ -90.9857, 30.4476 ], [ -90.9697, 30.4515 ] ] ] } },
{ "type": "Feature", "properties": { "GEOIDFQ": "1400000US22063040204", "NAME": "402.04", "NAMELSAD": "Census Tract 402.04" }, "geometry": { "type": "Polygon", "coordinates": [ [ [ -90.7529, 30.5229 ], [ -90.7393, 30.404 ], [ -90.7509, 30.3942 ], [ -90.7699, 30.3908 ], [ -90.7719, 30.3975 ], [ -90.7803, 30.3984 ], [ -90.7731, 30.4186 ], [ -90.7807, 30.4274 ], [ -90.7923, 30.4289 ], [ -90.7927, 30.4554 ], [ -90.7826, 30.4702 ], [ -90.8004, 30.4823 ], [ -90.8065, 30.5006 ], [ -90.8158, 30.5032 ], [ -90.82, 30.5303 ], [ -90.7529, 30.5229 ] ] ] } },
{ "type": "Feature", "properties": { "GEOIDFQ": "1400000US22063040403", "NAME": "404.03", "NAMELSAD": "Census Tract 404.03" }, "geometry": { "type": "Polygon", "coordinates": [ [ [ -90.9014, 30.5261 ], [ -90.9075, 30.5367 ], [ -90.8888, 30.5375 ], [ -90.8841, 30.5082 ], [ -90.864, 30.4955 ], [ -90.8988, 30.4912 ], [ -90.9115, 30.5075 ], [ -90.9014, 30.5261 ] ] ] } },
{ "type": "Feature", "properties": { "GEOIDFQ": "1400000US22063040503", "NAME": "405.03", "NAMELSAD": "Census Tract 405.03" }, "geometry": { "type": "Polygon", "coordinates": [ [ [ -90.9279, 30.5071 ], [ -90.8933, 30.4871 ], [ -90.8948, 30.4662 ], [ -90.9363, 30.4613 ], [ -90.9399, 30.4832 ], [ -90.9279, 30.5071 ] ] ] } },
{ "type": "Feature", "properties": { "GEOIDFQ": "1400000US22063040406", "NAME": "404.06", "NAMELSAD": "Census Tract 404.06" }, "geometry": { "type": "Polygon", "coordinates": [ [ [ -90.8888, 30.5375 ], [ -90.8781, 30.5393 ], [ -90.82, 30.5303 ], [ -90.812, 30.5019 ], [ -90.864, 30.4955 ], [ -90.8841, 30.5082 ], [ -90.8888, 30.5375 ] ] ] } },
{ "type": "Feature", "properties": { "GEOIDFQ": "1400000US22101040400", "NAME": "404", "NAMELSAD": "Census Tract 404" }, "geometry": { "type": "Polygon", "coordinates": [ [ [ -91.214, 29.7206 ], [ -91.2035, 29.701 ], [ -91.2143, 29.6966 ], [ -91.2213, 29.7115 ], [ -91.214, 29.7206 ] ] ] } },
{ "type": "Feature", "properties": { "GEOIDFQ": "1400000US22017024303", "NAME": "243.03", "NAMELSAD": "Census Tract 243.03" }, "geometry": { "type": "Polygon", "coordinates": [ [ [ -93.8424, 32.457 ], [ -93.8385, 32.4422 ], [ -93.8612, 32.4325 ], [ -93.9001, 32.4004 ], [ -93.9002, 32.429 ], [ -93.9385, 32.4439 ], [ -93.8424, 32.457 ] ] ] } },
{ "type": "Feature", "properties": { "GEOIDFQ": "1400000US22017024601", "NAME": "246.01", "NAMELSAD": "Census Tract 246.01" }, "geometry": { "type": "Polygon", "coordinates": [ [ [ -93.8457, 32.584 ], [ -93.7993, 32.5804 ], [ -93.7843, 32.5592 ], [ -93.8032, 32.5438 ], [ -93.8434, 32.5437 ], [ -93.8457, 32.584 ] ] ] } },
{ "type": "Feature", "properties": { "GEOIDFQ": "1400000US22017024602", "NAME": "246.02", "NAMELSAD": "Census Tract 246.02" }, "geometry": { "type": "Polygon", "coordinates": [ [ [ -93.8035, 32.5437 ], [ -93.7843, 32.5592 ], [ -93.7636, 32.5208 ], [ -93.7697, 32.5216 ], [ -93.7772, 32.5117 ], [ -93.7984, 32.5128 ], [ -93.8469, 32.5439 ], [ -93.8035, 32.5437 ] ] ] } },
{ "type": "Feature", "properties": { "GEOIDFQ": "1400000US22017024700", "NAME": "247", "NAMELSAD": "Census Tract 247" }, "geometry": { "type": "Polygon", "coordinates": [ [ [ -93.7848, 32.6054 ], [ -93.7917, 32.5929 ], [ -93.7748, 32.5785 ], [ -93.77, 32.5644 ], [ -93.7797, 32.5509 ], [ -93.8104, 32.6067 ], [ -93.7848, 32.6054 ] ] ] } },
{ "type": "Feature", "properties": { "GEOIDFQ": "1400000US22033003910", "NAME": "39.10", "NAMELSAD": "Census Tract 39.10" }, "geometry": { "type": "Polygon", "coordinates": [ [ [ -91.0515, 30.4191 ], [ -91.0538, 30.3992 ], [ -91.0678, 30.414 ], [ -91.0723, 30.4202 ], [ -91.0515, 30.4191 ] ] ] } },
{ "type": "Feature", "properties": { "GEOIDFQ": "1400000US22033005300", "NAME": "53", "NAMELSAD": "Census Tract 53" }, "geometry": { "type": "Polygon", "coordinates": [ [ [ -91.1662, 30.4574 ], [ -91.1667, 30.4413 ], [ -91.1802, 30.4397 ], [ -91.1808, 30.4552 ], [ -91.1662, 30.4574 ] ] ] } },
{ "type": "Feature", "properties": { "GEOIDFQ": "1400000US22051990000", "NAME": "9900", "NAMELSAD": "Census Tract 9900" }, "geometry": { "type": "Polygon", "coordinates": [ [ [ -90.2599, 30.1634 ], [ -90.1563, 30.1896 ], [ -90.1081, 30.1649 ], [ -90.1205, 30.0251 ], [ -90.1806, 30.024 ], [ -90.2341, 30.0446 ], [ -90.2445, 30.0419 ], [ -90.2792, 30.0518 ], [ -90.2599, 30.1634 ] ] ] } },
{ "type": "Feature", "properties": { "GEOIDFQ": "1400000US22101040500", "NAME": "405", "NAMELSAD": "Census Tract 405" }, "geometry": { "type": "Polygon", "coordinates": [ [ [ -91.2323, 29.7263 ], [ -91.2123, 29.6927 ], [ -91.24, 29.6595 ], [ -91.2527, 29.6559 ], [ -91.2496, 29.6864 ], [ -91.257, 29.6879 ], [ -91.2558, 29.7073 ], [ -91.2648, 29.7096 ], [ -91.2323, 29.7263 ] ] ] } },
{ "type": "Feature", "properties": { "GEOIDFQ": "1400000US22119032000", "NAME": "320", "NAMELSAD": "Census Tract 320" }, "geometry": { "type": "Polygon", "coordinates": [ [ [ -93.2699, 32.6079 ], [ -93.2686, 32.6214 ], [ -93.2843, 32.6211 ], [ -93.2777, 32.6248 ], [ -93.2827, 32.6428 ], [ -93.25, 32.6393 ], [ -93.248, 32.5806 ], [ -93.2922, 32.5911 ], [ -93.2699, 32.6079 ] ] ] } },
{ "type": "Feature", "properties": { "GEOIDFQ": "1400000US22073000700", "NAME": "7", "NAMELSAD": "Census Tract 7" }, "geometry": { "type": "Polygon", "coordinates": [ [ [ -92.0931, 32.5166 ], [ -92.0799, 32.5178 ], [ -92.0828, 32.5023 ], [ -92.1034, 32.5042 ], [ -92.0931, 32.5166 ] ] ] } },
{ "type": "Feature", "properties": { "GEOIDFQ": "1400000US22051020515", "NAME": "205.15", "NAMELSAD": "Census Tract 205.15" }, "geometry": { "type": "Polygon", "coordinates": [ [ [ -90.2796, 30.0235 ], [ -90.2653, 30.0226 ], [ -90.2747, 30.016 ], [ -90.2747, 30.0072 ], [ -90.2796, 30.0235 ] ] ] } },
{ "type": "Feature", "properties": { "GEOIDFQ": "1400000US22073000402", "NAME": "4.02", "NAMELSAD": "Census Tract 4.02" }, "geometry": { "type": "Polygon", "coordinates": [ [ [ -92.0782, 32.5405 ], [ -92.0722, 32.5436 ], [ -92.0692, 32.5196 ], [ -92.0797, 32.5178 ], [ -92.0782, 32.5405 ] ] ] } },
{ "type": "Feature", "properties": { "GEOIDFQ": "1400000US22083970100", "NAME": "9701", "NAMELSAD": "Census Tract 9701" }, "geometry": { "type": "Polygon", "coordinates": [ [ [ -91.5225, 32.4702 ], [ -91.523, 32.4795 ], [ -91.4934, 32.479 ], [ -91.4924, 32.4717 ], [ -91.481, 32.4692 ], [ -91.4715, 32.4344 ], [ -91.486, 32.4359 ], [ -91.4868, 32.4136 ], [ -91.4765, 32.4056 ], [ -91.492, 32.4056 ], [ -91.4964, 32.435 ], [ -91.5177, 32.435 ], [ -91.5294, 32.4663 ], [ -91.5225, 32.4702 ] ] ] } },
{ "type": "Feature", "properties": { "GEOIDFQ": "1400000US22083970600", "NAME": "9706", "NAMELSAD": "Census Tract 9706" }, "geometry": { "type": "Polygon", "coordinates": [ [ [ -92.0225, 32.2792 ], [ -92.0131, 32.291 ], [ -91.9961, 32.2914 ], [ -91.991, 32.3005 ], [ -91.9783, 32.3014 ], [ -91.9286, 32.3437 ], [ -91.9089, 32.3371 ], [ -91.9098, 32.3146 ], [ -91.8987, 32.3001 ], [ -91.9033, 32.3124 ], [ -91.8884, 32.323 ], [ -91.9034, 32.3369 ], [ -91.902, 32.349 ], [ -91.8923, 32.3587 ], [ -91.8787, 32.3532 ], [ -91.8615, 32.3577 ], [ -91.8772, 32.3635 ], [ -91.8877, 32.3869 ], [ -91.8798, 32.3916 ], [ -91.871, 32.3773 ], [ -91.868, 32.3913 ], [ -91.8461, 32.4 ], [ -91.8483, 32.4146 ], [ -91.8266, 32.4144 ], [ -91.8317, 32.4001 ], [ -91.8023, 32.4062 ], [ -91.6965, 32.4057 ], [ -91.6747, 32.393 ], [ -91.6804, 32.3731 ], [ -91.6986, 32.3707 ], [ -91.7035, 32.3425 ], [ -91.7142, 32.3432 ], [ -91.7238, 32.3336 ], [ -91.7408, 32.3339 ], [ -91.746, 32.3394 ], [ -91.7643, 32.3306 ], [ -91.7591, 32.3177 ], [ -91.7661, 32.3107 ], [ -91.7578, 32.3099 ], [ -91.7663, 32.3056 ], [ -91.7618, 32.2985 ], [ -91.7692, 32.2951 ], [ -91.7625, 32.2932 ], [ -91.7741, 32.2774 ], [ -91.7692, 32.2566 ], [ -91.7803, 32.243 ], [ -91.7769, 32.2386 ], [ -91.7873, 32.2389 ], [ -91.7922, 32.2251 ], [ -91.809, 32.2181 ], [ -91.8129, 32.2222 ], [ -91.8313, 32.1802 ], [ -91.8491, 32.1729 ], [ -91.8751, 32.1739 ], [ -91.8947, 32.1516 ], [ -91.9005, 32.1531 ], [ -91.8929, 32.1628 ], [ -91.9106, 32.1691 ], [ -91.9328, 32.1652 ], [ -91.9421, 32.1754 ], [ -91.9806, 32.1666 ], [ -91.9759, 32.1784 ], [ -91.9838, 32.1913 ], [ -91.9738, 32.2036 ], [ -92.0001, 32.1904 ], [ -92.0091, 32.1935 ], [ -92.0064, 32.2016 ], [ -91.9777, 32.2173 ], [ -91.9831, 32.2243 ], [ -91.9902, 32.2138 ], [ -92.0001, 32.2117 ], [ -91.9912, 32.2255 ], [ -92.0075, 32.2311 ], [ -91.9862, 32.2508 ], [ -92.0014, 32.2562 ], [ -91.9917, 32.2645 ], [ -91.9931, 32.2763 ], [ -92.0347, 32.2783 ], [ -92.0225, 32.2792 ] ] ] } },
{ "type": "Feature", "properties": { "GEOIDFQ": "1400000US22083970300", "NAME": "9703", "NAMELSAD": "Census Tract 9703" }, "geometry": { "type": "Polygon", "coordinates": [ [ [ -91.8346, 32.4287 ], [ -91.8281, 32.4472 ], [ -91.8216, 32.4472 ], [ -91.8195, 32.4315 ], [ -91.8143, 32.4409 ], [ -91.808, 32.4405 ], [ -91.8114, 32.4522 ], [ -91.7999, 32.452 ], [ -91.7951, 32.4587 ], [ -91.8087, 32.4621 ], [ -91.8112, 32.4681 ], [ -91.7578, 32.4567 ], [ -91.6962, 32.4562 ], [ -91.6962, 32.5149 ], [ -91.7131, 32.5147 ], [ -91.7177, 32.5079 ], [ -91.7281, 32.5216 ], [ -91.7111, 32.5597 ], [ -91.7034, 32.5402 ], [ -91.6939, 32.5396 ], [ -91.6862, 32.5481 ], [ -91.6975, 32.5563 ], [ -91.6949, 32.5742 ], [ -91.6851, 32.5692 ], [ -91.675, 32.5821 ], [ -91.6904, 32.5939 ], [ -91.6877, 32.614 ], [ -91.6725, 32.6111 ], [ -91.6617, 32.6197 ], [ -91.6369, 32.6582 ], [ -91.6376, 32.6673 ], [ -91.5969, 32.6671 ], [ -91.5942, 32.5821 ], [ -91.6052, 32.5589 ], [ -91.5822, 32.538 ], [ -91.5879, 32.5219 ], [ -91.5805, 32.5036 ], [ -91.6139, 32.4754 ], [ -91.6059, 32.4502 ], [ -91.6157, 32.4453 ], [ -91.6256, 32.4252 ], [ -91.6332, 32.424 ], [ -91.6314, 32.4033 ], [ -91.6411, 32.4031 ], [ -91.6495, 32.3894 ], [ -91.6698, 32.3884 ], [ -91.6736, 32.3831 ], [ -91.676, 32.3956 ], [ -91.6965, 32.4057 ], [ -91.8023, 32.4062 ], [ -91.8317, 32.4001 ], [ -91.8266, 32.4144 ], [ -91.8626, 32.4201 ], [ -91.8346, 32.4287 ] ] ] } },
{ "type": "Feature", "properties": { "GEOIDFQ": "1400000US22083970500", "NAME": "9705", "NAMELSAD": "Census Tract 9705" }, "geometry": { "type": "Polygon", "coordinates": [ [ [ -91.8038, 32.5087 ], [ -91.7969, 32.4994 ], [ -91.7891, 32.5008 ], [ -91.7813, 32.515 ], [ -91.7652, 32.5117 ], [ -91.7838, 32.5051 ], [ -91.7826, 32.4992 ], [ -91.7707, 32.4963 ], [ -91.7555, 32.51 ], [ -91.7452, 32.509 ], [ -91.7505, 32.5021 ], [ -91.7392, 32.5051 ], [ -91.7254, 32.4994 ], [ -91.7137, 32.5145 ], [ -91.6962, 32.5149 ], [ -91.6962, 32.4562 ], [ -91.7578, 32.4567 ], [ -91.8112, 32.4681 ], [ -91.7982, 32.4815 ], [ -91.8203, 32.4949 ], [ -91.8038, 32.5087 ] ] ] } },
{ "type": "Feature", "properties": { "GEOIDFQ": "1400000US22083970400", "NAME": "9704", "NAMELSAD": "Census Tract 9704" }, "geometry": { "type": "Polygon", "coordinates": [ [ [ -92.0198, 32.2976 ], [ -92.0062, 32.3542 ], [ -92.0115, 32.3632 ], [ -91.9942, 32.4011 ], [ -91.9443, 32.4488 ], [ -91.9387, 32.4836 ], [ -91.9036, 32.5094 ], [ -91.8963, 32.5375 ], [ -91.8871, 32.5439 ], [ -91.8664, 32.5225 ], [ -91.8393, 32.5185 ], [ -91.8377, 32.5435 ], [ -91.8169, 32.5547 ], [ -91.8108, 32.5695 ], [ -91.7979, 32.5706 ], [ -91.7692, 32.5542 ], [ -91.7551, 32.5615 ], [ -91.7546, 32.5573 ], [ -91.7423, 32.5589 ], [ -91.7351, 32.5715 ], [ -91.7397, 32.5783 ], [ -91.7199, 32.6057 ], [ -91.706, 32.6132 ], [ -91.6903, 32.6085 ], [ -91.6889, 32.5903 ], [ -91.6751, 32.5811 ], [ -91.6851, 32.5692 ], [ -91.6949, 32.5742 ], [ -91.6975, 32.5563 ], [ -91.6861, 32.5487 ], [ -91.6939, 32.5396 ], [ -91.7071, 32.5431 ], [ -91.712, 32.5588 ], [ -91.7165, 32.5372 ], [ -91.7277, 32.5248 ], [ -91.7176, 32.5076 ], [ -91.7232, 32.5004 ], [ -91.7505, 32.5021 ], [ -91.7452, 32.509 ], [ -91.7548, 32.5101 ], [ -91.7699, 32.4965 ], [ -91.7822, 32.4991 ], [ -91.7803, 32.5085 ], [ -91.765, 32.5091 ], [ -91.7813, 32.515 ], [ -91.7891, 32.5008 ], [ -91.7969, 32.4994 ], [ -91.8038, 32.5087 ], [ -91.8189, 32.4987 ], [ -91.8165, 32.4883 ], [ -91.7982, 32.4815 ], [ -91.811, 32.4696 ], [ -91.81, 32.4632 ], [ -91.7951, 32.4582 ], [ -91.7999, 32.452 ], [ -91.8106, 32.4532 ], [ -91.8074, 32.4414 ], [ -91.8143, 32.4409 ], [ -91.8179, 32.432 ], [ -91.8216, 32.4472 ], [ -91.8278, 32.4473 ], [ -91.8346, 32.4287 ], [ -91.8621, 32.4211 ], [ -91.8481, 32.4145 ], [ -91.844, 32.4043 ], [ -91.868, 32.3913 ], [ -91.871, 32.3773 ], [ -91.8798, 32.3916 ], [ -91.8872, 32.3878 ], [ -91.8776, 32.3641 ], [ -91.8615, 32.3577 ], [ -91.8787, 32.3532 ], [ -91.8923, 32.3587 ], [ -91.902, 32.349 ], [ -91.9034, 32.3369 ], [ -91.8884, 32.323 ], [ -91.9033, 32.3124 ], [ -91.8984, 32.3004 ], [ -91.9098, 32.3146 ], [ -91.9089, 32.3371 ], [ -91.9286, 32.3437 ], [ -91.9783, 32.3014 ], [ -91.991, 32.3005 ], [ -91.9961, 32.2914 ], [ -92.0135, 32.2909 ], [ -92.023, 32.279 ], [ -92.031, 32.2815 ], [ -92.0198, 32.2976 ] ] ] } },
{ "type": "Feature", "properties": { "GEOIDFQ": "1400000US22083970200", "NAME": "9702", "NAMELSAD": "Census Tract 9702" }, "geometry": { "type": "Polygon", "coordinates": [ [ [ -91.6332, 32.424 ], [ -91.6256, 32.4252 ], [ -91.6157, 32.4453 ], [ -91.6059, 32.4502 ], [ -91.6139, 32.4754 ], [ -91.5807, 32.5028 ], [ -91.5806, 32.5153 ], [ -91.5879, 32.5219 ], [ -91.5822, 32.538 ], [ -91.6051, 32.5581 ], [ -91.5942, 32.5821 ], [ -91.4453, 32.582 ], [ -91.431, 32.56 ], [ -91.4423, 32.5523 ], [ -91.441, 32.5431 ], [ -91.4709, 32.5317 ], [ -91.4694, 32.5228 ], [ -91.4852, 32.5028 ], [ -91.482, 32.4736 ], [ -91.523, 32.4795 ], [ -91.5225, 32.4702 ], [ -91.5294, 32.4663 ], [ -91.5177, 32.435 ], [ -91.4964, 32.435 ], [ -91.492, 32.4056 ], [ -91.6351, 32.4065 ], [ -91.6332, 32.424 ] ] ] } },
{ "type": "Feature", "properties": { "GEOIDFQ": "1400000US22119031200", "NAME": "312", "NAMELSAD": "Census Tract 312" }, "geometry": { "type": "Polygon", "coordinates": [ [ [ -93.526, 32.9764 ], [ -93.5305, 32.9832 ], [ -93.5163, 33.0027 ], [ -93.521, 33.0186 ], [ -93.4911, 33.0186 ], [ -93.4784, 32.9906 ], [ -93.4605, 32.9886 ], [ -93.4593, 32.9838 ], [ -93.4586, 32.9877 ], [ -93.4345, 32.9858 ], [ -93.4252, 33.0184 ], [ -93.3921, 33.0183 ], [ -93.3929, 32.9783 ], [ -93.3984, 32.9728 ], [ -93.3885, 32.9636 ], [ -93.3879, 32.9518 ], [ -93.3712, 32.9414 ], [ -93.3699, 32.9308 ], [ -93.3736, 32.9236 ], [ -93.3958, 32.929 ], [ -93.3907, 32.9423 ], [ -93.3983, 32.9583 ], [ -93.417, 32.9619 ], [ -93.4286, 32.9576 ], [ -93.4322, 32.9178 ], [ -93.46, 32.9258 ], [ -93.4598, 32.9177 ], [ -93.4715, 32.9134 ], [ -93.4808, 32.9272 ], [ -93.4976, 32.9225 ], [ -93.4965, 32.9281 ], [ -93.5137, 32.9403 ], [ -93.5194, 32.9649 ], [ -93.5308, 32.9679 ], [ -93.526, 32.9764 ] ] ] } },
{ "type": "Feature", "properties": { "GEOIDFQ": "1400000US22119031700", "NAME": "317", "NAMELSAD": "Census Tract 317" }, "geometry": { "type": "Polygon", "coordinates": [ [ [ -93.3144, 32.6068 ], [ -93.3187, 32.6141 ], [ -93.3129, 32.6156 ], [ -93.3096, 32.6389 ], [ -93.302, 32.6299 ], [ -93.304, 32.6211 ], [ -93.2875, 32.6141 ], [ -93.2846, 32.594 ], [ -93.2916, 32.5893 ], [ -93.3317, 32.5976 ], [ -93.3144, 32.6068 ] ] ] } },
{ "type": "Feature", "properties": { "GEOIDFQ": "1400000US22119031600", "NAME": "316", "NAMELSAD": "Census Tract 316" }, "geometry": { "type": "Polygon", "coordinates": [ [ [ -93.3449, 32.7636 ], [ -93.3428, 32.7825 ], [ -93.3277, 32.7768 ], [ -93.3265, 32.7595 ], [ -93.3165, 32.7568 ], [ -93.2912, 32.7681 ], [ -93.2788, 32.7631 ], [ -93.2736, 32.7696 ], [ -93.2544, 32.7717 ], [ -93.2377, 32.7528 ], [ -93.2377, 32.716 ], [ -93.1867, 32.7162 ], [ -93.1863, 32.6872 ], [ -93.2497, 32.6265 ], [ -93.25, 32.6393 ], [ -93.2827, 32.6428 ], [ -93.2843, 32.6367 ], [ -93.3039, 32.6338 ], [ -93.3099, 32.6387 ], [ -93.3129, 32.6156 ], [ -93.3187, 32.6141 ], [ -93.3144, 32.6068 ], [ -93.3319, 32.5975 ], [ -93.3371, 32.6034 ], [ -93.331, 32.6121 ], [ -93.3411, 32.6148 ], [ -93.3434, 32.623 ], [ -93.3381, 32.6482 ], [ -93.3553, 32.6671 ], [ -93.3496, 32.7044 ], [ -93.3651, 32.7462 ], [ -93.3449, 32.7636 ] ] ] } },
{ "type": "Feature", "properties": { "GEOIDFQ": "1400000US22119031100", "NAME": "311", "NAMELSAD": "Census Tract 311" }, "geometry": { "type": "Polygon", "coordinates": [ [ [ -93.3929, 32.9783 ], [ -93.3921, 33.0183 ], [ -93.2386, 33.0181 ], [ -93.2377, 32.7528 ], [ -93.2565, 32.7723 ], [ -93.2736, 32.7696 ], [ -93.2788, 32.7631 ], [ -93.291, 32.7682 ], [ -93.3103, 32.7579 ], [ -93.3265, 32.7595 ], [ -93.3277, 32.7768 ], [ -93.3377, 32.7809 ], [ -93.3401, 32.7931 ], [ -93.3288, 32.8071 ], [ -93.3297, 32.8248 ], [ -93.356, 32.846 ], [ -93.3605, 32.8755 ], [ -93.3738, 32.8765 ], [ -93.3941, 32.9009 ], [ -93.3697, 32.9321 ], [ -93.3984, 32.973 ], [ -93.3929, 32.9783 ] ] ] } },
{ "type": "Feature", "properties": { "GEOIDFQ": "1400000US22119031400", "NAME": "314", "NAMELSAD": "Census Tract 314" }, "geometry": { "type": "Polygon", "coordinates": [ [ [ -93.4695, 32.9046 ], [ -93.4723, 32.9096 ], [ -93.4597, 32.9178 ], [ -93.46, 32.9258 ], [ -93.4322, 32.9178 ], [ -93.4286, 32.9576 ], [ -93.417, 32.9619 ], [ -93.3983, 32.9583 ], [ -93.3907, 32.9423 ], [ -93.3958, 32.929 ], [ -93.3736, 32.9236 ], [ -93.3941, 32.9009 ], [ -93.3738, 32.8765 ], [ -93.3598, 32.8746 ], [ -93.356, 32.846 ], [ -93.3285, 32.8203 ], [ -93.3488, 32.7606 ], [ -93.3661, 32.755 ], [ -93.3809, 32.7803 ], [ -93.3997, 32.7795 ], [ -93.3882, 32.7655 ], [ -93.3934, 32.7624 ], [ -93.4121, 32.7628 ], [ -93.4291, 32.7711 ], [ -93.4388, 32.7683 ], [ -93.4507, 32.7762 ], [ -93.455, 32.7613 ], [ -93.4697, 32.7612 ], [ -93.4651, 32.7724 ], [ -93.4742, 32.7878 ], [ -93.4597, 32.8061 ], [ -93.4618, 32.8062 ], [ -93.4712, 32.8119 ], [ -93.4621, 32.8105 ], [ -93.4539, 32.8219 ], [ -93.4676, 32.8482 ], [ -93.4548, 32.851 ], [ -93.4567, 32.8628 ], [ -93.4479, 32.8667 ], [ -93.4642, 32.8686 ], [ -93.4655, 32.8792 ], [ -93.4812, 32.8911 ], [ -93.4827, 32.904 ], [ -93.4695, 32.9046 ] ] ] } },
{ "type": "Feature", "properties": { "GEOIDFQ": "1400000US22119031300", "NAME": "313", "NAMELSAD": "Census Tract 313" }, "geometry": { "type": "Polygon", "coordinates": [ [ [ -93.4252, 33.0184 ], [ -93.4338, 32.9866 ], [ -93.4586, 32.9877 ], [ -93.4593, 32.9838 ], [ -93.4605, 32.9886 ], [ -93.476, 32.9884 ], [ -93.4911, 33.0186 ], [ -93.4252, 33.0184 ] ] ] } },
{ "type": "Feature", "properties": { "GEOIDFQ": "1400000US22017025300", "NAME": "253", "NAMELSAD": "Census Tract 253" }, "geometry": { "type": "Polygon", "coordinates": [ [ [ -93.756, 32.5143 ], [ -93.7603, 32.522 ], [ -93.7453, 32.5207 ], [ -93.7268, 32.5039 ], [ -93.7536, 32.4999 ], [ -93.7536, 32.5079 ], [ -93.761, 32.5036 ], [ -93.7611, 32.5146 ], [ -93.756, 32.5143 ] ] ] } },
{ "type": "Feature", "properties": { "GEOIDFQ": "1400000US22073010302", "NAME": "103.02", "NAMELSAD": "Census Tract 103.02" }, "geometry": { "type": "Polygon", "coordinates": [ [ [ -92.1329, 32.5694 ], [ -92.1198, 32.5817 ], [ -92.0972, 32.5772 ], [ -92.1044, 32.5876 ], [ -92.0927, 32.5985 ], [ -92.1228, 32.6183 ], [ -92.1218, 32.6228 ], [ -92.1038, 32.6251 ], [ -92.0986, 32.6338 ], [ -92.1268, 32.6334 ], [ -92.1409, 32.6738 ], [ -92.1202, 32.6736 ], [ -92.0914, 32.6866 ], [ -92.0673, 32.7221 ], [ -92.0479, 32.7198 ], [ -92.0657, 32.7096 ], [ -92.0521, 32.7152 ], [ -92.0559, 32.6981 ], [ -92.0426, 32.7 ], [ -92.0504, 32.691 ], [ -92.0448, 32.6697 ], [ -92.0631, 32.6354 ], [ -92.0612, 32.6133 ], [ -92.0757, 32.5592 ], [ -92.0923, 32.569 ], [ -92.1171, 32.5704 ], [ -92.1293, 32.556 ], [ -92.1438, 32.5683 ], [ -92.1329, 32.5694 ] ] ] } },
{ "type": "Feature", "properties": { "GEOIDFQ": "1400000US22109000106", "NAME": "1.06", "NAMELSAD": "Census Tract 1.06" }, "geometry": { "type": "Polygon", "coordinates": [ [ [ -90.7829, 29.7303 ], [ -90.7668, 29.6959 ], [ -90.7511, 29.6828 ], [ -90.7836, 29.6798 ], [ -90.801, 29.727 ], [ -90.7829, 29.7303 ] ] ] } },
{ "type": "Feature", "properties": { "GEOIDFQ": "1400000US22101040200", "NAME": "402", "NAMELSAD": "Census Tract 402" }, "geometry": { "type": "Polygon", "coordinates": [ [ [ -91.2067, 29.7276 ], [ -91.2061, 29.7463 ], [ -91.1791, 29.7281 ], [ -91.1885, 29.7123 ], [ -91.1838, 29.7059 ], [ -91.1732, 29.7064 ], [ -91.1729, 29.6967 ], [ -91.1885, 29.694 ], [ -91.2035, 29.701 ], [ -91.2139, 29.7207 ], [ -91.2067, 29.7276 ] ] ] } },
{ "type": "Feature", "properties": { "GEOIDFQ": "1400000US22101040600", "NAME": "406", "NAMELSAD": "Census Tract 406" }, "geometry": { "type": "Polygon", "coordinates": [ [ [ -91.2914, 29.68 ], [ -91.2785, 29.6837 ], [ -91.2664, 29.7081 ], [ -91.2571, 29.7092 ], [ -91.257, 29.6879 ], [ -91.2496, 29.6864 ], [ -91.2527, 29.6559 ], [ -91.2925, 29.6457 ], [ -91.2914, 29.68 ] ] ] } },
{ "type": "Feature", "properties": { "GEOIDFQ": "1400000US22101040700", "NAME": "407", "NAMELSAD": "Census Tract 407" }, "geometry": { "type": "Polygon", "coordinates": [ [ [ -91.3039, 29.7063 ], [ -91.3051, 29.7127 ], [ -91.2983, 29.7148 ], [ -91.3013, 29.6965 ], [ -91.2921, 29.6783 ], [ -91.3191, 29.6912 ], [ -91.3039, 29.7063 ] ] ] } },
{ "type": "Feature", "properties": { "GEOIDFQ": "1400000US22047952902", "NAME": "9529.02", "NAMELSAD": "Census Tract 9529.02" }, "geometry": { "type": "Polygon", "coordinates": [ [ [ -91.2472, 30.183 ], [ -91.2247, 30.1749 ], [ -91.2263, 30.1804 ], [ -91.2085, 30.199 ], [ -91.1847, 30.2054 ], [ -91.2035, 30.2379 ], [ -91.1568, 30.259 ], [ -91.1495, 30.2497 ], [ -91.1287, 30.2417 ], [ -91.1189, 30.2519 ], [ -91.1095, 30.2496 ], [ -91.1623, 30.2057 ], [ -91.1631, 30.1887 ], [ -91.1425, 30.1792 ], [ -91.144, 30.1743 ], [ -91.1576, 30.1367 ], [ -91.1968, 30.106 ], [ -91.2228, 30.1137 ], [ -91.2175, 30.1249 ], [ -91.2063, 30.1264 ], [ -91.2081, 30.1328 ], [ -91.2451, 30.1394 ], [ -91.2763, 30.1264 ], [ -91.2803, 30.1397 ], [ -91.2472, 30.183 ] ] ] } },
{ "type": "Feature", "properties": { "GEOIDFQ": "1400000US22047952901", "NAME": "9529.01", "NAMELSAD": "Census Tract 9529.01" }, "geometry": { "type": "Polygon", "coordinates": [ [ [ -91.4753, 30.2292 ], [ -91.4663, 30.2326 ], [ -91.4472, 30.2259 ], [ -91.4291, 30.2324 ], [ -91.4196, 30.2235 ], [ -91.3997, 30.2407 ], [ -91.3695, 30.2265 ], [ -91.3175, 30.2192 ], [ -91.3192, 30.2575 ], [ -91.2803, 30.2472 ], [ -91.2713, 30.2504 ], [ -91.262, 30.2696 ], [ -91.2383, 30.2501 ], [ -91.22, 30.2642 ], [ -91.1847, 30.2054 ], [ -91.2085, 30.199 ], [ -91.2263, 30.1804 ], [ -91.2247, 30.1749 ], [ -91.2472, 30.183 ], [ -91.2807, 30.1394 ], [ -91.2763, 30.1264 ], [ -91.2978, 30.108 ], [ -91.3028, 30.0902 ], [ -91.2981, 30.075 ], [ -91.2691, 30.0593 ], [ -91.3538, 30.0611 ], [ -91.3667, 30.0547 ], [ -91.3718, 30.0816 ], [ -91.3888, 30.1024 ], [ -91.4639, 30.1027 ], [ -91.4703, 30.1093 ], [ -91.4613, 30.1312 ], [ -91.4724, 30.1421 ], [ -91.4718, 30.1863 ], [ -91.4902, 30.2019 ], [ -91.4753, 30.2292 ] ] ] } },
{ "type": "Feature", "properties": { "GEOIDFQ": "1400000US22047952702", "NAME": "9527.02", "NAMELSAD": "Census Tract 9527.02" }, "geometry": { "type": "Polygon", "coordinates": [ [ [ -91.219, 30.3235 ], [ -91.142, 30.3227 ], [ -91.153, 30.3142 ], [ -91.187, 30.3169 ], [ -91.2187, 30.3112 ], [ -91.2385, 30.293 ], [ -91.2356, 30.2887 ], [ -91.262, 30.2696 ], [ -91.2651, 30.2756 ], [ -91.2541, 30.2874 ], [ -91.2656, 30.2934 ], [ -91.2684, 30.3229 ], [ -91.219, 30.3235 ] ] ] } },
{ "type": "Feature", "properties": { "GEOIDFQ": "1400000US22021000200", "NAME": "2", "NAMELSAD": "Census Tract 2" }, "geometry": { "type": "Polygon", "coordinates": [ [ [ -92.3122, 32.2773 ], [ -92.1648, 32.2769 ], [ -92.1523, 32.2637 ], [ -92.1554, 32.2399 ], [ -92.1447, 32.2345 ], [ -92.1281, 32.237 ], [ -92.1361, 32.2261 ], [ -92.1175, 32.2206 ], [ -92.1391, 32.2079 ], [ -92.1328, 32.1981 ], [ -92.1204, 32.1967 ], [ -92.1123, 32.1885 ], [ -92.1078, 32.1434 ], [ -92.0983, 32.1331 ], [ -92.0826, 32.1359 ], [ -92.091, 32.1264 ], [ -92.0719, 32.1215 ], [ -92.0797, 32.1126 ], [ -92.0716, 32.1062 ], [ -92.0464, 32.1105 ], [ -92.0541, 32.0943 ], [ -92.0446, 32.0807 ], [ -92.0917, 32.0684 ], [ -92.092, 32.0844 ], [ -92.1062, 32.077 ], [ -92.1282, 32.0802 ], [ -92.1192, 32.0728 ], [ -92.1201, 32.0513 ], [ -92.1517, 32.0579 ], [ -92.1764, 32.0776 ], [ -92.1866, 32.0802 ], [ -92.2002, 32.0737 ], [ -92.2206, 32.0442 ], [ -92.2178, 32.0169 ], [ -92.1705, 31.9908 ], [ -92.1836, 31.9474 ], [ -92.2025, 31.9278 ], [ -92.3125, 31.9277 ], [ -92.3122, 32.2773 ] ] ] } },
{ "type": "Feature", "properties": { "GEOIDFQ": "1400000US22021000300", "NAME": "3", "NAMELSAD": "Census Tract 3" }, "geometry": { "type": "Polygon", "coordinates": [ [ [ -92.2014, 32.0725 ], [ -92.1866, 32.0802 ], [ -92.1517, 32.0579 ], [ -92.1277, 32.0512 ], [ -92.1201, 32.0513 ], [ -92.1192, 32.0727 ], [ -92.1282, 32.0802 ], [ -92.1062, 32.077 ], [ -92.092, 32.0844 ], [ -92.0924, 32.0684 ], [ -92.0307, 32.0796 ], [ -92.0204, 32.0694 ], [ -92.0408, 32.0661 ], [ -92.0415, 32.0471 ], [ -92.0054, 32.0458 ], [ -92.023, 32.0382 ], [ -92.0212, 32.0318 ], [ -91.9959, 32.0319 ], [ -91.9854, 32.0216 ], [ -92.0034, 32.019 ], [ -92.0039, 32.0144 ], [ -91.9759, 32.003 ], [ -91.9716, 31.9818 ], [ -91.957, 31.9661 ], [ -91.9433, 31.9628 ], [ -91.9493, 31.9547 ], [ -91.9372, 31.9502 ], [ -91.9384, 31.9274 ], [ -92.2025, 31.9278 ], [ -92.1836, 31.9474 ], [ -92.1705, 31.9908 ], [ -92.2177, 32.0168 ], [ -92.2145, 32.0283 ], [ -92.2207, 32.0421 ], [ -92.2014, 32.0725 ] ] ] } },
{ "type": "Feature", "properties": { "GEOIDFQ": "1400000US22021000100", "NAME": "1", "NAMELSAD": "Census Tract 1" }, "geometry": { "type": "Polygon", "coordinates": [ [ [ -92.1526, 32.2588 ], [ -92.1063, 32.2587 ], [ -92.1065, 32.2769 ], [ -91.9934, 32.2768 ], [ -91.9917, 32.2645 ], [ -92.0014, 32.2562 ], [ -91.9862, 32.2508 ], [ -92.0075, 32.2311 ], [ -91.9912, 32.2255 ], [ -92.0001, 32.2117 ], [ -91.9902, 32.2138 ], [ -91.9831, 32.2243 ], [ -91.9777, 32.2173 ], [ -92.0064, 32.2016 ], [ -92.0081, 32.1916 ], [ -92.0001, 32.1904 ], [ -91.9753, 32.2043 ], [ -91.973, 32.1981 ], [ -91.9838, 32.1913 ], [ -91.9759, 32.1784 ], [ -91.9799, 32.1661 ], [ -91.9425, 32.1755 ], [ -91.9328, 32.1652 ], [ -91.9106, 32.1691 ], [ -91.892, 32.1621 ], [ -91.9005, 32.1531 ], [ -91.8947, 32.1516 ], [ -91.8976, 32.1422 ], [ -91.8831, 32.1323 ], [ -91.8852, 32.1198 ], [ -91.8741, 32.126 ], [ -91.8692, 32.1162 ], [ -91.8758, 32.1059 ], [ -91.8682, 32.0916 ], [ -91.8892, 32.0902 ], [ -91.8902, 32.0835 ], [ -91.8963, 32.0867 ], [ -91.9014, 32.075 ], [ -91.9019, 32.0827 ], [ -91.9127, 32.0852 ], [ -91.9148, 32.0774 ], [ -91.9332, 32.0669 ], [ -91.9221, 32.0663 ], [ -91.917, 32.0571 ], [ -91.9094, 32.0616 ], [ -91.9132, 32.0533 ], [ -91.8982, 32.0396 ], [ -91.9042, 32.039 ], [ -91.8985, 32.033 ], [ -91.9028, 32.0254 ], [ -91.8944, 32.0101 ], [ -91.9019, 31.9948 ], [ -91.8898, 31.9717 ], [ -91.9045, 31.9714 ], [ -91.9036, 31.9275 ], [ -91.9394, 31.9282 ], [ -91.9372, 31.9502 ], [ -91.9493, 31.9547 ], [ -91.9433, 31.9628 ], [ -91.957, 31.9661 ], [ -91.9716, 31.9818 ], [ -91.9759, 32.003 ], [ -92.0039, 32.0144 ], [ -92.0034, 32.019 ], [ -91.9854, 32.0216 ], [ -91.9959, 32.0319 ], [ -92.0212, 32.0318 ], [ -92.023, 32.0382 ], [ -92.0054, 32.0458 ], [ -92.0415, 32.0471 ], [ -92.0408, 32.0661 ], [ -92.0207, 32.0704 ], [ -92.0307, 32.0796 ], [ -92.0547, 32.0742 ], [ -92.0446, 32.0807 ], [ -92.0541, 32.0943 ], [ -92.0456, 32.1096 ], [ -92.0716, 32.1062 ], [ -92.0797, 32.1126 ], [ -92.0719, 32.1215 ], [ -92.091, 32.1264 ], [ -92.0826, 32.1359 ], [ -92.0983, 32.1331 ], [ -92.1051, 32.14 ], [ -92.1123, 32.1885 ], [ -92.1204, 32.1967 ], [ -92.1328, 32.1981 ], [ -92.1391, 32.2079 ], [ -92.1175, 32.2206 ], [ -92.1361, 32.2261 ], [ -92.1281, 32.237 ], [ -92.1447, 32.2345 ], [ -92.1558, 32.243 ], [ -92.1526, 32.2588 ] ] ] } },
{ "type": "Feature", "properties": { "GEOIDFQ": "1400000US22001960501", "NAME": "9605.01", "NAMELSAD": "Census Tract 9605.01" }, "geometry": { "type": "Polygon", "coordinates": [ [ [ -92.2497, 30.2934 ], [ -92.2507, 30.2989 ], [ -92.2391, 30.2968 ], [ -92.23, 30.3059 ], [ -92.211, 30.3005 ], [ -92.2093, 30.3103 ], [ -92.1418, 30.3098 ], [ -92.1421, 30.2845 ], [ -92.1595, 30.2846 ], [ -92.1593, 30.27 ], [ -92.1763, 30.2702 ], [ -92.1762, 30.2628 ], [ -92.2444, 30.257 ], [ -92.2618, 30.2756 ], [ -92.2627, 30.2848 ], [ -92.2497, 30.2934 ] ] ] } },
{ "type": "Feature", "properties": { "GEOIDFQ": "1400000US22001960902", "NAME": "9609.02", "NAMELSAD": "Census Tract 9609.02" }, "geometry": { "type": "Polygon", "coordinates": [ [ [ -92.4361, 30.2126 ], [ -92.426, 30.208 ], [ -92.407, 30.2169 ], [ -92.4032, 30.2273 ], [ -92.3898, 30.2077 ], [ -92.3967, 30.2047 ], [ -92.394, 30.1997 ], [ -92.4147, 30.1908 ], [ -92.4183, 30.1976 ], [ -92.4341, 30.1947 ], [ -92.4448, 30.2016 ], [ -92.4361, 30.2126 ] ] ] } },
{ "type": "Feature", "properties": { "GEOIDFQ": "1400000US22017980000", "NAME": "9800", "NAMELSAD": "Census Tract 9800" }, "geometry": { "type": "Polygon", "coordinates": [ [ [ -93.8407, 32.4567 ], [ -93.8101, 32.4566 ], [ -93.8074, 32.4421 ], [ -93.8182, 32.4314 ], [ -93.8306, 32.4333 ], [ -93.8407, 32.4567 ] ] ] } },
{ "type": "Feature", "properties": { "GEOIDFQ": "1400000US22089063200", "NAME": "632", "NAMELSAD": "Census Tract 632" }, "geometry": { "type": "Polygon", "coordinates": [ [ [ -90.539, 30.0022 ], [ -90.5381, 30.0076 ], [ -90.5215, 29.9783 ], [ -90.4943, 29.963 ], [ -90.4779, 29.9566 ], [ -90.4694, 29.9755 ], [ -90.4351, 29.9547 ], [ -90.3994, 29.8942 ], [ -90.4289, 29.8814 ], [ -90.4136, 29.881 ], [ -90.4131, 29.8606 ], [ -90.3327, 29.8614 ], [ -90.3351, 29.853 ], [ -90.2317, 29.8571 ], [ -90.1732, 29.8275 ], [ -90.1695, 29.8064 ], [ -90.2282, 29.692 ], [ -90.3521, 29.6955 ], [ -90.3615, 29.7075 ], [ -90.3611, 29.7382 ], [ -90.3709, 29.7462 ], [ -90.375, 29.7628 ], [ -90.4299, 29.7764 ], [ -90.4692, 29.8046 ], [ -90.4799, 29.8474 ], [ -90.4989, 29.8651 ], [ -90.5157, 29.8647 ], [ -90.5296, 29.885 ], [ -90.5322, 29.9679 ], [ -90.5493, 29.968 ], [ -90.5497, 30.0021 ], [ -90.539, 30.0022 ] ] ] } },
{ "type": "Feature", "properties": { "GEOIDFQ": "1400000US22079013700", "NAME": "137", "NAMELSAD": "Census Tract 137" }, "geometry": { "type": "Polygon", "coordinates": [ [ [ -92.4098, 31.4369 ], [ -92.2423, 31.4688 ], [ -92.2614, 31.4365 ], [ -92.2539, 31.4205 ], [ -92.2636, 31.3962 ], [ -92.2896, 31.382 ], [ -92.3212, 31.3875 ], [ -92.3874, 31.3722 ], [ -92.3718, 31.3677 ], [ -92.3732, 31.3588 ], [ -92.4032, 31.3586 ], [ -92.4122, 31.411 ], [ -92.4098, 31.4369 ] ] ] } },
{ "type": "Feature", "properties": { "GEOIDFQ": "1400000US22079013900", "NAME": "139", "NAMELSAD": "Census Tract 139" }, "geometry": { "type": "Polygon", "coordinates": [ [ [ -92.4518, 31.327 ], [ -92.4488, 31.3171 ], [ -92.4308, 31.3042 ], [ -92.4419, 31.2842 ], [ -92.4487, 31.3046 ], [ -92.47, 31.3174 ], [ -92.4518, 31.327 ] ] ] } },
{ "type": "Feature", "properties": { "GEOIDFQ": "1400000US22071000800", "NAME": "8", "NAMELSAD": "Census Tract 8" }, "geometry": { "type": "Polygon", "coordinates": [ [ [ -90.0139, 29.9609 ], [ -90.0155, 29.9557 ], [ -90.024, 29.9576 ], [ -90.026, 29.9612 ], [ -90.0139, 29.9609 ] ] ] } },
{ "type": "Feature", "properties": { "GEOIDFQ": "1400000US22071003600", "NAME": "36", "NAMELSAD": "Census Tract 36" }, "geometry": { "type": "Polygon", "coordinates": [ [ [ -90.0724, 29.9825 ], [ -90.0717, 29.9832 ], [ -90.0737, 29.9746 ], [ -90.0724, 29.9825 ] ] ] } },
{ "type": "Feature", "properties": { "GEOIDFQ": "1400000US22071011400", "NAME": "114", "NAMELSAD": "Census Tract 114" }, "geometry": { "type": "Polygon", "coordinates": [ [ [ -90.1233, 29.9228 ], [ -90.115, 29.9209 ], [ -90.1162, 29.9165 ], [ -90.1233, 29.9228 ] ] ] } },
{ "type": "Feature", "properties": { "GEOIDFQ": "1400000US22011960600", "NAME": "9606", "NAMELSAD": "Census Tract 9606" }, "geometry": { "type": "Polygon", "coordinates": [ [ [ -93.7223, 30.4202 ], [ -93.7261, 30.4307 ], [ -93.7181, 30.4226 ], [ -93.7127, 30.4332 ], [ -93.7023, 30.4298 ], [ -93.6975, 30.4432 ], [ -93.7075, 30.445 ], [ -93.7021, 30.4498 ], [ -93.7063, 30.4581 ], [ -93.699, 30.4588 ], [ -93.7174, 30.4838 ], [ -93.7098, 30.4826 ], [ -93.7171, 30.4944 ], [ -93.7087, 30.4991 ], [ -93.7151, 30.5013 ], [ -93.7068, 30.5071 ], [ -93.7118, 30.5109 ], [ -93.7077, 30.5213 ], [ -93.7165, 30.5192 ], [ -93.7403, 30.5396 ], [ -93.7288, 30.5453 ], [ -93.7278, 30.5741 ], [ -93.7151, 30.579 ], [ -93.7125, 30.5886 ], [ -93.6929, 30.5944 ], [ -93.6878, 30.5901 ], [ -93.6922, 30.5857 ], [ -93.6866, 30.5857 ], [ -93.6789, 30.5936 ], [ -93.6891, 30.6114 ], [ -93.682, 30.6186 ], [ -93.683, 30.6413 ], [ -93.655, 30.6702 ], [ -93.6486, 30.6676 ], [ -93.6313, 30.6779 ], [ -93.6204, 30.6941 ], [ -93.6247, 30.6999 ], [ -93.6172, 30.7186 ], [ -93.6056, 30.7168 ], [ -93.6136, 30.7221 ], [ -93.6098, 30.7273 ], [ -93.6177, 30.7289 ], [ -93.6091, 30.73 ], [ -93.619, 30.7403 ], [ -93.6084, 30.7467 ], [ -93.6144, 30.7601 ], [ -93.5921, 30.7637 ], [ -93.5927, 30.7751 ], [ -93.5832, 30.7786 ], [ -93.5894, 30.7867 ], [ -93.5819, 30.789 ], [ -93.5838, 30.8018 ], [ -93.5608, 30.8086 ], [ -93.5646, 30.8164 ], [ -93.5544, 30.8235 ], [ -93.5531, 30.8331 ], [ -93.5687, 30.8442 ], [ -93.5573, 30.8521 ], [ -93.5621, 30.8593 ], [ -93.5549, 30.877 ], [ -93.5232, 30.8798 ], [ -93.5096, 30.8685 ], [ -93.4787, 30.8592 ], [ -93.4622, 30.8689 ], [ -93.4547, 30.8607 ], [ -93.4503, 30.8318 ], [ -93.4611, 30.8289 ], [ -93.4874, 30.7993 ], [ -93.4967, 30.799 ], [ -93.4994, 30.783 ], [ -93.4903, 30.7702 ], [ -93.4966, 30.7662 ], [ -93.4433, 30.7664 ], [ -93.453, 30.7499 ], [ -93.4436, 30.7288 ], [ -93.455, 30.7124 ], [ -93.4577, 30.6712 ], [ -93.4789, 30.6434 ], [ -93.4646, 30.6061 ], [ -93.4782, 30.5981 ], [ -93.4741, 30.5841 ], [ -93.4866, 30.5628 ], [ -93.5037, 30.5626 ], [ -93.5031, 30.4781 ], [ -93.4863, 30.4755 ], [ -93.4862, 30.4025 ], [ -93.7417, 30.403 ], [ -93.7223, 30.4202 ] ] ] } },
{ "type": "Feature", "properties": { "GEOIDFQ": "1400000US22011960400", "NAME": "9604", "NAMELSAD": "Census Tract 9604" }, "geometry": { "type": "Polygon", "coordinates": [ [ [ -93.2973, 30.8327 ], [ -93.2973, 30.8469 ], [ -93.2604, 30.8475 ], [ -93.2425, 30.8244 ], [ -93.2422, 30.8032 ], [ -93.2839, 30.8031 ], [ -93.2844, 30.8104 ], [ -93.3055, 30.8104 ], [ -93.3056, 30.8255 ], [ -93.2973, 30.8327 ] ] ] } },
{ "type": "Feature", "properties": { "GEOIDFQ": "1400000US22011960300", "NAME": "9603", "NAMELSAD": "Census Tract 9603" }, "geometry": { "type": "Polygon", "coordinates": [ [ [ -93.3045, 30.87 ], [ -93.284, 30.8709 ], [ -93.2825, 30.883 ], [ -93.2471, 30.8831 ], [ -93.2429, 30.8758 ], [ -93.2429, 30.855 ], [ -93.2524, 30.8428 ], [ -93.2615, 30.8478 ], [ -93.2973, 30.8469 ], [ -93.3017, 30.8578 ], [ -93.3186, 30.8619 ], [ -93.3045, 30.87 ] ] ] } },
{ "type": "Feature", "properties": { "GEOIDFQ": "1400000US22011960200", "NAME": "9602", "NAMELSAD": "Census Tract 9602" }, "geometry": { "type": "Polygon", "coordinates": [ [ [ -93.4967, 30.799 ], [ -93.4874, 30.7993 ], [ -93.4611, 30.8289 ], [ -93.4503, 30.8318 ], [ -93.4608, 30.8666 ], [ -93.4357, 30.8818 ], [ -93.3536, 30.883 ], [ -93.3478, 30.8133 ], [ -93.3359, 30.8183 ], [ -93.3358, 30.8103 ], [ -93.2844, 30.8104 ], [ -93.2839, 30.8031 ], [ -93.2473, 30.8031 ], [ -93.2422, 30.8032 ], [ -93.2423, 30.8233 ], [ -93.2524, 30.8428 ], [ -93.2428, 30.8552 ], [ -93.2471, 30.8831 ], [ -93.1554, 30.8836 ], [ -93.1553, 30.862 ], [ -93.1844, 30.8619 ], [ -93.1839, 30.8246 ], [ -93.1922, 30.8209 ], [ -93.1921, 30.7956 ], [ -93.1991, 30.7956 ], [ -93.1856, 30.7777 ], [ -93.1978, 30.7692 ], [ -93.1837, 30.7658 ], [ -93.1837, 30.7377 ], [ -93.3293, 30.7373 ], [ -93.3151, 30.7499 ], [ -93.3069, 30.7812 ], [ -93.3419, 30.7463 ], [ -93.3789, 30.7305 ], [ -93.4012, 30.7657 ], [ -93.4966, 30.7662 ], [ -93.4903, 30.7702 ], [ -93.4994, 30.783 ], [ -93.4967, 30.799 ] ] ] } },
{ "type": "Feature", "properties": { "GEOIDFQ": "1400000US22011960500", "NAME": "9605", "NAMELSAD": "Census Tract 9605" }, "geometry": { "type": "Polygon", "coordinates": [ [ [ -93.2825, 30.883 ], [ -93.284, 30.8709 ], [ -93.3186, 30.865 ], [ -93.2973, 30.8504 ], [ -93.3055, 30.8104 ], [ -93.3358, 30.8103 ], [ -93.3359, 30.8183 ], [ -93.3478, 30.8133 ], [ -93.3536, 30.883 ], [ -93.2825, 30.883 ] ] ] } },
{ "type": "Feature", "properties": { "GEOIDFQ": "1400000US22059970100", "NAME": "9701", "NAMELSAD": "Census Tract 9701" }, "geometry": { "type": "Polygon", "coordinates": [ [ [ -92.357, 31.8031 ], [ -92.3622, 31.8081 ], [ -92.3405, 31.8134 ], [ -92.3427, 31.8235 ], [ -92.3362, 31.8228 ], [ -92.3414, 31.8315 ], [ -92.3291, 31.8493 ], [ -92.3377, 31.854 ], [ -92.3215, 31.8618 ], [ -92.3253, 31.8715 ], [ -92.3195, 31.8833 ], [ -92.3248, 31.8869 ], [ -92.3124, 31.8962 ], [ -92.3125, 31.9277 ], [ -92.0056, 31.9274 ], [ -92.0085, 31.7288 ], [ -92.0637, 31.7452 ], [ -92.0696, 31.7424 ], [ -92.0751, 31.7521 ], [ -92.0948, 31.7429 ], [ -92.1076, 31.7599 ], [ -92.1301, 31.7706 ], [ -92.1491, 31.7619 ], [ -92.1602, 31.7642 ], [ -92.1972, 31.8343 ], [ -92.2084, 31.8243 ], [ -92.2262, 31.829 ], [ -92.2376, 31.8228 ], [ -92.2577, 31.8355 ], [ -92.2765, 31.8419 ], [ -92.2861, 31.8384 ], [ -92.2908, 31.8443 ], [ -92.3211, 31.8151 ], [ -92.3138, 31.8053 ], [ -92.3157, 31.7936 ], [ -92.326, 31.7988 ], [ -92.3392, 31.7927 ], [ -92.363, 31.7946 ], [ -92.357, 31.8031 ] ] ] } },
{ "type": "Feature", "properties": { "GEOIDFQ": "1400000US22059970200", "NAME": "9702", "NAMELSAD": "Census Tract 9702" }, "geometry": { "type": "Polygon", "coordinates": [ [ [ -92.1868, 31.733 ], [ -92.1772, 31.7605 ], [ -92.161, 31.7665 ], [ -92.1491, 31.7619 ], [ -92.1301, 31.7706 ], [ -92.1035, 31.7566 ], [ -92.1013, 31.7452 ], [ -92.0892, 31.7434 ], [ -92.0751, 31.7521 ], [ -92.0696, 31.7424 ], [ -92.0637, 31.7452 ], [ -92.049, 31.7381 ], [ -92.0888, 31.7101 ], [ -92.1247, 31.6371 ], [ -92.1305, 31.649 ], [ -92.1406, 31.6517 ], [ -92.1395, 31.6585 ], [ -92.155, 31.6628 ], [ -92.1565, 31.6776 ], [ -92.1899, 31.669 ], [ -92.1807, 31.6949 ], [ -92.2047, 31.702 ], [ -92.2089, 31.7196 ], [ -92.1868, 31.733 ] ] ] } },
{ "type": "Feature", "properties": { "GEOIDFQ": "1400000US22059970300", "NAME": "9703", "NAMELSAD": "Census Tract 9703" }, "geometry": { "type": "Polygon", "coordinates": [ [ [ -92.3688, 31.6169 ], [ -92.3663, 31.628 ], [ -92.3526, 31.6236 ], [ -92.3458, 31.6302 ], [ -92.3542, 31.6297 ], [ -92.3553, 31.6376 ], [ -92.3692, 31.6318 ], [ -92.3606, 31.6429 ], [ -92.369, 31.6594 ], [ -92.362, 31.6598 ], [ -92.3657, 31.6723 ], [ -92.3529, 31.6745 ], [ -92.3501, 31.6807 ], [ -92.3594, 31.683 ], [ -92.3498, 31.6861 ], [ -92.3477, 31.6966 ], [ -92.3731, 31.7024 ], [ -92.3684, 31.723 ], [ -92.3605, 31.7215 ], [ -92.3584, 31.7335 ], [ -92.3505, 31.7361 ], [ -92.3583, 31.7436 ], [ -92.3368, 31.7606 ], [ -92.3449, 31.7592 ], [ -92.3439, 31.7693 ], [ -92.3532, 31.7806 ], [ -92.361, 31.7809 ], [ -92.3635, 31.7901 ], [ -92.3536, 31.7971 ], [ -92.3392, 31.7927 ], [ -92.3335, 31.7987 ], [ -92.3157, 31.7936 ], [ -92.3138, 31.8053 ], [ -92.3211, 31.8151 ], [ -92.2908, 31.8443 ], [ -92.2861, 31.8384 ], [ -92.2765, 31.8419 ], [ -92.2577, 31.8355 ], [ -92.2376, 31.8228 ], [ -92.2262, 31.829 ], [ -92.2084, 31.8243 ], [ -92.1972, 31.8343 ], [ -92.191, 31.8269 ], [ -92.1618, 31.7664 ], [ -92.1774, 31.7602 ], [ -92.1868, 31.733 ], [ -92.2079, 31.7222 ], [ -92.2047, 31.702 ], [ -92.1811, 31.6959 ], [ -92.1899, 31.669 ], [ -92.1565, 31.6776 ], [ -92.155, 31.6628 ], [ -92.1395, 31.6585 ], [ -92.1406, 31.6517 ], [ -92.1305, 31.649 ], [ -92.1264, 31.6377 ], [ -92.0988, 31.6813 ], [ -92.0988, 31.6957 ], [ -92.0784, 31.7201 ], [ -92.0431, 31.7378 ], [ -92.0085, 31.7288 ], [ -92.008, 31.3258 ], [ -92.0221, 31.33 ], [ -92.023, 31.3403 ], [ -92.0302, 31.3438 ], [ -92.0809, 31.3236 ], [ -92.0884, 31.338 ], [ -92.0724, 31.3432 ], [ -92.0797, 31.3478 ], [ -92.0758, 31.3537 ], [ -92.0833, 31.3649 ], [ -92.0922, 31.3652 ], [ -92.1027, 31.3773 ], [ -92.1138, 31.375 ], [ -92.1207, 31.3805 ], [ -92.115, 31.3859 ], [ -92.1493, 31.4054 ], [ -92.1619, 31.4346 ], [ -92.1551, 31.4507 ], [ -92.169, 31.4576 ], [ -92.1604, 31.4658 ], [ -92.164, 31.4718 ], [ -92.173, 31.4691 ], [ -92.1818, 31.4757 ], [ -92.1897, 31.4685 ], [ -92.1986, 31.4802 ], [ -92.2127, 31.4816 ], [ -92.215, 31.4921 ], [ -92.2234, 31.4867 ], [ -92.2392, 31.4904 ], [ -92.2301, 31.4786 ], [ -92.2389, 31.4767 ], [ -92.2483, 31.4845 ], [ -92.2386, 31.5001 ], [ -92.2498, 31.5062 ], [ -92.255, 31.4963 ], [ -92.2766, 31.4954 ], [ -92.283, 31.5028 ], [ -92.2752, 31.506 ], [ -92.2799, 31.5142 ], [ -92.2697, 31.5295 ], [ -92.2751, 31.5361 ], [ -92.2755, 31.5306 ], [ -92.2976, 31.5351 ], [ -92.2803, 31.5421 ], [ -92.301, 31.5471 ], [ -92.3, 31.567 ], [ -92.3228, 31.5763 ], [ -92.3054, 31.5884 ], [ -92.343, 31.5958 ], [ -92.3846, 31.6201 ], [ -92.3688, 31.6169 ] ] ] } },
{ "type": "Feature", "properties": { "GEOIDFQ": "1400000US22019980000", "NAME": "9800", "NAMELSAD": "Census Tract 9800" }, "geometry": { "type": "Polygon", "coordinates": [ [ [ -93.1477, 30.2277 ], [ -93.1289, 30.1906 ], [ -93.1496, 30.1984 ], [ -93.1406, 30.1984 ], [ -93.1485, 30.216 ], [ -93.1647, 30.2166 ], [ -93.1477, 30.2277 ] ] ] } },
{ "type": "Feature", "properties": { "GEOIDFQ": "1400000US22019980100", "NAME": "9801", "NAMELSAD": "Census Tract 9801" }, "geometry": { "type": "Polygon", "coordinates": [ [ [ -93.2235, 30.1394 ], [ -93.2136, 30.1395 ], [ -93.2134, 30.1074 ], [ -93.2266, 30.1103 ], [ -93.2311, 30.1286 ], [ -93.2235, 30.1394 ] ] ] } },
{ "type": "Feature", "properties": { "GEOIDFQ": "1400000US22039950600", "NAME": "9506", "NAMELSAD": "Census Tract 9506" }, "geometry": { "type": "Polygon", "coordinates": [ [ [ -92.2592, 30.7087 ], [ -92.266, 30.685 ], [ -92.262, 30.678 ], [ -92.2834, 30.6834 ], [ -92.2718, 30.6961 ], [ -92.2844, 30.7002 ], [ -92.287, 30.7174 ], [ -92.2592, 30.7087 ] ] ] } },
{ "type": "Feature", "properties": { "GEOIDFQ": "1400000US22039950200", "NAME": "9502", "NAMELSAD": "Census Tract 9502" }, "geometry": { "type": "Polygon", "coordinates": [ [ [ -92.5978, 30.896 ], [ -92.5668, 30.8963 ], [ -92.5481, 30.9031 ], [ -92.5405, 30.8979 ], [ -92.5268, 30.8997 ], [ -92.5256, 30.8934 ], [ -92.5006, 30.8988 ], [ -92.4801, 30.9184 ], [ -92.4803, 30.9523 ], [ -92.4187, 30.975 ], [ -92.4057, 30.9955 ], [ -92.3808, 31.0009 ], [ -92.395, 30.99 ], [ -92.3951, 30.9556 ], [ -92.4055, 30.9374 ], [ -92.429, 30.7314 ], [ -92.4461, 30.7275 ], [ -92.4527, 30.7051 ], [ -92.4891, 30.7013 ], [ -92.5228, 30.6804 ], [ -92.5266, 30.6694 ], [ -92.5374, 30.6703 ], [ -92.5495, 30.6352 ], [ -92.5651, 30.6265 ], [ -92.5982, 30.6264 ], [ -92.5978, 30.896 ] ] ] } },
{ "type": "Feature", "properties": { "GEOIDFQ": "1400000US22039950800", "NAME": "9508", "NAMELSAD": "Census Tract 9508" }, "geometry": { "type": "Polygon", "coordinates": [ [ [ -92.4321, 30.5972 ], [ -92.4237, 30.5972 ], [ -92.4233, 30.5899 ], [ -92.3983, 30.5899 ], [ -92.3984, 30.5973 ], [ -92.3699, 30.5922 ], [ -92.3447, 30.6161 ], [ -92.3349, 30.6145 ], [ -92.3313, 30.6232 ], [ -92.3202, 30.6272 ], [ -92.3134, 30.6386 ], [ -92.3281, 30.6505 ], [ -92.3338, 30.6673 ], [ -92.3219, 30.6821 ], [ -92.3135, 30.682 ], [ -92.3099, 30.6993 ], [ -92.3005, 30.6957 ], [ -92.3061, 30.6901 ], [ -92.262, 30.678 ], [ -92.2624, 30.6634 ], [ -92.2454, 30.6635 ], [ -92.2483, 30.6377 ], [ -92.2321, 30.635 ], [ -92.2255, 30.6468 ], [ -92.203, 30.6439 ], [ -92.2038, 30.6255 ], [ -92.2116, 30.6169 ], [ -92.2115, 30.5681 ], [ -92.2624, 30.5683 ], [ -92.2627, 30.5387 ], [ -92.4245, 30.5368 ], [ -92.4321, 30.5972 ] ] ] } },
{ "type": "Feature", "properties": { "GEOIDFQ": "1400000US22089062200", "NAME": "622", "NAMELSAD": "Census Tract 622" }, "geometry": { "type": "Polygon", "coordinates": [ [ [ -90.3612, 29.9618 ], [ -90.3289, 29.969 ], [ -90.3146, 29.9416 ], [ -90.3358, 29.934 ], [ -90.3742, 29.9423 ], [ -90.3612, 29.9618 ] ] ] } },
{ "type": "Feature", "properties": { "GEOIDFQ": "1400000US22089063100", "NAME": "631", "NAMELSAD": "Census Tract 631" }, "geometry": { "type": "Polygon", "coordinates": [ [ [ -90.3698, 29.9072 ], [ -90.2755, 29.9402 ], [ -90.2683, 29.905 ], [ -90.2433, 29.8809 ], [ -90.2402, 29.8621 ], [ -90.2317, 29.8571 ], [ -90.3351, 29.853 ], [ -90.3286, 29.8748 ], [ -90.3722, 29.9017 ], [ -90.3698, 29.9072 ] ] ] } },
{ "type": "Feature", "properties": { "GEOIDFQ": "1400000US22089062700", "NAME": "627", "NAMELSAD": "Census Tract 627" }, "geometry": { "type": "Polygon", "coordinates": [ [ [ -90.5383, 30.0168 ], [ -90.4758, 30.0359 ], [ -90.4699, 30.0002 ], [ -90.4047, 29.9877 ], [ -90.3943, 29.955 ], [ -90.3742, 29.9423 ], [ -90.3794, 29.9331 ], [ -90.4054, 29.9174 ], [ -90.4085, 29.9087 ], [ -90.4357, 29.9552 ], [ -90.4694, 29.9755 ], [ -90.4779, 29.9566 ], [ -90.5009, 29.9659 ], [ -90.5215, 29.9783 ], [ -90.5383, 30.0168 ] ] ] } },
{ "type": "Feature", "properties": { "GEOIDFQ": "1400000US22089062400", "NAME": "624", "NAMELSAD": "Census Tract 624" }, "geometry": { "type": "Polygon", "coordinates": [ [ [ -90.405, 30.0139 ], [ -90.4106, 30.0182 ], [ -90.3697, 30.0578 ], [ -90.2792, 30.0491 ], [ -90.2795, 30.0064 ], [ -90.2924, 30.0064 ], [ -90.3193, 29.9753 ], [ -90.3638, 29.9878 ], [ -90.3967, 29.9652 ], [ -90.3994, 29.9827 ], [ -90.4134, 29.9935 ], [ -90.405, 30.0139 ] ] ] } },
{ "type": "Feature", "properties": { "GEOIDFQ": "1400000US22089060100", "NAME": "601", "NAMELSAD": "Census Tract 601" }, "geometry": { "type": "Polygon", "coordinates": [ [ [ -90.4742, 30.0314 ], [ -90.4502, 30.0331 ], [ -90.407, 30.0831 ], [ -90.3497, 30.1203 ], [ -90.3266, 30.1502 ], [ -90.2599, 30.1634 ], [ -90.2799, 30.0463 ], [ -90.3165, 30.0563 ], [ -90.3697, 30.0578 ], [ -90.3944, 30.0294 ], [ -90.4235, 30.0093 ], [ -90.4288, 30.0006 ], [ -90.4233, 29.9941 ], [ -90.4689, 29.9996 ], [ -90.4742, 30.0314 ] ] ] } },
{ "type": "Feature", "properties": { "GEOIDFQ": "1400000US22089062301", "NAME": "623.01", "NAMELSAD": "Census Tract 623.01" }, "geometry": { "type": "Polygon", "coordinates": [ [ [ -90.3638, 29.9878 ], [ -90.3193, 29.9753 ], [ -90.3601, 29.9624 ], [ -90.3674, 29.954 ], [ -90.3817, 29.9737 ], [ -90.3638, 29.9878 ] ] ] } },
{ "type": "Feature", "properties": { "GEOIDFQ": "1400000US22089062302", "NAME": "623.02", "NAMELSAD": "Census Tract 623.02" }, "geometry": { "type": "Polygon", "coordinates": [ [ [ -90.3832, 29.9765 ], [ -90.3674, 29.954 ], [ -90.3742, 29.9423 ], [ -90.3916, 29.9522 ], [ -90.3967, 29.9652 ], [ -90.3832, 29.9765 ] ] ] } },
{ "type": "Feature", "properties": { "GEOIDFQ": "1400000US22015011122", "NAME": "111.22", "NAMELSAD": "Census Tract 111.22" }, "geometry": { "type": "Polygon", "coordinates": [ [ [ -93.7542, 32.6145 ], [ -93.7379, 32.6121 ], [ -93.7439, 32.63 ], [ -93.7141, 32.6295 ], [ -93.7137, 32.6354 ], [ -93.6934, 32.6479 ], [ -93.6743, 32.6459 ], [ -93.6541, 32.6534 ], [ -93.6221, 32.6118 ], [ -93.6188, 32.5969 ], [ -93.6274, 32.5853 ], [ -93.6358, 32.5876 ], [ -93.6388, 32.5793 ], [ -93.649, 32.583 ], [ -93.6539, 32.5937 ], [ -93.662, 32.586 ], [ -93.6727, 32.5901 ], [ -93.6814, 32.5653 ], [ -93.6812, 32.5846 ], [ -93.7057, 32.5892 ], [ -93.6897, 32.6052 ], [ -93.7063, 32.6078 ], [ -93.712, 32.599 ], [ -93.7224, 32.6075 ], [ -93.7229, 32.6012 ], [ -93.7371, 32.601 ], [ -93.7597, 32.6074 ], [ -93.7542, 32.6145 ] ] ] } },
{ "type": "Feature", "properties": { "GEOIDFQ": "1400000US22071001749", "NAME": "17.49", "NAMELSAD": "Census Tract 17.49" }, "geometry": { "type": "Polygon", "coordinates": [ [ [ -89.9305, 30.0456 ], [ -89.9102, 30.0429 ], [ -89.93, 30.0369 ], [ -89.9305, 30.0456 ] ] ] } },
{ "type": "Feature", "properties": { "GEOIDFQ": "1400000US22071014500", "NAME": "145", "NAMELSAD": "Census Tract 145" }, "geometry": { "type": "Polygon", "coordinates": [ [ [ -90.0953, 29.9608 ], [ -90.0906, 29.9617 ], [ -90.0941, 29.9578 ], [ -90.1006, 29.9627 ], [ -90.0953, 29.9608 ] ] ] } },
{ "type": "Feature", "properties": { "GEOIDFQ": "1400000US22071001720", "NAME": "17.20", "NAMELSAD": "Census Tract 17.20" }, "geometry": { "type": "Polygon", "coordinates": [ [ [ -90.01, 30.0264 ], [ -90.0132, 30.0108 ], [ -90.027, 30.0084 ], [ -90.0344, 30.0313 ], [ -90.01, 30.0264 ] ] ] } },
{ "type": "Feature", "properties": { "GEOIDFQ": "1400000US22071001723", "NAME": "17.23", "NAMELSAD": "Census Tract 17.23" }, "geometry": { "type": "Polygon", "coordinates": [ [ [ -89.969, 30.0269 ], [ -89.9681, 30.0186 ], [ -89.9889, 30.0142 ], [ -89.9899, 30.0238 ], [ -89.969, 30.0269 ] ] ] } },
{ "type": "Feature", "properties": { "GEOIDFQ": "1400000US22071001724", "NAME": "17.24", "NAMELSAD": "Census Tract 17.24" }, "geometry": { "type": "Polygon", "coordinates": [ [ [ -90.0358, 30.0549 ], [ -90.0254, 30.0565 ], [ -90.0109, 30.046 ], [ -90.0051, 30.0325 ], [ -90.0245, 30.0262 ], [ -90.027, 30.0328 ], [ -90.0352, 30.0317 ], [ -90.0358, 30.0549 ] ] ] } },
{ "type": "Feature", "properties": { "GEOIDFQ": "1400000US22087030601", "NAME": "306.01", "NAMELSAD": "Census Tract 306.01" }, "geometry": { "type": "Polygon", "coordinates": [ [ [ -89.9842, 29.9684 ], [ -89.9685, 29.9626 ], [ -89.9749, 29.9519 ], [ -89.9897, 29.9585 ], [ -89.9842, 29.9684 ] ] ] } },
{ "type": "Feature", "properties": { "GEOIDFQ": "1400000US22087030602", "NAME": "306.02", "NAMELSAD": "Census Tract 306.02" }, "geometry": { "type": "Polygon", "coordinates": [ [ [ -89.99, 29.9579 ], [ -89.9716, 29.9465 ], [ -89.9748, 29.9406 ], [ -89.9937, 29.9507 ], [ -89.99, 29.9579 ] ] ] } },
{ "type": "Feature", "properties": { "GEOIDFQ": "1400000US22087030603", "NAME": "306.03", "NAMELSAD": "Census Tract 306.03" }, "geometry": { "type": "Polygon", "coordinates": [ [ [ -89.9685, 29.9626 ], [ -89.9641, 29.9609 ], [ -89.9716, 29.9465 ], [ -89.9685, 29.9626 ] ] ] } },
{ "type": "Feature", "properties": { "GEOIDFQ": "1400000US22087030700", "NAME": "307", "NAMELSAD": "Census Tract 307" }, "geometry": { "type": "Polygon", "coordinates": [ [ [ -89.9716, 29.9465 ], [ -89.959, 29.941 ], [ -89.9627, 29.9349 ], [ -89.9748, 29.9406 ], [ -89.9716, 29.9465 ] ] ] } },
{ "type": "Feature", "properties": { "GEOIDFQ": "1400000US22071007700", "NAME": "77", "NAMELSAD": "Census Tract 77" }, "geometry": { "type": "Polygon", "coordinates": [ [ [ -90.0692, 29.9453 ], [ -90.0624, 29.9438 ], [ -90.0625, 29.926 ], [ -90.0733, 29.9325 ], [ -90.0692, 29.9453 ] ] ] } },
{ "type": "Feature", "properties": { "GEOIDFQ": "1400000US22087030800", "NAME": "308", "NAMELSAD": "Census Tract 308" }, "geometry": { "type": "Polygon", "coordinates": [ [ [ -89.9641, 29.9609 ], [ -89.9522, 29.9529 ], [ -89.9593, 29.9411 ], [ -89.9716, 29.9465 ], [ -89.9641, 29.9609 ] ] ] } },
{ "type": "Feature", "properties": { "GEOIDFQ": "1400000US22087030500", "NAME": "305", "NAMELSAD": "Census Tract 305" }, "geometry": { "type": "Polygon", "coordinates": [ [ [ -89.9907, 29.9709 ], [ -89.9842, 29.9684 ], [ -89.9939, 29.9504 ], [ -89.9986, 29.9567 ], [ -89.9907, 29.9709 ] ] ] } },
{ "type": "Feature", "properties": { "GEOIDFQ": "1400000US22087030103", "NAME": "301.03", "NAMELSAD": "Census Tract 301.03" }, "geometry": { "type": "Polygon", "coordinates": [ [ [ -89.9024, 29.8808 ], [ -89.9078, 29.8972 ], [ -89.8811, 29.9033 ], [ -89.8698, 29.876 ], [ -89.8693, 29.8536 ], [ -89.9041, 29.8531 ], [ -89.911, 29.8685 ], [ -89.9024, 29.8808 ] ] ] } },
{ "type": "Feature", "properties": { "GEOIDFQ": "1400000US22087030204", "NAME": "302.04", "NAMELSAD": "Census Tract 302.04" }, "geometry": { "type": "Polygon", "coordinates": [ [ [ -89.9899, 29.9895 ], [ -89.9822, 29.9872 ], [ -89.9743, 29.9947 ], [ -89.9533, 29.9812 ], [ -89.9401, 29.9801 ], [ -89.9042, 30.0025 ], [ -89.8899, 30.0 ], [ -89.8809, 29.9858 ], [ -89.8703, 29.9931 ], [ -89.8631, 29.9877 ], [ -89.8591, 29.9923 ], [ -89.8653, 29.9974 ], [ -89.8593, 30.003 ], [ -89.8345, 29.9371 ], [ -89.8411, 29.9129 ], [ -89.9078, 29.8972 ], [ -89.9168, 29.9104 ], [ -89.8961, 29.9268 ], [ -89.9067, 29.9412 ], [ -89.9499, 29.9567 ], [ -89.9522, 29.9529 ], [ -89.9965, 29.973 ], [ -89.9899, 29.9895 ] ] ] } },
{ "type": "Feature", "properties": { "GEOIDFQ": "1400000US22087030104", "NAME": "301.04", "NAMELSAD": "Census Tract 301.04" }, "geometry": { "type": "Polygon", "coordinates": [ [ [ -89.8424, 29.8744 ], [ -89.8196, 29.8815 ], [ -89.7953, 29.8804 ], [ -89.7822, 29.8771 ], [ -89.7785, 29.8698 ], [ -89.7855, 29.8551 ], [ -89.8692, 29.8552 ], [ -89.8754, 29.8806 ], [ -89.8424, 29.8744 ] ] ] } },
{ "type": "Feature", "properties": { "GEOIDFQ": "1400000US22087030208", "NAME": "302.08", "NAMELSAD": "Census Tract 302.08" }, "geometry": { "type": "Polygon", "coordinates": [ [ [ -89.9303, 29.9496 ], [ -89.9068, 29.9412 ], [ -89.8961, 29.9268 ], [ -89.9044, 29.9205 ], [ -89.9204, 29.9346 ], [ -89.9364, 29.9385 ], [ -89.9303, 29.9496 ] ] ] } },
{ "type": "Feature", "properties": { "GEOIDFQ": "1400000US22055000100", "NAME": "1", "NAMELSAD": "Census Tract 1" }, "geometry": { "type": "Polygon", "coordinates": [ [ [ -92.0279, 30.2306 ], [ -92.0162, 30.2312 ], [ -92.0073, 30.2263 ], [ -92.0176, 30.2162 ], [ -92.0298, 30.2253 ], [ -92.0279, 30.2306 ] ] ] } },
{ "type": "Feature", "properties": { "GEOIDFQ": "1400000US22003950400", "NAME": "9504", "NAMELSAD": "Census Tract 9504" }, "geometry": { "type": "Polygon", "coordinates": [ [ [ -92.8283, 30.6459 ], [ -92.8365, 30.6532 ], [ -92.8159, 30.6669 ], [ -92.8109, 30.681 ], [ -92.7949, 30.6829 ], [ -92.7638, 30.7157 ], [ -92.7518, 30.7048 ], [ -92.7438, 30.7169 ], [ -92.7313, 30.7198 ], [ -92.7143, 30.7414 ], [ -92.7124, 30.7603 ], [ -92.697, 30.7708 ], [ -92.6997, 30.7888 ], [ -92.6845, 30.808 ], [ -92.6581, 30.8024 ], [ -92.6444, 30.7884 ], [ -92.6357, 30.7948 ], [ -92.6457, 30.8077 ], [ -92.5988, 30.8018 ], [ -92.5975, 30.5817 ], [ -92.5827, 30.566 ], [ -92.5863, 30.5576 ], [ -92.5943, 30.5573 ], [ -92.5994, 30.5352 ], [ -92.6233, 30.5195 ], [ -92.6141, 30.5065 ], [ -92.6266, 30.4892 ], [ -92.6711, 30.4884 ], [ -92.6731, 30.6115 ], [ -92.6906, 30.5977 ], [ -92.696, 30.567 ], [ -92.7107, 30.5587 ], [ -92.7213, 30.5577 ], [ -92.7535, 30.5863 ], [ -92.777, 30.5854 ], [ -92.7786, 30.5955 ], [ -92.7968, 30.5672 ], [ -92.8593, 30.5636 ], [ -92.8654, 30.5733 ], [ -92.8493, 30.5977 ], [ -92.8683, 30.6216 ], [ -92.8283, 30.6459 ] ] ] } },
{ "type": "Feature", "properties": { "GEOIDFQ": "1400000US22003950100", "NAME": "9501", "NAMELSAD": "Census Tract 9501" }, "geometry": { "type": "Polygon", "coordinates": [ [ [ -93.1307, 30.5981 ], [ -92.9791, 30.598 ], [ -92.9787, 30.8781 ], [ -92.8242, 30.8772 ], [ -92.8239, 30.8921 ], [ -92.721, 30.8914 ], [ -92.7209, 30.8987 ], [ -92.6614, 30.8987 ], [ -92.6747, 30.88 ], [ -92.6688, 30.8536 ], [ -92.6775, 30.8491 ], [ -92.674, 30.8357 ], [ -92.6846, 30.8255 ], [ -92.6895, 30.7976 ], [ -92.6997, 30.7888 ], [ -92.6953, 30.7749 ], [ -92.7124, 30.7603 ], [ -92.7143, 30.7414 ], [ -92.7313, 30.7198 ], [ -92.7438, 30.7169 ], [ -92.7518, 30.7048 ], [ -92.7638, 30.7157 ], [ -92.7949, 30.6829 ], [ -92.8109, 30.681 ], [ -92.8159, 30.6669 ], [ -92.8365, 30.6532 ], [ -92.8283, 30.6459 ], [ -92.8841, 30.6123 ], [ -92.9298, 30.6112 ], [ -92.932, 30.6178 ], [ -92.9392, 30.6137 ], [ -92.9458, 30.6015 ], [ -92.9186, 30.5548 ], [ -92.9256, 30.5489 ], [ -92.9125, 30.529 ], [ -92.9137, 30.4942 ], [ -92.9284, 30.49 ], [ -92.938, 30.4766 ], [ -92.949, 30.4817 ], [ -92.9648, 30.4697 ], [ -92.984, 30.4708 ], [ -92.9912, 30.447 ], [ -93.0063, 30.4458 ], [ -93.0141, 30.4378 ], [ -93.0655, 30.4387 ], [ -93.0654, 30.4243 ], [ -93.1312, 30.4236 ], [ -93.1307, 30.5981 ] ] ] } },
{ "type": "Feature", "properties": { "GEOIDFQ": "1400000US22003950300", "NAME": "9503", "NAMELSAD": "Census Tract 9503" }, "geometry": { "type": "Polygon", "coordinates": [ [ [ -92.6833, 30.8218 ], [ -92.656, 30.8321 ], [ -92.6668, 30.8103 ], [ -92.6559, 30.8114 ], [ -92.6581, 30.8173 ], [ -92.645, 30.8173 ], [ -92.6453, 30.8058 ], [ -92.6357, 30.7948 ], [ -92.6444, 30.7884 ], [ -92.6581, 30.8024 ], [ -92.6768, 30.8025 ], [ -92.6886, 30.8126 ], [ -92.6833, 30.8218 ] ] ] } },
{ "type": "Feature", "properties": { "GEOIDFQ": "1400000US22033002300", "NAME": "23", "NAMELSAD": "Census Tract 23" }, "geometry": { "type": "Polygon", "coordinates": [ [ [ -91.1688, 30.4385 ], [ -91.1525, 30.44 ], [ -91.1518, 30.4227 ], [ -91.1691, 30.4327 ], [ -91.1688, 30.4385 ] ] ] } },
{ "type": "Feature", "properties": { "GEOIDFQ": "1400000US22033002400", "NAME": "24", "NAMELSAD": "Census Tract 24" }, "geometry": { "type": "Polygon", "coordinates": [ [ [ -91.1963, 30.4347 ], [ -91.182, 30.4302 ], [ -91.1782, 30.4218 ], [ -91.1996, 30.4197 ], [ -91.1963, 30.4347 ] ] ] } },
{ "type": "Feature", "properties": { "GEOIDFQ": "1400000US22033002500", "NAME": "25", "NAMELSAD": "Census Tract 25" }, "geometry": { "type": "Polygon", "coordinates": [ [ [ -91.1696, 30.4314 ], [ -91.1714, 30.4195 ], [ -91.1766, 30.4182 ], [ -91.1827, 30.431 ], [ -91.1696, 30.4314 ] ] ] } },
{ "type": "Feature", "properties": { "GEOIDFQ": "1400000US22033002602", "NAME": "26.02", "NAMELSAD": "Census Tract 26.02" }, "geometry": { "type": "Polygon", "coordinates": [ [ [ -91.1427, 30.4174 ], [ -91.1081, 30.3974 ], [ -91.1144, 30.3872 ], [ -91.1203, 30.3946 ], [ -91.1525, 30.402 ], [ -91.1427, 30.4174 ] ] ] } },
{ "type": "Feature", "properties": { "GEOIDFQ": "1400000US22033002700", "NAME": "27", "NAMELSAD": "Census Tract 27" }, "geometry": { "type": "Polygon", "coordinates": [ [ [ -91.1353, 30.4309 ], [ -91.1427, 30.4174 ], [ -91.1518, 30.4227 ], [ -91.1527, 30.4313 ], [ -91.1353, 30.4309 ] ] ] } },
{ "type": "Feature", "properties": { "GEOIDFQ": "1400000US22073000500", "NAME": "5", "NAMELSAD": "Census Tract 5" }, "geometry": { "type": "Polygon", "coordinates": [ [ [ -92.0697, 32.5278 ], [ -92.0554, 32.5341 ], [ -92.0447, 32.526 ], [ -92.0441, 32.5377 ], [ -92.0286, 32.5382 ], [ -92.0461, 32.519 ], [ -92.0742, 32.5186 ], [ -92.0697, 32.5278 ] ] ] } },
{ "type": "Feature", "properties": { "GEOIDFQ": "1400000US22073005900", "NAME": "59", "NAMELSAD": "Census Tract 59" }, "geometry": { "type": "Polygon", "coordinates": [ [ [ -92.1757, 32.4632 ], [ -92.1755, 32.485 ], [ -92.1547, 32.4849 ], [ -92.1554, 32.47 ], [ -92.1728, 32.44 ], [ -92.1917, 32.4528 ], [ -92.1757, 32.4632 ] ] ] } },
{ "type": "Feature", "properties": { "GEOIDFQ": "1400000US22073000401", "NAME": "4.01", "NAMELSAD": "Census Tract 4.01" }, "geometry": { "type": "Polygon", "coordinates": [ [ [ -92.0757, 32.5592 ], [ -92.066, 32.5503 ], [ -92.0228, 32.5536 ], [ -92.0181, 32.5466 ], [ -92.027, 32.5387 ], [ -92.0441, 32.5377 ], [ -92.0447, 32.526 ], [ -92.0554, 32.5341 ], [ -92.0697, 32.5278 ], [ -92.0707, 32.5426 ], [ -92.0788, 32.5401 ], [ -92.0757, 32.5592 ] ] ] } },
{ "type": "Feature", "properties": { "GEOIDFQ": "1400000US22079011000", "NAME": "110", "NAMELSAD": "Census Tract 110" }, "geometry": { "type": "Polygon", "coordinates": [ [ [ -92.47, 31.3174 ], [ -92.459, 31.3085 ], [ -92.4761, 31.3011 ], [ -92.47, 31.3174 ] ] ] } },
{ "type": "Feature", "properties": { "GEOIDFQ": "1400000US22103040103", "NAME": "401.03", "NAMELSAD": "Census Tract 401.03" }, "geometry": { "type": "Polygon", "coordinates": [ [ [ -90.1218, 30.6884 ], [ -90.0034, 30.667 ], [ -90.0195, 30.6416 ], [ -90.0171, 30.6247 ], [ -90.0291, 30.6036 ], [ -90.049, 30.5236 ], [ -90.0598, 30.5386 ], [ -90.0572, 30.554 ], [ -90.0748, 30.5168 ], [ -90.0757, 30.5789 ], [ -90.1088, 30.6024 ], [ -90.1149, 30.6201 ], [ -90.1096, 30.6439 ], [ -90.1251, 30.6766 ], [ -90.1218, 30.6884 ] ] ] } },
{ "type": "Feature", "properties": { "GEOIDFQ": "1400000US22103041212", "NAME": "412.12", "NAMELSAD": "Census Tract 412.12" }, "geometry": { "type": "Polygon", "coordinates": [ [ [ -90.0395, 30.3495 ], [ -90.0219, 30.3682 ], [ -90.0327, 30.3739 ], [ -90.0324, 30.3825 ], [ -90.0034, 30.3926 ], [ -89.9795, 30.3821 ], [ -89.991, 30.3495 ], [ -90.019, 30.3165 ], [ -90.0424, 30.3225 ], [ -90.0601, 30.348 ], [ -90.0395, 30.3495 ] ] ] } },
{ "type": "Feature", "properties": { "GEOIDFQ": "1400000US22103990000", "NAME": "9900", "NAMELSAD": "Census Tract 9900" }, "geometry": { "type": "Polygon", "coordinates": [ [ [ -90.2156, 30.3786 ], [ -90.1919, 30.385 ], [ -90.1625, 30.371 ], [ -90.0946, 30.3582 ], [ -90.0575, 30.342 ], [ -90.0407, 30.3214 ], [ -89.9992, 30.3058 ], [ -89.9838, 30.254 ], [ -89.954, 30.2561 ], [ -89.9319, 30.2462 ], [ -89.87, 30.2469 ], [ -89.851, 30.2225 ], [ -89.796, 30.2097 ], [ -89.7694, 30.1943 ], [ -89.7553, 30.1698 ], [ -89.7759, 30.1594 ], [ -89.7974, 30.1608 ], [ -89.8208, 30.18 ], [ -89.8484, 30.1901 ], [ -89.9032, 30.1987 ], [ -90.0403, 30.1551 ], [ -90.0825, 30.1572 ], [ -90.1398, 30.1774 ], [ -90.1563, 30.1896 ], [ -90.1582, 30.2281 ], [ -90.1921, 30.3108 ], [ -90.2421, 30.3599 ], [ -90.2156, 30.3786 ] ] ] } },
{ "type": "Feature", "properties": { "GEOIDFQ": "1400000US22103041208", "NAME": "412.08", "NAMELSAD": "Census Tract 412.08" }, "geometry": { "type": "Polygon", "coordinates": [ [ [ -90.0686, 30.3981 ], [ -90.0432, 30.3966 ], [ -90.0469, 30.3897 ], [ -90.0777, 30.3794 ], [ -90.0846, 30.3967 ], [ -90.0686, 30.3981 ] ] ] } },
{ "type": "Feature", "properties": { "GEOIDFQ": "1400000US22103041209", "NAME": "412.09", "NAMELSAD": "Census Tract 412.09" }, "geometry": { "type": "Polygon", "coordinates": [ [ [ -90.0607, 30.3887 ], [ -90.0469, 30.3897 ], [ -90.0615, 30.3635 ], [ -90.0743, 30.3701 ], [ -90.0777, 30.3794 ], [ -90.0607, 30.3887 ] ] ] } },
{ "type": "Feature", "properties": { "GEOIDFQ": "1400000US22103041211", "NAME": "412.11", "NAMELSAD": "Census Tract 412.11" }, "geometry": { "type": "Polygon", "coordinates": [ [ [ -90.0546, 30.3742 ], [ -90.0324, 30.3825 ], [ -90.0327, 30.3739 ], [ -90.0219, 30.3682 ], [ -90.0376, 30.3514 ], [ -90.0615, 30.3635 ], [ -90.0546, 30.3742 ] ] ] } },
{ "type": "Feature", "properties": { "GEOIDFQ": "1400000US22103040710", "NAME": "407.10", "NAMELSAD": "Census Tract 407.10" }, "geometry": { "type": "Polygon", "coordinates": [ [ [ -89.7494, 30.2847 ], [ -89.7186, 30.2881 ], [ -89.7214, 30.2612 ], [ -89.7547, 30.2705 ], [ -89.7494, 30.2847 ] ] ] } },
{ "type": "Feature", "properties": { "GEOIDFQ": "1400000US22103041207", "NAME": "412.07", "NAMELSAD": "Census Tract 412.07" }, "geometry": { "type": "Polygon", "coordinates": [ [ [ -90.0831, 30.4253 ], [ -90.0645, 30.4241 ], [ -90.0409, 30.4133 ], [ -90.0432, 30.3966 ], [ -90.0865, 30.4006 ], [ -90.0831, 30.4253 ] ] ] } },
{ "type": "Feature", "properties": { "GEOIDFQ": "1400000US22017024108", "NAME": "241.08", "NAMELSAD": "Census Tract 241.08" }, "geometry": { "type": "Polygon", "coordinates": [ [ [ -93.8042, 32.4023 ], [ -93.7896, 32.4021 ], [ -93.7897, 32.3891 ], [ -93.7805, 32.391 ], [ -93.7805, 32.3817 ], [ -93.8214, 32.3768 ], [ -93.8042, 32.4023 ] ] ] } },
{ "type": "Feature", "properties": { "GEOIDFQ": "1400000US22017024109", "NAME": "241.09", "NAMELSAD": "Census Tract 241.09" }, "geometry": { "type": "Polygon", "coordinates": [ [ [ -93.7896, 32.4021 ], [ -93.7634, 32.3983 ], [ -93.7634, 32.3838 ], [ -93.7806, 32.3757 ], [ -93.7805, 32.391 ], [ -93.7902, 32.393 ], [ -93.7896, 32.4021 ] ] ] } },
{ "type": "Feature", "properties": { "GEOIDFQ": "1400000US22017024201", "NAME": "242.01", "NAMELSAD": "Census Tract 242.01" }, "geometry": { "type": "Polygon", "coordinates": [ [ [ -93.8448, 32.4422 ], [ -93.8187, 32.4331 ], [ -93.845, 32.4021 ], [ -93.8628, 32.4022 ], [ -93.8893, 32.4124 ], [ -93.8448, 32.4422 ] ] ] } },
{ "type": "Feature", "properties": { "GEOIDFQ": "1400000US22113950400", "NAME": "9504", "NAMELSAD": "Census Tract 9504" }, "geometry": { "type": "Polygon", "coordinates": [ [ [ -92.2758, 30.035 ], [ -92.2757, 30.0207 ], [ -92.2536, 30.0206 ], [ -92.2515, 29.9915 ], [ -92.2586, 29.9915 ], [ -92.2586, 29.9844 ], [ -92.2752, 29.9842 ], [ -92.2752, 29.9733 ], [ -92.2837, 29.9734 ], [ -92.2853, 29.9914 ], [ -92.3089, 29.9743 ], [ -92.3102, 30.036 ], [ -92.2758, 30.035 ] ] ] } },
{ "type": "Feature", "properties": { "GEOIDFQ": "1400000US22055001802", "NAME": "18.02", "NAMELSAD": "Census Tract 18.02" }, "geometry": { "type": "Polygon", "coordinates": [ [ [ -92.047, 30.2149 ], [ -92.0408, 30.2058 ], [ -92.0586, 30.1937 ], [ -92.0701, 30.1983 ], [ -92.047, 30.2149 ] ] ] } },
{ "type": "Feature", "properties": { "GEOIDFQ": "1400000US22005030900", "NAME": "309", "NAMELSAD": "Census Tract 309" }, "geometry": { "type": "Polygon", "coordinates": [ [ [ -91.0898, 30.1087 ], [ -91.0902, 30.1537 ], [ -91.0736, 30.1609 ], [ -91.0591, 30.2131 ], [ -91.0399, 30.2085 ], [ -91.0223, 30.1934 ], [ -90.9999, 30.1557 ], [ -91.0036, 30.141 ], [ -91.0293, 30.1271 ], [ -91.0313, 30.1201 ], [ -90.9893, 30.1134 ], [ -90.9939, 30.0989 ], [ -91.0243, 30.095 ], [ -91.0264, 30.0761 ], [ -91.0558, 30.0706 ], [ -91.0747, 30.0817 ], [ -91.0893, 30.0768 ], [ -91.089, 30.0628 ], [ -91.106, 30.0627 ], [ -91.1066, 30.1085 ], [ -91.0898, 30.1087 ] ] ] } },
{ "type": "Feature", "properties": { "GEOIDFQ": "1400000US22071003500", "NAME": "35", "NAMELSAD": "Census Tract 35" }, "geometry": { "type": "Polygon", "coordinates": [ [ [ -90.0737, 29.9746 ], [ -90.0696, 29.9794 ], [ -90.0712, 29.9713 ], [ -90.0737, 29.9746 ] ] ] } },
{ "type": "Feature", "properties": { "GEOIDFQ": "1400000US22071003701", "NAME": "37.01", "NAMELSAD": "Census Tract 37.01" }, "geometry": { "type": "Polygon", "coordinates": [ [ [ -90.0863, 29.9927 ], [ -90.0739, 29.9908 ], [ -90.0763, 29.9859 ], [ -90.0894, 29.9837 ], [ -90.0863, 29.9927 ] ] ] } },
{ "type": "Feature", "properties": { "GEOIDFQ": "1400000US22071003702", "NAME": "37.02", "NAMELSAD": "Census Tract 37.02" }, "geometry": { "type": "Polygon", "coordinates": [ [ [ -90.0854, 29.9864 ], [ -90.068, 29.9879 ], [ -90.0782, 29.976 ], [ -90.0854, 29.9864 ] ] ] } },
{ "type": "Feature", "properties": { "GEOIDFQ": "1400000US22071003800", "NAME": "38", "NAMELSAD": "Census Tract 38" }, "geometry": { "type": "Polygon", "coordinates": [ [ [ -90.0636, 29.966 ], [ -90.0523, 29.9584 ], [ -90.057, 29.9566 ], [ -90.0636, 29.966 ] ] ] } },
{ "type": "Feature", "properties": { "GEOIDFQ": "1400000US22071980100", "NAME": "9801", "NAMELSAD": "Census Tract 9801" }, "geometry": { "type": "Polygon", "coordinates": [ [ [ -89.9328, 30.0073 ], [ -89.9315, 30.0131 ], [ -89.9051, 30.0136 ], [ -89.8322, 30.0436 ], [ -89.8211, 30.0461 ], [ -89.8188, 30.0408 ], [ -89.8505, 30.0077 ], [ -89.8579, 30.0077 ], [ -89.8653, 29.9974 ], [ -89.8591, 29.9923 ], [ -89.8631, 29.9877 ], [ -89.8703, 29.9931 ], [ -89.8811, 29.9859 ], [ -89.8948, 30.0024 ], [ -89.9142, 29.9991 ], [ -89.9401, 29.9801 ], [ -89.9533, 29.9812 ], [ -89.9743, 29.9947 ], [ -89.9822, 29.9872 ], [ -89.9899, 29.9895 ], [ -89.9955, 29.9726 ], [ -90.0217, 29.9807 ], [ -90.0221, 29.9928 ], [ -89.9328, 30.0073 ] ] ] } },
{ "type": "Feature", "properties": { "GEOIDFQ": "1400000US22071001751", "NAME": "17.51", "NAMELSAD": "Census Tract 17.51" }, "geometry": { "type": "Polygon", "coordinates": [ [ [ -89.9554, 30.0217 ], [ -89.8991, 30.0405 ], [ -89.8677, 30.0605 ], [ -89.8585, 30.0763 ], [ -89.8448, 30.0745 ], [ -89.8344, 30.0641 ], [ -89.8305, 30.0439 ], [ -89.9048, 30.0137 ], [ -89.9315, 30.0131 ], [ -89.9328, 30.0073 ], [ -90.0221, 29.9928 ], [ -90.027, 30.0084 ], [ -89.9554, 30.0217 ] ] ] } },
{ "type": "Feature", "properties": { "GEOIDFQ": "1400000US22071990000", "NAME": "9900", "NAMELSAD": "Census Tract 9900" }, "geometry": { "type": "Polygon", "coordinates": [ [ [ -90.1081, 30.1649 ], [ -90.0825, 30.1572 ], [ -90.0403, 30.1551 ], [ -89.9032, 30.1987 ], [ -89.8484, 30.1901 ], [ -89.8208, 30.18 ], [ -89.7974, 30.1608 ], [ -89.7759, 30.1594 ], [ -89.7529, 30.1666 ], [ -89.7499, 30.1555 ], [ -89.7999, 30.1104 ], [ -89.8329, 30.1104 ], [ -89.8462, 30.1259 ], [ -89.8502, 30.1585 ], [ -89.8641, 30.1582 ], [ -89.8831, 30.1533 ], [ -89.9328, 30.0945 ], [ -89.9757, 30.0594 ], [ -90.0109, 30.046 ], [ -90.0254, 30.0565 ], [ -90.0358, 30.0549 ], [ -90.0465, 30.0383 ], [ -90.0825, 30.0315 ], [ -90.1174, 30.032 ], [ -90.1081, 30.1649 ] ] ] } },
{ "type": "Feature", "properties": { "GEOIDFQ": "1400000US22071001744", "NAME": "17.44", "NAMELSAD": "Census Tract 17.44" }, "geometry": { "type": "Polygon", "coordinates": [ [ [ -89.9803, 30.0432 ], [ -89.9763, 30.0371 ], [ -89.9938, 30.03 ], [ -89.9969, 30.0356 ], [ -89.9803, 30.0432 ] ] ] } },
{ "type": "Feature", "properties": { "GEOIDFQ": "1400000US22113950901", "NAME": "9509.01", "NAMELSAD": "Census Tract 9509.01" }, "geometry": { "type": "Polygon", "coordinates": [ [ [ -92.1166, 29.9554 ], [ -92.1122, 29.9801 ], [ -92.1012, 29.9713 ], [ -92.0601, 29.9615 ], [ -92.0736, 29.9235 ], [ -92.0858, 29.9257 ], [ -92.0953, 29.9143 ], [ -92.1082, 29.9163 ], [ -92.1245, 29.9092 ], [ -92.15, 29.9267 ], [ -92.1562, 29.9519 ], [ -92.1166, 29.9554 ] ] ] } },
{ "type": "Feature", "properties": { "GEOIDFQ": "1400000US22115950704", "NAME": "9507.04", "NAMELSAD": "Census Tract 9507.04" }, "geometry": { "type": "Polygon", "coordinates": [ [ [ -93.2202, 31.0739 ], [ -93.2215, 31.0513 ], [ -93.2354, 31.0534 ], [ -93.2357, 31.0763 ], [ -93.2202, 31.0739 ] ] ] } },
{ "type": "Feature", "properties": { "GEOIDFQ": "1400000US22073005201", "NAME": "52.01", "NAMELSAD": "Census Tract 52.01" }, "geometry": { "type": "Polygon", "coordinates": [ [ [ -92.301, 32.5824 ], [ -92.2969, 32.588 ], [ -92.2723, 32.581 ], [ -92.2239, 32.5901 ], [ -92.2217, 32.6103 ], [ -92.1862, 32.6317 ], [ -92.1936, 32.5796 ], [ -92.2083, 32.5414 ], [ -92.2581, 32.5471 ], [ -92.2737, 32.5647 ], [ -92.3126, 32.5827 ], [ -92.301, 32.5824 ] ] ] } },
{ "type": "Feature", "properties": { "GEOIDFQ": "1400000US22073005800", "NAME": "58", "NAMELSAD": "Census Tract 58" }, "geometry": { "type": "Polygon", "coordinates": [ [ [ -92.1919, 32.5108 ], [ -92.1669, 32.5103 ], [ -92.139, 32.4981 ], [ -92.1448, 32.4877 ], [ -92.1547, 32.4849 ], [ -92.1755, 32.485 ], [ -92.1788, 32.4951 ], [ -92.1921, 32.4958 ], [ -92.1919, 32.5108 ] ] ] } },
{ "type": "Feature", "properties": { "GEOIDFQ": "1400000US22073005100", "NAME": "51", "NAMELSAD": "Census Tract 51" }, "geometry": { "type": "Polygon", "coordinates": [ [ [ -92.1382, 32.6608 ], [ -92.1268, 32.6334 ], [ -92.0986, 32.6338 ], [ -92.1038, 32.6251 ], [ -92.1235, 32.6202 ], [ -92.1031, 32.6007 ], [ -92.0928, 32.5993 ], [ -92.1045, 32.5867 ], [ -92.0958, 32.5782 ], [ -92.1198, 32.5817 ], [ -92.1329, 32.5694 ], [ -92.1438, 32.5692 ], [ -92.1253, 32.5518 ], [ -92.1339, 32.5384 ], [ -92.1285, 32.5308 ], [ -92.1359, 32.5254 ], [ -92.1475, 32.5279 ], [ -92.1486, 32.5461 ], [ -92.161, 32.5656 ], [ -92.1457, 32.5876 ], [ -92.1838, 32.6331 ], [ -92.1382, 32.6608 ] ] ] } },
{ "type": "Feature", "properties": { "GEOIDFQ": "1400000US22073000600", "NAME": "6", "NAMELSAD": "Census Tract 6" }, "geometry": { "type": "Polygon", "coordinates": [ [ [ -92.0799, 32.5178 ], [ -92.0447, 32.52 ], [ -92.0571, 32.5004 ], [ -92.0828, 32.5024 ], [ -92.0799, 32.5178 ] ] ] } },
{ "type": "Feature", "properties": { "GEOIDFQ": "1400000US22073010301", "NAME": "103.01", "NAMELSAD": "Census Tract 103.01" }, "geometry": { "type": "Polygon", "coordinates": [ [ [ -92.1211, 32.5692 ], [ -92.0923, 32.569 ], [ -92.0757, 32.5592 ], [ -92.0788, 32.5399 ], [ -92.0965, 32.5451 ], [ -92.096, 32.5556 ], [ -92.1085, 32.5478 ], [ -92.1293, 32.5561 ], [ -92.1211, 32.5692 ] ] ] } },
{ "type": "Feature", "properties": { "GEOIDFQ": "1400000US22073010101", "NAME": "101.01", "NAMELSAD": "Census Tract 101.01" }, "geometry": { "type": "Polygon", "coordinates": [ [ [ -91.9892, 32.5809 ], [ -92.0031, 32.6102 ], [ -92.003, 32.6552 ], [ -91.9359, 32.6549 ], [ -91.93, 32.6662 ], [ -91.9192, 32.6663 ], [ -91.9096, 32.6525 ], [ -91.9242, 32.6453 ], [ -91.9216, 32.6246 ], [ -91.9434, 32.5874 ], [ -91.9254, 32.583 ], [ -91.9308, 32.5734 ], [ -91.9854, 32.5687 ], [ -91.9906, 32.5476 ], [ -92.0019, 32.5416 ], [ -92.0137, 32.5487 ], [ -91.9892, 32.5809 ] ] ] } },
{ "type": "Feature", "properties": { "GEOIDFQ": "1400000US22073010202", "NAME": "102.02", "NAMELSAD": "Census Tract 102.02" }, "geometry": { "type": "Polygon", "coordinates": [ [ [ -92.0612, 32.6133 ], [ -92.0631, 32.6354 ], [ -92.0449, 32.6695 ], [ -92.0469, 32.6867 ], [ -92.0303, 32.6982 ], [ -92.0429, 32.7035 ], [ -92.0434, 32.7098 ], [ -92.0343, 32.7128 ], [ -92.0169, 32.7005 ], [ -92.0083, 32.7085 ], [ -91.9931, 32.7045 ], [ -91.9753, 32.7116 ], [ -91.9621, 32.6785 ], [ -91.9354, 32.6551 ], [ -92.003, 32.6552 ], [ -92.0031, 32.6102 ], [ -91.9892, 32.5809 ], [ -92.0069, 32.5554 ], [ -92.0181, 32.5466 ], [ -92.0264, 32.5589 ], [ -92.0378, 32.5626 ], [ -92.0403, 32.5722 ], [ -92.0557, 32.5699 ], [ -92.0715, 32.5825 ], [ -92.0612, 32.6133 ] ] ] } },
{ "type": "Feature", "properties": { "GEOIDFQ": "1400000US22073010604", "NAME": "106.04", "NAMELSAD": "Census Tract 106.04" }, "geometry": { "type": "Polygon", "coordinates": [ [ [ -92.1438, 32.2807 ], [ -92.1499, 32.3044 ], [ -92.1281, 32.2883 ], [ -92.114, 32.2969 ], [ -92.1029, 32.285 ], [ -92.0949, 32.288 ], [ -92.0936, 32.3027 ], [ -92.1068, 32.3046 ], [ -92.0886, 32.3309 ], [ -92.1131, 32.3429 ], [ -92.1232, 32.3671 ], [ -92.1171, 32.3829 ], [ -92.1335, 32.39 ], [ -92.106, 32.4153 ], [ -92.0949, 32.4227 ], [ -92.0712, 32.4122 ], [ -92.0518, 32.4209 ], [ -92.0429, 32.4193 ], [ -92.0436, 32.4083 ], [ -92.0346, 32.4083 ], [ -92.0349, 32.4232 ], [ -92.019, 32.408 ], [ -91.9936, 32.3979 ], [ -92.0115, 32.3632 ], [ -92.0062, 32.3542 ], [ -92.0198, 32.2976 ], [ -92.0345, 32.2772 ], [ -92.1065, 32.2769 ], [ -92.1063, 32.2587 ], [ -92.1526, 32.2588 ], [ -92.1647, 32.2767 ], [ -92.1438, 32.2807 ] ] ] } },
{ "type": "Feature", "properties": { "GEOIDFQ": "1400000US22073010502", "NAME": "105.02", "NAMELSAD": "Census Tract 105.02" }, "geometry": { "type": "Polygon", "coordinates": [ [ [ -92.3071, 32.3476 ], [ -92.3086, 32.3814 ], [ -92.298, 32.4082 ], [ -92.2676, 32.4085 ], [ -92.2435, 32.4162 ], [ -92.1957, 32.4122 ], [ -92.1727, 32.44 ], [ -92.1538, 32.4136 ], [ -92.1379, 32.4087 ], [ -92.1163, 32.4179 ], [ -92.106, 32.4153 ], [ -92.1335, 32.39 ], [ -92.1171, 32.3829 ], [ -92.1232, 32.3671 ], [ -92.1131, 32.3429 ], [ -92.0881, 32.3294 ], [ -92.1068, 32.3046 ], [ -92.0933, 32.3021 ], [ -92.0986, 32.285 ], [ -92.1121, 32.2968 ], [ -92.1281, 32.2883 ], [ -92.1489, 32.3045 ], [ -92.1527, 32.2998 ], [ -92.1438, 32.2807 ], [ -92.149, 32.2784 ], [ -92.3122, 32.2773 ], [ -92.312, 32.321 ], [ -92.322, 32.3298 ], [ -92.3071, 32.3476 ] ] ] } },
{ "type": "Feature", "properties": { "GEOIDFQ": "1400000US22073000100", "NAME": "1", "NAMELSAD": "Census Tract 1" }, "geometry": { "type": "Polygon", "coordinates": [ [ [ -92.1226, 32.5343 ], [ -92.1081, 32.5187 ], [ -92.1255, 32.5056 ], [ -92.1359, 32.5254 ], [ -92.1226, 32.5343 ] ] ] } },
{ "type": "Feature", "properties": { "GEOIDFQ": "1400000US22071005000", "NAME": "50", "NAMELSAD": "Census Tract 50" }, "geometry": { "type": "Polygon", "coordinates": [ [ [ -90.0973, 29.9775 ], [ -90.0846, 29.9686 ], [ -90.0874, 29.9654 ], [ -90.1005, 29.9746 ], [ -90.0973, 29.9775 ] ] ] } },
{ "type": "Feature", "properties": { "GEOIDFQ": "1400000US22071000100", "NAME": "1", "NAMELSAD": "Census Tract 1" }, "geometry": { "type": "Polygon", "coordinates": [ [ [ -90.0545, 29.958 ], [ -90.0454, 29.9581 ], [ -90.0461, 29.9487 ], [ -90.0586, 29.9476 ], [ -90.0545, 29.958 ] ] ] } },
{ "type": "Feature", "properties": { "GEOIDFQ": "1400000US22071000602", "NAME": "6.02", "NAMELSAD": "Census Tract 6.02" }, "geometry": { "type": "Polygon", "coordinates": [ [ [ -90.0388, 29.9451 ], [ -90.0273, 29.9426 ], [ -90.0311, 29.9287 ], [ -90.0412, 29.9376 ], [ -90.0388, 29.9451 ] ] ] } },
{ "type": "Feature", "properties": { "GEOIDFQ": "1400000US22001960700", "NAME": "9607", "NAMELSAD": "Census Tract 9607" }, "geometry": { "type": "Polygon", "coordinates": [ [ [ -92.276, 30.2598 ], [ -92.2627, 30.2848 ], [ -92.2691, 30.2151 ], [ -92.2945, 30.2147 ], [ -92.2947, 30.2272 ], [ -92.3146, 30.2304 ], [ -92.3158, 30.2419 ], [ -92.2967, 30.2483 ], [ -92.3204, 30.2527 ], [ -92.3226, 30.2639 ], [ -92.276, 30.2598 ] ] ] } },
{ "type": "Feature", "properties": { "GEOIDFQ": "1400000US22001960300", "NAME": "9603", "NAMELSAD": "Census Tract 9603" }, "geometry": { "type": "Polygon", "coordinates": [ [ [ -92.624, 30.3195 ], [ -92.6185, 30.3344 ], [ -92.628, 30.3472 ], [ -92.6238, 30.3558 ], [ -92.6296, 30.3794 ], [ -92.6141, 30.3888 ], [ -92.6074, 30.3863 ], [ -92.6048, 30.4124 ], [ -92.5946, 30.4203 ], [ -92.6006, 30.4378 ], [ -92.6231, 30.4566 ], [ -92.632, 30.4812 ], [ -92.4933, 30.4805 ], [ -92.5017, 30.4705 ], [ -92.4982, 30.4457 ], [ -92.5353, 30.4229 ], [ -92.5152, 30.4044 ], [ -92.549, 30.3698 ], [ -92.5464, 30.3616 ], [ -92.5375, 30.3611 ], [ -92.5356, 30.3511 ], [ -92.5435, 30.3346 ], [ -92.5429, 30.309 ], [ -92.5523, 30.3062 ], [ -92.55, 30.2946 ], [ -92.5603, 30.2723 ], [ -92.5537, 30.2442 ], [ -92.5641, 30.2421 ], [ -92.5643, 30.2303 ], [ -92.5753, 30.224 ], [ -92.5745, 30.2107 ], [ -92.5855, 30.2034 ], [ -92.6067, 30.2087 ], [ -92.6211, 30.2316 ], [ -92.6266, 30.2303 ], [ -92.6224, 30.276 ], [ -92.6282, 30.2963 ], [ -92.6212, 30.3083 ], [ -92.6323, 30.3171 ], [ -92.624, 30.3195 ] ] ] } },
{ "type": "Feature", "properties": { "GEOIDFQ": "1400000US22001961200", "NAME": "9612", "NAMELSAD": "Census Tract 9612" }, "geometry": { "type": "Polygon", "coordinates": [ [ [ -92.5026, 30.0842 ], [ -92.4808, 30.0828 ], [ -92.4809, 30.095 ], [ -92.4724, 30.0951 ], [ -92.4715, 30.1035 ], [ -92.4612, 30.0956 ], [ -92.4295, 30.0954 ], [ -92.4298, 30.125 ], [ -92.4212, 30.1251 ], [ -92.4217, 30.1838 ], [ -92.3627, 30.1823 ], [ -92.3628, 30.1972 ], [ -92.3457, 30.1978 ], [ -92.3462, 30.2137 ], [ -92.3287, 30.2139 ], [ -92.3288, 30.2308 ], [ -92.2947, 30.2272 ], [ -92.2945, 30.2147 ], [ -92.2416, 30.2147 ], [ -92.2505, 30.204 ], [ -92.251, 30.1707 ], [ -92.275, 30.1462 ], [ -92.2901, 30.149 ], [ -92.3002, 30.1306 ], [ -92.3241, 30.1235 ], [ -92.3317, 30.1018 ], [ -92.3761, 30.0666 ], [ -92.4253, 30.0492 ], [ -92.4821, 30.0638 ], [ -92.4924, 30.0761 ], [ -92.5082, 30.079 ], [ -92.5026, 30.0842 ] ] ] } },
{ "type": "Feature", "properties": { "GEOIDFQ": "1400000US22001961100", "NAME": "9611", "NAMELSAD": "Census Tract 9611" }, "geometry": { "type": "Polygon", "coordinates": [ [ [ -92.6077, 30.1594 ], [ -92.6187, 30.1755 ], [ -92.5925, 30.1799 ], [ -92.5949, 30.1965 ], [ -92.5897, 30.2027 ], [ -92.5832, 30.2004 ], [ -92.5852, 30.2058 ], [ -92.5736, 30.2161 ], [ -92.5262, 30.1921 ], [ -92.4788, 30.2052 ], [ -92.4638, 30.1979 ], [ -92.4191, 30.1979 ], [ -92.4147, 30.1908 ], [ -92.4219, 30.188 ], [ -92.4212, 30.1251 ], [ -92.4298, 30.125 ], [ -92.4295, 30.0954 ], [ -92.4612, 30.0956 ], [ -92.4715, 30.1035 ], [ -92.4724, 30.0951 ], [ -92.4809, 30.095 ], [ -92.4808, 30.0828 ], [ -92.5065, 30.0814 ], [ -92.5219, 30.0878 ], [ -92.5191, 30.0933 ], [ -92.5293, 30.098 ], [ -92.5294, 30.1066 ], [ -92.535, 30.1038 ], [ -92.5571, 30.116 ], [ -92.5818, 30.0974 ], [ -92.6003, 30.0993 ], [ -92.6149, 30.0889 ], [ -92.6245, 30.0897 ], [ -92.6182, 30.1034 ], [ -92.6284, 30.1255 ], [ -92.6217, 30.1327 ], [ -92.6286, 30.1348 ], [ -92.6077, 30.1594 ] ] ] } },
{ "type": "Feature", "properties": { "GEOIDFQ": "1400000US22113951002", "NAME": "9510.02", "NAMELSAD": "Census Tract 9510.02" }, "geometry": { "type": "Polygon", "coordinates": [ [ [ -92.1381, 29.788 ], [ -92.1329, 29.8197 ], [ -92.1255, 29.8215 ], [ -92.1341, 29.8302 ], [ -92.1232, 29.8537 ], [ -92.1336, 29.8804 ], [ -92.1146, 29.8917 ], [ -92.1158, 29.9136 ], [ -92.0953, 29.9143 ], [ -92.0853, 29.9258 ], [ -92.0739, 29.9233 ], [ -92.0671, 29.9411 ], [ -92.0508, 29.9363 ], [ -92.0424, 29.9422 ], [ -92.0288, 29.9329 ], [ -92.0144, 29.934 ], [ -92.0063, 29.938 ], [ -92.0061, 29.9539 ], [ -91.9975, 29.9525 ], [ -91.9917, 29.969 ], [ -91.9727, 29.837 ], [ -92.1396, 29.7837 ], [ -92.1448, 29.7874 ], [ -92.1381, 29.788 ] ] ] } },
{ "type": "Feature", "properties": { "GEOIDFQ": "1400000US22113951001", "NAME": "9510.01", "NAMELSAD": "Census Tract 9510.01" }, "geometry": { "type": "Polygon", "coordinates": [ [ [ -92.0627, 29.96 ], [ -92.0482, 29.9633 ], [ -92.0483, 29.9848 ], [ -92.0055, 29.9879 ], [ -91.9961, 29.9811 ], [ -91.9862, 29.9939 ], [ -91.9937, 29.9841 ], [ -91.9975, 29.9525 ], [ -92.0061, 29.9539 ], [ -92.0064, 29.9379 ], [ -92.0281, 29.9327 ], [ -92.0424, 29.9422 ], [ -92.0508, 29.9363 ], [ -92.0671, 29.9411 ], [ -92.0627, 29.96 ] ] ] } },
{ "type": "Feature", "properties": { "GEOIDFQ": "1400000US22077952000", "NAME": "9520", "NAMELSAD": "Census Tract 9520" }, "geometry": { "type": "Polygon", "coordinates": [ [ [ -91.8043, 30.8637 ], [ -91.802, 30.872 ], [ -91.8051, 30.9757 ], [ -91.7805, 30.9867 ], [ -91.7726, 31.0047 ], [ -91.7486, 31.0194 ], [ -91.7176, 31.0067 ], [ -91.703, 31.0186 ], [ -91.691, 31.0193 ], [ -91.6711, 31.0106 ], [ -91.6583, 30.9944 ], [ -91.6615, 30.9644 ], [ -91.6449, 30.929 ], [ -91.6607, 30.895 ], [ -91.6614, 30.8571 ], [ -91.6526, 30.848 ], [ -91.6296, 30.8405 ], [ -91.588, 30.8473 ], [ -91.5663, 30.8363 ], [ -91.5591, 30.8398 ], [ -91.5636, 30.8833 ], [ -91.5761, 30.8934 ], [ -91.6115, 30.8997 ], [ -91.614, 30.9181 ], [ -91.554, 30.9177 ], [ -91.5214, 30.8901 ], [ -91.5156, 30.8614 ], [ -91.5395, 30.7912 ], [ -91.5538, 30.7794 ], [ -91.5845, 30.7728 ], [ -91.5958, 30.7605 ], [ -91.5946, 30.7502 ], [ -91.5813, 30.7414 ], [ -91.5932, 30.7404 ], [ -91.5997, 30.7491 ], [ -91.6218, 30.7394 ], [ -91.6436, 30.7404 ], [ -91.6622, 30.7281 ], [ -91.6502, 30.6209 ], [ -91.6582, 30.5568 ], [ -91.7496, 30.5467 ], [ -91.7573, 30.5642 ], [ -91.7547, 30.6145 ], [ -91.741, 30.6325 ], [ -91.7464, 30.6588 ], [ -91.7315, 30.6698 ], [ -91.734, 30.7034 ], [ -91.7579, 30.741 ], [ -91.7552, 30.7566 ], [ -91.7678, 30.7839 ], [ -91.8073, 30.8111 ], [ -91.7995, 30.8343 ], [ -91.8229, 30.8581 ], [ -91.8043, 30.8637 ] ] ] } },
{ "type": "Feature", "properties": { "GEOIDFQ": "1400000US22101040300", "NAME": "403", "NAMELSAD": "Census Tract 403" }, "geometry": { "type": "Polygon", "coordinates": [ [ [ -91.2016, 29.7013 ], [ -91.1897, 29.6943 ], [ -91.1651, 29.6923 ], [ -91.1575, 29.6853 ], [ -91.2123, 29.6883 ], [ -91.2143, 29.6966 ], [ -91.2016, 29.7013 ] ] ] } },
{ "type": "Feature", "properties": { "GEOIDFQ": "1400000US22101040800", "NAME": "408", "NAMELSAD": "Census Tract 408" }, "geometry": { "type": "Polygon", "coordinates": [ [ [ -91.4179, 29.5829 ], [ -91.3524, 29.7485 ], [ -91.3523, 29.7666 ], [ -91.2986, 29.765 ], [ -91.2061, 29.7463 ], [ -91.2067, 29.7276 ], [ -91.2214, 29.7113 ], [ -91.2277, 29.7243 ], [ -91.2444, 29.7238 ], [ -91.2664, 29.7081 ], [ -91.2835, 29.6805 ], [ -91.2934, 29.6813 ], [ -91.3001, 29.6918 ], [ -91.2985, 29.7149 ], [ -91.3192, 29.691 ], [ -91.2904, 29.6779 ], [ -91.2925, 29.6457 ], [ -91.24, 29.6595 ], [ -91.2406, 29.6383 ], [ -91.254, 29.6299 ], [ -91.2562, 29.6185 ], [ -91.2211, 29.5809 ], [ -91.2273, 29.5578 ], [ -91.2706, 29.5367 ], [ -91.265, 29.5108 ], [ -91.2737, 29.4794 ], [ -91.2954, 29.477 ], [ -91.3182, 29.4861 ], [ -91.3349, 29.485 ], [ -91.32, 29.4892 ], [ -91.3519, 29.4963 ], [ -91.3457, 29.5036 ], [ -91.3555, 29.5148 ], [ -91.4022, 29.5119 ], [ -91.4204, 29.5157 ], [ -91.4285, 29.5242 ], [ -91.4179, 29.5829 ] ] ] } },
{ "type": "Feature", "properties": { "GEOIDFQ": "1400000US22101041100", "NAME": "411", "NAMELSAD": "Census Tract 411" }, "geometry": { "type": "Polygon", "coordinates": [ [ [ -91.7113, 29.8461 ], [ -91.675, 29.8872 ], [ -91.5699, 29.8386 ], [ -91.5679, 29.8308 ], [ -91.5375, 29.8118 ], [ -91.528, 29.7856 ], [ -91.5338, 29.756 ], [ -91.5917, 29.7715 ], [ -91.6171, 29.7502 ], [ -91.6858, 29.6171 ], [ -91.7233, 29.6613 ], [ -91.9352, 29.6726 ], [ -91.7113, 29.8461 ] ] ] } },
{ "type": "Feature", "properties": { "GEOIDFQ": "1400000US22101040100", "NAME": "401", "NAMELSAD": "Census Tract 401" }, "geometry": { "type": "Polygon", "coordinates": [ [ [ -91.2406, 29.6383 ], [ -91.2356, 29.6673 ], [ -91.2123, 29.6883 ], [ -91.1575, 29.6853 ], [ -91.1765, 29.6933 ], [ -91.1729, 29.706 ], [ -91.1881, 29.711 ], [ -91.1876, 29.7222 ], [ -91.1791, 29.7281 ], [ -91.1341, 29.7241 ], [ -91.1123, 29.7029 ], [ -91.0952, 29.6962 ], [ -91.1055, 29.6437 ], [ -91.0878, 29.6363 ], [ -91.0826, 29.6268 ], [ -91.1172, 29.6175 ], [ -91.1208, 29.6083 ], [ -91.1388, 29.6094 ], [ -91.1401, 29.6023 ], [ -91.1515, 29.6037 ], [ -91.1637, 29.5927 ], [ -91.1802, 29.6093 ], [ -91.2211, 29.5809 ], [ -91.2542, 29.6142 ], [ -91.2565, 29.6267 ], [ -91.2406, 29.6383 ] ] ] } },
{ "type": "Feature", "properties": { "GEOIDFQ": "1400000US22101041000", "NAME": "410", "NAMELSAD": "Census Tract 410" }, "geometry": { "type": "Polygon", "coordinates": [ [ [ -91.6243, 29.9455 ], [ -91.472, 29.9563 ], [ -91.472, 29.948 ], [ -91.4129, 29.9042 ], [ -91.4011, 29.8735 ], [ -91.3736, 29.8344 ], [ -91.3865, 29.7837 ], [ -91.3499, 29.762 ], [ -91.3718, 29.7032 ], [ -91.3799, 29.7069 ], [ -91.3987, 29.756 ], [ -91.4877, 29.7762 ], [ -91.4945, 29.7933 ], [ -91.4384, 29.8066 ], [ -91.4496, 29.8392 ], [ -91.4634, 29.8503 ], [ -91.478, 29.8521 ], [ -91.5089, 29.8296 ], [ -91.5344, 29.8275 ], [ -91.542, 29.833 ], [ -91.5398, 29.8456 ], [ -91.5651, 29.8349 ], [ -91.675, 29.8872 ], [ -91.6243, 29.9455 ] ] ] } },
{ "type": "Feature", "properties": { "GEOIDFQ": "1400000US22109001001", "NAME": "10.01", "NAMELSAD": "Census Tract 10.01" }, "geometry": { "type": "Polygon", "coordinates": [ [ [ -90.6811, 29.6172 ], [ -90.6677, 29.6084 ], [ -90.6635, 29.6151 ], [ -90.6506, 29.6033 ], [ -90.6202, 29.5988 ], [ -90.6036, 29.5739 ], [ -90.5745, 29.5589 ], [ -90.5871, 29.5467 ], [ -90.6251, 29.5549 ], [ -90.6517, 29.5712 ], [ -90.6488, 29.5935 ], [ -90.6879, 29.6086 ], [ -90.6811, 29.6172 ] ] ] } },
{ "type": "Feature", "properties": { "GEOIDFQ": "1400000US22109000602", "NAME": "6.02", "NAMELSAD": "Census Tract 6.02" }, "geometry": { "type": "Polygon", "coordinates": [ [ [ -90.6885, 29.6088 ], [ -90.6488, 29.5935 ], [ -90.6517, 29.5712 ], [ -90.6657, 29.586 ], [ -90.6959, 29.5984 ], [ -90.6885, 29.6088 ] ] ] } },
{ "type": "Feature", "properties": { "GEOIDFQ": "1400000US22109001702", "NAME": "17.02", "NAMELSAD": "Census Tract 17.02" }, "geometry": { "type": "Polygon", "coordinates": [ [ [ -90.7718, 29.6334 ], [ -90.7621, 29.6344 ], [ -90.7554, 29.6125 ], [ -90.7274, 29.5849 ], [ -90.7587, 29.5994 ], [ -90.767, 29.5895 ], [ -90.7606, 29.5838 ], [ -90.8017, 29.579 ], [ -90.8157, 29.602 ], [ -90.7718, 29.6334 ] ] ] } },
{ "type": "Feature", "properties": { "GEOIDFQ": "1400000US22109000502", "NAME": "5.02", "NAMELSAD": "Census Tract 5.02" }, "geometry": { "type": "Polygon", "coordinates": [ [ [ -90.7098, 29.6663 ], [ -90.6876, 29.6454 ], [ -90.7062, 29.6283 ], [ -90.7163, 29.599 ], [ -90.7264, 29.5979 ], [ -90.7259, 29.6137 ], [ -90.7341, 29.6187 ], [ -90.7423, 29.6423 ], [ -90.7098, 29.6663 ] ] ] } },
{ "type": "Feature", "properties": { "GEOIDFQ": "1400000US22109001703", "NAME": "17.03", "NAMELSAD": "Census Tract 17.03" }, "geometry": { "type": "Polygon", "coordinates": [ [ [ -90.7587, 29.5994 ], [ -90.7231, 29.58 ], [ -90.7264, 29.5751 ], [ -90.7439, 29.5757 ], [ -90.7415, 29.5805 ], [ -90.767, 29.5895 ], [ -90.7587, 29.5994 ] ] ] } },
{ "type": "Feature", "properties": { "GEOIDFQ": "1400000US22109001303", "NAME": "13.03", "NAMELSAD": "Census Tract 13.03" }, "geometry": { "type": "Polygon", "coordinates": [ [ [ -90.9693, 29.1977 ], [ -90.9556, 29.2018 ], [ -90.9507, 29.2173 ], [ -90.9371, 29.2117 ], [ -90.9361, 29.22 ], [ -90.9283, 29.2147 ], [ -90.9218, 29.2196 ], [ -90.9304, 29.2209 ], [ -90.9168, 29.2239 ], [ -90.9083, 29.2215 ], [ -90.9146, 29.2149 ], [ -90.8988, 29.2169 ], [ -90.8968, 29.2099 ], [ -90.889, 29.2105 ], [ -90.8835, 29.2204 ], [ -90.8766, 29.2181 ], [ -90.8733, 29.2274 ], [ -90.8848, 29.2271 ], [ -90.881, 29.2403 ], [ -90.8869, 29.2435 ], [ -90.874, 29.2466 ], [ -90.8724, 29.2618 ], [ -90.8641, 29.2419 ], [ -90.8672, 29.2553 ], [ -90.8515, 29.2584 ], [ -90.8407, 29.279 ], [ -90.8314, 29.2829 ], [ -90.8169, 29.3441 ], [ -90.7734, 29.3506 ], [ -90.7735, 29.3704 ], [ -90.7298, 29.3846 ], [ -90.7046, 29.5423 ], [ -90.7154, 29.5682 ], [ -90.7107, 29.577 ], [ -90.7025, 29.5778 ], [ -90.6702, 29.5684 ], [ -90.6556, 29.5452 ], [ -90.6783, 29.5456 ], [ -90.6759, 29.5061 ], [ -90.7011, 29.4787 ], [ -90.7011, 29.4081 ], [ -90.7154, 29.3808 ], [ -90.7136, 29.3732 ], [ -90.701, 29.3723 ], [ -90.6957, 29.3652 ], [ -90.6775, 29.3664 ], [ -90.6819, 29.3483 ], [ -90.6765, 29.3371 ], [ -90.6909, 29.3332 ], [ -90.694, 29.3158 ], [ -90.6892, 29.3136 ], [ -90.7007, 29.2973 ], [ -90.6981, 29.2857 ], [ -90.7162, 29.2607 ], [ -90.716, 29.2367 ], [ -90.7261, 29.2203 ], [ -90.7235, 29.1967 ], [ -90.7434, 29.1443 ], [ -90.7326, 29.1365 ], [ -90.7394, 29.1052 ], [ -90.7999, 29.0559 ], [ -90.8564, 29.0596 ], [ -90.8847, 29.1001 ], [ -90.9376, 29.1501 ], [ -90.9692, 29.1524 ], [ -90.9584, 29.1793 ], [ -90.975, 29.188 ], [ -90.9693, 29.1977 ] ] ] } },
{ "type": "Feature", "properties": { "GEOIDFQ": "1400000US22109000901", "NAME": "9.01", "NAMELSAD": "Census Tract 9.01" }, "geometry": { "type": "Polygon", "coordinates": [ [ [ -90.7383, 29.5681 ], [ -90.7397, 29.5765 ], [ -90.7264, 29.5751 ], [ -90.7231, 29.58 ], [ -90.7292, 29.5909 ], [ -90.7124, 29.5894 ], [ -90.7244, 29.5655 ], [ -90.7419, 29.5634 ], [ -90.7442, 29.5677 ], [ -90.7383, 29.5681 ] ] ] } },
{ "type": "Feature", "properties": { "GEOIDFQ": "1400000US22109001501", "NAME": "15.01", "NAMELSAD": "Census Tract 15.01" }, "geometry": { "type": "Polygon", "coordinates": [ [ [ -90.7945, 29.5807 ], [ -90.759, 29.5841 ], [ -90.7466, 29.5748 ], [ -90.7635, 29.5726 ], [ -90.786, 29.5593 ], [ -90.7964, 29.5643 ], [ -90.7945, 29.5807 ] ] ] } },
{ "type": "Feature", "properties": { "GEOIDFQ": "1400000US22109001502", "NAME": "15.02", "NAMELSAD": "Census Tract 15.02" }, "geometry": { "type": "Polygon", "coordinates": [ [ [ -91.265, 29.5108 ], [ -91.2723, 29.5295 ], [ -91.2684, 29.5402 ], [ -91.235, 29.551 ], [ -91.2232, 29.5623 ], [ -91.2256, 29.5745 ], [ -91.219, 29.5839 ], [ -91.1788, 29.6096 ], [ -91.1637, 29.5927 ], [ -91.1515, 29.6037 ], [ -91.1277, 29.5993 ], [ -91.0873, 29.5702 ], [ -91.0781, 29.5544 ], [ -91.0526, 29.5471 ], [ -91.0295, 29.5614 ], [ -90.9979, 29.6226 ], [ -90.9801, 29.6121 ], [ -90.9583, 29.5766 ], [ -90.9192, 29.5579 ], [ -90.9051, 29.5675 ], [ -90.8897, 29.6027 ], [ -90.8596, 29.5971 ], [ -90.8569, 29.6221 ], [ -90.8304, 29.6135 ], [ -90.8018, 29.579 ], [ -90.795, 29.579 ], [ -90.7964, 29.5643 ], [ -90.7901, 29.5598 ], [ -90.7466, 29.5748 ], [ -90.7579, 29.5811 ], [ -90.7523, 29.586 ], [ -90.7388, 29.5719 ], [ -90.763, 29.5366 ], [ -90.7965, 29.5354 ], [ -90.7924, 29.5109 ], [ -90.8221, 29.4515 ], [ -91.0647, 29.4844 ], [ -91.0987, 29.4655 ], [ -91.1022, 29.4546 ], [ -91.1191, 29.4583 ], [ -91.1921, 29.4264 ], [ -91.1986, 29.4114 ], [ -91.2134, 29.4175 ], [ -91.2212, 29.4364 ], [ -91.2593, 29.4447 ], [ -91.26, 29.4621 ], [ -91.2729, 29.4865 ], [ -91.265, 29.5108 ] ] ] } },
{ "type": "Feature", "properties": { "GEOIDFQ": "1400000US22109000701", "NAME": "7.01", "NAMELSAD": "Census Tract 7.01" }, "geometry": { "type": "Polygon", "coordinates": [ [ [ -90.7102, 29.5987 ], [ -90.6956, 29.5979 ], [ -90.6977, 29.5905 ], [ -90.7137, 29.5865 ], [ -90.7102, 29.5987 ] ] ] } },
{ "type": "Feature", "properties": { "GEOIDFQ": "1400000US22109000501", "NAME": "5.01", "NAMELSAD": "Census Tract 5.01" }, "geometry": { "type": "Polygon", "coordinates": [ [ [ -90.7303, 29.6116 ], [ -90.7253, 29.5973 ], [ -90.7336, 29.5994 ], [ -90.7434, 29.6065 ], [ -90.7303, 29.6116 ] ] ] } },
{ "type": "Feature", "properties": { "GEOIDFQ": "1400000US22109000103", "NAME": "1.03", "NAMELSAD": "Census Tract 1.03" }, "geometry": { "type": "Polygon", "coordinates": [ [ [ -90.8892, 29.7167 ], [ -90.8137, 29.7473 ], [ -90.8176, 29.7772 ], [ -90.8059, 29.7744 ], [ -90.805, 29.7495 ], [ -90.7845, 29.7446 ], [ -90.7829, 29.7303 ], [ -90.8174, 29.7222 ], [ -90.8163, 29.716 ], [ -90.8417, 29.707 ], [ -90.842, 29.702 ], [ -90.8905, 29.7018 ], [ -90.8892, 29.7167 ] ] ] } },
{ "type": "Feature", "properties": { "GEOIDFQ": "1400000US22109000702", "NAME": "7.02", "NAMELSAD": "Census Tract 7.02" }, "geometry": { "type": "Polygon", "coordinates": [ [ [ -90.6956, 29.5979 ], [ -90.6865, 29.5968 ], [ -90.6647, 29.5854 ], [ -90.6406, 29.5549 ], [ -90.6606, 29.5543 ], [ -90.6711, 29.5735 ], [ -90.6975, 29.5906 ], [ -90.6956, 29.5979 ] ] ] } },
{ "type": "Feature", "properties": { "GEOIDFQ": "1400000US22109000902", "NAME": "9.02", "NAMELSAD": "Census Tract 9.02" }, "geometry": { "type": "Polygon", "coordinates": [ [ [ -90.7297, 29.5981 ], [ -90.7102, 29.5987 ], [ -90.7124, 29.5894 ], [ -90.7309, 29.5934 ], [ -90.7297, 29.5981 ] ] ] } },
{ "type": "Feature", "properties": { "GEOIDFQ": "1400000US22109001301", "NAME": "13.01", "NAMELSAD": "Census Tract 13.01" }, "geometry": { "type": "Polygon", "coordinates": [ [ [ -90.6763, 29.5044 ], [ -90.6783, 29.5456 ], [ -90.6556, 29.5452 ], [ -90.658, 29.5188 ], [ -90.6453, 29.4977 ], [ -90.6561, 29.4695 ], [ -90.6975, 29.4878 ], [ -90.6763, 29.5044 ] ] ] } },
{ "type": "Feature", "properties": { "GEOIDFQ": "1400000US22109001302", "NAME": "13.02", "NAMELSAD": "Census Tract 13.02" }, "geometry": { "type": "Polygon", "coordinates": [ [ [ -90.7011, 29.4081 ], [ -90.7038, 29.4645 ], [ -90.6964, 29.487 ], [ -90.6561, 29.4695 ], [ -90.6581, 29.4451 ], [ -90.6651, 29.4339 ], [ -90.6774, 29.4314 ], [ -90.6714, 29.4225 ], [ -90.6782, 29.408 ], [ -90.671, 29.3954 ], [ -90.6905, 29.3943 ], [ -90.6805, 29.3849 ], [ -90.6888, 29.3769 ], [ -90.6837, 29.3664 ], [ -90.7136, 29.3732 ], [ -90.7011, 29.4081 ] ] ] } },
{ "type": "Feature", "properties": { "GEOIDFQ": "1400000US22109000601", "NAME": "6.01", "NAMELSAD": "Census Tract 6.01" }, "geometry": { "type": "Polygon", "coordinates": [ [ [ -90.7062, 29.6283 ], [ -90.6876, 29.6454 ], [ -90.6635, 29.6151 ], [ -90.6677, 29.6084 ], [ -90.6811, 29.6172 ], [ -90.6959, 29.5979 ], [ -90.7163, 29.5991 ], [ -90.7062, 29.6283 ] ] ] } },
{ "type": "Feature", "properties": { "GEOIDFQ": "1400000US22109001701", "NAME": "17.01", "NAMELSAD": "Census Tract 17.01" }, "geometry": { "type": "Polygon", "coordinates": [ [ [ -90.8889, 29.7002 ], [ -90.842, 29.702 ], [ -90.8085, 29.7252 ], [ -90.7974, 29.6797 ], [ -90.8042, 29.6769 ], [ -90.812, 29.6554 ], [ -90.7869, 29.6229 ], [ -90.8135, 29.6069 ], [ -90.8174, 29.5945 ], [ -90.8304, 29.6135 ], [ -90.8484, 29.6222 ], [ -90.8484, 29.6311 ], [ -90.8735, 29.6344 ], [ -90.8818, 29.6609 ], [ -90.8967, 29.6655 ], [ -90.8889, 29.7002 ] ] ] } },
{ "type": "Feature", "properties": { "GEOIDFQ": "1400000US22109000204", "NAME": "2.04", "NAMELSAD": "Census Tract 2.04" }, "geometry": { "type": "Polygon", "coordinates": [ [ [ -90.7511, 29.6828 ], [ -90.7098, 29.6663 ], [ -90.7288, 29.6504 ], [ -90.7564, 29.6602 ], [ -90.773, 29.6808 ], [ -90.7511, 29.6828 ] ] ] } },
{ "type": "Feature", "properties": { "GEOIDFQ": "1400000US22109000203", "NAME": "2.03", "NAMELSAD": "Census Tract 2.03" }, "geometry": { "type": "Polygon", "coordinates": [ [ [ -90.7523, 29.6615 ], [ -90.7269, 29.65 ], [ -90.7563, 29.6311 ], [ -90.7662, 29.6555 ], [ -90.7523, 29.6615 ] ] ] } },
{ "type": "Feature", "properties": { "GEOIDFQ": "1400000US22109000105", "NAME": "1.05", "NAMELSAD": "Census Tract 1.05" }, "geometry": { "type": "Polygon", "coordinates": [ [ [ -90.801, 29.727 ], [ -90.7836, 29.6798 ], [ -90.7975, 29.6799 ], [ -90.8085, 29.7252 ], [ -90.801, 29.727 ] ] ] } },
{ "type": "Feature", "properties": { "GEOIDFQ": "1400000US22109000104", "NAME": "1.04", "NAMELSAD": "Census Tract 1.04" }, "geometry": { "type": "Polygon", "coordinates": [ [ [ -90.8414, 29.7464 ], [ -90.8421, 29.7601 ], [ -90.8279, 29.7646 ], [ -90.8278, 29.7758 ], [ -90.8176, 29.7772 ], [ -90.8137, 29.7473 ], [ -90.8804, 29.7192 ], [ -90.8821, 29.7459 ], [ -90.8414, 29.7464 ] ] ] } },
{ "type": "Feature", "properties": { "GEOIDFQ": "1400000US22109001002", "NAME": "10.02", "NAMELSAD": "Census Tract 10.02" }, "geometry": { "type": "Polygon", "coordinates": [ [ [ -90.6574, 29.5794 ], [ -90.6464, 29.5653 ], [ -90.6203, 29.5534 ], [ -90.5871, 29.5467 ], [ -90.5745, 29.5589 ], [ -90.5684, 29.5352 ], [ -90.5465, 29.5273 ], [ -90.5375, 29.5055 ], [ -90.5476, 29.5011 ], [ -90.5755, 29.5193 ], [ -90.5835, 29.5127 ], [ -90.5929, 29.5344 ], [ -90.5998, 29.5299 ], [ -90.6222, 29.5386 ], [ -90.652, 29.5667 ], [ -90.6574, 29.5794 ] ] ] } },
{ "type": "Feature", "properties": { "GEOIDFQ": "1400000US22071003303", "NAME": "33.03", "NAMELSAD": "Census Tract 33.03" }, "geometry": { "type": "Polygon", "coordinates": [ [ [ -90.0615, 30.0252 ], [ -90.0609, 30.0168 ], [ -90.0705, 30.0163 ], [ -90.071, 30.0234 ], [ -90.0615, 30.0252 ] ] ] } },
{ "type": "Feature", "properties": { "GEOIDFQ": "1400000US22019002500", "NAME": "25", "NAMELSAD": "Census Tract 25" }, "geometry": { "type": "Polygon", "coordinates": [ [ [ -93.267, 30.2942 ], [ -93.2537, 30.2877 ], [ -93.2518, 30.2992 ], [ -93.2357, 30.2929 ], [ -93.2291, 30.2816 ], [ -93.2336, 30.278 ], [ -93.2175, 30.2722 ], [ -93.2198, 30.2673 ], [ -93.2132, 30.2706 ], [ -93.2081, 30.2597 ], [ -93.2135, 30.2525 ], [ -93.2452, 30.251 ], [ -93.2457, 30.2642 ], [ -93.2751, 30.2643 ], [ -93.2752, 30.2825 ], [ -93.267, 30.2942 ] ] ] } },
{ "type": "Feature", "properties": { "GEOIDFQ": "1400000US22071002402", "NAME": "24.02", "NAMELSAD": "Census Tract 24.02" }, "geometry": { "type": "Polygon", "coordinates": [ [ [ -90.0459, 30.0027 ], [ -90.0477, 29.9929 ], [ -90.0506, 29.9929 ], [ -90.0564, 30.0019 ], [ -90.0459, 30.0027 ] ] ] } },
{ "type": "Feature", "properties": { "GEOIDFQ": "1400000US22071002501", "NAME": "25.01", "NAMELSAD": "Census Tract 25.01" }, "geometry": { "type": "Polygon", "coordinates": [ [ [ -90.0533, 30.0261 ], [ -90.0535, 30.0132 ], [ -90.0605, 30.0125 ], [ -90.0615, 30.0252 ], [ -90.0533, 30.0261 ] ] ] } },
{ "type": "Feature", "properties": { "GEOIDFQ": "1400000US22071002502", "NAME": "25.02", "NAMELSAD": "Census Tract 25.02" }, "geometry": { "type": "Polygon", "coordinates": [ [ [ -90.0479, 30.0272 ], [ -90.0467, 30.0133 ], [ -90.0535, 30.0132 ], [ -90.0544, 30.0256 ], [ -90.0479, 30.0272 ] ] ] } },
{ "type": "Feature", "properties": { "GEOIDFQ": "1400000US22071002503", "NAME": "25.03", "NAMELSAD": "Census Tract 25.03" }, "geometry": { "type": "Polygon", "coordinates": [ [ [ -90.0539, 30.0132 ], [ -90.0531, 30.003 ], [ -90.0594, 29.9996 ], [ -90.0605, 30.0125 ], [ -90.0539, 30.0132 ] ] ] } },
{ "type": "Feature", "properties": { "GEOIDFQ": "1400000US22071002504", "NAME": "25.04", "NAMELSAD": "Census Tract 25.04" }, "geometry": { "type": "Polygon", "coordinates": [ [ [ -90.0467, 30.0133 ], [ -90.0459, 30.0027 ], [ -90.0531, 30.003 ], [ -90.0539, 30.0132 ], [ -90.0467, 30.0133 ] ] ] } },
{ "type": "Feature", "properties": { "GEOIDFQ": "1400000US22071002900", "NAME": "29", "NAMELSAD": "Census Tract 29" }, "geometry": { "type": "Polygon", "coordinates": [ [ [ -90.0577, 29.9787 ], [ -90.0573, 29.9733 ], [ -90.0642, 29.9728 ], [ -90.0647, 29.9783 ], [ -90.0577, 29.9787 ] ] ] } },
{ "type": "Feature", "properties": { "GEOIDFQ": "1400000US22071002600", "NAME": "26", "NAMELSAD": "Census Tract 26" }, "geometry": { "type": "Polygon", "coordinates": [ [ [ -90.057, 29.9687 ], [ -90.0566, 29.9615 ], [ -90.0569, 29.9614 ], [ -90.0636, 29.966 ], [ -90.057, 29.9687 ] ] ] } },
{ "type": "Feature", "properties": { "GEOIDFQ": "1400000US22071002700", "NAME": "27", "NAMELSAD": "Census Tract 27" }, "geometry": { "type": "Polygon", "coordinates": [ [ [ -90.0573, 29.9733 ], [ -90.057, 29.9687 ], [ -90.0624, 29.9673 ], [ -90.0654, 29.9726 ], [ -90.0573, 29.9733 ] ] ] } },
{ "type": "Feature", "properties": { "GEOIDFQ": "1400000US22071002800", "NAME": "28", "NAMELSAD": "Census Tract 28" }, "geometry": { "type": "Polygon", "coordinates": [ [ [ -90.0651, 29.9833 ], [ -90.0642, 29.9728 ], [ -90.0657, 29.9727 ], [ -90.0714, 29.9829 ], [ -90.0651, 29.9833 ] ] ] } },
{ "type": "Feature", "properties": { "GEOIDFQ": "1400000US22071003000", "NAME": "30", "NAMELSAD": "Census Tract 30" }, "geometry": { "type": "Polygon", "coordinates": [ [ [ -90.0581, 29.9838 ], [ -90.0577, 29.9787 ], [ -90.0647, 29.9783 ], [ -90.0581, 29.9838 ] ] ] } },
{ "type": "Feature", "properties": { "GEOIDFQ": "1400000US22071003301", "NAME": "33.01", "NAMELSAD": "Census Tract 33.01" }, "geometry": { "type": "Polygon", "coordinates": [ [ [ -90.083, 30.0209 ], [ -90.0708, 30.0214 ], [ -90.0701, 30.0119 ], [ -90.0849, 30.0111 ], [ -90.083, 30.0209 ] ] ] } },
{ "type": "Feature", "properties": { "GEOIDFQ": "1400000US22071003302", "NAME": "33.02", "NAMELSAD": "Census Tract 33.02" }, "geometry": { "type": "Polygon", "coordinates": [ [ [ -90.0849, 30.0111 ], [ -90.0701, 30.0119 ], [ -90.0739, 30.0001 ], [ -90.0854, 29.9994 ], [ -90.0849, 30.0111 ] ] ] } },
{ "type": "Feature", "properties": { "GEOIDFQ": "1400000US22071009400", "NAME": "94", "NAMELSAD": "Census Tract 94" }, "geometry": { "type": "Polygon", "coordinates": [ [ [ -90.0951, 29.95 ], [ -90.0912, 29.9442 ], [ -90.0961, 29.9415 ], [ -90.1022, 29.954 ], [ -90.0951, 29.95 ] ] ] } },
{ "type": "Feature", "properties": { "GEOIDFQ": "1400000US22071009000", "NAME": "90", "NAMELSAD": "Census Tract 90" }, "geometry": { "type": "Polygon", "coordinates": [ [ [ -90.0826, 29.9328 ], [ -90.0792, 29.928 ], [ -90.0877, 29.9234 ], [ -90.0901, 29.9287 ], [ -90.0826, 29.9328 ] ] ] } },
{ "type": "Feature", "properties": { "GEOIDFQ": "1400000US22071009100", "NAME": "91", "NAMELSAD": "Census Tract 91" }, "geometry": { "type": "Polygon", "coordinates": [ [ [ -90.0851, 29.9361 ], [ -90.0826, 29.9328 ], [ -90.0902, 29.9286 ], [ -90.0851, 29.9361 ] ] ] } },
{ "type": "Feature", "properties": { "GEOIDFQ": "1400000US22071009200", "NAME": "92", "NAMELSAD": "Census Tract 92" }, "geometry": { "type": "Polygon", "coordinates": [ [ [ -90.0875, 29.9392 ], [ -90.0851, 29.9361 ], [ -90.092, 29.9324 ], [ -90.0875, 29.9392 ] ] ] } },
{ "type": "Feature", "properties": { "GEOIDFQ": "1400000US22071002100", "NAME": "21", "NAMELSAD": "Census Tract 21" }, "geometry": { "type": "Polygon", "coordinates": [ [ [ -90.0539, 29.984 ], [ -90.0522, 29.9841 ], [ -90.0517, 29.978 ], [ -90.0582, 29.9804 ], [ -90.0539, 29.984 ] ] ] } },
{ "type": "Feature", "properties": { "GEOIDFQ": "1400000US22071009700", "NAME": "97", "NAMELSAD": "Census Tract 97" }, "geometry": { "type": "Polygon", "coordinates": [ [ [ -90.0941, 29.9215 ], [ -90.0931, 29.9178 ], [ -90.101, 29.9171 ], [ -90.0941, 29.9215 ] ] ] } },
{ "type": "Feature", "properties": { "GEOIDFQ": "1400000US22071009900", "NAME": "99", "NAMELSAD": "Census Tract 99" }, "geometry": { "type": "Polygon", "coordinates": [ [ [ -90.0902, 29.9286 ], [ -90.0877, 29.9234 ], [ -90.1014, 29.9208 ], [ -90.1019, 29.9264 ], [ -90.0902, 29.9286 ] ] ] } },
{ "type": "Feature", "properties": { "GEOIDFQ": "1400000US22071001200", "NAME": "12", "NAMELSAD": "Census Tract 12" }, "geometry": { "type": "Polygon", "coordinates": [ [ [ -90.0501, 29.9691 ], [ -90.0395, 29.9642 ], [ -90.0416, 29.9575 ], [ -90.0525, 29.9617 ], [ -90.0501, 29.9691 ] ] ] } },
{ "type": "Feature", "properties": { "GEOIDFQ": "1400000US22071012700", "NAME": "127", "NAMELSAD": "Census Tract 127" }, "geometry": { "type": "Polygon", "coordinates": [ [ [ -90.1236, 29.9529 ], [ -90.1194, 29.9495 ], [ -90.1245, 29.9431 ], [ -90.1289, 29.9479 ], [ -90.1236, 29.9529 ] ] ] } },
{ "type": "Feature", "properties": { "GEOIDFQ": "1400000US22071004800", "NAME": "48", "NAMELSAD": "Census Tract 48" }, "geometry": { "type": "Polygon", "coordinates": [ [ [ -90.0747, 29.9622 ], [ -90.0706, 29.9594 ], [ -90.0727, 29.9571 ], [ -90.0747, 29.9622 ] ] ] } },
{ "type": "Feature", "properties": { "GEOIDFQ": "1400000US22071003100", "NAME": "31", "NAMELSAD": "Census Tract 31" }, "geometry": { "type": "Polygon", "coordinates": [ [ [ -90.068, 29.9874 ], [ -90.0582, 29.9848 ], [ -90.0581, 29.9838 ], [ -90.0717, 29.9833 ], [ -90.068, 29.9874 ] ] ] } },
{ "type": "Feature", "properties": { "GEOIDFQ": "1400000US22055001408", "NAME": "14.08", "NAMELSAD": "Census Tract 14.08" }, "geometry": { "type": "Polygon", "coordinates": [ [ [ -92.0063, 30.1975 ], [ -92.0006, 30.214 ], [ -91.9795, 30.2151 ], [ -91.9774, 30.1796 ], [ -91.9629, 30.1759 ], [ -91.9546, 30.1871 ], [ -91.9338, 30.1827 ], [ -91.9213, 30.1882 ], [ -91.9058, 30.154 ], [ -91.9337, 30.1532 ], [ -91.9664, 30.1672 ], [ -91.978, 30.1513 ], [ -91.9983, 30.166 ], [ -92.0162, 30.1953 ], [ -92.0063, 30.1975 ] ] ] } },
{ "type": "Feature", "properties": { "GEOIDFQ": "1400000US22079013100", "NAME": "131", "NAMELSAD": "Census Tract 131" }, "geometry": { "type": "Polygon", "coordinates": [ [ [ -92.422, 31.324 ], [ -92.3834, 31.3194 ], [ -92.3833, 31.3149 ], [ -92.3942, 31.3139 ], [ -92.3904, 31.3023 ], [ -92.4008, 31.2926 ], [ -92.4214, 31.2975 ], [ -92.4388, 31.3106 ], [ -92.422, 31.324 ] ] ] } },
{ "type": "Feature", "properties": { "GEOIDFQ": "1400000US22045031200", "NAME": "312", "NAMELSAD": "Census Tract 312" }, "geometry": { "type": "Polygon", "coordinates": [ [ [ -91.8421, 30.0014 ], [ -91.8359, 29.993 ], [ -91.8237, 30.002 ], [ -91.8139, 29.9968 ], [ -91.836, 29.97 ], [ -91.8505, 30.0002 ], [ -91.8421, 30.0014 ] ] ] } },
{ "type": "Feature", "properties": { "GEOIDFQ": "1400000US22079012400", "NAME": "124", "NAMELSAD": "Census Tract 124" }, "geometry": { "type": "Polygon", "coordinates": [ [ [ -92.4943, 31.2565 ], [ -92.4748, 31.2863 ], [ -92.468, 31.2723 ], [ -92.4972, 31.2277 ], [ -92.505, 31.2388 ], [ -92.4943, 31.2565 ] ] ] } },
{ "type": "Feature", "properties": { "GEOIDFQ": "1400000US22019002600", "NAME": "26", "NAMELSAD": "Census Tract 26" }, "geometry": { "type": "Polygon", "coordinates": [ [ [ -93.2751, 30.2643 ], [ -93.2457, 30.2642 ], [ -93.2469, 30.237 ], [ -93.2576, 30.237 ], [ -93.2751, 30.2643 ] ] ] } },
{ "type": "Feature", "properties": { "GEOIDFQ": "1400000US22019002800", "NAME": "28", "NAMELSAD": "Census Tract 28" }, "geometry": { "type": "Polygon", "coordinates": [ [ [ -93.3933, 30.2492 ], [ -93.3679, 30.2493 ], [ -93.3678, 30.242 ], [ -93.3509, 30.242 ], [ -93.3509, 30.2368 ], [ -93.3939, 30.2349 ], [ -93.3933, 30.2492 ] ] ] } },
{ "type": "Feature", "properties": { "GEOIDFQ": "1400000US22019003000", "NAME": "30", "NAMELSAD": "Census Tract 30" }, "geometry": { "type": "Polygon", "coordinates": [ [ [ -93.3509, 30.2368 ], [ -93.3508, 30.2158 ], [ -93.3762, 30.2156 ], [ -93.3774, 30.2359 ], [ -93.3509, 30.2368 ] ] ] } },
{ "type": "Feature", "properties": { "GEOIDFQ": "1400000US22019003101", "NAME": "31.01", "NAMELSAD": "Census Tract 31.01" }, "geometry": { "type": "Polygon", "coordinates": [ [ [ -93.329, 30.2368 ], [ -93.3199, 30.2183 ], [ -93.3508, 30.2158 ], [ -93.3509, 30.2368 ], [ -93.329, 30.2368 ] ] ] } },
{ "type": "Feature", "properties": { "GEOIDFQ": "1400000US22019003102", "NAME": "31.02", "NAMELSAD": "Census Tract 31.02" }, "geometry": { "type": "Polygon", "coordinates": [ [ [ -93.3086, 30.237 ], [ -93.3085, 30.2249 ], [ -93.3199, 30.2183 ], [ -93.3293, 30.2348 ], [ -93.3086, 30.237 ] ] ] } },
{ "type": "Feature", "properties": { "GEOIDFQ": "1400000US22017025200", "NAME": "252", "NAMELSAD": "Census Tract 252" }, "geometry": { "type": "Polygon", "coordinates": [ [ [ -93.7536, 32.5079 ], [ -93.7515, 32.505 ], [ -93.7653, 32.4944 ], [ -93.7696, 32.5035 ], [ -93.7536, 32.5079 ] ] ] } },
{ "type": "Feature", "properties": { "GEOIDFQ": "1400000US22079012700", "NAME": "127", "NAMELSAD": "Census Tract 127" }, "geometry": { "type": "Polygon", "coordinates": [ [ [ -92.4445, 31.2677 ], [ -92.4363, 31.259 ], [ -92.4391, 31.2716 ], [ -92.4285, 31.2842 ], [ -92.3809, 31.2291 ], [ -92.3818, 31.2206 ], [ -92.4194, 31.2235 ], [ -92.449, 31.2618 ], [ -92.4445, 31.2677 ] ] ] } },
{ "type": "Feature", "properties": { "GEOIDFQ": "1400000US22079012600", "NAME": "126", "NAMELSAD": "Census Tract 126" }, "geometry": { "type": "Polygon", "coordinates": [ [ [ -92.4502, 31.2849 ], [ -92.4528, 31.2643 ], [ -92.4688, 31.2726 ], [ -92.4748, 31.2863 ], [ -92.4502, 31.2849 ] ] ] } },
{ "type": "Feature", "properties": { "GEOIDFQ": "1400000US22079011700", "NAME": "117", "NAMELSAD": "Census Tract 117" }, "geometry": { "type": "Polygon", "coordinates": [ [ [ -92.4585, 31.3547 ], [ -92.4436, 31.3495 ], [ -92.4413, 31.3593 ], [ -92.4309, 31.3571 ], [ -92.4269, 31.349 ], [ -92.4369, 31.338 ], [ -92.4215, 31.3249 ], [ -92.4388, 31.3106 ], [ -92.4488, 31.3171 ], [ -92.4585, 31.3547 ] ] ] } },
{ "type": "Feature", "properties": { "GEOIDFQ": "1400000US22079012200", "NAME": "122", "NAMELSAD": "Census Tract 122" }, "geometry": { "type": "Polygon", "coordinates": [ [ [ -92.459, 31.3085 ], [ -92.4518, 31.3025 ], [ -92.4578, 31.2971 ], [ -92.4641, 31.3022 ], [ -92.4689, 31.2956 ], [ -92.4645, 31.289 ], [ -92.4748, 31.2863 ], [ -92.4797, 31.3001 ], [ -92.459, 31.3085 ] ] ] } },
{ "type": "Feature", "properties": { "GEOIDFQ": "1400000US22079011300", "NAME": "113", "NAMELSAD": "Census Tract 113" }, "geometry": { "type": "Polygon", "coordinates": [ [ [ -92.4078, 31.3878 ], [ -92.4111, 31.3641 ], [ -92.4269, 31.349 ], [ -92.4349, 31.3587 ], [ -92.4413, 31.3593 ], [ -92.4436, 31.3495 ], [ -92.4585, 31.3547 ], [ -92.4637, 31.3882 ], [ -92.4078, 31.3878 ] ] ] } },
{ "type": "Feature", "properties": { "GEOIDFQ": "1400000US22079013600", "NAME": "136", "NAMELSAD": "Census Tract 136" }, "geometry": { "type": "Polygon", "coordinates": [ [ [ -92.8119, 31.1872 ], [ -92.8048, 31.1597 ], [ -92.7689, 31.1274 ], [ -92.7605, 31.1308 ], [ -92.7588, 31.1433 ], [ -92.746, 31.1457 ], [ -92.7026, 31.1374 ], [ -92.6919, 31.0998 ], [ -92.6966, 31.0847 ], [ -92.7143, 31.0691 ], [ -92.6981, 31.054 ], [ -92.7011, 31.0399 ], [ -92.6738, 30.9978 ], [ -92.6824, 30.9439 ], [ -92.6761, 30.9343 ], [ -92.682, 30.9283 ], [ -92.6614, 30.8987 ], [ -92.7209, 30.8987 ], [ -92.721, 30.8914 ], [ -92.8239, 30.8921 ], [ -92.8291, 31.1948 ], [ -92.8119, 31.1872 ] ] ] } },
{ "type": "Feature", "properties": { "GEOIDFQ": "1400000US22079010400", "NAME": "104", "NAMELSAD": "Census Tract 104" }, "geometry": { "type": "Polygon", "coordinates": [ [ [ -92.6311, 31.3907 ], [ -92.4785, 31.4228 ], [ -92.4632, 31.4112 ], [ -92.4672, 31.3973 ], [ -92.4542, 31.3379 ], [ -92.4647, 31.342 ], [ -92.4832, 31.3332 ], [ -92.5173, 31.3566 ], [ -92.5472, 31.3599 ], [ -92.5707, 31.3881 ], [ -92.5796, 31.3887 ], [ -92.5827, 31.378 ], [ -92.6198, 31.3737 ], [ -92.6343, 31.3847 ], [ -92.6311, 31.3907 ] ] ] } },
{ "type": "Feature", "properties": { "GEOIDFQ": "1400000US22079012500", "NAME": "125", "NAMELSAD": "Census Tract 125" }, "geometry": { "type": "Polygon", "coordinates": [ [ [ -92.468, 31.2723 ], [ -92.4344, 31.2487 ], [ -92.4587, 31.2356 ], [ -92.4899, 31.2322 ], [ -92.4943, 31.2237 ], [ -92.4971, 31.2278 ], [ -92.468, 31.2723 ] ] ] } },
{ "type": "Feature", "properties": { "GEOIDFQ": "1400000US22079013300", "NAME": "133", "NAMELSAD": "Census Tract 133" }, "geometry": { "type": "Polygon", "coordinates": [ [ [ -92.4523, 31.1383 ], [ -92.4455, 31.1505 ], [ -92.4285, 31.1447 ], [ -92.4268, 31.1673 ], [ -92.4177, 31.1773 ], [ -92.4305, 31.2397 ], [ -92.4194, 31.2235 ], [ -92.3818, 31.2206 ], [ -92.3843, 31.2284 ], [ -92.3677, 31.231 ], [ -92.3631, 31.2149 ], [ -92.3052, 31.1902 ], [ -92.2984, 31.1745 ], [ -92.2844, 31.184 ], [ -92.276, 31.1802 ], [ -92.2652, 31.1676 ], [ -92.2652, 31.148 ], [ -92.2569, 31.1384 ], [ -92.2482, 31.1394 ], [ -92.238, 31.1514 ], [ -92.227, 31.1472 ], [ -92.2346, 31.1287 ], [ -92.2167, 30.9914 ], [ -92.2125, 30.9754 ], [ -92.205, 30.9736 ], [ -92.2084, 30.9622 ], [ -92.3308, 30.9633 ], [ -92.3278, 30.972 ], [ -92.3444, 30.9706 ], [ -92.3418, 30.9815 ], [ -92.3779, 30.9956 ], [ -92.3768, 31.0108 ], [ -92.3885, 31.0183 ], [ -92.4092, 31.0642 ], [ -92.4086, 31.079 ], [ -92.4156, 31.0905 ], [ -92.4291, 31.0942 ], [ -92.4321, 31.1065 ], [ -92.4423, 31.1139 ], [ -92.4355, 31.1198 ], [ -92.4562, 31.1413 ], [ -92.4523, 31.1383 ] ] ] } },
{ "type": "Feature", "properties": { "GEOIDFQ": "1400000US22079013400", "NAME": "134", "NAMELSAD": "Census Tract 134" }, "geometry": { "type": "Polygon", "coordinates": [ [ [ -92.6895, 31.1698 ], [ -92.6522, 31.2077 ], [ -92.6023, 31.2175 ], [ -92.5205, 31.2607 ], [ -92.4943, 31.2237 ], [ -92.4896, 31.2324 ], [ -92.4587, 31.2356 ], [ -92.4344, 31.2487 ], [ -92.4308, 31.2449 ], [ -92.4177, 31.1773 ], [ -92.4315, 31.1529 ], [ -92.4262, 31.1471 ], [ -92.447, 31.1501 ], [ -92.4523, 31.1383 ], [ -92.4562, 31.1413 ], [ -92.4525, 31.1329 ], [ -92.4608, 31.1244 ], [ -92.4595, 31.1124 ], [ -92.4803, 31.0962 ], [ -92.5139, 31.0932 ], [ -92.521, 31.073 ], [ -92.5529, 31.0734 ], [ -92.5995, 31.1021 ], [ -92.6274, 31.0982 ], [ -92.6279, 31.0923 ], [ -92.6543, 31.11 ], [ -92.6955, 31.0957 ], [ -92.6947, 31.1208 ], [ -92.7027, 31.1372 ], [ -92.6895, 31.1698 ] ] ] } },
{ "type": "Feature", "properties": { "GEOIDFQ": "1400000US22079013000", "NAME": "130", "NAMELSAD": "Census Tract 130" }, "geometry": { "type": "Polygon", "coordinates": [ [ [ -92.4214, 31.2975 ], [ -92.4008, 31.2926 ], [ -92.4012, 31.278 ], [ -92.3839, 31.2559 ], [ -92.3705, 31.2553 ], [ -92.3601, 31.244 ], [ -92.3479, 31.2442 ], [ -92.3448, 31.2354 ], [ -92.3789, 31.2264 ], [ -92.4284, 31.2843 ], [ -92.4214, 31.2975 ] ] ] } },
{ "type": "Feature", "properties": { "GEOIDFQ": "1400000US22079010600", "NAME": "106", "NAMELSAD": "Census Tract 106" }, "geometry": { "type": "Polygon", "coordinates": [ [ [ -92.9472, 31.3468 ], [ -92.9473, 31.3677 ], [ -92.9133, 31.3682 ], [ -92.9135, 31.3897 ], [ -92.8884, 31.3896 ], [ -92.8885, 31.404 ], [ -92.8715, 31.4041 ], [ -92.8717, 31.4188 ], [ -92.847, 31.4188 ], [ -92.8468, 31.4335 ], [ -92.8131, 31.4409 ], [ -92.8134, 31.4548 ], [ -92.7958, 31.4553 ], [ -92.7959, 31.4621 ], [ -92.7792, 31.4694 ], [ -92.7791, 31.4765 ], [ -92.7617, 31.4764 ], [ -92.7616, 31.4862 ], [ -92.7189, 31.5175 ], [ -92.7019, 31.4944 ], [ -92.6833, 31.499 ], [ -92.6842, 31.4928 ], [ -92.6992, 31.4915 ], [ -92.6988, 31.4803 ], [ -92.6906, 31.473 ], [ -92.7069, 31.4705 ], [ -92.7082, 31.4613 ], [ -92.7026, 31.4466 ], [ -92.6805, 31.4461 ], [ -92.6944, 31.4282 ], [ -92.6772, 31.4156 ], [ -92.6961, 31.4045 ], [ -92.6817, 31.396 ], [ -92.6943, 31.3949 ], [ -92.697, 31.3859 ], [ -92.7208, 31.3732 ], [ -92.7178, 31.3452 ], [ -92.7094, 31.3372 ], [ -92.7247, 31.3017 ], [ -92.7204, 31.2939 ], [ -92.7008, 31.2893 ], [ -92.7022, 31.2755 ], [ -92.6933, 31.2695 ], [ -92.7197, 31.2307 ], [ -92.7095, 31.2301 ], [ -92.6927, 31.2112 ], [ -92.6613, 31.2003 ], [ -92.6895, 31.1698 ], [ -92.7026, 31.1374 ], [ -92.746, 31.1457 ], [ -92.7588, 31.1433 ], [ -92.7605, 31.1308 ], [ -92.7689, 31.1274 ], [ -92.8048, 31.1597 ], [ -92.8119, 31.1872 ], [ -92.8291, 31.1948 ], [ -92.8295, 31.2521 ], [ -92.8461, 31.2529 ], [ -92.8464, 31.2741 ], [ -92.8628, 31.2742 ], [ -92.8627, 31.2885 ], [ -92.8796, 31.2885 ], [ -92.8797, 31.3174 ], [ -92.8967, 31.3175 ], [ -92.8964, 31.3247 ], [ -92.9304, 31.3244 ], [ -92.9305, 31.3322 ], [ -92.9643, 31.3324 ], [ -92.9644, 31.3396 ], [ -92.9814, 31.3394 ], [ -92.9815, 31.3469 ], [ -92.9472, 31.3468 ] ] ] } },
{ "type": "Feature", "properties": { "GEOIDFQ": "1400000US22079012800", "NAME": "128", "NAMELSAD": "Census Tract 128" }, "geometry": { "type": "Polygon", "coordinates": [ [ [ -92.4475, 31.2794 ], [ -92.4378, 31.2923 ], [ -92.4285, 31.2842 ], [ -92.4391, 31.2716 ], [ -92.4363, 31.259 ], [ -92.4445, 31.2677 ], [ -92.4528, 31.2644 ], [ -92.4475, 31.2794 ] ] ] } },
{ "type": "Feature", "properties": { "GEOIDFQ": "1400000US22079012100", "NAME": "121", "NAMELSAD": "Census Tract 121" }, "geometry": { "type": "Polygon", "coordinates": [ [ [ -92.4641, 31.3022 ], [ -92.4578, 31.2971 ], [ -92.4518, 31.3025 ], [ -92.4502, 31.2849 ], [ -92.4618, 31.2844 ], [ -92.4688, 31.2956 ], [ -92.4641, 31.3022 ] ] ] } },
{ "type": "Feature", "properties": { "GEOIDFQ": "1400000US22121020402", "NAME": "204.02", "NAMELSAD": "Census Tract 204.02" }, "geometry": { "type": "Polygon", "coordinates": [ [ [ -91.3178, 30.4104 ], [ -91.2384, 30.4422 ], [ -91.2111, 30.4325 ], [ -91.2634, 30.362 ], [ -91.2704, 30.3614 ], [ -91.2534, 30.3232 ], [ -91.3115, 30.3225 ], [ -91.3255, 30.3476 ], [ -91.3178, 30.4104 ] ] ] } },
{ "type": "Feature", "properties": { "GEOIDFQ": "1400000US22121020401", "NAME": "204.01", "NAMELSAD": "Census Tract 204.01" }, "geometry": { "type": "Polygon", "coordinates": [ [ [ -91.2634, 30.362 ], [ -91.2101, 30.4402 ], [ -91.1959, 30.4394 ], [ -91.2081, 30.4037 ], [ -91.2406, 30.3628 ], [ -91.2395, 30.3516 ], [ -91.2303, 30.3411 ], [ -91.1945, 30.347 ], [ -91.162, 30.3415 ], [ -91.1508, 30.3374 ], [ -91.1421, 30.3233 ], [ -91.2534, 30.3232 ], [ -91.2704, 30.3615 ], [ -91.2634, 30.362 ] ] ] } },
{ "type": "Feature", "properties": { "GEOIDFQ": "1400000US22051020512", "NAME": "205.12", "NAMELSAD": "Census Tract 205.12" }, "geometry": { "type": "Polygon", "coordinates": [ [ [ -90.2619, 30.0342 ], [ -90.2471, 30.0311 ], [ -90.2468, 30.0202 ], [ -90.2629, 30.0225 ], [ -90.2619, 30.0342 ] ] ] } },
{ "type": "Feature", "properties": { "GEOIDFQ": "1400000US22055002200", "NAME": "22", "NAMELSAD": "Census Tract 22" }, "geometry": { "type": "Polygon", "coordinates": [ [ [ -92.0131, 30.2234 ], [ -92.0075, 30.2142 ], [ -92.0154, 30.201 ], [ -92.0268, 30.1992 ], [ -92.0381, 30.2074 ], [ -92.0131, 30.2234 ] ] ] } },
{ "type": "Feature", "properties": { "GEOIDFQ": "1400000US22117951000", "NAME": "9510", "NAMELSAD": "Census Tract 9510" }, "geometry": { "type": "Polygon", "coordinates": [ [ [ -89.874, 30.7583 ], [ -89.8619, 30.7575 ], [ -89.8619, 30.7652 ], [ -89.8304, 30.7618 ], [ -89.8256, 30.7577 ], [ -89.8326, 30.7528 ], [ -89.8225, 30.7546 ], [ -89.8286, 30.7374 ], [ -89.8161, 30.7389 ], [ -89.8369, 30.7349 ], [ -89.8275, 30.7321 ], [ -89.8363, 30.7272 ], [ -89.8256, 30.728 ], [ -89.8305, 30.7158 ], [ -89.8425, 30.7204 ], [ -89.8401, 30.7118 ], [ -89.8467, 30.7057 ], [ -89.8381, 30.704 ], [ -89.8353, 30.6918 ], [ -89.845, 30.6906 ], [ -89.8374, 30.6878 ], [ -89.8423, 30.6803 ], [ -89.8371, 30.6779 ], [ -89.8473, 30.6705 ], [ -89.8392, 30.6739 ], [ -89.8387, 30.6692 ], [ -89.8825, 30.6653 ], [ -89.8798, 30.6729 ], [ -89.8899, 30.6772 ], [ -89.874, 30.7583 ] ] ] } },
{ "type": "Feature", "properties": { "GEOIDFQ": "1400000US22117950700", "NAME": "9507", "NAMELSAD": "Census Tract 9507" }, "geometry": { "type": "Polygon", "coordinates": [ [ [ -89.9014, 30.8175 ], [ -89.8582, 30.8 ], [ -89.8687, 30.7702 ], [ -89.8906, 30.7693 ], [ -89.9073, 30.7734 ], [ -89.9014, 30.8175 ] ] ] } },
{ "type": "Feature", "properties": { "GEOIDFQ": "1400000US22117950800", "NAME": "9508", "NAMELSAD": "Census Tract 9508" }, "geometry": { "type": "Polygon", "coordinates": [ [ [ -89.8543, 30.8132 ], [ -89.8188, 30.8092 ], [ -89.8084, 30.7918 ], [ -89.8027, 30.7935 ], [ -89.8116, 30.7875 ], [ -89.8193, 30.795 ], [ -89.8201, 30.7824 ], [ -89.8301, 30.7814 ], [ -89.8288, 30.7687 ], [ -89.8351, 30.7711 ], [ -89.8312, 30.7617 ], [ -89.8516, 30.7652 ], [ -89.8534, 30.7894 ], [ -89.8606, 30.7917 ], [ -89.8543, 30.8132 ] ] ] } },
{ "type": "Feature", "properties": { "GEOIDFQ": "1400000US22117950600", "NAME": "9506", "NAMELSAD": "Census Tract 9506" }, "geometry": { "type": "Polygon", "coordinates": [ [ [ -90.0782, 30.7535 ], [ -90.0117, 30.7748 ], [ -89.9883, 30.7956 ], [ -89.9895, 30.8117 ], [ -89.9774, 30.8113 ], [ -89.9773, 30.8199 ], [ -89.949, 30.8217 ], [ -89.9328, 30.8096 ], [ -89.9056, 30.8157 ], [ -89.9073, 30.7734 ], [ -89.8732, 30.7694 ], [ -89.8907, 30.6872 ], [ -89.8811, 30.6678 ], [ -89.9946, 30.6653 ], [ -90.0083, 30.6723 ], [ -90.0213, 30.6703 ], [ -90.0239, 30.6768 ], [ -90.0445, 30.6841 ], [ -90.0494, 30.6982 ], [ -90.0658, 30.6994 ], [ -90.0793, 30.7098 ], [ -90.0859, 30.7349 ], [ -90.0782, 30.7535 ] ] ] } },
{ "type": "Feature", "properties": { "GEOIDFQ": "1400000US22117950400", "NAME": "9504", "NAMELSAD": "Census Tract 9504" }, "geometry": { "type": "Polygon", "coordinates": [ [ [ -90.1932, 31.0002 ], [ -90.2011, 30.9723 ], [ -90.1952, 30.9644 ], [ -90.2081, 30.9393 ], [ -90.1952, 30.9052 ], [ -90.2041, 30.8975 ], [ -90.199, 30.8947 ], [ -90.2055, 30.8841 ], [ -90.1961, 30.8773 ], [ -90.1994, 30.863 ], [ -90.1864, 30.8507 ], [ -90.1616, 30.8447 ], [ -90.1758, 30.8376 ], [ -90.1739, 30.8221 ], [ -90.1923, 30.8045 ], [ -90.2067, 30.8243 ], [ -90.2161, 30.8215 ], [ -90.2163, 30.8144 ], [ -90.2905, 30.8194 ], [ -90.2989, 30.8477 ], [ -90.3177, 30.8734 ], [ -90.317, 30.8912 ], [ -90.33, 30.8912 ], [ -90.33, 30.9022 ], [ -90.3468, 30.9056 ], [ -90.3473, 31.0005 ], [ -90.1932, 31.0002 ] ] ] } },
{ "type": "Feature", "properties": { "GEOIDFQ": "1400000US22117950300", "NAME": "9503", "NAMELSAD": "Census Tract 9503" }, "geometry": { "type": "Polygon", "coordinates": [ [ [ -90.1952, 30.9644 ], [ -90.2011, 30.9723 ], [ -90.1944, 31.0008 ], [ -90.1484, 31.001 ], [ -90.1344, 30.9624 ], [ -90.1473, 30.9227 ], [ -90.1175, 30.9099 ], [ -90.1278, 30.8986 ], [ -90.1154, 30.8986 ], [ -90.1031, 30.8894 ], [ -90.1407, 30.8465 ], [ -90.1754, 30.8462 ], [ -90.1994, 30.863 ], [ -90.1948, 30.8696 ], [ -90.2055, 30.8841 ], [ -90.199, 30.8947 ], [ -90.2044, 30.8963 ], [ -90.1952, 30.9052 ], [ -90.208, 30.9401 ], [ -90.1952, 30.9644 ] ] ] } },
{ "type": "Feature", "properties": { "GEOIDFQ": "1400000US22051020400", "NAME": "204", "NAMELSAD": "Census Tract 204" }, "geometry": { "type": "Polygon", "coordinates": [ [ [ -90.2213, 30.0339 ], [ -90.2197, 30.0344 ], [ -90.2136, 30.0181 ], [ -90.2257, 30.0189 ], [ -90.2213, 30.0339 ] ] ] } },
{ "type": "Feature", "properties": { "GEOIDFQ": "1400000US22051020502", "NAME": "205.02", "NAMELSAD": "Census Tract 205.02" }, "geometry": { "type": "Polygon", "coordinates": [ [ [ -90.2363, 30.0447 ], [ -90.2406, 30.0065 ], [ -90.2466, 30.0137 ], [ -90.2473, 30.0365 ], [ -90.2363, 30.0447 ] ] ] } },
{ "type": "Feature", "properties": { "GEOIDFQ": "1400000US22051020506", "NAME": "205.06", "NAMELSAD": "Census Tract 205.06" }, "geometry": { "type": "Polygon", "coordinates": [ [ [ -90.2395, 30.0197 ], [ -90.2257, 30.0188 ], [ -90.2294, 30.0058 ], [ -90.2406, 30.0067 ], [ -90.2395, 30.0197 ] ] ] } },
{ "type": "Feature", "properties": { "GEOIDFQ": "1400000US22051020507", "NAME": "205.07", "NAMELSAD": "Census Tract 205.07" }, "geometry": { "type": "Polygon", "coordinates": [ [ [ -90.2629, 30.0224 ], [ -90.2468, 30.0202 ], [ -90.2466, 30.0137 ], [ -90.2638, 30.0126 ], [ -90.2629, 30.0224 ] ] ] } },
{ "type": "Feature", "properties": { "GEOIDFQ": "1400000US22031950200", "NAME": "9502", "NAMELSAD": "Census Tract 9502" }, "geometry": { "type": "Polygon", "coordinates": [ [ [ -94.0426, 32.1961 ], [ -93.9512, 32.1956 ], [ -93.889, 32.2324 ], [ -93.8885, 32.2071 ], [ -93.8974, 32.188 ], [ -93.8838, 32.1747 ], [ -93.884, 32.1588 ], [ -93.8412, 32.1561 ], [ -93.8259, 32.116 ], [ -93.8285, 32.086 ], [ -93.8672, 32.0862 ], [ -93.8675, 32.0643 ], [ -93.8909, 32.0639 ], [ -93.8991, 32.0349 ], [ -93.9159, 32.0088 ], [ -93.9101, 32.0002 ], [ -93.9208, 31.9719 ], [ -93.954, 31.9602 ], [ -93.9629, 31.9479 ], [ -93.9797, 31.9458 ], [ -93.9799, 31.9338 ], [ -94.0165, 31.9812 ], [ -94.0185, 31.9924 ], [ -94.0422, 31.9936 ], [ -94.0426, 32.1961 ] ] ] } },
{ "type": "Feature", "properties": { "GEOIDFQ": "1400000US22055000800", "NAME": "8", "NAMELSAD": "Census Tract 8" }, "geometry": { "type": "Polygon", "coordinates": [ [ [ -92.022, 30.2418 ], [ -92.0164, 30.2312 ], [ -92.0305, 30.2293 ], [ -92.0324, 30.2431 ], [ -92.022, 30.2418 ] ] ] } },
{ "type": "Feature", "properties": { "GEOIDFQ": "1400000US22031950700", "NAME": "9507", "NAMELSAD": "Census Tract 9507" }, "geometry": { "type": "Polygon", "coordinates": [ [ [ -93.9749, 31.948 ], [ -93.9627, 31.9479 ], [ -93.954, 31.9602 ], [ -93.9208, 31.9719 ], [ -93.9101, 32.0002 ], [ -93.9159, 32.0088 ], [ -93.8991, 32.0349 ], [ -93.8909, 32.0639 ], [ -93.8675, 32.0643 ], [ -93.8657, 32.0489 ], [ -93.8148, 32.0505 ], [ -93.8078, 32.0129 ], [ -93.7903, 32.0123 ], [ -93.7851, 32.0039 ], [ -93.8034, 31.9729 ], [ -93.7804, 31.9705 ], [ -93.7823, 31.918 ], [ -93.7697, 31.9181 ], [ -93.773, 31.8974 ], [ -93.7796, 31.8971 ], [ -93.7811, 31.8917 ], [ -93.7606, 31.905 ], [ -93.7438, 31.9493 ], [ -93.7321, 31.9495 ], [ -93.7214, 31.9576 ], [ -93.7142, 31.9255 ], [ -93.6509, 31.9255 ], [ -93.6458, 31.9296 ], [ -93.6552, 31.9341 ], [ -93.6584, 31.9474 ], [ -93.6523, 31.959 ], [ -93.6268, 31.9605 ], [ -93.6286, 31.9881 ], [ -93.6105, 31.9773 ], [ -93.574, 31.9181 ], [ -93.5445, 31.9181 ], [ -93.5446, 31.9326 ], [ -93.5258, 31.9356 ], [ -93.4814, 31.9262 ], [ -93.4646, 31.9439 ], [ -93.4457, 31.9402 ], [ -93.4296, 31.9253 ], [ -93.4406, 31.9137 ], [ -93.4412, 31.8452 ], [ -93.8791, 31.8443 ], [ -93.8894, 31.8559 ], [ -93.8817, 31.8686 ], [ -93.8854, 31.8653 ], [ -93.8921, 31.8759 ], [ -93.9017, 31.8746 ], [ -93.8965, 31.8863 ], [ -93.9006, 31.8968 ], [ -93.9058, 31.8901 ], [ -93.9159, 31.8929 ], [ -93.9242, 31.887 ], [ -93.9255, 31.8946 ], [ -93.9324, 31.8932 ], [ -93.9216, 31.9044 ], [ -93.9287, 31.9126 ], [ -93.954, 31.9108 ], [ -93.9598, 31.9232 ], [ -93.9754, 31.9237 ], [ -93.9801, 31.9404 ], [ -93.9749, 31.948 ] ] ] } },
{ "type": "Feature", "properties": { "GEOIDFQ": "1400000US22031950300", "NAME": "9503", "NAMELSAD": "Census Tract 9503" }, "geometry": { "type": "Polygon", "coordinates": [ [ [ -93.8672, 32.0862 ], [ -93.8285, 32.086 ], [ -93.8259, 32.116 ], [ -93.8345, 32.137 ], [ -93.8158, 32.1368 ], [ -93.809, 32.1543 ], [ -93.7906, 32.1512 ], [ -93.7737, 32.1773 ], [ -93.7469, 32.1795 ], [ -93.7462, 32.1943 ], [ -93.7185, 32.199 ], [ -93.7235, 32.2067 ], [ -93.7154, 32.2088 ], [ -93.7078, 32.2234 ], [ -93.6944, 32.2136 ], [ -93.6738, 32.2128 ], [ -93.6393, 32.1924 ], [ -93.6279, 32.1927 ], [ -93.619, 32.1765 ], [ -93.5591, 32.1803 ], [ -93.5536, 32.193 ], [ -93.5364, 32.1933 ], [ -93.5235, 32.1772 ], [ -93.5207, 32.1446 ], [ -93.5093, 32.1313 ], [ -93.5368, 32.1129 ], [ -93.5396, 32.1023 ], [ -93.5142, 32.0858 ], [ -93.5055, 32.0652 ], [ -93.4803, 32.057 ], [ -93.4806, 32.0303 ], [ -93.4608, 32.0213 ], [ -93.4585, 32.0069 ], [ -93.442, 31.9896 ], [ -93.4238, 31.9903 ], [ -93.4231, 31.9837 ], [ -93.4066, 31.988 ], [ -93.3728, 31.962 ], [ -93.3676, 31.9369 ], [ -93.3532, 31.9336 ], [ -93.3779, 31.9327 ], [ -93.3778, 31.9231 ], [ -93.3858, 31.9259 ], [ -93.3992, 31.9179 ], [ -93.4135, 31.9234 ], [ -93.4153, 31.9341 ], [ -93.4279, 31.9236 ], [ -93.4457, 31.9402 ], [ -93.4646, 31.9439 ], [ -93.4814, 31.9262 ], [ -93.5258, 31.9356 ], [ -93.5446, 31.9326 ], [ -93.5445, 31.9181 ], [ -93.574, 31.9181 ], [ -93.6112, 31.9781 ], [ -93.6513, 32.0033 ], [ -93.6367, 32.0107 ], [ -93.6321, 32.0741 ], [ -93.6961, 32.078 ], [ -93.7004, 32.1035 ], [ -93.715, 32.0986 ], [ -93.7183, 32.0634 ], [ -93.7397, 32.0524 ], [ -93.7561, 32.0628 ], [ -93.7903, 32.0682 ], [ -93.8099, 32.0395 ], [ -93.8166, 32.0426 ], [ -93.8148, 32.0505 ], [ -93.8672, 32.0497 ], [ -93.8672, 32.0862 ] ] ] } },
{ "type": "Feature", "properties": { "GEOIDFQ": "1400000US22031950400", "NAME": "9504", "NAMELSAD": "Census Tract 9504" }, "geometry": { "type": "Polygon", "coordinates": [ [ [ -93.8099, 32.0395 ], [ -93.7903, 32.0682 ], [ -93.7561, 32.0628 ], [ -93.7397, 32.0524 ], [ -93.7183, 32.0634 ], [ -93.7118, 32.1006 ], [ -93.6964, 32.1007 ], [ -93.6961, 32.078 ], [ -93.6321, 32.0741 ], [ -93.634, 32.0512 ], [ -93.6703, 32.0467 ], [ -93.7137, 32.0275 ], [ -93.7443, 32.021 ], [ -93.7654, 32.0243 ], [ -93.7903, 32.0123 ], [ -93.8078, 32.0129 ], [ -93.8099, 32.0395 ] ] ] } },
{ "type": "Feature", "properties": { "GEOIDFQ": "1400000US22031950500", "NAME": "9505", "NAMELSAD": "Census Tract 9505" }, "geometry": { "type": "Polygon", "coordinates": [ [ [ -93.7856, 32.0007 ], [ -93.7922, 32.01 ], [ -93.7866, 32.0172 ], [ -93.7051, 32.0314 ], [ -93.7009, 32.0058 ], [ -93.6706, 31.9941 ], [ -93.6696, 31.9739 ], [ -93.6545, 31.9565 ], [ -93.6556, 31.9348 ], [ -93.6459, 31.9293 ], [ -93.7142, 31.9255 ], [ -93.7214, 31.9576 ], [ -93.7321, 31.9495 ], [ -93.7438, 31.9493 ], [ -93.7606, 31.905 ], [ -93.7811, 31.8917 ], [ -93.773, 31.8974 ], [ -93.7697, 31.9181 ], [ -93.7823, 31.918 ], [ -93.7804, 31.9705 ], [ -93.8034, 31.9731 ], [ -93.7856, 32.0007 ] ] ] } },
{ "type": "Feature", "properties": { "GEOIDFQ": "1400000US22031950600", "NAME": "9506", "NAMELSAD": "Census Tract 9506" }, "geometry": { "type": "Polygon", "coordinates": [ [ [ -93.6993, 32.0377 ], [ -93.6365, 32.0501 ], [ -93.6367, 32.0107 ], [ -93.6513, 32.0033 ], [ -93.6286, 31.9881 ], [ -93.6268, 31.9605 ], [ -93.6574, 31.9574 ], [ -93.6699, 31.9746 ], [ -93.6706, 31.9941 ], [ -93.7009, 32.0058 ], [ -93.7052, 32.0214 ], [ -93.6993, 32.0377 ] ] ] } },
{ "type": "Feature", "properties": { "GEOIDFQ": "1400000US22101041600", "NAME": "416", "NAMELSAD": "Census Tract 416" }, "geometry": { "type": "Polygon", "coordinates": [ [ [ -91.514, 29.7965 ], [ -91.4959, 29.7783 ], [ -91.5026, 29.7727 ], [ -91.5266, 29.7859 ], [ -91.514, 29.7965 ] ] ] } },
{ "type": "Feature", "properties": { "GEOIDFQ": "1400000US22071001755", "NAME": "17.55", "NAMELSAD": "Census Tract 17.55" }, "geometry": { "type": "Polygon", "coordinates": [ [ [ -89.9874, 30.0538 ], [ -89.9846, 30.0497 ], [ -89.9939, 30.0453 ], [ -89.9898, 30.0387 ], [ -90.0051, 30.0325 ], [ -90.0109, 30.046 ], [ -89.9874, 30.0538 ] ] ] } },
{ "type": "Feature", "properties": { "GEOIDFQ": "1400000US22017023904", "NAME": "239.04", "NAMELSAD": "Census Tract 239.04" }, "geometry": { "type": "Polygon", "coordinates": [ [ [ -93.7187, 32.4435 ], [ -93.712, 32.4318 ], [ -93.7235, 32.415 ], [ -93.7307, 32.4434 ], [ -93.7187, 32.4435 ] ] ] } },
{ "type": "Feature", "properties": { "GEOIDFQ": "1400000US22017025406", "NAME": "254.06", "NAMELSAD": "Census Tract 254.06" }, "geometry": { "type": "Polygon", "coordinates": [ [ [ -93.9756, 32.5891 ], [ -93.9028, 32.5857 ], [ -93.8974, 32.5915 ], [ -93.8904, 32.5786 ], [ -93.8098, 32.5185 ], [ -93.8134, 32.5112 ], [ -93.8502, 32.5055 ], [ -93.8814, 32.5116 ], [ -93.8915, 32.5192 ], [ -93.9723, 32.5173 ], [ -93.9826, 32.5843 ], [ -93.9756, 32.5891 ] ] ] } },
{ "type": "Feature", "properties": { "GEOIDFQ": "1400000US22017023905", "NAME": "239.05", "NAMELSAD": "Census Tract 239.05" }, "geometry": { "type": "Polygon", "coordinates": [ [ [ -93.712, 32.4318 ], [ -93.6935, 32.401 ], [ -93.6977, 32.4042 ], [ -93.7235, 32.415 ], [ -93.712, 32.4318 ] ] ] } },
{ "type": "Feature", "properties": { "GEOIDFQ": "1400000US22101041300", "NAME": "413", "NAMELSAD": "Census Tract 413" }, "geometry": { "type": "Polygon", "coordinates": [ [ [ -91.5375, 29.8282 ], [ -91.5152, 29.8237 ], [ -91.5128, 29.7965 ], [ -91.5189, 29.7876 ], [ -91.5308, 29.7885 ], [ -91.5376, 29.8122 ], [ -91.5461, 29.8184 ], [ -91.5375, 29.8282 ] ] ] } },
{ "type": "Feature", "properties": { "GEOIDFQ": "1400000US22101041400", "NAME": "414", "NAMELSAD": "Census Tract 414" }, "geometry": { "type": "Polygon", "coordinates": [ [ [ -91.4693, 29.8522 ], [ -91.4496, 29.8392 ], [ -91.4384, 29.8066 ], [ -91.4882, 29.7954 ], [ -91.4928, 29.8016 ], [ -91.4994, 29.7946 ], [ -91.5128, 29.7965 ], [ -91.5148, 29.8231 ], [ -91.5286, 29.8236 ], [ -91.4693, 29.8522 ] ] ] } },
{ "type": "Feature", "properties": { "GEOIDFQ": "1400000US22101041500", "NAME": "415", "NAMELSAD": "Census Tract 415" }, "geometry": { "type": "Polygon", "coordinates": [ [ [ -91.4994, 29.7946 ], [ -91.4928, 29.8016 ], [ -91.4848, 29.7706 ], [ -91.5128, 29.7965 ], [ -91.4994, 29.7946 ] ] ] } },
{ "type": "Feature", "properties": { "GEOIDFQ": "1400000US22033004204", "NAME": "42.04", "NAMELSAD": "Census Tract 42.04" }, "geometry": { "type": "Polygon", "coordinates": [ [ [ -91.1638, 30.6116 ], [ -91.1311, 30.6208 ], [ -91.1152, 30.6171 ], [ -91.1267, 30.5802 ], [ -91.1682, 30.5894 ], [ -91.1638, 30.6116 ] ] ] } },
{ "type": "Feature", "properties": { "GEOIDFQ": "1400000US22013970400", "NAME": "9704", "NAMELSAD": "Census Tract 9704" }, "geometry": { "type": "Polygon", "coordinates": [ [ [ -93.3018, 32.2471 ], [ -93.3014, 32.255 ], [ -93.2864, 32.2571 ], [ -93.2789, 32.2796 ], [ -93.2544, 32.2793 ], [ -93.2516, 32.2977 ], [ -93.2247, 32.3232 ], [ -93.2496, 32.3458 ], [ -93.2577, 32.392 ], [ -93.2761, 32.41 ], [ -93.2369, 32.4102 ], [ -93.2372, 32.4543 ], [ -93.1476, 32.4547 ], [ -93.1542, 32.4166 ], [ -93.1604, 32.4154 ], [ -93.1565, 32.3757 ], [ -93.1648, 32.3686 ], [ -93.1628, 32.3613 ], [ -93.1685, 32.3643 ], [ -93.1598, 32.3564 ], [ -93.1343, 32.357 ], [ -93.1307, 32.3393 ], [ -93.0871, 32.3187 ], [ -93.0845, 32.2953 ], [ -93.0756, 32.2848 ], [ -93.0818, 32.2675 ], [ -93.0912, 32.2657 ], [ -93.0855, 32.2576 ], [ -93.0964, 32.2501 ], [ -93.0944, 32.2433 ], [ -93.0873, 32.243 ], [ -93.0932, 32.2323 ], [ -93.0829, 32.2233 ], [ -93.1056, 32.1984 ], [ -93.0985, 32.1483 ], [ -93.1871, 32.1485 ], [ -93.1919, 32.1784 ], [ -93.2129, 32.1966 ], [ -93.214, 32.2361 ], [ -93.3142, 32.2391 ], [ -93.3018, 32.2471 ] ] ] } },
{ "type": "Feature", "properties": { "GEOIDFQ": "1400000US22013970100", "NAME": "9701", "NAMELSAD": "Census Tract 9701" }, "geometry": { "type": "Polygon", "coordinates": [ [ [ -92.8809, 32.5853 ], [ -92.8799, 32.5096 ], [ -92.8974, 32.5263 ], [ -92.9035, 32.5174 ], [ -92.9266, 32.5335 ], [ -92.9505, 32.5173 ], [ -92.9766, 32.5149 ], [ -92.9741, 32.5345 ], [ -92.9636, 32.5417 ], [ -92.9738, 32.5448 ], [ -92.9832, 32.5849 ], [ -92.8809, 32.5853 ] ] ] } },
{ "type": "Feature", "properties": { "GEOIDFQ": "1400000US22013970500", "NAME": "9705", "NAMELSAD": "Census Tract 9705" }, "geometry": { "type": "Polygon", "coordinates": [ [ [ -93.1628, 32.3613 ], [ -93.1648, 32.3686 ], [ -93.1565, 32.3757 ], [ -93.1604, 32.4154 ], [ -93.1542, 32.4166 ], [ -93.1504, 32.4328 ], [ -93.0949, 32.4654 ], [ -93.0662, 32.4574 ], [ -93.0562, 32.4599 ], [ -93.0745, 32.4422 ], [ -93.072, 32.4231 ], [ -93.0615, 32.4276 ], [ -93.0593, 32.4171 ], [ -93.0451, 32.4238 ], [ -93.0442, 32.4179 ], [ -93.0278, 32.41 ], [ -92.9829, 32.42 ], [ -92.954, 32.4003 ], [ -92.9544, 32.3952 ], [ -92.9522, 32.3922 ], [ -92.9356, 32.4224 ], [ -92.9271, 32.4271 ], [ -92.9192, 32.4236 ], [ -92.9031, 32.4422 ], [ -92.8832, 32.4456 ], [ -92.8796, 32.4651 ], [ -92.8795, 32.454 ], [ -92.777, 32.4536 ], [ -92.7732, 32.236 ], [ -92.7841, 32.2261 ], [ -92.7827, 32.2189 ], [ -92.801, 32.2107 ], [ -92.7988, 32.1813 ], [ -92.8085, 32.1681 ], [ -92.8223, 32.1628 ], [ -92.8153, 32.1474 ], [ -93.0985, 32.1483 ], [ -93.1056, 32.1984 ], [ -93.0829, 32.2233 ], [ -93.0932, 32.2323 ], [ -93.0873, 32.243 ], [ -93.0944, 32.2433 ], [ -93.0964, 32.2501 ], [ -93.0855, 32.2576 ], [ -93.0912, 32.2657 ], [ -93.0818, 32.2675 ], [ -93.0756, 32.2847 ], [ -93.0845, 32.2953 ], [ -93.0828, 32.3131 ], [ -93.1307, 32.3393 ], [ -93.1343, 32.357 ], [ -93.1598, 32.3564 ], [ -93.1678, 32.3647 ], [ -93.1628, 32.3613 ] ] ] } },
{ "type": "Feature", "properties": { "GEOIDFQ": "1400000US22013970300", "NAME": "9703", "NAMELSAD": "Census Tract 9703" }, "geometry": { "type": "Polygon", "coordinates": [ [ [ -93.4199, 32.4007 ], [ -93.393, 32.3943 ], [ -93.3727, 32.4102 ], [ -93.2761, 32.41 ], [ -93.2577, 32.392 ], [ -93.2496, 32.3458 ], [ -93.2247, 32.3232 ], [ -93.2516, 32.2977 ], [ -93.2544, 32.2793 ], [ -93.2789, 32.2796 ], [ -93.2864, 32.2571 ], [ -93.3014, 32.255 ], [ -93.3135, 32.236 ], [ -93.4286, 32.2353 ], [ -93.4081, 32.2505 ], [ -93.4072, 32.2844 ], [ -93.4184, 32.2841 ], [ -93.4267, 32.3092 ], [ -93.3998, 32.3628 ], [ -93.4287, 32.3852 ], [ -93.4199, 32.4007 ] ] ] } },
{ "type": "Feature", "properties": { "GEOIDFQ": "1400000US22013970200", "NAME": "9702", "NAMELSAD": "Census Tract 9702" }, "geometry": { "type": "Polygon", "coordinates": [ [ [ -92.9831, 32.585 ], [ -92.9738, 32.5448 ], [ -92.9636, 32.5417 ], [ -92.9741, 32.5345 ], [ -92.9766, 32.5149 ], [ -92.9505, 32.5173 ], [ -92.9266, 32.5335 ], [ -92.9035, 32.5174 ], [ -92.8974, 32.5263 ], [ -92.8799, 32.5096 ], [ -92.8832, 32.4456 ], [ -92.9031, 32.4422 ], [ -92.9192, 32.4236 ], [ -92.9271, 32.4271 ], [ -92.9356, 32.4224 ], [ -92.9522, 32.3922 ], [ -92.954, 32.4003 ], [ -92.9829, 32.42 ], [ -93.0278, 32.41 ], [ -93.0442, 32.4179 ], [ -93.0451, 32.4238 ], [ -93.0593, 32.4171 ], [ -93.0615, 32.4276 ], [ -93.072, 32.4231 ], [ -93.0745, 32.4422 ], [ -93.0576, 32.4534 ], [ -93.0572, 32.4602 ], [ -93.0662, 32.4574 ], [ -93.0949, 32.4654 ], [ -93.1059, 32.4619 ], [ -93.1541, 32.4268 ], [ -93.1471, 32.4553 ], [ -93.1521, 32.4664 ], [ -93.1464, 32.47 ], [ -93.1672, 32.5112 ], [ -93.1682, 32.5503 ], [ -93.1788, 32.5848 ], [ -92.9831, 32.585 ] ] ] } },
{ "type": "Feature", "properties": { "GEOIDFQ": "1400000US22055002103", "NAME": "21.03", "NAMELSAD": "Census Tract 21.03" }, "geometry": { "type": "Polygon", "coordinates": [ [ [ -92.0069, 30.3197 ], [ -92.0073, 30.2948 ], [ -92.0494, 30.2978 ], [ -92.0495, 30.3223 ], [ -92.0069, 30.3197 ] ] ] } },
{ "type": "Feature", "properties": { "GEOIDFQ": "1400000US22033980000", "NAME": "9800", "NAMELSAD": "Census Tract 9800" }, "geometry": { "type": "Polygon", "coordinates": [ [ [ -91.1437, 30.5398 ], [ -91.1364, 30.5422 ], [ -91.1443, 30.5246 ], [ -91.1567, 30.5215 ], [ -91.1644, 30.5404 ], [ -91.1437, 30.5398 ] ] ] } },
{ "type": "Feature", "properties": { "GEOIDFQ": "1400000US22051028200", "NAME": "282", "NAMELSAD": "Census Tract 282" }, "geometry": { "type": "Polygon", "coordinates": [ [ [ -90.1507, 29.9561 ], [ -90.1401, 29.9479 ], [ -90.1386, 29.9188 ], [ -90.1274, 29.9109 ], [ -90.1296, 29.905 ], [ -90.1515, 29.9133 ], [ -90.2081, 29.9186 ], [ -90.1507, 29.9561 ] ] ] } },
{ "type": "Feature", "properties": { "GEOIDFQ": "1400000US22033003506", "NAME": "35.06", "NAMELSAD": "Census Tract 35.06" }, "geometry": { "type": "Polygon", "coordinates": [ [ [ -91.0659, 30.4933 ], [ -91.0607, 30.4938 ], [ -91.0581, 30.4726 ], [ -91.1089, 30.4713 ], [ -91.1127, 30.4767 ], [ -91.0659, 30.4933 ] ] ] } },
{ "type": "Feature", "properties": { "GEOIDFQ": "1400000US22033003702", "NAME": "37.02", "NAMELSAD": "Census Tract 37.02" }, "geometry": { "type": "Polygon", "coordinates": [ [ [ -91.0581, 30.4589 ], [ -91.0573, 30.4368 ], [ -91.0662, 30.4345 ], [ -91.0721, 30.4564 ], [ -91.0581, 30.4589 ] ] ] } },
{ "type": "Feature", "properties": { "GEOIDFQ": "1400000US22033003703", "NAME": "37.03", "NAMELSAD": "Census Tract 37.03" }, "geometry": { "type": "Polygon", "coordinates": [ [ [ -91.0353, 30.4626 ], [ -91.0343, 30.4454 ], [ -91.0573, 30.4368 ], [ -91.0581, 30.4589 ], [ -91.0353, 30.4626 ] ] ] } },
{ "type": "Feature", "properties": { "GEOIDFQ": "1400000US22071001757", "NAME": "17.57", "NAMELSAD": "Census Tract 17.57" }, "geometry": { "type": "Polygon", "coordinates": [ [ [ -90.0029, 30.0276 ], [ -89.9998, 30.022 ], [ -90.014, 30.0205 ], [ -90.0029, 30.0276 ] ] ] } },
{ "type": "Feature", "properties": { "GEOIDFQ": "1400000US22071013702", "NAME": "137.02", "NAMELSAD": "Census Tract 137.02" }, "geometry": { "type": "Polygon", "coordinates": [ [ [ -90.0364, 30.0054 ], [ -90.027, 30.0084 ], [ -90.0217, 29.9807 ], [ -90.0373, 29.9845 ], [ -90.0364, 30.0054 ] ] ] } },
{ "type": "Feature", "properties": { "GEOIDFQ": "1400000US22071013701", "NAME": "137.01", "NAMELSAD": "Census Tract 137.01" }, "geometry": { "type": "Polygon", "coordinates": [ [ [ -90.0357, 30.0041 ], [ -90.0373, 29.9842 ], [ -90.0451, 29.9862 ], [ -90.0459, 30.0027 ], [ -90.0357, 30.0041 ] ] ] } },
{ "type": "Feature", "properties": { "GEOIDFQ": "1400000US22071001753", "NAME": "17.53", "NAMELSAD": "Census Tract 17.53" }, "geometry": { "type": "Polygon", "coordinates": [ [ [ -89.9998, 30.022 ], [ -89.9991, 30.0168 ], [ -90.0132, 30.0108 ], [ -90.014, 30.0205 ], [ -89.9998, 30.022 ] ] ] } },
{ "type": "Feature", "properties": { "GEOIDFQ": "1400000US22071014101", "NAME": "141.01", "NAMELSAD": "Census Tract 141.01" }, "geometry": { "type": "Polygon", "coordinates": [ [ [ -90.0731, 29.9322 ], [ -90.0691, 29.9286 ], [ -90.0752, 29.9244 ], [ -90.0731, 29.9322 ] ] ] } },
{ "type": "Feature", "properties": { "GEOIDFQ": "1400000US22071001752", "NAME": "17.52", "NAMELSAD": "Census Tract 17.52" }, "geometry": { "type": "Polygon", "coordinates": [ [ [ -89.9998, 30.022 ], [ -89.989, 30.0242 ], [ -89.9889, 30.0142 ], [ -90.0031, 30.0141 ], [ -89.9998, 30.022 ] ] ] } },
{ "type": "Feature", "properties": { "GEOIDFQ": "1400000US22071014102", "NAME": "141.02", "NAMELSAD": "Census Tract 141.02" }, "geometry": { "type": "Polygon", "coordinates": [ [ [ -90.0691, 29.9286 ], [ -90.0625, 29.926 ], [ -90.0726, 29.919 ], [ -90.0761, 29.9238 ], [ -90.0691, 29.9286 ] ] ] } },
{ "type": "Feature", "properties": { "GEOIDFQ": "1400000US22071013502", "NAME": "135.02", "NAMELSAD": "Census Tract 135.02" }, "geometry": { "type": "Polygon", "coordinates": [ [ [ -90.0635, 29.9611 ], [ -90.0586, 29.95 ], [ -90.0638, 29.9498 ], [ -90.0684, 29.9555 ], [ -90.0635, 29.9611 ] ] ] } },
{ "type": "Feature", "properties": { "GEOIDFQ": "1400000US22071013501", "NAME": "135.01", "NAMELSAD": "Census Tract 135.01" }, "geometry": { "type": "Polygon", "coordinates": [ [ [ -90.0663, 29.963 ], [ -90.0635, 29.9611 ], [ -90.0691, 29.9547 ], [ -90.0663, 29.963 ] ] ] } },
{ "type": "Feature", "properties": { "GEOIDFQ": "1400000US22071007608", "NAME": "76.08", "NAMELSAD": "Census Tract 76.08" }, "geometry": { "type": "Polygon", "coordinates": [ [ [ -90.1188, 30.0323 ], [ -90.1135, 30.0316 ], [ -90.1152, 30.014 ], [ -90.1218, 30.0129 ], [ -90.1188, 30.0323 ] ] ] } },
{ "type": "Feature", "properties": { "GEOIDFQ": "1400000US22071007607", "NAME": "76.07", "NAMELSAD": "Census Tract 76.07" }, "geometry": { "type": "Polygon", "coordinates": [ [ [ -90.1218, 30.0129 ], [ -90.1152, 30.014 ], [ -90.1162, 29.9997 ], [ -90.1229, 30.0009 ], [ -90.1218, 30.0129 ] ] ] } },
{ "type": "Feature", "properties": { "GEOIDFQ": "1400000US22071000619", "NAME": "6.19", "NAMELSAD": "Census Tract 6.19" }, "geometry": { "type": "Polygon", "coordinates": [ [ [ -90.0214, 29.9253 ], [ -90.0183, 29.9068 ], [ -90.0374, 29.9248 ], [ -90.0214, 29.9253 ] ] ] } },
{ "type": "Feature", "properties": { "GEOIDFQ": "1400000US22115950200", "NAME": "9502", "NAMELSAD": "Census Tract 9502" }, "geometry": { "type": "Polygon", "coordinates": [ [ [ -93.5359, 31.2527 ], [ -93.5349, 31.2766 ], [ -93.4426, 31.2767 ], [ -93.3905, 31.3641 ], [ -93.171, 31.3643 ], [ -93.1734, 31.3274 ], [ -93.205, 31.2393 ], [ -93.2124, 31.2282 ], [ -93.2511, 31.2303 ], [ -93.2578, 31.2388 ], [ -93.2621, 31.2131 ], [ -93.2781, 31.2022 ], [ -93.2839, 31.1782 ], [ -93.3027, 31.1907 ], [ -93.329, 31.2244 ], [ -93.3657, 31.2082 ], [ -93.3796, 31.2389 ], [ -93.4296, 31.2259 ], [ -93.4591, 31.1994 ], [ -93.498, 31.1939 ], [ -93.5447, 31.204 ], [ -93.5515, 31.215 ], [ -93.5415, 31.2269 ], [ -93.5509, 31.2277 ], [ -93.5565, 31.2403 ], [ -93.5359, 31.2527 ] ] ] } },
{ "type": "Feature", "properties": { "GEOIDFQ": "1400000US22071001756", "NAME": "17.56", "NAMELSAD": "Census Tract 17.56" }, "geometry": { "type": "Polygon", "coordinates": [ [ [ -89.9938, 30.03 ], [ -89.989, 30.0242 ], [ -89.9998, 30.022 ], [ -90.0029, 30.0276 ], [ -89.9938, 30.03 ] ] ] } },
{ "type": "Feature", "properties": { "GEOIDFQ": "1400000US22071001754", "NAME": "17.54", "NAMELSAD": "Census Tract 17.54" }, "geometry": { "type": "Polygon", "coordinates": [ [ [ -89.9846, 30.0497 ], [ -89.9803, 30.0432 ], [ -89.9898, 30.0387 ], [ -89.9939, 30.0453 ], [ -89.9846, 30.0497 ] ] ] } },
{ "type": "Feature", "properties": { "GEOIDFQ": "1400000US22071000620", "NAME": "6.20", "NAMELSAD": "Census Tract 6.20" }, "geometry": { "type": "Polygon", "coordinates": [ [ [ -90.0214, 29.9253 ], [ -90.0132, 29.92 ], [ -90.0179, 29.9135 ], [ -90.0214, 29.9253 ] ] ] } },
{ "type": "Feature", "properties": { "GEOIDFQ": "1400000US22115950400", "NAME": "9504", "NAMELSAD": "Census Tract 9504" }, "geometry": { "type": "Polygon", "coordinates": [ [ [ -93.285, 31.1675 ], [ -93.2839, 31.1782 ], [ -93.267, 31.1607 ], [ -93.2292, 31.1595 ], [ -93.2579, 31.142 ], [ -93.2941, 31.1424 ], [ -93.3151, 31.15 ], [ -93.285, 31.1675 ] ] ] } },
{ "type": "Feature", "properties": { "GEOIDFQ": "1400000US22115950600", "NAME": "9506", "NAMELSAD": "Census Tract 9506" }, "geometry": { "type": "Polygon", "coordinates": [ [ [ -93.386, 31.1036 ], [ -93.3274, 31.1387 ], [ -93.3177, 31.151 ], [ -93.3035, 31.1455 ], [ -93.3172, 31.1289 ], [ -93.3177, 31.1176 ], [ -93.3095, 31.1162 ], [ -93.3197, 31.0984 ], [ -93.3158, 31.0818 ], [ -93.2883, 31.0976 ], [ -93.2817, 31.0875 ], [ -93.2541, 31.1286 ], [ -93.2591, 31.1406 ], [ -93.2517, 31.149 ], [ -93.2313, 31.1536 ], [ -93.2292, 31.1597 ], [ -93.1947, 31.1598 ], [ -93.1952, 31.1163 ], [ -93.2361, 31.1163 ], [ -93.2301, 31.0771 ], [ -93.2357, 31.0763 ], [ -93.2354, 31.0534 ], [ -93.2628, 31.0595 ], [ -93.2738, 31.0729 ], [ -93.3136, 31.0755 ], [ -93.3314, 31.0632 ], [ -93.345, 31.0632 ], [ -93.3765, 31.0838 ], [ -93.3788, 31.0777 ], [ -93.3911, 31.0903 ], [ -93.386, 31.1036 ] ] ] } },
{ "type": "Feature", "properties": { "GEOIDFQ": "1400000US22071012300", "NAME": "123", "NAMELSAD": "Census Tract 123" }, "geometry": { "type": "Polygon", "coordinates": [ [ [ -90.1059, 29.9551 ], [ -90.1015, 29.9527 ], [ -90.1041, 29.9475 ], [ -90.1102, 29.9474 ], [ -90.1059, 29.9551 ] ] ] } },
{ "type": "Feature", "properties": { "GEOIDFQ": "1400000US22115950100", "NAME": "9501", "NAMELSAD": "Census Tract 9501" }, "geometry": { "type": "Polygon", "coordinates": [ [ [ -93.2781, 31.2022 ], [ -93.2621, 31.2131 ], [ -93.2578, 31.2388 ], [ -93.2511, 31.2303 ], [ -93.2124, 31.2282 ], [ -93.205, 31.2393 ], [ -93.1734, 31.3274 ], [ -93.171, 31.3643 ], [ -92.992, 31.3605 ], [ -92.9814, 31.3394 ], [ -92.9644, 31.3396 ], [ -92.9643, 31.3324 ], [ -92.9305, 31.3322 ], [ -92.9304, 31.3244 ], [ -92.8964, 31.3247 ], [ -92.8967, 31.3175 ], [ -92.8797, 31.3174 ], [ -92.8796, 31.2885 ], [ -92.8627, 31.2885 ], [ -92.8628, 31.2742 ], [ -92.8464, 31.2741 ], [ -92.8461, 31.2529 ], [ -92.8295, 31.2521 ], [ -92.8286, 31.1085 ], [ -92.8399, 31.098 ], [ -92.8632, 31.1066 ], [ -92.8757, 31.1027 ], [ -92.8983, 31.1219 ], [ -92.9232, 31.1156 ], [ -92.9721, 31.1591 ], [ -93.0202, 31.1596 ], [ -93.0325, 31.1451 ], [ -93.1944, 31.1456 ], [ -93.1947, 31.1598 ], [ -93.267, 31.1607 ], [ -93.2838, 31.1784 ], [ -93.2781, 31.2022 ] ] ] } },
{ "type": "Feature", "properties": { "GEOIDFQ": "1400000US22025000300", "NAME": "3", "NAMELSAD": "Census Tract 3" }, "geometry": { "type": "Polygon", "coordinates": [ [ [ -92.0145, 31.2895 ], [ -92.0165, 31.3024 ], [ -92.0113, 31.3021 ], [ -92.0109, 31.2924 ], [ -91.9961, 31.2981 ], [ -92.0084, 31.31 ], [ -92.0017, 31.3177 ], [ -92.008, 31.3258 ], [ -92.0085, 31.5897 ], [ -92.0004, 31.5946 ], [ -92.0024, 31.6018 ], [ -91.9873, 31.6054 ], [ -91.9878, 31.6121 ], [ -91.9755, 31.6171 ], [ -91.9775, 31.626 ], [ -91.9637, 31.6517 ], [ -91.9475, 31.6564 ], [ -91.8948, 31.6934 ], [ -91.8702, 31.6984 ], [ -91.8519, 31.7163 ], [ -91.8523, 31.7265 ], [ -91.8285, 31.7439 ], [ -91.8259, 31.7256 ], [ -91.8143, 31.7211 ], [ -91.8111, 31.7097 ], [ -91.8029, 31.7095 ], [ -91.8066, 31.6872 ], [ -91.8163, 31.6808 ], [ -91.7974, 31.6758 ], [ -91.8122, 31.6607 ], [ -91.8018, 31.653 ], [ -91.8093, 31.6439 ], [ -91.8096, 31.6489 ], [ -91.8242, 31.6501 ], [ -91.8241, 31.6323 ], [ -91.85, 31.6278 ], [ -91.8483, 31.6179 ], [ -91.8604, 31.6097 ], [ -91.875, 31.6159 ], [ -91.8908, 31.6062 ], [ -91.8803, 31.6052 ], [ -91.8717, 31.5856 ], [ -91.855, 31.5862 ], [ -91.8546, 31.5918 ], [ -91.8292, 31.5907 ], [ -91.825, 31.598 ], [ -91.8227, 31.5638 ], [ -91.7868, 31.5386 ], [ -91.7759, 31.5235 ], [ -91.7839, 31.5025 ], [ -91.8038, 31.4888 ], [ -91.8027, 31.4765 ], [ -91.779, 31.4681 ], [ -91.7314, 31.4658 ], [ -91.7222, 31.4552 ], [ -91.7221, 31.4424 ], [ -91.7298, 31.4344 ], [ -91.7501, 31.4306 ], [ -91.7797, 31.4409 ], [ -91.8071, 31.4388 ], [ -91.8242, 31.4904 ], [ -91.8338, 31.5009 ], [ -91.8462, 31.5026 ], [ -91.8571, 31.4945 ], [ -91.8544, 31.4825 ], [ -91.8641, 31.4662 ], [ -91.8545, 31.4199 ], [ -91.8344, 31.4016 ], [ -91.7857, 31.395 ], [ -91.7768, 31.3852 ], [ -91.7909, 31.3739 ], [ -91.809, 31.3706 ], [ -91.8288, 31.3787 ], [ -91.8422, 31.3773 ], [ -91.8615, 31.3599 ], [ -91.8658, 31.3083 ], [ -91.8478, 31.2937 ], [ -91.8236, 31.2932 ], [ -91.827, 31.2728 ], [ -91.8508, 31.2621 ], [ -91.8888, 31.2916 ], [ -91.9269, 31.2948 ], [ -91.9465, 31.27 ], [ -91.9366, 31.2402 ], [ -91.9226, 31.2379 ], [ -91.9205, 31.2317 ], [ -91.9444, 31.2211 ], [ -91.9466, 31.2397 ], [ -91.9535, 31.2455 ], [ -91.9618, 31.2435 ], [ -91.9739, 31.2253 ], [ -91.992, 31.2262 ], [ -91.9915, 31.2385 ], [ -92.0044, 31.243 ], [ -91.9874, 31.2512 ], [ -91.9978, 31.2529 ], [ -92.0044, 31.2636 ], [ -91.9913, 31.2729 ], [ -92.0021, 31.2703 ], [ -92.0121, 31.2768 ], [ -92.0103, 31.2832 ], [ -92.0235, 31.2846 ], [ -92.0145, 31.2895 ] ] ] } },
{ "type": "Feature", "properties": { "GEOIDFQ": "1400000US22025000100", "NAME": "1", "NAMELSAD": "Census Tract 1" }, "geometry": { "type": "Polygon", "coordinates": [ [ [ -92.0056, 31.9274 ], [ -91.9036, 31.9275 ], [ -91.9045, 31.9714 ], [ -91.8843, 31.9709 ], [ -91.8637, 31.9585 ], [ -91.8613, 31.9658 ], [ -91.8601, 31.9572 ], [ -91.8526, 31.9583 ], [ -91.8507, 31.9527 ], [ -91.8443, 31.959 ], [ -91.8503, 31.9449 ], [ -91.8414, 31.9351 ], [ -91.8279, 31.9354 ], [ -91.8341, 31.9287 ], [ -91.8235, 31.9178 ], [ -91.8137, 31.9227 ], [ -91.8089, 31.9154 ], [ -91.801, 31.9172 ], [ -91.8015, 31.9061 ], [ -91.7947, 31.9034 ], [ -91.8049, 31.8932 ], [ -91.7787, 31.8877 ], [ -91.7852, 31.8781 ], [ -91.7798, 31.8719 ], [ -91.7567, 31.8847 ], [ -91.7327, 31.8812 ], [ -91.7206, 31.8942 ], [ -91.7068, 31.8956 ], [ -91.6882, 31.9189 ], [ -91.6674, 31.9267 ], [ -91.648, 31.9547 ], [ -91.6475, 31.9705 ], [ -91.5964, 31.9704 ], [ -91.597, 31.8832 ], [ -91.5753, 31.8833 ], [ -91.5792, 31.8654 ], [ -91.5703, 31.8628 ], [ -91.5687, 31.827 ], [ -91.5784, 31.7982 ], [ -91.5359, 31.7354 ], [ -91.5459, 31.7236 ], [ -91.5552, 31.7236 ], [ -91.5961, 31.762 ], [ -91.6053, 31.7601 ], [ -91.6184, 31.7407 ], [ -91.6392, 31.7282 ], [ -91.6601, 31.7285 ], [ -91.6787, 31.7431 ], [ -91.6861, 31.7421 ], [ -91.6966, 31.7318 ], [ -91.7143, 31.676 ], [ -91.7059, 31.6429 ], [ -91.7348, 31.6153 ], [ -91.7536, 31.6197 ], [ -91.7721, 31.6487 ], [ -91.8063, 31.631 ], [ -91.815, 31.6369 ], [ -91.8012, 31.6557 ], [ -91.8119, 31.6615 ], [ -91.797, 31.6738 ], [ -91.8017, 31.6795 ], [ -91.8154, 31.6785 ], [ -91.8066, 31.6872 ], [ -91.8029, 31.7095 ], [ -91.8111, 31.7097 ], [ -91.8143, 31.7211 ], [ -91.8259, 31.7256 ], [ -91.829, 31.7439 ], [ -91.8523, 31.7265 ], [ -91.8519, 31.7163 ], [ -91.8702, 31.6984 ], [ -91.8948, 31.6934 ], [ -91.9475, 31.6564 ], [ -91.9637, 31.6517 ], [ -91.9775, 31.626 ], [ -91.9755, 31.6171 ], [ -91.9878, 31.6121 ], [ -91.9873, 31.6054 ], [ -92.0024, 31.6018 ], [ -92.0004, 31.5946 ], [ -92.0085, 31.5897 ], [ -92.0056, 31.9274 ] ] ] } },
{ "type": "Feature", "properties": { "GEOIDFQ": "1400000US22025000200", "NAME": "2", "NAMELSAD": "Census Tract 2" }, "geometry": { "type": "Polygon", "coordinates": [ [ [ -91.875, 31.6159 ], [ -91.8604, 31.6097 ], [ -91.8483, 31.6179 ], [ -91.85, 31.6278 ], [ -91.8241, 31.6323 ], [ -91.8242, 31.6501 ], [ -91.8095, 31.6488 ], [ -91.8156, 31.6388 ], [ -91.8068, 31.629 ], [ -91.8292, 31.5907 ], [ -91.8546, 31.5918 ], [ -91.855, 31.5862 ], [ -91.8717, 31.5856 ], [ -91.8803, 31.6052 ], [ -91.8908, 31.6062 ], [ -91.875, 31.6159 ] ] ] } },
{ "type": "Feature", "properties": { "GEOIDFQ": "1400000US22071005500", "NAME": "55", "NAMELSAD": "Census Tract 55" }, "geometry": { "type": "Polygon", "coordinates": [ [ [ -90.1016, 29.9932 ], [ -90.1027, 29.9841 ], [ -90.1138, 29.9811 ], [ -90.1165, 29.9925 ], [ -90.1016, 29.9932 ] ] ] } },
{ "type": "Feature", "properties": { "GEOIDFQ": "1400000US22071005601", "NAME": "56.01", "NAMELSAD": "Census Tract 56.01" }, "geometry": { "type": "Polygon", "coordinates": [ [ [ -90.1146, 30.02 ], [ -90.1065, 30.0196 ], [ -90.1082, 30.0049 ], [ -90.1158, 30.0064 ], [ -90.1146, 30.02 ] ] ] } },
{ "type": "Feature", "properties": { "GEOIDFQ": "1400000US22071012200", "NAME": "122", "NAMELSAD": "Census Tract 122" }, "geometry": { "type": "Polygon", "coordinates": [ [ [ -90.1089, 29.951 ], [ -90.1096, 29.9414 ], [ -90.113, 29.9436 ], [ -90.1169, 29.9528 ], [ -90.1089, 29.951 ] ] ] } },
{ "type": "Feature", "properties": { "GEOIDFQ": "1400000US22071012400", "NAME": "124", "NAMELSAD": "Census Tract 124" }, "geometry": { "type": "Polygon", "coordinates": [ [ [ -90.1102, 29.9585 ], [ -90.1053, 29.956 ], [ -90.1081, 29.9508 ], [ -90.1102, 29.9585 ] ] ] } },
{ "type": "Feature", "properties": { "GEOIDFQ": "1400000US22071012900", "NAME": "129", "NAMELSAD": "Census Tract 129" }, "geometry": { "type": "Polygon", "coordinates": [ [ [ -90.1363, 29.9542 ], [ -90.1281, 29.9486 ], [ -90.139, 29.9384 ], [ -90.1363, 29.9542 ] ] ] } },
{ "type": "Feature", "properties": { "GEOIDFQ": "1400000US22071012500", "NAME": "125", "NAMELSAD": "Census Tract 125" }, "geometry": { "type": "Polygon", "coordinates": [ [ [ -90.139, 29.9384 ], [ -90.1341, 29.9429 ], [ -90.1282, 29.9382 ], [ -90.1389, 29.9215 ], [ -90.139, 29.9384 ] ] ] } },
{ "type": "Feature", "properties": { "GEOIDFQ": "1400000US22071012600", "NAME": "126", "NAMELSAD": "Census Tract 126" }, "geometry": { "type": "Polygon", "coordinates": [ [ [ -90.1296, 29.9472 ], [ -90.1245, 29.9431 ], [ -90.1282, 29.9382 ], [ -90.1341, 29.943 ], [ -90.1296, 29.9472 ] ] ] } },
{ "type": "Feature", "properties": { "GEOIDFQ": "1400000US22071012800", "NAME": "128", "NAMELSAD": "Census Tract 128" }, "geometry": { "type": "Polygon", "coordinates": [ [ [ -90.1151, 29.9608 ], [ -90.1116, 29.9581 ], [ -90.1194, 29.9495 ], [ -90.1228, 29.9536 ], [ -90.1151, 29.9608 ] ] ] } },
{ "type": "Feature", "properties": { "GEOIDFQ": "1400000US22071013100", "NAME": "131", "NAMELSAD": "Census Tract 131" }, "geometry": { "type": "Polygon", "coordinates": [ [ [ -90.1327, 29.959 ], [ -90.1279, 29.9564 ], [ -90.1332, 29.9515 ], [ -90.1327, 29.959 ] ] ] } },
{ "type": "Feature", "properties": { "GEOIDFQ": "1400000US22087030203", "NAME": "302.03", "NAMELSAD": "Census Tract 302.03" }, "geometry": { "type": "Polygon", "coordinates": [ [ [ -89.959, 29.941 ], [ -89.934, 29.9379 ], [ -89.9439, 29.9243 ], [ -89.9711, 29.9277 ], [ -89.959, 29.941 ] ] ] } },
{ "type": "Feature", "properties": { "GEOIDFQ": "1400000US22071004900", "NAME": "49", "NAMELSAD": "Census Tract 49" }, "geometry": { "type": "Polygon", "coordinates": [ [ [ -90.0844, 29.9687 ], [ -90.0747, 29.9622 ], [ -90.0796, 29.9567 ], [ -90.0905, 29.9618 ], [ -90.0844, 29.9687 ] ] ] } },
{ "type": "Feature", "properties": { "GEOIDFQ": "1400000US22019003500", "NAME": "35", "NAMELSAD": "Census Tract 35" }, "geometry": { "type": "Polygon", "coordinates": [ [ [ -93.5588, 30.2168 ], [ -93.5585, 30.1875 ], [ -93.5964, 30.1723 ], [ -93.6002, 30.2161 ], [ -93.5588, 30.2168 ] ] ] } },
{ "type": "Feature", "properties": { "GEOIDFQ": "1400000US22019000400", "NAME": "4", "NAMELSAD": "Census Tract 4" }, "geometry": { "type": "Polygon", "coordinates": [ [ [ -93.193, 30.2364 ], [ -93.1951, 30.2275 ], [ -93.2043, 30.2275 ], [ -93.2043, 30.2358 ], [ -93.193, 30.2364 ] ] ] } },
{ "type": "Feature", "properties": { "GEOIDFQ": "1400000US22019003300", "NAME": "33", "NAMELSAD": "Census Tract 33" }, "geometry": { "type": "Polygon", "coordinates": [ [ [ -93.3887, 30.216 ], [ -93.3548, 30.2157 ], [ -93.3466, 30.169 ], [ -93.3507, 30.1471 ], [ -93.3592, 30.1471 ], [ -93.3592, 30.1398 ], [ -93.3843, 30.1396 ], [ -93.3919, 30.1573 ], [ -93.3887, 30.216 ] ] ] } },
{ "type": "Feature", "properties": { "GEOIDFQ": "1400000US22079980000", "NAME": "9800", "NAMELSAD": "Census Tract 9800" }, "geometry": { "type": "Polygon", "coordinates": [ [ [ -92.5489, 31.3329 ], [ -92.5411, 31.3398 ], [ -92.5285, 31.3262 ], [ -92.527, 31.3137 ], [ -92.5574, 31.3131 ], [ -92.5638, 31.3402 ], [ -92.5489, 31.3329 ] ] ] } },
{ "type": "Feature", "properties": { "GEOIDFQ": "1400000US22081960300", "NAME": "9603", "NAMELSAD": "Census Tract 9603" }, "geometry": { "type": "Polygon", "coordinates": [ [ [ -93.4096, 32.0871 ], [ -93.3902, 32.0765 ], [ -93.3768, 32.079 ], [ -93.3814, 32.087 ], [ -93.3748, 32.0871 ], [ -93.3452, 32.086 ], [ -93.3249, 32.0718 ], [ -93.3213, 32.0755 ], [ -93.3201, 32.0622 ], [ -93.2991, 32.0469 ], [ -93.2959, 32.0235 ], [ -93.2676, 32.0124 ], [ -93.2754, 32.0066 ], [ -93.294, 32.0066 ], [ -93.2777, 31.9927 ], [ -93.2719, 31.9463 ], [ -93.2391, 31.933 ], [ -93.2395, 31.9035 ], [ -93.2627, 31.9337 ], [ -93.2847, 31.9169 ], [ -93.2923, 31.9194 ], [ -93.2813, 31.9398 ], [ -93.2865, 31.9454 ], [ -93.3058, 31.9469 ], [ -93.3106, 31.9665 ], [ -93.3348, 31.9624 ], [ -93.3464, 31.9665 ], [ -93.3559, 31.9904 ], [ -93.3563, 32.0214 ], [ -93.3717, 32.0409 ], [ -93.3878, 32.0432 ], [ -93.3984, 32.0735 ], [ -93.4137, 32.074 ], [ -93.4096, 32.0871 ] ] ] } },
{ "type": "Feature", "properties": { "GEOIDFQ": "1400000US22081960100", "NAME": "9601", "NAMELSAD": "Census Tract 9601" }, "geometry": { "type": "Polygon", "coordinates": [ [ [ -93.2131, 32.2358 ], [ -93.2117, 32.1931 ], [ -93.1919, 32.1784 ], [ -93.1861, 32.1437 ], [ -93.1524, 32.1045 ], [ -93.1643, 32.0933 ], [ -93.162, 32.0834 ], [ -93.1454, 32.0726 ], [ -93.1361, 32.0562 ], [ -93.1415, 32.0404 ], [ -93.1589, 32.0277 ], [ -93.1582, 32.0096 ], [ -93.1212, 31.9726 ], [ -93.2385, 31.9728 ], [ -93.2391, 31.933 ], [ -93.2719, 31.9463 ], [ -93.2777, 31.9927 ], [ -93.294, 32.0066 ], [ -93.2754, 32.0066 ], [ -93.2676, 32.0124 ], [ -93.2959, 32.0235 ], [ -93.2991, 32.0469 ], [ -93.3201, 32.0622 ], [ -93.3213, 32.0755 ], [ -93.3249, 32.0718 ], [ -93.3452, 32.086 ], [ -93.3748, 32.0871 ], [ -93.3814, 32.087 ], [ -93.3768, 32.079 ], [ -93.3902, 32.0765 ], [ -93.4096, 32.0871 ], [ -93.4137, 32.0737 ], [ -93.3943, 32.0697 ], [ -93.3878, 32.0432 ], [ -93.3717, 32.0409 ], [ -93.3538, 32.0169 ], [ -93.3559, 31.9904 ], [ -93.3464, 31.9665 ], [ -93.3348, 31.9624 ], [ -93.3106, 31.9665 ], [ -93.3058, 31.9469 ], [ -93.2865, 31.9454 ], [ -93.2813, 31.9398 ], [ -93.2923, 31.9194 ], [ -93.2847, 31.9169 ], [ -93.2627, 31.9337 ], [ -93.2455, 31.9109 ], [ -93.2542, 31.913 ], [ -93.2796, 31.887 ], [ -93.3027, 31.8976 ], [ -93.3189, 31.8884 ], [ -93.3505, 31.8987 ], [ -93.346, 31.9064 ], [ -93.36, 31.9239 ], [ -93.3534, 31.9353 ], [ -93.3677, 31.937 ], [ -93.3749, 31.9643 ], [ -93.4002, 31.9779 ], [ -93.4069, 31.9881 ], [ -93.4231, 31.9837 ], [ -93.4238, 31.9903 ], [ -93.442, 31.9896 ], [ -93.4585, 32.0069 ], [ -93.4608, 32.0213 ], [ -93.4806, 32.0303 ], [ -93.4803, 32.057 ], [ -93.5055, 32.0652 ], [ -93.5142, 32.0858 ], [ -93.5412, 32.1046 ], [ -93.5241, 32.1249 ], [ -93.5093, 32.1313 ], [ -93.5207, 32.1444 ], [ -93.5288, 32.1854 ], [ -93.5363, 32.1932 ], [ -93.5569, 32.1921 ], [ -93.5934, 32.2057 ], [ -93.5977, 32.2203 ], [ -93.6147, 32.2375 ], [ -93.2131, 32.2358 ] ] ] } },
{ "type": "Feature", "properties": { "GEOIDFQ": "1400000US22087030206", "NAME": "302.06", "NAMELSAD": "Census Tract 302.06" }, "geometry": { "type": "Polygon", "coordinates": [ [ [ -89.9411, 29.9536 ], [ -89.9303, 29.9496 ], [ -89.9364, 29.9385 ], [ -89.9498, 29.9378 ], [ -89.9411, 29.9536 ] ] ] } },
{ "type": "Feature", "properties": { "GEOIDFQ": "1400000US22087030207", "NAME": "302.07", "NAMELSAD": "Census Tract 302.07" }, "geometry": { "type": "Polygon", "coordinates": [ [ [ -89.9499, 29.9567 ], [ -89.9411, 29.9536 ], [ -89.9498, 29.9378 ], [ -89.9593, 29.9411 ], [ -89.9499, 29.9567 ] ] ] } },
{ "type": "Feature", "properties": { "GEOIDFQ": "1400000US22087030209", "NAME": "302.09", "NAMELSAD": "Census Tract 302.09" }, "geometry": { "type": "Polygon", "coordinates": [ [ [ -89.9269, 29.9375 ], [ -89.9044, 29.9205 ], [ -89.9168, 29.9104 ], [ -89.9444, 29.9295 ], [ -89.9269, 29.9375 ] ] ] } },
{ "type": "Feature", "properties": { "GEOIDFQ": "1400000US22087030300", "NAME": "303", "NAMELSAD": "Census Tract 303" }, "geometry": { "type": "Polygon", "coordinates": [ [ [ -89.9986, 29.9738 ], [ -89.9965, 29.9731 ], [ -90.0082, 29.9437 ], [ -89.9986, 29.9738 ] ] ] } },
{ "type": "Feature", "properties": { "GEOIDFQ": "1400000US22087030400", "NAME": "304", "NAMELSAD": "Census Tract 304" }, "geometry": { "type": "Polygon", "coordinates": [ [ [ -89.9907, 29.9709 ], [ -89.9986, 29.9565 ], [ -89.9663, 29.9368 ], [ -89.972, 29.9255 ], [ -90.0066, 29.9472 ], [ -89.9907, 29.9709 ] ] ] } },
{ "type": "Feature", "properties": { "GEOIDFQ": "1400000US22103041210", "NAME": "412.10", "NAMELSAD": "Census Tract 412.10" }, "geometry": { "type": "Polygon", "coordinates": [ [ [ -90.0409, 30.4133 ], [ -90.0034, 30.3926 ], [ -90.0192, 30.3863 ], [ -90.0546, 30.3743 ], [ -90.0409, 30.4133 ] ] ] } },
{ "type": "Feature", "properties": { "GEOIDFQ": "1400000US22055001904", "NAME": "19.04", "NAMELSAD": "Census Tract 19.04" }, "geometry": { "type": "Polygon", "coordinates": [ [ [ -92.0922, 30.2106 ], [ -92.0756, 30.2105 ], [ -92.075, 30.1813 ], [ -92.0919, 30.1812 ], [ -92.0922, 30.2106 ] ] ] } },
{ "type": "Feature", "properties": { "GEOIDFQ": "1400000US22055001905", "NAME": "19.05", "NAMELSAD": "Census Tract 19.05" }, "geometry": { "type": "Polygon", "coordinates": [ [ [ -92.1417, 30.1373 ], [ -92.1419, 30.1811 ], [ -92.075, 30.1813 ], [ -92.0865, 30.1588 ], [ -92.1243, 30.1177 ], [ -92.15, 30.1237 ], [ -92.1501, 30.1371 ], [ -92.1417, 30.1373 ] ] ] } },
{ "type": "Feature", "properties": { "GEOIDFQ": "1400000US22069000700", "NAME": "7", "NAMELSAD": "Census Tract 7" }, "geometry": { "type": "Polygon", "coordinates": [ [ [ -93.0981, 31.7633 ], [ -93.0967, 31.77 ], [ -93.0849, 31.7676 ], [ -93.0915, 31.7481 ], [ -93.0993, 31.7545 ], [ -93.1078, 31.7522 ], [ -93.1084, 31.7622 ], [ -93.0981, 31.7633 ] ] ] } },
{ "type": "Feature", "properties": { "GEOIDFQ": "1400000US22045030602", "NAME": "306.02", "NAMELSAD": "Census Tract 306.02" }, "geometry": { "type": "Polygon", "coordinates": [ [ [ -91.7917, 30.0133 ], [ -91.7433, 30.0113 ], [ -91.7458, 29.9948 ], [ -91.7697, 29.9993 ], [ -91.7805, 29.9889 ], [ -91.8011, 29.9996 ], [ -91.7917, 30.0133 ] ] ] } },
{ "type": "Feature", "properties": { "GEOIDFQ": "1400000US22045030601", "NAME": "306.01", "NAMELSAD": "Census Tract 306.01" }, "geometry": { "type": "Polygon", "coordinates": [ [ [ -91.8084, 30.0241 ], [ -91.8009, 30.0405 ], [ -91.7863, 30.0367 ], [ -91.776, 30.0422 ], [ -91.7719, 30.0579 ], [ -91.7698, 30.0566 ], [ -91.769, 30.0455 ], [ -91.778, 30.0357 ], [ -91.7739, 30.0158 ], [ -91.823, 30.0171 ], [ -91.8084, 30.0241 ] ] ] } },
{ "type": "Feature", "properties": { "GEOIDFQ": "1400000US22045031302", "NAME": "313.02", "NAMELSAD": "Census Tract 313.02" }, "geometry": { "type": "Polygon", "coordinates": [ [ [ -91.8151, 29.9826 ], [ -91.8022, 29.9745 ], [ -91.7941, 29.9915 ], [ -91.7882, 29.9901 ], [ -91.7396, 29.9685 ], [ -91.6954, 29.9392 ], [ -91.7106, 29.9245 ], [ -91.7858, 29.9679 ], [ -91.7938, 29.9498 ], [ -91.8152, 29.9577 ], [ -91.8116, 29.9682 ], [ -91.818, 29.973 ], [ -91.8151, 29.9826 ] ] ] } },
{ "type": "Feature", "properties": { "GEOIDFQ": "1400000US22045030102", "NAME": "301.02", "NAMELSAD": "Census Tract 301.02" }, "geometry": { "type": "Polygon", "coordinates": [ [ [ -91.7661, 29.9998 ], [ -91.6394, 29.9759 ], [ -91.6799, 29.9303 ], [ -91.7121, 29.9532 ], [ -91.7809, 29.9872 ], [ -91.7661, 29.9998 ] ] ] } },
{ "type": "Feature", "properties": { "GEOIDFQ": "1400000US22045031600", "NAME": "316", "NAMELSAD": "Census Tract 316" }, "geometry": { "type": "Polygon", "coordinates": [ [ [ -92.0386, 29.585 ], [ -92.0254, 29.5854 ], [ -92.0098, 29.5984 ], [ -92.0001, 29.6134 ], [ -91.9727, 29.837 ], [ -91.9301, 29.8448 ], [ -91.8492, 29.8449 ], [ -91.8303, 29.8349 ], [ -91.8204, 29.8189 ], [ -91.815, 29.831 ], [ -91.8081, 29.8295 ], [ -91.8056, 29.8417 ], [ -91.7946, 29.8401 ], [ -91.7746, 29.8612 ], [ -91.7634, 29.8784 ], [ -91.7626, 29.8932 ], [ -91.7512, 29.8951 ], [ -91.7512, 29.9137 ], [ -91.7761, 29.9136 ], [ -91.7766, 29.9331 ], [ -91.7634, 29.959 ], [ -91.695, 29.9118 ], [ -91.6858, 29.9209 ], [ -91.6614, 29.9027 ], [ -91.7113, 29.8461 ], [ -91.9353, 29.6719 ], [ -91.7233, 29.6613 ], [ -91.5913, 29.5077 ], [ -91.5913, 29.5002 ], [ -91.6665, 29.5002 ], [ -91.7501, 29.4909 ], [ -91.7501, 29.4834 ], [ -91.8021, 29.4713 ], [ -91.8162, 29.4216 ], [ -91.8488, 29.3989 ], [ -91.8589, 29.4021 ], [ -91.8751, 29.4286 ], [ -91.8947, 29.4399 ], [ -91.9258, 29.4841 ], [ -91.99, 29.51 ], [ -92.0221, 29.5576 ], [ -92.0429, 29.577 ], [ -92.0386, 29.585 ] ] ] } },
{ "type": "Feature", "properties": { "GEOIDFQ": "1400000US22033002801", "NAME": "28.01", "NAMELSAD": "Census Tract 28.01" }, "geometry": { "type": "Polygon", "coordinates": [ [ [ -91.1998, 30.4191 ], [ -91.1782, 30.4218 ], [ -91.1814, 30.4042 ], [ -91.2057, 30.408 ], [ -91.1998, 30.4191 ] ] ] } },
{ "type": "Feature", "properties": { "GEOIDFQ": "1400000US22039950500", "NAME": "9505", "NAMELSAD": "Census Tract 9505" }, "geometry": { "type": "Polygon", "coordinates": [ [ [ -92.311, 30.7204 ], [ -92.2881, 30.7207 ], [ -92.2844, 30.7002 ], [ -92.2718, 30.6961 ], [ -92.2834, 30.6834 ], [ -92.3061, 30.6901 ], [ -92.3005, 30.6957 ], [ -92.3117, 30.7 ], [ -92.311, 30.7204 ] ] ] } },
{ "type": "Feature", "properties": { "GEOIDFQ": "1400000US22039950700", "NAME": "9507", "NAMELSAD": "Census Tract 9507" }, "geometry": { "type": "Polygon", "coordinates": [ [ [ -92.2827, 30.7583 ], [ -92.2527, 30.7509 ], [ -92.2473, 30.7446 ], [ -92.2392, 30.8063 ], [ -92.2514, 30.8169 ], [ -92.2285, 30.8167 ], [ -92.2067, 30.7845 ], [ -92.1723, 30.7679 ], [ -92.1725, 30.6738 ], [ -92.2002, 30.6564 ], [ -92.2048, 30.6429 ], [ -92.2255, 30.6468 ], [ -92.2321, 30.635 ], [ -92.2483, 30.6377 ], [ -92.2454, 30.6635 ], [ -92.2624, 30.6634 ], [ -92.266, 30.685 ], [ -92.2592, 30.7087 ], [ -92.287, 30.7174 ], [ -92.2827, 30.7583 ] ] ] } },
{ "type": "Feature", "properties": { "GEOIDFQ": "1400000US22073001100", "NAME": "11", "NAMELSAD": "Census Tract 11" }, "geometry": { "type": "Polygon", "coordinates": [ [ [ -92.0994, 32.4827 ], [ -92.0831, 32.4826 ], [ -92.0826, 32.4668 ], [ -92.0997, 32.4708 ], [ -92.0994, 32.4827 ] ] ] } },
{ "type": "Feature", "properties": { "GEOIDFQ": "1400000US22073001400", "NAME": "14", "NAMELSAD": "Census Tract 14" }, "geometry": { "type": "Polygon", "coordinates": [ [ [ -92.1299, 32.4884 ], [ -92.1137, 32.4819 ], [ -92.1174, 32.4958 ], [ -92.1062, 32.5009 ], [ -92.1062, 32.4681 ], [ -92.134, 32.4804 ], [ -92.1299, 32.4884 ] ] ] } },
{ "type": "Feature", "properties": { "GEOIDFQ": "1400000US22073001500", "NAME": "15", "NAMELSAD": "Census Tract 15" }, "geometry": { "type": "Polygon", "coordinates": [ [ [ -92.1091, 32.4707 ], [ -92.1052, 32.4571 ], [ -92.1142, 32.4553 ], [ -92.117, 32.4653 ], [ -92.1091, 32.4707 ] ] ] } },
{ "type": "Feature", "properties": { "GEOIDFQ": "1400000US22051023800", "NAME": "238", "NAMELSAD": "Census Tract 238" }, "geometry": { "type": "Polygon", "coordinates": [ [ [ -90.2376, 29.9756 ], [ -90.2187, 29.9743 ], [ -90.231, 29.9594 ], [ -90.2376, 29.9756 ] ] ] } },
{ "type": "Feature", "properties": { "GEOIDFQ": "1400000US22051023901", "NAME": "239.01", "NAMELSAD": "Census Tract 239.01" }, "geometry": { "type": "Polygon", "coordinates": [ [ [ -90.2057, 29.9608 ], [ -90.2031, 29.9534 ], [ -90.2129, 29.9413 ], [ -90.2143, 29.9526 ], [ -90.2057, 29.9608 ] ] ] } },
{ "type": "Feature", "properties": { "GEOIDFQ": "1400000US22051023902", "NAME": "239.02", "NAMELSAD": "Census Tract 239.02" }, "geometry": { "type": "Polygon", "coordinates": [ [ [ -90.2103, 29.9702 ], [ -90.2093, 29.9708 ], [ -90.2057, 29.9608 ], [ -90.2147, 29.9522 ], [ -90.2206, 29.9605 ], [ -90.2103, 29.9702 ] ] ] } },
{ "type": "Feature", "properties": { "GEOIDFQ": "1400000US22051023903", "NAME": "239.03", "NAMELSAD": "Census Tract 239.03" }, "geometry": { "type": "Polygon", "coordinates": [ [ [ -90.2187, 29.9743 ], [ -90.2102, 29.9738 ], [ -90.2206, 29.9605 ], [ -90.2264, 29.9652 ], [ -90.2187, 29.9743 ] ] ] } },
{ "type": "Feature", "properties": { "GEOIDFQ": "1400000US22051023904", "NAME": "239.04", "NAMELSAD": "Census Tract 239.04" }, "geometry": { "type": "Polygon", "coordinates": [ [ [ -90.2264, 29.9652 ], [ -90.2142, 29.9514 ], [ -90.219, 29.934 ], [ -90.231, 29.9594 ], [ -90.2264, 29.9652 ] ] ] } },
{ "type": "Feature", "properties": { "GEOIDFQ": "1400000US22051024001", "NAME": "240.01", "NAMELSAD": "Census Tract 240.01" }, "geometry": { "type": "Polygon", "coordinates": [ [ [ -90.2031, 29.9541 ], [ -90.2022, 29.9543 ], [ -90.2015, 29.9356 ], [ -90.2129, 29.9413 ], [ -90.2031, 29.9541 ] ] ] } },
{ "type": "Feature", "properties": { "GEOIDFQ": "1400000US22051024002", "NAME": "240.02", "NAMELSAD": "Census Tract 240.02" }, "geometry": { "type": "Polygon", "coordinates": [ [ [ -90.2129, 29.9413 ], [ -90.1842, 29.9319 ], [ -90.2064, 29.9231 ], [ -90.219, 29.934 ], [ -90.2129, 29.9413 ] ] ] } },
{ "type": "Feature", "properties": { "GEOIDFQ": "1400000US22051024100", "NAME": "241", "NAMELSAD": "Census Tract 241" }, "geometry": { "type": "Polygon", "coordinates": [ [ [ -90.1975, 29.9437 ], [ -90.1919, 29.9375 ], [ -90.2015, 29.9356 ], [ -90.2102, 29.9738 ], [ -90.1975, 29.9437 ] ] ] } },
{ "type": "Feature", "properties": { "GEOIDFQ": "1400000US22071013200", "NAME": "132", "NAMELSAD": "Census Tract 132" }, "geometry": { "type": "Polygon", "coordinates": [ [ [ -90.1307, 29.9639 ], [ -90.1158, 29.9602 ], [ -90.1236, 29.9529 ], [ -90.1338, 29.9585 ], [ -90.1307, 29.9639 ] ] ] } },
{ "type": "Feature", "properties": { "GEOIDFQ": "1400000US22071013301", "NAME": "133.01", "NAMELSAD": "Census Tract 133.01" }, "geometry": { "type": "Polygon", "coordinates": [ [ [ -90.1135, 30.0316 ], [ -90.0825, 30.0315 ], [ -90.083, 30.0209 ], [ -90.1145, 30.0201 ], [ -90.1135, 30.0316 ] ] ] } },
{ "type": "Feature", "properties": { "GEOIDFQ": "1400000US22055001600", "NAME": "16", "NAMELSAD": "Census Tract 16" }, "geometry": { "type": "Polygon", "coordinates": [ [ [ -92.0537, 30.2015 ], [ -92.0345, 30.1879 ], [ -92.0363, 30.1774 ], [ -92.0464, 30.1805 ], [ -92.0573, 30.1958 ], [ -92.0537, 30.2015 ] ] ] } },
{ "type": "Feature", "properties": { "GEOIDFQ": "1400000US22055002001", "NAME": "20.01", "NAMELSAD": "Census Tract 20.01" }, "geometry": { "type": "Polygon", "coordinates": [ [ [ -92.1761, 30.2411 ], [ -92.1763, 30.2702 ], [ -92.1593, 30.27 ], [ -92.1595, 30.2846 ], [ -92.1421, 30.2845 ], [ -92.1422, 30.2988 ], [ -92.0914, 30.2978 ], [ -92.0913, 30.2736 ], [ -92.1123, 30.276 ], [ -92.1074, 30.2351 ], [ -92.2101, 30.2354 ], [ -92.2102, 30.2419 ], [ -92.1761, 30.2411 ] ] ] } },
{ "type": "Feature", "properties": { "GEOIDFQ": "1400000US22055000900", "NAME": "9", "NAMELSAD": "Census Tract 9" }, "geometry": { "type": "Polygon", "coordinates": [ [ [ -92.0279, 30.2544 ], [ -92.022, 30.2418 ], [ -92.0324, 30.2431 ], [ -92.036, 30.2511 ], [ -92.0279, 30.2544 ] ] ] } },
{ "type": "Feature", "properties": { "GEOIDFQ": "1400000US22055002102", "NAME": "21.02", "NAMELSAD": "Census Tract 21.02" }, "geometry": { "type": "Polygon", "coordinates": [ [ [ -92.0839, 30.3601 ], [ -92.0533, 30.379 ], [ -92.0343, 30.3223 ], [ -92.0871, 30.3154 ], [ -92.0839, 30.3601 ] ] ] } },
{ "type": "Feature", "properties": { "GEOIDFQ": "1400000US22053000300", "NAME": "3", "NAMELSAD": "Census Tract 3" }, "geometry": { "type": "Polygon", "coordinates": [ [ [ -92.9114, 30.2467 ], [ -92.8949, 30.2467 ], [ -92.8999, 30.3069 ], [ -92.8091, 30.3054 ], [ -92.809, 30.3204 ], [ -92.7577, 30.3205 ], [ -92.7579, 30.3056 ], [ -92.7236, 30.3057 ], [ -92.7236, 30.187 ], [ -92.7746, 30.187 ], [ -92.7747, 30.2019 ], [ -92.8172, 30.2018 ], [ -92.8284, 30.1891 ], [ -92.8315, 30.194 ], [ -92.8949, 30.1937 ], [ -92.8949, 30.2241 ], [ -92.9144, 30.2328 ], [ -92.9114, 30.2467 ] ] ] } },
{ "type": "Feature", "properties": { "GEOIDFQ": "1400000US22053000200", "NAME": "2", "NAMELSAD": "Census Tract 2" }, "geometry": { "type": "Polygon", "coordinates": [ [ [ -93.1312, 30.4236 ], [ -93.0654, 30.4243 ], [ -93.0655, 30.4387 ], [ -92.8768, 30.4379 ], [ -92.9093, 30.3797 ], [ -92.9292, 30.3795 ], [ -92.9293, 30.3441 ], [ -92.9505, 30.3063 ], [ -92.8999, 30.3069 ], [ -92.8949, 30.2467 ], [ -92.9114, 30.2467 ], [ -92.9144, 30.2321 ], [ -92.8949, 30.2241 ], [ -92.8949, 30.1937 ], [ -92.8315, 30.194 ], [ -92.8284, 30.1891 ], [ -92.8172, 30.2018 ], [ -92.7747, 30.2019 ], [ -92.7746, 30.187 ], [ -92.7284, 30.1871 ], [ -92.7341, 30.1781 ], [ -92.7746, 30.1567 ], [ -92.7751, 30.1108 ], [ -92.8258, 30.1104 ], [ -92.8247, 30.0668 ], [ -92.8377, 30.0421 ], [ -92.9966, 30.0385 ], [ -92.9965, 30.0826 ], [ -92.8875, 30.0827 ], [ -92.9094, 30.1207 ], [ -92.907, 30.1307 ], [ -92.8894, 30.141 ], [ -92.8932, 30.1565 ], [ -92.9963, 30.157 ], [ -92.9971, 30.2607 ], [ -93.0307, 30.2606 ], [ -93.031, 30.3794 ], [ -93.1311, 30.38 ], [ -93.1312, 30.4236 ] ] ] } },
{ "type": "Feature", "properties": { "GEOIDFQ": "1400000US22053000100", "NAME": "1", "NAMELSAD": "Census Tract 1" }, "geometry": { "type": "Polygon", "coordinates": [ [ [ -92.9293, 30.3441 ], [ -92.9292, 30.3795 ], [ -92.9093, 30.3797 ], [ -92.8768, 30.4379 ], [ -92.7756, 30.4377 ], [ -92.774, 30.4882 ], [ -92.6293, 30.4869 ], [ -92.6338, 30.4827 ], [ -92.6215, 30.4649 ], [ -92.6231, 30.4566 ], [ -92.6006, 30.4378 ], [ -92.5946, 30.4203 ], [ -92.6061, 30.4087 ], [ -92.6043, 30.3901 ], [ -92.6208, 30.3862 ], [ -92.631, 30.3746 ], [ -92.6247, 30.3671 ], [ -92.628, 30.3472 ], [ -92.6185, 30.3361 ], [ -92.624, 30.3195 ], [ -92.6323, 30.3171 ], [ -92.6212, 30.3083 ], [ -92.6288, 30.2865 ], [ -92.6225, 30.2789 ], [ -92.624, 30.2581 ], [ -92.6342, 30.2639 ], [ -92.6351, 30.2761 ], [ -92.6455, 30.2724 ], [ -92.6452, 30.2884 ], [ -92.7237, 30.29 ], [ -92.7236, 30.3057 ], [ -92.7579, 30.3056 ], [ -92.7577, 30.3205 ], [ -92.809, 30.3204 ], [ -92.8091, 30.3054 ], [ -92.9505, 30.3063 ], [ -92.9293, 30.3441 ] ] ] } },
{ "type": "Feature", "properties": { "GEOIDFQ": "1400000US22053000700", "NAME": "7", "NAMELSAD": "Census Tract 7" }, "geometry": { "type": "Polygon", "coordinates": [ [ [ -92.6635, 30.2073 ], [ -92.655, 30.2085 ], [ -92.6549, 30.2226 ], [ -92.6304, 30.2324 ], [ -92.6211, 30.2316 ], [ -92.6067, 30.2087 ], [ -92.5831, 30.201 ], [ -92.5945, 30.1971 ], [ -92.5907, 30.1901 ], [ -92.6313, 30.2003 ], [ -92.6635, 30.2009 ], [ -92.6635, 30.2073 ] ] ] } },
{ "type": "Feature", "properties": { "GEOIDFQ": "1400000US22071001737", "NAME": "17.37", "NAMELSAD": "Census Tract 17.37" }, "geometry": { "type": "Polygon", "coordinates": [ [ [ -89.9765, 30.059 ], [ -89.969, 30.0492 ], [ -89.9803, 30.0432 ], [ -89.9874, 30.0538 ], [ -89.9765, 30.059 ] ] ] } },
{ "type": "Feature", "properties": { "GEOIDFQ": "1400000US22071000701", "NAME": "7.01", "NAMELSAD": "Census Tract 7.01" }, "geometry": { "type": "Polygon", "coordinates": [ [ [ -90.0219, 29.9807 ], [ -90.0159, 29.9788 ], [ -90.0213, 29.9626 ], [ -90.0273, 29.9643 ], [ -90.0219, 29.9807 ] ] ] } },
{ "type": "Feature", "properties": { "GEOIDFQ": "1400000US22071006400", "NAME": "64", "NAMELSAD": "Census Tract 64" }, "geometry": { "type": "Polygon", "coordinates": [ [ [ -90.1006, 29.9744 ], [ -90.0939, 29.9699 ], [ -90.0977, 29.9657 ], [ -90.1048, 29.9705 ], [ -90.1006, 29.9744 ] ] ] } },
{ "type": "Feature", "properties": { "GEOIDFQ": "1400000US22071001301", "NAME": "13.01", "NAMELSAD": "Census Tract 13.01" }, "geometry": { "type": "Polygon", "coordinates": [ [ [ -90.0441, 29.9742 ], [ -90.037, 29.9725 ], [ -90.0395, 29.9642 ], [ -90.0441, 29.9742 ] ] ] } },
{ "type": "Feature", "properties": { "GEOIDFQ": "1400000US22071010600", "NAME": "106", "NAMELSAD": "Census Tract 106" }, "geometry": { "type": "Polygon", "coordinates": [ [ [ -90.115, 29.9209 ], [ -90.108, 29.9203 ], [ -90.1082, 29.9166 ], [ -90.115, 29.9209 ] ] ] } },
{ "type": "Feature", "properties": { "GEOIDFQ": "1400000US22071005400", "NAME": "54", "NAMELSAD": "Census Tract 54" }, "geometry": { "type": "Polygon", "coordinates": [ [ [ -90.1051, 29.9838 ], [ -90.0913, 29.9767 ], [ -90.0913, 29.9732 ], [ -90.1116, 29.9819 ], [ -90.1051, 29.9838 ] ] ] } },
{ "type": "Feature", "properties": { "GEOIDFQ": "1400000US22045030700", "NAME": "307", "NAMELSAD": "Census Tract 307" }, "geometry": { "type": "Polygon", "coordinates": [ [ [ -91.8181, 30.017 ], [ -91.7917, 30.0133 ], [ -91.7999, 30.0014 ], [ -91.812, 30.0101 ], [ -91.8169, 30.0061 ], [ -91.8181, 30.017 ] ] ] } },
{ "type": "Feature", "properties": { "GEOIDFQ": "1400000US22125951803", "NAME": "9518.03", "NAMELSAD": "Census Tract 9518.03" }, "geometry": { "type": "Polygon", "coordinates": [ [ [ -91.3906, 30.8003 ], [ -91.388, 30.8083 ], [ -91.3765, 30.7882 ], [ -91.3677, 30.7935 ], [ -91.3635, 30.7853 ], [ -91.3449, 30.781 ], [ -91.3234, 30.7902 ], [ -91.3174, 30.8009 ], [ -91.2882, 30.8066 ], [ -91.2476, 30.8334 ], [ -91.2263, 30.84 ], [ -91.2348, 30.8248 ], [ -91.2306, 30.8105 ], [ -91.2439, 30.8027 ], [ -91.2362, 30.7906 ], [ -91.25, 30.7857 ], [ -91.2684, 30.7566 ], [ -91.2801, 30.7565 ], [ -91.2861, 30.7345 ], [ -91.2964, 30.7265 ], [ -91.2925, 30.7159 ], [ -91.3112, 30.7078 ], [ -91.3118, 30.6988 ], [ -91.3207, 30.6994 ], [ -91.3052, 30.6734 ], [ -91.3053, 30.6556 ], [ -91.3367, 30.6623 ], [ -91.3575, 30.7313 ], [ -91.3751, 30.7567 ], [ -91.395, 30.7579 ], [ -91.3908, 30.7738 ], [ -91.4036, 30.7949 ], [ -91.3906, 30.8003 ] ] ] } },
{ "type": "Feature", "properties": { "GEOIDFQ": "1400000US22125951801", "NAME": "9518.01", "NAMELSAD": "Census Tract 9518.01" }, "geometry": { "type": "Polygon", "coordinates": [ [ [ -91.4158, 30.8097 ], [ -91.4174, 30.8211 ], [ -91.4052, 30.8431 ], [ -91.408, 30.8523 ], [ -91.3989, 30.8548 ], [ -91.4016, 30.8717 ], [ -91.3883, 30.875 ], [ -91.3887, 30.8917 ], [ -91.3793, 30.9007 ], [ -91.3598, 30.902 ], [ -91.3512, 30.8888 ], [ -91.3449, 30.8951 ], [ -91.303, 30.8906 ], [ -91.3351, 30.8352 ], [ -91.3429, 30.8369 ], [ -91.376, 30.8211 ], [ -91.3677, 30.7935 ], [ -91.3765, 30.7882 ], [ -91.388, 30.8083 ], [ -91.3906, 30.8003 ], [ -91.4034, 30.7967 ], [ -91.4013, 30.7834 ], [ -91.3908, 30.7738 ], [ -91.395, 30.7579 ], [ -91.4019, 30.7784 ], [ -91.4243, 30.785 ], [ -91.4383, 30.7983 ], [ -91.4158, 30.8097 ] ] ] } },
{ "type": "Feature", "properties": { "GEOIDFQ": "1400000US22125951703", "NAME": "9517.03", "NAMELSAD": "Census Tract 9517.03" }, "geometry": { "type": "MultiPolygon", "coordinates": [ [ [ [ -91.6605, 30.8961 ], [ -91.6449, 30.929 ], [ -91.6536, 30.9436 ], [ -91.6461, 30.9444 ], [ -91.6148, 30.9218 ], [ -91.5894, 30.9202 ], [ -91.614, 30.9181 ], [ -91.6148, 30.9037 ], [ -91.5671, 30.8875 ], [ -91.5569, 30.8456 ], [ -91.5648, 30.8363 ], [ -91.588, 30.8473 ], [ -91.6296, 30.8405 ], [ -91.6526, 30.848 ], [ -91.6618, 30.8629 ], [ -91.6605, 30.8961 ] ] ], [ [ [ -91.7238, 31.0443 ], [ -91.698, 31.0391 ], [ -91.6615, 31.0444 ], [ -91.6438, 31.0252 ], [ -91.6583, 30.9944 ], [ -91.6711, 31.0106 ], [ -91.691, 31.0193 ], [ -91.703, 31.0186 ], [ -91.7176, 31.0067 ], [ -91.7497, 31.0196 ], [ -91.7238, 31.0443 ] ] ] ] } },
{ "type": "Feature", "properties": { "GEOIDFQ": "1400000US22017024306", "NAME": "243.06", "NAMELSAD": "Census Tract 243.06" }, "geometry": { "type": "Polygon", "coordinates": [ [ [ -93.9459, 32.4788 ], [ -93.9098, 32.4853 ], [ -93.8879, 32.4778 ], [ -93.8657, 32.4802 ], [ -93.8657, 32.4507 ], [ -93.9436, 32.4438 ], [ -93.9496, 32.4443 ], [ -93.9431, 32.4472 ], [ -93.9508, 32.4548 ], [ -93.9459, 32.4788 ] ] ] } },
{ "type": "Feature", "properties": { "GEOIDFQ": "1400000US22071980000", "NAME": "9800", "NAMELSAD": "Census Tract 9800" }, "geometry": { "type": "Polygon", "coordinates": [ [ [ -90.0985, 30.0189 ], [ -90.083, 30.0209 ], [ -90.0892, 29.984 ], [ -90.1026, 29.9856 ], [ -90.0985, 30.0189 ] ] ] } },
{ "type": "Feature", "properties": { "GEOIDFQ": "1400000US22045030800", "NAME": "308", "NAMELSAD": "Census Tract 308" }, "geometry": { "type": "Polygon", "coordinates": [ [ [ -91.8362, 30.0198 ], [ -91.8255, 30.0102 ], [ -91.838, 30.0032 ], [ -91.8362, 30.0198 ] ] ] } },
{ "type": "Feature", "properties": { "GEOIDFQ": "1400000US22045031000", "NAME": "310", "NAMELSAD": "Census Tract 310" }, "geometry": { "type": "Polygon", "coordinates": [ [ [ -91.8256, 30.0101 ], [ -91.8073, 29.9969 ], [ -91.8209, 29.9856 ], [ -91.8236, 29.9899 ], [ -91.8139, 29.9968 ], [ -91.8323, 30.0058 ], [ -91.8256, 30.0101 ] ] ] } },
{ "type": "Feature", "properties": { "GEOIDFQ": "1400000US22051025800", "NAME": "258", "NAMELSAD": "Census Tract 258" }, "geometry": { "type": "Polygon", "coordinates": [ [ [ -90.0585, 29.9453 ], [ -90.0451, 29.9322 ], [ -90.053, 29.9226 ], [ -90.0585, 29.9453 ] ] ] } },
{ "type": "Feature", "properties": { "GEOIDFQ": "1400000US22051021200", "NAME": "212", "NAMELSAD": "Census Tract 212" }, "geometry": { "type": "Polygon", "coordinates": [ [ [ -90.2433, 30.0067 ], [ -90.2294, 30.0058 ], [ -90.2318, 29.9972 ], [ -90.2455, 29.9981 ], [ -90.2433, 30.0067 ] ] ] } },
{ "type": "Feature", "properties": { "GEOIDFQ": "1400000US22051023003", "NAME": "230.03", "NAMELSAD": "Census Tract 230.03" }, "geometry": { "type": "Polygon", "coordinates": [ [ [ -90.1929, 29.9946 ], [ -90.1887, 29.9833 ], [ -90.1987, 29.984 ], [ -90.2013, 29.993 ], [ -90.1929, 29.9946 ] ] ] } },
{ "type": "Feature", "properties": { "GEOIDFQ": "1400000US22051024500", "NAME": "245", "NAMELSAD": "Census Tract 245" }, "geometry": { "type": "Polygon", "coordinates": [ [ [ -90.1571, 29.963 ], [ -90.1572, 29.9539 ], [ -90.1643, 29.9489 ], [ -90.1718, 29.9596 ], [ -90.1571, 29.963 ] ] ] } },
{ "type": "Feature", "properties": { "GEOIDFQ": "1400000US22037951300", "NAME": "9513", "NAMELSAD": "Census Tract 9513" }, "geometry": { "type": "Polygon", "coordinates": [ [ [ -91.1919, 30.97 ], [ -91.1823, 30.9739 ], [ -91.1762, 30.9991 ], [ -90.8258, 30.9994 ], [ -90.8431, 30.9866 ], [ -90.8456, 30.9604 ], [ -90.8627, 30.9442 ], [ -90.8517, 30.9118 ], [ -90.8549, 30.8979 ], [ -90.8454, 30.8886 ], [ -90.878, 30.89 ], [ -90.9393, 30.8764 ], [ -90.9849, 30.8776 ], [ -91.0392, 30.8591 ], [ -91.0566, 30.8898 ], [ -91.1169, 30.9077 ], [ -91.1158, 30.9175 ], [ -91.1422, 30.9259 ], [ -91.1381, 30.9351 ], [ -91.1508, 30.9367 ], [ -91.1599, 30.9478 ], [ -91.188, 30.9356 ], [ -91.1958, 30.957 ], [ -91.1919, 30.97 ] ] ] } },
{ "type": "Feature", "properties": { "GEOIDFQ": "1400000US22037951400", "NAME": "9514", "NAMELSAD": "Census Tract 9514" }, "geometry": { "type": "Polygon", "coordinates": [ [ [ -91.2196, 30.8645 ], [ -91.2255, 30.8699 ], [ -91.2183, 30.8918 ], [ -91.2066, 30.893 ], [ -91.2077, 30.9185 ], [ -91.2, 30.9192 ], [ -91.1936, 30.9322 ], [ -91.1599, 30.9478 ], [ -91.1508, 30.9367 ], [ -91.1381, 30.9351 ], [ -91.1422, 30.9259 ], [ -91.1158, 30.9175 ], [ -91.1169, 30.9077 ], [ -91.0566, 30.8898 ], [ -91.0389, 30.8601 ], [ -91.0803, 30.858 ], [ -91.1237, 30.8382 ], [ -91.119, 30.7986 ], [ -91.1355, 30.7888 ], [ -91.1761, 30.8304 ], [ -91.2263, 30.84 ], [ -91.2293, 30.8539 ], [ -91.2196, 30.8645 ] ] ] } },
{ "type": "Feature", "properties": { "GEOIDFQ": "1400000US22037951600", "NAME": "9516", "NAMELSAD": "Census Tract 9516" }, "geometry": { "type": "Polygon", "coordinates": [ [ [ -91.044, 30.7618 ], [ -91.0522, 30.7782 ], [ -91.0395, 30.7959 ], [ -91.0432, 30.8074 ], [ -91.033, 30.815 ], [ -91.0326, 30.8449 ], [ -91.04, 30.8491 ], [ -91.0392, 30.8591 ], [ -90.9849, 30.8776 ], [ -90.9393, 30.8764 ], [ -90.878, 30.89 ], [ -90.8454, 30.8886 ], [ -90.8615, 30.8711 ], [ -90.8532, 30.866 ], [ -90.8583, 30.8589 ], [ -90.8449, 30.855 ], [ -90.8469, 30.8491 ], [ -90.8411, 30.8476 ], [ -90.8502, 30.8314 ], [ -90.8344, 30.8148 ], [ -90.8415, 30.8085 ], [ -90.837, 30.7968 ], [ -90.8432, 30.7983 ], [ -90.8448, 30.7925 ], [ -90.8419, 30.7655 ], [ -90.8504, 30.7543 ], [ -90.8398, 30.7194 ], [ -91.0534, 30.7122 ], [ -91.0589, 30.7181 ], [ -91.044, 30.7618 ] ] ] } },
{ "type": "Feature", "properties": { "GEOIDFQ": "1400000US22051020511", "NAME": "205.11", "NAMELSAD": "Census Tract 205.11" }, "geometry": { "type": "Polygon", "coordinates": [ [ [ -90.2612, 30.042 ], [ -90.2471, 30.0311 ], [ -90.2531, 30.0315 ], [ -90.2619, 30.0343 ], [ -90.2612, 30.042 ] ] ] } },
{ "type": "Feature", "properties": { "GEOIDFQ": "1400000US22051021400", "NAME": "214", "NAMELSAD": "Census Tract 214" }, "geometry": { "type": "Polygon", "coordinates": [ [ [ -90.2136, 30.0181 ], [ -90.2113, 30.0118 ], [ -90.2224, 30.0123 ], [ -90.2247, 30.0188 ], [ -90.2136, 30.0181 ] ] ] } },
{ "type": "Feature", "properties": { "GEOIDFQ": "1400000US22051024300", "NAME": "243", "NAMELSAD": "Census Tract 243" }, "geometry": { "type": "Polygon", "coordinates": [ [ [ -90.1738, 29.9708 ], [ -90.1643, 29.9489 ], [ -90.1691, 29.9444 ], [ -90.1854, 29.9652 ], [ -90.1738, 29.9708 ] ] ] } },
{ "type": "Feature", "properties": { "GEOIDFQ": "1400000US22051025003", "NAME": "250.03", "NAMELSAD": "Census Tract 250.03" }, "geometry": { "type": "Polygon", "coordinates": [ [ [ -90.0302, 29.9039 ], [ -90.0224, 29.9036 ], [ -90.0236, 29.8861 ], [ -90.031, 29.8925 ], [ -90.0302, 29.9039 ] ] ] } },
{ "type": "Feature", "properties": { "GEOIDFQ": "1400000US22121020302", "NAME": "203.02", "NAMELSAD": "Census Tract 203.02" }, "geometry": { "type": "Polygon", "coordinates": [ [ [ -91.4817, 30.511 ], [ -91.4148, 30.5114 ], [ -91.4151, 30.5402 ], [ -91.373, 30.5409 ], [ -91.3729, 30.5213 ], [ -91.2741, 30.4883 ], [ -91.2574, 30.4928 ], [ -91.2541, 30.4908 ], [ -91.2431, 30.4406 ], [ -91.32, 30.4078 ], [ -91.3256, 30.3476 ], [ -91.3636, 30.3842 ], [ -91.3946, 30.3948 ], [ -91.3945, 30.4086 ], [ -91.4125, 30.4324 ], [ -91.4532, 30.4751 ], [ -91.4602, 30.4704 ], [ -91.4852, 30.4973 ], [ -91.4817, 30.511 ] ] ] } },
{ "type": "Feature", "properties": { "GEOIDFQ": "1400000US22121020301", "NAME": "203.01", "NAMELSAD": "Census Tract 203.01" }, "geometry": { "type": "Polygon", "coordinates": [ [ [ -91.3985, 30.5688 ], [ -91.365, 30.5696 ], [ -91.3653, 30.5886 ], [ -91.3198, 30.633 ], [ -91.3098, 30.6501 ], [ -91.3337, 30.6537 ], [ -91.3309, 30.6587 ], [ -91.2978, 30.6497 ], [ -91.2931, 30.6299 ], [ -91.3153, 30.5943 ], [ -91.3144, 30.5788 ], [ -91.3059, 30.573 ], [ -91.2615, 30.5711 ], [ -91.2424, 30.5499 ], [ -91.2461, 30.5359 ], [ -91.2844, 30.5153 ], [ -91.2828, 30.5073 ], [ -91.2744, 30.5046 ], [ -91.2735, 30.4881 ], [ -91.3729, 30.5213 ], [ -91.373, 30.5409 ], [ -91.4082, 30.5429 ], [ -91.3985, 30.5688 ] ] ] } },
{ "type": "Feature", "properties": { "GEOIDFQ": "1400000US22017024002", "NAME": "240.02", "NAMELSAD": "Census Tract 240.02" }, "geometry": { "type": "Polygon", "coordinates": [ [ [ -93.7189, 32.3999 ], [ -93.6912, 32.4009 ], [ -93.6926, 32.415 ], [ -93.6613, 32.4168 ], [ -93.6823, 32.4111 ], [ -93.6871, 32.3981 ], [ -93.6797, 32.3907 ], [ -93.6624, 32.3879 ], [ -93.6678, 32.4047 ], [ -93.6497, 32.4036 ], [ -93.6357, 32.3959 ], [ -93.6486, 32.388 ], [ -93.6491, 32.3777 ], [ -93.6334, 32.3985 ], [ -93.6262, 32.3993 ], [ -93.6311, 32.3805 ], [ -93.6256, 32.3619 ], [ -93.6033, 32.3781 ], [ -93.621, 32.3509 ], [ -93.5849, 32.3479 ], [ -93.5855, 32.3358 ], [ -93.5727, 32.3405 ], [ -93.5834, 32.3313 ], [ -93.5796, 32.3275 ], [ -93.5636, 32.3323 ], [ -93.5566, 32.3456 ], [ -93.5553, 32.3314 ], [ -93.5442, 32.3259 ], [ -93.5501, 32.3218 ], [ -93.5615, 32.3267 ], [ -93.5638, 32.3211 ], [ -93.5506, 32.3195 ], [ -93.5457, 32.3066 ], [ -93.5389, 32.3184 ], [ -93.5272, 32.311 ], [ -93.5385, 32.3036 ], [ -93.5385, 32.295 ], [ -93.5533, 32.2937 ], [ -93.5387, 32.2899 ], [ -93.5152, 32.2978 ], [ -93.5243, 32.2727 ], [ -93.5015, 32.2857 ], [ -93.5106, 32.2737 ], [ -93.4922, 32.2656 ], [ -93.4902, 32.2436 ], [ -93.4776, 32.2429 ], [ -93.4861, 32.2572 ], [ -93.472, 32.2486 ], [ -93.4625, 32.251 ], [ -93.4732, 32.2407 ], [ -93.4694, 32.2372 ], [ -93.6147, 32.2375 ], [ -93.6143, 32.2697 ], [ -93.6464, 32.3044 ], [ -93.6665, 32.3174 ], [ -93.6881, 32.3166 ], [ -93.698, 32.3248 ], [ -93.7015, 32.3186 ], [ -93.7181, 32.3184 ], [ -93.7136, 32.3834 ], [ -93.7254, 32.3946 ], [ -93.7189, 32.3999 ] ] ] } },
{ "type": "Feature", "properties": { "GEOIDFQ": "1400000US22017024204", "NAME": "242.04", "NAMELSAD": "Census Tract 242.04" }, "geometry": { "type": "Polygon", "coordinates": [ [ [ -93.9663, 32.385 ], [ -93.9283, 32.3854 ], [ -93.8896, 32.4122 ], [ -93.8628, 32.4022 ], [ -93.845, 32.4021 ], [ -93.8427, 32.3809 ], [ -93.8618, 32.3607 ], [ -93.9348, 32.3119 ], [ -93.9441, 32.3119 ], [ -93.9465, 32.32 ], [ -93.9424, 32.3532 ], [ -93.9659, 32.3668 ], [ -93.9663, 32.385 ] ] ] } },
{ "type": "Feature", "properties": { "GEOIDFQ": "1400000US22017023801", "NAME": "238.01", "NAMELSAD": "Census Tract 238.01" }, "geometry": { "type": "Polygon", "coordinates": [ [ [ -93.7459, 32.442 ], [ -93.7387, 32.4427 ], [ -93.7357, 32.434 ], [ -93.7277, 32.4325 ], [ -93.7279, 32.4169 ], [ -93.746, 32.4332 ], [ -93.7459, 32.442 ] ] ] } },
{ "type": "Feature", "properties": { "GEOIDFQ": "1400000US22017024305", "NAME": "243.05", "NAMELSAD": "Census Tract 243.05" }, "geometry": { "type": "Polygon", "coordinates": [ [ [ -93.8915, 32.5192 ], [ -93.8814, 32.5116 ], [ -93.8842, 32.4999 ], [ -93.8716, 32.4985 ], [ -93.8657, 32.4802 ], [ -93.8879, 32.4778 ], [ -93.9098, 32.4853 ], [ -93.9459, 32.4788 ], [ -93.9508, 32.4547 ], [ -93.9431, 32.4471 ], [ -93.9496, 32.4443 ], [ -94.0223, 32.4525 ], [ -94.0429, 32.4613 ], [ -94.0433, 32.5162 ], [ -93.8915, 32.5192 ] ] ] } },
{ "type": "Feature", "properties": { "GEOIDFQ": "1400000US22017023907", "NAME": "239.07", "NAMELSAD": "Census Tract 239.07" }, "geometry": { "type": "Polygon", "coordinates": [ [ [ -93.7009, 32.4463 ], [ -93.6844, 32.4588 ], [ -93.6931, 32.448 ], [ -93.674, 32.4407 ], [ -93.6617, 32.4265 ], [ -93.6734, 32.4209 ], [ -93.68, 32.4336 ], [ -93.6918, 32.4228 ], [ -93.6733, 32.4163 ], [ -93.6926, 32.415 ], [ -93.6991, 32.4235 ], [ -93.7041, 32.4182 ], [ -93.7187, 32.4435 ], [ -93.7009, 32.4463 ] ] ] } },
{ "type": "Feature", "properties": { "GEOIDFQ": "1400000US22017023906", "NAME": "239.06", "NAMELSAD": "Census Tract 239.06" }, "geometry": { "type": "Polygon", "coordinates": [ [ [ -93.6943, 32.4225 ], [ -93.6912, 32.4009 ], [ -93.6954, 32.4032 ], [ -93.7039, 32.4183 ], [ -93.6943, 32.4225 ] ] ] } },
{ "type": "Feature", "properties": { "GEOIDFQ": "1400000US22017024001", "NAME": "240.01", "NAMELSAD": "Census Tract 240.01" }, "geometry": { "type": "Polygon", "coordinates": [ [ [ -93.7635, 32.3765 ], [ -93.7385, 32.3765 ], [ -93.7385, 32.3909 ], [ -93.7254, 32.3946 ], [ -93.7136, 32.3834 ], [ -93.7181, 32.3184 ], [ -93.7257, 32.3285 ], [ -93.7379, 32.3262 ], [ -93.7465, 32.3412 ], [ -93.763, 32.3432 ], [ -93.7635, 32.3765 ] ] ] } },
{ "type": "Feature", "properties": { "GEOIDFQ": "1400000US22017022101", "NAME": "221.01", "NAMELSAD": "Census Tract 221.01" }, "geometry": { "type": "Polygon", "coordinates": [ [ [ -93.8098, 32.5185 ], [ -93.7803, 32.495 ], [ -93.7802, 32.491 ], [ -93.7972, 32.491 ], [ -93.7994, 32.4855 ], [ -93.8283, 32.4857 ], [ -93.8098, 32.5185 ] ] ] } },
{ "type": "Feature", "properties": { "GEOIDFQ": "1400000US22017024205", "NAME": "242.05", "NAMELSAD": "Census Tract 242.05" }, "geometry": { "type": "Polygon", "coordinates": [ [ [ -93.8629, 32.3597 ], [ -93.8427, 32.3809 ], [ -93.842, 32.3762 ], [ -93.8214, 32.3767 ], [ -93.8355, 32.3333 ], [ -93.8864, 32.3134 ], [ -93.9202, 32.3247 ], [ -93.8629, 32.3597 ] ] ] } },
{ "type": "Feature", "properties": { "GEOIDFQ": "1400000US22017024110", "NAME": "241.10", "NAMELSAD": "Census Tract 241.10" }, "geometry": { "type": "Polygon", "coordinates": [ [ [ -93.8243, 32.4254 ], [ -93.8146, 32.4203 ], [ -93.8146, 32.4022 ], [ -93.8449, 32.4027 ], [ -93.8243, 32.4254 ] ] ] } },
{ "type": "Feature", "properties": { "GEOIDFQ": "1400000US22017024207", "NAME": "242.07", "NAMELSAD": "Census Tract 242.07" }, "geometry": { "type": "Polygon", "coordinates": [ [ [ -94.0425, 32.2251 ], [ -93.985, 32.2239 ], [ -93.9594, 32.2834 ], [ -93.9434, 32.2973 ], [ -93.9441, 32.3119 ], [ -93.9341, 32.3122 ], [ -93.9202, 32.3247 ], [ -93.8864, 32.3134 ], [ -93.8355, 32.3333 ], [ -93.8284, 32.3023 ], [ -93.852, 32.2898 ], [ -93.8603, 32.2537 ], [ -93.9512, 32.1956 ], [ -94.0426, 32.1961 ], [ -94.0425, 32.2251 ] ] ] } },
{ "type": "Feature", "properties": { "GEOIDFQ": "1400000US22017024206", "NAME": "242.06", "NAMELSAD": "Census Tract 242.06" }, "geometry": { "type": "Polygon", "coordinates": [ [ [ -94.0038, 32.3744 ], [ -93.9832, 32.3849 ], [ -93.9663, 32.385 ], [ -93.966, 32.3669 ], [ -93.9422, 32.3527 ], [ -93.9433, 32.2975 ], [ -93.9594, 32.2834 ], [ -93.985, 32.2239 ], [ -94.0426, 32.225 ], [ -94.043, 32.3734 ], [ -94.0038, 32.3744 ] ] ] } },
{ "type": "Feature", "properties": { "GEOIDFQ": "1400000US22017023402", "NAME": "234.02", "NAMELSAD": "Census Tract 234.02" }, "geometry": { "type": "Polygon", "coordinates": [ [ [ -93.7812, 32.4419 ], [ -93.7847, 32.4303 ], [ -93.8039, 32.4364 ], [ -93.8065, 32.4417 ], [ -93.7812, 32.4419 ] ] ] } },
{ "type": "Feature", "properties": { "GEOIDFQ": "1400000US22017023401", "NAME": "234.01", "NAMELSAD": "Census Tract 234.01" }, "geometry": { "type": "Polygon", "coordinates": [ [ [ -93.7928, 32.4565 ], [ -93.7771, 32.4565 ], [ -93.7812, 32.4419 ], [ -93.8074, 32.4421 ], [ -93.7928, 32.4565 ] ] ] } },
{ "type": "Feature", "properties": { "GEOIDFQ": "1400000US22017023701", "NAME": "237.01", "NAMELSAD": "Census Tract 237.01" }, "geometry": { "type": "Polygon", "coordinates": [ [ [ -93.7812, 32.4419 ], [ -93.763, 32.4421 ], [ -93.7631, 32.425 ], [ -93.7847, 32.4303 ], [ -93.7812, 32.4419 ] ] ] } },
{ "type": "Feature", "properties": { "GEOIDFQ": "1400000US22017023702", "NAME": "237.02", "NAMELSAD": "Census Tract 237.02" }, "geometry": { "type": "Polygon", "coordinates": [ [ [ -93.763, 32.4421 ], [ -93.7502, 32.441 ], [ -93.7549, 32.4338 ], [ -93.748, 32.4218 ], [ -93.7631, 32.4271 ], [ -93.763, 32.4421 ] ] ] } },
{ "type": "Feature", "properties": { "GEOIDFQ": "1400000US22017023802", "NAME": "238.02", "NAMELSAD": "Census Tract 238.02" }, "geometry": { "type": "Polygon", "coordinates": [ [ [ -93.7459, 32.441 ], [ -93.7363, 32.4192 ], [ -93.748, 32.4218 ], [ -93.7545, 32.4337 ], [ -93.7459, 32.441 ] ] ] } },
{ "type": "Feature", "properties": { "GEOIDFQ": "1400000US22017024111", "NAME": "241.11", "NAMELSAD": "Census Tract 241.11" }, "geometry": { "type": "Polygon", "coordinates": [ [ [ -93.845, 32.4021 ], [ -93.8042, 32.4023 ], [ -93.8214, 32.3767 ], [ -93.842, 32.3762 ], [ -93.845, 32.4021 ] ] ] } },
{ "type": "Feature", "properties": { "GEOIDFQ": "1400000US22097961701", "NAME": "9617.01", "NAMELSAD": "Census Tract 9617.01" }, "geometry": { "type": "Polygon", "coordinates": [ [ [ -92.0929, 30.4896 ], [ -92.0886, 30.4964 ], [ -92.0742, 30.4905 ], [ -92.0709, 30.5026 ], [ -92.0699, 30.496 ], [ -92.0452, 30.4956 ], [ -92.045, 30.4873 ], [ -92.0235, 30.4823 ], [ -92.006, 30.4641 ], [ -91.9768, 30.4755 ], [ -91.966, 30.4718 ], [ -91.9697, 30.4503 ], [ -91.9754, 30.4535 ], [ -91.9837, 30.4342 ], [ -91.9975, 30.4367 ], [ -92.0172, 30.4284 ], [ -92.0551, 30.4502 ], [ -92.0721, 30.4485 ], [ -92.0495, 30.421 ], [ -92.0541, 30.4162 ], [ -92.0671, 30.4339 ], [ -92.0708, 30.4226 ], [ -92.0991, 30.4284 ], [ -92.1024, 30.4472 ], [ -92.0929, 30.4896 ] ] ] } },
{ "type": "Feature", "properties": { "GEOIDFQ": "1400000US22097961801", "NAME": "9618.01", "NAMELSAD": "Census Tract 9618.01" }, "geometry": { "type": "Polygon", "coordinates": [ [ [ -92.1761, 30.4005 ], [ -92.1423, 30.4005 ], [ -92.1413, 30.4077 ], [ -92.1179, 30.408 ], [ -92.1128, 30.417 ], [ -92.0921, 30.4182 ], [ -92.0713, 30.4131 ], [ -92.0757, 30.3933 ], [ -92.0533, 30.3917 ], [ -92.0521, 30.4071 ], [ -92.0343, 30.3956 ], [ -92.0109, 30.3922 ], [ -92.0151, 30.4028 ], [ -92.0285, 30.4099 ], [ -92.0247, 30.4327 ], [ -92.0172, 30.4284 ], [ -91.9975, 30.4367 ], [ -91.9837, 30.4342 ], [ -91.9865, 30.4071 ], [ -91.9782, 30.4074 ], [ -91.9887, 30.3686 ], [ -92.0016, 30.3645 ], [ -92.0152, 30.3717 ], [ -92.027, 30.3599 ], [ -92.0491, 30.3816 ], [ -92.0836, 30.3604 ], [ -92.0846, 30.3528 ], [ -92.0859, 30.3697 ], [ -92.08, 30.3697 ], [ -92.0807, 30.3836 ], [ -92.1059, 30.3783 ], [ -92.1078, 30.3642 ], [ -92.1415, 30.3634 ], [ -92.1415, 30.3208 ], [ -92.1585, 30.3208 ], [ -92.1586, 30.3499 ], [ -92.1758, 30.3497 ], [ -92.1761, 30.4005 ] ] ] } },
{ "type": "Feature", "properties": { "GEOIDFQ": "1400000US22045030401", "NAME": "304.01", "NAMELSAD": "Census Tract 304.01" }, "geometry": { "type": "Polygon", "coordinates": [ [ [ -91.9149, 29.9117 ], [ -91.9085, 29.9669 ], [ -91.8872, 29.9851 ], [ -91.8598, 29.9852 ], [ -91.8519, 29.9793 ], [ -91.8411, 29.9856 ], [ -91.836, 29.97 ], [ -91.843, 29.9366 ], [ -91.8361, 29.848 ], [ -91.8421, 29.8421 ], [ -91.9323, 29.8444 ], [ -91.9417, 29.872 ], [ -91.9149, 29.9117 ] ] ] } },
{ "type": "Feature", "properties": { "GEOIDFQ": "1400000US22017022102", "NAME": "221.02", "NAMELSAD": "Census Tract 221.02" }, "geometry": { "type": "Polygon", "coordinates": [ [ [ -93.7802, 32.491 ], [ -93.7802, 32.4855 ], [ -93.7972, 32.4859 ], [ -93.7972, 32.491 ], [ -93.7802, 32.491 ] ] ] } },
{ "type": "Feature", "properties": { "GEOIDFQ": "1400000US22023970101", "NAME": "9701.01", "NAMELSAD": "Census Tract 9701.01" }, "geometry": { "type": "Polygon", "coordinates": [ [ [ -93.2963, 30.0002 ], [ -93.301, 30.052 ], [ -93.1285, 30.0527 ], [ -93.1284, 30.0384 ], [ -92.7537, 30.0391 ], [ -92.7548, 30.0318 ], [ -92.7687, 30.0253 ], [ -92.7535, 30.0149 ], [ -92.7617, 29.9962 ], [ -92.7724, 29.9955 ], [ -92.7773, 30.0021 ], [ -92.7874, 29.9993 ], [ -92.8083, 29.9712 ], [ -92.963, 29.9254 ], [ -93.156, 29.935 ], [ -93.1697, 29.9469 ], [ -93.2428, 29.9157 ], [ -93.2822, 29.9158 ], [ -93.3028, 29.9746 ], [ -93.2963, 30.0002 ] ] ] } },
{ "type": "Feature", "properties": { "GEOIDFQ": "1400000US22023970102", "NAME": "9701.02", "NAMELSAD": "Census Tract 9701.02" }, "geometry": { "type": "Polygon", "coordinates": [ [ [ -93.3433, 29.8826 ], [ -93.2928, 29.8943 ], [ -93.2822, 29.9158 ], [ -93.2428, 29.9157 ], [ -93.1697, 29.9469 ], [ -93.156, 29.935 ], [ -92.963, 29.9254 ], [ -92.941, 29.9294 ], [ -92.8083, 29.9712 ], [ -92.7874, 29.9993 ], [ -92.7773, 30.0021 ], [ -92.7724, 29.9955 ], [ -92.7617, 29.9962 ], [ -92.7535, 30.0149 ], [ -92.7687, 30.0253 ], [ -92.7548, 30.0318 ], [ -92.7537, 30.0391 ], [ -92.616, 30.0383 ], [ -92.6161, 29.5773 ], [ -92.7637, 29.6235 ], [ -92.974, 29.7126 ], [ -93.1121, 29.7547 ], [ -93.2286, 29.7769 ], [ -93.2286, 29.7834 ], [ -93.2148, 29.7841 ], [ -93.2173, 29.7898 ], [ -93.2326, 29.7888 ], [ -93.2325, 29.7949 ], [ -93.3454, 29.8114 ], [ -93.3433, 29.8826 ] ] ] } },
{ "type": "Feature", "properties": { "GEOIDFQ": "1400000US22023970202", "NAME": "9702.02", "NAMELSAD": "Census Tract 9702.02" }, "geometry": { "type": "Polygon", "coordinates": [ [ [ -93.9164, 29.825 ], [ -93.8636, 29.8572 ], [ -93.8406, 29.88 ], [ -93.8173, 29.9184 ], [ -93.8078, 29.9545 ], [ -93.7894, 29.9878 ], [ -93.7411, 30.0216 ], [ -93.7374, 30.0373 ], [ -93.7213, 30.0523 ], [ -93.5305, 30.0518 ], [ -93.526, 30.0055 ], [ -93.4898, 30.0076 ], [ -93.461, 29.9958 ], [ -93.5002, 29.9643 ], [ -93.529, 29.9643 ], [ -93.5292, 29.8783 ], [ -93.4702, 29.8778 ], [ -93.4428, 29.8624 ], [ -93.3891, 29.8699 ], [ -93.3447, 29.8874 ], [ -93.3491, 29.8132 ], [ -93.3209, 29.8042 ], [ -93.2325, 29.7949 ], [ -93.2326, 29.7888 ], [ -93.2173, 29.7898 ], [ -93.2148, 29.7841 ], [ -93.2286, 29.7834 ], [ -93.2286, 29.7769 ], [ -93.3038, 29.7724 ], [ -93.3461, 29.758 ], [ -93.4652, 29.768 ], [ -93.6866, 29.7454 ], [ -93.7771, 29.7231 ], [ -93.8383, 29.6911 ], [ -93.87, 29.7355 ], [ -93.8914, 29.7443 ], [ -93.8922, 29.7652 ], [ -93.9224, 29.785 ], [ -93.9292, 29.803 ], [ -93.9164, 29.825 ] ] ] } },
{ "type": "Feature", "properties": { "GEOIDFQ": "1400000US22023970203", "NAME": "9702.03", "NAMELSAD": "Census Tract 9702.03" }, "geometry": { "type": "Polygon", "coordinates": [ [ [ -93.5305, 30.0518 ], [ -93.301, 30.052 ], [ -93.2963, 30.0002 ], [ -93.3028, 29.9746 ], [ -93.282, 29.9181 ], [ -93.2867, 29.902 ], [ -93.321, 29.8841 ], [ -93.3383, 29.8814 ], [ -93.3447, 29.8874 ], [ -93.3891, 29.8699 ], [ -93.4301, 29.8632 ], [ -93.4563, 29.8659 ], [ -93.4702, 29.8778 ], [ -93.5292, 29.8783 ], [ -93.529, 29.9643 ], [ -93.5002, 29.9643 ], [ -93.461, 29.9958 ], [ -93.4898, 30.0076 ], [ -93.526, 30.0055 ], [ -93.5305, 30.0518 ] ] ] } },
{ "type": "Feature", "properties": { "GEOIDFQ": "1400000US22005031001", "NAME": "310.01", "NAMELSAD": "Census Tract 310.01" }, "geometry": { "type": "Polygon", "coordinates": [ [ [ -90.9893, 30.1134 ], [ -90.9501, 30.1096 ], [ -90.946, 30.1311 ], [ -90.9377, 30.1366 ], [ -90.9232, 30.1304 ], [ -90.9147, 30.1088 ], [ -90.9346, 30.094 ], [ -90.9356, 30.0856 ], [ -90.966, 30.0653 ], [ -90.9714, 30.0653 ], [ -90.9625, 30.08 ], [ -90.9936, 30.0998 ], [ -90.9893, 30.1134 ] ] ] } },
{ "type": "Feature", "properties": { "GEOIDFQ": "1400000US22045031102", "NAME": "311.02", "NAMELSAD": "Census Tract 311.02" }, "geometry": { "type": "Polygon", "coordinates": [ [ [ -91.8203, 30.0162 ], [ -91.8169, 30.0061 ], [ -91.812, 30.0101 ], [ -91.7809, 29.9872 ], [ -91.8168, 30.001 ], [ -91.8291, 30.0135 ], [ -91.8203, 30.0162 ] ] ] } },
{ "type": "Feature", "properties": { "GEOIDFQ": "1400000US22045030402", "NAME": "304.02", "NAMELSAD": "Census Tract 304.02" }, "geometry": { "type": "Polygon", "coordinates": [ [ [ -91.9025, 30.0141 ], [ -91.8894, 30.0071 ], [ -91.851, 30.0328 ], [ -91.8362, 30.0198 ], [ -91.8362, 30.011 ], [ -91.845, 30.0074 ], [ -91.8421, 30.0014 ], [ -91.8505, 30.0002 ], [ -91.8431, 29.9933 ], [ -91.8519, 29.9793 ], [ -91.8598, 29.9852 ], [ -91.8872, 29.9851 ], [ -91.9075, 29.9679 ], [ -91.9131, 29.974 ], [ -91.9267, 29.9687 ], [ -91.9318, 29.987 ], [ -91.9025, 30.0141 ] ] ] } },
{ "type": "Feature", "properties": { "GEOIDFQ": "1400000US22045030304", "NAME": "303.04", "NAMELSAD": "Census Tract 303.04" }, "geometry": { "type": "Polygon", "coordinates": [ [ [ -91.9825, 30.0029 ], [ -91.9692, 29.9991 ], [ -91.957, 29.9843 ], [ -91.9309, 29.9898 ], [ -91.9271, 29.9688 ], [ -91.9086, 29.9726 ], [ -91.9149, 29.9117 ], [ -91.9418, 29.8716 ], [ -91.9323, 29.8444 ], [ -91.9727, 29.837 ], [ -91.994, 29.9771 ], [ -91.9825, 30.0029 ] ] ] } },
{ "type": "Feature", "properties": { "GEOIDFQ": "1400000US22045030201", "NAME": "302.01", "NAMELSAD": "Census Tract 302.01" }, "geometry": { "type": "Polygon", "coordinates": [ [ [ -91.8013, 30.0701 ], [ -91.7742, 30.0886 ], [ -91.7605, 30.0909 ], [ -91.7687, 30.0964 ], [ -91.7653, 30.1084 ], [ -91.7463, 30.1179 ], [ -91.7016, 30.1213 ], [ -91.681, 30.1058 ], [ -91.6695, 30.1129 ], [ -91.6556, 30.1029 ], [ -91.6498, 30.0807 ], [ -91.6685, 30.0716 ], [ -91.7367, 30.0639 ], [ -91.7382, 30.0565 ], [ -91.7428, 30.0694 ], [ -91.7592, 30.0714 ], [ -91.7694, 30.0627 ], [ -91.7744, 30.0438 ], [ -91.7863, 30.0367 ], [ -91.8156, 30.0471 ], [ -91.8013, 30.0701 ] ] ] } },
{ "type": "Feature", "properties": { "GEOIDFQ": "1400000US22045030202", "NAME": "302.02", "NAMELSAD": "Census Tract 302.02" }, "geometry": { "type": "Polygon", "coordinates": [ [ [ -91.7688, 30.046 ], [ -91.7694, 30.0627 ], [ -91.757, 30.0719 ], [ -91.7428, 30.0694 ], [ -91.7382, 30.0565 ], [ -91.7367, 30.0639 ], [ -91.6686, 30.0716 ], [ -91.6498, 30.0807 ], [ -91.633, 30.0643 ], [ -91.6395, 30.0575 ], [ -91.6322, 30.0564 ], [ -91.6261, 30.0681 ], [ -91.6204, 30.0603 ], [ -91.6245, 30.0593 ], [ -91.635, 30.0423 ], [ -91.6336, 30.044 ], [ -91.6307, 30.0439 ], [ -91.6254, 30.0237 ], [ -91.6447, 30.0272 ], [ -91.6583, 30.0146 ], [ -91.6537, 29.9954 ], [ -91.6353, 29.9793 ], [ -91.6389, 29.9759 ], [ -91.7458, 29.9948 ], [ -91.7433, 30.0113 ], [ -91.7739, 30.0158 ], [ -91.778, 30.0357 ], [ -91.7688, 30.046 ] ] ] } },
{ "type": "Feature", "properties": { "GEOIDFQ": "1400000US22071008600", "NAME": "86", "NAMELSAD": "Census Tract 86" }, "geometry": { "type": "Polygon", "coordinates": [ [ [ -90.0884, 29.9462 ], [ -90.0856, 29.9422 ], [ -90.0883, 29.9404 ], [ -90.0953, 29.9498 ], [ -90.0884, 29.9462 ] ] ] } },
{ "type": "Feature", "properties": { "GEOIDFQ": "1400000US22045030101", "NAME": "301.01", "NAMELSAD": "Census Tract 301.01" }, "geometry": { "type": "Polygon", "coordinates": [ [ [ -91.6799, 29.9303 ], [ -91.635, 29.9778 ], [ -91.6537, 29.9954 ], [ -91.6583, 30.0146 ], [ -91.6447, 30.0272 ], [ -91.6254, 30.0237 ], [ -91.6307, 30.0439 ], [ -91.635, 30.0423 ], [ -91.6204, 30.0603 ], [ -91.6261, 30.0681 ], [ -91.6322, 30.0564 ], [ -91.6395, 30.0575 ], [ -91.6323, 30.0621 ], [ -91.6513, 30.0799 ], [ -91.6556, 30.1029 ], [ -91.6306, 30.0719 ], [ -91.6122, 30.0677 ], [ -91.6002, 30.033 ], [ -91.5078, 30.0333 ], [ -91.4954, 30.0414 ], [ -91.4882, 30.0582 ], [ -91.3691, 30.059 ], [ -91.3667, 30.0547 ], [ -91.342, 30.0615 ], [ -91.2691, 30.0593 ], [ -91.2419, 30.0295 ], [ -91.2287, 30.0425 ], [ -91.2219, 30.0378 ], [ -91.2359, 30.0011 ], [ -91.2594, 30.0002 ], [ -91.2552, 29.9715 ], [ -91.6243, 29.9455 ], [ -91.6614, 29.9027 ], [ -91.6858, 29.9209 ], [ -91.695, 29.9118 ], [ -91.7106, 29.9245 ], [ -91.6954, 29.9392 ], [ -91.7138, 29.9514 ], [ -91.6799, 29.9303 ] ] ] } },
{ "type": "Feature", "properties": { "GEOIDFQ": "1400000US22045031301", "NAME": "313.01", "NAMELSAD": "Census Tract 313.01" }, "geometry": { "type": "Polygon", "coordinates": [ [ [ -91.8361, 29.9739 ], [ -91.8209, 29.9856 ], [ -91.8116, 29.9682 ], [ -91.8152, 29.9577 ], [ -91.7938, 29.9498 ], [ -91.7858, 29.9679 ], [ -91.7634, 29.959 ], [ -91.7766, 29.9331 ], [ -91.7761, 29.9136 ], [ -91.7512, 29.9137 ], [ -91.7512, 29.8951 ], [ -91.7635, 29.8921 ], [ -91.7634, 29.8784 ], [ -91.7738, 29.8623 ], [ -91.7946, 29.8401 ], [ -91.8056, 29.8417 ], [ -91.8081, 29.8295 ], [ -91.815, 29.831 ], [ -91.8208, 29.8188 ], [ -91.8421, 29.8421 ], [ -91.8351, 29.8506 ], [ -91.843, 29.9366 ], [ -91.8361, 29.9739 ] ] ] } },
{ "type": "Feature", "properties": { "GEOIDFQ": "1400000US22045031101", "NAME": "311.01", "NAMELSAD": "Census Tract 311.01" }, "geometry": { "type": "Polygon", "coordinates": [ [ [ -91.8073, 29.9969 ], [ -91.7934, 29.9889 ], [ -91.8022, 29.9745 ], [ -91.8205, 29.9859 ], [ -91.8073, 29.9969 ] ] ] } },
{ "type": "Feature", "properties": { "GEOIDFQ": "1400000US22045030303", "NAME": "303.03", "NAMELSAD": "Census Tract 303.03" }, "geometry": { "type": "Polygon", "coordinates": [ [ [ -91.9514, 30.0728 ], [ -91.9393, 30.0727 ], [ -91.9151, 30.0238 ], [ -91.9025, 30.0141 ], [ -91.9057, 30.0082 ], [ -91.9309, 29.9898 ], [ -91.957, 29.9843 ], [ -91.9692, 29.9991 ], [ -91.9825, 30.0029 ], [ -91.9514, 30.0728 ] ] ] } },
{ "type": "Feature", "properties": { "GEOIDFQ": "1400000US22117950900", "NAME": "9509", "NAMELSAD": "Census Tract 9509" }, "geometry": { "type": "Polygon", "coordinates": [ [ [ -89.8639, 30.7907 ], [ -89.8534, 30.7894 ], [ -89.8516, 30.7652 ], [ -89.8619, 30.7652 ], [ -89.8619, 30.7575 ], [ -89.874, 30.7584 ], [ -89.8639, 30.7907 ] ] ] } },
{ "type": "Feature", "properties": { "GEOIDFQ": "1400000US22121020100", "NAME": "201", "NAMELSAD": "Census Tract 201" }, "geometry": { "type": "Polygon", "coordinates": [ [ [ -91.2171, 30.4519 ], [ -91.2186, 30.4629 ], [ -91.1965, 30.4639 ], [ -91.1959, 30.4394 ], [ -91.221, 30.4447 ], [ -91.2228, 30.4517 ], [ -91.2171, 30.4519 ] ] ] } },
{ "type": "Feature", "properties": { "GEOIDFQ": "1400000US22121020200", "NAME": "202", "NAMELSAD": "Census Tract 202" }, "geometry": { "type": "Polygon", "coordinates": [ [ [ -91.2744, 30.5046 ], [ -91.2093, 30.523 ], [ -91.2008, 30.5177 ], [ -91.1965, 30.4639 ], [ -91.2186, 30.4629 ], [ -91.2171, 30.4519 ], [ -91.2228, 30.4517 ], [ -91.221, 30.4447 ], [ -91.2105, 30.4451 ], [ -91.2114, 30.4327 ], [ -91.2308, 30.4421 ], [ -91.2431, 30.4406 ], [ -91.2517, 30.4882 ], [ -91.2749, 30.4913 ], [ -91.2744, 30.5046 ] ] ] } },
{ "type": "Feature", "properties": { "GEOIDFQ": "1400000US22089062500", "NAME": "625", "NAMELSAD": "Census Tract 625" }, "geometry": { "type": "Polygon", "coordinates": [ [ [ -90.4106, 30.0182 ], [ -90.405, 30.0139 ], [ -90.4138, 29.992 ], [ -90.4288, 30.0007 ], [ -90.4106, 30.0182 ] ] ] } },
{ "type": "Feature", "properties": { "GEOIDFQ": "1400000US22089062800", "NAME": "628", "NAMELSAD": "Census Tract 628" }, "geometry": { "type": "Polygon", "coordinates": [ [ [ -90.3994, 29.8942 ], [ -90.4078, 29.9144 ], [ -90.3823, 29.9298 ], [ -90.3742, 29.9423 ], [ -90.3619, 29.9384 ], [ -90.3884, 29.9021 ], [ -90.3698, 29.9072 ], [ -90.3722, 29.9016 ], [ -90.3273, 29.8725 ], [ -90.3327, 29.8614 ], [ -90.4131, 29.8606 ], [ -90.4136, 29.881 ], [ -90.4289, 29.8814 ], [ -90.3994, 29.8942 ] ] ] } },
{ "type": "Feature", "properties": { "GEOIDFQ": "1400000US22089062900", "NAME": "629", "NAMELSAD": "Census Tract 629" }, "geometry": { "type": "Polygon", "coordinates": [ [ [ -90.3619, 29.9384 ], [ -90.3232, 29.9364 ], [ -90.3189, 29.9221 ], [ -90.3884, 29.9022 ], [ -90.3619, 29.9384 ] ] ] } },
{ "type": "Feature", "properties": { "GEOIDFQ": "1400000US22089062100", "NAME": "621", "NAMELSAD": "Census Tract 621" }, "geometry": { "type": "Polygon", "coordinates": [ [ [ -90.3022, 29.9893 ], [ -90.2924, 30.0064 ], [ -90.2795, 30.0064 ], [ -90.2795, 29.968 ], [ -90.3146, 29.9416 ], [ -90.3289, 29.969 ], [ -90.3022, 29.9893 ] ] ] } },
{ "type": "Feature", "properties": { "GEOIDFQ": "1400000US22015010806", "NAME": "108.06", "NAMELSAD": "Census Tract 108.06" }, "geometry": { "type": "Polygon", "coordinates": [ [ [ -93.6795, 32.4893 ], [ -93.6704, 32.4914 ], [ -93.6681, 32.4846 ], [ -93.6486, 32.4842 ], [ -93.6549, 32.4785 ], [ -93.6772, 32.4795 ], [ -93.6912, 32.4979 ], [ -93.6795, 32.4893 ] ] ] } },
{ "type": "Feature", "properties": { "GEOIDFQ": "1400000US22071010800", "NAME": "108", "NAMELSAD": "Census Tract 108" }, "geometry": { "type": "Polygon", "coordinates": [ [ [ -90.1131, 29.9285 ], [ -90.1088, 29.9264 ], [ -90.1091, 29.9203 ], [ -90.115, 29.9212 ], [ -90.1131, 29.9285 ] ] ] } },
{ "type": "Feature", "properties": { "GEOIDFQ": "1400000US22033003504", "NAME": "35.04", "NAMELSAD": "Census Tract 35.04" }, "geometry": { "type": "Polygon", "coordinates": [ [ [ -91.1218, 30.519 ], [ -91.0853, 30.5044 ], [ -91.1253, 30.5025 ], [ -91.1218, 30.519 ] ] ] } },
{ "type": "Feature", "properties": { "GEOIDFQ": "1400000US22089063000", "NAME": "630", "NAMELSAD": "Census Tract 630" }, "geometry": { "type": "Polygon", "coordinates": [ [ [ -90.2951, 29.9605 ], [ -90.2795, 29.968 ], [ -90.2755, 29.9402 ], [ -90.3189, 29.9221 ], [ -90.3229, 29.9365 ], [ -90.2951, 29.9605 ] ] ] } },
{ "type": "Feature", "properties": { "GEOIDFQ": "1400000US22033003505", "NAME": "35.05", "NAMELSAD": "Census Tract 35.05" }, "geometry": { "type": "Polygon", "coordinates": [ [ [ -91.0871, 30.5025 ], [ -91.0897, 30.4836 ], [ -91.1127, 30.4767 ], [ -91.1312, 30.5024 ], [ -91.0871, 30.5025 ] ] ] } },
{ "type": "Feature", "properties": { "GEOIDFQ": "1400000US22033004402", "NAME": "44.02", "NAMELSAD": "Census Tract 44.02" }, "geometry": { "type": "Polygon", "coordinates": [ [ [ -90.9925, 30.5744 ], [ -90.9713, 30.5627 ], [ -90.973, 30.5409 ], [ -90.9878, 30.5345 ], [ -90.9946, 30.5216 ], [ -91.0297, 30.5118 ], [ -91.028, 30.5405 ], [ -91.0369, 30.5543 ], [ -90.9925, 30.5744 ] ] ] } },
{ "type": "Feature", "properties": { "GEOIDFQ": "1400000US22085000100", "NAME": "1", "NAMELSAD": "Census Tract 1" }, "geometry": { "type": "Polygon", "coordinates": [ [ [ -93.7703, 31.8175 ], [ -93.7727, 31.8228 ], [ -93.7498, 31.845 ], [ -93.4412, 31.8452 ], [ -93.4411, 31.7616 ], [ -93.4623, 31.7636 ], [ -93.4727, 31.7481 ], [ -93.4832, 31.7522 ], [ -93.5196, 31.7435 ], [ -93.5299, 31.7161 ], [ -93.5267, 31.6995 ], [ -93.547, 31.6839 ], [ -93.5412, 31.6801 ], [ -93.5463, 31.677 ], [ -93.585, 31.6694 ], [ -93.6055, 31.6714 ], [ -93.6023, 31.6784 ], [ -93.6117, 31.6815 ], [ -93.6262, 31.674 ], [ -93.6419, 31.6455 ], [ -93.6596, 31.6575 ], [ -93.6749, 31.6406 ], [ -93.6948, 31.6688 ], [ -93.7281, 31.6862 ], [ -93.7284, 31.7003 ], [ -93.7212, 31.6943 ], [ -93.7004, 31.7359 ], [ -93.7086, 31.7343 ], [ -93.7155, 31.7407 ], [ -93.7289, 31.7761 ], [ -93.7463, 31.7792 ], [ -93.7718, 31.7717 ], [ -93.7814, 31.7838 ], [ -93.7804, 31.7999 ], [ -93.7902, 31.8085 ], [ -93.7703, 31.8175 ] ] ] } },
{ "type": "Feature", "properties": { "GEOIDFQ": "1400000US22085000500", "NAME": "5", "NAMELSAD": "Census Tract 5" }, "geometry": { "type": "Polygon", "coordinates": [ [ [ -93.474, 31.5939 ], [ -93.4659, 31.5802 ], [ -93.4582, 31.5839 ], [ -93.4216, 31.5672 ], [ -93.4019, 31.5828 ], [ -93.3807, 31.5493 ], [ -93.3635, 31.5494 ], [ -93.3697, 31.5303 ], [ -93.4007, 31.5331 ], [ -93.3947, 31.5192 ], [ -93.4057, 31.5151 ], [ -93.4104, 31.5018 ], [ -93.4447, 31.502 ], [ -93.4651, 31.5151 ], [ -93.4689, 31.5318 ], [ -93.4624, 31.546 ], [ -93.476, 31.5574 ], [ -93.4999, 31.5617 ], [ -93.4912, 31.5659 ], [ -93.5124, 31.5674 ], [ -93.474, 31.5939 ] ] ] } },
{ "type": "Feature", "properties": { "GEOIDFQ": "1400000US22085000400", "NAME": "4", "NAMELSAD": "Census Tract 4" }, "geometry": { "type": "Polygon", "coordinates": [ [ [ -93.6512, 31.6112 ], [ -93.6499, 31.6242 ], [ -93.6346, 31.621 ], [ -93.6214, 31.6354 ], [ -93.6099, 31.6694 ], [ -93.5692, 31.6701 ], [ -93.5412, 31.6801 ], [ -93.547, 31.6839 ], [ -93.5365, 31.6871 ], [ -93.526, 31.7012 ], [ -93.5299, 31.7161 ], [ -93.5196, 31.7435 ], [ -93.4832, 31.7522 ], [ -93.4727, 31.7481 ], [ -93.4623, 31.7636 ], [ -93.4411, 31.7616 ], [ -93.4417, 31.7145 ], [ -93.3384, 31.7142 ], [ -93.3376, 31.5383 ], [ -93.313, 31.5252 ], [ -93.3487, 31.5155 ], [ -93.3645, 31.534 ], [ -93.3635, 31.5499 ], [ -93.3807, 31.5493 ], [ -93.4003, 31.5819 ], [ -93.4127, 31.5792 ], [ -93.4216, 31.5672 ], [ -93.4582, 31.5839 ], [ -93.4659, 31.5802 ], [ -93.474, 31.5939 ], [ -93.5124, 31.5674 ], [ -93.4912, 31.5659 ], [ -93.4999, 31.5617 ], [ -93.476, 31.5574 ], [ -93.4614, 31.5447 ], [ -93.4689, 31.5318 ], [ -93.4664, 31.4938 ], [ -93.4894, 31.4966 ], [ -93.5067, 31.4888 ], [ -93.5205, 31.5087 ], [ -93.5385, 31.5098 ], [ -93.5475, 31.5166 ], [ -93.5419, 31.5393 ], [ -93.5642, 31.5404 ], [ -93.6406, 31.5232 ], [ -93.6516, 31.515 ], [ -93.654, 31.5662 ], [ -93.6667, 31.5887 ], [ -93.6512, 31.6112 ] ] ] } },
{ "type": "Feature", "properties": { "GEOIDFQ": "1400000US22085000600", "NAME": "6", "NAMELSAD": "Census Tract 6" }, "geometry": { "type": "Polygon", "coordinates": [ [ [ -93.649, 31.5181 ], [ -93.6472, 31.5199 ], [ -93.6406, 31.5232 ], [ -93.5642, 31.5404 ], [ -93.5419, 31.5393 ], [ -93.5475, 31.5166 ], [ -93.5385, 31.5098 ], [ -93.5205, 31.5087 ], [ -93.5067, 31.4888 ], [ -93.4894, 31.4966 ], [ -93.4664, 31.4938 ], [ -93.4645, 31.5154 ], [ -93.4447, 31.502 ], [ -93.4105, 31.5018 ], [ -93.4057, 31.5151 ], [ -93.3947, 31.5192 ], [ -93.4007, 31.5331 ], [ -93.3769, 31.528 ], [ -93.3684, 31.531 ], [ -93.3657, 31.5404 ], [ -93.3519, 31.5174 ], [ -93.3414, 31.5144 ], [ -93.313, 31.5252 ], [ -93.3208, 31.525 ], [ -93.3324, 31.5382 ], [ -93.2368, 31.5379 ], [ -93.2366, 31.3645 ], [ -93.3905, 31.3641 ], [ -93.4426, 31.2767 ], [ -93.4585, 31.2768 ], [ -93.4649, 31.3003 ], [ -93.4735, 31.3038 ], [ -93.4731, 31.3252 ], [ -93.498, 31.3394 ], [ -93.5129, 31.3695 ], [ -93.5266, 31.3654 ], [ -93.5229, 31.3511 ], [ -93.5318, 31.3461 ], [ -93.5567, 31.3883 ], [ -93.5594, 31.4059 ], [ -93.5785, 31.411 ], [ -93.5817, 31.4179 ], [ -93.603, 31.4104 ], [ -93.6222, 31.4163 ], [ -93.6126, 31.4168 ], [ -93.6206, 31.4175 ], [ -93.6222, 31.4218 ], [ -93.6051, 31.4251 ], [ -93.6128, 31.4276 ], [ -93.6095, 31.4347 ], [ -93.5944, 31.4259 ], [ -93.5964, 31.4374 ], [ -93.5841, 31.4406 ], [ -93.5895, 31.4427 ], [ -93.5848, 31.449 ], [ -93.5919, 31.448 ], [ -93.588, 31.453 ], [ -93.5894, 31.4535 ], [ -93.6026, 31.4383 ], [ -93.6069, 31.444 ], [ -93.6094, 31.452 ], [ -93.5956, 31.4664 ], [ -93.6022, 31.4823 ], [ -93.6186, 31.4863 ], [ -93.624, 31.498 ], [ -93.6158, 31.5011 ], [ -93.6242, 31.523 ], [ -93.6419, 31.5073 ], [ -93.6427, 31.5211 ], [ -93.6516, 31.515 ], [ -93.649, 31.5181 ] ] ] } },
{ "type": "Feature", "properties": { "GEOIDFQ": "1400000US22085000300", "NAME": "3", "NAMELSAD": "Census Tract 3" }, "geometry": { "type": "Polygon", "coordinates": [ [ [ -93.6948, 31.6688 ], [ -93.6749, 31.6406 ], [ -93.6596, 31.6575 ], [ -93.6419, 31.6455 ], [ -93.6262, 31.674 ], [ -93.6104, 31.6817 ], [ -93.6019, 31.6778 ], [ -93.6202, 31.6524 ], [ -93.6198, 31.638 ], [ -93.6346, 31.621 ], [ -93.6488, 31.6206 ], [ -93.6556, 31.629 ], [ -93.6813, 31.6348 ], [ -93.697, 31.6197 ], [ -93.707, 31.624 ], [ -93.702, 31.6292 ], [ -93.7165, 31.6423 ], [ -93.6948, 31.6688 ] ] ] } },
{ "type": "Feature", "properties": { "GEOIDFQ": "1400000US22101040900", "NAME": "409", "NAMELSAD": "Census Tract 409" }, "geometry": { "type": "Polygon", "coordinates": [ [ [ -91.6174, 29.7499 ], [ -91.5917, 29.7715 ], [ -91.5357, 29.7549 ], [ -91.5288, 29.787 ], [ -91.5026, 29.7727 ], [ -91.4959, 29.7783 ], [ -91.4848, 29.7706 ], [ -91.3987, 29.756 ], [ -91.3799, 29.7069 ], [ -91.3718, 29.7032 ], [ -91.4179, 29.5829 ], [ -91.4281, 29.5218 ], [ -91.4022, 29.5119 ], [ -91.3566, 29.5152 ], [ -91.3459, 29.5045 ], [ -91.3519, 29.4963 ], [ -91.32, 29.4892 ], [ -91.3349, 29.485 ], [ -91.3182, 29.4861 ], [ -91.2954, 29.477 ], [ -91.2737, 29.4794 ], [ -91.2607, 29.4639 ], [ -91.2593, 29.4447 ], [ -91.2212, 29.4364 ], [ -91.2122, 29.4234 ], [ -91.2354, 29.3741 ], [ -91.2682, 29.3596 ], [ -91.2766, 29.3298 ], [ -91.2909, 29.3208 ], [ -91.2912, 29.3119 ], [ -91.3156, 29.3058 ], [ -91.3407, 29.3106 ], [ -91.3497, 29.3216 ], [ -91.3405, 29.3297 ], [ -91.345, 29.3326 ], [ -91.3531, 29.3314 ], [ -91.3537, 29.3167 ], [ -91.3605, 29.3188 ], [ -91.3749, 29.3283 ], [ -91.3751, 29.3405 ], [ -91.5047, 29.3893 ], [ -91.5353, 29.4083 ], [ -91.5664, 29.4819 ], [ -91.5913, 29.5002 ], [ -91.5913, 29.5077 ], [ -91.6858, 29.6171 ], [ -91.6174, 29.7499 ] ] ] } },
{ "type": "Feature", "properties": { "GEOIDFQ": "1400000US22101990000", "NAME": "9900", "NAMELSAD": "Census Tract 9900" }, "geometry": { "type": "Polygon", "coordinates": [ [ [ -91.5876, 29.5002 ], [ -91.5664, 29.4819 ], [ -91.5353, 29.4083 ], [ -91.5047, 29.3893 ], [ -91.3751, 29.3405 ], [ -91.3709, 29.3237 ], [ -91.3537, 29.3167 ], [ -91.3543, 29.2396 ], [ -91.3916, 29.2819 ], [ -91.4211, 29.3028 ], [ -91.5297, 29.3445 ], [ -91.5683, 29.3481 ], [ -91.5919, 29.3594 ], [ -91.5876, 29.5002 ] ] ] } },
{ "type": "Feature", "properties": { "GEOIDFQ": "1400000US22033004504", "NAME": "45.04", "NAMELSAD": "Census Tract 45.04" }, "geometry": { "type": "Polygon", "coordinates": [ [ [ -90.9961, 30.4668 ], [ -90.9811, 30.4524 ], [ -91.0243, 30.4381 ], [ -91.0246, 30.4516 ], [ -90.9961, 30.4668 ] ] ] } },
{ "type": "Feature", "properties": { "GEOIDFQ": "1400000US22051025201", "NAME": "252.01", "NAMELSAD": "Census Tract 252.01" }, "geometry": { "type": "Polygon", "coordinates": [ [ [ -90.0421, 29.9224 ], [ -90.0419, 29.929 ], [ -90.03, 29.9071 ], [ -90.0429, 29.9118 ], [ -90.0421, 29.9224 ] ] ] } },
{ "type": "Feature", "properties": { "GEOIDFQ": "1400000US22051025202", "NAME": "252.02", "NAMELSAD": "Census Tract 252.02" }, "geometry": { "type": "Polygon", "coordinates": [ [ [ -90.043, 29.9108 ], [ -90.0312, 29.9079 ], [ -90.031, 29.8917 ], [ -90.0436, 29.9003 ], [ -90.043, 29.9108 ] ] ] } },
{ "type": "Feature", "properties": { "GEOIDFQ": "1400000US22051025300", "NAME": "253", "NAMELSAD": "Census Tract 253" }, "geometry": { "type": "Polygon", "coordinates": [ [ [ -90.0421, 29.9228 ], [ -90.0437, 29.8983 ], [ -90.0504, 29.9038 ], [ -90.0513, 29.913 ], [ -90.0421, 29.9228 ] ] ] } },
{ "type": "Feature", "properties": { "GEOIDFQ": "1400000US22051025400", "NAME": "254", "NAMELSAD": "Census Tract 254" }, "geometry": { "type": "Polygon", "coordinates": [ [ [ -90.0513, 29.913 ], [ -90.0437, 29.8983 ], [ -90.0435, 29.8765 ], [ -90.0578, 29.9091 ], [ -90.0513, 29.913 ] ] ] } },
{ "type": "Feature", "properties": { "GEOIDFQ": "1400000US22051025600", "NAME": "256", "NAMELSAD": "Census Tract 256" }, "geometry": { "type": "Polygon", "coordinates": [ [ [ -90.0634, 29.9106 ], [ -90.0524, 29.9219 ], [ -90.0474, 29.9154 ], [ -90.0628, 29.9062 ], [ -90.0677, 29.9137 ], [ -90.0634, 29.9106 ] ] ] } },
{ "type": "Feature", "properties": { "GEOIDFQ": "1400000US22051025700", "NAME": "257", "NAMELSAD": "Census Tract 257" }, "geometry": { "type": "Polygon", "coordinates": [ [ [ -90.0478, 29.9274 ], [ -90.0451, 29.9322 ], [ -90.0474, 29.9154 ], [ -90.0525, 29.923 ], [ -90.0478, 29.9274 ] ] ] } },
{ "type": "Feature", "properties": { "GEOIDFQ": "1400000US22051025900", "NAME": "259", "NAMELSAD": "Census Tract 259" }, "geometry": { "type": "Polygon", "coordinates": [ [ [ -90.0592, 29.9304 ], [ -90.0524, 29.9219 ], [ -90.0644, 29.9101 ], [ -90.0717, 29.9193 ], [ -90.0592, 29.9304 ] ] ] } },
{ "type": "Feature", "properties": { "GEOIDFQ": "1400000US22051026000", "NAME": "260", "NAMELSAD": "Census Tract 260" }, "geometry": { "type": "Polygon", "coordinates": [ [ [ -90.0717, 29.9193 ], [ -90.0628, 29.9062 ], [ -90.0795, 29.8985 ], [ -90.0856, 29.9144 ], [ -90.0717, 29.9193 ] ] ] } },
{ "type": "Feature", "properties": { "GEOIDFQ": "1400000US22051026100", "NAME": "261", "NAMELSAD": "Census Tract 261" }, "geometry": { "type": "Polygon", "coordinates": [ [ [ -90.0623, 29.9065 ], [ -90.0543, 29.8936 ], [ -90.0671, 29.8868 ], [ -90.0736, 29.8999 ], [ -90.0623, 29.9065 ] ] ] } },
{ "type": "Feature", "properties": { "GEOIDFQ": "1400000US22051026200", "NAME": "262", "NAMELSAD": "Census Tract 262" }, "geometry": { "type": "Polygon", "coordinates": [ [ [ -90.0736, 29.8999 ], [ -90.0639, 29.8727 ], [ -90.07, 29.8711 ], [ -90.0795, 29.8985 ], [ -90.0736, 29.8999 ] ] ] } },
{ "type": "Feature", "properties": { "GEOIDFQ": "1400000US22033003400", "NAME": "34", "NAMELSAD": "Census Tract 34" }, "geometry": { "type": "Polygon", "coordinates": [ [ [ -91.1446, 30.5239 ], [ -91.1272, 30.5265 ], [ -91.1218, 30.519 ], [ -91.1253, 30.5025 ], [ -91.1497, 30.5094 ], [ -91.1446, 30.5239 ] ] ] } },
{ "type": "Feature", "properties": { "GEOIDFQ": "1400000US22051026300", "NAME": "263", "NAMELSAD": "Census Tract 263" }, "geometry": { "type": "Polygon", "coordinates": [ [ [ -90.0856, 29.9144 ], [ -90.0742, 29.8839 ], [ -90.0831, 29.8818 ], [ -90.0925, 29.9057 ], [ -90.0856, 29.9144 ] ] ] } },
{ "type": "Feature", "properties": { "GEOIDFQ": "1400000US22093040600", "NAME": "406", "NAMELSAD": "Census Tract 406" }, "geometry": { "type": "Polygon", "coordinates": [ [ [ -90.7632, 30.0147 ], [ -90.7243, 30.014 ], [ -90.6888, 30.036 ], [ -90.6716, 29.9928 ], [ -90.7121, 29.9702 ], [ -90.7712, 29.961 ], [ -90.7862, 30.0071 ], [ -90.7632, 30.0147 ] ] ] } },
{ "type": "Feature", "properties": { "GEOIDFQ": "1400000US22093040300", "NAME": "403", "NAMELSAD": "Census Tract 403" }, "geometry": { "type": "Polygon", "coordinates": [ [ [ -90.7423, 30.1038 ], [ -90.7113, 30.0809 ], [ -90.7163, 30.0545 ], [ -90.6976, 30.0302 ], [ -90.7243, 30.014 ], [ -90.7305, 30.0128 ], [ -90.7346, 30.0227 ], [ -90.7464, 30.0217 ], [ -90.7519, 30.0404 ], [ -90.7594, 30.0413 ], [ -90.7594, 30.0672 ], [ -90.751, 30.0789 ], [ -90.762, 30.0957 ], [ -90.7423, 30.1038 ] ] ] } },
{ "type": "Feature", "properties": { "GEOIDFQ": "1400000US22093040100", "NAME": "401", "NAMELSAD": "Census Tract 401" }, "geometry": { "type": "Polygon", "coordinates": [ [ [ -90.7238, 30.1058 ], [ -90.7214, 30.1247 ], [ -90.7081, 30.1319 ], [ -90.7079, 30.1537 ], [ -90.6421, 30.1664 ], [ -90.6537, 30.0964 ], [ -90.6709, 30.0941 ], [ -90.6612, 30.0508 ], [ -90.6873, 30.0372 ], [ -90.7113, 30.0809 ], [ -90.7352, 30.1002 ], [ -90.7238, 30.1058 ] ] ] } },
{ "type": "Feature", "properties": { "GEOIDFQ": "1400000US22071006900", "NAME": "69", "NAMELSAD": "Census Tract 69" }, "geometry": { "type": "Polygon", "coordinates": [ [ [ -90.0941, 29.9578 ], [ -90.0852, 29.9504 ], [ -90.0884, 29.9462 ], [ -90.0982, 29.9518 ], [ -90.0941, 29.9578 ] ] ] } },
{ "type": "Feature", "properties": { "GEOIDFQ": "1400000US22071007000", "NAME": "70", "NAMELSAD": "Census Tract 70" }, "geometry": { "type": "Polygon", "coordinates": [ [ [ -90.0941, 29.9578 ], [ -90.0983, 29.9517 ], [ -90.1022, 29.954 ], [ -90.1099, 29.9657 ], [ -90.0941, 29.9578 ] ] ] } },
{ "type": "Feature", "properties": { "GEOIDFQ": "1400000US22093040500", "NAME": "405", "NAMELSAD": "Census Tract 405" }, "geometry": { "type": "Polygon", "coordinates": [ [ [ -90.9147, 30.1088 ], [ -90.8967, 30.0659 ], [ -90.858, 30.0628 ], [ -90.8428, 30.0528 ], [ -90.8246, 29.9849 ], [ -90.8145, 29.9823 ], [ -90.7875, 30.0059 ], [ -90.7662, 29.9424 ], [ -90.7357, 29.9236 ], [ -90.7286, 29.9062 ], [ -90.7411, 29.9049 ], [ -90.7787, 29.922 ], [ -90.7858, 29.9217 ], [ -90.7854, 29.9076 ], [ -90.8857, 29.9053 ], [ -90.8863, 29.9356 ], [ -90.9118, 29.9351 ], [ -90.9118, 29.9785 ], [ -90.9463, 29.9779 ], [ -90.9464, 30.036 ], [ -90.9634, 30.0358 ], [ -90.9637, 30.0668 ], [ -90.9147, 30.1088 ] ] ] } },
{ "type": "Feature", "properties": { "GEOIDFQ": "1400000US22093040700", "NAME": "407", "NAMELSAD": "Census Tract 407" }, "geometry": { "type": "Polygon", "coordinates": [ [ [ -90.714, 29.9697 ], [ -90.6757, 29.9871 ], [ -90.6756, 29.9807 ], [ -90.6671, 29.981 ], [ -90.6749, 29.9516 ], [ -90.6665, 29.9518 ], [ -90.6656, 29.9077 ], [ -90.6563, 29.8892 ], [ -90.6806, 29.8925 ], [ -90.6901, 29.9049 ], [ -90.7176, 29.8967 ], [ -90.7357, 29.9236 ], [ -90.7662, 29.9424 ], [ -90.7712, 29.961 ], [ -90.714, 29.9697 ] ] ] } },
{ "type": "Feature", "properties": { "GEOIDFQ": "1400000US22093040400", "NAME": "404", "NAMELSAD": "Census Tract 404" }, "geometry": { "type": "Polygon", "coordinates": [ [ [ -90.7079, 30.1537 ], [ -90.7081, 30.1319 ], [ -90.7222, 30.1234 ], [ -90.7261, 30.1026 ], [ -90.7464, 30.1037 ], [ -90.7621, 30.0957 ], [ -90.751, 30.0789 ], [ -90.7594, 30.0672 ], [ -90.7594, 30.0413 ], [ -90.7519, 30.0404 ], [ -90.7464, 30.0217 ], [ -90.7346, 30.0227 ], [ -90.7305, 30.0128 ], [ -90.7819, 30.01 ], [ -90.82, 29.9814 ], [ -90.8319, 30.0002 ], [ -90.8428, 30.0528 ], [ -90.858, 30.0628 ], [ -90.8967, 30.0659 ], [ -90.9082, 30.0824 ], [ -90.9156, 30.1133 ], [ -90.7079, 30.1537 ] ] ] } },
{ "type": "Feature", "properties": { "GEOIDFQ": "1400000US22093040200", "NAME": "402", "NAMELSAD": "Census Tract 402" }, "geometry": { "type": "Polygon", "coordinates": [ [ [ -90.7123, 30.0757 ], [ -90.6873, 30.0372 ], [ -90.6976, 30.0302 ], [ -90.7163, 30.0545 ], [ -90.7114, 30.0569 ], [ -90.7167, 30.0652 ], [ -90.7123, 30.0757 ] ] ] } },
{ "type": "Feature", "properties": { "GEOIDFQ": "1400000US22123000200", "NAME": "2", "NAMELSAD": "Census Tract 2" }, "geometry": { "type": "Polygon", "coordinates": [ [ [ -91.5898, 32.7968 ], [ -91.591, 32.8079 ], [ -91.5736, 32.8254 ], [ -91.5737, 32.8413 ], [ -91.562, 32.8467 ], [ -91.5599, 32.8571 ], [ -91.3404, 32.8599 ], [ -91.3477, 32.8246 ], [ -91.3398, 32.8217 ], [ -91.3431, 32.7505 ], [ -91.3642, 32.7291 ], [ -91.4024, 32.7287 ], [ -91.4023, 32.7401 ], [ -91.4324, 32.7395 ], [ -91.441, 32.7546 ], [ -91.5961, 32.7548 ], [ -91.5968, 32.7754 ], [ -91.6053, 32.7829 ], [ -91.5898, 32.7968 ] ] ] } },
{ "type": "Feature", "properties": { "GEOIDFQ": "1400000US22123000100", "NAME": "1", "NAMELSAD": "Census Tract 1" }, "geometry": { "type": "Polygon", "coordinates": [ [ [ -91.567, 32.855 ], [ -91.5456, 32.8743 ], [ -91.5184, 32.8767 ], [ -91.4947, 32.8908 ], [ -91.4975, 32.9061 ], [ -91.4759, 32.9266 ], [ -91.4782, 32.9398 ], [ -91.4385, 32.9788 ], [ -91.439, 32.9855 ], [ -91.4486, 32.9825 ], [ -91.4497, 32.9891 ], [ -91.4389, 32.991 ], [ -91.4358, 33.0061 ], [ -91.2618, 33.0022 ], [ -91.2624, 32.9922 ], [ -91.2739, 32.9878 ], [ -91.2676, 32.9754 ], [ -91.2782, 32.9733 ], [ -91.2768, 32.9542 ], [ -91.299, 32.9486 ], [ -91.3093, 32.9356 ], [ -91.302, 32.9267 ], [ -91.3125, 32.9128 ], [ -91.3076, 32.8804 ], [ -91.3204, 32.8639 ], [ -91.3284, 32.8726 ], [ -91.3404, 32.8599 ], [ -91.5596, 32.8572 ], [ -91.562, 32.8467 ], [ -91.5725, 32.8429 ], [ -91.567, 32.855 ] ] ] } },
{ "type": "Feature", "properties": { "GEOIDFQ": "1400000US22123000300", "NAME": "3", "NAMELSAD": "Census Tract 3" }, "geometry": { "type": "Polygon", "coordinates": [ [ [ -91.6292, 32.7188 ], [ -91.6177, 32.7208 ], [ -91.6117, 32.738 ], [ -91.5956, 32.7549 ], [ -91.441, 32.7546 ], [ -91.4324, 32.7395 ], [ -91.4023, 32.7401 ], [ -91.4024, 32.7287 ], [ -91.3642, 32.7291 ], [ -91.3741, 32.7184 ], [ -91.3757, 32.6886 ], [ -91.3971, 32.6936 ], [ -91.3973, 32.6831 ], [ -91.4035, 32.6814 ], [ -91.3941, 32.6454 ], [ -91.403, 32.6404 ], [ -91.4059, 32.6223 ], [ -91.3951, 32.6118 ], [ -91.4266, 32.5999 ], [ -91.4453, 32.582 ], [ -91.5962, 32.5821 ], [ -91.5969, 32.6671 ], [ -91.6376, 32.6673 ], [ -91.6205, 32.688 ], [ -91.6389, 32.7025 ], [ -91.6292, 32.7188 ] ] ] } },
{ "type": "Feature", "properties": { "GEOIDFQ": "1400000US22079011600", "NAME": "116", "NAMELSAD": "Census Tract 116" }, "geometry": { "type": "Polygon", "coordinates": [ [ [ -92.4257, 31.3502 ], [ -92.4159, 31.3594 ], [ -92.4116, 31.3509 ], [ -92.4215, 31.3249 ], [ -92.4299, 31.327 ], [ -92.4363, 31.3386 ], [ -92.4257, 31.3502 ] ] ] } },
{ "type": "Feature", "properties": { "GEOIDFQ": "1400000US22055001903", "NAME": "19.03", "NAMELSAD": "Census Tract 19.03" }, "geometry": { "type": "Polygon", "coordinates": [ [ [ -92.1419, 30.2118 ], [ -92.0922, 30.2106 ], [ -92.0919, 30.1812 ], [ -92.1419, 30.1811 ], [ -92.1419, 30.2118 ] ] ] } },
{ "type": "Feature", "properties": { "GEOIDFQ": "1400000US22071000702", "NAME": "7.02", "NAMELSAD": "Census Tract 7.02" }, "geometry": { "type": "Polygon", "coordinates": [ [ [ -90.0274, 29.9639 ], [ -90.024, 29.9576 ], [ -90.0064, 29.9583 ], [ -90.0121, 29.946 ], [ -90.0286, 29.9599 ], [ -90.0274, 29.9639 ] ] ] } },
{ "type": "Feature", "properties": { "GEOIDFQ": "1400000US22071000901", "NAME": "9.01", "NAMELSAD": "Census Tract 9.01" }, "geometry": { "type": "Polygon", "coordinates": [ [ [ -90.0037, 29.9755 ], [ -89.9987, 29.9737 ], [ -90.0064, 29.9583 ], [ -90.0108, 29.9608 ], [ -90.0037, 29.9755 ] ] ] } },
{ "type": "Feature", "properties": { "GEOIDFQ": "1400000US22071000902", "NAME": "9.02", "NAMELSAD": "Census Tract 9.02" }, "geometry": { "type": "Polygon", "coordinates": [ [ [ -90.0159, 29.9788 ], [ -90.0037, 29.9755 ], [ -90.0065, 29.9696 ], [ -90.0176, 29.9737 ], [ -90.0159, 29.9788 ] ] ] } },
{ "type": "Feature", "properties": { "GEOIDFQ": "1400000US22071000903", "NAME": "9.03", "NAMELSAD": "Census Tract 9.03" }, "geometry": { "type": "Polygon", "coordinates": [ [ [ -90.018, 29.9726 ], [ -90.0065, 29.9696 ], [ -90.0089, 29.9646 ], [ -90.0197, 29.9675 ], [ -90.018, 29.9726 ] ] ] } },
{ "type": "Feature", "properties": { "GEOIDFQ": "1400000US22045030301", "NAME": "303.01", "NAMELSAD": "Census Tract 303.01" }, "geometry": { "type": "Polygon", "coordinates": [ [ [ -91.9069, 30.0726 ], [ -91.8958, 30.0572 ], [ -91.8756, 30.0678 ], [ -91.8156, 30.0471 ], [ -91.8139, 30.0417 ], [ -91.8238, 30.0291 ], [ -91.8509, 30.0331 ], [ -91.8894, 30.0071 ], [ -91.9138, 30.0222 ], [ -91.9393, 30.0727 ], [ -91.9069, 30.0726 ] ] ] } },
{ "type": "Feature", "properties": { "GEOIDFQ": "1400000US22045990000", "NAME": "9900", "NAMELSAD": "Census Tract 9900" }, "geometry": { "type": "Polygon", "coordinates": [ [ [ -92.0429, 29.5769 ], [ -92.0221, 29.5576 ], [ -91.99, 29.51 ], [ -91.9258, 29.4841 ], [ -91.8947, 29.4399 ], [ -91.8751, 29.4286 ], [ -91.8589, 29.4021 ], [ -91.8488, 29.3989 ], [ -91.8162, 29.4216 ], [ -91.8021, 29.4713 ], [ -91.7501, 29.4834 ], [ -91.7501, 29.4909 ], [ -91.6665, 29.5002 ], [ -91.5913, 29.5002 ], [ -91.5919, 29.3594 ], [ -91.6193, 29.362 ], [ -91.644, 29.3756 ], [ -91.6625, 29.3746 ], [ -91.6889, 29.3616 ], [ -91.7122, 29.3606 ], [ -91.7775, 29.3961 ], [ -91.8328, 29.3626 ], [ -91.875, 29.362 ], [ -91.9063, 29.3874 ], [ -91.9132, 29.4202 ], [ -91.9648, 29.4394 ], [ -91.9839, 29.4607 ], [ -92.0228, 29.4706 ], [ -92.0365, 29.4833 ], [ -92.0456, 29.5058 ], [ -92.0429, 29.5769 ] ] ] } },
{ "type": "Feature", "properties": { "GEOIDFQ": "1400000US22063040700", "NAME": "407", "NAMELSAD": "Census Tract 407" }, "geometry": { "type": "Polygon", "coordinates": [ [ [ -90.9763, 30.4675 ], [ -90.9733, 30.4917 ], [ -90.9564, 30.5072 ], [ -90.9565, 30.4548 ], [ -90.9857, 30.4476 ], [ -90.9812, 30.4528 ], [ -90.9915, 30.4618 ], [ -90.9763, 30.4675 ] ] ] } },
{ "type": "Feature", "properties": { "GEOIDFQ": "1400000US22045030900", "NAME": "309", "NAMELSAD": "Census Tract 309" }, "geometry": { "type": "Polygon", "coordinates": [ [ [ -91.8323, 30.0058 ], [ -91.8274, 29.9993 ], [ -91.8359, 29.993 ], [ -91.845, 30.0074 ], [ -91.8323, 30.0058 ] ] ] } },
{ "type": "Feature", "properties": { "GEOIDFQ": "1400000US22063040202", "NAME": "402.02", "NAMELSAD": "Census Tract 402.02" }, "geometry": { "type": "Polygon", "coordinates": [ [ [ -90.6346, 30.6499 ], [ -90.6291, 30.6395 ], [ -90.6261, 30.6184 ], [ -90.6436, 30.6006 ], [ -90.6465, 30.5778 ], [ -90.6931, 30.5296 ], [ -90.6744, 30.5003 ], [ -90.6803, 30.4645 ], [ -90.6724, 30.4571 ], [ -90.6822, 30.4502 ], [ -90.6777, 30.4352 ], [ -90.7149, 30.4304 ], [ -90.7358, 30.4046 ], [ -90.758, 30.5758 ], [ -90.7689, 30.5841 ], [ -90.7712, 30.5962 ], [ -90.7836, 30.597 ], [ -90.8486, 30.6281 ], [ -90.8526, 30.6496 ], [ -90.6346, 30.6499 ] ] ] } },
{ "type": "Feature", "properties": { "GEOIDFQ": "1400000US22071001736", "NAME": "17.36", "NAMELSAD": "Census Tract 17.36" }, "geometry": { "type": "Polygon", "coordinates": [ [ [ -89.9763, 30.0371 ], [ -89.969, 30.0269 ], [ -89.989, 30.0242 ], [ -89.9938, 30.03 ], [ -89.9763, 30.0371 ] ] ] } },
{ "type": "Feature", "properties": { "GEOIDFQ": "1400000US22071001739", "NAME": "17.39", "NAMELSAD": "Census Tract 17.39" }, "geometry": { "type": "Polygon", "coordinates": [ [ [ -89.969, 30.0492 ], [ -89.9658, 30.0451 ], [ -89.9763, 30.0371 ], [ -89.9803, 30.0432 ], [ -89.969, 30.0492 ] ] ] } },
{ "type": "Feature", "properties": { "GEOIDFQ": "1400000US22071001740", "NAME": "17.40", "NAMELSAD": "Census Tract 17.40" }, "geometry": { "type": "Polygon", "coordinates": [ [ [ -89.9417, 30.0678 ], [ -89.9403, 30.0683 ], [ -89.9395, 30.06 ], [ -89.9658, 30.0434 ], [ -89.969, 30.0492 ], [ -89.9417, 30.0678 ] ] ] } },
{ "type": "Feature", "properties": { "GEOIDFQ": "1400000US22071001741", "NAME": "17.41", "NAMELSAD": "Census Tract 17.41" }, "geometry": { "type": "Polygon", "coordinates": [ [ [ -89.9388, 30.0467 ], [ -89.9305, 30.0456 ], [ -89.9278, 30.0311 ], [ -89.9396, 30.0282 ], [ -89.9388, 30.0467 ] ] ] } },
{ "type": "Feature", "properties": { "GEOIDFQ": "1400000US22071002000", "NAME": "20", "NAMELSAD": "Census Tract 20" }, "geometry": { "type": "Polygon", "coordinates": [ [ [ -90.0477, 29.9783 ], [ -90.0475, 29.9782 ], [ -90.057, 29.9736 ], [ -90.0477, 29.9783 ] ] ] } },
{ "type": "Feature", "properties": { "GEOIDFQ": "1400000US22071002200", "NAME": "22", "NAMELSAD": "Census Tract 22" }, "geometry": { "type": "Polygon", "coordinates": [ [ [ -90.0456, 29.9845 ], [ -90.0475, 29.9782 ], [ -90.0517, 29.978 ], [ -90.0522, 29.9841 ], [ -90.0456, 29.9845 ] ] ] } },
{ "type": "Feature", "properties": { "GEOIDFQ": "1400000US22001961000", "NAME": "9610", "NAMELSAD": "Census Tract 9610" }, "geometry": { "type": "Polygon", "coordinates": [ [ [ -92.3741, 30.2142 ], [ -92.3708, 30.2091 ], [ -92.3462, 30.2137 ], [ -92.3457, 30.1978 ], [ -92.3628, 30.1972 ], [ -92.3627, 30.1823 ], [ -92.4217, 30.1838 ], [ -92.3741, 30.2142 ] ] ] } },
{ "type": "Feature", "properties": { "GEOIDFQ": "1400000US22051027701", "NAME": "277.01", "NAMELSAD": "Census Tract 277.01" }, "geometry": { "type": "Polygon", "coordinates": [ [ [ -90.1589, 29.8676 ], [ -90.1575, 29.8904 ], [ -90.1257, 29.8854 ], [ -90.1123, 29.8751 ], [ -90.1172, 29.856 ], [ -90.1601, 29.8412 ], [ -90.1678, 29.8405 ], [ -90.1742, 29.8483 ], [ -90.1589, 29.8676 ] ] ] } },
{ "type": "Feature", "properties": { "GEOIDFQ": "1400000US22069000902", "NAME": "9.02", "NAMELSAD": "Census Tract 9.02" }, "geometry": { "type": "Polygon", "coordinates": [ [ [ -93.233, 31.4652 ], [ -93.2195, 31.4525 ], [ -93.2057, 31.4609 ], [ -93.1561, 31.4501 ], [ -93.1536, 31.4438 ], [ -93.1395, 31.4466 ], [ -93.127, 31.4668 ], [ -93.139, 31.4846 ], [ -93.0845, 31.4901 ], [ -93.0565, 31.5095 ], [ -93.0637, 31.5187 ], [ -93.0793, 31.5185 ], [ -93.084, 31.5257 ], [ -93.0734, 31.5433 ], [ -93.0566, 31.5478 ], [ -93.0562, 31.5598 ], [ -93.065, 31.5663 ], [ -93.0616, 31.5816 ], [ -93.0477, 31.5841 ], [ -93.038, 31.5972 ], [ -93.0107, 31.5717 ], [ -92.998, 31.571 ], [ -92.987, 31.5813 ], [ -93.0054, 31.5952 ], [ -93.0136, 31.6151 ], [ -92.9977, 31.6184 ], [ -92.994, 31.6249 ], [ -93.0072, 31.6404 ], [ -93.0192, 31.6444 ], [ -93.0023, 31.6637 ], [ -93.0002, 31.6555 ], [ -92.9746, 31.6552 ], [ -92.9551, 31.6457 ], [ -92.9339, 31.6563 ], [ -92.9024, 31.6568 ], [ -92.91, 31.6331 ], [ -92.9063, 31.6236 ], [ -92.8691, 31.6172 ], [ -92.8409, 31.6012 ], [ -92.8014, 31.597 ], [ -92.7874, 31.5787 ], [ -92.7562, 31.5579 ], [ -92.7613, 31.5474 ], [ -92.7162, 31.5231 ], [ -92.7616, 31.4862 ], [ -92.7617, 31.4764 ], [ -92.7791, 31.4765 ], [ -92.7792, 31.4694 ], [ -92.7959, 31.4621 ], [ -92.7958, 31.4553 ], [ -92.8134, 31.4548 ], [ -92.8131, 31.4409 ], [ -92.8468, 31.4335 ], [ -92.847, 31.4188 ], [ -92.8717, 31.4188 ], [ -92.8715, 31.4041 ], [ -92.8885, 31.404 ], [ -92.8884, 31.3896 ], [ -92.9135, 31.3897 ], [ -92.9133, 31.3682 ], [ -92.9473, 31.3677 ], [ -92.9472, 31.3468 ], [ -92.9813, 31.3467 ], [ -92.992, 31.3605 ], [ -93.0322, 31.3637 ], [ -93.2366, 31.3645 ], [ -93.233, 31.4652 ] ] ] } },
{ "type": "Feature", "properties": { "GEOIDFQ": "1400000US22069000901", "NAME": "9.01", "NAMELSAD": "Census Tract 9.01" }, "geometry": { "type": "Polygon", "coordinates": [ [ [ -93.0554, 31.6694 ], [ -93.0635, 31.6733 ], [ -93.0545, 31.6826 ], [ -93.0601, 31.6903 ], [ -93.0491, 31.6937 ], [ -93.068, 31.719 ], [ -93.0188, 31.7405 ], [ -92.9815, 31.7446 ], [ -92.9686, 31.731 ], [ -92.9752, 31.7106 ], [ -92.9599, 31.7013 ], [ -92.9642, 31.6802 ], [ -92.9277, 31.6774 ], [ -92.9233, 31.6647 ], [ -92.9024, 31.657 ], [ -92.9339, 31.6563 ], [ -92.9551, 31.6457 ], [ -92.9746, 31.6552 ], [ -93.0002, 31.6555 ], [ -93.0023, 31.6637 ], [ -93.0123, 31.6574 ], [ -93.0192, 31.6444 ], [ -93.0063, 31.6397 ], [ -92.9938, 31.6238 ], [ -93.0136, 31.6151 ], [ -93.0054, 31.5952 ], [ -92.987, 31.5813 ], [ -92.9994, 31.5707 ], [ -93.0133, 31.5729 ], [ -93.0496, 31.6093 ], [ -93.0411, 31.6111 ], [ -93.0393, 31.6228 ], [ -93.0627, 31.6309 ], [ -93.0681, 31.6561 ], [ -93.0554, 31.6694 ] ] ] } },
{ "type": "Feature", "properties": { "GEOIDFQ": "1400000US22069000601", "NAME": "6.01", "NAMELSAD": "Census Tract 6.01" }, "geometry": { "type": "Polygon", "coordinates": [ [ [ -93.1078, 31.7522 ], [ -93.0993, 31.7545 ], [ -93.0884, 31.7496 ], [ -93.068, 31.719 ], [ -93.1044, 31.7084 ], [ -93.1124, 31.7348 ], [ -93.1078, 31.7522 ] ] ] } },
{ "type": "Feature", "properties": { "GEOIDFQ": "1400000US22069000602", "NAME": "6.02", "NAMELSAD": "Census Tract 6.02" }, "geometry": { "type": "Polygon", "coordinates": [ [ [ -93.0866, 31.7541 ], [ -93.0825, 31.7406 ], [ -93.0759, 31.7435 ], [ -93.0786, 31.748 ], [ -93.06, 31.7638 ], [ -93.0652, 31.7776 ], [ -93.0491, 31.7924 ], [ -93.0282, 31.7922 ], [ -93.012, 31.7746 ], [ -93.0207, 31.7376 ], [ -93.068, 31.719 ], [ -93.0897, 31.7506 ], [ -93.0866, 31.7541 ] ] ] } },
{ "type": "Feature", "properties": { "GEOIDFQ": "1400000US22079010300", "NAME": "103", "NAMELSAD": "Census Tract 103" }, "geometry": { "type": "Polygon", "coordinates": [ [ [ -92.4098, 31.4369 ], [ -92.4078, 31.3878 ], [ -92.4646, 31.3882 ], [ -92.4632, 31.4112 ], [ -92.4785, 31.4228 ], [ -92.4098, 31.4369 ] ] ] } },
{ "type": "Feature", "properties": { "GEOIDFQ": "1400000US22075050300", "NAME": "503", "NAMELSAD": "Census Tract 503" }, "geometry": { "type": "Polygon", "coordinates": [ [ [ -90.0647, 29.8234 ], [ -90.0202, 29.8529 ], [ -90.0109, 29.8575 ], [ -89.994, 29.8501 ], [ -90.002, 29.8412 ], [ -89.99, 29.8391 ], [ -90.0185, 29.7843 ], [ -90.0685, 29.8018 ], [ -90.0647, 29.8234 ] ] ] } },
{ "type": "Feature", "properties": { "GEOIDFQ": "1400000US22075050500", "NAME": "505", "NAMELSAD": "Census Tract 505" }, "geometry": { "type": "Polygon", "coordinates": [ [ [ -89.736, 29.5278 ], [ -89.7238, 29.5211 ], [ -89.6801, 29.4736 ], [ -89.6449, 29.4583 ], [ -89.6493, 29.4502 ], [ -89.6801, 29.457 ], [ -89.7409, 29.5229 ], [ -89.736, 29.5278 ] ] ] } },
{ "type": "Feature", "properties": { "GEOIDFQ": "1400000US22075050700", "NAME": "507", "NAMELSAD": "Census Tract 507" }, "geometry": { "type": "Polygon", "coordinates": [ [ [ -89.5574, 29.3701 ], [ -89.4815, 29.3434 ], [ -89.4547, 29.3625 ], [ -89.4391, 29.3609 ], [ -89.4418, 29.3499 ], [ -89.4796, 29.3258 ], [ -89.5621, 29.3628 ], [ -89.5574, 29.3701 ] ] ] } },
{ "type": "Feature", "properties": { "GEOIDFQ": "1400000US22103040708", "NAME": "407.08", "NAMELSAD": "Census Tract 407.08" }, "geometry": { "type": "Polygon", "coordinates": [ [ [ -89.678, 30.228 ], [ -89.6939, 30.2303 ], [ -89.7094, 30.2559 ], [ -89.7214, 30.2612 ], [ -89.7176, 30.2815 ], [ -89.7241, 30.3013 ], [ -89.6739, 30.2967 ], [ -89.6415, 30.3034 ], [ -89.6472, 30.2894 ], [ -89.6313, 30.2798 ], [ -89.6323, 30.2686 ], [ -89.6253, 30.2635 ], [ -89.6316, 30.257 ], [ -89.614, 30.2448 ], [ -89.6157, 30.2234 ], [ -89.5966, 30.212 ], [ -89.5807, 30.1863 ], [ -89.5692, 30.1805 ], [ -89.5348, 30.1954 ], [ -89.5148, 30.1618 ], [ -89.495, 30.1607 ], [ -89.5532, 30.1436 ], [ -89.5934, 30.1391 ], [ -89.6267, 30.1555 ], [ -89.6554, 30.1593 ], [ -89.6841, 30.1751 ], [ -89.7167, 30.1608 ], [ -89.7334, 30.1718 ], [ -89.678, 30.228 ] ] ] } },
{ "type": "Feature", "properties": { "GEOIDFQ": "1400000US22103041101", "NAME": "411.01", "NAMELSAD": "Census Tract 411.01" }, "geometry": { "type": "Polygon", "coordinates": [ [ [ -89.8307, 30.3012 ], [ -89.8237, 30.2748 ], [ -89.8543, 30.2613 ], [ -89.86, 30.2704 ], [ -89.8511, 30.2757 ], [ -89.8546, 30.2922 ], [ -89.8732, 30.301 ], [ -89.8307, 30.3012 ] ] ] } },
{ "type": "Feature", "properties": { "GEOIDFQ": "1400000US22103041103", "NAME": "411.03", "NAMELSAD": "Census Tract 411.03" }, "geometry": { "type": "Polygon", "coordinates": [ [ [ -89.7706, 30.3101 ], [ -89.786, 30.2719 ], [ -89.7902, 30.2912 ], [ -89.8306, 30.3018 ], [ -89.836, 30.3149 ], [ -89.7706, 30.3101 ] ] ] } },
{ "type": "Feature", "properties": { "GEOIDFQ": "1400000US22103040602", "NAME": "406.02", "NAMELSAD": "Census Tract 406.02" }, "geometry": { "type": "Polygon", "coordinates": [ [ [ -90.1118, 30.4563 ], [ -90.1175, 30.4642 ], [ -90.1065, 30.4786 ], [ -90.0894, 30.4765 ], [ -90.1091, 30.4445 ], [ -90.117, 30.4401 ], [ -90.1118, 30.4563 ] ] ] } },
{ "type": "Feature", "properties": { "GEOIDFQ": "1400000US22103040900", "NAME": "409", "NAMELSAD": "Census Tract 409" }, "geometry": { "type": "Polygon", "coordinates": [ [ [ -89.7828, 30.2775 ], [ -89.7551, 30.2704 ], [ -89.7635, 30.2477 ], [ -89.7882, 30.2681 ], [ -89.7828, 30.2775 ] ] ] } },
{ "type": "Feature", "properties": { "GEOIDFQ": "1400000US22103040501", "NAME": "405.01", "NAMELSAD": "Census Tract 405.01" }, "geometry": { "type": "Polygon", "coordinates": [ [ [ -90.1071, 30.4998 ], [ -90.1027, 30.4935 ], [ -90.0844, 30.4997 ], [ -90.0809, 30.4959 ], [ -90.0857, 30.48 ], [ -90.0994, 30.4749 ], [ -90.13, 30.4923 ], [ -90.1071, 30.4998 ] ] ] } },
{ "type": "Feature", "properties": { "GEOIDFQ": "1400000US22103040705", "NAME": "407.05", "NAMELSAD": "Census Tract 407.05" }, "geometry": { "type": "Polygon", "coordinates": [ [ [ -89.7509, 30.36 ], [ -89.7472, 30.3591 ], [ -89.7378, 30.3387 ], [ -89.7417, 30.3063 ], [ -89.7705, 30.3104 ], [ -89.7509, 30.36 ] ] ] } },
{ "type": "Feature", "properties": { "GEOIDFQ": "1400000US22099020601", "NAME": "206.01", "NAMELSAD": "Census Tract 206.01" }, "geometry": { "type": "Polygon", "coordinates": [ [ [ -91.9341, 30.1197 ], [ -91.9055, 30.1546 ], [ -91.9218, 30.1867 ], [ -91.8895, 30.1878 ], [ -91.8893, 30.1809 ], [ -91.8765, 30.1729 ], [ -91.8834, 30.1737 ], [ -91.8768, 30.1535 ], [ -91.855, 30.1442 ], [ -91.8679, 30.122 ], [ -91.8864, 30.1247 ], [ -91.8888, 30.1056 ], [ -91.8425, 30.0973 ], [ -91.845, 30.0891 ], [ -91.867, 30.0854 ], [ -91.8958, 30.0572 ], [ -91.9069, 30.0726 ], [ -91.951, 30.0732 ], [ -91.9341, 30.1197 ] ] ] } },
{ "type": "Feature", "properties": { "GEOIDFQ": "1400000US22099020102", "NAME": "201.02", "NAMELSAD": "Census Tract 201.02" }, "geometry": { "type": "Polygon", "coordinates": [ [ [ -91.7812, 30.2319 ], [ -91.7664, 30.2247 ], [ -91.7084, 30.2247 ], [ -91.7019, 30.2119 ], [ -91.6922, 30.2179 ], [ -91.6941, 30.2354 ], [ -91.6674, 30.2442 ], [ -91.6528, 30.2428 ], [ -91.6187, 30.257 ], [ -91.6114, 30.2985 ], [ -91.5877, 30.2733 ], [ -91.588, 30.2571 ], [ -91.5703, 30.2448 ], [ -91.5083, 30.2403 ], [ -91.4753, 30.2295 ], [ -91.4903, 30.2016 ], [ -91.4718, 30.1863 ], [ -91.4724, 30.1421 ], [ -91.4613, 30.1312 ], [ -91.4708, 30.1101 ], [ -91.4639, 30.1027 ], [ -91.3888, 30.1024 ], [ -91.3718, 30.0816 ], [ -91.3688, 30.0588 ], [ -91.4882, 30.0582 ], [ -91.4954, 30.0414 ], [ -91.5078, 30.0333 ], [ -91.6002, 30.033 ], [ -91.6122, 30.0677 ], [ -91.6306, 30.0719 ], [ -91.6589, 30.1082 ], [ -91.6695, 30.1129 ], [ -91.6787, 30.105 ], [ -91.6995, 30.1208 ], [ -91.7228, 30.1203 ], [ -91.7276, 30.1303 ], [ -91.7539, 30.1455 ], [ -91.7363, 30.1479 ], [ -91.7367, 30.1805 ], [ -91.7617, 30.1811 ], [ -91.7549, 30.1927 ], [ -91.7874, 30.2244 ], [ -91.7812, 30.2319 ] ] ] } },
{ "type": "Feature", "properties": { "GEOIDFQ": "1400000US22099020402", "NAME": "204.02", "NAMELSAD": "Census Tract 204.02" }, "geometry": { "type": "Polygon", "coordinates": [ [ [ -91.8162, 30.2511 ], [ -91.8019, 30.2635 ], [ -91.7769, 30.2682 ], [ -91.755, 30.2678 ], [ -91.7241, 30.2261 ], [ -91.7664, 30.2247 ], [ -91.7814, 30.2319 ], [ -91.7874, 30.2244 ], [ -91.7791, 30.2114 ], [ -91.8193, 30.1875 ], [ -91.8289, 30.2117 ], [ -91.8162, 30.2511 ] ] ] } },
{ "type": "Feature", "properties": { "GEOIDFQ": "1400000US22099020401", "NAME": "204.01", "NAMELSAD": "Census Tract 204.01" }, "geometry": { "type": "Polygon", "coordinates": [ [ [ -91.9014, 30.2028 ], [ -91.8817, 30.1935 ], [ -91.8787, 30.1994 ], [ -91.8876, 30.208 ], [ -91.8698, 30.2209 ], [ -91.8799, 30.2344 ], [ -91.8763, 30.2379 ], [ -91.8609, 30.2195 ], [ -91.8329, 30.2325 ], [ -91.8265, 30.2291 ], [ -91.8223, 30.2203 ], [ -91.8289, 30.2107 ], [ -91.8119, 30.1544 ], [ -91.8221, 30.1317 ], [ -91.8716, 30.1503 ], [ -91.8739, 30.1566 ], [ -91.8759, 30.1527 ], [ -91.8834, 30.1737 ], [ -91.8765, 30.1729 ], [ -91.8893, 30.1809 ], [ -91.8889, 30.1874 ], [ -91.9107, 30.1895 ], [ -91.9014, 30.2028 ] ] ] } },
{ "type": "Feature", "properties": { "GEOIDFQ": "1400000US22099020303", "NAME": "203.03", "NAMELSAD": "Census Tract 203.03" }, "geometry": { "type": "Polygon", "coordinates": [ [ [ -91.8635, 30.2685 ], [ -91.8753, 30.2864 ], [ -91.8324, 30.3138 ], [ -91.8231, 30.3138 ], [ -91.8246, 30.2928 ], [ -91.8308, 30.2896 ], [ -91.8203, 30.2702 ], [ -91.8191, 30.2339 ], [ -91.8633, 30.2202 ], [ -91.8789, 30.2389 ], [ -91.8851, 30.2589 ], [ -91.8635, 30.2685 ] ] ] } },
{ "type": "Feature", "properties": { "GEOIDFQ": "1400000US22099020101", "NAME": "201.01", "NAMELSAD": "Census Tract 201.01" }, "geometry": { "type": "Polygon", "coordinates": [ [ [ -91.8302, 30.3426 ], [ -91.8244, 30.3449 ], [ -91.8294, 30.3598 ], [ -91.8016, 30.3613 ], [ -91.8127, 30.3943 ], [ -91.6789, 30.3947 ], [ -91.6943, 30.4017 ], [ -91.7187, 30.4489 ], [ -91.7397, 30.453 ], [ -91.7562, 30.4981 ], [ -91.7013, 30.4977 ], [ -91.6925, 30.4813 ], [ -91.6748, 30.4745 ], [ -91.6401, 30.4427 ], [ -91.6396, 30.429 ], [ -91.6281, 30.4139 ], [ -91.6278, 30.3796 ], [ -91.6481, 30.3651 ], [ -91.6255, 30.3542 ], [ -91.6275, 30.3301 ], [ -91.6114, 30.2985 ], [ -91.6187, 30.257 ], [ -91.6528, 30.2428 ], [ -91.6674, 30.2442 ], [ -91.6941, 30.2354 ], [ -91.6922, 30.2179 ], [ -91.7019, 30.2119 ], [ -91.7074, 30.2244 ], [ -91.7241, 30.2261 ], [ -91.7546, 30.2612 ], [ -91.7505, 30.3064 ], [ -91.7856, 30.3116 ], [ -91.7897, 30.3244 ], [ -91.8311, 30.3155 ], [ -91.8302, 30.3426 ] ] ] } },
{ "type": "Feature", "properties": { "GEOIDFQ": "1400000US22099020504", "NAME": "205.04", "NAMELSAD": "Census Tract 205.04" }, "geometry": { "type": "Polygon", "coordinates": [ [ [ -91.977, 30.2109 ], [ -91.9579, 30.2119 ], [ -91.9526, 30.2244 ], [ -91.9436, 30.226 ], [ -91.9428, 30.2366 ], [ -91.9637, 30.2407 ], [ -91.9146, 30.2787 ], [ -91.9022, 30.2741 ], [ -91.8698, 30.2209 ], [ -91.8876, 30.208 ], [ -91.8787, 30.1994 ], [ -91.8817, 30.1935 ], [ -91.9014, 30.2028 ], [ -91.9109, 30.1892 ], [ -91.9338, 30.1827 ], [ -91.9546, 30.1871 ], [ -91.9629, 30.1759 ], [ -91.9796, 30.1819 ], [ -91.977, 30.2109 ] ] ] } },
{ "type": "Feature", "properties": { "GEOIDFQ": "1400000US22099020304", "NAME": "203.04", "NAMELSAD": "Census Tract 203.04" }, "geometry": { "type": "Polygon", "coordinates": [ [ [ -91.7897, 30.3244 ], [ -91.7856, 30.3116 ], [ -91.7505, 30.3064 ], [ -91.7548, 30.2677 ], [ -91.8019, 30.2635 ], [ -91.82, 30.2452 ], [ -91.8203, 30.2704 ], [ -91.8308, 30.2896 ], [ -91.8246, 30.2928 ], [ -91.8231, 30.3138 ], [ -91.8324, 30.3138 ], [ -91.7897, 30.3244 ] ] ] } },
{ "type": "Feature", "properties": { "GEOIDFQ": "1400000US22099020201", "NAME": "202.01", "NAMELSAD": "Census Tract 202.01" }, "geometry": { "type": "Polygon", "coordinates": [ [ [ -91.9779, 30.4077 ], [ -91.9652, 30.4102 ], [ -91.9373, 30.3947 ], [ -91.9074, 30.4044 ], [ -91.898, 30.3812 ], [ -91.8302, 30.3426 ], [ -91.8272, 30.3212 ], [ -91.835, 30.3114 ], [ -91.856, 30.3221 ], [ -91.8778, 30.3132 ], [ -91.9027, 30.312 ], [ -91.9233, 30.3434 ], [ -91.9507, 30.3484 ], [ -91.9538, 30.36 ], [ -91.9888, 30.3689 ], [ -91.9779, 30.4077 ] ] ] } },
{ "type": "Feature", "properties": { "GEOIDFQ": "1400000US22099020202", "NAME": "202.02", "NAMELSAD": "Census Tract 202.02" }, "geometry": { "type": "Polygon", "coordinates": [ [ [ -91.8693, 30.4172 ], [ -91.8487, 30.4064 ], [ -91.8347, 30.4064 ], [ -91.8124, 30.394 ], [ -91.8016, 30.3613 ], [ -91.8294, 30.3598 ], [ -91.8244, 30.3449 ], [ -91.8302, 30.3426 ], [ -91.898, 30.3812 ], [ -91.9074, 30.4044 ], [ -91.8693, 30.4172 ] ] ] } },
{ "type": "Feature", "properties": { "GEOIDFQ": "1400000US22099020503", "NAME": "205.03", "NAMELSAD": "Census Tract 205.03" }, "geometry": { "type": "Polygon", "coordinates": [ [ [ -91.9494, 30.2793 ], [ -91.9379, 30.2731 ], [ -91.9202, 30.2865 ], [ -91.8945, 30.2738 ], [ -91.8778, 30.237 ], [ -91.9022, 30.2741 ], [ -91.9146, 30.2787 ], [ -91.9637, 30.2407 ], [ -91.9681, 30.259 ], [ -91.9765, 30.261 ], [ -91.9494, 30.2793 ] ] ] } },
{ "type": "Feature", "properties": { "GEOIDFQ": "1400000US22099020602", "NAME": "206.02", "NAMELSAD": "Census Tract 206.02" }, "geometry": { "type": "Polygon", "coordinates": [ [ [ -91.8824, 30.1281 ], [ -91.8679, 30.122 ], [ -91.855, 30.1442 ], [ -91.8221, 30.1317 ], [ -91.8266, 30.1231 ], [ -91.8371, 30.1245 ], [ -91.8322, 30.1162 ], [ -91.8425, 30.0973 ], [ -91.8864, 30.1034 ], [ -91.8911, 30.1172 ], [ -91.8824, 30.1281 ] ] ] } },
{ "type": "Feature", "properties": { "GEOIDFQ": "1400000US22071004402", "NAME": "44.02", "NAMELSAD": "Census Tract 44.02" }, "geometry": { "type": "Polygon", "coordinates": [ [ [ -90.0802, 29.9691 ], [ -90.0729, 29.9642 ], [ -90.0747, 29.9622 ], [ -90.0802, 29.9691 ] ] ] } },
{ "type": "Feature", "properties": { "GEOIDFQ": "1400000US22071001800", "NAME": "18", "NAMELSAD": "Census Tract 18" }, "geometry": { "type": "Polygon", "coordinates": [ [ [ -90.0501, 29.9691 ], [ -90.0523, 29.9584 ], [ -90.0569, 29.9614 ], [ -90.057, 29.9687 ], [ -90.0501, 29.9691 ] ] ] } },
{ "type": "Feature", "properties": { "GEOIDFQ": "1400000US22071001900", "NAME": "19", "NAMELSAD": "Census Tract 19" }, "geometry": { "type": "Polygon", "coordinates": [ [ [ -90.0488, 29.9741 ], [ -90.0503, 29.9691 ], [ -90.057, 29.9687 ], [ -90.0573, 29.9736 ], [ -90.0488, 29.9741 ] ] ] } },
{ "type": "Feature", "properties": { "GEOIDFQ": "1400000US22071007800", "NAME": "78", "NAMELSAD": "Census Tract 78" }, "geometry": { "type": "Polygon", "coordinates": [ [ [ -90.0713, 29.9382 ], [ -90.0689, 29.9326 ], [ -90.0733, 29.9325 ], [ -90.0713, 29.9382 ] ] ] } },
{ "type": "Feature", "properties": { "GEOIDFQ": "1400000US22071008300", "NAME": "83", "NAMELSAD": "Census Tract 83" }, "geometry": { "type": "Polygon", "coordinates": [ [ [ -90.0739, 29.9264 ], [ -90.0761, 29.9238 ], [ -90.0826, 29.9328 ], [ -90.0739, 29.9264 ] ] ] } },
{ "type": "Feature", "properties": { "GEOIDFQ": "1400000US22061960401", "NAME": "9604.01", "NAMELSAD": "Census Tract 9604.01" }, "geometry": { "type": "Polygon", "coordinates": [ [ [ -92.6719, 32.539 ], [ -92.6736, 32.5552 ], [ -92.6573, 32.5551 ], [ -92.6531, 32.5403 ], [ -92.638, 32.5403 ], [ -92.6364, 32.5353 ], [ -92.6383, 32.5257 ], [ -92.6774, 32.5293 ], [ -92.6719, 32.539 ] ] ] } },
{ "type": "Feature", "properties": { "GEOIDFQ": "1400000US22061960702", "NAME": "9607.02", "NAMELSAD": "Census Tract 9607.02" }, "geometry": { "type": "Polygon", "coordinates": [ [ [ -92.6219, 32.5983 ], [ -92.6224, 32.6255 ], [ -92.6141, 32.6417 ], [ -92.5784, 32.6634 ], [ -92.5646, 32.6942 ], [ -92.5419, 32.6996 ], [ -92.5361, 32.7208 ], [ -92.519, 32.7208 ], [ -92.519, 32.6708 ], [ -92.4749, 32.6705 ], [ -92.4854, 32.6405 ], [ -92.4957, 32.633 ], [ -92.4929, 32.593 ], [ -92.5343, 32.588 ], [ -92.5472, 32.5794 ], [ -92.626, 32.5746 ], [ -92.6342, 32.5888 ], [ -92.6219, 32.5983 ] ] ] } },
{ "type": "Feature", "properties": { "GEOIDFQ": "1400000US22061960402", "NAME": "9604.02", "NAMELSAD": "Census Tract 9604.02" }, "geometry": { "type": "Polygon", "coordinates": [ [ [ -92.6673, 32.574 ], [ -92.644, 32.5745 ], [ -92.638, 32.5403 ], [ -92.6531, 32.5403 ], [ -92.6573, 32.5551 ], [ -92.6738, 32.5561 ], [ -92.6673, 32.574 ] ] ] } },
{ "type": "Feature", "properties": { "GEOIDFQ": "1400000US22061960701", "NAME": "9607.01", "NAMELSAD": "Census Tract 9607.01" }, "geometry": { "type": "Polygon", "coordinates": [ [ [ -92.5617, 32.5793 ], [ -92.4929, 32.593 ], [ -92.4957, 32.633 ], [ -92.4854, 32.6405 ], [ -92.4749, 32.6705 ], [ -92.4152, 32.6703 ], [ -92.4155, 32.4956 ], [ -92.5491, 32.4961 ], [ -92.5412, 32.5113 ], [ -92.5447, 32.5236 ], [ -92.5388, 32.5258 ], [ -92.5426, 32.5342 ], [ -92.5548, 32.5346 ], [ -92.5617, 32.5793 ] ] ] } },
{ "type": "Feature", "properties": { "GEOIDFQ": "1400000US22073000200", "NAME": "2", "NAMELSAD": "Census Tract 2" }, "geometry": { "type": "Polygon", "coordinates": [ [ [ -92.1244, 32.5541 ], [ -92.1085, 32.5478 ], [ -92.0956, 32.5553 ], [ -92.0941, 32.5436 ], [ -92.1175, 32.5288 ], [ -92.1226, 32.5343 ], [ -92.1286, 32.5279 ], [ -92.1337, 32.5391 ], [ -92.1244, 32.5541 ] ] ] } },
{ "type": "Feature", "properties": { "GEOIDFQ": "1400000US22097960200", "NAME": "9602", "NAMELSAD": "Census Tract 9602" }, "geometry": { "type": "Polygon", "coordinates": [ [ [ -92.1005, 30.85 ], [ -92.068, 30.8096 ], [ -91.9779, 30.7318 ], [ -92.0053, 30.7096 ], [ -91.9477, 30.6511 ], [ -91.9431, 30.6359 ], [ -91.9515, 30.6193 ], [ -91.9655, 30.6113 ], [ -91.9888, 30.6243 ], [ -92.0147, 30.6279 ], [ -92.0281, 30.6155 ], [ -92.0465, 30.6131 ], [ -92.0477, 30.5935 ], [ -92.0639, 30.6104 ], [ -92.0703, 30.587 ], [ -92.096, 30.5903 ], [ -92.1735, 30.6398 ], [ -92.194, 30.6593 ], [ -92.1725, 30.6738 ], [ -92.1723, 30.7679 ], [ -92.2079, 30.7862 ], [ -92.2127, 30.8472 ], [ -92.1005, 30.85 ] ] ] } },
{ "type": "Feature", "properties": { "GEOIDFQ": "1400000US22033005000", "NAME": "50", "NAMELSAD": "Census Tract 50" }, "geometry": { "type": "Polygon", "coordinates": [ [ [ -91.1215, 30.3949 ], [ -91.1119, 30.3886 ], [ -91.123, 30.3689 ], [ -91.138, 30.3779 ], [ -91.1215, 30.3949 ] ] ] } },
{ "type": "Feature", "properties": { "GEOIDFQ": "1400000US22057020500", "NAME": "205", "NAMELSAD": "Census Tract 205" }, "geometry": { "type": "Polygon", "coordinates": [ [ [ -90.8536, 29.7942 ], [ -90.8231, 29.7876 ], [ -90.8178, 29.7772 ], [ -90.8278, 29.7758 ], [ -90.8334, 29.7621 ], [ -90.8641, 29.7748 ], [ -90.8536, 29.7942 ] ] ] } },
{ "type": "Feature", "properties": { "GEOIDFQ": "1400000US22057020600", "NAME": "206", "NAMELSAD": "Census Tract 206" }, "geometry": { "type": "Polygon", "coordinates": [ [ [ -90.8487, 29.8028 ], [ -90.8345, 29.798 ], [ -90.8373, 29.7882 ], [ -90.8534, 29.7946 ], [ -90.8487, 29.8028 ] ] ] } },
{ "type": "Feature", "properties": { "GEOIDFQ": "1400000US22057021500", "NAME": "215", "NAMELSAD": "Census Tract 215" }, "geometry": { "type": "Polygon", "coordinates": [ [ [ -90.3907, 29.596 ], [ -90.3714, 29.5905 ], [ -90.3383, 29.5685 ], [ -90.3529, 29.557 ], [ -90.3649, 29.5651 ], [ -90.3693, 29.5555 ], [ -90.385, 29.5644 ], [ -90.3945, 29.5528 ], [ -90.4065, 29.5558 ], [ -90.3907, 29.596 ] ] ] } },
{ "type": "Feature", "properties": { "GEOIDFQ": "1400000US22105954200", "NAME": "9542", "NAMELSAD": "Census Tract 9542" }, "geometry": { "type": "Polygon", "coordinates": [ [ [ -90.4655, 30.5192 ], [ -90.461, 30.5041 ], [ -90.4826, 30.5009 ], [ -90.4828, 30.5192 ], [ -90.4655, 30.5192 ] ] ] } },
{ "type": "Feature", "properties": { "GEOIDFQ": "1400000US22105954400", "NAME": "9544", "NAMELSAD": "Census Tract 9544" }, "geometry": { "type": "Polygon", "coordinates": [ [ [ -90.4452, 30.5119 ], [ -90.4483, 30.4847 ], [ -90.4549, 30.4846 ], [ -90.4654, 30.5192 ], [ -90.4452, 30.5119 ] ] ] } },
{ "type": "Feature", "properties": { "GEOIDFQ": "1400000US22007050100", "NAME": "501", "NAMELSAD": "Census Tract 501" }, "geometry": { "type": "Polygon", "coordinates": [ [ [ -91.2242, 30.0256 ], [ -91.106, 30.0627 ], [ -91.089, 30.0628 ], [ -91.0893, 30.0768 ], [ -91.0747, 30.0817 ], [ -91.0558, 30.0706 ], [ -91.0057, 30.0791 ], [ -90.9847, 30.0651 ], [ -90.9637, 30.0668 ], [ -90.9634, 30.0358 ], [ -90.9464, 30.036 ], [ -90.9463, 30.001 ], [ -90.9809, 30.0148 ], [ -91.045, 30.0124 ], [ -91.0533, 30.0005 ], [ -91.1052, 30.0059 ], [ -91.1281, 30.016 ], [ -91.1366, 30.0031 ], [ -91.1497, 29.9989 ], [ -91.1565, 30.0064 ], [ -91.1593, 30.001 ], [ -91.1877, 30.0055 ], [ -91.1808, 30.0221 ], [ -91.2242, 30.0256 ] ] ] } },
{ "type": "Feature", "properties": { "GEOIDFQ": "1400000US22007050600", "NAME": "506", "NAMELSAD": "Census Tract 506" }, "geometry": { "type": "Polygon", "coordinates": [ [ [ -91.0954, 29.737 ], [ -91.0895, 29.7555 ], [ -91.0944, 29.7646 ], [ -91.0838, 29.7599 ], [ -91.0711, 29.7622 ], [ -91.0679, 29.7703 ], [ -91.0462, 29.7674 ], [ -90.9898, 29.7877 ], [ -90.982, 29.8013 ], [ -90.9908, 29.8135 ], [ -90.96, 29.8452 ], [ -90.9424, 29.8327 ], [ -90.9246, 29.8303 ], [ -90.9818, 29.7449 ], [ -91.0826, 29.6268 ], [ -91.0878, 29.6363 ], [ -91.1055, 29.6437 ], [ -91.095, 29.6955 ], [ -91.1063, 29.7342 ], [ -91.0954, 29.737 ] ] ] } },
{ "type": "Feature", "properties": { "GEOIDFQ": "1400000US22007050500", "NAME": "505", "NAMELSAD": "Census Tract 505" }, "geometry": { "type": "Polygon", "coordinates": [ [ [ -91.0781, 29.8231 ], [ -91.0912, 29.8506 ], [ -91.0587, 29.887 ], [ -91.0379, 29.8947 ], [ -90.9628, 29.9005 ], [ -90.9566, 29.9105 ], [ -90.9473, 29.9107 ], [ -90.9472, 29.9193 ], [ -90.8861, 29.9237 ], [ -90.8853, 29.8776 ], [ -90.9098, 29.8772 ], [ -90.925, 29.8304 ], [ -90.9424, 29.8327 ], [ -90.96, 29.8452 ], [ -90.9908, 29.8135 ], [ -90.982, 29.8013 ], [ -90.9898, 29.7877 ], [ -91.0462, 29.7674 ], [ -91.0679, 29.7703 ], [ -91.0711, 29.7622 ], [ -91.0872, 29.7607 ], [ -91.1002, 29.772 ], [ -91.0927, 29.8014 ], [ -91.1095, 29.8239 ], [ -91.0781, 29.8231 ] ] ] } },
{ "type": "Feature", "properties": { "GEOIDFQ": "1400000US22007050400", "NAME": "504", "NAMELSAD": "Census Tract 504" }, "geometry": { "type": "Polygon", "coordinates": [ [ [ -91.1396, 29.9423 ], [ -91.0809, 29.9403 ], [ -91.0601, 29.9627 ], [ -91.0277, 29.9534 ], [ -90.983, 29.9588 ], [ -90.9473, 29.9223 ], [ -90.9473, 29.9107 ], [ -90.9566, 29.9105 ], [ -90.9628, 29.9005 ], [ -91.0379, 29.8947 ], [ -91.0587, 29.887 ], [ -91.0912, 29.8506 ], [ -91.1264, 29.8551 ], [ -91.1256, 29.8656 ], [ -91.1348, 29.8752 ], [ -91.1294, 29.8909 ], [ -91.1503, 29.9011 ], [ -91.1396, 29.9423 ] ] ] } },
{ "type": "Feature", "properties": { "GEOIDFQ": "1400000US22007050300", "NAME": "503", "NAMELSAD": "Census Tract 503" }, "geometry": { "type": "Polygon", "coordinates": [ [ [ -91.1499, 29.9988 ], [ -91.1366, 30.0031 ], [ -91.1313, 30.0154 ], [ -91.1051, 30.0058 ], [ -91.0533, 30.0005 ], [ -91.045, 30.0124 ], [ -90.9809, 30.0148 ], [ -90.9463, 30.001 ], [ -90.9463, 29.9779 ], [ -90.9118, 29.9785 ], [ -90.9118, 29.9351 ], [ -90.8863, 29.9356 ], [ -90.8861, 29.9237 ], [ -90.9472, 29.9193 ], [ -90.983, 29.9588 ], [ -91.0277, 29.9534 ], [ -91.0601, 29.9627 ], [ -91.0809, 29.9403 ], [ -91.1332, 29.9405 ], [ -91.1396, 29.9423 ], [ -91.1434, 29.9599 ], [ -91.1381, 29.9637 ], [ -91.155, 29.9816 ], [ -91.1499, 29.9988 ] ] ] } },
{ "type": "Feature", "properties": { "GEOIDFQ": "1400000US22033002802", "NAME": "28.02", "NAMELSAD": "Census Tract 28.02" }, "geometry": { "type": "Polygon", "coordinates": [ [ [ -91.1789, 30.4182 ], [ -91.1692, 30.4226 ], [ -91.1577, 30.4145 ], [ -91.1765, 30.4018 ], [ -91.1821, 30.4072 ], [ -91.1789, 30.4182 ] ] ] } },
{ "type": "Feature", "properties": { "GEOIDFQ": "1400000US22091951202", "NAME": "9512.02", "NAMELSAD": "Census Tract 9512.02" }, "geometry": { "type": "Polygon", "coordinates": [ [ [ -90.6533, 30.8221 ], [ -90.5672, 30.8248 ], [ -90.5671, 30.65 ], [ -90.6436, 30.6499 ], [ -90.652, 30.6894 ], [ -90.6454, 30.6988 ], [ -90.6509, 30.7103 ], [ -90.6517, 30.8055 ], [ -90.6677, 30.8265 ], [ -90.6533, 30.8221 ] ] ] } },
{ "type": "Feature", "properties": { "GEOIDFQ": "1400000US22075050800", "NAME": "508", "NAMELSAD": "Census Tract 508" }, "geometry": { "type": "Polygon", "coordinates": [ [ [ -89.5367, 29.2849 ], [ -89.558, 29.316 ], [ -89.5356, 29.3532 ], [ -89.5161, 29.3389 ], [ -89.4796, 29.3258 ], [ -89.4418, 29.3499 ], [ -89.4391, 29.3609 ], [ -89.3993, 29.3376 ], [ -89.3479, 29.2776 ], [ -89.3055, 29.2416 ], [ -89.2674, 29.1807 ], [ -89.256, 29.1466 ], [ -89.2811, 29.0882 ], [ -89.4178, 28.9186 ], [ -89.4268, 28.9255 ], [ -89.4187, 28.9349 ], [ -89.4194, 29.1252 ], [ -89.4816, 29.1907 ], [ -89.5615, 29.2293 ], [ -89.5648, 29.2479 ], [ -89.5367, 29.2849 ] ] ] } },
{ "type": "Feature", "properties": { "GEOIDFQ": "1400000US22075050400", "NAME": "504", "NAMELSAD": "Census Tract 504" }, "geometry": { "type": "Polygon", "coordinates": [ [ [ -90.06, 29.7841 ], [ -90.0674, 29.8021 ], [ -90.0185, 29.7843 ], [ -90.0222, 29.7537 ], [ -89.9905, 29.7242 ], [ -89.9498, 29.6441 ], [ -89.8909, 29.6143 ], [ -89.8397, 29.5999 ], [ -89.8007, 29.5762 ], [ -89.7558, 29.5373 ], [ -89.736, 29.5278 ], [ -89.7405, 29.5223 ], [ -89.69, 29.4703 ], [ -89.6994, 29.4641 ], [ -89.6828, 29.4367 ], [ -89.6878, 29.4095 ], [ -89.6729, 29.3969 ], [ -89.6654, 29.3692 ], [ -89.6827, 29.2798 ], [ -89.7896, 29.2972 ], [ -89.9021, 29.2904 ], [ -89.9307, 29.3356 ], [ -89.9609, 29.4307 ], [ -89.9775, 29.4494 ], [ -89.9789, 29.5336 ], [ -89.9887, 29.5494 ], [ -89.9861, 29.575 ], [ -89.976, 29.588 ], [ -89.9812, 29.5887 ], [ -89.98, 29.6076 ], [ -89.9875, 29.6215 ], [ -90.0022, 29.6234 ], [ -90.0159, 29.6744 ], [ -90.0673, 29.7389 ], [ -90.0657, 29.7531 ], [ -90.0757, 29.7719 ], [ -90.06, 29.7841 ] ] ] } },
{ "type": "Feature", "properties": { "GEOIDFQ": "1400000US22075050600", "NAME": "506", "NAMELSAD": "Census Tract 506" }, "geometry": { "type": "Polygon", "coordinates": [ [ [ -89.6913, 29.4676 ], [ -89.6637, 29.4513 ], [ -89.6493, 29.4502 ], [ -89.6449, 29.4583 ], [ -89.61, 29.4524 ], [ -89.6021, 29.4417 ], [ -89.6061, 29.4155 ], [ -89.5976, 29.3966 ], [ -89.5574, 29.3701 ], [ -89.5606, 29.3614 ], [ -89.5349, 29.3538 ], [ -89.5575, 29.3185 ], [ -89.5535, 29.3037 ], [ -89.5365, 29.286 ], [ -89.56, 29.2607 ], [ -89.5615, 29.2293 ], [ -89.6243, 29.2499 ], [ -89.6827, 29.2798 ], [ -89.6654, 29.3692 ], [ -89.6729, 29.3969 ], [ -89.6878, 29.4095 ], [ -89.6828, 29.4367 ], [ -89.6992, 29.4649 ], [ -89.6913, 29.4676 ] ] ] } },
{ "type": "Feature", "properties": { "GEOIDFQ": "1400000US22071002300", "NAME": "23", "NAMELSAD": "Census Tract 23" }, "geometry": { "type": "Polygon", "coordinates": [ [ [ -90.0493, 29.9911 ], [ -90.0452, 29.9956 ], [ -90.0447, 29.9876 ], [ -90.0582, 29.9804 ], [ -90.0774, 29.9931 ], [ -90.0493, 29.9911 ] ] ] } },
{ "type": "Feature", "properties": { "GEOIDFQ": "1400000US22071002401", "NAME": "24.01", "NAMELSAD": "Census Tract 24.01" }, "geometry": { "type": "Polygon", "coordinates": [ [ [ -90.0564, 30.0019 ], [ -90.0493, 29.9911 ], [ -90.0587, 29.9909 ], [ -90.0564, 30.0019 ] ] ] } },
{ "type": "Feature", "properties": { "GEOIDFQ": "1400000US22069000500", "NAME": "5", "NAMELSAD": "Census Tract 5" }, "geometry": { "type": "Polygon", "coordinates": [ [ [ -93.0774, 31.7823 ], [ -93.0685, 31.7788 ], [ -93.0575, 31.7831 ], [ -93.0652, 31.7776 ], [ -93.06, 31.7638 ], [ -93.0819, 31.7404 ], [ -93.0866, 31.7541 ], [ -93.0774, 31.7823 ] ] ] } },
{ "type": "Feature", "properties": { "GEOIDFQ": "1400000US22033003909", "NAME": "39.09", "NAMELSAD": "Census Tract 39.09" }, "geometry": { "type": "Polygon", "coordinates": [ [ [ -91.0573, 30.4368 ], [ -91.0515, 30.4191 ], [ -91.0724, 30.4202 ], [ -91.0804, 30.4317 ], [ -91.0573, 30.4368 ] ] ] } },
{ "type": "Feature", "properties": { "GEOIDFQ": "1400000US22051020516", "NAME": "205.16", "NAMELSAD": "Census Tract 205.16" }, "geometry": { "type": "Polygon", "coordinates": [ [ [ -90.2629, 30.0224 ], [ -90.2617, 30.0106 ], [ -90.2747, 30.0072 ], [ -90.2747, 30.016 ], [ -90.2629, 30.0224 ] ] ] } },
{ "type": "Feature", "properties": { "GEOIDFQ": "1400000US22033000602", "NAME": "6.02", "NAMELSAD": "Census Tract 6.02" }, "geometry": { "type": "Polygon", "coordinates": [ [ [ -91.1406, 30.4789 ], [ -91.1396, 30.4653 ], [ -91.1553, 30.4651 ], [ -91.1568, 30.4772 ], [ -91.1406, 30.4789 ] ] ] } },
{ "type": "Feature", "properties": { "GEOIDFQ": "1400000US22033000701", "NAME": "7.01", "NAMELSAD": "Census Tract 7.01" }, "geometry": { "type": "Polygon", "coordinates": [ [ [ -91.1214, 30.4885 ], [ -91.1152, 30.4801 ], [ -91.1406, 30.4789 ], [ -91.1408, 30.4837 ], [ -91.1214, 30.4885 ] ] ] } },
{ "type": "Feature", "properties": { "GEOIDFQ": "1400000US22033000702", "NAME": "7.02", "NAMELSAD": "Census Tract 7.02" }, "geometry": { "type": "Polygon", "coordinates": [ [ [ -91.1152, 30.4801 ], [ -91.1089, 30.4713 ], [ -91.14, 30.4706 ], [ -91.1406, 30.4789 ], [ -91.1152, 30.4801 ] ] ] } },
{ "type": "Feature", "properties": { "GEOIDFQ": "1400000US22117950501", "NAME": "9505.01", "NAMELSAD": "Census Tract 9505.01" }, "geometry": { "type": "Polygon", "coordinates": [ [ [ -90.2905, 30.8194 ], [ -90.2163, 30.8144 ], [ -90.2161, 30.8215 ], [ -90.2067, 30.8243 ], [ -90.1923, 30.8045 ], [ -90.175, 30.8261 ], [ -90.1647, 30.8253 ], [ -90.1528, 30.8167 ], [ -90.158, 30.8043 ], [ -90.1522, 30.8038 ], [ -90.1554, 30.7964 ], [ -90.1418, 30.781 ], [ -90.1446, 30.7712 ], [ -90.1355, 30.7693 ], [ -90.135, 30.7589 ], [ -90.1066, 30.7268 ], [ -90.0965, 30.7259 ], [ -90.0992, 30.7196 ], [ -90.0816, 30.7193 ], [ -90.0744, 30.7058 ], [ -90.0494, 30.6982 ], [ -90.0445, 30.6841 ], [ -90.0239, 30.6768 ], [ -90.0213, 30.6703 ], [ -90.0, 30.6682 ], [ -90.0021, 30.6668 ], [ -90.0415, 30.6736 ], [ -90.2557, 30.7124 ], [ -90.2535, 30.7354 ], [ -90.2674, 30.7517 ], [ -90.2627, 30.7661 ], [ -90.2753, 30.7758 ], [ -90.2789, 30.7945 ], [ -90.2947, 30.8128 ], [ -90.2905, 30.8194 ] ] ] } },
{ "type": "Feature", "properties": { "GEOIDFQ": "1400000US22117950502", "NAME": "9505.02", "NAMELSAD": "Census Tract 9505.02" }, "geometry": { "type": "Polygon", "coordinates": [ [ [ -90.1511, 30.848 ], [ -90.1381, 30.8464 ], [ -90.1289, 30.8233 ], [ -90.122, 30.8212 ], [ -90.086, 30.8372 ], [ -90.0731, 30.8535 ], [ -90.063, 30.8544 ], [ -90.0672, 30.8386 ], [ -90.0623, 30.8244 ], [ -90.0418, 30.8052 ], [ -90.0204, 30.8114 ], [ -90.0029, 30.8316 ], [ -89.989, 30.8146 ], [ -89.9881, 30.796 ], [ -90.012, 30.7746 ], [ -90.0782, 30.7535 ], [ -90.0859, 30.735 ], [ -90.0836, 30.7199 ], [ -90.0935, 30.716 ], [ -90.0995, 30.7202 ], [ -90.0965, 30.7259 ], [ -90.1066, 30.7268 ], [ -90.1347, 30.7586 ], [ -90.1355, 30.7693 ], [ -90.1446, 30.7712 ], [ -90.1418, 30.781 ], [ -90.1554, 30.7964 ], [ -90.1522, 30.8038 ], [ -90.158, 30.8043 ], [ -90.153, 30.8171 ], [ -90.175, 30.8261 ], [ -90.1764, 30.8361 ], [ -90.1511, 30.848 ] ] ] } },
{ "type": "Feature", "properties": { "GEOIDFQ": "1400000US22117950201", "NAME": "9502.01", "NAMELSAD": "Census Tract 9502.01" }, "geometry": { "type": "Polygon", "coordinates": [ [ [ -90.0731, 31.0012 ], [ -90.0723, 30.9915 ], [ -90.0842, 30.9767 ], [ -90.0645, 30.9327 ], [ -90.0713, 30.9073 ], [ -90.0653, 30.8999 ], [ -90.0386, 30.9092 ], [ -90.0147, 30.9081 ], [ -90.0345, 30.8846 ], [ -90.0414, 30.8447 ], [ -90.0317, 30.8174 ], [ -90.0418, 30.8052 ], [ -90.0623, 30.8244 ], [ -90.0672, 30.8386 ], [ -90.063, 30.8544 ], [ -90.0731, 30.8535 ], [ -90.0865, 30.837 ], [ -90.122, 30.8212 ], [ -90.1289, 30.8233 ], [ -90.1394, 30.8538 ], [ -90.1031, 30.8894 ], [ -90.1154, 30.8986 ], [ -90.1278, 30.8986 ], [ -90.1175, 30.9099 ], [ -90.147, 30.922 ], [ -90.1477, 30.9354 ], [ -90.1344, 30.9624 ], [ -90.1492, 30.9987 ], [ -90.0731, 31.0012 ] ] ] } },
{ "type": "Feature", "properties": { "GEOIDFQ": "1400000US22117950202", "NAME": "9502.02", "NAMELSAD": "Census Tract 9502.02" }, "geometry": { "type": "Polygon", "coordinates": [ [ [ -90.0723, 30.9915 ], [ -90.0731, 31.0012 ], [ -89.941, 31.0015 ], [ -89.9483, 30.9969 ], [ -89.9622, 30.9443 ], [ -89.9814, 30.9259 ], [ -90.0088, 30.9211 ], [ -90.0134, 30.9078 ], [ -90.0386, 30.9092 ], [ -90.0653, 30.8999 ], [ -90.0727, 30.9176 ], [ -90.0645, 30.9327 ], [ -90.084, 30.9767 ], [ -90.0723, 30.9915 ] ] ] } },
{ "type": "Feature", "properties": { "GEOIDFQ": "1400000US22073010700", "NAME": "107", "NAMELSAD": "Census Tract 107" }, "geometry": { "type": "Polygon", "coordinates": [ [ [ -92.0979, 32.483 ], [ -92.0997, 32.4704 ], [ -92.0889, 32.4689 ], [ -92.0891, 32.4643 ], [ -92.1059, 32.4645 ], [ -92.1086, 32.493 ], [ -92.0979, 32.483 ] ] ] } },
{ "type": "Feature", "properties": { "GEOIDFQ": "1400000US22033000200", "NAME": "2", "NAMELSAD": "Census Tract 2" }, "geometry": { "type": "Polygon", "coordinates": [ [ [ -91.1498, 30.5093 ], [ -91.1396, 30.5083 ], [ -91.1212, 30.4884 ], [ -91.1403, 30.4876 ], [ -91.1442, 30.4996 ], [ -91.1532, 30.4993 ], [ -91.1498, 30.5093 ] ] ] } },
{ "type": "Feature", "properties": { "GEOIDFQ": "1400000US22033000300", "NAME": "3", "NAMELSAD": "Census Tract 3" }, "geometry": { "type": "Polygon", "coordinates": [ [ [ -91.1531, 30.4995 ], [ -91.1571, 30.4883 ], [ -91.1692, 30.488 ], [ -91.1699, 30.4992 ], [ -91.1531, 30.4995 ] ] ] } },
{ "type": "Feature", "properties": { "GEOIDFQ": "1400000US22027950100", "NAME": "9501", "NAMELSAD": "Census Tract 9501" }, "geometry": { "type": "Polygon", "coordinates": [ [ [ -93.0138, 32.7839 ], [ -93.0339, 32.7977 ], [ -92.9888, 32.8465 ], [ -92.9743, 32.8494 ], [ -92.9634, 32.871 ], [ -92.9215, 32.8896 ], [ -92.9324, 32.8967 ], [ -92.9584, 32.8892 ], [ -92.9699, 32.905 ], [ -92.9564, 32.9127 ], [ -92.9678, 32.9178 ], [ -92.9659, 32.9419 ], [ -92.9732, 32.9499 ], [ -92.9399, 32.9451 ], [ -92.9246, 32.9721 ], [ -92.9068, 32.9775 ], [ -92.9511, 33.0053 ], [ -92.9688, 33.0078 ], [ -92.9709, 33.0173 ], [ -92.7247, 33.0144 ], [ -92.7255, 32.8181 ], [ -92.734, 32.8182 ], [ -92.7341, 32.8034 ], [ -92.7254, 32.8033 ], [ -92.7254, 32.7594 ], [ -92.828, 32.7594 ], [ -92.8284, 32.7147 ], [ -92.8367, 32.7205 ], [ -92.8478, 32.7134 ], [ -92.8658, 32.7265 ], [ -92.8992, 32.7343 ], [ -92.9034, 32.7142 ], [ -92.9175, 32.708 ], [ -92.9374, 32.7191 ], [ -92.9506, 32.6975 ], [ -92.952, 32.7053 ], [ -92.9675, 32.7138 ], [ -93.0006, 32.7085 ], [ -93.0007, 32.7444 ], [ -93.0422, 32.7771 ], [ -93.0138, 32.7839 ] ] ] } },
{ "type": "Feature", "properties": { "GEOIDFQ": "1400000US22027950300", "NAME": "9503", "NAMELSAD": "Census Tract 9503" }, "geometry": { "type": "Polygon", "coordinates": [ [ [ -93.1501, 32.9711 ], [ -93.1625, 32.9846 ], [ -93.1551, 32.9965 ], [ -93.148, 32.9967 ], [ -93.1579, 33.0178 ], [ -93.1197, 33.0178 ], [ -93.1209, 32.998 ], [ -93.1118, 32.995 ], [ -93.1201, 32.9728 ], [ -93.0971, 32.9633 ], [ -93.1061, 32.9558 ], [ -93.1035, 32.9392 ], [ -93.1472, 32.9404 ], [ -93.1512, 32.9497 ], [ -93.1593, 32.9463 ], [ -93.16, 32.9618 ], [ -93.169, 32.9704 ], [ -93.1501, 32.9711 ] ] ] } },
{ "type": "Feature", "properties": { "GEOIDFQ": "1400000US22027950400", "NAME": "9504", "NAMELSAD": "Census Tract 9504" }, "geometry": { "type": "Polygon", "coordinates": [ [ [ -93.0944, 32.7914 ], [ -93.0677, 32.8016 ], [ -93.0758, 32.8104 ], [ -93.0515, 32.8096 ], [ -93.0291, 32.8005 ], [ -93.0304, 32.7931 ], [ -93.0137, 32.7842 ], [ -93.0409, 32.7782 ], [ -93.0425, 32.7591 ], [ -93.0875, 32.7521 ], [ -93.0932, 32.7646 ], [ -93.0893, 32.777 ], [ -93.0965, 32.7749 ], [ -93.0944, 32.7914 ] ] ] } },
{ "type": "Feature", "properties": { "GEOIDFQ": "1400000US22027950500", "NAME": "9505", "NAMELSAD": "Census Tract 9505" }, "geometry": { "type": "Polygon", "coordinates": [ [ [ -93.187, 32.7239 ], [ -93.1777, 32.7325 ], [ -93.1721, 32.7242 ], [ -93.165, 32.7311 ], [ -93.1696, 32.7438 ], [ -93.1512, 32.7429 ], [ -93.1291, 32.7624 ], [ -93.0893, 32.777 ], [ -93.0932, 32.7646 ], [ -93.0875, 32.7521 ], [ -93.0425, 32.7591 ], [ -93.0404, 32.7721 ], [ -93.0034, 32.7472 ], [ -93.0006, 32.7085 ], [ -92.9937, 32.7067 ], [ -92.9675, 32.7138 ], [ -92.952, 32.7053 ], [ -92.9506, 32.6975 ], [ -92.9374, 32.7191 ], [ -92.9175, 32.708 ], [ -92.9034, 32.7142 ], [ -92.8992, 32.7343 ], [ -92.8658, 32.7265 ], [ -92.8478, 32.7134 ], [ -92.8367, 32.7205 ], [ -92.8284, 32.713 ], [ -92.8456, 32.7049 ], [ -92.8687, 32.6782 ], [ -92.861, 32.6292 ], [ -92.8665, 32.6073 ], [ -92.8807, 32.6008 ], [ -92.8809, 32.5853 ], [ -93.1788, 32.5848 ], [ -93.1795, 32.6218 ], [ -93.1736, 32.6331 ], [ -93.181, 32.6534 ], [ -93.1769, 32.6636 ], [ -93.1829, 32.6659 ], [ -93.1777, 32.6722 ], [ -93.1861, 32.6729 ], [ -93.1867, 32.7162 ], [ -93.2134, 32.7169 ], [ -93.187, 32.7239 ] ] ] } },
{ "type": "Feature", "properties": { "GEOIDFQ": "1400000US22113950800", "NAME": "9508", "NAMELSAD": "Census Tract 9508" }, "geometry": { "type": "Polygon", "coordinates": [ [ [ -92.1293, 29.9816 ], [ -92.1122, 29.9801 ], [ -92.1166, 29.9554 ], [ -92.1321, 29.9554 ], [ -92.1293, 29.9816 ] ] ] } },
{ "type": "Feature", "properties": { "GEOIDFQ": "1400000US22001960202", "NAME": "9602.02", "NAMELSAD": "Census Tract 9602.02" }, "geometry": { "type": "Polygon", "coordinates": [ [ [ -92.5153, 30.4042 ], [ -92.5353, 30.4229 ], [ -92.4982, 30.4457 ], [ -92.5017, 30.4705 ], [ -92.4954, 30.4788 ], [ -92.4129, 30.4801 ], [ -92.4093, 30.4214 ], [ -92.3975, 30.4215 ], [ -92.3976, 30.3489 ], [ -92.5174, 30.3488 ], [ -92.5177, 30.3342 ], [ -92.5369, 30.3313 ], [ -92.5435, 30.3343 ], [ -92.5374, 30.3609 ], [ -92.5464, 30.3616 ], [ -92.5492, 30.3688 ], [ -92.5153, 30.4042 ] ] ] } },
{ "type": "Feature", "properties": { "GEOIDFQ": "1400000US22001960101", "NAME": "9601.01", "NAMELSAD": "Census Tract 9601.01" }, "geometry": { "type": "Polygon", "coordinates": [ [ [ -92.243, 30.4104 ], [ -92.2378, 30.4055 ], [ -92.217, 30.4101 ], [ -92.2119, 30.4049 ], [ -92.1954, 30.4192 ], [ -92.1816, 30.4159 ], [ -92.1764, 30.421 ], [ -92.176, 30.3861 ], [ -92.2014, 30.3858 ], [ -92.2003, 30.3792 ], [ -92.2084, 30.3745 ], [ -92.2428, 30.3816 ], [ -92.2341, 30.3901 ], [ -92.2565, 30.4011 ], [ -92.243, 30.4104 ] ] ] } },
{ "type": "Feature", "properties": { "GEOIDFQ": "1400000US22001960901", "NAME": "9609.01", "NAMELSAD": "Census Tract 9609.01" }, "geometry": { "type": "Polygon", "coordinates": [ [ [ -92.3968, 30.2358 ], [ -92.3856, 30.2358 ], [ -92.3741, 30.2142 ], [ -92.3898, 30.2077 ], [ -92.4007, 30.2275 ], [ -92.3968, 30.2358 ] ] ] } },
{ "type": "Feature", "properties": { "GEOIDFQ": "1400000US22001960401", "NAME": "9604.01", "NAMELSAD": "Census Tract 9604.01" }, "geometry": { "type": "Polygon", "coordinates": [ [ [ -92.3808, 30.3489 ], [ -92.3808, 30.3635 ], [ -92.3151, 30.3636 ], [ -92.2983, 30.3544 ], [ -92.2928, 30.3223 ], [ -92.296, 30.3126 ], [ -92.3136, 30.3029 ], [ -92.3436, 30.3015 ], [ -92.3407, 30.2884 ], [ -92.3248, 30.2857 ], [ -92.3226, 30.2639 ], [ -92.3414, 30.2645 ], [ -92.3512, 30.2535 ], [ -92.3757, 30.2544 ], [ -92.3942, 30.2464 ], [ -92.4009, 30.2274 ], [ -92.4079, 30.2405 ], [ -92.4088, 30.3489 ], [ -92.3808, 30.3489 ] ] ] } },
{ "type": "Feature", "properties": { "GEOIDFQ": "1400000US22001960602", "NAME": "9606.02", "NAMELSAD": "Census Tract 9606.02" }, "geometry": { "type": "Polygon", "coordinates": [ [ [ -92.2601, 30.2525 ], [ -92.2543, 30.2484 ], [ -92.2608, 30.2421 ], [ -92.2484, 30.2422 ], [ -92.2484, 30.2357 ], [ -92.2568, 30.2352 ], [ -92.2611, 30.2152 ], [ -92.2691, 30.2151 ], [ -92.2698, 30.2509 ], [ -92.2601, 30.2525 ] ] ] } },
{ "type": "Feature", "properties": { "GEOIDFQ": "1400000US22001960802", "NAME": "9608.02", "NAMELSAD": "Census Tract 9608.02" }, "geometry": { "type": "Polygon", "coordinates": [ [ [ -92.3757, 30.2544 ], [ -92.3524, 30.2531 ], [ -92.3433, 30.2639 ], [ -92.3269, 30.2659 ], [ -92.3204, 30.2527 ], [ -92.2967, 30.2483 ], [ -92.3158, 30.2419 ], [ -92.3146, 30.2304 ], [ -92.3626, 30.2357 ], [ -92.3625, 30.2308 ], [ -92.3825, 30.2302 ], [ -92.3976, 30.2405 ], [ -92.3757, 30.2544 ] ] ] } },
{ "type": "Feature", "properties": { "GEOIDFQ": "1400000US22001960601", "NAME": "9606.01", "NAMELSAD": "Census Tract 9606.01" }, "geometry": { "type": "Polygon", "coordinates": [ [ [ -92.2621, 30.2605 ], [ -92.2618, 30.2756 ], [ -92.2444, 30.257 ], [ -92.1762, 30.2628 ], [ -92.1761, 30.2411 ], [ -92.2102, 30.2419 ], [ -92.2146, 30.2222 ], [ -92.2611, 30.2152 ], [ -92.2568, 30.2352 ], [ -92.2484, 30.2357 ], [ -92.2484, 30.2422 ], [ -92.2608, 30.2421 ], [ -92.2544, 30.2488 ], [ -92.2697, 30.2527 ], [ -92.2621, 30.2605 ] ] ] } },
{ "type": "Feature", "properties": { "GEOIDFQ": "1400000US22001960402", "NAME": "9604.02", "NAMELSAD": "Census Tract 9604.02" }, "geometry": { "type": "Polygon", "coordinates": [ [ [ -92.5235, 30.3121 ], [ -92.5172, 30.3123 ], [ -92.5174, 30.3488 ], [ -92.4311, 30.3488 ], [ -92.4307, 30.2894 ], [ -92.5255, 30.2906 ], [ -92.5235, 30.3121 ] ] ] } },
{ "type": "Feature", "properties": { "GEOIDFQ": "1400000US22001960403", "NAME": "9604.03", "NAMELSAD": "Census Tract 9604.03" }, "geometry": { "type": "Polygon", "coordinates": [ [ [ -92.5643, 30.2303 ], [ -92.5641, 30.2421 ], [ -92.5537, 30.2442 ], [ -92.5603, 30.2723 ], [ -92.55, 30.2946 ], [ -92.5523, 30.3062 ], [ -92.5429, 30.309 ], [ -92.5429, 30.333 ], [ -92.5173, 30.3342 ], [ -92.5254, 30.2904 ], [ -92.4311, 30.2893 ], [ -92.4311, 30.3488 ], [ -92.4088, 30.3489 ], [ -92.4079, 30.2405 ], [ -92.4009, 30.2274 ], [ -92.407, 30.2169 ], [ -92.426, 30.208 ], [ -92.4365, 30.2124 ], [ -92.4437, 30.1977 ], [ -92.4822, 30.2052 ], [ -92.5262, 30.1921 ], [ -92.5736, 30.2161 ], [ -92.5753, 30.224 ], [ -92.5643, 30.2303 ] ] ] } },
{ "type": "Feature", "properties": { "GEOIDFQ": "1400000US22063040304", "NAME": "403.04", "NAMELSAD": "Census Tract 403.04" }, "geometry": { "type": "Polygon", "coordinates": [ [ [ -90.9238, 30.5633 ], [ -90.9114, 30.563 ], [ -90.9145, 30.5686 ], [ -90.9024, 30.5916 ], [ -90.8634, 30.5794 ], [ -90.8503, 30.584 ], [ -90.8475, 30.5334 ], [ -90.9272, 30.5398 ], [ -90.9238, 30.5633 ] ] ] } },
{ "type": "Feature", "properties": { "GEOIDFQ": "1400000US22063040805", "NAME": "408.05", "NAMELSAD": "Census Tract 408.05" }, "geometry": { "type": "Polygon", "coordinates": [ [ [ -90.9177, 30.4644 ], [ -90.9134, 30.4386 ], [ -90.9232, 30.4227 ], [ -90.9453, 30.4424 ], [ -90.9697, 30.4504 ], [ -90.9177, 30.4644 ] ] ] } },
{ "type": "Feature", "properties": { "GEOIDFQ": "1400000US22097960100", "NAME": "9601", "NAMELSAD": "Census Tract 9601" }, "geometry": { "type": "Polygon", "coordinates": [ [ [ -91.8153, 30.8481 ], [ -91.7995, 30.8343 ], [ -91.8073, 30.8111 ], [ -91.7655, 30.78 ], [ -91.7552, 30.7566 ], [ -91.7579, 30.741 ], [ -91.734, 30.7034 ], [ -91.7315, 30.6698 ], [ -91.7521, 30.6708 ], [ -91.7581, 30.6623 ], [ -91.7734, 30.666 ], [ -91.7877, 30.6615 ], [ -91.7911, 30.6945 ], [ -91.8734, 30.7165 ], [ -91.9272, 30.7187 ], [ -91.9807, 30.7336 ], [ -92.068, 30.8096 ], [ -92.1005, 30.85 ], [ -91.8153, 30.8481 ] ] ] } },
{ "type": "Feature", "properties": { "GEOIDFQ": "1400000US22097961200", "NAME": "9612", "NAMELSAD": "Census Tract 9612" }, "geometry": { "type": "Polygon", "coordinates": [ [ [ -92.1597, 30.4575 ], [ -92.1472, 30.4731 ], [ -92.1516, 30.4875 ], [ -92.139, 30.492 ], [ -92.1431, 30.5103 ], [ -92.1347, 30.5104 ], [ -92.1368, 30.5245 ], [ -92.1481, 30.525 ], [ -92.1482, 30.5397 ], [ -92.1079, 30.5356 ], [ -92.11, 30.5307 ], [ -92.0997, 30.5294 ], [ -92.1081, 30.5134 ], [ -92.0907, 30.5131 ], [ -92.0886, 30.4964 ], [ -92.1024, 30.4472 ], [ -92.0926, 30.4159 ], [ -92.1127, 30.4171 ], [ -92.1176, 30.4081 ], [ -92.141, 30.4078 ], [ -92.1423, 30.4005 ], [ -92.159, 30.4005 ], [ -92.1597, 30.4575 ] ] ] } },
{ "type": "Feature", "properties": { "GEOIDFQ": "1400000US22097961900", "NAME": "9619", "NAMELSAD": "Census Tract 9619" }, "geometry": { "type": "Polygon", "coordinates": [ [ [ -92.0708, 30.4226 ], [ -92.0671, 30.4339 ], [ -92.0541, 30.4162 ], [ -92.0495, 30.421 ], [ -92.0721, 30.4485 ], [ -92.0551, 30.4502 ], [ -92.0247, 30.4327 ], [ -92.0285, 30.4099 ], [ -92.0151, 30.4028 ], [ -92.0109, 30.3922 ], [ -92.0343, 30.3956 ], [ -92.0521, 30.4071 ], [ -92.0533, 30.3917 ], [ -92.0757, 30.3933 ], [ -92.0713, 30.4131 ], [ -92.0925, 30.4184 ], [ -92.0991, 30.4284 ], [ -92.0708, 30.4226 ] ] ] } },
{ "type": "Feature", "properties": { "GEOIDFQ": "1400000US22097960500", "NAME": "9605", "NAMELSAD": "Census Tract 9605" }, "geometry": { "type": "Polygon", "coordinates": [ [ [ -91.9886, 30.5134 ], [ -91.9681, 30.5466 ], [ -91.8635, 30.5476 ], [ -91.8543, 30.5267 ], [ -91.8716, 30.4699 ], [ -91.8542, 30.427 ], [ -91.8028, 30.3943 ], [ -91.8693, 30.4172 ], [ -91.9369, 30.3947 ], [ -91.9657, 30.4104 ], [ -91.9865, 30.4071 ], [ -91.9844, 30.434 ], [ -91.9754, 30.4535 ], [ -91.9697, 30.4503 ], [ -91.966, 30.4718 ], [ -91.9768, 30.4755 ], [ -92.006, 30.4641 ], [ -92.0175, 30.4725 ], [ -92.0297, 30.4965 ], [ -91.9886, 30.5134 ] ] ] } },
{ "type": "Feature", "properties": { "GEOIDFQ": "1400000US22097960300", "NAME": "9603", "NAMELSAD": "Census Tract 9603" }, "geometry": { "type": "Polygon", "coordinates": [ [ [ -92.0154, 30.6277 ], [ -92.0019, 30.6272 ], [ -91.9652, 30.6113 ], [ -91.9513, 30.6195 ], [ -91.9434, 30.6343 ], [ -91.9543, 30.6611 ], [ -91.9892, 30.6878 ], [ -91.9906, 30.7 ], [ -92.0053, 30.7096 ], [ -91.9781, 30.7314 ], [ -91.9827, 30.7347 ], [ -91.9272, 30.7187 ], [ -91.8901, 30.7176 ], [ -91.8909, 30.688 ], [ -91.88, 30.6716 ], [ -91.8781, 30.6062 ], [ -91.8678, 30.5851 ], [ -91.8635, 30.5476 ], [ -91.9681, 30.5466 ], [ -91.9563, 30.561 ], [ -91.9606, 30.5775 ], [ -92.0191, 30.6208 ], [ -92.0154, 30.6277 ] ] ] } },
{ "type": "Feature", "properties": { "GEOIDFQ": "1400000US22097960400", "NAME": "9604", "NAMELSAD": "Census Tract 9604" }, "geometry": { "type": "Polygon", "coordinates": [ [ [ -91.7911, 30.6945 ], [ -91.7877, 30.6615 ], [ -91.7734, 30.666 ], [ -91.7581, 30.6623 ], [ -91.7521, 30.6708 ], [ -91.7348, 30.6667 ], [ -91.7464, 30.6588 ], [ -91.741, 30.6325 ], [ -91.754, 30.6174 ], [ -91.7573, 30.5642 ], [ -91.7314, 30.5121 ], [ -91.7538, 30.5062 ], [ -91.7542, 30.4853 ], [ -91.7397, 30.453 ], [ -91.7187, 30.4489 ], [ -91.6943, 30.4017 ], [ -91.6789, 30.3947 ], [ -91.8028, 30.3943 ], [ -91.8543, 30.4271 ], [ -91.8717, 30.4704 ], [ -91.8543, 30.5271 ], [ -91.878, 30.6058 ], [ -91.8799, 30.6714 ], [ -91.8909, 30.6876 ], [ -91.8911, 30.7173 ], [ -91.7911, 30.6945 ] ] ] } },
{ "type": "Feature", "properties": { "GEOIDFQ": "1400000US22097960800", "NAME": "9608", "NAMELSAD": "Census Tract 9608" }, "geometry": { "type": "Polygon", "coordinates": [ [ [ -92.4781, 30.4951 ], [ -92.4644, 30.4951 ], [ -92.4587, 30.5281 ], [ -92.4266, 30.5386 ], [ -92.2627, 30.5387 ], [ -92.2628, 30.5124 ], [ -92.2449, 30.4954 ], [ -92.2448, 30.4802 ], [ -92.3892, 30.48 ], [ -92.3892, 30.5017 ], [ -92.4231, 30.5061 ], [ -92.435, 30.501 ], [ -92.4403, 30.506 ], [ -92.4401, 30.4876 ], [ -92.4316, 30.4876 ], [ -92.4315, 30.4801 ], [ -92.4932, 30.481 ], [ -92.4781, 30.4951 ] ] ] } },
{ "type": "Feature", "properties": { "GEOIDFQ": "1400000US22051029400", "NAME": "294", "NAMELSAD": "Census Tract 294" }, "geometry": { "type": "Polygon", "coordinates": [ [ [ -90.1284, 30.0198 ], [ -90.1257, 30.0132 ], [ -90.1505, 30.0139 ], [ -90.1544, 30.0191 ], [ -90.1284, 30.0198 ] ] ] } },
{ "type": "Feature", "properties": { "GEOIDFQ": "1400000US22033000400", "NAME": "4", "NAMELSAD": "Census Tract 4" }, "geometry": { "type": "Polygon", "coordinates": [ [ [ -91.1532, 30.4993 ], [ -91.1442, 30.4996 ], [ -91.1403, 30.4876 ], [ -91.1575, 30.4872 ], [ -91.1532, 30.4993 ] ] ] } },
{ "type": "Feature", "properties": { "GEOIDFQ": "1400000US22033000100", "NAME": "1", "NAMELSAD": "Census Tract 1" }, "geometry": { "type": "Polygon", "coordinates": [ [ [ -91.1663, 30.5088 ], [ -91.1498, 30.5093 ], [ -91.1531, 30.4995 ], [ -91.1699, 30.4992 ], [ -91.172, 30.5085 ], [ -91.1663, 30.5088 ] ] ] } },
{ "type": "Feature", "properties": { "GEOIDFQ": "1400000US22051020304", "NAME": "203.04", "NAMELSAD": "Census Tract 203.04" }, "geometry": { "type": "Polygon", "coordinates": [ [ [ -90.2028, 30.0298 ], [ -90.1987, 30.0171 ], [ -90.2136, 30.0181 ], [ -90.2207, 30.0356 ], [ -90.2028, 30.0298 ] ] ] } },
{ "type": "Feature", "properties": { "GEOIDFQ": "1400000US22051028900", "NAME": "289", "NAMELSAD": "Census Tract 289" }, "geometry": { "type": "Polygon", "coordinates": [ [ [ -90.1606, 29.975 ], [ -90.153, 29.992 ], [ -90.1521, 29.9744 ], [ -90.1258, 29.9722 ], [ -90.2012, 29.9679 ], [ -90.2123, 29.9779 ], [ -90.1606, 29.975 ] ] ] } },
{ "type": "Feature", "properties": { "GEOIDFQ": "1400000US22051029200", "NAME": "292", "NAMELSAD": "Census Tract 292" }, "geometry": { "type": "Polygon", "coordinates": [ [ [ -90.1523, 29.992 ], [ -90.1383, 29.9966 ], [ -90.1381, 29.9879 ], [ -90.1528, 29.9799 ], [ -90.1523, 29.992 ] ] ] } },
{ "type": "Feature", "properties": { "GEOIDFQ": "1400000US22051028400", "NAME": "284", "NAMELSAD": "Census Tract 284" }, "geometry": { "type": "Polygon", "coordinates": [ [ [ -90.1576, 29.9922 ], [ -90.158, 29.9821 ], [ -90.1747, 29.9824 ], [ -90.1763, 29.9936 ], [ -90.1576, 29.9922 ] ] ] } },
{ "type": "Feature", "properties": { "GEOIDFQ": "1400000US22051029300", "NAME": "293", "NAMELSAD": "Census Tract 293" }, "geometry": { "type": "Polygon", "coordinates": [ [ [ -90.1383, 29.9966 ], [ -90.1234, 29.9958 ], [ -90.1247, 29.9793 ], [ -90.132, 29.9888 ], [ -90.1387, 29.988 ], [ -90.1383, 29.9966 ] ] ] } },
{ "type": "Feature", "properties": { "GEOIDFQ": "1400000US22051028300", "NAME": "283", "NAMELSAD": "Census Tract 283" }, "geometry": { "type": "Polygon", "coordinates": [ [ [ -90.2801, 29.9917 ], [ -90.267, 29.9828 ], [ -90.2367, 29.9794 ], [ -90.2405, 29.9653 ], [ -90.2795, 29.968 ], [ -90.2801, 29.9917 ] ] ] } },
{ "type": "Feature", "properties": { "GEOIDFQ": "1400000US22051028500", "NAME": "285", "NAMELSAD": "Census Tract 285" }, "geometry": { "type": "Polygon", "coordinates": [ [ [ -90.1374, 30.0136 ], [ -90.1257, 30.0132 ], [ -90.1266, 30.0008 ], [ -90.138, 30.002 ], [ -90.1374, 30.0136 ] ] ] } },
{ "type": "Feature", "properties": { "GEOIDFQ": "1400000US22055001421", "NAME": "14.21", "NAMELSAD": "Census Tract 14.21" }, "geometry": { "type": "Polygon", "coordinates": [ [ [ -92.0298, 30.1728 ], [ -92.0206, 30.1653 ], [ -92.0325, 30.1458 ], [ -92.048, 30.1568 ], [ -92.0298, 30.1728 ] ] ] } },
{ "type": "Feature", "properties": { "GEOIDFQ": "1400000US22053000402", "NAME": "4.02", "NAMELSAD": "Census Tract 4.02" }, "geometry": { "type": "Polygon", "coordinates": [ [ [ -92.837, 30.0428 ], [ -92.8247, 30.0668 ], [ -92.8258, 30.1104 ], [ -92.7751, 30.1108 ], [ -92.7746, 30.1567 ], [ -92.7236, 30.187 ], [ -92.7237, 30.29 ], [ -92.6452, 30.2884 ], [ -92.6455, 30.2724 ], [ -92.6338, 30.2746 ], [ -92.6225, 30.2404 ], [ -92.6471, 30.2466 ], [ -92.6888, 30.2466 ], [ -92.6847, 30.2172 ], [ -92.6955, 30.217 ], [ -92.6959, 30.2121 ], [ -92.6861, 30.2065 ], [ -92.6919, 30.2001 ], [ -92.6313, 30.2003 ], [ -92.5907, 30.1901 ], [ -92.5933, 30.1794 ], [ -92.6187, 30.1755 ], [ -92.6077, 30.1594 ], [ -92.6281, 30.1365 ], [ -92.6217, 30.1327 ], [ -92.6284, 30.1255 ], [ -92.6182, 30.0951 ], [ -92.6284, 30.0918 ], [ -92.6314, 30.078 ], [ -92.6384, 30.0718 ], [ -92.6529, 30.079 ], [ -92.6571, 30.0752 ], [ -92.6594, 30.0929 ], [ -92.6683, 30.0894 ], [ -92.6722, 30.0987 ], [ -92.6892, 30.0987 ], [ -92.6803, 30.0769 ], [ -92.6973, 30.0544 ], [ -92.7239, 30.0487 ], [ -92.7357, 30.0379 ], [ -92.8455, 30.0388 ], [ -92.837, 30.0428 ] ] ] } },
{ "type": "Feature", "properties": { "GEOIDFQ": "1400000US22053000401", "NAME": "4.01", "NAMELSAD": "Census Tract 4.01" }, "geometry": { "type": "Polygon", "coordinates": [ [ [ -92.6803, 30.0769 ], [ -92.6892, 30.0987 ], [ -92.6722, 30.0987 ], [ -92.6683, 30.0894 ], [ -92.6594, 30.0929 ], [ -92.66, 30.0696 ], [ -92.6739, 30.0706 ], [ -92.6868, 30.0589 ], [ -92.6934, 30.0643 ], [ -92.6803, 30.0769 ] ] ] } },
{ "type": "Feature", "properties": { "GEOIDFQ": "1400000US22051027502", "NAME": "275.02", "NAMELSAD": "Census Tract 275.02" }, "geometry": { "type": "Polygon", "coordinates": [ [ [ -90.2619, 29.9407 ], [ -90.2081, 29.9186 ], [ -90.2113, 29.9105 ], [ -90.2712, 29.9142 ], [ -90.2756, 29.9407 ], [ -90.2619, 29.9407 ] ] ] } },
{ "type": "Feature", "properties": { "GEOIDFQ": "1400000US22051027601", "NAME": "276.01", "NAMELSAD": "Census Tract 276.01" }, "geometry": { "type": "Polygon", "coordinates": [ [ [ -90.2113, 29.9105 ], [ -90.2081, 29.9186 ], [ -90.1807, 29.9166 ], [ -90.1875, 29.8988 ], [ -90.2218, 29.8815 ], [ -90.2332, 29.858 ], [ -90.2402, 29.8621 ], [ -90.2432, 29.8807 ], [ -90.2646, 29.8989 ], [ -90.2712, 29.9142 ], [ -90.2113, 29.9105 ] ] ] } },
{ "type": "Feature", "properties": { "GEOIDFQ": "1400000US22051027602", "NAME": "276.02", "NAMELSAD": "Census Tract 276.02" }, "geometry": { "type": "Polygon", "coordinates": [ [ [ -90.2218, 29.8815 ], [ -90.1875, 29.8988 ], [ -90.1807, 29.9166 ], [ -90.1488, 29.9126 ], [ -90.1588, 29.8983 ], [ -90.1589, 29.8676 ], [ -90.1744, 29.848 ], [ -90.1675, 29.8279 ], [ -90.1822, 29.8277 ], [ -90.2332, 29.858 ], [ -90.2218, 29.8815 ] ] ] } },
{ "type": "Feature", "properties": { "GEOIDFQ": "1400000US22051027703", "NAME": "277.03", "NAMELSAD": "Census Tract 277.03" }, "geometry": { "type": "Polygon", "coordinates": [ [ [ -90.1163, 29.8646 ], [ -90.1106, 29.8647 ], [ -90.1092, 29.8529 ], [ -90.1226, 29.8495 ], [ -90.1163, 29.8646 ] ] ] } },
{ "type": "Feature", "properties": { "GEOIDFQ": "1400000US22051027803", "NAME": "278.03", "NAMELSAD": "Census Tract 278.03" }, "geometry": { "type": "Polygon", "coordinates": [ [ [ -90.0543, 29.8936 ], [ -90.0453, 29.8761 ], [ -90.0639, 29.8727 ], [ -90.0671, 29.8868 ], [ -90.0543, 29.8936 ] ] ] } },
{ "type": "Feature", "properties": { "GEOIDFQ": "1400000US22095070900", "NAME": "709", "NAMELSAD": "Census Tract 709" }, "geometry": { "type": "Polygon", "coordinates": [ [ [ -90.4917, 30.0717 ], [ -90.4972, 30.0533 ], [ -90.5175, 30.0488 ], [ -90.5296, 30.0776 ], [ -90.4917, 30.0717 ] ] ] } },
{ "type": "Feature", "properties": { "GEOIDFQ": "1400000US22095071000", "NAME": "710", "NAMELSAD": "Census Tract 710" }, "geometry": { "type": "Polygon", "coordinates": [ [ [ -90.4883, 30.0707 ], [ -90.4428, 30.0419 ], [ -90.4502, 30.0331 ], [ -90.4742, 30.0314 ], [ -90.4787, 30.0459 ], [ -90.4972, 30.0533 ], [ -90.4985, 30.061 ], [ -90.4883, 30.0707 ] ] ] } },
{ "type": "Feature", "properties": { "GEOIDFQ": "1400000US22033003907", "NAME": "39.07", "NAMELSAD": "Census Tract 39.07" }, "geometry": { "type": "Polygon", "coordinates": [ [ [ -91.0402, 30.4335 ], [ -91.036, 30.4102 ], [ -91.0514, 30.4112 ], [ -91.0565, 30.4301 ], [ -91.0402, 30.4335 ] ] ] } },
{ "type": "Feature", "properties": { "GEOIDFQ": "1400000US22017025405", "NAME": "254.05", "NAMELSAD": "Census Tract 254.05" }, "geometry": { "type": "Polygon", "coordinates": [ [ [ -93.8971, 32.6159 ], [ -93.8456, 32.6019 ], [ -93.847, 32.5437 ], [ -93.8913, 32.5793 ], [ -93.8971, 32.6159 ] ] ] } },
{ "type": "Feature", "properties": { "GEOIDFQ": "1400000US22071001748", "NAME": "17.48", "NAMELSAD": "Census Tract 17.48" }, "geometry": { "type": "Polygon", "coordinates": [ [ [ -89.9466, 30.0289 ], [ -89.9396, 30.034 ], [ -89.9396, 30.027 ], [ -89.9681, 30.0186 ], [ -89.969, 30.0269 ], [ -89.9466, 30.0289 ] ] ] } },
{ "type": "Feature", "properties": { "GEOIDFQ": "1400000US22073005303", "NAME": "53.03", "NAMELSAD": "Census Tract 53.03" }, "geometry": { "type": "Polygon", "coordinates": [ [ [ -92.2087, 32.5379 ], [ -92.2179, 32.5145 ], [ -92.2453, 32.5191 ], [ -92.2462, 32.5459 ], [ -92.2087, 32.5379 ] ] ] } },
{ "type": "Feature", "properties": { "GEOIDFQ": "1400000US22073010204", "NAME": "102.04", "NAMELSAD": "Census Tract 102.04" }, "geometry": { "type": "Polygon", "coordinates": [ [ [ -92.0632, 32.5785 ], [ -92.0538, 32.5693 ], [ -92.0416, 32.5728 ], [ -92.0378, 32.5626 ], [ -92.0228, 32.5536 ], [ -92.0662, 32.5503 ], [ -92.0632, 32.5785 ] ] ] } },
{ "type": "Feature", "properties": { "GEOIDFQ": "1400000US22073010104", "NAME": "101.04", "NAMELSAD": "Census Tract 101.04" }, "geometry": { "type": "Polygon", "coordinates": [ [ [ -92.0161, 32.5317 ], [ -91.9734, 32.5186 ], [ -91.9735, 32.5434 ], [ -91.9906, 32.5434 ], [ -91.9854, 32.5687 ], [ -91.933, 32.5721 ], [ -91.9254, 32.583 ], [ -91.9207, 32.5474 ], [ -91.9074, 32.5355 ], [ -91.9033, 32.5196 ], [ -91.9197, 32.4974 ], [ -91.9333, 32.4909 ], [ -92.0202, 32.4976 ], [ -92.0205, 32.521 ], [ -92.0306, 32.5294 ], [ -92.0161, 32.5317 ] ] ] } },
{ "type": "Feature", "properties": { "GEOIDFQ": "1400000US22073010402", "NAME": "104.02", "NAMELSAD": "Census Tract 104.02" }, "geometry": { "type": "Polygon", "coordinates": [ [ [ -92.4154, 32.5221 ], [ -92.33, 32.5189 ], [ -92.2879, 32.5268 ], [ -92.2453, 32.5191 ], [ -92.253, 32.5001 ], [ -92.2738, 32.4781 ], [ -92.3382, 32.4297 ], [ -92.3772, 32.4137 ], [ -92.3962, 32.4129 ], [ -92.4102, 32.4035 ], [ -92.4156, 32.4087 ], [ -92.4154, 32.5221 ] ] ] } },
{ "type": "Feature", "properties": { "GEOIDFQ": "1400000US22073010505", "NAME": "105.05", "NAMELSAD": "Census Tract 105.05" }, "geometry": { "type": "Polygon", "coordinates": [ [ [ -92.2956, 32.4595 ], [ -92.2463, 32.5099 ], [ -92.1919, 32.5108 ], [ -92.1921, 32.4953 ], [ -92.175, 32.492 ], [ -92.1757, 32.4634 ], [ -92.1831, 32.4559 ], [ -92.1917, 32.4528 ], [ -92.2132, 32.4717 ], [ -92.2536, 32.4545 ], [ -92.2643, 32.4442 ], [ -92.2803, 32.443 ], [ -92.2877, 32.4291 ], [ -92.2974, 32.4321 ], [ -92.2956, 32.4595 ] ] ] } },
{ "type": "Feature", "properties": { "GEOIDFQ": "1400000US22073005304", "NAME": "53.04", "NAMELSAD": "Census Tract 53.04" }, "geometry": { "type": "Polygon", "coordinates": [ [ [ -92.2453, 32.5191 ], [ -92.2179, 32.5145 ], [ -92.2087, 32.5379 ], [ -92.1875, 32.5343 ], [ -92.1919, 32.5108 ], [ -92.2462, 32.5099 ], [ -92.2453, 32.5191 ] ] ] } },
{ "type": "Feature", "properties": { "GEOIDFQ": "1400000US22055001425", "NAME": "14.25", "NAMELSAD": "Census Tract 14.25" }, "geometry": { "type": "Polygon", "coordinates": [ [ [ -91.9664, 30.1672 ], [ -91.9337, 30.1532 ], [ -91.9061, 30.1537 ], [ -91.9341, 30.1197 ], [ -91.9414, 30.0998 ], [ -91.9433, 30.1175 ], [ -91.9652, 30.1165 ], [ -91.964, 30.1481 ], [ -91.9778, 30.1516 ], [ -91.9664, 30.1672 ] ] ] } },
{ "type": "Feature", "properties": { "GEOIDFQ": "1400000US22055001416", "NAME": "14.16", "NAMELSAD": "Census Tract 14.16" }, "geometry": { "type": "Polygon", "coordinates": [ [ [ -92.0248, 30.1558 ], [ -92.0077, 30.1449 ], [ -92.0076, 30.1353 ], [ -92.0225, 30.1392 ], [ -92.0321, 30.1307 ], [ -92.0248, 30.1558 ] ] ] } },
{ "type": "Feature", "properties": { "GEOIDFQ": "1400000US22055001426", "NAME": "14.26", "NAMELSAD": "Census Tract 14.26" }, "geometry": { "type": "Polygon", "coordinates": [ [ [ -92.0074, 30.1238 ], [ -91.9905, 30.1219 ], [ -91.9904, 30.1307 ], [ -91.9744, 30.1294 ], [ -91.9737, 30.0874 ], [ -91.9906, 30.0874 ], [ -91.9906, 30.102 ], [ -92.007, 30.102 ], [ -92.0074, 30.1238 ] ] ] } },
{ "type": "Feature", "properties": { "GEOIDFQ": "1400000US22055001427", "NAME": "14.27", "NAMELSAD": "Census Tract 14.27" }, "geometry": { "type": "Polygon", "coordinates": [ [ [ -91.9906, 30.0874 ], [ -91.9737, 30.0874 ], [ -91.9736, 30.1165 ], [ -91.9433, 30.1175 ], [ -91.9414, 30.0998 ], [ -91.9646, 30.037 ], [ -91.9903, 30.0465 ], [ -91.9906, 30.0874 ] ] ] } },
{ "type": "Feature", "properties": { "GEOIDFQ": "1400000US22055001428", "NAME": "14.28", "NAMELSAD": "Census Tract 14.28" }, "geometry": { "type": "Polygon", "coordinates": [ [ [ -92.0324, 30.0658 ], [ -92.0325, 30.1093 ], [ -92.0075, 30.1091 ], [ -92.007, 30.102 ], [ -91.9906, 30.102 ], [ -91.9903, 30.0465 ], [ -92.0432, 30.0658 ], [ -92.0324, 30.0658 ] ] ] } },
{ "type": "Feature", "properties": { "GEOIDFQ": "1400000US22055001422", "NAME": "14.22", "NAMELSAD": "Census Tract 14.22" }, "geometry": { "type": "Polygon", "coordinates": [ [ [ -92.0543, 30.1698 ], [ -92.0478, 30.1699 ], [ -92.0483, 30.1809 ], [ -92.0361, 30.1674 ], [ -92.0483, 30.1565 ], [ -92.0543, 30.1698 ] ] ] } },
{ "type": "Feature", "properties": { "GEOIDFQ": "1400000US22055002105", "NAME": "21.05", "NAMELSAD": "Census Tract 21.05" }, "geometry": { "type": "Polygon", "coordinates": [ [ [ -92.0319, 30.3453 ], [ -92.0162, 30.3449 ], [ -92.0114, 30.3532 ], [ -91.9806, 30.3503 ], [ -91.9769, 30.3402 ], [ -91.991, 30.3262 ], [ -91.9831, 30.2937 ], [ -92.0073, 30.2948 ], [ -92.0069, 30.3197 ], [ -92.0343, 30.3223 ], [ -92.0389, 30.3372 ], [ -92.0319, 30.3453 ] ] ] } },
{ "type": "Feature", "properties": { "GEOIDFQ": "1400000US22055002003", "NAME": "20.03", "NAMELSAD": "Census Tract 20.03" }, "geometry": { "type": "Polygon", "coordinates": [ [ [ -92.0913, 30.247 ], [ -92.0911, 30.2542 ], [ -92.0829, 30.2543 ], [ -92.083, 30.2756 ], [ -92.0592, 30.2758 ], [ -92.0693, 30.2644 ], [ -92.0763, 30.2349 ], [ -92.1074, 30.2351 ], [ -92.1076, 30.2471 ], [ -92.0913, 30.247 ] ] ] } },
{ "type": "Feature", "properties": { "GEOIDFQ": "1400000US22055001412", "NAME": "14.12", "NAMELSAD": "Census Tract 14.12" }, "geometry": { "type": "Polygon", "coordinates": [ [ [ -92.0745, 30.1781 ], [ -92.0558, 30.1626 ], [ -92.0634, 30.1614 ], [ -92.0604, 30.1511 ], [ -92.0668, 30.1455 ], [ -92.09, 30.1549 ], [ -92.0745, 30.1781 ] ] ] } },
{ "type": "Feature", "properties": { "GEOIDFQ": "1400000US22055001414", "NAME": "14.14", "NAMELSAD": "Census Tract 14.14" }, "geometry": { "type": "Polygon", "coordinates": [ [ [ -92.0541, 30.1343 ], [ -92.0377, 30.1381 ], [ -92.0324, 30.0946 ], [ -92.0511, 30.0947 ], [ -92.063, 30.1164 ], [ -92.0541, 30.1343 ] ] ] } },
{ "type": "Feature", "properties": { "GEOIDFQ": "1400000US22055001417", "NAME": "14.17", "NAMELSAD": "Census Tract 14.17" }, "geometry": { "type": "Polygon", "coordinates": [ [ [ -92.0225, 30.1392 ], [ -92.0076, 30.1353 ], [ -92.0077, 30.1449 ], [ -91.9917, 30.1449 ], [ -91.9905, 30.1219 ], [ -92.0074, 30.1238 ], [ -92.0075, 30.1091 ], [ -92.0325, 30.1093 ], [ -92.0325, 30.1313 ], [ -92.0225, 30.1392 ] ] ] } },
{ "type": "Feature", "properties": { "GEOIDFQ": "1400000US22055001413", "NAME": "14.13", "NAMELSAD": "Census Tract 14.13" }, "geometry": { "type": "Polygon", "coordinates": [ [ [ -92.09, 30.1549 ], [ -92.0744, 30.1465 ], [ -92.0812, 30.1287 ], [ -92.1194, 30.1216 ], [ -92.09, 30.1549 ] ] ] } },
{ "type": "Feature", "properties": { "GEOIDFQ": "1400000US22055001907", "NAME": "19.07", "NAMELSAD": "Census Tract 19.07" }, "geometry": { "type": "Polygon", "coordinates": [ [ [ -92.275, 30.1462 ], [ -92.251, 30.1707 ], [ -92.2479, 30.2113 ], [ -92.2146, 30.2222 ], [ -92.2101, 30.2354 ], [ -92.1761, 30.2354 ], [ -92.1755, 30.1329 ], [ -92.2029, 30.1427 ], [ -92.227, 30.1369 ], [ -92.244, 30.1444 ], [ -92.2511, 30.1391 ], [ -92.2627, 30.1444 ], [ -92.2791, 30.1414 ], [ -92.2847, 30.1474 ], [ -92.275, 30.1462 ] ] ] } },
{ "type": "Feature", "properties": { "GEOIDFQ": "1400000US22055002106", "NAME": "21.06", "NAMELSAD": "Census Tract 21.06" }, "geometry": { "type": "Polygon", "coordinates": [ [ [ -92.0484, 30.3813 ], [ -92.027, 30.3599 ], [ -92.0152, 30.3717 ], [ -92.0016, 30.3645 ], [ -91.9934, 30.3703 ], [ -91.9538, 30.36 ], [ -91.9529, 30.3387 ], [ -91.9662, 30.3244 ], [ -91.9523, 30.2928 ], [ -91.9831, 30.2937 ], [ -91.991, 30.3262 ], [ -91.9769, 30.3402 ], [ -91.9806, 30.3503 ], [ -92.0114, 30.3532 ], [ -92.0162, 30.3449 ], [ -92.0319, 30.3453 ], [ -92.0392, 30.337 ], [ -92.0533, 30.379 ], [ -92.0484, 30.3813 ] ] ] } },
{ "type": "Feature", "properties": { "GEOIDFQ": "1400000US22055001415", "NAME": "14.15", "NAMELSAD": "Census Tract 14.15" }, "geometry": { "type": "Polygon", "coordinates": [ [ [ -92.0758, 30.1418 ], [ -92.056, 30.1315 ], [ -92.0629, 30.1158 ], [ -92.0511, 30.0947 ], [ -92.0324, 30.0946 ], [ -92.0325, 30.0656 ], [ -92.0662, 30.0739 ], [ -92.0909, 30.1188 ], [ -92.0758, 30.1418 ] ] ] } },
{ "type": "Feature", "properties": { "GEOIDFQ": "1400000US22055002004", "NAME": "20.04", "NAMELSAD": "Census Tract 20.04" }, "geometry": { "type": "Polygon", "coordinates": [ [ [ -92.1123, 30.276 ], [ -92.0913, 30.2736 ], [ -92.0914, 30.2978 ], [ -92.0635, 30.2978 ], [ -92.0585, 30.2908 ], [ -92.0592, 30.2758 ], [ -92.083, 30.2756 ], [ -92.0829, 30.2544 ], [ -92.0911, 30.2542 ], [ -92.0913, 30.247 ], [ -92.1076, 30.2471 ], [ -92.1123, 30.276 ] ] ] } },
{ "type": "Feature", "properties": { "GEOIDFQ": "1400000US22055001302", "NAME": "13.02", "NAMELSAD": "Census Tract 13.02" }, "geometry": { "type": "Polygon", "coordinates": [ [ [ -92.0023, 30.2345 ], [ -91.9843, 30.2324 ], [ -91.9931, 30.2198 ], [ -92.0072, 30.2305 ], [ -92.0023, 30.2345 ] ] ] } },
{ "type": "Feature", "properties": { "GEOIDFQ": "1400000US22055001906", "NAME": "19.06", "NAMELSAD": "Census Tract 19.06" }, "geometry": { "type": "Polygon", "coordinates": [ [ [ -92.1421, 30.2353 ], [ -92.1416, 30.1377 ], [ -92.1501, 30.1371 ], [ -92.15, 30.1237 ], [ -92.1755, 30.1329 ], [ -92.1761, 30.2354 ], [ -92.1421, 30.2353 ] ] ] } },
{ "type": "Feature", "properties": { "GEOIDFQ": "1400000US22055001201", "NAME": "12.01", "NAMELSAD": "Census Tract 12.01" }, "geometry": { "type": "Polygon", "coordinates": [ [ [ -92.0074, 30.2391 ], [ -91.9829, 30.2497 ], [ -91.9811, 30.2584 ], [ -91.9681, 30.259 ], [ -91.9643, 30.2403 ], [ -91.981, 30.2322 ], [ -92.0088, 30.2325 ], [ -92.0074, 30.2391 ] ] ] } },
{ "type": "Feature", "properties": { "GEOIDFQ": "1400000US22055001202", "NAME": "12.02", "NAMELSAD": "Census Tract 12.02" }, "geometry": { "type": "Polygon", "coordinates": [ [ [ -92.0012, 30.2652 ], [ -91.9499, 30.281 ], [ -91.9811, 30.2584 ], [ -91.9837, 30.2491 ], [ -92.0074, 30.2391 ], [ -92.0076, 30.2627 ], [ -92.0012, 30.2652 ] ] ] } },
{ "type": "Feature", "properties": { "GEOIDFQ": "1400000US22055000605", "NAME": "6.05", "NAMELSAD": "Census Tract 6.05" }, "geometry": { "type": "Polygon", "coordinates": [ [ [ -92.0521, 30.2224 ], [ -92.047, 30.2149 ], [ -92.0565, 30.2073 ], [ -92.0628, 30.2147 ], [ -92.0521, 30.2224 ] ] ] } },
{ "type": "Feature", "properties": { "GEOIDFQ": "1400000US22055001909", "NAME": "19.09", "NAMELSAD": "Census Tract 19.09" }, "geometry": { "type": "Polygon", "coordinates": [ [ [ -92.1421, 30.2353 ], [ -92.0983, 30.2351 ], [ -92.0996, 30.2106 ], [ -92.1419, 30.2118 ], [ -92.1421, 30.2353 ] ] ] } },
{ "type": "Feature", "properties": { "GEOIDFQ": "1400000US22055001423", "NAME": "14.23", "NAMELSAD": "Census Tract 14.23" }, "geometry": { "type": "Polygon", "coordinates": [ [ [ -92.0365, 30.1773 ], [ -92.0376, 30.1861 ], [ -92.0162, 30.1953 ], [ -92.0165, 30.1837 ], [ -92.0361, 30.1674 ], [ -92.0483, 30.1809 ], [ -92.0365, 30.1773 ] ] ] } },
{ "type": "Feature", "properties": { "GEOIDFQ": "1400000US22019003200", "NAME": "32", "NAMELSAD": "Census Tract 32" }, "geometry": { "type": "Polygon", "coordinates": [ [ [ -93.5224, 30.0555 ], [ -93.5182, 30.0956 ], [ -93.4767, 30.0962 ], [ -93.4386, 30.1071 ], [ -93.4346, 30.1398 ], [ -93.3593, 30.1397 ], [ -93.3592, 30.1471 ], [ -93.3507, 30.1471 ], [ -93.3466, 30.1836 ], [ -93.3548, 30.2157 ], [ -93.322, 30.2168 ], [ -93.3085, 30.2249 ], [ -93.3086, 30.237 ], [ -93.2469, 30.237 ], [ -93.2374, 30.2305 ], [ -93.2372, 30.22 ], [ -93.2588, 30.2195 ], [ -93.2597, 30.2101 ], [ -93.28, 30.2018 ], [ -93.2847, 30.1763 ], [ -93.3071, 30.1698 ], [ -93.306, 30.1817 ], [ -93.3119, 30.1824 ], [ -93.3196, 30.1615 ], [ -93.3327, 30.1524 ], [ -93.3163, 30.1399 ], [ -93.3285, 30.1316 ], [ -93.3363, 30.113 ], [ -93.3254, 30.0935 ], [ -93.309, 30.1013 ], [ -93.3006, 30.0907 ], [ -93.3025, 30.0807 ], [ -93.3229, 30.0688 ], [ -93.3126, 30.0522 ], [ -93.5305, 30.0519 ], [ -93.5224, 30.0555 ] ] ] } },
{ "type": "Feature", "properties": { "GEOIDFQ": "1400000US22055001301", "NAME": "13.01", "NAMELSAD": "Census Tract 13.01" }, "geometry": { "type": "Polygon", "coordinates": [ [ [ -91.9882, 30.23 ], [ -91.9686, 30.239 ], [ -91.9428, 30.2366 ], [ -91.9436, 30.226 ], [ -91.9526, 30.2244 ], [ -91.9579, 30.2119 ], [ -91.9769, 30.2109 ], [ -91.9931, 30.2198 ], [ -91.9882, 30.23 ] ] ] } },
{ "type": "Feature", "properties": { "GEOIDFQ": "1400000US22055001908", "NAME": "19.08", "NAMELSAD": "Census Tract 19.08" }, "geometry": { "type": "Polygon", "coordinates": [ [ [ -92.0983, 30.2351 ], [ -92.0763, 30.2349 ], [ -92.0756, 30.2105 ], [ -92.0996, 30.2106 ], [ -92.0983, 30.2351 ] ] ] } },
{ "type": "Feature", "properties": { "GEOIDFQ": "1400000US22055000606", "NAME": "6.06", "NAMELSAD": "Census Tract 6.06" }, "geometry": { "type": "Polygon", "coordinates": [ [ [ -92.0632, 30.2145 ], [ -92.0565, 30.2073 ], [ -92.0752, 30.196 ], [ -92.0756, 30.2105 ], [ -92.0632, 30.2145 ] ] ] } },
{ "type": "Feature", "properties": { "GEOIDFQ": "1400000US22055001418", "NAME": "14.18", "NAMELSAD": "Census Tract 14.18" }, "geometry": { "type": "Polygon", "coordinates": [ [ [ -92.0183, 30.1716 ], [ -92.0024, 30.1767 ], [ -92.0146, 30.1622 ], [ -92.0107, 30.1554 ], [ -92.019, 30.1511 ], [ -92.0244, 30.1564 ], [ -92.0183, 30.1716 ] ] ] } },
{ "type": "Feature", "properties": { "GEOIDFQ": "1400000US22055001420", "NAME": "14.20", "NAMELSAD": "Census Tract 14.20" }, "geometry": { "type": "Polygon", "coordinates": [ [ [ -92.0141, 30.1886 ], [ -92.0024, 30.1767 ], [ -92.0177, 30.1721 ], [ -92.0206, 30.1653 ], [ -92.0297, 30.1729 ], [ -92.0141, 30.1886 ] ] ] } },
{ "type": "Feature", "properties": { "GEOIDFQ": "1400000US22055001424", "NAME": "14.24", "NAMELSAD": "Census Tract 14.24" }, "geometry": { "type": "Polygon", "coordinates": [ [ [ -91.991, 30.1607 ], [ -91.964, 30.1481 ], [ -91.9652, 30.1165 ], [ -91.9736, 30.1165 ], [ -91.9744, 30.1294 ], [ -91.9904, 30.1307 ], [ -91.991, 30.1607 ] ] ] } },
{ "type": "Feature", "properties": { "GEOIDFQ": "1400000US22055001419", "NAME": "14.19", "NAMELSAD": "Census Tract 14.19" }, "geometry": { "type": "Polygon", "coordinates": [ [ [ -92.0107, 30.1554 ], [ -92.0146, 30.1622 ], [ -92.0004, 30.1745 ], [ -91.991, 30.1607 ], [ -91.9917, 30.1449 ], [ -92.0148, 30.145 ], [ -92.0189, 30.1512 ], [ -92.0107, 30.1554 ] ] ] } },
{ "type": "Feature", "properties": { "GEOIDFQ": "1400000US22063040203", "NAME": "402.03", "NAMELSAD": "Census Tract 402.03" }, "geometry": { "type": "Polygon", "coordinates": [ [ [ -90.8556, 30.6236 ], [ -90.8405, 30.6272 ], [ -90.8135, 30.6099 ], [ -90.7707, 30.5958 ], [ -90.753, 30.5582 ], [ -90.7529, 30.5229 ], [ -90.8475, 30.5334 ], [ -90.8482, 30.5764 ], [ -90.8584, 30.6111 ], [ -90.8556, 30.6236 ] ] ] } },
{ "type": "Feature", "properties": { "GEOIDFQ": "1400000US22063040813", "NAME": "408.13", "NAMELSAD": "Census Tract 408.13" }, "geometry": { "type": "Polygon", "coordinates": [ [ [ -90.8663, 30.4182 ], [ -90.8586, 30.434 ], [ -90.8543, 30.3957 ], [ -90.8764, 30.3926 ], [ -90.8782, 30.4067 ], [ -90.8663, 30.4182 ] ] ] } },
{ "type": "Feature", "properties": { "GEOIDFQ": "1400000US22063040812", "NAME": "408.12", "NAMELSAD": "Census Tract 408.12" }, "geometry": { "type": "Polygon", "coordinates": [ [ [ -90.8629, 30.47 ], [ -90.8586, 30.434 ], [ -90.8649, 30.4215 ], [ -90.8907, 30.4412 ], [ -90.9012, 30.4414 ], [ -90.8987, 30.4334 ], [ -90.9058, 30.43 ], [ -90.9177, 30.4644 ], [ -90.8629, 30.47 ] ] ] } },
{ "type": "Feature", "properties": { "GEOIDFQ": "1400000US22063040811", "NAME": "408.11", "NAMELSAD": "Census Tract 408.11" }, "geometry": { "type": "Polygon", "coordinates": [ [ [ -90.8629, 30.47 ], [ -90.7851, 30.4739 ], [ -90.7928, 30.455 ], [ -90.7881, 30.4421 ], [ -90.7923, 30.4289 ], [ -90.7807, 30.4274 ], [ -90.7731, 30.4186 ], [ -90.7803, 30.3984 ], [ -90.8028, 30.3932 ], [ -90.8146, 30.399 ], [ -90.8542, 30.3956 ], [ -90.8629, 30.47 ] ] ] } },
{ "type": "Feature", "properties": { "GEOIDFQ": "1400000US22063040404", "NAME": "404.04", "NAMELSAD": "Census Tract 404.04" }, "geometry": { "type": "Polygon", "coordinates": [ [ [ -90.864, 30.4955 ], [ -90.8629, 30.47 ], [ -90.8948, 30.4662 ], [ -90.8919, 30.4788 ], [ -90.8988, 30.4912 ], [ -90.864, 30.4955 ] ] ] } },
{ "type": "Feature", "properties": { "GEOIDFQ": "1400000US22063040814", "NAME": "408.14", "NAMELSAD": "Census Tract 408.14" }, "geometry": { "type": "Polygon", "coordinates": [ [ [ -90.9134, 30.4386 ], [ -90.9039, 30.4285 ], [ -90.9012, 30.4414 ], [ -90.8905, 30.4411 ], [ -90.8649, 30.4215 ], [ -90.8781, 30.4071 ], [ -90.8764, 30.3926 ], [ -90.892, 30.3928 ], [ -90.9232, 30.4227 ], [ -90.9134, 30.4386 ] ] ] } },
{ "type": "Feature", "properties": { "GEOIDFQ": "1400000US22063040405", "NAME": "404.05", "NAMELSAD": "Census Tract 404.05" }, "geometry": { "type": "Polygon", "coordinates": [ [ [ -90.8071, 30.5008 ], [ -90.8004, 30.4823 ], [ -90.7851, 30.4739 ], [ -90.8629, 30.47 ], [ -90.864, 30.4955 ], [ -90.8071, 30.5008 ] ] ] } },
{ "type": "Feature", "properties": { "GEOIDFQ": "1400000US22029000202", "NAME": "2.02", "NAMELSAD": "Census Tract 2.02" }, "geometry": { "type": "Polygon", "coordinates": [ [ [ -91.6424, 31.6078 ], [ -91.6108, 31.6123 ], [ -91.5848, 31.6262 ], [ -91.5771, 31.6394 ], [ -91.5516, 31.6349 ], [ -91.5552, 31.6224 ], [ -91.5427, 31.6249 ], [ -91.5298, 31.6186 ], [ -91.546, 31.5933 ], [ -91.5573, 31.5913 ], [ -91.5577, 31.6023 ], [ -91.5643, 31.6152 ], [ -91.5667, 31.6143 ], [ -91.5611, 31.6056 ], [ -91.5855, 31.597 ], [ -91.5985, 31.5755 ], [ -91.6105, 31.5887 ], [ -91.6308, 31.5861 ], [ -91.6428, 31.5979 ], [ -91.6424, 31.6078 ] ] ] } },
{ "type": "Feature", "properties": { "GEOIDFQ": "1400000US22029000201", "NAME": "2.01", "NAMELSAD": "Census Tract 2.01" }, "geometry": { "type": "Polygon", "coordinates": [ [ [ -91.5709, 31.6623 ], [ -91.5405, 31.678 ], [ -91.534, 31.6797 ], [ -91.5176, 31.6629 ], [ -91.542, 31.6355 ], [ -91.5411, 31.6241 ], [ -91.5552, 31.6224 ], [ -91.5516, 31.6349 ], [ -91.5767, 31.6401 ], [ -91.5709, 31.6623 ] ] ] } },
{ "type": "Feature", "properties": { "GEOIDFQ": "1400000US22115950703", "NAME": "9507.03", "NAMELSAD": "Census Tract 9507.03" }, "geometry": { "type": "Polygon", "coordinates": [ [ [ -93.1952, 31.1163 ], [ -93.1926, 31.0936 ], [ -93.2068, 31.0642 ], [ -93.2188, 31.062 ], [ -93.2206, 31.0745 ], [ -93.2309, 31.078 ], [ -93.2361, 31.1148 ], [ -93.1952, 31.1163 ] ] ] } },
{ "type": "Feature", "properties": { "GEOIDFQ": "1400000US22005030102", "NAME": "301.02", "NAMELSAD": "Census Tract 301.02" }, "geometry": { "type": "Polygon", "coordinates": [ [ [ -90.8707, 30.2845 ], [ -90.8701, 30.2405 ], [ -90.9039, 30.2401 ], [ -90.9046, 30.2843 ], [ -90.8707, 30.2845 ] ] ] } },
{ "type": "Feature", "properties": { "GEOIDFQ": "1400000US22005030600", "NAME": "306", "NAMELSAD": "Census Tract 306" }, "geometry": { "type": "Polygon", "coordinates": [ [ [ -90.9627, 30.1996 ], [ -90.9623, 30.2105 ], [ -90.8763, 30.2137 ], [ -90.8537, 30.2011 ], [ -90.8485, 30.196 ], [ -90.8533, 30.1894 ], [ -90.8141, 30.1598 ], [ -90.8519, 30.1493 ], [ -90.8761, 30.1498 ], [ -90.9097, 30.1729 ], [ -90.9432, 30.1662 ], [ -90.9548, 30.1577 ], [ -90.9865, 30.185 ], [ -90.9627, 30.1996 ] ] ] } },
{ "type": "Feature", "properties": { "GEOIDFQ": "1400000US22115950802", "NAME": "9508.02", "NAMELSAD": "Census Tract 9508.02" }, "geometry": { "type": "Polygon", "coordinates": [ [ [ -93.2595, 30.9342 ], [ -93.2348, 30.9343 ], [ -93.2346, 30.9417 ], [ -93.1975, 30.9413 ], [ -93.1443, 30.9632 ], [ -93.0065, 30.9683 ], [ -92.8908, 30.9121 ], [ -92.824, 30.8889 ], [ -92.8242, 30.8772 ], [ -93.2355, 30.883 ], [ -93.2595, 30.9342 ] ] ] } },
{ "type": "Feature", "properties": { "GEOIDFQ": "1400000US22115950801", "NAME": "9508.01", "NAMELSAD": "Census Tract 9508.01" }, "geometry": { "type": "Polygon", "coordinates": [ [ [ -93.27, 31.0291 ], [ -93.2291, 31.029 ], [ -93.2322, 31.0364 ], [ -93.2183, 31.0365 ], [ -93.2185, 31.0182 ], [ -93.1858, 31.0032 ], [ -93.1731, 31.0088 ], [ -93.1724, 31.015 ], [ -93.1004, 31.0143 ], [ -93.0868, 31.0075 ], [ -93.0699, 31.0204 ], [ -93.0459, 31.0225 ], [ -93.0464, 31.0317 ], [ -93.0359, 31.0413 ], [ -93.0144, 31.0348 ], [ -92.9961, 31.0488 ], [ -92.9396, 31.017 ], [ -92.9046, 31.0132 ], [ -92.8676, 31.0674 ], [ -92.8923, 31.0879 ], [ -92.9029, 31.0987 ], [ -92.9216, 31.1141 ], [ -92.9237, 31.1159 ], [ -92.9237, 31.1162 ], [ -92.8983, 31.1219 ], [ -92.8757, 31.1027 ], [ -92.8632, 31.1066 ], [ -92.8399, 31.098 ], [ -92.8286, 31.1085 ], [ -92.824, 30.8889 ], [ -92.8908, 30.9121 ], [ -93.0068, 30.9684 ], [ -93.1443, 30.9632 ], [ -93.1975, 30.9413 ], [ -93.2346, 30.9417 ], [ -93.2348, 30.9343 ], [ -93.2595, 30.9342 ], [ -93.2616, 30.9287 ], [ -93.2627, 30.9534 ], [ -93.269, 30.9634 ], [ -93.2824, 30.9636 ], [ -93.2847, 30.98 ], [ -93.27, 31.0291 ] ] ] } },
{ "type": "Feature", "properties": { "GEOIDFQ": "1400000US22115950301", "NAME": "9503.01", "NAMELSAD": "Census Tract 9503.01" }, "geometry": { "type": "Polygon", "coordinates": [ [ [ -93.5537, 31.0939 ], [ -93.5582, 31.098 ], [ -93.5491, 31.1002 ], [ -93.5394, 31.1152 ], [ -93.5487, 31.1558 ], [ -93.5365, 31.1585 ], [ -93.5429, 31.1713 ], [ -93.5313, 31.1798 ], [ -93.5343, 31.1854 ], [ -93.5551, 31.1874 ], [ -93.5447, 31.204 ], [ -93.4988, 31.1939 ], [ -93.4598, 31.1992 ], [ -93.4296, 31.2259 ], [ -93.3796, 31.2389 ], [ -93.3657, 31.2082 ], [ -93.329, 31.2244 ], [ -93.3027, 31.1907 ], [ -93.2839, 31.1782 ], [ -93.285, 31.1675 ], [ -93.3228, 31.1489 ], [ -93.3256, 31.1401 ], [ -93.3564, 31.1256 ], [ -93.379, 31.1053 ], [ -93.386, 31.1036 ], [ -93.4036, 31.117 ], [ -93.4218, 31.1119 ], [ -93.4392, 31.0703 ], [ -93.4639, 31.0737 ], [ -93.4805, 31.0631 ], [ -93.5124, 31.0715 ], [ -93.5197, 31.0649 ], [ -93.5277, 31.0746 ], [ -93.5522, 31.0789 ], [ -93.5493, 31.0904 ], [ -93.5558, 31.087 ], [ -93.5637, 31.096 ], [ -93.5537, 31.0939 ] ] ] } },
{ "type": "Feature", "properties": { "GEOIDFQ": "1400000US22115950501", "NAME": "9505.01", "NAMELSAD": "Census Tract 9505.01" }, "geometry": { "type": "Polygon", "coordinates": [ [ [ -93.3035, 31.1455 ], [ -93.2597, 31.1434 ], [ -93.254, 31.1288 ], [ -93.2683, 31.1176 ], [ -93.2886, 31.1297 ], [ -93.2991, 31.1237 ], [ -93.3035, 31.1455 ] ] ] } },
{ "type": "Feature", "properties": { "GEOIDFQ": "1400000US22115950901", "NAME": "9509.01", "NAMELSAD": "Census Tract 9509.01" }, "geometry": { "type": "Polygon", "coordinates": [ [ [ -93.3765, 31.0838 ], [ -93.345, 31.0632 ], [ -93.3314, 31.0632 ], [ -93.3136, 31.0755 ], [ -93.2738, 31.0729 ], [ -93.2628, 31.0595 ], [ -93.2354, 31.0534 ], [ -93.2291, 31.029 ], [ -93.27, 31.0291 ], [ -93.2801, 31.0063 ], [ -93.282, 30.9415 ], [ -93.3305, 30.9413 ], [ -93.3309, 30.9493 ], [ -93.3536, 30.9532 ], [ -93.3455, 30.9641 ], [ -93.3512, 30.9781 ], [ -93.3449, 30.9912 ], [ -93.3749, 31.0283 ], [ -93.3699, 31.059 ], [ -93.3809, 31.074 ], [ -93.3765, 31.0838 ] ] ] } },
{ "type": "Feature", "properties": { "GEOIDFQ": "1400000US22115950502", "NAME": "9505.02", "NAMELSAD": "Census Tract 9505.02" }, "geometry": { "type": "Polygon", "coordinates": [ [ [ -93.3095, 31.1162 ], [ -93.3181, 31.1183 ], [ -93.3172, 31.129 ], [ -93.3068, 31.1384 ], [ -93.2991, 31.1237 ], [ -93.2886, 31.1297 ], [ -93.2702, 31.1182 ], [ -93.2619, 31.1202 ], [ -93.2817, 31.0875 ], [ -93.2883, 31.0976 ], [ -93.315, 31.0813 ], [ -93.3197, 31.0984 ], [ -93.3095, 31.1162 ] ] ] } },
{ "type": "Feature", "properties": { "GEOIDFQ": "1400000US22115950902", "NAME": "9509.02", "NAMELSAD": "Census Tract 9509.02" }, "geometry": { "type": "Polygon", "coordinates": [ [ [ -93.3987, 30.8957 ], [ -93.3903, 30.9199 ], [ -93.351, 30.9411 ], [ -93.3536, 30.9532 ], [ -93.3309, 30.9493 ], [ -93.3305, 30.9413 ], [ -93.282, 30.9415 ], [ -93.2824, 30.9636 ], [ -93.269, 30.9634 ], [ -93.2644, 30.9567 ], [ -93.2596, 30.92 ], [ -93.2347, 30.8878 ], [ -93.2355, 30.883 ], [ -93.4225, 30.8855 ], [ -93.3987, 30.8957 ] ] ] } },
{ "type": "Feature", "properties": { "GEOIDFQ": "1400000US22115950302", "NAME": "9503.02", "NAMELSAD": "Census Tract 9503.02" }, "geometry": { "type": "Polygon", "coordinates": [ [ [ -93.5666, 31.0131 ], [ -93.5559, 31.0037 ], [ -93.5494, 31.0101 ], [ -93.5392, 31.0082 ], [ -93.5325, 31.0197 ], [ -93.5085, 31.0294 ], [ -93.5247, 31.039 ], [ -93.5189, 31.0437 ], [ -93.5322, 31.0552 ], [ -93.5211, 31.0573 ], [ -93.5137, 31.0708 ], [ -93.4805, 31.0631 ], [ -93.4639, 31.0737 ], [ -93.4367, 31.0713 ], [ -93.4218, 31.1119 ], [ -93.4036, 31.117 ], [ -93.386, 31.1036 ], [ -93.3911, 31.0901 ], [ -93.3706, 31.0612 ], [ -93.3749, 31.0283 ], [ -93.3449, 30.9912 ], [ -93.3512, 30.9781 ], [ -93.3455, 30.9641 ], [ -93.3543, 30.9543 ], [ -93.3509, 30.9412 ], [ -93.3903, 30.9199 ], [ -93.3945, 30.9009 ], [ -93.4048, 30.8908 ], [ -93.4168, 30.8902 ], [ -93.4216, 30.8828 ], [ -93.4357, 30.8818 ], [ -93.4449, 30.8715 ], [ -93.4787, 30.8592 ], [ -93.5096, 30.8685 ], [ -93.5232, 30.8798 ], [ -93.5541, 30.8777 ], [ -93.563, 30.8681 ], [ -93.5733, 30.887 ], [ -93.5663, 30.8948 ], [ -93.5492, 30.8974 ], [ -93.5586, 30.9132 ], [ -93.5457, 30.9271 ], [ -93.5434, 30.9202 ], [ -93.532, 30.9238 ], [ -93.526, 30.9375 ], [ -93.5318, 30.9582 ], [ -93.5431, 30.9567 ], [ -93.5498, 30.9671 ], [ -93.5735, 30.9712 ], [ -93.5643, 30.9897 ], [ -93.5782, 31.0 ], [ -93.5666, 31.0131 ] ] ] } },
{ "type": "Feature", "properties": { "GEOIDFQ": "1400000US22091951100", "NAME": "9511", "NAMELSAD": "Census Tract 9511" }, "geometry": { "type": "Polygon", "coordinates": [ [ [ -90.8456, 30.9604 ], [ -90.8431, 30.9866 ], [ -90.8258, 30.9994 ], [ -90.5672, 30.9997 ], [ -90.5672, 30.8248 ], [ -90.6533, 30.8221 ], [ -90.6861, 30.831 ], [ -90.7313, 30.8213 ], [ -90.8066, 30.8187 ], [ -90.8144, 30.8121 ], [ -90.8279, 30.812 ], [ -90.8404, 30.7999 ], [ -90.8354, 30.82 ], [ -90.8502, 30.832 ], [ -90.841, 30.8472 ], [ -90.8469, 30.8491 ], [ -90.8449, 30.855 ], [ -90.8583, 30.8589 ], [ -90.8532, 30.866 ], [ -90.8614, 30.8707 ], [ -90.8451, 30.8878 ], [ -90.8549, 30.8979 ], [ -90.8517, 30.9118 ], [ -90.863, 30.942 ], [ -90.8456, 30.9604 ] ] ] } },
{ "type": "Feature", "properties": { "GEOIDFQ": "1400000US22105954001", "NAME": "9540.01", "NAMELSAD": "Census Tract 9540.01" }, "geometry": { "type": "Polygon", "coordinates": [ [ [ -90.4529, 30.5848 ], [ -90.453, 30.5485 ], [ -90.4617, 30.5485 ], [ -90.4616, 30.5194 ], [ -90.4828, 30.5192 ], [ -90.4832, 30.5764 ], [ -90.4529, 30.5848 ] ] ] } },
{ "type": "Feature", "properties": { "GEOIDFQ": "1400000US22071004600", "NAME": "46", "NAMELSAD": "Census Tract 46" }, "geometry": { "type": "Polygon", "coordinates": [ [ [ -90.0901, 29.9841 ], [ -90.0876, 29.9799 ], [ -90.0903, 29.9759 ], [ -90.1051, 29.9838 ], [ -90.0901, 29.9841 ] ] ] } },
{ "type": "Feature", "properties": { "GEOIDFQ": "1400000US22071000616", "NAME": "6.16", "NAMELSAD": "Census Tract 6.16" }, "geometry": { "type": "Polygon", "coordinates": [ [ [ -89.9855, 29.9204 ], [ -89.9873, 29.907 ], [ -90.0018, 29.9135 ], [ -90.0019, 29.9228 ], [ -89.9855, 29.9204 ] ] ] } },
{ "type": "Feature", "properties": { "GEOIDFQ": "1400000US22019000700", "NAME": "7", "NAMELSAD": "Census Tract 7" }, "geometry": { "type": "Polygon", "coordinates": [ [ [ -93.2189, 30.213 ], [ -93.2186, 30.1972 ], [ -93.2378, 30.197 ], [ -93.2409, 30.2073 ], [ -93.2591, 30.2111 ], [ -93.2601, 30.2179 ], [ -93.2189, 30.213 ] ] ] } },
{ "type": "Feature", "properties": { "GEOIDFQ": "1400000US22019002300", "NAME": "23", "NAMELSAD": "Census Tract 23" }, "geometry": { "type": "Polygon", "coordinates": [ [ [ -93.5302, 30.3364 ], [ -93.5362, 30.3457 ], [ -93.5226, 30.3816 ], [ -93.5263, 30.4028 ], [ -93.4862, 30.4025 ], [ -93.4862, 30.4156 ], [ -93.4404, 30.4015 ], [ -93.4242, 30.4233 ], [ -93.4178, 30.4064 ], [ -93.2831, 30.4029 ], [ -93.2912, 30.4008 ], [ -93.2933, 30.375 ], [ -93.3023, 30.3658 ], [ -93.2855, 30.3414 ], [ -93.2965, 30.3163 ], [ -93.2782, 30.3108 ], [ -93.278, 30.2902 ], [ -93.3012, 30.2937 ], [ -93.3105, 30.2872 ], [ -93.3358, 30.297 ], [ -93.3668, 30.2907 ], [ -93.3823, 30.3066 ], [ -93.3972, 30.3056 ], [ -93.4117, 30.3171 ], [ -93.4195, 30.3135 ], [ -93.4272, 30.319 ], [ -93.4687, 30.3136 ], [ -93.4869, 30.3204 ], [ -93.5073, 30.3116 ], [ -93.5364, 30.3323 ], [ -93.5302, 30.3364 ] ] ] } },
{ "type": "Feature", "properties": { "GEOIDFQ": "1400000US22015011119", "NAME": "111.19", "NAMELSAD": "Census Tract 111.19" }, "geometry": { "type": "Polygon", "coordinates": [ [ [ -93.753, 32.5998 ], [ -93.7422, 32.596 ], [ -93.7425, 32.6055 ], [ -93.7231, 32.6011 ], [ -93.722, 32.6074 ], [ -93.712, 32.599 ], [ -93.7063, 32.6078 ], [ -93.6898, 32.6053 ], [ -93.7057, 32.5892 ], [ -93.6812, 32.5846 ], [ -93.6784, 32.5575 ], [ -93.7105, 32.5569 ], [ -93.7141, 32.5757 ], [ -93.7389, 32.5763 ], [ -93.7395, 32.5908 ], [ -93.7569, 32.5875 ], [ -93.7705, 32.5945 ], [ -93.753, 32.5998 ] ] ] } },
{ "type": "Feature", "properties": { "GEOIDFQ": "1400000US22015011123", "NAME": "111.23", "NAMELSAD": "Census Tract 111.23" }, "geometry": { "type": "Polygon", "coordinates": [ [ [ -93.6277, 32.5915 ], [ -93.6187, 32.597 ], [ -93.6116, 32.5934 ], [ -93.5956, 32.6137 ], [ -93.5747, 32.6191 ], [ -93.5953, 32.6004 ], [ -93.608, 32.5667 ], [ -93.6344, 32.558 ], [ -93.6267, 32.5621 ], [ -93.6347, 32.5697 ], [ -93.6277, 32.5915 ] ] ] } },
{ "type": "Feature", "properties": { "GEOIDFQ": "1400000US22019000500", "NAME": "5", "NAMELSAD": "Census Tract 5" }, "geometry": { "type": "Polygon", "coordinates": [ [ [ -93.2372, 30.22 ], [ -93.2374, 30.2305 ], [ -93.2469, 30.237 ], [ -93.2209, 30.2364 ], [ -93.2192, 30.2192 ], [ -93.2098, 30.219 ], [ -93.2098, 30.2282 ], [ -93.2016, 30.2275 ], [ -93.2015, 30.2126 ], [ -93.2495, 30.2131 ], [ -93.2496, 30.2186 ], [ -93.2372, 30.22 ] ] ] } },
{ "type": "Feature", "properties": { "GEOIDFQ": "1400000US22019000300", "NAME": "3", "NAMELSAD": "Census Tract 3" }, "geometry": { "type": "Polygon", "coordinates": [ [ [ -93.2075, 30.2682 ], [ -93.1918, 30.2639 ], [ -93.1931, 30.2459 ], [ -93.2061, 30.2465 ], [ -93.2039, 30.2577 ], [ -93.2125, 30.2529 ], [ -93.2075, 30.2682 ] ] ] } },
{ "type": "Feature", "properties": { "GEOIDFQ": "1400000US22017023100", "NAME": "231", "NAMELSAD": "Census Tract 231" }, "geometry": { "type": "Polygon", "coordinates": [ [ [ -93.7346, 32.4547 ], [ -93.7277, 32.4325 ], [ -93.7357, 32.434 ], [ -93.7387, 32.4427 ], [ -93.7459, 32.442 ], [ -93.746, 32.4547 ], [ -93.7346, 32.4547 ] ] ] } },
{ "type": "Feature", "properties": { "GEOIDFQ": "1400000US22085000201", "NAME": "2.01", "NAMELSAD": "Census Tract 2.01" }, "geometry": { "type": "Polygon", "coordinates": [ [ [ -93.729, 31.533 ], [ -93.6793, 31.6219 ], [ -93.667, 31.6238 ], [ -93.6641, 31.6307 ], [ -93.6553, 31.6289 ], [ -93.6511, 31.6114 ], [ -93.6667, 31.5883 ], [ -93.654, 31.5662 ], [ -93.6519, 31.5155 ], [ -93.6825, 31.5188 ], [ -93.7113, 31.5125 ], [ -93.7446, 31.5176 ], [ -93.729, 31.533 ] ] ] } },
{ "type": "Feature", "properties": { "GEOIDFQ": "1400000US22085000702", "NAME": "7.02", "NAMELSAD": "Census Tract 7.02" }, "geometry": { "type": "Polygon", "coordinates": [ [ [ -93.7226, 31.4928 ], [ -93.7234, 31.5009 ], [ -93.7113, 31.5125 ], [ -93.6825, 31.5188 ], [ -93.651, 31.5143 ], [ -93.6431, 31.5212 ], [ -93.6393, 31.5149 ], [ -93.6426, 31.5083 ], [ -93.6419, 31.5073 ], [ -93.6242, 31.523 ], [ -93.6158, 31.5011 ], [ -93.624, 31.498 ], [ -93.6186, 31.4863 ], [ -93.6022, 31.4823 ], [ -93.5956, 31.4664 ], [ -93.6094, 31.452 ], [ -93.6069, 31.444 ], [ -93.6027, 31.4383 ], [ -93.5958, 31.4418 ], [ -93.5928, 31.4507 ], [ -93.5892, 31.4535 ], [ -93.588, 31.453 ], [ -93.5913, 31.4511 ], [ -93.5919, 31.4481 ], [ -93.5849, 31.4492 ], [ -93.5895, 31.4427 ], [ -93.5865, 31.4428 ], [ -93.5839, 31.4409 ], [ -93.5963, 31.4375 ], [ -93.5944, 31.4259 ], [ -93.6095, 31.4347 ], [ -93.6128, 31.4276 ], [ -93.6113, 31.4294 ], [ -93.6117, 31.4271 ], [ -93.6098, 31.4281 ], [ -93.6055, 31.4264 ], [ -93.6051, 31.425 ], [ -93.6227, 31.4213 ], [ -93.6132, 31.4163 ], [ -93.6716, 31.3932 ], [ -93.7049, 31.4109 ], [ -93.6925, 31.4382 ], [ -93.7095, 31.442 ], [ -93.7039, 31.4555 ], [ -93.7315, 31.4575 ], [ -93.7495, 31.4687 ], [ -93.7455, 31.4804 ], [ -93.7527, 31.4823 ], [ -93.7226, 31.4928 ] ] ] } },
{ "type": "Feature", "properties": { "GEOIDFQ": "1400000US22117950102", "NAME": "9501.02", "NAMELSAD": "Census Tract 9501.02" }, "geometry": { "type": "Polygon", "coordinates": [ [ [ -90.0313, 30.8945 ], [ -90.0134, 30.9078 ], [ -90.0088, 30.9211 ], [ -89.9814, 30.9259 ], [ -89.9622, 30.9443 ], [ -89.9475, 30.998 ], [ -89.7998, 31.002 ], [ -89.8084, 30.9725 ], [ -89.8248, 30.9723 ], [ -89.8296, 30.9601 ], [ -89.8192, 30.9544 ], [ -89.8345, 30.9296 ], [ -89.8342, 30.8948 ], [ -89.8467, 30.8929 ], [ -89.8548, 30.848 ], [ -89.8799, 30.8486 ], [ -89.8791, 30.8303 ], [ -89.9042, 30.8347 ], [ -89.9059, 30.8278 ], [ -89.8974, 30.823 ], [ -89.9043, 30.8147 ], [ -89.9328, 30.8096 ], [ -89.9489, 30.8217 ], [ -89.9583, 30.818 ], [ -89.9683, 30.8225 ], [ -89.9851, 30.8103 ], [ -90.0029, 30.8316 ], [ -90.0256, 30.8091 ], [ -90.0335, 30.8112 ], [ -90.0414, 30.8448 ], [ -90.0313, 30.8945 ] ] ] } },
{ "type": "Feature", "properties": { "GEOIDFQ": "1400000US22117950101", "NAME": "9501.01", "NAMELSAD": "Census Tract 9501.01" }, "geometry": { "type": "Polygon", "coordinates": [ [ [ -89.882, 30.829 ], [ -89.8799, 30.8486 ], [ -89.8548, 30.848 ], [ -89.8467, 30.8929 ], [ -89.8342, 30.8948 ], [ -89.8345, 30.9296 ], [ -89.8192, 30.9544 ], [ -89.8296, 30.9601 ], [ -89.8248, 30.9723 ], [ -89.8084, 30.9725 ], [ -89.7998, 31.002 ], [ -89.7505, 30.9994 ], [ -89.7296, 31.0039 ], [ -89.7355, 30.9997 ], [ -89.7278, 30.9939 ], [ -89.7301, 30.9808 ], [ -89.7371, 30.9761 ], [ -89.7271, 30.9674 ], [ -89.7357, 30.9666 ], [ -89.7565, 30.9429 ], [ -89.7448, 30.9189 ], [ -89.7642, 30.9119 ], [ -89.7587, 30.8973 ], [ -89.7734, 30.8977 ], [ -89.7696, 30.8811 ], [ -89.7792, 30.876 ], [ -89.7678, 30.8656 ], [ -89.7717, 30.8547 ], [ -89.7834, 30.856 ], [ -89.7816, 30.8453 ], [ -89.7925, 30.8504 ], [ -89.7824, 30.818 ], [ -89.7987, 30.8209 ], [ -89.7972, 30.8118 ], [ -89.8095, 30.8002 ], [ -89.8188, 30.8092 ], [ -89.8543, 30.8132 ], [ -89.8582, 30.8 ], [ -89.8987, 30.8155 ], [ -89.8975, 30.8259 ], [ -89.9059, 30.8278 ], [ -89.9058, 30.834 ], [ -89.882, 30.829 ] ] ] } },
{ "type": "Feature", "properties": { "GEOIDFQ": "1400000US22097960602", "NAME": "9606.02", "NAMELSAD": "Census Tract 9606.02" }, "geometry": { "type": "Polygon", "coordinates": [ [ [ -92.0655, 30.6091 ], [ -92.0477, 30.5935 ], [ -92.0465, 30.6131 ], [ -92.0193, 30.6208 ], [ -92.0017, 30.6034 ], [ -91.9707, 30.5881 ], [ -91.956, 30.5648 ], [ -91.9681, 30.5466 ], [ -92.0098, 30.546 ], [ -92.0086, 30.557 ], [ -92.0261, 30.5515 ], [ -92.0302, 30.5401 ], [ -92.058, 30.5367 ], [ -92.0687, 30.5426 ], [ -92.0645, 30.5494 ], [ -92.0729, 30.5503 ], [ -92.0655, 30.6091 ] ] ] } },
{ "type": "Feature", "properties": { "GEOIDFQ": "1400000US22017020600", "NAME": "206", "NAMELSAD": "Census Tract 206" }, "geometry": { "type": "Polygon", "coordinates": [ [ [ -93.7697, 32.5216 ], [ -93.7603, 32.522 ], [ -93.756, 32.5143 ], [ -93.7772, 32.5117 ], [ -93.7697, 32.5216 ] ] ] } },
{ "type": "Feature", "properties": { "GEOIDFQ": "1400000US22085000202", "NAME": "2.02", "NAMELSAD": "Census Tract 2.02" }, "geometry": { "type": "Polygon", "coordinates": [ [ [ -93.8791, 31.8443 ], [ -93.7819, 31.8451 ], [ -93.7502, 31.8451 ], [ -93.7471, 31.845 ], [ -93.7727, 31.8228 ], [ -93.7703, 31.8175 ], [ -93.79, 31.8055 ], [ -93.7804, 31.7999 ], [ -93.7814, 31.7838 ], [ -93.7718, 31.7717 ], [ -93.7463, 31.7792 ], [ -93.7289, 31.7761 ], [ -93.7155, 31.7407 ], [ -93.7086, 31.7343 ], [ -93.7004, 31.7359 ], [ -93.7073, 31.7145 ], [ -93.7207, 31.7045 ], [ -93.7203, 31.6951 ], [ -93.7261, 31.7011 ], [ -93.7287, 31.6968 ], [ -93.7232, 31.6799 ], [ -93.6948, 31.6688 ], [ -93.7165, 31.6425 ], [ -93.702, 31.6292 ], [ -93.707, 31.624 ], [ -93.6948, 31.6196 ], [ -93.6824, 31.6347 ], [ -93.6641, 31.6307 ], [ -93.667, 31.6238 ], [ -93.6793, 31.6219 ], [ -93.729, 31.533 ], [ -93.7417, 31.5215 ], [ -93.7474, 31.5307 ], [ -93.7673, 31.5241 ], [ -93.7981, 31.534 ], [ -93.7995, 31.543 ], [ -93.8186, 31.5548 ], [ -93.823, 31.5681 ], [ -93.8184, 31.5709 ], [ -93.8349, 31.5862 ], [ -93.8381, 31.6068 ], [ -93.8279, 31.6166 ], [ -93.8187, 31.6146 ], [ -93.8272, 31.6203 ], [ -93.8172, 31.6219 ], [ -93.818, 31.6479 ], [ -93.8115, 31.6474 ], [ -93.8265, 31.6669 ], [ -93.8221, 31.674 ], [ -93.8124, 31.6702 ], [ -93.8163, 31.6754 ], [ -93.7945, 31.7033 ], [ -93.8167, 31.7079 ], [ -93.8149, 31.7287 ], [ -93.8369, 31.7502 ], [ -93.8226, 31.7736 ], [ -93.8377, 31.7808 ], [ -93.8393, 31.8003 ], [ -93.8515, 31.8002 ], [ -93.8614, 31.8123 ], [ -93.8733, 31.8149 ], [ -93.8728, 31.8363 ], [ -93.8791, 31.8443 ] ] ] } },
{ "type": "Feature", "properties": { "GEOIDFQ": "1400000US22085000701", "NAME": "7.01", "NAMELSAD": "Census Tract 7.01" }, "geometry": { "type": "Polygon", "coordinates": [ [ [ -93.6738, 31.3239 ], [ -93.6773, 31.3305 ], [ -93.669, 31.3388 ], [ -93.6684, 31.353 ], [ -93.6459, 31.359 ], [ -93.6393, 31.3715 ], [ -93.671, 31.3662 ], [ -93.6716, 31.3932 ], [ -93.6241, 31.4161 ], [ -93.603, 31.4104 ], [ -93.5817, 31.4179 ], [ -93.5785, 31.411 ], [ -93.5594, 31.4059 ], [ -93.5567, 31.3883 ], [ -93.544, 31.3752 ], [ -93.5471, 31.3699 ], [ -93.5333, 31.3469 ], [ -93.523, 31.3506 ], [ -93.5273, 31.3641 ], [ -93.5156, 31.3718 ], [ -93.498, 31.3394 ], [ -93.4743, 31.3269 ], [ -93.4694, 31.3173 ], [ -93.4735, 31.3038 ], [ -93.4649, 31.3003 ], [ -93.4585, 31.2768 ], [ -93.5354, 31.2764 ], [ -93.5359, 31.2527 ], [ -93.5565, 31.2403 ], [ -93.5509, 31.2277 ], [ -93.5415, 31.2269 ], [ -93.5515, 31.215 ], [ -93.5443, 31.2029 ], [ -93.5525, 31.1854 ], [ -93.5885, 31.1656 ], [ -93.6003, 31.1762 ], [ -93.6072, 31.2048 ], [ -93.6035, 31.2167 ], [ -93.5953, 31.2203 ], [ -93.5963, 31.2295 ], [ -93.6181, 31.2327 ], [ -93.6218, 31.2491 ], [ -93.6143, 31.2516 ], [ -93.6139, 31.2594 ], [ -93.6203, 31.271 ], [ -93.6425, 31.2695 ], [ -93.6486, 31.2842 ], [ -93.6587, 31.2816 ], [ -93.6689, 31.298 ], [ -93.684, 31.3018 ], [ -93.6879, 31.3098 ], [ -93.6738, 31.3239 ] ] ] } },
{ "type": "Feature", "properties": { "GEOIDFQ": "1400000US22033005200", "NAME": "52", "NAMELSAD": "Census Tract 52" }, "geometry": { "type": "Polygon", "coordinates": [ [ [ -91.196, 30.4469 ], [ -91.1805, 30.4474 ], [ -91.177, 30.4311 ], [ -91.1878, 30.4289 ], [ -91.1962, 30.4356 ], [ -91.196, 30.4469 ] ] ] } },
{ "type": "Feature", "properties": { "GEOIDFQ": "1400000US22057020703", "NAME": "207.03", "NAMELSAD": "Census Tract 207.03" }, "geometry": { "type": "Polygon", "coordinates": [ [ [ -90.822, 29.8401 ], [ -90.7958, 29.8402 ], [ -90.7568, 29.8288 ], [ -90.7869, 29.7883 ], [ -90.8011, 29.7963 ], [ -90.8454, 29.8021 ], [ -90.822, 29.8401 ] ] ] } },
{ "type": "Feature", "properties": { "GEOIDFQ": "1400000US22033004010", "NAME": "40.10", "NAMELSAD": "Census Tract 40.10" }, "geometry": { "type": "Polygon", "coordinates": [ [ [ -91.0745, 30.3683 ], [ -91.0526, 30.3604 ], [ -91.0559, 30.3513 ], [ -91.0739, 30.3474 ], [ -91.083, 30.3514 ], [ -91.0745, 30.3683 ] ] ] } },
{ "type": "Feature", "properties": { "GEOIDFQ": "1400000US22033004205", "NAME": "42.05", "NAMELSAD": "Census Tract 42.05" }, "geometry": { "type": "Polygon", "coordinates": [ [ [ -91.1684, 30.5883 ], [ -91.1267, 30.5802 ], [ -91.1281, 30.5757 ], [ -91.1709, 30.5754 ], [ -91.1684, 30.5883 ] ] ] } },
{ "type": "Feature", "properties": { "GEOIDFQ": "1400000US22033004800", "NAME": "48", "NAMELSAD": "Census Tract 48" }, "geometry": { "type": "Polygon", "coordinates": [ [ [ -91.1681, 30.4075 ], [ -91.1527, 30.4017 ], [ -91.1621, 30.3916 ], [ -91.1765, 30.4018 ], [ -91.1681, 30.4075 ] ] ] } },
{ "type": "Feature", "properties": { "GEOIDFQ": "1400000US22119031800", "NAME": "318", "NAMELSAD": "Census Tract 318" }, "geometry": { "type": "Polygon", "coordinates": [ [ [ -93.303, 32.6363 ], [ -93.2843, 32.6367 ], [ -93.2777, 32.6248 ], [ -93.2843, 32.6248 ], [ -93.2845, 32.6168 ], [ -93.297, 32.6148 ], [ -93.3062, 32.6284 ], [ -93.303, 32.6363 ] ] ] } },
{ "type": "Feature", "properties": { "GEOIDFQ": "1400000US22071001758", "NAME": "17.58", "NAMELSAD": "Census Tract 17.58" }, "geometry": { "type": "Polygon", "coordinates": [ [ [ -89.8831, 30.1533 ], [ -89.8641, 30.1582 ], [ -89.8502, 30.1585 ], [ -89.8462, 30.1259 ], [ -89.8329, 30.1104 ], [ -89.8176, 30.1074 ], [ -89.7999, 30.1104 ], [ -89.7574, 30.1465 ], [ -89.7499, 30.1555 ], [ -89.7553, 30.1698 ], [ -89.7454, 30.1775 ], [ -89.7193, 30.161 ], [ -89.6869, 30.1755 ], [ -89.6554, 30.1593 ], [ -89.6251, 30.1549 ], [ -89.6276, 30.1451 ], [ -89.641, 30.1386 ], [ -89.6548, 30.1202 ], [ -89.6782, 30.1083 ], [ -89.6834, 30.0761 ], [ -89.7296, 30.0602 ], [ -89.7312, 30.0488 ], [ -89.7163, 30.0281 ], [ -89.7246, 30.0224 ], [ -89.7339, 30.0223 ], [ -89.7644, 30.0421 ], [ -89.8301, 30.0429 ], [ -89.8347, 30.0646 ], [ -89.8567, 30.0766 ], [ -89.8677, 30.0605 ], [ -89.9, 30.0401 ], [ -89.9388, 30.0467 ], [ -89.9407, 30.0719 ], [ -89.9475, 30.08 ], [ -89.8831, 30.1533 ] ] ] } },
{ "type": "Feature", "properties": { "GEOIDFQ": "1400000US22057020100", "NAME": "201", "NAMELSAD": "Census Tract 201" }, "geometry": { "type": "Polygon", "coordinates": [ [ [ -90.8345, 29.798 ], [ -90.8181, 29.7991 ], [ -90.823, 29.7875 ], [ -90.8373, 29.7884 ], [ -90.8345, 29.798 ] ] ] } },
{ "type": "Feature", "properties": { "GEOIDFQ": "1400000US22057020400", "NAME": "204", "NAMELSAD": "Census Tract 204" }, "geometry": { "type": "Polygon", "coordinates": [ [ [ -90.82, 29.7941 ], [ -90.8115, 29.792 ], [ -90.8104, 29.7762 ], [ -90.823, 29.7873 ], [ -90.82, 29.7941 ] ] ] } },
{ "type": "Feature", "properties": { "GEOIDFQ": "1400000US22051022601", "NAME": "226.01", "NAMELSAD": "Census Tract 226.01" }, "geometry": { "type": "Polygon", "coordinates": [ [ [ -90.1472, 29.9848 ], [ -90.1297, 29.9866 ], [ -90.152, 29.976 ], [ -90.1472, 29.9848 ] ] ] } },
{ "type": "Feature", "properties": { "GEOIDFQ": "1400000US22051020206", "NAME": "202.06", "NAMELSAD": "Census Tract 202.06" }, "geometry": { "type": "Polygon", "coordinates": [ [ [ -90.1647, 30.0148 ], [ -90.1645, 30.0036 ], [ -90.178, 30.0045 ], [ -90.1797, 30.0157 ], [ -90.1647, 30.0148 ] ] ] } },
{ "type": "Feature", "properties": { "GEOIDFQ": "1400000US22051020205", "NAME": "202.05", "NAMELSAD": "Census Tract 202.05" }, "geometry": { "type": "Polygon", "coordinates": [ [ [ -90.159, 30.0144 ], [ -90.1594, 30.0033 ], [ -90.1645, 30.0036 ], [ -90.1647, 30.0148 ], [ -90.159, 30.0144 ] ] ] } },
{ "type": "Feature", "properties": { "GEOIDFQ": "1400000US22051028600", "NAME": "286", "NAMELSAD": "Census Tract 286" }, "geometry": { "type": "Polygon", "coordinates": [ [ [ -90.1494, 30.0026 ], [ -90.123, 30.0001 ], [ -90.1234, 29.9958 ], [ -90.1497, 29.9972 ], [ -90.1494, 30.0026 ] ] ] } },
{ "type": "Feature", "properties": { "GEOIDFQ": "1400000US22051030000", "NAME": "300", "NAMELSAD": "Census Tract 300" }, "geometry": { "type": "Polygon", "coordinates": [ [ [ -90.158, 29.9821 ], [ -90.1582, 29.9782 ], [ -90.1695, 29.9753 ], [ -90.1703, 29.9821 ], [ -90.158, 29.9821 ] ] ] } },
{ "type": "Feature", "properties": { "GEOIDFQ": "1400000US22051023004", "NAME": "230.04", "NAMELSAD": "Census Tract 230.04" }, "geometry": { "type": "Polygon", "coordinates": [ [ [ -90.1763, 29.9936 ], [ -90.1747, 29.9824 ], [ -90.1887, 29.9833 ], [ -90.1929, 29.9946 ], [ -90.1763, 29.9936 ] ] ] } },
{ "type": "Feature", "properties": { "GEOIDFQ": "1400000US22051029500", "NAME": "295", "NAMELSAD": "Census Tract 295" }, "geometry": { "type": "Polygon", "coordinates": [ [ [ -90.1517, 30.0138 ], [ -90.1374, 30.0136 ], [ -90.138, 30.0017 ], [ -90.152, 30.0058 ], [ -90.1517, 30.0138 ] ] ] } },
{ "type": "Feature", "properties": { "GEOIDFQ": "1400000US22051029000", "NAME": "290", "NAMELSAD": "Census Tract 290" }, "geometry": { "type": "Polygon", "coordinates": [ [ [ -90.1703, 29.9821 ], [ -90.1695, 29.9753 ], [ -90.1861, 29.976 ], [ -90.1887, 29.9833 ], [ -90.1703, 29.9821 ] ] ] } },
{ "type": "Feature", "properties": { "GEOIDFQ": "1400000US22097960601", "NAME": "9606.01", "NAMELSAD": "Census Tract 9606.01" }, "geometry": { "type": "Polygon", "coordinates": [ [ [ -92.2038, 30.6255 ], [ -92.2005, 30.6562 ], [ -92.194, 30.6593 ], [ -92.1732, 30.6395 ], [ -92.0963, 30.5905 ], [ -92.0701, 30.587 ], [ -92.0733, 30.5617 ], [ -92.0829, 30.5619 ], [ -92.0856, 30.5494 ], [ -92.1022, 30.5515 ], [ -92.1086, 30.5462 ], [ -92.1102, 30.5593 ], [ -92.1212, 30.5615 ], [ -92.1597, 30.6006 ], [ -92.1738, 30.5757 ], [ -92.188, 30.5762 ], [ -92.1704, 30.5541 ], [ -92.1953, 30.555 ], [ -92.2112, 30.561 ], [ -92.2118, 30.6138 ], [ -92.2038, 30.6255 ] ] ] } },
{ "type": "Feature", "properties": { "GEOIDFQ": "1400000US22097961802", "NAME": "9618.02", "NAMELSAD": "Census Tract 9618.02" }, "geometry": { "type": "Polygon", "coordinates": [ [ [ -92.1414, 30.3635 ], [ -92.1078, 30.3642 ], [ -92.1065, 30.378 ], [ -92.081, 30.3839 ], [ -92.0894, 30.3302 ], [ -92.1422, 30.2988 ], [ -92.1414, 30.3635 ] ] ] } },
{ "type": "Feature", "properties": { "GEOIDFQ": "1400000US22097961702", "NAME": "9617.02", "NAMELSAD": "Census Tract 9617.02" }, "geometry": { "type": "Polygon", "coordinates": [ [ [ -92.0591, 30.5416 ], [ -92.058, 30.5367 ], [ -92.0302, 30.5401 ], [ -92.0328, 30.5453 ], [ -92.0176, 30.5555 ], [ -92.0073, 30.5565 ], [ -92.0098, 30.546 ], [ -91.9681, 30.5466 ], [ -91.9886, 30.5134 ], [ -92.0272, 30.5007 ], [ -92.0241, 30.482 ], [ -92.0447, 30.4872 ], [ -92.0452, 30.4956 ], [ -92.0701, 30.4961 ], [ -92.0706, 30.5048 ], [ -92.0638, 30.505 ], [ -92.0712, 30.5063 ], [ -92.0672, 30.5258 ], [ -92.0727, 30.5298 ], [ -92.0591, 30.5416 ] ] ] } },
{ "type": "Feature", "properties": { "GEOIDFQ": "1400000US22097960702", "NAME": "9607.02", "NAMELSAD": "Census Tract 9607.02" }, "geometry": { "type": "Polygon", "coordinates": [ [ [ -92.1368, 30.5245 ], [ -92.1347, 30.5104 ], [ -92.1432, 30.5102 ], [ -92.139, 30.492 ], [ -92.1516, 30.4875 ], [ -92.1472, 30.4731 ], [ -92.1598, 30.4573 ], [ -92.159, 30.4005 ], [ -92.1761, 30.4005 ], [ -92.1764, 30.4369 ], [ -92.2442, 30.4367 ], [ -92.2451, 30.4974 ], [ -92.2623, 30.5118 ], [ -92.1368, 30.5245 ] ] ] } },
{ "type": "Feature", "properties": { "GEOIDFQ": "1400000US22097960902", "NAME": "9609.02", "NAMELSAD": "Census Tract 9609.02" }, "geometry": { "type": "Polygon", "coordinates": [ [ [ -92.3892, 30.4949 ], [ -92.3892, 30.48 ], [ -92.4136, 30.4801 ], [ -92.4139, 30.4949 ], [ -92.3892, 30.4949 ] ] ] } },
{ "type": "Feature", "properties": { "GEOIDFQ": "1400000US22097961301", "NAME": "9613.01", "NAMELSAD": "Census Tract 9613.01" }, "geometry": { "type": "Polygon", "coordinates": [ [ [ -92.0912, 30.5501 ], [ -92.0905, 30.534 ], [ -92.1083, 30.5349 ], [ -92.1086, 30.5462 ], [ -92.0912, 30.5501 ] ] ] } },
{ "type": "Feature", "properties": { "GEOIDFQ": "1400000US22071011200", "NAME": "112", "NAMELSAD": "Census Tract 112" }, "geometry": { "type": "Polygon", "coordinates": [ [ [ -90.1078, 29.9473 ], [ -90.1041, 29.9475 ], [ -90.1033, 29.9401 ], [ -90.1095, 29.9417 ], [ -90.1078, 29.9473 ] ] ] } },
{ "type": "Feature", "properties": { "GEOIDFQ": "1400000US22097961302", "NAME": "9613.02", "NAMELSAD": "Census Tract 9613.02" }, "geometry": { "type": "Polygon", "coordinates": [ [ [ -92.0856, 30.5494 ], [ -92.0829, 30.5619 ], [ -92.0733, 30.5617 ], [ -92.0818, 30.5329 ], [ -92.0905, 30.534 ], [ -92.0939, 30.5444 ], [ -92.0856, 30.5494 ] ] ] } },
{ "type": "Feature", "properties": { "GEOIDFQ": "1400000US22097961401", "NAME": "9614.01", "NAMELSAD": "Census Tract 9614.01" }, "geometry": { "type": "Polygon", "coordinates": [ [ [ -92.0802, 30.5462 ], [ -92.0719, 30.5624 ], [ -92.0729, 30.5503 ], [ -92.0645, 30.5494 ], [ -92.0687, 30.5426 ], [ -92.0592, 30.5403 ], [ -92.0808, 30.5387 ], [ -92.0802, 30.5462 ] ] ] } },
{ "type": "Feature", "properties": { "GEOIDFQ": "1400000US22097961502", "NAME": "9615.02", "NAMELSAD": "Census Tract 9615.02" }, "geometry": { "type": "Polygon", "coordinates": [ [ [ -92.0904, 30.5226 ], [ -92.0697, 30.5182 ], [ -92.0712, 30.5063 ], [ -92.0637, 30.5046 ], [ -92.0706, 30.5048 ], [ -92.0742, 30.4905 ], [ -92.088, 30.4939 ], [ -92.0904, 30.5226 ] ] ] } },
{ "type": "Feature", "properties": { "GEOIDFQ": "1400000US22097961602", "NAME": "9616.02", "NAMELSAD": "Census Tract 9616.02" }, "geometry": { "type": "Polygon", "coordinates": [ [ [ -92.1011, 30.5246 ], [ -92.0886, 30.5243 ], [ -92.0907, 30.5131 ], [ -92.1079, 30.5145 ], [ -92.1011, 30.5246 ] ] ] } },
{ "type": "Feature", "properties": { "GEOIDFQ": "1400000US22097961402", "NAME": "9614.02", "NAMELSAD": "Census Tract 9614.02" }, "geometry": { "type": "Polygon", "coordinates": [ [ [ -92.0808, 30.5383 ], [ -92.0697, 30.5369 ], [ -92.07, 30.526 ], [ -92.0826, 30.5278 ], [ -92.0808, 30.5383 ] ] ] } },
{ "type": "Feature", "properties": { "GEOIDFQ": "1400000US22097961601", "NAME": "9616.01", "NAMELSAD": "Census Tract 9616.01" }, "geometry": { "type": "Polygon", "coordinates": [ [ [ -92.1083, 30.5349 ], [ -92.0818, 30.5329 ], [ -92.0821, 30.5215 ], [ -92.1066, 30.5213 ], [ -92.0997, 30.5294 ], [ -92.11, 30.5307 ], [ -92.1083, 30.5349 ] ] ] } },
{ "type": "Feature", "properties": { "GEOIDFQ": "1400000US22097960701", "NAME": "9607.01", "NAMELSAD": "Census Tract 9607.01" }, "geometry": { "type": "Polygon", "coordinates": [ [ [ -92.2624, 30.5683 ], [ -92.2114, 30.5681 ], [ -92.2112, 30.561 ], [ -92.1953, 30.555 ], [ -92.1704, 30.5541 ], [ -92.188, 30.5762 ], [ -92.1738, 30.5757 ], [ -92.1597, 30.6006 ], [ -92.1212, 30.5615 ], [ -92.1102, 30.5593 ], [ -92.1042, 30.5448 ], [ -92.1086, 30.5357 ], [ -92.1482, 30.5397 ], [ -92.1481, 30.5264 ], [ -92.1811, 30.5176 ], [ -92.2628, 30.5124 ], [ -92.2624, 30.5683 ] ] ] } },
{ "type": "Feature", "properties": { "GEOIDFQ": "1400000US22097961501", "NAME": "9615.01", "NAMELSAD": "Census Tract 9615.01" }, "geometry": { "type": "Polygon", "coordinates": [ [ [ -92.0827, 30.5276 ], [ -92.0672, 30.5258 ], [ -92.0701, 30.5187 ], [ -92.0822, 30.5203 ], [ -92.0827, 30.5276 ] ] ] } },
{ "type": "Feature", "properties": { "GEOIDFQ": "1400000US22109000800", "NAME": "8", "NAMELSAD": "Census Tract 8" }, "geometry": { "type": "Polygon", "coordinates": [ [ [ -90.7137, 29.5865 ], [ -90.6987, 29.5908 ], [ -90.6701, 29.5684 ], [ -90.7025, 29.5778 ], [ -90.7107, 29.577 ], [ -90.7154, 29.5682 ], [ -90.7137, 29.5865 ] ] ] } },
{ "type": "Feature", "properties": { "GEOIDFQ": "1400000US22071003304", "NAME": "33.04", "NAMELSAD": "Census Tract 33.04" }, "geometry": { "type": "Polygon", "coordinates": [ [ [ -90.0609, 30.0168 ], [ -90.0601, 30.0083 ], [ -90.0697, 30.0077 ], [ -90.0702, 30.0164 ], [ -90.0609, 30.0168 ] ] ] } },
{ "type": "Feature", "properties": { "GEOIDFQ": "1400000US22071003307", "NAME": "33.07", "NAMELSAD": "Census Tract 33.07" }, "geometry": { "type": "Polygon", "coordinates": [ [ [ -90.0695, 30.0054 ], [ -90.0682, 29.9903 ], [ -90.0733, 29.9917 ], [ -90.0695, 30.0054 ] ] ] } },
{ "type": "Feature", "properties": { "GEOIDFQ": "1400000US22071003308", "NAME": "33.08", "NAMELSAD": "Census Tract 33.08" }, "geometry": { "type": "Polygon", "coordinates": [ [ [ -90.0601, 30.0083 ], [ -90.0587, 29.9909 ], [ -90.0682, 29.9903 ], [ -90.0697, 30.0077 ], [ -90.0601, 30.0083 ] ] ] } },
{ "type": "Feature", "properties": { "GEOIDFQ": "1400000US22071003400", "NAME": "34", "NAMELSAD": "Census Tract 34" }, "geometry": { "type": "Polygon", "coordinates": [ [ [ -90.0674, 29.9756 ], [ -90.0636, 29.966 ], [ -90.0712, 29.9713 ], [ -90.0674, 29.9756 ] ] ] } },
{ "type": "Feature", "properties": { "GEOIDFQ": "1400000US22071010300", "NAME": "103", "NAMELSAD": "Census Tract 103" }, "geometry": { "type": "Polygon", "coordinates": [ [ [ -90.1006, 29.9508 ], [ -90.0961, 29.9415 ], [ -90.1033, 29.9401 ], [ -90.1006, 29.9508 ] ] ] } },
{ "type": "Feature", "properties": { "GEOIDFQ": "1400000US22071010700", "NAME": "107", "NAMELSAD": "Census Tract 107" }, "geometry": { "type": "Polygon", "coordinates": [ [ [ -90.1088, 29.9264 ], [ -90.1019, 29.9264 ], [ -90.1014, 29.9208 ], [ -90.1091, 29.9213 ], [ -90.1088, 29.9264 ] ] ] } },
{ "type": "Feature", "properties": { "GEOIDFQ": "1400000US22071010900", "NAME": "109", "NAMELSAD": "Census Tract 109" }, "geometry": { "type": "Polygon", "coordinates": [ [ [ -90.1115, 29.9343 ], [ -90.1028, 29.9343 ], [ -90.1019, 29.9264 ], [ -90.113, 29.9286 ], [ -90.1115, 29.9343 ] ] ] } },
{ "type": "Feature", "properties": { "GEOIDFQ": "1400000US22071011100", "NAME": "111", "NAMELSAD": "Census Tract 111" }, "geometry": { "type": "Polygon", "coordinates": [ [ [ -90.1096, 29.9414 ], [ -90.1033, 29.9401 ], [ -90.1028, 29.9343 ], [ -90.1115, 29.9343 ], [ -90.1096, 29.9414 ] ] ] } },
{ "type": "Feature", "properties": { "GEOIDFQ": "1400000US22071011500", "NAME": "115", "NAMELSAD": "Census Tract 115" }, "geometry": { "type": "Polygon", "coordinates": [ [ [ -90.1243, 29.9283 ], [ -90.1198, 29.9266 ], [ -90.1254, 29.9182 ], [ -90.1243, 29.9283 ] ] ] } },
{ "type": "Feature", "properties": { "GEOIDFQ": "1400000US22071010000", "NAME": "100", "NAMELSAD": "Census Tract 100" }, "geometry": { "type": "Polygon", "coordinates": [ [ [ -90.0938, 29.9359 ], [ -90.0902, 29.9286 ], [ -90.0955, 29.9269 ], [ -90.0938, 29.9359 ] ] ] } },
{ "type": "Feature", "properties": { "GEOIDFQ": "1400000US22071011700", "NAME": "117", "NAMELSAD": "Census Tract 117" }, "geometry": { "type": "Polygon", "coordinates": [ [ [ -90.1179, 29.9383 ], [ -90.111, 29.9362 ], [ -90.1136, 29.9266 ], [ -90.1238, 29.9292 ], [ -90.1179, 29.9383 ] ] ] } },
{ "type": "Feature", "properties": { "GEOIDFQ": "1400000US22071010100", "NAME": "101", "NAMELSAD": "Census Tract 101" }, "geometry": { "type": "Polygon", "coordinates": [ [ [ -90.0976, 29.9348 ], [ -90.0955, 29.9269 ], [ -90.1019, 29.9264 ], [ -90.0976, 29.9348 ] ] ] } },
{ "type": "Feature", "properties": { "GEOIDFQ": "1400000US22071010200", "NAME": "102", "NAMELSAD": "Census Tract 102" }, "geometry": { "type": "Polygon", "coordinates": [ [ [ -90.0961, 29.9415 ], [ -90.0949, 29.9355 ], [ -90.1028, 29.9343 ], [ -90.1033, 29.9401 ], [ -90.0961, 29.9415 ] ] ] } },
{ "type": "Feature", "properties": { "GEOIDFQ": "1400000US22071011600", "NAME": "116", "NAMELSAD": "Census Tract 116" }, "geometry": { "type": "Polygon", "coordinates": [ [ [ -90.1198, 29.9266 ], [ -90.1136, 29.9266 ], [ -90.115, 29.9209 ], [ -90.1198, 29.9266 ] ] ] } },
{ "type": "Feature", "properties": { "GEOIDFQ": "1400000US22057021602", "NAME": "216.02", "NAMELSAD": "Census Tract 216.02" }, "geometry": { "type": "Polygon", "coordinates": [ [ [ -90.5567, 29.6151 ], [ -90.5369, 29.6127 ], [ -90.5271, 29.6186 ], [ -90.5376, 29.6279 ], [ -90.5184, 29.6411 ], [ -90.4922, 29.6142 ], [ -90.486, 29.5975 ], [ -90.399, 29.5755 ], [ -90.4065, 29.5557 ], [ -90.3891, 29.5555 ], [ -90.4373, 29.4696 ], [ -90.4469, 29.4168 ], [ -90.4676, 29.4528 ], [ -90.5342, 29.5024 ], [ -90.5463, 29.5271 ], [ -90.5575, 29.5355 ], [ -90.5684, 29.5352 ], [ -90.5746, 29.5591 ], [ -90.5943, 29.5705 ], [ -90.5567, 29.6151 ] ] ] } },
{ "type": "Feature", "properties": { "GEOIDFQ": "1400000US22073010800", "NAME": "108", "NAMELSAD": "Census Tract 108" }, "geometry": { "type": "Polygon", "coordinates": [ [ [ -92.1042, 32.5212 ], [ -92.0801, 32.5298 ], [ -92.0797, 32.5178 ], [ -92.0931, 32.5166 ], [ -92.1058, 32.501 ], [ -92.1174, 32.4958 ], [ -92.1255, 32.5056 ], [ -92.1042, 32.5212 ] ] ] } },
{ "type": "Feature", "properties": { "GEOIDFQ": "1400000US22073011000", "NAME": "110", "NAMELSAD": "Census Tract 110" }, "geometry": { "type": "Polygon", "coordinates": [ [ [ -92.1527, 32.4464 ], [ -92.1521, 32.4358 ], [ -92.1445, 32.4308 ], [ -92.1161, 32.4386 ], [ -92.1103, 32.4447 ], [ -92.1181, 32.454 ], [ -92.117, 32.4647 ], [ -92.1142, 32.4553 ], [ -92.1052, 32.4571 ], [ -92.1059, 32.4645 ], [ -92.0826, 32.4668 ], [ -92.0831, 32.453 ], [ -92.1023, 32.4155 ], [ -92.115, 32.4182 ], [ -92.1436, 32.4103 ], [ -92.1585, 32.4437 ], [ -92.1527, 32.4464 ] ] ] } },
{ "type": "Feature", "properties": { "GEOIDFQ": "1400000US22071011900", "NAME": "119", "NAMELSAD": "Census Tract 119" }, "geometry": { "type": "Polygon", "coordinates": [ [ [ -90.1158, 29.9426 ], [ -90.114, 29.9459 ], [ -90.111, 29.9362 ], [ -90.1158, 29.9426 ] ] ] } },
{ "type": "Feature", "properties": { "GEOIDFQ": "1400000US22071012000", "NAME": "120", "NAMELSAD": "Census Tract 120" }, "geometry": { "type": "Polygon", "coordinates": [ [ [ -90.1282, 29.9382 ], [ -90.1215, 29.9334 ], [ -90.1325, 29.913 ], [ -90.1389, 29.9215 ], [ -90.1282, 29.9382 ] ] ] } },
{ "type": "Feature", "properties": { "GEOIDFQ": "1400000US22071012101", "NAME": "121.01", "NAMELSAD": "Census Tract 121.01" }, "geometry": { "type": "Polygon", "coordinates": [ [ [ -90.1181, 29.9511 ], [ -90.1169, 29.9528 ], [ -90.1166, 29.9408 ], [ -90.1226, 29.9456 ], [ -90.1181, 29.9511 ] ] ] } },
{ "type": "Feature", "properties": { "GEOIDFQ": "1400000US22071012102", "NAME": "121.02", "NAMELSAD": "Census Tract 121.02" }, "geometry": { "type": "Polygon", "coordinates": [ [ [ -90.1232, 29.9447 ], [ -90.1166, 29.9408 ], [ -90.1207, 29.9329 ], [ -90.1281, 29.9383 ], [ -90.1232, 29.9447 ] ] ] } },
{ "type": "Feature", "properties": { "GEOIDFQ": "1400000US22057020702", "NAME": "207.02", "NAMELSAD": "Census Tract 207.02" }, "geometry": { "type": "Polygon", "coordinates": [ [ [ -90.9246, 29.8303 ], [ -90.8487, 29.8028 ], [ -90.864, 29.7738 ], [ -90.8334, 29.7621 ], [ -90.8442, 29.7561 ], [ -90.8414, 29.7464 ], [ -90.8821, 29.7459 ], [ -90.8802, 29.7168 ], [ -91.0069, 29.7151 ], [ -90.9246, 29.8303 ] ] ] } },
{ "type": "Feature", "properties": { "GEOIDFQ": "1400000US22057021400", "NAME": "214", "NAMELSAD": "Census Tract 214" }, "geometry": { "type": "Polygon", "coordinates": [ [ [ -90.385, 29.5644 ], [ -90.3693, 29.5555 ], [ -90.3644, 29.5648 ], [ -90.3359, 29.5413 ], [ -90.329, 29.4942 ], [ -90.3201, 29.4791 ], [ -90.3301, 29.4794 ], [ -90.3497, 29.4663 ], [ -90.364, 29.4784 ], [ -90.363, 29.4945 ], [ -90.3918, 29.5008 ], [ -90.3955, 29.5102 ], [ -90.4114, 29.5177 ], [ -90.385, 29.5644 ] ] ] } },
{ "type": "Feature", "properties": { "GEOIDFQ": "1400000US22057021200", "NAME": "212", "NAMELSAD": "Census Tract 212" }, "geometry": { "type": "Polygon", "coordinates": [ [ [ -90.4373, 29.4695 ], [ -90.4113, 29.5189 ], [ -90.3955, 29.5102 ], [ -90.3918, 29.5008 ], [ -90.363, 29.4945 ], [ -90.364, 29.4784 ], [ -90.3497, 29.4663 ], [ -90.3301, 29.4794 ], [ -90.3154, 29.4737 ], [ -90.2959, 29.4304 ], [ -90.2783, 29.4124 ], [ -90.2972, 29.4004 ], [ -90.3013, 29.3847 ], [ -90.2942, 29.3736 ], [ -90.2632, 29.3736 ], [ -90.2641, 29.3649 ], [ -90.252, 29.3597 ], [ -90.2264, 29.2772 ], [ -90.2081, 29.2485 ], [ -90.2186, 29.2207 ], [ -90.234, 29.2076 ], [ -90.2333, 29.1823 ], [ -90.2415, 29.1735 ], [ -90.2236, 29.1509 ], [ -90.209, 29.1124 ], [ -90.2228, 29.0971 ], [ -90.2276, 29.0783 ], [ -90.3526, 29.045 ], [ -90.3714, 29.05 ], [ -90.4096, 29.0398 ], [ -90.4095, 29.2402 ], [ -90.4029, 29.2427 ], [ -90.4038, 29.2552 ], [ -90.3836, 29.2816 ], [ -90.3767, 29.3029 ], [ -90.3866, 29.3252 ], [ -90.3796, 29.35 ], [ -90.3967, 29.3796 ], [ -90.4186, 29.39 ], [ -90.4468, 29.4169 ], [ -90.4373, 29.4695 ] ] ] } },
{ "type": "Feature", "properties": { "GEOIDFQ": "1400000US22057021000", "NAME": "210", "NAMELSAD": "Census Tract 210" }, "geometry": { "type": "Polygon", "coordinates": [ [ [ -90.6454, 29.7827 ], [ -90.6295, 29.7925 ], [ -90.6139, 29.8159 ], [ -90.6286, 29.8447 ], [ -90.5931, 29.8704 ], [ -90.5996, 29.8893 ], [ -90.5366, 29.8915 ], [ -90.5157, 29.8647 ], [ -90.4989, 29.8651 ], [ -90.4799, 29.8474 ], [ -90.4758, 29.8129 ], [ -90.4679, 29.8034 ], [ -90.4299, 29.7764 ], [ -90.4052, 29.7743 ], [ -90.3732, 29.7611 ], [ -90.3713, 29.7469 ], [ -90.3608, 29.7371 ], [ -90.3615, 29.7075 ], [ -90.3528, 29.6959 ], [ -90.316, 29.6924 ], [ -90.3153, 29.6803 ], [ -90.3, 29.6766 ], [ -90.3131, 29.6677 ], [ -90.3143, 29.6566 ], [ -90.333, 29.6433 ], [ -90.371, 29.5904 ], [ -90.3907, 29.596 ], [ -90.3944, 29.5752 ], [ -90.3994, 29.5759 ], [ -90.4882, 29.5991 ], [ -90.5036, 29.6288 ], [ -90.5422, 29.6539 ], [ -90.5389, 29.6707 ], [ -90.5477, 29.6895 ], [ -90.5988, 29.7277 ], [ -90.5737, 29.7488 ], [ -90.5982, 29.7459 ], [ -90.6594, 29.7544 ], [ -90.6454, 29.7827 ] ] ] } },
{ "type": "Feature", "properties": { "GEOIDFQ": "1400000US22047953000", "NAME": "9530", "NAMELSAD": "Census Tract 9530" }, "geometry": { "type": "Polygon", "coordinates": [ [ [ -91.283, 30.1253 ], [ -91.2455, 30.1393 ], [ -91.2037, 30.1306 ], [ -91.221, 30.1222 ], [ -91.2228, 30.1137 ], [ -91.1968, 30.106 ], [ -91.1576, 30.1367 ], [ -91.1425, 30.1792 ], [ -91.1007, 30.2045 ], [ -91.0591, 30.2131 ], [ -91.0736, 30.1609 ], [ -91.0902, 30.1537 ], [ -91.0898, 30.1087 ], [ -91.1066, 30.1085 ], [ -91.106, 30.0627 ], [ -91.2242, 30.0256 ], [ -91.2236, 30.0408 ], [ -91.2447, 30.0311 ], [ -91.2703, 30.0621 ], [ -91.2982, 30.0751 ], [ -91.3028, 30.0927 ], [ -91.283, 30.1253 ] ] ] } },
{ "type": "Feature", "properties": { "GEOIDFQ": "1400000US22047953101", "NAME": "9531.01", "NAMELSAD": "Census Tract 9531.01" }, "geometry": { "type": "Polygon", "coordinates": [ [ [ -91.2356, 30.2887 ], [ -91.2204, 30.2641 ], [ -91.2384, 30.2501 ], [ -91.262, 30.2696 ], [ -91.2356, 30.2887 ] ] ] } },
{ "type": "Feature", "properties": { "GEOIDFQ": "1400000US22033004026", "NAME": "40.26", "NAMELSAD": "Census Tract 40.26" }, "geometry": { "type": "Polygon", "coordinates": [ [ [ -91.1404, 30.3458 ], [ -91.1377, 30.3404 ], [ -91.1154, 30.3478 ], [ -91.1068, 30.3605 ], [ -91.0294, 30.3252 ], [ -91.0172, 30.3264 ], [ -91.0327, 30.3148 ], [ -91.093, 30.3206 ], [ -91.1327, 30.3134 ], [ -91.1512, 30.3382 ], [ -91.1404, 30.3458 ] ] ] } },
{ "type": "Feature", "properties": { "GEOIDFQ": "1400000US22033003104", "NAME": "31.04", "NAMELSAD": "Census Tract 31.04" }, "geometry": { "type": "Polygon", "coordinates": [ [ [ -91.1676, 30.5449 ], [ -91.1413, 30.5419 ], [ -91.1625, 30.5421 ], [ -91.1608, 30.5214 ], [ -91.1816, 30.5205 ], [ -91.1922, 30.54 ], [ -91.1676, 30.5449 ] ] ] } },
{ "type": "Feature", "properties": { "GEOIDFQ": "1400000US22033004022", "NAME": "40.22", "NAMELSAD": "Census Tract 40.22" }, "geometry": { "type": "Polygon", "coordinates": [ [ [ -91.0542, 30.399 ], [ -91.026, 30.3663 ], [ -91.0049, 30.3576 ], [ -90.9929, 30.3427 ], [ -91.0137, 30.3351 ], [ -91.0141, 30.33 ], [ -91.0661, 30.3824 ], [ -91.0542, 30.399 ] ] ] } },
{ "type": "Feature", "properties": { "GEOIDFQ": "1400000US22033004018", "NAME": "40.18", "NAMELSAD": "Census Tract 40.18" }, "geometry": { "type": "Polygon", "coordinates": [ [ [ -91.1081, 30.3974 ], [ -91.0928, 30.3886 ], [ -91.0978, 30.3792 ], [ -91.1125, 30.3857 ], [ -91.1081, 30.3974 ] ] ] } },
{ "type": "Feature", "properties": { "GEOIDFQ": "1400000US22033004019", "NAME": "40.19", "NAMELSAD": "Census Tract 40.19" }, "geometry": { "type": "Polygon", "coordinates": [ [ [ -91.0875, 30.3727 ], [ -91.0745, 30.3683 ], [ -91.0834, 30.3508 ], [ -91.0992, 30.3567 ], [ -91.0875, 30.3727 ] ] ] } },
{ "type": "Feature", "properties": { "GEOIDFQ": "1400000US22033003911", "NAME": "39.11", "NAMELSAD": "Census Tract 39.11" }, "geometry": { "type": "Polygon", "coordinates": [ [ [ -91.0425, 30.4413 ], [ -91.0246, 30.4516 ], [ -91.0243, 30.4381 ], [ -91.043, 30.4363 ], [ -91.0425, 30.4413 ] ] ] } },
{ "type": "Feature", "properties": { "GEOIDFQ": "1400000US22033003806", "NAME": "38.06", "NAMELSAD": "Census Tract 38.06" }, "geometry": { "type": "Polygon", "coordinates": [ [ [ -91.1331, 30.4358 ], [ -91.1244, 30.4212 ], [ -91.0977, 30.4172 ], [ -91.1081, 30.3974 ], [ -91.1427, 30.4174 ], [ -91.1331, 30.4358 ] ] ] } },
{ "type": "Feature", "properties": { "GEOIDFQ": "1400000US22033004021", "NAME": "40.21", "NAMELSAD": "Census Tract 40.21" }, "geometry": { "type": "Polygon", "coordinates": [ [ [ -91.0662, 30.3822 ], [ -91.0301, 30.346 ], [ -91.0559, 30.3513 ], [ -91.0526, 30.3604 ], [ -91.0745, 30.3683 ], [ -91.0662, 30.3822 ] ] ] } },
{ "type": "Feature", "properties": { "GEOIDFQ": "1400000US22033004027", "NAME": "40.27", "NAMELSAD": "Census Tract 40.27" }, "geometry": { "type": "Polygon", "coordinates": [ [ [ -91.0297, 30.3463 ], [ -91.0141, 30.33 ], [ -91.0196, 30.3239 ], [ -91.0294, 30.3252 ], [ -91.0835, 30.3505 ], [ -91.0297, 30.3463 ] ] ] } },
{ "type": "Feature", "properties": { "GEOIDFQ": "1400000US22033004605", "NAME": "46.05", "NAMELSAD": "Census Tract 46.05" }, "geometry": { "type": "Polygon", "coordinates": [ [ [ -91.145, 30.7089 ], [ -91.1564, 30.6501 ], [ -91.1933, 30.6547 ], [ -91.192, 30.6794 ], [ -91.2139, 30.7065 ], [ -91.145, 30.7089 ] ] ] } },
{ "type": "Feature", "properties": { "GEOIDFQ": "1400000US22033004606", "NAME": "46.06", "NAMELSAD": "Census Tract 46.06" }, "geometry": { "type": "Polygon", "coordinates": [ [ [ -91.1933, 30.6547 ], [ -91.1564, 30.6501 ], [ -91.1637, 30.6122 ], [ -91.2017, 30.6145 ], [ -91.1933, 30.6547 ] ] ] } },
{ "type": "Feature", "properties": { "GEOIDFQ": "1400000US22033003807", "NAME": "38.07", "NAMELSAD": "Census Tract 38.07" }, "geometry": { "type": "Polygon", "coordinates": [ [ [ -91.1116, 30.4337 ], [ -91.0977, 30.4172 ], [ -91.1244, 30.4212 ], [ -91.1331, 30.4358 ], [ -91.1116, 30.4337 ] ] ] } },
{ "type": "Feature", "properties": { "GEOIDFQ": "1400000US22033004024", "NAME": "40.24", "NAMELSAD": "Census Tract 40.24" }, "geometry": { "type": "Polygon", "coordinates": [ [ [ -91.206, 30.3948 ], [ -91.1744, 30.3874 ], [ -91.1613, 30.391 ], [ -91.1719, 30.3842 ], [ -91.2113, 30.3889 ], [ -91.206, 30.3948 ] ] ] } },
{ "type": "Feature", "properties": { "GEOIDFQ": "1400000US22033004017", "NAME": "40.17", "NAMELSAD": "Census Tract 40.17" }, "geometry": { "type": "Polygon", "coordinates": [ [ [ -91.1126, 30.3855 ], [ -91.0978, 30.3792 ], [ -91.1066, 30.3605 ], [ -91.1228, 30.3692 ], [ -91.1126, 30.3855 ] ] ] } },
{ "type": "Feature", "properties": { "GEOIDFQ": "1400000US22033004031", "NAME": "40.31", "NAMELSAD": "Census Tract 40.31" }, "geometry": { "type": "Polygon", "coordinates": [ [ [ -91.169, 30.3845 ], [ -91.1599, 30.3938 ], [ -91.1194, 30.3661 ], [ -91.124, 30.3603 ], [ -91.1399, 30.3743 ], [ -91.1562, 30.3703 ], [ -91.1404, 30.3458 ], [ -91.1515, 30.3378 ], [ -91.1743, 30.3452 ], [ -91.169, 30.3845 ] ] ] } },
{ "type": "Feature", "properties": { "GEOIDFQ": "1400000US22033004023", "NAME": "40.23", "NAMELSAD": "Census Tract 40.23" }, "geometry": { "type": "Polygon", "coordinates": [ [ [ -91.1776, 30.4026 ], [ -91.1621, 30.3916 ], [ -91.1718, 30.3883 ], [ -91.1837, 30.4046 ], [ -91.1776, 30.4026 ] ] ] } },
{ "type": "Feature", "properties": { "GEOIDFQ": "1400000US22033004028", "NAME": "40.28", "NAMELSAD": "Census Tract 40.28" }, "geometry": { "type": "Polygon", "coordinates": [ [ [ -91.1194, 30.3661 ], [ -91.1068, 30.3605 ], [ -91.1154, 30.3478 ], [ -91.1277, 30.3542 ], [ -91.1194, 30.3661 ] ] ] } },
{ "type": "Feature", "properties": { "GEOIDFQ": "1400000US22033004030", "NAME": "40.30", "NAMELSAD": "Census Tract 40.30" }, "geometry": { "type": "Polygon", "coordinates": [ [ [ -91.1399, 30.3743 ], [ -91.124, 30.3603 ], [ -91.1404, 30.3458 ], [ -91.1574, 30.3689 ], [ -91.1399, 30.3743 ] ] ] } },
{ "type": "Feature", "properties": { "GEOIDFQ": "1400000US22033004516", "NAME": "45.16", "NAMELSAD": "Census Tract 45.16" }, "geometry": { "type": "Polygon", "coordinates": [ [ [ -91.0073, 30.3896 ], [ -90.9907, 30.3882 ], [ -90.9852, 30.3573 ], [ -90.9927, 30.3554 ], [ -91.0093, 30.3696 ], [ -91.0073, 30.3896 ] ] ] } },
{ "type": "Feature", "properties": { "GEOIDFQ": "1400000US22033004512", "NAME": "45.12", "NAMELSAD": "Census Tract 45.12" }, "geometry": { "type": "Polygon", "coordinates": [ [ [ -91.0142, 30.427 ], [ -90.9658, 30.4147 ], [ -90.9579, 30.4061 ], [ -90.9642, 30.403 ], [ -90.973, 30.4128 ], [ -91.0018, 30.4192 ], [ -91.0147, 30.4147 ], [ -91.0142, 30.427 ] ] ] } },
{ "type": "Feature", "properties": { "GEOIDFQ": "1400000US22033004029", "NAME": "40.29", "NAMELSAD": "Census Tract 40.29" }, "geometry": { "type": "Polygon", "coordinates": [ [ [ -91.1278, 30.3542 ], [ -91.1159, 30.3477 ], [ -91.1377, 30.3404 ], [ -91.14, 30.3461 ], [ -91.1278, 30.3542 ] ] ] } },
{ "type": "Feature", "properties": { "GEOIDFQ": "1400000US22033003811", "NAME": "38.11", "NAMELSAD": "Census Tract 38.11" }, "geometry": { "type": "Polygon", "coordinates": [ [ [ -91.0835, 30.398 ], [ -91.0711, 30.3941 ], [ -91.0652, 30.4079 ], [ -91.0542, 30.399 ], [ -91.0695, 30.3752 ], [ -91.0924, 30.3892 ], [ -91.0835, 30.398 ] ] ] } },
{ "type": "Feature", "properties": { "GEOIDFQ": "1400000US22033003912", "NAME": "39.12", "NAMELSAD": "Census Tract 39.12" }, "geometry": { "type": "Polygon", "coordinates": [ [ [ -91.0573, 30.4368 ], [ -91.0425, 30.4413 ], [ -91.0409, 30.434 ], [ -91.0565, 30.4301 ], [ -91.0573, 30.4368 ] ] ] } },
{ "type": "Feature", "properties": { "GEOIDFQ": "1400000US22033003913", "NAME": "39.13", "NAMELSAD": "Census Tract 39.13" }, "geometry": { "type": "Polygon", "coordinates": [ [ [ -91.036, 30.4102 ], [ -91.016, 30.4085 ], [ -91.0185, 30.3915 ], [ -91.0392, 30.3937 ], [ -91.036, 30.4102 ] ] ] } },
{ "type": "Feature", "properties": { "GEOIDFQ": "1400000US22033004514", "NAME": "45.14", "NAMELSAD": "Census Tract 45.14" }, "geometry": { "type": "Polygon", "coordinates": [ [ [ -90.9967, 30.4178 ], [ -90.9729, 30.4127 ], [ -90.9689, 30.3933 ], [ -90.9767, 30.3913 ], [ -90.9855, 30.4054 ], [ -90.9951, 30.4021 ], [ -91.0009, 30.408 ], [ -90.9967, 30.4178 ] ] ] } },
{ "type": "Feature", "properties": { "GEOIDFQ": "1400000US22033004513", "NAME": "45.13", "NAMELSAD": "Census Tract 45.13" }, "geometry": { "type": "Polygon", "coordinates": [ [ [ -91.0022, 30.3932 ], [ -90.9996, 30.4035 ], [ -90.987, 30.4058 ], [ -90.9767, 30.3913 ], [ -91.0116, 30.3903 ], [ -91.0022, 30.3932 ] ] ] } },
{ "type": "Feature", "properties": { "GEOIDFQ": "1400000US22097961100", "NAME": "9611", "NAMELSAD": "Census Tract 9611" }, "geometry": { "type": "Polygon", "coordinates": [ [ [ -92.4139, 30.4949 ], [ -92.4136, 30.4801 ], [ -92.4315, 30.4801 ], [ -92.4402, 30.495 ], [ -92.4139, 30.4949 ] ] ] } },
{ "type": "Feature", "properties": { "GEOIDFQ": "1400000US22111960200", "NAME": "9602", "NAMELSAD": "Census Tract 9602" }, "geometry": { "type": "Polygon", "coordinates": [ [ [ -92.7247, 33.0144 ], [ -92.5025, 33.0122 ], [ -92.4938, 32.9981 ], [ -92.5, 32.9819 ], [ -92.5165, 32.9703 ], [ -92.4986, 32.9577 ], [ -92.5029, 32.944 ], [ -92.4901, 32.9439 ], [ -92.4809, 32.9358 ], [ -92.4836, 32.9159 ], [ -92.4601, 32.8741 ], [ -92.4724, 32.8415 ], [ -92.4941, 32.8166 ], [ -92.5001, 32.8216 ], [ -92.5477, 32.8197 ], [ -92.5453, 32.8422 ], [ -92.5798, 32.842 ], [ -92.5782, 32.8569 ], [ -92.5887, 32.8512 ], [ -92.5937, 32.8328 ], [ -92.6113, 32.8246 ], [ -92.6408, 32.8208 ], [ -92.7017, 32.8258 ], [ -92.7056, 32.8326 ], [ -92.7254, 32.8325 ], [ -92.7247, 33.0144 ] ] ] } },
{ "type": "Feature", "properties": { "GEOIDFQ": "1400000US22033004020", "NAME": "40.20", "NAMELSAD": "Census Tract 40.20" }, "geometry": { "type": "Polygon", "coordinates": [ [ [ -91.0928, 30.3886 ], [ -91.0695, 30.3752 ], [ -91.0745, 30.3683 ], [ -91.0875, 30.3727 ], [ -91.0992, 30.3567 ], [ -91.1061, 30.3613 ], [ -91.0928, 30.3886 ] ] ] } },
{ "type": "Feature", "properties": { "GEOIDFQ": "1400000US22033003809", "NAME": "38.09", "NAMELSAD": "Census Tract 38.09" }, "geometry": { "type": "Polygon", "coordinates": [ [ [ -91.0806, 30.4317 ], [ -91.0749, 30.4238 ], [ -91.0903, 30.4174 ], [ -91.1091, 30.4308 ], [ -91.0806, 30.4317 ] ] ] } },
{ "type": "Feature", "properties": { "GEOIDFQ": "1400000US22033003808", "NAME": "38.08", "NAMELSAD": "Census Tract 38.08" }, "geometry": { "type": "Polygon", "coordinates": [ [ [ -91.0749, 30.4238 ], [ -91.0615, 30.4071 ], [ -91.0782, 30.4111 ], [ -91.0903, 30.4174 ], [ -91.0749, 30.4238 ] ] ] } },
{ "type": "Feature", "properties": { "GEOIDFQ": "1400000US22033003810", "NAME": "38.10", "NAMELSAD": "Census Tract 38.10" }, "geometry": { "type": "Polygon", "coordinates": [ [ [ -91.0804, 30.4121 ], [ -91.0648, 30.4077 ], [ -91.0711, 30.3941 ], [ -91.0845, 30.3994 ], [ -91.0804, 30.4121 ] ] ] } },
{ "type": "Feature", "properties": { "GEOIDFQ": "1400000US22033004515", "NAME": "45.15", "NAMELSAD": "Census Tract 45.15" }, "geometry": { "type": "Polygon", "coordinates": [ [ [ -90.9852, 30.3573 ], [ -90.9907, 30.3882 ], [ -90.9689, 30.3933 ], [ -90.9591, 30.3884 ], [ -90.9492, 30.3944 ], [ -90.9431, 30.3905 ], [ -90.9437, 30.3765 ], [ -90.9317, 30.3718 ], [ -90.937, 30.3639 ], [ -90.9054, 30.3611 ], [ -90.908, 30.356 ], [ -90.8917, 30.3452 ], [ -90.9108, 30.3395 ], [ -90.9196, 30.3458 ], [ -90.9394, 30.3403 ], [ -90.9643, 30.3469 ], [ -90.9832, 30.3439 ], [ -90.9927, 30.3554 ], [ -90.9852, 30.3573 ] ] ] } },
{ "type": "Feature", "properties": { "GEOIDFQ": "1400000US22033003914", "NAME": "39.14", "NAMELSAD": "Census Tract 39.14" }, "geometry": { "type": "Polygon", "coordinates": [ [ [ -91.0514, 30.4112 ], [ -91.036, 30.4102 ], [ -91.0392, 30.3937 ], [ -91.0541, 30.3991 ], [ -91.0514, 30.4112 ] ] ] } },
{ "type": "Feature", "properties": { "GEOIDFQ": "1400000US22033004025", "NAME": "40.25", "NAMELSAD": "Census Tract 40.25" }, "geometry": { "type": "Polygon", "coordinates": [ [ [ -91.2128, 30.3971 ], [ -91.206, 30.3948 ], [ -91.2114, 30.3888 ], [ -91.1676, 30.3827 ], [ -91.1744, 30.3442 ], [ -91.1945, 30.347 ], [ -91.2303, 30.3411 ], [ -91.2415, 30.3579 ], [ -91.2128, 30.3971 ] ] ] } },
{ "type": "Feature", "properties": { "GEOIDFQ": "1400000US22055001403", "NAME": "14.03", "NAMELSAD": "Census Tract 14.03" }, "geometry": { "type": "Polygon", "coordinates": [ [ [ -92.0612, 30.1495 ], [ -92.0634, 30.1614 ], [ -92.0558, 30.1626 ], [ -92.0325, 30.1458 ], [ -92.0325, 30.1313 ], [ -92.0419, 30.1381 ], [ -92.0555, 30.1309 ], [ -92.0757, 30.1421 ], [ -92.0612, 30.1495 ] ] ] } },
{ "type": "Feature", "properties": { "GEOIDFQ": "1400000US22033004900", "NAME": "49", "NAMELSAD": "Census Tract 49" }, "geometry": { "type": "Polygon", "coordinates": [ [ [ -91.1527, 30.4017 ], [ -91.1215, 30.3949 ], [ -91.1381, 30.3778 ], [ -91.1597, 30.3939 ], [ -91.1527, 30.4017 ] ] ] } },
{ "type": "Feature", "properties": { "GEOIDFQ": "1400000US22029000300", "NAME": "3", "NAMELSAD": "Census Tract 3" }, "geometry": { "type": "Polygon", "coordinates": [ [ [ -91.546, 31.5933 ], [ -91.5298, 31.6186 ], [ -91.5204, 31.6166 ], [ -91.5197, 31.6087 ], [ -91.4941, 31.5902 ], [ -91.4671, 31.586 ], [ -91.4686, 31.5756 ], [ -91.4439, 31.5425 ], [ -91.4797, 31.5304 ], [ -91.4901, 31.5343 ], [ -91.5181, 31.5282 ], [ -91.5214, 31.5318 ], [ -91.5261, 31.5262 ], [ -91.537, 31.5292 ], [ -91.5568, 31.5631 ], [ -91.5573, 31.5913 ], [ -91.546, 31.5933 ] ] ] } },
{ "type": "Feature", "properties": { "GEOIDFQ": "1400000US22029000100", "NAME": "1", "NAMELSAD": "Census Tract 1" }, "geometry": { "type": "Polygon", "coordinates": [ [ [ -91.7748, 31.6488 ], [ -91.7645, 31.6442 ], [ -91.7561, 31.6227 ], [ -91.7457, 31.6149 ], [ -91.7348, 31.6153 ], [ -91.7122, 31.6332 ], [ -91.7056, 31.6459 ], [ -91.7139, 31.6775 ], [ -91.6966, 31.7318 ], [ -91.6839, 31.7432 ], [ -91.6601, 31.7285 ], [ -91.6392, 31.7282 ], [ -91.6184, 31.7407 ], [ -91.6053, 31.7601 ], [ -91.5951, 31.7619 ], [ -91.5712, 31.735 ], [ -91.5482, 31.7227 ], [ -91.5353, 31.7377 ], [ -91.5447, 31.7523 ], [ -91.4324, 31.7508 ], [ -91.4224, 31.7552 ], [ -91.378, 31.7476 ], [ -91.3998, 31.6992 ], [ -91.3983, 31.6263 ], [ -91.4211, 31.6116 ], [ -91.466, 31.6213 ], [ -91.4977, 31.6454 ], [ -91.5155, 31.6304 ], [ -91.5147, 31.6094 ], [ -91.5196, 31.6086 ], [ -91.5204, 31.6166 ], [ -91.5437, 31.6286 ], [ -91.5176, 31.6629 ], [ -91.534, 31.6797 ], [ -91.5662, 31.6665 ], [ -91.5845, 31.6265 ], [ -91.6221, 31.6081 ], [ -91.6635, 31.6103 ], [ -91.687, 31.6027 ], [ -91.7663, 31.6105 ], [ -91.8119, 31.6232 ], [ -91.7748, 31.6488 ] ] ] } },
{ "type": "Feature", "properties": { "GEOIDFQ": "1400000US22029000400", "NAME": "4", "NAMELSAD": "Census Tract 4" }, "geometry": { "type": "Polygon", "coordinates": [ [ [ -91.4671, 31.586 ], [ -91.4326, 31.5961 ], [ -91.4039, 31.5898 ], [ -91.4098, 31.5671 ], [ -91.4439, 31.5425 ], [ -91.4686, 31.5757 ], [ -91.4671, 31.586 ] ] ] } },
{ "type": "Feature", "properties": { "GEOIDFQ": "1400000US22029000500", "NAME": "5", "NAMELSAD": "Census Tract 5" }, "geometry": { "type": "Polygon", "coordinates": [ [ [ -91.8626, 31.3575 ], [ -91.852, 31.3711 ], [ -91.8316, 31.379 ], [ -91.8105, 31.3708 ], [ -91.7932, 31.3734 ], [ -91.7768, 31.3852 ], [ -91.7857, 31.395 ], [ -91.8344, 31.4016 ], [ -91.8545, 31.4199 ], [ -91.8641, 31.4662 ], [ -91.8544, 31.4825 ], [ -91.8559, 31.496 ], [ -91.8426, 31.5032 ], [ -91.8288, 31.4972 ], [ -91.8071, 31.4388 ], [ -91.7797, 31.4409 ], [ -91.7501, 31.4306 ], [ -91.7298, 31.4344 ], [ -91.7213, 31.4456 ], [ -91.7314, 31.4658 ], [ -91.779, 31.4681 ], [ -91.8046, 31.4795 ], [ -91.8021, 31.4911 ], [ -91.7823, 31.5049 ], [ -91.7759, 31.5235 ], [ -91.8257, 31.5696 ], [ -91.8269, 31.5917 ], [ -91.812, 31.623 ], [ -91.7663, 31.6105 ], [ -91.6874, 31.6027 ], [ -91.6641, 31.6102 ], [ -91.6424, 31.6078 ], [ -91.6428, 31.5965 ], [ -91.6327, 31.5869 ], [ -91.6147, 31.5903 ], [ -91.5985, 31.5755 ], [ -91.5855, 31.597 ], [ -91.5611, 31.6056 ], [ -91.5662, 31.6102 ], [ -91.5643, 31.6152 ], [ -91.5575, 31.6015 ], [ -91.5561, 31.5615 ], [ -91.5383, 31.53 ], [ -91.5183, 31.5297 ], [ -91.5229, 31.5175 ], [ -91.5149, 31.5101 ], [ -91.5134, 31.4444 ], [ -91.4998, 31.4201 ], [ -91.4721, 31.3971 ], [ -91.471, 31.3762 ], [ -91.4788, 31.3649 ], [ -91.5111, 31.3677 ], [ -91.5323, 31.3903 ], [ -91.5406, 31.4308 ], [ -91.5485, 31.4327 ], [ -91.5652, 31.4234 ], [ -91.5783, 31.3991 ], [ -91.569, 31.3776 ], [ -91.5557, 31.3864 ], [ -91.5462, 31.3825 ], [ -91.549, 31.3473 ], [ -91.5087, 31.3151 ], [ -91.5121, 31.2842 ], [ -91.5186, 31.2753 ], [ -91.5539, 31.263 ], [ -91.6377, 31.2677 ], [ -91.654, 31.2558 ], [ -91.6444, 31.2344 ], [ -91.6016, 31.2086 ], [ -91.5889, 31.189 ], [ -91.5915, 31.1731 ], [ -91.6242, 31.1337 ], [ -91.6269, 31.1188 ], [ -91.5641, 31.0668 ], [ -91.5599, 31.0541 ], [ -91.5752, 31.0265 ], [ -91.6369, 30.9994 ], [ -91.6603, 30.971 ], [ -91.6631, 30.9844 ], [ -91.6438, 31.024 ], [ -91.6492, 31.0372 ], [ -91.6631, 31.0447 ], [ -91.698, 31.0391 ], [ -91.7238, 31.0443 ], [ -91.7097, 31.0752 ], [ -91.7194, 31.0877 ], [ -91.7034, 31.1057 ], [ -91.7176, 31.1191 ], [ -91.719, 31.1346 ], [ -91.7027, 31.1618 ], [ -91.6837, 31.163 ], [ -91.6773, 31.188 ], [ -91.7062, 31.2089 ], [ -91.7228, 31.1996 ], [ -91.7408, 31.2052 ], [ -91.7585, 31.2222 ], [ -91.7832, 31.2234 ], [ -91.811, 31.2371 ], [ -91.8142, 31.251 ], [ -91.8343, 31.2663 ], [ -91.8237, 31.2776 ], [ -91.8236, 31.2932 ], [ -91.8542, 31.2961 ], [ -91.8674, 31.3162 ], [ -91.8626, 31.3575 ] ] ] } },
{ "type": "Feature", "properties": { "GEOIDFQ": "1400000US22119031900", "NAME": "319", "NAMELSAD": "Census Tract 319" }, "geometry": { "type": "Polygon", "coordinates": [ [ [ -93.2849, 32.6211 ], [ -93.2686, 32.6214 ], [ -93.27, 32.6075 ], [ -93.2838, 32.5981 ], [ -93.2912, 32.611 ], [ -93.2849, 32.6211 ] ] ] } },
{ "type": "Feature", "properties": { "GEOIDFQ": "1400000US22001960201", "NAME": "9602.01", "NAMELSAD": "Census Tract 9602.01" }, "geometry": { "type": "Polygon", "coordinates": [ [ [ -92.2448, 30.4802 ], [ -92.2442, 30.4367 ], [ -92.2613, 30.4366 ], [ -92.2588, 30.4247 ], [ -92.2661, 30.4157 ], [ -92.2587, 30.3947 ], [ -92.2732, 30.3817 ], [ -92.2873, 30.3788 ], [ -92.2987, 30.355 ], [ -92.3154, 30.3636 ], [ -92.3808, 30.3635 ], [ -92.3808, 30.3489 ], [ -92.3976, 30.3489 ], [ -92.3975, 30.4215 ], [ -92.4093, 30.4214 ], [ -92.4129, 30.4799 ], [ -92.2448, 30.4802 ] ] ] } },
{ "type": "Feature", "properties": { "GEOIDFQ": "1400000US22001960102", "NAME": "9601.02", "NAMELSAD": "Census Tract 9601.02" }, "geometry": { "type": "Polygon", "coordinates": [ [ [ -92.2588, 30.4247 ], [ -92.2613, 30.4366 ], [ -92.1764, 30.4369 ], [ -92.1789, 30.417 ], [ -92.1953, 30.4193 ], [ -92.2119, 30.4049 ], [ -92.217, 30.4101 ], [ -92.2378, 30.4055 ], [ -92.243, 30.4104 ], [ -92.2566, 30.401 ], [ -92.2662, 30.4099 ], [ -92.2588, 30.4247 ] ] ] } },
{ "type": "Feature", "properties": { "GEOIDFQ": "1400000US22001960801", "NAME": "9608.01", "NAMELSAD": "Census Tract 9608.01" }, "geometry": { "type": "Polygon", "coordinates": [ [ [ -92.3625, 30.2308 ], [ -92.3626, 30.2357 ], [ -92.3288, 30.2308 ], [ -92.3287, 30.2139 ], [ -92.3708, 30.2091 ], [ -92.3825, 30.2302 ], [ -92.3625, 30.2308 ] ] ] } },
{ "type": "Feature", "properties": { "GEOIDFQ": "1400000US22001960502", "NAME": "9605.02", "NAMELSAD": "Census Tract 9605.02" }, "geometry": { "type": "Polygon", "coordinates": [ [ [ -92.2873, 30.3788 ], [ -92.2671, 30.3853 ], [ -92.2566, 30.401 ], [ -92.2341, 30.3901 ], [ -92.243, 30.3818 ], [ -92.2363, 30.3784 ], [ -92.2084, 30.3745 ], [ -92.2003, 30.3792 ], [ -92.2014, 30.3858 ], [ -92.1761, 30.386 ], [ -92.1758, 30.3497 ], [ -92.1586, 30.3499 ], [ -92.1585, 30.3208 ], [ -92.1415, 30.3208 ], [ -92.1418, 30.3098 ], [ -92.2093, 30.3103 ], [ -92.1931, 30.3464 ], [ -92.2226, 30.3516 ], [ -92.2703, 30.3492 ], [ -92.299, 30.3559 ], [ -92.2873, 30.3788 ] ] ] } },
{ "type": "Feature", "properties": { "GEOIDFQ": "1400000US22097960901", "NAME": "9609.01", "NAMELSAD": "Census Tract 9609.01" }, "geometry": { "type": "Polygon", "coordinates": [ [ [ -92.4159, 30.5046 ], [ -92.4011, 30.505 ], [ -92.3892, 30.5017 ], [ -92.3892, 30.4949 ], [ -92.4175, 30.4984 ], [ -92.4159, 30.5046 ] ] ] } },
{ "type": "Feature", "properties": { "GEOIDFQ": "1400000US22097961000", "NAME": "9610", "NAMELSAD": "Census Tract 9610" }, "geometry": { "type": "Polygon", "coordinates": [ [ [ -92.435, 30.501 ], [ -92.4163, 30.5058 ], [ -92.4175, 30.4929 ], [ -92.4402, 30.495 ], [ -92.4403, 30.506 ], [ -92.435, 30.501 ] ] ] } },
{ "type": "Feature", "properties": { "GEOIDFQ": "1400000US22119031501", "NAME": "315.01", "NAMELSAD": "Census Tract 315.01" }, "geometry": { "type": "Polygon", "coordinates": [ [ [ -93.4462, 32.5351 ], [ -93.3302, 32.5367 ], [ -93.3369, 32.5352 ], [ -93.3399, 32.5186 ], [ -93.3593, 32.5002 ], [ -93.3528, 32.4565 ], [ -93.366, 32.4391 ], [ -93.3644, 32.4102 ], [ -93.4411, 32.4105 ], [ -93.4413, 32.4978 ], [ -93.4466, 32.5003 ], [ -93.4462, 32.5351 ] ] ] } },
{ "type": "Feature", "properties": { "GEOIDFQ": "1400000US22119031502", "NAME": "315.02", "NAMELSAD": "Census Tract 315.02" }, "geometry": { "type": "Polygon", "coordinates": [ [ [ -93.4507, 32.7762 ], [ -93.4388, 32.7683 ], [ -93.4291, 32.7711 ], [ -93.4121, 32.7628 ], [ -93.3934, 32.7624 ], [ -93.3882, 32.7655 ], [ -93.3997, 32.7795 ], [ -93.3809, 32.7803 ], [ -93.3668, 32.7556 ], [ -93.3596, 32.7595 ], [ -93.3651, 32.7462 ], [ -93.3496, 32.7044 ], [ -93.3553, 32.6671 ], [ -93.3374, 32.6447 ], [ -93.3426, 32.617 ], [ -93.331, 32.6121 ], [ -93.3364, 32.5997 ], [ -93.3147, 32.5875 ], [ -93.326, 32.5764 ], [ -93.3266, 32.5674 ], [ -93.3195, 32.5631 ], [ -93.332, 32.5466 ], [ -93.3302, 32.5367 ], [ -93.4462, 32.5351 ], [ -93.4449, 32.7614 ], [ -93.4547, 32.7617 ], [ -93.4507, 32.7762 ] ] ] } },
{ "type": "Feature", "properties": { "GEOIDFQ": "1400000US22119032101", "NAME": "321.01", "NAMELSAD": "Census Tract 321.01" }, "geometry": { "type": "Polygon", "coordinates": [ [ [ -93.3528, 32.4565 ], [ -93.3593, 32.5002 ], [ -93.3399, 32.5186 ], [ -93.3369, 32.5352 ], [ -93.3301, 32.5353 ], [ -93.332, 32.5466 ], [ -93.3202, 32.5607 ], [ -93.326, 32.5764 ], [ -93.3147, 32.5872 ], [ -93.3217, 32.5943 ], [ -93.2209, 32.5749 ], [ -93.2192, 32.5663 ], [ -93.2272, 32.5573 ], [ -93.2785, 32.5474 ], [ -93.2867, 32.5174 ], [ -93.3009, 32.4983 ], [ -93.2997, 32.4731 ], [ -93.3221, 32.4342 ], [ -93.326, 32.4102 ], [ -93.3644, 32.4102 ], [ -93.366, 32.4391 ], [ -93.3528, 32.4565 ] ] ] } },
{ "type": "Feature", "properties": { "GEOIDFQ": "1400000US22119032102", "NAME": "321.02", "NAMELSAD": "Census Tract 321.02" }, "geometry": { "type": "Polygon", "coordinates": [ [ [ -93.3221, 32.4342 ], [ -93.2997, 32.4731 ], [ -93.3009, 32.4983 ], [ -93.2867, 32.5174 ], [ -93.2785, 32.5474 ], [ -93.2583, 32.5552 ], [ -93.2388, 32.5534 ], [ -93.2192, 32.5663 ], [ -93.2209, 32.5749 ], [ -93.248, 32.5806 ], [ -93.2497, 32.6265 ], [ -93.1863, 32.6872 ], [ -93.1861, 32.6729 ], [ -93.1777, 32.6722 ], [ -93.1829, 32.6659 ], [ -93.1769, 32.6636 ], [ -93.181, 32.6534 ], [ -93.1736, 32.6331 ], [ -93.1822, 32.5861 ], [ -93.1682, 32.5503 ], [ -93.1713, 32.5261 ], [ -93.1464, 32.47 ], [ -93.1521, 32.4664 ], [ -93.1471, 32.4553 ], [ -93.2372, 32.4543 ], [ -93.2369, 32.4102 ], [ -93.3259, 32.4104 ], [ -93.3221, 32.4342 ] ] ] } },
{ "type": "Feature", "properties": { "GEOIDFQ": "1400000US22019000900", "NAME": "9", "NAMELSAD": "Census Tract 9" }, "geometry": { "type": "Polygon", "coordinates": [ [ [ -93.2015, 30.2126 ], [ -93.1801, 30.2085 ], [ -93.1801, 30.1976 ], [ -93.2056, 30.1975 ], [ -93.2015, 30.2126 ] ] ] } },
{ "type": "Feature", "properties": { "GEOIDFQ": "1400000US22019001000", "NAME": "10", "NAMELSAD": "Census Tract 10" }, "geometry": { "type": "Polygon", "coordinates": [ [ [ -93.2186, 30.1972 ], [ -93.2186, 30.1762 ], [ -93.2323, 30.1761 ], [ -93.2378, 30.197 ], [ -93.2186, 30.1972 ] ] ] } },
{ "type": "Feature", "properties": { "GEOIDFQ": "1400000US22095070400", "NAME": "704", "NAMELSAD": "Census Tract 704" }, "geometry": { "type": "Polygon", "coordinates": [ [ [ -90.4986, 30.106 ], [ -90.4862, 30.102 ], [ -90.4906, 30.08 ], [ -90.5018, 30.0786 ], [ -90.5056, 30.0985 ], [ -90.4986, 30.106 ] ] ] } },
{ "type": "Feature", "properties": { "GEOIDFQ": "1400000US22095070100", "NAME": "701", "NAMELSAD": "Census Tract 701" }, "geometry": { "type": "Polygon", "coordinates": [ [ [ -90.6319, 30.2212 ], [ -90.6118, 30.2142 ], [ -90.5995, 30.2168 ], [ -90.5778, 30.1972 ], [ -90.5512, 30.1967 ], [ -90.5161, 30.2213 ], [ -90.4858, 30.277 ], [ -90.3861, 30.2869 ], [ -90.3731, 30.2835 ], [ -90.3503, 30.2968 ], [ -90.3205, 30.299 ], [ -90.1606, 30.2343 ], [ -90.1582, 30.2281 ], [ -90.1563, 30.1896 ], [ -90.3266, 30.1502 ], [ -90.3497, 30.1203 ], [ -90.407, 30.0831 ], [ -90.4427, 30.0418 ], [ -90.4814, 30.0672 ], [ -90.4618, 30.0843 ], [ -90.4416, 30.0887 ], [ -90.5056, 30.1077 ], [ -90.6498, 30.1207 ], [ -90.6319, 30.2212 ] ] ] } },
{ "type": "Feature", "properties": { "GEOIDFQ": "1400000US22095070200", "NAME": "702", "NAMELSAD": "Census Tract 702" }, "geometry": { "type": "Polygon", "coordinates": [ [ [ -90.4705, 30.0969 ], [ -90.4416, 30.0887 ], [ -90.4618, 30.0843 ], [ -90.4814, 30.0672 ], [ -90.4878, 30.0705 ], [ -90.4705, 30.0969 ] ] ] } },
{ "type": "Feature", "properties": { "GEOIDFQ": "1400000US22095071100", "NAME": "711", "NAMELSAD": "Census Tract 711" }, "geometry": { "type": "Polygon", "coordinates": [ [ [ -90.6582, 30.0514 ], [ -90.6216, 30.0315 ], [ -90.5793, 30.0513 ], [ -90.5332, 30.0463 ], [ -90.4939, 30.0533 ], [ -90.4787, 30.0459 ], [ -90.4742, 30.0314 ], [ -90.4758, 30.0359 ], [ -90.5383, 30.0168 ], [ -90.539, 30.0022 ], [ -90.5497, 30.0027 ], [ -90.5493, 29.968 ], [ -90.5322, 29.9679 ], [ -90.5296, 29.885 ], [ -90.553, 29.8933 ], [ -90.5946, 29.8928 ], [ -90.6093, 29.8831 ], [ -90.6121, 29.8911 ], [ -90.628, 29.8952 ], [ -90.6563, 29.8892 ], [ -90.6656, 29.9077 ], [ -90.6665, 29.9518 ], [ -90.6749, 29.9516 ], [ -90.6671, 29.981 ], [ -90.6756, 29.9807 ], [ -90.6793, 29.9877 ], [ -90.6716, 29.9928 ], [ -90.6888, 30.036 ], [ -90.6582, 30.0514 ] ] ] } },
{ "type": "Feature", "properties": { "GEOIDFQ": "1400000US22079012900", "NAME": "129", "NAMELSAD": "Census Tract 129" }, "geometry": { "type": "Polygon", "coordinates": [ [ [ -92.4308, 31.3042 ], [ -92.4199, 31.2938 ], [ -92.4285, 31.2842 ], [ -92.4378, 31.2923 ], [ -92.4308, 31.3042 ] ] ] } },
{ "type": "Feature", "properties": { "GEOIDFQ": "1400000US22047953102", "NAME": "9531.02", "NAMELSAD": "Census Tract 9531.02" }, "geometry": { "type": "Polygon", "coordinates": [ [ [ -91.2307, 30.2958 ], [ -91.1982, 30.2777 ], [ -91.1347, 30.275 ], [ -91.1139, 30.2607 ], [ -91.1091, 30.2502 ], [ -91.1189, 30.2519 ], [ -91.1287, 30.2417 ], [ -91.1495, 30.2497 ], [ -91.1568, 30.259 ], [ -91.2029, 30.2368 ], [ -91.2383, 30.293 ], [ -91.2307, 30.2958 ] ] ] } },
{ "type": "Feature", "properties": { "GEOIDFQ": "1400000US22047952600", "NAME": "9526", "NAMELSAD": "Census Tract 9526" }, "geometry": { "type": "Polygon", "coordinates": [ [ [ -91.5834, 30.497 ], [ -91.5835, 30.4826 ], [ -91.5563, 30.4829 ], [ -91.5582, 30.4884 ], [ -91.5265, 30.4972 ], [ -91.4852, 30.4973 ], [ -91.4602, 30.4704 ], [ -91.4532, 30.4751 ], [ -91.4079, 30.4263 ], [ -91.6448, 30.3634 ], [ -91.6433, 30.3725 ], [ -91.6278, 30.3796 ], [ -91.6247, 30.3944 ], [ -91.6401, 30.4427 ], [ -91.6748, 30.4745 ], [ -91.6925, 30.4813 ], [ -91.7013, 30.4977 ], [ -91.5834, 30.497 ] ] ] } },
{ "type": "Feature", "properties": { "GEOIDFQ": "1400000US22057021800", "NAME": "218", "NAMELSAD": "Census Tract 218" }, "geometry": { "type": "Polygon", "coordinates": [ [ [ -90.6084, 29.7311 ], [ -90.572, 29.7077 ], [ -90.5879, 29.6923 ], [ -90.6214, 29.7129 ], [ -90.6084, 29.7311 ] ] ] } },
{ "type": "Feature", "properties": { "GEOIDFQ": "1400000US22057020800", "NAME": "208", "NAMELSAD": "Census Tract 208" }, "geometry": { "type": "Polygon", "coordinates": [ [ [ -90.7728, 29.9047 ], [ -90.7565, 29.9057 ], [ -90.7368, 29.8963 ], [ -90.7232, 29.907 ], [ -90.7171, 29.8966 ], [ -90.6901, 29.9049 ], [ -90.6806, 29.8925 ], [ -90.6682, 29.8894 ], [ -90.628, 29.8952 ], [ -90.6121, 29.8911 ], [ -90.6093, 29.8831 ], [ -90.6008, 29.8881 ], [ -90.5931, 29.8704 ], [ -90.6286, 29.8447 ], [ -90.6139, 29.8159 ], [ -90.6295, 29.7925 ], [ -90.6454, 29.7827 ], [ -90.6594, 29.7543 ], [ -90.7649, 29.7667 ], [ -90.7861, 29.7875 ], [ -90.7567, 29.8279 ], [ -90.7579, 29.847 ], [ -90.7515, 29.8524 ], [ -90.7653, 29.8709 ], [ -90.791, 29.8857 ], [ -90.7728, 29.9047 ] ] ] } },
{ "type": "Feature", "properties": { "GEOIDFQ": "1400000US22057021700", "NAME": "217", "NAMELSAD": "Census Tract 217" }, "geometry": { "type": "Polygon", "coordinates": [ [ [ -90.5483, 29.6429 ], [ -90.5552, 29.6528 ], [ -90.5488, 29.6544 ], [ -90.5371, 29.6549 ], [ -90.5184, 29.6411 ], [ -90.5376, 29.6279 ], [ -90.5271, 29.6186 ], [ -90.5369, 29.6127 ], [ -90.5567, 29.6151 ], [ -90.559, 29.6363 ], [ -90.5483, 29.6429 ] ] ] } },
{ "type": "Feature", "properties": { "GEOIDFQ": "1400000US22057020202", "NAME": "202.02", "NAMELSAD": "Census Tract 202.02" }, "geometry": { "type": "Polygon", "coordinates": [ [ [ -90.7986, 29.7955 ], [ -90.7649, 29.7667 ], [ -90.8048, 29.751 ], [ -90.8042, 29.7705 ], [ -90.8103, 29.7763 ], [ -90.7986, 29.7955 ] ] ] } },
{ "type": "Feature", "properties": { "GEOIDFQ": "1400000US22057020900", "NAME": "209", "NAMELSAD": "Census Tract 209" }, "geometry": { "type": "Polygon", "coordinates": [ [ [ -90.5982, 29.7459 ], [ -90.573, 29.7481 ], [ -90.5988, 29.7277 ], [ -90.6205, 29.7351 ], [ -90.6887, 29.7379 ], [ -90.7134, 29.7516 ], [ -90.7649, 29.7667 ], [ -90.5982, 29.7459 ] ] ] } },
{ "type": "Feature", "properties": { "GEOIDFQ": "1400000US22057021300", "NAME": "213", "NAMELSAD": "Census Tract 213" }, "geometry": { "type": "Polygon", "coordinates": [ [ [ -90.2783, 29.4124 ], [ -90.252, 29.3597 ], [ -90.2641, 29.3649 ], [ -90.2632, 29.3736 ], [ -90.2942, 29.3736 ], [ -90.304, 29.3908 ], [ -90.2783, 29.4124 ] ] ] } },
{ "type": "Feature", "properties": { "GEOIDFQ": "1400000US22033004511", "NAME": "45.11", "NAMELSAD": "Census Tract 45.11" }, "geometry": { "type": "Polygon", "coordinates": [ [ [ -91.0243, 30.4381 ], [ -90.9857, 30.4476 ], [ -90.9724, 30.4403 ], [ -90.9819, 30.4228 ], [ -90.9633, 30.418 ], [ -91.0244, 30.43 ], [ -91.0243, 30.4381 ] ] ] } },
{ "type": "Feature", "properties": { "GEOIDFQ": "1400000US22109001201", "NAME": "12.01", "NAMELSAD": "Census Tract 12.01" }, "geometry": { "type": "Polygon", "coordinates": [ [ [ -90.6406, 29.5549 ], [ -90.6438, 29.5578 ], [ -90.649, 29.5648 ], [ -90.6186, 29.5363 ], [ -90.5998, 29.5299 ], [ -90.5929, 29.5344 ], [ -90.567, 29.492 ], [ -90.5725, 29.4809 ], [ -90.5827, 29.4855 ], [ -90.5902, 29.4776 ], [ -90.5993, 29.478 ], [ -90.6019, 29.4676 ], [ -90.6143, 29.4716 ], [ -90.6179, 29.4872 ], [ -90.6384, 29.4791 ], [ -90.6405, 29.4725 ], [ -90.6549, 29.4722 ], [ -90.6453, 29.5002 ], [ -90.658, 29.5188 ], [ -90.6552, 29.5433 ], [ -90.6606, 29.5543 ], [ -90.6406, 29.5549 ] ] ] } },
{ "type": "Feature", "properties": { "GEOIDFQ": "1400000US22109001400", "NAME": "14", "NAMELSAD": "Census Tract 14" }, "geometry": { "type": "Polygon", "coordinates": [ [ [ -91.353, 29.3315 ], [ -91.3406, 29.33 ], [ -91.3498, 29.3226 ], [ -91.3378, 29.3088 ], [ -91.3093, 29.3057 ], [ -91.2918, 29.3114 ], [ -91.2909, 29.3208 ], [ -91.2766, 29.3298 ], [ -91.2693, 29.3582 ], [ -91.2354, 29.3741 ], [ -91.2134, 29.4175 ], [ -91.1967, 29.4117 ], [ -91.1921, 29.4264 ], [ -91.1191, 29.4583 ], [ -91.1022, 29.4546 ], [ -91.0987, 29.4655 ], [ -91.0647, 29.4844 ], [ -90.8221, 29.4515 ], [ -90.7924, 29.5109 ], [ -90.7965, 29.5354 ], [ -90.7647, 29.5358 ], [ -90.7487, 29.5608 ], [ -90.7174, 29.5718 ], [ -90.7079, 29.5556 ], [ -90.705, 29.537 ], [ -90.7298, 29.3846 ], [ -90.7735, 29.3704 ], [ -90.7734, 29.3506 ], [ -90.8169, 29.3441 ], [ -90.8314, 29.2829 ], [ -90.8407, 29.279 ], [ -90.8515, 29.2584 ], [ -90.8672, 29.2553 ], [ -90.8641, 29.2419 ], [ -90.8724, 29.2618 ], [ -90.874, 29.2466 ], [ -90.8869, 29.2435 ], [ -90.881, 29.2403 ], [ -90.8848, 29.2271 ], [ -90.8733, 29.2274 ], [ -90.8766, 29.2181 ], [ -90.8835, 29.2204 ], [ -90.889, 29.2105 ], [ -90.8968, 29.2099 ], [ -90.8988, 29.2169 ], [ -90.9146, 29.2149 ], [ -90.9083, 29.2215 ], [ -90.9168, 29.2239 ], [ -90.9304, 29.2209 ], [ -90.9218, 29.2196 ], [ -90.9283, 29.2147 ], [ -90.9361, 29.22 ], [ -90.9371, 29.2117 ], [ -90.9507, 29.2173 ], [ -90.9556, 29.2018 ], [ -90.9693, 29.1977 ], [ -90.975, 29.188 ], [ -90.9584, 29.1793 ], [ -90.9692, 29.1524 ], [ -91.0467, 29.1552 ], [ -91.1281, 29.198 ], [ -91.2114, 29.2144 ], [ -91.2965, 29.2469 ], [ -91.3106, 29.2557 ], [ -91.314, 29.2719 ], [ -91.3395, 29.295 ], [ -91.3538, 29.3267 ], [ -91.353, 29.3315 ] ] ] } },
{ "type": "Feature", "properties": { "GEOIDFQ": "1400000US22109001600", "NAME": "16", "NAMELSAD": "Census Tract 16" }, "geometry": { "type": "Polygon", "coordinates": [ [ [ -91.1216, 29.608 ], [ -91.1172, 29.6175 ], [ -91.0836, 29.6252 ], [ -91.0069, 29.7151 ], [ -90.8892, 29.7167 ], [ -90.8967, 29.6655 ], [ -90.8818, 29.6609 ], [ -90.8735, 29.6344 ], [ -90.8484, 29.6311 ], [ -90.8484, 29.6222 ], [ -90.857, 29.622 ], [ -90.8596, 29.5971 ], [ -90.8897, 29.6027 ], [ -90.9051, 29.5675 ], [ -90.9192, 29.5579 ], [ -90.9583, 29.5766 ], [ -90.9801, 29.6121 ], [ -90.9979, 29.6226 ], [ -91.0295, 29.5614 ], [ -91.0526, 29.5471 ], [ -91.0781, 29.5544 ], [ -91.0873, 29.5702 ], [ -91.1397, 29.6083 ], [ -91.1216, 29.608 ] ] ] } },
{ "type": "Feature", "properties": { "GEOIDFQ": "1400000US22109001100", "NAME": "11", "NAMELSAD": "Census Tract 11" }, "geometry": { "type": "Polygon", "coordinates": [ [ [ -90.6148, 29.3543 ], [ -90.6014, 29.3678 ], [ -90.6145, 29.378 ], [ -90.5954, 29.3952 ], [ -90.5945, 29.4068 ], [ -90.574, 29.4377 ], [ -90.5756, 29.4762 ], [ -90.5666, 29.4898 ], [ -90.5835, 29.5125 ], [ -90.5755, 29.5193 ], [ -90.5476, 29.5011 ], [ -90.5383, 29.5059 ], [ -90.5264, 29.4991 ], [ -90.4868, 29.462 ], [ -90.469, 29.4541 ], [ -90.4481, 29.418 ], [ -90.3844, 29.3661 ], [ -90.3796, 29.3491 ], [ -90.3866, 29.3252 ], [ -90.3767, 29.3029 ], [ -90.3836, 29.2816 ], [ -90.4038, 29.2552 ], [ -90.4029, 29.2427 ], [ -90.4095, 29.2402 ], [ -90.4096, 29.1928 ], [ -90.452, 29.1936 ], [ -90.5748, 29.2414 ], [ -90.5852, 29.2402 ], [ -90.5982, 29.2644 ], [ -90.6216, 29.2848 ], [ -90.6276, 29.3238 ], [ -90.6148, 29.3543 ] ] ] } },
{ "type": "Feature", "properties": { "GEOIDFQ": "1400000US22109001202", "NAME": "12.02", "NAMELSAD": "Census Tract 12.02" }, "geometry": { "type": "Polygon", "coordinates": [ [ [ -90.9582, 29.0679 ], [ -90.8989, 29.0572 ], [ -90.7999, 29.0559 ], [ -90.7394, 29.1052 ], [ -90.7326, 29.1365 ], [ -90.7434, 29.1443 ], [ -90.7235, 29.1967 ], [ -90.7261, 29.2203 ], [ -90.716, 29.2367 ], [ -90.7162, 29.2607 ], [ -90.6981, 29.2857 ], [ -90.7007, 29.2973 ], [ -90.6892, 29.3136 ], [ -90.694, 29.3158 ], [ -90.6909, 29.3332 ], [ -90.6765, 29.3371 ], [ -90.6819, 29.3483 ], [ -90.6773, 29.3662 ], [ -90.6888, 29.3769 ], [ -90.6805, 29.3849 ], [ -90.6905, 29.3936 ], [ -90.671, 29.3954 ], [ -90.6782, 29.408 ], [ -90.6714, 29.4225 ], [ -90.6774, 29.4314 ], [ -90.6651, 29.4339 ], [ -90.6581, 29.4451 ], [ -90.6549, 29.4722 ], [ -90.6405, 29.4725 ], [ -90.6384, 29.4791 ], [ -90.6177, 29.4872 ], [ -90.6143, 29.4716 ], [ -90.6013, 29.4676 ], [ -90.5996, 29.4778 ], [ -90.5805, 29.4842 ], [ -90.5734, 29.4743 ], [ -90.574, 29.4377 ], [ -90.5945, 29.4068 ], [ -90.5954, 29.3952 ], [ -90.6145, 29.378 ], [ -90.6014, 29.3678 ], [ -90.6148, 29.3543 ], [ -90.6276, 29.3238 ], [ -90.6216, 29.2848 ], [ -90.5982, 29.2644 ], [ -90.5852, 29.2402 ], [ -90.5748, 29.2414 ], [ -90.452, 29.1936 ], [ -90.4096, 29.1928 ], [ -90.4096, 29.0398 ], [ -90.483, 29.0507 ], [ -90.5437, 29.0784 ], [ -90.7167, 29.0361 ], [ -90.7858, 29.0287 ], [ -90.9126, 29.0337 ], [ -90.9619, 29.0458 ], [ -90.9726, 29.0573 ], [ -90.9705, 29.0644 ], [ -90.9582, 29.0679 ] ] ] } },
{ "type": "Feature", "properties": { "GEOIDFQ": "1400000US22073000900", "NAME": "9", "NAMELSAD": "Census Tract 9" }, "geometry": { "type": "Polygon", "coordinates": [ [ [ -92.1037, 32.5039 ], [ -92.0828, 32.5023 ], [ -92.0947, 32.4948 ], [ -92.1084, 32.4951 ], [ -92.1037, 32.5039 ] ] ] } },
{ "type": "Feature", "properties": { "GEOIDFQ": "1400000US22005030302", "NAME": "303.02", "NAMELSAD": "Census Tract 303.02" }, "geometry": { "type": "Polygon", "coordinates": [ [ [ -91.0488, 30.2415 ], [ -91.0286, 30.2363 ], [ -90.9965, 30.2111 ], [ -90.9623, 30.2105 ], [ -90.9625, 30.1998 ], [ -90.9865, 30.1848 ], [ -90.9548, 30.1577 ], [ -90.9432, 30.1662 ], [ -90.9093, 30.1728 ], [ -90.8761, 30.1498 ], [ -90.8519, 30.1493 ], [ -90.8141, 30.1598 ], [ -90.7861, 30.1383 ], [ -90.9156, 30.1133 ], [ -90.9232, 30.1304 ], [ -90.9379, 30.1366 ], [ -90.9467, 30.1296 ], [ -90.9472, 30.1121 ], [ -90.9595, 30.1072 ], [ -91.0236, 30.1152 ], [ -91.0313, 30.1248 ], [ -91.0003, 30.1448 ], [ -91.0007, 30.1599 ], [ -91.0281, 30.1994 ], [ -91.0591, 30.2131 ], [ -91.0488, 30.2415 ] ] ] } },
{ "type": "Feature", "properties": { "GEOIDFQ": "1400000US22005030212", "NAME": "302.12", "NAMELSAD": "Census Tract 302.12" }, "geometry": { "type": "Polygon", "coordinates": [ [ [ -90.9804, 30.2856 ], [ -90.9724, 30.303 ], [ -90.9419, 30.2694 ], [ -90.9854, 30.2699 ], [ -90.9891, 30.2867 ], [ -90.9804, 30.2856 ] ] ] } },
{ "type": "Feature", "properties": { "GEOIDFQ": "1400000US22005030406", "NAME": "304.06", "NAMELSAD": "Census Tract 304.06" }, "geometry": { "type": "Polygon", "coordinates": [ [ [ -90.9637, 30.2326 ], [ -90.9089, 30.233 ], [ -90.904, 30.2258 ], [ -90.9374, 30.2254 ], [ -90.9372, 30.2108 ], [ -90.9469, 30.2107 ], [ -90.9633, 30.2306 ], [ -90.9686, 30.2406 ], [ -90.9637, 30.2326 ] ] ] } },
{ "type": "Feature", "properties": { "GEOIDFQ": "1400000US22005030403", "NAME": "304.03", "NAMELSAD": "Census Tract 304.03" }, "geometry": { "type": "Polygon", "coordinates": [ [ [ -90.935, 30.2549 ], [ -90.9207, 30.2328 ], [ -90.9638, 30.2326 ], [ -90.9773, 30.2546 ], [ -90.935, 30.2549 ] ] ] } },
{ "type": "Feature", "properties": { "GEOIDFQ": "1400000US22051024202", "NAME": "242.02", "NAMELSAD": "Census Tract 242.02" }, "geometry": { "type": "Polygon", "coordinates": [ [ [ -90.2018, 29.968 ], [ -90.1833, 29.9682 ], [ -90.1818, 29.9554 ], [ -90.1691, 29.9444 ], [ -90.1842, 29.9319 ], [ -90.1975, 29.9437 ], [ -90.2084, 29.9736 ], [ -90.2018, 29.968 ] ] ] } },
{ "type": "Feature", "properties": { "GEOIDFQ": "1400000US22111960600", "NAME": "9606", "NAMELSAD": "Census Tract 9606" }, "geometry": { "type": "Polygon", "coordinates": [ [ [ -92.5083, 32.6952 ], [ -92.497, 32.7045 ], [ -92.4799, 32.6928 ], [ -92.4662, 32.6919 ], [ -92.4542, 32.7157 ], [ -92.4253, 32.7473 ], [ -92.4141, 32.7372 ], [ -92.4119, 32.7141 ], [ -92.3929, 32.7407 ], [ -92.3638, 32.7245 ], [ -92.3667, 32.7081 ], [ -92.3744, 32.7038 ], [ -92.3638, 32.7027 ], [ -92.36, 32.7094 ], [ -92.3486, 32.7019 ], [ -92.3404, 32.7112 ], [ -92.3477, 32.6883 ], [ -92.3129, 32.7003 ], [ -92.2901, 32.6921 ], [ -92.2832, 32.7001 ], [ -92.2597, 32.7059 ], [ -92.2501, 32.701 ], [ -92.2494, 32.6884 ], [ -92.2405, 32.69 ], [ -92.2449, 32.6967 ], [ -92.2355, 32.6942 ], [ -92.2406, 32.6565 ], [ -92.2147, 32.6342 ], [ -92.2219, 32.5931 ], [ -92.2737, 32.5809 ], [ -92.2969, 32.588 ], [ -92.3013, 32.5824 ], [ -92.4152, 32.5829 ], [ -92.4152, 32.6703 ], [ -92.519, 32.6708 ], [ -92.519, 32.7163 ], [ -92.5083, 32.6952 ] ] ] } },
{ "type": "Feature", "properties": { "GEOIDFQ": "1400000US22111960400", "NAME": "9604", "NAMELSAD": "Census Tract 9604" }, "geometry": { "type": "Polygon", "coordinates": [ [ [ -92.4153, 32.7923 ], [ -92.4044, 32.7945 ], [ -92.3803, 32.8154 ], [ -92.3719, 32.7646 ], [ -92.3811, 32.7679 ], [ -92.3794, 32.7572 ], [ -92.3917, 32.7587 ], [ -92.4068, 32.7511 ], [ -92.4219, 32.7733 ], [ -92.4153, 32.7923 ] ] ] } },
{ "type": "Feature", "properties": { "GEOIDFQ": "1400000US22111960500", "NAME": "9605", "NAMELSAD": "Census Tract 9605" }, "geometry": { "type": "Polygon", "coordinates": [ [ [ -92.4107, 32.7617 ], [ -92.4124, 32.754 ], [ -92.4034, 32.7508 ], [ -92.3917, 32.7587 ], [ -92.3794, 32.7572 ], [ -92.3811, 32.7679 ], [ -92.3719, 32.7646 ], [ -92.3715, 32.7854 ], [ -92.3798, 32.791 ], [ -92.3803, 32.8023 ], [ -92.3075, 32.8438 ], [ -92.2739, 32.8458 ], [ -92.2523, 32.816 ], [ -92.241, 32.8219 ], [ -92.2072, 32.8227 ], [ -92.143, 32.8152 ], [ -92.1338, 32.7787 ], [ -92.0983, 32.7784 ], [ -92.1008, 32.7905 ], [ -92.0952, 32.7968 ], [ -92.0878, 32.7866 ], [ -92.0691, 32.78 ], [ -92.0612, 32.7501 ], [ -92.0521, 32.7414 ], [ -92.0553, 32.7349 ], [ -92.0696, 32.7335 ], [ -92.0598, 32.727 ], [ -92.0914, 32.6866 ], [ -92.1202, 32.6736 ], [ -92.1402, 32.6748 ], [ -92.1382, 32.6608 ], [ -92.2193, 32.6115 ], [ -92.2147, 32.6342 ], [ -92.2407, 32.6573 ], [ -92.2358, 32.6945 ], [ -92.2449, 32.6967 ], [ -92.2405, 32.69 ], [ -92.2494, 32.6884 ], [ -92.2501, 32.701 ], [ -92.2617, 32.7063 ], [ -92.2832, 32.7001 ], [ -92.2901, 32.6921 ], [ -92.3129, 32.7003 ], [ -92.3477, 32.6883 ], [ -92.3505, 32.6897 ], [ -92.3449, 32.6969 ], [ -92.3449, 32.7031 ], [ -92.3405, 32.7075 ], [ -92.3404, 32.7112 ], [ -92.3486, 32.7019 ], [ -92.36, 32.7094 ], [ -92.3638, 32.7027 ], [ -92.3744, 32.7038 ], [ -92.3667, 32.7081 ], [ -92.3638, 32.7245 ], [ -92.3929, 32.7407 ], [ -92.4119, 32.7141 ], [ -92.4141, 32.7372 ], [ -92.4253, 32.7473 ], [ -92.4107, 32.7617 ] ] ] } },
{ "type": "Feature", "properties": { "GEOIDFQ": "1400000US22111960300", "NAME": "9603", "NAMELSAD": "Census Tract 9603" }, "geometry": { "type": "Polygon", "coordinates": [ [ [ -92.7254, 32.8325 ], [ -92.6309, 32.821 ], [ -92.5944, 32.8323 ], [ -92.5887, 32.8512 ], [ -92.5775, 32.8569 ], [ -92.5798, 32.842 ], [ -92.5453, 32.8422 ], [ -92.5473, 32.8196 ], [ -92.5001, 32.8216 ], [ -92.4795, 32.8034 ], [ -92.465, 32.8104 ], [ -92.4443, 32.7989 ], [ -92.4475, 32.7861 ], [ -92.4546, 32.7904 ], [ -92.4571, 32.7858 ], [ -92.4183, 32.7854 ], [ -92.4219, 32.7732 ], [ -92.4124, 32.7599 ], [ -92.454, 32.7161 ], [ -92.4662, 32.6919 ], [ -92.4799, 32.6928 ], [ -92.497, 32.7045 ], [ -92.5083, 32.6952 ], [ -92.519, 32.7208 ], [ -92.5482, 32.7189 ], [ -92.5673, 32.7464 ], [ -92.585, 32.7466 ], [ -92.5939, 32.7558 ], [ -92.6134, 32.7525 ], [ -92.6301, 32.7599 ], [ -92.7254, 32.7594 ], [ -92.7254, 32.8033 ], [ -92.7341, 32.8036 ], [ -92.7254, 32.8325 ] ] ] } },
{ "type": "Feature", "properties": { "GEOIDFQ": "1400000US22057022000", "NAME": "220", "NAMELSAD": "Census Tract 220" }, "geometry": { "type": "Polygon", "coordinates": [ [ [ -90.8181, 29.7991 ], [ -90.7986, 29.7956 ], [ -90.805, 29.7785 ], [ -90.8115, 29.792 ], [ -90.8199, 29.7942 ], [ -90.8181, 29.7991 ] ] ] } },
{ "type": "Feature", "properties": { "GEOIDFQ": "1400000US22111960100", "NAME": "9601", "NAMELSAD": "Census Tract 9601" }, "geometry": { "type": "Polygon", "coordinates": [ [ [ -92.5, 32.9819 ], [ -92.4938, 32.9981 ], [ -92.5025, 33.0122 ], [ -92.0689, 33.008 ], [ -92.0714, 32.9878 ], [ -92.0818, 32.9816 ], [ -92.0754, 32.9713 ], [ -92.0856, 32.9652 ], [ -92.0726, 32.9252 ], [ -92.0796, 32.921 ], [ -92.074, 32.9157 ], [ -92.0807, 32.9146 ], [ -92.0771, 32.8938 ], [ -92.0848, 32.8786 ], [ -92.0563, 32.8431 ], [ -92.056, 32.8375 ], [ -92.0675, 32.8321 ], [ -92.0527, 32.7947 ], [ -92.0593, 32.7681 ], [ -92.0672, 32.7685 ], [ -92.0691, 32.78 ], [ -92.0876, 32.7865 ], [ -92.097, 32.7972 ], [ -92.0983, 32.7784 ], [ -92.135, 32.7793 ], [ -92.143, 32.8152 ], [ -92.155, 32.8184 ], [ -92.209, 32.8227 ], [ -92.2558, 32.817 ], [ -92.2739, 32.8458 ], [ -92.3075, 32.8438 ], [ -92.381, 32.8018 ], [ -92.3803, 32.8154 ], [ -92.3856, 32.8155 ], [ -92.4183, 32.7854 ], [ -92.4475, 32.7827 ], [ -92.4571, 32.7858 ], [ -92.4546, 32.7904 ], [ -92.4475, 32.7861 ], [ -92.4443, 32.7989 ], [ -92.465, 32.8104 ], [ -92.4795, 32.8034 ], [ -92.4941, 32.8166 ], [ -92.4701, 32.8458 ], [ -92.4695, 32.8607 ], [ -92.4601, 32.873 ], [ -92.4622, 32.8861 ], [ -92.4836, 32.9159 ], [ -92.4809, 32.9358 ], [ -92.4901, 32.9439 ], [ -92.5029, 32.944 ], [ -92.4986, 32.9577 ], [ -92.5165, 32.9704 ], [ -92.5, 32.9819 ] ] ] } },
{ "type": "Feature", "properties": { "GEOIDFQ": "1400000US22055002101", "NAME": "21.01", "NAMELSAD": "Census Tract 21.01" }, "geometry": { "type": "Polygon", "coordinates": [ [ [ -92.0949, 30.33 ], [ -92.085, 30.3293 ], [ -92.0871, 30.3154 ], [ -92.0495, 30.3212 ], [ -92.0494, 30.2978 ], [ -92.1422, 30.2988 ], [ -92.0949, 30.33 ] ] ] } },
{ "type": "Feature", "properties": { "GEOIDFQ": "1400000US22101041200", "NAME": "412", "NAMELSAD": "Census Tract 412" }, "geometry": { "type": "Polygon", "coordinates": [ [ [ -91.5486, 29.8402 ], [ -91.5508, 29.8447 ], [ -91.537, 29.8442 ], [ -91.542, 29.8339 ], [ -91.5369, 29.826 ], [ -91.5461, 29.8184 ], [ -91.5701, 29.834 ], [ -91.5486, 29.8402 ] ] ] } },
{ "type": "Feature", "properties": { "GEOIDFQ": "1400000US22019001600", "NAME": "16", "NAMELSAD": "Census Tract 16" }, "geometry": { "type": "Polygon", "coordinates": [ [ [ -93.1719, 30.2136 ], [ -93.1684, 30.2465 ], [ -93.1294, 30.2446 ], [ -93.1289, 30.1999 ], [ -93.1477, 30.2277 ], [ -93.1647, 30.2158 ], [ -93.1485, 30.216 ], [ -93.1406, 30.1984 ], [ -93.1706, 30.207 ], [ -93.1721, 30.1993 ], [ -93.1801, 30.1976 ], [ -93.1801, 30.2072 ], [ -93.1719, 30.2136 ] ] ] } },
{ "type": "Feature", "properties": { "GEOIDFQ": "1400000US22009030900", "NAME": "309", "NAMELSAD": "Census Tract 309" }, "geometry": { "type": "Polygon", "coordinates": [ [ [ -91.9434, 31.0313 ], [ -91.9309, 31.0312 ], [ -91.8926, 30.9999 ], [ -91.8603, 31.0045 ], [ -91.7979, 30.9862 ], [ -91.806, 30.9726 ], [ -91.802, 30.872 ], [ -91.8043, 30.8637 ], [ -91.8223, 30.8604 ], [ -91.8153, 30.8481 ], [ -91.949, 30.8494 ], [ -91.9158, 30.9547 ], [ -91.9202, 30.9715 ], [ -91.9584, 30.9952 ], [ -91.9613, 31.0097 ], [ -91.9434, 31.0313 ] ] ] } },
{ "type": "Feature", "properties": { "GEOIDFQ": "1400000US22009030100", "NAME": "301", "NAMELSAD": "Census Tract 301" }, "geometry": { "type": "Polygon", "coordinates": [ [ [ -92.0356, 31.2144 ], [ -92.022, 31.2162 ], [ -92.0158, 31.2285 ], [ -92.0001, 31.2314 ], [ -91.9761, 31.2245 ], [ -91.9558, 31.2457 ], [ -91.9471, 31.2409 ], [ -91.9444, 31.2211 ], [ -91.9205, 31.2313 ], [ -91.9226, 31.2379 ], [ -91.9366, 31.2402 ], [ -91.9465, 31.272 ], [ -91.9343, 31.2899 ], [ -91.9176, 31.2963 ], [ -91.8853, 31.2901 ], [ -91.8508, 31.2621 ], [ -91.8353, 31.2673 ], [ -91.8142, 31.251 ], [ -91.8132, 31.239 ], [ -91.7913, 31.226 ], [ -91.7585, 31.2222 ], [ -91.7408, 31.2052 ], [ -91.7228, 31.1996 ], [ -91.7062, 31.2089 ], [ -91.6773, 31.188 ], [ -91.6837, 31.163 ], [ -91.7027, 31.1618 ], [ -91.719, 31.1346 ], [ -91.7176, 31.1191 ], [ -91.7034, 31.1057 ], [ -91.7194, 31.0877 ], [ -91.7097, 31.0752 ], [ -91.7207, 31.0497 ], [ -91.7726, 31.0047 ], [ -91.7798, 30.9873 ], [ -91.7965, 30.9828 ], [ -91.8497, 31.0029 ], [ -91.8926, 30.9999 ], [ -91.9225, 31.0203 ], [ -91.9309, 31.0312 ], [ -91.9231, 31.0447 ], [ -91.9235, 31.0723 ], [ -91.9326, 31.0781 ], [ -91.9388, 31.0709 ], [ -91.9474, 31.0741 ], [ -91.9743, 31.0509 ], [ -92.0147, 31.0513 ], [ -92.0229, 31.0674 ], [ -92.0162, 31.0792 ], [ -92.047, 31.1283 ], [ -92.0366, 31.1424 ], [ -92.0529, 31.1616 ], [ -92.0356, 31.2144 ] ] ] } },
{ "type": "Feature", "properties": { "GEOIDFQ": "1400000US22009030300", "NAME": "303", "NAMELSAD": "Census Tract 303" }, "geometry": { "type": "Polygon", "coordinates": [ [ [ -92.2088, 31.114 ], [ -92.1919, 31.1345 ], [ -92.1968, 31.146 ], [ -92.187, 31.1709 ], [ -92.1296, 31.2078 ], [ -92.1174, 31.2267 ], [ -92.0965, 31.2246 ], [ -92.0754, 31.1992 ], [ -92.042, 31.1971 ], [ -92.0465, 31.175 ], [ -92.061, 31.1753 ], [ -92.0669, 31.1634 ], [ -92.1217, 31.1548 ], [ -92.1345, 31.1369 ], [ -92.1257, 31.1124 ], [ -92.1342, 31.1037 ], [ -92.1349, 31.0895 ], [ -92.1656, 31.0783 ], [ -92.1698, 31.0844 ], [ -92.1853, 31.0798 ], [ -92.178, 31.0634 ], [ -92.1988, 31.0505 ], [ -92.2115, 31.0698 ], [ -92.2271, 31.0748 ], [ -92.2323, 31.1162 ], [ -92.2088, 31.114 ] ] ] } },
{ "type": "Feature", "properties": { "GEOIDFQ": "1400000US22009030200", "NAME": "302", "NAMELSAD": "Census Tract 302" }, "geometry": { "type": "Polygon", "coordinates": [ [ [ -92.2245, 31.1436 ], [ -92.2338, 31.1515 ], [ -92.2332, 31.3215 ], [ -92.2206, 31.3325 ], [ -92.209, 31.3271 ], [ -92.1933, 31.3339 ], [ -92.1804, 31.3284 ], [ -92.1767, 31.3112 ], [ -92.1615, 31.3 ], [ -92.1261, 31.306 ], [ -92.1201, 31.3149 ], [ -92.1149, 31.3117 ], [ -92.0964, 31.3234 ], [ -92.0907, 31.3363 ], [ -92.0787, 31.3231 ], [ -92.041, 31.3363 ], [ -92.0372, 31.3429 ], [ -92.024, 31.3418 ], [ -92.0221, 31.33 ], [ -92.0034, 31.3245 ], [ -92.0083, 31.3089 ], [ -91.9963, 31.2991 ], [ -92.0109, 31.2924 ], [ -92.0113, 31.3021 ], [ -92.0165, 31.3024 ], [ -92.0145, 31.2895 ], [ -92.0235, 31.2846 ], [ -92.0103, 31.2832 ], [ -92.0121, 31.2768 ], [ -92.0021, 31.2703 ], [ -91.9913, 31.2729 ], [ -92.0044, 31.2636 ], [ -91.9978, 31.2529 ], [ -91.9874, 31.2512 ], [ -92.0042, 31.2435 ], [ -91.9909, 31.2376 ], [ -91.9948, 31.2296 ], [ -92.0167, 31.2279 ], [ -92.022, 31.2162 ], [ -92.0356, 31.2144 ], [ -92.0426, 31.197 ], [ -92.0754, 31.1992 ], [ -92.0965, 31.2246 ], [ -92.1174, 31.2267 ], [ -92.1296, 31.2078 ], [ -92.187, 31.1709 ], [ -92.1968, 31.146 ], [ -92.1919, 31.1345 ], [ -92.2088, 31.114 ], [ -92.2323, 31.1162 ], [ -92.2346, 31.1294 ], [ -92.2245, 31.1436 ] ] ] } },
{ "type": "Feature", "properties": { "GEOIDFQ": "1400000US22009030600", "NAME": "306", "NAMELSAD": "Census Tract 306" }, "geometry": { "type": "Polygon", "coordinates": [ [ [ -92.2807, 30.9651 ], [ -92.2084, 30.9622 ], [ -92.205, 30.9736 ], [ -92.2125, 30.9754 ], [ -92.2167, 30.9914 ], [ -92.2271, 31.0748 ], [ -92.2117, 31.0699 ], [ -92.1986, 31.0502 ], [ -92.201, 31.0408 ], [ -92.1865, 31.0342 ], [ -92.1788, 30.9955 ], [ -92.1584, 30.9993 ], [ -92.1599, 31.0107 ], [ -92.1478, 31.0195 ], [ -92.1465, 30.9998 ], [ -92.13, 30.9697 ], [ -92.1444, 30.9564 ], [ -92.1413, 30.9222 ], [ -92.1325, 30.9219 ], [ -92.1321, 30.9105 ], [ -92.1148, 30.9022 ], [ -92.0899, 30.8612 ], [ -92.057, 30.8496 ], [ -92.2378, 30.8483 ], [ -92.2383, 30.8922 ], [ -92.2807, 30.936 ], [ -92.2807, 30.9651 ] ] ] } },
{ "type": "Feature", "properties": { "GEOIDFQ": "1400000US22103040709", "NAME": "407.09", "NAMELSAD": "Census Tract 407.09" }, "geometry": { "type": "Polygon", "coordinates": [ [ [ -89.7417, 30.3063 ], [ -89.7241, 30.3013 ], [ -89.7186, 30.2881 ], [ -89.7493, 30.2849 ], [ -89.7417, 30.3063 ] ] ] } },
{ "type": "Feature", "properties": { "GEOIDFQ": "1400000US22049970200", "NAME": "9702", "NAMELSAD": "Census Tract 9702" }, "geometry": { "type": "Polygon", "coordinates": [ [ [ -92.6217, 32.4531 ], [ -92.6013, 32.4067 ], [ -92.5865, 32.3912 ], [ -92.597, 32.391 ], [ -92.6061, 32.3797 ], [ -92.6209, 32.3798 ], [ -92.6102, 32.3533 ], [ -92.6468, 32.3351 ], [ -92.6473, 32.3216 ], [ -92.6274, 32.3195 ], [ -92.6253, 32.3012 ], [ -92.634, 32.2945 ], [ -92.6772, 32.3023 ], [ -92.6795, 32.3127 ], [ -92.6888, 32.3172 ], [ -92.699, 32.3109 ], [ -92.7001, 32.2895 ], [ -92.7113, 32.2709 ], [ -92.6951, 32.2723 ], [ -92.698, 32.2676 ], [ -92.7209, 32.2594 ], [ -92.7518, 32.2607 ], [ -92.774, 32.2431 ], [ -92.777, 32.4536 ], [ -92.6217, 32.4531 ] ] ] } },
{ "type": "Feature", "properties": { "GEOIDFQ": "1400000US22055001801", "NAME": "18.01", "NAMELSAD": "Census Tract 18.01" }, "geometry": { "type": "Polygon", "coordinates": [ [ [ -92.0586, 30.1937 ], [ -92.0745, 30.1781 ], [ -92.075, 30.1791 ], [ -92.0752, 30.196 ], [ -92.0586, 30.1937 ] ] ] } },
{ "type": "Feature", "properties": { "GEOIDFQ": "1400000US22017020700", "NAME": "207", "NAMELSAD": "Census Tract 207" }, "geometry": { "type": "Polygon", "coordinates": [ [ [ -93.7611, 32.5109 ], [ -93.761, 32.5036 ], [ -93.7803, 32.5036 ], [ -93.7803, 32.5124 ], [ -93.7611, 32.5109 ] ] ] } },
{ "type": "Feature", "properties": { "GEOIDFQ": "1400000US22017021000", "NAME": "210", "NAMELSAD": "Census Tract 210" }, "geometry": { "type": "Polygon", "coordinates": [ [ [ -93.746, 32.5 ], [ -93.746, 32.4814 ], [ -93.7556, 32.4819 ], [ -93.7617, 32.4959 ], [ -93.746, 32.5 ] ] ] } },
{ "type": "Feature", "properties": { "GEOIDFQ": "1400000US22017021200", "NAME": "212", "NAMELSAD": "Census Tract 212" }, "geometry": { "type": "Polygon", "coordinates": [ [ [ -93.746, 32.4927 ], [ -93.731, 32.4926 ], [ -93.7296, 32.4818 ], [ -93.7461, 32.4822 ], [ -93.746, 32.4927 ] ] ] } },
{ "type": "Feature", "properties": { "GEOIDFQ": "1400000US22017021300", "NAME": "213", "NAMELSAD": "Census Tract 213" }, "geometry": { "type": "Polygon", "coordinates": [ [ [ -93.7257, 32.5077 ], [ -93.7056, 32.4988 ], [ -93.7179, 32.4921 ], [ -93.7177, 32.4788 ], [ -93.7296, 32.4818 ], [ -93.7257, 32.5077 ] ] ] } },
{ "type": "Feature", "properties": { "GEOIDFQ": "1400000US22017021400", "NAME": "214", "NAMELSAD": "Census Tract 214" }, "geometry": { "type": "Polygon", "coordinates": [ [ [ -93.7017, 32.4958 ], [ -93.6986, 32.493 ], [ -93.7165, 32.479 ], [ -93.7217, 32.4847 ], [ -93.7017, 32.4958 ] ] ] } },
{ "type": "Feature", "properties": { "GEOIDFQ": "1400000US22017021500", "NAME": "215", "NAMELSAD": "Census Tract 215" }, "geometry": { "type": "Polygon", "coordinates": [ [ [ -93.7374, 32.4818 ], [ -93.7223, 32.4803 ], [ -93.7253, 32.4692 ], [ -93.7374, 32.4706 ], [ -93.7374, 32.4818 ] ] ] } },
{ "type": "Feature", "properties": { "GEOIDFQ": "1400000US22071000617", "NAME": "6.17", "NAMELSAD": "Census Tract 6.17" }, "geometry": { "type": "Polygon", "coordinates": [ [ [ -89.9879, 29.9076 ], [ -89.9845, 29.9042 ], [ -89.9892, 29.8894 ], [ -90.0021, 29.8978 ], [ -89.9879, 29.9076 ] ] ] } },
{ "type": "Feature", "properties": { "GEOIDFQ": "1400000US22099020800", "NAME": "208", "NAMELSAD": "Census Tract 208" }, "geometry": { "type": "Polygon", "coordinates": [ [ [ -91.8121, 30.1519 ], [ -91.8193, 30.1875 ], [ -91.7791, 30.2114 ], [ -91.7549, 30.1927 ], [ -91.7617, 30.1811 ], [ -91.7367, 30.1805 ], [ -91.7363, 30.1479 ], [ -91.7539, 30.1455 ], [ -91.7276, 30.1303 ], [ -91.7266, 30.1224 ], [ -91.7653, 30.1084 ], [ -91.7687, 30.0964 ], [ -91.7605, 30.0909 ], [ -91.7742, 30.0886 ], [ -91.8013, 30.0701 ], [ -91.8135, 30.0495 ], [ -91.8355, 30.0872 ], [ -91.8121, 30.1519 ] ] ] } },
{ "type": "Feature", "properties": { "GEOIDFQ": "1400000US22099021000", "NAME": "210", "NAMELSAD": "Census Tract 210" }, "geometry": { "type": "Polygon", "coordinates": [ [ [ -91.472, 29.9563 ], [ -91.2553, 29.9716 ], [ -91.2477, 29.9511 ], [ -91.2299, 29.9337 ], [ -91.232, 29.9182 ], [ -91.2071, 29.8979 ], [ -91.1986, 29.8597 ], [ -91.1845, 29.8467 ], [ -91.1312, 29.8367 ], [ -91.0994, 29.8147 ], [ -91.0927, 29.801 ], [ -91.1004, 29.7726 ], [ -91.0895, 29.7555 ], [ -91.0954, 29.737 ], [ -91.1066, 29.7335 ], [ -91.1, 29.6994 ], [ -91.1123, 29.7029 ], [ -91.1341, 29.7241 ], [ -91.1813, 29.7286 ], [ -91.2152, 29.7512 ], [ -91.2294, 29.7489 ], [ -91.2986, 29.765 ], [ -91.3518, 29.7663 ], [ -91.3865, 29.7837 ], [ -91.3736, 29.8344 ], [ -91.4011, 29.8735 ], [ -91.4136, 29.905 ], [ -91.472, 29.9497 ], [ -91.472, 29.9563 ] ] ] } },
{ "type": "Feature", "properties": { "GEOIDFQ": "1400000US22099020900", "NAME": "209", "NAMELSAD": "Census Tract 209" }, "geometry": { "type": "Polygon", "coordinates": [ [ [ -91.867, 30.0854 ], [ -91.845, 30.0891 ], [ -91.8322, 30.1162 ], [ -91.8371, 30.1245 ], [ -91.8266, 30.1231 ], [ -91.8354, 30.0823 ], [ -91.8135, 30.0495 ], [ -91.8182, 30.0439 ], [ -91.8877, 30.0684 ], [ -91.867, 30.0854 ] ] ] } },
{ "type": "Feature", "properties": { "GEOIDFQ": "1400000US22015010801", "NAME": "108.01", "NAMELSAD": "Census Tract 108.01" }, "geometry": { "type": "Polygon", "coordinates": [ [ [ -93.72, 32.516 ], [ -93.691, 32.498 ], [ -93.6962, 32.4905 ], [ -93.7017, 32.4958 ], [ -93.717, 32.488 ], [ -93.7056, 32.4988 ], [ -93.7257, 32.5077 ], [ -93.72, 32.516 ] ] ] } },
{ "type": "Feature", "properties": { "GEOIDFQ": "1400000US22015011107", "NAME": "111.07", "NAMELSAD": "Census Tract 111.07" }, "geometry": { "type": "Polygon", "coordinates": [ [ [ -93.738, 32.7148 ], [ -93.7271, 32.7026 ], [ -93.7337, 32.6888 ], [ -93.7248, 32.6816 ], [ -93.7461, 32.6788 ], [ -93.7478, 32.6626 ], [ -93.7611, 32.6966 ], [ -93.738, 32.7148 ] ] ] } },
{ "type": "Feature", "properties": { "GEOIDFQ": "1400000US22077952202", "NAME": "9522.02", "NAMELSAD": "Census Tract 9522.02" }, "geometry": { "type": "Polygon", "coordinates": [ [ [ -91.4757, 30.6705 ], [ -91.4419, 30.6914 ], [ -91.4127, 30.6929 ], [ -91.4076, 30.6835 ], [ -91.3921, 30.677 ], [ -91.4035, 30.6577 ], [ -91.4373, 30.6607 ], [ -91.4515, 30.6463 ], [ -91.4208, 30.6324 ], [ -91.4321, 30.6156 ], [ -91.4231, 30.6097 ], [ -91.4239, 30.6029 ], [ -91.4769, 30.6205 ], [ -91.4896, 30.6463 ], [ -91.4757, 30.6705 ] ] ] } },
{ "type": "Feature", "properties": { "GEOIDFQ": "1400000US22077952201", "NAME": "9522.01", "NAMELSAD": "Census Tract 9522.01" }, "geometry": { "type": "Polygon", "coordinates": [ [ [ -91.4434, 30.6586 ], [ -91.4035, 30.6577 ], [ -91.3957, 30.6782 ], [ -91.3721, 30.6767 ], [ -91.3554, 30.6848 ], [ -91.3513, 30.6732 ], [ -91.3423, 30.6773 ], [ -91.3337, 30.6537 ], [ -91.3098, 30.6501 ], [ -91.3174, 30.637 ], [ -91.3353, 30.6507 ], [ -91.3776, 30.605 ], [ -91.3971, 30.6005 ], [ -91.4239, 30.6029 ], [ -91.4231, 30.6097 ], [ -91.4321, 30.6156 ], [ -91.4208, 30.6324 ], [ -91.4516, 30.645 ], [ -91.4434, 30.6586 ] ] ] } },
{ "type": "Feature", "properties": { "GEOIDFQ": "1400000US22049970500", "NAME": "9705", "NAMELSAD": "Census Tract 9705" }, "geometry": { "type": "Polygon", "coordinates": [ [ [ -92.7827, 32.2189 ], [ -92.774, 32.2431 ], [ -92.756, 32.2583 ], [ -92.7209, 32.2594 ], [ -92.698, 32.2676 ], [ -92.6951, 32.2723 ], [ -92.7113, 32.2709 ], [ -92.7001, 32.2895 ], [ -92.699, 32.3109 ], [ -92.6888, 32.3172 ], [ -92.6795, 32.3127 ], [ -92.6772, 32.3023 ], [ -92.652, 32.2998 ], [ -92.6567, 32.2894 ], [ -92.6944, 32.2616 ], [ -92.7082, 32.2526 ], [ -92.722, 32.2522 ], [ -92.7175, 32.2385 ], [ -92.7434, 32.2183 ], [ -92.7648, 32.2079 ], [ -92.8016, 32.208 ], [ -92.7827, 32.2189 ] ] ] } },
{ "type": "Feature", "properties": { "GEOIDFQ": "1400000US22049970100", "NAME": "9701", "NAMELSAD": "Census Tract 9701" }, "geometry": { "type": "Polygon", "coordinates": [ [ [ -92.4155, 32.4956 ], [ -92.4156, 32.408 ], [ -92.312, 32.321 ], [ -92.3119, 32.146 ], [ -92.4816, 32.1461 ], [ -92.4855, 32.1651 ], [ -92.4735, 32.2062 ], [ -92.4701, 32.2759 ], [ -92.4932, 32.2855 ], [ -92.4907, 32.3028 ], [ -92.5082, 32.3008 ], [ -92.4864, 32.321 ], [ -92.4864, 32.3313 ], [ -92.5446, 32.3435 ], [ -92.5603, 32.3622 ], [ -92.5838, 32.3541 ], [ -92.6109, 32.3539 ], [ -92.6209, 32.3798 ], [ -92.6061, 32.3797 ], [ -92.597, 32.391 ], [ -92.5865, 32.3912 ], [ -92.6214, 32.4451 ], [ -92.6224, 32.4964 ], [ -92.4155, 32.4956 ] ] ] } },
{ "type": "Feature", "properties": { "GEOIDFQ": "1400000US22049970400", "NAME": "9704", "NAMELSAD": "Census Tract 9704" }, "geometry": { "type": "Polygon", "coordinates": [ [ [ -92.7078, 32.2528 ], [ -92.655, 32.2895 ], [ -92.65, 32.2684 ], [ -92.6573, 32.2498 ], [ -92.6557, 32.2285 ], [ -92.6408, 32.2088 ], [ -92.6765, 32.1758 ], [ -92.6859, 32.2017 ], [ -92.7079, 32.2014 ], [ -92.7134, 32.2462 ], [ -92.722, 32.2522 ], [ -92.7078, 32.2528 ] ] ] } },
{ "type": "Feature", "properties": { "GEOIDFQ": "1400000US22049970300", "NAME": "9703", "NAMELSAD": "Census Tract 9703" }, "geometry": { "type": "Polygon", "coordinates": [ [ [ -92.8085, 32.1681 ], [ -92.7988, 32.1813 ], [ -92.8013, 32.2072 ], [ -92.7576, 32.2097 ], [ -92.7176, 32.2383 ], [ -92.716, 32.2468 ], [ -92.7079, 32.2014 ], [ -92.6859, 32.2017 ], [ -92.6765, 32.1758 ], [ -92.6511, 32.1981 ], [ -92.6408, 32.2088 ], [ -92.6557, 32.2285 ], [ -92.65, 32.2704 ], [ -92.6559, 32.2903 ], [ -92.652, 32.2998 ], [ -92.634, 32.2945 ], [ -92.6238, 32.3036 ], [ -92.6295, 32.3213 ], [ -92.6473, 32.3216 ], [ -92.6468, 32.3351 ], [ -92.6185, 32.3513 ], [ -92.5603, 32.3622 ], [ -92.5446, 32.3435 ], [ -92.4864, 32.3313 ], [ -92.4864, 32.321 ], [ -92.5082, 32.3008 ], [ -92.4907, 32.3028 ], [ -92.4932, 32.2855 ], [ -92.4701, 32.2759 ], [ -92.4735, 32.2062 ], [ -92.4855, 32.1651 ], [ -92.4816, 32.1461 ], [ -92.8153, 32.1474 ], [ -92.8223, 32.1628 ], [ -92.8085, 32.1681 ] ] ] } },
{ "type": "Feature", "properties": { "GEOIDFQ": "1400000US22051027100", "NAME": "271", "NAMELSAD": "Census Tract 271" }, "geometry": { "type": "Polygon", "coordinates": [ [ [ -90.1531, 29.9031 ], [ -90.133, 29.8957 ], [ -90.138, 29.8869 ], [ -90.1577, 29.8905 ], [ -90.1531, 29.9031 ] ] ] } },
{ "type": "Feature", "properties": { "GEOIDFQ": "1400000US22127960201", "NAME": "9602.01", "NAMELSAD": "Census Tract 9602.01" }, "geometry": { "type": "Polygon", "coordinates": [ [ [ -92.9385, 31.8228 ], [ -92.9419, 31.8365 ], [ -92.9495, 31.8382 ], [ -92.9494, 31.8566 ], [ -92.9084, 31.8508 ], [ -92.8991, 31.857 ], [ -92.9062, 31.8694 ], [ -92.9011, 31.8939 ], [ -92.8926, 31.9014 ], [ -92.8935, 31.9212 ], [ -92.8846, 31.9395 ], [ -92.8722, 31.9459 ], [ -92.8848, 31.9557 ], [ -92.8829, 31.9816 ], [ -92.9014, 31.9891 ], [ -92.8847, 32.0121 ], [ -92.887, 32.0299 ], [ -92.8985, 32.0449 ], [ -92.8958, 32.055 ], [ -92.9117, 32.0762 ], [ -92.9039, 32.0882 ], [ -92.9312, 32.1225 ], [ -92.9391, 32.1479 ], [ -92.7264, 32.1468 ], [ -92.7653, 32.1121 ], [ -92.7606, 32.0808 ], [ -92.7282, 32.0381 ], [ -92.7255, 32.0202 ], [ -92.7043, 32.0188 ], [ -92.6557, 31.9989 ], [ -92.6535, 31.9815 ], [ -92.6546, 31.9751 ], [ -92.6632, 31.9858 ], [ -92.6795, 31.9866 ], [ -92.6945, 31.9527 ], [ -92.6879, 31.9427 ], [ -92.7054, 31.94 ], [ -92.7012, 31.9306 ], [ -92.7084, 31.9197 ], [ -92.6994, 31.9124 ], [ -92.7035, 31.86 ], [ -92.7132, 31.8341 ], [ -92.734, 31.8308 ], [ -92.7445, 31.8091 ], [ -92.7808, 31.8119 ], [ -92.8022, 31.8069 ], [ -92.8338, 31.8269 ], [ -92.8717, 31.8334 ], [ -92.8795, 31.8318 ], [ -92.8877, 31.8181 ], [ -92.9019, 31.8174 ], [ -92.9066, 31.8192 ], [ -92.8967, 31.8379 ], [ -92.9196, 31.8318 ], [ -92.9357, 31.8193 ], [ -92.9486, 31.8189 ], [ -92.9513, 31.8243 ], [ -92.9385, 31.8228 ] ] ] } },
{ "type": "Feature", "properties": { "GEOIDFQ": "1400000US22127960202", "NAME": "9602.02", "NAMELSAD": "Census Tract 9602.02" }, "geometry": { "type": "Polygon", "coordinates": [ [ [ -92.9685, 31.7313 ], [ -92.9678, 31.7809 ], [ -92.9526, 31.7837 ], [ -92.9486, 31.8104 ], [ -92.942, 31.8144 ], [ -92.947, 31.82 ], [ -92.9349, 31.8196 ], [ -92.9196, 31.8318 ], [ -92.8967, 31.8379 ], [ -92.9066, 31.8192 ], [ -92.9019, 31.8174 ], [ -92.8877, 31.8181 ], [ -92.8795, 31.8318 ], [ -92.8717, 31.8334 ], [ -92.8338, 31.8269 ], [ -92.8022, 31.8069 ], [ -92.7808, 31.8119 ], [ -92.7445, 31.8091 ], [ -92.734, 31.8308 ], [ -92.7132, 31.8341 ], [ -92.7035, 31.86 ], [ -92.6994, 31.9124 ], [ -92.7084, 31.9197 ], [ -92.7012, 31.9306 ], [ -92.7054, 31.94 ], [ -92.6879, 31.9427 ], [ -92.6945, 31.9527 ], [ -92.6812, 31.9849 ], [ -92.6632, 31.9858 ], [ -92.6535, 31.9752 ], [ -92.6539, 31.9394 ], [ -92.6661, 31.9211 ], [ -92.66, 31.921 ], [ -92.6617, 31.9073 ], [ -92.6457, 31.9068 ], [ -92.6468, 31.8965 ], [ -92.6323, 31.8881 ], [ -92.61, 31.9006 ], [ -92.5852, 31.874 ], [ -92.5854, 31.8117 ], [ -92.5794, 31.7972 ], [ -92.6193, 31.7973 ], [ -92.6209, 31.7096 ], [ -92.9735, 31.7089 ], [ -92.9685, 31.7313 ] ] ] } },
{ "type": "Feature", "properties": { "GEOIDFQ": "1400000US22051026400", "NAME": "264", "NAMELSAD": "Census Tract 264" }, "geometry": { "type": "Polygon", "coordinates": [ [ [ -90.0851, 29.89 ], [ -90.0831, 29.8818 ], [ -90.09, 29.8827 ], [ -90.0923, 29.8957 ], [ -90.0851, 29.89 ] ] ] } },
{ "type": "Feature", "properties": { "GEOIDFQ": "1400000US22051026500", "NAME": "265", "NAMELSAD": "Census Tract 265" }, "geometry": { "type": "Polygon", "coordinates": [ [ [ -90.0923, 29.8957 ], [ -90.09, 29.8827 ], [ -90.0991, 29.884 ], [ -90.1002, 29.8947 ], [ -90.0923, 29.8957 ] ] ] } },
{ "type": "Feature", "properties": { "GEOIDFQ": "1400000US22051026600", "NAME": "266", "NAMELSAD": "Census Tract 266" }, "geometry": { "type": "Polygon", "coordinates": [ [ [ -90.0911, 29.9128 ], [ -90.0897, 29.896 ], [ -90.1002, 29.8947 ], [ -90.1014, 29.9065 ], [ -90.0911, 29.9128 ] ] ] } },
{ "type": "Feature", "properties": { "GEOIDFQ": "1400000US22051026700", "NAME": "267", "NAMELSAD": "Census Tract 267" }, "geometry": { "type": "Polygon", "coordinates": [ [ [ -90.101, 29.9034 ], [ -90.0987, 29.8791 ], [ -90.1068, 29.8789 ], [ -90.1102, 29.8941 ], [ -90.101, 29.9034 ] ] ] } },
{ "type": "Feature", "properties": { "GEOIDFQ": "1400000US22051026800", "NAME": "268", "NAMELSAD": "Census Tract 268" }, "geometry": { "type": "Polygon", "coordinates": [ [ [ -90.1137, 29.8997 ], [ -90.1078, 29.9019 ], [ -90.1068, 29.8789 ], [ -90.1141, 29.8819 ], [ -90.1137, 29.8997 ] ] ] } },
{ "type": "Feature", "properties": { "GEOIDFQ": "1400000US22051026900", "NAME": "269", "NAMELSAD": "Census Tract 269" }, "geometry": { "type": "Polygon", "coordinates": [ [ [ -90.1274, 29.9109 ], [ -90.1009, 29.91 ], [ -90.101, 29.9034 ], [ -90.1137, 29.8997 ], [ -90.1141, 29.8779 ], [ -90.1199, 29.8804 ], [ -90.1188, 29.9005 ], [ -90.1306, 29.9024 ], [ -90.1274, 29.9109 ] ] ] } },
{ "type": "Feature", "properties": { "GEOIDFQ": "1400000US22051027000", "NAME": "270", "NAMELSAD": "Census Tract 270" }, "geometry": { "type": "Polygon", "coordinates": [ [ [ -90.1306, 29.9024 ], [ -90.1188, 29.9005 ], [ -90.1199, 29.8804 ], [ -90.1364, 29.8872 ], [ -90.1306, 29.9024 ] ] ] } },
{ "type": "Feature", "properties": { "GEOIDFQ": "1400000US22051027200", "NAME": "272", "NAMELSAD": "Census Tract 272" }, "geometry": { "type": "Polygon", "coordinates": [ [ [ -90.1488, 29.9126 ], [ -90.1296, 29.905 ], [ -90.133, 29.8957 ], [ -90.1539, 29.9036 ], [ -90.1488, 29.9126 ] ] ] } },
{ "type": "Feature", "properties": { "GEOIDFQ": "1400000US22079010702", "NAME": "107.02", "NAMELSAD": "Census Tract 107.02" }, "geometry": { "type": "Polygon", "coordinates": [ [ [ -92.7094, 31.3372 ], [ -92.681, 31.3298 ], [ -92.6637, 31.3319 ], [ -92.6493, 31.3161 ], [ -92.6333, 31.3118 ], [ -92.527, 31.3137 ], [ -92.5302, 31.2958 ], [ -92.6185, 31.2943 ], [ -92.6941, 31.2716 ], [ -92.7022, 31.2755 ], [ -92.7008, 31.2893 ], [ -92.7204, 31.2939 ], [ -92.7246, 31.3021 ], [ -92.7094, 31.3372 ] ] ] } },
{ "type": "Feature", "properties": { "GEOIDFQ": "1400000US22051027501", "NAME": "275.01", "NAMELSAD": "Census Tract 275.01" }, "geometry": { "type": "Polygon", "coordinates": [ [ [ -90.2501, 29.9693 ], [ -90.231, 29.9594 ], [ -90.2081, 29.9186 ], [ -90.2619, 29.9407 ], [ -90.2756, 29.9407 ], [ -90.2795, 29.968 ], [ -90.2501, 29.9693 ] ] ] } },
{ "type": "Feature", "properties": { "GEOIDFQ": "1400000US22071000605", "NAME": "6.05", "NAMELSAD": "Census Tract 6.05" }, "geometry": { "type": "Polygon", "coordinates": [ [ [ -90.0381, 29.9567 ], [ -90.0267, 29.9532 ], [ -90.0139, 29.947 ], [ -90.0146, 29.937 ], [ -90.0387, 29.9461 ], [ -90.0381, 29.9567 ] ] ] } },
{ "type": "Feature", "properties": { "GEOIDFQ": "1400000US22071000606", "NAME": "6.06", "NAMELSAD": "Census Tract 6.06" }, "geometry": { "type": "Polygon", "coordinates": [ [ [ -90.0019, 29.94 ], [ -90.0044, 29.9238 ], [ -90.0146, 29.9246 ], [ -90.0147, 29.9437 ], [ -90.0019, 29.94 ] ] ] } },
{ "type": "Feature", "properties": { "GEOIDFQ": "1400000US22071000607", "NAME": "6.07", "NAMELSAD": "Census Tract 6.07" }, "geometry": { "type": "Polygon", "coordinates": [ [ [ -90.0019, 29.94 ], [ -89.9851, 29.9302 ], [ -89.9855, 29.9204 ], [ -90.0043, 29.9256 ], [ -90.0019, 29.94 ] ] ] } },
{ "type": "Feature", "properties": { "GEOIDFQ": "1400000US22071000611", "NAME": "6.11", "NAMELSAD": "Census Tract 6.11" }, "geometry": { "type": "Polygon", "coordinates": [ [ [ -89.9851, 29.9302 ], [ -89.9607, 29.9238 ], [ -89.9857, 29.9054 ], [ -89.9851, 29.9302 ] ] ] } },
{ "type": "Feature", "properties": { "GEOIDFQ": "1400000US22071000612", "NAME": "6.12", "NAMELSAD": "Census Tract 6.12" }, "geometry": { "type": "Polygon", "coordinates": [ [ [ -89.9607, 29.9238 ], [ -89.9313, 29.9229 ], [ -89.9075, 29.8967 ], [ -89.9041, 29.8741 ], [ -89.9176, 29.8667 ], [ -89.9354, 29.893 ], [ -89.9857, 29.9054 ], [ -89.9607, 29.9238 ] ] ] } },
{ "type": "Feature", "properties": { "GEOIDFQ": "1400000US22071007200", "NAME": "72", "NAMELSAD": "Census Tract 72" }, "geometry": { "type": "Polygon", "coordinates": [ [ [ -90.1127, 29.9678 ], [ -90.1015, 29.9527 ], [ -90.1158, 29.9602 ], [ -90.1127, 29.9678 ] ] ] } },
{ "type": "Feature", "properties": { "GEOIDFQ": "1400000US22009030800", "NAME": "308", "NAMELSAD": "Census Tract 308" }, "geometry": { "type": "Polygon", "coordinates": [ [ [ -92.043, 30.9356 ], [ -92.0403, 30.9588 ], [ -92.0476, 30.9696 ], [ -92.0352, 30.9609 ], [ -92.0147, 30.9588 ], [ -91.9953, 30.975 ], [ -91.9688, 30.9816 ], [ -91.9624, 30.9897 ], [ -91.9666, 31.0001 ], [ -91.9335, 30.9835 ], [ -91.9202, 30.9715 ], [ -91.916, 30.9477 ], [ -91.9308, 30.9216 ], [ -91.9361, 30.8779 ], [ -91.949, 30.8494 ], [ -92.03, 30.8495 ], [ -92.033, 30.8645 ], [ -92.0514, 30.8826 ], [ -92.0683, 30.9156 ], [ -92.0684, 30.9354 ], [ -92.043, 30.9356 ] ] ] } },
{ "type": "Feature", "properties": { "GEOIDFQ": "1400000US22017023200", "NAME": "232", "NAMELSAD": "Census Tract 232" }, "geometry": { "type": "Polygon", "coordinates": [ [ [ -93.746, 32.4547 ], [ -93.7459, 32.441 ], [ -93.7572, 32.442 ], [ -93.7573, 32.4546 ], [ -93.746, 32.4547 ] ] ] } },
{ "type": "Feature", "properties": { "GEOIDFQ": "1400000US22017023300", "NAME": "233", "NAMELSAD": "Census Tract 233" }, "geometry": { "type": "Polygon", "coordinates": [ [ [ -93.7771, 32.4565 ], [ -93.7573, 32.4556 ], [ -93.7572, 32.442 ], [ -93.7812, 32.442 ], [ -93.7771, 32.4565 ] ] ] } },
{ "type": "Feature", "properties": { "GEOIDFQ": "1400000US22011960702", "NAME": "9607.02", "NAMELSAD": "Census Tract 9607.02" }, "geometry": { "type": "Polygon", "coordinates": [ [ [ -93.5037, 30.5626 ], [ -93.4866, 30.5628 ], [ -93.4741, 30.5841 ], [ -93.4782, 30.5981 ], [ -93.4646, 30.6061 ], [ -93.4789, 30.6434 ], [ -93.4577, 30.6712 ], [ -93.455, 30.7124 ], [ -93.4436, 30.7288 ], [ -93.453, 30.7499 ], [ -93.4433, 30.7664 ], [ -93.4012, 30.7657 ], [ -93.3789, 30.7305 ], [ -93.3419, 30.7463 ], [ -93.3046, 30.7812 ], [ -93.3151, 30.7499 ], [ -93.3293, 30.7373 ], [ -93.3, 30.7375 ], [ -93.3117, 30.696 ], [ -93.2949, 30.6925 ], [ -93.3068, 30.6888 ], [ -93.2932, 30.639 ], [ -93.2751, 30.6292 ], [ -93.2729, 30.6159 ], [ -93.2679, 30.6183 ], [ -93.2614, 30.6065 ], [ -93.2463, 30.6037 ], [ -93.1969, 30.6067 ], [ -93.1733, 30.6168 ], [ -93.1731, 30.5815 ], [ -93.161, 30.5811 ], [ -93.1495, 30.5628 ], [ -93.1308, 30.5643 ], [ -93.1312, 30.5183 ], [ -93.2638, 30.5073 ], [ -93.3844, 30.4607 ], [ -93.3845, 30.4902 ], [ -93.4863, 30.4905 ], [ -93.4863, 30.4755 ], [ -93.5017, 30.4759 ], [ -93.5037, 30.5626 ] ] ] } },
{ "type": "Feature", "properties": { "GEOIDFQ": "1400000US22011960701", "NAME": "9607.01", "NAMELSAD": "Census Tract 9607.01" }, "geometry": { "type": "Polygon", "coordinates": [ [ [ -93.3844, 30.4607 ], [ -93.2638, 30.5073 ], [ -93.1312, 30.5183 ], [ -93.1312, 30.4031 ], [ -93.3852, 30.4027 ], [ -93.3844, 30.4607 ] ] ] } },
{ "type": "Feature", "properties": { "GEOIDFQ": "1400000US22019001908", "NAME": "19.08", "NAMELSAD": "Census Tract 19.08" }, "geometry": { "type": "Polygon", "coordinates": [ [ [ -93.2831, 30.1803 ], [ -93.2578, 30.1836 ], [ -93.2577, 30.1687 ], [ -93.29, 30.1685 ], [ -93.2831, 30.1803 ] ] ] } },
{ "type": "Feature", "properties": { "GEOIDFQ": "1400000US22019002401", "NAME": "24.01", "NAMELSAD": "Census Tract 24.01" }, "geometry": { "type": "Polygon", "coordinates": [ [ [ -93.4362, 30.4904 ], [ -93.4321, 30.4841 ], [ -93.4336, 30.453 ], [ -93.4242, 30.4233 ], [ -93.4404, 30.4015 ], [ -93.4862, 30.4156 ], [ -93.4863, 30.4905 ], [ -93.4362, 30.4904 ] ] ] } },
{ "type": "Feature", "properties": { "GEOIDFQ": "1400000US22019002402", "NAME": "24.02", "NAMELSAD": "Census Tract 24.02" }, "geometry": { "type": "Polygon", "coordinates": [ [ [ -93.3845, 30.4902 ], [ -93.3852, 30.4066 ], [ -93.4178, 30.4064 ], [ -93.4335, 30.452 ], [ -93.4362, 30.4904 ], [ -93.3845, 30.4902 ] ] ] } },
{ "type": "Feature", "properties": { "GEOIDFQ": "1400000US22019000602", "NAME": "6.02", "NAMELSAD": "Census Tract 6.02" }, "geometry": { "type": "Polygon", "coordinates": [ [ [ -93.193, 30.2275 ], [ -93.1886, 30.213 ], [ -93.18, 30.2131 ], [ -93.1801, 30.2085 ], [ -93.2015, 30.2126 ], [ -93.2016, 30.2275 ], [ -93.193, 30.2275 ] ] ] } },
{ "type": "Feature", "properties": { "GEOIDFQ": "1400000US22019001802", "NAME": "18.02", "NAMELSAD": "Census Tract 18.02" }, "geometry": { "type": "Polygon", "coordinates": [ [ [ -93.2577, 30.1687 ], [ -93.2491, 30.1392 ], [ -93.2235, 30.1394 ], [ -93.2293, 30.1249 ], [ -93.2659, 30.1248 ], [ -93.266, 30.1392 ], [ -93.2828, 30.1391 ], [ -93.283, 30.1686 ], [ -93.2577, 30.1687 ] ] ] } },
{ "type": "Feature", "properties": { "GEOIDFQ": "1400000US22019002208", "NAME": "22.08", "NAMELSAD": "Census Tract 22.08" }, "geometry": { "type": "Polygon", "coordinates": [ [ [ -93.2003, 30.33 ], [ -93.2, 30.3006 ], [ -93.2194, 30.3007 ], [ -93.2195, 30.3208 ], [ -93.2328, 30.3209 ], [ -93.2328, 30.3296 ], [ -93.2003, 30.33 ] ] ] } },
{ "type": "Feature", "properties": { "GEOIDFQ": "1400000US22019003602", "NAME": "36.02", "NAMELSAD": "Census Tract 36.02" }, "geometry": { "type": "Polygon", "coordinates": [ [ [ -93.7587, 30.339 ], [ -93.7657, 30.3434 ], [ -93.7595, 30.3423 ], [ -93.7608, 30.3598 ], [ -93.751, 30.3599 ], [ -93.7592, 30.368 ], [ -93.7549, 30.3661 ], [ -93.7585, 30.3887 ], [ -93.7417, 30.403 ], [ -93.5263, 30.4028 ], [ -93.5229, 30.3986 ], [ -93.5362, 30.3457 ], [ -93.53, 30.337 ], [ -93.5364, 30.3323 ], [ -93.5196, 30.3171 ], [ -93.5483, 30.3045 ], [ -93.5795, 30.3053 ], [ -93.5848, 30.3205 ], [ -93.597, 30.3193 ], [ -93.6295, 30.3325 ], [ -93.7129, 30.2879 ], [ -93.7123, 30.2923 ], [ -93.7155, 30.2956 ], [ -93.7424, 30.3011 ], [ -93.7562, 30.326 ], [ -93.7517, 30.3293 ], [ -93.7659, 30.3331 ], [ -93.7587, 30.339 ] ] ] } },
{ "type": "Feature", "properties": { "GEOIDFQ": "1400000US22019001302", "NAME": "13.02", "NAMELSAD": "Census Tract 13.02" }, "geometry": { "type": "Polygon", "coordinates": [ [ [ -93.214, 30.1762 ], [ -93.2139, 30.1663 ], [ -93.2264, 30.1615 ], [ -93.2323, 30.1761 ], [ -93.214, 30.1762 ] ] ] } },
{ "type": "Feature", "properties": { "GEOIDFQ": "1400000US22019001905", "NAME": "19.05", "NAMELSAD": "Census Tract 19.05" }, "geometry": { "type": "Polygon", "coordinates": [ [ [ -93.2323, 30.1761 ], [ -93.2323, 30.1608 ], [ -93.2492, 30.1608 ], [ -93.2493, 30.1761 ], [ -93.2323, 30.1761 ] ] ] } },
{ "type": "Feature", "properties": { "GEOIDFQ": "1400000US22071000618", "NAME": "6.18", "NAMELSAD": "Census Tract 6.18" }, "geometry": { "type": "Polygon", "coordinates": [ [ [ -90.0142, 29.9214 ], [ -89.9879, 29.9076 ], [ -90.0017, 29.901 ], [ -90.0025, 29.8923 ], [ -90.0183, 29.907 ], [ -90.0142, 29.9214 ] ] ] } },
{ "type": "Feature", "properties": { "GEOIDFQ": "1400000US22071014000", "NAME": "140", "NAMELSAD": "Census Tract 140" }, "geometry": { "type": "Polygon", "coordinates": [ [ [ -90.0852, 29.9504 ], [ -90.0779, 29.9446 ], [ -90.0808, 29.9391 ], [ -90.0885, 29.946 ], [ -90.0852, 29.9504 ] ] ] } },
{ "type": "Feature", "properties": { "GEOIDFQ": "1400000US22033003300", "NAME": "33", "NAMELSAD": "Census Tract 33" }, "geometry": { "type": "Polygon", "coordinates": [ [ [ -91.1809, 30.5235 ], [ -91.1443, 30.5246 ], [ -91.1498, 30.5093 ], [ -91.1777, 30.5084 ], [ -91.1809, 30.5235 ] ] ] } },
{ "type": "Feature", "properties": { "GEOIDFQ": "1400000US22017024800", "NAME": "248", "NAMELSAD": "Census Tract 248" }, "geometry": { "type": "Polygon", "coordinates": [ [ [ -93.9259, 32.774 ], [ -93.9015, 32.7762 ], [ -93.8969, 32.7857 ], [ -93.8847, 32.7894 ], [ -93.8704, 32.8065 ], [ -93.871, 32.8152 ], [ -93.8522, 32.8262 ], [ -93.7882, 32.8272 ], [ -93.7975, 32.8085 ], [ -93.8237, 32.7941 ], [ -93.8168, 32.7823 ], [ -93.7943, 32.7995 ], [ -93.7832, 32.7831 ], [ -93.7911, 32.7593 ], [ -93.8238, 32.7344 ], [ -93.8263, 32.7166 ], [ -93.8191, 32.7109 ], [ -93.8026, 32.7262 ], [ -93.7871, 32.7246 ], [ -93.7821, 32.7122 ], [ -93.787, 32.6681 ], [ -93.7656, 32.6781 ], [ -93.7555, 32.672 ], [ -93.7589, 32.6637 ], [ -93.7769, 32.6581 ], [ -93.7644, 32.6411 ], [ -93.7879, 32.6432 ], [ -93.7782, 32.6371 ], [ -93.7579, 32.6373 ], [ -93.7513, 32.6302 ], [ -93.76, 32.6061 ], [ -93.7404, 32.5972 ], [ -93.753, 32.5998 ], [ -93.7706, 32.5934 ], [ -93.7569, 32.5875 ], [ -93.7411, 32.5913 ], [ -93.7358, 32.5837 ], [ -93.7431, 32.5705 ], [ -93.7639, 32.5617 ], [ -93.7666, 32.5539 ], [ -93.7595, 32.5482 ], [ -93.7404, 32.5509 ], [ -93.7289, 32.5338 ], [ -93.7386, 32.5334 ], [ -93.7443, 32.5465 ], [ -93.7789, 32.5494 ], [ -93.77, 32.5644 ], [ -93.7748, 32.5785 ], [ -93.7917, 32.5929 ], [ -93.7848, 32.6054 ], [ -93.8247, 32.6079 ], [ -93.8322, 32.6164 ], [ -93.8284, 32.6244 ], [ -93.8505, 32.6362 ], [ -93.861, 32.6355 ], [ -93.888, 32.6543 ], [ -93.8918, 32.6767 ], [ -93.9028, 32.6811 ], [ -93.9137, 32.7034 ], [ -93.9027, 32.7106 ], [ -93.9029, 32.7184 ], [ -93.9356, 32.7601 ], [ -93.9259, 32.774 ] ] ] } },
{ "type": "Feature", "properties": { "GEOIDFQ": "1400000US22017024400", "NAME": "244", "NAMELSAD": "Census Tract 244" }, "geometry": { "type": "Polygon", "coordinates": [ [ [ -93.8814, 32.5116 ], [ -93.8413, 32.5053 ], [ -93.8134, 32.5112 ], [ -93.8446, 32.4563 ], [ -93.8657, 32.4507 ], [ -93.8677, 32.4884 ], [ -93.8716, 32.4985 ], [ -93.8842, 32.4999 ], [ -93.8814, 32.5116 ] ] ] } },
{ "type": "Feature", "properties": { "GEOIDFQ": "1400000US22017025100", "NAME": "251", "NAMELSAD": "Census Tract 251" }, "geometry": { "type": "Polygon", "coordinates": [ [ [ -93.8146, 33.0193 ], [ -93.8237, 33.0121 ], [ -93.8103, 32.9993 ], [ -93.8205, 32.9893 ], [ -93.8175, 32.9766 ], [ -93.8232, 32.9677 ], [ -93.8043, 32.9739 ], [ -93.8004, 32.9667 ], [ -93.8091, 32.9614 ], [ -93.8266, 32.9667 ], [ -93.8452, 32.9504 ], [ -93.8141, 32.9426 ], [ -93.802, 32.9318 ], [ -93.8213, 32.901 ], [ -93.8209, 32.8877 ], [ -93.8138, 32.8749 ], [ -93.8002, 32.8693 ], [ -93.8147, 32.8516 ], [ -93.7996, 32.8469 ], [ -93.7911, 32.8607 ], [ -93.7856, 32.8592 ], [ -93.7882, 32.8272 ], [ -93.8483, 32.827 ], [ -93.871, 32.8152 ], [ -93.8981, 32.8414 ], [ -93.8971, 32.8845 ], [ -93.9118, 32.8873 ], [ -93.9296, 32.9014 ], [ -93.963, 32.9042 ], [ -93.9611, 32.9179 ], [ -93.98, 32.9288 ], [ -93.9825, 32.9524 ], [ -93.9976, 32.9621 ], [ -94.0112, 32.9577 ], [ -94.0246, 32.9655 ], [ -94.0325, 32.9878 ], [ -94.0269, 32.9923 ], [ -94.0336, 33.0013 ], [ -94.0294, 33.0061 ], [ -94.043, 33.0079 ], [ -94.043, 33.0193 ], [ -93.8146, 33.0193 ] ] ] } },
{ "type": "Feature", "properties": { "GEOIDFQ": "1400000US22017021900", "NAME": "219", "NAMELSAD": "Census Tract 219" }, "geometry": { "type": "Polygon", "coordinates": [ [ [ -93.7803, 32.5036 ], [ -93.7696, 32.5035 ], [ -93.7695, 32.4947 ], [ -93.7594, 32.4924 ], [ -93.7735, 32.4928 ], [ -93.7803, 32.5036 ] ] ] } },
{ "type": "Feature", "properties": { "GEOIDFQ": "1400000US22017024503", "NAME": "245.03", "NAMELSAD": "Census Tract 245.03" }, "geometry": { "type": "Polygon", "coordinates": [ [ [ -93.8752, 32.6455 ], [ -93.8284, 32.6244 ], [ -93.8302, 32.6131 ], [ -93.8104, 32.6068 ], [ -93.7964, 32.579 ], [ -93.8457, 32.584 ], [ -93.8456, 32.6019 ], [ -93.897, 32.616 ], [ -93.8752, 32.6455 ] ] ] } },
{ "type": "Feature", "properties": { "GEOIDFQ": "1400000US22017023500", "NAME": "235", "NAMELSAD": "Census Tract 235" }, "geometry": { "type": "Polygon", "coordinates": [ [ [ -93.8058, 32.4696 ], [ -93.7973, 32.4723 ], [ -93.7928, 32.4565 ], [ -93.8096, 32.4416 ], [ -93.8058, 32.4696 ] ] ] } },
{ "type": "Feature", "properties": { "GEOIDFQ": "1400000US22017023600", "NAME": "236", "NAMELSAD": "Census Tract 236" }, "geometry": { "type": "Polygon", "coordinates": [ [ [ -93.8199, 32.4642 ], [ -93.8058, 32.4696 ], [ -93.8059, 32.4566 ], [ -93.8424, 32.457 ], [ -93.8199, 32.4642 ] ] ] } },
{ "type": "Feature", "properties": { "GEOIDFQ": "1400000US22017023903", "NAME": "239.03", "NAMELSAD": "Census Tract 239.03" }, "geometry": { "type": "Polygon", "coordinates": [ [ [ -93.7631, 32.425 ], [ -93.7289, 32.4173 ], [ -93.6939, 32.4009 ], [ -93.7189, 32.3999 ], [ -93.7385, 32.3909 ], [ -93.7385, 32.3765 ], [ -93.7635, 32.3783 ], [ -93.7631, 32.425 ] ] ] } },
{ "type": "Feature", "properties": { "GEOIDFQ": "1400000US22069000200", "NAME": "2", "NAMELSAD": "Census Tract 2" }, "geometry": { "type": "Polygon", "coordinates": [ [ [ -93.2385, 31.9728 ], [ -93.1203, 31.9725 ], [ -93.1052, 31.9558 ], [ -93.0866, 31.9608 ], [ -93.0588, 31.9533 ], [ -93.0399, 31.9614 ], [ -93.012, 31.9382 ], [ -93.0122, 31.9069 ], [ -92.9891, 31.8939 ], [ -92.9807, 31.8588 ], [ -93.0002, 31.8577 ], [ -93.0062, 31.8647 ], [ -93.017, 31.8617 ], [ -93.0218, 31.8424 ], [ -93.0418, 31.8536 ], [ -93.0691, 31.8352 ], [ -93.073, 31.8248 ], [ -93.0912, 31.8192 ], [ -93.0805, 31.8347 ], [ -93.0947, 31.853 ], [ -93.1162, 31.8587 ], [ -93.115, 31.8717 ], [ -93.1245, 31.8876 ], [ -93.139, 31.8899 ], [ -93.1591, 31.8835 ], [ -93.193, 31.8873 ], [ -93.2395, 31.9052 ], [ -93.2385, 31.9728 ] ] ] } },
{ "type": "Feature", "properties": { "GEOIDFQ": "1400000US22069000800", "NAME": "8", "NAMELSAD": "Census Tract 8" }, "geometry": { "type": "Polygon", "coordinates": [ [ [ -93.322, 31.7376 ], [ -93.3023, 31.7498 ], [ -93.2723, 31.7499 ], [ -93.2589, 31.7388 ], [ -93.2408, 31.7428 ], [ -93.2431, 31.7353 ], [ -93.2333, 31.7284 ], [ -93.2069, 31.7288 ], [ -93.1967, 31.7318 ], [ -93.1872, 31.7506 ], [ -93.1131, 31.7572 ], [ -93.1086, 31.7649 ], [ -93.1124, 31.7344 ], [ -93.1061, 31.7098 ], [ -93.0961, 31.707 ], [ -93.068, 31.719 ], [ -93.0491, 31.6937 ], [ -93.0601, 31.6903 ], [ -93.0545, 31.6826 ], [ -93.0635, 31.6733 ], [ -93.0553, 31.6698 ], [ -93.068, 31.6565 ], [ -93.0665, 31.6417 ], [ -93.0563, 31.6257 ], [ -93.0395, 31.6232 ], [ -93.0411, 31.6111 ], [ -93.0496, 31.6093 ], [ -93.0382, 31.5972 ], [ -93.0477, 31.5841 ], [ -93.0616, 31.5816 ], [ -93.065, 31.5663 ], [ -93.0562, 31.5598 ], [ -93.0566, 31.5478 ], [ -93.0734, 31.5433 ], [ -93.084, 31.5257 ], [ -93.0793, 31.5185 ], [ -93.0637, 31.5187 ], [ -93.0565, 31.5095 ], [ -93.0845, 31.4901 ], [ -93.139, 31.4846 ], [ -93.127, 31.4668 ], [ -93.1395, 31.4466 ], [ -93.1536, 31.4438 ], [ -93.1561, 31.4501 ], [ -93.2057, 31.4609 ], [ -93.2195, 31.4525 ], [ -93.233, 31.4652 ], [ -93.2364, 31.4539 ], [ -93.2368, 31.5379 ], [ -93.3376, 31.5383 ], [ -93.3389, 31.7309 ], [ -93.3439, 31.7377 ], [ -93.322, 31.7376 ] ] ] } },
{ "type": "Feature", "properties": { "GEOIDFQ": "1400000US22069000300", "NAME": "3", "NAMELSAD": "Census Tract 3" }, "geometry": { "type": "Polygon", "coordinates": [ [ [ -93.4406, 31.9136 ], [ -93.42, 31.934 ], [ -93.4084, 31.9192 ], [ -93.3989, 31.9179 ], [ -93.3858, 31.9259 ], [ -93.3778, 31.9231 ], [ -93.3779, 31.9327 ], [ -93.3546, 31.9322 ], [ -93.36, 31.9239 ], [ -93.346, 31.9064 ], [ -93.3505, 31.8987 ], [ -93.3205, 31.8886 ], [ -93.3027, 31.8976 ], [ -93.2796, 31.887 ], [ -93.2537, 31.9133 ], [ -93.2319, 31.8984 ], [ -93.193, 31.8873 ], [ -93.1591, 31.8835 ], [ -93.1271, 31.8884 ], [ -93.1161, 31.8752 ], [ -93.1162, 31.8587 ], [ -93.0975, 31.8548 ], [ -93.0866, 31.8435 ], [ -93.0977, 31.847 ], [ -93.1135, 31.8306 ], [ -93.0971, 31.809 ], [ -93.104, 31.799 ], [ -93.0969, 31.7842 ], [ -93.1082, 31.7804 ], [ -93.1131, 31.7572 ], [ -93.1872, 31.7506 ], [ -93.1967, 31.7318 ], [ -93.2069, 31.7288 ], [ -93.2333, 31.7284 ], [ -93.2431, 31.7353 ], [ -93.2408, 31.7428 ], [ -93.2589, 31.7388 ], [ -93.2723, 31.7499 ], [ -93.3023, 31.7498 ], [ -93.322, 31.7376 ], [ -93.3429, 31.7394 ], [ -93.3401, 31.7143 ], [ -93.4417, 31.7145 ], [ -93.4406, 31.9136 ] ] ] } },
{ "type": "Feature", "properties": { "GEOIDFQ": "1400000US22069000400", "NAME": "4", "NAMELSAD": "Census Tract 4" }, "geometry": { "type": "Polygon", "coordinates": [ [ [ -93.0946, 31.8474 ], [ -93.0802, 31.8329 ], [ -93.0924, 31.82 ], [ -93.0623, 31.8168 ], [ -93.0481, 31.8018 ], [ -93.0575, 31.7831 ], [ -93.0685, 31.7788 ], [ -93.0774, 31.7823 ], [ -93.0849, 31.7676 ], [ -93.0967, 31.77 ], [ -93.1032, 31.762 ], [ -93.1084, 31.7622 ], [ -93.1082, 31.7804 ], [ -93.0969, 31.7842 ], [ -93.104, 31.799 ], [ -93.0971, 31.809 ], [ -93.1123, 31.8316 ], [ -93.0946, 31.8474 ] ] ] } },
{ "type": "Feature", "properties": { "GEOIDFQ": "1400000US22069000100", "NAME": "1", "NAMELSAD": "Census Tract 1" }, "geometry": { "type": "Polygon", "coordinates": [ [ [ -92.9391, 32.1479 ], [ -92.9312, 32.1225 ], [ -92.9049, 32.0905 ], [ -92.9117, 32.0762 ], [ -92.8958, 32.055 ], [ -92.8985, 32.0449 ], [ -92.887, 32.0299 ], [ -92.8847, 32.0121 ], [ -92.9014, 31.9891 ], [ -92.8829, 31.9816 ], [ -92.8848, 31.9557 ], [ -92.8722, 31.9459 ], [ -92.8846, 31.9395 ], [ -92.8935, 31.9212 ], [ -92.8926, 31.9014 ], [ -92.9011, 31.8939 ], [ -92.9062, 31.8694 ], [ -92.8991, 31.857 ], [ -92.9084, 31.8508 ], [ -92.95, 31.8561 ], [ -92.9495, 31.8382 ], [ -92.9419, 31.8365 ], [ -92.9385, 31.8228 ], [ -92.9508, 31.8256 ], [ -92.942, 31.815 ], [ -92.9486, 31.8104 ], [ -92.9521, 31.7846 ], [ -92.9592, 31.7787 ], [ -92.9678, 31.7809 ], [ -92.9686, 31.731 ], [ -92.9815, 31.7446 ], [ -93.0203, 31.7416 ], [ -93.0117, 31.7687 ], [ -93.0153, 31.7798 ], [ -93.0282, 31.7922 ], [ -93.049, 31.7923 ], [ -93.0573, 31.8147 ], [ -93.0849, 31.8187 ], [ -93.0418, 31.8536 ], [ -93.0218, 31.8424 ], [ -93.017, 31.8617 ], [ -93.0062, 31.8647 ], [ -93.0002, 31.8577 ], [ -92.9807, 31.8588 ], [ -92.9896, 31.879 ], [ -92.986, 31.8887 ], [ -93.0122, 31.9069 ], [ -93.012, 31.9382 ], [ -93.0326, 31.9571 ], [ -93.0399, 31.9614 ], [ -93.0588, 31.9533 ], [ -93.0959, 31.9612 ], [ -93.1081, 31.9563 ], [ -93.1545, 32.004 ], [ -93.1589, 32.0277 ], [ -93.1415, 32.0404 ], [ -93.1361, 32.0562 ], [ -93.1454, 32.0726 ], [ -93.1619, 32.0833 ], [ -93.1643, 32.0933 ], [ -93.1524, 32.1045 ], [ -93.1872, 32.1483 ], [ -92.9391, 32.1479 ] ] ] } },
{ "type": "Feature", "properties": { "GEOIDFQ": "1400000US22051027810", "NAME": "278.10", "NAMELSAD": "Census Tract 278.10" }, "geometry": { "type": "Polygon", "coordinates": [ [ [ -90.0817, 29.8691 ], [ -90.0772, 29.852 ], [ -90.0855, 29.8493 ], [ -90.0874, 29.8678 ], [ -90.0817, 29.8691 ] ] ] } },
{ "type": "Feature", "properties": { "GEOIDFQ": "1400000US22051020505", "NAME": "205.05", "NAMELSAD": "Census Tract 205.05" }, "geometry": { "type": "Polygon", "coordinates": [ [ [ -90.2466, 30.0137 ], [ -90.2452, 30.0094 ], [ -90.2661, 30.0078 ], [ -90.2466, 30.0137 ] ] ] } },
{ "type": "Feature", "properties": { "GEOIDFQ": "1400000US22051025500", "NAME": "255", "NAMELSAD": "Census Tract 255" }, "geometry": { "type": "Polygon", "coordinates": [ [ [ -90.0578, 29.9091 ], [ -90.0501, 29.8958 ], [ -90.0543, 29.8936 ], [ -90.0623, 29.9065 ], [ -90.0578, 29.9091 ] ] ] } },
{ "type": "Feature", "properties": { "GEOIDFQ": "1400000US22057020704", "NAME": "207.04", "NAMELSAD": "Census Tract 207.04" }, "geometry": { "type": "Polygon", "coordinates": [ [ [ -90.9098, 29.8772 ], [ -90.8853, 29.8776 ], [ -90.8857, 29.9053 ], [ -90.7854, 29.9076 ], [ -90.7858, 29.9217 ], [ -90.7787, 29.922 ], [ -90.7319, 29.9052 ], [ -90.7368, 29.8963 ], [ -90.7565, 29.9057 ], [ -90.7728, 29.9047 ], [ -90.7911, 29.8857 ], [ -90.7546, 29.8588 ], [ -90.7568, 29.8288 ], [ -90.7958, 29.8402 ], [ -90.822, 29.8401 ], [ -90.8455, 29.8017 ], [ -90.9251, 29.8308 ], [ -90.9098, 29.8772 ] ] ] } },
{ "type": "Feature", "properties": { "GEOIDFQ": "1400000US22095070800", "NAME": "708", "NAMELSAD": "Census Tract 708" }, "geometry": { "type": "Polygon", "coordinates": [ [ [ -90.5265, 30.0708 ], [ -90.5175, 30.0488 ], [ -90.5455, 30.0477 ], [ -90.5461, 30.071 ], [ -90.5265, 30.0708 ] ] ] } },
{ "type": "Feature", "properties": { "GEOIDFQ": "1400000US22095070300", "NAME": "703", "NAMELSAD": "Census Tract 703" }, "geometry": { "type": "Polygon", "coordinates": [ [ [ -90.4906, 30.08 ], [ -90.4862, 30.102 ], [ -90.4705, 30.0969 ], [ -90.4878, 30.0705 ], [ -90.5018, 30.0786 ], [ -90.4906, 30.08 ] ] ] } },
{ "type": "Feature", "properties": { "GEOIDFQ": "1400000US22095070700", "NAME": "707", "NAMELSAD": "Census Tract 707" }, "geometry": { "type": "Polygon", "coordinates": [ [ [ -90.5643, 30.1015 ], [ -90.5593, 30.0711 ], [ -90.5461, 30.071 ], [ -90.5455, 30.0477 ], [ -90.6055, 30.0502 ], [ -90.6124, 30.0715 ], [ -90.6042, 30.0715 ], [ -90.6142, 30.0959 ], [ -90.5643, 30.1015 ] ] ] } },
{ "type": "Feature", "properties": { "GEOIDFQ": "1400000US22095070500", "NAME": "705", "NAMELSAD": "Census Tract 705" }, "geometry": { "type": "Polygon", "coordinates": [ [ [ -90.4986, 30.106 ], [ -90.5056, 30.0985 ], [ -90.5007, 30.0735 ], [ -90.5286, 30.0778 ], [ -90.5265, 30.0708 ], [ -90.5593, 30.0711 ], [ -90.5599, 30.0971 ], [ -90.5751, 30.0995 ], [ -90.5806, 30.1139 ], [ -90.4986, 30.106 ] ] ] } },
{ "type": "Feature", "properties": { "GEOIDFQ": "1400000US22057021101", "NAME": "211.01", "NAMELSAD": "Census Tract 211.01" }, "geometry": { "type": "Polygon", "coordinates": [ [ [ -90.2386, 29.4804 ], [ -90.1986, 29.5229 ], [ -90.1878, 29.5466 ], [ -90.1722, 29.5412 ], [ -90.1375, 29.4772 ], [ -90.0952, 29.4614 ], [ -90.0782, 29.4661 ], [ -90.0627, 29.4592 ], [ -90.049, 29.4615 ], [ -90.0374, 29.4478 ], [ -90.0421, 29.4434 ], [ -90.0376, 29.4363 ], [ -90.0206, 29.4285 ], [ -90.0333, 29.3933 ], [ -90.0286, 29.3794 ], [ -90.0357, 29.3509 ], [ -90.0278, 29.3268 ], [ -90.0033, 29.3104 ], [ -90.0001, 29.2949 ], [ -90.0143, 29.2753 ], [ -90.0309, 29.2675 ], [ -90.0569, 29.2288 ], [ -90.062, 29.2052 ], [ -90.0864, 29.1873 ], [ -90.0891, 29.1584 ], [ -90.1678, 29.1053 ], [ -90.2276, 29.0783 ], [ -90.2228, 29.0971 ], [ -90.209, 29.1124 ], [ -90.2236, 29.1509 ], [ -90.2415, 29.1735 ], [ -90.2333, 29.1823 ], [ -90.234, 29.2076 ], [ -90.2186, 29.2207 ], [ -90.2081, 29.2485 ], [ -90.2264, 29.2772 ], [ -90.2599, 29.3841 ], [ -90.2932, 29.426 ], [ -90.3116, 29.4655 ], [ -90.2386, 29.4804 ] ] ] } },
{ "type": "Feature", "properties": { "GEOIDFQ": "1400000US22057021102", "NAME": "211.02", "NAMELSAD": "Census Tract 211.02" }, "geometry": { "type": "Polygon", "coordinates": [ [ [ -90.333, 29.6433 ], [ -90.3143, 29.6566 ], [ -90.3131, 29.6677 ], [ -90.3018, 29.6711 ], [ -90.3, 29.6766 ], [ -90.3163, 29.6815 ], [ -90.316, 29.6924 ], [ -90.2026, 29.6916 ], [ -90.1864, 29.6809 ], [ -90.1704, 29.6835 ], [ -90.1558, 29.6775 ], [ -90.1612, 29.6234 ], [ -90.1577, 29.6094 ], [ -90.1512, 29.6091 ], [ -90.1563, 29.6019 ], [ -90.1513, 29.5884 ], [ -90.1651, 29.5785 ], [ -90.1578, 29.5715 ], [ -90.1909, 29.5588 ], [ -90.1878, 29.5466 ], [ -90.1986, 29.5229 ], [ -90.2447, 29.4778 ], [ -90.2535, 29.4804 ], [ -90.2915, 29.4663 ], [ -90.3116, 29.4655 ], [ -90.329, 29.4942 ], [ -90.3359, 29.5413 ], [ -90.3529, 29.557 ], [ -90.3383, 29.5685 ], [ -90.3728, 29.5876 ], [ -90.333, 29.6433 ] ] ] } },
{ "type": "Feature", "properties": { "GEOIDFQ": "1400000US22057021903", "NAME": "219.03", "NAMELSAD": "Census Tract 219.03" }, "geometry": { "type": "Polygon", "coordinates": [ [ [ -90.7452, 29.7255 ], [ -90.7273, 29.7244 ], [ -90.7287, 29.715 ], [ -90.7126, 29.7044 ], [ -90.7038, 29.6868 ], [ -90.6403, 29.6889 ], [ -90.6712, 29.6636 ], [ -90.702, 29.6717 ], [ -90.7078, 29.6654 ], [ -90.743, 29.6764 ], [ -90.7668, 29.6959 ], [ -90.7876, 29.7434 ], [ -90.7452, 29.7255 ] ] ] } },
{ "type": "Feature", "properties": { "GEOIDFQ": "1400000US22057021603", "NAME": "216.03", "NAMELSAD": "Census Tract 216.03" }, "geometry": { "type": "Polygon", "coordinates": [ [ [ -90.6184, 29.7119 ], [ -90.5668, 29.6769 ], [ -90.5483, 29.6429 ], [ -90.559, 29.6363 ], [ -90.5561, 29.6172 ], [ -90.5626, 29.603 ], [ -90.5946, 29.57 ], [ -90.6045, 29.5749 ], [ -90.6196, 29.5985 ], [ -90.6576, 29.6073 ], [ -90.6876, 29.6454 ], [ -90.6184, 29.7119 ] ] ] } },
{ "type": "Feature", "properties": { "GEOIDFQ": "1400000US22057021904", "NAME": "219.04", "NAMELSAD": "Census Tract 219.04" }, "geometry": { "type": "Polygon", "coordinates": [ [ [ -90.702, 29.6717 ], [ -90.6712, 29.6636 ], [ -90.6876, 29.6454 ], [ -90.7078, 29.6654 ], [ -90.702, 29.6717 ] ] ] } },
{ "type": "Feature", "properties": { "GEOIDFQ": "1400000US22057021604", "NAME": "216.04", "NAMELSAD": "Census Tract 216.04" }, "geometry": { "type": "Polygon", "coordinates": [ [ [ -90.572, 29.7077 ], [ -90.5607, 29.7015 ], [ -90.5398, 29.6738 ], [ -90.5422, 29.6539 ], [ -90.5552, 29.6528 ], [ -90.5667, 29.6768 ], [ -90.5879, 29.6923 ], [ -90.572, 29.7077 ] ] ] } },
{ "type": "Feature", "properties": { "GEOIDFQ": "1400000US22079013501", "NAME": "135.01", "NAMELSAD": "Census Tract 135.01" }, "geometry": { "type": "Polygon", "coordinates": [ [ [ -92.5805, 30.9861 ], [ -92.5343, 31.0351 ], [ -92.5139, 31.0932 ], [ -92.471, 31.1005 ], [ -92.4579, 31.116 ], [ -92.4608, 31.1244 ], [ -92.4505, 31.1324 ], [ -92.4355, 31.1198 ], [ -92.4423, 31.1139 ], [ -92.4321, 31.1065 ], [ -92.4291, 31.0942 ], [ -92.4156, 31.0905 ], [ -92.4086, 31.079 ], [ -92.4092, 31.0642 ], [ -92.3885, 31.0183 ], [ -92.3768, 31.0108 ], [ -92.3802, 31.0004 ], [ -92.4057, 30.9955 ], [ -92.4187, 30.975 ], [ -92.4803, 30.9523 ], [ -92.4801, 30.9184 ], [ -92.5006, 30.8988 ], [ -92.519, 30.8931 ], [ -92.5481, 30.9031 ], [ -92.5673, 30.8962 ], [ -92.6231, 30.8991 ], [ -92.5805, 30.9861 ] ] ] } },
{ "type": "Feature", "properties": { "GEOIDFQ": "1400000US22079013502", "NAME": "135.02", "NAMELSAD": "Census Tract 135.02" }, "geometry": { "type": "Polygon", "coordinates": [ [ [ -92.6966, 31.0847 ], [ -92.6955, 31.0957 ], [ -92.6543, 31.11 ], [ -92.6279, 31.0923 ], [ -92.6274, 31.0982 ], [ -92.5995, 31.1021 ], [ -92.5529, 31.0734 ], [ -92.521, 31.073 ], [ -92.535, 31.0338 ], [ -92.5805, 30.9861 ], [ -92.6233, 30.8988 ], [ -92.6614, 30.8987 ], [ -92.6796, 30.9235 ], [ -92.6818, 30.955 ], [ -92.6735, 30.9966 ], [ -92.7011, 31.0399 ], [ -92.6981, 31.054 ], [ -92.7143, 31.0692 ], [ -92.6966, 31.0847 ] ] ] } },
{ "type": "Feature", "properties": { "GEOIDFQ": "1400000US22079010502", "NAME": "105.02", "NAMELSAD": "Census Tract 105.02" }, "geometry": { "type": "Polygon", "coordinates": [ [ [ -92.5814, 31.3869 ], [ -92.5707, 31.3881 ], [ -92.5472, 31.3599 ], [ -92.5173, 31.3566 ], [ -92.4832, 31.3332 ], [ -92.4592, 31.3407 ], [ -92.4518, 31.327 ], [ -92.478, 31.3102 ], [ -92.5057, 31.3336 ], [ -92.5114, 31.3295 ], [ -92.5021, 31.3229 ], [ -92.5078, 31.3138 ], [ -92.5159, 31.3295 ], [ -92.5291, 31.3304 ], [ -92.5271, 31.346 ], [ -92.5875, 31.362 ], [ -92.5814, 31.3869 ] ] ] } },
{ "type": "Feature", "properties": { "GEOIDFQ": "1400000US22079010701", "NAME": "107.01", "NAMELSAD": "Census Tract 107.01" }, "geometry": { "type": "Polygon", "coordinates": [ [ [ -92.6941, 31.2716 ], [ -92.6199, 31.2939 ], [ -92.4942, 31.2956 ], [ -92.4939, 31.2847 ], [ -92.5488, 31.2429 ], [ -92.5634, 31.2416 ], [ -92.6031, 31.2172 ], [ -92.6491, 31.2088 ], [ -92.6613, 31.2003 ], [ -92.6927, 31.2112 ], [ -92.7095, 31.2301 ], [ -92.7197, 31.2307 ], [ -92.6941, 31.2716 ] ] ] } },
{ "type": "Feature", "properties": { "GEOIDFQ": "1400000US22079010501", "NAME": "105.01", "NAMELSAD": "Census Tract 105.01" }, "geometry": { "type": "Polygon", "coordinates": [ [ [ -92.7197, 31.3751 ], [ -92.697, 31.3859 ], [ -92.6945, 31.3947 ], [ -92.6746, 31.3976 ], [ -92.6697, 31.4041 ], [ -92.6607, 31.3889 ], [ -92.6346, 31.3928 ], [ -92.633, 31.3796 ], [ -92.6223, 31.3738 ], [ -92.5853, 31.3775 ], [ -92.5873, 31.3599 ], [ -92.5267, 31.3448 ], [ -92.529, 31.3397 ], [ -92.5361, 31.344 ], [ -92.5384, 31.3328 ], [ -92.5411, 31.3398 ], [ -92.5489, 31.3329 ], [ -92.5636, 31.3406 ], [ -92.558, 31.3328 ], [ -92.5612, 31.3118 ], [ -92.633, 31.3117 ], [ -92.6493, 31.3161 ], [ -92.6637, 31.3319 ], [ -92.681, 31.3298 ], [ -92.7094, 31.3372 ], [ -92.717, 31.3432 ], [ -92.7197, 31.3751 ] ] ] } },
{ "type": "Feature", "properties": { "GEOIDFQ": "1400000US22079010101", "NAME": "101.01", "NAMELSAD": "Census Tract 101.01" }, "geometry": { "type": "Polygon", "coordinates": [ [ [ -92.3208, 31.3876 ], [ -92.2896, 31.382 ], [ -92.269, 31.3902 ], [ -92.2547, 31.4147 ], [ -92.2612, 31.4371 ], [ -92.2423, 31.4688 ], [ -92.1961, 31.4779 ], [ -92.1897, 31.4685 ], [ -92.1818, 31.4757 ], [ -92.1607, 31.4672 ], [ -92.169, 31.4576 ], [ -92.1551, 31.4507 ], [ -92.1604, 31.431 ], [ -92.2157, 31.4061 ], [ -92.2293, 31.3906 ], [ -92.3649, 31.342 ], [ -92.3652, 31.3515 ], [ -92.3794, 31.3585 ], [ -92.3709, 31.3667 ], [ -92.3879, 31.371 ], [ -92.3208, 31.3876 ] ] ] } },
{ "type": "Feature", "properties": { "GEOIDFQ": "1400000US22079011501", "NAME": "115.01", "NAMELSAD": "Census Tract 115.01" }, "geometry": { "type": "Polygon", "coordinates": [ [ [ -92.4085, 31.3713 ], [ -92.4032, 31.3586 ], [ -92.3789, 31.3584 ], [ -92.3651, 31.3514 ], [ -92.3666, 31.3405 ], [ -92.3922, 31.3333 ], [ -92.3963, 31.351 ], [ -92.4162, 31.3421 ], [ -92.4085, 31.3713 ] ] ] } },
{ "type": "Feature", "properties": { "GEOIDFQ": "1400000US22079011502", "NAME": "115.02", "NAMELSAD": "Census Tract 115.02" }, "geometry": { "type": "Polygon", "coordinates": [ [ [ -92.4151, 31.344 ], [ -92.4015, 31.3516 ], [ -92.3949, 31.3494 ], [ -92.394, 31.333 ], [ -92.3837, 31.3349 ], [ -92.3803, 31.3262 ], [ -92.3834, 31.3194 ], [ -92.4223, 31.3239 ], [ -92.4151, 31.344 ] ] ] } },
{ "type": "Feature", "properties": { "GEOIDFQ": "1400000US22079013201", "NAME": "132.01", "NAMELSAD": "Census Tract 132.01" }, "geometry": { "type": "Polygon", "coordinates": [ [ [ -92.2967, 31.3669 ], [ -92.2967, 31.3567 ], [ -92.2525, 31.3443 ], [ -92.2487, 31.3354 ], [ -92.2688, 31.3346 ], [ -92.2754, 31.3242 ], [ -92.2332, 31.3188 ], [ -92.2328, 31.2557 ], [ -92.2727, 31.2489 ], [ -92.2924, 31.2525 ], [ -92.3102, 31.2757 ], [ -92.3476, 31.306 ], [ -92.3834, 31.3194 ], [ -92.3837, 31.3349 ], [ -92.2967, 31.3669 ] ] ] } },
{ "type": "Feature", "properties": { "GEOIDFQ": "1400000US22079010102", "NAME": "101.02", "NAMELSAD": "Census Tract 101.02" }, "geometry": { "type": "Polygon", "coordinates": [ [ [ -92.2967, 31.3669 ], [ -92.2284, 31.3909 ], [ -92.2157, 31.4061 ], [ -92.1604, 31.431 ], [ -92.1491, 31.4051 ], [ -92.115, 31.3859 ], [ -92.1207, 31.3805 ], [ -92.1138, 31.375 ], [ -92.1027, 31.3773 ], [ -92.0922, 31.3652 ], [ -92.0833, 31.3649 ], [ -92.0758, 31.3537 ], [ -92.0797, 31.3478 ], [ -92.0724, 31.3432 ], [ -92.0872, 31.3391 ], [ -92.0964, 31.3234 ], [ -92.1151, 31.3116 ], [ -92.1213, 31.3145 ], [ -92.1261, 31.306 ], [ -92.1619, 31.3 ], [ -92.1767, 31.3112 ], [ -92.1804, 31.3284 ], [ -92.1933, 31.3339 ], [ -92.209, 31.3271 ], [ -92.2206, 31.3325 ], [ -92.2343, 31.3185 ], [ -92.2754, 31.3242 ], [ -92.2688, 31.3346 ], [ -92.2487, 31.3354 ], [ -92.2521, 31.3439 ], [ -92.2967, 31.3594 ], [ -92.2967, 31.3669 ] ] ] } },
{ "type": "Feature", "properties": { "GEOIDFQ": "1400000US22067950600", "NAME": "9506", "NAMELSAD": "Census Tract 9506" }, "geometry": { "type": "Polygon", "coordinates": [ [ [ -91.9042, 32.5153 ], [ -91.8945, 32.5491 ], [ -91.8804, 32.5596 ], [ -91.8701, 32.5745 ], [ -91.8709, 32.5863 ], [ -91.8432, 32.6218 ], [ -91.8275, 32.6737 ], [ -91.8105, 32.6926 ], [ -91.8193, 32.717 ], [ -91.808, 32.7446 ], [ -91.8393, 32.7501 ], [ -91.8767, 32.7733 ], [ -91.8685, 32.7734 ], [ -91.8685, 32.7893 ], [ -91.8743, 32.7916 ], [ -91.8287, 32.8102 ], [ -91.8148, 32.8241 ], [ -91.8105, 32.7958 ], [ -91.795, 32.8004 ], [ -91.7818, 32.7972 ], [ -91.7813, 32.7913 ], [ -91.7219, 32.7897 ], [ -91.7213, 32.7787 ], [ -91.7299, 32.7786 ], [ -91.7298, 32.7689 ], [ -91.5958, 32.7711 ], [ -91.5972, 32.7489 ], [ -91.6389, 32.7025 ], [ -91.6234, 32.695 ], [ -91.622, 32.6799 ], [ -91.6374, 32.6685 ], [ -91.6369, 32.6582 ], [ -91.663, 32.6186 ], [ -91.6725, 32.6111 ], [ -91.6853, 32.6152 ], [ -91.6921, 32.6081 ], [ -91.7134, 32.6106 ], [ -91.7348, 32.5879 ], [ -91.7423, 32.5589 ], [ -91.7546, 32.5573 ], [ -91.7551, 32.5615 ], [ -91.7692, 32.5542 ], [ -91.7979, 32.5706 ], [ -91.8108, 32.5695 ], [ -91.8169, 32.5547 ], [ -91.8377, 32.5435 ], [ -91.8393, 32.5185 ], [ -91.8664, 32.5225 ], [ -91.8892, 32.5434 ], [ -91.8981, 32.535 ], [ -91.901, 32.5133 ], [ -91.9131, 32.5059 ], [ -91.9042, 32.5153 ] ] ] } },
{ "type": "Feature", "properties": { "GEOIDFQ": "1400000US22079013202", "NAME": "132.02", "NAMELSAD": "Census Tract 132.02" }, "geometry": { "type": "Polygon", "coordinates": [ [ [ -92.4004, 31.2958 ], [ -92.3899, 31.3047 ], [ -92.396, 31.3107 ], [ -92.3834, 31.3194 ], [ -92.3476, 31.306 ], [ -92.3102, 31.2757 ], [ -92.2924, 31.2525 ], [ -92.2727, 31.2489 ], [ -92.2328, 31.2557 ], [ -92.2338, 31.1515 ], [ -92.2569, 31.1384 ], [ -92.2717, 31.1773 ], [ -92.2844, 31.184 ], [ -92.2984, 31.1745 ], [ -92.3052, 31.1902 ], [ -92.3616, 31.2137 ], [ -92.3686, 31.2262 ], [ -92.3433, 31.2387 ], [ -92.3613, 31.2445 ], [ -92.3705, 31.2553 ], [ -92.3831, 31.2551 ], [ -92.4012, 31.2782 ], [ -92.4004, 31.2958 ] ] ] } },
{ "type": "Feature", "properties": { "GEOIDFQ": "1400000US22067950200", "NAME": "9502", "NAMELSAD": "Census Tract 9502" }, "geometry": { "type": "Polygon", "coordinates": [ [ [ -91.8003, 33.0074 ], [ -91.8056, 32.9799 ], [ -91.8123, 32.9749 ], [ -91.8008, 32.9629 ], [ -91.8015, 32.9473 ], [ -91.8138, 32.9316 ], [ -91.8265, 32.9307 ], [ -91.8207, 32.924 ], [ -91.8311, 32.9153 ], [ -91.8351, 32.8912 ], [ -91.8458, 32.9037 ], [ -91.8536, 32.9031 ], [ -91.8609, 32.8714 ], [ -91.8476, 32.8748 ], [ -91.8229, 32.8652 ], [ -91.8085, 32.8356 ], [ -91.8256, 32.812 ], [ -91.8743, 32.7916 ], [ -91.8685, 32.7893 ], [ -91.8685, 32.7734 ], [ -91.8768, 32.7734 ], [ -91.8428, 32.7518 ], [ -91.8428, 32.7385 ], [ -91.8304, 32.737 ], [ -91.8401, 32.7275 ], [ -91.8827, 32.7312 ], [ -91.8981, 32.7666 ], [ -91.8968, 32.7814 ], [ -91.8844, 32.7888 ], [ -91.9029, 32.8026 ], [ -91.878, 32.8365 ], [ -91.9053, 32.8388 ], [ -91.9033, 32.8741 ], [ -91.9088, 32.8731 ], [ -92.0011, 33.0078 ], [ -91.8003, 33.0074 ] ] ] } },
{ "type": "Feature", "properties": { "GEOIDFQ": "1400000US22067950700", "NAME": "9507", "NAMELSAD": "Census Tract 9507" }, "geometry": { "type": "Polygon", "coordinates": [ [ [ -91.967, 32.7345 ], [ -91.9567, 32.7567 ], [ -91.8937, 32.7567 ], [ -91.8827, 32.7312 ], [ -91.8697, 32.7267 ], [ -91.8401, 32.7275 ], [ -91.8304, 32.737 ], [ -91.8428, 32.7385 ], [ -91.8428, 32.7518 ], [ -91.808, 32.7446 ], [ -91.8193, 32.717 ], [ -91.8106, 32.6924 ], [ -91.8275, 32.6737 ], [ -91.8349, 32.6406 ], [ -91.8711, 32.5859 ], [ -91.8701, 32.5745 ], [ -91.9048, 32.5286 ], [ -91.9207, 32.5474 ], [ -91.924, 32.582 ], [ -91.9434, 32.5871 ], [ -91.9215, 32.6247 ], [ -91.9242, 32.6453 ], [ -91.9126, 32.6488 ], [ -91.91, 32.6591 ], [ -91.9235, 32.6676 ], [ -91.9363, 32.6589 ], [ -91.9613, 32.6776 ], [ -91.984, 32.7299 ], [ -91.967, 32.7345 ] ] ] } },
{ "type": "Feature", "properties": { "GEOIDFQ": "1400000US22067950500", "NAME": "9505", "NAMELSAD": "Census Tract 9505" }, "geometry": { "type": "Polygon", "coordinates": [ [ [ -91.9029, 32.8026 ], [ -91.8844, 32.7888 ], [ -91.8971, 32.7804 ], [ -91.8937, 32.7567 ], [ -91.9116, 32.764 ], [ -91.9144, 32.779 ], [ -91.9029, 32.8026 ] ] ] } },
{ "type": "Feature", "properties": { "GEOIDFQ": "1400000US22067950400", "NAME": "9504", "NAMELSAD": "Census Tract 9504" }, "geometry": { "type": "Polygon", "coordinates": [ [ [ -91.9434, 32.7869 ], [ -91.9367, 32.7817 ], [ -91.934, 32.7916 ], [ -91.9252, 32.7878 ], [ -91.9179, 32.7959 ], [ -91.911, 32.7925 ], [ -91.9144, 32.7802 ], [ -91.9254, 32.7748 ], [ -91.9477, 32.7761 ], [ -91.9434, 32.7869 ] ] ] } },
{ "type": "Feature", "properties": { "GEOIDFQ": "1400000US22067950300", "NAME": "9503", "NAMELSAD": "Census Tract 9503" }, "geometry": { "type": "Polygon", "coordinates": [ [ [ -92.0754, 32.9713 ], [ -92.0818, 32.9816 ], [ -92.0714, 32.9878 ], [ -92.0689, 33.008 ], [ -92.0011, 33.0078 ], [ -91.9088, 32.8731 ], [ -91.9033, 32.8741 ], [ -91.9053, 32.8388 ], [ -91.8777, 32.8349 ], [ -91.911, 32.7925 ], [ -91.9179, 32.7959 ], [ -91.9252, 32.7878 ], [ -91.934, 32.7916 ], [ -91.9367, 32.7817 ], [ -91.9409, 32.7878 ], [ -91.9454, 32.7855 ], [ -91.967, 32.7345 ], [ -91.9837, 32.7307 ], [ -91.9778, 32.709 ], [ -91.9931, 32.7045 ], [ -92.0083, 32.7085 ], [ -92.0189, 32.7005 ], [ -92.0404, 32.7126 ], [ -92.0429, 32.7035 ], [ -92.0306, 32.6972 ], [ -92.0494, 32.6861 ], [ -92.0426, 32.7 ], [ -92.0559, 32.6981 ], [ -92.0521, 32.7152 ], [ -92.0657, 32.7096 ], [ -92.0479, 32.7198 ], [ -92.0652, 32.723 ], [ -92.0599, 32.7297 ], [ -92.0696, 32.7335 ], [ -92.0522, 32.739 ], [ -92.0631, 32.759 ], [ -92.0527, 32.7947 ], [ -92.0675, 32.8321 ], [ -92.0557, 32.8399 ], [ -92.0842, 32.8759 ], [ -92.0771, 32.8938 ], [ -92.0809, 32.9139 ], [ -92.074, 32.9157 ], [ -92.0796, 32.921 ], [ -92.0726, 32.9252 ], [ -92.0856, 32.9652 ], [ -92.0754, 32.9713 ] ] ] } },
{ "type": "Feature", "properties": { "GEOIDFQ": "1400000US22067950100", "NAME": "9501", "NAMELSAD": "Census Tract 9501" }, "geometry": { "type": "Polygon", "coordinates": [ [ [ -91.8536, 32.9031 ], [ -91.8458, 32.9037 ], [ -91.8351, 32.8912 ], [ -91.8311, 32.9153 ], [ -91.8207, 32.924 ], [ -91.8265, 32.9307 ], [ -91.8138, 32.9316 ], [ -91.8015, 32.9473 ], [ -91.8008, 32.9629 ], [ -91.8123, 32.9749 ], [ -91.8056, 32.9799 ], [ -91.8003, 33.0074 ], [ -91.4327, 33.0026 ], [ -91.4389, 32.991 ], [ -91.4495, 32.9902 ], [ -91.4486, 32.9825 ], [ -91.439, 32.9855 ], [ -91.4411, 32.9745 ], [ -91.477, 32.9416 ], [ -91.4759, 32.9266 ], [ -91.4975, 32.9061 ], [ -91.4947, 32.8908 ], [ -91.5184, 32.8767 ], [ -91.5412, 32.8766 ], [ -91.567, 32.855 ], [ -91.5778, 32.8312 ], [ -91.5736, 32.8254 ], [ -91.591, 32.8079 ], [ -91.5898, 32.7968 ], [ -91.6051, 32.7837 ], [ -91.5958, 32.7711 ], [ -91.7298, 32.7689 ], [ -91.7299, 32.7786 ], [ -91.7213, 32.7787 ], [ -91.7219, 32.7897 ], [ -91.7813, 32.7913 ], [ -91.7818, 32.7972 ], [ -91.795, 32.8004 ], [ -91.8105, 32.7958 ], [ -91.8178, 32.8156 ], [ -91.8086, 32.8361 ], [ -91.8224, 32.8647 ], [ -91.8476, 32.8748 ], [ -91.8609, 32.8714 ], [ -91.8536, 32.9031 ] ] ] } },
{ "type": "Feature", "properties": { "GEOIDFQ": "1400000US22055001100", "NAME": "11", "NAMELSAD": "Census Tract 11" }, "geometry": { "type": "Polygon", "coordinates": [ [ [ -92.0076, 30.2627 ], [ -92.0091, 30.2307 ], [ -92.0164, 30.2312 ], [ -92.0279, 30.2544 ], [ -92.0076, 30.2627 ] ] ] } },
{ "type": "Feature", "properties": { "GEOIDFQ": "1400000US22051020518", "NAME": "205.18", "NAMELSAD": "Census Tract 205.18" }, "geometry": { "type": "Polygon", "coordinates": [ [ [ -90.2794, 30.0428 ], [ -90.272, 30.0433 ], [ -90.2738, 30.0231 ], [ -90.2796, 30.0239 ], [ -90.2794, 30.0428 ] ] ] } },
{ "type": "Feature", "properties": { "GEOIDFQ": "1400000US22113950700", "NAME": "9507", "NAMELSAD": "Census Tract 9507" }, "geometry": { "type": "Polygon", "coordinates": [ [ [ -92.1603, 29.9658 ], [ -92.1424, 29.9709 ], [ -92.1365, 29.9836 ], [ -92.1279, 29.9822 ], [ -92.1321, 29.9554 ], [ -92.1628, 29.9548 ], [ -92.1603, 29.9658 ] ] ] } },
{ "type": "Feature", "properties": { "GEOIDFQ": "1400000US22055000200", "NAME": "2", "NAMELSAD": "Census Tract 2" }, "geometry": { "type": "Polygon", "coordinates": [ [ [ -92.0078, 30.2306 ], [ -91.9926, 30.2171 ], [ -92.004, 30.2081 ], [ -92.013, 30.2249 ], [ -92.0078, 30.2306 ] ] ] } },
{ "type": "Feature", "properties": { "GEOIDFQ": "1400000US22055000500", "NAME": "5", "NAMELSAD": "Census Tract 5" }, "geometry": { "type": "Polygon", "coordinates": [ [ [ -92.0302, 30.2251 ], [ -92.0199, 30.2163 ], [ -92.0408, 30.2058 ], [ -92.0468, 30.215 ], [ -92.0302, 30.2251 ] ] ] } },
{ "type": "Feature", "properties": { "GEOIDFQ": "1400000US22055000602", "NAME": "6.02", "NAMELSAD": "Census Tract 6.02" }, "geometry": { "type": "Polygon", "coordinates": [ [ [ -92.0323, 30.2323 ], [ -92.0256, 30.2271 ], [ -92.047, 30.2149 ], [ -92.0626, 30.231 ], [ -92.0323, 30.2323 ] ] ] } },
{ "type": "Feature", "properties": { "GEOIDFQ": "1400000US22047952701", "NAME": "9527.01", "NAMELSAD": "Census Tract 9527.01" }, "geometry": { "type": "Polygon", "coordinates": [ [ [ -91.4079, 30.4263 ], [ -91.3945, 30.4086 ], [ -91.3946, 30.3948 ], [ -91.3636, 30.3842 ], [ -91.3372, 30.3534 ], [ -91.3197, 30.3447 ], [ -91.3115, 30.3225 ], [ -91.2684, 30.3229 ], [ -91.2656, 30.2934 ], [ -91.2541, 30.2874 ], [ -91.2651, 30.2756 ], [ -91.262, 30.2696 ], [ -91.272, 30.2498 ], [ -91.2879, 30.2482 ], [ -91.3193, 30.2574 ], [ -91.3175, 30.2192 ], [ -91.3695, 30.2265 ], [ -91.3986, 30.2407 ], [ -91.4197, 30.2235 ], [ -91.4291, 30.2324 ], [ -91.4472, 30.2259 ], [ -91.5106, 30.2407 ], [ -91.5628, 30.2419 ], [ -91.5903, 30.2602 ], [ -91.59, 30.277 ], [ -91.6211, 30.3099 ], [ -91.6255, 30.3542 ], [ -91.6446, 30.3635 ], [ -91.4079, 30.4263 ] ] ] } },
{ "type": "Feature", "properties": { "GEOIDFQ": "1400000US22005030404", "NAME": "304.04", "NAMELSAD": "Census Tract 304.04" }, "geometry": { "type": "Polygon", "coordinates": [ [ [ -90.9216, 30.2471 ], [ -90.9209, 30.2546 ], [ -90.9041, 30.2547 ], [ -90.904, 30.2288 ], [ -90.9207, 30.2328 ], [ -90.935, 30.2549 ], [ -90.9216, 30.2471 ] ] ] } },
{ "type": "Feature", "properties": { "GEOIDFQ": "1400000US22005030303", "NAME": "303.03", "NAMELSAD": "Census Tract 303.03" }, "geometry": { "type": "Polygon", "coordinates": [ [ [ -90.9894, 30.2384 ], [ -90.989, 30.2546 ], [ -90.9773, 30.2546 ], [ -90.9469, 30.2107 ], [ -90.9936, 30.2103 ], [ -91.006, 30.2199 ], [ -90.9894, 30.2384 ] ] ] } },
{ "type": "Feature", "properties": { "GEOIDFQ": "1400000US22005030501", "NAME": "305.01", "NAMELSAD": "Census Tract 305.01" }, "geometry": { "type": "Polygon", "coordinates": [ [ [ -90.9039, 30.2401 ], [ -90.8701, 30.2405 ], [ -90.8751, 30.2141 ], [ -90.9039, 30.2111 ], [ -90.9039, 30.2401 ] ] ] } },
{ "type": "Feature", "properties": { "GEOIDFQ": "1400000US22005030304", "NAME": "303.04", "NAMELSAD": "Census Tract 303.04" }, "geometry": { "type": "Polygon", "coordinates": [ [ [ -91.0449, 30.252 ], [ -91.0298, 30.2479 ], [ -90.989, 30.2546 ], [ -90.9894, 30.2384 ], [ -91.0066, 30.2194 ], [ -91.0257, 30.2351 ], [ -91.0488, 30.2415 ], [ -91.0449, 30.252 ] ] ] } },
{ "type": "Feature", "properties": { "GEOIDFQ": "1400000US22005030104", "NAME": "301.04", "NAMELSAD": "Census Tract 301.04" }, "geometry": { "type": "Polygon", "coordinates": [ [ [ -90.9108, 30.3395 ], [ -90.8949, 30.3458 ], [ -90.8589, 30.3439 ], [ -90.8518, 30.3319 ], [ -90.8729, 30.3368 ], [ -90.8802, 30.3275 ], [ -90.8787, 30.3146 ], [ -90.905, 30.3139 ], [ -90.9053, 30.328 ], [ -90.9085, 30.3323 ], [ -90.9186, 30.3263 ], [ -90.9235, 30.3444 ], [ -90.9108, 30.3395 ] ] ] } },
{ "type": "Feature", "properties": { "GEOIDFQ": "1400000US22005030214", "NAME": "302.14", "NAMELSAD": "Census Tract 302.14" }, "geometry": { "type": "Polygon", "coordinates": [ [ [ -90.9217, 30.2989 ], [ -90.9212, 30.2694 ], [ -90.9419, 30.2694 ], [ -90.9679, 30.2984 ], [ -90.9217, 30.2989 ] ] ] } },
{ "type": "Feature", "properties": { "GEOIDFQ": "1400000US22005030215", "NAME": "302.15", "NAMELSAD": "Census Tract 302.15" }, "geometry": { "type": "Polygon", "coordinates": [ [ [ -90.9212, 30.2694 ], [ -90.9217, 30.2989 ], [ -90.9048, 30.299 ], [ -90.9041, 30.2547 ], [ -90.9209, 30.2546 ], [ -90.9216, 30.2471 ], [ -90.9417, 30.2695 ], [ -90.9212, 30.2694 ] ] ] } },
{ "type": "Feature", "properties": { "GEOIDFQ": "1400000US22005030207", "NAME": "302.07", "NAMELSAD": "Census Tract 302.07" }, "geometry": { "type": "Polygon", "coordinates": [ [ [ -90.9931, 30.3427 ], [ -90.9861, 30.3338 ], [ -90.9724, 30.303 ], [ -90.9804, 30.2856 ], [ -90.9897, 30.2868 ], [ -90.9952, 30.31 ], [ -91.0146, 30.334 ], [ -90.9931, 30.3427 ] ] ] } },
{ "type": "Feature", "properties": { "GEOIDFQ": "1400000US22005030213", "NAME": "302.13", "NAMELSAD": "Census Tract 302.13" }, "geometry": { "type": "Polygon", "coordinates": [ [ [ -90.9419, 30.2694 ], [ -90.9307, 30.257 ], [ -90.9773, 30.2546 ], [ -90.9849, 30.2705 ], [ -90.9419, 30.2694 ] ] ] } },
{ "type": "Feature", "properties": { "GEOIDFQ": "1400000US22005031002", "NAME": "310.02", "NAMELSAD": "Census Tract 310.02" }, "geometry": { "type": "Polygon", "coordinates": [ [ [ -91.0229, 30.0957 ], [ -90.9937, 30.0994 ], [ -90.9625, 30.08 ], [ -90.9714, 30.0653 ], [ -90.9847, 30.0651 ], [ -91.0057, 30.0791 ], [ -91.0261, 30.0746 ], [ -91.0293, 30.087 ], [ -91.0229, 30.0957 ] ] ] } },
{ "type": "Feature", "properties": { "GEOIDFQ": "1400000US22005030301", "NAME": "303.01", "NAMELSAD": "Census Tract 303.01" }, "geometry": { "type": "Polygon", "coordinates": [ [ [ -91.021, 30.3216 ], [ -91.0138, 30.3302 ], [ -90.9945, 30.3085 ], [ -90.9773, 30.2546 ], [ -91.0298, 30.2479 ], [ -91.0449, 30.252 ], [ -91.021, 30.3216 ] ] ] } },
{ "type": "Feature", "properties": { "GEOIDFQ": "1400000US22005030105", "NAME": "301.05", "NAMELSAD": "Census Tract 301.05" }, "geometry": { "type": "Polygon", "coordinates": [ [ [ -90.8787, 30.3146 ], [ -90.8802, 30.3275 ], [ -90.8729, 30.3368 ], [ -90.8622, 30.3384 ], [ -90.8532, 30.3316 ], [ -90.8534, 30.3099 ], [ -90.8649, 30.3035 ], [ -90.8707, 30.2845 ], [ -90.9046, 30.2843 ], [ -90.905, 30.3139 ], [ -90.8787, 30.3146 ] ] ] } },
{ "type": "Feature", "properties": { "GEOIDFQ": "1400000US22005030210", "NAME": "302.10", "NAMELSAD": "Census Tract 302.10" }, "geometry": { "type": "Polygon", "coordinates": [ [ [ -90.9392, 30.3225 ], [ -90.9387, 30.2987 ], [ -90.9681, 30.2984 ], [ -90.9782, 30.3205 ], [ -90.9392, 30.3225 ] ] ] } },
{ "type": "Feature", "properties": { "GEOIDFQ": "1400000US22005030502", "NAME": "305.02", "NAMELSAD": "Census Tract 305.02" }, "geometry": { "type": "Polygon", "coordinates": [ [ [ -90.8697, 30.2197 ], [ -90.8701, 30.2405 ], [ -90.832, 30.2401 ], [ -90.8485, 30.196 ], [ -90.8769, 30.2118 ], [ -90.8697, 30.2197 ] ] ] } },
{ "type": "Feature", "properties": { "GEOIDFQ": "1400000US22005030405", "NAME": "304.05", "NAMELSAD": "Census Tract 304.05" }, "geometry": { "type": "Polygon", "coordinates": [ [ [ -90.904, 30.2258 ], [ -90.9039, 30.2111 ], [ -90.9372, 30.2108 ], [ -90.9374, 30.2254 ], [ -90.904, 30.2258 ] ] ] } },
{ "type": "Feature", "properties": { "GEOIDFQ": "1400000US22005030503", "NAME": "305.03", "NAMELSAD": "Census Tract 305.03" }, "geometry": { "type": "Polygon", "coordinates": [ [ [ -90.8432, 30.2187 ], [ -90.8374, 30.2185 ], [ -90.8354, 30.2411 ], [ -90.794, 30.2809 ], [ -90.782, 30.275 ], [ -90.7912, 30.2662 ], [ -90.7872, 30.257 ], [ -90.7741, 30.2517 ], [ -90.7672, 30.2394 ], [ -90.7494, 30.2414 ], [ -90.7422, 30.2359 ], [ -90.7312, 30.2209 ], [ -90.7352, 30.2124 ], [ -90.7226, 30.2065 ], [ -90.7194, 30.1898 ], [ -90.7041, 30.1867 ], [ -90.6986, 30.176 ], [ -90.6834, 30.1823 ], [ -90.6733, 30.198 ], [ -90.6787, 30.2075 ], [ -90.6694, 30.2152 ], [ -90.6623, 30.2121 ], [ -90.6596, 30.2263 ], [ -90.6476, 30.2327 ], [ -90.6319, 30.2212 ], [ -90.6421, 30.1664 ], [ -90.7861, 30.1383 ], [ -90.8543, 30.1908 ], [ -90.8432, 30.2187 ] ] ] } },
{ "type": "Feature", "properties": { "GEOIDFQ": "1400000US22005030211", "NAME": "302.11", "NAMELSAD": "Census Tract 302.11" }, "geometry": { "type": "Polygon", "coordinates": [ [ [ -90.9085, 30.3323 ], [ -90.9048, 30.299 ], [ -90.9387, 30.2987 ], [ -90.9392, 30.3225 ], [ -90.9085, 30.3323 ] ] ] } },
{ "type": "Feature", "properties": { "GEOIDFQ": "1400000US22005030208", "NAME": "302.08", "NAMELSAD": "Census Tract 302.08" }, "geometry": { "type": "Polygon", "coordinates": [ [ [ -90.9589, 30.3451 ], [ -90.9432, 30.3213 ], [ -90.9784, 30.3205 ], [ -90.993, 30.3427 ], [ -90.9589, 30.3451 ] ] ] } },
{ "type": "Feature", "properties": { "GEOIDFQ": "1400000US22005030209", "NAME": "302.09", "NAMELSAD": "Census Tract 302.09" }, "geometry": { "type": "Polygon", "coordinates": [ [ [ -90.9571, 30.3457 ], [ -90.949, 30.3453 ], [ -90.9394, 30.3403 ], [ -90.9239, 30.3441 ], [ -90.9186, 30.3263 ], [ -90.9432, 30.3213 ], [ -90.9571, 30.3457 ] ] ] } },
{ "type": "Feature", "properties": { "GEOIDFQ": "1400000US22005030106", "NAME": "301.06", "NAMELSAD": "Census Tract 301.06" }, "geometry": { "type": "Polygon", "coordinates": [ [ [ -90.8632, 30.3058 ], [ -90.8534, 30.3099 ], [ -90.8518, 30.3319 ], [ -90.8366, 30.3256 ], [ -90.8388, 30.3182 ], [ -90.8293, 30.3178 ], [ -90.8253, 30.2937 ], [ -90.8136, 30.2924 ], [ -90.8109, 30.2757 ], [ -90.7982, 30.2847 ], [ -90.794, 30.2809 ], [ -90.8272, 30.2556 ], [ -90.8622, 30.2753 ], [ -90.8626, 30.2698 ], [ -90.8705, 30.2697 ], [ -90.8632, 30.3058 ] ] ] } },
{ "type": "Feature", "properties": { "GEOIDFQ": "1400000US22005030107", "NAME": "301.07", "NAMELSAD": "Census Tract 301.07" }, "geometry": { "type": "Polygon", "coordinates": [ [ [ -90.8626, 30.2698 ], [ -90.8622, 30.2753 ], [ -90.8219, 30.2556 ], [ -90.8354, 30.2407 ], [ -90.8701, 30.2405 ], [ -90.8705, 30.2697 ], [ -90.8626, 30.2698 ] ] ] } },
{ "type": "Feature", "properties": { "GEOIDFQ": "1400000US22055001500", "NAME": "15", "NAMELSAD": "Census Tract 15" }, "geometry": { "type": "Polygon", "coordinates": [ [ [ -92.0384, 30.2073 ], [ -92.0268, 30.1992 ], [ -92.0154, 30.201 ], [ -92.0075, 30.2142 ], [ -92.004, 30.2081 ], [ -92.0063, 30.1975 ], [ -92.0216, 30.1896 ], [ -92.0287, 30.193 ], [ -92.0324, 30.1863 ], [ -92.0536, 30.2016 ], [ -92.0384, 30.2073 ] ] ] } },
{ "type": "Feature", "properties": { "GEOIDFQ": "1400000US22055001700", "NAME": "17", "NAMELSAD": "Census Tract 17" }, "geometry": { "type": "Polygon", "coordinates": [ [ [ -92.0573, 30.1958 ], [ -92.0458, 30.1843 ], [ -92.0558, 30.1626 ], [ -92.0745, 30.1781 ], [ -92.0573, 30.1958 ] ] ] } },
{ "type": "Feature", "properties": { "GEOIDFQ": "1400000US22043020300", "NAME": "203", "NAMELSAD": "Census Tract 203" }, "geometry": { "type": "Polygon", "coordinates": [ [ [ -92.7324, 31.5655 ], [ -92.7237, 31.5547 ], [ -92.6889, 31.542 ], [ -92.6284, 31.499 ], [ -92.559, 31.4342 ], [ -92.5108, 31.416 ], [ -92.6551, 31.3879 ], [ -92.6643, 31.3913 ], [ -92.6697, 31.4041 ], [ -92.6791, 31.3961 ], [ -92.6929, 31.3996 ], [ -92.6947, 31.4072 ], [ -92.6772, 31.4156 ], [ -92.6944, 31.4282 ], [ -92.6805, 31.4461 ], [ -92.7026, 31.4466 ], [ -92.708, 31.4637 ], [ -92.7052, 31.4716 ], [ -92.6906, 31.473 ], [ -92.6988, 31.4803 ], [ -92.6992, 31.4915 ], [ -92.6842, 31.4928 ], [ -92.6826, 31.4979 ], [ -92.688, 31.5009 ], [ -92.7019, 31.4944 ], [ -92.719, 31.5176 ], [ -92.7171, 31.5246 ], [ -92.7616, 31.5494 ], [ -92.7324, 31.5655 ] ] ] } },
{ "type": "Feature", "properties": { "GEOIDFQ": "1400000US22043020200", "NAME": "202", "NAMELSAD": "Census Tract 202" }, "geometry": { "type": "Polygon", "coordinates": [ [ [ -92.6815, 31.7094 ], [ -92.6381, 31.6654 ], [ -92.6684, 31.6252 ], [ -92.6495, 31.5906 ], [ -92.6561, 31.555 ], [ -92.672, 31.5431 ], [ -92.6693, 31.5281 ], [ -92.7237, 31.5547 ], [ -92.7324, 31.5655 ], [ -92.7557, 31.5562 ], [ -92.7874, 31.5787 ], [ -92.8014, 31.597 ], [ -92.8409, 31.6012 ], [ -92.8691, 31.6172 ], [ -92.9054, 31.623 ], [ -92.91, 31.6331 ], [ -92.9028, 31.6595 ], [ -92.9233, 31.6647 ], [ -92.9277, 31.6774 ], [ -92.9638, 31.6799 ], [ -92.9599, 31.7013 ], [ -92.9734, 31.7089 ], [ -92.6815, 31.7094 ] ] ] } },
{ "type": "Feature", "properties": { "GEOIDFQ": "1400000US22043020100", "NAME": "201", "NAMELSAD": "Census Tract 201" }, "geometry": { "type": "Polygon", "coordinates": [ [ [ -92.6209, 31.7096 ], [ -92.6193, 31.7973 ], [ -92.3626, 31.7966 ], [ -92.3613, 31.7814 ], [ -92.3439, 31.7693 ], [ -92.3449, 31.7592 ], [ -92.3368, 31.7606 ], [ -92.3583, 31.7436 ], [ -92.35, 31.7378 ], [ -92.3584, 31.7335 ], [ -92.3587, 31.723 ], [ -92.3687, 31.7223 ], [ -92.3731, 31.7022 ], [ -92.3639, 31.7028 ], [ -92.3626, 31.6963 ], [ -92.3548, 31.7004 ], [ -92.3469, 31.6914 ], [ -92.3594, 31.683 ], [ -92.3501, 31.6807 ], [ -92.3563, 31.6703 ], [ -92.3657, 31.6723 ], [ -92.362, 31.6598 ], [ -92.369, 31.6594 ], [ -92.3606, 31.6429 ], [ -92.3692, 31.6318 ], [ -92.3553, 31.6376 ], [ -92.3542, 31.6297 ], [ -92.3458, 31.6302 ], [ -92.3526, 31.6236 ], [ -92.3663, 31.628 ], [ -92.3688, 31.6169 ], [ -92.3844, 31.6195 ], [ -92.343, 31.5958 ], [ -92.305, 31.5871 ], [ -92.333, 31.5772 ], [ -92.3601, 31.5504 ], [ -92.3854, 31.5549 ], [ -92.3996, 31.5485 ], [ -92.417, 31.5743 ], [ -92.4355, 31.5685 ], [ -92.4512, 31.5547 ], [ -92.4632, 31.5585 ], [ -92.4593, 31.5756 ], [ -92.4722, 31.5817 ], [ -92.4904, 31.6199 ], [ -92.5044, 31.6252 ], [ -92.5152, 31.639 ], [ -92.5306, 31.6353 ], [ -92.5527, 31.6398 ], [ -92.5583, 31.6507 ], [ -92.5891, 31.6138 ], [ -92.6117, 31.6134 ], [ -92.6099, 31.5942 ], [ -92.598, 31.5765 ], [ -92.6127, 31.5446 ], [ -92.66, 31.5216 ], [ -92.6693, 31.5281 ], [ -92.672, 31.5431 ], [ -92.6561, 31.555 ], [ -92.6495, 31.5906 ], [ -92.6684, 31.6252 ], [ -92.6381, 31.6654 ], [ -92.6815, 31.7094 ], [ -92.6209, 31.7096 ] ] ] } },
{ "type": "Feature", "properties": { "GEOIDFQ": "1400000US22103040601", "NAME": "406.01", "NAMELSAD": "Census Tract 406.01" }, "geometry": { "type": "Polygon", "coordinates": [ [ [ -90.1321, 30.4575 ], [ -90.1168, 30.4638 ], [ -90.1118, 30.4563 ], [ -90.1176, 30.4369 ], [ -90.1055, 30.4191 ], [ -90.1223, 30.4133 ], [ -90.1252, 30.4198 ], [ -90.1385, 30.4206 ], [ -90.147, 30.4176 ], [ -90.1408, 30.4128 ], [ -90.1525, 30.4141 ], [ -90.1461, 30.4075 ], [ -90.1544, 30.4067 ], [ -90.1617, 30.4179 ], [ -90.1321, 30.4575 ] ] ] } },
{ "type": "Feature", "properties": { "GEOIDFQ": "1400000US22061960800", "NAME": "9608", "NAMELSAD": "Census Tract 9608" }, "geometry": { "type": "Polygon", "coordinates": [ [ [ -92.6491, 32.4964 ], [ -92.6564, 32.4965 ], [ -92.6521, 32.5213 ], [ -92.6482, 32.5155 ], [ -92.6196, 32.5175 ], [ -92.5886, 32.5033 ], [ -92.5854, 32.4962 ], [ -92.6224, 32.4964 ], [ -92.6217, 32.4531 ], [ -92.659, 32.4532 ], [ -92.6491, 32.4964 ] ] ] } },
{ "type": "Feature", "properties": { "GEOIDFQ": "1400000US22061960300", "NAME": "9603", "NAMELSAD": "Census Tract 9603" }, "geometry": { "type": "Polygon", "coordinates": [ [ [ -92.7667, 32.5469 ], [ -92.72, 32.5424 ], [ -92.7161, 32.5746 ], [ -92.6631, 32.5742 ], [ -92.6735, 32.5604 ], [ -92.6719, 32.539 ], [ -92.6939, 32.5233 ], [ -92.6953, 32.5078 ], [ -92.7195, 32.5073 ], [ -92.7194, 32.5174 ], [ -92.7685, 32.541 ], [ -92.7667, 32.5469 ] ] ] } },
{ "type": "Feature", "properties": { "GEOIDFQ": "1400000US22061960500", "NAME": "9605", "NAMELSAD": "Census Tract 9605" }, "geometry": { "type": "Polygon", "coordinates": [ [ [ -92.6006, 32.5781 ], [ -92.614, 32.5435 ], [ -92.6304, 32.5312 ], [ -92.6367, 32.5314 ], [ -92.644, 32.5745 ], [ -92.6006, 32.5781 ] ] ] } },
{ "type": "Feature", "properties": { "GEOIDFQ": "1400000US22061960100", "NAME": "9601", "NAMELSAD": "Census Tract 9601" }, "geometry": { "type": "Polygon", "coordinates": [ [ [ -92.828, 32.7594 ], [ -92.8124, 32.7597 ], [ -92.5939, 32.7558 ], [ -92.585, 32.7466 ], [ -92.5673, 32.7464 ], [ -92.5482, 32.7189 ], [ -92.5358, 32.7187 ], [ -92.5419, 32.6996 ], [ -92.5646, 32.6942 ], [ -92.5784, 32.6634 ], [ -92.5915, 32.66 ], [ -92.6181, 32.6362 ], [ -92.6219, 32.5983 ], [ -92.6342, 32.5888 ], [ -92.6261, 32.5746 ], [ -92.65, 32.5742 ], [ -92.7297, 32.5748 ], [ -92.7203, 32.5981 ], [ -92.7222, 32.6546 ], [ -92.7087, 32.6893 ], [ -92.7254, 32.6925 ], [ -92.7345, 32.7028 ], [ -92.7519, 32.6982 ], [ -92.7728, 32.7023 ], [ -92.7948, 32.6949 ], [ -92.8154, 32.7126 ], [ -92.8284, 32.7147 ], [ -92.828, 32.7594 ] ] ] } },
{ "type": "Feature", "properties": { "GEOIDFQ": "1400000US22061961000", "NAME": "9610", "NAMELSAD": "Census Tract 9610" }, "geometry": { "type": "Polygon", "coordinates": [ [ [ -92.724, 32.4814 ], [ -92.7126, 32.4962 ], [ -92.7195, 32.5073 ], [ -92.6953, 32.5078 ], [ -92.6941, 32.5231 ], [ -92.6842, 32.5295 ], [ -92.6451, 32.5286 ], [ -92.6564, 32.5179 ], [ -92.6564, 32.4965 ], [ -92.6491, 32.4964 ], [ -92.6592, 32.453 ], [ -92.7258, 32.4535 ], [ -92.724, 32.4814 ] ] ] } },
{ "type": "Feature", "properties": { "GEOIDFQ": "1400000US22061960600", "NAME": "9606", "NAMELSAD": "Census Tract 9606" }, "geometry": { "type": "Polygon", "coordinates": [ [ [ -92.6379, 32.5314 ], [ -92.6224, 32.5343 ], [ -92.6147, 32.5425 ], [ -92.6006, 32.5781 ], [ -92.5617, 32.5793 ], [ -92.5548, 32.5346 ], [ -92.5426, 32.5342 ], [ -92.5388, 32.5258 ], [ -92.5447, 32.5236 ], [ -92.5412, 32.5113 ], [ -92.5491, 32.4961 ], [ -92.5854, 32.4962 ], [ -92.5926, 32.5061 ], [ -92.6173, 32.516 ], [ -92.6182, 32.5244 ], [ -92.6384, 32.5249 ], [ -92.6379, 32.5314 ] ] ] } },
{ "type": "Feature", "properties": { "GEOIDFQ": "1400000US22061960200", "NAME": "9602", "NAMELSAD": "Census Tract 9602" }, "geometry": { "type": "Polygon", "coordinates": [ [ [ -92.8807, 32.6008 ], [ -92.8665, 32.6073 ], [ -92.861, 32.6292 ], [ -92.8688, 32.678 ], [ -92.8397, 32.7097 ], [ -92.8181, 32.7137 ], [ -92.807, 32.7001 ], [ -92.7909, 32.6942 ], [ -92.7728, 32.7023 ], [ -92.7519, 32.6982 ], [ -92.7465, 32.7032 ], [ -92.7307, 32.7025 ], [ -92.7256, 32.6926 ], [ -92.7087, 32.6893 ], [ -92.7222, 32.6546 ], [ -92.7175, 32.6408 ], [ -92.7256, 32.6352 ], [ -92.7203, 32.5981 ], [ -92.7297, 32.5748 ], [ -92.7161, 32.5746 ], [ -92.72, 32.5424 ], [ -92.7667, 32.5469 ], [ -92.7685, 32.541 ], [ -92.7194, 32.5174 ], [ -92.7126, 32.4962 ], [ -92.724, 32.4814 ], [ -92.7258, 32.4535 ], [ -92.8795, 32.454 ], [ -92.8807, 32.6008 ] ] ] } },
{ "type": "Feature", "properties": { "GEOIDFQ": "1400000US22067950800", "NAME": "9508", "NAMELSAD": "Census Tract 9508" }, "geometry": { "type": "Polygon", "coordinates": [ [ [ -91.9502, 32.7754 ], [ -91.9265, 32.7745 ], [ -91.9144, 32.7802 ], [ -91.9116, 32.764 ], [ -91.8992, 32.7567 ], [ -91.9615, 32.7572 ], [ -91.9502, 32.7754 ] ] ] } },
{ "type": "Feature", "properties": { "GEOIDFQ": "1400000US22055000700", "NAME": "7", "NAMELSAD": "Census Tract 7" }, "geometry": { "type": "Polygon", "coordinates": [ [ [ -92.0721, 30.2469 ], [ -92.0362, 30.251 ], [ -92.0326, 30.2441 ], [ -92.0323, 30.2323 ], [ -92.0763, 30.2349 ], [ -92.0721, 30.2469 ] ] ] } },
{ "type": "Feature", "properties": { "GEOIDFQ": "1400000US22055001001", "NAME": "10.01", "NAMELSAD": "Census Tract 10.01" }, "geometry": { "type": "Polygon", "coordinates": [ [ [ -92.0693, 30.2644 ], [ -92.0593, 30.2746 ], [ -92.0635, 30.2978 ], [ -92.0253, 30.2956 ], [ -92.0158, 30.2594 ], [ -92.046, 30.2477 ], [ -92.0721, 30.2471 ], [ -92.0693, 30.2644 ] ] ] } },
{ "type": "Feature", "properties": { "GEOIDFQ": "1400000US22055001002", "NAME": "10.02", "NAMELSAD": "Census Tract 10.02" }, "geometry": { "type": "Polygon", "coordinates": [ [ [ -92.0073, 30.2948 ], [ -92.0076, 30.2627 ], [ -92.0158, 30.2594 ], [ -92.025, 30.2956 ], [ -92.0073, 30.2948 ] ] ] } },
{ "type": "Feature", "properties": { "GEOIDFQ": "1400000US22055001003", "NAME": "10.03", "NAMELSAD": "Census Tract 10.03" }, "geometry": { "type": "Polygon", "coordinates": [ [ [ -92.0073, 30.2948 ], [ -91.9523, 30.2928 ], [ -91.9499, 30.281 ], [ -92.0076, 30.2627 ], [ -92.0073, 30.2948 ] ] ] } },
{ "type": "Feature", "properties": { "GEOIDFQ": "1400000US22051027904", "NAME": "279.04", "NAMELSAD": "Census Tract 279.04" }, "geometry": { "type": "Polygon", "coordinates": [ [ [ -90.2113, 29.7305 ], [ -90.1411, 29.7403 ], [ -90.1286, 29.7585 ], [ -90.0911, 29.763 ], [ -90.0757, 29.7719 ], [ -90.0657, 29.7531 ], [ -90.0673, 29.7389 ], [ -90.0476, 29.7152 ], [ -90.0529, 29.7102 ], [ -90.083, 29.7181 ], [ -90.0842, 29.6944 ], [ -90.0959, 29.6748 ], [ -90.0882, 29.6432 ], [ -90.0965, 29.6425 ], [ -90.1075, 29.6533 ], [ -90.1192, 29.6467 ], [ -90.1246, 29.651 ], [ -90.1283, 29.6669 ], [ -90.1135, 29.6722 ], [ -90.1203, 29.6781 ], [ -90.1128, 29.689 ], [ -90.1173, 29.702 ], [ -90.1537, 29.6932 ], [ -90.1683, 29.6813 ], [ -90.1864, 29.6809 ], [ -90.1952, 29.6905 ], [ -90.2282, 29.692 ], [ -90.2113, 29.7305 ] ] ] } },
{ "type": "Feature", "properties": { "GEOIDFQ": "1400000US22051027903", "NAME": "279.03", "NAMELSAD": "Census Tract 279.03" }, "geometry": { "type": "Polygon", "coordinates": [ [ [ -90.1862, 29.5633 ], [ -90.1585, 29.57 ], [ -90.1646, 29.5799 ], [ -90.1513, 29.5884 ], [ -90.1563, 29.6019 ], [ -90.1512, 29.6091 ], [ -90.1577, 29.6094 ], [ -90.1612, 29.6234 ], [ -90.1558, 29.6775 ], [ -90.1683, 29.6813 ], [ -90.1537, 29.6932 ], [ -90.1172, 29.7019 ], [ -90.1128, 29.689 ], [ -90.1203, 29.6781 ], [ -90.1135, 29.6722 ], [ -90.1283, 29.6669 ], [ -90.1246, 29.651 ], [ -90.1192, 29.6467 ], [ -90.1075, 29.6533 ], [ -90.0965, 29.6425 ], [ -90.0882, 29.6432 ], [ -90.0959, 29.6748 ], [ -90.0842, 29.6944 ], [ -90.083, 29.7181 ], [ -90.0529, 29.7102 ], [ -90.0476, 29.7152 ], [ -90.0159, 29.6744 ], [ -90.0022, 29.6234 ], [ -89.9875, 29.6215 ], [ -89.98, 29.6076 ], [ -89.9812, 29.5887 ], [ -89.976, 29.588 ], [ -89.9861, 29.575 ], [ -89.9887, 29.5494 ], [ -89.9789, 29.5336 ], [ -89.9775, 29.4494 ], [ -89.9609, 29.4307 ], [ -89.9307, 29.3356 ], [ -89.9034, 29.2938 ], [ -89.9461, 29.2714 ], [ -89.9455, 29.2611 ], [ -89.9562, 29.2491 ], [ -90.0145, 29.218 ], [ -90.0481, 29.1872 ], [ -90.0887, 29.1626 ], [ -90.0864, 29.1873 ], [ -90.062, 29.2052 ], [ -90.0569, 29.2288 ], [ -90.0309, 29.2675 ], [ -90.0143, 29.2753 ], [ -89.9991, 29.2978 ], [ -90.0033, 29.3104 ], [ -90.0278, 29.3268 ], [ -90.0357, 29.3509 ], [ -90.0286, 29.3794 ], [ -90.0333, 29.3933 ], [ -90.0206, 29.4285 ], [ -90.0376, 29.4363 ], [ -90.0421, 29.4434 ], [ -90.0374, 29.4478 ], [ -90.049, 29.4615 ], [ -90.0627, 29.4592 ], [ -90.0782, 29.4661 ], [ -90.0952, 29.4614 ], [ -90.1375, 29.4772 ], [ -90.1722, 29.5412 ], [ -90.1921, 29.5531 ], [ -90.1862, 29.5633 ] ] ] } },
{ "type": "Feature", "properties": { "GEOIDFQ": "1400000US22051027816", "NAME": "278.16", "NAMELSAD": "Census Tract 278.16" }, "geometry": { "type": "Polygon", "coordinates": [ [ [ -90.0483, 29.8753 ], [ -90.0455, 29.8549 ], [ -90.0636, 29.8532 ], [ -90.0694, 29.8713 ], [ -90.0483, 29.8753 ] ] ] } },
{ "type": "Feature", "properties": { "GEOIDFQ": "1400000US22051027813", "NAME": "278.13", "NAMELSAD": "Census Tract 278.13" }, "geometry": { "type": "Polygon", "coordinates": [ [ [ -90.0226, 29.865 ], [ -90.0341, 29.8478 ], [ -90.0351, 29.8483 ], [ -90.0427, 29.8687 ], [ -90.0226, 29.865 ] ] ] } },
{ "type": "Feature", "properties": { "GEOIDFQ": "1400000US22051025005", "NAME": "250.05", "NAMELSAD": "Census Tract 250.05" }, "geometry": { "type": "Polygon", "coordinates": [ [ [ -90.0212, 29.9096 ], [ -90.008, 29.8969 ], [ -90.0155, 29.8821 ], [ -90.0144, 29.8988 ], [ -90.0226, 29.9001 ], [ -90.0212, 29.9096 ] ] ] } },
{ "type": "Feature", "properties": { "GEOIDFQ": "1400000US22051021602", "NAME": "216.02", "NAMELSAD": "Census Tract 216.02" }, "geometry": { "type": "Polygon", "coordinates": [ [ [ -90.1931, 29.9995 ], [ -90.1929, 29.9946 ], [ -90.2049, 29.9954 ], [ -90.1931, 29.9995 ] ] ] } },
{ "type": "Feature", "properties": { "GEOIDFQ": "1400000US22063040602", "NAME": "406.02", "NAMELSAD": "Census Tract 406.02" }, "geometry": { "type": "Polygon", "coordinates": [ [ [ -90.9449, 30.4787 ], [ -90.9435, 30.5014 ], [ -90.928, 30.5072 ], [ -90.9399, 30.4832 ], [ -90.9399, 30.4641 ], [ -90.9339, 30.4605 ], [ -90.9565, 30.4548 ], [ -90.9568, 30.4737 ], [ -90.9449, 30.4787 ] ] ] } },
{ "type": "Feature", "properties": { "GEOIDFQ": "1400000US22047953200", "NAME": "9532", "NAMELSAD": "Census Tract 9532" }, "geometry": { "type": "Polygon", "coordinates": [ [ [ -91.2187, 30.3112 ], [ -91.1914, 30.3165 ], [ -91.1571, 30.3138 ], [ -91.1423, 30.3199 ], [ -91.1184, 30.3125 ], [ -91.093, 30.3206 ], [ -91.0363, 30.3147 ], [ -91.0194, 30.3193 ], [ -91.0591, 30.2131 ], [ -91.1007, 30.2045 ], [ -91.1399, 30.179 ], [ -91.1603, 30.1859 ], [ -91.1648, 30.1988 ], [ -91.135, 30.2305 ], [ -91.1148, 30.2419 ], [ -91.1091, 30.2502 ], [ -91.1127, 30.2592 ], [ -91.1458, 30.2781 ], [ -91.2071, 30.2802 ], [ -91.2314, 30.2982 ], [ -91.2187, 30.3112 ] ] ] } },
{ "type": "Feature", "properties": { "GEOIDFQ": "1400000US22113950903", "NAME": "9509.03", "NAMELSAD": "Census Tract 9509.03" }, "geometry": { "type": "Polygon", "coordinates": [ [ [ -92.1259, 29.9968 ], [ -92.0915, 30.006 ], [ -92.0721, 30.0216 ], [ -92.0658, 30.0213 ], [ -92.0795, 30.0099 ], [ -92.0797, 30.0001 ], [ -92.073, 30.0019 ], [ -92.0741, 29.9646 ], [ -92.1364, 29.9841 ], [ -92.1259, 29.9968 ] ] ] } },
{ "type": "Feature", "properties": { "GEOIDFQ": "1400000US22057021902", "NAME": "219.02", "NAMELSAD": "Census Tract 219.02" }, "geometry": { "type": "Polygon", "coordinates": [ [ [ -90.7649, 29.7667 ], [ -90.7134, 29.7516 ], [ -90.6887, 29.7379 ], [ -90.6536, 29.7381 ], [ -90.6084, 29.7311 ], [ -90.6245, 29.7021 ], [ -90.6403, 29.6889 ], [ -90.7038, 29.6868 ], [ -90.7126, 29.7044 ], [ -90.7287, 29.715 ], [ -90.7273, 29.7244 ], [ -90.7452, 29.7255 ], [ -90.8049, 29.7502 ], [ -90.7649, 29.7667 ] ] ] } },
{ "type": "Feature", "properties": { "GEOIDFQ": "1400000US22057990000", "NAME": "9900", "NAMELSAD": "Census Tract 9900" }, "geometry": { "type": "Polygon", "coordinates": [ [ [ -90.4096, 29.0398 ], [ -90.3714, 29.05 ], [ -90.3526, 29.045 ], [ -90.2157, 29.0822 ], [ -90.1678, 29.1053 ], [ -90.0891, 29.1584 ], [ -90.0891, 29.0946 ], [ -90.1513, 29.0563 ], [ -90.2101, 29.0331 ], [ -90.2391, 29.0331 ], [ -90.3443, 29.0032 ], [ -90.4062, 28.9953 ], [ -90.4096, 29.0398 ] ] ] } },
{ "type": "Feature", "properties": { "GEOIDFQ": "1400000US22087030105", "NAME": "301.05", "NAMELSAD": "Census Tract 301.05" }, "geometry": { "type": "MultiPolygon", "coordinates": [ [ [ [ -89.0597, 29.7951 ], [ -89.0386, 29.8104 ], [ -89.0199, 29.8617 ], [ -88.9962, 29.8772 ], [ -88.9785, 29.8806 ], [ -88.9225, 29.9354 ], [ -88.8954, 29.9475 ], [ -88.9029, 30.0002 ], [ -88.9382, 30.0432 ], [ -88.9312, 30.0798 ], [ -88.8998, 30.1 ], [ -88.8394, 30.1016 ], [ -88.7837, 30.0267 ], [ -88.7645, 29.9719 ], [ -88.7584, 29.9183 ], [ -88.7706, 29.8301 ], [ -88.7973, 29.7597 ], [ -88.8234, 29.715 ], [ -88.8792, 29.6474 ], [ -89.0478, 29.6478 ], [ -88.9987, 29.6843 ], [ -88.9867, 29.7056 ], [ -89.0155, 29.7026 ], [ -89.0429, 29.7124 ], [ -89.0605, 29.7325 ], [ -89.0715, 29.7654 ], [ -89.0597, 29.7951 ] ] ], [ [ [ -89.785, 29.8554 ], [ -89.7785, 29.8698 ], [ -89.7822, 29.8771 ], [ -89.8702, 29.8788 ], [ -89.8813, 29.9033 ], [ -89.8414, 29.9125 ], [ -89.8367, 29.9457 ], [ -89.8208, 29.9351 ], [ -89.7987, 29.9331 ], [ -89.748, 29.9464 ], [ -89.7308, 29.9583 ], [ -89.7126, 29.946 ], [ -89.7425, 29.9355 ], [ -89.7447, 29.9126 ], [ -89.7021, 29.8744 ], [ -89.6409, 29.8631 ], [ -89.5953, 29.8814 ], [ -89.594, 29.9175 ], [ -89.572, 29.9644 ], [ -89.5796, 29.9943 ], [ -89.5562, 30.0015 ], [ -89.4965, 30.0373 ], [ -89.4979, 30.0612 ], [ -89.4751, 30.0931 ], [ -89.4802, 30.1564 ], [ -89.4723, 30.1574 ], [ -89.4595, 30.1458 ], [ -89.4246, 30.1499 ], [ -89.4145, 30.1408 ], [ -89.4275, 30.1252 ], [ -89.2415, 30.1252 ], [ -89.2052, 30.1469 ], [ -89.1935, 30.1625 ], [ -89.1846, 30.1569 ], [ -89.212, 30.1263 ], [ -89.1868, 30.1252 ], [ -89.1805, 30.1105 ], [ -89.2008, 30.0996 ], [ -89.2075, 30.0849 ], [ -89.1992, 30.0718 ], [ -89.1764, 30.0648 ], [ -89.175, 30.0478 ], [ -89.1641, 30.0391 ], [ -89.1818, 30.0285 ], [ -89.2104, 30.0256 ], [ -89.2015, 30.0027 ], [ -89.219, 29.9607 ], [ -89.1905, 29.9659 ], [ -89.1686, 29.962 ], [ -89.1658, 29.9551 ], [ -89.1914, 29.9532 ], [ -89.2022, 29.9443 ], [ -89.1905, 29.936 ], [ -89.202, 29.9223 ], [ -89.2008, 29.9108 ], [ -89.1905, 29.9052 ], [ -89.1219, 29.903 ], [ -89.1244, 29.897 ], [ -89.1688, 29.897 ], [ -89.2002, 29.8833 ], [ -89.2294, 29.8394 ], [ -89.2571, 29.7242 ], [ -89.2319, 29.6325 ], [ -89.4846, 29.6176 ], [ -89.5209, 29.6502 ], [ -89.5449, 29.6522 ], [ -89.5996, 29.6748 ], [ -89.6257, 29.6789 ], [ -89.6603, 29.7087 ], [ -89.6839, 29.716 ], [ -89.7058, 29.7531 ], [ -89.7339, 29.7586 ], [ -89.7818, 29.7566 ], [ -89.792, 29.7627 ], [ -89.7862, 29.7733 ], [ -89.8164, 29.8013 ], [ -89.8678, 29.794 ], [ -89.9042, 29.8537 ], [ -89.785, 29.8554 ] ] ] ] } },
{ "type": "Feature", "properties": { "GEOIDFQ": "1400000US22087990000", "NAME": "9900", "NAMELSAD": "Census Tract 9900" }, "geometry": { "type": "Polygon", "coordinates": [ [ [ -89.8109, 30.0448 ], [ -89.7644, 30.0421 ], [ -89.7339, 30.0223 ], [ -89.7177, 30.0253 ], [ -89.7312, 30.0488 ], [ -89.7296, 30.0602 ], [ -89.6834, 30.0761 ], [ -89.6782, 30.1083 ], [ -89.6548, 30.1202 ], [ -89.6251, 30.1535 ], [ -89.5995, 30.1404 ], [ -89.5753, 30.1398 ], [ -89.4216, 30.177 ], [ -89.261, 30.182 ], [ -89.1837, 30.2122 ], [ -89.0965, 30.1658 ], [ -88.8549, 30.1355 ], [ -88.8394, 30.1016 ], [ -88.8998, 30.1 ], [ -88.9312, 30.0798 ], [ -88.9382, 30.0432 ], [ -88.9029, 30.0002 ], [ -88.8954, 29.9475 ], [ -88.9225, 29.9354 ], [ -88.9785, 29.8806 ], [ -88.9962, 29.8772 ], [ -89.0199, 29.8617 ], [ -89.0386, 29.8104 ], [ -89.0565, 29.7984 ], [ -89.07, 29.7775 ], [ -89.0694, 29.7502 ], [ -89.0478, 29.7162 ], [ -89.0155, 29.7026 ], [ -88.9867, 29.7056 ], [ -88.9987, 29.6843 ], [ -89.0478, 29.6478 ], [ -89.1747, 29.6346 ], [ -89.2319, 29.6325 ], [ -89.2571, 29.7242 ], [ -89.2327, 29.8303 ], [ -89.2182, 29.8612 ], [ -89.2002, 29.8833 ], [ -89.1813, 29.8922 ], [ -89.1244, 29.897 ], [ -89.1219, 29.903 ], [ -89.1905, 29.9052 ], [ -89.2008, 29.9108 ], [ -89.202, 29.9223 ], [ -89.1905, 29.936 ], [ -89.2022, 29.9443 ], [ -89.1914, 29.9532 ], [ -89.1658, 29.9551 ], [ -89.1686, 29.962 ], [ -89.1905, 29.9659 ], [ -89.219, 29.9607 ], [ -89.2015, 30.0027 ], [ -89.2104, 30.0256 ], [ -89.1818, 30.0285 ], [ -89.1641, 30.0391 ], [ -89.175, 30.0478 ], [ -89.1764, 30.0648 ], [ -89.1992, 30.0718 ], [ -89.2075, 30.0849 ], [ -89.2008, 30.0996 ], [ -89.1805, 30.1105 ], [ -89.1868, 30.1252 ], [ -89.212, 30.1263 ], [ -89.1889, 30.1477 ], [ -89.1846, 30.1569 ], [ -89.1914, 30.1634 ], [ -89.2052, 30.1469 ], [ -89.2415, 30.1252 ], [ -89.4275, 30.1252 ], [ -89.4145, 30.1408 ], [ -89.4246, 30.1499 ], [ -89.4595, 30.1458 ], [ -89.4723, 30.1574 ], [ -89.4802, 30.1564 ], [ -89.4751, 30.0931 ], [ -89.4979, 30.0612 ], [ -89.4965, 30.0373 ], [ -89.5562, 30.0015 ], [ -89.5796, 29.9943 ], [ -89.572, 29.9644 ], [ -89.594, 29.9175 ], [ -89.5928, 29.8862 ], [ -89.6068, 29.8738 ], [ -89.6324, 29.8648 ], [ -89.6649, 29.8641 ], [ -89.6731, 29.8711 ], [ -89.6942, 29.8709 ], [ -89.7432, 29.9086 ], [ -89.7425, 29.9355 ], [ -89.7126, 29.946 ], [ -89.7257, 29.9577 ], [ -89.7987, 29.9331 ], [ -89.8208, 29.9351 ], [ -89.8399, 29.9454 ], [ -89.8596, 30.0041 ], [ -89.8109, 30.0448 ] ] ] } },
{ "type": "Feature", "properties": { "GEOIDFQ": "1400000US22019000200", "NAME": "2", "NAMELSAD": "Census Tract 2" }, "geometry": { "type": "Polygon", "coordinates": [ [ [ -93.2425, 30.2533 ], [ -93.2105, 30.2512 ], [ -93.2044, 30.2579 ], [ -93.2057, 30.246 ], [ -93.1931, 30.2459 ], [ -93.193, 30.2364 ], [ -93.2469, 30.2382 ], [ -93.2425, 30.2533 ] ] ] } },
{ "type": "Feature", "properties": { "GEOIDFQ": "1400000US22019003400", "NAME": "34", "NAMELSAD": "Census Tract 34" }, "geometry": { "type": "Polygon", "coordinates": [ [ [ -93.7331, 30.0884 ], [ -93.7311, 30.0895 ], [ -93.724, 30.0826 ], [ -93.7238, 30.0941 ], [ -93.7024, 30.1127 ], [ -93.708, 30.12 ], [ -93.7014, 30.1275 ], [ -93.5673, 30.1852 ], [ -93.3887, 30.216 ], [ -93.392, 30.1579 ], [ -93.3826, 30.1413 ], [ -93.4346, 30.1398 ], [ -93.4386, 30.1071 ], [ -93.4767, 30.0962 ], [ -93.5182, 30.0956 ], [ -93.5224, 30.0555 ], [ -93.5305, 30.0518 ], [ -93.7213, 30.0523 ], [ -93.7179, 30.0656 ], [ -93.708, 30.0538 ], [ -93.7002, 30.057 ], [ -93.7006, 30.0637 ], [ -93.717, 30.0696 ], [ -93.7331, 30.0884 ] ] ] } },
{ "type": "Feature", "properties": { "GEOIDFQ": "1400000US22019000800", "NAME": "8", "NAMELSAD": "Census Tract 8" }, "geometry": { "type": "Polygon", "coordinates": [ [ [ -93.2015, 30.2126 ], [ -93.2015, 30.1983 ], [ -93.2186, 30.1972 ], [ -93.2188, 30.213 ], [ -93.2015, 30.2126 ] ] ] } },
{ "type": "Feature", "properties": { "GEOIDFQ": "1400000US22019002900", "NAME": "29", "NAMELSAD": "Census Tract 29" }, "geometry": { "type": "Polygon", "coordinates": [ [ [ -93.3774, 30.2366 ], [ -93.3762, 30.2159 ], [ -93.3888, 30.216 ], [ -93.3939, 30.2348 ], [ -93.3774, 30.2366 ] ] ] } },
{ "type": "Feature", "properties": { "GEOIDFQ": "1400000US22019002204", "NAME": "22.04", "NAMELSAD": "Census Tract 22.04" }, "geometry": { "type": "Polygon", "coordinates": [ [ [ -93.2, 30.3006 ], [ -93.2003, 30.33 ], [ -93.1711, 30.3299 ], [ -93.1539, 30.3139 ], [ -93.1678, 30.3071 ], [ -93.1663, 30.2884 ], [ -93.1897, 30.2971 ], [ -93.1842, 30.2875 ], [ -93.1975, 30.2778 ], [ -93.1951, 30.267 ], [ -93.2075, 30.2682 ], [ -93.2076, 30.262 ], [ -93.2132, 30.2706 ], [ -93.2198, 30.2673 ], [ -93.2175, 30.2722 ], [ -93.2326, 30.2768 ], [ -93.2357, 30.2929 ], [ -93.2487, 30.2971 ], [ -93.2, 30.3006 ] ] ] } },
{ "type": "Feature", "properties": { "GEOIDFQ": "1400000US22019000100", "NAME": "1", "NAMELSAD": "Census Tract 1" }, "geometry": { "type": "Polygon", "coordinates": [ [ [ -93.2209, 30.2364 ], [ -93.2043, 30.2358 ], [ -93.2098, 30.219 ], [ -93.2211, 30.2237 ], [ -93.2209, 30.2364 ] ] ] } },
{ "type": "Feature", "properties": { "GEOIDFQ": "1400000US22079012000", "NAME": "120", "NAMELSAD": "Census Tract 120" }, "geometry": { "type": "Polygon", "coordinates": [ [ [ -92.4487, 31.3046 ], [ -92.4419, 31.2842 ], [ -92.4468, 31.2781 ], [ -92.4487, 31.3046 ] ] ] } },
{ "type": "Feature", "properties": { "GEOIDFQ": "1400000US22033003908", "NAME": "39.08", "NAMELSAD": "Census Tract 39.08" }, "geometry": { "type": "Polygon", "coordinates": [ [ [ -91.0243, 30.4381 ], [ -91.0245, 30.4299 ], [ -91.0142, 30.427 ], [ -91.016, 30.4085 ], [ -91.036, 30.4102 ], [ -91.0409, 30.434 ], [ -91.0243, 30.4381 ] ] ] } },
{ "type": "Feature", "properties": { "GEOIDFQ": "1400000US22033001900", "NAME": "19", "NAMELSAD": "Census Tract 19" }, "geometry": { "type": "Polygon", "coordinates": [ [ [ -91.1108, 30.4453 ], [ -91.1107, 30.433 ], [ -91.1271, 30.439 ], [ -91.1419, 30.4359 ], [ -91.1421, 30.4403 ], [ -91.1108, 30.4453 ] ] ] } },
{ "type": "Feature", "properties": { "GEOIDFQ": "1400000US22063040810", "NAME": "408.10", "NAMELSAD": "Census Tract 408.10" }, "geometry": { "type": "Polygon", "coordinates": [ [ [ -90.815, 30.3407 ], [ -90.8174, 30.3545 ], [ -90.8114, 30.3564 ], [ -90.8012, 30.3472 ], [ -90.799, 30.3343 ], [ -90.7741, 30.3155 ], [ -90.7454, 30.3379 ], [ -90.7349, 30.3394 ], [ -90.7098, 30.3399 ], [ -90.7007, 30.3345 ], [ -90.6774, 30.3387 ], [ -90.6718, 30.3251 ], [ -90.6931, 30.3179 ], [ -90.6959, 30.3081 ], [ -90.7062, 30.3037 ], [ -90.7107, 30.2851 ], [ -90.7216, 30.2846 ], [ -90.7103, 30.2693 ], [ -90.7163, 30.2597 ], [ -90.745, 30.278 ], [ -90.7557, 30.2706 ], [ -90.7567, 30.2788 ], [ -90.7809, 30.2746 ], [ -90.7982, 30.2847 ], [ -90.8109, 30.2757 ], [ -90.8133, 30.292 ], [ -90.8249, 30.2931 ], [ -90.83, 30.3133 ], [ -90.815, 30.3407 ] ] ] } },
{ "type": "Feature", "properties": { "GEOIDFQ": "1400000US22063040809", "NAME": "408.09", "NAMELSAD": "Census Tract 408.09" }, "geometry": { "type": "Polygon", "coordinates": [ [ [ -90.8542, 30.3956 ], [ -90.8146, 30.399 ], [ -90.8033, 30.3932 ], [ -90.7743, 30.3983 ], [ -90.7699, 30.3908 ], [ -90.7508, 30.3942 ], [ -90.7393, 30.404 ], [ -90.7348, 30.3394 ], [ -90.7454, 30.3379 ], [ -90.7741, 30.3155 ], [ -90.799, 30.3343 ], [ -90.8085, 30.3557 ], [ -90.8165, 30.3558 ], [ -90.8208, 30.3273 ], [ -90.8291, 30.3175 ], [ -90.8388, 30.3182 ], [ -90.8366, 30.3256 ], [ -90.8518, 30.3319 ], [ -90.8438, 30.3484 ], [ -90.8542, 30.3956 ] ] ] } },
{ "type": "Feature", "properties": { "GEOIDFQ": "1400000US22063040807", "NAME": "408.07", "NAMELSAD": "Census Tract 408.07" }, "geometry": { "type": "Polygon", "coordinates": [ [ [ -90.9024, 30.379 ], [ -90.8859, 30.3769 ], [ -90.8806, 30.3852 ], [ -90.8862, 30.3909 ], [ -90.8543, 30.3957 ], [ -90.8542, 30.3741 ], [ -90.8438, 30.3484 ], [ -90.8512, 30.3322 ], [ -90.8585, 30.3438 ], [ -90.8904, 30.344 ], [ -90.9082, 30.3568 ], [ -90.9024, 30.379 ] ] ] } },
{ "type": "Feature", "properties": { "GEOIDFQ": "1400000US22063040904", "NAME": "409.04", "NAMELSAD": "Census Tract 409.04" }, "geometry": { "type": "Polygon", "coordinates": [ [ [ -90.7142, 30.4306 ], [ -90.6378, 30.4428 ], [ -90.5627, 30.4375 ], [ -90.5203, 30.4154 ], [ -90.5105, 30.3942 ], [ -90.515, 30.3919 ], [ -90.501, 30.3842 ], [ -90.5035, 30.3624 ], [ -90.4921, 30.366 ], [ -90.4893, 30.3555 ], [ -90.5007, 30.3492 ], [ -90.5161, 30.3525 ], [ -90.515, 30.3626 ], [ -90.5361, 30.378 ], [ -90.5449, 30.3724 ], [ -90.567, 30.3733 ], [ -90.5874, 30.3607 ], [ -90.6089, 30.3754 ], [ -90.6102, 30.3703 ], [ -90.6271, 30.3678 ], [ -90.6396, 30.376 ], [ -90.6408, 30.3578 ], [ -90.6622, 30.3444 ], [ -90.7003, 30.3345 ], [ -90.7098, 30.3399 ], [ -90.7348, 30.3394 ], [ -90.7393, 30.404 ], [ -90.7142, 30.4306 ] ] ] } },
{ "type": "Feature", "properties": { "GEOIDFQ": "1400000US22063040905", "NAME": "409.05", "NAMELSAD": "Census Tract 409.05" }, "geometry": { "type": "Polygon", "coordinates": [ [ [ -90.783, 30.2747 ], [ -90.7567, 30.2788 ], [ -90.7557, 30.2706 ], [ -90.745, 30.278 ], [ -90.7163, 30.2598 ], [ -90.7103, 30.2693 ], [ -90.7216, 30.2846 ], [ -90.7107, 30.2851 ], [ -90.7062, 30.3037 ], [ -90.6873, 30.3211 ], [ -90.6713, 30.3203 ], [ -90.6501, 30.3003 ], [ -90.6269, 30.3081 ], [ -90.6181, 30.3007 ], [ -90.6141, 30.309 ], [ -90.6088, 30.3077 ], [ -90.6203, 30.295 ], [ -90.6473, 30.2946 ], [ -90.6337, 30.2722 ], [ -90.6332, 30.2642 ], [ -90.6491, 30.2611 ], [ -90.6389, 30.2513 ], [ -90.6392, 30.2386 ], [ -90.6604, 30.2255 ], [ -90.6623, 30.2121 ], [ -90.6688, 30.2153 ], [ -90.6777, 30.2089 ], [ -90.6734, 30.1975 ], [ -90.6932, 30.1752 ], [ -90.7041, 30.1867 ], [ -90.7194, 30.1898 ], [ -90.7226, 30.2065 ], [ -90.7352, 30.2124 ], [ -90.7312, 30.2209 ], [ -90.7422, 30.2359 ], [ -90.7494, 30.2414 ], [ -90.7676, 30.2396 ], [ -90.7914, 30.2655 ], [ -90.783, 30.2747 ] ] ] } },
{ "type": "Feature", "properties": { "GEOIDFQ": "1400000US22063040906", "NAME": "409.06", "NAMELSAD": "Census Tract 409.06" }, "geometry": { "type": "Polygon", "coordinates": [ [ [ -90.6755, 30.3405 ], [ -90.6408, 30.3578 ], [ -90.6396, 30.376 ], [ -90.6271, 30.3678 ], [ -90.6102, 30.3703 ], [ -90.6089, 30.3754 ], [ -90.5874, 30.3607 ], [ -90.567, 30.3733 ], [ -90.5449, 30.3724 ], [ -90.5362, 30.378 ], [ -90.515, 30.3626 ], [ -90.5144, 30.3519 ], [ -90.5007, 30.3492 ], [ -90.4791, 30.3576 ], [ -90.4737, 30.3437 ], [ -90.4847, 30.3284 ], [ -90.4823, 30.2887 ], [ -90.5161, 30.2213 ], [ -90.5574, 30.1951 ], [ -90.5814, 30.1989 ], [ -90.6012, 30.2175 ], [ -90.6118, 30.2142 ], [ -90.6341, 30.222 ], [ -90.6447, 30.2307 ], [ -90.6389, 30.2513 ], [ -90.6491, 30.2611 ], [ -90.6332, 30.2642 ], [ -90.6339, 30.273 ], [ -90.6473, 30.2946 ], [ -90.6203, 30.295 ], [ -90.6088, 30.3077 ], [ -90.6141, 30.309 ], [ -90.6181, 30.3007 ], [ -90.6269, 30.3081 ], [ -90.6502, 30.3003 ], [ -90.6773, 30.3209 ], [ -90.6718, 30.3251 ], [ -90.6755, 30.3405 ] ] ] } },
{ "type": "Feature", "properties": { "GEOIDFQ": "1400000US22063040306", "NAME": "403.06", "NAMELSAD": "Census Tract 403.06" }, "geometry": { "type": "Polygon", "coordinates": [ [ [ -90.9854, 30.5853 ], [ -90.9716, 30.5973 ], [ -90.9638, 30.5939 ], [ -90.9624, 30.6006 ], [ -90.9566, 30.5998 ], [ -90.96, 30.6055 ], [ -90.9351, 30.6076 ], [ -90.9534, 30.5852 ], [ -90.9567, 30.5408 ], [ -90.9638, 30.5317 ], [ -90.969, 30.5372 ], [ -90.9814, 30.5361 ], [ -90.973, 30.5409 ], [ -90.9713, 30.5627 ], [ -90.9881, 30.5723 ], [ -90.9854, 30.5853 ] ] ] } },
{ "type": "Feature", "properties": { "GEOIDFQ": "1400000US22063040305", "NAME": "403.05", "NAMELSAD": "Census Tract 403.05" }, "geometry": { "type": "Polygon", "coordinates": [ [ [ -90.9322, 30.6184 ], [ -90.9398, 30.6219 ], [ -90.9107, 30.6494 ], [ -90.8503, 30.6461 ], [ -90.8472, 30.6291 ], [ -90.8584, 30.6111 ], [ -90.8525, 30.5865 ], [ -90.8606, 30.5797 ], [ -90.8934, 30.5913 ], [ -90.9174, 30.587 ], [ -90.9351, 30.6076 ], [ -90.9423, 30.6075 ], [ -90.9322, 30.6184 ] ] ] } },
{ "type": "Feature", "properties": { "GEOIDFQ": "1400000US22063040102", "NAME": "401.02", "NAMELSAD": "Census Tract 401.02" }, "geometry": { "type": "Polygon", "coordinates": [ [ [ -90.567, 30.5771 ], [ -90.5669, 30.5043 ], [ -90.5882, 30.5042 ], [ -90.6295, 30.5698 ], [ -90.567, 30.5771 ] ] ] } },
{ "type": "Feature", "properties": { "GEOIDFQ": "1400000US22063040308", "NAME": "403.08", "NAMELSAD": "Census Tract 403.08" }, "geometry": { "type": "Polygon", "coordinates": [ [ [ -90.9558, 30.5702 ], [ -90.9024, 30.5916 ], [ -90.9145, 30.5686 ], [ -90.9114, 30.563 ], [ -90.9238, 30.5633 ], [ -90.9273, 30.5395 ], [ -90.9402, 30.5339 ], [ -90.9571, 30.5394 ], [ -90.9558, 30.5702 ] ] ] } },
{ "type": "Feature", "properties": { "GEOIDFQ": "1400000US22063040307", "NAME": "403.07", "NAMELSAD": "Census Tract 403.07" }, "geometry": { "type": "Polygon", "coordinates": [ [ [ -90.9483, 30.5954 ], [ -90.9347, 30.6061 ], [ -90.9174, 30.587 ], [ -90.9469, 30.5754 ], [ -90.9469, 30.5698 ], [ -90.9559, 30.5741 ], [ -90.9483, 30.5954 ] ] ] } },
{ "type": "Feature", "properties": { "GEOIDFQ": "1400000US22063040501", "NAME": "405.01", "NAMELSAD": "Census Tract 405.01" }, "geometry": { "type": "Polygon", "coordinates": [ [ [ -90.9695, 30.5372 ], [ -90.9638, 30.5317 ], [ -90.9571, 30.5392 ], [ -90.9561, 30.5282 ], [ -90.9434, 30.5162 ], [ -90.9639, 30.4975 ], [ -90.9749, 30.4972 ], [ -90.968, 30.5048 ], [ -90.9842, 30.5312 ], [ -90.9695, 30.5372 ] ] ] } },
{ "type": "Feature", "properties": { "GEOIDFQ": "1400000US22063040101", "NAME": "401.01", "NAMELSAD": "Census Tract 401.01" }, "geometry": { "type": "Polygon", "coordinates": [ [ [ -90.5669, 30.5043 ], [ -90.5669, 30.4871 ], [ -90.5566, 30.484 ], [ -90.5582, 30.4789 ], [ -90.6743, 30.4747 ], [ -90.6772, 30.5039 ], [ -90.5669, 30.5043 ] ] ] } },
{ "type": "Feature", "properties": { "GEOIDFQ": "1400000US22063040502", "NAME": "405.02", "NAMELSAD": "Census Tract 405.02" }, "geometry": { "type": "Polygon", "coordinates": [ [ [ -90.9048, 30.5382 ], [ -90.9014, 30.5261 ], [ -90.9115, 30.5075 ], [ -90.9093, 30.4983 ], [ -90.9377, 30.5095 ], [ -90.9561, 30.5282 ], [ -90.9564, 30.5371 ], [ -90.9048, 30.5382 ] ] ] } },
{ "type": "Feature", "properties": { "GEOIDFQ": "1400000US22019001901", "NAME": "19.01", "NAMELSAD": "Census Tract 19.01" }, "geometry": { "type": "Polygon", "coordinates": [ [ [ -93.2742, 30.2052 ], [ -93.2591, 30.2111 ], [ -93.2409, 30.2073 ], [ -93.2342, 30.1835 ], [ -93.2826, 30.1839 ], [ -93.2742, 30.2052 ] ] ] } },
{ "type": "Feature", "properties": { "GEOIDFQ": "1400000US22109000201", "NAME": "2.01", "NAMELSAD": "Census Tract 2.01" }, "geometry": { "type": "Polygon", "coordinates": [ [ [ -90.8042, 29.6769 ], [ -90.773, 29.6808 ], [ -90.7564, 29.6602 ], [ -90.7664, 29.6554 ], [ -90.7592, 29.6357 ], [ -90.7869, 29.6229 ], [ -90.8122, 29.6572 ], [ -90.8042, 29.6769 ] ] ] } },
{ "type": "Feature", "properties": { "GEOIDFQ": "1400000US22109000300", "NAME": "3", "NAMELSAD": "Census Tract 3" }, "geometry": { "type": "Polygon", "coordinates": [ [ [ -90.7592, 29.6357 ], [ -90.7299, 29.5907 ], [ -90.7445, 29.5974 ], [ -90.7621, 29.6294 ], [ -90.7592, 29.6357 ] ] ] } },
{ "type": "Feature", "properties": { "GEOIDFQ": "1400000US22071001747", "NAME": "17.47", "NAMELSAD": "Census Tract 17.47" }, "geometry": { "type": "Polygon", "coordinates": [ [ [ -89.9735, 30.0386 ], [ -89.9395, 30.06 ], [ -89.9396, 30.034 ], [ -89.945, 30.0296 ], [ -89.969, 30.0269 ], [ -89.9735, 30.0386 ] ] ] } },
{ "type": "Feature", "properties": { "GEOIDFQ": "1400000US22071001750", "NAME": "17.50", "NAMELSAD": "Census Tract 17.50" }, "geometry": { "type": "Polygon", "coordinates": [ [ [ -89.9103, 30.043 ], [ -89.9024, 30.0394 ], [ -89.9278, 30.0311 ], [ -89.93, 30.0369 ], [ -89.9103, 30.043 ] ] ] } },
{ "type": "Feature", "properties": { "GEOIDFQ": "1400000US22015011300", "NAME": "113", "NAMELSAD": "Census Tract 113" }, "geometry": { "type": "Polygon", "coordinates": [ [ [ -93.7308, 32.5259 ], [ -93.721, 32.5279 ], [ -93.7257, 32.5077 ], [ -93.7421, 32.5142 ], [ -93.7308, 32.5259 ] ] ] } },
{ "type": "Feature", "properties": { "GEOIDFQ": "1400000US22015010601", "NAME": "106.01", "NAMELSAD": "Census Tract 106.01" }, "geometry": { "type": "Polygon", "coordinates": [ [ [ -93.6657, 32.5571 ], [ -93.6738, 32.5483 ], [ -93.6628, 32.5426 ], [ -93.6754, 32.5267 ], [ -93.6965, 32.5213 ], [ -93.7074, 32.5353 ], [ -93.7105, 32.5569 ], [ -93.6657, 32.5571 ] ] ] } },
{ "type": "Feature", "properties": { "GEOIDFQ": "1400000US22015010900", "NAME": "109", "NAMELSAD": "Census Tract 109" }, "geometry": { "type": "Polygon", "coordinates": [ [ [ -93.6819, 32.5112 ], [ -93.689, 32.5206 ], [ -93.6769, 32.5261 ], [ -93.6542, 32.5166 ], [ -93.6277, 32.5299 ], [ -93.5327, 32.5306 ], [ -93.5313, 32.4682 ], [ -93.5947, 32.4686 ], [ -93.5982, 32.4608 ], [ -93.6172, 32.461 ], [ -93.6172, 32.4681 ], [ -93.6303, 32.4683 ], [ -93.6393, 32.4837 ], [ -93.6681, 32.4846 ], [ -93.6704, 32.4914 ], [ -93.6795, 32.4893 ], [ -93.6928, 32.5003 ], [ -93.6819, 32.5112 ] ] ] } },
{ "type": "Feature", "properties": { "GEOIDFQ": "1400000US22071007501", "NAME": "75.01", "NAMELSAD": "Census Tract 75.01" }, "geometry": { "type": "Polygon", "coordinates": [ [ [ -90.1249, 29.9758 ], [ -90.1168, 29.9712 ], [ -90.1281, 29.9619 ], [ -90.1249, 29.9758 ] ] ] } },
{ "type": "Feature", "properties": { "GEOIDFQ": "1400000US22071007502", "NAME": "75.02", "NAMELSAD": "Census Tract 75.02" }, "geometry": { "type": "Polygon", "coordinates": [ [ [ -90.1181, 29.9713 ], [ -90.1127, 29.9678 ], [ -90.1249, 29.9593 ], [ -90.1181, 29.9713 ] ] ] } },
{ "type": "Feature", "properties": { "GEOIDFQ": "1400000US22071007604", "NAME": "76.04", "NAMELSAD": "Census Tract 76.04" }, "geometry": { "type": "Polygon", "coordinates": [ [ [ -90.123, 30.0001 ], [ -90.1162, 29.9997 ], [ -90.1123, 29.9773 ], [ -90.1249, 29.9763 ], [ -90.123, 30.0001 ] ] ] } },
{ "type": "Feature", "properties": { "GEOIDFQ": "1400000US22071007605", "NAME": "76.05", "NAMELSAD": "Census Tract 76.05" }, "geometry": { "type": "Polygon", "coordinates": [ [ [ -90.1121, 29.9773 ], [ -90.1075, 29.9679 ], [ -90.1101, 29.9655 ], [ -90.1199, 29.9738 ], [ -90.1121, 29.9773 ] ] ] } },
{ "type": "Feature", "properties": { "GEOIDFQ": "1400000US22053000600", "NAME": "6", "NAMELSAD": "Census Tract 6" }, "geometry": { "type": "Polygon", "coordinates": [ [ [ -92.6847, 30.2171 ], [ -92.6845, 30.2314 ], [ -92.6728, 30.2315 ], [ -92.6549, 30.2178 ], [ -92.655, 30.2085 ], [ -92.6635, 30.2073 ], [ -92.6635, 30.2001 ], [ -92.6919, 30.2001 ], [ -92.6861, 30.2065 ], [ -92.6956, 30.215 ], [ -92.6847, 30.2171 ] ] ] } },
{ "type": "Feature", "properties": { "GEOIDFQ": "1400000US22033000900", "NAME": "9", "NAMELSAD": "Census Tract 9" }, "geometry": { "type": "Polygon", "coordinates": [ [ [ -91.1555, 30.4702 ], [ -91.1548, 30.4535 ], [ -91.1661, 30.4532 ], [ -91.1682, 30.4699 ], [ -91.1555, 30.4702 ] ] ] } },
{ "type": "Feature", "properties": { "GEOIDFQ": "1400000US22033001000", "NAME": "10", "NAMELSAD": "Census Tract 10" }, "geometry": { "type": "Polygon", "coordinates": [ [ [ -91.1396, 30.4653 ], [ -91.1392, 30.4539 ], [ -91.1548, 30.4535 ], [ -91.1554, 30.4642 ], [ -91.1396, 30.4653 ] ] ] } },
{ "type": "Feature", "properties": { "GEOIDFQ": "1400000US22033001102", "NAME": "11.02", "NAMELSAD": "Census Tract 11.02" }, "geometry": { "type": "Polygon", "coordinates": [ [ [ -91.1089, 30.4713 ], [ -91.0958, 30.4529 ], [ -91.112, 30.4518 ], [ -91.1225, 30.4709 ], [ -91.1089, 30.4713 ] ] ] } },
{ "type": "Feature", "properties": { "GEOIDFQ": "1400000US22015011124", "NAME": "111.24", "NAMELSAD": "Census Tract 111.24" }, "geometry": { "type": "Polygon", "coordinates": [ [ [ -93.6588, 32.6853 ], [ -93.6646, 32.6982 ], [ -93.6605, 32.7161 ], [ -93.655, 32.7168 ], [ -93.5932, 32.7145 ], [ -93.5725, 32.7056 ], [ -93.5457, 32.6808 ], [ -93.5806, 32.6519 ], [ -93.5828, 32.6305 ], [ -93.5944, 32.6163 ], [ -93.6139, 32.6111 ], [ -93.6162, 32.5949 ], [ -93.6354, 32.6331 ], [ -93.6537, 32.6534 ], [ -93.6668, 32.6519 ], [ -93.6729, 32.6723 ], [ -93.6588, 32.6853 ] ] ] } },
{ "type": "Feature", "properties": { "GEOIDFQ": "1400000US22019002100", "NAME": "21", "NAMELSAD": "Census Tract 21" }, "geometry": { "type": "Polygon", "coordinates": [ [ [ -93.0295, 30.2481 ], [ -92.997, 30.2502 ], [ -92.9965, 30.2166 ], [ -93.0301, 30.2181 ], [ -93.0295, 30.2481 ] ] ] } },
{ "type": "Feature", "properties": { "GEOIDFQ": "1400000US22071008200", "NAME": "82", "NAMELSAD": "Census Tract 82" }, "geometry": { "type": "Polygon", "coordinates": [ [ [ -90.0775, 29.9362 ], [ -90.0731, 29.9308 ], [ -90.076, 29.9288 ], [ -90.0775, 29.9362 ] ] ] } },
{ "type": "Feature", "properties": { "GEOIDFQ": "1400000US22071008500", "NAME": "85", "NAMELSAD": "Census Tract 85" }, "geometry": { "type": "Polygon", "coordinates": [ [ [ -90.0851, 29.943 ], [ -90.0808, 29.9391 ], [ -90.0851, 29.9361 ], [ -90.0851, 29.943 ] ] ] } },
{ "type": "Feature", "properties": { "GEOIDFQ": "1400000US22071008800", "NAME": "88", "NAMELSAD": "Census Tract 88" }, "geometry": { "type": "Polygon", "coordinates": [ [ [ -90.0792, 29.928 ], [ -90.0761, 29.9238 ], [ -90.0808, 29.9214 ], [ -90.0792, 29.928 ] ] ] } },
{ "type": "Feature", "properties": { "GEOIDFQ": "1400000US22033004602", "NAME": "46.02", "NAMELSAD": "Census Tract 46.02" }, "geometry": { "type": "Polygon", "coordinates": [ [ [ -91.145, 30.7089 ], [ -91.079, 30.7112 ], [ -91.1152, 30.6171 ], [ -91.1311, 30.6208 ], [ -91.1638, 30.6116 ], [ -91.145, 30.7089 ] ] ] } },
{ "type": "Feature", "properties": { "GEOIDFQ": "1400000US22037951502", "NAME": "9515.02", "NAMELSAD": "Census Tract 9515.02" }, "geometry": { "type": "Polygon", "coordinates": [ [ [ -91.2793, 30.7572 ], [ -91.2676, 30.7573 ], [ -91.25, 30.7857 ], [ -91.2362, 30.7906 ], [ -91.2439, 30.8027 ], [ -91.2306, 30.8105 ], [ -91.2348, 30.8248 ], [ -91.2263, 30.84 ], [ -91.1761, 30.8304 ], [ -91.1355, 30.7888 ], [ -91.119, 30.7986 ], [ -91.1237, 30.8382 ], [ -91.08, 30.8581 ], [ -91.0378, 30.8577 ], [ -91.033, 30.815 ], [ -91.0432, 30.8074 ], [ -91.0395, 30.7959 ], [ -91.0522, 30.7782 ], [ -91.044, 30.7618 ], [ -91.0586, 30.7244 ], [ -91.0534, 30.7122 ], [ -91.145, 30.7089 ], [ -91.1454, 30.7215 ], [ -91.2174, 30.7176 ], [ -91.2193, 30.7322 ], [ -91.2289, 30.7381 ], [ -91.2853, 30.7476 ], [ -91.2793, 30.7572 ] ] ] } },
{ "type": "Feature", "properties": { "GEOIDFQ": "1400000US22037951501", "NAME": "9515.01", "NAMELSAD": "Census Tract 9515.01" }, "geometry": { "type": "Polygon", "coordinates": [ [ [ -91.3118, 30.6988 ], [ -91.3112, 30.7078 ], [ -91.2919, 30.7166 ], [ -91.2967, 30.7254 ], [ -91.2861, 30.7345 ], [ -91.2853, 30.7476 ], [ -91.2289, 30.7381 ], [ -91.2193, 30.7322 ], [ -91.2174, 30.7176 ], [ -91.1433, 30.7198 ], [ -91.145, 30.7089 ], [ -91.2547, 30.7049 ], [ -91.2678, 30.6947 ], [ -91.2706, 30.6808 ], [ -91.2894, 30.678 ], [ -91.2977, 30.6495 ], [ -91.3094, 30.652 ], [ -91.3052, 30.6734 ], [ -91.3207, 30.6994 ], [ -91.3118, 30.6988 ] ] ] } },
{ "type": "Feature", "properties": { "GEOIDFQ": "1400000US22107000200", "NAME": "2", "NAMELSAD": "Census Tract 2" }, "geometry": { "type": "Polygon", "coordinates": [ [ [ -91.5692, 31.8936 ], [ -91.5432, 31.9138 ], [ -91.525, 31.9155 ], [ -91.5114, 31.93 ], [ -91.5128, 31.9541 ], [ -91.5283, 31.9608 ], [ -91.5122, 31.9754 ], [ -91.5148, 31.9854 ], [ -91.4976, 31.9913 ], [ -91.4949, 32.0031 ], [ -91.5102, 32.0213 ], [ -91.5017, 32.0664 ], [ -91.4916, 32.0704 ], [ -91.4896, 32.0914 ], [ -91.5105, 32.1 ], [ -91.5011, 32.1061 ], [ -91.5066, 32.1432 ], [ -91.4954, 32.1482 ], [ -91.4933, 32.1561 ], [ -91.4936, 32.2032 ], [ -91.3214, 32.2029 ], [ -91.3176, 32.208 ], [ -91.298, 32.1977 ], [ -91.2944, 32.1817 ], [ -91.2665, 32.1822 ], [ -91.2413, 32.1305 ], [ -91.2559, 32.0765 ], [ -91.2559, 32.0034 ], [ -91.2817, 31.9402 ], [ -91.2999, 31.9287 ], [ -91.3175, 31.9012 ], [ -91.3525, 31.8748 ], [ -91.3579, 31.8844 ], [ -91.3768, 31.8854 ], [ -91.3934, 31.8714 ], [ -91.4138, 31.8811 ], [ -91.4365, 31.8663 ], [ -91.413, 31.8381 ], [ -91.4087, 31.8179 ], [ -91.4185, 31.806 ], [ -91.4507, 31.8126 ], [ -91.4502, 31.7811 ], [ -91.4378, 31.7781 ], [ -91.4329, 31.7574 ], [ -91.4379, 31.7509 ], [ -91.5448, 31.7517 ], [ -91.5777, 31.7959 ], [ -91.5689, 31.8309 ], [ -91.5703, 31.8628 ], [ -91.5787, 31.8639 ], [ -91.5692, 31.8936 ] ] ] } },
{ "type": "Feature", "properties": { "GEOIDFQ": "1400000US22107000100", "NAME": "1", "NAMELSAD": "Census Tract 1" }, "geometry": { "type": "Polygon", "coordinates": [ [ [ -91.2993, 32.2191 ], [ -91.2871, 32.2178 ], [ -91.2706, 32.2312 ], [ -91.2677, 32.2247 ], [ -91.2518, 32.2237 ], [ -91.2348, 32.21 ], [ -91.2215, 32.2287 ], [ -91.2026, 32.2395 ], [ -91.1338, 32.2493 ], [ -91.1214, 32.2398 ], [ -91.1214, 32.213 ], [ -91.1336, 32.2134 ], [ -91.1649, 32.1957 ], [ -91.1746, 32.1573 ], [ -91.1655, 32.1343 ], [ -91.111, 32.1246 ], [ -91.0816, 32.134 ], [ -91.0308, 32.1207 ], [ -91.0352, 32.1005 ], [ -91.0811, 32.0784 ], [ -91.0809, 32.0479 ], [ -91.1037, 32.0503 ], [ -91.1357, 32.0807 ], [ -91.1574, 32.0742 ], [ -91.162, 32.0619 ], [ -91.1538, 32.0507 ], [ -91.0914, 32.0361 ], [ -91.0759, 32.0168 ], [ -91.1048, 31.9901 ], [ -91.1702, 31.9791 ], [ -91.1881, 31.9614 ], [ -91.1929, 31.935 ], [ -91.2105, 31.9444 ], [ -91.2186, 31.9342 ], [ -91.2567, 31.9758 ], [ -91.2559, 32.0765 ], [ -91.2413, 32.1305 ], [ -91.2665, 32.1822 ], [ -91.2944, 32.1817 ], [ -91.298, 32.1977 ], [ -91.3171, 32.2076 ], [ -91.2993, 32.2191 ] ] ] } },
{ "type": "Feature", "properties": { "GEOIDFQ": "1400000US22107000300", "NAME": "3", "NAMELSAD": "Census Tract 3" }, "geometry": { "type": "Polygon", "coordinates": [ [ [ -91.4507, 31.8126 ], [ -91.4185, 31.806 ], [ -91.4087, 31.8179 ], [ -91.413, 31.8381 ], [ -91.4365, 31.8663 ], [ -91.4138, 31.8811 ], [ -91.3934, 31.8714 ], [ -91.3768, 31.8854 ], [ -91.3579, 31.8844 ], [ -91.3525, 31.8748 ], [ -91.3171, 31.9016 ], [ -91.2999, 31.9287 ], [ -91.2821, 31.9397 ], [ -91.2563, 32.0024 ], [ -91.2534, 32.0035 ], [ -91.2537, 31.9701 ], [ -91.2186, 31.9342 ], [ -91.2105, 31.9444 ], [ -91.1847, 31.9351 ], [ -91.1804, 31.9184 ], [ -91.2028, 31.908 ], [ -91.2349, 31.8769 ], [ -91.2675, 31.8631 ], [ -91.2676, 31.8524 ], [ -91.245, 31.8322 ], [ -91.2602, 31.81 ], [ -91.2834, 31.8161 ], [ -91.2934, 31.8602 ], [ -91.339, 31.8508 ], [ -91.3593, 31.8002 ], [ -91.3656, 31.7608 ], [ -91.3456, 31.7585 ], [ -91.2785, 31.7721 ], [ -91.2615, 31.7655 ], [ -91.2656, 31.7521 ], [ -91.2795, 31.7448 ], [ -91.3633, 31.7486 ], [ -91.3803, 31.7333 ], [ -91.378, 31.7476 ], [ -91.3954, 31.7471 ], [ -91.3983, 31.7532 ], [ -91.4141, 31.7549 ], [ -91.4379, 31.7509 ], [ -91.4328, 31.7571 ], [ -91.4378, 31.7781 ], [ -91.4502, 31.7811 ], [ -91.4507, 31.8126 ] ] ] } },
{ "type": "Feature", "properties": { "GEOIDFQ": "1400000US22033003804", "NAME": "38.04", "NAMELSAD": "Census Tract 38.04" }, "geometry": { "type": "Polygon", "coordinates": [ [ [ -91.0967, 30.4194 ], [ -91.0804, 30.4121 ], [ -91.0928, 30.3886 ], [ -91.1081, 30.3974 ], [ -91.0967, 30.4194 ] ] ] } },
{ "type": "Feature", "properties": { "GEOIDFQ": "1400000US22091951201", "NAME": "9512.01", "NAMELSAD": "Census Tract 9512.01" }, "geometry": { "type": "Polygon", "coordinates": [ [ [ -90.8776, 30.6796 ], [ -90.8706, 30.6938 ], [ -90.8533, 30.6953 ], [ -90.8541, 30.7016 ], [ -90.8442, 30.708 ], [ -90.8493, 30.7188 ], [ -90.8391, 30.7243 ], [ -90.8504, 30.7543 ], [ -90.8404, 30.7727 ], [ -90.8448, 30.7925 ], [ -90.8279, 30.812 ], [ -90.8062, 30.8187 ], [ -90.7313, 30.8213 ], [ -90.6861, 30.831 ], [ -90.667, 30.8284 ], [ -90.6517, 30.8055 ], [ -90.6509, 30.7103 ], [ -90.6454, 30.6988 ], [ -90.652, 30.6894 ], [ -90.6436, 30.6499 ], [ -90.9122, 30.6512 ], [ -90.8776, 30.6796 ] ] ] } },
{ "type": "Feature", "properties": { "GEOIDFQ": "1400000US22033001600", "NAME": "16", "NAMELSAD": "Census Tract 16" }, "geometry": { "type": "Polygon", "coordinates": [ [ [ -91.1661, 30.4532 ], [ -91.1548, 30.4535 ], [ -91.1525, 30.44 ], [ -91.1689, 30.4412 ], [ -91.1661, 30.4532 ] ] ] } },
{ "type": "Feature", "properties": { "GEOIDFQ": "1400000US22033001800", "NAME": "18", "NAMELSAD": "Census Tract 18" }, "geometry": { "type": "Polygon", "coordinates": [ [ [ -91.112, 30.4518 ], [ -91.1118, 30.4453 ], [ -91.1385, 30.4445 ], [ -91.139, 30.4509 ], [ -91.112, 30.4518 ] ] ] } },
{ "type": "Feature", "properties": { "GEOIDFQ": "1400000US22033002000", "NAME": "20", "NAMELSAD": "Census Tract 20" }, "geometry": { "type": "Polygon", "coordinates": [ [ [ -91.0958, 30.4529 ], [ -91.0806, 30.4317 ], [ -91.1091, 30.4308 ], [ -91.1121, 30.4518 ], [ -91.0958, 30.4529 ] ] ] } },
{ "type": "Feature", "properties": { "GEOIDFQ": "1400000US22015010500", "NAME": "105", "NAMELSAD": "Census Tract 105" }, "geometry": { "type": "Polygon", "coordinates": [ [ [ -93.7105, 32.5569 ], [ -93.7079, 32.538 ], [ -93.7212, 32.5284 ], [ -93.731, 32.5586 ], [ -93.7105, 32.5569 ] ] ] } },
{ "type": "Feature", "properties": { "GEOIDFQ": "1400000US22015010702", "NAME": "107.02", "NAMELSAD": "Census Tract 107.02" }, "geometry": { "type": "Polygon", "coordinates": [ [ [ -93.6884, 32.5163 ], [ -93.6822, 32.5107 ], [ -93.6905, 32.5004 ], [ -93.7044, 32.509 ], [ -93.6884, 32.5163 ] ] ] } },
{ "type": "Feature", "properties": { "GEOIDFQ": "1400000US22015010400", "NAME": "104", "NAMELSAD": "Census Tract 104" }, "geometry": { "type": "Polygon", "coordinates": [ [ [ -93.7553, 32.5376 ], [ -93.7443, 32.5465 ], [ -93.7386, 32.5334 ], [ -93.7296, 32.5334 ], [ -93.7404, 32.5509 ], [ -93.7313, 32.5517 ], [ -93.721, 32.5279 ], [ -93.7428, 32.5143 ], [ -93.7456, 32.5328 ], [ -93.7529, 32.5282 ], [ -93.7677, 32.5398 ], [ -93.7553, 32.5376 ] ] ] } },
{ "type": "Feature", "properties": { "GEOIDFQ": "1400000US22015010602", "NAME": "106.02", "NAMELSAD": "Census Tract 106.02" }, "geometry": { "type": "Polygon", "coordinates": [ [ [ -93.7079, 32.538 ], [ -93.6965, 32.5213 ], [ -93.7195, 32.5158 ], [ -93.7212, 32.5301 ], [ -93.7079, 32.538 ] ] ] } },
{ "type": "Feature", "properties": { "GEOIDFQ": "1400000US22015010701", "NAME": "107.01", "NAMELSAD": "Census Tract 107.01" }, "geometry": { "type": "Polygon", "coordinates": [ [ [ -93.6793, 32.5263 ], [ -93.6763, 32.5265 ], [ -93.6892, 32.52 ], [ -93.6822, 32.5107 ], [ -93.6884, 32.5163 ], [ -93.7045, 32.509 ], [ -93.7191, 32.5158 ], [ -93.6793, 32.5263 ] ] ] } },
{ "type": "Feature", "properties": { "GEOIDFQ": "1400000US22039950301", "NAME": "9503.01", "NAMELSAD": "Census Tract 9503.01" }, "geometry": { "type": "Polygon", "coordinates": [ [ [ -92.5374, 30.6703 ], [ -92.5266, 30.6694 ], [ -92.5228, 30.6804 ], [ -92.4891, 30.7013 ], [ -92.4527, 30.7051 ], [ -92.4461, 30.7275 ], [ -92.4283, 30.7329 ], [ -92.4265, 30.6276 ], [ -92.4321, 30.5972 ], [ -92.4838, 30.6121 ], [ -92.5197, 30.6119 ], [ -92.5298, 30.6056 ], [ -92.544, 30.6095 ], [ -92.5518, 30.6386 ], [ -92.5374, 30.6703 ] ] ] } },
{ "type": "Feature", "properties": { "GEOIDFQ": "1400000US22039950302", "NAME": "9503.02", "NAMELSAD": "Census Tract 9503.02" }, "geometry": { "type": "Polygon", "coordinates": [ [ [ -92.6141, 30.5065 ], [ -92.6233, 30.5195 ], [ -92.5994, 30.5352 ], [ -92.5943, 30.5573 ], [ -92.5834, 30.5629 ], [ -92.5975, 30.5817 ], [ -92.5982, 30.6264 ], [ -92.5651, 30.6265 ], [ -92.5495, 30.6352 ], [ -92.544, 30.6095 ], [ -92.5298, 30.6056 ], [ -92.5197, 30.6119 ], [ -92.4838, 30.6121 ], [ -92.4321, 30.5972 ], [ -92.4245, 30.5368 ], [ -92.4589, 30.5279 ], [ -92.4644, 30.4951 ], [ -92.4781, 30.4951 ], [ -92.4933, 30.4805 ], [ -92.6338, 30.4833 ], [ -92.6141, 30.5065 ] ] ] } },
{ "type": "Feature", "properties": { "GEOIDFQ": "1400000US22001960503", "NAME": "9605.03", "NAMELSAD": "Census Tract 9605.03" }, "geometry": { "type": "Polygon", "coordinates": [ [ [ -92.3187, 30.3015 ], [ -92.296, 30.3126 ], [ -92.2987, 30.355 ], [ -92.1931, 30.3464 ], [ -92.211, 30.3005 ], [ -92.23, 30.3059 ], [ -92.2391, 30.2968 ], [ -92.2507, 30.2989 ], [ -92.276, 30.2598 ], [ -92.3226, 30.2639 ], [ -92.3248, 30.2857 ], [ -92.3407, 30.2884 ], [ -92.3436, 30.3015 ], [ -92.3187, 30.3015 ] ] ] } },
{ "type": "Feature", "properties": { "GEOIDFQ": "1400000US22015011120", "NAME": "111.20", "NAMELSAD": "Census Tract 111.20" }, "geometry": { "type": "Polygon", "coordinates": [ [ [ -93.7389, 32.5763 ], [ -93.7141, 32.5757 ], [ -93.7105, 32.5569 ], [ -93.731, 32.5586 ], [ -93.7247, 32.5429 ], [ -93.7313, 32.5517 ], [ -93.7595, 32.5482 ], [ -93.7668, 32.5556 ], [ -93.7389, 32.5763 ] ] ] } },
{ "type": "Feature", "properties": { "GEOIDFQ": "1400000US22015011201", "NAME": "112.01", "NAMELSAD": "Census Tract 112.01" }, "geometry": { "type": "Polygon", "coordinates": [ [ [ -93.8266, 32.9667 ], [ -93.8091, 32.9614 ], [ -93.8004, 32.9667 ], [ -93.8043, 32.9739 ], [ -93.8232, 32.9677 ], [ -93.8175, 32.9766 ], [ -93.8205, 32.9893 ], [ -93.8103, 32.9993 ], [ -93.8237, 33.0121 ], [ -93.8146, 33.0193 ], [ -93.6749, 33.0194 ], [ -93.6916, 32.9338 ], [ -93.6647, 32.9029 ], [ -93.6536, 32.899 ], [ -93.6501, 32.8818 ], [ -93.6397, 32.8654 ], [ -93.6328, 32.8699 ], [ -93.6314, 32.8573 ], [ -93.6349, 32.8482 ], [ -93.6646, 32.8301 ], [ -93.6539, 32.8253 ], [ -93.6538, 32.8053 ], [ -93.671, 32.7879 ], [ -93.6684, 32.7605 ], [ -93.6787, 32.7535 ], [ -93.6814, 32.7109 ], [ -93.6968, 32.7022 ], [ -93.7283, 32.6952 ], [ -93.7271, 32.7026 ], [ -93.738, 32.7148 ], [ -93.7604, 32.701 ], [ -93.7557, 32.6878 ], [ -93.7867, 32.6873 ], [ -93.7821, 32.7122 ], [ -93.7871, 32.7246 ], [ -93.8026, 32.7262 ], [ -93.8191, 32.7109 ], [ -93.8246, 32.713 ], [ -93.8238, 32.7344 ], [ -93.7851, 32.7694 ], [ -93.7836, 32.7861 ], [ -93.791, 32.7981 ], [ -93.8014, 32.7985 ], [ -93.8168, 32.7823 ], [ -93.8243, 32.792 ], [ -93.7933, 32.8143 ], [ -93.7852, 32.8574 ], [ -93.7899, 32.8615 ], [ -93.8002, 32.8468 ], [ -93.8149, 32.8517 ], [ -93.8002, 32.8693 ], [ -93.8191, 32.8817 ], [ -93.8215, 32.9005 ], [ -93.802, 32.9318 ], [ -93.8141, 32.9426 ], [ -93.8452, 32.9504 ], [ -93.8266, 32.9667 ] ] ] } },
{ "type": "Feature", "properties": { "GEOIDFQ": "1400000US22015011202", "NAME": "112.02", "NAMELSAD": "Census Tract 112.02" }, "geometry": { "type": "Polygon", "coordinates": [ [ [ -93.6749, 33.0194 ], [ -93.521, 33.0186 ], [ -93.5163, 33.0027 ], [ -93.5305, 32.9832 ], [ -93.526, 32.9764 ], [ -93.5308, 32.9678 ], [ -93.5194, 32.9649 ], [ -93.5137, 32.9403 ], [ -93.4965, 32.9281 ], [ -93.4976, 32.9225 ], [ -93.4808, 32.9272 ], [ -93.4788, 32.9193 ], [ -93.4694, 32.9175 ], [ -93.4695, 32.9046 ], [ -93.4827, 32.904 ], [ -93.4812, 32.8912 ], [ -93.4655, 32.8792 ], [ -93.464, 32.8685 ], [ -93.4483, 32.8677 ], [ -93.4567, 32.8628 ], [ -93.4548, 32.851 ], [ -93.4676, 32.8482 ], [ -93.454, 32.8216 ], [ -93.4603, 32.814 ], [ -93.4814, 32.8234 ], [ -93.5132, 32.8233 ], [ -93.525, 32.8159 ], [ -93.5351, 32.7943 ], [ -93.5497, 32.7972 ], [ -93.5493, 32.75 ], [ -93.5855, 32.7336 ], [ -93.5933, 32.7145 ], [ -93.6537, 32.7169 ], [ -93.6814, 32.7109 ], [ -93.6787, 32.7535 ], [ -93.6684, 32.7605 ], [ -93.671, 32.7879 ], [ -93.6538, 32.8053 ], [ -93.6539, 32.8253 ], [ -93.6646, 32.8301 ], [ -93.6349, 32.8482 ], [ -93.6311, 32.8618 ], [ -93.6328, 32.8699 ], [ -93.6397, 32.8654 ], [ -93.6501, 32.8818 ], [ -93.6536, 32.899 ], [ -93.6647, 32.9029 ], [ -93.6916, 32.9338 ], [ -93.6749, 33.0194 ] ] ] } },
{ "type": "Feature", "properties": { "GEOIDFQ": "1400000US22015011003", "NAME": "110.03", "NAMELSAD": "Census Tract 110.03" }, "geometry": { "type": "Polygon", "coordinates": [ [ [ -93.6404, 32.447 ], [ -93.6334, 32.4757 ], [ -93.6303, 32.4683 ], [ -93.6172, 32.4681 ], [ -93.6172, 32.461 ], [ -93.5982, 32.4608 ], [ -93.5947, 32.4686 ], [ -93.5849, 32.4686 ], [ -93.5818, 32.451 ], [ -93.5906, 32.4431 ], [ -93.5817, 32.429 ], [ -93.5842, 32.4048 ], [ -93.5946, 32.4069 ], [ -93.6099, 32.397 ], [ -93.6574, 32.4543 ], [ -93.6404, 32.447 ] ] ] } },
{ "type": "Feature", "properties": { "GEOIDFQ": "1400000US22015010808", "NAME": "108.08", "NAMELSAD": "Census Tract 108.08" }, "geometry": { "type": "Polygon", "coordinates": [ [ [ -93.6549, 32.4785 ], [ -93.643, 32.4844 ], [ -93.6334, 32.4757 ], [ -93.6373, 32.4682 ], [ -93.6451, 32.4717 ], [ -93.6642, 32.4628 ], [ -93.6771, 32.4796 ], [ -93.6549, 32.4785 ] ] ] } },
{ "type": "Feature", "properties": { "GEOIDFQ": "1400000US22015011111", "NAME": "111.11", "NAMELSAD": "Census Tract 111.11" }, "geometry": { "type": "Polygon", "coordinates": [ [ [ -93.5678, 32.603 ], [ -93.5302, 32.6168 ], [ -93.5305, 32.6265 ], [ -93.515, 32.6349 ], [ -93.515, 32.6451 ], [ -93.4455, 32.6441 ], [ -93.4462, 32.5355 ], [ -93.4701, 32.5346 ], [ -93.4782, 32.5463 ], [ -93.5151, 32.5453 ], [ -93.5151, 32.5631 ], [ -93.5715, 32.556 ], [ -93.5759, 32.5863 ], [ -93.5678, 32.603 ] ] ] } },
{ "type": "Feature", "properties": { "GEOIDFQ": "1400000US22015011113", "NAME": "111.13", "NAMELSAD": "Census Tract 111.13" }, "geometry": { "type": "Polygon", "coordinates": [ [ [ -93.5607, 32.5559 ], [ -93.5151, 32.5631 ], [ -93.5151, 32.5491 ], [ -93.5372, 32.5417 ], [ -93.5299, 32.5304 ], [ -93.6096, 32.5315 ], [ -93.6246, 32.5542 ], [ -93.5607, 32.5559 ] ] ] } },
{ "type": "Feature", "properties": { "GEOIDFQ": "1400000US22015011114", "NAME": "111.14", "NAMELSAD": "Census Tract 111.14" }, "geometry": { "type": "Polygon", "coordinates": [ [ [ -93.608, 32.5667 ], [ -93.5971, 32.5862 ], [ -93.5719, 32.5862 ], [ -93.5715, 32.556 ], [ -93.6206, 32.5563 ], [ -93.63, 32.55 ], [ -93.6372, 32.5575 ], [ -93.608, 32.5667 ] ] ] } },
{ "type": "Feature", "properties": { "GEOIDFQ": "1400000US22015011116", "NAME": "111.16", "NAMELSAD": "Census Tract 111.16" }, "geometry": { "type": "Polygon", "coordinates": [ [ [ -93.7867, 32.6873 ], [ -93.7554, 32.6879 ], [ -93.7478, 32.6626 ], [ -93.7461, 32.6788 ], [ -93.7248, 32.6816 ], [ -93.7333, 32.6909 ], [ -93.7057, 32.7009 ], [ -93.7055, 32.6952 ], [ -93.6927, 32.6951 ], [ -93.6884, 32.6888 ], [ -93.6952, 32.643 ], [ -93.7137, 32.6354 ], [ -93.7141, 32.6295 ], [ -93.7439, 32.63 ], [ -93.7379, 32.6121 ], [ -93.7508, 32.6102 ], [ -93.7568, 32.6367 ], [ -93.7782, 32.6371 ], [ -93.7879, 32.6432 ], [ -93.7644, 32.6411 ], [ -93.7769, 32.6581 ], [ -93.7589, 32.6637 ], [ -93.7555, 32.672 ], [ -93.7702, 32.6775 ], [ -93.7853, 32.6667 ], [ -93.7867, 32.6873 ] ] ] } },
{ "type": "Feature", "properties": { "GEOIDFQ": "1400000US22015011121", "NAME": "111.21", "NAMELSAD": "Census Tract 111.21" }, "geometry": { "type": "Polygon", "coordinates": [ [ [ -93.6605, 32.7161 ], [ -93.6647, 32.6973 ], [ -93.6581, 32.6878 ], [ -93.6729, 32.6723 ], [ -93.6668, 32.6519 ], [ -93.6726, 32.6463 ], [ -93.6934, 32.6479 ], [ -93.6884, 32.6888 ], [ -93.6927, 32.6951 ], [ -93.7055, 32.6952 ], [ -93.7057, 32.7009 ], [ -93.6605, 32.7161 ] ] ] } },
{ "type": "Feature", "properties": { "GEOIDFQ": "1400000US22015011115", "NAME": "111.15", "NAMELSAD": "Census Tract 111.15" }, "geometry": { "type": "Polygon", "coordinates": [ [ [ -93.6139, 32.6111 ], [ -93.5883, 32.6224 ], [ -93.5806, 32.6519 ], [ -93.5458, 32.6802 ], [ -93.5725, 32.7056 ], [ -93.5933, 32.7146 ], [ -93.5855, 32.7336 ], [ -93.5493, 32.75 ], [ -93.5497, 32.7972 ], [ -93.5351, 32.7943 ], [ -93.525, 32.8159 ], [ -93.5128, 32.8233 ], [ -93.4814, 32.8234 ], [ -93.4603, 32.814 ], [ -93.4712, 32.8119 ], [ -93.4597, 32.8061 ], [ -93.4742, 32.786 ], [ -93.4651, 32.7724 ], [ -93.4697, 32.7612 ], [ -93.4449, 32.7614 ], [ -93.4455, 32.6441 ], [ -93.515, 32.6451 ], [ -93.515, 32.6349 ], [ -93.5305, 32.6265 ], [ -93.5302, 32.6168 ], [ -93.5678, 32.603 ], [ -93.576, 32.5862 ], [ -93.5971, 32.5862 ], [ -93.5955, 32.6001 ], [ -93.5759, 32.6199 ], [ -93.5974, 32.6124 ], [ -93.6116, 32.5934 ], [ -93.6178, 32.6037 ], [ -93.6139, 32.6111 ] ] ] } },
{ "type": "Feature", "properties": { "GEOIDFQ": "1400000US22015011118", "NAME": "111.18", "NAMELSAD": "Census Tract 111.18" }, "geometry": { "type": "Polygon", "coordinates": [ [ [ -93.6623, 32.5453 ], [ -93.673, 32.5496 ], [ -93.6372, 32.5575 ], [ -93.63, 32.55 ], [ -93.6246, 32.5542 ], [ -93.6193, 32.55 ], [ -93.6198, 32.5409 ], [ -93.6096, 32.5315 ], [ -93.6291, 32.5294 ], [ -93.6542, 32.5166 ], [ -93.6764, 32.5261 ], [ -93.6623, 32.5453 ] ] ] } },
{ "type": "Feature", "properties": { "GEOIDFQ": "1400000US22015011117", "NAME": "111.17", "NAMELSAD": "Census Tract 111.17" }, "geometry": { "type": "Polygon", "coordinates": [ [ [ -93.6722, 32.5904 ], [ -93.662, 32.586 ], [ -93.6539, 32.5937 ], [ -93.649, 32.583 ], [ -93.6389, 32.5793 ], [ -93.6358, 32.5876 ], [ -93.6289, 32.5878 ], [ -93.6347, 32.5696 ], [ -93.6267, 32.5618 ], [ -93.6344, 32.558 ], [ -93.6658, 32.5527 ], [ -93.6657, 32.5571 ], [ -93.6784, 32.5575 ], [ -93.6722, 32.5904 ] ] ] } },
{ "type": "Feature", "properties": { "GEOIDFQ": "1400000US22017022900", "NAME": "229", "NAMELSAD": "Census Tract 229" }, "geometry": { "type": "Polygon", "coordinates": [ [ [ -93.6986, 32.4929 ], [ -93.7005, 32.4787 ], [ -93.691, 32.4733 ], [ -93.6899, 32.463 ], [ -93.6823, 32.4645 ], [ -93.7014, 32.4461 ], [ -93.6982, 32.4556 ], [ -93.7075, 32.4567 ], [ -93.7168, 32.4781 ], [ -93.6986, 32.4929 ] ] ] } },
{ "type": "Feature", "properties": { "GEOIDFQ": "1400000US22015010807", "NAME": "108.07", "NAMELSAD": "Census Tract 108.07" }, "geometry": { "type": "Polygon", "coordinates": [ [ [ -93.6451, 32.4717 ], [ -93.6373, 32.4682 ], [ -93.6404, 32.447 ], [ -93.6641, 32.4628 ], [ -93.6451, 32.4717 ] ] ] } },
{ "type": "Feature", "properties": { "GEOIDFQ": "1400000US22015011004", "NAME": "110.04", "NAMELSAD": "Census Tract 110.04" }, "geometry": { "type": "Polygon", "coordinates": [ [ [ -93.5946, 32.4069 ], [ -93.5841, 32.4049 ], [ -93.5817, 32.429 ], [ -93.5906, 32.4431 ], [ -93.5818, 32.451 ], [ -93.5849, 32.4686 ], [ -93.5313, 32.4682 ], [ -93.5329, 32.5061 ], [ -93.5277, 32.5129 ], [ -93.5147, 32.5128 ], [ -93.5097, 32.4967 ], [ -93.4688, 32.4978 ], [ -93.4411, 32.4836 ], [ -93.4414, 32.4276 ], [ -93.5077, 32.4264 ], [ -93.5576, 32.3973 ], [ -93.5963, 32.3866 ], [ -93.6099, 32.397 ], [ -93.5946, 32.4069 ] ] ] } },
{ "type": "Feature", "properties": { "GEOIDFQ": "1400000US22015011112", "NAME": "111.12", "NAMELSAD": "Census Tract 111.12" }, "geometry": { "type": "Polygon", "coordinates": [ [ [ -93.5151, 32.5491 ], [ -93.4782, 32.5463 ], [ -93.4698, 32.5345 ], [ -93.4462, 32.5355 ], [ -93.4411, 32.4836 ], [ -93.4688, 32.4978 ], [ -93.5097, 32.4967 ], [ -93.5147, 32.5128 ], [ -93.5277, 32.5129 ], [ -93.5329, 32.5061 ], [ -93.5284, 32.533 ], [ -93.5372, 32.5417 ], [ -93.5151, 32.5491 ] ] ] } },
{ "type": "Feature", "properties": { "GEOIDFQ": "1400000US22017022300", "NAME": "223", "NAMELSAD": "Census Tract 223" }, "geometry": { "type": "Polygon", "coordinates": [ [ [ -93.7972, 32.4859 ], [ -93.7802, 32.4855 ], [ -93.7801, 32.471 ], [ -93.7973, 32.4722 ], [ -93.7972, 32.4859 ] ] ] } },
{ "type": "Feature", "properties": { "GEOIDFQ": "1400000US22017022400", "NAME": "224", "NAMELSAD": "Census Tract 224" }, "geometry": { "type": "Polygon", "coordinates": [ [ [ -93.7973, 32.471 ], [ -93.7734, 32.4709 ], [ -93.7771, 32.4565 ], [ -93.7974, 32.4567 ], [ -93.7973, 32.471 ] ] ] } },
{ "type": "Feature", "properties": { "GEOIDFQ": "1400000US22017022500", "NAME": "225", "NAMELSAD": "Census Tract 225" }, "geometry": { "type": "Polygon", "coordinates": [ [ [ -93.7734, 32.4709 ], [ -93.7557, 32.4692 ], [ -93.7573, 32.4556 ], [ -93.777, 32.4568 ], [ -93.7734, 32.4709 ] ] ] } },
{ "type": "Feature", "properties": { "GEOIDFQ": "1400000US22017022600", "NAME": "226", "NAMELSAD": "Census Tract 226" }, "geometry": { "type": "Polygon", "coordinates": [ [ [ -93.7557, 32.4692 ], [ -93.7374, 32.4706 ], [ -93.7346, 32.4547 ], [ -93.7573, 32.4557 ], [ -93.7557, 32.4692 ] ] ] } },
{ "type": "Feature", "properties": { "GEOIDFQ": "1400000US22017022700", "NAME": "227", "NAMELSAD": "Census Tract 227" }, "geometry": { "type": "Polygon", "coordinates": [ [ [ -93.7358, 32.4671 ], [ -93.7222, 32.4722 ], [ -93.7222, 32.4567 ], [ -93.7365, 32.4619 ], [ -93.7358, 32.4671 ] ] ] } },
{ "type": "Feature", "properties": { "GEOIDFQ": "1400000US22017022800", "NAME": "228", "NAMELSAD": "Census Tract 228" }, "geometry": { "type": "Polygon", "coordinates": [ [ [ -93.7084, 32.469 ], [ -93.7075, 32.4567 ], [ -93.7222, 32.4567 ], [ -93.7223, 32.4803 ], [ -93.7084, 32.469 ] ] ] } },
{ "type": "Feature", "properties": { "GEOIDFQ": "1400000US22071000601", "NAME": "6.01", "NAMELSAD": "Census Tract 6.01" }, "geometry": { "type": "Polygon", "coordinates": [ [ [ -90.0435, 29.9369 ], [ -90.0412, 29.9376 ], [ -90.0395, 29.9269 ], [ -90.0435, 29.9369 ] ] ] } },
{ "type": "Feature", "properties": { "GEOIDFQ": "1400000US22017023000", "NAME": "230", "NAMELSAD": "Census Tract 230" }, "geometry": { "type": "Polygon", "coordinates": [ [ [ -93.7338, 32.4576 ], [ -93.6982, 32.4556 ], [ -93.7113, 32.4435 ], [ -93.7307, 32.4434 ], [ -93.7338, 32.4576 ] ] ] } },
{ "type": "Feature", "properties": { "GEOIDFQ": "1400000US22071000604", "NAME": "6.04", "NAMELSAD": "Census Tract 6.04" }, "geometry": { "type": "Polygon", "coordinates": [ [ [ -90.0273, 29.9426 ], [ -90.0146, 29.937 ], [ -90.0149, 29.9218 ], [ -90.0279, 29.9342 ], [ -90.0273, 29.9426 ] ] ] } },
{ "type": "Feature", "properties": { "GEOIDFQ": "1400000US22071009600", "NAME": "96", "NAMELSAD": "Census Tract 96" }, "geometry": { "type": "Polygon", "coordinates": [ [ [ -90.0877, 29.9234 ], [ -90.0853, 29.9186 ], [ -90.0931, 29.9178 ], [ -90.0877, 29.9234 ] ] ] } },
{ "type": "Feature", "properties": { "GEOIDFQ": "1400000US22071004401", "NAME": "44.01", "NAMELSAD": "Census Tract 44.01" }, "geometry": { "type": "Polygon", "coordinates": [ [ [ -90.0808, 29.973 ], [ -90.0711, 29.9663 ], [ -90.0729, 29.9642 ], [ -90.0843, 29.9688 ], [ -90.0808, 29.973 ] ] ] } },
{ "type": "Feature", "properties": { "GEOIDFQ": "1400000US22071000200", "NAME": "2", "NAMELSAD": "Census Tract 2" }, "geometry": { "type": "Polygon", "coordinates": [ [ [ -90.0452, 29.9486 ], [ -90.0454, 29.9454 ], [ -90.0541, 29.9409 ], [ -90.0586, 29.9476 ], [ -90.0452, 29.9486 ] ] ] } },
{ "type": "Feature", "properties": { "GEOIDFQ": "1400000US22071000300", "NAME": "3", "NAMELSAD": "Census Tract 3" }, "geometry": { "type": "Polygon", "coordinates": [ [ [ -90.0454, 29.9454 ], [ -90.0465, 29.9349 ], [ -90.0478, 29.9348 ], [ -90.0541, 29.941 ], [ -90.0454, 29.9454 ] ] ] } },
{ "type": "Feature", "properties": { "GEOIDFQ": "1400000US22071000400", "NAME": "4", "NAMELSAD": "Census Tract 4" }, "geometry": { "type": "Polygon", "coordinates": [ [ [ -90.0454, 29.9581 ], [ -90.0381, 29.9567 ], [ -90.0375, 29.9376 ], [ -90.044, 29.9311 ], [ -90.0454, 29.9581 ] ] ] } },
{ "type": "Feature", "properties": { "GEOIDFQ": "1400000US22071005602", "NAME": "56.02", "NAMELSAD": "Census Tract 56.02" }, "geometry": { "type": "Polygon", "coordinates": [ [ [ -90.1065, 30.0196 ], [ -90.0985, 30.0189 ], [ -90.1003, 30.004 ], [ -90.108, 30.0068 ], [ -90.1065, 30.0196 ] ] ] } },
{ "type": "Feature", "properties": { "GEOIDFQ": "1400000US22071000603", "NAME": "6.03", "NAMELSAD": "Census Tract 6.03" }, "geometry": { "type": "Polygon", "coordinates": [ [ [ -90.0276, 29.9333 ], [ -90.0217, 29.9339 ], [ -90.0222, 29.9257 ], [ -90.0309, 29.929 ], [ -90.0276, 29.9333 ] ] ] } },
{ "type": "Feature", "properties": { "GEOIDFQ": "1400000US22051024400", "NAME": "244", "NAMELSAD": "Census Tract 244" }, "geometry": { "type": "Polygon", "coordinates": [ [ [ -90.1608, 29.9705 ], [ -90.1611, 29.9631 ], [ -90.1718, 29.9596 ], [ -90.1739, 29.9714 ], [ -90.1608, 29.9705 ] ] ] } },
{ "type": "Feature", "properties": { "GEOIDFQ": "1400000US22051024700", "NAME": "247", "NAMELSAD": "Census Tract 247" }, "geometry": { "type": "Polygon", "coordinates": [ [ [ -90.1521, 29.9699 ], [ -90.1454, 29.9695 ], [ -90.1507, 29.9561 ], [ -90.1572, 29.9539 ], [ -90.1521, 29.9699 ] ] ] } },
{ "type": "Feature", "properties": { "GEOIDFQ": "1400000US22051024900", "NAME": "249", "NAMELSAD": "Census Tract 249" }, "geometry": { "type": "Polygon", "coordinates": [ [ [ -90.1454, 29.9695 ], [ -90.1277, 29.9683 ], [ -90.1401, 29.9479 ], [ -90.1495, 29.9595 ], [ -90.1454, 29.9695 ] ] ] } },
{ "type": "Feature", "properties": { "GEOIDFQ": "1400000US22051025002", "NAME": "250.02", "NAMELSAD": "Census Tract 250.02" }, "geometry": { "type": "Polygon", "coordinates": [ [ [ -90.0212, 29.9096 ], [ -90.0224, 29.9035 ], [ -90.0302, 29.9039 ], [ -90.0394, 29.926 ], [ -90.0212, 29.9096 ] ] ] } },
{ "type": "Feature", "properties": { "GEOIDFQ": "1400000US22051025102", "NAME": "251.02", "NAMELSAD": "Census Tract 251.02" }, "geometry": { "type": "Polygon", "coordinates": [ [ [ -90.0416, 29.8999 ], [ -90.0334, 29.8934 ], [ -90.0367, 29.8666 ], [ -90.0427, 29.8688 ], [ -90.0416, 29.8999 ] ] ] } },
{ "type": "Feature", "properties": { "GEOIDFQ": "1400000US22051025103", "NAME": "251.03", "NAMELSAD": "Census Tract 251.03" }, "geometry": { "type": "Polygon", "coordinates": [ [ [ -90.0334, 29.8934 ], [ -90.0176, 29.8787 ], [ -90.0201, 29.8734 ], [ -90.0342, 29.8794 ], [ -90.0334, 29.8934 ] ] ] } },
{ "type": "Feature", "properties": { "GEOIDFQ": "1400000US22071006000", "NAME": "60", "NAMELSAD": "Census Tract 60" }, "geometry": { "type": "Polygon", "coordinates": [ [ [ -90.0906, 29.9617 ], [ -90.0796, 29.9567 ], [ -90.0852, 29.9504 ], [ -90.0941, 29.9578 ], [ -90.0906, 29.9617 ] ] ] } },
{ "type": "Feature", "properties": { "GEOIDFQ": "1400000US22071006300", "NAME": "63", "NAMELSAD": "Census Tract 63" }, "geometry": { "type": "Polygon", "coordinates": [ [ [ -90.0939, 29.9699 ], [ -90.0874, 29.9654 ], [ -90.0904, 29.962 ], [ -90.0939, 29.9699 ] ] ] } },
{ "type": "Feature", "properties": { "GEOIDFQ": "1400000US22071006500", "NAME": "65", "NAMELSAD": "Census Tract 65" }, "geometry": { "type": "Polygon", "coordinates": [ [ [ -90.1006, 29.9744 ], [ -90.1057, 29.9697 ], [ -90.1101, 29.9718 ], [ -90.1138, 29.9811 ], [ -90.1006, 29.9744 ] ] ] } },
{ "type": "Feature", "properties": { "GEOIDFQ": "1400000US22071008400", "NAME": "84", "NAMELSAD": "Census Tract 84" }, "geometry": { "type": "Polygon", "coordinates": [ [ [ -90.0808, 29.9391 ], [ -90.0775, 29.9362 ], [ -90.0826, 29.9328 ], [ -90.0808, 29.9391 ] ] ] } },
{ "type": "Feature", "properties": { "GEOIDFQ": "1400000US22071005603", "NAME": "56.03", "NAMELSAD": "Census Tract 56.03" }, "geometry": { "type": "Polygon", "coordinates": [ [ [ -90.1158, 30.0056 ], [ -90.1082, 30.0049 ], [ -90.1093, 29.9954 ], [ -90.1158, 30.0056 ] ] ] } },
{ "type": "Feature", "properties": { "GEOIDFQ": "1400000US22071005604", "NAME": "56.04", "NAMELSAD": "Census Tract 56.04" }, "geometry": { "type": "Polygon", "coordinates": [ [ [ -90.1082, 30.0049 ], [ -90.1003, 30.004 ], [ -90.1016, 29.9932 ], [ -90.1095, 29.9942 ], [ -90.1082, 30.0049 ] ] ] } },
{ "type": "Feature", "properties": { "GEOIDFQ": "1400000US22071013302", "NAME": "133.02", "NAMELSAD": "Census Tract 133.02" }, "geometry": { "type": "Polygon", "coordinates": [ [ [ -90.0772, 30.0351 ], [ -90.0465, 30.0383 ], [ -90.039, 30.0451 ], [ -90.0352, 30.0317 ], [ -90.083, 30.021 ], [ -90.0772, 30.0351 ] ] ] } },
{ "type": "Feature", "properties": { "GEOIDFQ": "1400000US22071013000", "NAME": "130", "NAMELSAD": "Census Tract 130" }, "geometry": { "type": "Polygon", "coordinates": [ [ [ -90.1279, 29.9564 ], [ -90.1236, 29.9529 ], [ -90.1281, 29.9486 ], [ -90.1279, 29.9564 ] ] ] } },
{ "type": "Feature", "properties": { "GEOIDFQ": "1400000US22103040713", "NAME": "407.13", "NAMELSAD": "Census Tract 407.13" }, "geometry": { "type": "Polygon", "coordinates": [ [ [ -89.7658, 30.3727 ], [ -89.7509, 30.36 ], [ -89.7706, 30.3101 ], [ -89.7873, 30.3101 ], [ -89.8119, 30.3687 ], [ -89.7658, 30.3727 ] ] ] } },
{ "type": "Feature", "properties": { "GEOIDFQ": "1400000US22051025104", "NAME": "251.04", "NAMELSAD": "Census Tract 251.04" }, "geometry": { "type": "Polygon", "coordinates": [ [ [ -90.0342, 29.8792 ], [ -90.0201, 29.8734 ], [ -90.0235, 29.8655 ], [ -90.0349, 29.8681 ], [ -90.0342, 29.8792 ] ] ] } },
{ "type": "Feature", "properties": { "GEOIDFQ": "1400000US22011960102", "NAME": "9601.02", "NAMELSAD": "Census Tract 9601.02" }, "geometry": { "type": "Polygon", "coordinates": [ [ [ -93.301, 30.7194 ], [ -93.3, 30.7375 ], [ -93.1837, 30.7377 ], [ -93.1835, 30.6939 ], [ -93.1496, 30.6916 ], [ -93.1358, 30.6706 ], [ -93.1019, 30.6986 ], [ -93.0925, 30.7204 ], [ -93.0743, 30.7173 ], [ -93.0652, 30.7358 ], [ -93.0589, 30.7307 ], [ -93.0546, 30.738 ], [ -93.0276, 30.7387 ], [ -93.0192, 30.7714 ], [ -92.9771, 30.7516 ], [ -92.9791, 30.598 ], [ -93.1307, 30.5981 ], [ -93.1308, 30.5643 ], [ -93.1493, 30.5627 ], [ -93.1609, 30.581 ], [ -93.173, 30.5814 ], [ -93.1772, 30.5885 ], [ -93.1733, 30.6168 ], [ -93.1969, 30.6067 ], [ -93.2402, 30.6032 ], [ -93.2614, 30.6065 ], [ -93.2679, 30.6183 ], [ -93.2729, 30.6159 ], [ -93.2751, 30.6292 ], [ -93.2926, 30.6385 ], [ -93.3006, 30.6509 ], [ -93.3067, 30.6899 ], [ -93.2949, 30.6925 ], [ -93.3102, 30.694 ], [ -93.301, 30.7194 ] ] ] } },
{ "type": "Feature", "properties": { "GEOIDFQ": "1400000US22011960101", "NAME": "9601.01", "NAMELSAD": "Census Tract 9601.01" }, "geometry": { "type": "Polygon", "coordinates": [ [ [ -93.1921, 30.7956 ], [ -93.1922, 30.8209 ], [ -93.1839, 30.8246 ], [ -93.1844, 30.8619 ], [ -93.1553, 30.862 ], [ -93.1554, 30.8836 ], [ -93.1341, 30.8831 ], [ -93.134, 30.8778 ], [ -92.9787, 30.8781 ], [ -92.9771, 30.7516 ], [ -93.0192, 30.7714 ], [ -93.0276, 30.7387 ], [ -93.0546, 30.738 ], [ -93.0589, 30.7307 ], [ -93.0652, 30.7358 ], [ -93.0743, 30.7173 ], [ -93.0925, 30.7204 ], [ -93.1019, 30.6986 ], [ -93.1358, 30.6706 ], [ -93.1496, 30.6916 ], [ -93.1835, 30.6939 ], [ -93.1837, 30.7658 ], [ -93.1978, 30.7692 ], [ -93.1856, 30.7777 ], [ -93.1991, 30.7956 ], [ -93.1921, 30.7956 ] ] ] } },
{ "type": "Feature", "properties": { "GEOIDFQ": "1400000US22103040805", "NAME": "408.05", "NAMELSAD": "Census Tract 408.05" }, "geometry": { "type": "Polygon", "coordinates": [ [ [ -89.803, 30.2349 ], [ -89.7834, 30.2221 ], [ -89.7964, 30.2098 ], [ -89.8251, 30.2161 ], [ -89.803, 30.2349 ] ] ] } },
{ "type": "Feature", "properties": { "GEOIDFQ": "1400000US22103040306", "NAME": "403.06", "NAMELSAD": "Census Tract 403.06" }, "geometry": { "type": "Polygon", "coordinates": [ [ [ -90.0843, 30.3924 ], [ -90.0791, 30.3844 ], [ -90.0878, 30.3793 ], [ -90.1025, 30.3826 ], [ -90.1144, 30.3899 ], [ -90.1163, 30.4031 ], [ -90.0843, 30.3924 ] ] ] } },
{ "type": "Feature", "properties": { "GEOIDFQ": "1400000US22103040607", "NAME": "406.07", "NAMELSAD": "Census Tract 406.07" }, "geometry": { "type": "Polygon", "coordinates": [ [ [ -90.0941, 30.4727 ], [ -90.0873, 30.4769 ], [ -90.0849, 30.429 ], [ -90.072, 30.426 ], [ -90.1041, 30.4225 ], [ -90.1176, 30.4377 ], [ -90.0941, 30.4727 ] ] ] } },
{ "type": "Feature", "properties": { "GEOIDFQ": "1400000US22103040205", "NAME": "402.05", "NAMELSAD": "Census Tract 402.05" }, "geometry": { "type": "Polygon", "coordinates": [ [ [ -90.1434, 30.559 ], [ -90.1432, 30.5773 ], [ -90.1261, 30.5942 ], [ -90.0941, 30.594 ], [ -90.0757, 30.5789 ], [ -90.0748, 30.5155 ], [ -90.0886, 30.4953 ], [ -90.1027, 30.4935 ], [ -90.1486, 30.5569 ], [ -90.1434, 30.559 ] ] ] } },
{ "type": "Feature", "properties": { "GEOIDFQ": "1400000US22103040308", "NAME": "403.08", "NAMELSAD": "Census Tract 403.08" }, "geometry": { "type": "Polygon", "coordinates": [ [ [ -90.2441, 30.5806 ], [ -90.2252, 30.5581 ], [ -90.2068, 30.5514 ], [ -90.2037, 30.5345 ], [ -90.1855, 30.5283 ], [ -90.1672, 30.5058 ], [ -90.1698, 30.4941 ], [ -90.2007, 30.5018 ], [ -90.1546, 30.4085 ], [ -90.152, 30.3917 ], [ -90.1606, 30.3767 ], [ -90.1541, 30.3906 ], [ -90.158, 30.4044 ], [ -90.1848, 30.4227 ], [ -90.1774, 30.4211 ], [ -90.1777, 30.4309 ], [ -90.1933, 30.4452 ], [ -90.1931, 30.462 ], [ -90.2443, 30.4797 ], [ -90.2441, 30.5806 ] ] ] } },
{ "type": "Feature", "properties": { "GEOIDFQ": "1400000US22103040712", "NAME": "407.12", "NAMELSAD": "Census Tract 407.12" }, "geometry": { "type": "Polygon", "coordinates": [ [ [ -90.0554, 30.4331 ], [ -90.0536, 30.4402 ], [ -90.0415, 30.4391 ], [ -90.0407, 30.4624 ], [ -89.8317, 30.4165 ], [ -89.7873, 30.3101 ], [ -89.8259, 30.3131 ], [ -89.8245, 30.3473 ], [ -89.8461, 30.3505 ], [ -89.8358, 30.3166 ], [ -89.8898, 30.336 ], [ -90.0719, 30.426 ], [ -90.0554, 30.4331 ] ] ] } },
{ "type": "Feature", "properties": { "GEOIDFQ": "1400000US22103041214", "NAME": "412.14", "NAMELSAD": "Census Tract 412.14" }, "geometry": { "type": "Polygon", "coordinates": [ [ [ -89.9293, 30.3335 ], [ -89.9229, 30.3234 ], [ -89.9132, 30.3225 ], [ -89.8992, 30.3262 ], [ -89.895, 30.3387 ], [ -89.8358, 30.3166 ], [ -89.8303, 30.3021 ], [ -89.9341, 30.317 ], [ -89.9293, 30.3335 ] ] ] } },
{ "type": "Feature", "properties": { "GEOIDFQ": "1400000US22103040711", "NAME": "407.11", "NAMELSAD": "Census Tract 407.11" }, "geometry": { "type": "Polygon", "coordinates": [ [ [ -89.8245, 30.3473 ], [ -89.8259, 30.3131 ], [ -89.8374, 30.3183 ], [ -89.8461, 30.3505 ], [ -89.8245, 30.3473 ] ] ] } },
{ "type": "Feature", "properties": { "GEOIDFQ": "1400000US22103040107", "NAME": "401.07", "NAMELSAD": "Census Tract 401.07" }, "geometry": { "type": "Polygon", "coordinates": [ [ [ -90.0448, 30.551 ], [ -90.0117, 30.6377 ], [ -89.9719, 30.6046 ], [ -89.9553, 30.6076 ], [ -89.9394, 30.5932 ], [ -89.9518, 30.5863 ], [ -89.9377, 30.5698 ], [ -89.9475, 30.5528 ], [ -89.9386, 30.518 ], [ -89.9591, 30.5057 ], [ -89.9797, 30.506 ], [ -89.9903, 30.5253 ], [ -90.0137, 30.5193 ], [ -90.0408, 30.5026 ], [ -90.0408, 30.5262 ], [ -90.0456, 30.5224 ], [ -90.0448, 30.551 ] ] ] } },
{ "type": "Feature", "properties": { "GEOIDFQ": "1400000US22103040204", "NAME": "402.04", "NAMELSAD": "Census Tract 402.04" }, "geometry": { "type": "Polygon", "coordinates": [ [ [ -90.2289, 30.5801 ], [ -90.2033, 30.561 ], [ -90.15, 30.5588 ], [ -90.1071, 30.4998 ], [ -90.1226, 30.4928 ], [ -90.1698, 30.4941 ], [ -90.1672, 30.5058 ], [ -90.1854, 30.5282 ], [ -90.202, 30.5328 ], [ -90.2067, 30.5513 ], [ -90.2252, 30.558 ], [ -90.2396, 30.573 ], [ -90.2289, 30.5801 ] ] ] } },
{ "type": "Feature", "properties": { "GEOIDFQ": "1400000US22103041105", "NAME": "411.05", "NAMELSAD": "Census Tract 411.05" }, "geometry": { "type": "Polygon", "coordinates": [ [ [ -89.8237, 30.2748 ], [ -89.8306, 30.3018 ], [ -89.7902, 30.2912 ], [ -89.7917, 30.2841 ], [ -89.7841, 30.2789 ], [ -89.7937, 30.2716 ], [ -89.8074, 30.2775 ], [ -89.8297, 30.2671 ], [ -89.8443, 30.2682 ], [ -89.8237, 30.2748 ] ] ] } },
{ "type": "Feature", "properties": { "GEOIDFQ": "1400000US22103040106", "NAME": "401.06", "NAMELSAD": "Census Tract 401.06" }, "geometry": { "type": "Polygon", "coordinates": [ [ [ -89.8938, 30.6314 ], [ -89.881, 30.6217 ], [ -89.869, 30.6239 ], [ -89.8629, 30.6658 ], [ -89.8423, 30.666 ], [ -89.8522, 30.6617 ], [ -89.8408, 30.6608 ], [ -89.8407, 30.6522 ], [ -89.8332, 30.6575 ], [ -89.8207, 30.6461 ], [ -89.823, 30.6391 ], [ -89.8137, 30.6375 ], [ -89.8308, 30.6176 ], [ -89.8214, 30.6198 ], [ -89.8233, 30.6077 ], [ -89.8139, 30.6077 ], [ -89.8226, 30.6052 ], [ -89.814, 30.5986 ], [ -89.8188, 30.5929 ], [ -89.807, 30.5871 ], [ -89.8157, 30.5855 ], [ -89.808, 30.5677 ], [ -89.7953, 30.5701 ], [ -89.793, 30.5641 ], [ -89.7869, 30.5691 ], [ -89.7917, 30.5626 ], [ -89.804, 30.5605 ], [ -89.7922, 30.5483 ], [ -89.8039, 30.5493 ], [ -89.7792, 30.544 ], [ -89.7678, 30.5132 ], [ -89.7575, 30.5186 ], [ -89.7607, 30.512 ], [ -89.7526, 30.5024 ], [ -89.7575, 30.4996 ], [ -89.7467, 30.5029 ], [ -89.7421, 30.4973 ], [ -89.7473, 30.4927 ], [ -89.7248, 30.4921 ], [ -89.7236, 30.4823 ], [ -89.7099, 30.4782 ], [ -89.7058, 30.465 ], [ -89.6835, 30.4517 ], [ -89.6775, 30.418 ], [ -89.6845, 30.4123 ], [ -89.6831, 30.4016 ], [ -89.7292, 30.391 ], [ -89.737, 30.3819 ], [ -89.7504, 30.3885 ], [ -89.7504, 30.3797 ], [ -89.7635, 30.3784 ], [ -89.7689, 30.3806 ], [ -89.7631, 30.3997 ], [ -89.785, 30.4165 ], [ -89.8317, 30.4165 ], [ -89.8806, 30.5325 ], [ -89.8755, 30.5325 ], [ -89.8716, 30.5599 ], [ -89.873, 30.6044 ], [ -89.8998, 30.6092 ], [ -89.8938, 30.6314 ] ] ] } },
{ "type": "Feature", "properties": { "GEOIDFQ": "1400000US22103041301", "NAME": "413.01", "NAMELSAD": "Census Tract 413.01" }, "geometry": { "type": "Polygon", "coordinates": [ [ [ -90.0912, 30.3796 ], [ -90.0791, 30.3844 ], [ -90.0743, 30.3701 ], [ -90.0376, 30.3514 ], [ -90.0547, 30.3494 ], [ -90.0924, 30.3725 ], [ -90.0912, 30.3796 ] ] ] } },
{ "type": "Feature", "properties": { "GEOIDFQ": "1400000US22103040807", "NAME": "408.07", "NAMELSAD": "Census Tract 408.07" }, "geometry": { "type": "Polygon", "coordinates": [ [ [ -89.7635, 30.2477 ], [ -89.7435, 30.2299 ], [ -89.7356, 30.2386 ], [ -89.7383, 30.2445 ], [ -89.7237, 30.2472 ], [ -89.73, 30.2535 ], [ -89.7197, 30.2543 ], [ -89.726, 30.2623 ], [ -89.7095, 30.256 ], [ -89.6939, 30.2303 ], [ -89.678, 30.228 ], [ -89.7334, 30.1718 ], [ -89.7454, 30.1775 ], [ -89.7553, 30.1698 ], [ -89.7642, 30.1901 ], [ -89.7964, 30.2098 ], [ -89.7635, 30.2477 ] ] ] } },
{ "type": "Feature", "properties": { "GEOIDFQ": "1400000US22103040108", "NAME": "401.08", "NAMELSAD": "Census Tract 401.08" }, "geometry": { "type": "Polygon", "coordinates": [ [ [ -90.0073, 30.6668 ], [ -89.8629, 30.6658 ], [ -89.869, 30.6239 ], [ -89.881, 30.6217 ], [ -89.8938, 30.6314 ], [ -89.8998, 30.6092 ], [ -89.873, 30.6044 ], [ -89.8755, 30.5325 ], [ -89.904, 30.5338 ], [ -89.9386, 30.518 ], [ -89.9475, 30.5528 ], [ -89.9377, 30.5698 ], [ -89.9518, 30.5863 ], [ -89.9394, 30.5932 ], [ -89.9553, 30.6076 ], [ -89.9719, 30.6046 ], [ -89.9908, 30.6257 ], [ -90.0196, 30.6411 ], [ -90.0073, 30.6668 ] ] ] } },
{ "type": "Feature", "properties": { "GEOIDFQ": "1400000US22103040105", "NAME": "401.05", "NAMELSAD": "Census Tract 401.05" }, "geometry": { "type": "Polygon", "coordinates": [ [ [ -90.0394, 30.4816 ], [ -90.0408, 30.5026 ], [ -90.0137, 30.5193 ], [ -89.9859, 30.5247 ], [ -89.9797, 30.506 ], [ -89.9594, 30.5056 ], [ -89.9054, 30.5334 ], [ -89.8853, 30.5342 ], [ -89.8317, 30.4165 ], [ -90.0051, 30.4578 ], [ -90.0299, 30.4562 ], [ -90.0485, 30.4626 ], [ -90.0527, 30.4706 ], [ -90.0394, 30.4816 ] ] ] } },
{ "type": "Feature", "properties": { "GEOIDFQ": "1400000US22103040402", "NAME": "404.02", "NAMELSAD": "Census Tract 404.02" }, "geometry": { "type": "Polygon", "coordinates": [ [ [ -90.13, 30.4925 ], [ -90.1065, 30.4786 ], [ -90.1175, 30.4642 ], [ -90.1177, 30.4642 ], [ -90.1237, 30.4724 ], [ -90.1371, 30.4741 ], [ -90.1474, 30.4855 ], [ -90.1698, 30.4939 ], [ -90.13, 30.4925 ] ] ] } },
{ "type": "Feature", "properties": { "GEOIDFQ": "1400000US22103040206", "NAME": "402.06", "NAMELSAD": "Census Tract 402.06" }, "geometry": { "type": "Polygon", "coordinates": [ [ [ -90.1841, 30.6878 ], [ -90.1835, 30.6996 ], [ -90.1218, 30.6884 ], [ -90.1251, 30.6761 ], [ -90.1096, 30.6435 ], [ -90.1142, 30.6147 ], [ -90.1084, 30.6017 ], [ -90.0944, 30.5937 ], [ -90.1264, 30.5941 ], [ -90.1432, 30.5773 ], [ -90.1434, 30.559 ], [ -90.1486, 30.5569 ], [ -90.1797, 30.6003 ], [ -90.2036, 30.6606 ], [ -90.1841, 30.6878 ] ] ] } },
{ "type": "Feature", "properties": { "GEOIDFQ": "1400000US22103040806", "NAME": "408.06", "NAMELSAD": "Census Tract 408.06" }, "geometry": { "type": "Polygon", "coordinates": [ [ [ -89.7551, 30.2704 ], [ -89.726, 30.2623 ], [ -89.7194, 30.255 ], [ -89.73, 30.2535 ], [ -89.7237, 30.2472 ], [ -89.7383, 30.2445 ], [ -89.7356, 30.2386 ], [ -89.7435, 30.2299 ], [ -89.7635, 30.2479 ], [ -89.7551, 30.2704 ] ] ] } },
{ "type": "Feature", "properties": { "GEOIDFQ": "1400000US22103041213", "NAME": "412.13", "NAMELSAD": "Census Tract 412.13" }, "geometry": { "type": "Polygon", "coordinates": [ [ [ -89.991, 30.3495 ], [ -89.9795, 30.3821 ], [ -89.895, 30.3387 ], [ -89.8992, 30.3262 ], [ -89.9132, 30.3225 ], [ -89.9229, 30.3234 ], [ -89.9293, 30.3335 ], [ -89.9339, 30.3161 ], [ -89.8307, 30.3012 ], [ -89.914, 30.3014 ], [ -90.0045, 30.337 ], [ -89.991, 30.3495 ] ] ] } },
{ "type": "Feature", "properties": { "GEOIDFQ": "1400000US22103040401", "NAME": "404.01", "NAMELSAD": "Census Tract 404.01" }, "geometry": { "type": "Polygon", "coordinates": [ [ [ -90.1533, 30.4888 ], [ -90.1371, 30.4741 ], [ -90.1197, 30.469 ], [ -90.1196, 30.4616 ], [ -90.1321, 30.4575 ], [ -90.1617, 30.4179 ], [ -90.2007, 30.5018 ], [ -90.1533, 30.4888 ] ] ] } },
{ "type": "Feature", "properties": { "GEOIDFQ": "1400000US22103040309", "NAME": "403.09", "NAMELSAD": "Census Tract 403.09" }, "geometry": { "type": "Polygon", "coordinates": [ [ [ -90.2443, 30.4797 ], [ -90.1931, 30.462 ], [ -90.1933, 30.4452 ], [ -90.1777, 30.4309 ], [ -90.1774, 30.4211 ], [ -90.1848, 30.4227 ], [ -90.158, 30.4044 ], [ -90.1541, 30.3905 ], [ -90.1625, 30.371 ], [ -90.1953, 30.3847 ], [ -90.2436, 30.3616 ], [ -90.2443, 30.4797 ] ] ] } },
{ "type": "Feature", "properties": { "GEOIDFQ": "1400000US22103040203", "NAME": "402.03", "NAMELSAD": "Census Tract 402.03" }, "geometry": { "type": "Polygon", "coordinates": [ [ [ -90.2557, 30.7124 ], [ -90.1835, 30.6996 ], [ -90.1841, 30.6878 ], [ -90.2025, 30.6689 ], [ -90.2035, 30.6594 ], [ -90.1797, 30.6003 ], [ -90.15, 30.5588 ], [ -90.203, 30.561 ], [ -90.2267, 30.5793 ], [ -90.2391, 30.5756 ], [ -90.2455, 30.5803 ], [ -90.2494, 30.5877 ], [ -90.2432, 30.5964 ], [ -90.2515, 30.6235 ], [ -90.2434, 30.6448 ], [ -90.2507, 30.6526 ], [ -90.2503, 30.6953 ], [ -90.2557, 30.7124 ] ] ] } },
{ "type": "Feature", "properties": { "GEOIDFQ": "1400000US22103040307", "NAME": "403.07", "NAMELSAD": "Census Tract 403.07" }, "geometry": { "type": "Polygon", "coordinates": [ [ [ -90.152, 30.3917 ], [ -90.1546, 30.4043 ], [ -90.1361, 30.4086 ], [ -90.1163, 30.4031 ], [ -90.1144, 30.3899 ], [ -90.0952, 30.3792 ], [ -90.1209, 30.3613 ], [ -90.1622, 30.3722 ], [ -90.152, 30.3917 ] ] ] } },
{ "type": "Feature", "properties": { "GEOIDFQ": "1400000US22103041106", "NAME": "411.06", "NAMELSAD": "Census Tract 411.06" }, "geometry": { "type": "Polygon", "coordinates": [ [ [ -89.8074, 30.2775 ], [ -89.7937, 30.2716 ], [ -89.8011, 30.2742 ], [ -89.8076, 30.2626 ], [ -89.8317, 30.2602 ], [ -89.8444, 30.2491 ], [ -89.8595, 30.2512 ], [ -89.8603, 30.2597 ], [ -89.8074, 30.2775 ] ] ] } },
{ "type": "Feature", "properties": { "GEOIDFQ": "1400000US22103040608", "NAME": "406.08", "NAMELSAD": "Census Tract 406.08" }, "geometry": { "type": "Polygon", "coordinates": [ [ [ -90.0409, 30.4823 ], [ -90.0528, 30.4706 ], [ -90.0407, 30.4599 ], [ -90.0824, 30.4586 ], [ -90.0873, 30.4769 ], [ -90.0409, 30.4823 ] ] ] } },
{ "type": "Feature", "properties": { "GEOIDFQ": "1400000US22103040609", "NAME": "406.09", "NAMELSAD": "Census Tract 406.09" }, "geometry": { "type": "Polygon", "coordinates": [ [ [ -90.0823, 30.4532 ], [ -90.0579, 30.4528 ], [ -90.0577, 30.4446 ], [ -90.0766, 30.4271 ], [ -90.0849, 30.4293 ], [ -90.0823, 30.4532 ] ] ] } },
{ "type": "Feature", "properties": { "GEOIDFQ": "1400000US22103041302", "NAME": "413.02", "NAMELSAD": "Census Tract 413.02" }, "geometry": { "type": "Polygon", "coordinates": [ [ [ -90.1169, 30.3686 ], [ -90.0912, 30.3796 ], [ -90.0924, 30.3719 ], [ -90.0553, 30.3514 ], [ -90.0603, 30.3435 ], [ -90.0946, 30.3582 ], [ -90.1209, 30.3613 ], [ -90.1169, 30.3686 ] ] ] } },
{ "type": "Feature", "properties": { "GEOIDFQ": "1400000US22103040606", "NAME": "406.06", "NAMELSAD": "Census Tract 406.06" }, "geometry": { "type": "Polygon", "coordinates": [ [ [ -90.0407, 30.4599 ], [ -90.0415, 30.4391 ], [ -90.0525, 30.4406 ], [ -90.0554, 30.4331 ], [ -90.0766, 30.4271 ], [ -90.0577, 30.4446 ], [ -90.0576, 30.4518 ], [ -90.0823, 30.4532 ], [ -90.0824, 30.4586 ], [ -90.0407, 30.4599 ] ] ] } },
{ "type": "Feature", "properties": { "GEOIDFQ": "1400000US22103040804", "NAME": "408.04", "NAMELSAD": "Census Tract 408.04" }, "geometry": { "type": "Polygon", "coordinates": [ [ [ -89.7953, 30.2451 ], [ -89.7692, 30.2361 ], [ -89.7834, 30.2221 ], [ -89.8029, 30.2351 ], [ -89.7953, 30.2451 ] ] ] } },
{ "type": "Feature", "properties": { "GEOIDFQ": "1400000US22103040714", "NAME": "407.14", "NAMELSAD": "Census Tract 407.14" }, "geometry": { "type": "Polygon", "coordinates": [ [ [ -89.785, 30.4165 ], [ -89.7629, 30.3992 ], [ -89.7683, 30.3798 ], [ -89.7484, 30.3761 ], [ -89.7732, 30.3688 ], [ -89.8119, 30.3687 ], [ -89.8317, 30.4165 ], [ -89.785, 30.4165 ] ] ] } },
{ "type": "Feature", "properties": { "GEOIDFQ": "1400000US22051023300", "NAME": "233", "NAMELSAD": "Census Tract 233" }, "geometry": { "type": "Polygon", "coordinates": [ [ [ -90.2003, 29.9892 ], [ -90.1987, 29.984 ], [ -90.2149, 29.985 ], [ -90.2003, 29.9892 ] ] ] } },
{ "type": "Feature", "properties": { "GEOIDFQ": "1400000US22051023400", "NAME": "234", "NAMELSAD": "Census Tract 234" }, "geometry": { "type": "Polygon", "coordinates": [ [ [ -90.2011, 29.9952 ], [ -90.2003, 29.9892 ], [ -90.2156, 29.987 ], [ -90.2192, 29.9964 ], [ -90.2011, 29.9952 ] ] ] } },
{ "type": "Feature", "properties": { "GEOIDFQ": "1400000US22017024102", "NAME": "241.02", "NAMELSAD": "Census Tract 241.02" }, "geometry": { "type": "Polygon", "coordinates": [ [ [ -93.8214, 32.3767 ], [ -93.7805, 32.3817 ], [ -93.7806, 32.3757 ], [ -93.7634, 32.3838 ], [ -93.7636, 32.3447 ], [ -93.7955, 32.3377 ], [ -93.8071, 32.328 ], [ -93.8087, 32.3116 ], [ -93.8245, 32.3022 ], [ -93.8356, 32.3328 ], [ -93.8214, 32.3767 ] ] ] } },
{ "type": "Feature", "properties": { "GEOIDFQ": "1400000US22017024900", "NAME": "249", "NAMELSAD": "Census Tract 249" }, "geometry": { "type": "Polygon", "coordinates": [ [ [ -94.0429, 32.7872 ], [ -94.043, 33.0079 ], [ -94.0294, 33.0061 ], [ -94.0336, 33.0013 ], [ -94.0269, 32.9923 ], [ -94.0325, 32.9878 ], [ -94.0246, 32.9655 ], [ -94.0112, 32.9577 ], [ -93.9976, 32.9621 ], [ -93.9825, 32.9524 ], [ -93.98, 32.9288 ], [ -93.9611, 32.9179 ], [ -93.9628, 32.9085 ], [ -93.9782, 32.9054 ], [ -93.9821, 32.9102 ], [ -94.0018, 32.9009 ], [ -93.9915, 32.877 ], [ -93.9996, 32.877 ], [ -93.9994, 32.8612 ], [ -94.011, 32.8482 ], [ -93.9996, 32.8477 ], [ -93.9924, 32.8324 ], [ -93.971, 32.853 ], [ -93.9547, 32.8436 ], [ -93.9527, 32.8543 ], [ -93.9439, 32.8554 ], [ -93.9513, 32.8664 ], [ -93.9598, 32.8663 ], [ -93.9666, 32.8842 ], [ -93.952, 32.9007 ], [ -93.937, 32.9031 ], [ -93.8971, 32.8845 ], [ -93.8981, 32.8414 ], [ -93.8694, 32.8181 ], [ -93.8827, 32.791 ], [ -93.8969, 32.7857 ], [ -93.9015, 32.7762 ], [ -93.9259, 32.774 ], [ -93.935, 32.7632 ], [ -93.9337, 32.7525 ], [ -93.9029, 32.7184 ], [ -93.9027, 32.7106 ], [ -93.9128, 32.7048 ], [ -93.919, 32.711 ], [ -93.9635, 32.6961 ], [ -93.9775, 32.7024 ], [ -93.988, 32.7196 ], [ -93.9991, 32.7198 ], [ -94.0262, 32.6993 ], [ -94.0432, 32.6974 ], [ -94.0429, 32.7872 ] ] ] } },
{ "type": "Feature", "properties": { "GEOIDFQ": "1400000US22017025000", "NAME": "250", "NAMELSAD": "Census Tract 250" }, "geometry": { "type": "Polygon", "coordinates": [ [ [ -93.9994, 32.8612 ], [ -93.9996, 32.877 ], [ -93.9915, 32.877 ], [ -94.0018, 32.9009 ], [ -93.9821, 32.9102 ], [ -93.9782, 32.9054 ], [ -93.9628, 32.9085 ], [ -93.952, 32.9007 ], [ -93.9662, 32.8815 ], [ -93.9598, 32.8663 ], [ -93.9513, 32.8664 ], [ -93.9439, 32.8553 ], [ -93.9527, 32.8543 ], [ -93.9547, 32.8436 ], [ -93.971, 32.853 ], [ -93.9924, 32.8324 ], [ -93.9996, 32.8477 ], [ -94.0109, 32.8483 ], [ -93.9994, 32.8612 ] ] ] } },
{ "type": "Feature", "properties": { "GEOIDFQ": "1400000US22105953902", "NAME": "9539.02", "NAMELSAD": "Census Tract 9539.02" }, "geometry": { "type": "Polygon", "coordinates": [ [ [ -90.567, 30.5771 ], [ -90.5163, 30.5772 ], [ -90.5166, 30.5191 ], [ -90.5544, 30.5178 ], [ -90.5579, 30.5262 ], [ -90.5669, 30.5261 ], [ -90.567, 30.5771 ] ] ] } },
{ "type": "Feature", "properties": { "GEOIDFQ": "1400000US22071001743", "NAME": "17.43", "NAMELSAD": "Census Tract 17.43" }, "geometry": { "type": "Polygon", "coordinates": [ [ [ -89.9969, 30.0356 ], [ -89.9938, 30.03 ], [ -90.01, 30.0264 ], [ -90.0184, 30.0281 ], [ -89.9969, 30.0356 ] ] ] } },
{ "type": "Feature", "properties": { "GEOIDFQ": "1400000US22071000615", "NAME": "6.15", "NAMELSAD": "Census Tract 6.15" }, "geometry": { "type": "Polygon", "coordinates": [ [ [ -90.0016, 29.9236 ], [ -90.0018, 29.9135 ], [ -90.0106, 29.9187 ], [ -90.0149, 29.9222 ], [ -90.0016, 29.9236 ] ] ] } },
{ "type": "Feature", "properties": { "GEOIDFQ": "1400000US22125951802", "NAME": "9518.02", "NAMELSAD": "Census Tract 9518.02" }, "geometry": { "type": "Polygon", "coordinates": [ [ [ -91.3704, 30.8245 ], [ -91.3343, 30.836 ], [ -91.296, 30.896 ], [ -91.2718, 30.8899 ], [ -91.2379, 30.8366 ], [ -91.2882, 30.8066 ], [ -91.3174, 30.8009 ], [ -91.3234, 30.7902 ], [ -91.3449, 30.781 ], [ -91.3635, 30.7853 ], [ -91.3779, 30.8156 ], [ -91.3704, 30.8245 ] ] ] } },
{ "type": "Feature", "properties": { "GEOIDFQ": "1400000US22125951704", "NAME": "9517.04", "NAMELSAD": "Census Tract 9517.04" }, "geometry": { "type": "Polygon", "coordinates": [ [ [ -91.4255, 30.9599 ], [ -91.406, 30.959 ], [ -91.4121, 30.9721 ], [ -91.3941, 30.9905 ], [ -91.3965, 30.999 ], [ -91.1761, 30.9992 ], [ -91.1823, 30.9739 ], [ -91.1952, 30.9625 ], [ -91.1947, 30.9455 ], [ -91.1868, 30.9367 ], [ -91.2, 30.9192 ], [ -91.2082, 30.9176 ], [ -91.2066, 30.893 ], [ -91.2183, 30.8918 ], [ -91.2255, 30.8699 ], [ -91.2196, 30.8645 ], [ -91.2293, 30.8541 ], [ -91.2263, 30.84 ], [ -91.2379, 30.8366 ], [ -91.278, 30.8952 ], [ -91.3141, 30.8905 ], [ -91.3449, 30.8951 ], [ -91.3512, 30.8888 ], [ -91.3598, 30.902 ], [ -91.3704, 30.9039 ], [ -91.3851, 30.8962 ], [ -91.3901, 30.8825 ], [ -91.3942, 30.8888 ], [ -91.3878, 30.8947 ], [ -91.3965, 30.9023 ], [ -91.3898, 30.9125 ], [ -91.4025, 30.9414 ], [ -91.4096, 30.9504 ], [ -91.4213, 30.9477 ], [ -91.4255, 30.9599 ] ] ] } },
{ "type": "Feature", "properties": { "GEOIDFQ": "1400000US22125980000", "NAME": "9800", "NAMELSAD": "Census Tract 9800" }, "geometry": { "type": "Polygon", "coordinates": [ [ [ -91.6369, 30.9994 ], [ -91.5387, 30.9994 ], [ -91.5401, 30.9617 ], [ -91.5894, 30.9202 ], [ -91.614, 30.9215 ], [ -91.6461, 30.9444 ], [ -91.6536, 30.9436 ], [ -91.6625, 30.9704 ], [ -91.6369, 30.9994 ] ] ] } },
{ "type": "Feature", "properties": { "GEOIDFQ": "1400000US22125951705", "NAME": "9517.05", "NAMELSAD": "Census Tract 9517.05" }, "geometry": { "type": "Polygon", "coordinates": [ [ [ -91.5872, 30.7712 ], [ -91.5538, 30.7794 ], [ -91.5395, 30.7912 ], [ -91.5179, 30.8514 ], [ -91.5156, 30.8752 ], [ -91.5345, 30.9063 ], [ -91.554, 30.9177 ], [ -91.591, 30.9176 ], [ -91.5755, 30.9365 ], [ -91.5401, 30.9617 ], [ -91.5387, 30.9994 ], [ -91.3965, 30.999 ], [ -91.3941, 30.9905 ], [ -91.4121, 30.9721 ], [ -91.406, 30.959 ], [ -91.4255, 30.9599 ], [ -91.4269, 30.9525 ], [ -91.4213, 30.9477 ], [ -91.4096, 30.9504 ], [ -91.4025, 30.9414 ], [ -91.3898, 30.9125 ], [ -91.3965, 30.9023 ], [ -91.3878, 30.8947 ], [ -91.3943, 30.887 ], [ -91.3877, 30.8769 ], [ -91.4016, 30.8717 ], [ -91.3989, 30.8548 ], [ -91.408, 30.8523 ], [ -91.4052, 30.8431 ], [ -91.4174, 30.8211 ], [ -91.4161, 30.8092 ], [ -91.4383, 30.7983 ], [ -91.4243, 30.785 ], [ -91.4019, 30.7784 ], [ -91.395, 30.7692 ], [ -91.398, 30.7572 ], [ -91.4504, 30.7362 ], [ -91.5001, 30.741 ], [ -91.553, 30.7308 ], [ -91.5779, 30.7392 ], [ -91.5962, 30.7576 ], [ -91.5872, 30.7712 ] ] ] } },
{ "type": "Feature", "properties": { "GEOIDFQ": "1400000US22113950103", "NAME": "9501.03", "NAMELSAD": "Census Tract 9501.03" }, "geometry": { "type": "Polygon", "coordinates": [ [ [ -92.3458, 30.0864 ], [ -92.3447, 30.0956 ], [ -92.3233, 30.1147 ], [ -92.3241, 30.1235 ], [ -92.3002, 30.1306 ], [ -92.2889, 30.1494 ], [ -92.2757, 30.1408 ], [ -92.2627, 30.1444 ], [ -92.2511, 30.1391 ], [ -92.244, 30.1444 ], [ -92.227, 30.1369 ], [ -92.2029, 30.1427 ], [ -92.1755, 30.1329 ], [ -92.1749, 30.0815 ], [ -92.1835, 30.079 ], [ -92.1835, 30.05 ], [ -92.2078, 30.0499 ], [ -92.2082, 30.039 ], [ -92.3009, 30.0349 ], [ -92.3401, 30.0503 ], [ -92.3664, 30.0503 ], [ -92.3695, 30.0417 ], [ -92.3863, 30.0377 ], [ -92.4047, 30.0401 ], [ -92.4105, 30.0513 ], [ -92.3458, 30.0864 ] ] ] } },
{ "type": "Feature", "properties": { "GEOIDFQ": "1400000US22113950101", "NAME": "9501.01", "NAMELSAD": "Census Tract 9501.01" }, "geometry": { "type": "Polygon", "coordinates": [ [ [ -92.1281, 30.1159 ], [ -92.0884, 30.1283 ], [ -92.0892, 30.1129 ], [ -92.0796, 30.1038 ], [ -92.1078, 30.1014 ], [ -92.1078, 30.0801 ], [ -92.1752, 30.0791 ], [ -92.1756, 30.1314 ], [ -92.1281, 30.1159 ] ] ] } },
{ "type": "Feature", "properties": { "GEOIDFQ": "1400000US22113950102", "NAME": "9501.02", "NAMELSAD": "Census Tract 9501.02" }, "geometry": { "type": "Polygon", "coordinates": [ [ [ -92.1078, 30.0801 ], [ -92.1078, 30.1014 ], [ -92.0796, 30.1038 ], [ -92.0725, 30.0848 ], [ -92.0804, 30.064 ], [ -92.0752, 30.0373 ], [ -92.1242, 30.043 ], [ -92.1238, 30.0257 ], [ -92.1333, 30.0345 ], [ -92.1442, 30.0266 ], [ -92.1544, 30.0302 ], [ -92.1631, 30.0432 ], [ -92.1833, 30.0529 ], [ -92.1835, 30.079 ], [ -92.1078, 30.0801 ] ] ] } },
{ "type": "Feature", "properties": { "GEOIDFQ": "1400000US22113950904", "NAME": "9509.04", "NAMELSAD": "Census Tract 9509.04" }, "geometry": { "type": "Polygon", "coordinates": [ [ [ -92.0718, 30.0808 ], [ -92.0628, 30.0722 ], [ -91.9679, 30.0382 ], [ -91.9961, 29.9811 ], [ -92.0055, 29.9879 ], [ -92.0483, 29.9848 ], [ -92.0482, 29.9633 ], [ -92.0741, 29.9646 ], [ -92.073, 30.0019 ], [ -92.0797, 30.0001 ], [ -92.0795, 30.0099 ], [ -92.0658, 30.0213 ], [ -92.0721, 30.0216 ], [ -92.0804, 30.064 ], [ -92.0718, 30.0808 ] ] ] } },
{ "type": "Feature", "properties": { "GEOIDFQ": "1400000US22113950201", "NAME": "9502.01", "NAMELSAD": "Census Tract 9502.01" }, "geometry": { "type": "Polygon", "coordinates": [ [ [ -92.5062, 30.0812 ], [ -92.4821, 30.0638 ], [ -92.4253, 30.0492 ], [ -92.4083, 30.0537 ], [ -92.4043, 30.0399 ], [ -92.384, 30.0381 ], [ -92.3695, 30.0417 ], [ -92.3666, 30.0503 ], [ -92.3401, 30.0503 ], [ -92.3101, 30.0359 ], [ -92.3089, 29.9743 ], [ -92.2838, 29.9902 ], [ -92.2797, 29.8894 ], [ -92.3072, 29.8528 ], [ -92.3294, 29.853 ], [ -92.3335, 29.8423 ], [ -92.3433, 29.844 ], [ -92.3615, 29.8498 ], [ -92.3903, 29.8831 ], [ -92.5133, 29.9013 ], [ -92.5143, 30.0126 ], [ -92.4956, 30.0139 ], [ -92.4957, 30.0216 ], [ -92.4975, 30.0436 ], [ -92.5142, 30.0434 ], [ -92.5146, 30.0728 ], [ -92.5062, 30.0812 ] ] ] } },
{ "type": "Feature", "properties": { "GEOIDFQ": "1400000US22113950202", "NAME": "9502.02", "NAMELSAD": "Census Tract 9502.02" }, "geometry": { "type": "Polygon", "coordinates": [ [ [ -92.7239, 30.0487 ], [ -92.6976, 30.054 ], [ -92.6951, 30.0618 ], [ -92.6846, 30.0595 ], [ -92.6739, 30.0706 ], [ -92.6608, 30.0691 ], [ -92.6542, 30.079 ], [ -92.6384, 30.0718 ], [ -92.6328, 30.0849 ], [ -92.6266, 30.0847 ], [ -92.6284, 30.0918 ], [ -92.6153, 30.0888 ], [ -92.6048, 30.0983 ], [ -92.5818, 30.0974 ], [ -92.5576, 30.1159 ], [ -92.535, 30.1038 ], [ -92.5294, 30.1066 ], [ -92.5293, 30.098 ], [ -92.5191, 30.0933 ], [ -92.5219, 30.0878 ], [ -92.5062, 30.0812 ], [ -92.5143, 30.0741 ], [ -92.5142, 30.0434 ], [ -92.4975, 30.0436 ], [ -92.4957, 30.0229 ], [ -92.4956, 30.0139 ], [ -92.5143, 30.0126 ], [ -92.5133, 29.9013 ], [ -92.6146, 29.9192 ], [ -92.616, 30.0383 ], [ -92.7372, 30.0375 ], [ -92.7239, 30.0487 ] ] ] } },
{ "type": "Feature", "properties": { "GEOIDFQ": "1400000US22051023500", "NAME": "235", "NAMELSAD": "Census Tract 235" }, "geometry": { "type": "Polygon", "coordinates": [ [ [ -90.2318, 29.9972 ], [ -90.2192, 29.9964 ], [ -90.2149, 29.985 ], [ -90.234, 29.989 ], [ -90.2318, 29.9972 ] ] ] } },
{ "type": "Feature", "properties": { "GEOIDFQ": "1400000US22051023600", "NAME": "236", "NAMELSAD": "Census Tract 236" }, "geometry": { "type": "Polygon", "coordinates": [ [ [ -90.2341, 29.9888 ], [ -90.2149, 29.985 ], [ -90.2123, 29.9779 ], [ -90.2365, 29.98 ], [ -90.2341, 29.9888 ] ] ] } },
{ "type": "Feature", "properties": { "GEOIDFQ": "1400000US22051023700", "NAME": "237", "NAMELSAD": "Census Tract 237" }, "geometry": { "type": "Polygon", "coordinates": [ [ [ -90.2125, 29.9779 ], [ -90.2106, 29.9738 ], [ -90.2376, 29.9756 ], [ -90.2125, 29.9779 ] ] ] } },
{ "type": "Feature", "properties": { "GEOIDFQ": "1400000US22079012301", "NAME": "123.01", "NAMELSAD": "Census Tract 123.01" }, "geometry": { "type": "Polygon", "coordinates": [ [ [ -92.5, 31.2817 ], [ -92.4823, 31.2751 ], [ -92.5051, 31.2388 ], [ -92.5211, 31.2622 ], [ -92.5, 31.2817 ] ] ] } },
{ "type": "Feature", "properties": { "GEOIDFQ": "1400000US22017021600", "NAME": "216", "NAMELSAD": "Census Tract 216" }, "geometry": { "type": "Polygon", "coordinates": [ [ [ -93.7556, 32.4819 ], [ -93.7374, 32.4818 ], [ -93.7375, 32.4698 ], [ -93.7557, 32.4709 ], [ -93.7556, 32.4819 ] ] ] } },
{ "type": "Feature", "properties": { "GEOIDFQ": "1400000US22017021700", "NAME": "217", "NAMELSAD": "Census Tract 217" }, "geometry": { "type": "Polygon", "coordinates": [ [ [ -93.7765, 32.4818 ], [ -93.7556, 32.4819 ], [ -93.7557, 32.4692 ], [ -93.7801, 32.4719 ], [ -93.7765, 32.4818 ] ] ] } },
{ "type": "Feature", "properties": { "GEOIDFQ": "1400000US22017021800", "NAME": "218", "NAMELSAD": "Census Tract 218" }, "geometry": { "type": "Polygon", "coordinates": [ [ [ -93.7582, 32.4921 ], [ -93.7556, 32.4819 ], [ -93.78, 32.479 ], [ -93.7803, 32.4946 ], [ -93.7582, 32.4921 ] ] ] } },
{ "type": "Feature", "properties": { "GEOIDFQ": "1400000US22017022200", "NAME": "222", "NAMELSAD": "Census Tract 222" }, "geometry": { "type": "Polygon", "coordinates": [ [ [ -93.8283, 32.4857 ], [ -93.7972, 32.4859 ], [ -93.7973, 32.4723 ], [ -93.8446, 32.4563 ], [ -93.8283, 32.4857 ] ] ] } },
{ "type": "Feature", "properties": { "GEOIDFQ": "1400000US22051027811", "NAME": "278.11", "NAMELSAD": "Census Tract 278.11" }, "geometry": { "type": "Polygon", "coordinates": [ [ [ -90.0747, 29.8698 ], [ -90.0737, 29.8643 ], [ -90.0728, 29.8538 ], [ -90.079, 29.8509 ], [ -90.0817, 29.8691 ], [ -90.0747, 29.8698 ] ] ] } },
{ "type": "Feature", "properties": { "GEOIDFQ": "1400000US22051027812", "NAME": "278.12", "NAMELSAD": "Census Tract 278.12" }, "geometry": { "type": "Polygon", "coordinates": [ [ [ -90.0733, 29.8526 ], [ -90.0754, 29.8694 ], [ -90.07, 29.8711 ], [ -90.0579, 29.8369 ], [ -90.0687, 29.8285 ], [ -90.0717, 29.8068 ], [ -90.06, 29.7841 ], [ -90.0675, 29.7785 ], [ -90.0802, 29.7977 ], [ -90.0854, 29.8494 ], [ -90.0733, 29.8526 ] ] ] } },
{ "type": "Feature", "properties": { "GEOIDFQ": "1400000US22061960900", "NAME": "9609", "NAMELSAD": "Census Tract 9609" }, "geometry": { "type": "Polygon", "coordinates": [ [ [ -92.6183, 32.5245 ], [ -92.6178, 32.5168 ], [ -92.6482, 32.5155 ], [ -92.6503, 32.5225 ], [ -92.6183, 32.5245 ] ] ] } },
{ "type": "Feature", "properties": { "GEOIDFQ": "1400000US22017024504", "NAME": "245.04", "NAMELSAD": "Census Tract 245.04" }, "geometry": { "type": "Polygon", "coordinates": [ [ [ -94.0432, 32.6974 ], [ -94.0262, 32.6993 ], [ -93.9991, 32.7198 ], [ -93.988, 32.7196 ], [ -93.9775, 32.7024 ], [ -93.9635, 32.6961 ], [ -93.9158, 32.7109 ], [ -93.9028, 32.6811 ], [ -93.8918, 32.6767 ], [ -93.8885, 32.655 ], [ -93.8755, 32.6418 ], [ -93.897, 32.616 ], [ -93.8971, 32.5917 ], [ -93.9028, 32.5857 ], [ -93.9819, 32.5888 ], [ -93.9723, 32.5173 ], [ -94.0232, 32.5139 ], [ -94.031, 32.5189 ], [ -94.0433, 32.5162 ], [ -94.0432, 32.6974 ] ] ] } },
{ "type": "Feature", "properties": { "GEOIDFQ": "1400000US22017021100", "NAME": "211", "NAMELSAD": "Census Tract 211" }, "geometry": { "type": "Polygon", "coordinates": [ [ [ -93.7289, 32.5 ], [ -93.7289, 32.4926 ], [ -93.746, 32.4927 ], [ -93.7461, 32.4983 ], [ -93.7289, 32.5 ] ] ] } },
{ "type": "Feature", "properties": { "GEOIDFQ": "1400000US22017020500", "NAME": "205", "NAMELSAD": "Census Tract 205" }, "geometry": { "type": "Polygon", "coordinates": [ [ [ -93.7508, 32.5434 ], [ -93.7563, 32.5373 ], [ -93.7677, 32.5395 ], [ -93.7529, 32.5282 ], [ -93.7456, 32.5328 ], [ -93.7437, 32.5292 ], [ -93.7449, 32.5201 ], [ -93.7636, 32.5208 ], [ -93.7788, 32.5494 ], [ -93.7508, 32.5434 ] ] ] } },
{ "type": "Feature", "properties": { "GEOIDFQ": "1400000US22017022000", "NAME": "220", "NAMELSAD": "Census Tract 220" }, "geometry": { "type": "Polygon", "coordinates": [ [ [ -93.7803, 32.513 ], [ -93.7803, 32.495 ], [ -93.7887, 32.4991 ], [ -93.7982, 32.5136 ], [ -93.7803, 32.513 ] ] ] } },
{ "type": "Feature", "properties": { "GEOIDFQ": "1400000US22027950202", "NAME": "9502.02", "NAMELSAD": "Census Tract 9502.02" }, "geometry": { "type": "Polygon", "coordinates": [ [ [ -93.1579, 33.0178 ], [ -93.148, 32.9967 ], [ -93.1551, 32.9965 ], [ -93.1625, 32.9846 ], [ -93.1501, 32.9711 ], [ -93.169, 32.9703 ], [ -93.16, 32.9618 ], [ -93.1593, 32.9463 ], [ -93.1512, 32.9497 ], [ -93.1472, 32.9404 ], [ -93.1035, 32.9392 ], [ -93.1061, 32.9558 ], [ -93.0971, 32.9633 ], [ -93.1201, 32.9728 ], [ -93.1118, 32.995 ], [ -93.1209, 32.998 ], [ -93.1197, 33.0178 ], [ -92.9709, 33.0173 ], [ -92.9688, 33.0078 ], [ -92.9511, 33.0053 ], [ -92.9068, 32.9775 ], [ -92.9246, 32.9721 ], [ -92.9399, 32.9451 ], [ -92.9732, 32.9499 ], [ -92.9659, 32.9419 ], [ -92.9658, 32.9246 ], [ -92.968, 32.9183 ], [ -92.9782, 32.9208 ], [ -92.9907, 32.896 ], [ -93.0067, 32.9057 ], [ -93.0237, 32.9054 ], [ -93.0431, 32.902 ], [ -93.0452, 32.8913 ], [ -93.0604, 32.8871 ], [ -93.0614, 32.8768 ], [ -93.1074, 32.876 ], [ -93.0857, 32.8412 ], [ -93.0893, 32.8343 ], [ -93.1003, 32.8389 ], [ -93.1299, 32.8315 ], [ -93.151, 32.8393 ], [ -93.1528, 32.8237 ], [ -93.1755, 32.8061 ], [ -93.1836, 32.7881 ], [ -93.1973, 32.7897 ], [ -93.2002, 32.7831 ], [ -93.2378, 32.7706 ], [ -93.2386, 33.0179 ], [ -93.1579, 33.0178 ] ] ] } },
{ "type": "Feature", "properties": { "GEOIDFQ": "1400000US22027950201", "NAME": "9502.01", "NAMELSAD": "Census Tract 9502.01" }, "geometry": { "type": "Polygon", "coordinates": [ [ [ -93.2002, 32.7831 ], [ -93.1973, 32.7897 ], [ -93.1836, 32.7881 ], [ -93.1755, 32.8061 ], [ -93.1528, 32.8237 ], [ -93.151, 32.8393 ], [ -93.1299, 32.8315 ], [ -93.1003, 32.8389 ], [ -93.0893, 32.8343 ], [ -93.0857, 32.8412 ], [ -93.1074, 32.876 ], [ -93.0614, 32.8768 ], [ -93.0604, 32.8871 ], [ -93.0452, 32.8913 ], [ -93.0431, 32.902 ], [ -93.0068, 32.9058 ], [ -92.9908, 32.8959 ], [ -92.9731, 32.9226 ], [ -92.9564, 32.9128 ], [ -92.9699, 32.905 ], [ -92.9584, 32.8892 ], [ -92.9324, 32.8967 ], [ -92.9215, 32.8896 ], [ -92.962, 32.8722 ], [ -92.9743, 32.8494 ], [ -92.9891, 32.8463 ], [ -93.0291, 32.8005 ], [ -93.0515, 32.8096 ], [ -93.0758, 32.8104 ], [ -93.0677, 32.8016 ], [ -93.0944, 32.7914 ], [ -93.0966, 32.7748 ], [ -93.1291, 32.7624 ], [ -93.1512, 32.7429 ], [ -93.1696, 32.7438 ], [ -93.165, 32.7311 ], [ -93.1721, 32.7242 ], [ -93.1777, 32.7325 ], [ -93.187, 32.7239 ], [ -93.214, 32.7161 ], [ -93.2377, 32.716 ], [ -93.2378, 32.7706 ], [ -93.2002, 32.7831 ] ] ] } },
{ "type": "Feature", "properties": { "GEOIDFQ": "1400000US22105953702", "NAME": "9537.02", "NAMELSAD": "Census Tract 9537.02" }, "geometry": { "type": "Polygon", "coordinates": [ [ [ -90.3962, 30.7444 ], [ -90.3641, 30.7445 ], [ -90.3658, 30.6937 ], [ -90.3385, 30.6889 ], [ -90.3291, 30.6647 ], [ -90.3126, 30.6595 ], [ -90.3117, 30.6213 ], [ -90.2622, 30.6212 ], [ -90.2487, 30.6161 ], [ -90.2431, 30.5961 ], [ -90.2494, 30.5877 ], [ -90.2443, 30.5036 ], [ -90.3617, 30.5068 ], [ -90.36, 30.5337 ], [ -90.3733, 30.5445 ], [ -90.3751, 30.5564 ], [ -90.3964, 30.5619 ], [ -90.4004, 30.5697 ], [ -90.3941, 30.5754 ], [ -90.3985, 30.6496 ], [ -90.3969, 30.6786 ], [ -90.3915, 30.6819 ], [ -90.3972, 30.6962 ], [ -90.3928, 30.7226 ], [ -90.4014, 30.7244 ], [ -90.3962, 30.7444 ] ] ] } },
{ "type": "Feature", "properties": { "GEOIDFQ": "1400000US22105954602", "NAME": "9546.02", "NAMELSAD": "Census Tract 9546.02" }, "geometry": { "type": "Polygon", "coordinates": [ [ [ -90.3617, 30.5068 ], [ -90.2443, 30.5036 ], [ -90.2436, 30.3616 ], [ -90.2353, 30.3528 ], [ -90.2437, 30.3374 ], [ -90.2794, 30.3378 ], [ -90.271, 30.3478 ], [ -90.2833, 30.3797 ], [ -90.2964, 30.3775 ], [ -90.3049, 30.3909 ], [ -90.3122, 30.3887 ], [ -90.3245, 30.4041 ], [ -90.3369, 30.4057 ], [ -90.3315, 30.4297 ], [ -90.3356, 30.4272 ], [ -90.3384, 30.4304 ], [ -90.331, 30.4365 ], [ -90.3406, 30.4389 ], [ -90.3244, 30.4532 ], [ -90.3393, 30.4643 ], [ -90.339, 30.481 ], [ -90.3639, 30.4952 ], [ -90.3617, 30.5068 ] ] ] } },
{ "type": "Feature", "properties": { "GEOIDFQ": "1400000US22105953701", "NAME": "9537.01", "NAMELSAD": "Census Tract 9537.01" }, "geometry": { "type": "Polygon", "coordinates": [ [ [ -90.4843, 30.7291 ], [ -90.4501, 30.7341 ], [ -90.439, 30.7442 ], [ -90.3962, 30.7444 ], [ -90.4014, 30.7227 ], [ -90.3928, 30.7226 ], [ -90.3972, 30.6962 ], [ -90.3915, 30.6819 ], [ -90.3969, 30.6786 ], [ -90.3985, 30.6496 ], [ -90.3941, 30.5754 ], [ -90.4004, 30.5697 ], [ -90.4244, 30.5827 ], [ -90.4379, 30.6023 ], [ -90.4462, 30.5983 ], [ -90.4613, 30.6113 ], [ -90.4625, 30.6242 ], [ -90.4798, 30.6363 ], [ -90.4917, 30.674 ], [ -90.4843, 30.7291 ] ] ] } },
{ "type": "Feature", "properties": { "GEOIDFQ": "1400000US22105953602", "NAME": "9536.02", "NAMELSAD": "Census Tract 9536.02" }, "geometry": { "type": "Polygon", "coordinates": [ [ [ -90.5664, 30.7163 ], [ -90.5329, 30.7263 ], [ -90.5328, 30.6931 ], [ -90.5132, 30.6932 ], [ -90.5082, 30.6858 ], [ -90.5082, 30.708 ], [ -90.4962, 30.7076 ], [ -90.4858, 30.7186 ], [ -90.4917, 30.6737 ], [ -90.4796, 30.6371 ], [ -90.5671, 30.6431 ], [ -90.5664, 30.7163 ] ] ] } },
{ "type": "Feature", "properties": { "GEOIDFQ": "1400000US22105953601", "NAME": "9536.01", "NAMELSAD": "Census Tract 9536.01" }, "geometry": { "type": "Polygon", "coordinates": [ [ [ -90.5329, 30.7263 ], [ -90.4841, 30.7284 ], [ -90.4847, 30.7174 ], [ -90.4962, 30.7076 ], [ -90.5082, 30.708 ], [ -90.5082, 30.6858 ], [ -90.5132, 30.6932 ], [ -90.5328, 30.6931 ], [ -90.5329, 30.7263 ] ] ] } },
{ "type": "Feature", "properties": { "GEOIDFQ": "1400000US22105953901", "NAME": "9539.01", "NAMELSAD": "Census Tract 9539.01" }, "geometry": { "type": "Polygon", "coordinates": [ [ [ -90.5163, 30.5772 ], [ -90.4835, 30.5772 ], [ -90.4828, 30.5192 ], [ -90.5166, 30.5191 ], [ -90.5163, 30.5772 ] ] ] } },
{ "type": "Feature", "properties": { "GEOIDFQ": "1400000US22105954004", "NAME": "9540.04", "NAMELSAD": "Census Tract 9540.04" }, "geometry": { "type": "Polygon", "coordinates": [ [ [ -90.4617, 30.5485 ], [ -90.453, 30.5485 ], [ -90.4529, 30.5848 ], [ -90.4387, 30.6027 ], [ -90.4244, 30.5827 ], [ -90.4004, 30.5697 ], [ -90.4271, 30.552 ], [ -90.4426, 30.5125 ], [ -90.4615, 30.5183 ], [ -90.4617, 30.5485 ] ] ] } },
{ "type": "Feature", "properties": { "GEOIDFQ": "1400000US22105954103", "NAME": "9541.03", "NAMELSAD": "Census Tract 9541.03" }, "geometry": { "type": "Polygon", "coordinates": [ [ [ -90.5669, 30.5261 ], [ -90.5579, 30.5262 ], [ -90.5544, 30.5178 ], [ -90.5039, 30.5191 ], [ -90.498, 30.4914 ], [ -90.5619, 30.4839 ], [ -90.5669, 30.5261 ] ] ] } },
{ "type": "Feature", "properties": { "GEOIDFQ": "1400000US22033002200", "NAME": "22", "NAMELSAD": "Census Tract 22" }, "geometry": { "type": "Polygon", "coordinates": [ [ [ -91.1689, 30.4403 ], [ -91.1696, 30.4314 ], [ -91.177, 30.4311 ], [ -91.1802, 30.4397 ], [ -91.1689, 30.4403 ] ] ] } },
{ "type": "Feature", "properties": { "GEOIDFQ": "1400000US22033003201", "NAME": "32.01", "NAMELSAD": "Census Tract 32.01" }, "geometry": { "type": "Polygon", "coordinates": [ [ [ -91.1334, 30.5588 ], [ -91.1211, 30.5593 ], [ -91.1081, 30.5293 ], [ -91.1446, 30.524 ], [ -91.1334, 30.5588 ] ] ] } },
{ "type": "Feature", "properties": { "GEOIDFQ": "1400000US22033000601", "NAME": "6.01", "NAMELSAD": "Census Tract 6.01" }, "geometry": { "type": "Polygon", "coordinates": [ [ [ -91.1403, 30.4876 ], [ -91.1406, 30.4789 ], [ -91.1565, 30.4784 ], [ -91.1577, 30.4866 ], [ -91.1403, 30.4876 ] ] ] } },
{ "type": "Feature", "properties": { "GEOIDFQ": "1400000US22127960400", "NAME": "9604", "NAMELSAD": "Census Tract 9604" }, "geometry": { "type": "Polygon", "coordinates": [ [ [ -92.6328, 31.938 ], [ -92.6122, 31.9383 ], [ -92.6095, 31.9293 ], [ -92.6215, 31.9217 ], [ -92.6097, 31.8982 ], [ -92.6323, 31.8881 ], [ -92.6467, 31.897 ], [ -92.6328, 31.938 ] ] ] } },
{ "type": "Feature", "properties": { "GEOIDFQ": "1400000US22065960500", "NAME": "9605", "NAMELSAD": "Census Tract 9605" }, "geometry": { "type": "Polygon", "coordinates": [ [ [ -91.1925, 32.4094 ], [ -91.1863, 32.4069 ], [ -91.1821, 32.3851 ], [ -91.2057, 32.3959 ], [ -91.1925, 32.4094 ] ] ] } },
{ "type": "Feature", "properties": { "GEOIDFQ": "1400000US22033003604", "NAME": "36.04", "NAMELSAD": "Census Tract 36.04" }, "geometry": { "type": "Polygon", "coordinates": [ [ [ -91.0581, 30.4726 ], [ -91.0328, 30.4745 ], [ -91.0353, 30.4626 ], [ -91.0581, 30.4589 ], [ -91.0581, 30.4726 ] ] ] } },
{ "type": "Feature", "properties": { "GEOIDFQ": "1400000US22033003701", "NAME": "37.01", "NAMELSAD": "Census Tract 37.01" }, "geometry": { "type": "Polygon", "coordinates": [ [ [ -91.0721, 30.4567 ], [ -91.0662, 30.4345 ], [ -91.0806, 30.4317 ], [ -91.0958, 30.4529 ], [ -91.0721, 30.4567 ] ] ] } },
{ "type": "Feature", "properties": { "GEOIDFQ": "1400000US22033003601", "NAME": "36.01", "NAMELSAD": "Census Tract 36.01" }, "geometry": { "type": "Polygon", "coordinates": [ [ [ -91.0841, 30.4719 ], [ -91.0674, 30.4724 ], [ -91.0721, 30.4567 ], [ -91.0958, 30.4529 ], [ -91.1089, 30.4713 ], [ -91.0841, 30.4719 ] ] ] } },
{ "type": "Feature", "properties": { "GEOIDFQ": "1400000US22065960300", "NAME": "9603", "NAMELSAD": "Census Tract 9603" }, "geometry": { "type": "Polygon", "coordinates": [ [ [ -91.2002, 32.4238 ], [ -91.1801, 32.4222 ], [ -91.1925, 32.4094 ], [ -91.2069, 32.4175 ], [ -91.2002, 32.4238 ] ] ] } },
{ "type": "Feature", "properties": { "GEOIDFQ": "1400000US22065960200", "NAME": "9602", "NAMELSAD": "Census Tract 9602" }, "geometry": { "type": "Polygon", "coordinates": [ [ [ -91.5448, 32.2594 ], [ -91.5325, 32.2498 ], [ -91.5245, 32.2514 ], [ -91.5259, 32.3014 ], [ -91.5051, 32.2927 ], [ -91.5034, 32.3149 ], [ -91.4716, 32.3175 ], [ -91.4746, 32.3415 ], [ -91.4943, 32.3387 ], [ -91.501, 32.3441 ], [ -91.4853, 32.3663 ], [ -91.4737, 32.3516 ], [ -91.4508, 32.3613 ], [ -91.4526, 32.3697 ], [ -91.485, 32.3982 ], [ -91.4756, 32.4039 ], [ -91.4868, 32.4136 ], [ -91.486, 32.4359 ], [ -91.4715, 32.4344 ], [ -91.4861, 32.4873 ], [ -91.4803, 32.4984 ], [ -91.4852, 32.503 ], [ -91.4694, 32.5228 ], [ -91.4683, 32.535 ], [ -91.17, 32.5378 ], [ -91.1435, 32.4613 ], [ -91.1801, 32.4222 ], [ -91.2002, 32.4238 ], [ -91.2069, 32.4175 ], [ -91.1925, 32.4094 ], [ -91.2057, 32.3958 ], [ -91.1717, 32.3805 ], [ -91.1558, 32.3658 ], [ -91.1259, 32.3598 ], [ -91.1246, 32.3362 ], [ -91.1337, 32.3232 ], [ -91.1196, 32.3161 ], [ -91.1255, 32.2883 ], [ -91.1063, 32.2638 ], [ -91.1338, 32.2493 ], [ -91.2026, 32.2395 ], [ -91.2215, 32.2287 ], [ -91.2348, 32.21 ], [ -91.2518, 32.2237 ], [ -91.2677, 32.2247 ], [ -91.2706, 32.2312 ], [ -91.2873, 32.2177 ], [ -91.2975, 32.2197 ], [ -91.3139, 32.2128 ], [ -91.3214, 32.2029 ], [ -91.5458, 32.206 ], [ -91.538, 32.2205 ], [ -91.5177, 32.2256 ], [ -91.5095, 32.245 ], [ -91.5293, 32.2345 ], [ -91.5573, 32.2502 ], [ -91.5448, 32.2594 ] ] ] } },
{ "type": "Feature", "properties": { "GEOIDFQ": "1400000US22065960400", "NAME": "9604", "NAMELSAD": "Census Tract 9604" }, "geometry": { "type": "Polygon", "coordinates": [ [ [ -91.1913, 32.4105 ], [ -91.1749, 32.4276 ], [ -91.1693, 32.4194 ], [ -91.1729, 32.406 ], [ -91.1913, 32.4105 ] ] ] } },
{ "type": "Feature", "properties": { "GEOIDFQ": "1400000US22065960100", "NAME": "9601", "NAMELSAD": "Census Tract 9601" }, "geometry": { "type": "MultiPolygon", "coordinates": [ [ [ [ -91.0583, 32.181 ], [ -91.025, 32.1626 ], [ -91.0029, 32.1621 ], [ -91.005, 32.1429 ], [ -91.0193, 32.124 ], [ -91.039, 32.1204 ], [ -91.0536, 32.1244 ], [ -91.0485, 32.1502 ], [ -91.0583, 32.181 ] ] ], [ [ [ -91.1729, 32.406 ], [ -91.1693, 32.4194 ], [ -91.1762, 32.4254 ], [ -91.1435, 32.4613 ], [ -91.17, 32.5378 ], [ -91.1331, 32.5379 ], [ -91.1079, 32.5552 ], [ -91.1076, 32.5623 ], [ -91.0702, 32.5626 ], [ -91.0804, 32.5565 ], [ -91.0633, 32.5373 ], [ -90.9949, 32.5086 ], [ -90.9872, 32.4957 ], [ -90.9961, 32.4842 ], [ -91.0339, 32.4885 ], [ -91.0937, 32.5491 ], [ -91.1173, 32.495 ], [ -91.1131, 32.4777 ], [ -91.0967, 32.4599 ], [ -91.0526, 32.4382 ], [ -91.0282, 32.4337 ], [ -90.9955, 32.4509 ], [ -90.9696, 32.4395 ], [ -90.966, 32.4207 ], [ -90.9941, 32.4039 ], [ -91.0014, 32.3794 ], [ -91.0045, 32.3647 ], [ -90.9936, 32.354 ], [ -90.9124, 32.3395 ], [ -90.8916, 32.3715 ], [ -90.8756, 32.3735 ], [ -90.9026, 32.3196 ], [ -90.9222, 32.2986 ], [ -90.9498, 32.2831 ], [ -90.9641, 32.2969 ], [ -90.9795, 32.2937 ], [ -90.983, 32.2703 ], [ -90.9694, 32.2525 ], [ -90.9803, 32.2436 ], [ -90.9834, 32.2118 ], [ -90.9949, 32.1931 ], [ -90.9997, 32.1911 ], [ -91.0032, 32.1981 ], [ -91.0029, 32.223 ], [ -91.039, 32.2423 ], [ -91.0503, 32.2379 ], [ -91.0614, 32.2186 ], [ -91.0837, 32.2265 ], [ -91.1085, 32.2082 ], [ -91.124, 32.2111 ], [ -91.1212, 32.2392 ], [ -91.1338, 32.2493 ], [ -91.1041, 32.266 ], [ -91.1254, 32.2879 ], [ -91.1196, 32.3161 ], [ -91.1337, 32.3232 ], [ -91.1246, 32.3362 ], [ -91.1259, 32.3598 ], [ -91.1697, 32.3736 ], [ -91.1717, 32.3805 ], [ -91.1841, 32.3846 ], [ -91.1865, 32.4066 ], [ -91.1729, 32.406 ] ] ] ] } },
{ "type": "Feature", "properties": { "GEOIDFQ": "1400000US22033000500", "NAME": "5", "NAMELSAD": "Census Tract 5" }, "geometry": { "type": "Polygon", "coordinates": [ [ [ -91.1571, 30.4883 ], [ -91.1565, 30.4702 ], [ -91.1682, 30.4699 ], [ -91.1692, 30.488 ], [ -91.1571, 30.4883 ] ] ] } },
{ "type": "Feature", "properties": { "GEOIDFQ": "1400000US22015010805", "NAME": "108.05", "NAMELSAD": "Census Tract 108.05" }, "geometry": { "type": "Polygon", "coordinates": [ [ [ -93.6912, 32.4979 ], [ -93.6621, 32.4601 ], [ -93.6844, 32.4588 ], [ -93.6823, 32.4645 ], [ -93.6899, 32.463 ], [ -93.7009, 32.4818 ], [ -93.6912, 32.4979 ] ] ] } },
{ "type": "Feature", "properties": { "GEOIDFQ": "1400000US22015011002", "NAME": "110.02", "NAMELSAD": "Census Tract 110.02" }, "geometry": { "type": "Polygon", "coordinates": [ [ [ -93.6844, 32.4588 ], [ -93.6621, 32.4601 ], [ -93.6181, 32.4037 ], [ -93.5963, 32.3866 ], [ -93.5576, 32.3973 ], [ -93.5077, 32.4264 ], [ -93.4422, 32.4277 ], [ -93.4411, 32.4105 ], [ -93.3727, 32.4102 ], [ -93.393, 32.3943 ], [ -93.4199, 32.4007 ], [ -93.4283, 32.3884 ], [ -93.4223, 32.3752 ], [ -93.3998, 32.3628 ], [ -93.4267, 32.3092 ], [ -93.4188, 32.2847 ], [ -93.408, 32.2852 ], [ -93.4054, 32.2782 ], [ -93.4095, 32.2481 ], [ -93.4286, 32.2353 ], [ -93.4593, 32.2351 ], [ -93.4733, 32.2397 ], [ -93.4625, 32.251 ], [ -93.472, 32.2486 ], [ -93.4861, 32.2572 ], [ -93.4776, 32.2429 ], [ -93.4902, 32.2436 ], [ -93.4922, 32.2656 ], [ -93.5108, 32.2747 ], [ -93.501, 32.2853 ], [ -93.5247, 32.2733 ], [ -93.5152, 32.2978 ], [ -93.5387, 32.2899 ], [ -93.5538, 32.2945 ], [ -93.5385, 32.295 ], [ -93.5385, 32.3036 ], [ -93.5272, 32.311 ], [ -93.5389, 32.3184 ], [ -93.5457, 32.3066 ], [ -93.5506, 32.3195 ], [ -93.5638, 32.3211 ], [ -93.5615, 32.3267 ], [ -93.5501, 32.3218 ], [ -93.5442, 32.3259 ], [ -93.5553, 32.3314 ], [ -93.5566, 32.3456 ], [ -93.5636, 32.3323 ], [ -93.5796, 32.3275 ], [ -93.5834, 32.3313 ], [ -93.5727, 32.3405 ], [ -93.5855, 32.3358 ], [ -93.5849, 32.3479 ], [ -93.6203, 32.3504 ], [ -93.6033, 32.3781 ], [ -93.6256, 32.3619 ], [ -93.631, 32.3754 ], [ -93.6271, 32.3996 ], [ -93.6491, 32.3777 ], [ -93.6486, 32.388 ], [ -93.6357, 32.3959 ], [ -93.6497, 32.4036 ], [ -93.6678, 32.4047 ], [ -93.6624, 32.3879 ], [ -93.6835, 32.3933 ], [ -93.6852, 32.409 ], [ -93.6599, 32.4157 ], [ -93.6848, 32.4177 ], [ -93.6916, 32.4236 ], [ -93.68, 32.4336 ], [ -93.6734, 32.4209 ], [ -93.6614, 32.4276 ], [ -93.6931, 32.4492 ], [ -93.6844, 32.4588 ] ] ] } },
{ "type": "Feature", "properties": { "GEOIDFQ": "1400000US22041950300", "NAME": "9503", "NAMELSAD": "Census Tract 9503" }, "geometry": { "type": "Polygon", "coordinates": [ [ [ -91.7667, 32.1615 ], [ -91.7541, 32.1672 ], [ -91.7496, 32.1822 ], [ -91.7651, 32.2048 ], [ -91.7305, 32.2046 ], [ -91.7259, 32.1772 ], [ -91.7152, 32.1786 ], [ -91.7143, 32.1653 ], [ -91.6979, 32.1645 ], [ -91.698, 32.1422 ], [ -91.7324, 32.1462 ], [ -91.7285, 32.1534 ], [ -91.7667, 32.152 ], [ -91.7667, 32.1615 ] ] ] } },
{ "type": "Feature", "properties": { "GEOIDFQ": "1400000US22041950600", "NAME": "9506", "NAMELSAD": "Census Tract 9506" }, "geometry": { "type": "Polygon", "coordinates": [ [ [ -91.7662, 31.9145 ], [ -91.7664, 31.96 ], [ -91.7433, 31.9776 ], [ -91.7404, 31.9977 ], [ -91.6534, 31.9998 ], [ -91.6523, 32.0143 ], [ -91.6369, 32.0121 ], [ -91.6333, 31.9848 ], [ -91.6454, 31.9781 ], [ -91.648, 31.9547 ], [ -91.6681, 31.926 ], [ -91.6826, 31.9232 ], [ -91.6966, 31.9035 ], [ -91.7206, 31.8942 ], [ -91.7296, 31.8823 ], [ -91.7567, 31.8847 ], [ -91.7798, 31.8719 ], [ -91.7852, 31.8781 ], [ -91.7662, 31.9145 ] ] ] } },
{ "type": "Feature", "properties": { "GEOIDFQ": "1400000US22041950500", "NAME": "9505", "NAMELSAD": "Census Tract 9505" }, "geometry": { "type": "Polygon", "coordinates": [ [ [ -91.9148, 32.0774 ], [ -91.9127, 32.0852 ], [ -91.9019, 32.0827 ], [ -91.9014, 32.075 ], [ -91.8963, 32.0867 ], [ -91.8902, 32.0835 ], [ -91.8892, 32.0902 ], [ -91.8682, 32.0916 ], [ -91.8758, 32.1059 ], [ -91.8697, 32.1183 ], [ -91.876, 32.1273 ], [ -91.8852, 32.1198 ], [ -91.8831, 32.1323 ], [ -91.896, 32.1389 ], [ -91.8981, 32.1474 ], [ -91.8802, 32.1715 ], [ -91.8491, 32.1729 ], [ -91.8313, 32.1802 ], [ -91.8201, 32.205 ], [ -91.8144, 32.1972 ], [ -91.8402, 32.1536 ], [ -91.821, 32.1532 ], [ -91.8147, 32.1497 ], [ -91.8141, 32.1317 ], [ -91.7921, 32.129 ], [ -91.7892, 32.109 ], [ -91.8021, 32.103 ], [ -91.8029, 32.0931 ], [ -91.7838, 32.0996 ], [ -91.7756, 32.0741 ], [ -91.7526, 32.0571 ], [ -91.7551, 32.0368 ], [ -91.735, 32.0348 ], [ -91.7416, 31.9811 ], [ -91.7664, 31.96 ], [ -91.7662, 31.9145 ], [ -91.7797, 31.8885 ], [ -91.8049, 31.8932 ], [ -91.7947, 31.9034 ], [ -91.8015, 31.9061 ], [ -91.801, 31.9172 ], [ -91.8089, 31.9154 ], [ -91.8137, 31.9227 ], [ -91.8227, 31.9172 ], [ -91.8333, 31.927 ], [ -91.8279, 31.9354 ], [ -91.8414, 31.9351 ], [ -91.8503, 31.9449 ], [ -91.8443, 31.959 ], [ -91.8507, 31.9527 ], [ -91.8526, 31.9583 ], [ -91.8601, 31.9572 ], [ -91.8599, 31.9652 ], [ -91.8646, 31.9586 ], [ -91.8897, 31.9715 ], [ -91.9019, 31.9948 ], [ -91.8944, 32.0101 ], [ -91.9028, 32.0254 ], [ -91.8985, 32.033 ], [ -91.9042, 32.039 ], [ -91.8982, 32.0396 ], [ -91.9132, 32.0533 ], [ -91.9094, 32.0616 ], [ -91.917, 32.0571 ], [ -91.9221, 32.0663 ], [ -91.9332, 32.0669 ], [ -91.9148, 32.0774 ] ] ] } },
{ "type": "Feature", "properties": { "GEOIDFQ": "1400000US22041950400", "NAME": "9504", "NAMELSAD": "Census Tract 9504" }, "geometry": { "type": "Polygon", "coordinates": [ [ [ -91.7327, 32.0422 ], [ -91.7183, 32.0527 ], [ -91.7152, 32.0915 ], [ -91.7038, 32.0942 ], [ -91.6977, 32.0865 ], [ -91.687, 32.0867 ], [ -91.6848, 32.1267 ], [ -91.6725, 32.1228 ], [ -91.6695, 32.1119 ], [ -91.6469, 32.1119 ], [ -91.6463, 32.153 ], [ -91.6412, 32.1533 ], [ -91.6325, 32.1775 ], [ -91.6362, 32.1838 ], [ -91.6445, 32.1833 ], [ -91.6484, 32.1982 ], [ -91.6674, 32.188 ], [ -91.668, 32.2061 ], [ -91.6586, 32.2189 ], [ -91.6379, 32.2188 ], [ -91.6379, 32.2092 ], [ -91.6242, 32.2182 ], [ -91.5888, 32.2186 ], [ -91.5794, 32.2075 ], [ -91.4936, 32.2032 ], [ -91.4933, 32.1561 ], [ -91.4954, 32.1482 ], [ -91.5066, 32.1432 ], [ -91.5011, 32.1061 ], [ -91.5105, 32.1 ], [ -91.4896, 32.0914 ], [ -91.4916, 32.0704 ], [ -91.5017, 32.0664 ], [ -91.5102, 32.0213 ], [ -91.4949, 32.0031 ], [ -91.4976, 31.9913 ], [ -91.5148, 31.9854 ], [ -91.5122, 31.9754 ], [ -91.5283, 31.9608 ], [ -91.5128, 31.9541 ], [ -91.5102, 31.9398 ], [ -91.525, 31.9155 ], [ -91.5469, 31.9118 ], [ -91.5753, 31.8833 ], [ -91.597, 31.8832 ], [ -91.5964, 31.9704 ], [ -91.6475, 31.9705 ], [ -91.6333, 31.9848 ], [ -91.6369, 32.0121 ], [ -91.6523, 32.0143 ], [ -91.6534, 31.9998 ], [ -91.7404, 31.9977 ], [ -91.7327, 32.0422 ] ] ] } },
{ "type": "Feature", "properties": { "GEOIDFQ": "1400000US22041950100", "NAME": "9501", "NAMELSAD": "Census Tract 9501" }, "geometry": { "type": "Polygon", "coordinates": [ [ [ -91.7715, 32.2481 ], [ -91.7741, 32.2774 ], [ -91.7625, 32.2932 ], [ -91.7692, 32.2951 ], [ -91.7618, 32.2985 ], [ -91.7663, 32.3056 ], [ -91.7578, 32.3099 ], [ -91.7661, 32.311 ], [ -91.7591, 32.3177 ], [ -91.7613, 32.335 ], [ -91.7449, 32.3395 ], [ -91.7408, 32.3339 ], [ -91.7232, 32.3336 ], [ -91.7142, 32.3432 ], [ -91.7035, 32.3425 ], [ -91.6986, 32.3707 ], [ -91.6804, 32.3731 ], [ -91.68, 32.3843 ], [ -91.6495, 32.3894 ], [ -91.6411, 32.4031 ], [ -91.6311, 32.4036 ], [ -91.6351, 32.4058 ], [ -91.476, 32.405 ], [ -91.485, 32.3982 ], [ -91.4526, 32.3697 ], [ -91.451, 32.3606 ], [ -91.4737, 32.3516 ], [ -91.485, 32.3665 ], [ -91.5012, 32.3448 ], [ -91.4943, 32.3387 ], [ -91.4746, 32.3415 ], [ -91.4716, 32.3175 ], [ -91.5034, 32.3149 ], [ -91.5051, 32.2927 ], [ -91.5259, 32.3014 ], [ -91.5245, 32.2514 ], [ -91.5325, 32.2498 ], [ -91.5448, 32.2594 ], [ -91.5573, 32.2507 ], [ -91.5293, 32.2345 ], [ -91.51, 32.2458 ], [ -91.523, 32.2214 ], [ -91.5369, 32.2211 ], [ -91.556, 32.2047 ], [ -91.5794, 32.2075 ], [ -91.5888, 32.2186 ], [ -91.6242, 32.2182 ], [ -91.6379, 32.2092 ], [ -91.6379, 32.2188 ], [ -91.6586, 32.2189 ], [ -91.658, 32.2323 ], [ -91.7382, 32.2362 ], [ -91.7374, 32.2324 ], [ -91.772, 32.2324 ], [ -91.7672, 32.208 ], [ -91.7797, 32.2086 ], [ -91.7813, 32.2259 ], [ -91.794, 32.2291 ], [ -91.7715, 32.2481 ] ] ] } },
{ "type": "Feature", "properties": { "GEOIDFQ": "1400000US22041950200", "NAME": "9502", "NAMELSAD": "Census Tract 9502" }, "geometry": { "type": "Polygon", "coordinates": [ [ [ -91.8144, 32.1972 ], [ -91.8207, 32.2114 ], [ -91.8129, 32.2222 ], [ -91.809, 32.2181 ], [ -91.7825, 32.2268 ], [ -91.7797, 32.2086 ], [ -91.7672, 32.208 ], [ -91.772, 32.2324 ], [ -91.658, 32.2323 ], [ -91.6674, 32.188 ], [ -91.6484, 32.1982 ], [ -91.6445, 32.1833 ], [ -91.6362, 32.1838 ], [ -91.6325, 32.1775 ], [ -91.6412, 32.1533 ], [ -91.6463, 32.153 ], [ -91.6469, 32.1119 ], [ -91.6695, 32.1119 ], [ -91.6725, 32.1228 ], [ -91.6848, 32.1267 ], [ -91.687, 32.0867 ], [ -91.6977, 32.0865 ], [ -91.7038, 32.0942 ], [ -91.7152, 32.0915 ], [ -91.7185, 32.052 ], [ -91.735, 32.0348 ], [ -91.7551, 32.0368 ], [ -91.7526, 32.0571 ], [ -91.7756, 32.0741 ], [ -91.7838, 32.0996 ], [ -91.8029, 32.0931 ], [ -91.8021, 32.103 ], [ -91.7892, 32.109 ], [ -91.7921, 32.129 ], [ -91.8141, 32.1317 ], [ -91.8147, 32.1497 ], [ -91.821, 32.1532 ], [ -91.8402, 32.1537 ], [ -91.8144, 32.1972 ] ], [ [ -91.7285, 32.1534 ], [ -91.7324, 32.1462 ], [ -91.698, 32.1422 ], [ -91.6979, 32.1645 ], [ -91.7143, 32.1653 ], [ -91.7152, 32.1786 ], [ -91.7259, 32.1772 ], [ -91.7305, 32.2046 ], [ -91.7651, 32.2048 ], [ -91.7496, 32.1822 ], [ -91.7541, 32.1672 ], [ -91.7667, 32.1615 ], [ -91.7667, 32.1499 ], [ -91.7285, 32.1534 ] ] ] } },
{ "type": "Feature", "properties": { "GEOIDFQ": "1400000US22051020513", "NAME": "205.13", "NAMELSAD": "Census Tract 205.13" }, "geometry": { "type": "Polygon", "coordinates": [ [ [ -90.2375, 30.0421 ], [ -90.2341, 30.0446 ], [ -90.2284, 30.019 ], [ -90.2395, 30.0198 ], [ -90.2375, 30.0421 ] ] ] } },
{ "type": "Feature", "properties": { "GEOIDFQ": "1400000US22051020514", "NAME": "205.14", "NAMELSAD": "Census Tract 205.14" }, "geometry": { "type": "Polygon", "coordinates": [ [ [ -90.2207, 30.0356 ], [ -90.2257, 30.0188 ], [ -90.2332, 30.0233 ], [ -90.2336, 30.0378 ], [ -90.2207, 30.0356 ] ] ] } },
{ "type": "Feature", "properties": { "GEOIDFQ": "1400000US22051020600", "NAME": "206", "NAMELSAD": "Census Tract 206" }, "geometry": { "type": "Polygon", "coordinates": [ [ [ -90.2795, 30.0068 ], [ -90.2452, 30.0094 ], [ -90.2523, 29.9965 ], [ -90.2799, 29.9981 ], [ -90.2795, 30.0068 ] ] ] } },
{ "type": "Feature", "properties": { "GEOIDFQ": "1400000US22051021000", "NAME": "210", "NAMELSAD": "Census Tract 210" }, "geometry": { "type": "Polygon", "coordinates": [ [ [ -90.2476, 29.9917 ], [ -90.2341, 29.9888 ], [ -90.2367, 29.9794 ], [ -90.2514, 29.9814 ], [ -90.2476, 29.9917 ] ] ] } },
{ "type": "Feature", "properties": { "GEOIDFQ": "1400000US22051021100", "NAME": "211", "NAMELSAD": "Census Tract 211" }, "geometry": { "type": "Polygon", "coordinates": [ [ [ -90.2455, 29.9981 ], [ -90.2318, 29.9972 ], [ -90.2341, 29.9888 ], [ -90.2476, 29.9919 ], [ -90.2455, 29.9981 ] ] ] } },
{ "type": "Feature", "properties": { "GEOIDFQ": "1400000US22051021300", "NAME": "213", "NAMELSAD": "Census Tract 213" }, "geometry": { "type": "Polygon", "coordinates": [ [ [ -90.2257, 30.0188 ], [ -90.2247, 30.0188 ], [ -90.2191, 29.9964 ], [ -90.2318, 29.9972 ], [ -90.2257, 30.0188 ] ] ] } },
{ "type": "Feature", "properties": { "GEOIDFQ": "1400000US22051021500", "NAME": "215", "NAMELSAD": "Census Tract 215" }, "geometry": { "type": "Polygon", "coordinates": [ [ [ -90.2113, 30.0118 ], [ -90.2086, 30.0052 ], [ -90.2207, 30.0052 ], [ -90.2224, 30.0123 ], [ -90.2113, 30.0118 ] ] ] } },
{ "type": "Feature", "properties": { "GEOIDFQ": "1400000US22071007101", "NAME": "71.01", "NAMELSAD": "Census Tract 71.01" }, "geometry": { "type": "Polygon", "coordinates": [ [ [ -90.0969, 29.9664 ], [ -90.0904, 29.962 ], [ -90.1007, 29.9626 ], [ -90.11, 29.9718 ], [ -90.0969, 29.9664 ] ] ] } },
{ "type": "Feature", "properties": { "GEOIDFQ": "1400000US22073005204", "NAME": "52.04", "NAMELSAD": "Census Tract 52.04" }, "geometry": { "type": "Polygon", "coordinates": [ [ [ -92.2052, 32.5462 ], [ -92.1936, 32.5796 ], [ -92.1838, 32.6331 ], [ -92.1455, 32.5827 ], [ -92.1608, 32.5679 ], [ -92.1583, 32.5568 ], [ -92.1792, 32.5501 ], [ -92.1691, 32.5362 ], [ -92.2153, 32.5388 ], [ -92.2052, 32.5462 ] ] ] } },
{ "type": "Feature", "properties": { "GEOIDFQ": "1400000US22073010503", "NAME": "105.03", "NAMELSAD": "Census Tract 105.03" }, "geometry": { "type": "Polygon", "coordinates": [ [ [ -92.3957, 32.4131 ], [ -92.3772, 32.4137 ], [ -92.3382, 32.4297 ], [ -92.2956, 32.4595 ], [ -92.298, 32.408 ], [ -92.3087, 32.3807 ], [ -92.3057, 32.3543 ], [ -92.3175, 32.332 ], [ -92.3223, 32.3296 ], [ -92.41, 32.4037 ], [ -92.3957, 32.4131 ] ] ] } },
{ "type": "Feature", "properties": { "GEOIDFQ": "1400000US22073005203", "NAME": "52.03", "NAMELSAD": "Census Tract 52.03" }, "geometry": { "type": "Polygon", "coordinates": [ [ [ -92.1583, 32.5568 ], [ -92.1486, 32.5461 ], [ -92.1475, 32.5279 ], [ -92.1629, 32.5308 ], [ -92.1791, 32.5501 ], [ -92.1583, 32.5568 ] ] ] } },
{ "type": "Feature", "properties": { "GEOIDFQ": "1400000US22073011100", "NAME": "111", "NAMELSAD": "Census Tract 111" }, "geometry": { "type": "Polygon", "coordinates": [ [ [ -92.1554, 32.47 ], [ -92.1544, 32.4871 ], [ -92.1451, 32.4875 ], [ -92.1431, 32.4954 ], [ -92.1255, 32.5056 ], [ -92.1132, 32.4826 ], [ -92.13, 32.4884 ], [ -92.134, 32.4797 ], [ -92.1166, 32.4763 ], [ -92.1184, 32.4556 ], [ -92.1108, 32.4421 ], [ -92.1445, 32.4308 ], [ -92.1565, 32.446 ], [ -92.1494, 32.413 ], [ -92.1728, 32.44 ], [ -92.1554, 32.47 ] ] ] } },
{ "type": "Feature", "properties": { "GEOIDFQ": "1400000US22073010900", "NAME": "109", "NAMELSAD": "Census Tract 109" }, "geometry": { "type": "Polygon", "coordinates": [ [ [ -92.0753, 32.5018 ], [ -92.0689, 32.4727 ], [ -92.0858, 32.4844 ], [ -92.0979, 32.483 ], [ -92.1084, 32.4949 ], [ -92.0753, 32.5018 ] ] ] } },
{ "type": "Feature", "properties": { "GEOIDFQ": "1400000US22051027806", "NAME": "278.06", "NAMELSAD": "Census Tract 278.06" }, "geometry": { "type": "Polygon", "coordinates": [ [ [ -90.0987, 29.8791 ], [ -90.0976, 29.8626 ], [ -90.1092, 29.8529 ], [ -90.114, 29.8805 ], [ -90.0987, 29.8791 ] ] ] } },
{ "type": "Feature", "properties": { "GEOIDFQ": "1400000US22071001746", "NAME": "17.46", "NAMELSAD": "Census Tract 17.46" }, "geometry": { "type": "Polygon", "coordinates": [ [ [ -89.9475, 30.08 ], [ -89.9407, 30.0719 ], [ -89.9551, 30.0582 ], [ -89.9638, 30.0676 ], [ -89.9475, 30.08 ] ] ] } },
{ "type": "Feature", "properties": { "GEOIDFQ": "1400000US22127960300", "NAME": "9603", "NAMELSAD": "Census Tract 9603" }, "geometry": { "type": "Polygon", "coordinates": [ [ [ -92.6537, 31.9478 ], [ -92.6338, 31.9456 ], [ -92.6332, 31.9325 ], [ -92.6459, 31.9068 ], [ -92.6616, 31.9072 ], [ -92.66, 31.921 ], [ -92.6661, 31.9211 ], [ -92.6537, 31.9478 ] ] ] } },
{ "type": "Feature", "properties": { "GEOIDFQ": "1400000US22127960100", "NAME": "9601", "NAMELSAD": "Census Tract 9601" }, "geometry": { "type": "Polygon", "coordinates": [ [ [ -92.7573, 32.1232 ], [ -92.7366, 32.1332 ], [ -92.7264, 32.1468 ], [ -92.3119, 32.146 ], [ -92.3124, 31.8962 ], [ -92.3248, 31.8869 ], [ -92.3195, 31.8833 ], [ -92.3253, 31.8715 ], [ -92.3216, 31.8616 ], [ -92.3377, 31.854 ], [ -92.3291, 31.8489 ], [ -92.341, 31.8327 ], [ -92.3361, 31.8231 ], [ -92.3427, 31.8235 ], [ -92.3404, 31.8135 ], [ -92.362, 31.8083 ], [ -92.357, 31.8031 ], [ -92.3626, 31.7966 ], [ -92.5794, 31.7972 ], [ -92.5854, 31.8117 ], [ -92.5854, 31.8748 ], [ -92.6199, 31.9145 ], [ -92.6215, 31.9217 ], [ -92.6095, 31.9293 ], [ -92.612, 31.9381 ], [ -92.6318, 31.9372 ], [ -92.6338, 31.9456 ], [ -92.6537, 31.9478 ], [ -92.6555, 31.9988 ], [ -92.7043, 32.0188 ], [ -92.7255, 32.0202 ], [ -92.7282, 32.0381 ], [ -92.7606, 32.0808 ], [ -92.7669, 32.1072 ], [ -92.7573, 32.1232 ] ] ] } }
]
}
