{
"type": "FeatureCollection",
"name": "state_20_tracts_simplified",
"crs": { "type": "name", "properties": { "name": "urn:ogc:def:crs:OGC:1.3:CRS84" } },
"features": [
{ "type": "Feature", "properties": { "GEOIDFQ": "1400000US20033967600", "NAME": "9676", "NAMELSAD": "Census Tract 9676" }, "geometry": { "type": "Polygon", "coordinates": [ [ [ -99.5432, 37.3811 ], [ -99.0013, 37.3843 ], [ -99.0003, 36.9995 ], [ -99.5411, 36.9996 ], [ -99.5432, 37.3811 ] ] ] } },
{ "type": "Feature", "properties": { "GEOIDFQ": "1400000US20173003000", "NAME": "30", "NAMELSAD": "Census Tract 30" }, "geometry": { "type": "Polygon", "coordinates": [ [ [ -97.3736, 37.6731 ], [ -97.3529, 37.6733 ], [ -97.3709, 37.6605 ], [ -97.3736, 37.6731 ] ] ] } },
{ "type": "Feature", "properties": { "GEOIDFQ": "1400000US20173006900", "NAME": "69", "NAMELSAD": "Census Tract 69" }, "geometry": { "type": "Polygon", "coordinates": [ [ [ -97.2621, 37.6795 ], [ -97.2621, 37.6646 ], [ -97.2713, 37.6647 ], [ -97.2713, 37.6756 ], [ -97.2621, 37.6795 ] ] ] } },
{ "type": "Feature", "properties": { "GEOIDFQ": "1400000US20173000600", "NAME": "6", "NAMELSAD": "Census Tract 6" }, "geometry": { "type": "Polygon", "coordinates": [ [ [ -97.3105, 37.7154 ], [ -97.3105, 37.7009 ], [ -97.3176, 37.7005 ], [ -97.3245, 37.7227 ], [ -97.3105, 37.7154 ] ] ] } },
{ "type": "Feature", "properties": { "GEOIDFQ": "1400000US20173009402", "NAME": "94.02", "NAMELSAD": "Census Tract 94.02" }, "geometry": { "type": "Polygon", "coordinates": [ [ [ -97.4444, 37.6941 ], [ -97.4442, 37.6795 ], [ -97.4625, 37.6793 ], [ -97.4628, 37.6937 ], [ -97.4444, 37.6941 ] ] ] } },
{ "type": "Feature", "properties": { "GEOIDFQ": "1400000US20173006200", "NAME": "62", "NAMELSAD": "Census Tract 62" }, "geometry": { "type": "Polygon", "coordinates": [ [ [ -97.2988, 37.6609 ], [ -97.2987, 37.65 ], [ -97.3156, 37.6499 ], [ -97.3171, 37.6572 ], [ -97.2988, 37.6609 ] ] ] } },
{ "type": "Feature", "properties": { "GEOIDFQ": "1400000US20173009513", "NAME": "95.13", "NAMELSAD": "Census Tract 95.13" }, "geometry": { "type": "Polygon", "coordinates": [ [ [ -97.4445, 37.723 ], [ -97.4262, 37.7232 ], [ -97.4261, 37.7088 ], [ -97.4443, 37.7088 ], [ -97.4445, 37.723 ] ] ] } },
{ "type": "Feature", "properties": { "GEOIDFQ": "1400000US20155001300", "NAME": "13", "NAMELSAD": "Census Tract 13" }, "geometry": { "type": "Polygon", "coordinates": [ [ [ -98.004, 38.0714 ], [ -97.9874, 38.0524 ], [ -97.9329, 38.039 ], [ -97.8976, 38.0019 ], [ -97.8819, 37.9994 ], [ -97.8951, 37.9986 ], [ -97.9034, 37.9884 ], [ -97.9035, 37.9993 ], [ -97.9955, 37.9992 ], [ -97.9954, 38.028 ], [ -98.0138, 38.028 ], [ -98.0142, 38.0718 ], [ -98.004, 38.0714 ] ] ] } },
{ "type": "Feature", "properties": { "GEOIDFQ": "1400000US20155001600", "NAME": "16", "NAMELSAD": "Census Tract 16" }, "geometry": { "type": "Polygon", "coordinates": [ [ [ -98.3258, 38.1736 ], [ -98.216, 38.1735 ], [ -98.2159, 38.1588 ], [ -98.1422, 38.1595 ], [ -98.1423, 38.1739 ], [ -98.005, 38.1732 ], [ -98.0048, 38.1442 ], [ -98.0143, 38.1443 ], [ -98.0145, 38.1151 ], [ -98.0528, 38.1106 ], [ -98.0317, 38.0852 ], [ -98.0136, 38.0823 ], [ -98.0042, 38.0733 ], [ -98.0142, 38.0718 ], [ -98.0139, 38.0426 ], [ -98.1792, 38.0433 ], [ -98.1791, 38.0721 ], [ -98.2891, 38.0719 ], [ -98.2891, 38.0864 ], [ -98.326, 38.0873 ], [ -98.3258, 38.1736 ] ] ] } },
{ "type": "Feature", "properties": { "GEOIDFQ": "1400000US20155000300", "NAME": "3", "NAMELSAD": "Census Tract 3" }, "geometry": { "type": "Polygon", "coordinates": [ [ [ -97.9589, 38.0864 ], [ -97.9419, 38.0894 ], [ -97.9443, 38.1002 ], [ -97.9038, 38.101 ], [ -97.9038, 38.0906 ], [ -97.922, 38.0929 ], [ -97.9221, 38.0792 ], [ -97.9499, 38.0787 ], [ -97.9565, 38.0734 ], [ -97.9589, 38.0864 ] ] ] } },
{ "type": "Feature", "properties": { "GEOIDFQ": "1400000US20155001100", "NAME": "11", "NAMELSAD": "Census Tract 11" }, "geometry": { "type": "Polygon", "coordinates": [ [ [ -97.9405, 38.1737 ], [ -97.9039, 38.1737 ], [ -97.9037, 38.1157 ], [ -97.8643, 38.1156 ], [ -97.8614, 38.1302 ], [ -97.8117, 38.1301 ], [ -97.8116, 38.0575 ], [ -97.8302, 38.0575 ], [ -97.8302, 38.043 ], [ -97.8853, 38.0431 ], [ -97.8855, 38.0723 ], [ -97.8952, 38.0722 ], [ -97.8753, 38.101 ], [ -97.9409, 38.1013 ], [ -97.9405, 38.1737 ] ] ] } },
{ "type": "Feature", "properties": { "GEOIDFQ": "1400000US20155000200", "NAME": "2", "NAMELSAD": "Census Tract 2" }, "geometry": { "type": "Polygon", "coordinates": [ [ [ -97.922, 38.0929 ], [ -97.9128, 38.093 ], [ -97.9039, 38.0722 ], [ -97.922, 38.0645 ], [ -97.922, 38.0929 ] ] ] } },
{ "type": "Feature", "properties": { "GEOIDFQ": "1400000US20155001500", "NAME": "15", "NAMELSAD": "Census Tract 15" }, "geometry": { "type": "Polygon", "coordinates": [ [ [ -97.9039, 38.1737 ], [ -97.7018, 38.1738 ], [ -97.7019, 38.0141 ], [ -97.757, 38.0138 ], [ -97.757, 38.0285 ], [ -97.7753, 38.0285 ], [ -97.7754, 38.0574 ], [ -97.8116, 38.0575 ], [ -97.8117, 38.1301 ], [ -97.8614, 38.1302 ], [ -97.8643, 38.1156 ], [ -97.9037, 38.1157 ], [ -97.9039, 38.1737 ] ] ] } },
{ "type": "Feature", "properties": { "GEOIDFQ": "1400000US20155000800", "NAME": "8", "NAMELSAD": "Census Tract 8" }, "geometry": { "type": "Polygon", "coordinates": [ [ [ -97.9668, 38.0675 ], [ -97.9476, 38.0588 ], [ -97.9406, 38.0607 ], [ -97.9413, 38.0469 ], [ -97.906, 38.0481 ], [ -97.9037, 38.0293 ], [ -97.9132, 38.0171 ], [ -97.9329, 38.039 ], [ -97.967, 38.0463 ], [ -97.9668, 38.0675 ] ] ] } },
{ "type": "Feature", "properties": { "GEOIDFQ": "1400000US20155001400", "NAME": "14", "NAMELSAD": "Census Tract 14" }, "geometry": { "type": "Polygon", "coordinates": [ [ [ -98.1239, 37.9702 ], [ -98.1243, 38.0425 ], [ -98.0139, 38.0426 ], [ -98.0138, 38.028 ], [ -97.9954, 38.028 ], [ -97.9955, 37.9992 ], [ -97.9035, 37.9993 ], [ -97.9034, 37.9884 ], [ -97.8951, 37.9986 ], [ -97.8817, 37.9997 ], [ -97.8969, 38.0015 ], [ -97.9132, 38.0171 ], [ -97.9041, 38.0277 ], [ -97.9037, 38.0431 ], [ -97.8302, 38.043 ], [ -97.8302, 38.0575 ], [ -97.7754, 38.0574 ], [ -97.7753, 38.0285 ], [ -97.757, 38.0285 ], [ -97.757, 38.0138 ], [ -97.7019, 38.0141 ], [ -97.7021, 37.8252 ], [ -97.7192, 37.8252 ], [ -97.7178, 37.8078 ], [ -97.7363, 37.8077 ], [ -97.7361, 37.793 ], [ -97.8453, 37.7924 ], [ -97.8453, 37.8249 ], [ -97.9362, 37.8248 ], [ -97.9398, 37.8539 ], [ -97.922, 37.854 ], [ -97.922, 37.8831 ], [ -97.9038, 37.883 ], [ -97.9036, 37.8976 ], [ -97.9404, 37.8976 ], [ -97.9403, 37.9121 ], [ -98.1237, 37.9121 ], [ -98.1238, 37.9412 ], [ -98.1421, 37.9413 ], [ -98.1421, 37.9693 ], [ -98.1239, 37.9702 ] ] ] } },
{ "type": "Feature", "properties": { "GEOIDFQ": "1400000US20155000100", "NAME": "1", "NAMELSAD": "Census Tract 1" }, "geometry": { "type": "Polygon", "coordinates": [ [ [ -97.9038, 38.0906 ], [ -97.9038, 38.101 ], [ -97.8753, 38.101 ], [ -97.8952, 38.0722 ], [ -97.9039, 38.0722 ], [ -97.9038, 38.0794 ], [ -97.913, 38.0848 ], [ -97.9038, 38.0906 ] ] ] } },
{ "type": "Feature", "properties": { "GEOIDFQ": "1400000US20155001700", "NAME": "17", "NAMELSAD": "Census Tract 17" }, "geometry": { "type": "Polygon", "coordinates": [ [ [ -98.4728, 38.1728 ], [ -98.3258, 38.1736 ], [ -98.326, 38.0863 ], [ -98.2891, 38.0864 ], [ -98.2891, 38.0719 ], [ -98.1791, 38.0721 ], [ -98.1792, 38.0433 ], [ -98.1243, 38.0425 ], [ -98.1239, 37.9702 ], [ -98.1421, 37.9704 ], [ -98.1421, 37.9413 ], [ -98.1238, 37.9412 ], [ -98.1237, 37.9121 ], [ -98.0869, 37.9119 ], [ -98.0884, 37.8519 ], [ -98.1052, 37.8499 ], [ -98.1052, 37.8248 ], [ -98.1733, 37.8251 ], [ -98.1738, 37.8054 ], [ -98.2288, 37.8054 ], [ -98.2274, 37.7328 ], [ -98.4648, 37.7327 ], [ -98.4649, 37.8245 ], [ -98.4723, 37.8246 ], [ -98.4728, 38.1728 ] ] ] } },
{ "type": "Feature", "properties": { "GEOIDFQ": "1400000US20155001200", "NAME": "12", "NAMELSAD": "Census Tract 12" }, "geometry": { "type": "Polygon", "coordinates": [ [ [ -98.0145, 38.1151 ], [ -98.0143, 38.1443 ], [ -98.0048, 38.1442 ], [ -98.005, 38.1732 ], [ -97.9405, 38.1737 ], [ -97.9418, 38.0898 ], [ -97.9589, 38.0864 ], [ -97.9589, 38.0636 ], [ -97.9668, 38.0675 ], [ -97.967, 38.0463 ], [ -97.991, 38.0545 ], [ -98.0084, 38.0784 ], [ -98.0317, 38.0852 ], [ -98.0528, 38.1106 ], [ -98.0145, 38.1151 ] ] ] } },
{ "type": "Feature", "properties": { "GEOIDFQ": "1400000US20155001800", "NAME": "18", "NAMELSAD": "Census Tract 18" }, "geometry": { "type": "Polygon", "coordinates": [ [ [ -98.1738, 37.8054 ], [ -98.1733, 37.8251 ], [ -98.1052, 37.8248 ], [ -98.1052, 37.8499 ], [ -98.0884, 37.8519 ], [ -98.0869, 37.9119 ], [ -97.9403, 37.9121 ], [ -97.9404, 37.8976 ], [ -97.9036, 37.8976 ], [ -97.9038, 37.883 ], [ -97.922, 37.8831 ], [ -97.922, 37.854 ], [ -97.9398, 37.8539 ], [ -97.9362, 37.8248 ], [ -97.8453, 37.8249 ], [ -97.8453, 37.7924 ], [ -97.8045, 37.7923 ], [ -97.7361, 37.793 ], [ -97.7363, 37.8077 ], [ -97.7178, 37.8078 ], [ -97.7192, 37.8252 ], [ -97.6997, 37.8252 ], [ -97.6987, 37.7351 ], [ -98.2274, 37.7328 ], [ -98.2288, 37.8054 ], [ -98.1738, 37.8054 ] ] ] } },
{ "type": "Feature", "properties": { "GEOIDFQ": "1400000US20091053601", "NAME": "536.01", "NAMELSAD": "Census Tract 536.01" }, "geometry": { "type": "Polygon", "coordinates": [ [ [ -94.8242, 38.8835 ], [ -94.8236, 38.8677 ], [ -94.8344, 38.8677 ], [ -94.8345, 38.8837 ], [ -94.8242, 38.8835 ] ] ] } },
{ "type": "Feature", "properties": { "GEOIDFQ": "1400000US20091053509", "NAME": "535.09", "NAMELSAD": "Census Tract 535.09" }, "geometry": { "type": "Polygon", "coordinates": [ [ [ -94.8158, 38.8548 ], [ -94.7796, 38.8548 ], [ -94.7796, 38.8402 ], [ -94.8159, 38.84 ], [ -94.8158, 38.8548 ] ] ] } },
{ "type": "Feature", "properties": { "GEOIDFQ": "1400000US20091053510", "NAME": "535.10", "NAMELSAD": "Census Tract 535.10" }, "geometry": { "type": "Polygon", "coordinates": [ [ [ -94.7612, 38.8548 ], [ -94.7612, 38.8403 ], [ -94.7796, 38.8402 ], [ -94.7796, 38.8548 ], [ -94.7612, 38.8548 ] ] ] } },
{ "type": "Feature", "properties": { "GEOIDFQ": "1400000US20091053555", "NAME": "535.55", "NAMELSAD": "Census Tract 535.55" }, "geometry": { "type": "Polygon", "coordinates": [ [ [ -94.8062, 38.8879 ], [ -94.8012, 38.8836 ], [ -94.8218, 38.8776 ], [ -94.8242, 38.8865 ], [ -94.8062, 38.8879 ] ] ] } },
{ "type": "Feature", "properties": { "GEOIDFQ": "1400000US20091053556", "NAME": "535.56", "NAMELSAD": "Census Tract 535.56" }, "geometry": { "type": "Polygon", "coordinates": [ [ [ -94.8012, 38.8836 ], [ -94.7915, 38.8837 ], [ -94.7963, 38.8714 ], [ -94.8067, 38.8685 ], [ -94.8012, 38.8836 ] ] ] } },
{ "type": "Feature", "properties": { "GEOIDFQ": "1400000US20091053557", "NAME": "535.57", "NAMELSAD": "Census Tract 535.57" }, "geometry": { "type": "Polygon", "coordinates": [ [ [ -94.8218, 38.8776 ], [ -94.8036, 38.8806 ], [ -94.8066, 38.8676 ], [ -94.8232, 38.8681 ], [ -94.8218, 38.8776 ] ] ] } },
{ "type": "Feature", "properties": { "GEOIDFQ": "1400000US20023950200", "NAME": "9502", "NAMELSAD": "Census Tract 9502" }, "geometry": { "type": "Polygon", "coordinates": [ [ [ -101.411, 40.0025 ], [ -101.4139, 39.5684 ], [ -102.0498, 39.5682 ], [ -102.0518, 40.0 ], [ -101.411, 40.0025 ] ] ] } },
{ "type": "Feature", "properties": { "GEOIDFQ": "1400000US20091052904", "NAME": "529.04", "NAMELSAD": "Census Tract 529.04" }, "geometry": { "type": "Polygon", "coordinates": [ [ [ -94.8077, 38.9121 ], [ -94.7974, 38.9127 ], [ -94.7973, 38.8982 ], [ -94.8182, 38.8988 ], [ -94.8077, 38.9121 ] ] ] } },
{ "type": "Feature", "properties": { "GEOIDFQ": "1400000US20091053801", "NAME": "538.01", "NAMELSAD": "Census Tract 538.01" }, "geometry": { "type": "Polygon", "coordinates": [ [ [ -94.8714, 38.811 ], [ -94.761, 38.8111 ], [ -94.7603, 38.7382 ], [ -94.8716, 38.7383 ], [ -94.8714, 38.811 ] ] ] } },
{ "type": "Feature", "properties": { "GEOIDFQ": "1400000US20057962000", "NAME": "9620", "NAMELSAD": "Census Tract 9620" }, "geometry": { "type": "Polygon", "coordinates": [ [ [ -100.1057, 37.7624 ], [ -100.0513, 37.7543 ], [ -100.0513, 37.7584 ], [ -100.0235, 37.7582 ], [ -100.0227, 37.7517 ], [ -100.0329, 37.7522 ], [ -100.0331, 37.7365 ], [ -100.0195, 37.7364 ], [ -100.0151, 37.7216 ], [ -100.0332, 37.7221 ], [ -100.0333, 37.6928 ], [ -100.1062, 37.6943 ], [ -100.1057, 37.7624 ] ] ] } },
{ "type": "Feature", "properties": { "GEOIDFQ": "1400000US20057961600", "NAME": "9616", "NAMELSAD": "Census Tract 9616" }, "geometry": { "type": "Polygon", "coordinates": [ [ [ -100.2271, 37.914 ], [ -99.5699, 37.913 ], [ -99.5706, 37.8256 ], [ -99.5603, 37.8256 ], [ -99.5595, 37.7371 ], [ -99.5709, 37.7212 ], [ -99.5773, 37.6919 ], [ -99.6148, 37.6653 ], [ -99.6758, 37.6479 ], [ -99.7065, 37.6517 ], [ -99.7287, 37.6463 ], [ -99.7666, 37.6654 ], [ -99.7784, 37.6648 ], [ -99.7974, 37.6809 ], [ -99.8289, 37.6876 ], [ -99.8727, 37.7085 ], [ -99.9064, 37.7133 ], [ -99.9054, 37.826 ], [ -100.1059, 37.8262 ], [ -100.1057, 37.7624 ], [ -100.1792, 37.7834 ], [ -100.1791, 37.7766 ], [ -100.1967, 37.7872 ], [ -100.2148, 37.7874 ], [ -100.2146, 37.8268 ], [ -100.2274, 37.8268 ], [ -100.2271, 37.914 ] ] ] } },
{ "type": "Feature", "properties": { "GEOIDFQ": "1400000US20119966600", "NAME": "9666", "NAMELSAD": "Census Tract 9666" }, "geometry": { "type": "Polygon", "coordinates": [ [ [ -100.6526, 37.4748 ], [ -100.1072, 37.4748 ], [ -100.1074, 37.3871 ], [ -100.0915, 37.3869 ], [ -100.0895, 37.0023 ], [ -100.6333, 37.0001 ], [ -100.6338, 37.3876 ], [ -100.6527, 37.3876 ], [ -100.6526, 37.4748 ] ], [ [ -100.4351, 37.2856 ], [ -100.3627, 37.2855 ], [ -100.3625, 37.2709 ], [ -100.3445, 37.271 ], [ -100.3445, 37.2565 ], [ -100.2903, 37.2564 ], [ -100.2907, 37.3145 ], [ -100.3536, 37.3145 ], [ -100.372, 37.3434 ], [ -100.435, 37.3436 ], [ -100.4351, 37.2856 ] ] ] } },
{ "type": "Feature", "properties": { "GEOIDFQ": "1400000US20119966700", "NAME": "9667", "NAMELSAD": "Census Tract 9667" }, "geometry": { "type": "Polygon", "coordinates": [ [ [ -100.435, 37.3436 ], [ -100.4163, 37.3436 ], [ -100.3719, 37.3434 ], [ -100.3536, 37.3145 ], [ -100.2907, 37.3145 ], [ -100.2903, 37.2564 ], [ -100.3445, 37.2565 ], [ -100.3445, 37.271 ], [ -100.3625, 37.2709 ], [ -100.3627, 37.2855 ], [ -100.4351, 37.2856 ], [ -100.435, 37.3436 ] ] ] } },
{ "type": "Feature", "properties": { "GEOIDFQ": "1400000US20173007301", "NAME": "73.01", "NAMELSAD": "Census Tract 73.01" }, "geometry": { "type": "Polygon", "coordinates": [ [ [ -97.2262, 37.7084 ], [ -97.2262, 37.694 ], [ -97.2531, 37.6938 ], [ -97.2623, 37.7084 ], [ -97.2262, 37.7084 ] ] ] } },
{ "type": "Feature", "properties": { "GEOIDFQ": "1400000US20173007302", "NAME": "73.02", "NAMELSAD": "Census Tract 73.02" }, "geometry": { "type": "Polygon", "coordinates": [ [ [ -97.2262, 37.694 ], [ -97.2261, 37.6792 ], [ -97.2546, 37.6795 ], [ -97.2537, 37.6902 ], [ -97.2622, 37.6938 ], [ -97.2262, 37.694 ] ] ] } },
{ "type": "Feature", "properties": { "GEOIDFQ": "1400000US20173007600", "NAME": "76", "NAMELSAD": "Census Tract 76" }, "geometry": { "type": "Polygon", "coordinates": [ [ [ -97.2623, 37.723 ], [ -97.2622, 37.7011 ], [ -97.2554, 37.7011 ], [ -97.2531, 37.6938 ], [ -97.2714, 37.6938 ], [ -97.2807, 37.7219 ], [ -97.2623, 37.723 ] ] ] } },
{ "type": "Feature", "properties": { "GEOIDFQ": "1400000US20179952800", "NAME": "9528", "NAMELSAD": "Census Tract 9528" }, "geometry": { "type": "Polygon", "coordinates": [ [ [ -100.7202, 39.568 ], [ -100.1617, 39.5673 ], [ -100.1642, 39.132 ], [ -100.7213, 39.1334 ], [ -100.7202, 39.568 ] ] ] } },
{ "type": "Feature", "properties": { "GEOIDFQ": "1400000US20091052907", "NAME": "529.07", "NAMELSAD": "Census Tract 529.07" }, "geometry": { "type": "Polygon", "coordinates": [ [ [ -94.7641, 38.9201 ], [ -94.7609, 38.92 ], [ -94.761, 38.8982 ], [ -94.7854, 38.8984 ], [ -94.7641, 38.9201 ] ] ] } },
{ "type": "Feature", "properties": { "GEOIDFQ": "1400000US20091052908", "NAME": "529.08", "NAMELSAD": "Census Tract 529.08" }, "geometry": { "type": "Polygon", "coordinates": [ [ [ -94.7851, 38.8983 ], [ -94.761, 38.8982 ], [ -94.761, 38.8836 ], [ -94.7912, 38.8838 ], [ -94.7851, 38.8983 ] ] ] } },
{ "type": "Feature", "properties": { "GEOIDFQ": "1400000US20091053004", "NAME": "530.04", "NAMELSAD": "Census Tract 530.04" }, "geometry": { "type": "Polygon", "coordinates": [ [ [ -94.7375, 38.9348 ], [ -94.7236, 38.9351 ], [ -94.7237, 38.9129 ], [ -94.7425, 38.9151 ], [ -94.7375, 38.9348 ] ] ] } },
{ "type": "Feature", "properties": { "GEOIDFQ": "1400000US20091053005", "NAME": "530.05", "NAMELSAD": "Census Tract 530.05" }, "geometry": { "type": "Polygon", "coordinates": [ [ [ -94.7478, 38.9392 ], [ -94.7375, 38.9348 ], [ -94.7375, 38.9274 ], [ -94.7515, 38.9274 ], [ -94.7516, 38.9201 ], [ -94.764, 38.9202 ], [ -94.7478, 38.9392 ] ] ] } },
{ "type": "Feature", "properties": { "GEOIDFQ": "1400000US20091053007", "NAME": "530.07", "NAMELSAD": "Census Tract 530.07" }, "geometry": { "type": "Polygon", "coordinates": [ [ [ -94.7424, 38.9129 ], [ -94.7424, 38.8982 ], [ -94.761, 38.8982 ], [ -94.761, 38.9128 ], [ -94.7424, 38.9129 ] ] ] } },
{ "type": "Feature", "properties": { "GEOIDFQ": "1400000US20091053008", "NAME": "530.08", "NAMELSAD": "Census Tract 530.08" }, "geometry": { "type": "Polygon", "coordinates": [ [ [ -94.7237, 38.9129 ], [ -94.7237, 38.8983 ], [ -94.7424, 38.8982 ], [ -94.7424, 38.9129 ], [ -94.7237, 38.9129 ] ] ] } },
{ "type": "Feature", "properties": { "GEOIDFQ": "1400000US20091053009", "NAME": "530.09", "NAMELSAD": "Census Tract 530.09" }, "geometry": { "type": "Polygon", "coordinates": [ [ [ -94.7237, 38.9129 ], [ -94.7051, 38.9128 ], [ -94.7005, 38.8837 ], [ -94.7164, 38.8837 ], [ -94.7144, 38.8983 ], [ -94.7237, 38.8983 ], [ -94.7237, 38.9129 ] ] ] } },
{ "type": "Feature", "properties": { "GEOIDFQ": "1400000US20091053010", "NAME": "530.10", "NAMELSAD": "Census Tract 530.10" }, "geometry": { "type": "Polygon", "coordinates": [ [ [ -94.7424, 38.8982 ], [ -94.7144, 38.8983 ], [ -94.7164, 38.8837 ], [ -94.7424, 38.8836 ], [ -94.7424, 38.8982 ] ] ] } },
{ "type": "Feature", "properties": { "GEOIDFQ": "1400000US20091053011", "NAME": "530.11", "NAMELSAD": "Census Tract 530.11" }, "geometry": { "type": "Polygon", "coordinates": [ [ [ -94.7424, 38.8982 ], [ -94.7424, 38.8836 ], [ -94.761, 38.8836 ], [ -94.761, 38.8977 ], [ -94.7424, 38.8982 ] ] ] } },
{ "type": "Feature", "properties": { "GEOIDFQ": "1400000US20091053101", "NAME": "531.01", "NAMELSAD": "Census Tract 531.01" }, "geometry": { "type": "Polygon", "coordinates": [ [ [ -94.7047, 38.9349 ], [ -94.6863, 38.9343 ], [ -94.6864, 38.9129 ], [ -94.7051, 38.9132 ], [ -94.7047, 38.9349 ] ] ] } },
{ "type": "Feature", "properties": { "GEOIDFQ": "1400000US20091053102", "NAME": "531.02", "NAMELSAD": "Census Tract 531.02" }, "geometry": { "type": "Polygon", "coordinates": [ [ [ -94.6677, 38.9319 ], [ -94.6698, 38.9129 ], [ -94.6864, 38.9129 ], [ -94.6863, 38.934 ], [ -94.6677, 38.9319 ] ] ] } },
{ "type": "Feature", "properties": { "GEOIDFQ": "1400000US20091053105", "NAME": "531.05", "NAMELSAD": "Census Tract 531.05" }, "geometry": { "type": "Polygon", "coordinates": [ [ [ -94.6791, 38.9129 ], [ -94.6698, 38.9129 ], [ -94.6771, 38.9005 ], [ -94.6986, 38.9129 ], [ -94.6791, 38.9129 ] ] ] } },
{ "type": "Feature", "properties": { "GEOIDFQ": "1400000US20057961801", "NAME": "9618.01", "NAMELSAD": "Census Tract 9618.01" }, "geometry": { "type": "Polygon", "coordinates": [ [ [ -100.0162, 37.78 ], [ -99.9965, 37.7799 ], [ -99.9966, 37.7652 ], [ -100.0053, 37.7653 ], [ -100.0053, 37.7573 ], [ -100.0165, 37.7588 ], [ -100.0162, 37.78 ] ] ] } },
{ "type": "Feature", "properties": { "GEOIDFQ": "1400000US20057961902", "NAME": "9619.02", "NAMELSAD": "Census Tract 9619.02" }, "geometry": { "type": "Polygon", "coordinates": [ [ [ -100.0334, 37.8259 ], [ -100.033, 37.7802 ], [ -100.0162, 37.78 ], [ -100.0164, 37.7654 ], [ -100.0513, 37.7656 ], [ -100.052, 37.7714 ], [ -100.0675, 37.7553 ], [ -100.1057, 37.7624 ], [ -100.1059, 37.8257 ], [ -100.0334, 37.8259 ] ] ] } },
{ "type": "Feature", "properties": { "GEOIDFQ": "1400000US20057961901", "NAME": "9619.01", "NAMELSAD": "Census Tract 9619.01" }, "geometry": { "type": "Polygon", "coordinates": [ [ [ -100.052, 37.7714 ], [ -100.0513, 37.7656 ], [ -100.0164, 37.7654 ], [ -100.0165, 37.7582 ], [ -100.067, 37.7554 ], [ -100.052, 37.7714 ] ] ] } },
{ "type": "Feature", "properties": { "GEOIDFQ": "1400000US20057961802", "NAME": "9618.02", "NAMELSAD": "Census Tract 9618.02" }, "geometry": { "type": "Polygon", "coordinates": [ [ [ -99.9054, 37.826 ], [ -99.9065, 37.7221 ], [ -99.979, 37.7453 ], [ -99.979, 37.754 ], [ -100.0011, 37.7538 ], [ -100.0053, 37.7653 ], [ -99.9966, 37.7652 ], [ -99.9965, 37.7799 ], [ -100.033, 37.7802 ], [ -100.0334, 37.8255 ], [ -99.9054, 37.826 ] ] ] } },
{ "type": "Feature", "properties": { "GEOIDFQ": "1400000US20143085600", "NAME": "856", "NAMELSAD": "Census Tract 856" }, "geometry": { "type": "Polygon", "coordinates": [ [ [ -97.6675, 39.3066 ], [ -97.3698, 39.306 ], [ -97.3716, 38.9579 ], [ -97.6411, 38.958 ], [ -97.6399, 39.0085 ], [ -97.6517, 39.0462 ], [ -97.6511, 39.0995 ], [ -97.6693, 39.126 ], [ -97.6675, 39.3066 ] ] ] } },
{ "type": "Feature", "properties": { "GEOIDFQ": "1400000US20143085700", "NAME": "857", "NAMELSAD": "Census Tract 857" }, "geometry": { "type": "Polygon", "coordinates": [ [ [ -97.9287, 39.3065 ], [ -97.6675, 39.3066 ], [ -97.6693, 39.1231 ], [ -97.6511, 39.0995 ], [ -97.6517, 39.0462 ], [ -97.6399, 39.0085 ], [ -97.6411, 38.958 ], [ -97.9286, 38.9584 ], [ -97.9287, 39.3065 ] ] ] } },
{ "type": "Feature", "properties": { "GEOIDFQ": "1400000US20091052807", "NAME": "528.07", "NAMELSAD": "Census Tract 528.07" }, "geometry": { "type": "Polygon", "coordinates": [ [ [ -94.853, 38.9411 ], [ -94.8161, 38.9418 ], [ -94.816, 38.9127 ], [ -94.853, 38.9162 ], [ -94.853, 38.9411 ] ] ] } },
{ "type": "Feature", "properties": { "GEOIDFQ": "1400000US20091052609", "NAME": "526.09", "NAMELSAD": "Census Tract 526.09" }, "geometry": { "type": "Polygon", "coordinates": [ [ [ -94.9088, 38.9853 ], [ -94.8629, 38.9853 ], [ -94.8629, 38.9706 ], [ -94.8534, 38.9706 ], [ -94.8526, 38.9411 ], [ -94.902, 38.9486 ], [ -94.9087, 38.9527 ], [ -94.9088, 38.9853 ] ] ] } },
{ "type": "Feature", "properties": { "GEOIDFQ": "1400000US20091052613", "NAME": "526.13", "NAMELSAD": "Census Tract 526.13" }, "geometry": { "type": "Polygon", "coordinates": [ [ [ -94.8528, 39.029 ], [ -94.819, 39.0295 ], [ -94.821, 39.0092 ], [ -94.8542, 39.0083 ], [ -94.8528, 39.029 ] ] ] } },
{ "type": "Feature", "properties": { "GEOIDFQ": "1400000US20091052507", "NAME": "525.07", "NAMELSAD": "Census Tract 525.07" }, "geometry": { "type": "Polygon", "coordinates": [ [ [ -94.7762, 38.971 ], [ -94.7746, 38.9564 ], [ -94.7796, 38.9604 ], [ -94.7795, 38.9564 ], [ -94.8065, 38.9558 ], [ -94.8161, 38.9505 ], [ -94.8188, 38.9741 ], [ -94.7762, 38.971 ] ] ] } },
{ "type": "Feature", "properties": { "GEOIDFQ": "1400000US20091052307", "NAME": "523.07", "NAMELSAD": "Census Tract 523.07" }, "geometry": { "type": "Polygon", "coordinates": [ [ [ -94.7644, 39.0082 ], [ -94.7424, 39.0141 ], [ -94.7424, 39.0001 ], [ -94.7824, 38.9998 ], [ -94.7848, 39.0108 ], [ -94.7644, 39.0082 ] ] ] } },
{ "type": "Feature", "properties": { "GEOIDFQ": "1400000US20091052308", "NAME": "523.08", "NAMELSAD": "Census Tract 523.08" }, "geometry": { "type": "Polygon", "coordinates": [ [ [ -94.7425, 39.022 ], [ -94.7424, 39.0141 ], [ -94.7644, 39.0082 ], [ -94.7848, 39.0108 ], [ -94.7853, 39.0219 ], [ -94.7425, 39.022 ] ] ] } },
{ "type": "Feature", "properties": { "GEOIDFQ": "1400000US20091051911", "NAME": "519.11", "NAMELSAD": "Census Tract 519.11" }, "geometry": { "type": "Polygon", "coordinates": [ [ [ -94.6864, 38.9931 ], [ -94.6864, 38.9785 ], [ -94.6957, 38.9785 ], [ -94.6957, 38.9857 ], [ -94.705, 38.9848 ], [ -94.7051, 38.993 ], [ -94.6864, 38.9931 ] ] ] } },
{ "type": "Feature", "properties": { "GEOIDFQ": "1400000US20091052702", "NAME": "527.02", "NAMELSAD": "Census Tract 527.02" }, "geometry": { "type": "Polygon", "coordinates": [ [ [ -95.0365, 38.945 ], [ -95.0125, 38.9614 ], [ -94.9338, 38.9601 ], [ -94.9123, 38.9549 ], [ -94.9055, 38.9378 ], [ -94.9146, 38.9244 ], [ -94.9087, 38.9237 ], [ -94.9089, 38.8691 ], [ -95.0561, 38.8696 ], [ -95.0562, 38.9409 ], [ -95.0365, 38.945 ] ] ] } },
{ "type": "Feature", "properties": { "GEOIDFQ": "1400000US20091052804", "NAME": "528.04", "NAMELSAD": "Census Tract 528.04" }, "geometry": { "type": "Polygon", "coordinates": [ [ [ -94.9087, 38.9527 ], [ -94.853, 38.9411 ], [ -94.8523, 38.9127 ], [ -94.8849, 38.9127 ], [ -94.9078, 38.9319 ], [ -94.9087, 38.9527 ] ] ] } },
{ "type": "Feature", "properties": { "GEOIDFQ": "1400000US20091052506", "NAME": "525.06", "NAMELSAD": "Census Tract 525.06" }, "geometry": { "type": "Polygon", "coordinates": [ [ [ -94.8161, 38.9505 ], [ -94.8071, 38.9556 ], [ -94.7795, 38.9564 ], [ -94.7794, 38.9418 ], [ -94.8161, 38.942 ], [ -94.8161, 38.9505 ] ] ] } },
{ "type": "Feature", "properties": { "GEOIDFQ": "1400000US20177002100", "NAME": "21", "NAMELSAD": "Census Tract 21" }, "geometry": { "type": "Polygon", "coordinates": [ [ [ -95.7106, 39.0586 ], [ -95.6932, 39.0569 ], [ -95.697, 39.0458 ], [ -95.7107, 39.0459 ], [ -95.7106, 39.0586 ] ] ] } },
{ "type": "Feature", "properties": { "GEOIDFQ": "1400000US20177002200", "NAME": "22", "NAMELSAD": "Census Tract 22" }, "geometry": { "type": "Polygon", "coordinates": [ [ [ -95.693, 39.0741 ], [ -95.6784, 39.067 ], [ -95.6876, 39.068 ], [ -95.6932, 39.0569 ], [ -95.7061, 39.0586 ], [ -95.7065, 39.0718 ], [ -95.693, 39.0741 ] ] ] } },
{ "type": "Feature", "properties": { "GEOIDFQ": "1400000US20103070500", "NAME": "705", "NAMELSAD": "Census Tract 705" }, "geometry": { "type": "Polygon", "coordinates": [ [ [ -94.9101, 39.3055 ], [ -94.9005, 39.3016 ], [ -94.8891, 39.2888 ], [ -94.8997, 39.2888 ], [ -94.8998, 39.2743 ], [ -94.8911, 39.2738 ], [ -94.8906, 39.2669 ], [ -94.9186, 39.2668 ], [ -94.9185, 39.2886 ], [ -94.9276, 39.2995 ], [ -94.9101, 39.3055 ] ] ] } },
{ "type": "Feature", "properties": { "GEOIDFQ": "1400000US20103070200", "NAME": "702", "NAMELSAD": "Census Tract 702" }, "geometry": { "type": "Polygon", "coordinates": [ [ [ -94.9208, 39.3284 ], [ -94.9188, 39.3193 ], [ -94.9324, 39.3194 ], [ -94.9416, 39.3253 ], [ -94.9208, 39.3284 ] ] ] } },
{ "type": "Feature", "properties": { "GEOIDFQ": "1400000US20103070900", "NAME": "709", "NAMELSAD": "Census Tract 709" }, "geometry": { "type": "Polygon", "coordinates": [ [ [ -94.969, 39.4189 ], [ -94.9548, 39.4138 ], [ -94.9382, 39.3871 ], [ -94.9384, 39.3756 ], [ -94.9456, 39.3754 ], [ -94.9465, 39.3378 ], [ -94.9503, 39.3417 ], [ -94.9609, 39.3278 ], [ -94.9553, 39.3269 ], [ -94.9554, 39.3175 ], [ -95.1799, 39.3179 ], [ -95.1809, 39.4192 ], [ -94.969, 39.4189 ] ] ] } },
{ "type": "Feature", "properties": { "GEOIDFQ": "1400000US20103071400", "NAME": "714", "NAMELSAD": "Census Tract 714" }, "geometry": { "type": "Polygon", "coordinates": [ [ [ -95.1318, 39.073 ], [ -95.1314, 39.0526 ], [ -95.1203, 39.0512 ], [ -95.1214, 39.0295 ], [ -95.1312, 39.0295 ], [ -95.1311, 39.0227 ], [ -95.0542, 39.0584 ], [ -94.9088, 39.0579 ], [ -94.9088, 38.9914 ], [ -94.9201, 38.9837 ], [ -94.917, 38.9989 ], [ -94.9299, 39.002 ], [ -94.9444, 38.9864 ], [ -94.9623, 38.9819 ], [ -94.9804, 38.9924 ], [ -95.0211, 39.0 ], [ -95.0253, 38.9823 ], [ -95.0351, 38.9749 ], [ -95.0666, 38.9871 ], [ -95.0848, 38.9824 ], [ -95.0868, 38.9743 ], [ -95.0745, 38.9644 ], [ -95.0852, 38.9538 ], [ -95.1009, 38.9562 ], [ -95.1109, 38.9693 ], [ -95.1397, 38.9694 ], [ -95.1641, 38.9816 ], [ -95.1695, 38.9665 ], [ -95.1862, 38.9645 ], [ -95.1876, 39.0731 ], [ -95.1318, 39.073 ] ] ] } },
{ "type": "Feature", "properties": { "GEOIDFQ": "1400000US20103070400", "NAME": "704", "NAMELSAD": "Census Tract 704" }, "geometry": { "type": "Polygon", "coordinates": [ [ [ -94.9245, 39.3159 ], [ -94.9061, 39.3147 ], [ -94.9005, 39.3016 ], [ -94.9101, 39.3055 ], [ -94.9137, 39.3007 ], [ -94.9276, 39.3008 ], [ -94.9245, 39.3159 ] ] ] } },
{ "type": "Feature", "properties": { "GEOIDFQ": "1400000US20209042200", "NAME": "422", "NAMELSAD": "Census Tract 422" }, "geometry": { "type": "Polygon", "coordinates": [ [ [ -94.6579, 39.1095 ], [ -94.6494, 39.106 ], [ -94.6494, 39.0963 ], [ -94.6716, 39.1015 ], [ -94.6579, 39.1095 ] ] ] } },
{ "type": "Feature", "properties": { "GEOIDFQ": "1400000US20209042300", "NAME": "423", "NAMELSAD": "Census Tract 423" }, "geometry": { "type": "Polygon", "coordinates": [ [ [ -94.6494, 39.106 ], [ -94.6354, 39.1008 ], [ -94.6353, 39.0922 ], [ -94.6494, 39.0982 ], [ -94.6494, 39.106 ] ] ] } },
{ "type": "Feature", "properties": { "GEOIDFQ": "1400000US20209042400", "NAME": "424", "NAMELSAD": "Census Tract 424" }, "geometry": { "type": "Polygon", "coordinates": [ [ [ -94.6215, 39.1026 ], [ -94.626, 39.0926 ], [ -94.6353, 39.092 ], [ -94.6354, 39.1008 ], [ -94.6215, 39.1026 ] ] ] } },
{ "type": "Feature", "properties": { "GEOIDFQ": "1400000US20209042600", "NAME": "426", "NAMELSAD": "Census Tract 426" }, "geometry": { "type": "Polygon", "coordinates": [ [ [ -94.6446, 39.0892 ], [ -94.6259, 39.0875 ], [ -94.6256, 39.0787 ], [ -94.6484, 39.08 ], [ -94.6446, 39.0892 ] ] ] } },
{ "type": "Feature", "properties": { "GEOIDFQ": "1400000US20155000400", "NAME": "4", "NAMELSAD": "Census Tract 4" }, "geometry": { "type": "Polygon", "coordinates": [ [ [ -97.959, 38.0747 ], [ -97.9407, 38.0787 ], [ -97.9406, 38.0607 ], [ -97.9591, 38.0631 ], [ -97.959, 38.0747 ] ] ] } },
{ "type": "Feature", "properties": { "GEOIDFQ": "1400000US20209044602", "NAME": "446.02", "NAMELSAD": "Census Tract 446.02" }, "geometry": { "type": "Polygon", "coordinates": [ [ [ -94.7755, 39.2006 ], [ -94.7629, 39.18 ], [ -94.7428, 39.1678 ], [ -94.791, 39.1816 ], [ -94.8187, 39.2016 ], [ -94.7755, 39.2006 ] ] ] } },
{ "type": "Feature", "properties": { "GEOIDFQ": "1400000US20209044603", "NAME": "446.03", "NAMELSAD": "Census Tract 446.03" }, "geometry": { "type": "Polygon", "coordinates": [ [ [ -94.7141, 39.1704 ], [ -94.6888, 39.1832 ], [ -94.6739, 39.1836 ], [ -94.6616, 39.1774 ], [ -94.6592, 39.1578 ], [ -94.6508, 39.1541 ], [ -94.6919, 39.1645 ], [ -94.7428, 39.1678 ], [ -94.7141, 39.1704 ] ] ] } },
{ "type": "Feature", "properties": { "GEOIDFQ": "1400000US20005081600", "NAME": "816", "NAMELSAD": "Census Tract 816" }, "geometry": { "type": "Polygon", "coordinates": [ [ [ -95.5641, 39.6529 ], [ -95.1252, 39.6529 ], [ -95.1152, 39.6525 ], [ -95.1153, 39.6405 ], [ -95.099, 39.6348 ], [ -95.098, 39.6209 ], [ -95.1038, 39.6166 ], [ -95.1342, 39.6164 ], [ -95.1341, 39.6092 ], [ -95.1624, 39.6093 ], [ -95.1653, 39.602 ], [ -95.1906, 39.6021 ], [ -95.1904, 39.5948 ], [ -95.2273, 39.5947 ], [ -95.2282, 39.5656 ], [ -95.2179, 39.5656 ], [ -95.2174, 39.5207 ], [ -95.1329, 39.5206 ], [ -95.1329, 39.514 ], [ -95.1149, 39.5131 ], [ -95.0919, 39.5195 ], [ -95.0855, 39.51 ], [ -95.0774, 39.5136 ], [ -95.061, 39.5072 ], [ -95.0506, 39.4975 ], [ -95.0408, 39.4664 ], [ -94.9875, 39.4446 ], [ -94.969, 39.4189 ], [ -95.5704, 39.4191 ], [ -95.5641, 39.6529 ] ] ] } },
{ "type": "Feature", "properties": { "GEOIDFQ": "1400000US20005081800", "NAME": "818", "NAMELSAD": "Census Tract 818" }, "geometry": { "type": "Polygon", "coordinates": [ [ [ -95.1798, 39.5461 ], [ -95.1472, 39.5569 ], [ -95.1129, 39.5596 ], [ -95.1066, 39.5377 ], [ -95.0774, 39.5136 ], [ -95.0855, 39.51 ], [ -95.0946, 39.5197 ], [ -95.1146, 39.5131 ], [ -95.1329, 39.514 ], [ -95.1329, 39.5206 ], [ -95.2174, 39.5207 ], [ -95.2178, 39.5502 ], [ -95.1798, 39.5461 ] ] ] } },
{ "type": "Feature", "properties": { "GEOIDFQ": "1400000US20209043803", "NAME": "438.03", "NAMELSAD": "Census Tract 438.03" }, "geometry": { "type": "Polygon", "coordinates": [ [ [ -94.7112, 39.0865 ], [ -94.6951, 39.0851 ], [ -94.7004, 39.0549 ], [ -94.7145, 39.0549 ], [ -94.7112, 39.0865 ] ] ] } },
{ "type": "Feature", "properties": { "GEOIDFQ": "1400000US20209043904", "NAME": "439.04", "NAMELSAD": "Census Tract 439.04" }, "geometry": { "type": "Polygon", "coordinates": [ [ [ -94.706, 39.1285 ], [ -94.7051, 39.1166 ], [ -94.7379, 39.1168 ], [ -94.7401, 39.1254 ], [ -94.706, 39.1285 ] ] ] } },
{ "type": "Feature", "properties": { "GEOIDFQ": "1400000US20209043905", "NAME": "439.05", "NAMELSAD": "Census Tract 439.05" }, "geometry": { "type": "Polygon", "coordinates": [ [ [ -94.6816, 39.1167 ], [ -94.6779, 39.1044 ], [ -94.6799, 39.0997 ], [ -94.7024, 39.1025 ], [ -94.71, 39.0933 ], [ -94.7361, 39.1013 ], [ -94.7431, 39.1167 ], [ -94.6816, 39.1167 ] ] ] } },
{ "type": "Feature", "properties": { "GEOIDFQ": "1400000US20209044102", "NAME": "441.02", "NAMELSAD": "Census Tract 441.02" }, "geometry": { "type": "Polygon", "coordinates": [ [ [ -94.7605, 39.1164 ], [ -94.7605, 39.1052 ], [ -94.7791, 39.1049 ], [ -94.7791, 39.1164 ], [ -94.7605, 39.1164 ] ] ] } },
{ "type": "Feature", "properties": { "GEOIDFQ": "1400000US20155000500", "NAME": "5", "NAMELSAD": "Census Tract 5" }, "geometry": { "type": "Polygon", "coordinates": [ [ [ -97.9231, 38.0809 ], [ -97.922, 38.0608 ], [ -97.9406, 38.0607 ], [ -97.9407, 38.0787 ], [ -97.9231, 38.0809 ] ] ] } },
{ "type": "Feature", "properties": { "GEOIDFQ": "1400000US20155000600", "NAME": "6", "NAMELSAD": "Census Tract 6" }, "geometry": { "type": "Polygon", "coordinates": [ [ [ -97.9406, 38.0607 ], [ -97.922, 38.0608 ], [ -97.9225, 38.0475 ], [ -97.9414, 38.0484 ], [ -97.9406, 38.0607 ] ] ] } },
{ "type": "Feature", "properties": { "GEOIDFQ": "1400000US20155001000", "NAME": "10", "NAMELSAD": "Census Tract 10" }, "geometry": { "type": "Polygon", "coordinates": [ [ [ -97.9028, 38.0673 ], [ -97.8855, 38.0723 ], [ -97.8853, 38.0431 ], [ -97.9037, 38.0431 ], [ -97.9028, 38.0673 ] ] ] } },
{ "type": "Feature", "properties": { "GEOIDFQ": "1400000US20209044103", "NAME": "441.03", "NAMELSAD": "Census Tract 441.03" }, "geometry": { "type": "Polygon", "coordinates": [ [ [ -94.7885, 39.1286 ], [ -94.7571, 39.1284 ], [ -94.7605, 39.1164 ], [ -94.7885, 39.1164 ], [ -94.7885, 39.1286 ] ] ] } },
{ "type": "Feature", "properties": { "GEOIDFQ": "1400000US20209044201", "NAME": "442.01", "NAMELSAD": "Census Tract 442.01" }, "geometry": { "type": "Polygon", "coordinates": [ [ [ -94.7895, 39.1432 ], [ -94.7571, 39.1431 ], [ -94.7571, 39.1285 ], [ -94.7897, 39.1302 ], [ -94.7895, 39.1432 ] ] ] } },
{ "type": "Feature", "properties": { "GEOIDFQ": "1400000US20209044301", "NAME": "443.01", "NAMELSAD": "Census Tract 443.01" }, "geometry": { "type": "Polygon", "coordinates": [ [ [ -94.7339, 39.1504 ], [ -94.715, 39.1503 ], [ -94.7057, 39.1483 ], [ -94.7058, 39.143 ], [ -94.734, 39.1431 ], [ -94.7339, 39.1504 ] ] ] } },
{ "type": "Feature", "properties": { "GEOIDFQ": "1400000US20091051908", "NAME": "519.08", "NAMELSAD": "Census Tract 519.08" }, "geometry": { "type": "Polygon", "coordinates": [ [ [ -94.6863, 38.9421 ], [ -94.6863, 38.9343 ], [ -94.7047, 38.9349 ], [ -94.705, 38.942 ], [ -94.6863, 38.9421 ] ] ] } },
{ "type": "Feature", "properties": { "GEOIDFQ": "1400000US20091052418", "NAME": "524.18", "NAMELSAD": "Census Tract 524.18" }, "geometry": { "type": "Polygon", "coordinates": [ [ [ -94.7051, 38.993 ], [ -94.7051, 38.9882 ], [ -94.7237, 38.9856 ], [ -94.7237, 38.9928 ], [ -94.7051, 38.993 ] ] ] } },
{ "type": "Feature", "properties": { "GEOIDFQ": "1400000US20091052421", "NAME": "524.21", "NAMELSAD": "Census Tract 524.21" }, "geometry": { "type": "Polygon", "coordinates": [ [ [ -94.7423, 38.9856 ], [ -94.7237, 38.9856 ], [ -94.7179, 38.9807 ], [ -94.7236, 38.9711 ], [ -94.7411, 38.971 ], [ -94.7423, 38.9856 ] ] ] } },
{ "type": "Feature", "properties": { "GEOIDFQ": "1400000US20091052306", "NAME": "523.06", "NAMELSAD": "Census Tract 523.06" }, "geometry": { "type": "Polygon", "coordinates": [ [ [ -94.7571, 39.0437 ], [ -94.7425, 39.022 ], [ -94.7853, 39.0219 ], [ -94.7892, 39.0436 ], [ -94.7571, 39.0437 ] ] ] } },
{ "type": "Feature", "properties": { "GEOIDFQ": "1400000US20049965100", "NAME": "9651", "NAMELSAD": "Census Tract 9651" }, "geometry": { "type": "Polygon", "coordinates": [ [ [ -96.5253, 37.607 ], [ -95.961, 37.6038 ], [ -95.9644, 37.2992 ], [ -96.5249, 37.3027 ], [ -96.5253, 37.607 ] ] ] } },
{ "type": "Feature", "properties": { "GEOIDFQ": "1400000US20177001000", "NAME": "10", "NAMELSAD": "Census Tract 10" }, "geometry": { "type": "Polygon", "coordinates": [ [ [ -95.6509, 39.0671 ], [ -95.6318, 39.0626 ], [ -95.6318, 39.055 ], [ -95.6583, 39.0549 ], [ -95.6509, 39.0671 ] ] ] } },
{ "type": "Feature", "properties": { "GEOIDFQ": "1400000US20155000700", "NAME": "7", "NAMELSAD": "Census Tract 7" }, "geometry": { "type": "Polygon", "coordinates": [ [ [ -97.9131, 38.0721 ], [ -97.8952, 38.0722 ], [ -97.9033, 38.0666 ], [ -97.906, 38.0481 ], [ -97.9225, 38.0475 ], [ -97.9131, 38.0721 ] ] ] } },
{ "type": "Feature", "properties": { "GEOIDFQ": "1400000US20173007102", "NAME": "71.02", "NAMELSAD": "Census Tract 71.02" }, "geometry": { "type": "Polygon", "coordinates": [ [ [ -97.2359, 37.6735 ], [ -97.2261, 37.6751 ], [ -97.2262, 37.6647 ], [ -97.2502, 37.6647 ], [ -97.2359, 37.6735 ] ] ] } },
{ "type": "Feature", "properties": { "GEOIDFQ": "1400000US20173010801", "NAME": "108.01", "NAMELSAD": "Census Tract 108.01" }, "geometry": { "type": "Polygon", "coordinates": [ [ [ -97.2806, 37.7455 ], [ -97.2368, 37.7443 ], [ -97.2263, 37.7374 ], [ -97.2806, 37.7376 ], [ -97.2806, 37.7455 ] ] ] } },
{ "type": "Feature", "properties": { "GEOIDFQ": "1400000US20173009603", "NAME": "96.03", "NAMELSAD": "Census Tract 96.03" }, "geometry": { "type": "Polygon", "coordinates": [ [ [ -97.4258, 37.6357 ], [ -97.4035, 37.6443 ], [ -97.3957, 37.6087 ], [ -97.4259, 37.6102 ], [ -97.4258, 37.6357 ] ] ] } },
{ "type": "Feature", "properties": { "GEOIDFQ": "1400000US20173007101", "NAME": "71.01", "NAMELSAD": "Census Tract 71.01" }, "geometry": { "type": "Polygon", "coordinates": [ [ [ -97.2261, 37.6792 ], [ -97.2261, 37.6751 ], [ -97.2444, 37.6694 ], [ -97.2536, 37.672 ], [ -97.2537, 37.6776 ], [ -97.2261, 37.6792 ] ] ] } },
{ "type": "Feature", "properties": { "GEOIDFQ": "1400000US20013480600", "NAME": "4806", "NAMELSAD": "Census Tract 4806" }, "geometry": { "type": "Polygon", "coordinates": [ [ [ -95.7881, 40.0005 ], [ -95.3399, 40.0 ], [ -95.3397, 39.9003 ], [ -95.3681, 39.9001 ], [ -95.3681, 39.8856 ], [ -95.6013, 39.8847 ], [ -95.6015, 39.7398 ], [ -95.6203, 39.7398 ], [ -95.6204, 39.6528 ], [ -95.7889, 39.653 ], [ -95.7881, 40.0005 ] ] ] } },
{ "type": "Feature", "properties": { "GEOIDFQ": "1400000US20013480700", "NAME": "4807", "NAMELSAD": "Census Tract 4807" }, "geometry": { "type": "Polygon", "coordinates": [ [ [ -95.6011, 39.8849 ], [ -95.4895, 39.8851 ], [ -95.4897, 39.8127 ], [ -95.5035, 39.8128 ], [ -95.5034, 39.8251 ], [ -95.6017, 39.8268 ], [ -95.6011, 39.8849 ] ] ] } },
{ "type": "Feature", "properties": { "GEOIDFQ": "1400000US20013480800", "NAME": "4808", "NAMELSAD": "Census Tract 4808" }, "geometry": { "type": "Polygon", "coordinates": [ [ [ -95.6203, 39.7398 ], [ -95.6015, 39.7398 ], [ -95.6017, 39.825 ], [ -95.5034, 39.8251 ], [ -95.5035, 39.8128 ], [ -95.4897, 39.8127 ], [ -95.4895, 39.8851 ], [ -95.3681, 39.8856 ], [ -95.3681, 39.9001 ], [ -95.3397, 39.9003 ], [ -95.3397, 39.653 ], [ -95.6204, 39.6528 ], [ -95.6203, 39.7398 ] ] ] } },
{ "type": "Feature", "properties": { "GEOIDFQ": "1400000US20091053508", "NAME": "535.08", "NAMELSAD": "Census Tract 535.08" }, "geometry": { "type": "Polygon", "coordinates": [ [ [ -94.7954, 38.8724 ], [ -94.7796, 38.8691 ], [ -94.7796, 38.8548 ], [ -94.8158, 38.8553 ], [ -94.7954, 38.8724 ] ] ] } },
{ "type": "Feature", "properties": { "GEOIDFQ": "1400000US20091053429", "NAME": "534.29", "NAMELSAD": "Census Tract 534.29" }, "geometry": { "type": "Polygon", "coordinates": [ [ [ -94.608, 38.8698 ], [ -94.608, 38.855 ], [ -94.6491, 38.8547 ], [ -94.6492, 38.8692 ], [ -94.608, 38.8698 ] ] ] } },
{ "type": "Feature", "properties": { "GEOIDFQ": "1400000US20091052004", "NAME": "520.04", "NAMELSAD": "Census Tract 520.04" }, "geometry": { "type": "Polygon", "coordinates": [ [ [ -94.6933, 39.0149 ], [ -94.6978, 38.993 ], [ -94.7051, 38.993 ], [ -94.7052, 39.0148 ], [ -94.6933, 39.0149 ] ] ] } },
{ "type": "Feature", "properties": { "GEOIDFQ": "1400000US20091052001", "NAME": "520.01", "NAMELSAD": "Census Tract 520.01" }, "geometry": { "type": "Polygon", "coordinates": [ [ [ -94.6933, 39.0149 ], [ -94.6865, 39.0149 ], [ -94.6864, 38.9931 ], [ -94.6974, 38.9934 ], [ -94.6933, 39.0149 ] ] ] } },
{ "type": "Feature", "properties": { "GEOIDFQ": "1400000US20091053703", "NAME": "537.03", "NAMELSAD": "Census Tract 537.03" }, "geometry": { "type": "Polygon", "coordinates": [ [ [ -94.9275, 38.8081 ], [ -94.9089, 38.8113 ], [ -94.9088, 38.7964 ], [ -94.9275, 38.797 ], [ -94.9275, 38.8081 ] ] ] } },
{ "type": "Feature", "properties": { "GEOIDFQ": "1400000US20091053705", "NAME": "537.05", "NAMELSAD": "Census Tract 537.05" }, "geometry": { "type": "Polygon", "coordinates": [ [ [ -94.9089, 38.8113 ], [ -94.8839, 38.8114 ], [ -94.9085, 38.7953 ], [ -94.9089, 38.8113 ] ] ] } },
{ "type": "Feature", "properties": { "GEOIDFQ": "1400000US20113788500", "NAME": "7885", "NAMELSAD": "Census Tract 7885" }, "geometry": { "type": "Polygon", "coordinates": [ [ [ -97.6616, 38.3766 ], [ -97.6628, 38.3622 ], [ -97.676, 38.3623 ], [ -97.6761, 38.3767 ], [ -97.6616, 38.3766 ] ] ] } },
{ "type": "Feature", "properties": { "GEOIDFQ": "1400000US20113788600", "NAME": "7886", "NAMELSAD": "Census Tract 7886" }, "geometry": { "type": "Polygon", "coordinates": [ [ [ -97.722, 38.3913 ], [ -97.6752, 38.3911 ], [ -97.676, 38.3623 ], [ -97.6628, 38.3622 ], [ -97.6616, 38.3727 ], [ -97.6116, 38.3835 ], [ -97.6116, 38.3478 ], [ -97.6212, 38.3478 ], [ -97.6215, 38.34 ], [ -97.6539, 38.3398 ], [ -97.6963, 38.3277 ], [ -97.705, 38.3187 ], [ -97.7222, 38.3205 ], [ -97.722, 38.3913 ] ] ] } },
{ "type": "Feature", "properties": { "GEOIDFQ": "1400000US20045001400", "NAME": "14", "NAMELSAD": "Census Tract 14" }, "geometry": { "type": "Polygon", "coordinates": [ [ [ -95.4911, 39.0177 ], [ -95.431, 39.0019 ], [ -95.3438, 38.9967 ], [ -95.3345, 38.9785 ], [ -95.3372, 38.9432 ], [ -95.3302, 38.9314 ], [ -95.315, 38.9241 ], [ -95.3063, 38.9261 ], [ -95.3043, 38.9196 ], [ -95.2726, 38.9188 ], [ -95.2607, 38.911 ], [ -95.26, 38.8723 ], [ -95.2697, 38.8551 ], [ -95.2712, 38.8335 ], [ -95.2684, 38.7386 ], [ -95.5007, 38.7388 ], [ -95.5013, 39.0149 ], [ -95.4911, 39.0177 ] ] ] } },
{ "type": "Feature", "properties": { "GEOIDFQ": "1400000US20045001203", "NAME": "12.03", "NAMELSAD": "Census Tract 12.03" }, "geometry": { "type": "Polygon", "coordinates": [ [ [ -95.2712, 38.8333 ], [ -95.2447, 38.8333 ], [ -95.2382, 38.8261 ], [ -95.1864, 38.826 ], [ -95.1864, 38.8405 ], [ -95.0562, 38.8406 ], [ -95.0564, 38.7386 ], [ -95.2684, 38.7386 ], [ -95.2712, 38.8333 ] ] ] } },
{ "type": "Feature", "properties": { "GEOIDFQ": "1400000US20045000801", "NAME": "8.01", "NAMELSAD": "Census Tract 8.01" }, "geometry": { "type": "Polygon", "coordinates": [ [ [ -95.2795, 38.9427 ], [ -95.2792, 38.9211 ], [ -95.3057, 38.92 ], [ -95.3063, 38.9261 ], [ -95.315, 38.9241 ], [ -95.3302, 38.9314 ], [ -95.3372, 38.9432 ], [ -95.2795, 38.9427 ] ] ] } },
{ "type": "Feature", "properties": { "GEOIDFQ": "1400000US20045000501", "NAME": "5.01", "NAMELSAD": "Census Tract 5.01" }, "geometry": { "type": "Polygon", "coordinates": [ [ [ -95.2604, 38.99 ], [ -95.2391, 38.9921 ], [ -95.236, 38.9731 ], [ -95.2613, 38.9743 ], [ -95.2604, 38.99 ] ] ] } },
{ "type": "Feature", "properties": { "GEOIDFQ": "1400000US20045001500", "NAME": "15", "NAMELSAD": "Census Tract 15" }, "geometry": { "type": "Polygon", "coordinates": [ [ [ -95.5003, 39.0567 ], [ -95.4917, 39.0541 ], [ -95.4567, 39.0683 ], [ -95.4307, 39.0693 ], [ -95.4025, 39.061 ], [ -95.3899, 39.0499 ], [ -95.3491, 39.0329 ], [ -95.3282, 39.0317 ], [ -95.2918, 39.0415 ], [ -95.2837, 39.0208 ], [ -95.2432, 39.0027 ], [ -95.2391, 38.9921 ], [ -95.431, 39.0019 ], [ -95.5011, 39.0182 ], [ -95.5003, 39.0567 ] ] ] } },
{ "type": "Feature", "properties": { "GEOIDFQ": "1400000US20045001201", "NAME": "12.01", "NAMELSAD": "Census Tract 12.01" }, "geometry": { "type": "Polygon", "coordinates": [ [ [ -95.2697, 38.8551 ], [ -95.26, 38.8723 ], [ -95.2607, 38.911 ], [ -95.2443, 38.9096 ], [ -95.2318, 38.9153 ], [ -95.2233, 38.9109 ], [ -95.2211, 38.9154 ], [ -95.2142, 38.9112 ], [ -95.2152, 38.9172 ], [ -95.196, 38.918 ], [ -95.1769, 38.91 ], [ -95.1768, 38.95 ], [ -95.2037, 38.9577 ], [ -95.1987, 38.9664 ], [ -95.1695, 38.9665 ], [ -95.1641, 38.9816 ], [ -95.1515, 38.9763 ], [ -95.1492, 38.8406 ], [ -95.1864, 38.8405 ], [ -95.1864, 38.826 ], [ -95.2382, 38.8261 ], [ -95.2447, 38.8333 ], [ -95.2712, 38.8335 ], [ -95.2697, 38.8551 ] ] ] } },
{ "type": "Feature", "properties": { "GEOIDFQ": "1400000US20045001002", "NAME": "10.02", "NAMELSAD": "Census Tract 10.02" }, "geometry": { "type": "Polygon", "coordinates": [ [ [ -95.2234, 38.9499 ], [ -95.2142, 38.95 ], [ -95.2142, 38.9427 ], [ -95.1768, 38.94 ], [ -95.1769, 38.91 ], [ -95.196, 38.918 ], [ -95.2152, 38.9172 ], [ -95.2138, 38.9115 ], [ -95.2211, 38.9154 ], [ -95.2236, 38.9109 ], [ -95.2234, 38.9499 ] ] ] } },
{ "type": "Feature", "properties": { "GEOIDFQ": "1400000US20045001202", "NAME": "12.02", "NAMELSAD": "Census Tract 12.02" }, "geometry": { "type": "Polygon", "coordinates": [ [ [ -95.1488, 38.9743 ], [ -95.1375, 38.9691 ], [ -95.1109, 38.9693 ], [ -95.1009, 38.9562 ], [ -95.0852, 38.9538 ], [ -95.0745, 38.9644 ], [ -95.0868, 38.9743 ], [ -95.0848, 38.9824 ], [ -95.0687, 38.9871 ], [ -95.0563, 38.9821 ], [ -95.0562, 38.8406 ], [ -95.1492, 38.8406 ], [ -95.1488, 38.9743 ] ] ] } },
{ "type": "Feature", "properties": { "GEOIDFQ": "1400000US20009971200", "NAME": "9712", "NAMELSAD": "Census Tract 9712" }, "geometry": { "type": "Polygon", "coordinates": [ [ [ -99.033, 38.6968 ], [ -98.7199, 38.6967 ], [ -98.7198, 38.5506 ], [ -98.8487, 38.5507 ], [ -98.8487, 38.5361 ], [ -98.8303, 38.5361 ], [ -98.8301, 38.4487 ], [ -98.8671, 38.4487 ], [ -98.8667, 38.3617 ], [ -98.8851, 38.3617 ], [ -98.8847, 38.3325 ], [ -98.8662, 38.3327 ], [ -98.8665, 38.3042 ], [ -98.9106, 38.2844 ], [ -98.9329, 38.2613 ], [ -99.0323, 38.2612 ], [ -99.033, 38.6968 ] ] ] } },
{ "type": "Feature", "properties": { "GEOIDFQ": "1400000US20009971700", "NAME": "9717", "NAMELSAD": "Census Tract 9717" }, "geometry": { "type": "Polygon", "coordinates": [ [ [ -98.7743, 38.3686 ], [ -98.7567, 38.3687 ], [ -98.7558, 38.3579 ], [ -98.7744, 38.3546 ], [ -98.7743, 38.3686 ] ] ] } },
{ "type": "Feature", "properties": { "GEOIDFQ": "1400000US20009971100", "NAME": "9711", "NAMELSAD": "Census Tract 9711" }, "geometry": { "type": "Polygon", "coordinates": [ [ [ -98.7382, 38.5507 ], [ -98.7198, 38.5506 ], [ -98.7199, 38.6967 ], [ -98.48, 38.6969 ], [ -98.4798, 38.2608 ], [ -98.664, 38.261 ], [ -98.6644, 38.4201 ], [ -98.6841, 38.42 ], [ -98.691, 38.4055 ], [ -98.7378, 38.4053 ], [ -98.7382, 38.5507 ] ] ] } },
{ "type": "Feature", "properties": { "GEOIDFQ": "1400000US20059954400", "NAME": "9544", "NAMELSAD": "Census Tract 9544" }, "geometry": { "type": "Polygon", "coordinates": [ [ [ -95.2689, 38.5899 ], [ -95.27, 38.6172 ], [ -95.2614, 38.6216 ], [ -95.2363, 38.6038 ], [ -95.2342, 38.5937 ], [ -95.244, 38.584 ], [ -95.2772, 38.5759 ], [ -95.2689, 38.5899 ] ] ] } },
{ "type": "Feature", "properties": { "GEOIDFQ": "1400000US20059954500", "NAME": "9545", "NAMELSAD": "Census Tract 9545" }, "geometry": { "type": "Polygon", "coordinates": [ [ [ -95.435, 38.5035 ], [ -95.4076, 38.5255 ], [ -95.383, 38.5326 ], [ -95.3563, 38.5519 ], [ -95.2421, 38.5849 ], [ -95.2341, 38.5941 ], [ -95.2263, 38.6364 ], [ -95.1004, 38.6973 ], [ -95.0564, 38.7112 ], [ -95.0567, 38.6949 ], [ -95.0658, 38.6946 ], [ -95.0658, 38.3899 ], [ -95.5083, 38.3903 ], [ -95.5084, 38.4763 ], [ -95.435, 38.5035 ] ] ] } },
{ "type": "Feature", "properties": { "GEOIDFQ": "1400000US20059954300", "NAME": "9543", "NAMELSAD": "Census Tract 9543" }, "geometry": { "type": "Polygon", "coordinates": [ [ [ -95.3278, 38.6089 ], [ -95.33, 38.6216 ], [ -95.2686, 38.6184 ], [ -95.2689, 38.5899 ], [ -95.2771, 38.573 ], [ -95.3233, 38.5597 ], [ -95.3235, 38.5938 ], [ -95.3327, 38.5938 ], [ -95.3278, 38.6089 ] ] ] } },
{ "type": "Feature", "properties": { "GEOIDFQ": "1400000US20059954200", "NAME": "9542", "NAMELSAD": "Census Tract 9542" }, "geometry": { "type": "Polygon", "coordinates": [ [ [ -95.3233, 38.6304 ], [ -95.3232, 38.6522 ], [ -95.2861, 38.6521 ], [ -95.286, 38.6667 ], [ -95.249, 38.6668 ], [ -95.2491, 38.6522 ], [ -95.2302, 38.6521 ], [ -95.2302, 38.6375 ], [ -95.2234, 38.6378 ], [ -95.2318, 38.6296 ], [ -95.2333, 38.5999 ], [ -95.2614, 38.6216 ], [ -95.2974, 38.6171 ], [ -95.307, 38.6216 ], [ -95.3319, 38.6198 ], [ -95.3358, 38.6257 ], [ -95.3233, 38.6304 ] ] ] } },
{ "type": "Feature", "properties": { "GEOIDFQ": "1400000US20075958600", "NAME": "9586", "NAMELSAD": "Census Tract 9586" }, "geometry": { "type": "Polygon", "coordinates": [ [ [ -101.5423, 38.2632 ], [ -101.5428, 37.8276 ], [ -101.527, 37.8276 ], [ -101.5271, 37.7363 ], [ -102.0422, 37.7385 ], [ -102.0448, 38.262 ], [ -101.5423, 38.2632 ] ] ] } },
{ "type": "Feature", "properties": { "GEOIDFQ": "1400000US20209044900", "NAME": "449", "NAMELSAD": "Census Tract 449" }, "geometry": { "type": "Polygon", "coordinates": [ [ [ -94.9005, 39.0725 ], [ -94.8804, 39.0748 ], [ -94.8717, 39.0593 ], [ -94.8844, 39.0482 ], [ -94.9042, 39.0555 ], [ -94.9005, 39.0725 ] ] ] } },
{ "type": "Feature", "properties": { "GEOIDFQ": "1400000US20209045100", "NAME": "451", "NAMELSAD": "Census Tract 451" }, "geometry": { "type": "Polygon", "coordinates": [ [ [ -94.6191, 39.0711 ], [ -94.6138, 39.0678 ], [ -94.6142, 39.0514 ], [ -94.628, 39.0589 ], [ -94.6191, 39.0711 ] ] ] } },
{ "type": "Feature", "properties": { "GEOIDFQ": "1400000US20209045200", "NAME": "452", "NAMELSAD": "Census Tract 452" }, "geometry": { "type": "Polygon", "coordinates": [ [ [ -94.6142, 39.0514 ], [ -94.6137, 39.0677 ], [ -94.6073, 39.0725 ], [ -94.6074, 39.0441 ], [ -94.6212, 39.0441 ], [ -94.6213, 39.0514 ], [ -94.6142, 39.0514 ] ] ] } },
{ "type": "Feature", "properties": { "GEOIDFQ": "1400000US20209042001", "NAME": "420.01", "NAMELSAD": "Census Tract 420.01" }, "geometry": { "type": "Polygon", "coordinates": [ [ [ -94.6351, 39.1136 ], [ -94.6268, 39.1136 ], [ -94.6268, 39.1077 ], [ -94.6351, 39.1136 ] ] ] } },
{ "type": "Feature", "properties": { "GEOIDFQ": "1400000US20067963600", "NAME": "9636", "NAMELSAD": "Census Tract 9636" }, "geometry": { "type": "Polygon", "coordinates": [ [ [ -101.0897, 37.7363 ], [ -101.0897, 37.3877 ], [ -101.5258, 37.3884 ], [ -101.5271, 37.7363 ], [ -101.0897, 37.7363 ] ], [ [ -101.3997, 37.5693 ], [ -101.3633, 37.569 ], [ -101.363, 37.5473 ], [ -101.345, 37.5472 ], [ -101.3449, 37.5328 ], [ -101.3083, 37.5324 ], [ -101.3085, 37.5618 ], [ -101.3268, 37.5625 ], [ -101.3269, 37.5764 ], [ -101.3087, 37.5763 ], [ -101.3088, 37.5908 ], [ -101.3452, 37.591 ], [ -101.3454, 37.6056 ], [ -101.3636, 37.6056 ], [ -101.3636, 37.6201 ], [ -101.382, 37.6201 ], [ -101.3816, 37.5765 ], [ -101.3998, 37.5757 ], [ -101.3997, 37.5693 ] ] ] } },
{ "type": "Feature", "properties": { "GEOIDFQ": "1400000US20087020300", "NAME": "203", "NAMELSAD": "Census Tract 203" }, "geometry": { "type": "Polygon", "coordinates": [ [ [ -95.3665, 39.2886 ], [ -95.1801, 39.2887 ], [ -95.1801, 39.1289 ], [ -95.188, 39.1289 ], [ -95.1871, 39.0441 ], [ -95.2823, 39.0471 ], [ -95.2841, 39.0323 ], [ -95.2979, 39.0423 ], [ -95.3282, 39.0317 ], [ -95.3497, 39.0332 ], [ -95.3543, 39.1289 ], [ -95.3475, 39.129 ], [ -95.3475, 39.1435 ], [ -95.3662, 39.1438 ], [ -95.3665, 39.2886 ] ] ] } },
{ "type": "Feature", "properties": { "GEOIDFQ": "1400000US20087020200", "NAME": "202", "NAMELSAD": "Census Tract 202" }, "geometry": { "type": "Polygon", "coordinates": [ [ [ -95.1809, 39.4192 ], [ -95.1801, 39.2887 ], [ -95.3665, 39.2886 ], [ -95.3667, 39.3039 ], [ -95.5891, 39.3031 ], [ -95.5893, 39.4191 ], [ -95.1809, 39.4192 ] ] ] } },
{ "type": "Feature", "properties": { "GEOIDFQ": "1400000US20015020903", "NAME": "209.03", "NAMELSAD": "Census Tract 209.03" }, "geometry": { "type": "Polygon", "coordinates": [ [ [ -97.1529, 37.5484 ], [ -97.117, 37.5486 ], [ -97.1168, 37.5631 ], [ -97.0265, 37.5632 ], [ -97.0182, 37.5327 ], [ -97.0167, 37.5434 ], [ -97.0086, 37.5408 ], [ -97.0083, 37.5595 ], [ -96.9901, 37.563 ], [ -96.7157, 37.5629 ], [ -96.7151, 37.4754 ], [ -97.1533, 37.4759 ], [ -97.1529, 37.5484 ] ] ] } },
{ "type": "Feature", "properties": { "GEOIDFQ": "1400000US20015020400", "NAME": "204", "NAMELSAD": "Census Tract 204" }, "geometry": { "type": "Polygon", "coordinates": [ [ [ -96.8609, 37.8211 ], [ -96.844, 37.8245 ], [ -96.842, 37.8136 ], [ -96.862, 37.8001 ], [ -96.8609, 37.8211 ] ] ] } },
{ "type": "Feature", "properties": { "GEOIDFQ": "1400000US20015020901", "NAME": "209.01", "NAMELSAD": "Census Tract 209.01" }, "geometry": { "type": "Polygon", "coordinates": [ [ [ -97.153, 37.6503 ], [ -96.7157, 37.65 ], [ -96.7157, 37.5629 ], [ -96.9901, 37.563 ], [ -97.0083, 37.5595 ], [ -97.0086, 37.5408 ], [ -97.0167, 37.5434 ], [ -97.0182, 37.5327 ], [ -97.0265, 37.5632 ], [ -97.1168, 37.5631 ], [ -97.1169, 37.5922 ], [ -97.1529, 37.5922 ], [ -97.153, 37.6503 ] ] ] } },
{ "type": "Feature", "properties": { "GEOIDFQ": "1400000US20015020700", "NAME": "207", "NAMELSAD": "Census Tract 207" }, "geometry": { "type": "Polygon", "coordinates": [ [ [ -96.9896, 37.723 ], [ -96.9714, 37.723 ], [ -96.9714, 37.7011 ], [ -96.9432, 37.7011 ], [ -96.9622, 37.6864 ], [ -96.9852, 37.688 ], [ -96.9896, 37.723 ] ] ] } },
{ "type": "Feature", "properties": { "GEOIDFQ": "1400000US20015020300", "NAME": "203", "NAMELSAD": "Census Tract 203" }, "geometry": { "type": "Polygon", "coordinates": [ [ [ -96.8589, 37.8392 ], [ -96.8517, 37.8367 ], [ -96.859, 37.8463 ], [ -96.8555, 37.8697 ], [ -96.8419, 37.8826 ], [ -96.8175, 37.8826 ], [ -96.8404, 37.8173 ], [ -96.8492, 37.8267 ], [ -96.8512, 37.8211 ], [ -96.861, 37.8222 ], [ -96.8589, 37.8392 ] ] ] } },
{ "type": "Feature", "properties": { "GEOIDFQ": "1400000US20181453600", "NAME": "4536", "NAMELSAD": "Census Tract 4536" }, "geometry": { "type": "Polygon", "coordinates": [ [ [ -102.0498, 39.5682 ], [ -101.3891, 39.5684 ], [ -101.3917, 39.1351 ], [ -102.0472, 39.1331 ], [ -102.0498, 39.5682 ] ], [ [ -101.6514, 39.3402 ], [ -101.6514, 39.3948 ], [ -101.7629, 39.3946 ], [ -101.7635, 39.3405 ], [ -101.6514, 39.3402 ] ] ] } },
{ "type": "Feature", "properties": { "GEOIDFQ": "1400000US20045000701", "NAME": "7.01", "NAMELSAD": "Census Tract 7.01" }, "geometry": { "type": "Polygon", "coordinates": [ [ [ -95.2883, 38.9715 ], [ -95.2884, 38.957 ], [ -95.3069, 38.957 ], [ -95.307, 38.9715 ], [ -95.2883, 38.9715 ] ] ] } },
{ "type": "Feature", "properties": { "GEOIDFQ": "1400000US20045000301", "NAME": "3.01", "NAMELSAD": "Census Tract 3.01" }, "geometry": { "type": "Polygon", "coordinates": [ [ [ -95.2359, 38.9675 ], [ -95.2359, 38.9582 ], [ -95.2417, 38.9582 ], [ -95.2499, 38.9675 ], [ -95.2359, 38.9675 ] ] ] } },
{ "type": "Feature", "properties": { "GEOIDFQ": "1400000US20045000302", "NAME": "3.02", "NAMELSAD": "Census Tract 3.02" }, "geometry": { "type": "Polygon", "coordinates": [ [ [ -95.2466, 38.9514 ], [ -95.2359, 38.9582 ], [ -95.2359, 38.9501 ], [ -95.2511, 38.9514 ], [ -95.2466, 38.9514 ] ] ] } },
{ "type": "Feature", "properties": { "GEOIDFQ": "1400000US20091053417", "NAME": "534.17", "NAMELSAD": "Census Tract 534.17" }, "geometry": { "type": "Polygon", "coordinates": [ [ [ -94.6678, 38.8692 ], [ -94.6678, 38.8546 ], [ -94.6864, 38.8546 ], [ -94.6865, 38.8683 ], [ -94.6678, 38.8692 ] ] ] } },
{ "type": "Feature", "properties": { "GEOIDFQ": "1400000US20091053411", "NAME": "534.11", "NAMELSAD": "Census Tract 534.11" }, "geometry": { "type": "Polygon", "coordinates": [ [ [ -94.6491, 38.8547 ], [ -94.6493, 38.8255 ], [ -94.6678, 38.8255 ], [ -94.6678, 38.8546 ], [ -94.6491, 38.8547 ] ] ] } },
{ "type": "Feature", "properties": { "GEOIDFQ": "1400000US20091053110", "NAME": "531.10", "NAMELSAD": "Census Tract 531.10" }, "geometry": { "type": "Polygon", "coordinates": [ [ [ -94.6865, 38.8983 ], [ -94.6865, 38.8837 ], [ -94.7005, 38.8837 ], [ -94.7052, 38.8981 ], [ -94.6865, 38.8983 ] ] ] } },
{ "type": "Feature", "properties": { "GEOIDFQ": "1400000US20091053413", "NAME": "534.13", "NAMELSAD": "Census Tract 534.13" }, "geometry": { "type": "Polygon", "coordinates": [ [ [ -94.6492, 38.8692 ], [ -94.6491, 38.8547 ], [ -94.6678, 38.8546 ], [ -94.6678, 38.8692 ], [ -94.6492, 38.8692 ] ] ] } },
{ "type": "Feature", "properties": { "GEOIDFQ": "1400000US20091052305", "NAME": "523.05", "NAMELSAD": "Census Tract 523.05" }, "geometry": { "type": "Polygon", "coordinates": [ [ [ -94.7239, 39.044 ], [ -94.7239, 39.0228 ], [ -94.7425, 39.022 ], [ -94.7571, 39.0437 ], [ -94.7239, 39.044 ] ] ] } },
{ "type": "Feature", "properties": { "GEOIDFQ": "1400000US20091052604", "NAME": "526.04", "NAMELSAD": "Census Tract 526.04" }, "geometry": { "type": "Polygon", "coordinates": [ [ [ -94.8799, 39.0145 ], [ -94.8632, 39.0145 ], [ -94.8629, 39.0072 ], [ -94.8542, 39.0071 ], [ -94.8534, 38.9706 ], [ -94.8629, 38.9706 ], [ -94.8629, 38.9853 ], [ -94.8815, 38.9853 ], [ -94.8799, 39.0145 ] ] ] } },
{ "type": "Feature", "properties": { "GEOIDFQ": "1400000US20147475200", "NAME": "4752", "NAMELSAD": "Census Tract 4752" }, "geometry": { "type": "Polygon", "coordinates": [ [ [ -99.6253, 40.0019 ], [ -99.3754, 40.0021 ], [ -99.3668, 40.0019 ], [ -99.3618, 39.9947 ], [ -99.3327, 39.9931 ], [ -99.3283, 39.7847 ], [ -99.3845, 39.7847 ], [ -99.3843, 39.7123 ], [ -99.3656, 39.7125 ], [ -99.3657, 39.6543 ], [ -99.3609, 39.6541 ], [ -99.3652, 39.5675 ], [ -99.628, 39.5674 ], [ -99.6253, 40.0019 ] ] ] } },
{ "type": "Feature", "properties": { "GEOIDFQ": "1400000US20147475100", "NAME": "4751", "NAMELSAD": "Census Tract 4751" }, "geometry": { "type": "Polygon", "coordinates": [ [ [ -99.067, 40.0023 ], [ -99.0662, 39.5681 ], [ -99.3652, 39.5675 ], [ -99.3609, 39.6541 ], [ -99.3657, 39.6543 ], [ -99.3656, 39.7125 ], [ -99.3096, 39.7125 ], [ -99.3096, 39.7161 ], [ -99.2907, 39.716 ], [ -99.2899, 39.7205 ], [ -99.2921, 39.7847 ], [ -99.3283, 39.7847 ], [ -99.3291, 39.9889 ], [ -99.3352, 39.9941 ], [ -99.3624, 39.9948 ], [ -99.3668, 40.0019 ], [ -99.067, 40.0023 ] ] ] } },
{ "type": "Feature", "properties": { "GEOIDFQ": "1400000US20095961100", "NAME": "9611", "NAMELSAD": "Census Tract 9611" }, "geometry": { "type": "Polygon", "coordinates": [ [ [ -97.8078, 37.7339 ], [ -97.8071, 37.3863 ], [ -98.0738, 37.3848 ], [ -98.0807, 37.4268 ], [ -98.0809, 37.5557 ], [ -98.1131, 37.5909 ], [ -98.1131, 37.6039 ], [ -98.0995, 37.6042 ], [ -98.0994, 37.6326 ], [ -98.0855, 37.6328 ], [ -98.0803, 37.643 ], [ -98.0881, 37.642 ], [ -98.0812, 37.6471 ], [ -98.0809, 37.6608 ], [ -98.0992, 37.661 ], [ -98.0993, 37.6753 ], [ -98.1175, 37.6754 ], [ -98.1183, 37.7329 ], [ -97.8078, 37.7339 ] ] ] } },
{ "type": "Feature", "properties": { "GEOIDFQ": "1400000US20095961200", "NAME": "9612", "NAMELSAD": "Census Tract 9612" }, "geometry": { "type": "Polygon", "coordinates": [ [ [ -98.1538, 37.6748 ], [ -98.0993, 37.6753 ], [ -98.0992, 37.661 ], [ -98.0809, 37.6608 ], [ -98.0855, 37.6328 ], [ -98.0994, 37.6326 ], [ -98.0995, 37.6042 ], [ -98.133, 37.6039 ], [ -98.1389, 37.6346 ], [ -98.1541, 37.6478 ], [ -98.1538, 37.6748 ] ] ] } },
{ "type": "Feature", "properties": { "GEOIDFQ": "1400000US20095961300", "NAME": "9613", "NAMELSAD": "Census Tract 9613" }, "geometry": { "type": "Polygon", "coordinates": [ [ [ -98.4648, 37.7327 ], [ -98.1183, 37.7329 ], [ -98.1175, 37.6754 ], [ -98.1538, 37.6748 ], [ -98.1541, 37.6469 ], [ -98.1475, 37.647 ], [ -98.1479, 37.6389 ], [ -98.1389, 37.6346 ], [ -98.133, 37.6039 ], [ -98.1131, 37.6039 ], [ -98.1118, 37.5873 ], [ -98.0812, 37.5566 ], [ -98.0807, 37.4268 ], [ -98.0738, 37.3848 ], [ -98.465, 37.3841 ], [ -98.4648, 37.7327 ] ] ] } },
{ "type": "Feature", "properties": { "GEOIDFQ": "1400000US20045000502", "NAME": "5.02", "NAMELSAD": "Census Tract 5.02" }, "geometry": { "type": "Polygon", "coordinates": [ [ [ -95.236, 38.9731 ], [ -95.2359, 38.9675 ], [ -95.2499, 38.9675 ], [ -95.2511, 38.9589 ], [ -95.2605, 38.9569 ], [ -95.2607, 38.9729 ], [ -95.236, 38.9731 ] ] ] } },
{ "type": "Feature", "properties": { "GEOIDFQ": "1400000US20201978700", "NAME": "9787", "NAMELSAD": "Census Tract 9787" }, "geometry": { "type": "Polygon", "coordinates": [ [ [ -97.3687, 39.8134 ], [ -97.0866, 39.8135 ], [ -97.0867, 39.7842 ], [ -97.0494, 39.7843 ], [ -97.0482, 39.78 ], [ -97.0432, 39.7843 ], [ -97.0129, 39.7844 ], [ -97.0128, 39.8132 ], [ -96.939, 39.813 ], [ -96.8802, 39.842 ], [ -96.8061, 39.8424 ], [ -96.8065, 39.5664 ], [ -97.3686, 39.567 ], [ -97.3687, 39.8134 ] ] ] } },
{ "type": "Feature", "properties": { "GEOIDFQ": "1400000US20201978600", "NAME": "9786", "NAMELSAD": "Census Tract 9786" }, "geometry": { "type": "Polygon", "coordinates": [ [ [ -97.3692, 40.002 ], [ -96.8058, 40.0015 ], [ -96.8061, 39.8424 ], [ -96.8802, 39.842 ], [ -96.939, 39.813 ], [ -97.0128, 39.8132 ], [ -97.0129, 39.7844 ], [ -97.0432, 39.7843 ], [ -97.0494, 39.7799 ], [ -97.0494, 39.7843 ], [ -97.0867, 39.7842 ], [ -97.0866, 39.8135 ], [ -97.3687, 39.8134 ], [ -97.3692, 40.002 ] ] ] } },
{ "type": "Feature", "properties": { "GEOIDFQ": "1400000US20129964600", "NAME": "9646", "NAMELSAD": "Census Tract 9646" }, "geometry": { "type": "Polygon", "coordinates": [ [ [ -102.0416, 37.3892 ], [ -101.5566, 37.3885 ], [ -101.5553, 36.9953 ], [ -102.0421, 36.993 ], [ -102.0416, 37.3892 ] ] ] } },
{ "type": "Feature", "properties": { "GEOIDFQ": "1400000US20003953700", "NAME": "9537", "NAMELSAD": "Census Tract 9537" }, "geometry": { "type": "Polygon", "coordinates": [ [ [ -95.5168, 38.2593 ], [ -95.5075, 38.2592 ], [ -95.5083, 38.3903 ], [ -95.304, 38.3901 ], [ -95.3042, 38.361 ], [ -95.3229, 38.361 ], [ -95.3232, 38.2593 ], [ -95.3328, 38.2593 ], [ -95.3333, 38.2421 ], [ -95.2686, 38.2416 ], [ -95.2681, 38.235 ], [ -95.2547, 38.2342 ], [ -95.2535, 38.227 ], [ -95.1848, 38.2268 ], [ -95.184, 38.2722 ], [ -95.1941, 38.2736 ], [ -95.1942, 38.2808 ], [ -95.1574, 38.2829 ], [ -95.1402, 38.2735 ], [ -95.0837, 38.2733 ], [ -95.0836, 38.259 ], [ -95.0755, 38.2587 ], [ -95.0779, 38.0377 ], [ -95.5189, 38.039 ], [ -95.5168, 38.2593 ] ] ] } },
{ "type": "Feature", "properties": { "GEOIDFQ": "1400000US20003953600", "NAME": "9536", "NAMELSAD": "Census Tract 9536" }, "geometry": { "type": "Polygon", "coordinates": [ [ [ -95.3328, 38.2593 ], [ -95.3232, 38.2593 ], [ -95.3229, 38.361 ], [ -95.3042, 38.361 ], [ -95.304, 38.3901 ], [ -95.0658, 38.3899 ], [ -95.0651, 38.2586 ], [ -95.0836, 38.2589 ], [ -95.0837, 38.2733 ], [ -95.1402, 38.2735 ], [ -95.1582, 38.2829 ], [ -95.1942, 38.2808 ], [ -95.1941, 38.2736 ], [ -95.184, 38.2722 ], [ -95.1848, 38.2268 ], [ -95.2535, 38.227 ], [ -95.2547, 38.2342 ], [ -95.2681, 38.235 ], [ -95.2686, 38.2416 ], [ -95.3332, 38.2448 ], [ -95.3328, 38.2593 ] ] ] } },
{ "type": "Feature", "properties": { "GEOIDFQ": "1400000US20021958200", "NAME": "9582", "NAMELSAD": "Census Tract 9582" }, "geometry": { "type": "Polygon", "coordinates": [ [ [ -95.0752, 37.3399 ], [ -94.9048, 37.3399 ], [ -94.9044, 37.1345 ], [ -94.7589, 37.1339 ], [ -94.7587, 37.0458 ], [ -94.7768, 37.0459 ], [ -94.777, 36.9987 ], [ -95.0735, 36.9996 ], [ -95.0752, 37.3399 ] ] ] } },
{ "type": "Feature", "properties": { "GEOIDFQ": "1400000US20021958100", "NAME": "9581", "NAMELSAD": "Census Tract 9581" }, "geometry": { "type": "Polygon", "coordinates": [ [ [ -94.9048, 37.3399 ], [ -94.6177, 37.3384 ], [ -94.6183, 37.1811 ], [ -94.7592, 37.178 ], [ -94.7593, 37.2074 ], [ -94.9045, 37.2082 ], [ -94.9048, 37.3399 ] ] ] } },
{ "type": "Feature", "properties": { "GEOIDFQ": "1400000US20021958400", "NAME": "9584", "NAMELSAD": "Census Tract 9584" }, "geometry": { "type": "Polygon", "coordinates": [ [ [ -94.6183, 37.1811 ], [ -94.618, 37.1296 ], [ -94.631, 37.1192 ], [ -94.6494, 37.1192 ], [ -94.6526, 37.1059 ], [ -94.6786, 37.0982 ], [ -94.696, 37.0748 ], [ -94.6679, 37.0747 ], [ -94.6678, 37.0604 ], [ -94.6604, 37.0592 ], [ -94.6676, 37.0391 ], [ -94.657, 37.0397 ], [ -94.6573, 37.0449 ], [ -94.618, 37.0327 ], [ -94.618, 36.9989 ], [ -94.7142, 37.0017 ], [ -94.7265, 37.0325 ], [ -94.728, 37.0619 ], [ -94.7357, 37.0536 ], [ -94.7408, 37.0609 ], [ -94.7588, 37.0605 ], [ -94.7592, 37.1765 ], [ -94.6183, 37.1811 ] ] ] } },
{ "type": "Feature", "properties": { "GEOIDFQ": "1400000US20021958300", "NAME": "9583", "NAMELSAD": "Census Tract 9583" }, "geometry": { "type": "Polygon", "coordinates": [ [ [ -94.7593, 37.2074 ], [ -94.7589, 37.1339 ], [ -94.9044, 37.1345 ], [ -94.9045, 37.2082 ], [ -94.7593, 37.2074 ] ] ] } },
{ "type": "Feature", "properties": { "GEOIDFQ": "1400000US20045000797", "NAME": "7.97", "NAMELSAD": "Census Tract 7.97" }, "geometry": { "type": "Polygon", "coordinates": [ [ [ -95.3069, 38.957 ], [ -95.279, 38.957 ], [ -95.2783, 38.9499 ], [ -95.2698, 38.9499 ], [ -95.2696, 38.9427 ], [ -95.3072, 38.9433 ], [ -95.3069, 38.957 ] ] ] } },
{ "type": "Feature", "properties": { "GEOIDFQ": "1400000US20045000802", "NAME": "8.02", "NAMELSAD": "Census Tract 8.02" }, "geometry": { "type": "Polygon", "coordinates": [ [ [ -95.2792, 38.9211 ], [ -95.2795, 38.9427 ], [ -95.2605, 38.9427 ], [ -95.2607, 38.911 ], [ -95.2885, 38.9207 ], [ -95.2792, 38.9211 ] ] ] } },
{ "type": "Feature", "properties": { "GEOIDFQ": "1400000US20065952300", "NAME": "9523", "NAMELSAD": "Census Tract 9523" }, "geometry": { "type": "Polygon", "coordinates": [ [ [ -100.1617, 39.5673 ], [ -99.6022, 39.5673 ], [ -99.6052, 39.1325 ], [ -100.1643, 39.135 ], [ -100.1617, 39.5673 ] ] ] } },
{ "type": "Feature", "properties": { "GEOIDFQ": "1400000US20035494000", "NAME": "4940", "NAMELSAD": "Census Tract 4940" }, "geometry": { "type": "Polygon", "coordinates": [ [ [ -97.0577, 37.0636 ], [ -97.0365, 37.0648 ], [ -97.0391, 37.0389 ], [ -97.0524, 37.0432 ], [ -97.0604, 37.054 ], [ -97.0577, 37.0636 ] ] ] } },
{ "type": "Feature", "properties": { "GEOIDFQ": "1400000US20077961700", "NAME": "9617", "NAMELSAD": "Census Tract 9617" }, "geometry": { "type": "Polygon", "coordinates": [ [ [ -98.0766, 37.3847 ], [ -98.0758, 37.1517 ], [ -98.0666, 37.1519 ], [ -98.0663, 37.1158 ], [ -98.0527, 37.123 ], [ -97.9661, 37.1237 ], [ -97.9662, 37.1526 ], [ -97.8027, 37.1545 ], [ -97.8023, 36.9987 ], [ -98.3472, 36.9982 ], [ -98.3498, 37.3841 ], [ -98.0766, 37.3847 ] ] ] } },
{ "type": "Feature", "properties": { "GEOIDFQ": "1400000US20077961800", "NAME": "9618", "NAMELSAD": "Census Tract 9618" }, "geometry": { "type": "Polygon", "coordinates": [ [ [ -98.0757, 37.1954 ], [ -97.9663, 37.1962 ], [ -97.9661, 37.1237 ], [ -98.0527, 37.123 ], [ -98.0663, 37.1158 ], [ -98.0666, 37.1519 ], [ -98.0758, 37.1531 ], [ -98.0757, 37.1954 ] ] ] } },
{ "type": "Feature", "properties": { "GEOIDFQ": "1400000US20077961600", "NAME": "9616", "NAMELSAD": "Census Tract 9616" }, "geometry": { "type": "Polygon", "coordinates": [ [ [ -97.8046, 37.3863 ], [ -97.8027, 37.1545 ], [ -97.9662, 37.1526 ], [ -97.9663, 37.1962 ], [ -98.0757, 37.1954 ], [ -98.0766, 37.3847 ], [ -97.8046, 37.3863 ] ] ] } },
{ "type": "Feature", "properties": { "GEOIDFQ": "1400000US20081463100", "NAME": "4631", "NAMELSAD": "Census Tract 4631" }, "geometry": { "type": "Polygon", "coordinates": [ [ [ -101.0897, 37.7363 ], [ -100.6523, 37.7363 ], [ -100.6527, 37.3876 ], [ -101.0897, 37.3877 ], [ -101.0897, 37.7363 ] ] ] } },
{ "type": "Feature", "properties": { "GEOIDFQ": "1400000US20079030602", "NAME": "306.02", "NAMELSAD": "Census Tract 306.02" }, "geometry": { "type": "Polygon", "coordinates": [ [ [ -97.7019, 38.0432 ], [ -97.6474, 38.0433 ], [ -97.6473, 38.0287 ], [ -97.4819, 38.0285 ], [ -97.482, 37.9123 ], [ -97.702, 37.9113 ], [ -97.7019, 38.0432 ] ] ] } },
{ "type": "Feature", "properties": { "GEOIDFQ": "1400000US20079030601", "NAME": "306.01", "NAMELSAD": "Census Tract 306.01" }, "geometry": { "type": "Polygon", "coordinates": [ [ [ -97.4819, 38.0285 ], [ -97.4272, 38.0283 ], [ -97.4271, 38.0139 ], [ -97.3003, 38.0137 ], [ -97.3, 38.0428 ], [ -97.1528, 38.044 ], [ -97.1525, 37.9127 ], [ -97.482, 37.9123 ], [ -97.4819, 38.0285 ] ] ] } },
{ "type": "Feature", "properties": { "GEOIDFQ": "1400000US20177002900", "NAME": "29", "NAMELSAD": "Census Tract 29" }, "geometry": { "type": "Polygon", "coordinates": [ [ [ -95.6876, 39.0152 ], [ -95.6702, 39.0152 ], [ -95.6705, 38.9948 ], [ -95.6877, 38.992 ], [ -95.6876, 39.0152 ] ] ] } },
{ "type": "Feature", "properties": { "GEOIDFQ": "1400000US20177003001", "NAME": "30.01", "NAMELSAD": "Census Tract 30.01" }, "geometry": { "type": "Polygon", "coordinates": [ [ [ -95.6702, 39.0152 ], [ -95.6409, 39.0152 ], [ -95.6705, 38.9948 ], [ -95.6702, 39.0152 ] ] ] } },
{ "type": "Feature", "properties": { "GEOIDFQ": "1400000US20099950300", "NAME": "9503", "NAMELSAD": "Census Tract 9503" }, "geometry": { "type": "Polygon", "coordinates": [ [ [ -95.3399, 37.3841 ], [ -95.2783, 37.3833 ], [ -95.2828, 37.377 ], [ -95.2735, 37.3716 ], [ -95.277, 37.3655 ], [ -95.2663, 37.3425 ], [ -95.3406, 37.3412 ], [ -95.3399, 37.3841 ] ] ] } },
{ "type": "Feature", "properties": { "GEOIDFQ": "1400000US20147475300", "NAME": "4753", "NAMELSAD": "Census Tract 4753" }, "geometry": { "type": "Polygon", "coordinates": [ [ [ -99.3845, 39.7847 ], [ -99.2921, 39.7847 ], [ -99.2907, 39.716 ], [ -99.3843, 39.7123 ], [ -99.3845, 39.7847 ] ] ] } },
{ "type": "Feature", "properties": { "GEOIDFQ": "1400000US20125951300", "NAME": "9513", "NAMELSAD": "Census Tract 9513" }, "geometry": { "type": "Polygon", "coordinates": [ [ [ -95.9646, 37.0676 ], [ -95.9103, 37.0672 ], [ -95.9103, 37.0381 ], [ -95.8741, 37.0377 ], [ -95.8739, 36.9993 ], [ -95.9643, 36.9991 ], [ -95.9646, 37.0676 ] ] ] } },
{ "type": "Feature", "properties": { "GEOIDFQ": "1400000US20099950700", "NAME": "9507", "NAMELSAD": "Census Tract 9507" }, "geometry": { "type": "Polygon", "coordinates": [ [ [ -95.1218, 37.1936 ], [ -95.1222, 37.2383 ], [ -95.1127, 37.2351 ], [ -95.0857, 37.2402 ], [ -95.0857, 37.2301 ], [ -95.0742, 37.2302 ], [ -95.0739, 37.1059 ], [ -95.1396, 37.1061 ], [ -95.1401, 37.1935 ], [ -95.1218, 37.1936 ] ] ] } },
{ "type": "Feature", "properties": { "GEOIDFQ": "1400000US20099950800", "NAME": "9508", "NAMELSAD": "Census Tract 9508" }, "geometry": { "type": "Polygon", "coordinates": [ [ [ -95.1396, 37.1061 ], [ -95.0739, 37.1059 ], [ -95.0735, 36.9996 ], [ -95.1405, 36.9996 ], [ -95.1396, 37.1061 ] ] ] } },
{ "type": "Feature", "properties": { "GEOIDFQ": "1400000US20137951700", "NAME": "9517", "NAMELSAD": "Census Tract 9517" }, "geometry": { "type": "Polygon", "coordinates": [ [ [ -100.1778, 40.0016 ], [ -99.6253, 40.0019 ], [ -99.628, 39.5674 ], [ -100.1804, 39.5669 ], [ -100.1778, 40.0016 ] ] ] } },
{ "type": "Feature", "properties": { "GEOIDFQ": "1400000US20057961700", "NAME": "9617", "NAMELSAD": "Census Tract 9617" }, "geometry": { "type": "Polygon", "coordinates": [ [ [ -100.2148, 37.7874 ], [ -100.1967, 37.7872 ], [ -100.1791, 37.7766 ], [ -100.1792, 37.7834 ], [ -100.1057, 37.7624 ], [ -100.1062, 37.6932 ], [ -99.9066, 37.6914 ], [ -99.9064, 37.7133 ], [ -99.8727, 37.7085 ], [ -99.8289, 37.6876 ], [ -99.7966, 37.6806 ], [ -99.7784, 37.6648 ], [ -99.7666, 37.6654 ], [ -99.7587, 37.6579 ], [ -99.7206, 37.6455 ], [ -99.7065, 37.6517 ], [ -99.6758, 37.6479 ], [ -99.6148, 37.6653 ], [ -99.5773, 37.6919 ], [ -99.5709, 37.7212 ], [ -99.5595, 37.7371 ], [ -99.5561, 37.4677 ], [ -100.2162, 37.4769 ], [ -100.2148, 37.7874 ] ] ] } },
{ "type": "Feature", "properties": { "GEOIDFQ": "1400000US20167973800", "NAME": "9738", "NAMELSAD": "Census Tract 9738" }, "geometry": { "type": "Polygon", "coordinates": [ [ [ -98.9281, 38.9002 ], [ -98.8978, 38.9002 ], [ -98.8977, 38.9143 ], [ -98.8637, 38.9146 ], [ -98.8604, 38.9668 ], [ -98.8407, 38.9612 ], [ -98.8219, 38.9792 ], [ -98.8129, 38.9636 ], [ -98.7948, 38.9674 ], [ -98.7908, 38.9632 ], [ -98.7957, 38.9795 ], [ -98.7797, 38.9882 ], [ -98.7708, 38.9519 ], [ -98.7799, 38.9509 ], [ -98.7803, 38.9082 ], [ -98.7987, 38.9064 ], [ -98.7997, 38.8275 ], [ -98.9287, 38.8281 ], [ -98.9281, 38.9002 ] ] ] } },
{ "type": "Feature", "properties": { "GEOIDFQ": "1400000US20167973900", "NAME": "9739", "NAMELSAD": "Census Tract 9739" }, "geometry": { "type": "Polygon", "coordinates": [ [ [ -99.0375, 39.1331 ], [ -98.4837, 39.1327 ], [ -98.4861, 38.6969 ], [ -99.0426, 38.6998 ], [ -99.0375, 39.1331 ] ], [ [ -98.7997, 38.8275 ], [ -98.7987, 38.9064 ], [ -98.7803, 38.9082 ], [ -98.7799, 38.9509 ], [ -98.7708, 38.9519 ], [ -98.7797, 38.9882 ], [ -98.7957, 38.9795 ], [ -98.7908, 38.9632 ], [ -98.7948, 38.9674 ], [ -98.8129, 38.9636 ], [ -98.8219, 38.9792 ], [ -98.8407, 38.9612 ], [ -98.8604, 38.9668 ], [ -98.8637, 38.9146 ], [ -98.8977, 38.9143 ], [ -98.8978, 38.9002 ], [ -98.9281, 38.9002 ], [ -98.9287, 38.8276 ], [ -98.7997, 38.8275 ] ] ] } },
{ "type": "Feature", "properties": { "GEOIDFQ": "1400000US20045000602", "NAME": "6.02", "NAMELSAD": "Census Tract 6.02" }, "geometry": { "type": "Polygon", "coordinates": [ [ [ -95.3343, 38.9715 ], [ -95.307, 38.9715 ], [ -95.3072, 38.9426 ], [ -95.3372, 38.9463 ], [ -95.3343, 38.9715 ] ] ] } },
{ "type": "Feature", "properties": { "GEOIDFQ": "1400000US20045000704", "NAME": "7.04", "NAMELSAD": "Census Tract 7.04" }, "geometry": { "type": "Polygon", "coordinates": [ [ [ -95.2736, 38.9715 ], [ -95.2607, 38.9729 ], [ -95.2605, 38.9569 ], [ -95.2764, 38.9601 ], [ -95.2736, 38.9715 ] ] ] } },
{ "type": "Feature", "properties": { "GEOIDFQ": "1400000US20045000703", "NAME": "7.03", "NAMELSAD": "Census Tract 7.03" }, "geometry": { "type": "Polygon", "coordinates": [ [ [ -95.2883, 38.9715 ], [ -95.2736, 38.9715 ], [ -95.2746, 38.957 ], [ -95.2883, 38.9573 ], [ -95.2883, 38.9715 ] ] ] } },
{ "type": "Feature", "properties": { "GEOIDFQ": "1400000US20091053414", "NAME": "534.14", "NAMELSAD": "Census Tract 534.14" }, "geometry": { "type": "Polygon", "coordinates": [ [ [ -94.6678, 38.8837 ], [ -94.6492, 38.8837 ], [ -94.6492, 38.8765 ], [ -94.6399, 38.8765 ], [ -94.6492, 38.8692 ], [ -94.6678, 38.872 ], [ -94.6678, 38.8837 ] ] ] } },
{ "type": "Feature", "properties": { "GEOIDFQ": "1400000US20091053415", "NAME": "534.15", "NAMELSAD": "Census Tract 534.15" }, "geometry": { "type": "Polygon", "coordinates": [ [ [ -94.6865, 38.8837 ], [ -94.6678, 38.8837 ], [ -94.6678, 38.8692 ], [ -94.6865, 38.8692 ], [ -94.6865, 38.8837 ] ] ] } },
{ "type": "Feature", "properties": { "GEOIDFQ": "1400000US20091053803", "NAME": "538.03", "NAMELSAD": "Census Tract 538.03" }, "geometry": { "type": "Polygon", "coordinates": [ [ [ -94.6765, 38.7912 ], [ -94.6678, 38.7909 ], [ -94.6764, 38.7927 ], [ -94.6769, 38.8255 ], [ -94.6077, 38.8258 ], [ -94.6091, 38.7381 ], [ -94.6762, 38.7382 ], [ -94.6765, 38.7912 ] ] ] } },
{ "type": "Feature", "properties": { "GEOIDFQ": "1400000US20091053419", "NAME": "534.19", "NAMELSAD": "Census Tract 534.19" }, "geometry": { "type": "Polygon", "coordinates": [ [ [ -94.7005, 38.8837 ], [ -94.6865, 38.8837 ], [ -94.6865, 38.8692 ], [ -94.7005, 38.8692 ], [ -94.7005, 38.8837 ] ] ] } },
{ "type": "Feature", "properties": { "GEOIDFQ": "1400000US20091053707", "NAME": "537.07", "NAMELSAD": "Census Tract 537.07" }, "geometry": { "type": "Polygon", "coordinates": [ [ [ -94.9276, 38.8256 ], [ -94.909, 38.8255 ], [ -94.909, 38.8182 ], [ -94.8999, 38.8131 ], [ -94.9275, 38.8081 ], [ -94.9276, 38.8256 ] ] ] } },
{ "type": "Feature", "properties": { "GEOIDFQ": "1400000US20091051909", "NAME": "519.09", "NAMELSAD": "Census Tract 519.09" }, "geometry": { "type": "Polygon", "coordinates": [ [ [ -94.6863, 38.9567 ], [ -94.6863, 38.9421 ], [ -94.705, 38.942 ], [ -94.7078, 38.9566 ], [ -94.6863, 38.9567 ] ] ] } },
{ "type": "Feature", "properties": { "GEOIDFQ": "1400000US20045000902", "NAME": "9.02", "NAMELSAD": "Census Tract 9.02" }, "geometry": { "type": "Polygon", "coordinates": [ [ [ -95.2605, 38.9344 ], [ -95.2418, 38.9356 ], [ -95.2435, 38.91 ], [ -95.2607, 38.911 ], [ -95.2605, 38.9344 ] ] ] } },
{ "type": "Feature", "properties": { "GEOIDFQ": "1400000US20045001001", "NAME": "10.01", "NAMELSAD": "Census Tract 10.01" }, "geometry": { "type": "Polygon", "coordinates": [ [ [ -95.2418, 38.9501 ], [ -95.2234, 38.9499 ], [ -95.2236, 38.9109 ], [ -95.2318, 38.9153 ], [ -95.2418, 38.9119 ], [ -95.2418, 38.9501 ] ] ] } },
{ "type": "Feature", "properties": { "GEOIDFQ": "1400000US20027458200", "NAME": "4582", "NAMELSAD": "Census Tract 4582" }, "geometry": { "type": "Polygon", "coordinates": [ [ [ -97.1652, 39.38 ], [ -97.1646, 39.4082 ], [ -97.0717, 39.4085 ], [ -97.073, 39.381 ], [ -97.0638, 39.3807 ], [ -97.0637, 39.3627 ], [ -97.0912, 39.3631 ], [ -97.0906, 39.3375 ], [ -97.0862, 39.3304 ], [ -97.093, 39.3309 ], [ -97.0964, 39.3523 ], [ -97.1036, 39.3577 ], [ -97.1096, 39.3511 ], [ -97.1193, 39.3516 ], [ -97.1444, 39.3699 ], [ -97.1513, 39.3614 ], [ -97.1694, 39.3621 ], [ -97.1754, 39.3776 ], [ -97.1652, 39.38 ] ] ] } },
{ "type": "Feature", "properties": { "GEOIDFQ": "1400000US20027458100", "NAME": "4581", "NAMELSAD": "Census Tract 4581" }, "geometry": { "type": "Polygon", "coordinates": [ [ [ -97.3686, 39.567 ], [ -96.9587, 39.5664 ], [ -96.9614, 39.1323 ], [ -97.3712, 39.132 ], [ -97.3686, 39.567 ] ], [ [ -97.1694, 39.3621 ], [ -97.1513, 39.3614 ], [ -97.1444, 39.3699 ], [ -97.1193, 39.3516 ], [ -97.1096, 39.3511 ], [ -97.1036, 39.3577 ], [ -97.0964, 39.3523 ], [ -97.093, 39.3309 ], [ -97.0862, 39.3304 ], [ -97.0906, 39.3375 ], [ -97.0912, 39.3631 ], [ -97.0637, 39.3627 ], [ -97.0638, 39.3807 ], [ -97.073, 39.381 ], [ -97.0717, 39.4085 ], [ -97.1646, 39.4082 ], [ -97.1652, 39.38 ], [ -97.1754, 39.3772 ], [ -97.1694, 39.3621 ] ] ] } },
{ "type": "Feature", "properties": { "GEOIDFQ": "1400000US20021958600", "NAME": "9586", "NAMELSAD": "Census Tract 9586" }, "geometry": { "type": "Polygon", "coordinates": [ [ [ -94.7768, 37.0459 ], [ -94.7587, 37.0458 ], [ -94.7588, 37.0605 ], [ -94.7408, 37.0609 ], [ -94.7356, 37.0536 ], [ -94.7285, 37.0622 ], [ -94.7265, 37.0325 ], [ -94.7113, 36.9988 ], [ -94.7772, 36.9987 ], [ -94.7768, 37.0459 ] ] ] } },
{ "type": "Feature", "properties": { "GEOIDFQ": "1400000US20101956600", "NAME": "9566", "NAMELSAD": "Census Tract 9566" }, "geometry": { "type": "Polygon", "coordinates": [ [ [ -100.2472, 38.6982 ], [ -100.2444, 38.2623 ], [ -100.6847, 38.2641 ], [ -100.688, 38.7 ], [ -100.2472, 38.6982 ] ] ] } },
{ "type": "Feature", "properties": { "GEOIDFQ": "1400000US20191962200", "NAME": "9622", "NAMELSAD": "Census Tract 9622" }, "geometry": { "type": "Polygon", "coordinates": [ [ [ -97.3228, 37.4766 ], [ -97.3226, 37.3443 ], [ -97.3319, 37.3337 ], [ -97.4758, 37.3311 ], [ -97.4758, 37.2442 ], [ -97.6743, 37.2419 ], [ -97.6743, 37.2293 ], [ -97.68, 37.245 ], [ -97.6914, 37.2535 ], [ -97.7055, 37.2256 ], [ -97.7281, 37.2462 ], [ -97.7347, 37.2326 ], [ -97.7468, 37.2322 ], [ -97.7632, 37.2456 ], [ -97.7818, 37.2487 ], [ -97.7882, 37.2625 ], [ -97.8029, 37.2731 ], [ -97.8076, 37.4742 ], [ -97.3228, 37.4766 ] ] ] } },
{ "type": "Feature", "properties": { "GEOIDFQ": "1400000US20025967100", "NAME": "9671", "NAMELSAD": "Census Tract 9671" }, "geometry": { "type": "Polygon", "coordinates": [ [ [ -100.1072, 37.4748 ], [ -99.5561, 37.4677 ], [ -99.5558, 37.3811 ], [ -99.5432, 37.3811 ], [ -99.5411, 36.9996 ], [ -100.0895, 37.0023 ], [ -100.0915, 37.3869 ], [ -100.1074, 37.3885 ], [ -100.1072, 37.4748 ] ] ] } },
{ "type": "Feature", "properties": { "GEOIDFQ": "1400000US20191962100", "NAME": "9621", "NAMELSAD": "Census Tract 9621" }, "geometry": { "type": "Polygon", "coordinates": [ [ [ -97.3228, 37.4766 ], [ -97.1533, 37.4755 ], [ -97.1507, 37.2884 ], [ -97.1551, 37.3117 ], [ -97.1691, 37.3236 ], [ -97.1913, 37.3101 ], [ -97.1993, 37.3259 ], [ -97.2286, 37.327 ], [ -97.2323, 37.3359 ], [ -97.2507, 37.3354 ], [ -97.2598, 37.3419 ], [ -97.2479, 37.3524 ], [ -97.2694, 37.3526 ], [ -97.2728, 37.3647 ], [ -97.2876, 37.3607 ], [ -97.2872, 37.3706 ], [ -97.3131, 37.3746 ], [ -97.3142, 37.3837 ], [ -97.3241, 37.3818 ], [ -97.3228, 37.4766 ] ] ] } },
{ "type": "Feature", "properties": { "GEOIDFQ": "1400000US20191962600", "NAME": "9626", "NAMELSAD": "Census Tract 9626" }, "geometry": { "type": "Polygon", "coordinates": [ [ [ -97.3396, 37.3223 ], [ -97.3221, 37.3457 ], [ -97.3241, 37.3818 ], [ -97.3147, 37.3838 ], [ -97.3131, 37.3746 ], [ -97.2872, 37.3706 ], [ -97.2883, 37.361 ], [ -97.2734, 37.3649 ], [ -97.2701, 37.3529 ], [ -97.2482, 37.3527 ], [ -97.2598, 37.3419 ], [ -97.2507, 37.3354 ], [ -97.2323, 37.3359 ], [ -97.2286, 37.327 ], [ -97.1993, 37.3259 ], [ -97.1913, 37.3101 ], [ -97.1697, 37.3239 ], [ -97.1541, 37.3093 ], [ -97.1477, 36.999 ], [ -97.3428, 36.9988 ], [ -97.3396, 37.3223 ] ] ] } },
{ "type": "Feature", "properties": { "GEOIDFQ": "1400000US20191962400", "NAME": "9624", "NAMELSAD": "Census Tract 9624" }, "geometry": { "type": "Polygon", "coordinates": [ [ [ -97.4758, 37.3311 ], [ -97.3849, 37.333 ], [ -97.3943, 37.2709 ], [ -97.4021, 37.2707 ], [ -97.4071, 37.2621 ], [ -97.4023, 37.2167 ], [ -97.4756, 37.2151 ], [ -97.4758, 37.3311 ] ] ] } },
{ "type": "Feature", "properties": { "GEOIDFQ": "1400000US20191962500", "NAME": "9625", "NAMELSAD": "Census Tract 9625" }, "geometry": { "type": "Polygon", "coordinates": [ [ [ -97.4021, 37.2707 ], [ -97.3943, 37.2709 ], [ -97.3849, 37.333 ], [ -97.3319, 37.3337 ], [ -97.3404, 37.3107 ], [ -97.3388, 37.2323 ], [ -97.3662, 37.2318 ], [ -97.3659, 37.2174 ], [ -97.4023, 37.2167 ], [ -97.4071, 37.2615 ], [ -97.4021, 37.2707 ] ] ] } },
{ "type": "Feature", "properties": { "GEOIDFQ": "1400000US20191962300", "NAME": "9623", "NAMELSAD": "Census Tract 9623" }, "geometry": { "type": "Polygon", "coordinates": [ [ [ -97.7882, 37.2625 ], [ -97.7818, 37.2487 ], [ -97.7632, 37.2456 ], [ -97.7394, 37.2305 ], [ -97.7271, 37.246 ], [ -97.7058, 37.2256 ], [ -97.6914, 37.2535 ], [ -97.68, 37.245 ], [ -97.6743, 37.2293 ], [ -97.6743, 37.2419 ], [ -97.4758, 37.2442 ], [ -97.4756, 37.2151 ], [ -97.3659, 37.2174 ], [ -97.3662, 37.2318 ], [ -97.3388, 37.2323 ], [ -97.3428, 36.9988 ], [ -97.8023, 36.9987 ], [ -97.8029, 37.2731 ], [ -97.7882, 37.2625 ] ] ] } },
{ "type": "Feature", "properties": { "GEOIDFQ": "1400000US20057962102", "NAME": "9621.02", "NAMELSAD": "Census Tract 9621.02" }, "geometry": { "type": "Polygon", "coordinates": [ [ [ -100.0332, 37.7221 ], [ -100.0151, 37.7216 ], [ -100.016, 37.7479 ], [ -99.9792, 37.7342 ], [ -99.979, 37.7453 ], [ -99.9065, 37.7221 ], [ -99.9066, 37.6914 ], [ -100.0333, 37.6928 ], [ -100.0332, 37.7221 ] ] ] } },
{ "type": "Feature", "properties": { "GEOIDFQ": "1400000US20195955800", "NAME": "9558", "NAMELSAD": "Census Tract 9558" }, "geometry": { "type": "Polygon", "coordinates": [ [ [ -100.1479, 39.1322 ], [ -99.5918, 39.1324 ], [ -99.5983, 38.6965 ], [ -100.1538, 38.6974 ], [ -100.1479, 39.1322 ] ] ] } },
{ "type": "Feature", "properties": { "GEOIDFQ": "1400000US20173005300", "NAME": "53", "NAMELSAD": "Census Tract 53" }, "geometry": { "type": "Polygon", "coordinates": [ [ [ -97.3527, 37.6516 ], [ -97.3525, 37.6278 ], [ -97.3707, 37.6284 ], [ -97.3708, 37.6441 ], [ -97.3527, 37.6516 ] ] ] } },
{ "type": "Feature", "properties": { "GEOIDFQ": "1400000US20173005501", "NAME": "55.01", "NAMELSAD": "Census Tract 55.01" }, "geometry": { "type": "Polygon", "coordinates": [ [ [ -97.3594, 37.5739 ], [ -97.3524, 37.5737 ], [ -97.3523, 37.5789 ], [ -97.3259, 37.5788 ], [ -97.3259, 37.5644 ], [ -97.3704, 37.5643 ], [ -97.3705, 37.5804 ], [ -97.3594, 37.5739 ] ] ] } },
{ "type": "Feature", "properties": { "GEOIDFQ": "1400000US20173005502", "NAME": "55.02", "NAMELSAD": "Census Tract 55.02" }, "geometry": { "type": "Polygon", "coordinates": [ [ [ -97.3259, 37.5644 ], [ -97.3259, 37.5498 ], [ -97.3703, 37.5498 ], [ -97.3704, 37.5643 ], [ -97.3259, 37.5644 ] ] ] } },
{ "type": "Feature", "properties": { "GEOIDFQ": "1400000US20173005600", "NAME": "56", "NAMELSAD": "Census Tract 56" }, "geometry": { "type": "Polygon", "coordinates": [ [ [ -97.3242, 37.5936 ], [ -97.3225, 37.602 ], [ -97.3066, 37.6071 ], [ -97.3037, 37.577 ], [ -97.288, 37.5645 ], [ -97.3259, 37.5644 ], [ -97.3259, 37.5788 ], [ -97.3523, 37.5789 ], [ -97.3523, 37.5901 ], [ -97.3242, 37.5936 ] ] ] } },
{ "type": "Feature", "properties": { "GEOIDFQ": "1400000US20173005700", "NAME": "57", "NAMELSAD": "Census Tract 57" }, "geometry": { "type": "Polygon", "coordinates": [ [ [ -97.3345, 37.617 ], [ -97.3284, 37.6199 ], [ -97.3242, 37.5936 ], [ -97.3523, 37.5935 ], [ -97.3525, 37.6278 ], [ -97.3345, 37.617 ] ] ] } },
{ "type": "Feature", "properties": { "GEOIDFQ": "1400000US20177003301", "NAME": "33.01", "NAMELSAD": "Census Tract 33.01" }, "geometry": { "type": "Polygon", "coordinates": [ [ [ -95.6321, 39.1241 ], [ -95.6319, 39.117 ], [ -95.5948, 39.1171 ], [ -95.5948, 39.1025 ], [ -95.6268, 39.1026 ], [ -95.6329, 39.0937 ], [ -95.6646, 39.0977 ], [ -95.6646, 39.1212 ], [ -95.6321, 39.1241 ] ] ] } },
{ "type": "Feature", "properties": { "GEOIDFQ": "1400000US20173010108", "NAME": "101.08", "NAMELSAD": "Census Tract 101.08" }, "geometry": { "type": "Polygon", "coordinates": [ [ [ -97.2263, 37.7374 ], [ -97.2263, 37.723 ], [ -97.2446, 37.723 ], [ -97.2447, 37.7377 ], [ -97.2263, 37.7374 ] ] ] } },
{ "type": "Feature", "properties": { "GEOIDFQ": "1400000US20173010109", "NAME": "101.09", "NAMELSAD": "Census Tract 101.09" }, "geometry": { "type": "Polygon", "coordinates": [ [ [ -97.2623, 37.723 ], [ -97.2263, 37.723 ], [ -97.2262, 37.7156 ], [ -97.2623, 37.7162 ], [ -97.2623, 37.723 ] ] ] } },
{ "type": "Feature", "properties": { "GEOIDFQ": "1400000US20173010400", "NAME": "104", "NAMELSAD": "Census Tract 104" }, "geometry": { "type": "Polygon", "coordinates": [ [ [ -97.7019, 37.9125 ], [ -97.482, 37.9123 ], [ -97.4819, 37.8251 ], [ -97.7021, 37.8252 ], [ -97.7019, 37.9125 ] ] ] } },
{ "type": "Feature", "properties": { "GEOIDFQ": "1400000US20173010500", "NAME": "105", "NAMELSAD": "Census Tract 105" }, "geometry": { "type": "Polygon", "coordinates": [ [ [ -97.4819, 37.8251 ], [ -97.481, 37.7369 ], [ -97.6987, 37.7351 ], [ -97.6997, 37.8252 ], [ -97.4819, 37.8251 ] ] ] } },
{ "type": "Feature", "properties": { "GEOIDFQ": "1400000US20173003400", "NAME": "34", "NAMELSAD": "Census Tract 34" }, "geometry": { "type": "Polygon", "coordinates": [ [ [ -97.3172, 37.6762 ], [ -97.3172, 37.6608 ], [ -97.3316, 37.6607 ], [ -97.3316, 37.6746 ], [ -97.3172, 37.6762 ] ] ] } },
{ "type": "Feature", "properties": { "GEOIDFQ": "1400000US20173010107", "NAME": "101.07", "NAMELSAD": "Census Tract 101.07" }, "geometry": { "type": "Polygon", "coordinates": [ [ [ -97.2447, 37.7377 ], [ -97.2446, 37.723 ], [ -97.2623, 37.723 ], [ -97.2623, 37.7366 ], [ -97.2447, 37.7377 ] ] ] } },
{ "type": "Feature", "properties": { "GEOIDFQ": "1400000US20197483200", "NAME": "4832", "NAMELSAD": "Census Tract 4832" }, "geometry": { "type": "Polygon", "coordinates": [ [ [ -96.3719, 38.8262 ], [ -96.3699, 38.8687 ], [ -96.3031, 38.8662 ], [ -96.2869, 38.8793 ], [ -96.2712, 38.9619 ], [ -96.2835, 38.9933 ], [ -96.2386, 39.0022 ], [ -96.1783, 39.0007 ], [ -96.1783, 39.0152 ], [ -96.1529, 39.0152 ], [ -96.1506, 39.0193 ], [ -96.1551, 39.0304 ], [ -96.1503, 39.0581 ], [ -95.9467, 39.0583 ], [ -95.9459, 38.7391 ], [ -96.3897, 38.739 ], [ -96.3904, 38.8259 ], [ -96.3719, 38.8262 ] ] ] } },
{ "type": "Feature", "properties": { "GEOIDFQ": "1400000US20087020102", "NAME": "201.02", "NAMELSAD": "Census Tract 201.02" }, "geometry": { "type": "Polygon", "coordinates": [ [ [ -95.4724, 39.2649 ], [ -95.4536, 39.2616 ], [ -95.4462, 39.2672 ], [ -95.4536, 39.2844 ], [ -95.4506, 39.2885 ], [ -95.4328, 39.2881 ], [ -95.4293, 39.2936 ], [ -95.4362, 39.3008 ], [ -95.431, 39.3039 ], [ -95.3667, 39.3039 ], [ -95.3663, 39.1441 ], [ -95.3475, 39.1435 ], [ -95.3475, 39.129 ], [ -95.3543, 39.1289 ], [ -95.3497, 39.0332 ], [ -95.3899, 39.0499 ], [ -95.4032, 39.0613 ], [ -95.4074, 39.0706 ], [ -95.3967, 39.0783 ], [ -95.3982, 39.0874 ], [ -95.4529, 39.1352 ], [ -95.4462, 39.1506 ], [ -95.4673, 39.1968 ], [ -95.4535, 39.2428 ], [ -95.4694, 39.2445 ], [ -95.4802, 39.2569 ], [ -95.4724, 39.2649 ] ] ] } },
{ "type": "Feature", "properties": { "GEOIDFQ": "1400000US20087020101", "NAME": "201.01", "NAMELSAD": "Census Tract 201.01" }, "geometry": { "type": "Polygon", "coordinates": [ [ [ -95.5947, 39.1293 ], [ -95.5893, 39.1292 ], [ -95.5891, 39.3031 ], [ -95.431, 39.3039 ], [ -95.4362, 39.3008 ], [ -95.4293, 39.2936 ], [ -95.4328, 39.2881 ], [ -95.4506, 39.2885 ], [ -95.4536, 39.2844 ], [ -95.4462, 39.2672 ], [ -95.4536, 39.2616 ], [ -95.4724, 39.2649 ], [ -95.4802, 39.2557 ], [ -95.4694, 39.2445 ], [ -95.4535, 39.2428 ], [ -95.4673, 39.1968 ], [ -95.4462, 39.1506 ], [ -95.4529, 39.1352 ], [ -95.3982, 39.0874 ], [ -95.3967, 39.0783 ], [ -95.4074, 39.0706 ], [ -95.4032, 39.0613 ], [ -95.4424, 39.0697 ], [ -95.4938, 39.054 ], [ -95.5122, 39.0666 ], [ -95.5428, 39.0691 ], [ -95.5823, 39.054 ], [ -95.5968, 39.0647 ], [ -95.5947, 39.1293 ] ] ] } },
{ "type": "Feature", "properties": { "GEOIDFQ": "1400000US20177003607", "NAME": "36.07", "NAMELSAD": "Census Tract 36.07" }, "geometry": { "type": "Polygon", "coordinates": [ [ [ -95.8352, 39.0659 ], [ -95.8164, 39.0613 ], [ -95.7803, 39.067 ], [ -95.7802, 39.0434 ], [ -95.7617, 39.0437 ], [ -95.7622, 39.0291 ], [ -95.7809, 39.0289 ], [ -95.7809, 39.0145 ], [ -95.835, 39.0144 ], [ -95.8352, 39.0659 ] ] ] } },
{ "type": "Feature", "properties": { "GEOIDFQ": "1400000US20177003606", "NAME": "36.06", "NAMELSAD": "Census Tract 36.06" }, "geometry": { "type": "Polygon", "coordinates": [ [ [ -95.7809, 39.0289 ], [ -95.7622, 39.0291 ], [ -95.7624, 39.0146 ], [ -95.7809, 39.0152 ], [ -95.7809, 39.0289 ] ] ] } },
{ "type": "Feature", "properties": { "GEOIDFQ": "1400000US20177002500", "NAME": "25", "NAMELSAD": "Census Tract 25" }, "geometry": { "type": "Polygon", "coordinates": [ [ [ -95.7432, 39.0438 ], [ -95.7247, 39.044 ], [ -95.7249, 39.0331 ], [ -95.7435, 39.0302 ], [ -95.7432, 39.0438 ] ] ] } },
{ "type": "Feature", "properties": { "GEOIDFQ": "1400000US20177002601", "NAME": "26.01", "NAMELSAD": "Census Tract 26.01" }, "geometry": { "type": "Polygon", "coordinates": [ [ [ -95.7432, 39.0438 ], [ -95.7438, 39.0135 ], [ -95.7497, 39.0179 ], [ -95.7617, 39.0427 ], [ -95.7432, 39.0438 ] ] ] } },
{ "type": "Feature", "properties": { "GEOIDFQ": "1400000US20177002602", "NAME": "26.02", "NAMELSAD": "Census Tract 26.02" }, "geometry": { "type": "Polygon", "coordinates": [ [ [ -95.7622, 39.0291 ], [ -95.7618, 39.0423 ], [ -95.7438, 39.0135 ], [ -95.7461, 39.0003 ], [ -95.7624, 39.0001 ], [ -95.7622, 39.0291 ] ] ] } },
{ "type": "Feature", "properties": { "GEOIDFQ": "1400000US20177002701", "NAME": "27.01", "NAMELSAD": "Census Tract 27.01" }, "geometry": { "type": "Polygon", "coordinates": [ [ [ -95.7436, 39.0293 ], [ -95.7237, 39.0332 ], [ -95.7297, 39.0096 ], [ -95.7438, 39.0147 ], [ -95.7436, 39.0293 ] ] ] } },
{ "type": "Feature", "properties": { "GEOIDFQ": "1400000US20177002702", "NAME": "27.02", "NAMELSAD": "Census Tract 27.02" }, "geometry": { "type": "Polygon", "coordinates": [ [ [ -95.7461, 39.0003 ], [ -95.7438, 39.0135 ], [ -95.7118, 39.0006 ], [ -95.7302, 39.0003 ], [ -95.7301, 38.9847 ], [ -95.7532, 38.982 ], [ -95.7622, 38.982 ], [ -95.7624, 39.0001 ], [ -95.7461, 39.0003 ] ] ] } },
{ "type": "Feature", "properties": { "GEOIDFQ": "1400000US20177002800", "NAME": "28", "NAMELSAD": "Census Tract 28" }, "geometry": { "type": "Polygon", "coordinates": [ [ [ -95.697, 39.0151 ], [ -95.6876, 39.0152 ], [ -95.6877, 38.9944 ], [ -95.7058, 38.9979 ], [ -95.697, 39.0151 ] ] ] } },
{ "type": "Feature", "properties": { "GEOIDFQ": "1400000US20177001603", "NAME": "16.03", "NAMELSAD": "Census Tract 16.03" }, "geometry": { "type": "Polygon", "coordinates": [ [ [ -95.7242, 39.0184 ], [ -95.7124, 39.0165 ], [ -95.7169, 39.0031 ], [ -95.7293, 39.0101 ], [ -95.7242, 39.0184 ] ] ] } },
{ "type": "Feature", "properties": { "GEOIDFQ": "1400000US20183475900", "NAME": "4759", "NAMELSAD": "Census Tract 4759" }, "geometry": { "type": "Polygon", "coordinates": [ [ [ -99.067, 40.0023 ], [ -98.5045, 40.0023 ], [ -98.5053, 39.5676 ], [ -99.0662, 39.5681 ], [ -99.067, 40.0023 ] ], [ [ -98.8419, 39.7415 ], [ -98.7481, 39.7417 ], [ -98.7481, 39.7854 ], [ -98.7293, 39.7854 ], [ -98.7294, 39.8142 ], [ -98.842, 39.8117 ], [ -98.8419, 39.7415 ] ] ] } },
{ "type": "Feature", "properties": { "GEOIDFQ": "1400000US20183475800", "NAME": "4758", "NAMELSAD": "Census Tract 4758" }, "geometry": { "type": "Polygon", "coordinates": [ [ [ -98.7294, 39.8142 ], [ -98.7293, 39.7854 ], [ -98.7481, 39.7854 ], [ -98.7481, 39.7417 ], [ -98.8419, 39.7415 ], [ -98.842, 39.8134 ], [ -98.7294, 39.8142 ] ] ] } },
{ "type": "Feature", "properties": { "GEOIDFQ": "1400000US20115489500", "NAME": "4895", "NAMELSAD": "Census Tract 4895" }, "geometry": { "type": "Polygon", "coordinates": [ [ [ -97.3719, 38.6094 ], [ -96.9303, 38.6094 ], [ -96.93, 38.5224 ], [ -96.8195, 38.5224 ], [ -96.8196, 38.421 ], [ -97.0403, 38.4206 ], [ -97.0403, 38.4351 ], [ -97.1324, 38.4351 ], [ -97.1325, 38.4496 ], [ -97.1653, 38.4497 ], [ -97.1693, 38.4352 ], [ -97.3719, 38.435 ], [ -97.3719, 38.6094 ] ] ] } },
{ "type": "Feature", "properties": { "GEOIDFQ": "1400000US20115489800", "NAME": "4898", "NAMELSAD": "Census Tract 4898" }, "geometry": { "type": "Polygon", "coordinates": [ [ [ -97.3716, 38.2899 ], [ -96.9297, 38.2902 ], [ -96.9298, 38.3193 ], [ -96.8377, 38.3193 ], [ -96.8408, 38.0856 ], [ -97.1529, 38.0877 ], [ -97.1531, 38.1746 ], [ -97.3717, 38.1737 ], [ -97.3716, 38.2899 ] ] ] } },
{ "type": "Feature", "properties": { "GEOIDFQ": "1400000US20115489600", "NAME": "4896", "NAMELSAD": "Census Tract 4896" }, "geometry": { "type": "Polygon", "coordinates": [ [ [ -97.3719, 38.435 ], [ -97.1693, 38.4352 ], [ -97.1692, 38.3626 ], [ -97.0972, 38.3631 ], [ -97.0954, 38.2901 ], [ -97.3716, 38.2899 ], [ -97.3719, 38.435 ] ] ] } },
{ "type": "Feature", "properties": { "GEOIDFQ": "1400000US20115489700", "NAME": "4897", "NAMELSAD": "Census Tract 4897" }, "geometry": { "type": "Polygon", "coordinates": [ [ [ -97.1653, 38.4497 ], [ -97.1325, 38.4496 ], [ -97.1324, 38.4351 ], [ -97.0403, 38.4351 ], [ -97.0403, 38.4206 ], [ -96.8196, 38.421 ], [ -96.8195, 38.3485 ], [ -96.8377, 38.3486 ], [ -96.8377, 38.3193 ], [ -96.9298, 38.3193 ], [ -96.9297, 38.2902 ], [ -97.0954, 38.2901 ], [ -97.0972, 38.3631 ], [ -97.1692, 38.3626 ], [ -97.1653, 38.4497 ] ] ] } },
{ "type": "Feature", "properties": { "GEOIDFQ": "1400000US20061000200", "NAME": "2", "NAMELSAD": "Census Tract 2" }, "geometry": { "type": "Polygon", "coordinates": [ [ [ -96.8491, 39.0474 ], [ -96.8365, 39.0494 ], [ -96.8293, 39.0431 ], [ -96.8314, 39.0303 ], [ -96.8491, 39.0335 ], [ -96.8491, 39.0474 ] ] ] } },
{ "type": "Feature", "properties": { "GEOIDFQ": "1400000US20061000700", "NAME": "7", "NAMELSAD": "Census Tract 7" }, "geometry": { "type": "Polygon", "coordinates": [ [ [ -96.8493, 39.0004 ], [ -96.8052, 39.0257 ], [ -96.8074, 39.0461 ], [ -96.7995, 39.0533 ], [ -96.7787, 39.0513 ], [ -96.7784, 39.0354 ], [ -96.7675, 39.0379 ], [ -96.7471, 39.058 ], [ -96.7664, 39.0674 ], [ -96.7561, 39.0878 ], [ -96.7434, 39.0877 ], [ -96.7361, 39.08 ], [ -96.7234, 39.0909 ], [ -96.7063, 39.0916 ], [ -96.7061, 39.0731 ], [ -96.501, 39.0727 ], [ -96.5016, 38.8697 ], [ -96.853, 38.87 ], [ -96.8614, 38.9993 ], [ -96.8493, 39.0004 ] ] ] } },
{ "type": "Feature", "properties": { "GEOIDFQ": "1400000US20205097300", "NAME": "973", "NAMELSAD": "Census Tract 973" }, "geometry": { "type": "Polygon", "coordinates": [ [ [ -95.8698, 37.5594 ], [ -95.7973, 37.5591 ], [ -95.798, 37.5155 ], [ -95.8335, 37.5155 ], [ -95.8335, 37.5083 ], [ -95.8494, 37.5121 ], [ -95.8505, 37.5173 ], [ -95.8594, 37.5151 ], [ -95.8585, 37.523 ], [ -95.8698, 37.5231 ], [ -95.8698, 37.5594 ] ] ] } },
{ "type": "Feature", "properties": { "GEOIDFQ": "1400000US20205097400", "NAME": "974", "NAMELSAD": "Census Tract 974" }, "geometry": { "type": "Polygon", "coordinates": [ [ [ -95.7286, 37.4557 ], [ -95.7337, 37.5009 ], [ -95.7063, 37.501 ], [ -95.7066, 37.4733 ], [ -95.6514, 37.472 ], [ -95.6515, 37.4426 ], [ -95.6154, 37.4423 ], [ -95.6154, 37.3843 ], [ -95.7064, 37.3849 ], [ -95.7066, 37.4134 ], [ -95.6937, 37.4184 ], [ -95.7113, 37.4257 ], [ -95.7173, 37.4224 ], [ -95.7233, 37.4317 ], [ -95.7171, 37.4378 ], [ -95.7283, 37.4368 ], [ -95.7408, 37.4567 ], [ -95.7286, 37.4557 ] ] ] } },
{ "type": "Feature", "properties": { "GEOIDFQ": "1400000US20173010002", "NAME": "100.02", "NAMELSAD": "Census Tract 100.02" }, "geometry": { "type": "Polygon", "coordinates": [ [ [ -97.1896, 37.7085 ], [ -97.1713, 37.7086 ], [ -97.1712, 37.6503 ], [ -97.1895, 37.6501 ], [ -97.1896, 37.7085 ] ] ] } },
{ "type": "Feature", "properties": { "GEOIDFQ": "1400000US20011955600", "NAME": "9556", "NAMELSAD": "Census Tract 9556" }, "geometry": { "type": "Polygon", "coordinates": [ [ [ -95.0779, 38.0377 ], [ -94.6141, 38.0371 ], [ -94.6161, 37.8782 ], [ -94.7318, 37.8777 ], [ -94.7318, 37.885 ], [ -94.7685, 37.8851 ], [ -94.7685, 37.8634 ], [ -94.984, 37.8636 ], [ -95.0113, 37.8819 ], [ -95.043, 37.8922 ], [ -95.0441, 37.8624 ], [ -95.0616, 37.8633 ], [ -95.0616, 37.8778 ], [ -95.0801, 37.8779 ], [ -95.0779, 38.0377 ] ] ] } },
{ "type": "Feature", "properties": { "GEOIDFQ": "1400000US20171957100", "NAME": "9571", "NAMELSAD": "Census Tract 9571" }, "geometry": { "type": "Polygon", "coordinates": [ [ [ -100.688, 38.7 ], [ -100.6847, 38.2641 ], [ -101.1254, 38.2645 ], [ -101.1284, 38.7006 ], [ -100.688, 38.7 ] ] ] } },
{ "type": "Feature", "properties": { "GEOIDFQ": "1400000US20029977100", "NAME": "9771", "NAMELSAD": "Census Tract 9771" }, "geometry": { "type": "Polygon", "coordinates": [ [ [ -97.6669, 39.485 ], [ -97.6573, 39.5047 ], [ -97.6568, 39.5248 ], [ -97.6199, 39.5246 ], [ -97.6201, 39.5391 ], [ -97.592, 39.5391 ], [ -97.5934, 39.5739 ], [ -97.5752, 39.5734 ], [ -97.5712, 39.5962 ], [ -97.5786, 39.6039 ], [ -97.5964, 39.6003 ], [ -97.607, 39.5894 ], [ -97.6242, 39.5876 ], [ -97.6387, 39.5946 ], [ -97.6587, 39.5894 ], [ -97.6605, 39.6535 ], [ -97.3687, 39.654 ], [ -97.3698, 39.306 ], [ -97.6673, 39.3088 ], [ -97.6669, 39.485 ] ] ] } },
{ "type": "Feature", "properties": { "GEOIDFQ": "1400000US20173009505", "NAME": "95.05", "NAMELSAD": "Census Tract 95.05" }, "geometry": { "type": "Polygon", "coordinates": [ [ [ -97.4627, 37.7083 ], [ -97.4628, 37.6937 ], [ -97.4807, 37.6935 ], [ -97.4815, 37.7086 ], [ -97.4627, 37.7083 ] ] ] } },
{ "type": "Feature", "properties": { "GEOIDFQ": "1400000US20173009507", "NAME": "95.07", "NAMELSAD": "Census Tract 95.07" }, "geometry": { "type": "Polygon", "coordinates": [ [ [ -97.481, 37.7369 ], [ -97.4807, 37.6935 ], [ -97.5892, 37.6928 ], [ -97.5895, 37.7357 ], [ -97.481, 37.7369 ] ] ] } },
{ "type": "Feature", "properties": { "GEOIDFQ": "1400000US20173009508", "NAME": "95.08", "NAMELSAD": "Census Tract 95.08" }, "geometry": { "type": "Polygon", "coordinates": [ [ [ -97.5531, 37.6929 ], [ -97.553, 37.6497 ], [ -97.5892, 37.6496 ], [ -97.5892, 37.6928 ], [ -97.5531, 37.6929 ] ] ] } },
{ "type": "Feature", "properties": { "GEOIDFQ": "1400000US20173009504", "NAME": "95.04", "NAMELSAD": "Census Tract 95.04" }, "geometry": { "type": "Polygon", "coordinates": [ [ [ -97.4627, 37.7227 ], [ -97.4445, 37.723 ], [ -97.4443, 37.7088 ], [ -97.4627, 37.7083 ], [ -97.4627, 37.7227 ] ] ] } },
{ "type": "Feature", "properties": { "GEOIDFQ": "1400000US20173009509", "NAME": "95.09", "NAMELSAD": "Census Tract 95.09" }, "geometry": { "type": "Polygon", "coordinates": [ [ [ -97.4987, 37.6932 ], [ -97.4985, 37.6499 ], [ -97.553, 37.6497 ], [ -97.5531, 37.6929 ], [ -97.4987, 37.6932 ] ] ] } },
{ "type": "Feature", "properties": { "GEOIDFQ": "1400000US20173009510", "NAME": "95.10", "NAMELSAD": "Census Tract 95.10" }, "geometry": { "type": "Polygon", "coordinates": [ [ [ -97.4987, 37.6932 ], [ -97.4807, 37.6935 ], [ -97.4809, 37.65 ], [ -97.4985, 37.6499 ], [ -97.4987, 37.6932 ] ] ] } },
{ "type": "Feature", "properties": { "GEOIDFQ": "1400000US20173009511", "NAME": "95.11", "NAMELSAD": "Census Tract 95.11" }, "geometry": { "type": "Polygon", "coordinates": [ [ [ -97.4807, 37.679 ], [ -97.4625, 37.6793 ], [ -97.4622, 37.6644 ], [ -97.4439, 37.665 ], [ -97.4438, 37.6506 ], [ -97.4809, 37.6502 ], [ -97.4807, 37.679 ] ] ] } },
{ "type": "Feature", "properties": { "GEOIDFQ": "1400000US20051072701", "NAME": "727.01", "NAMELSAD": "Census Tract 727.01" }, "geometry": { "type": "Polygon", "coordinates": [ [ [ -99.3177, 38.8912 ], [ -99.3178, 38.8986 ], [ -99.2992, 38.8902 ], [ -99.2995, 38.8596 ], [ -99.318, 38.8668 ], [ -99.3177, 38.8912 ] ] ] } },
{ "type": "Feature", "properties": { "GEOIDFQ": "1400000US20055960508", "NAME": "9605.08", "NAMELSAD": "Census Tract 9605.08" }, "geometry": { "type": "Polygon", "coordinates": [ [ [ -100.8386, 37.9749 ], [ -100.8244, 37.973 ], [ -100.8275, 37.9676 ], [ -100.8198, 37.9603 ], [ -100.8397, 37.9616 ], [ -100.8386, 37.9749 ] ] ] } },
{ "type": "Feature", "properties": { "GEOIDFQ": "1400000US20055960404", "NAME": "9604.04", "NAMELSAD": "Census Tract 9604.04" }, "geometry": { "type": "Polygon", "coordinates": [ [ [ -100.8658, 38.062 ], [ -100.7922, 38.0617 ], [ -100.7926, 38.0123 ], [ -100.8301, 37.9893 ], [ -100.8656, 37.9895 ], [ -100.8658, 38.062 ] ] ] } },
{ "type": "Feature", "properties": { "GEOIDFQ": "1400000US20173008900", "NAME": "89", "NAMELSAD": "Census Tract 89" }, "geometry": { "type": "Polygon", "coordinates": [ [ [ -97.3895, 37.6948 ], [ -97.3893, 37.6736 ], [ -97.4015, 37.6733 ], [ -97.4158, 37.6946 ], [ -97.3895, 37.6948 ] ] ] } },
{ "type": "Feature", "properties": { "GEOIDFQ": "1400000US20173009100", "NAME": "91", "NAMELSAD": "Census Tract 91" }, "geometry": { "type": "Polygon", "coordinates": [ [ [ -97.3893, 37.6736 ], [ -97.3892, 37.6658 ], [ -97.3711, 37.6659 ], [ -97.3707, 37.6284 ], [ -97.3938, 37.6346 ], [ -97.4015, 37.6733 ], [ -97.3893, 37.6736 ] ] ] } },
{ "type": "Feature", "properties": { "GEOIDFQ": "1400000US20173009200", "NAME": "92", "NAMELSAD": "Census Tract 92" }, "geometry": { "type": "Polygon", "coordinates": [ [ [ -97.4049, 37.6801 ], [ -97.3989, 37.6467 ], [ -97.4551, 37.6288 ], [ -97.4458, 37.6417 ], [ -97.4524, 37.6505 ], [ -97.4438, 37.6506 ], [ -97.4439, 37.665 ], [ -97.4622, 37.6644 ], [ -97.4625, 37.6793 ], [ -97.4049, 37.6801 ] ] ] } },
{ "type": "Feature", "properties": { "GEOIDFQ": "1400000US20173009401", "NAME": "94.01", "NAMELSAD": "Census Tract 94.01" }, "geometry": { "type": "Polygon", "coordinates": [ [ [ -97.4627, 37.7083 ], [ -97.4443, 37.7088 ], [ -97.4444, 37.6941 ], [ -97.4628, 37.6941 ], [ -97.4627, 37.7083 ] ] ] } },
{ "type": "Feature", "properties": { "GEOIDFQ": "1400000US20055960505", "NAME": "9605.05", "NAMELSAD": "Census Tract 9605.05" }, "geometry": { "type": "Polygon", "coordinates": [ [ [ -100.8733, 37.9687 ], [ -100.8545, 37.9677 ], [ -100.8544, 37.9606 ], [ -100.8655, 37.9627 ], [ -100.8666, 37.9573 ], [ -100.8772, 37.9562 ], [ -100.8733, 37.9687 ] ] ] } },
{ "type": "Feature", "properties": { "GEOIDFQ": "1400000US20055960507", "NAME": "9605.07", "NAMELSAD": "Census Tract 9605.07" }, "geometry": { "type": "Polygon", "coordinates": [ [ [ -100.8381, 37.9826 ], [ -100.8401, 37.9579 ], [ -100.8544, 37.9606 ], [ -100.8545, 37.9749 ], [ -100.8381, 37.9826 ] ] ] } },
{ "type": "Feature", "properties": { "GEOIDFQ": "1400000US20055960401", "NAME": "9604.01", "NAMELSAD": "Census Tract 9604.01" }, "geometry": { "type": "Polygon", "coordinates": [ [ [ -100.8542, 37.9894 ], [ -100.8543, 37.9781 ], [ -100.8655, 37.9782 ], [ -100.8656, 37.9895 ], [ -100.8542, 37.9894 ] ] ] } },
{ "type": "Feature", "properties": { "GEOIDFQ": "1400000US20055960403", "NAME": "9604.03", "NAMELSAD": "Census Tract 9604.03" }, "geometry": { "type": "Polygon", "coordinates": [ [ [ -100.8542, 37.9894 ], [ -100.8301, 37.9893 ], [ -100.8465, 37.9757 ], [ -100.8545, 37.975 ], [ -100.8542, 37.9894 ] ] ] } },
{ "type": "Feature", "properties": { "GEOIDFQ": "1400000US20009971801", "NAME": "9718.01", "NAMELSAD": "Census Tract 9718.01" }, "geometry": { "type": "Polygon", "coordinates": [ [ [ -98.9106, 38.2844 ], [ -98.8665, 38.3042 ], [ -98.8662, 38.3327 ], [ -98.8847, 38.3325 ], [ -98.8851, 38.3617 ], [ -98.8667, 38.3617 ], [ -98.8671, 38.4487 ], [ -98.738, 38.449 ], [ -98.7378, 38.4053 ], [ -98.691, 38.4055 ], [ -98.6841, 38.42 ], [ -98.6644, 38.4201 ], [ -98.664, 38.261 ], [ -98.9329, 38.2615 ], [ -98.9106, 38.2844 ] ], [ [ -98.8113, 38.3468 ], [ -98.7558, 38.3579 ], [ -98.7562, 38.3908 ], [ -98.8115, 38.3907 ], [ -98.8113, 38.3468 ] ] ] } },
{ "type": "Feature", "properties": { "GEOIDFQ": "1400000US20173008800", "NAME": "88", "NAMELSAD": "Census Tract 88" }, "geometry": { "type": "Polygon", "coordinates": [ [ [ -97.4054, 37.7089 ], [ -97.3941, 37.7089 ], [ -97.3793, 37.6949 ], [ -97.4143, 37.6945 ], [ -97.4054, 37.7089 ] ] ] } },
{ "type": "Feature", "properties": { "GEOIDFQ": "1400000US20011955800", "NAME": "9558", "NAMELSAD": "Census Tract 9558" }, "geometry": { "type": "Polygon", "coordinates": [ [ [ -94.7939, 37.8122 ], [ -94.7785, 37.8126 ], [ -94.7777, 37.8487 ], [ -94.7685, 37.8487 ], [ -94.7685, 37.8851 ], [ -94.7318, 37.885 ], [ -94.7318, 37.8777 ], [ -94.7135, 37.8776 ], [ -94.7135, 37.8553 ], [ -94.704, 37.8544 ], [ -94.7024, 37.8489 ], [ -94.7193, 37.8398 ], [ -94.7096, 37.8398 ], [ -94.7048, 37.7905 ], [ -94.8052, 37.7907 ], [ -94.7939, 37.8122 ] ] ] } },
{ "type": "Feature", "properties": { "GEOIDFQ": "1400000US20011955700", "NAME": "9557", "NAMELSAD": "Census Tract 9557" }, "geometry": { "type": "Polygon", "coordinates": [ [ [ -95.0801, 37.8779 ], [ -95.0616, 37.8778 ], [ -95.0616, 37.8633 ], [ -95.0436, 37.8625 ], [ -95.043, 37.8922 ], [ -95.0113, 37.8819 ], [ -94.9849, 37.8636 ], [ -94.7685, 37.8634 ], [ -94.7685, 37.8487 ], [ -94.7777, 37.8487 ], [ -94.7785, 37.8126 ], [ -94.7939, 37.8122 ], [ -94.8054, 37.7907 ], [ -94.7141, 37.7905 ], [ -94.7139, 37.7759 ], [ -94.6177, 37.7759 ], [ -94.6178, 37.6731 ], [ -95.088, 37.6745 ], [ -95.0801, 37.8779 ] ] ] } },
{ "type": "Feature", "properties": { "GEOIDFQ": "1400000US20011955900", "NAME": "9559", "NAMELSAD": "Census Tract 9559" }, "geometry": { "type": "Polygon", "coordinates": [ [ [ -94.7048, 37.7905 ], [ -94.7055, 37.8189 ], [ -94.6982, 37.8215 ], [ -94.6947, 37.8357 ], [ -94.7032, 37.8539 ], [ -94.7135, 37.8553 ], [ -94.7135, 37.8776 ], [ -94.6159, 37.8783 ], [ -94.6177, 37.7759 ], [ -94.7139, 37.7759 ], [ -94.7141, 37.7905 ], [ -94.7048, 37.7905 ] ] ] } },
{ "type": "Feature", "properties": { "GEOIDFQ": "1400000US20011956000", "NAME": "9560", "NAMELSAD": "Census Tract 9560" }, "geometry": { "type": "Polygon", "coordinates": [ [ [ -94.7026, 37.8489 ], [ -94.7024, 37.8419 ], [ -94.6948, 37.844 ], [ -94.6982, 37.8215 ], [ -94.7096, 37.8214 ], [ -94.7096, 37.8398 ], [ -94.7192, 37.84 ], [ -94.7026, 37.8489 ] ] ] } },
{ "type": "Feature", "properties": { "GEOIDFQ": "1400000US20173010003", "NAME": "100.03", "NAMELSAD": "Census Tract 100.03" }, "geometry": { "type": "Polygon", "coordinates": [ [ [ -97.2262, 37.6501 ], [ -97.2263, 37.6355 ], [ -97.2336, 37.6355 ], [ -97.2338, 37.6428 ], [ -97.2445, 37.6428 ], [ -97.2445, 37.6501 ], [ -97.2262, 37.6501 ] ] ] } },
{ "type": "Feature", "properties": { "GEOIDFQ": "1400000US20173010005", "NAME": "100.05", "NAMELSAD": "Census Tract 100.05" }, "geometry": { "type": "Polygon", "coordinates": [ [ [ -97.262, 37.577 ], [ -97.2621, 37.5625 ], [ -97.288, 37.5626 ], [ -97.2881, 37.5693 ], [ -97.3041, 37.5791 ], [ -97.262, 37.577 ] ] ] } },
{ "type": "Feature", "properties": { "GEOIDFQ": "1400000US20173010106", "NAME": "101.06", "NAMELSAD": "Census Tract 101.06" }, "geometry": { "type": "Polygon", "coordinates": [ [ [ -97.2383, 37.767 ], [ -97.2265, 37.7726 ], [ -97.2264, 37.7523 ], [ -97.2621, 37.7522 ], [ -97.2622, 37.757 ], [ -97.2383, 37.767 ] ] ] } },
{ "type": "Feature", "properties": { "GEOIDFQ": "1400000US20085082700", "NAME": "827", "NAMELSAD": "Census Tract 827" }, "geometry": { "type": "Polygon", "coordinates": [ [ [ -95.7758, 39.4632 ], [ -95.7759, 39.4923 ], [ -95.7572, 39.4922 ], [ -95.7574, 39.5068 ], [ -95.6824, 39.5063 ], [ -95.6826, 39.4338 ], [ -95.7686, 39.4342 ], [ -95.7807, 39.4633 ], [ -95.7758, 39.4632 ] ] ] } },
{ "type": "Feature", "properties": { "GEOIDFQ": "1400000US20153950600", "NAME": "9506", "NAMELSAD": "Census Tract 9506" }, "geometry": { "type": "Polygon", "coordinates": [ [ [ -101.411, 40.0025 ], [ -100.7388, 40.0021 ], [ -100.7409, 39.568 ], [ -101.4139, 39.5684 ], [ -101.411, 40.0025 ] ] ] } },
{ "type": "Feature", "properties": { "GEOIDFQ": "1400000US20203957600", "NAME": "9576", "NAMELSAD": "Census Tract 9576" }, "geometry": { "type": "Polygon", "coordinates": [ [ [ -101.5671, 38.6997 ], [ -101.1284, 38.7006 ], [ -101.1254, 38.2645 ], [ -101.5675, 38.2634 ], [ -101.5671, 38.6997 ] ] ] } },
{ "type": "Feature", "properties": { "GEOIDFQ": "1400000US20159967200", "NAME": "9672", "NAMELSAD": "Census Tract 9672" }, "geometry": { "type": "Polygon", "coordinates": [ [ [ -98.1462, 38.3912 ], [ -98.1466, 38.3041 ], [ -98.257, 38.3044 ], [ -98.2574, 38.3882 ], [ -98.1462, 38.3912 ] ] ] } },
{ "type": "Feature", "properties": { "GEOIDFQ": "1400000US20163974600", "NAME": "9746", "NAMELSAD": "Census Tract 9746" }, "geometry": { "type": "Polygon", "coordinates": [ [ [ -99.6022, 39.5673 ], [ -99.0444, 39.568 ], [ -99.0481, 39.278 ], [ -99.4377, 39.278 ], [ -99.4374, 39.3071 ], [ -99.6048, 39.3088 ], [ -99.6022, 39.5673 ] ] ] } },
{ "type": "Feature", "properties": { "GEOIDFQ": "1400000US20163974700", "NAME": "9747", "NAMELSAD": "Census Tract 9747" }, "geometry": { "type": "Polygon", "coordinates": [ [ [ -99.6047, 39.3074 ], [ -99.4374, 39.3071 ], [ -99.4377, 39.278 ], [ -99.0481, 39.278 ], [ -99.0477, 39.133 ], [ -99.6052, 39.1325 ], [ -99.6047, 39.3074 ] ] ] } },
{ "type": "Feature", "properties": { "GEOIDFQ": "1400000US20085082600", "NAME": "826", "NAMELSAD": "Census Tract 826" }, "geometry": { "type": "Polygon", "coordinates": [ [ [ -95.7889, 39.653 ], [ -95.5641, 39.6529 ], [ -95.5704, 39.4191 ], [ -95.5893, 39.4191 ], [ -95.5895, 39.2161 ], [ -95.7197, 39.2165 ], [ -95.7199, 39.3189 ], [ -95.7384, 39.3182 ], [ -95.7385, 39.4213 ], [ -95.7483, 39.4212 ], [ -95.7486, 39.4337 ], [ -95.6826, 39.4338 ], [ -95.6824, 39.5063 ], [ -95.7574, 39.5068 ], [ -95.7572, 39.4922 ], [ -95.7928, 39.4922 ], [ -95.7889, 39.653 ] ] ] } },
{ "type": "Feature", "properties": { "GEOIDFQ": "1400000US20085082800", "NAME": "828", "NAMELSAD": "Census Tract 828" }, "geometry": { "type": "Polygon", "coordinates": [ [ [ -96.036, 39.5661 ], [ -95.7928, 39.5659 ], [ -95.7928, 39.4922 ], [ -95.7759, 39.4923 ], [ -95.7758, 39.4632 ], [ -95.7807, 39.4633 ], [ -95.7714, 39.4375 ], [ -95.7482, 39.4341 ], [ -95.7483, 39.4212 ], [ -95.7385, 39.4213 ], [ -95.7384, 39.3182 ], [ -95.7199, 39.3189 ], [ -95.7197, 39.2165 ], [ -96.0356, 39.2165 ], [ -96.036, 39.5661 ] ] ] } },
{ "type": "Feature", "properties": { "GEOIDFQ": "1400000US20051073000", "NAME": "730", "NAMELSAD": "Census Tract 730" }, "geometry": { "type": "Polygon", "coordinates": [ [ [ -99.5918, 39.1324 ], [ -99.2985, 39.1329 ], [ -99.3061, 39.0889 ], [ -99.3153, 39.0732 ], [ -99.3172, 38.9435 ], [ -99.3911, 38.9435 ], [ -99.3925, 38.8128 ], [ -99.3188, 38.813 ], [ -99.3195, 38.6968 ], [ -99.5983, 38.6973 ], [ -99.5918, 39.1324 ] ] ] } },
{ "type": "Feature", "properties": { "GEOIDFQ": "1400000US20051072600", "NAME": "726", "NAMELSAD": "Census Tract 726" }, "geometry": { "type": "Polygon", "coordinates": [ [ [ -99.3188, 38.813 ], [ -99.2814, 38.813 ], [ -99.2812, 38.8274 ], [ -99.2444, 38.8275 ], [ -99.243, 38.9436 ], [ -99.3172, 38.9435 ], [ -99.3153, 39.0732 ], [ -99.3061, 39.0889 ], [ -99.2985, 39.1329 ], [ -99.0375, 39.1331 ], [ -99.0426, 38.6968 ], [ -99.3207, 38.7001 ], [ -99.3188, 38.813 ] ] ] } },
{ "type": "Feature", "properties": { "GEOIDFQ": "1400000US20173006800", "NAME": "68", "NAMELSAD": "Census Tract 68" }, "geometry": { "type": "Polygon", "coordinates": [ [ [ -97.2713, 37.6719 ], [ -97.2621, 37.6574 ], [ -97.2804, 37.6574 ], [ -97.2805, 37.6719 ], [ -97.2713, 37.6719 ] ] ] } },
{ "type": "Feature", "properties": { "GEOIDFQ": "1400000US20173007000", "NAME": "70", "NAMELSAD": "Census Tract 70" }, "geometry": { "type": "Polygon", "coordinates": [ [ [ -97.2536, 37.6795 ], [ -97.2536, 37.672 ], [ -97.2444, 37.67 ], [ -97.2621, 37.6559 ], [ -97.2622, 37.6779 ], [ -97.2536, 37.6795 ] ] ] } },
{ "type": "Feature", "properties": { "GEOIDFQ": "1400000US20173007201", "NAME": "72.01", "NAMELSAD": "Census Tract 72.01" }, "geometry": { "type": "Polygon", "coordinates": [ [ [ -97.1896, 37.7085 ], [ -97.1895, 37.6794 ], [ -97.2261, 37.6792 ], [ -97.2262, 37.7066 ], [ -97.1896, 37.7085 ] ] ] } },
{ "type": "Feature", "properties": { "GEOIDFQ": "1400000US20001952700", "NAME": "9527", "NAMELSAD": "Census Tract 9527" }, "geometry": { "type": "Polygon", "coordinates": [ [ [ -95.519, 38.0382 ], [ -95.2809, 38.038 ], [ -95.2808, 37.8782 ], [ -95.3726, 37.8785 ], [ -95.3727, 37.9285 ], [ -95.3666, 37.9271 ], [ -95.369, 37.9315 ], [ -95.3579, 37.9399 ], [ -95.3539, 37.9655 ], [ -95.4091, 37.9658 ], [ -95.4093, 37.9735 ], [ -95.4155, 37.9608 ], [ -95.4209, 37.9649 ], [ -95.4305, 37.9563 ], [ -95.4373, 37.9626 ], [ -95.4353, 37.9527 ], [ -95.4574, 37.952 ], [ -95.4752, 37.966 ], [ -95.4943, 37.9671 ], [ -95.484, 37.9707 ], [ -95.479, 37.981 ], [ -95.4841, 37.9847 ], [ -95.4926, 37.9772 ], [ -95.5192, 37.9792 ], [ -95.519, 38.0382 ] ] ] } },
{ "type": "Feature", "properties": { "GEOIDFQ": "1400000US20001952800", "NAME": "9528", "NAMELSAD": "Census Tract 9528" }, "geometry": { "type": "Polygon", "coordinates": [ [ [ -95.4349, 37.953 ], [ -95.4373, 37.9626 ], [ -95.4305, 37.9563 ], [ -95.4209, 37.9649 ], [ -95.4153, 37.9609 ], [ -95.4093, 37.9735 ], [ -95.4091, 37.9658 ], [ -95.3539, 37.9655 ], [ -95.3543, 37.9474 ], [ -95.3724, 37.9221 ], [ -95.4268, 37.922 ], [ -95.4286, 37.9281 ], [ -95.4387, 37.9294 ], [ -95.438, 37.9489 ], [ -95.4435, 37.9525 ], [ -95.4349, 37.953 ] ] ] } },
{ "type": "Feature", "properties": { "GEOIDFQ": "1400000US20001953000", "NAME": "9530", "NAMELSAD": "Census Tract 9530" }, "geometry": { "type": "Polygon", "coordinates": [ [ [ -95.5192, 37.9792 ], [ -95.4926, 37.9772 ], [ -95.4849, 37.985 ], [ -95.4792, 37.9798 ], [ -95.4943, 37.9671 ], [ -95.4756, 37.9662 ], [ -95.4583, 37.9523 ], [ -95.4392, 37.9502 ], [ -95.4381, 37.9283 ], [ -95.4286, 37.9281 ], [ -95.4166, 37.9161 ], [ -95.4228, 37.9091 ], [ -95.4404, 37.9145 ], [ -95.421, 37.8998 ], [ -95.4406, 37.8846 ], [ -95.4348, 37.8825 ], [ -95.4369, 37.8638 ], [ -95.3542, 37.8637 ], [ -95.3542, 37.8347 ], [ -95.3613, 37.8203 ], [ -95.3613, 37.7328 ], [ -95.5255, 37.7332 ], [ -95.5192, 37.9792 ] ] ] } },
{ "type": "Feature", "properties": { "GEOIDFQ": "1400000US20001952600", "NAME": "9526", "NAMELSAD": "Census Tract 9526" }, "geometry": { "type": "Polygon", "coordinates": [ [ [ -95.3726, 37.8785 ], [ -95.2808, 37.8782 ], [ -95.2809, 38.038 ], [ -95.0779, 38.0377 ], [ -95.0796, 37.8204 ], [ -95.0879, 37.8197 ], [ -95.0881, 37.7325 ], [ -95.3613, 37.7328 ], [ -95.3613, 37.8203 ], [ -95.3542, 37.8347 ], [ -95.3542, 37.8637 ], [ -95.3726, 37.8639 ], [ -95.3726, 37.8785 ] ] ] } },
{ "type": "Feature", "properties": { "GEOIDFQ": "1400000US20001952900", "NAME": "9529", "NAMELSAD": "Census Tract 9529" }, "geometry": { "type": "Polygon", "coordinates": [ [ [ -95.421, 37.8998 ], [ -95.4395, 37.9155 ], [ -95.4228, 37.9091 ], [ -95.4166, 37.9161 ], [ -95.4268, 37.922 ], [ -95.3724, 37.9221 ], [ -95.3726, 37.8639 ], [ -95.4369, 37.8638 ], [ -95.4348, 37.8825 ], [ -95.4407, 37.8843 ], [ -95.421, 37.8998 ] ] ] } },
{ "type": "Feature", "properties": { "GEOIDFQ": "1400000US20173002000", "NAME": "20", "NAMELSAD": "Census Tract 20" }, "geometry": { "type": "Polygon", "coordinates": [ [ [ -97.293, 37.6974 ], [ -97.2805, 37.6938 ], [ -97.2805, 37.6865 ], [ -97.2922, 37.6865 ], [ -97.293, 37.6974 ] ] ] } },
{ "type": "Feature", "properties": { "GEOIDFQ": "1400000US20069962600", "NAME": "9626", "NAMELSAD": "Census Tract 9626" }, "geometry": { "type": "Polygon", "coordinates": [ [ [ -100.6642, 38.0025 ], [ -100.2266, 38.001 ], [ -100.2274, 37.8268 ], [ -100.2146, 37.8268 ], [ -100.2148, 37.7874 ], [ -100.2883, 37.7984 ], [ -100.3621, 37.7976 ], [ -100.3953, 37.8069 ], [ -100.4158, 37.8057 ], [ -100.4511, 37.8168 ], [ -100.4705, 37.834 ], [ -100.503, 37.84 ], [ -100.5266, 37.8576 ], [ -100.5366, 37.851 ], [ -100.5619, 37.85 ], [ -100.5997, 37.8578 ], [ -100.6229, 37.8561 ], [ -100.6649, 37.8698 ], [ -100.6642, 38.0025 ] ] ] } },
{ "type": "Feature", "properties": { "GEOIDFQ": "1400000US20069962700", "NAME": "9627", "NAMELSAD": "Census Tract 9627" }, "geometry": { "type": "Polygon", "coordinates": [ [ [ -100.665, 37.8681 ], [ -100.6229, 37.8561 ], [ -100.5997, 37.8578 ], [ -100.5619, 37.85 ], [ -100.5366, 37.851 ], [ -100.5266, 37.8576 ], [ -100.503, 37.84 ], [ -100.4705, 37.834 ], [ -100.4511, 37.8168 ], [ -100.4158, 37.8057 ], [ -100.3953, 37.8069 ], [ -100.3621, 37.7976 ], [ -100.2883, 37.7984 ], [ -100.2148, 37.7874 ], [ -100.2162, 37.4752 ], [ -100.6526, 37.4748 ], [ -100.6517, 37.8287 ], [ -100.6652, 37.8288 ], [ -100.665, 37.8681 ] ] ] } },
{ "type": "Feature", "properties": { "GEOIDFQ": "1400000US20061000300", "NAME": "3", "NAMELSAD": "Census Tract 3" }, "geometry": { "type": "Polygon", "coordinates": [ [ [ -96.867, 39.071 ], [ -96.8362, 39.0537 ], [ -96.8371, 39.0488 ], [ -96.8491, 39.0474 ], [ -96.8491, 39.0335 ], [ -96.8391, 39.0346 ], [ -96.841, 39.0261 ], [ -96.8628, 39.0192 ], [ -96.867, 39.071 ] ] ] } },
{ "type": "Feature", "properties": { "GEOIDFQ": "1400000US20173010115", "NAME": "101.15", "NAMELSAD": "Census Tract 101.15" }, "geometry": { "type": "Polygon", "coordinates": [ [ [ -97.2263, 37.7304 ], [ -97.1713, 37.7305 ], [ -97.1713, 37.7232 ], [ -97.1529, 37.7233 ], [ -97.153, 37.7087 ], [ -97.2262, 37.7084 ], [ -97.2263, 37.7304 ] ] ] } },
{ "type": "Feature", "properties": { "GEOIDFQ": "1400000US20117060510", "NAME": "605.10", "NAMELSAD": "Census Tract 605.10" }, "geometry": { "type": "Polygon", "coordinates": [ [ [ -96.6937, 39.8711 ], [ -96.6674, 39.8711 ], [ -96.6665, 39.8753 ], [ -96.6544, 39.8597 ], [ -96.6436, 39.8708 ], [ -96.6496, 39.8856 ], [ -96.5821, 39.8852 ], [ -96.5818, 39.7835 ], [ -96.6421, 39.7832 ], [ -96.6588, 39.7915 ], [ -96.6654, 39.7862 ], [ -96.6828, 39.8027 ], [ -96.6875, 39.8291 ], [ -96.6939, 39.8266 ], [ -96.6937, 39.8711 ] ] ] } },
{ "type": "Feature", "properties": { "GEOIDFQ": "1400000US20117090186", "NAME": "901.86", "NAMELSAD": "Census Tract 901.86" }, "geometry": { "type": "Polygon", "coordinates": [ [ [ -96.8058, 40.0015 ], [ -96.2392, 40.0009 ], [ -96.2396, 39.8416 ], [ -96.5013, 39.8413 ], [ -96.5013, 39.827 ], [ -96.5389, 39.827 ], [ -96.5361, 39.8416 ], [ -96.582, 39.8415 ], [ -96.5829, 39.8852 ], [ -96.6496, 39.8856 ], [ -96.6436, 39.8708 ], [ -96.6544, 39.8597 ], [ -96.6665, 39.8753 ], [ -96.6674, 39.8711 ], [ -96.6937, 39.8711 ], [ -96.6936, 39.8425 ], [ -96.8062, 39.8457 ], [ -96.8058, 40.0015 ] ] ] } },
{ "type": "Feature", "properties": { "GEOIDFQ": "1400000US20117070182", "NAME": "701.82", "NAMELSAD": "Census Tract 701.82" }, "geometry": { "type": "Polygon", "coordinates": [ [ [ -96.8061, 39.8424 ], [ -96.6936, 39.8425 ], [ -96.6938, 39.8257 ], [ -96.6875, 39.8291 ], [ -96.6828, 39.8027 ], [ -96.6654, 39.7862 ], [ -96.6588, 39.7915 ], [ -96.6421, 39.7832 ], [ -96.5818, 39.7835 ], [ -96.5816, 39.711 ], [ -96.5576, 39.7112 ], [ -96.558, 39.6821 ], [ -96.5673, 39.6821 ], [ -96.5671, 39.6472 ], [ -96.5773, 39.6401 ], [ -96.5574, 39.6204 ], [ -96.5618, 39.5663 ], [ -96.8065, 39.5664 ], [ -96.8061, 39.8424 ] ] ] } },
{ "type": "Feature", "properties": { "GEOIDFQ": "1400000US20117040701", "NAME": "407.01", "NAMELSAD": "Census Tract 407.01" }, "geometry": { "type": "Polygon", "coordinates": [ [ [ -96.582, 39.8415 ], [ -96.5361, 39.8416 ], [ -96.5389, 39.827 ], [ -96.5013, 39.827 ], [ -96.5013, 39.8413 ], [ -96.2396, 39.8416 ], [ -96.239, 39.5662 ], [ -96.5618, 39.5663 ], [ -96.5574, 39.6204 ], [ -96.5773, 39.6401 ], [ -96.5671, 39.6472 ], [ -96.5673, 39.6821 ], [ -96.558, 39.6821 ], [ -96.5576, 39.7112 ], [ -96.5816, 39.711 ], [ -96.582, 39.8415 ] ] ] } },
{ "type": "Feature", "properties": { "GEOIDFQ": "1400000US20107955200", "NAME": "9552", "NAMELSAD": "Census Tract 9552" }, "geometry": { "type": "Polygon", "coordinates": [ [ [ -95.0768, 38.1827 ], [ -94.9528, 38.1825 ], [ -94.9421, 38.1897 ], [ -94.8538, 38.1898 ], [ -94.7322, 38.1825 ], [ -94.7322, 38.1898 ], [ -94.7138, 38.1897 ], [ -94.7081, 38.197 ], [ -94.677, 38.1971 ], [ -94.677, 38.168 ], [ -94.6135, 38.168 ], [ -94.6141, 38.0371 ], [ -95.0777, 38.0377 ], [ -95.0768, 38.1827 ] ] ] } },
{ "type": "Feature", "properties": { "GEOIDFQ": "1400000US20173005800", "NAME": "58", "NAMELSAD": "Census Tract 58" }, "geometry": { "type": "Polygon", "coordinates": [ [ [ -97.2953, 37.6252 ], [ -97.2908, 37.6059 ], [ -97.2804, 37.6057 ], [ -97.2797, 37.5848 ], [ -97.2711, 37.577 ], [ -97.3044, 37.5791 ], [ -97.3075, 37.6038 ], [ -97.2953, 37.6252 ] ] ] } },
{ "type": "Feature", "properties": { "GEOIDFQ": "1400000US20173006000", "NAME": "60", "NAMELSAD": "Census Tract 60" }, "geometry": { "type": "Polygon", "coordinates": [ [ [ -97.3264, 37.6423 ], [ -97.3156, 37.6499 ], [ -97.3106, 37.6427 ], [ -97.3171, 37.6423 ], [ -97.3158, 37.6227 ], [ -97.3285, 37.6226 ], [ -97.3315, 37.6164 ], [ -97.3355, 37.6448 ], [ -97.3264, 37.6423 ] ] ] } },
{ "type": "Feature", "properties": { "GEOIDFQ": "1400000US20173006100", "NAME": "61", "NAMELSAD": "Census Tract 61" }, "geometry": { "type": "Polygon", "coordinates": [ [ [ -97.2987, 37.65 ], [ -97.2989, 37.6351 ], [ -97.2862, 37.6351 ], [ -97.2921, 37.6264 ], [ -97.3156, 37.6499 ], [ -97.2987, 37.65 ] ] ] } },
{ "type": "Feature", "properties": { "GEOIDFQ": "1400000US20173006300", "NAME": "63", "NAMELSAD": "Census Tract 63" }, "geometry": { "type": "Polygon", "coordinates": [ [ [ -97.2874, 37.6719 ], [ -97.2896, 37.6646 ], [ -97.2804, 37.6647 ], [ -97.2804, 37.6574 ], [ -97.2988, 37.6573 ], [ -97.2988, 37.6718 ], [ -97.2874, 37.6719 ] ] ] } },
{ "type": "Feature", "properties": { "GEOIDFQ": "1400000US20173006400", "NAME": "64", "NAMELSAD": "Census Tract 64" }, "geometry": { "type": "Polygon", "coordinates": [ [ [ -97.2804, 37.6574 ], [ -97.2805, 37.6434 ], [ -97.2987, 37.65 ], [ -97.2988, 37.6573 ], [ -97.2804, 37.6574 ] ] ] } },
{ "type": "Feature", "properties": { "GEOIDFQ": "1400000US20133951700", "NAME": "9517", "NAMELSAD": "Census Tract 9517" }, "geometry": { "type": "Polygon", "coordinates": [ [ [ -95.5255, 37.7328 ], [ -95.4604, 37.7329 ], [ -95.4551, 37.7192 ], [ -95.4476, 37.7294 ], [ -95.4356, 37.73 ], [ -95.424, 37.7203 ], [ -95.4243, 37.7097 ], [ -95.4137, 37.7087 ], [ -95.4202, 37.6822 ], [ -95.4891, 37.682 ], [ -95.489, 37.6892 ], [ -95.5257, 37.6893 ], [ -95.5255, 37.7328 ] ] ] } },
{ "type": "Feature", "properties": { "GEOIDFQ": "1400000US20133951900", "NAME": "9519", "NAMELSAD": "Census Tract 9519" }, "geometry": { "type": "Polygon", "coordinates": [ [ [ -95.4538, 37.6785 ], [ -95.4586, 37.6827 ], [ -95.4202, 37.6822 ], [ -95.4125, 37.674 ], [ -95.4204, 37.6696 ], [ -95.4001, 37.6502 ], [ -95.4143, 37.6324 ], [ -95.3978, 37.6255 ], [ -95.3978, 37.6164 ], [ -95.4707, 37.6166 ], [ -95.4538, 37.6785 ] ] ] } },
{ "type": "Feature", "properties": { "GEOIDFQ": "1400000US20133952000", "NAME": "9520", "NAMELSAD": "Census Tract 9520" }, "geometry": { "type": "Polygon", "coordinates": [ [ [ -95.3978, 37.6164 ], [ -95.3978, 37.6255 ], [ -95.3514, 37.6254 ], [ -95.3481, 37.6302 ], [ -95.3315, 37.6146 ], [ -95.3221, 37.623 ], [ -95.3307, 37.6123 ], [ -95.3076, 37.5663 ], [ -95.2744, 37.5501 ], [ -95.274, 37.5583 ], [ -95.2625, 37.5444 ], [ -95.2465, 37.5486 ], [ -95.2491, 37.5329 ], [ -95.2379, 37.5433 ], [ -95.2337, 37.5375 ], [ -95.2138, 37.5379 ], [ -95.2165, 37.5285 ], [ -95.2062, 37.5201 ], [ -95.2181, 37.5226 ], [ -95.2297, 37.5159 ], [ -95.2159, 37.514 ], [ -95.2188, 37.501 ], [ -95.1791, 37.5024 ], [ -95.1719, 37.4939 ], [ -95.167, 37.4979 ], [ -95.1623, 37.4941 ], [ -95.1582, 37.5005 ], [ -95.1605, 37.4918 ], [ -95.149, 37.4879 ], [ -95.1346, 37.4711 ], [ -95.1312, 37.475 ], [ -95.127, 37.4709 ], [ -95.1466, 37.4396 ], [ -95.1352, 37.4231 ], [ -95.141, 37.4173 ], [ -95.1377, 37.3914 ], [ -95.1206, 37.3864 ], [ -95.5256, 37.384 ], [ -95.526, 37.6169 ], [ -95.3978, 37.6164 ] ] ] } },
{ "type": "Feature", "properties": { "GEOIDFQ": "1400000US20133951800", "NAME": "9518", "NAMELSAD": "Census Tract 9518" }, "geometry": { "type": "Polygon", "coordinates": [ [ [ -95.5257, 37.6893 ], [ -95.489, 37.6892 ], [ -95.4891, 37.682 ], [ -95.4538, 37.6785 ], [ -95.4707, 37.6162 ], [ -95.526, 37.6169 ], [ -95.5257, 37.6893 ] ] ] } },
{ "type": "Feature", "properties": { "GEOIDFQ": "1400000US20133951600", "NAME": "9516", "NAMELSAD": "Census Tract 9516" }, "geometry": { "type": "Polygon", "coordinates": [ [ [ -95.0881, 37.7325 ], [ -95.0882, 37.3838 ], [ -95.1241, 37.3841 ], [ -95.122, 37.3893 ], [ -95.1377, 37.3914 ], [ -95.141, 37.4173 ], [ -95.1352, 37.4231 ], [ -95.1466, 37.4402 ], [ -95.1266, 37.47 ], [ -95.1605, 37.4918 ], [ -95.1579, 37.5004 ], [ -95.171, 37.4939 ], [ -95.1791, 37.5024 ], [ -95.218, 37.5006 ], [ -95.2159, 37.514 ], [ -95.2297, 37.5159 ], [ -95.2181, 37.5226 ], [ -95.2062, 37.5201 ], [ -95.2165, 37.5285 ], [ -95.2138, 37.5379 ], [ -95.2337, 37.5375 ], [ -95.2379, 37.5433 ], [ -95.2491, 37.5329 ], [ -95.2465, 37.5486 ], [ -95.2625, 37.5444 ], [ -95.274, 37.5583 ], [ -95.2744, 37.5501 ], [ -95.3076, 37.5663 ], [ -95.3307, 37.6123 ], [ -95.3221, 37.623 ], [ -95.3334, 37.6146 ], [ -95.3459, 37.6299 ], [ -95.3533, 37.6254 ], [ -95.4121, 37.6297 ], [ -95.4001, 37.6502 ], [ -95.4204, 37.6696 ], [ -95.4125, 37.674 ], [ -95.4215, 37.6891 ], [ -95.4137, 37.7087 ], [ -95.4243, 37.7097 ], [ -95.424, 37.7203 ], [ -95.4356, 37.73 ], [ -95.4466, 37.7299 ], [ -95.4566, 37.7195 ], [ -95.4604, 37.7329 ], [ -95.0881, 37.7325 ] ] ] } },
{ "type": "Feature", "properties": { "GEOIDFQ": "1400000US20177003002", "NAME": "30.02", "NAMELSAD": "Census Tract 30.02" }, "geometry": { "type": "Polygon", "coordinates": [ [ [ -95.6409, 39.0152 ], [ -95.6142, 39.0151 ], [ -95.6144, 38.9861 ], [ -95.6704, 38.9861 ], [ -95.6705, 38.9948 ], [ -95.6409, 39.0152 ] ] ] } },
{ "type": "Feature", "properties": { "GEOIDFQ": "1400000US20091050900", "NAME": "509", "NAMELSAD": "Census Tract 509" }, "geometry": { "type": "Polygon", "coordinates": [ [ [ -94.6258, 39.0078 ], [ -94.6078, 39.0139 ], [ -94.608, 38.9929 ], [ -94.6304, 38.9933 ], [ -94.6258, 39.0078 ] ] ] } },
{ "type": "Feature", "properties": { "GEOIDFQ": "1400000US20091051000", "NAME": "510", "NAMELSAD": "Census Tract 510" }, "geometry": { "type": "Polygon", "coordinates": [ [ [ -94.6301, 39.0044 ], [ -94.6304, 38.9933 ], [ -94.649, 38.9931 ], [ -94.6514, 39.0004 ], [ -94.6301, 39.0044 ] ] ] } },
{ "type": "Feature", "properties": { "GEOIDFQ": "1400000US20091051100", "NAME": "511", "NAMELSAD": "Census Tract 511" }, "geometry": { "type": "Polygon", "coordinates": [ [ [ -94.6677, 39.0004 ], [ -94.6677, 38.9859 ], [ -94.6864, 38.9858 ], [ -94.6864, 38.9981 ], [ -94.6677, 39.0004 ] ] ] } },
{ "type": "Feature", "properties": { "GEOIDFQ": "1400000US20091051200", "NAME": "512", "NAMELSAD": "Census Tract 512" }, "geometry": { "type": "Polygon", "coordinates": [ [ [ -94.6677, 38.9859 ], [ -94.6677, 38.9713 ], [ -94.6863, 38.9712 ], [ -94.6864, 38.9858 ], [ -94.6677, 38.9859 ] ] ] } },
{ "type": "Feature", "properties": { "GEOIDFQ": "1400000US20091051400", "NAME": "514", "NAMELSAD": "Census Tract 514" }, "geometry": { "type": "Polygon", "coordinates": [ [ [ -94.649, 38.9931 ], [ -94.6304, 38.9933 ], [ -94.6343, 38.9787 ], [ -94.649, 38.9786 ], [ -94.649, 38.9931 ] ] ] } },
{ "type": "Feature", "properties": { "GEOIDFQ": "1400000US20091051500", "NAME": "515", "NAMELSAD": "Census Tract 515" }, "geometry": { "type": "Polygon", "coordinates": [ [ [ -94.608, 38.9929 ], [ -94.6082, 38.9843 ], [ -94.6257, 38.9823 ], [ -94.6303, 38.9751 ], [ -94.6304, 38.9926 ], [ -94.608, 38.9929 ] ] ] } },
{ "type": "Feature", "properties": { "GEOIDFQ": "1400000US20151968600", "NAME": "9686", "NAMELSAD": "Census Tract 9686" }, "geometry": { "type": "Polygon", "coordinates": [ [ [ -99.0133, 37.8253 ], [ -98.4649, 37.8245 ], [ -98.4647, 37.471 ], [ -99.0126, 37.4704 ], [ -99.0133, 37.8253 ] ], [ [ -98.8129, 37.6157 ], [ -98.7761, 37.6159 ], [ -98.7761, 37.6014 ], [ -98.6842, 37.6018 ], [ -98.6841, 37.6164 ], [ -98.6934, 37.6166 ], [ -98.6944, 37.6455 ], [ -98.7023, 37.6455 ], [ -98.7026, 37.675 ], [ -98.7572, 37.6753 ], [ -98.7575, 37.6607 ], [ -98.8118, 37.6609 ], [ -98.8129, 37.6157 ] ] ] } },
{ "type": "Feature", "properties": { "GEOIDFQ": "1400000US20151968800", "NAME": "9688", "NAMELSAD": "Census Tract 9688" }, "geometry": { "type": "Polygon", "coordinates": [ [ [ -98.8127, 37.6419 ], [ -98.6944, 37.6455 ], [ -98.6934, 37.6166 ], [ -98.6841, 37.6164 ], [ -98.6842, 37.6018 ], [ -98.7761, 37.6014 ], [ -98.7761, 37.6159 ], [ -98.8129, 37.6157 ], [ -98.8127, 37.6419 ] ] ] } },
{ "type": "Feature", "properties": { "GEOIDFQ": "1400000US20151968700", "NAME": "9687", "NAMELSAD": "Census Tract 9687" }, "geometry": { "type": "Polygon", "coordinates": [ [ [ -98.8118, 37.6609 ], [ -98.7575, 37.6607 ], [ -98.7572, 37.6753 ], [ -98.7026, 37.675 ], [ -98.7023, 37.6455 ], [ -98.8127, 37.6421 ], [ -98.8118, 37.6609 ] ] ] } },
{ "type": "Feature", "properties": { "GEOIDFQ": "1400000US20141474100", "NAME": "4741", "NAMELSAD": "Census Tract 4741" }, "geometry": { "type": "Polygon", "coordinates": [ [ [ -99.0444, 39.568 ], [ -98.4874, 39.5675 ], [ -98.49, 39.1327 ], [ -99.0477, 39.133 ], [ -99.0444, 39.568 ] ] ] } },
{ "type": "Feature", "properties": { "GEOIDFQ": "1400000US20185470600", "NAME": "4706", "NAMELSAD": "Census Tract 4706" }, "geometry": { "type": "Polygon", "coordinates": [ [ [ -98.4724, 38.2607 ], [ -98.4723, 37.8245 ], [ -98.7465, 37.8275 ], [ -98.747, 37.9558 ], [ -98.7286, 37.9558 ], [ -98.7291, 38.0575 ], [ -98.6923, 38.0574 ], [ -98.6925, 38.101 ], [ -98.8027, 38.1015 ], [ -98.8028, 38.2609 ], [ -98.4724, 38.2607 ] ] ] } },
{ "type": "Feature", "properties": { "GEOIDFQ": "1400000US20185470700", "NAME": "4707", "NAMELSAD": "Census Tract 4707" }, "geometry": { "type": "Polygon", "coordinates": [ [ [ -99.0221, 38.0002 ], [ -98.9131, 38.0005 ], [ -98.9126, 38.261 ], [ -98.8028, 38.2609 ], [ -98.8027, 38.1015 ], [ -98.6925, 38.101 ], [ -98.6923, 38.0574 ], [ -98.7291, 38.0575 ], [ -98.7286, 37.9558 ], [ -98.747, 37.9558 ], [ -98.7436, 37.825 ], [ -99.0226, 37.8272 ], [ -99.0221, 38.0002 ] ] ] } },
{ "type": "Feature", "properties": { "GEOIDFQ": "1400000US20209040500", "NAME": "405", "NAMELSAD": "Census Tract 405" }, "geometry": { "type": "Polygon", "coordinates": [ [ [ -94.6867, 39.1429 ], [ -94.6708, 39.143 ], [ -94.6768, 39.1285 ], [ -94.6875, 39.1302 ], [ -94.6867, 39.1429 ] ] ] } },
{ "type": "Feature", "properties": { "GEOIDFQ": "1400000US20209040600", "NAME": "406", "NAMELSAD": "Census Tract 406" }, "geometry": { "type": "Polygon", "coordinates": [ [ [ -94.6759, 39.1357 ], [ -94.6581, 39.1365 ], [ -94.6497, 39.1288 ], [ -94.6764, 39.1315 ], [ -94.6759, 39.1357 ] ] ] } },
{ "type": "Feature", "properties": { "GEOIDFQ": "1400000US20209040700", "NAME": "407", "NAMELSAD": "Census Tract 407" }, "geometry": { "type": "Polygon", "coordinates": [ [ [ -94.6512, 39.1387 ], [ -94.635, 39.1348 ], [ -94.6352, 39.129 ], [ -94.6497, 39.1288 ], [ -94.6512, 39.1387 ] ] ] } },
{ "type": "Feature", "properties": { "GEOIDFQ": "1400000US20209040900", "NAME": "409", "NAMELSAD": "Census Tract 409" }, "geometry": { "type": "Polygon", "coordinates": [ [ [ -94.6308, 39.1448 ], [ -94.6125, 39.1304 ], [ -94.6216, 39.1303 ], [ -94.635, 39.1355 ], [ -94.6308, 39.1448 ] ] ] } },
{ "type": "Feature", "properties": { "GEOIDFQ": "1400000US20209041100", "NAME": "411", "NAMELSAD": "Census Tract 411" }, "geometry": { "type": "Polygon", "coordinates": [ [ [ -94.6137, 39.1233 ], [ -94.6152, 39.1186 ], [ -94.6351, 39.1185 ], [ -94.6352, 39.129 ], [ -94.6137, 39.1233 ] ] ] } },
{ "type": "Feature", "properties": { "GEOIDFQ": "1400000US20209044702", "NAME": "447.02", "NAMELSAD": "Census Tract 447.02" }, "geometry": { "type": "Polygon", "coordinates": [ [ [ -94.7977, 39.105 ], [ -94.7975, 39.0618 ], [ -94.7882, 39.0629 ], [ -94.7896, 39.0436 ], [ -94.8033, 39.0435 ], [ -94.8491, 39.0613 ], [ -94.835, 39.0654 ], [ -94.8349, 39.0799 ], [ -94.8443, 39.0799 ], [ -94.8443, 39.0944 ], [ -94.835, 39.0944 ], [ -94.835, 39.1017 ], [ -94.8536, 39.1041 ], [ -94.7977, 39.105 ] ] ] } },
{ "type": "Feature", "properties": { "GEOIDFQ": "1400000US20209043802", "NAME": "438.02", "NAMELSAD": "Census Tract 438.02" }, "geometry": { "type": "Polygon", "coordinates": [ [ [ -94.7494, 39.0756 ], [ -94.7114, 39.0869 ], [ -94.7145, 39.044 ], [ -94.7898, 39.0456 ], [ -94.7494, 39.0756 ] ] ] } },
{ "type": "Feature", "properties": { "GEOIDFQ": "1400000US20209044303", "NAME": "443.03", "NAMELSAD": "Census Tract 443.03" }, "geometry": { "type": "Polygon", "coordinates": [ [ [ -94.7072, 39.1361 ], [ -94.706, 39.1285 ], [ -94.7339, 39.1285 ], [ -94.734, 39.1363 ], [ -94.7072, 39.1361 ] ] ] } },
{ "type": "Feature", "properties": { "GEOIDFQ": "1400000US20209044400", "NAME": "444", "NAMELSAD": "Census Tract 444" }, "geometry": { "type": "Polygon", "coordinates": [ [ [ -94.7058, 39.143 ], [ -94.6867, 39.1429 ], [ -94.6865, 39.1285 ], [ -94.706, 39.131 ], [ -94.7058, 39.143 ] ] ] } },
{ "type": "Feature", "properties": { "GEOIDFQ": "1400000US20089576300", "NAME": "5763", "NAMELSAD": "Census Tract 5763" }, "geometry": { "type": "Polygon", "coordinates": [ [ [ -98.5045, 40.0023 ], [ -97.9318, 40.0021 ], [ -97.9318, 39.5669 ], [ -98.5053, 39.5679 ], [ -98.5045, 40.0023 ] ] ] } },
{ "type": "Feature", "properties": { "GEOIDFQ": "1400000US20091052607", "NAME": "526.07", "NAMELSAD": "Census Tract 526.07" }, "geometry": { "type": "Polygon", "coordinates": [ [ [ -94.8884, 39.0161 ], [ -94.8911, 39.0307 ], [ -94.8836, 39.0507 ], [ -94.8717, 39.0593 ], [ -94.8528, 39.029 ], [ -94.8722, 39.0292 ], [ -94.8724, 39.0145 ], [ -94.882, 39.011 ], [ -94.8815, 38.9853 ], [ -94.9088, 38.9853 ], [ -94.8884, 39.0161 ] ] ] } },
{ "type": "Feature", "properties": { "GEOIDFQ": "1400000US20091053711", "NAME": "537.11", "NAMELSAD": "Census Tract 537.11" }, "geometry": { "type": "Polygon", "coordinates": [ [ [ -94.9737, 38.8549 ], [ -94.9656, 38.8549 ], [ -94.9656, 38.8694 ], [ -94.8705, 38.8691 ], [ -94.8714, 38.817 ], [ -94.8839, 38.8114 ], [ -94.9048, 38.812 ], [ -94.9002, 38.814 ], [ -94.909, 38.8182 ], [ -94.909, 38.8255 ], [ -94.9738, 38.8258 ], [ -94.9737, 38.8549 ] ] ] } },
{ "type": "Feature", "properties": { "GEOIDFQ": "1400000US20091053709", "NAME": "537.09", "NAMELSAD": "Census Tract 537.09" }, "geometry": { "type": "Polygon", "coordinates": [ [ [ -94.9276, 38.8256 ], [ -94.9275, 38.8081 ], [ -94.9642, 38.7938 ], [ -94.965, 38.8258 ], [ -94.9276, 38.8256 ] ] ] } },
{ "type": "Feature", "properties": { "GEOIDFQ": "1400000US20091053108", "NAME": "531.08", "NAMELSAD": "Census Tract 531.08" }, "geometry": { "type": "Polygon", "coordinates": [ [ [ -94.7051, 38.9128 ], [ -94.6864, 38.9053 ], [ -94.6865, 38.8983 ], [ -94.7052, 38.9017 ], [ -94.7051, 38.9128 ] ] ] } },
{ "type": "Feature", "properties": { "GEOIDFQ": "1400000US20091053422", "NAME": "534.22", "NAMELSAD": "Census Tract 534.22" }, "geometry": { "type": "Polygon", "coordinates": [ [ [ -94.7005, 38.8837 ], [ -94.7005, 38.8692 ], [ -94.7237, 38.8691 ], [ -94.7237, 38.8837 ], [ -94.7005, 38.8837 ] ] ] } },
{ "type": "Feature", "properties": { "GEOIDFQ": "1400000US20091053804", "NAME": "538.04", "NAMELSAD": "Census Tract 538.04" }, "geometry": { "type": "Polygon", "coordinates": [ [ [ -94.7424, 38.811 ], [ -94.7425, 38.8257 ], [ -94.6769, 38.8255 ], [ -94.6764, 38.7927 ], [ -94.6678, 38.794 ], [ -94.6765, 38.7912 ], [ -94.6762, 38.7382 ], [ -94.7603, 38.7382 ], [ -94.761, 38.8111 ], [ -94.7424, 38.811 ] ] ] } },
{ "type": "Feature", "properties": { "GEOIDFQ": "1400000US20091053418", "NAME": "534.18", "NAMELSAD": "Census Tract 534.18" }, "geometry": { "type": "Polygon", "coordinates": [ [ [ -94.6678, 38.8546 ], [ -94.6678, 38.8255 ], [ -94.6864, 38.8255 ], [ -94.6864, 38.8546 ], [ -94.6678, 38.8546 ] ] ] } },
{ "type": "Feature", "properties": { "GEOIDFQ": "1400000US20091050800", "NAME": "508", "NAMELSAD": "Census Tract 508" }, "geometry": { "type": "Polygon", "coordinates": [ [ [ -94.6259, 39.0297 ], [ -94.6159, 39.0234 ], [ -94.6075, 39.0309 ], [ -94.6078, 39.0139 ], [ -94.6301, 39.0044 ], [ -94.6259, 39.0297 ] ] ] } },
{ "type": "Feature", "properties": { "GEOIDFQ": "1400000US20091051300", "NAME": "513", "NAMELSAD": "Census Tract 513" }, "geometry": { "type": "Polygon", "coordinates": [ [ [ -94.6677, 38.9931 ], [ -94.649, 38.9931 ], [ -94.649, 38.9786 ], [ -94.6677, 38.9785 ], [ -94.6677, 38.9931 ] ] ] } },
{ "type": "Feature", "properties": { "GEOIDFQ": "1400000US20091053507", "NAME": "535.07", "NAMELSAD": "Census Tract 535.07" }, "geometry": { "type": "Polygon", "coordinates": [ [ [ -94.7796, 38.8691 ], [ -94.7609, 38.8691 ], [ -94.7612, 38.8548 ], [ -94.7796, 38.8564 ], [ -94.7796, 38.8691 ] ] ] } },
{ "type": "Feature", "properties": { "GEOIDFQ": "1400000US20091052803", "NAME": "528.03", "NAMELSAD": "Census Tract 528.03" }, "geometry": { "type": "Polygon", "coordinates": [ [ [ -94.8345, 38.8981 ], [ -94.8184, 38.8982 ], [ -94.8242, 38.8835 ], [ -94.8345, 38.8837 ], [ -94.8345, 38.8981 ] ] ] } },
{ "type": "Feature", "properties": { "GEOIDFQ": "1400000US20091053403", "NAME": "534.03", "NAMELSAD": "Census Tract 534.03" }, "geometry": { "type": "Polygon", "coordinates": [ [ [ -94.7424, 38.8836 ], [ -94.7423, 38.8691 ], [ -94.7609, 38.8691 ], [ -94.761, 38.8836 ], [ -94.7424, 38.8836 ] ] ] } },
{ "type": "Feature", "properties": { "GEOIDFQ": "1400000US20111000700", "NAME": "7", "NAMELSAD": "Census Tract 7" }, "geometry": { "type": "Polygon", "coordinates": [ [ [ -96.3531, 38.6089 ], [ -96.2066, 38.6078 ], [ -96.207, 38.5501 ], [ -96.2161, 38.55 ], [ -96.2162, 38.5355 ], [ -96.2068, 38.5355 ], [ -96.2063, 38.5064 ], [ -96.2167, 38.5052 ], [ -96.2169, 38.4704 ], [ -96.2076, 38.4704 ], [ -96.2077, 38.4473 ], [ -96.2541, 38.3917 ], [ -96.2079, 38.3905 ], [ -96.2079, 38.3759 ], [ -96.1802, 38.3759 ], [ -96.1804, 38.318 ], [ -96.2998, 38.3182 ], [ -96.3, 38.3109 ], [ -96.3184, 38.3108 ], [ -96.3184, 38.3037 ], [ -96.3369, 38.3038 ], [ -96.3363, 38.3125 ], [ -96.3553, 38.2927 ], [ -96.3531, 38.6089 ] ] ] } },
{ "type": "Feature", "properties": { "GEOIDFQ": "1400000US20111000600", "NAME": "6", "NAMELSAD": "Census Tract 6" }, "geometry": { "type": "Polygon", "coordinates": [ [ [ -96.3526, 38.739 ], [ -95.9459, 38.7391 ], [ -95.95, 38.4632 ], [ -95.9686, 38.4631 ], [ -95.9683, 38.4776 ], [ -96.0793, 38.4777 ], [ -96.0779, 38.4631 ], [ -96.1172, 38.4352 ], [ -96.1242, 38.4236 ], [ -96.1749, 38.4195 ], [ -96.1803, 38.4278 ], [ -96.1898, 38.4265 ], [ -96.2009, 38.4327 ], [ -96.2005, 38.4389 ], [ -96.2094, 38.436 ], [ -96.2148, 38.4418 ], [ -96.2077, 38.4473 ], [ -96.2076, 38.4704 ], [ -96.2169, 38.4704 ], [ -96.2167, 38.5052 ], [ -96.2063, 38.5064 ], [ -96.2068, 38.5355 ], [ -96.2162, 38.5355 ], [ -96.2161, 38.55 ], [ -96.207, 38.5501 ], [ -96.2066, 38.6078 ], [ -96.3531, 38.6089 ], [ -96.3526, 38.739 ] ] ] } },
{ "type": "Feature", "properties": { "GEOIDFQ": "1400000US20111000800", "NAME": "8", "NAMELSAD": "Census Tract 8" }, "geometry": { "type": "Polygon", "coordinates": [ [ [ -96.3553, 38.2927 ], [ -96.3397, 38.3104 ], [ -96.3369, 38.3038 ], [ -96.3184, 38.3037 ], [ -96.3184, 38.3108 ], [ -96.3, 38.3109 ], [ -96.2998, 38.3182 ], [ -96.1804, 38.318 ], [ -96.1802, 38.3759 ], [ -96.1526, 38.3722 ], [ -96.1526, 38.3978 ], [ -96.1341, 38.396 ], [ -96.1363, 38.4193 ], [ -96.0779, 38.4631 ], [ -96.0793, 38.4777 ], [ -95.9683, 38.4776 ], [ -95.9686, 38.4631 ], [ -95.95, 38.4632 ], [ -95.95, 38.2597 ], [ -95.9585, 38.2597 ], [ -95.9589, 38.1709 ], [ -96.3573, 38.1734 ], [ -96.3553, 38.2927 ] ] ] } },
{ "type": "Feature", "properties": { "GEOIDFQ": "1400000US20111000400", "NAME": "4", "NAMELSAD": "Census Tract 4" }, "geometry": { "type": "Polygon", "coordinates": [ [ [ -96.1891, 38.4196 ], [ -96.1818, 38.4196 ], [ -96.1802, 38.405 ], [ -96.1893, 38.4017 ], [ -96.1891, 38.4196 ] ] ] } },
{ "type": "Feature", "properties": { "GEOIDFQ": "1400000US20091052417", "NAME": "524.17", "NAMELSAD": "Census Tract 524.17" }, "geometry": { "type": "Polygon", "coordinates": [ [ [ -94.7423, 38.9711 ], [ -94.719, 38.9711 ], [ -94.7389, 38.9496 ], [ -94.7476, 38.9566 ], [ -94.7423, 38.9711 ] ] ] } },
{ "type": "Feature", "properties": { "GEOIDFQ": "1400000US20091052502", "NAME": "525.02", "NAMELSAD": "Census Tract 525.02" }, "geometry": { "type": "Polygon", "coordinates": [ [ [ -94.8165, 39.0344 ], [ -94.7892, 39.0436 ], [ -94.7784, 38.9923 ], [ -94.7845, 38.9928 ], [ -94.7845, 39.0001 ], [ -94.8115, 38.9999 ], [ -94.8156, 39.0073 ], [ -94.8217, 39.0018 ], [ -94.8176, 38.9995 ], [ -94.8216, 38.9979 ], [ -94.817, 38.997 ], [ -94.8157, 38.9895 ], [ -94.8171, 38.9852 ], [ -94.8216, 38.9946 ], [ -94.8231, 39.0023 ], [ -94.8165, 39.0344 ] ] ] } },
{ "type": "Feature", "properties": { "GEOIDFQ": "1400000US20057962101", "NAME": "9621.01", "NAMELSAD": "Census Tract 9621.01" }, "geometry": { "type": "Polygon", "coordinates": [ [ [ -100.0329, 37.7522 ], [ -100.0227, 37.7517 ], [ -100.0235, 37.7582 ], [ -99.979, 37.754 ], [ -99.9792, 37.7342 ], [ -100.0111, 37.748 ], [ -100.0195, 37.7474 ], [ -100.0195, 37.7364 ], [ -100.0331, 37.7366 ], [ -100.0329, 37.7522 ] ] ] } },
{ "type": "Feature", "properties": { "GEOIDFQ": "1400000US20091051600", "NAME": "516", "NAMELSAD": "Census Tract 516" }, "geometry": { "type": "Polygon", "coordinates": [ [ [ -94.6257, 38.9823 ], [ -94.6082, 38.9843 ], [ -94.6081, 38.9567 ], [ -94.6304, 38.9571 ], [ -94.6257, 38.9823 ] ] ] } },
{ "type": "Feature", "properties": { "GEOIDFQ": "1400000US20091051700", "NAME": "517", "NAMELSAD": "Census Tract 517" }, "geometry": { "type": "Polygon", "coordinates": [ [ [ -94.6081, 38.9567 ], [ -94.608, 38.9368 ], [ -94.6302, 38.9328 ], [ -94.6304, 38.9568 ], [ -94.6081, 38.9567 ] ] ] } },
{ "type": "Feature", "properties": { "GEOIDFQ": "1400000US20091051801", "NAME": "518.01", "NAMELSAD": "Census Tract 518.01" }, "geometry": { "type": "Polygon", "coordinates": [ [ [ -94.649, 38.9786 ], [ -94.6303, 38.981 ], [ -94.6304, 38.9568 ], [ -94.649, 38.9599 ], [ -94.649, 38.9786 ] ] ] } },
{ "type": "Feature", "properties": { "GEOIDFQ": "1400000US20091051804", "NAME": "518.04", "NAMELSAD": "Census Tract 518.04" }, "geometry": { "type": "Polygon", "coordinates": [ [ [ -94.6863, 38.9567 ], [ -94.6676, 38.9567 ], [ -94.6677, 38.9319 ], [ -94.6863, 38.9355 ], [ -94.6863, 38.9567 ] ] ] } },
{ "type": "Feature", "properties": { "GEOIDFQ": "1400000US20091051805", "NAME": "518.05", "NAMELSAD": "Census Tract 518.05" }, "geometry": { "type": "Polygon", "coordinates": [ [ [ -94.649, 38.9568 ], [ -94.6489, 38.9315 ], [ -94.6676, 38.9331 ], [ -94.6676, 38.9567 ], [ -94.649, 38.9568 ] ] ] } },
{ "type": "Feature", "properties": { "GEOIDFQ": "1400000US20091051806", "NAME": "518.06", "NAMELSAD": "Census Tract 518.06" }, "geometry": { "type": "Polygon", "coordinates": [ [ [ -94.6304, 38.9568 ], [ -94.6302, 38.9328 ], [ -94.6489, 38.9315 ], [ -94.649, 38.9568 ], [ -94.6304, 38.9568 ] ] ] } },
{ "type": "Feature", "properties": { "GEOIDFQ": "1400000US20061000100", "NAME": "1", "NAMELSAD": "Census Tract 1" }, "geometry": { "type": "Polygon", "coordinates": [ [ [ -96.8207, 39.0483 ], [ -96.8126, 39.0676 ], [ -96.7993, 39.0555 ], [ -96.8074, 39.0461 ], [ -96.8052, 39.0257 ], [ -96.816, 39.0204 ], [ -96.8184, 39.0282 ], [ -96.8314, 39.0303 ], [ -96.8314, 39.0406 ], [ -96.8207, 39.0483 ] ] ] } },
{ "type": "Feature", "properties": { "GEOIDFQ": "1400000US20061000500", "NAME": "5", "NAMELSAD": "Census Tract 5" }, "geometry": { "type": "Polygon", "coordinates": [ [ [ -96.8165, 39.0262 ], [ -96.816, 39.0204 ], [ -96.835, 39.0076 ], [ -96.841, 39.0303 ], [ -96.8165, 39.0262 ] ] ] } },
{ "type": "Feature", "properties": { "GEOIDFQ": "1400000US20055960100", "NAME": "9601", "NAMELSAD": "Census Tract 9601" }, "geometry": { "type": "Polygon", "coordinates": [ [ [ -101.1033, 38.2646 ], [ -100.2271, 38.2622 ], [ -100.2266, 38.001 ], [ -100.6642, 38.0025 ], [ -100.6652, 37.8288 ], [ -100.6517, 37.8287 ], [ -100.6523, 37.7363 ], [ -101.0897, 37.7363 ], [ -101.0899, 37.8291 ], [ -101.1038, 37.829 ], [ -101.1033, 38.2646 ] ], [ [ -100.9484, 37.9671 ], [ -100.9475, 37.9537 ], [ -100.9287, 37.9539 ], [ -100.9292, 37.8587 ], [ -100.7925, 37.8584 ], [ -100.7861, 37.8816 ], [ -100.7976, 37.8874 ], [ -100.7651, 37.8872 ], [ -100.7559, 37.9162 ], [ -100.7743, 37.9265 ], [ -100.7742, 37.9605 ], [ -100.7924, 37.9602 ], [ -100.7922, 38.0617 ], [ -100.9385, 38.0619 ], [ -100.9387, 38.0181 ], [ -100.9571, 38.0181 ], [ -100.9607, 37.9701 ], [ -100.9484, 37.9671 ] ] ] } },
{ "type": "Feature", "properties": { "GEOIDFQ": "1400000US20055960600", "NAME": "9606", "NAMELSAD": "Census Tract 9606" }, "geometry": { "type": "Polygon", "coordinates": [ [ [ -100.9572, 38.0034 ], [ -100.9018, 38.0038 ], [ -100.9017, 37.9816 ], [ -100.8751, 37.9721 ], [ -100.8802, 37.9458 ], [ -100.8655, 37.934 ], [ -100.87, 37.8588 ], [ -100.9292, 37.8587 ], [ -100.9287, 37.9539 ], [ -100.9475, 37.9537 ], [ -100.9484, 37.9671 ], [ -100.9607, 37.9701 ], [ -100.9572, 38.0034 ] ] ] } },
{ "type": "Feature", "properties": { "GEOIDFQ": "1400000US20055960300", "NAME": "9603", "NAMELSAD": "Census Tract 9603" }, "geometry": { "type": "Polygon", "coordinates": [ [ [ -100.8747, 37.9802 ], [ -100.8543, 37.9781 ], [ -100.8545, 37.9677 ], [ -100.8751, 37.9693 ], [ -100.8747, 37.9802 ] ] ] } },
{ "type": "Feature", "properties": { "GEOIDFQ": "1400000US20055960200", "NAME": "9602", "NAMELSAD": "Census Tract 9602" }, "geometry": { "type": "Polygon", "coordinates": [ [ [ -100.9571, 38.0181 ], [ -100.9387, 38.0181 ], [ -100.9385, 38.0619 ], [ -100.8658, 38.062 ], [ -100.8655, 37.9786 ], [ -100.8747, 37.9802 ], [ -100.8751, 37.9721 ], [ -100.9017, 37.9816 ], [ -100.9018, 38.0038 ], [ -100.9572, 38.004 ], [ -100.9571, 38.0181 ] ] ] } },
{ "type": "Feature", "properties": { "GEOIDFQ": "1400000US20015020800", "NAME": "208", "NAMELSAD": "Census Tract 208" }, "geometry": { "type": "Polygon", "coordinates": [ [ [ -96.9897, 37.6903 ], [ -96.9623, 37.6869 ], [ -96.9574, 37.6788 ], [ -96.9731, 37.6673 ], [ -96.9787, 37.6722 ], [ -96.9809, 37.6607 ], [ -96.9803, 37.6721 ], [ -96.9894, 37.6721 ], [ -96.9897, 37.6903 ] ] ] } },
{ "type": "Feature", "properties": { "GEOIDFQ": "1400000US20015020902", "NAME": "209.02", "NAMELSAD": "Census Tract 209.02" }, "geometry": { "type": "Polygon", "coordinates": [ [ [ -97.1169, 37.5922 ], [ -97.117, 37.5486 ], [ -97.1529, 37.5484 ], [ -97.1529, 37.5922 ], [ -97.1169, 37.5922 ] ] ] } },
{ "type": "Feature", "properties": { "GEOIDFQ": "1400000US20045000604", "NAME": "6.04", "NAMELSAD": "Census Tract 6.04" }, "geometry": { "type": "Polygon", "coordinates": [ [ [ -95.2791, 38.9954 ], [ -95.2604, 38.99 ], [ -95.261, 38.9728 ], [ -95.279, 38.9715 ], [ -95.2791, 38.9954 ] ] ] } },
{ "type": "Feature", "properties": { "GEOIDFQ": "1400000US20045000603", "NAME": "6.03", "NAMELSAD": "Census Tract 6.03" }, "geometry": { "type": "Polygon", "coordinates": [ [ [ -95.2791, 38.9954 ], [ -95.279, 38.9715 ], [ -95.3343, 38.9715 ], [ -95.3438, 38.9965 ], [ -95.2791, 38.9954 ] ] ] } },
{ "type": "Feature", "properties": { "GEOIDFQ": "1400000US20173010202", "NAME": "102.02", "NAMELSAD": "Census Tract 102.02" }, "geometry": { "type": "Polygon", "coordinates": [ [ [ -97.482, 37.9123 ], [ -97.2632, 37.9123 ], [ -97.2621, 37.825 ], [ -97.3537, 37.825 ], [ -97.354, 37.839 ], [ -97.372, 37.8432 ], [ -97.372, 37.8541 ], [ -97.3886, 37.854 ], [ -97.3799, 37.8395 ], [ -97.3812, 37.8323 ], [ -97.3904, 37.8322 ], [ -97.3903, 37.825 ], [ -97.4819, 37.8251 ], [ -97.482, 37.9123 ] ] ] } },
{ "type": "Feature", "properties": { "GEOIDFQ": "1400000US20173010201", "NAME": "102.01", "NAMELSAD": "Census Tract 102.01" }, "geometry": { "type": "Polygon", "coordinates": [ [ [ -97.3812, 37.8323 ], [ -97.3799, 37.8395 ], [ -97.3886, 37.854 ], [ -97.372, 37.8541 ], [ -97.372, 37.8432 ], [ -97.354, 37.839 ], [ -97.3537, 37.825 ], [ -97.3903, 37.825 ], [ -97.3904, 37.8307 ], [ -97.3812, 37.8323 ] ] ] } },
{ "type": "Feature", "properties": { "GEOIDFQ": "1400000US20173010301", "NAME": "103.01", "NAMELSAD": "Census Tract 103.01" }, "geometry": { "type": "Polygon", "coordinates": [ [ [ -97.4809, 37.7442 ], [ -97.4626, 37.7403 ], [ -97.4629, 37.7517 ], [ -97.4447, 37.752 ], [ -97.4448, 37.7609 ], [ -97.4082, 37.7596 ], [ -97.408, 37.7378 ], [ -97.481, 37.737 ], [ -97.4809, 37.7442 ] ] ] } },
{ "type": "Feature", "properties": { "GEOIDFQ": "1400000US20173007208", "NAME": "72.08", "NAMELSAD": "Census Tract 72.08" }, "geometry": { "type": "Polygon", "coordinates": [ [ [ -97.2261, 37.6792 ], [ -97.1906, 37.6794 ], [ -97.2078, 37.6752 ], [ -97.2078, 37.6501 ], [ -97.2262, 37.6508 ], [ -97.2261, 37.6792 ] ] ] } },
{ "type": "Feature", "properties": { "GEOIDFQ": "1400000US20173005402", "NAME": "54.02", "NAMELSAD": "Census Tract 54.02" }, "geometry": { "type": "Polygon", "coordinates": [ [ [ -97.3525, 37.6278 ], [ -97.3523, 37.5935 ], [ -97.3705, 37.5933 ], [ -97.3707, 37.6284 ], [ -97.3525, 37.6278 ] ] ] } },
{ "type": "Feature", "properties": { "GEOIDFQ": "1400000US20173009804", "NAME": "98.04", "NAMELSAD": "Census Tract 98.04" }, "geometry": { "type": "Polygon", "coordinates": [ [ [ -97.2442, 37.5481 ], [ -97.2442, 37.5336 ], [ -97.2617, 37.5327 ], [ -97.2621, 37.5479 ], [ -97.2442, 37.5481 ] ] ] } },
{ "type": "Feature", "properties": { "GEOIDFQ": "1400000US20173005401", "NAME": "54.01", "NAMELSAD": "Census Tract 54.01" }, "geometry": { "type": "Polygon", "coordinates": [ [ [ -97.3989, 37.6467 ], [ -97.3919, 37.6328 ], [ -97.3707, 37.6284 ], [ -97.3705, 37.5933 ], [ -97.3523, 37.5935 ], [ -97.3524, 37.5737 ], [ -97.3661, 37.5765 ], [ -97.3899, 37.6006 ], [ -97.4037, 37.6361 ], [ -97.3989, 37.6467 ] ] ] } },
{ "type": "Feature", "properties": { "GEOIDFQ": "1400000US20173010007", "NAME": "100.07", "NAMELSAD": "Census Tract 100.07" }, "geometry": { "type": "Polygon", "coordinates": [ [ [ -97.262, 37.5916 ], [ -97.2621, 37.6062 ], [ -97.1529, 37.6067 ], [ -97.1528, 37.563 ], [ -97.2621, 37.5625 ], [ -97.262, 37.577 ], [ -97.2711, 37.577 ], [ -97.2799, 37.5885 ], [ -97.262, 37.5916 ] ] ] } },
{ "type": "Feature", "properties": { "GEOIDFQ": "1400000US20173009803", "NAME": "98.03", "NAMELSAD": "Census Tract 98.03" }, "geometry": { "type": "Polygon", "coordinates": [ [ [ -97.2621, 37.5625 ], [ -97.2401, 37.5625 ], [ -97.2345, 37.5506 ], [ -97.2621, 37.5479 ], [ -97.2621, 37.5625 ] ] ] } },
{ "type": "Feature", "properties": { "GEOIDFQ": "1400000US20173010302", "NAME": "103.02", "NAMELSAD": "Census Tract 103.02" }, "geometry": { "type": "Polygon", "coordinates": [ [ [ -97.4819, 37.8251 ], [ -97.372, 37.825 ], [ -97.3749, 37.7376 ], [ -97.408, 37.7378 ], [ -97.4082, 37.7596 ], [ -97.4448, 37.7609 ], [ -97.4447, 37.752 ], [ -97.4629, 37.7517 ], [ -97.4626, 37.7403 ], [ -97.4809, 37.7442 ], [ -97.4819, 37.8251 ] ] ] } },
{ "type": "Feature", "properties": { "GEOIDFQ": "1400000US20173009901", "NAME": "99.01", "NAMELSAD": "Census Tract 99.01" }, "geometry": { "type": "Polygon", "coordinates": [ [ [ -97.2617, 37.5327 ], [ -97.2442, 37.5336 ], [ -97.2442, 37.5481 ], [ -97.2345, 37.5506 ], [ -97.2401, 37.5625 ], [ -97.1528, 37.563 ], [ -97.153, 37.5193 ], [ -97.268, 37.5184 ], [ -97.2617, 37.5327 ] ] ] } },
{ "type": "Feature", "properties": { "GEOIDFQ": "1400000US20173007205", "NAME": "72.05", "NAMELSAD": "Census Tract 72.05" }, "geometry": { "type": "Polygon", "coordinates": [ [ [ -97.2502, 37.6647 ], [ -97.2262, 37.6647 ], [ -97.2261, 37.6573 ], [ -97.2621, 37.6553 ], [ -97.2502, 37.6647 ] ] ] } },
{ "type": "Feature", "properties": { "GEOIDFQ": "1400000US20173009515", "NAME": "95.15", "NAMELSAD": "Census Tract 95.15" }, "geometry": { "type": "Polygon", "coordinates": [ [ [ -97.481, 37.7369 ], [ -97.4445, 37.7375 ], [ -97.4445, 37.723 ], [ -97.4811, 37.7242 ], [ -97.481, 37.7369 ] ] ] } },
{ "type": "Feature", "properties": { "GEOIDFQ": "1400000US20173009902", "NAME": "99.02", "NAMELSAD": "Census Tract 99.02" }, "geometry": { "type": "Polygon", "coordinates": [ [ [ -97.2691, 37.5236 ], [ -97.268, 37.5184 ], [ -97.153, 37.5193 ], [ -97.1533, 37.4755 ], [ -97.2608, 37.4755 ], [ -97.259, 37.499 ], [ -97.2747, 37.5167 ], [ -97.2691, 37.5236 ] ] ] } },
{ "type": "Feature", "properties": { "GEOIDFQ": "1400000US20173010900", "NAME": "109", "NAMELSAD": "Census Tract 109" }, "geometry": { "type": "Polygon", "coordinates": [ [ [ -97.2537, 37.6902 ], [ -97.2546, 37.6795 ], [ -97.2804, 37.6795 ], [ -97.2805, 37.6938 ], [ -97.2537, 37.6902 ] ] ] } },
{ "type": "Feature", "properties": { "GEOIDFQ": "1400000US20173010006", "NAME": "100.06", "NAMELSAD": "Census Tract 100.06" }, "geometry": { "type": "Polygon", "coordinates": [ [ [ -97.2263, 37.6355 ], [ -97.2262, 37.6501 ], [ -97.153, 37.6503 ], [ -97.1529, 37.6067 ], [ -97.2443, 37.6064 ], [ -97.2444, 37.6355 ], [ -97.2263, 37.6355 ] ] ] } },
{ "type": "Feature", "properties": { "GEOIDFQ": "1400000US20173007702", "NAME": "77.02", "NAMELSAD": "Census Tract 77.02" }, "geometry": { "type": "Polygon", "coordinates": [ [ [ -97.2806, 37.7376 ], [ -97.2623, 37.7376 ], [ -97.2623, 37.723 ], [ -97.2807, 37.7229 ], [ -97.2806, 37.7376 ] ] ] } },
{ "type": "Feature", "properties": { "GEOIDFQ": "1400000US20173009514", "NAME": "95.14", "NAMELSAD": "Census Tract 95.14" }, "geometry": { "type": "Polygon", "coordinates": [ [ [ -97.4445, 37.7375 ], [ -97.3749, 37.7376 ], [ -97.3995, 37.7141 ], [ -97.4029, 37.7173 ], [ -97.4132, 37.7091 ], [ -97.4261, 37.7088 ], [ -97.4262, 37.7232 ], [ -97.4445, 37.7244 ], [ -97.4445, 37.7375 ] ] ] } },
{ "type": "Feature", "properties": { "GEOIDFQ": "1400000US20173007206", "NAME": "72.06", "NAMELSAD": "Census Tract 72.06" }, "geometry": { "type": "Polygon", "coordinates": [ [ [ -97.2445, 37.6589 ], [ -97.2261, 37.6573 ], [ -97.2262, 37.6501 ], [ -97.2445, 37.6518 ], [ -97.2445, 37.6589 ] ] ] } },
{ "type": "Feature", "properties": { "GEOIDFQ": "1400000US20173007207", "NAME": "72.07", "NAMELSAD": "Census Tract 72.07" }, "geometry": { "type": "Polygon", "coordinates": [ [ [ -97.2078, 37.6752 ], [ -97.1895, 37.6794 ], [ -97.1895, 37.6501 ], [ -97.2078, 37.6501 ], [ -97.2078, 37.6752 ] ] ] } },
{ "type": "Feature", "properties": { "GEOIDFQ": "1400000US20173009303", "NAME": "93.03", "NAMELSAD": "Census Tract 93.03" }, "geometry": { "type": "Polygon", "coordinates": [ [ [ -97.4262, 37.6944 ], [ -97.426, 37.6799 ], [ -97.4442, 37.6795 ], [ -97.4444, 37.6941 ], [ -97.4262, 37.6944 ] ] ] } },
{ "type": "Feature", "properties": { "GEOIDFQ": "1400000US20173009304", "NAME": "93.04", "NAMELSAD": "Census Tract 93.04" }, "geometry": { "type": "Polygon", "coordinates": [ [ [ -97.4158, 37.6946 ], [ -97.4064, 37.68 ], [ -97.426, 37.6799 ], [ -97.4262, 37.6944 ], [ -97.4158, 37.6946 ] ] ] } },
{ "type": "Feature", "properties": { "GEOIDFQ": "1400000US20173004301", "NAME": "43.01", "NAMELSAD": "Census Tract 43.01" }, "geometry": { "type": "Polygon", "coordinates": [ [ [ -97.3407, 37.6975 ], [ -97.3266, 37.6976 ], [ -97.3276, 37.6789 ], [ -97.3381, 37.6792 ], [ -97.3407, 37.6975 ] ] ] } },
{ "type": "Feature", "properties": { "GEOIDFQ": "1400000US20173004302", "NAME": "43.02", "NAMELSAD": "Census Tract 43.02" }, "geometry": { "type": "Polygon", "coordinates": [ [ [ -97.3407, 37.6975 ], [ -97.3381, 37.6792 ], [ -97.353, 37.6805 ], [ -97.3491, 37.6908 ], [ -97.3544, 37.6957 ], [ -97.3407, 37.6975 ] ] ] } },
{ "type": "Feature", "properties": { "GEOIDFQ": "1400000US20173007701", "NAME": "77.01", "NAMELSAD": "Census Tract 77.01" }, "geometry": { "type": "Polygon", "coordinates": [ [ [ -97.299, 37.7417 ], [ -97.2806, 37.7493 ], [ -97.2807, 37.7229 ], [ -97.299, 37.7228 ], [ -97.299, 37.7417 ] ] ] } },
{ "type": "Feature", "properties": { "GEOIDFQ": "1400000US20169000102", "NAME": "1.02", "NAMELSAD": "Census Tract 1.02" }, "geometry": { "type": "Polygon", "coordinates": [ [ [ -97.6124, 38.8492 ], [ -97.5758, 38.8603 ], [ -97.5713, 38.8489 ], [ -97.5823, 38.8404 ], [ -97.6125, 38.836 ], [ -97.6124, 38.8492 ] ] ] } },
{ "type": "Feature", "properties": { "GEOIDFQ": "1400000US20169000101", "NAME": "1.01", "NAMELSAD": "Census Tract 1.01" }, "geometry": { "type": "Polygon", "coordinates": [ [ [ -97.6033, 38.8405 ], [ -97.5823, 38.8404 ], [ -97.586, 38.8271 ], [ -97.6126, 38.8287 ], [ -97.6033, 38.8405 ] ] ] } },
{ "type": "Feature", "properties": { "GEOIDFQ": "1400000US20113788100", "NAME": "7881", "NAMELSAD": "Census Tract 7881" }, "geometry": { "type": "Polygon", "coordinates": [ [ [ -97.6215, 38.6089 ], [ -97.3719, 38.6094 ], [ -97.3717, 38.3625 ], [ -97.6115, 38.3623 ], [ -97.6118, 38.4203 ], [ -97.6209, 38.4203 ], [ -97.6215, 38.6089 ] ] ] } },
{ "type": "Feature", "properties": { "GEOIDFQ": "1400000US20113788300", "NAME": "7883", "NAMELSAD": "Census Tract 7883" }, "geometry": { "type": "Polygon", "coordinates": [ [ [ -97.9248, 38.6099 ], [ -97.7035, 38.6091 ], [ -97.7034, 38.5219 ], [ -97.6668, 38.5219 ], [ -97.6666, 38.5509 ], [ -97.6211, 38.5509 ], [ -97.6209, 38.4203 ], [ -97.7219, 38.4203 ], [ -97.7222, 38.3186 ], [ -97.705, 38.3187 ], [ -97.7562, 38.2606 ], [ -97.7944, 38.2606 ], [ -97.7945, 38.2104 ], [ -97.8234, 38.1737 ], [ -97.9221, 38.1737 ], [ -97.9248, 38.6099 ] ] ] } },
{ "type": "Feature", "properties": { "GEOIDFQ": "1400000US20113788700", "NAME": "7887", "NAMELSAD": "Census Tract 7887" }, "geometry": { "type": "Polygon", "coordinates": [ [ [ -97.7945, 38.2104 ], [ -97.7944, 38.2606 ], [ -97.7562, 38.2606 ], [ -97.6963, 38.3277 ], [ -97.6531, 38.34 ], [ -97.6215, 38.34 ], [ -97.6212, 38.3478 ], [ -97.6116, 38.3478 ], [ -97.6115, 38.3623 ], [ -97.3717, 38.3625 ], [ -97.3717, 38.1737 ], [ -97.8234, 38.1737 ], [ -97.7945, 38.2104 ] ] ] } },
{ "type": "Feature", "properties": { "GEOIDFQ": "1400000US20177003902", "NAME": "39.02", "NAMELSAD": "Census Tract 39.02" }, "geometry": { "type": "Polygon", "coordinates": [ [ [ -95.7621, 38.9564 ], [ -95.7249, 38.9614 ], [ -95.7246, 38.928 ], [ -95.6324, 38.9281 ], [ -95.6325, 38.9386 ], [ -95.6409, 38.9417 ], [ -95.6463, 38.9571 ], [ -95.6327, 38.9571 ], [ -95.6329, 38.9862 ], [ -95.5003, 38.9859 ], [ -95.5007, 38.8698 ], [ -95.7615, 38.8692 ], [ -95.7621, 38.9564 ] ] ] } },
{ "type": "Feature", "properties": { "GEOIDFQ": "1400000US20113788200", "NAME": "7882", "NAMELSAD": "Census Tract 7882" }, "geometry": { "type": "Polygon", "coordinates": [ [ [ -97.6215, 38.6089 ], [ -97.6211, 38.5509 ], [ -97.6666, 38.5509 ], [ -97.6668, 38.5219 ], [ -97.7034, 38.5219 ], [ -97.7035, 38.6091 ], [ -97.6215, 38.6089 ] ] ] } },
{ "type": "Feature", "properties": { "GEOIDFQ": "1400000US20113788400", "NAME": "7884", "NAMELSAD": "Census Tract 7884" }, "geometry": { "type": "Polygon", "coordinates": [ [ [ -97.7219, 38.4203 ], [ -97.6118, 38.4203 ], [ -97.6116, 38.3835 ], [ -97.6616, 38.3727 ], [ -97.6616, 38.3766 ], [ -97.6723, 38.3766 ], [ -97.6752, 38.3911 ], [ -97.722, 38.3916 ], [ -97.7219, 38.4203 ] ] ] } },
{ "type": "Feature", "properties": { "GEOIDFQ": "1400000US20091052905", "NAME": "529.05", "NAMELSAD": "Census Tract 529.05" }, "geometry": { "type": "Polygon", "coordinates": [ [ [ -94.7713, 38.9128 ], [ -94.7912, 38.8837 ], [ -94.7973, 38.8837 ], [ -94.7974, 38.9124 ], [ -94.7713, 38.9128 ] ] ] } },
{ "type": "Feature", "properties": { "GEOIDFQ": "1400000US20091052906", "NAME": "529.06", "NAMELSAD": "Census Tract 529.06" }, "geometry": { "type": "Polygon", "coordinates": [ [ [ -94.8184, 38.8982 ], [ -94.7973, 38.8982 ], [ -94.7973, 38.8837 ], [ -94.8207, 38.8894 ], [ -94.8184, 38.8982 ] ] ] } },
{ "type": "Feature", "properties": { "GEOIDFQ": "1400000US20181453700", "NAME": "4537", "NAMELSAD": "Census Tract 4537" }, "geometry": { "type": "Polygon", "coordinates": [ [ [ -101.7629, 39.3946 ], [ -101.6514, 39.3948 ], [ -101.6514, 39.3402 ], [ -101.7635, 39.3419 ], [ -101.7629, 39.3946 ] ] ] } },
{ "type": "Feature", "properties": { "GEOIDFQ": "1400000US20209044703", "NAME": "447.03", "NAMELSAD": "Census Tract 447.03" }, "geometry": { "type": "Polygon", "coordinates": [ [ [ -94.8537, 39.1286 ], [ -94.8455, 39.1286 ], [ -94.8454, 39.1431 ], [ -94.8198, 39.143 ], [ -94.811, 39.1065 ], [ -94.8536, 39.1041 ], [ -94.8537, 39.1286 ] ] ] } },
{ "type": "Feature", "properties": { "GEOIDFQ": "1400000US20209044704", "NAME": "447.04", "NAMELSAD": "Census Tract 447.04" }, "geometry": { "type": "Polygon", "coordinates": [ [ [ -94.7895, 39.1432 ], [ -94.7885, 39.1164 ], [ -94.7791, 39.1164 ], [ -94.7791, 39.1049 ], [ -94.811, 39.1054 ], [ -94.8198, 39.143 ], [ -94.7895, 39.1432 ] ] ] } },
{ "type": "Feature", "properties": { "GEOIDFQ": "1400000US20177004000", "NAME": "40", "NAMELSAD": "Census Tract 40" }, "geometry": { "type": "Polygon", "coordinates": [ [ [ -95.6744, 39.0639 ], [ -95.656, 39.0632 ], [ -95.6735, 39.0298 ], [ -95.683, 39.0297 ], [ -95.6744, 39.0639 ] ] ] } },
{ "type": "Feature", "properties": { "GEOIDFQ": "1400000US20177004100", "NAME": "41", "NAMELSAD": "Census Tract 41" }, "geometry": { "type": "Polygon", "coordinates": [ [ [ -95.7244, 39.0718 ], [ -95.7064, 39.0741 ], [ -95.7107, 39.0459 ], [ -95.7247, 39.0448 ], [ -95.7244, 39.0718 ] ] ] } },
{ "type": "Feature", "properties": { "GEOIDFQ": "1400000US20173009301", "NAME": "93.01", "NAMELSAD": "Census Tract 93.01" }, "geometry": { "type": "Polygon", "coordinates": [ [ [ -97.4443, 37.7088 ], [ -97.4132, 37.7091 ], [ -97.4029, 37.7173 ], [ -97.3995, 37.7141 ], [ -97.4143, 37.6945 ], [ -97.4444, 37.6962 ], [ -97.4443, 37.7088 ] ] ] } },
{ "type": "Feature", "properties": { "GEOIDFQ": "1400000US20173009506", "NAME": "95.06", "NAMELSAD": "Census Tract 95.06" }, "geometry": { "type": "Polygon", "coordinates": [ [ [ -97.4811, 37.7224 ], [ -97.4627, 37.7227 ], [ -97.4627, 37.7083 ], [ -97.4815, 37.709 ], [ -97.4811, 37.7224 ] ] ] } },
{ "type": "Feature", "properties": { "GEOIDFQ": "1400000US20173010700", "NAME": "107", "NAMELSAD": "Census Tract 107" }, "geometry": { "type": "Polygon", "coordinates": [ [ [ -97.6977, 37.6483 ], [ -97.6983, 37.5618 ], [ -97.5884, 37.5624 ], [ -97.5878, 37.4752 ], [ -97.8076, 37.4742 ], [ -97.8083, 37.6466 ], [ -97.6977, 37.6483 ] ] ] } },
{ "type": "Feature", "properties": { "GEOIDFQ": "1400000US20173000100", "NAME": "1", "NAMELSAD": "Census Tract 1" }, "geometry": { "type": "Polygon", "coordinates": [ [ [ -97.3448, 37.7335 ], [ -97.3359, 37.7355 ], [ -97.3356, 37.7226 ], [ -97.3539, 37.722 ], [ -97.3448, 37.7335 ] ] ] } },
{ "type": "Feature", "properties": { "GEOIDFQ": "1400000US20173000200", "NAME": "2", "NAMELSAD": "Census Tract 2" }, "geometry": { "type": "Polygon", "coordinates": [ [ [ -97.3579, 37.7215 ], [ -97.3506, 37.7227 ], [ -97.3464, 37.707 ], [ -97.3564, 37.7124 ], [ -97.3631, 37.709 ], [ -97.3579, 37.7215 ] ] ] } },
{ "type": "Feature", "properties": { "GEOIDFQ": "1400000US20091052419", "NAME": "524.19", "NAMELSAD": "Census Tract 524.19" }, "geometry": { "type": "Polygon", "coordinates": [ [ [ -94.7238, 39.0001 ], [ -94.7237, 38.9856 ], [ -94.7423, 38.9856 ], [ -94.7424, 39.0001 ], [ -94.7238, 39.0001 ] ] ] } },
{ "type": "Feature", "properties": { "GEOIDFQ": "1400000US20091980003", "NAME": "9800.03", "NAMELSAD": "Census Tract 9800.03" }, "geometry": { "type": "Polygon", "coordinates": [ [ [ -94.8156, 39.0073 ], [ -94.8118, 39.0073 ], [ -94.8115, 38.9999 ], [ -94.7845, 39.0001 ], [ -94.7798, 38.9801 ], [ -94.7936, 38.9782 ], [ -94.7973, 38.971 ], [ -94.8154, 38.9714 ], [ -94.8217, 39.0018 ], [ -94.8156, 39.0073 ] ] ] } },
{ "type": "Feature", "properties": { "GEOIDFQ": "1400000US20091053712", "NAME": "537.12", "NAMELSAD": "Census Tract 537.12" }, "geometry": { "type": "Polygon", "coordinates": [ [ [ -94.9315, 38.8074 ], [ -94.9275, 38.7965 ], [ -94.9085, 38.7953 ], [ -94.8714, 38.817 ], [ -94.8716, 38.7383 ], [ -94.964, 38.7385 ], [ -94.9636, 38.7821 ], [ -94.9812, 38.7822 ], [ -94.9315, 38.8074 ] ] ] } },
{ "type": "Feature", "properties": { "GEOIDFQ": "1400000US20031966100", "NAME": "9661", "NAMELSAD": "Census Tract 9661" }, "geometry": { "type": "Polygon", "coordinates": [ [ [ -95.739, 38.1625 ], [ -95.7357, 38.1684 ], [ -95.7232, 38.1693 ], [ -95.7346, 38.1931 ], [ -95.7252, 38.1956 ], [ -95.731, 38.207 ], [ -95.7251, 38.2075 ], [ -95.7368, 38.2192 ], [ -95.7383, 38.2349 ], [ -95.7381, 38.2878 ], [ -95.7288, 38.3021 ], [ -95.7283, 38.4341 ], [ -95.5083, 38.4339 ], [ -95.5075, 38.2592 ], [ -95.5168, 38.2593 ], [ -95.519, 38.0382 ], [ -95.7389, 38.0391 ], [ -95.739, 38.1625 ] ] ] } },
{ "type": "Feature", "properties": { "GEOIDFQ": "1400000US20031966200", "NAME": "9662", "NAMELSAD": "Census Tract 9662" }, "geometry": { "type": "Polygon", "coordinates": [ [ [ -95.9585, 38.2597 ], [ -95.95, 38.2597 ], [ -95.9503, 38.4341 ], [ -95.7283, 38.4341 ], [ -95.7288, 38.3021 ], [ -95.7382, 38.2872 ], [ -95.7358, 38.2214 ], [ -95.7562, 38.242 ], [ -95.8115, 38.2032 ], [ -95.8118, 38.1416 ], [ -95.7392, 38.1411 ], [ -95.7389, 38.0391 ], [ -95.959, 38.0402 ], [ -95.9585, 38.2597 ] ] ] } },
{ "type": "Feature", "properties": { "GEOIDFQ": "1400000US20031966300", "NAME": "9663", "NAMELSAD": "Census Tract 9663" }, "geometry": { "type": "Polygon", "coordinates": [ [ [ -95.8111, 38.2041 ], [ -95.7562, 38.242 ], [ -95.7251, 38.2075 ], [ -95.731, 38.207 ], [ -95.7252, 38.1956 ], [ -95.7346, 38.1931 ], [ -95.7233, 38.1682 ], [ -95.7367, 38.1672 ], [ -95.7392, 38.1411 ], [ -95.8118, 38.1416 ], [ -95.8111, 38.2041 ] ] ] } },
{ "type": "Feature", "properties": { "GEOIDFQ": "1400000US20177000800", "NAME": "8", "NAMELSAD": "Census Tract 8" }, "geometry": { "type": "Polygon", "coordinates": [ [ [ -95.6646, 39.0977 ], [ -95.6329, 39.0937 ], [ -95.6268, 39.1026 ], [ -95.5948, 39.1025 ], [ -95.5948, 39.0864 ], [ -95.6135, 39.082 ], [ -95.6453, 39.0861 ], [ -95.651, 39.0669 ], [ -95.6607, 39.0618 ], [ -95.6742, 39.0643 ], [ -95.6646, 39.0977 ] ] ] } },
{ "type": "Feature", "properties": { "GEOIDFQ": "1400000US20059954101", "NAME": "9541.01", "NAMELSAD": "Census Tract 9541.01" }, "geometry": { "type": "Polygon", "coordinates": [ [ [ -95.5007, 38.7388 ], [ -95.2684, 38.7386 ], [ -95.2675, 38.6667 ], [ -95.286, 38.6667 ], [ -95.2861, 38.6521 ], [ -95.3232, 38.6522 ], [ -95.3233, 38.6304 ], [ -95.3357, 38.6276 ], [ -95.3279, 38.6097 ], [ -95.3327, 38.5938 ], [ -95.3235, 38.5938 ], [ -95.3233, 38.5597 ], [ -95.3583, 38.5511 ], [ -95.383, 38.5326 ], [ -95.4076, 38.5255 ], [ -95.435, 38.5035 ], [ -95.5084, 38.4763 ], [ -95.509, 38.659 ], [ -95.5007, 38.7388 ] ] ] } },
{ "type": "Feature", "properties": { "GEOIDFQ": "1400000US20161001302", "NAME": "13.02", "NAMELSAD": "Census Tract 13.02" }, "geometry": { "type": "Polygon", "coordinates": [ [ [ -96.9587, 39.5664 ], [ -96.5805, 39.5662 ], [ -96.5912, 39.5527 ], [ -96.5893, 39.5456 ], [ -96.6149, 39.5319 ], [ -96.6207, 39.5384 ], [ -96.6426, 39.5221 ], [ -96.6401, 39.5088 ], [ -96.6567, 39.5002 ], [ -96.6676, 39.4754 ], [ -96.6765, 39.4727 ], [ -96.6812, 39.4832 ], [ -96.6882, 39.4611 ], [ -96.7085, 39.4605 ], [ -96.7219, 39.4445 ], [ -96.7132, 39.436 ], [ -96.7277, 39.4269 ], [ -96.715, 39.4197 ], [ -96.7156, 39.4086 ], [ -96.7264, 39.4036 ], [ -96.7197, 39.3948 ], [ -96.6954, 39.3732 ], [ -96.6844, 39.3723 ], [ -96.6915, 39.3613 ], [ -96.6874, 39.3566 ], [ -96.6704, 39.3438 ], [ -96.6612, 39.3439 ], [ -96.6713, 39.3368 ], [ -96.6694, 39.3311 ], [ -96.659, 39.3249 ], [ -96.6463, 39.3259 ], [ -96.6566, 39.317 ], [ -96.6337, 39.299 ], [ -96.6383, 39.2909 ], [ -96.6106, 39.267 ], [ -96.5948, 39.2614 ], [ -96.6054, 39.2475 ], [ -96.6228, 39.2471 ], [ -96.6185, 39.2218 ], [ -96.6492, 39.2328 ], [ -96.6694, 39.2311 ], [ -96.6796, 39.2107 ], [ -96.6578, 39.1895 ], [ -96.6821, 39.1883 ], [ -96.6822, 39.2022 ], [ -96.7004, 39.2036 ], [ -96.7003, 39.2114 ], [ -96.7102, 39.2109 ], [ -96.71, 39.2216 ], [ -96.7565, 39.2337 ], [ -96.7741, 39.2554 ], [ -96.8234, 39.2911 ], [ -96.8498, 39.2916 ], [ -96.8496, 39.2977 ], [ -96.8751, 39.2963 ], [ -96.8975, 39.3062 ], [ -96.9609, 39.3068 ], [ -96.9587, 39.5664 ] ] ] } },
{ "type": "Feature", "properties": { "GEOIDFQ": "1400000US20059954102", "NAME": "9541.02", "NAMELSAD": "Census Tract 9541.02" }, "geometry": { "type": "Polygon", "coordinates": [ [ [ -95.2684, 38.7386 ], [ -95.0564, 38.7386 ], [ -95.0582, 38.71 ], [ -95.1004, 38.6973 ], [ -95.2234, 38.6378 ], [ -95.2302, 38.6375 ], [ -95.2302, 38.6521 ], [ -95.2491, 38.6522 ], [ -95.249, 38.6668 ], [ -95.2675, 38.6667 ], [ -95.2684, 38.7386 ] ] ] } },
{ "type": "Feature", "properties": { "GEOIDFQ": "1400000US20161000900", "NAME": "9", "NAMELSAD": "Census Tract 9" }, "geometry": { "type": "Polygon", "coordinates": [ [ [ -96.7197, 39.1315 ], [ -96.6869, 39.1315 ], [ -96.6819, 39.1531 ], [ -96.6489, 39.1527 ], [ -96.6228, 39.1589 ], [ -96.613, 39.1683 ], [ -96.555, 39.1749 ], [ -96.5493, 39.1815 ], [ -96.5202, 39.1878 ], [ -96.5142, 39.1843 ], [ -96.5165, 39.1711 ], [ -96.495, 39.1679 ], [ -96.4847, 39.1794 ], [ -96.4745, 39.1643 ], [ -96.4604, 39.1684 ], [ -96.4642, 39.1772 ], [ -96.4578, 39.1906 ], [ -96.4125, 39.185 ], [ -96.389, 39.173 ], [ -96.3908, 39.0433 ], [ -96.5012, 39.0437 ], [ -96.501, 39.0727 ], [ -96.7061, 39.0731 ], [ -96.7063, 39.0916 ], [ -96.7137, 39.0901 ], [ -96.7068, 39.0987 ], [ -96.7169, 39.1011 ], [ -96.7109, 39.1069 ], [ -96.7221, 39.1238 ], [ -96.7197, 39.1315 ] ] ] } },
{ "type": "Feature", "properties": { "GEOIDFQ": "1400000US20161000700", "NAME": "7", "NAMELSAD": "Census Tract 7" }, "geometry": { "type": "Polygon", "coordinates": [ [ [ -96.5832, 39.186 ], [ -96.5834, 39.1751 ], [ -96.6038, 39.1688 ], [ -96.6117, 39.1897 ], [ -96.5832, 39.186 ] ] ] } },
{ "type": "Feature", "properties": { "GEOIDFQ": "1400000US20177003601", "NAME": "36.01", "NAMELSAD": "Census Tract 36.01" }, "geometry": { "type": "Polygon", "coordinates": [ [ [ -95.9468, 39.0987 ], [ -95.9298, 39.1013 ], [ -95.9189, 39.0882 ], [ -95.8656, 39.0845 ], [ -95.8527, 39.0683 ], [ -95.8352, 39.0659 ], [ -95.8357, 38.9565 ], [ -95.7621, 38.9564 ], [ -95.7615, 38.8692 ], [ -95.9466, 38.87 ], [ -95.9468, 39.0987 ] ] ] } },
{ "type": "Feature", "properties": { "GEOIDFQ": "1400000US20177001601", "NAME": "16.01", "NAMELSAD": "Census Tract 16.01" }, "geometry": { "type": "Polygon", "coordinates": [ [ [ -95.7249, 39.0295 ], [ -95.6969, 39.0297 ], [ -95.697, 39.0151 ], [ -95.725, 39.0181 ], [ -95.7249, 39.0295 ] ] ] } },
{ "type": "Feature", "properties": { "GEOIDFQ": "1400000US20177001900", "NAME": "19", "NAMELSAD": "Census Tract 19" }, "geometry": { "type": "Polygon", "coordinates": [ [ [ -95.7247, 39.044 ], [ -95.7107, 39.0459 ], [ -95.711, 39.0296 ], [ -95.7238, 39.0295 ], [ -95.7247, 39.044 ] ] ] } },
{ "type": "Feature", "properties": { "GEOIDFQ": "1400000US20173009700", "NAME": "97", "NAMELSAD": "Census Tract 97" }, "geometry": { "type": "Polygon", "coordinates": [ [ [ -97.3704, 37.5643 ], [ -97.3703, 37.5498 ], [ -97.3259, 37.5498 ], [ -97.3259, 37.5644 ], [ -97.288, 37.5645 ], [ -97.2744, 37.5399 ], [ -97.28, 37.5115 ], [ -97.267, 37.5089 ], [ -97.259, 37.499 ], [ -97.2608, 37.4755 ], [ -97.4781, 37.4758 ], [ -97.4798, 37.5629 ], [ -97.3704, 37.5643 ] ] ] } },
{ "type": "Feature", "properties": { "GEOIDFQ": "1400000US20145970300", "NAME": "9703", "NAMELSAD": "Census Tract 9703" }, "geometry": { "type": "Polygon", "coordinates": [ [ [ -99.0324, 38.3483 ], [ -99.0323, 38.2612 ], [ -98.9126, 38.2611 ], [ -98.9131, 38.0005 ], [ -99.3503, 38.0007 ], [ -99.3504, 38.0876 ], [ -99.5695, 38.0874 ], [ -99.5705, 38.2621 ], [ -99.5842, 38.2622 ], [ -99.5848, 38.3494 ], [ -99.0324, 38.3483 ] ], [ [ -99.1865, 38.1599 ], [ -99.1216, 38.1599 ], [ -99.1208, 38.1306 ], [ -99.0044, 38.1311 ], [ -99.0045, 38.2182 ], [ -99.187, 38.2177 ], [ -99.1865, 38.1599 ] ] ] } },
{ "type": "Feature", "properties": { "GEOIDFQ": "1400000US20145970200", "NAME": "9702", "NAMELSAD": "Census Tract 9702" }, "geometry": { "type": "Polygon", "coordinates": [ [ [ -99.187, 38.2177 ], [ -99.0045, 38.2182 ], [ -99.0044, 38.1311 ], [ -99.1208, 38.1306 ], [ -99.1216, 38.1599 ], [ -99.1865, 38.1599 ], [ -99.187, 38.2177 ] ] ] } },
{ "type": "Feature", "properties": { "GEOIDFQ": "1400000US20097969100", "NAME": "9691", "NAMELSAD": "Census Tract 9691" }, "geometry": { "type": "Polygon", "coordinates": [ [ [ -99.0136, 37.733 ], [ -99.0115, 37.3843 ], [ -99.5558, 37.3811 ], [ -99.5597, 37.7319 ], [ -99.0136, 37.733 ] ] ] } },
{ "type": "Feature", "properties": { "GEOIDFQ": "1400000US20125951000", "NAME": "9510", "NAMELSAD": "Census Tract 9510" }, "geometry": { "type": "Polygon", "coordinates": [ [ [ -95.6271, 37.0434 ], [ -95.6116, 37.0433 ], [ -95.6154, 37.0303 ], [ -95.6273, 37.033 ], [ -95.6271, 37.0434 ] ] ] } },
{ "type": "Feature", "properties": { "GEOIDFQ": "1400000US20125951100", "NAME": "9511", "NAMELSAD": "Census Tract 9511" }, "geometry": { "type": "Polygon", "coordinates": [ [ [ -95.642, 37.0509 ], [ -95.6095, 37.0506 ], [ -95.6116, 37.0433 ], [ -95.6271, 37.0434 ], [ -95.6272, 37.0361 ], [ -95.6429, 37.0368 ], [ -95.642, 37.0509 ] ] ] } },
{ "type": "Feature", "properties": { "GEOIDFQ": "1400000US20035493600", "NAME": "4936", "NAMELSAD": "Census Tract 4936" }, "geometry": { "type": "Polygon", "coordinates": [ [ [ -96.9537, 37.2448 ], [ -96.9513, 37.2303 ], [ -96.9943, 37.2301 ], [ -96.9945, 37.2395 ], [ -96.9537, 37.2448 ] ] ] } },
{ "type": "Feature", "properties": { "GEOIDFQ": "1400000US20173010111", "NAME": "101.11", "NAMELSAD": "Census Tract 101.11" }, "geometry": { "type": "Polygon", "coordinates": [ [ [ -97.2359, 37.7814 ], [ -97.2357, 37.7742 ], [ -97.2449, 37.7742 ], [ -97.2447, 37.7643 ], [ -97.2806, 37.7523 ], [ -97.2808, 37.7813 ], [ -97.2359, 37.7814 ] ] ] } },
{ "type": "Feature", "properties": { "GEOIDFQ": "1400000US20043020100", "NAME": "201", "NAMELSAD": "Census Tract 201" }, "geometry": { "type": "Polygon", "coordinates": [ [ [ -95.3399, 40.0 ], [ -95.3083, 40.0 ], [ -95.3023, 39.9846 ], [ -95.2699, 39.9694 ], [ -95.2503, 39.9486 ], [ -95.2053, 39.9398 ], [ -95.2017, 39.9044 ], [ -95.1795, 39.9001 ], [ -95.1532, 39.9068 ], [ -95.153, 39.7546 ], [ -95.2273, 39.7549 ], [ -95.2275, 39.653 ], [ -95.3397, 39.653 ], [ -95.3399, 40.0 ] ] ] } },
{ "type": "Feature", "properties": { "GEOIDFQ": "1400000US20043020200", "NAME": "202", "NAMELSAD": "Census Tract 202" }, "geometry": { "type": "Polygon", "coordinates": [ [ [ -95.2273, 39.7549 ], [ -95.153, 39.7546 ], [ -95.1532, 39.9068 ], [ -95.1428, 39.9004 ], [ -95.1427, 39.8859 ], [ -95.1349, 39.877 ], [ -95.0816, 39.8615 ], [ -95.0352, 39.8659 ], [ -95.0267, 39.8723 ], [ -95.0219, 39.894 ], [ -95.0212, 39.7402 ], [ -95.04, 39.7399 ], [ -95.04, 39.6967 ], [ -95.0216, 39.6967 ], [ -95.0215, 39.6706 ], [ -95.0495, 39.6379 ], [ -95.0536, 39.6153 ], [ -95.0854, 39.6151 ], [ -95.0869, 39.6207 ], [ -95.0984, 39.6211 ], [ -95.099, 39.6348 ], [ -95.1153, 39.6405 ], [ -95.1152, 39.6525 ], [ -95.2275, 39.653 ], [ -95.2273, 39.7549 ] ] ] } },
{ "type": "Feature", "properties": { "GEOIDFQ": "1400000US20043020300", "NAME": "203", "NAMELSAD": "Census Tract 203" }, "geometry": { "type": "Polygon", "coordinates": [ [ [ -95.04, 39.7399 ], [ -95.0212, 39.7402 ], [ -95.0219, 39.894 ], [ -95.0099, 39.9006 ], [ -94.9871, 39.8963 ], [ -94.9515, 39.9005 ], [ -94.9349, 39.8938 ], [ -94.9274, 39.884 ], [ -94.9424, 39.8623 ], [ -94.9399, 39.852 ], [ -94.9168, 39.8358 ], [ -94.8865, 39.8333 ], [ -94.8767, 39.8225 ], [ -94.8823, 39.7958 ], [ -94.9282, 39.7889 ], [ -94.9346, 39.773 ], [ -94.9109, 39.7592 ], [ -94.8697, 39.7729 ], [ -94.8606, 39.763 ], [ -94.8627, 39.7422 ], [ -94.8756, 39.7305 ], [ -94.901, 39.7241 ], [ -94.9418, 39.7434 ], [ -94.958, 39.7443 ], [ -94.9709, 39.7307 ], [ -94.97, 39.6888 ], [ -94.9841, 39.6778 ], [ -95.0215, 39.6706 ], [ -95.0216, 39.6967 ], [ -95.0399, 39.6997 ], [ -95.04, 39.7399 ] ] ] } },
{ "type": "Feature", "properties": { "GEOIDFQ": "1400000US20173009605", "NAME": "96.05", "NAMELSAD": "Census Tract 96.05" }, "geometry": { "type": "Polygon", "coordinates": [ [ [ -97.4524, 37.6505 ], [ -97.4458, 37.6417 ], [ -97.4551, 37.6288 ], [ -97.4258, 37.6357 ], [ -97.4259, 37.6078 ], [ -97.3957, 37.6087 ], [ -97.3705, 37.5804 ], [ -97.3704, 37.5643 ], [ -97.4798, 37.5629 ], [ -97.4794, 37.5484 ], [ -97.5148, 37.5481 ], [ -97.5147, 37.4756 ], [ -97.5878, 37.4752 ], [ -97.5892, 37.6496 ], [ -97.4524, 37.6505 ] ] ] } },
{ "type": "Feature", "properties": { "GEOIDFQ": "1400000US20173010113", "NAME": "101.13", "NAMELSAD": "Census Tract 101.13" }, "geometry": { "type": "Polygon", "coordinates": [ [ [ -97.2627, 37.825 ], [ -97.2625, 37.7814 ], [ -97.2808, 37.7813 ], [ -97.2806, 37.7523 ], [ -97.2737, 37.7522 ], [ -97.3175, 37.736 ], [ -97.3174, 37.7959 ], [ -97.2992, 37.7959 ], [ -97.2993, 37.8105 ], [ -97.372, 37.8105 ], [ -97.372, 37.825 ], [ -97.2627, 37.825 ] ] ] } },
{ "type": "Feature", "properties": { "GEOIDFQ": "1400000US20157978200", "NAME": "9782", "NAMELSAD": "Census Tract 9782" }, "geometry": { "type": "Polygon", "coordinates": [ [ [ -97.9318, 40.0021 ], [ -97.6692, 40.0021 ], [ -97.6708, 39.7983 ], [ -97.6519, 39.7983 ], [ -97.6601, 39.6535 ], [ -97.9315, 39.6538 ], [ -97.9318, 40.0021 ] ] ] } },
{ "type": "Feature", "properties": { "GEOIDFQ": "1400000US20157978100", "NAME": "9781", "NAMELSAD": "Census Tract 9781" }, "geometry": { "type": "Polygon", "coordinates": [ [ [ -97.6692, 40.0021 ], [ -97.3692, 40.002 ], [ -97.3687, 39.654 ], [ -97.6601, 39.6535 ], [ -97.6519, 39.7983 ], [ -97.5853, 39.7982 ], [ -97.5841, 39.8127 ], [ -97.5853, 39.8268 ], [ -97.5958, 39.8267 ], [ -97.5957, 39.8556 ], [ -97.6708, 39.8563 ], [ -97.6692, 40.0021 ] ] ] } },
{ "type": "Feature", "properties": { "GEOIDFQ": "1400000US20157978300", "NAME": "9783", "NAMELSAD": "Census Tract 9783" }, "geometry": { "type": "Polygon", "coordinates": [ [ [ -97.6708, 39.8563 ], [ -97.5957, 39.8556 ], [ -97.5958, 39.8267 ], [ -97.5853, 39.8268 ], [ -97.5853, 39.7982 ], [ -97.6708, 39.7983 ], [ -97.6708, 39.8563 ] ] ] } },
{ "type": "Feature", "properties": { "GEOIDFQ": "1400000US20209041200", "NAME": "412", "NAMELSAD": "Census Tract 412" }, "geometry": { "type": "Polygon", "coordinates": [ [ [ -94.6352, 39.129 ], [ -94.6351, 39.1185 ], [ -94.6494, 39.1197 ], [ -94.6497, 39.1288 ], [ -94.6352, 39.129 ] ] ] } },
{ "type": "Feature", "properties": { "GEOIDFQ": "1400000US20209041300", "NAME": "413", "NAMELSAD": "Census Tract 413" }, "geometry": { "type": "Polygon", "coordinates": [ [ [ -94.6768, 39.1285 ], [ -94.6497, 39.1288 ], [ -94.6493, 39.1223 ], [ -94.6612, 39.122 ], [ -94.6615, 39.1168 ], [ -94.6816, 39.1167 ], [ -94.6768, 39.1285 ] ] ] } },
{ "type": "Feature", "properties": { "GEOIDFQ": "1400000US20209041500", "NAME": "415", "NAMELSAD": "Census Tract 415" }, "geometry": { "type": "Polygon", "coordinates": [ [ [ -94.6816, 39.1167 ], [ -94.6615, 39.1168 ], [ -94.6591, 39.1096 ], [ -94.6719, 39.1013 ], [ -94.6816, 39.1167 ] ] ] } },
{ "type": "Feature", "properties": { "GEOIDFQ": "1400000US20209041600", "NAME": "416", "NAMELSAD": "Census Tract 416" }, "geometry": { "type": "Polygon", "coordinates": [ [ [ -94.6612, 39.122 ], [ -94.6493, 39.1223 ], [ -94.6494, 39.106 ], [ -94.6623, 39.1115 ], [ -94.6612, 39.122 ] ] ] } },
{ "type": "Feature", "properties": { "GEOIDFQ": "1400000US20209041900", "NAME": "419", "NAMELSAD": "Census Tract 419" }, "geometry": { "type": "Polygon", "coordinates": [ [ [ -94.6163, 39.114 ], [ -94.6215, 39.1026 ], [ -94.6262, 39.1027 ], [ -94.6268, 39.1136 ], [ -94.6163, 39.114 ] ] ] } },
{ "type": "Feature", "properties": { "GEOIDFQ": "1400000US20209042100", "NAME": "421", "NAMELSAD": "Census Tract 421" }, "geometry": { "type": "Polygon", "coordinates": [ [ [ -94.6355, 39.1098 ], [ -94.6354, 39.1008 ], [ -94.6494, 39.106 ], [ -94.6355, 39.1098 ] ] ] } },
{ "type": "Feature", "properties": { "GEOIDFQ": "1400000US20173001900", "NAME": "19", "NAMELSAD": "Census Tract 19" }, "geometry": { "type": "Polygon", "coordinates": [ [ [ -97.2935, 37.6937 ], [ -97.2922, 37.6865 ], [ -97.3078, 37.6862 ], [ -97.3078, 37.6936 ], [ -97.2935, 37.6937 ] ] ] } },
{ "type": "Feature", "properties": { "GEOIDFQ": "1400000US20173009000", "NAME": "90", "NAMELSAD": "Census Tract 90" }, "geometry": { "type": "Polygon", "coordinates": [ [ [ -97.3804, 37.6948 ], [ -97.3804, 37.6732 ], [ -97.3736, 37.6731 ], [ -97.3736, 37.6659 ], [ -97.3892, 37.6658 ], [ -97.3895, 37.6948 ], [ -97.3804, 37.6948 ] ] ] } },
{ "type": "Feature", "properties": { "GEOIDFQ": "1400000US20173010110", "NAME": "101.10", "NAMELSAD": "Census Tract 101.10" }, "geometry": { "type": "Polygon", "coordinates": [ [ [ -97.2262, 37.7156 ], [ -97.2262, 37.7084 ], [ -97.2623, 37.7084 ], [ -97.2623, 37.7156 ], [ -97.2262, 37.7156 ] ] ] } },
{ "type": "Feature", "properties": { "GEOIDFQ": "1400000US20173007500", "NAME": "75", "NAMELSAD": "Census Tract 75" }, "geometry": { "type": "Polygon", "coordinates": [ [ [ -97.2845, 37.7145 ], [ -97.2744, 37.7148 ], [ -97.276, 37.7011 ], [ -97.2806, 37.7084 ], [ -97.2907, 37.7087 ], [ -97.2845, 37.7145 ] ] ] } },
{ "type": "Feature", "properties": { "GEOIDFQ": "1400000US20173006500", "NAME": "65", "NAMELSAD": "Census Tract 65" }, "geometry": { "type": "Polygon", "coordinates": [ [ [ -97.2987, 37.65 ], [ -97.2805, 37.6434 ], [ -97.2862, 37.6351 ], [ -97.2988, 37.637 ], [ -97.2987, 37.65 ] ] ] } },
{ "type": "Feature", "properties": { "GEOIDFQ": "1400000US20173010600", "NAME": "106", "NAMELSAD": "Census Tract 106" }, "geometry": { "type": "Polygon", "coordinates": [ [ [ -97.8078, 37.7339 ], [ -97.5895, 37.7357 ], [ -97.5884, 37.5624 ], [ -97.6983, 37.5618 ], [ -97.6977, 37.6483 ], [ -97.8083, 37.647 ], [ -97.8078, 37.7339 ] ] ] } },
{ "type": "Feature", "properties": { "GEOIDFQ": "1400000US20041084200", "NAME": "842", "NAMELSAD": "Census Tract 842" }, "geometry": { "type": "Polygon", "coordinates": [ [ [ -97.3812, 38.9289 ], [ -97.2746, 38.9302 ], [ -97.2841, 38.906 ], [ -97.2721, 38.9015 ], [ -97.2654, 38.8828 ], [ -97.2437, 38.8784 ], [ -97.2075, 38.8895 ], [ -97.1939, 38.882 ], [ -97.1953, 38.8926 ], [ -97.1672, 38.9027 ], [ -97.1672, 38.897 ], [ -97.1493, 38.8957 ], [ -97.1507, 38.6096 ], [ -97.3719, 38.6094 ], [ -97.3721, 38.9143 ], [ -97.3812, 38.9156 ], [ -97.3812, 38.9289 ] ] ] } },
{ "type": "Feature", "properties": { "GEOIDFQ": "1400000US20173000300", "NAME": "3", "NAMELSAD": "Census Tract 3" }, "geometry": { "type": "Polygon", "coordinates": [ [ [ -97.3356, 37.7226 ], [ -97.3369, 37.6975 ], [ -97.3483, 37.7043 ], [ -97.3493, 37.7226 ], [ -97.3356, 37.7226 ] ] ] } },
{ "type": "Feature", "properties": { "GEOIDFQ": "1400000US20173000400", "NAME": "4", "NAMELSAD": "Census Tract 4" }, "geometry": { "type": "Polygon", "coordinates": [ [ [ -97.3356, 37.7226 ], [ -97.3321, 37.7175 ], [ -97.3246, 37.7227 ], [ -97.3154, 37.6936 ], [ -97.3369, 37.6975 ], [ -97.3356, 37.7226 ] ] ] } },
{ "type": "Feature", "properties": { "GEOIDFQ": "1400000US20173000700", "NAME": "7", "NAMELSAD": "Census Tract 7" }, "geometry": { "type": "Polygon", "coordinates": [ [ [ -97.3156, 37.7299 ], [ -97.3082, 37.73 ], [ -97.299, 37.7155 ], [ -97.3173, 37.7154 ], [ -97.3156, 37.7299 ] ] ] } },
{ "type": "Feature", "properties": { "GEOIDFQ": "1400000US20173000800", "NAME": "8", "NAMELSAD": "Census Tract 8" }, "geometry": { "type": "Polygon", "coordinates": [ [ [ -97.3105, 37.7154 ], [ -97.3013, 37.7155 ], [ -97.2991, 37.701 ], [ -97.3104, 37.7027 ], [ -97.3105, 37.7154 ] ] ] } },
{ "type": "Feature", "properties": { "GEOIDFQ": "1400000US20173000900", "NAME": "9", "NAMELSAD": "Census Tract 9" }, "geometry": { "type": "Polygon", "coordinates": [ [ [ -97.299, 37.7228 ], [ -97.2807, 37.7229 ], [ -97.2806, 37.7154 ], [ -97.2969, 37.7011 ], [ -97.299, 37.7228 ] ] ] } },
{ "type": "Feature", "properties": { "GEOIDFQ": "1400000US20173010802", "NAME": "108.02", "NAMELSAD": "Census Tract 108.02" }, "geometry": { "type": "Polygon", "coordinates": [ [ [ -97.2622, 37.757 ], [ -97.2621, 37.7522 ], [ -97.2264, 37.7523 ], [ -97.2263, 37.7375 ], [ -97.2358, 37.7442 ], [ -97.2806, 37.7455 ], [ -97.2622, 37.757 ] ] ] } },
{ "type": "Feature", "properties": { "GEOIDFQ": "1400000US20103981900", "NAME": "9819", "NAMELSAD": "Census Tract 9819" }, "geometry": { "type": "Polygon", "coordinates": [ [ [ -94.9503, 39.3417 ], [ -94.9465, 39.3378 ], [ -94.9456, 39.3754 ], [ -94.9384, 39.3756 ], [ -94.9382, 39.3871 ], [ -94.9192, 39.3852 ], [ -94.9001, 39.3933 ], [ -94.8868, 39.3913 ], [ -94.8791, 39.3757 ], [ -94.8849, 39.3665 ], [ -94.9093, 39.3542 ], [ -94.9085, 39.3298 ], [ -94.9609, 39.3278 ], [ -94.9503, 39.3417 ] ] ] } },
{ "type": "Feature", "properties": { "GEOIDFQ": "1400000US20105086100", "NAME": "861", "NAMELSAD": "Census Tract 861" }, "geometry": { "type": "Polygon", "coordinates": [ [ [ -98.4901, 39.2198 ], [ -97.9297, 39.2193 ], [ -97.9286, 38.8711 ], [ -98.4849, 38.8708 ], [ -98.4837, 39.1316 ], [ -98.49, 39.1327 ], [ -98.4901, 39.2198 ] ] ] } },
{ "type": "Feature", "properties": { "GEOIDFQ": "1400000US20053086700", "NAME": "867", "NAMELSAD": "Census Tract 867" }, "geometry": { "type": "Polygon", "coordinates": [ [ [ -98.4849, 38.8708 ], [ -98.2252, 38.871 ], [ -98.225, 38.7691 ], [ -98.1877, 38.769 ], [ -98.1882, 38.7106 ], [ -98.1968, 38.7098 ], [ -98.2023, 38.6894 ], [ -98.2339, 38.7116 ], [ -98.2869, 38.676 ], [ -98.2868, 38.6816 ], [ -98.3052, 38.6822 ], [ -98.4799, 38.6815 ], [ -98.48, 38.6969 ], [ -98.4861, 38.6981 ], [ -98.4849, 38.8708 ] ] ] } },
{ "type": "Feature", "properties": { "GEOIDFQ": "1400000US20053086600", "NAME": "866", "NAMELSAD": "Census Tract 866" }, "geometry": { "type": "Polygon", "coordinates": [ [ [ -98.4799, 38.6815 ], [ -98.3052, 38.6822 ], [ -98.2868, 38.6816 ], [ -98.2869, 38.676 ], [ -98.2339, 38.7116 ], [ -98.2023, 38.6894 ], [ -98.1968, 38.7098 ], [ -98.1882, 38.7106 ], [ -98.1877, 38.769 ], [ -98.225, 38.7691 ], [ -98.2252, 38.871 ], [ -97.9286, 38.8711 ], [ -97.9243, 38.5228 ], [ -98.4804, 38.5227 ], [ -98.4799, 38.6815 ] ] ] } },
{ "type": "Feature", "properties": { "GEOIDFQ": "1400000US20041084300", "NAME": "843", "NAMELSAD": "Census Tract 843" }, "geometry": { "type": "Polygon", "coordinates": [ [ [ -97.2783, 38.9278 ], [ -97.2524, 38.9373 ], [ -97.2307, 38.9378 ], [ -97.2242, 38.9133 ], [ -97.1673, 38.9175 ], [ -97.1672, 38.9027 ], [ -97.1953, 38.8926 ], [ -97.1939, 38.882 ], [ -97.2075, 38.8895 ], [ -97.2429, 38.8784 ], [ -97.2643, 38.8824 ], [ -97.2721, 38.9015 ], [ -97.2841, 38.9061 ], [ -97.2783, 38.9278 ] ] ] } },
{ "type": "Feature", "properties": { "GEOIDFQ": "1400000US20041084500", "NAME": "845", "NAMELSAD": "Census Tract 845" }, "geometry": { "type": "Polygon", "coordinates": [ [ [ -97.1673, 38.944 ], [ -97.1453, 38.945 ], [ -97.038, 38.9882 ], [ -97.0365, 38.9618 ], [ -97.0291, 38.9697 ], [ -97.0087, 38.9595 ], [ -96.9948, 38.9657 ], [ -96.9787, 38.9582 ], [ -96.9512, 38.9705 ], [ -96.9506, 38.9768 ], [ -96.9473, 38.9706 ], [ -96.9262, 38.9789 ], [ -96.9267, 38.8703 ], [ -96.8902, 38.8701 ], [ -96.8901, 38.8123 ], [ -96.9272, 38.8122 ], [ -96.9274, 38.696 ], [ -96.9673, 38.696 ], [ -96.968, 38.6528 ], [ -96.9305, 38.6529 ], [ -96.9303, 38.6094 ], [ -97.1507, 38.6096 ], [ -97.1486, 38.8912 ], [ -97.1493, 38.8957 ], [ -97.1672, 38.897 ], [ -97.1673, 38.944 ] ] ] } },
{ "type": "Feature", "properties": { "GEOIDFQ": "1400000US20041084100", "NAME": "841", "NAMELSAD": "Census Tract 841" }, "geometry": { "type": "Polygon", "coordinates": [ [ [ -97.3712, 39.132 ], [ -96.9632, 39.1323 ], [ -96.9635, 38.9649 ], [ -96.9787, 38.9582 ], [ -96.9948, 38.9657 ], [ -97.0087, 38.9595 ], [ -97.0291, 38.9697 ], [ -97.0368, 38.9619 ], [ -97.038, 38.9882 ], [ -97.1478, 38.9444 ], [ -97.1967, 38.9438 ], [ -97.2781, 38.9298 ], [ -97.3717, 38.9289 ], [ -97.3712, 39.132 ] ] ] } },
{ "type": "Feature", "properties": { "GEOIDFQ": "1400000US20015020601", "NAME": "206.01", "NAMELSAD": "Census Tract 206.01" }, "geometry": { "type": "Polygon", "coordinates": [ [ [ -97.0172, 37.7961 ], [ -96.9969, 37.8059 ], [ -96.9751, 37.8056 ], [ -96.9353, 37.8162 ], [ -96.9346, 37.7376 ], [ -97.1529, 37.7379 ], [ -97.1531, 37.7951 ], [ -97.0172, 37.7961 ] ] ] } },
{ "type": "Feature", "properties": { "GEOIDFQ": "1400000US20015020206", "NAME": "202.06", "NAMELSAD": "Census Tract 202.06" }, "geometry": { "type": "Polygon", "coordinates": [ [ [ -97.153, 37.6941 ], [ -97.1114, 37.6939 ], [ -97.1078, 37.6853 ], [ -97.1109, 37.6796 ], [ -97.153, 37.6795 ], [ -97.153, 37.6941 ] ] ] } },
{ "type": "Feature", "properties": { "GEOIDFQ": "1400000US20015020208", "NAME": "202.08", "NAMELSAD": "Census Tract 202.08" }, "geometry": { "type": "Polygon", "coordinates": [ [ [ -97.1529, 37.7379 ], [ -97.1169, 37.738 ], [ -97.1166, 37.6948 ], [ -97.1114, 37.6939 ], [ -97.1352, 37.694 ], [ -97.1303, 37.7124 ], [ -97.1351, 37.7232 ], [ -97.1529, 37.725 ], [ -97.1529, 37.7379 ] ] ] } },
{ "type": "Feature", "properties": { "GEOIDFQ": "1400000US20015020209", "NAME": "202.09", "NAMELSAD": "Census Tract 202.09" }, "geometry": { "type": "Polygon", "coordinates": [ [ [ -97.0437, 37.7378 ], [ -97.0436, 37.6797 ], [ -97.1109, 37.6796 ], [ -97.1169, 37.738 ], [ -97.0437, 37.7378 ] ] ] } },
{ "type": "Feature", "properties": { "GEOIDFQ": "1400000US20015020102", "NAME": "201.02", "NAMELSAD": "Census Tract 201.02" }, "geometry": { "type": "Polygon", "coordinates": [ [ [ -96.8254, 37.8134 ], [ -96.5257, 37.8116 ], [ -96.5257, 37.4764 ], [ -96.7151, 37.4754 ], [ -96.7157, 37.65 ], [ -96.8294, 37.6516 ], [ -96.8254, 37.8134 ] ] ] } },
{ "type": "Feature", "properties": { "GEOIDFQ": "1400000US20015020205", "NAME": "202.05", "NAMELSAD": "Census Tract 202.05" }, "geometry": { "type": "Polygon", "coordinates": [ [ [ -96.9432, 37.7011 ], [ -96.9532, 37.7011 ], [ -96.953, 37.7376 ], [ -96.9346, 37.7376 ], [ -96.9323, 37.8828 ], [ -96.8419, 37.8826 ], [ -96.8555, 37.8697 ], [ -96.859, 37.8463 ], [ -96.8517, 37.8367 ], [ -96.8589, 37.8392 ], [ -96.8589, 37.8248 ], [ -96.8944, 37.8245 ], [ -96.8987, 37.8101 ], [ -96.8804, 37.8101 ], [ -96.8804, 37.8027 ], [ -96.862, 37.8001 ], [ -96.8414, 37.8144 ], [ -96.828, 37.8564 ], [ -96.8284, 37.8382 ], [ -96.8195, 37.838 ], [ -96.8176, 37.831 ], [ -96.8258, 37.8245 ], [ -96.8256, 37.6533 ], [ -96.9533, 37.6502 ], [ -96.9529, 37.6793 ], [ -96.9623, 37.6825 ], [ -96.9432, 37.7011 ] ] ] } },
{ "type": "Feature", "properties": { "GEOIDFQ": "1400000US20015020204", "NAME": "202.04", "NAMELSAD": "Census Tract 202.04" }, "geometry": { "type": "Polygon", "coordinates": [ [ [ -97.0437, 37.7378 ], [ -96.953, 37.7376 ], [ -96.9532, 37.7011 ], [ -96.9714, 37.7011 ], [ -96.9714, 37.723 ], [ -96.9775, 37.7232 ], [ -96.9896, 37.723 ], [ -96.9897, 37.7011 ], [ -96.9894, 37.6721 ], [ -96.9803, 37.6721 ], [ -96.9811, 37.6695 ], [ -96.9809, 37.6607 ], [ -96.9787, 37.6722 ], [ -96.9731, 37.6673 ], [ -96.9529, 37.6793 ], [ -96.9533, 37.6502 ], [ -97.0439, 37.6504 ], [ -97.0437, 37.7378 ] ] ] } },
{ "type": "Feature", "properties": { "GEOIDFQ": "1400000US20015020210", "NAME": "202.10", "NAMELSAD": "Census Tract 202.10" }, "geometry": { "type": "Polygon", "coordinates": [ [ [ -97.153, 37.6794 ], [ -97.0436, 37.6797 ], [ -97.0439, 37.6504 ], [ -97.153, 37.6503 ], [ -97.153, 37.6794 ] ] ] } },
{ "type": "Feature", "properties": { "GEOIDFQ": "1400000US20015020101", "NAME": "201.01", "NAMELSAD": "Census Tract 201.01" }, "geometry": { "type": "Polygon", "coordinates": [ [ [ -96.5228, 38.0864 ], [ -96.5257, 37.8116 ], [ -96.8254, 37.8134 ], [ -96.8258, 37.8245 ], [ -96.8179, 37.8259 ], [ -96.8177, 37.8319 ], [ -96.8195, 37.838 ], [ -96.8284, 37.8382 ], [ -96.8303, 37.8565 ], [ -96.8175, 37.8826 ], [ -96.9323, 37.8828 ], [ -96.9323, 37.9987 ], [ -97.1528, 38.0004 ], [ -97.1529, 38.0877 ], [ -96.5228, 38.0864 ] ] ] } },
{ "type": "Feature", "properties": { "GEOIDFQ": "1400000US20015020602", "NAME": "206.02", "NAMELSAD": "Census Tract 206.02" }, "geometry": { "type": "Polygon", "coordinates": [ [ [ -97.1528, 38.0004 ], [ -96.9323, 37.9987 ], [ -96.9353, 37.8162 ], [ -96.9751, 37.8056 ], [ -96.9969, 37.8059 ], [ -97.0172, 37.7961 ], [ -97.1531, 37.7962 ], [ -97.1528, 38.0004 ] ] ] } },
{ "type": "Feature", "properties": { "GEOIDFQ": "1400000US20169001100", "NAME": "11", "NAMELSAD": "Census Tract 11" }, "geometry": { "type": "Polygon", "coordinates": [ [ [ -97.9286, 38.9584 ], [ -97.3716, 38.9579 ], [ -97.3717, 38.9289 ], [ -97.3812, 38.9287 ], [ -97.3812, 38.9143 ], [ -97.3721, 38.9143 ], [ -97.3719, 38.7981 ], [ -97.5576, 38.7982 ], [ -97.5574, 38.849 ], [ -97.5758, 38.8489 ], [ -97.5757, 38.8706 ], [ -97.5938, 38.8706 ], [ -97.5942, 38.8819 ], [ -97.6456, 38.8747 ], [ -97.6478, 38.8456 ], [ -97.6399, 38.8271 ], [ -97.6867, 38.8272 ], [ -97.687, 38.7692 ], [ -97.8759, 38.7733 ], [ -97.9283, 38.7556 ], [ -97.9286, 38.9584 ] ] ] } },
{ "type": "Feature", "properties": { "GEOIDFQ": "1400000US20015020207", "NAME": "202.07", "NAMELSAD": "Census Tract 202.07" }, "geometry": { "type": "Polygon", "coordinates": [ [ [ -97.1529, 37.7233 ], [ -97.1351, 37.7232 ], [ -97.1303, 37.7124 ], [ -97.1352, 37.694 ], [ -97.153, 37.6941 ], [ -97.1529, 37.7233 ] ] ] } },
{ "type": "Feature", "properties": { "GEOIDFQ": "1400000US20177003302", "NAME": "33.02", "NAMELSAD": "Census Tract 33.02" }, "geometry": { "type": "Polygon", "coordinates": [ [ [ -95.5895, 39.2161 ], [ -95.5893, 39.1292 ], [ -95.5947, 39.1293 ], [ -95.5948, 39.1171 ], [ -95.6319, 39.117 ], [ -95.6321, 39.1241 ], [ -95.664, 39.124 ], [ -95.6676, 39.2164 ], [ -95.5895, 39.2161 ] ] ] } },
{ "type": "Feature", "properties": { "GEOIDFQ": "1400000US20177003901", "NAME": "39.01", "NAMELSAD": "Census Tract 39.01" }, "geometry": { "type": "Polygon", "coordinates": [ [ [ -95.6135, 39.0443 ], [ -95.5923, 39.0443 ], [ -95.5488, 39.0683 ], [ -95.5076, 39.0646 ], [ -95.5003, 39.0567 ], [ -95.5003, 38.9859 ], [ -95.6144, 38.9869 ], [ -95.6135, 39.0443 ] ] ] } },
{ "type": "Feature", "properties": { "GEOIDFQ": "1400000US20177003604", "NAME": "36.04", "NAMELSAD": "Census Tract 36.04" }, "geometry": { "type": "Polygon", "coordinates": [ [ [ -95.835, 39.0144 ], [ -95.7809, 39.0145 ], [ -95.773, 38.9997 ], [ -95.7808, 38.9934 ], [ -95.7807, 38.9563 ], [ -95.8357, 38.9565 ], [ -95.835, 39.0144 ] ] ] } },
{ "type": "Feature", "properties": { "GEOIDFQ": "1400000US20177001100", "NAME": "11", "NAMELSAD": "Census Tract 11" }, "geometry": { "type": "Polygon", "coordinates": [ [ [ -95.6584, 39.0549 ], [ -95.6276, 39.0516 ], [ -95.6344, 39.0495 ], [ -95.6326, 39.0442 ], [ -95.6652, 39.0443 ], [ -95.6584, 39.0549 ] ] ] } },
{ "type": "Feature", "properties": { "GEOIDFQ": "1400000US20173006600", "NAME": "66", "NAMELSAD": "Census Tract 66" }, "geometry": { "type": "Polygon", "coordinates": [ [ [ -97.2621, 37.6559 ], [ -97.2445, 37.6547 ], [ -97.2445, 37.6428 ], [ -97.2338, 37.6428 ], [ -97.2336, 37.6355 ], [ -97.2444, 37.6355 ], [ -97.2443, 37.6064 ], [ -97.2621, 37.6062 ], [ -97.262, 37.5916 ], [ -97.2799, 37.5916 ], [ -97.2804, 37.6057 ], [ -97.2908, 37.6059 ], [ -97.2953, 37.6252 ], [ -97.2621, 37.6559 ] ] ] } },
{ "type": "Feature", "properties": { "GEOIDFQ": "1400000US20173006700", "NAME": "67", "NAMELSAD": "Census Tract 67" }, "geometry": { "type": "Polygon", "coordinates": [ [ [ -97.2804, 37.6574 ], [ -97.2621, 37.6574 ], [ -97.2621, 37.6559 ], [ -97.2805, 37.6438 ], [ -97.2804, 37.6574 ] ] ] } },
{ "type": "Feature", "properties": { "GEOIDFQ": "1400000US20173010001", "NAME": "100.01", "NAMELSAD": "Census Tract 100.01" }, "geometry": { "type": "Polygon", "coordinates": [ [ [ -97.153, 37.7087 ], [ -97.153, 37.6503 ], [ -97.1712, 37.6503 ], [ -97.1713, 37.7086 ], [ -97.153, 37.7087 ] ] ] } },
{ "type": "Feature", "properties": { "GEOIDFQ": "1400000US20149000400", "NAME": "4", "NAMELSAD": "Census Tract 4" }, "geometry": { "type": "Polygon", "coordinates": [ [ [ -96.7132, 39.436 ], [ -96.7219, 39.4445 ], [ -96.7085, 39.4605 ], [ -96.6882, 39.4611 ], [ -96.6812, 39.4832 ], [ -96.6765, 39.4727 ], [ -96.6676, 39.4754 ], [ -96.6567, 39.5002 ], [ -96.6401, 39.5088 ], [ -96.6426, 39.5221 ], [ -96.6207, 39.5384 ], [ -96.6149, 39.5319 ], [ -96.5893, 39.5456 ], [ -96.5912, 39.5527 ], [ -96.5804, 39.5663 ], [ -96.036, 39.5661 ], [ -96.0346, 39.369 ], [ -96.0628, 39.3691 ], [ -96.0628, 39.3618 ], [ -96.1118, 39.366 ], [ -96.1419, 39.3944 ], [ -96.1575, 39.3988 ], [ -96.1841, 39.3988 ], [ -96.1934, 39.3842 ], [ -96.2063, 39.3837 ], [ -96.2086, 39.3768 ], [ -96.3151, 39.3771 ], [ -96.3149, 39.3334 ], [ -96.3432, 39.3333 ], [ -96.3431, 39.3188 ], [ -96.5419, 39.3218 ], [ -96.5562, 39.3031 ], [ -96.5587, 39.2761 ], [ -96.5944, 39.256 ], [ -96.5959, 39.2631 ], [ -96.6103, 39.2668 ], [ -96.6383, 39.2909 ], [ -96.6337, 39.299 ], [ -96.6566, 39.317 ], [ -96.6463, 39.3259 ], [ -96.667, 39.3286 ], [ -96.672, 39.3355 ], [ -96.6612, 39.3439 ], [ -96.6704, 39.3438 ], [ -96.6913, 39.3603 ], [ -96.6852, 39.3731 ], [ -96.6957, 39.3734 ], [ -96.7257, 39.4025 ], [ -96.7156, 39.4086 ], [ -96.7149, 39.4195 ], [ -96.7277, 39.4269 ], [ -96.7132, 39.436 ] ] ] } },
{ "type": "Feature", "properties": { "GEOIDFQ": "1400000US20149000200", "NAME": "2", "NAMELSAD": "Census Tract 2" }, "geometry": { "type": "Polygon", "coordinates": [ [ [ -96.3799, 39.1818 ], [ -96.3797, 39.1955 ], [ -96.3707, 39.1991 ], [ -96.3708, 39.2317 ], [ -96.3144, 39.2317 ], [ -96.3054, 39.2172 ], [ -96.234, 39.2156 ], [ -96.2694, 39.179 ], [ -96.2942, 39.1955 ], [ -96.3113, 39.1959 ], [ -96.3247, 39.1861 ], [ -96.329, 39.1599 ], [ -96.3374, 39.1622 ], [ -96.3466, 39.1539 ], [ -96.3591, 39.1577 ], [ -96.3576, 39.173 ], [ -96.3778, 39.1641 ], [ -96.3945, 39.1769 ], [ -96.3799, 39.1818 ] ] ] } },
{ "type": "Feature", "properties": { "GEOIDFQ": "1400000US20149000300", "NAME": "3", "NAMELSAD": "Census Tract 3" }, "geometry": { "type": "Polygon", "coordinates": [ [ [ -96.2307, 39.3067 ], [ -96.2215, 39.3092 ], [ -96.2211, 39.3769 ], [ -96.1934, 39.3842 ], [ -96.1841, 39.3988 ], [ -96.1575, 39.3988 ], [ -96.1419, 39.3944 ], [ -96.1241, 39.3727 ], [ -96.1003, 39.3619 ], [ -96.0628, 39.3618 ], [ -96.0628, 39.3691 ], [ -96.0346, 39.369 ], [ -96.0391, 39.1265 ], [ -96.0426, 39.1408 ], [ -96.0906, 39.154 ], [ -96.0839, 39.1633 ], [ -96.0568, 39.1603 ], [ -96.0836, 39.1935 ], [ -96.0963, 39.1918 ], [ -96.1085, 39.2011 ], [ -96.1228, 39.1871 ], [ -96.1528, 39.1926 ], [ -96.1767, 39.1886 ], [ -96.1816, 39.2063 ], [ -96.2167, 39.2003 ], [ -96.2353, 39.2134 ], [ -96.2307, 39.3067 ] ] ] } },
{ "type": "Feature", "properties": { "GEOIDFQ": "1400000US20209044500", "NAME": "445", "NAMELSAD": "Census Tract 445" }, "geometry": { "type": "Polygon", "coordinates": [ [ [ -94.7048, 39.159 ], [ -94.6975, 39.1649 ], [ -94.6515, 39.1529 ], [ -94.6708, 39.143 ], [ -94.7058, 39.1447 ], [ -94.7048, 39.159 ] ] ] } },
{ "type": "Feature", "properties": { "GEOIDFQ": "1400000US20209040200", "NAME": "402", "NAMELSAD": "Census Tract 402" }, "geometry": { "type": "Polygon", "coordinates": [ [ [ -94.6515, 39.1529 ], [ -94.6308, 39.1448 ], [ -94.635, 39.1348 ], [ -94.6512, 39.1387 ], [ -94.6573, 39.1466 ], [ -94.6515, 39.1529 ] ] ] } },
{ "type": "Feature", "properties": { "GEOIDFQ": "1400000US20037957000", "NAME": "9570", "NAMELSAD": "Census Tract 9570" }, "geometry": { "type": "Polygon", "coordinates": [ [ [ -94.6853, 37.4432 ], [ -94.6501, 37.4402 ], [ -94.6498, 37.4365 ], [ -94.6173, 37.44 ], [ -94.6174, 37.411 ], [ -94.7004, 37.4111 ], [ -94.6853, 37.4432 ] ] ] } },
{ "type": "Feature", "properties": { "GEOIDFQ": "1400000US20047969700", "NAME": "9697", "NAMELSAD": "Census Tract 9697" }, "geometry": { "type": "Polygon", "coordinates": [ [ [ -99.4596, 37.9569 ], [ -99.3869, 37.9571 ], [ -99.3831, 37.9142 ], [ -99.4, 37.8946 ], [ -99.4417, 37.8988 ], [ -99.4414, 37.928 ], [ -99.4596, 37.9281 ], [ -99.4596, 37.9569 ] ] ] } },
{ "type": "Feature", "properties": { "GEOIDFQ": "1400000US20047969600", "NAME": "9696", "NAMELSAD": "Census Tract 9696" }, "geometry": { "type": "Polygon", "coordinates": [ [ [ -99.5695, 38.0874 ], [ -99.3504, 38.0876 ], [ -99.3503, 38.0007 ], [ -99.0221, 38.0002 ], [ -99.0226, 37.8254 ], [ -99.0133, 37.8253 ], [ -99.0136, 37.733 ], [ -99.5596, 37.7349 ], [ -99.5603, 37.8256 ], [ -99.5706, 37.8263 ], [ -99.5695, 38.0874 ] ], [ [ -99.4414, 37.928 ], [ -99.4417, 37.8988 ], [ -99.4, 37.8946 ], [ -99.3831, 37.9142 ], [ -99.3869, 37.9571 ], [ -99.4596, 37.9569 ], [ -99.4596, 37.9279 ], [ -99.4414, 37.928 ] ] ] } },
{ "type": "Feature", "properties": { "GEOIDFQ": "1400000US20139010200", "NAME": "102", "NAMELSAD": "Census Tract 102" }, "geometry": { "type": "Polygon", "coordinates": [ [ [ -95.9466, 38.87 ], [ -95.7241, 38.8696 ], [ -95.7234, 38.7389 ], [ -95.9459, 38.7391 ], [ -95.9466, 38.87 ] ] ] } },
{ "type": "Feature", "properties": { "GEOIDFQ": "1400000US20139010300", "NAME": "103", "NAMELSAD": "Census Tract 103" }, "geometry": { "type": "Polygon", "coordinates": [ [ [ -95.9459, 38.7391 ], [ -95.7234, 38.7389 ], [ -95.7291, 38.5651 ], [ -95.6017, 38.5653 ], [ -95.6007, 38.5216 ], [ -95.5823, 38.5217 ], [ -95.5824, 38.5289 ], [ -95.5085, 38.5288 ], [ -95.5083, 38.4339 ], [ -95.9503, 38.4341 ], [ -95.9459, 38.7391 ] ], [ [ -95.8293, 38.6082 ], [ -95.8249, 38.6144 ], [ -95.8035, 38.6055 ], [ -95.8014, 38.6517 ], [ -95.8385, 38.6517 ], [ -95.8386, 38.6372 ], [ -95.8571, 38.6372 ], [ -95.8572, 38.6083 ], [ -95.8293, 38.6082 ] ] ] } },
{ "type": "Feature", "properties": { "GEOIDFQ": "1400000US20139010400", "NAME": "104", "NAMELSAD": "Census Tract 104" }, "geometry": { "type": "Polygon", "coordinates": [ [ [ -95.8571, 38.6372 ], [ -95.8386, 38.6372 ], [ -95.8385, 38.6517 ], [ -95.8014, 38.6517 ], [ -95.8035, 38.6055 ], [ -95.8249, 38.6144 ], [ -95.8293, 38.6082 ], [ -95.8571, 38.6084 ], [ -95.8571, 38.6372 ] ] ] } },
{ "type": "Feature", "properties": { "GEOIDFQ": "1400000US20139010100", "NAME": "101", "NAMELSAD": "Census Tract 101" }, "geometry": { "type": "Polygon", "coordinates": [ [ [ -95.7241, 38.8696 ], [ -95.5007, 38.8698 ], [ -95.5007, 38.7388 ], [ -95.6121, 38.739 ], [ -95.6119, 38.7681 ], [ -95.7234, 38.7678 ], [ -95.7241, 38.8696 ] ] ] } },
{ "type": "Feature", "properties": { "GEOIDFQ": "1400000US20139010500", "NAME": "105", "NAMELSAD": "Census Tract 105" }, "geometry": { "type": "Polygon", "coordinates": [ [ [ -95.7234, 38.7678 ], [ -95.6119, 38.7681 ], [ -95.6121, 38.739 ], [ -95.5007, 38.7388 ], [ -95.5012, 38.6953 ], [ -95.508, 38.6953 ], [ -95.5085, 38.5288 ], [ -95.5824, 38.5289 ], [ -95.5823, 38.5217 ], [ -95.6007, 38.5216 ], [ -95.6017, 38.5653 ], [ -95.7291, 38.5651 ], [ -95.7234, 38.7678 ] ] ] } },
{ "type": "Feature", "properties": { "GEOIDFQ": "1400000US20205097100", "NAME": "971", "NAMELSAD": "Census Tract 971" }, "geometry": { "type": "Polygon", "coordinates": [ [ [ -95.9187, 37.7272 ], [ -95.9209, 37.7343 ], [ -95.9132, 37.7345 ], [ -95.5255, 37.7328 ], [ -95.5256, 37.384 ], [ -95.6154, 37.3843 ], [ -95.6154, 37.4423 ], [ -95.6515, 37.4426 ], [ -95.6514, 37.472 ], [ -95.6954, 37.472 ], [ -95.677, 37.5003 ], [ -95.6647, 37.5007 ], [ -95.6705, 37.5065 ], [ -95.6656, 37.5235 ], [ -95.6751, 37.522 ], [ -95.6694, 37.5266 ], [ -95.6754, 37.5279 ], [ -95.6811, 37.5533 ], [ -95.7003, 37.5515 ], [ -95.7047, 37.5555 ], [ -95.6944, 37.5713 ], [ -95.7016, 37.5822 ], [ -95.7311, 37.5887 ], [ -95.7259, 37.6002 ], [ -95.7356, 37.5974 ], [ -95.7452, 37.6024 ], [ -95.7404, 37.6078 ], [ -95.7642, 37.6151 ], [ -95.7496, 37.6337 ], [ -95.7615, 37.6435 ], [ -95.7714, 37.6415 ], [ -95.7661, 37.6501 ], [ -95.7691, 37.6568 ], [ -95.7771, 37.6561 ], [ -95.7702, 37.6519 ], [ -95.7778, 37.6522 ], [ -95.789, 37.6615 ], [ -95.797, 37.6582 ], [ -95.8084, 37.6653 ], [ -95.8141, 37.6626 ], [ -95.813, 37.669 ], [ -95.8243, 37.6669 ], [ -95.8265, 37.6743 ], [ -95.8341, 37.6686 ], [ -95.8348, 37.6771 ], [ -95.8371, 37.672 ], [ -95.8445, 37.6786 ], [ -95.8573, 37.6794 ], [ -95.8599, 37.6751 ], [ -95.8717, 37.6839 ], [ -95.8786, 37.6777 ], [ -95.8811, 37.7077 ], [ -95.8867, 37.7078 ], [ -95.8844, 37.7017 ], [ -95.9106, 37.7051 ], [ -95.9268, 37.7219 ], [ -95.9187, 37.7272 ] ] ] } },
{ "type": "Feature", "properties": { "GEOIDFQ": "1400000US20169000800", "NAME": "8", "NAMELSAD": "Census Tract 8" }, "geometry": { "type": "Polygon", "coordinates": [ [ [ -97.5814, 38.8119 ], [ -97.575, 38.7982 ], [ -97.5943, 38.798 ], [ -97.5943, 38.8053 ], [ -97.6126, 38.8054 ], [ -97.6128, 38.8106 ], [ -97.5814, 38.8119 ] ] ] } },
{ "type": "Feature", "properties": { "GEOIDFQ": "1400000US20169000900", "NAME": "9", "NAMELSAD": "Census Tract 9" }, "geometry": { "type": "Polygon", "coordinates": [ [ [ -97.6126, 38.8272 ], [ -97.586, 38.8271 ], [ -97.5787, 38.8186 ], [ -97.5828, 38.8116 ], [ -97.6127, 38.8135 ], [ -97.6126, 38.8272 ] ] ] } },
{ "type": "Feature", "properties": { "GEOIDFQ": "1400000US20169001000", "NAME": "10", "NAMELSAD": "Census Tract 10" }, "geometry": { "type": "Polygon", "coordinates": [ [ [ -97.5777, 38.8441 ], [ -97.5574, 38.849 ], [ -97.5576, 38.7982 ], [ -97.575, 38.7982 ], [ -97.5818, 38.8085 ], [ -97.5792, 38.8203 ], [ -97.5864, 38.8258 ], [ -97.5777, 38.8441 ] ] ] } },
{ "type": "Feature", "properties": { "GEOIDFQ": "1400000US20169000400", "NAME": "4", "NAMELSAD": "Census Tract 4" }, "geometry": { "type": "Polygon", "coordinates": [ [ [ -97.625, 38.8272 ], [ -97.6126, 38.8272 ], [ -97.6126, 38.8074 ], [ -97.625, 38.8272 ] ] ] } },
{ "type": "Feature", "properties": { "GEOIDFQ": "1400000US20169001200", "NAME": "12", "NAMELSAD": "Census Tract 12" }, "geometry": { "type": "Polygon", "coordinates": [ [ [ -97.9283, 38.7556 ], [ -97.8788, 38.773 ], [ -97.6182, 38.7688 ], [ -97.617, 38.7836 ], [ -97.5761, 38.7835 ], [ -97.5795, 38.7982 ], [ -97.3719, 38.7981 ], [ -97.3719, 38.6094 ], [ -97.9248, 38.6099 ], [ -97.9283, 38.7556 ] ] ] } },
{ "type": "Feature", "properties": { "GEOIDFQ": "1400000US20205097200", "NAME": "972", "NAMELSAD": "Census Tract 972" }, "geometry": { "type": "Polygon", "coordinates": [ [ [ -95.9609, 37.7343 ], [ -95.9209, 37.7343 ], [ -95.9187, 37.7272 ], [ -95.9268, 37.7217 ], [ -95.914, 37.707 ], [ -95.8844, 37.7017 ], [ -95.884, 37.7092 ], [ -95.8767, 37.7033 ], [ -95.8786, 37.6777 ], [ -95.8717, 37.6839 ], [ -95.8599, 37.6751 ], [ -95.8573, 37.6794 ], [ -95.8445, 37.6786 ], [ -95.8371, 37.672 ], [ -95.8348, 37.6771 ], [ -95.8341, 37.6686 ], [ -95.8265, 37.6743 ], [ -95.8243, 37.6669 ], [ -95.813, 37.669 ], [ -95.8141, 37.6626 ], [ -95.8084, 37.6653 ], [ -95.797, 37.6582 ], [ -95.789, 37.6615 ], [ -95.7778, 37.6522 ], [ -95.7702, 37.6519 ], [ -95.7771, 37.6561 ], [ -95.7691, 37.6568 ], [ -95.7714, 37.6415 ], [ -95.7615, 37.6435 ], [ -95.7496, 37.6337 ], [ -95.7642, 37.6151 ], [ -95.7404, 37.6078 ], [ -95.7452, 37.6024 ], [ -95.7356, 37.5974 ], [ -95.7259, 37.6002 ], [ -95.7311, 37.5887 ], [ -95.7016, 37.5822 ], [ -95.6944, 37.5713 ], [ -95.7047, 37.5555 ], [ -95.7003, 37.5515 ], [ -95.6811, 37.5533 ], [ -95.6754, 37.5279 ], [ -95.6694, 37.5266 ], [ -95.6751, 37.522 ], [ -95.6656, 37.5235 ], [ -95.6705, 37.5065 ], [ -95.6646, 37.5011 ], [ -95.6795, 37.4978 ], [ -95.6946, 37.4696 ], [ -95.7084, 37.4752 ], [ -95.7063, 37.501 ], [ -95.7337, 37.5009 ], [ -95.7285, 37.4564 ], [ -95.7408, 37.4569 ], [ -95.7322, 37.4483 ], [ -95.7366, 37.4451 ], [ -95.7268, 37.436 ], [ -95.7171, 37.4378 ], [ -95.7233, 37.4317 ], [ -95.7173, 37.4224 ], [ -95.7113, 37.4257 ], [ -95.6937, 37.4184 ], [ -95.7066, 37.4134 ], [ -95.7064, 37.3849 ], [ -95.9616, 37.3866 ], [ -95.9609, 37.7343 ] ], [ [ -95.8698, 37.5231 ], [ -95.8585, 37.523 ], [ -95.8594, 37.5151 ], [ -95.8505, 37.5173 ], [ -95.8494, 37.5121 ], [ -95.8335, 37.5083 ], [ -95.8335, 37.5155 ], [ -95.7984, 37.5152 ], [ -95.7973, 37.5591 ], [ -95.8698, 37.5594 ], [ -95.8698, 37.5231 ] ] ] } },
{ "type": "Feature", "properties": { "GEOIDFQ": "1400000US20107955101", "NAME": "9551.01", "NAMELSAD": "Census Tract 9551.01" }, "geometry": { "type": "Polygon", "coordinates": [ [ [ -95.0755, 38.2587 ], [ -95.0651, 38.2586 ], [ -95.0658, 38.3899 ], [ -94.7753, 38.389 ], [ -94.7691, 38.3819 ], [ -94.7899, 38.3693 ], [ -94.7877, 38.3651 ], [ -94.8235, 38.3693 ], [ -94.8277, 38.3572 ], [ -94.7979, 38.361 ], [ -94.7835, 38.3573 ], [ -94.7828, 38.3504 ], [ -94.7754, 38.3528 ], [ -94.7672, 38.3418 ], [ -94.7796, 38.3432 ], [ -94.7902, 38.3294 ], [ -94.7748, 38.3217 ], [ -94.7523, 38.325 ], [ -94.754, 38.319 ], [ -94.7645, 38.3219 ], [ -94.7547, 38.3117 ], [ -94.7608, 38.3076 ], [ -94.7356, 38.2931 ], [ -94.7299, 38.2789 ], [ -94.7209, 38.2787 ], [ -94.715, 38.2715 ], [ -94.6127, 38.2724 ], [ -94.6135, 38.168 ], [ -94.677, 38.168 ], [ -94.677, 38.1971 ], [ -94.708, 38.197 ], [ -94.7138, 38.1897 ], [ -94.7322, 38.1898 ], [ -94.7322, 38.1825 ], [ -94.7653, 38.1818 ], [ -94.7868, 38.1825 ], [ -94.7986, 38.1897 ], [ -94.9421, 38.1897 ], [ -94.9528, 38.1825 ], [ -95.0768, 38.1827 ], [ -95.0755, 38.2587 ] ] ] } },
{ "type": "Feature", "properties": { "GEOIDFQ": "1400000US20107955102", "NAME": "9551.02", "NAMELSAD": "Census Tract 9551.02" }, "geometry": { "type": "Polygon", "coordinates": [ [ [ -94.8225, 38.3695 ], [ -94.7877, 38.3651 ], [ -94.7899, 38.3693 ], [ -94.7691, 38.3819 ], [ -94.7753, 38.389 ], [ -94.6132, 38.3887 ], [ -94.6127, 38.2724 ], [ -94.715, 38.2715 ], [ -94.7209, 38.2787 ], [ -94.7302, 38.2791 ], [ -94.736, 38.2934 ], [ -94.7608, 38.3076 ], [ -94.7547, 38.3117 ], [ -94.7645, 38.3219 ], [ -94.754, 38.319 ], [ -94.7528, 38.3254 ], [ -94.7748, 38.3217 ], [ -94.7902, 38.3294 ], [ -94.7796, 38.3432 ], [ -94.7672, 38.3418 ], [ -94.7754, 38.3528 ], [ -94.7828, 38.3504 ], [ -94.7835, 38.3573 ], [ -94.7979, 38.361 ], [ -94.8028, 38.3576 ], [ -94.8134, 38.3616 ], [ -94.8143, 38.3562 ], [ -94.8236, 38.3549 ], [ -94.8279, 38.3589 ], [ -94.8225, 38.3695 ] ] ] } },
{ "type": "Feature", "properties": { "GEOIDFQ": "1400000US20091052505", "NAME": "525.05", "NAMELSAD": "Census Tract 525.05" }, "geometry": { "type": "Polygon", "coordinates": [ [ [ -94.7798, 38.9801 ], [ -94.778, 38.993 ], [ -94.7762, 38.971 ], [ -94.7973, 38.9741 ], [ -94.7798, 38.9801 ] ] ] } },
{ "type": "Feature", "properties": { "GEOIDFQ": "1400000US20177001800", "NAME": "18", "NAMELSAD": "Census Tract 18" }, "geometry": { "type": "Polygon", "coordinates": [ [ [ -95.7107, 39.0459 ], [ -95.697, 39.0458 ], [ -95.6969, 39.0297 ], [ -95.7109, 39.0311 ], [ -95.7107, 39.0459 ] ] ] } },
{ "type": "Feature", "properties": { "GEOIDFQ": "1400000US20029977300", "NAME": "9773", "NAMELSAD": "Census Tract 9773" }, "geometry": { "type": "Polygon", "coordinates": [ [ [ -97.6859, 39.588 ], [ -97.6709, 39.585 ], [ -97.6625, 39.5927 ], [ -97.6541, 39.5736 ], [ -97.6577, 39.5393 ], [ -97.7041, 39.5399 ], [ -97.7062, 39.5759 ], [ -97.6859, 39.588 ] ] ] } },
{ "type": "Feature", "properties": { "GEOIDFQ": "1400000US20029977200", "NAME": "9772", "NAMELSAD": "Census Tract 9772" }, "geometry": { "type": "Polygon", "coordinates": [ [ [ -97.6387, 39.5946 ], [ -97.6242, 39.5876 ], [ -97.607, 39.5894 ], [ -97.5964, 39.6003 ], [ -97.5777, 39.6038 ], [ -97.5712, 39.5964 ], [ -97.5745, 39.5747 ], [ -97.5934, 39.5739 ], [ -97.592, 39.5391 ], [ -97.6201, 39.5391 ], [ -97.6199, 39.5246 ], [ -97.6568, 39.5248 ], [ -97.6587, 39.5894 ], [ -97.6387, 39.5946 ] ] ] } },
{ "type": "Feature", "properties": { "GEOIDFQ": "1400000US20029977400", "NAME": "9774", "NAMELSAD": "Census Tract 9774" }, "geometry": { "type": "Polygon", "coordinates": [ [ [ -97.9315, 39.6538 ], [ -97.6605, 39.6535 ], [ -97.6587, 39.5894 ], [ -97.6683, 39.5918 ], [ -97.6715, 39.5849 ], [ -97.6859, 39.588 ], [ -97.7062, 39.5759 ], [ -97.7041, 39.5399 ], [ -97.6577, 39.5393 ], [ -97.657, 39.5061 ], [ -97.6669, 39.485 ], [ -97.6675, 39.3066 ], [ -97.9291, 39.3064 ], [ -97.9315, 39.6538 ] ] ] } },
{ "type": "Feature", "properties": { "GEOIDFQ": "1400000US20067963700", "NAME": "9637", "NAMELSAD": "Census Tract 9637" }, "geometry": { "type": "Polygon", "coordinates": [ [ [ -101.3816, 37.5765 ], [ -101.382, 37.6201 ], [ -101.3636, 37.6201 ], [ -101.3636, 37.6056 ], [ -101.3454, 37.6056 ], [ -101.3452, 37.591 ], [ -101.3088, 37.5908 ], [ -101.3087, 37.5763 ], [ -101.3269, 37.5764 ], [ -101.3268, 37.5625 ], [ -101.3085, 37.5618 ], [ -101.3083, 37.5324 ], [ -101.3449, 37.5328 ], [ -101.345, 37.5472 ], [ -101.363, 37.5473 ], [ -101.3633, 37.569 ], [ -101.3997, 37.5693 ], [ -101.3998, 37.5765 ], [ -101.3816, 37.5765 ] ] ] } },
{ "type": "Feature", "properties": { "GEOIDFQ": "1400000US20173009801", "NAME": "98.01", "NAMELSAD": "Census Tract 98.01" }, "geometry": { "type": "Polygon", "coordinates": [ [ [ -97.2621, 37.5625 ], [ -97.262, 37.526 ], [ -97.2747, 37.5167 ], [ -97.2665, 37.5107 ], [ -97.2683, 37.5095 ], [ -97.28, 37.5115 ], [ -97.2744, 37.5399 ], [ -97.288, 37.5626 ], [ -97.2621, 37.5625 ] ] ] } },
{ "type": "Feature", "properties": { "GEOIDFQ": "1400000US20005081900", "NAME": "819", "NAMELSAD": "Census Tract 819" }, "geometry": { "type": "Polygon", "coordinates": [ [ [ -95.1317, 39.572 ], [ -95.1151, 39.5719 ], [ -95.1152, 39.5596 ], [ -95.1355, 39.5598 ], [ -95.1317, 39.572 ] ] ] } },
{ "type": "Feature", "properties": { "GEOIDFQ": "1400000US20209044202", "NAME": "442.02", "NAMELSAD": "Census Tract 442.02" }, "geometry": { "type": "Polygon", "coordinates": [ [ [ -94.7571, 39.1431 ], [ -94.734, 39.1431 ], [ -94.7339, 39.1285 ], [ -94.7571, 39.1318 ], [ -94.7571, 39.1431 ] ] ] } },
{ "type": "Feature", "properties": { "GEOIDFQ": "1400000US20209044803", "NAME": "448.03", "NAMELSAD": "Census Tract 448.03" }, "geometry": { "type": "Polygon", "coordinates": [ [ [ -94.9083, 39.1287 ], [ -94.9014, 39.1287 ], [ -94.9002, 39.2029 ], [ -94.847, 39.2021 ], [ -94.8455, 39.1286 ], [ -94.8537, 39.1286 ], [ -94.8537, 39.1158 ], [ -94.9085, 39.116 ], [ -94.9083, 39.1287 ] ] ] } },
{ "type": "Feature", "properties": { "GEOIDFQ": "1400000US20209043500", "NAME": "435", "NAMELSAD": "Census Tract 435" }, "geometry": { "type": "Polygon", "coordinates": [ [ [ -94.6677, 39.0623 ], [ -94.6678, 39.0444 ], [ -94.6761, 39.0442 ], [ -94.6793, 39.0561 ], [ -94.6677, 39.0623 ] ] ] } },
{ "type": "Feature", "properties": { "GEOIDFQ": "1400000US20111000202", "NAME": "2.02", "NAMELSAD": "Census Tract 2.02" }, "geometry": { "type": "Polygon", "coordinates": [ [ [ -96.223, 38.4352 ], [ -96.2127, 38.4407 ], [ -96.2077, 38.4279 ], [ -96.2171, 38.4268 ], [ -96.217, 38.416 ], [ -96.2078, 38.4123 ], [ -96.2394, 38.4123 ], [ -96.223, 38.4352 ] ] ] } },
{ "type": "Feature", "properties": { "GEOIDFQ": "1400000US20111000201", "NAME": "2.01", "NAMELSAD": "Census Tract 2.01" }, "geometry": { "type": "Polygon", "coordinates": [ [ [ -96.2046, 38.4388 ], [ -96.1924, 38.4276 ], [ -96.1803, 38.4278 ], [ -96.1893, 38.4123 ], [ -96.2078, 38.4123 ], [ -96.2046, 38.4388 ] ] ] } },
{ "type": "Feature", "properties": { "GEOIDFQ": "1400000US20111000203", "NAME": "2.03", "NAMELSAD": "Census Tract 2.03" }, "geometry": { "type": "Polygon", "coordinates": [ [ [ -96.2077, 38.4279 ], [ -96.2101, 38.4159 ], [ -96.217, 38.416 ], [ -96.2171, 38.4238 ], [ -96.2077, 38.4279 ] ] ] } },
{ "type": "Feature", "properties": { "GEOIDFQ": "1400000US20111000102", "NAME": "1.02", "NAMELSAD": "Census Tract 1.02" }, "geometry": { "type": "Polygon", "coordinates": [ [ [ -96.1818, 38.4207 ], [ -96.1814, 38.4236 ], [ -96.1768, 38.4122 ], [ -96.1818, 38.4207 ] ] ] } },
{ "type": "Feature", "properties": { "GEOIDFQ": "1400000US20111000103", "NAME": "1.03", "NAMELSAD": "Census Tract 1.03" }, "geometry": { "type": "Polygon", "coordinates": [ [ [ -96.134, 38.4193 ], [ -96.134, 38.4048 ], [ -96.164, 38.405 ], [ -96.164, 38.4122 ], [ -96.1711, 38.4122 ], [ -96.177, 38.4216 ], [ -96.134, 38.4193 ] ] ] } },
{ "type": "Feature", "properties": { "GEOIDFQ": "1400000US20111000101", "NAME": "1.01", "NAMELSAD": "Census Tract 1.01" }, "geometry": { "type": "Polygon", "coordinates": [ [ [ -96.1768, 38.4122 ], [ -96.1774, 38.4213 ], [ -96.1711, 38.4122 ], [ -96.164, 38.4122 ], [ -96.164, 38.405 ], [ -96.1801, 38.4062 ], [ -96.1768, 38.4122 ] ] ] } },
{ "type": "Feature", "properties": { "GEOIDFQ": "1400000US20177001604", "NAME": "16.04", "NAMELSAD": "Census Tract 16.04" }, "geometry": { "type": "Polygon", "coordinates": [ [ [ -95.7161, 39.015 ], [ -95.697, 39.0151 ], [ -95.7058, 38.9979 ], [ -95.7164, 39.0038 ], [ -95.7161, 39.015 ] ] ] } },
{ "type": "Feature", "properties": { "GEOIDFQ": "1400000US20051072702", "NAME": "727.02", "NAMELSAD": "Census Tract 727.02" }, "geometry": { "type": "Polygon", "coordinates": [ [ [ -99.318, 38.866 ], [ -99.2995, 38.8596 ], [ -99.2993, 38.8729 ], [ -99.2992, 38.8902 ], [ -99.3178, 38.8986 ], [ -99.3172, 38.9435 ], [ -99.243, 38.9436 ], [ -99.2444, 38.8275 ], [ -99.2812, 38.8274 ], [ -99.2814, 38.813 ], [ -99.3188, 38.8138 ], [ -99.318, 38.866 ] ] ] } },
{ "type": "Feature", "properties": { "GEOIDFQ": "1400000US20055960501", "NAME": "9605.01", "NAMELSAD": "Census Tract 9605.01" }, "geometry": { "type": "Polygon", "coordinates": [ [ [ -100.8198, 37.9603 ], [ -100.8275, 37.9676 ], [ -100.8244, 37.973 ], [ -100.8386, 37.9749 ], [ -100.8381, 37.9826 ], [ -100.8125, 38.004 ], [ -100.7926, 38.0123 ], [ -100.7924, 37.9602 ], [ -100.7742, 37.9605 ], [ -100.7743, 37.9268 ], [ -100.8401, 37.9579 ], [ -100.8198, 37.9603 ] ] ] } },
{ "type": "Feature", "properties": { "GEOIDFQ": "1400000US20055960503", "NAME": "9605.03", "NAMELSAD": "Census Tract 9605.03" }, "geometry": { "type": "Polygon", "coordinates": [ [ [ -100.8772, 37.9561 ], [ -100.8666, 37.9573 ], [ -100.8655, 37.9627 ], [ -100.8292, 37.9557 ], [ -100.7559, 37.9162 ], [ -100.7651, 37.8872 ], [ -100.7976, 37.8874 ], [ -100.7861, 37.8816 ], [ -100.7925, 37.8584 ], [ -100.87, 37.8588 ], [ -100.8655, 37.9341 ], [ -100.8803, 37.9469 ], [ -100.8772, 37.9561 ] ] ] } },
{ "type": "Feature", "properties": { "GEOIDFQ": "1400000US20131480100", "NAME": "4801", "NAMELSAD": "Census Tract 4801" }, "geometry": { "type": "Polygon", "coordinates": [ [ [ -95.8827, 39.9718 ], [ -95.8826, 40.0005 ], [ -95.7881, 40.0005 ], [ -95.7889, 39.7763 ], [ -95.8268, 39.7764 ], [ -95.8267, 39.7836 ], [ -95.9016, 39.7834 ], [ -95.902, 39.9715 ], [ -95.8827, 39.9718 ] ] ] } },
{ "type": "Feature", "properties": { "GEOIDFQ": "1400000US20131480300", "NAME": "4803", "NAMELSAD": "Census Tract 4803" }, "geometry": { "type": "Polygon", "coordinates": [ [ [ -96.2396, 39.7837 ], [ -95.8267, 39.7836 ], [ -95.8268, 39.7764 ], [ -95.7889, 39.7763 ], [ -95.7891, 39.5659 ], [ -96.239, 39.5662 ], [ -96.2396, 39.7837 ] ] ] } },
{ "type": "Feature", "properties": { "GEOIDFQ": "1400000US20131480200", "NAME": "4802", "NAMELSAD": "Census Tract 4802" }, "geometry": { "type": "Polygon", "coordinates": [ [ [ -96.2392, 40.0009 ], [ -95.8826, 40.0005 ], [ -95.8827, 39.9718 ], [ -95.902, 39.9715 ], [ -95.9016, 39.7834 ], [ -96.2396, 39.7848 ], [ -96.2392, 40.0009 ] ] ] } },
{ "type": "Feature", "properties": { "GEOIDFQ": "1400000US20173003800", "NAME": "38", "NAMELSAD": "Census Tract 38" }, "geometry": { "type": "Polygon", "coordinates": [ [ [ -97.2988, 37.6718 ], [ -97.2988, 37.6609 ], [ -97.3171, 37.6572 ], [ -97.3172, 37.6699 ], [ -97.2988, 37.6718 ] ] ] } },
{ "type": "Feature", "properties": { "GEOIDFQ": "1400000US20173003900", "NAME": "39", "NAMELSAD": "Census Tract 39" }, "geometry": { "type": "Polygon", "coordinates": [ [ [ -97.3172, 37.6608 ], [ -97.3171, 37.646 ], [ -97.3311, 37.6424 ], [ -97.3316, 37.658 ], [ -97.3172, 37.6608 ] ] ] } },
{ "type": "Feature", "properties": { "GEOIDFQ": "1400000US20173004000", "NAME": "40", "NAMELSAD": "Census Tract 40" }, "geometry": { "type": "Polygon", "coordinates": [ [ [ -97.3462, 37.6645 ], [ -97.3469, 37.6606 ], [ -97.3316, 37.6607 ], [ -97.3315, 37.641 ], [ -97.3488, 37.657 ], [ -97.3462, 37.6645 ] ] ] } },
{ "type": "Feature", "properties": { "GEOIDFQ": "1400000US20173005100", "NAME": "51", "NAMELSAD": "Census Tract 51" }, "geometry": { "type": "Polygon", "coordinates": [ [ [ -97.3462, 37.6645 ], [ -97.3467, 37.6516 ], [ -97.3355, 37.6448 ], [ -97.3341, 37.6169 ], [ -97.3525, 37.6278 ], [ -97.3528, 37.666 ], [ -97.3462, 37.6645 ] ] ] } },
{ "type": "Feature", "properties": { "GEOIDFQ": "1400000US20173005200", "NAME": "52", "NAMELSAD": "Census Tract 52" }, "geometry": { "type": "Polygon", "coordinates": [ [ [ -97.3527, 37.6588 ], [ -97.3617, 37.6442 ], [ -97.3708, 37.6441 ], [ -97.371, 37.6587 ], [ -97.3527, 37.6588 ] ] ] } },
{ "type": "Feature", "properties": { "GEOIDFQ": "1400000US20091052612", "NAME": "526.12", "NAMELSAD": "Census Tract 526.12" }, "geometry": { "type": "Polygon", "coordinates": [ [ [ -94.8395, 39.0435 ], [ -94.8394, 39.029 ], [ -94.8528, 39.029 ], [ -94.8572, 39.0437 ], [ -94.8395, 39.0435 ] ] ] } },
{ "type": "Feature", "properties": { "GEOIDFQ": "1400000US20091052610", "NAME": "526.10", "NAMELSAD": "Census Tract 526.10" }, "geometry": { "type": "Polygon", "coordinates": [ [ [ -94.8438, 39.0612 ], [ -94.8033, 39.0435 ], [ -94.7915, 39.0436 ], [ -94.8132, 39.0367 ], [ -94.819, 39.0295 ], [ -94.8394, 39.029 ], [ -94.8395, 39.0435 ], [ -94.8574, 39.0436 ], [ -94.8717, 39.0593 ], [ -94.8438, 39.0612 ] ] ] } },
{ "type": "Feature", "properties": { "GEOIDFQ": "1400000US20091052608", "NAME": "526.08", "NAMELSAD": "Census Tract 526.08" }, "geometry": { "type": "Polygon", "coordinates": [ [ [ -94.8163, 38.9853 ], [ -94.8161, 38.9418 ], [ -94.8526, 38.9411 ], [ -94.8542, 38.978 ], [ -94.8163, 38.9853 ] ] ] } },
{ "type": "Feature", "properties": { "GEOIDFQ": "1400000US20091980100", "NAME": "9801", "NAMELSAD": "Census Tract 9801" }, "geometry": { "type": "Polygon", "coordinates": [ [ [ -94.7136, 38.9711 ], [ -94.7149, 38.9566 ], [ -94.7236, 38.9565 ], [ -94.7236, 38.9663 ], [ -94.7136, 38.9711 ] ] ] } },
{ "type": "Feature", "properties": { "GEOIDFQ": "1400000US20091051912", "NAME": "519.12", "NAMELSAD": "Census Tract 519.12" }, "geometry": { "type": "Polygon", "coordinates": [ [ [ -94.7003, 38.9712 ], [ -94.705, 38.9566 ], [ -94.7129, 38.9618 ], [ -94.7136, 38.9711 ], [ -94.7003, 38.9712 ] ] ] } },
{ "type": "Feature", "properties": { "GEOIDFQ": "1400000US20091051808", "NAME": "518.08", "NAMELSAD": "Census Tract 518.08" }, "geometry": { "type": "Polygon", "coordinates": [ [ [ -94.6583, 38.9713 ], [ -94.6583, 38.9567 ], [ -94.6676, 38.9567 ], [ -94.6677, 38.9713 ], [ -94.6583, 38.9713 ] ] ] } },
{ "type": "Feature", "properties": { "GEOIDFQ": "1400000US20091051807", "NAME": "518.07", "NAMELSAD": "Census Tract 518.07" }, "geometry": { "type": "Polygon", "coordinates": [ [ [ -94.6677, 38.9785 ], [ -94.649, 38.9786 ], [ -94.649, 38.9568 ], [ -94.6583, 38.9567 ], [ -94.6583, 38.9713 ], [ -94.6677, 38.9713 ], [ -94.6677, 38.9785 ] ] ] } },
{ "type": "Feature", "properties": { "GEOIDFQ": "1400000US20091051910", "NAME": "519.10", "NAMELSAD": "Census Tract 519.10" }, "geometry": { "type": "Polygon", "coordinates": [ [ [ -94.6957, 38.9857 ], [ -94.6957, 38.9785 ], [ -94.705, 38.9784 ], [ -94.6957, 38.9857 ] ] ] } },
{ "type": "Feature", "properties": { "GEOIDFQ": "1400000US20091052805", "NAME": "528.05", "NAMELSAD": "Census Tract 528.05" }, "geometry": { "type": "Polygon", "coordinates": [ [ [ -94.9127, 38.9292 ], [ -94.907, 38.934 ], [ -94.8849, 38.9127 ], [ -94.8523, 38.9127 ], [ -94.8345, 38.8981 ], [ -94.8345, 38.8837 ], [ -94.9089, 38.8837 ], [ -94.9087, 38.9237 ], [ -94.9146, 38.9246 ], [ -94.9127, 38.9292 ] ] ] } },
{ "type": "Feature", "properties": { "GEOIDFQ": "1400000US20091053604", "NAME": "536.04", "NAMELSAD": "Census Tract 536.04" }, "geometry": { "type": "Polygon", "coordinates": [ [ [ -94.8532, 38.8837 ], [ -94.8345, 38.8837 ], [ -94.8344, 38.8691 ], [ -94.8533, 38.8717 ], [ -94.8532, 38.8837 ] ] ] } },
{ "type": "Feature", "properties": { "GEOIDFQ": "1400000US20091053012", "NAME": "530.12", "NAMELSAD": "Census Tract 530.12" }, "geometry": { "type": "Polygon", "coordinates": [ [ [ -94.7236, 38.9351 ], [ -94.7138, 38.9351 ], [ -94.7137, 38.915 ], [ -94.7237, 38.9133 ], [ -94.7236, 38.9351 ] ] ] } },
{ "type": "Feature", "properties": { "GEOIDFQ": "1400000US20091052611", "NAME": "526.11", "NAMELSAD": "Census Tract 526.11" }, "geometry": { "type": "Polygon", "coordinates": [ [ [ -94.8542, 39.0071 ], [ -94.821, 39.0092 ], [ -94.8208, 38.9816 ], [ -94.8542, 38.9785 ], [ -94.8542, 39.0071 ] ] ] } },
{ "type": "Feature", "properties": { "GEOIDFQ": "1400000US20091053560", "NAME": "535.60", "NAMELSAD": "Census Tract 535.60" }, "geometry": { "type": "Polygon", "coordinates": [ [ [ -94.7796, 38.8402 ], [ -94.7612, 38.8403 ], [ -94.7612, 38.8257 ], [ -94.7548, 38.8257 ], [ -94.7612, 38.8225 ], [ -94.761, 38.8111 ], [ -94.7796, 38.8111 ], [ -94.7796, 38.8402 ] ] ] } },
{ "type": "Feature", "properties": { "GEOIDFQ": "1400000US20091053425", "NAME": "534.25", "NAMELSAD": "Census Tract 534.25" }, "geometry": { "type": "Polygon", "coordinates": [ [ [ -94.7612, 38.8548 ], [ -94.733, 38.8548 ], [ -94.7364, 38.8402 ], [ -94.7424, 38.8402 ], [ -94.7424, 38.811 ], [ -94.761, 38.8111 ], [ -94.7612, 38.8225 ], [ -94.7548, 38.8257 ], [ -94.7612, 38.8265 ], [ -94.7612, 38.8548 ] ] ] } },
{ "type": "Feature", "properties": { "GEOIDFQ": "1400000US20091052806", "NAME": "528.06", "NAMELSAD": "Census Tract 528.06" }, "geometry": { "type": "Polygon", "coordinates": [ [ [ -94.816, 38.9127 ], [ -94.8184, 38.8982 ], [ -94.8385, 38.8971 ], [ -94.8521, 38.9127 ], [ -94.816, 38.9127 ] ] ] } },
{ "type": "Feature", "properties": { "GEOIDFQ": "1400000US20091053431", "NAME": "534.31", "NAMELSAD": "Census Tract 534.31" }, "geometry": { "type": "Polygon", "coordinates": [ [ [ -94.6305, 38.8548 ], [ -94.608, 38.855 ], [ -94.6077, 38.8258 ], [ -94.6315, 38.8288 ], [ -94.6305, 38.8548 ] ] ] } },
{ "type": "Feature", "properties": { "GEOIDFQ": "1400000US20091980004", "NAME": "9800.04", "NAMELSAD": "Census Tract 9800.04" }, "geometry": { "type": "Polygon", "coordinates": [ [ [ -94.7052, 38.9856 ], [ -94.705, 38.9856 ], [ -94.705, 38.9747 ], [ -94.7189, 38.9713 ], [ -94.7052, 38.9856 ] ] ] } },
{ "type": "Feature", "properties": { "GEOIDFQ": "1400000US20209043400", "NAME": "434", "NAMELSAD": "Census Tract 434" }, "geometry": { "type": "Polygon", "coordinates": [ [ [ -94.6677, 39.0623 ], [ -94.6469, 39.0624 ], [ -94.6439, 39.044 ], [ -94.6689, 39.0441 ], [ -94.6677, 39.0623 ] ] ] } },
{ "type": "Feature", "properties": { "GEOIDFQ": "1400000US20091052005", "NAME": "520.05", "NAMELSAD": "Census Tract 520.05" }, "geometry": { "type": "Polygon", "coordinates": [ [ [ -94.7146, 39.0148 ], [ -94.7144, 38.9929 ], [ -94.7237, 38.9928 ], [ -94.7239, 39.0148 ], [ -94.7146, 39.0148 ] ] ] } },
{ "type": "Feature", "properties": { "GEOIDFQ": "1400000US20091052006", "NAME": "520.06", "NAMELSAD": "Census Tract 520.06" }, "geometry": { "type": "Polygon", "coordinates": [ [ [ -94.7052, 39.0148 ], [ -94.7051, 38.993 ], [ -94.7144, 38.9929 ], [ -94.7146, 39.0148 ], [ -94.7052, 39.0148 ] ] ] } },
{ "type": "Feature", "properties": { "GEOIDFQ": "1400000US20209042700", "NAME": "427", "NAMELSAD": "Census Tract 427" }, "geometry": { "type": "Polygon", "coordinates": [ [ [ -94.6659, 39.0765 ], [ -94.6677, 39.0623 ], [ -94.6745, 39.0587 ], [ -94.6792, 39.0586 ], [ -94.6804, 39.0807 ], [ -94.6659, 39.0765 ] ] ] } },
{ "type": "Feature", "properties": { "GEOIDFQ": "1400000US20209042800", "NAME": "428", "NAMELSAD": "Census Tract 428" }, "geometry": { "type": "Polygon", "coordinates": [ [ [ -94.6503, 39.0741 ], [ -94.6468, 39.0623 ], [ -94.6677, 39.0623 ], [ -94.6681, 39.0787 ], [ -94.6503, 39.0741 ] ] ] } },
{ "type": "Feature", "properties": { "GEOIDFQ": "1400000US20209043301", "NAME": "433.01", "NAMELSAD": "Census Tract 433.01" }, "geometry": { "type": "Polygon", "coordinates": [ [ [ -94.6281, 39.0587 ], [ -94.6238, 39.0587 ], [ -94.6212, 39.0441 ], [ -94.6463, 39.0477 ], [ -94.6281, 39.0587 ] ] ] } },
{ "type": "Feature", "properties": { "GEOIDFQ": "1400000US20177002401", "NAME": "24.01", "NAMELSAD": "Census Tract 24.01" }, "geometry": { "type": "Polygon", "coordinates": [ [ [ -95.7708, 39.0707 ], [ -95.7244, 39.0718 ], [ -95.7247, 39.044 ], [ -95.7432, 39.0438 ], [ -95.7432, 39.0603 ], [ -95.7618, 39.0538 ], [ -95.7617, 39.0437 ], [ -95.7802, 39.0434 ], [ -95.7803, 39.0623 ], [ -95.7708, 39.0707 ] ] ] } },
{ "type": "Feature", "properties": { "GEOIDFQ": "1400000US20177002402", "NAME": "24.02", "NAMELSAD": "Census Tract 24.02" }, "geometry": { "type": "Polygon", "coordinates": [ [ [ -95.7432, 39.0603 ], [ -95.7432, 39.0438 ], [ -95.7617, 39.0437 ], [ -95.7618, 39.0538 ], [ -95.7432, 39.0603 ] ] ] } },
{ "type": "Feature", "properties": { "GEOIDFQ": "1400000US20091053428", "NAME": "534.28", "NAMELSAD": "Census Tract 534.28" }, "geometry": { "type": "Polygon", "coordinates": [ [ [ -94.705, 38.8547 ], [ -94.6864, 38.8546 ], [ -94.6864, 38.8255 ], [ -94.7052, 38.8268 ], [ -94.705, 38.8547 ] ] ] } },
{ "type": "Feature", "properties": { "GEOIDFQ": "1400000US20045000201", "NAME": "2.01", "NAMELSAD": "Census Tract 2.01" }, "geometry": { "type": "Polygon", "coordinates": [ [ [ -95.1987, 38.9664 ], [ -95.2037, 38.9577 ], [ -95.1768, 38.95 ], [ -95.1768, 38.94 ], [ -95.2142, 38.9427 ], [ -95.2138, 38.957 ], [ -95.2235, 38.957 ], [ -95.2261, 38.9687 ], [ -95.2361, 38.9738 ], [ -95.1987, 38.9664 ] ] ] } },
{ "type": "Feature", "properties": { "GEOIDFQ": "1400000US20045000903", "NAME": "9.03", "NAMELSAD": "Census Tract 9.03" }, "geometry": { "type": "Polygon", "coordinates": [ [ [ -95.2605, 38.95 ], [ -95.2418, 38.9501 ], [ -95.2418, 38.9428 ], [ -95.2605, 38.9454 ], [ -95.2605, 38.95 ] ] ] } },
{ "type": "Feature", "properties": { "GEOIDFQ": "1400000US20045000904", "NAME": "9.04", "NAMELSAD": "Census Tract 9.04" }, "geometry": { "type": "Polygon", "coordinates": [ [ [ -95.2605, 38.9427 ], [ -95.2418, 38.9428 ], [ -95.2418, 38.9356 ], [ -95.2605, 38.9359 ], [ -95.2605, 38.9427 ] ] ] } },
{ "type": "Feature", "properties": { "GEOIDFQ": "1400000US20045000202", "NAME": "2.02", "NAMELSAD": "Census Tract 2.02" }, "geometry": { "type": "Polygon", "coordinates": [ [ [ -95.2261, 38.9687 ], [ -95.2235, 38.957 ], [ -95.2138, 38.957 ], [ -95.2142, 38.95 ], [ -95.2359, 38.9501 ], [ -95.2361, 38.9735 ], [ -95.2261, 38.9687 ] ] ] } },
{ "type": "Feature", "properties": { "GEOIDFQ": "1400000US20051072801", "NAME": "728.01", "NAMELSAD": "Census Tract 728.01" }, "geometry": { "type": "Polygon", "coordinates": [ [ [ -99.3361, 38.8999 ], [ -99.3216, 38.8997 ], [ -99.3178, 38.8762 ], [ -99.3363, 38.8814 ], [ -99.3361, 38.8999 ] ] ] } },
{ "type": "Feature", "properties": { "GEOIDFQ": "1400000US20051072802", "NAME": "728.02", "NAMELSAD": "Census Tract 728.02" }, "geometry": { "type": "Polygon", "coordinates": [ [ [ -99.3911, 38.9435 ], [ -99.3172, 38.9435 ], [ -99.3178, 38.8972 ], [ -99.3361, 38.8999 ], [ -99.3373, 38.8741 ], [ -99.3546, 38.8825 ], [ -99.3553, 38.8636 ], [ -99.392, 38.8564 ], [ -99.3911, 38.9435 ] ] ] } },
{ "type": "Feature", "properties": { "GEOIDFQ": "1400000US20051072902", "NAME": "729.02", "NAMELSAD": "Census Tract 729.02" }, "geometry": { "type": "Polygon", "coordinates": [ [ [ -99.392, 38.8564 ], [ -99.3553, 38.8636 ], [ -99.3546, 38.8825 ], [ -99.318, 38.866 ], [ -99.3188, 38.813 ], [ -99.3925, 38.8128 ], [ -99.392, 38.8564 ] ] ] } },
{ "type": "Feature", "properties": { "GEOIDFQ": "1400000US20051072901", "NAME": "729.01", "NAMELSAD": "Census Tract 729.01" }, "geometry": { "type": "Polygon", "coordinates": [ [ [ -99.3364, 38.8809 ], [ -99.3178, 38.8762 ], [ -99.318, 38.866 ], [ -99.3371, 38.8742 ], [ -99.3364, 38.8809 ] ] ] } },
{ "type": "Feature", "properties": { "GEOIDFQ": "1400000US20103071600", "NAME": "716", "NAMELSAD": "Census Tract 716" }, "geometry": { "type": "Polygon", "coordinates": [ [ [ -95.1801, 39.1289 ], [ -95.1804, 39.2016 ], [ -95.0427, 39.2013 ], [ -95.0497, 39.1878 ], [ -95.041, 39.1818 ], [ -95.0477, 39.1798 ], [ -95.0493, 39.1679 ], [ -95.0422, 39.1545 ], [ -95.0283, 39.1557 ], [ -95.0183, 39.146 ], [ -95.0269, 39.1432 ], [ -95.027, 39.1289 ], [ -95.1215, 39.1239 ], [ -95.1168, 39.1021 ], [ -95.1318, 39.073 ], [ -95.1876, 39.0731 ], [ -95.188, 39.1289 ], [ -95.1801, 39.1289 ] ] ] } },
{ "type": "Feature", "properties": { "GEOIDFQ": "1400000US20103071202", "NAME": "712.02", "NAMELSAD": "Census Tract 712.02" }, "geometry": { "type": "Polygon", "coordinates": [ [ [ -95.0242, 39.068 ], [ -95.034, 39.0788 ], [ -95.0267, 39.0763 ], [ -95.0288, 39.0808 ], [ -95.02, 39.0861 ], [ -95.0266, 39.09 ], [ -95.0256, 39.099 ], [ -95.0111, 39.1163 ], [ -94.9085, 39.116 ], [ -94.9088, 39.0579 ], [ -95.0534, 39.0585 ], [ -95.0242, 39.068 ] ] ] } },
{ "type": "Feature", "properties": { "GEOIDFQ": "1400000US20103071800", "NAME": "718", "NAMELSAD": "Census Tract 718" }, "geometry": { "type": "Polygon", "coordinates": [ [ [ -95.1215, 39.0846 ], [ -95.1168, 39.1021 ], [ -95.1215, 39.1239 ], [ -95.0274, 39.1287 ], [ -95.0269, 39.1432 ], [ -95.0155, 39.1388 ], [ -95.0203, 39.1323 ], [ -95.0099, 39.1299 ], [ -95.0196, 39.1255 ], [ -95.0112, 39.1221 ], [ -95.0111, 39.1113 ], [ -95.0255, 39.0992 ], [ -95.0266, 39.09 ], [ -95.0199, 39.0864 ], [ -95.0288, 39.0808 ], [ -95.0262, 39.0768 ], [ -95.034, 39.0788 ], [ -95.0242, 39.068 ], [ -95.0921, 39.0445 ], [ -95.1311, 39.0227 ], [ -95.1312, 39.0295 ], [ -95.1214, 39.0295 ], [ -95.1203, 39.0512 ], [ -95.1314, 39.0526 ], [ -95.1319, 39.0805 ], [ -95.1215, 39.0846 ] ] ] } },
{ "type": "Feature", "properties": { "GEOIDFQ": "1400000US20173010116", "NAME": "101.16", "NAMELSAD": "Census Tract 101.16" }, "geometry": { "type": "Polygon", "coordinates": [ [ [ -97.2632, 37.9123 ], [ -97.1525, 37.9127 ], [ -97.1529, 37.7233 ], [ -97.1713, 37.7232 ], [ -97.1713, 37.7305 ], [ -97.2263, 37.7304 ], [ -97.2265, 37.7726 ], [ -97.2447, 37.7643 ], [ -97.2449, 37.7742 ], [ -97.2357, 37.7742 ], [ -97.2359, 37.7814 ], [ -97.2625, 37.7814 ], [ -97.2632, 37.9123 ] ] ] } },
{ "type": "Feature", "properties": { "GEOIDFQ": "1400000US20173009604", "NAME": "96.04", "NAMELSAD": "Census Tract 96.04" }, "geometry": { "type": "Polygon", "coordinates": [ [ [ -97.5148, 37.5481 ], [ -97.4794, 37.5484 ], [ -97.4781, 37.4758 ], [ -97.5147, 37.4756 ], [ -97.5148, 37.5481 ] ] ] } },
{ "type": "Feature", "properties": { "GEOIDFQ": "1400000US20161000304", "NAME": "3.04", "NAMELSAD": "Census Tract 3.04" }, "geometry": { "type": "Polygon", "coordinates": [ [ [ -96.5982, 39.2039 ], [ -96.5981, 39.193 ], [ -96.5855, 39.191 ], [ -96.5854, 39.186 ], [ -96.6117, 39.1897 ], [ -96.6159, 39.2036 ], [ -96.5982, 39.2039 ] ] ] } },
{ "type": "Feature", "properties": { "GEOIDFQ": "1400000US20161000303", "NAME": "3.03", "NAMELSAD": "Census Tract 3.03" }, "geometry": { "type": "Polygon", "coordinates": [ [ [ -96.5953, 39.1966 ], [ -96.5855, 39.197 ], [ -96.5855, 39.191 ], [ -96.596, 39.1919 ], [ -96.5953, 39.1966 ] ] ] } },
{ "type": "Feature", "properties": { "GEOIDFQ": "1400000US20177003402", "NAME": "34.02", "NAMELSAD": "Census Tract 34.02" }, "geometry": { "type": "Polygon", "coordinates": [ [ [ -95.7302, 39.2165 ], [ -95.6657, 39.216 ], [ -95.6638, 39.1366 ], [ -95.6918, 39.1367 ], [ -95.6918, 39.1506 ], [ -95.7001, 39.149 ], [ -95.7017, 39.1293 ], [ -95.7309, 39.1295 ], [ -95.7302, 39.2165 ] ] ] } },
{ "type": "Feature", "properties": { "GEOIDFQ": "1400000US20177003401", "NAME": "34.01", "NAMELSAD": "Census Tract 34.01" }, "geometry": { "type": "Polygon", "coordinates": [ [ [ -95.7309, 39.1295 ], [ -95.7017, 39.1293 ], [ -95.7001, 39.149 ], [ -95.6918, 39.1506 ], [ -95.6918, 39.1367 ], [ -95.6638, 39.1366 ], [ -95.6646, 39.0977 ], [ -95.7049, 39.1053 ], [ -95.7062, 39.0947 ], [ -95.7308, 39.0947 ], [ -95.7309, 39.1295 ] ] ] } },
{ "type": "Feature", "properties": { "GEOIDFQ": "1400000US20177003701", "NAME": "37.01", "NAMELSAD": "Census Tract 37.01" }, "geometry": { "type": "Polygon", "coordinates": [ [ [ -95.7118, 39.0006 ], [ -95.6877, 38.9917 ], [ -95.6705, 38.9948 ], [ -95.6701, 38.9716 ], [ -95.6876, 38.9716 ], [ -95.6876, 38.9788 ], [ -95.7296, 38.9785 ], [ -95.7302, 39.0003 ], [ -95.7118, 39.0006 ] ] ] } },
{ "type": "Feature", "properties": { "GEOIDFQ": "1400000US20177003702", "NAME": "37.02", "NAMELSAD": "Census Tract 37.02" }, "geometry": { "type": "Polygon", "coordinates": [ [ [ -95.7235, 38.9788 ], [ -95.6876, 38.9788 ], [ -95.6876, 38.9716 ], [ -95.6701, 38.9716 ], [ -95.6704, 38.9861 ], [ -95.6329, 38.9862 ], [ -95.6327, 38.9571 ], [ -95.6463, 38.9571 ], [ -95.6409, 38.9417 ], [ -95.6325, 38.9386 ], [ -95.6324, 38.9281 ], [ -95.7246, 38.928 ], [ -95.7235, 38.9788 ] ] ] } },
{ "type": "Feature", "properties": { "GEOIDFQ": "1400000US20091053558", "NAME": "535.58", "NAMELSAD": "Census Tract 535.58" }, "geometry": { "type": "Polygon", "coordinates": [ [ [ -94.8159, 38.84 ], [ -94.7973, 38.8401 ], [ -94.7973, 38.811 ], [ -94.8215, 38.8111 ], [ -94.8159, 38.84 ] ] ] } },
{ "type": "Feature", "properties": { "GEOIDFQ": "1400000US20091980005", "NAME": "9800.05", "NAMELSAD": "Census Tract 9800.05" }, "geometry": { "type": "Polygon", "coordinates": [ [ [ -94.7051, 38.9882 ], [ -94.7187, 38.9711 ], [ -94.7236, 38.9711 ], [ -94.7179, 38.9807 ], [ -94.7237, 38.9856 ], [ -94.7051, 38.9882 ] ] ] } },
{ "type": "Feature", "properties": { "GEOIDFQ": "1400000US20091052423", "NAME": "524.23", "NAMELSAD": "Census Tract 524.23" }, "geometry": { "type": "Polygon", "coordinates": [ [ [ -94.7323, 38.9572 ], [ -94.7236, 38.9663 ], [ -94.7236, 38.9494 ], [ -94.7389, 38.9496 ], [ -94.7323, 38.9572 ] ] ] } },
{ "type": "Feature", "properties": { "GEOIDFQ": "1400000US20103071104", "NAME": "711.04", "NAMELSAD": "Census Tract 711.04" }, "geometry": { "type": "Polygon", "coordinates": [ [ [ -94.9564, 39.2305 ], [ -94.9423, 39.2306 ], [ -94.9351, 39.2376 ], [ -94.9003, 39.2379 ], [ -94.9005, 39.2015 ], [ -94.9565, 39.2012 ], [ -94.9564, 39.2305 ] ] ] } },
{ "type": "Feature", "properties": { "GEOIDFQ": "1400000US20103071205", "NAME": "712.05", "NAMELSAD": "Census Tract 712.05" }, "geometry": { "type": "Polygon", "coordinates": [ [ [ -95.0427, 39.2013 ], [ -94.9005, 39.2015 ], [ -94.9009, 39.1432 ], [ -94.9197, 39.1432 ], [ -94.9196, 39.1577 ], [ -94.9568, 39.1577 ], [ -94.9573, 39.1286 ], [ -94.9641, 39.1286 ], [ -94.9643, 39.1164 ], [ -95.0111, 39.1163 ], [ -95.0128, 39.1247 ], [ -95.0196, 39.1255 ], [ -95.0099, 39.1299 ], [ -95.0203, 39.1323 ], [ -95.0146, 39.1367 ], [ -95.0216, 39.1404 ], [ -95.0183, 39.146 ], [ -95.0283, 39.1557 ], [ -95.0422, 39.1545 ], [ -95.0479, 39.1637 ], [ -95.0477, 39.1798 ], [ -95.041, 39.1822 ], [ -95.0497, 39.1884 ], [ -95.0427, 39.2013 ] ] ] } },
{ "type": "Feature", "properties": { "GEOIDFQ": "1400000US20103071204", "NAME": "712.04", "NAMELSAD": "Census Tract 712.04" }, "geometry": { "type": "Polygon", "coordinates": [ [ [ -94.9641, 39.1286 ], [ -94.9573, 39.1286 ], [ -94.9568, 39.1577 ], [ -94.9196, 39.1577 ], [ -94.9197, 39.1432 ], [ -94.9009, 39.1432 ], [ -94.9085, 39.116 ], [ -94.9643, 39.1181 ], [ -94.9641, 39.1286 ] ] ] } },
{ "type": "Feature", "properties": { "GEOIDFQ": "1400000US20103071105", "NAME": "711.05", "NAMELSAD": "Census Tract 711.05" }, "geometry": { "type": "Polygon", "coordinates": [ [ [ -94.9563, 39.252 ], [ -94.9469, 39.2668 ], [ -94.8998, 39.267 ], [ -94.9003, 39.2379 ], [ -94.9564, 39.2322 ], [ -94.9563, 39.252 ] ] ] } },
{ "type": "Feature", "properties": { "GEOIDFQ": "1400000US20103071103", "NAME": "711.03", "NAMELSAD": "Census Tract 711.03" }, "geometry": { "type": "Polygon", "coordinates": [ [ [ -94.9482, 39.2885 ], [ -94.9372, 39.2886 ], [ -94.9336, 39.2793 ], [ -94.9185, 39.2841 ], [ -94.9186, 39.2668 ], [ -94.9688, 39.2669 ], [ -94.9482, 39.2885 ] ] ] } },
{ "type": "Feature", "properties": { "GEOIDFQ": "1400000US20091052701", "NAME": "527.01", "NAMELSAD": "Census Tract 527.01" }, "geometry": { "type": "Polygon", "coordinates": [ [ [ -95.0563, 38.9821 ], [ -95.0333, 38.9755 ], [ -95.0211, 39.0 ], [ -94.9804, 38.9924 ], [ -94.9623, 38.9819 ], [ -94.9444, 38.9864 ], [ -94.9299, 39.002 ], [ -94.917, 38.9989 ], [ -94.9201, 38.9837 ], [ -94.9088, 38.9914 ], [ -94.9087, 38.9527 ], [ -94.9338, 38.9601 ], [ -95.0111, 38.9615 ], [ -95.0373, 38.9447 ], [ -95.0562, 38.9429 ], [ -95.0563, 38.9821 ] ] ] } },
{ "type": "Feature", "properties": { "GEOIDFQ": "1400000US20091053013", "NAME": "530.13", "NAMELSAD": "Census Tract 530.13" }, "geometry": { "type": "Polygon", "coordinates": [ [ [ -94.7137, 38.915 ], [ -94.7138, 38.9351 ], [ -94.7047, 38.9349 ], [ -94.7051, 38.9128 ], [ -94.72, 38.9134 ], [ -94.7137, 38.915 ] ] ] } },
{ "type": "Feature", "properties": { "GEOIDFQ": "1400000US20091053430", "NAME": "534.30", "NAMELSAD": "Census Tract 534.30" }, "geometry": { "type": "Polygon", "coordinates": [ [ [ -94.6491, 38.8547 ], [ -94.6305, 38.8548 ], [ -94.6307, 38.8257 ], [ -94.6492, 38.8256 ], [ -94.6491, 38.8547 ] ] ] } },
{ "type": "Feature", "properties": { "GEOIDFQ": "1400000US20091052422", "NAME": "524.22", "NAMELSAD": "Census Tract 524.22" }, "geometry": { "type": "Polygon", "coordinates": [ [ [ -94.7389, 38.9496 ], [ -94.7236, 38.9494 ], [ -94.7236, 38.9351 ], [ -94.7478, 38.9392 ], [ -94.7389, 38.9496 ] ] ] } },
{ "type": "Feature", "properties": { "GEOIDFQ": "1400000US20091053603", "NAME": "536.03", "NAMELSAD": "Census Tract 536.03" }, "geometry": { "type": "Polygon", "coordinates": [ [ [ -94.9089, 38.8837 ], [ -94.8532, 38.8837 ], [ -94.8529, 38.8691 ], [ -94.8005, 38.8677 ], [ -94.8158, 38.8553 ], [ -94.8184, 38.8134 ], [ -94.8714, 38.811 ], [ -94.8705, 38.8691 ], [ -94.9089, 38.8691 ], [ -94.9089, 38.8837 ] ] ] } },
{ "type": "Feature", "properties": { "GEOIDFQ": "1400000US20091053426", "NAME": "534.26", "NAMELSAD": "Census Tract 534.26" }, "geometry": { "type": "Polygon", "coordinates": [ [ [ -94.7609, 38.8691 ], [ -94.7144, 38.8655 ], [ -94.7191, 38.8618 ], [ -94.7144, 38.8547 ], [ -94.7612, 38.8557 ], [ -94.7609, 38.8691 ] ] ] } },
{ "type": "Feature", "properties": { "GEOIDFQ": "1400000US20007968200", "NAME": "9682", "NAMELSAD": "Census Tract 9682" }, "geometry": { "type": "Polygon", "coordinates": [ [ [ -99.0021, 37.2804 ], [ -98.755, 37.2824 ], [ -98.7272, 37.2754 ], [ -98.6454, 37.2756 ], [ -98.648, 37.2557 ], [ -98.6093, 37.2628 ], [ -98.6065, 37.2397 ], [ -98.5822, 37.2397 ], [ -98.5876, 37.2532 ], [ -98.5575, 37.2394 ], [ -98.5567, 37.2485 ], [ -98.5322, 37.2557 ], [ -98.5324, 37.2643 ], [ -98.5185, 37.2545 ], [ -98.4595, 37.2533 ], [ -98.4593, 37.239 ], [ -98.3488, 37.2391 ], [ -98.3471, 36.9982 ], [ -99.0003, 36.9995 ], [ -99.0021, 37.2804 ] ] ] } },
{ "type": "Feature", "properties": { "GEOIDFQ": "1400000US20007968100", "NAME": "9681", "NAMELSAD": "Census Tract 9681" }, "geometry": { "type": "Polygon", "coordinates": [ [ [ -98.4647, 37.471 ], [ -98.465, 37.3841 ], [ -98.3495, 37.384 ], [ -98.3488, 37.2391 ], [ -98.4593, 37.239 ], [ -98.4595, 37.2533 ], [ -98.5185, 37.2545 ], [ -98.5324, 37.2643 ], [ -98.5322, 37.2557 ], [ -98.5567, 37.2485 ], [ -98.5575, 37.2394 ], [ -98.5876, 37.2532 ], [ -98.5822, 37.2397 ], [ -98.6065, 37.2397 ], [ -98.6093, 37.2628 ], [ -98.648, 37.2557 ], [ -98.6454, 37.2756 ], [ -98.7272, 37.2754 ], [ -98.755, 37.2824 ], [ -99.0021, 37.2804 ], [ -99.0013, 37.3843 ], [ -99.0115, 37.3843 ], [ -99.0126, 37.4704 ], [ -98.4647, 37.471 ] ] ] } },
{ "type": "Feature", "properties": { "GEOIDFQ": "1400000US20091050700", "NAME": "507", "NAMELSAD": "Census Tract 507" }, "geometry": { "type": "Polygon", "coordinates": [ [ [ -94.649, 39.0161 ], [ -94.6259, 39.0297 ], [ -94.6301, 39.0044 ], [ -94.6491, 39.004 ], [ -94.649, 39.0161 ] ] ] } },
{ "type": "Feature", "properties": { "GEOIDFQ": "1400000US20091053427", "NAME": "534.27", "NAMELSAD": "Census Tract 534.27" }, "geometry": { "type": "Polygon", "coordinates": [ [ [ -94.733, 38.8548 ], [ -94.705, 38.8547 ], [ -94.7052, 38.8255 ], [ -94.7425, 38.827 ], [ -94.733, 38.8548 ] ] ] } },
{ "type": "Feature", "properties": { "GEOIDFQ": "1400000US20091053559", "NAME": "535.59", "NAMELSAD": "Census Tract 535.59" }, "geometry": { "type": "Polygon", "coordinates": [ [ [ -94.7973, 38.8401 ], [ -94.7796, 38.8402 ], [ -94.7796, 38.8111 ], [ -94.7973, 38.811 ], [ -94.7973, 38.8401 ] ] ] } },
{ "type": "Feature", "properties": { "GEOIDFQ": "1400000US20017960600", "NAME": "9606", "NAMELSAD": "Census Tract 9606" }, "geometry": { "type": "Polygon", "coordinates": [ [ [ -96.8377, 38.3486 ], [ -96.8195, 38.3485 ], [ -96.8195, 38.5224 ], [ -96.3538, 38.5217 ], [ -96.3581, 38.0858 ], [ -96.8408, 38.0856 ], [ -96.8377, 38.3486 ] ] ] } },
{ "type": "Feature", "properties": { "GEOIDFQ": "1400000US20037956800", "NAME": "9568", "NAMELSAD": "Census Tract 9568" }, "geometry": { "type": "Polygon", "coordinates": [ [ [ -94.8879, 37.5434 ], [ -94.7786, 37.5432 ], [ -94.7782, 37.4697 ], [ -94.8875, 37.4702 ], [ -94.8879, 37.5434 ] ] ] } },
{ "type": "Feature", "properties": { "GEOIDFQ": "1400000US20037956600", "NAME": "9566", "NAMELSAD": "Census Tract 9566" }, "geometry": { "type": "Polygon", "coordinates": [ [ [ -94.7773, 37.6299 ], [ -94.7404, 37.6301 ], [ -94.7398, 37.674 ], [ -94.6178, 37.6731 ], [ -94.6212, 37.4987 ], [ -94.7789, 37.4991 ], [ -94.7773, 37.6299 ] ] ] } },
{ "type": "Feature", "properties": { "GEOIDFQ": "1400000US20037956900", "NAME": "9569", "NAMELSAD": "Census Tract 9569" }, "geometry": { "type": "Polygon", "coordinates": [ [ [ -94.7789, 37.4991 ], [ -94.6213, 37.4987 ], [ -94.6167, 37.5069 ], [ -94.6173, 37.44 ], [ -94.6498, 37.4365 ], [ -94.6859, 37.4443 ], [ -94.6902, 37.4403 ], [ -94.778, 37.4404 ], [ -94.7789, 37.4991 ] ] ] } },
{ "type": "Feature", "properties": { "GEOIDFQ": "1400000US20091051902", "NAME": "519.02", "NAMELSAD": "Census Tract 519.02" }, "geometry": { "type": "Polygon", "coordinates": [ [ [ -94.7003, 38.9712 ], [ -94.6863, 38.9712 ], [ -94.6863, 38.9567 ], [ -94.705, 38.9566 ], [ -94.7003, 38.9712 ] ] ] } },
{ "type": "Feature", "properties": { "GEOIDFQ": "1400000US20091051904", "NAME": "519.04", "NAMELSAD": "Census Tract 519.04" }, "geometry": { "type": "Polygon", "coordinates": [ [ [ -94.7236, 38.9565 ], [ -94.7149, 38.9566 ], [ -94.7136, 38.9638 ], [ -94.7056, 38.9531 ], [ -94.7047, 38.9349 ], [ -94.7236, 38.9353 ], [ -94.7236, 38.9565 ] ] ] } },
{ "type": "Feature", "properties": { "GEOIDFQ": "1400000US20083461100", "NAME": "4611", "NAMELSAD": "Census Tract 4611" }, "geometry": { "type": "Polygon", "coordinates": [ [ [ -99.5707, 38.2622 ], [ -99.5699, 37.913 ], [ -100.2271, 37.914 ], [ -100.2271, 38.2622 ], [ -99.5707, 38.2622 ] ] ] } },
{ "type": "Feature", "properties": { "GEOIDFQ": "1400000US20209980000", "NAME": "9800", "NAMELSAD": "Census Tract 9800" }, "geometry": { "type": "Polygon", "coordinates": [ [ [ -94.6087, 39.161 ], [ -94.5907, 39.1548 ], [ -94.5899, 39.139 ], [ -94.6074, 39.1134 ], [ -94.6163, 39.114 ], [ -94.6122, 39.1289 ], [ -94.6173, 39.1375 ], [ -94.6515, 39.1529 ], [ -94.6087, 39.161 ] ] ] } },
{ "type": "Feature", "properties": { "GEOIDFQ": "1400000US20209981200", "NAME": "9812", "NAMELSAD": "Census Tract 9812" }, "geometry": { "type": "Polygon", "coordinates": [ [ [ -94.6781, 39.1039 ], [ -94.626, 39.0928 ], [ -94.6259, 39.0875 ], [ -94.6446, 39.0892 ], [ -94.6484, 39.0798 ], [ -94.6247, 39.0753 ], [ -94.6467, 39.075 ], [ -94.6799, 39.1 ], [ -94.6781, 39.1039 ] ] ] } },
{ "type": "Feature", "properties": { "GEOIDFQ": "1400000US20209044101", "NAME": "441.01", "NAMELSAD": "Census Tract 441.01" }, "geometry": { "type": "Polygon", "coordinates": [ [ [ -94.7431, 39.1167 ], [ -94.7394, 39.1063 ], [ -94.7605, 39.1052 ], [ -94.7605, 39.1164 ], [ -94.7431, 39.1167 ] ] ] } },
{ "type": "Feature", "properties": { "GEOIDFQ": "1400000US20209981500", "NAME": "9815", "NAMELSAD": "Census Tract 9815" }, "geometry": { "type": "Polygon", "coordinates": [ [ [ -94.7024, 39.1025 ], [ -94.6889, 39.1027 ], [ -94.6541, 39.0845 ], [ -94.6503, 39.0741 ], [ -94.7157, 39.0883 ], [ -94.7024, 39.1025 ] ] ] } },
{ "type": "Feature", "properties": { "GEOIDFQ": "1400000US20209043000", "NAME": "430", "NAMELSAD": "Census Tract 430" }, "geometry": { "type": "Polygon", "coordinates": [ [ [ -94.6496, 39.0776 ], [ -94.6242, 39.0742 ], [ -94.6073, 39.0817 ], [ -94.6073, 39.0724 ], [ -94.6137, 39.0677 ], [ -94.6191, 39.0711 ], [ -94.6293, 39.0564 ], [ -94.6463, 39.0477 ], [ -94.6496, 39.0776 ] ] ] } },
{ "type": "Feature", "properties": { "GEOIDFQ": "1400000US20209040100", "NAME": "401", "NAMELSAD": "Census Tract 401" }, "geometry": { "type": "Polygon", "coordinates": [ [ [ -94.6573, 39.1466 ], [ -94.651, 39.1442 ], [ -94.6502, 39.1307 ], [ -94.6756, 39.1383 ], [ -94.6573, 39.1466 ] ] ] } },
{ "type": "Feature", "properties": { "GEOIDFQ": "1400000US20209980900", "NAME": "9809", "NAMELSAD": "Census Tract 9809" }, "geometry": { "type": "Polygon", "coordinates": [ [ [ -94.621, 39.1076 ], [ -94.6163, 39.114 ], [ -94.6073, 39.0817 ], [ -94.6242, 39.0742 ], [ -94.621, 39.1076 ] ] ] } },
{ "type": "Feature", "properties": { "GEOIDFQ": "1400000US20209980500", "NAME": "9805", "NAMELSAD": "Census Tract 9805" }, "geometry": { "type": "Polygon", "coordinates": [ [ [ -94.6074, 39.1134 ], [ -94.6072, 39.0897 ], [ -94.6156, 39.1026 ], [ -94.6178, 39.1098 ], [ -94.6074, 39.1134 ] ] ] } },
{ "type": "Feature", "properties": { "GEOIDFQ": "1400000US20209042900", "NAME": "429", "NAMELSAD": "Census Tract 429" }, "geometry": { "type": "Polygon", "coordinates": [ [ [ -94.6162, 39.1186 ], [ -94.6161, 39.1146 ], [ -94.6493, 39.1096 ], [ -94.6494, 39.1175 ], [ -94.6162, 39.1186 ] ] ] } },
{ "type": "Feature", "properties": { "GEOIDFQ": "1400000US20209041400", "NAME": "414", "NAMELSAD": "Census Tract 414" }, "geometry": { "type": "Polygon", "coordinates": [ [ [ -94.635, 39.1348 ], [ -94.6122, 39.1289 ], [ -94.6161, 39.1214 ], [ -94.6352, 39.129 ], [ -94.635, 39.1348 ] ] ] } },
{ "type": "Feature", "properties": { "GEOIDFQ": "1400000US20149000102", "NAME": "1.02", "NAMELSAD": "Census Tract 1.02" }, "geometry": { "type": "Polygon", "coordinates": [ [ [ -96.5206, 39.1979 ], [ -96.5181, 39.2043 ], [ -96.5256, 39.2096 ], [ -96.5164, 39.2184 ], [ -96.5013, 39.2184 ], [ -96.5012, 39.2257 ], [ -96.4639, 39.2256 ], [ -96.4639, 39.2329 ], [ -96.3708, 39.2317 ], [ -96.3707, 39.1991 ], [ -96.3797, 39.1955 ], [ -96.3799, 39.1818 ], [ -96.3945, 39.1769 ], [ -96.4125, 39.185 ], [ -96.456, 39.191 ], [ -96.4642, 39.1773 ], [ -96.4605, 39.1683 ], [ -96.4761, 39.1645 ], [ -96.4847, 39.1794 ], [ -96.495, 39.1679 ], [ -96.5169, 39.1713 ], [ -96.5173, 39.1877 ], [ -96.5553, 39.1794 ], [ -96.561, 39.1967 ], [ -96.5206, 39.1979 ] ] ] } },
{ "type": "Feature", "properties": { "GEOIDFQ": "1400000US20149000101", "NAME": "1.01", "NAMELSAD": "Census Tract 1.01" }, "geometry": { "type": "Polygon", "coordinates": [ [ [ -96.5587, 39.2761 ], [ -96.5562, 39.3031 ], [ -96.5419, 39.3218 ], [ -96.3431, 39.3188 ], [ -96.3432, 39.3333 ], [ -96.3149, 39.3334 ], [ -96.3151, 39.3771 ], [ -96.2211, 39.3769 ], [ -96.2215, 39.3092 ], [ -96.2307, 39.3065 ], [ -96.2312, 39.2142 ], [ -96.3056, 39.2172 ], [ -96.3144, 39.2317 ], [ -96.4639, 39.2329 ], [ -96.4639, 39.2256 ], [ -96.5012, 39.2257 ], [ -96.5013, 39.2184 ], [ -96.5164, 39.2184 ], [ -96.5256, 39.2096 ], [ -96.5391, 39.2148 ], [ -96.5455, 39.2083 ], [ -96.5615, 39.241 ], [ -96.5807, 39.2342 ], [ -96.5873, 39.2388 ], [ -96.5872, 39.2435 ], [ -96.572, 39.2451 ], [ -96.5725, 39.2521 ], [ -96.5788, 39.2563 ], [ -96.578, 39.2488 ], [ -96.5953, 39.2529 ], [ -96.5587, 39.2761 ] ] ] } },
{ "type": "Feature", "properties": { "GEOIDFQ": "1400000US20037957400", "NAME": "9574", "NAMELSAD": "Census Tract 9574" }, "geometry": { "type": "Polygon", "coordinates": [ [ [ -94.7108, 37.4111 ], [ -94.7095, 37.3965 ], [ -94.7191, 37.3967 ], [ -94.7248, 37.4085 ], [ -94.7108, 37.4111 ] ] ] } },
{ "type": "Feature", "properties": { "GEOIDFQ": "1400000US20037957100", "NAME": "9571", "NAMELSAD": "Census Tract 9571" }, "geometry": { "type": "Polygon", "coordinates": [ [ [ -94.6853, 37.4432 ], [ -94.6966, 37.4182 ], [ -94.7048, 37.4181 ], [ -94.705, 37.4404 ], [ -94.6853, 37.4432 ] ] ] } },
{ "type": "Feature", "properties": { "GEOIDFQ": "1400000US20037956700", "NAME": "9567", "NAMELSAD": "Census Tract 9567" }, "geometry": { "type": "Polygon", "coordinates": [ [ [ -95.088, 37.6745 ], [ -94.7398, 37.674 ], [ -94.7404, 37.6301 ], [ -94.7773, 37.6299 ], [ -94.7786, 37.5432 ], [ -94.8879, 37.5434 ], [ -94.8875, 37.4702 ], [ -94.7782, 37.4697 ], [ -94.7779, 37.3391 ], [ -95.0752, 37.3399 ], [ -95.075, 37.3838 ], [ -95.0882, 37.3838 ], [ -95.088, 37.6745 ] ] ] } },
{ "type": "Feature", "properties": { "GEOIDFQ": "1400000US20037957300", "NAME": "9573", "NAMELSAD": "Census Tract 9573" }, "geometry": { "type": "Polygon", "coordinates": [ [ [ -94.7781, 37.4113 ], [ -94.7238, 37.4112 ], [ -94.7191, 37.3967 ], [ -94.7049, 37.3964 ], [ -94.7054, 37.3386 ], [ -94.7779, 37.3391 ], [ -94.7781, 37.4113 ] ] ] } },
{ "type": "Feature", "properties": { "GEOIDFQ": "1400000US20091052910", "NAME": "529.10", "NAMELSAD": "Census Tract 529.10" }, "geometry": { "type": "Polygon", "coordinates": [ [ [ -94.7975, 38.9414 ], [ -94.7975, 38.9272 ], [ -94.7794, 38.9274 ], [ -94.7796, 38.9165 ], [ -94.768, 38.916 ], [ -94.8067, 38.9125 ], [ -94.8161, 38.9023 ], [ -94.8161, 38.9418 ], [ -94.7975, 38.9414 ] ] ] } },
{ "type": "Feature", "properties": { "GEOIDFQ": "1400000US20187964100", "NAME": "9641", "NAMELSAD": "Census Tract 9641" }, "geometry": { "type": "Polygon", "coordinates": [ [ [ -101.5271, 37.7363 ], [ -101.5258, 37.3884 ], [ -102.0416, 37.3892 ], [ -102.0422, 37.7385 ], [ -101.5271, 37.7363 ] ] ] } },
{ "type": "Feature", "properties": { "GEOIDFQ": "1400000US20159967300", "NAME": "9673", "NAMELSAD": "Census Tract 9673" }, "geometry": { "type": "Polygon", "coordinates": [ [ [ -98.2571, 38.3479 ], [ -98.257, 38.3044 ], [ -98.1816, 38.3034 ], [ -98.1466, 38.3041 ], [ -98.1465, 38.3476 ], [ -97.9244, 38.3479 ], [ -97.9221, 38.1737 ], [ -98.1423, 38.1739 ], [ -98.1422, 38.1595 ], [ -98.2159, 38.1588 ], [ -98.216, 38.1735 ], [ -98.4728, 38.1728 ], [ -98.4801, 38.3475 ], [ -98.2571, 38.3479 ] ] ] } },
{ "type": "Feature", "properties": { "GEOIDFQ": "1400000US20159967100", "NAME": "9671", "NAMELSAD": "Census Tract 9671" }, "geometry": { "type": "Polygon", "coordinates": [ [ [ -98.4804, 38.5218 ], [ -97.9243, 38.5228 ], [ -97.9244, 38.3479 ], [ -98.1465, 38.3476 ], [ -98.1462, 38.3912 ], [ -98.2567, 38.3915 ], [ -98.2571, 38.3479 ], [ -98.4801, 38.3475 ], [ -98.4804, 38.5218 ] ] ] } },
{ "type": "Feature", "properties": { "GEOIDFQ": "1400000US20189965100", "NAME": "9651", "NAMELSAD": "Census Tract 9651" }, "geometry": { "type": "Polygon", "coordinates": [ [ [ -101.5566, 37.3885 ], [ -101.0681, 37.3878 ], [ -101.0665, 36.9979 ], [ -101.5553, 36.9953 ], [ -101.5566, 37.3885 ] ], [ [ -101.393, 37.1411 ], [ -101.3026, 37.141 ], [ -101.3028, 37.2281 ], [ -101.3572, 37.2285 ], [ -101.3572, 37.199 ], [ -101.3932, 37.1975 ], [ -101.393, 37.1411 ] ] ] } },
{ "type": "Feature", "properties": { "GEOIDFQ": "1400000US20009971400", "NAME": "9714", "NAMELSAD": "Census Tract 9714" }, "geometry": { "type": "Polygon", "coordinates": [ [ [ -98.7562, 38.3908 ], [ -98.7561, 38.3674 ], [ -98.7743, 38.3686 ], [ -98.7748, 38.3908 ], [ -98.7562, 38.3908 ] ] ] } },
{ "type": "Feature", "properties": { "GEOIDFQ": "1400000US20009971500", "NAME": "9715", "NAMELSAD": "Census Tract 9715" }, "geometry": { "type": "Polygon", "coordinates": [ [ [ -98.8115, 38.3907 ], [ -98.7748, 38.3908 ], [ -98.7744, 38.3763 ], [ -98.7928, 38.3764 ], [ -98.7929, 38.3512 ], [ -98.8108, 38.3467 ], [ -98.8115, 38.3907 ] ] ] } },
{ "type": "Feature", "properties": { "GEOIDFQ": "1400000US20009971600", "NAME": "9716", "NAMELSAD": "Census Tract 9716" }, "geometry": { "type": "Polygon", "coordinates": [ [ [ -98.7928, 38.3764 ], [ -98.7744, 38.3763 ], [ -98.7743, 38.3547 ], [ -98.7929, 38.3525 ], [ -98.7928, 38.3764 ] ] ] } },
{ "type": "Feature", "properties": { "GEOIDFQ": "1400000US20009971300", "NAME": "9713", "NAMELSAD": "Census Tract 9713" }, "geometry": { "type": "Polygon", "coordinates": [ [ [ -98.7382, 38.5507 ], [ -98.738, 38.449 ], [ -98.8301, 38.4487 ], [ -98.8303, 38.5361 ], [ -98.8487, 38.5361 ], [ -98.8487, 38.5507 ], [ -98.7382, 38.5507 ] ] ] } },
{ "type": "Feature", "properties": { "GEOIDFQ": "1400000US20125950600", "NAME": "9506", "NAMELSAD": "Census Tract 9506" }, "geometry": { "type": "Polygon", "coordinates": [ [ [ -95.7469, 37.1857 ], [ -95.7334, 37.1857 ], [ -95.7334, 37.2146 ], [ -95.678, 37.2236 ], [ -95.6732, 37.212 ], [ -95.6924, 37.2096 ], [ -95.6837, 37.1962 ], [ -95.6926, 37.1961 ], [ -95.6922, 37.1672 ], [ -95.747, 37.1712 ], [ -95.7469, 37.1857 ] ] ] } },
{ "type": "Feature", "properties": { "GEOIDFQ": "1400000US20041084400", "NAME": "844", "NAMELSAD": "Census Tract 844" }, "geometry": { "type": "Polygon", "coordinates": [ [ [ -97.1673, 38.944 ], [ -97.1673, 38.9175 ], [ -97.2242, 38.9133 ], [ -97.2307, 38.9378 ], [ -97.1673, 38.944 ] ] ] } },
{ "type": "Feature", "properties": { "GEOIDFQ": "1400000US20041084600", "NAME": "846", "NAMELSAD": "Census Tract 846" }, "geometry": { "type": "Polygon", "coordinates": [ [ [ -96.9673, 38.696 ], [ -96.9304, 38.696 ], [ -96.9305, 38.6529 ], [ -96.9679, 38.6531 ], [ -96.9673, 38.696 ] ] ] } },
{ "type": "Feature", "properties": { "GEOIDFQ": "1400000US20091051907", "NAME": "519.07", "NAMELSAD": "Census Tract 519.07" }, "geometry": { "type": "Polygon", "coordinates": [ [ [ -94.705, 38.9784 ], [ -94.6864, 38.9785 ], [ -94.6863, 38.9712 ], [ -94.7097, 38.9712 ], [ -94.705, 38.9784 ] ] ] } },
{ "type": "Feature", "properties": { "GEOIDFQ": "1400000US20091052101", "NAME": "521.01", "NAMELSAD": "Census Tract 521.01" }, "geometry": { "type": "Polygon", "coordinates": [ [ [ -94.6896, 39.03 ], [ -94.6933, 39.0149 ], [ -94.7052, 39.0148 ], [ -94.7055, 39.0294 ], [ -94.6896, 39.03 ] ] ] } },
{ "type": "Feature", "properties": { "GEOIDFQ": "1400000US20177003100", "NAME": "31", "NAMELSAD": "Census Tract 31" }, "geometry": { "type": "Polygon", "coordinates": [ [ [ -95.6507, 39.0443 ], [ -95.6135, 39.0443 ], [ -95.6142, 39.0151 ], [ -95.6516, 39.0162 ], [ -95.6507, 39.0443 ] ] ] } },
{ "type": "Feature", "properties": { "GEOIDFQ": "1400000US20173001000", "NAME": "10", "NAMELSAD": "Census Tract 10" }, "geometry": { "type": "Polygon", "coordinates": [ [ [ -97.2906, 37.7083 ], [ -97.2806, 37.7084 ], [ -97.2806, 37.7029 ], [ -97.2714, 37.7029 ], [ -97.2714, 37.6938 ], [ -97.2935, 37.6983 ], [ -97.2906, 37.7083 ] ] ] } },
{ "type": "Feature", "properties": { "GEOIDFQ": "1400000US20173001100", "NAME": "11", "NAMELSAD": "Census Tract 11" }, "geometry": { "type": "Polygon", "coordinates": [ [ [ -97.2969, 37.7011 ], [ -97.2906, 37.7083 ], [ -97.2935, 37.6937 ], [ -97.3127, 37.6984 ], [ -97.2969, 37.7011 ] ] ] } },
{ "type": "Feature", "properties": { "GEOIDFQ": "1400000US20173001400", "NAME": "14", "NAMELSAD": "Census Tract 14" }, "geometry": { "type": "Polygon", "coordinates": [ [ [ -97.3564, 37.7124 ], [ -97.3417, 37.6975 ], [ -97.354, 37.6961 ], [ -97.3491, 37.6908 ], [ -97.3669, 37.6934 ], [ -97.3726, 37.7004 ], [ -97.3564, 37.7124 ] ] ] } },
{ "type": "Feature", "properties": { "GEOIDFQ": "1400000US20173001500", "NAME": "15", "NAMELSAD": "Census Tract 15" }, "geometry": { "type": "Polygon", "coordinates": [ [ [ -97.3531, 37.6913 ], [ -97.353, 37.684 ], [ -97.3804, 37.6876 ], [ -97.3804, 37.6948 ], [ -97.3531, 37.6913 ] ] ] } },
{ "type": "Feature", "properties": { "GEOIDFQ": "1400000US20091052201", "NAME": "522.01", "NAMELSAD": "Census Tract 522.01" }, "geometry": { "type": "Polygon", "coordinates": [ [ [ -94.7053, 39.044 ], [ -94.6588, 39.044 ], [ -94.6784, 39.0396 ], [ -94.6901, 39.0296 ], [ -94.7053, 39.0305 ], [ -94.7053, 39.044 ] ] ] } },
{ "type": "Feature", "properties": { "GEOIDFQ": "1400000US20091052202", "NAME": "522.02", "NAMELSAD": "Census Tract 522.02" }, "geometry": { "type": "Polygon", "coordinates": [ [ [ -94.7239, 39.044 ], [ -94.7053, 39.044 ], [ -94.7053, 39.0294 ], [ -94.7239, 39.0296 ], [ -94.7239, 39.044 ] ] ] } },
{ "type": "Feature", "properties": { "GEOIDFQ": "1400000US20091052304", "NAME": "523.04", "NAMELSAD": "Census Tract 523.04" }, "geometry": { "type": "Polygon", "coordinates": [ [ [ -94.7239, 39.0228 ], [ -94.7238, 39.0001 ], [ -94.7424, 39.0001 ], [ -94.7425, 39.022 ], [ -94.7239, 39.0228 ] ] ] } },
{ "type": "Feature", "properties": { "GEOIDFQ": "1400000US20091052102", "NAME": "521.02", "NAMELSAD": "Census Tract 521.02" }, "geometry": { "type": "Polygon", "coordinates": [ [ [ -94.7055, 39.0294 ], [ -94.7052, 39.0148 ], [ -94.7239, 39.0148 ], [ -94.7239, 39.0293 ], [ -94.7055, 39.0294 ] ] ] } },
{ "type": "Feature", "properties": { "GEOIDFQ": "1400000US20173001800", "NAME": "18", "NAMELSAD": "Census Tract 18" }, "geometry": { "type": "Polygon", "coordinates": [ [ [ -97.3154, 37.6936 ], [ -97.3176, 37.7005 ], [ -97.3127, 37.7009 ], [ -97.3078, 37.6862 ], [ -97.3264, 37.6861 ], [ -97.3265, 37.6935 ], [ -97.3154, 37.6936 ] ] ] } },
{ "type": "Feature", "properties": { "GEOIDFQ": "1400000US20091052410", "NAME": "524.10", "NAMELSAD": "Census Tract 524.10" }, "geometry": { "type": "Polygon", "coordinates": [ [ [ -94.7611, 38.9984 ], [ -94.761, 38.9711 ], [ -94.7762, 38.971 ], [ -94.7824, 38.9998 ], [ -94.7611, 38.9984 ] ] ] } },
{ "type": "Feature", "properties": { "GEOIDFQ": "1400000US20091052414", "NAME": "524.14", "NAMELSAD": "Census Tract 524.14" }, "geometry": { "type": "Polygon", "coordinates": [ [ [ -94.7423, 38.9856 ], [ -94.7423, 38.9711 ], [ -94.761, 38.9711 ], [ -94.761, 38.9856 ], [ -94.7423, 38.9856 ] ] ] } },
{ "type": "Feature", "properties": { "GEOIDFQ": "1400000US20091052415", "NAME": "524.15", "NAMELSAD": "Census Tract 524.15" }, "geometry": { "type": "Polygon", "coordinates": [ [ [ -94.7762, 38.971 ], [ -94.761, 38.9711 ], [ -94.7609, 38.9564 ], [ -94.7746, 38.9564 ], [ -94.7762, 38.971 ] ] ] } },
{ "type": "Feature", "properties": { "GEOIDFQ": "1400000US20165972300", "NAME": "9723", "NAMELSAD": "Census Tract 9723" }, "geometry": { "type": "Polygon", "coordinates": [ [ [ -99.5851, 38.6965 ], [ -99.033, 38.6968 ], [ -99.0324, 38.3483 ], [ -99.5848, 38.3494 ], [ -99.5851, 38.6965 ] ] ] } },
{ "type": "Feature", "properties": { "GEOIDFQ": "1400000US20099950100", "NAME": "9501", "NAMELSAD": "Census Tract 9501" }, "geometry": { "type": "Polygon", "coordinates": [ [ [ -95.2825, 37.3841 ], [ -95.1764, 37.3843 ], [ -95.1762, 37.333 ], [ -95.2125, 37.3329 ], [ -95.2126, 37.2935 ], [ -95.2253, 37.2826 ], [ -95.2389, 37.2936 ], [ -95.2332, 37.297 ], [ -95.2387, 37.3102 ], [ -95.256, 37.3211 ], [ -95.2575, 37.3478 ], [ -95.2682, 37.3479 ], [ -95.277, 37.3655 ], [ -95.2735, 37.3716 ], [ -95.2828, 37.377 ], [ -95.2778, 37.3826 ], [ -95.2825, 37.3841 ] ] ] } },
{ "type": "Feature", "properties": { "GEOIDFQ": "1400000US20099950500", "NAME": "9505", "NAMELSAD": "Census Tract 9505" }, "geometry": { "type": "Polygon", "coordinates": [ [ [ -95.5211, 37.384 ], [ -95.3399, 37.3841 ], [ -95.3403, 37.2814 ], [ -95.2252, 37.2808 ], [ -95.2126, 37.2935 ], [ -95.2125, 37.3329 ], [ -95.1762, 37.333 ], [ -95.1764, 37.3843 ], [ -95.075, 37.3838 ], [ -95.0742, 37.2302 ], [ -95.0857, 37.2301 ], [ -95.0857, 37.2402 ], [ -95.1127, 37.2351 ], [ -95.1222, 37.2383 ], [ -95.1218, 37.1936 ], [ -95.2495, 37.1936 ], [ -95.2492, 37.164 ], [ -95.3218, 37.1637 ], [ -95.3223, 37.1932 ], [ -95.5214, 37.1942 ], [ -95.5211, 37.384 ] ] ] } },
{ "type": "Feature", "properties": { "GEOIDFQ": "1400000US20099950200", "NAME": "9502", "NAMELSAD": "Census Tract 9502" }, "geometry": { "type": "Polygon", "coordinates": [ [ [ -95.2755, 37.3425 ], [ -95.2663, 37.3425 ], [ -95.2682, 37.3479 ], [ -95.2575, 37.3478 ], [ -95.2629, 37.3252 ], [ -95.2755, 37.3425 ] ] ] } },
{ "type": "Feature", "properties": { "GEOIDFQ": "1400000US20099950400", "NAME": "9504", "NAMELSAD": "Census Tract 9504" }, "geometry": { "type": "Polygon", "coordinates": [ [ [ -95.3406, 37.3399 ], [ -95.2755, 37.3405 ], [ -95.2674, 37.3258 ], [ -95.2598, 37.3281 ], [ -95.2387, 37.3102 ], [ -95.2332, 37.297 ], [ -95.2389, 37.2936 ], [ -95.2243, 37.2817 ], [ -95.3403, 37.2814 ], [ -95.3406, 37.3399 ] ] ] } },
{ "type": "Feature", "properties": { "GEOIDFQ": "1400000US20099950600", "NAME": "9506", "NAMELSAD": "Census Tract 9506" }, "geometry": { "type": "Polygon", "coordinates": [ [ [ -95.5214, 37.1937 ], [ -95.3223, 37.1932 ], [ -95.3218, 37.1637 ], [ -95.2492, 37.164 ], [ -95.2495, 37.1936 ], [ -95.1401, 37.1928 ], [ -95.1405, 36.9996 ], [ -95.5224, 36.9993 ], [ -95.5214, 37.1937 ] ] ] } },
{ "type": "Feature", "properties": { "GEOIDFQ": "1400000US20125950300", "NAME": "9503", "NAMELSAD": "Census Tract 9503" }, "geometry": { "type": "Polygon", "coordinates": [ [ [ -95.7516, 37.2547 ], [ -95.7519, 37.2767 ], [ -95.7396, 37.2806 ], [ -95.7374, 37.2732 ], [ -95.7244, 37.2747 ], [ -95.7247, 37.2628 ], [ -95.7008, 37.2638 ], [ -95.6914, 37.2508 ], [ -95.6975, 37.2343 ], [ -95.7255, 37.2309 ], [ -95.7349, 37.2242 ], [ -95.7606, 37.2257 ], [ -95.7679, 37.2597 ], [ -95.7516, 37.2547 ] ] ] } },
{ "type": "Feature", "properties": { "GEOIDFQ": "1400000US20125950100", "NAME": "9501", "NAMELSAD": "Census Tract 9501" }, "geometry": { "type": "Polygon", "coordinates": [ [ [ -95.5211, 37.384 ], [ -95.5194, 37.3099 ], [ -95.5572, 37.3104 ], [ -95.557, 37.2981 ], [ -95.5663, 37.296 ], [ -95.602, 37.2971 ], [ -95.6021, 37.2391 ], [ -95.5946, 37.2388 ], [ -95.5942, 37.2459 ], [ -95.5715, 37.245 ], [ -95.5847, 37.2345 ], [ -95.5853, 37.2237 ], [ -95.6956, 37.2251 ], [ -95.6943, 37.257 ], [ -95.7008, 37.2638 ], [ -95.7247, 37.2628 ], [ -95.7244, 37.2747 ], [ -95.7374, 37.2732 ], [ -95.7396, 37.2806 ], [ -95.7519, 37.2767 ], [ -95.7516, 37.2547 ], [ -95.7679, 37.2597 ], [ -95.7606, 37.2257 ], [ -95.8188, 37.2223 ], [ -95.9644, 37.2268 ], [ -95.9647, 37.3867 ], [ -95.5211, 37.384 ] ] ] } },
{ "type": "Feature", "properties": { "GEOIDFQ": "1400000US20125950200", "NAME": "9502", "NAMELSAD": "Census Tract 9502" }, "geometry": { "type": "Polygon", "coordinates": [ [ [ -95.602, 37.2971 ], [ -95.5663, 37.296 ], [ -95.557, 37.2981 ], [ -95.5572, 37.3104 ], [ -95.5194, 37.3099 ], [ -95.5186, 37.2369 ], [ -95.5565, 37.2379 ], [ -95.5559, 37.2452 ], [ -95.5942, 37.2459 ], [ -95.5946, 37.2388 ], [ -95.6021, 37.2414 ], [ -95.602, 37.2971 ] ] ] } },
{ "type": "Feature", "properties": { "GEOIDFQ": "1400000US20125950700", "NAME": "9507", "NAMELSAD": "Census Tract 9507" }, "geometry": { "type": "Polygon", "coordinates": [ [ [ -95.9644, 37.2268 ], [ -95.8188, 37.2223 ], [ -95.7651, 37.2257 ], [ -95.7668, 37.1845 ], [ -95.7469, 37.1857 ], [ -95.747, 37.1676 ], [ -95.6922, 37.1672 ], [ -95.6926, 37.1961 ], [ -95.6837, 37.1962 ], [ -95.6924, 37.2096 ], [ -95.6732, 37.212 ], [ -95.678, 37.2236 ], [ -95.5853, 37.2237 ], [ -95.5847, 37.2345 ], [ -95.5715, 37.245 ], [ -95.5559, 37.2452 ], [ -95.5565, 37.2379 ], [ -95.5186, 37.2369 ], [ -95.5227, 37.0635 ], [ -95.6021, 37.065 ], [ -95.602, 37.1231 ], [ -95.6473, 37.1198 ], [ -95.6473, 37.1234 ], [ -95.6925, 37.1238 ], [ -95.6925, 37.0513 ], [ -95.7105, 37.0554 ], [ -95.7106, 36.9993 ], [ -95.8739, 36.9993 ], [ -95.8741, 37.0377 ], [ -95.9103, 37.0381 ], [ -95.9103, 37.0672 ], [ -95.9646, 37.0676 ], [ -95.9644, 37.2268 ] ] ] } },
{ "type": "Feature", "properties": { "GEOIDFQ": "1400000US20125950800", "NAME": "9508", "NAMELSAD": "Census Tract 9508" }, "geometry": { "type": "Polygon", "coordinates": [ [ [ -95.7105, 37.0554 ], [ -95.6925, 37.0513 ], [ -95.6925, 37.1238 ], [ -95.6473, 37.1234 ], [ -95.6473, 37.1198 ], [ -95.602, 37.1231 ], [ -95.6021, 37.065 ], [ -95.6095, 37.0506 ], [ -95.642, 37.0509 ], [ -95.638, 36.9994 ], [ -95.7108, 36.9993 ], [ -95.7105, 37.0554 ] ] ] } },
{ "type": "Feature", "properties": { "GEOIDFQ": "1400000US20175965800", "NAME": "9658", "NAMELSAD": "Census Tract 9658" }, "geometry": { "type": "Polygon", "coordinates": [ [ [ -100.9762, 37.0688 ], [ -100.9405, 37.0687 ], [ -100.9404, 37.0505 ], [ -100.9236, 37.0505 ], [ -100.9236, 37.0397 ], [ -100.9404, 37.0397 ], [ -100.9407, 37.0278 ], [ -100.9583, 37.0184 ], [ -100.9583, 37.0251 ], [ -100.9764, 37.0251 ], [ -100.9762, 37.0688 ] ] ] } },
{ "type": "Feature", "properties": { "GEOIDFQ": "1400000US20175965700", "NAME": "9657", "NAMELSAD": "Census Tract 9657" }, "geometry": { "type": "Polygon", "coordinates": [ [ [ -100.8862, 37.069 ], [ -100.8863, 37.0543 ], [ -100.9065, 37.0469 ], [ -100.9404, 37.0505 ], [ -100.9405, 37.0672 ], [ -100.8862, 37.069 ] ] ] } },
{ "type": "Feature", "properties": { "GEOIDFQ": "1400000US20175965600", "NAME": "9656", "NAMELSAD": "Census Tract 9656" }, "geometry": { "type": "Polygon", "coordinates": [ [ [ -100.6338, 37.3876 ], [ -100.6333, 37.0001 ], [ -100.9042, 36.9987 ], [ -100.9042, 37.025 ], [ -100.886, 37.0252 ], [ -100.8862, 37.069 ], [ -100.9722, 37.0688 ], [ -100.9764, 37.0251 ], [ -100.9583, 37.0251 ], [ -100.9582, 36.9984 ], [ -101.0665, 36.9979 ], [ -101.0681, 37.3876 ], [ -100.6338, 37.3876 ] ] ] } },
{ "type": "Feature", "properties": { "GEOIDFQ": "1400000US20175965900", "NAME": "9659", "NAMELSAD": "Census Tract 9659" }, "geometry": { "type": "Polygon", "coordinates": [ [ [ -100.9407, 37.0278 ], [ -100.9404, 37.0397 ], [ -100.9223, 37.0397 ], [ -100.9224, 37.0251 ], [ -100.9042, 37.025 ], [ -100.9042, 36.9987 ], [ -100.9582, 36.9984 ], [ -100.9583, 37.0184 ], [ -100.9407, 37.0278 ] ] ] } },
{ "type": "Feature", "properties": { "GEOIDFQ": "1400000US20175966000", "NAME": "9660", "NAMELSAD": "Census Tract 9660" }, "geometry": { "type": "Polygon", "coordinates": [ [ [ -100.9236, 37.0505 ], [ -100.9065, 37.0469 ], [ -100.8863, 37.0543 ], [ -100.886, 37.0252 ], [ -100.9224, 37.0251 ], [ -100.9236, 37.0505 ] ] ] } },
{ "type": "Feature", "properties": { "GEOIDFQ": "1400000US20015020500", "NAME": "205", "NAMELSAD": "Census Tract 205" }, "geometry": { "type": "Polygon", "coordinates": [ [ [ -96.8609, 37.8247 ], [ -96.8621, 37.803 ], [ -96.8804, 37.8027 ], [ -96.8804, 37.8101 ], [ -96.8987, 37.8101 ], [ -96.8988, 37.8208 ], [ -96.8609, 37.8247 ] ] ] } },
{ "type": "Feature", "properties": { "GEOIDFQ": "1400000US20189965200", "NAME": "9652", "NAMELSAD": "Census Tract 9652" }, "geometry": { "type": "Polygon", "coordinates": [ [ [ -101.3572, 37.199 ], [ -101.3572, 37.2285 ], [ -101.3028, 37.2281 ], [ -101.3026, 37.141 ], [ -101.393, 37.1411 ], [ -101.3932, 37.1992 ], [ -101.3572, 37.199 ] ] ] } },
{ "type": "Feature", "properties": { "GEOIDFQ": "1400000US20209044001", "NAME": "440.01", "NAMELSAD": "Census Tract 440.01" }, "geometry": { "type": "Polygon", "coordinates": [ [ [ -94.7977, 39.1057 ], [ -94.7394, 39.1063 ], [ -94.7198, 39.0974 ], [ -94.7365, 39.0872 ], [ -94.7976, 39.0873 ], [ -94.7977, 39.1057 ] ] ] } },
{ "type": "Feature", "properties": { "GEOIDFQ": "1400000US20121100400", "NAME": "1004", "NAMELSAD": "Census Tract 1004" }, "geometry": { "type": "Polygon", "coordinates": [ [ [ -94.6949, 38.6209 ], [ -94.6116, 38.6206 ], [ -94.6132, 38.3887 ], [ -94.6874, 38.3888 ], [ -94.6844, 38.5378 ], [ -94.6964, 38.5738 ], [ -94.6949, 38.6209 ] ] ] } },
{ "type": "Feature", "properties": { "GEOIDFQ": "1400000US20121100300", "NAME": "1003", "NAMELSAD": "Census Tract 1003" }, "geometry": { "type": "Polygon", "coordinates": [ [ [ -94.6763, 38.6971 ], [ -94.6762, 38.7382 ], [ -94.6091, 38.7381 ], [ -94.6116, 38.6206 ], [ -94.6949, 38.6226 ], [ -94.6763, 38.6971 ] ] ] } },
{ "type": "Feature", "properties": { "GEOIDFQ": "1400000US20121100500", "NAME": "1005", "NAMELSAD": "Census Tract 1005" }, "geometry": { "type": "Polygon", "coordinates": [ [ [ -94.9494, 38.4656 ], [ -94.9287, 38.5104 ], [ -94.896, 38.5284 ], [ -94.8363, 38.5813 ], [ -94.836, 38.6213 ], [ -94.6949, 38.6209 ], [ -94.6962, 38.5717 ], [ -94.6843, 38.5359 ], [ -94.6874, 38.3888 ], [ -95.0658, 38.3899 ], [ -95.0659, 38.4033 ], [ -94.9494, 38.4656 ] ] ] } },
{ "type": "Feature", "properties": { "GEOIDFQ": "1400000US20121100200", "NAME": "1002", "NAMELSAD": "Census Tract 1002" }, "geometry": { "type": "Polygon", "coordinates": [ [ [ -94.6762, 38.7382 ], [ -94.6763, 38.6971 ], [ -94.6949, 38.6209 ], [ -94.836, 38.6213 ], [ -94.8334, 38.7286 ], [ -94.839, 38.7384 ], [ -94.6762, 38.7382 ] ] ] } },
{ "type": "Feature", "properties": { "GEOIDFQ": "1400000US20121100700", "NAME": "1007", "NAMELSAD": "Census Tract 1007" }, "geometry": { "type": "Polygon", "coordinates": [ [ [ -95.0653, 38.5353 ], [ -94.8914, 38.5368 ], [ -94.8968, 38.5278 ], [ -94.9295, 38.5095 ], [ -94.9499, 38.4652 ], [ -95.0659, 38.4033 ], [ -95.0653, 38.5353 ] ] ] } },
{ "type": "Feature", "properties": { "GEOIDFQ": "1400000US20121100601", "NAME": "1006.01", "NAMELSAD": "Census Tract 1006.01" }, "geometry": { "type": "Polygon", "coordinates": [ [ [ -94.9007, 38.5782 ], [ -94.8886, 38.5743 ], [ -94.8788, 38.5827 ], [ -94.8716, 38.6214 ], [ -94.836, 38.6213 ], [ -94.8359, 38.5819 ], [ -94.8892, 38.5348 ], [ -94.8912, 38.5564 ], [ -94.9007, 38.5565 ], [ -94.9007, 38.5782 ] ] ] } },
{ "type": "Feature", "properties": { "GEOIDFQ": "1400000US20121100100", "NAME": "1001", "NAMELSAD": "Census Tract 1001" }, "geometry": { "type": "Polygon", "coordinates": [ [ [ -95.0567, 38.6949 ], [ -95.0564, 38.7386 ], [ -94.839, 38.7384 ], [ -94.8334, 38.7286 ], [ -94.836, 38.6213 ], [ -95.0651, 38.6229 ], [ -95.0658, 38.6946 ], [ -95.0567, 38.6949 ] ] ] } },
{ "type": "Feature", "properties": { "GEOIDFQ": "1400000US20121100602", "NAME": "1006.02", "NAMELSAD": "Census Tract 1006.02" }, "geometry": { "type": "Polygon", "coordinates": [ [ [ -95.0651, 38.6229 ], [ -94.8716, 38.6214 ], [ -94.8788, 38.5827 ], [ -94.8886, 38.5743 ], [ -94.9007, 38.5782 ], [ -94.9008, 38.5566 ], [ -94.8912, 38.5564 ], [ -94.8914, 38.5368 ], [ -95.0653, 38.5353 ], [ -95.0651, 38.6229 ] ] ] } },
{ "type": "Feature", "properties": { "GEOIDFQ": "1400000US20209044601", "NAME": "446.01", "NAMELSAD": "Census Tract 446.01" }, "geometry": { "type": "Polygon", "coordinates": [ [ [ -94.7925, 39.1823 ], [ -94.7578, 39.1692 ], [ -94.6976, 39.1641 ], [ -94.7057, 39.1483 ], [ -94.7339, 39.1504 ], [ -94.734, 39.1431 ], [ -94.7895, 39.1432 ], [ -94.7925, 39.1823 ] ] ] } },
{ "type": "Feature", "properties": { "GEOIDFQ": "1400000US20161000500", "NAME": "5", "NAMELSAD": "Census Tract 5" }, "geometry": { "type": "Polygon", "coordinates": [ [ [ -96.5762, 39.2065 ], [ -96.5712, 39.208 ], [ -96.56, 39.1867 ], [ -96.5764, 39.1868 ], [ -96.5762, 39.2065 ] ] ] } },
{ "type": "Feature", "properties": { "GEOIDFQ": "1400000US20161000801", "NAME": "8.01", "NAMELSAD": "Census Tract 8.01" }, "geometry": { "type": "Polygon", "coordinates": [ [ [ -96.5832, 39.186 ], [ -96.56, 39.1867 ], [ -96.5668, 39.1794 ], [ -96.5832, 39.1798 ], [ -96.5832, 39.186 ] ] ] } },
{ "type": "Feature", "properties": { "GEOIDFQ": "1400000US20177000500", "NAME": "5", "NAMELSAD": "Census Tract 5" }, "geometry": { "type": "Polygon", "coordinates": [ [ [ -95.6938, 39.0554 ], [ -95.6811, 39.0521 ], [ -95.6842, 39.045 ], [ -95.6971, 39.0477 ], [ -95.6938, 39.0554 ] ] ] } },
{ "type": "Feature", "properties": { "GEOIDFQ": "1400000US20177000900", "NAME": "9", "NAMELSAD": "Census Tract 9" }, "geometry": { "type": "Polygon", "coordinates": [ [ [ -95.6453, 39.0861 ], [ -95.6135, 39.082 ], [ -95.6002, 39.0882 ], [ -95.5948, 39.0864 ], [ -95.5968, 39.0647 ], [ -95.58, 39.0541 ], [ -95.5923, 39.0443 ], [ -95.6326, 39.0442 ], [ -95.6344, 39.0495 ], [ -95.6276, 39.0516 ], [ -95.6318, 39.0626 ], [ -95.6509, 39.0671 ], [ -95.6453, 39.0861 ] ] ] } },
{ "type": "Feature", "properties": { "GEOIDFQ": "1400000US20177001200", "NAME": "12", "NAMELSAD": "Census Tract 12" }, "geometry": { "type": "Polygon", "coordinates": [ [ [ -95.6678, 39.0442 ], [ -95.6507, 39.0443 ], [ -95.6512, 39.0298 ], [ -95.6728, 39.0314 ], [ -95.6678, 39.0442 ] ] ] } },
{ "type": "Feature", "properties": { "GEOIDFQ": "1400000US20177003500", "NAME": "35", "NAMELSAD": "Census Tract 35" }, "geometry": { "type": "Polygon", "coordinates": [ [ [ -96.0356, 39.2165 ], [ -95.7302, 39.2165 ], [ -95.7316, 39.0708 ], [ -95.7708, 39.0707 ], [ -95.8233, 39.0618 ], [ -95.8527, 39.0683 ], [ -95.8656, 39.0845 ], [ -95.9189, 39.0882 ], [ -95.9285, 39.101 ], [ -95.9563, 39.099 ], [ -95.9809, 39.1133 ], [ -95.9973, 39.1097 ], [ -96.0095, 39.1176 ], [ -95.9929, 39.125 ], [ -95.9937, 39.1338 ], [ -96.017, 39.1203 ], [ -96.039, 39.1276 ], [ -96.0356, 39.2165 ] ] ] } },
{ "type": "Feature", "properties": { "GEOIDFQ": "1400000US20177003605", "NAME": "36.05", "NAMELSAD": "Census Tract 36.05" }, "geometry": { "type": "Polygon", "coordinates": [ [ [ -95.7624, 39.0146 ], [ -95.7622, 38.982 ], [ -95.7301, 38.9847 ], [ -95.7249, 38.9614 ], [ -95.7346, 38.9567 ], [ -95.7807, 38.9563 ], [ -95.7808, 38.9934 ], [ -95.773, 38.9997 ], [ -95.7809, 39.0141 ], [ -95.7624, 39.0146 ] ] ] } },
{ "type": "Feature", "properties": { "GEOIDFQ": "1400000US20177000400", "NAME": "4", "NAMELSAD": "Census Tract 4" }, "geometry": { "type": "Polygon", "coordinates": [ [ [ -95.6842, 39.045 ], [ -95.683, 39.0297 ], [ -95.6969, 39.0297 ], [ -95.697, 39.0458 ], [ -95.6842, 39.045 ] ] ] } },
{ "type": "Feature", "properties": { "GEOIDFQ": "1400000US20177000600", "NAME": "6", "NAMELSAD": "Census Tract 6" }, "geometry": { "type": "Polygon", "coordinates": [ [ [ -95.6876, 39.068 ], [ -95.6744, 39.0639 ], [ -95.6811, 39.0521 ], [ -95.6932, 39.0569 ], [ -95.6876, 39.068 ] ] ] } },
{ "type": "Feature", "properties": { "GEOIDFQ": "1400000US20177000700", "NAME": "7", "NAMELSAD": "Census Tract 7" }, "geometry": { "type": "Polygon", "coordinates": [ [ [ -95.7308, 39.0947 ], [ -95.7062, 39.0947 ], [ -95.7062, 39.1051 ], [ -95.6646, 39.0977 ], [ -95.6744, 39.0639 ], [ -95.693, 39.0741 ], [ -95.7314, 39.0725 ], [ -95.7308, 39.0947 ] ] ] } },
{ "type": "Feature", "properties": { "GEOIDFQ": "1400000US20125951400", "NAME": "9514", "NAMELSAD": "Census Tract 9514" }, "geometry": { "type": "Polygon", "coordinates": [ [ [ -95.6272, 37.0361 ], [ -95.6154, 37.0303 ], [ -95.6051, 37.0651 ], [ -95.5227, 37.0635 ], [ -95.5224, 36.9993 ], [ -95.638, 36.9994 ], [ -95.6383, 37.0332 ], [ -95.643, 37.0334 ], [ -95.6272, 37.0361 ] ] ] } },
{ "type": "Feature", "properties": { "GEOIDFQ": "1400000US20177001300", "NAME": "13", "NAMELSAD": "Census Tract 13" }, "geometry": { "type": "Polygon", "coordinates": [ [ [ -95.67, 39.0298 ], [ -95.6512, 39.0298 ], [ -95.6517, 39.0151 ], [ -95.6702, 39.0153 ], [ -95.67, 39.0298 ] ] ] } },
{ "type": "Feature", "properties": { "GEOIDFQ": "1400000US20177001500", "NAME": "15", "NAMELSAD": "Census Tract 15" }, "geometry": { "type": "Polygon", "coordinates": [ [ [ -95.6969, 39.0297 ], [ -95.67, 39.0298 ], [ -95.6702, 39.0152 ], [ -95.697, 39.0156 ], [ -95.6969, 39.0297 ] ] ] } },
{ "type": "Feature", "properties": { "GEOIDFQ": "1400000US20021958500", "NAME": "9585", "NAMELSAD": "Census Tract 9585" }, "geometry": { "type": "Polygon", "coordinates": [ [ [ -94.6786, 37.0982 ], [ -94.6526, 37.1059 ], [ -94.6494, 37.1192 ], [ -94.631, 37.1192 ], [ -94.618, 37.1296 ], [ -94.618, 37.0327 ], [ -94.6573, 37.0449 ], [ -94.657, 37.0397 ], [ -94.6676, 37.0391 ], [ -94.6604, 37.0592 ], [ -94.6678, 37.0604 ], [ -94.6679, 37.0747 ], [ -94.6959, 37.0749 ], [ -94.6786, 37.0982 ] ] ] } },
{ "type": "Feature", "properties": { "GEOIDFQ": "1400000US20209044302", "NAME": "443.02", "NAMELSAD": "Census Tract 443.02" }, "geometry": { "type": "Polygon", "coordinates": [ [ [ -94.734, 39.1431 ], [ -94.7058, 39.143 ], [ -94.7059, 39.1358 ], [ -94.734, 39.1431 ] ] ] } },
{ "type": "Feature", "properties": { "GEOIDFQ": "1400000US20209044804", "NAME": "448.04", "NAMELSAD": "Census Tract 448.04" }, "geometry": { "type": "Polygon", "coordinates": [ [ [ -94.8187, 39.2016 ], [ -94.7925, 39.1823 ], [ -94.7895, 39.1432 ], [ -94.8454, 39.1431 ], [ -94.847, 39.202 ], [ -94.8187, 39.2016 ] ] ] } },
{ "type": "Feature", "properties": { "GEOIDFQ": "1400000US20209043903", "NAME": "439.03", "NAMELSAD": "Census Tract 439.03" }, "geometry": { "type": "Polygon", "coordinates": [ [ [ -94.6768, 39.1285 ], [ -94.6775, 39.1235 ], [ -94.6816, 39.1167 ], [ -94.7051, 39.1166 ], [ -94.706, 39.1285 ], [ -94.6768, 39.1285 ] ] ] } },
{ "type": "Feature", "properties": { "GEOIDFQ": "1400000US20209042002", "NAME": "420.02", "NAMELSAD": "Census Tract 420.02" }, "geometry": { "type": "Polygon", "coordinates": [ [ [ -94.6268, 39.1077 ], [ -94.6262, 39.1027 ], [ -94.6354, 39.1008 ], [ -94.6355, 39.1077 ], [ -94.6268, 39.1077 ] ] ] } },
{ "type": "Feature", "properties": { "GEOIDFQ": "1400000US20111000300", "NAME": "3", "NAMELSAD": "Census Tract 3" }, "geometry": { "type": "Polygon", "coordinates": [ [ [ -96.2394, 38.4123 ], [ -96.1893, 38.4123 ], [ -96.1802, 38.3759 ], [ -96.2079, 38.3759 ], [ -96.2079, 38.3905 ], [ -96.2541, 38.3917 ], [ -96.2394, 38.4123 ] ] ] } },
{ "type": "Feature", "properties": { "GEOIDFQ": "1400000US20111000500", "NAME": "5", "NAMELSAD": "Census Tract 5" }, "geometry": { "type": "Polygon", "coordinates": [ [ [ -96.1865, 38.405 ], [ -96.134, 38.4048 ], [ -96.1341, 38.396 ], [ -96.1526, 38.3978 ], [ -96.1526, 38.3722 ], [ -96.1802, 38.3759 ], [ -96.1802, 38.3942 ], [ -96.1867, 38.3943 ], [ -96.1865, 38.405 ] ] ] } },
{ "type": "Feature", "properties": { "GEOIDFQ": "1400000US20045000100", "NAME": "1", "NAMELSAD": "Census Tract 1" }, "geometry": { "type": "Polygon", "coordinates": [ [ [ -95.2831, 39.047 ], [ -95.1871, 39.0441 ], [ -95.1862, 38.9645 ], [ -95.2357, 38.9754 ], [ -95.2414, 39.0012 ], [ -95.2663, 39.0103 ], [ -95.2864, 39.026 ], [ -95.2831, 39.047 ] ] ] } },
{ "type": "Feature", "properties": { "GEOIDFQ": "1400000US20019964600", "NAME": "9646", "NAMELSAD": "Census Tract 9646" }, "geometry": { "type": "Polygon", "coordinates": [ [ [ -96.5249, 37.3027 ], [ -95.9644, 37.2992 ], [ -95.9643, 36.9991 ], [ -96.5256, 36.9987 ], [ -96.5249, 37.3027 ] ] ] } },
{ "type": "Feature", "properties": { "GEOIDFQ": "1400000US20061000601", "NAME": "6.01", "NAMELSAD": "Census Tract 6.01" }, "geometry": { "type": "Polygon", "coordinates": [ [ [ -96.8648, 39.0921 ], [ -96.8467, 39.1069 ], [ -96.8514, 39.0882 ], [ -96.824, 39.0881 ], [ -96.82, 39.0769 ], [ -96.7984, 39.0645 ], [ -96.8033, 39.061 ], [ -96.815, 39.0674 ], [ -96.8207, 39.0483 ], [ -96.8293, 39.0431 ], [ -96.8375, 39.0552 ], [ -96.8669, 39.0714 ], [ -96.8648, 39.0921 ] ] ] } },
{ "type": "Feature", "properties": { "GEOIDFQ": "1400000US20061000602", "NAME": "6.02", "NAMELSAD": "Census Tract 6.02" }, "geometry": { "type": "Polygon", "coordinates": [ [ [ -96.7561, 39.0878 ], [ -96.7664, 39.0674 ], [ -96.7471, 39.058 ], [ -96.7775, 39.0349 ], [ -96.7781, 39.0509 ], [ -96.7984, 39.0515 ], [ -96.8033, 39.061 ], [ -96.7984, 39.0645 ], [ -96.82, 39.0769 ], [ -96.824, 39.0881 ], [ -96.7561, 39.0878 ] ] ] } },
{ "type": "Feature", "properties": { "GEOIDFQ": "1400000US20061000801", "NAME": "8.01", "NAMELSAD": "Census Tract 8.01" }, "geometry": { "type": "Polygon", "coordinates": [ [ [ -96.8885, 39.0447 ], [ -96.8693, 39.0445 ], [ -96.8628, 39.0155 ], [ -96.8911, 39.0156 ], [ -96.8885, 39.0447 ] ] ] } },
{ "type": "Feature", "properties": { "GEOIDFQ": "1400000US20061000402", "NAME": "4.02", "NAMELSAD": "Census Tract 4.02" }, "geometry": { "type": "Polygon", "coordinates": [ [ [ -96.8391, 39.0262 ], [ -96.8371, 39.0157 ], [ -96.8488, 39.0154 ], [ -96.8497, 39.0232 ], [ -96.8391, 39.0262 ] ] ] } },
{ "type": "Feature", "properties": { "GEOIDFQ": "1400000US20061000401", "NAME": "4.01", "NAMELSAD": "Census Tract 4.01" }, "geometry": { "type": "Polygon", "coordinates": [ [ [ -96.8628, 39.0192 ], [ -96.8494, 39.0262 ], [ -96.8488, 39.0154 ], [ -96.8352, 39.0157 ], [ -96.835, 39.0076 ], [ -96.8499, 39.0001 ], [ -96.8614, 38.9993 ], [ -96.8628, 39.0192 ] ] ] } },
{ "type": "Feature", "properties": { "GEOIDFQ": "1400000US20061000802", "NAME": "8.02", "NAMELSAD": "Census Tract 8.02" }, "geometry": { "type": "Polygon", "coordinates": [ [ [ -96.9617, 39.2201 ], [ -96.8499, 39.219 ], [ -96.8497, 39.1393 ], [ -96.831, 39.1392 ], [ -96.8322, 39.1196 ], [ -96.8648, 39.0921 ], [ -96.8693, 39.0445 ], [ -96.8885, 39.0447 ], [ -96.8912, 39.0295 ], [ -96.8911, 39.0156 ], [ -96.8628, 39.0155 ], [ -96.8571, 38.992 ], [ -96.853, 38.87 ], [ -96.9267, 38.8703 ], [ -96.9262, 38.9789 ], [ -96.9473, 38.9706 ], [ -96.9506, 38.9768 ], [ -96.9505, 38.971 ], [ -96.9635, 38.9649 ], [ -96.9617, 39.2201 ] ] ] } },
{ "type": "Feature", "properties": { "GEOIDFQ": "1400000US20037957200", "NAME": "9572", "NAMELSAD": "Census Tract 9572" }, "geometry": { "type": "Polygon", "coordinates": [ [ [ -94.705, 37.4404 ], [ -94.7048, 37.4179 ], [ -94.7093, 37.4111 ], [ -94.7781, 37.4113 ], [ -94.7792, 37.4404 ], [ -94.705, 37.4404 ] ] ] } },
{ "type": "Feature", "properties": { "GEOIDFQ": "1400000US20037957500", "NAME": "9575", "NAMELSAD": "Census Tract 9575" }, "geometry": { "type": "Polygon", "coordinates": [ [ [ -94.7094, 37.4179 ], [ -94.7004, 37.4182 ], [ -94.7005, 37.3964 ], [ -94.7095, 37.3965 ], [ -94.7094, 37.4179 ] ] ] } },
{ "type": "Feature", "properties": { "GEOIDFQ": "1400000US20161980000", "NAME": "9800", "NAMELSAD": "Census Tract 9800" }, "geometry": { "type": "Polygon", "coordinates": [ [ [ -96.9609, 39.3068 ], [ -96.8975, 39.3062 ], [ -96.8751, 39.2963 ], [ -96.8496, 39.2977 ], [ -96.8498, 39.2916 ], [ -96.8234, 39.2911 ], [ -96.7741, 39.2554 ], [ -96.7565, 39.2337 ], [ -96.7114, 39.2222 ], [ -96.7102, 39.2109 ], [ -96.7003, 39.2114 ], [ -96.7004, 39.2036 ], [ -96.6822, 39.2022 ], [ -96.682, 39.1406 ], [ -96.6869, 39.1315 ], [ -96.8312, 39.1319 ], [ -96.831, 39.1392 ], [ -96.8497, 39.1393 ], [ -96.8499, 39.219 ], [ -96.9616, 39.2208 ], [ -96.9609, 39.3068 ] ] ] } },
{ "type": "Feature", "properties": { "GEOIDFQ": "1400000US20161001002", "NAME": "10.02", "NAMELSAD": "Census Tract 10.02" }, "geometry": { "type": "Polygon", "coordinates": [ [ [ -96.8513, 39.1007 ], [ -96.8322, 39.1196 ], [ -96.831, 39.1319 ], [ -96.7196, 39.1317 ], [ -96.7206, 39.1164 ], [ -96.7109, 39.1069 ], [ -96.7169, 39.1011 ], [ -96.7068, 39.0987 ], [ -96.7361, 39.08 ], [ -96.7434, 39.0877 ], [ -96.8514, 39.0894 ], [ -96.8513, 39.1007 ] ] ] } },
{ "type": "Feature", "properties": { "GEOIDFQ": "1400000US20161001301", "NAME": "13.01", "NAMELSAD": "Census Tract 13.01" }, "geometry": { "type": "Polygon", "coordinates": [ [ [ -96.6694, 39.2311 ], [ -96.6493, 39.2328 ], [ -96.6185, 39.2218 ], [ -96.6172, 39.2036 ], [ -96.6362, 39.2033 ], [ -96.6425, 39.1891 ], [ -96.6526, 39.1886 ], [ -96.6793, 39.2109 ], [ -96.6694, 39.2311 ] ] ] } },
{ "type": "Feature", "properties": { "GEOIDFQ": "1400000US20169000600", "NAME": "6", "NAMELSAD": "Census Tract 6" }, "geometry": { "type": "Polygon", "coordinates": [ [ [ -97.6867, 38.8272 ], [ -97.6399, 38.8271 ], [ -97.618, 38.7971 ], [ -97.6182, 38.7688 ], [ -97.687, 38.7693 ], [ -97.6867, 38.8272 ] ] ] } },
{ "type": "Feature", "properties": { "GEOIDFQ": "1400000US20169000200", "NAME": "2", "NAMELSAD": "Census Tract 2" }, "geometry": { "type": "Polygon", "coordinates": [ [ [ -97.6456, 38.8747 ], [ -97.5942, 38.8819 ], [ -97.5938, 38.8706 ], [ -97.5757, 38.8706 ], [ -97.5758, 38.8603 ], [ -97.6454, 38.839 ], [ -97.6456, 38.8747 ] ] ] } },
{ "type": "Feature", "properties": { "GEOIDFQ": "1400000US20169000300", "NAME": "3", "NAMELSAD": "Census Tract 3" }, "geometry": { "type": "Polygon", "coordinates": [ [ [ -97.6124, 38.8492 ], [ -97.6126, 38.8272 ], [ -97.6399, 38.8271 ], [ -97.6453, 38.8391 ], [ -97.6124, 38.8492 ] ] ] } },
{ "type": "Feature", "properties": { "GEOIDFQ": "1400000US20209043600", "NAME": "436", "NAMELSAD": "Census Tract 436" }, "geometry": { "type": "Polygon", "coordinates": [ [ [ -94.7145, 39.0549 ], [ -94.6792, 39.0586 ], [ -94.6759, 39.0441 ], [ -94.7145, 39.0452 ], [ -94.7145, 39.0549 ] ] ] } },
{ "type": "Feature", "properties": { "GEOIDFQ": "1400000US20209043700", "NAME": "437", "NAMELSAD": "Census Tract 437" }, "geometry": { "type": "Polygon", "coordinates": [ [ [ -94.6951, 39.0851 ], [ -94.6804, 39.0807 ], [ -94.6792, 39.0586 ], [ -94.6959, 39.0586 ], [ -94.6951, 39.0851 ] ] ] } },
{ "type": "Feature", "properties": { "GEOIDFQ": "1400000US20091052416", "NAME": "524.16", "NAMELSAD": "Census Tract 524.16" }, "geometry": { "type": "Polygon", "coordinates": [ [ [ -94.7423, 38.9711 ], [ -94.7422, 38.9602 ], [ -94.7609, 38.9564 ], [ -94.761, 38.9699 ], [ -94.7423, 38.9711 ] ] ] } },
{ "type": "Feature", "properties": { "GEOIDFQ": "1400000US20091052411", "NAME": "524.11", "NAMELSAD": "Census Tract 524.11" }, "geometry": { "type": "Polygon", "coordinates": [ [ [ -94.7424, 39.0001 ], [ -94.7423, 38.9856 ], [ -94.7611, 38.9856 ], [ -94.7611, 38.9984 ], [ -94.7424, 39.0001 ] ] ] } },
{ "type": "Feature", "properties": { "GEOIDFQ": "1400000US20091053006", "NAME": "530.06", "NAMELSAD": "Census Tract 530.06" }, "geometry": { "type": "Polygon", "coordinates": [ [ [ -94.7516, 38.9201 ], [ -94.7515, 38.9274 ], [ -94.7421, 38.9274 ], [ -94.7424, 38.9129 ], [ -94.761, 38.9128 ], [ -94.7516, 38.9201 ] ] ] } },
{ "type": "Feature", "properties": { "GEOIDFQ": "1400000US20091053201", "NAME": "532.01", "NAMELSAD": "Census Tract 532.01" }, "geometry": { "type": "Polygon", "coordinates": [ [ [ -94.6676, 38.9331 ], [ -94.6302, 38.9328 ], [ -94.6396, 38.9275 ], [ -94.6398, 38.9129 ], [ -94.6583, 38.913 ], [ -94.6606, 38.8983 ], [ -94.674, 38.9059 ], [ -94.6676, 38.9331 ] ] ] } },
{ "type": "Feature", "properties": { "GEOIDFQ": "1400000US20091053202", "NAME": "532.02", "NAMELSAD": "Census Tract 532.02" }, "geometry": { "type": "Polygon", "coordinates": [ [ [ -94.6583, 38.913 ], [ -94.6364, 38.91 ], [ -94.6398, 38.8983 ], [ -94.6606, 38.8986 ], [ -94.6583, 38.913 ] ] ] } },
{ "type": "Feature", "properties": { "GEOIDFQ": "1400000US20169000700", "NAME": "7", "NAMELSAD": "Census Tract 7" }, "geometry": { "type": "Polygon", "coordinates": [ [ [ -97.6127, 38.7982 ], [ -97.6126, 38.8054 ], [ -97.5943, 38.8053 ], [ -97.5943, 38.798 ], [ -97.5795, 38.7982 ], [ -97.5761, 38.7835 ], [ -97.617, 38.7836 ], [ -97.6182, 38.7981 ], [ -97.6127, 38.7982 ] ] ] } },
{ "type": "Feature", "properties": { "GEOIDFQ": "1400000US20193953400", "NAME": "9534", "NAMELSAD": "Census Tract 9534" }, "geometry": { "type": "Polygon", "coordinates": [ [ [ -101.3891, 39.5684 ], [ -100.7202, 39.568 ], [ -100.7213, 39.1334 ], [ -101.3917, 39.1351 ], [ -101.3891, 39.5684 ] ], [ [ -100.9807, 39.3216 ], [ -100.9801, 39.4525 ], [ -101.0918, 39.4526 ], [ -101.0917, 39.4671 ], [ -101.1292, 39.4673 ], [ -101.1301, 39.3224 ], [ -100.9807, 39.3216 ] ] ] } },
{ "type": "Feature", "properties": { "GEOIDFQ": "1400000US20193953100", "NAME": "9531", "NAMELSAD": "Census Tract 9531" }, "geometry": { "type": "Polygon", "coordinates": [ [ [ -101.1292, 39.4673 ], [ -101.0917, 39.4671 ], [ -101.0918, 39.4526 ], [ -100.9801, 39.4525 ], [ -100.9807, 39.3216 ], [ -101.1301, 39.3237 ], [ -101.1292, 39.4673 ] ] ] } },
{ "type": "Feature", "properties": { "GEOIDFQ": "1400000US20091053203", "NAME": "532.03", "NAMELSAD": "Census Tract 532.03" }, "geometry": { "type": "Polygon", "coordinates": [ [ [ -94.6678, 38.9056 ], [ -94.6678, 38.8984 ], [ -94.6398, 38.8983 ], [ -94.6398, 38.8837 ], [ -94.6762, 38.8837 ], [ -94.6771, 38.9007 ], [ -94.6678, 38.9056 ] ] ] } },
{ "type": "Feature", "properties": { "GEOIDFQ": "1400000US20091053301", "NAME": "533.01", "NAMELSAD": "Census Tract 533.01" }, "geometry": { "type": "Polygon", "coordinates": [ [ [ -94.6396, 38.9275 ], [ -94.608, 38.9368 ], [ -94.608, 38.9056 ], [ -94.6403, 38.9042 ], [ -94.6396, 38.9275 ] ] ] } },
{ "type": "Feature", "properties": { "GEOIDFQ": "1400000US20173005900", "NAME": "59", "NAMELSAD": "Census Tract 59" }, "geometry": { "type": "Polygon", "coordinates": [ [ [ -97.3158, 37.6227 ], [ -97.3171, 37.6423 ], [ -97.3094, 37.6418 ], [ -97.2953, 37.6252 ], [ -97.3066, 37.6071 ], [ -97.3228, 37.6018 ], [ -97.3286, 37.6221 ], [ -97.3158, 37.6227 ] ] ] } },
{ "type": "Feature", "properties": { "GEOIDFQ": "1400000US20091053302", "NAME": "533.02", "NAMELSAD": "Census Tract 533.02" }, "geometry": { "type": "Polygon", "coordinates": [ [ [ -94.608, 38.9056 ], [ -94.608, 38.8838 ], [ -94.6398, 38.8837 ], [ -94.6409, 38.9025 ], [ -94.608, 38.9056 ] ] ] } },
{ "type": "Feature", "properties": { "GEOIDFQ": "1400000US20073965600", "NAME": "9656", "NAMELSAD": "Census Tract 9656" }, "geometry": { "type": "Polygon", "coordinates": [ [ [ -96.5228, 38.0864 ], [ -96.3581, 38.0858 ], [ -96.3573, 38.1727 ], [ -95.9589, 38.1709 ], [ -95.9582, 37.8362 ], [ -96.1819, 37.8386 ], [ -96.228, 37.8181 ], [ -96.2524, 37.8175 ], [ -96.2524, 37.825 ], [ -96.2694, 37.8251 ], [ -96.2694, 37.8687 ], [ -96.306, 37.8687 ], [ -96.306, 37.8395 ], [ -96.3234, 37.837 ], [ -96.3183, 37.8302 ], [ -96.3074, 37.831 ], [ -96.3103, 37.8194 ], [ -96.3003, 37.8168 ], [ -96.3044, 37.8149 ], [ -96.3319, 37.8101 ], [ -96.4511, 37.8102 ], [ -96.4751, 37.8154 ], [ -96.5257, 37.8122 ], [ -96.5228, 38.0864 ] ] ] } },
{ "type": "Feature", "properties": { "GEOIDFQ": "1400000US20073965800", "NAME": "9658", "NAMELSAD": "Census Tract 9658" }, "geometry": { "type": "Polygon", "coordinates": [ [ [ -96.5257, 37.8116 ], [ -96.4751, 37.8154 ], [ -96.4511, 37.8102 ], [ -96.3319, 37.8101 ], [ -96.3003, 37.8169 ], [ -96.2859, 37.8009 ], [ -96.2571, 37.7895 ], [ -96.2533, 37.7943 ], [ -96.2373, 37.7796 ], [ -96.2348, 37.8175 ], [ -96.1837, 37.8384 ], [ -95.9582, 37.8362 ], [ -95.961, 37.6038 ], [ -96.5253, 37.607 ], [ -96.5257, 37.8116 ] ] ] } },
{ "type": "Feature", "properties": { "GEOIDFQ": "1400000US20073965700", "NAME": "9657", "NAMELSAD": "Census Tract 9657" }, "geometry": { "type": "Polygon", "coordinates": [ [ [ -96.306, 37.8395 ], [ -96.306, 37.8687 ], [ -96.2694, 37.8687 ], [ -96.2694, 37.8251 ], [ -96.2524, 37.825 ], [ -96.2524, 37.8175 ], [ -96.2348, 37.8175 ], [ -96.2371, 37.7798 ], [ -96.2533, 37.7943 ], [ -96.2571, 37.7895 ], [ -96.2859, 37.8009 ], [ -96.2952, 37.8137 ], [ -96.3103, 37.8194 ], [ -96.3074, 37.831 ], [ -96.3183, 37.8302 ], [ -96.3234, 37.8375 ], [ -96.306, 37.8395 ] ] ] } },
{ "type": "Feature", "properties": { "GEOIDFQ": "1400000US20135956300", "NAME": "9563", "NAMELSAD": "Census Tract 9563" }, "geometry": { "type": "Polygon", "coordinates": [ [ [ -100.2472, 38.6982 ], [ -99.5851, 38.6965 ], [ -99.5842, 38.2622 ], [ -100.2444, 38.2623 ], [ -100.2472, 38.6982 ] ] ] } },
{ "type": "Feature", "properties": { "GEOIDFQ": "1400000US20197483100", "NAME": "4831", "NAMELSAD": "Census Tract 4831" }, "geometry": { "type": "Polygon", "coordinates": [ [ [ -96.5012, 39.0437 ], [ -96.3908, 39.0433 ], [ -96.389, 39.1729 ], [ -96.3778, 39.1641 ], [ -96.3576, 39.173 ], [ -96.3591, 39.1577 ], [ -96.3466, 39.1539 ], [ -96.3374, 39.1622 ], [ -96.329, 39.1599 ], [ -96.3247, 39.1861 ], [ -96.3113, 39.1959 ], [ -96.2942, 39.1955 ], [ -96.2694, 39.179 ], [ -96.2341, 39.2123 ], [ -96.2167, 39.2003 ], [ -96.1816, 39.2063 ], [ -96.1767, 39.1886 ], [ -96.1528, 39.1926 ], [ -96.1228, 39.1871 ], [ -96.107, 39.201 ], [ -96.0963, 39.1918 ], [ -96.0836, 39.1935 ], [ -96.0572, 39.1626 ], [ -96.0607, 39.1573 ], [ -96.0858, 39.1628 ], [ -96.0897, 39.1532 ], [ -96.0426, 39.1408 ], [ -96.0412, 39.1275 ], [ -96.0203, 39.1202 ], [ -95.9937, 39.1338 ], [ -95.9922, 39.1257 ], [ -96.009, 39.1158 ], [ -95.995, 39.1093 ], [ -95.9726, 39.1116 ], [ -95.958, 39.0997 ], [ -95.9468, 39.0987 ], [ -95.9467, 39.0583 ], [ -96.1503, 39.0581 ], [ -96.1551, 39.0304 ], [ -96.1506, 39.0193 ], [ -96.1529, 39.0152 ], [ -96.1783, 39.0152 ], [ -96.1783, 39.0007 ], [ -96.2386, 39.0022 ], [ -96.2835, 38.9933 ], [ -96.2712, 38.9619 ], [ -96.282, 38.8872 ], [ -96.2964, 38.8673 ], [ -96.3707, 38.8682 ], [ -96.3719, 38.8262 ], [ -96.5014, 38.8262 ], [ -96.5012, 39.0437 ] ] ] } },
{ "type": "Feature", "properties": { "GEOIDFQ": "1400000US20091980001", "NAME": "9800.01", "NAMELSAD": "Census Tract 9800.01" }, "geometry": { "type": "Polygon", "coordinates": [ [ [ -94.7975, 38.9414 ], [ -94.7794, 38.9418 ], [ -94.7796, 38.9604 ], [ -94.7448, 38.9565 ], [ -94.7382, 38.9509 ], [ -94.7698, 38.9148 ], [ -94.7796, 38.9165 ], [ -94.7794, 38.9274 ], [ -94.7975, 38.9272 ], [ -94.7975, 38.9414 ] ] ] } },
{ "type": "Feature", "properties": { "GEOIDFQ": "1400000US20173002200", "NAME": "22", "NAMELSAD": "Census Tract 22" }, "geometry": { "type": "Polygon", "coordinates": [ [ [ -97.2805, 37.6865 ], [ -97.2804, 37.6795 ], [ -97.2943, 37.6795 ], [ -97.2944, 37.6864 ], [ -97.2805, 37.6865 ] ] ] } },
{ "type": "Feature", "properties": { "GEOIDFQ": "1400000US20173002300", "NAME": "23", "NAMELSAD": "Census Tract 23" }, "geometry": { "type": "Polygon", "coordinates": [ [ [ -97.2944, 37.6864 ], [ -97.2941, 37.6793 ], [ -97.3126, 37.6789 ], [ -97.313, 37.6862 ], [ -97.2944, 37.6864 ] ] ] } },
{ "type": "Feature", "properties": { "GEOIDFQ": "1400000US20173002400", "NAME": "24", "NAMELSAD": "Census Tract 24" }, "geometry": { "type": "Polygon", "coordinates": [ [ [ -97.3264, 37.6861 ], [ -97.313, 37.6862 ], [ -97.3125, 37.6718 ], [ -97.3276, 37.6761 ], [ -97.3264, 37.6861 ] ] ] } },
{ "type": "Feature", "properties": { "GEOIDFQ": "1400000US20173002600", "NAME": "26", "NAMELSAD": "Census Tract 26" }, "geometry": { "type": "Polygon", "coordinates": [ [ [ -97.3427, 37.6789 ], [ -97.3276, 37.6789 ], [ -97.3316, 37.6717 ], [ -97.3437, 37.6732 ], [ -97.3427, 37.6789 ] ] ] } },
{ "type": "Feature", "properties": { "GEOIDFQ": "1400000US20173002700", "NAME": "27", "NAMELSAD": "Census Tract 27" }, "geometry": { "type": "Polygon", "coordinates": [ [ [ -97.3428, 37.6808 ], [ -97.3438, 37.6717 ], [ -97.3574, 37.6733 ], [ -97.3576, 37.684 ], [ -97.3428, 37.6808 ] ] ] } },
{ "type": "Feature", "properties": { "GEOIDFQ": "1400000US20173002800", "NAME": "28", "NAMELSAD": "Census Tract 28" }, "geometry": { "type": "Polygon", "coordinates": [ [ [ -97.3576, 37.6878 ], [ -97.3574, 37.6733 ], [ -97.3688, 37.6732 ], [ -97.3712, 37.6877 ], [ -97.3576, 37.6878 ] ] ] } },
{ "type": "Feature", "properties": { "GEOIDFQ": "1400000US20173002900", "NAME": "29", "NAMELSAD": "Census Tract 29" }, "geometry": { "type": "Polygon", "coordinates": [ [ [ -97.3712, 37.6877 ], [ -97.3688, 37.6732 ], [ -97.3804, 37.6732 ], [ -97.3815, 37.686 ], [ -97.3712, 37.6877 ] ] ] } },
{ "type": "Feature", "properties": { "GEOIDFQ": "1400000US20173003100", "NAME": "31", "NAMELSAD": "Census Tract 31" }, "geometry": { "type": "Polygon", "coordinates": [ [ [ -97.3529, 37.6733 ], [ -97.3438, 37.6717 ], [ -97.3527, 37.6588 ], [ -97.371, 37.6605 ], [ -97.3529, 37.6733 ] ] ] } },
{ "type": "Feature", "properties": { "GEOIDFQ": "1400000US20093959100", "NAME": "9591", "NAMELSAD": "Census Tract 9591" }, "geometry": { "type": "Polygon", "coordinates": [ [ [ -101.5423, 38.2632 ], [ -101.1033, 38.2646 ], [ -101.1038, 37.829 ], [ -101.0899, 37.8291 ], [ -101.0897, 37.7363 ], [ -101.5271, 37.7363 ], [ -101.527, 37.8276 ], [ -101.5428, 37.8276 ], [ -101.5423, 38.2632 ] ] ] } },
{ "type": "Feature", "properties": { "GEOIDFQ": "1400000US20103070100", "NAME": "701", "NAMELSAD": "Census Tract 701" }, "geometry": { "type": "Polygon", "coordinates": [ [ [ -94.9208, 39.3284 ], [ -94.9085, 39.3298 ], [ -94.9061, 39.3147 ], [ -94.916, 39.3136 ], [ -94.9208, 39.3284 ] ] ] } },
{ "type": "Feature", "properties": { "GEOIDFQ": "1400000US20103071000", "NAME": "710", "NAMELSAD": "Census Tract 710" }, "geometry": { "type": "Polygon", "coordinates": [ [ [ -95.1799, 39.3179 ], [ -94.9554, 39.3175 ], [ -94.9483, 39.2826 ], [ -94.9688, 39.2669 ], [ -94.9469, 39.2668 ], [ -94.9563, 39.252 ], [ -94.9565, 39.2012 ], [ -95.1804, 39.2036 ], [ -95.1799, 39.3179 ] ] ] } },
{ "type": "Feature", "properties": { "GEOIDFQ": "1400000US20103070300", "NAME": "703", "NAMELSAD": "Census Tract 703" }, "geometry": { "type": "Polygon", "coordinates": [ [ [ -94.9553, 39.3269 ], [ -94.9415, 39.3277 ], [ -94.9214, 39.3181 ], [ -94.9276, 39.3031 ], [ -94.9556, 39.3013 ], [ -94.9553, 39.3269 ] ] ] } },
{ "type": "Feature", "properties": { "GEOIDFQ": "1400000US20103071102", "NAME": "711.02", "NAMELSAD": "Census Tract 711.02" }, "geometry": { "type": "Polygon", "coordinates": [ [ [ -94.8998, 39.267 ], [ -94.8905, 39.2671 ], [ -94.8911, 39.2738 ], [ -94.8998, 39.2743 ], [ -94.8997, 39.2888 ], [ -94.8891, 39.2888 ], [ -94.8314, 39.2563 ], [ -94.8257, 39.2417 ], [ -94.8349, 39.2238 ], [ -94.8317, 39.2159 ], [ -94.8115, 39.2069 ], [ -94.783, 39.2072 ], [ -94.7755, 39.2006 ], [ -94.9005, 39.203 ], [ -94.8998, 39.267 ] ] ] } },
{ "type": "Feature", "properties": { "GEOIDFQ": "1400000US20103070700", "NAME": "707", "NAMELSAD": "Census Tract 707" }, "geometry": { "type": "Polygon", "coordinates": [ [ [ -94.9276, 39.3031 ], [ -94.9198, 39.2815 ], [ -94.9375, 39.2804 ], [ -94.9372, 39.2886 ], [ -94.9482, 39.2885 ], [ -94.9526, 39.3004 ], [ -94.9276, 39.3031 ] ] ] } },
{ "type": "Feature", "properties": { "GEOIDFQ": "1400000US20091051803", "NAME": "518.03", "NAMELSAD": "Census Tract 518.03" }, "geometry": { "type": "Polygon", "coordinates": [ [ [ -94.6677, 38.9713 ], [ -94.6676, 38.9567 ], [ -94.6863, 38.9567 ], [ -94.6863, 38.9699 ], [ -94.6677, 38.9713 ] ] ] } },
{ "type": "Feature", "properties": { "GEOIDFQ": "1400000US20091050500", "NAME": "505", "NAMELSAD": "Census Tract 505" }, "geometry": { "type": "Polygon", "coordinates": [ [ [ -94.6865, 39.0149 ], [ -94.6676, 39.015 ], [ -94.6677, 39.0004 ], [ -94.6864, 39.0004 ], [ -94.6865, 39.0149 ] ] ] } },
{ "type": "Feature", "properties": { "GEOIDFQ": "1400000US20091053502", "NAME": "535.02", "NAMELSAD": "Census Tract 535.02" }, "geometry": { "type": "Polygon", "coordinates": [ [ [ -94.7915, 38.8837 ], [ -94.7795, 38.8837 ], [ -94.7796, 38.8691 ], [ -94.7953, 38.8726 ], [ -94.7915, 38.8837 ] ] ] } },
{ "type": "Feature", "properties": { "GEOIDFQ": "1400000US20091053701", "NAME": "537.01", "NAMELSAD": "Census Tract 537.01" }, "geometry": { "type": "Polygon", "coordinates": [ [ [ -95.0561, 38.8696 ], [ -94.9656, 38.8694 ], [ -94.9656, 38.8549 ], [ -94.9737, 38.8549 ], [ -94.9738, 38.8258 ], [ -94.965, 38.8258 ], [ -94.9642, 38.7938 ], [ -94.9812, 38.7822 ], [ -94.9636, 38.7821 ], [ -94.964, 38.7385 ], [ -95.0564, 38.7386 ], [ -95.0561, 38.8696 ] ] ] } },
{ "type": "Feature", "properties": { "GEOIDFQ": "1400000US20091050000", "NAME": "500", "NAMELSAD": "Census Tract 500" }, "geometry": { "type": "Polygon", "coordinates": [ [ [ -94.6074, 39.0441 ], [ -94.6075, 39.0309 ], [ -94.6159, 39.0234 ], [ -94.6297, 39.0297 ], [ -94.6306, 39.0435 ], [ -94.6074, 39.0441 ] ] ] } },
{ "type": "Feature", "properties": { "GEOIDFQ": "1400000US20091050100", "NAME": "501", "NAMELSAD": "Census Tract 501" }, "geometry": { "type": "Polygon", "coordinates": [ [ [ -94.6298, 39.0441 ], [ -94.6297, 39.0297 ], [ -94.649, 39.0295 ], [ -94.6491, 39.0417 ], [ -94.6298, 39.0441 ] ] ] } },
{ "type": "Feature", "properties": { "GEOIDFQ": "1400000US20091050200", "NAME": "502", "NAMELSAD": "Census Tract 502" }, "geometry": { "type": "Polygon", "coordinates": [ [ [ -94.6491, 39.044 ], [ -94.649, 39.0295 ], [ -94.6328, 39.0294 ], [ -94.6488, 39.0223 ], [ -94.6584, 39.024 ], [ -94.6585, 39.039 ], [ -94.6491, 39.044 ] ] ] } },
{ "type": "Feature", "properties": { "GEOIDFQ": "1400000US20091050301", "NAME": "503.01", "NAMELSAD": "Census Tract 503.01" }, "geometry": { "type": "Polygon", "coordinates": [ [ [ -94.6561, 39.044 ], [ -94.6584, 39.0222 ], [ -94.6677, 39.0223 ], [ -94.6746, 39.0409 ], [ -94.6561, 39.044 ] ] ] } },
{ "type": "Feature", "properties": { "GEOIDFQ": "1400000US20063955300", "NAME": "9553", "NAMELSAD": "Census Tract 9553" }, "geometry": { "type": "Polygon", "coordinates": [ [ [ -100.8119, 39.1334 ], [ -100.1479, 39.1322 ], [ -100.1538, 38.6973 ], [ -100.8116, 38.6995 ], [ -100.8187, 38.6999 ], [ -100.8119, 39.1334 ] ] ] } },
{ "type": "Feature", "properties": { "GEOIDFQ": "1400000US20039951300", "NAME": "9513", "NAMELSAD": "Census Tract 9513" }, "geometry": { "type": "Polygon", "coordinates": [ [ [ -100.7388, 40.0021 ], [ -100.1778, 40.0016 ], [ -100.1804, 39.5669 ], [ -100.7409, 39.568 ], [ -100.7388, 40.0021 ] ] ] } },
{ "type": "Feature", "properties": { "GEOIDFQ": "1400000US20125950400", "NAME": "9504", "NAMELSAD": "Census Tract 9504" }, "geometry": { "type": "Polygon", "coordinates": [ [ [ -95.6975, 37.2343 ], [ -95.6961, 37.2253 ], [ -95.678, 37.2236 ], [ -95.7136, 37.22 ], [ -95.7153, 37.2319 ], [ -95.6975, 37.2343 ] ] ] } },
{ "type": "Feature", "properties": { "GEOIDFQ": "1400000US20125950500", "NAME": "9505", "NAMELSAD": "Census Tract 9505" }, "geometry": { "type": "Polygon", "coordinates": [ [ [ -95.7651, 37.2257 ], [ -95.7349, 37.2242 ], [ -95.7135, 37.2311 ], [ -95.7188, 37.2146 ], [ -95.7334, 37.2146 ], [ -95.7334, 37.1857 ], [ -95.7663, 37.1852 ], [ -95.7651, 37.2257 ] ] ] } },
{ "type": "Feature", "properties": { "GEOIDFQ": "1400000US20091053409", "NAME": "534.09", "NAMELSAD": "Census Tract 534.09" }, "geometry": { "type": "Polygon", "coordinates": [ [ [ -94.6399, 38.8765 ], [ -94.6492, 38.8765 ], [ -94.6492, 38.8837 ], [ -94.608, 38.8838 ], [ -94.6088, 38.8693 ], [ -94.6492, 38.8706 ], [ -94.6399, 38.8765 ] ] ] } },
{ "type": "Feature", "properties": { "GEOIDFQ": "1400000US20091053506", "NAME": "535.06", "NAMELSAD": "Census Tract 535.06" }, "geometry": { "type": "Polygon", "coordinates": [ [ [ -94.7795, 38.8837 ], [ -94.761, 38.8836 ], [ -94.7609, 38.8691 ], [ -94.7796, 38.8706 ], [ -94.7795, 38.8837 ] ] ] } },
{ "type": "Feature", "properties": { "GEOIDFQ": "1400000US20079030300", "NAME": "303", "NAMELSAD": "Census Tract 303" }, "geometry": { "type": "Polygon", "coordinates": [ [ [ -97.368, 38.0429 ], [ -97.368, 38.0476 ], [ -97.3451, 38.0487 ], [ -97.3458, 38.0263 ], [ -97.3367, 38.0263 ], [ -97.3366, 38.0137 ], [ -97.4271, 38.0139 ], [ -97.4273, 38.043 ], [ -97.368, 38.0429 ] ] ] } },
{ "type": "Feature", "properties": { "GEOIDFQ": "1400000US20079030500", "NAME": "305", "NAMELSAD": "Census Tract 305" }, "geometry": { "type": "Polygon", "coordinates": [ [ [ -97.7018, 38.1738 ], [ -97.1531, 38.1746 ], [ -97.1528, 38.044 ], [ -97.3, 38.0428 ], [ -97.3, 38.0864 ], [ -97.427, 38.0866 ], [ -97.4272, 38.0283 ], [ -97.6473, 38.0287 ], [ -97.6474, 38.0433 ], [ -97.7019, 38.0432 ], [ -97.7018, 38.1738 ] ] ] } },
{ "type": "Feature", "properties": { "GEOIDFQ": "1400000US20079030100", "NAME": "301", "NAMELSAD": "Census Tract 301" }, "geometry": { "type": "Polygon", "coordinates": [ [ [ -97.3, 38.0864 ], [ -97.3, 38.0428 ], [ -97.3182, 38.0428 ], [ -97.3184, 38.0501 ], [ -97.3451, 38.0499 ], [ -97.3452, 38.0639 ], [ -97.3708, 38.0865 ], [ -97.3, 38.0864 ] ] ] } },
{ "type": "Feature", "properties": { "GEOIDFQ": "1400000US20079030400", "NAME": "304", "NAMELSAD": "Census Tract 304" }, "geometry": { "type": "Polygon", "coordinates": [ [ [ -97.3451, 38.0499 ], [ -97.3257, 38.0501 ], [ -97.3184, 38.0501 ], [ -97.3182, 38.0428 ], [ -97.3, 38.0428 ], [ -97.3003, 38.0137 ], [ -97.3366, 38.0137 ], [ -97.3367, 38.0263 ], [ -97.3458, 38.0263 ], [ -97.3451, 38.0499 ] ] ] } },
{ "type": "Feature", "properties": { "GEOIDFQ": "1400000US20079030200", "NAME": "302", "NAMELSAD": "Census Tract 302" }, "geometry": { "type": "Polygon", "coordinates": [ [ [ -97.427, 38.0866 ], [ -97.3709, 38.0865 ], [ -97.3452, 38.0639 ], [ -97.3451, 38.0487 ], [ -97.368, 38.0476 ], [ -97.368, 38.0429 ], [ -97.4273, 38.043 ], [ -97.427, 38.0866 ] ] ] } },
{ "type": "Feature", "properties": { "GEOIDFQ": "1400000US20035493300", "NAME": "4933", "NAMELSAD": "Census Tract 4933" }, "geometry": { "type": "Polygon", "coordinates": [ [ [ -97.1323, 37.2746 ], [ -97.1326, 37.2892 ], [ -97.0514, 37.2884 ], [ -97.0415, 37.2446 ], [ -97.0232, 37.2399 ], [ -97.0236, 37.2161 ], [ -96.9868, 37.2158 ], [ -96.987, 37.2207 ], [ -96.9695, 37.2128 ], [ -96.9736, 37.2303 ], [ -96.9513, 37.2303 ], [ -96.9537, 37.2448 ], [ -96.9156, 37.2445 ], [ -96.9156, 37.2154 ], [ -96.8975, 37.2153 ], [ -96.8958, 37.0773 ], [ -97.0227, 37.0779 ], [ -97.0229, 37.1143 ], [ -97.1257, 37.1141 ], [ -97.1301, 37.107 ], [ -97.1489, 37.1069 ], [ -97.1506, 37.2747 ], [ -97.1323, 37.2746 ] ] ] } },
{ "type": "Feature", "properties": { "GEOIDFQ": "1400000US20035493400", "NAME": "4934", "NAMELSAD": "Census Tract 4934" }, "geometry": { "type": "Polygon", "coordinates": [ [ [ -97.0069, 37.2879 ], [ -96.9943, 37.2301 ], [ -96.9736, 37.2303 ], [ -96.9693, 37.2129 ], [ -96.987, 37.2207 ], [ -96.9868, 37.2158 ], [ -97.0236, 37.2161 ], [ -97.0232, 37.2399 ], [ -97.0415, 37.2446 ], [ -97.0514, 37.2884 ], [ -97.0069, 37.2879 ] ] ] } },
{ "type": "Feature", "properties": { "GEOIDFQ": "1400000US20035493100", "NAME": "4931", "NAMELSAD": "Census Tract 4931" }, "geometry": { "type": "Polygon", "coordinates": [ [ [ -96.8954, 37.0484 ], [ -96.8975, 37.2153 ], [ -96.9156, 37.2154 ], [ -96.9159, 37.3025 ], [ -96.8248, 37.3018 ], [ -96.825, 37.3889 ], [ -96.8036, 37.3892 ], [ -96.8054, 37.4397 ], [ -96.7603, 37.4397 ], [ -96.7512, 37.4469 ], [ -96.7519, 37.4757 ], [ -96.5257, 37.4764 ], [ -96.5255, 36.9988 ], [ -96.9037, 36.9992 ], [ -96.9043, 37.0234 ], [ -96.9223, 37.0269 ], [ -96.9321, 37.0487 ], [ -96.8954, 37.0484 ] ] ] } },
{ "type": "Feature", "properties": { "GEOIDFQ": "1400000US20035493500", "NAME": "4935", "NAMELSAD": "Census Tract 4935" }, "geometry": { "type": "Polygon", "coordinates": [ [ [ -96.9159, 37.2881 ], [ -96.9156, 37.2445 ], [ -96.9972, 37.2403 ], [ -97.0069, 37.2879 ], [ -96.9159, 37.2881 ] ] ] } },
{ "type": "Feature", "properties": { "GEOIDFQ": "1400000US20035493700", "NAME": "4937", "NAMELSAD": "Census Tract 4937" }, "geometry": { "type": "Polygon", "coordinates": [ [ [ -97.0414, 37.0999 ], [ -97.0404, 37.1143 ], [ -97.0229, 37.1143 ], [ -97.0227, 37.0779 ], [ -97.0121, 37.0778 ], [ -97.0201, 37.0635 ], [ -97.039, 37.0647 ], [ -97.0393, 37.0778 ], [ -97.0491, 37.0781 ], [ -97.0494, 37.0998 ], [ -97.0414, 37.0999 ] ] ] } },
{ "type": "Feature", "properties": { "GEOIDFQ": "1400000US20035493800", "NAME": "4938", "NAMELSAD": "Census Tract 4938" }, "geometry": { "type": "Polygon", "coordinates": [ [ [ -97.0404, 37.1143 ], [ -97.0414, 37.0999 ], [ -97.0494, 37.0998 ], [ -97.0493, 37.0804 ], [ -97.0393, 37.0778 ], [ -97.039, 37.0647 ], [ -97.0577, 37.0636 ], [ -97.0896, 37.0829 ], [ -97.1081, 37.1029 ], [ -97.1278, 37.1107 ], [ -97.0404, 37.1143 ] ] ] } },
{ "type": "Feature", "properties": { "GEOIDFQ": "1400000US20035493200", "NAME": "4932", "NAMELSAD": "Census Tract 4932" }, "geometry": { "type": "Polygon", "coordinates": [ [ [ -96.7519, 37.4757 ], [ -96.7512, 37.4469 ], [ -96.761, 37.4394 ], [ -96.8054, 37.4397 ], [ -96.8036, 37.3892 ], [ -96.825, 37.3889 ], [ -96.8248, 37.3018 ], [ -96.9159, 37.3025 ], [ -96.9159, 37.2881 ], [ -97.1326, 37.2892 ], [ -97.1323, 37.2746 ], [ -97.1506, 37.2747 ], [ -97.1533, 37.4755 ], [ -96.7519, 37.4757 ] ] ] } },
{ "type": "Feature", "properties": { "GEOIDFQ": "1400000US20035494100", "NAME": "4941", "NAMELSAD": "Census Tract 4941" }, "geometry": { "type": "Polygon", "coordinates": [ [ [ -97.0365, 37.0648 ], [ -97.0201, 37.0635 ], [ -97.0242, 37.0534 ], [ -97.0113, 37.0451 ], [ -96.9998, 37.0498 ], [ -97.0104, 37.0319 ], [ -97.0233, 37.0393 ], [ -97.0392, 37.0391 ], [ -97.0365, 37.0648 ] ] ] } },
{ "type": "Feature", "properties": { "GEOIDFQ": "1400000US20035493900", "NAME": "4939", "NAMELSAD": "Census Tract 4939" }, "geometry": { "type": "Polygon", "coordinates": [ [ [ -97.1278, 37.1106 ], [ -97.1081, 37.1029 ], [ -97.0896, 37.0829 ], [ -97.0593, 37.0669 ], [ -97.06, 37.0504 ], [ -97.0535, 37.044 ], [ -97.0233, 37.0393 ], [ -97.0151, 37.0311 ], [ -96.9995, 37.0457 ], [ -96.9998, 37.0498 ], [ -97.0082, 37.0439 ], [ -97.0246, 37.0544 ], [ -97.0121, 37.0778 ], [ -96.8958, 37.0773 ], [ -96.8954, 37.0484 ], [ -96.9321, 37.0487 ], [ -96.9223, 37.0269 ], [ -96.9043, 37.0234 ], [ -96.9037, 36.9992 ], [ -97.1477, 36.999 ], [ -97.1489, 37.1069 ], [ -97.1278, 37.1106 ] ] ] } },
{ "type": "Feature", "properties": { "GEOIDFQ": "1400000US20173003200", "NAME": "32", "NAMELSAD": "Census Tract 32" }, "geometry": { "type": "Polygon", "coordinates": [ [ [ -97.3438, 37.6717 ], [ -97.3316, 37.6717 ], [ -97.3316, 37.6607 ], [ -97.3468, 37.6608 ], [ -97.3438, 37.6717 ] ] ] } },
{ "type": "Feature", "properties": { "GEOIDFQ": "1400000US20173003500", "NAME": "35", "NAMELSAD": "Census Tract 35" }, "geometry": { "type": "Polygon", "coordinates": [ [ [ -97.2941, 37.6793 ], [ -97.2942, 37.672 ], [ -97.3125, 37.6718 ], [ -97.3126, 37.6789 ], [ -97.2941, 37.6793 ] ] ] } },
{ "type": "Feature", "properties": { "GEOIDFQ": "1400000US20173003600", "NAME": "36", "NAMELSAD": "Census Tract 36" }, "geometry": { "type": "Polygon", "coordinates": [ [ [ -97.2713, 37.6795 ], [ -97.2713, 37.6719 ], [ -97.2892, 37.672 ], [ -97.2943, 37.6764 ], [ -97.2713, 37.6795 ] ] ] } },
{ "type": "Feature", "properties": { "GEOIDFQ": "1400000US20173003700", "NAME": "37", "NAMELSAD": "Census Tract 37" }, "geometry": { "type": "Polygon", "coordinates": [ [ [ -97.2874, 37.6719 ], [ -97.2805, 37.6719 ], [ -97.2804, 37.6647 ], [ -97.2896, 37.6668 ], [ -97.2874, 37.6719 ] ] ] } },
{ "type": "Feature", "properties": { "GEOIDFQ": "1400000US20071958100", "NAME": "9581", "NAMELSAD": "Census Tract 9581" }, "geometry": { "type": "Polygon", "coordinates": [ [ [ -102.0452, 38.6976 ], [ -101.5671, 38.6997 ], [ -101.5675, 38.2631 ], [ -102.0445, 38.2624 ], [ -102.0452, 38.6976 ] ] ] } },
{ "type": "Feature", "properties": { "GEOIDFQ": "1400000US20123176600", "NAME": "1766", "NAMELSAD": "Census Tract 1766" }, "geometry": { "type": "Polygon", "coordinates": [ [ [ -98.1533, 39.4952 ], [ -98.1165, 39.4957 ], [ -98.1196, 39.5671 ], [ -97.9285, 39.5669 ], [ -97.9297, 39.2193 ], [ -98.154, 39.2192 ], [ -98.1529, 39.2335 ], [ -98.1173, 39.2617 ], [ -98.114, 39.4443 ], [ -98.1532, 39.4409 ], [ -98.1533, 39.4952 ] ] ] } },
{ "type": "Feature", "properties": { "GEOIDFQ": "1400000US20123176700", "NAME": "1767", "NAMELSAD": "Census Tract 1767" }, "geometry": { "type": "Polygon", "coordinates": [ [ [ -98.4874, 39.5675 ], [ -98.117, 39.5662 ], [ -98.1165, 39.4957 ], [ -98.1533, 39.4952 ], [ -98.1564, 39.4467 ], [ -98.1532, 39.4409 ], [ -98.114, 39.4443 ], [ -98.1172, 39.262 ], [ -98.1529, 39.2335 ], [ -98.154, 39.2192 ], [ -98.4901, 39.2198 ], [ -98.4874, 39.5675 ] ] ] } },
{ "type": "Feature", "properties": { "GEOIDFQ": "1400000US20091052606", "NAME": "526.06", "NAMELSAD": "Census Tract 526.06" }, "geometry": { "type": "Polygon", "coordinates": [ [ [ -94.8722, 39.0292 ], [ -94.8528, 39.029 ], [ -94.8542, 39.0071 ], [ -94.8724, 39.0145 ], [ -94.8722, 39.0292 ] ] ] } },
{ "type": "Feature", "properties": { "GEOIDFQ": "1400000US20091053109", "NAME": "531.09", "NAMELSAD": "Census Tract 531.09" }, "geometry": { "type": "Polygon", "coordinates": [ [ [ -94.6865, 38.8994 ], [ -94.6864, 38.9055 ], [ -94.6768, 38.9 ], [ -94.6762, 38.8837 ], [ -94.6865, 38.8837 ], [ -94.6865, 38.8994 ] ] ] } },
{ "type": "Feature", "properties": { "GEOIDFQ": "1400000US20091053423", "NAME": "534.23", "NAMELSAD": "Census Tract 534.23" }, "geometry": { "type": "Polygon", "coordinates": [ [ [ -94.7144, 38.8619 ], [ -94.7191, 38.8691 ], [ -94.6865, 38.8692 ], [ -94.6864, 38.8546 ], [ -94.7144, 38.8547 ], [ -94.7191, 38.8618 ], [ -94.7144, 38.8619 ] ] ] } },
{ "type": "Feature", "properties": { "GEOIDFQ": "1400000US20091053421", "NAME": "534.21", "NAMELSAD": "Census Tract 534.21" }, "geometry": { "type": "Polygon", "coordinates": [ [ [ -94.7424, 38.8836 ], [ -94.7237, 38.8837 ], [ -94.7237, 38.8691 ], [ -94.7423, 38.8691 ], [ -94.7424, 38.8836 ] ] ] } },
{ "type": "Feature", "properties": { "GEOIDFQ": "1400000US20209044002", "NAME": "440.02", "NAMELSAD": "Census Tract 440.02" }, "geometry": { "type": "Polygon", "coordinates": [ [ [ -94.7365, 39.0872 ], [ -94.7198, 39.0974 ], [ -94.71, 39.0933 ], [ -94.7267, 39.0791 ], [ -94.7548, 39.0725 ], [ -94.7884, 39.0459 ], [ -94.7882, 39.0629 ], [ -94.7975, 39.0618 ], [ -94.7976, 39.0845 ], [ -94.7365, 39.0872 ] ] ] } },
{ "type": "Feature", "properties": { "GEOIDFQ": "1400000US20209044104", "NAME": "441.04", "NAMELSAD": "Census Tract 441.04" }, "geometry": { "type": "Polygon", "coordinates": [ [ [ -94.7571, 39.1285 ], [ -94.7401, 39.1285 ], [ -94.7379, 39.1168 ], [ -94.7604, 39.1174 ], [ -94.7571, 39.1285 ] ] ] } },
{ "type": "Feature", "properties": { "GEOIDFQ": "1400000US20037957602", "NAME": "9576.02", "NAMELSAD": "Census Tract 9576.02" }, "geometry": { "type": "Polygon", "coordinates": [ [ [ -94.7004, 37.4111 ], [ -94.6867, 37.4109 ], [ -94.6868, 37.3891 ], [ -94.6948, 37.3891 ], [ -94.6948, 37.3818 ], [ -94.7052, 37.3827 ], [ -94.7004, 37.4111 ] ] ] } },
{ "type": "Feature", "properties": { "GEOIDFQ": "1400000US20037957601", "NAME": "9576.01", "NAMELSAD": "Census Tract 9576.01" }, "geometry": { "type": "Polygon", "coordinates": [ [ [ -94.7052, 37.3818 ], [ -94.6948, 37.3818 ], [ -94.6948, 37.3891 ], [ -94.6868, 37.3891 ], [ -94.6867, 37.4109 ], [ -94.6174, 37.411 ], [ -94.6177, 37.3384 ], [ -94.7055, 37.3401 ], [ -94.7052, 37.3818 ] ] ] } },
{ "type": "Feature", "properties": { "GEOIDFQ": "1400000US20091050302", "NAME": "503.02", "NAMELSAD": "Census Tract 503.02" }, "geometry": { "type": "Polygon", "coordinates": [ [ [ -94.6491, 39.0223 ], [ -94.638, 39.0256 ], [ -94.6528, 39.0151 ], [ -94.6676, 39.015 ], [ -94.6677, 39.0223 ], [ -94.6491, 39.0223 ] ] ] } },
{ "type": "Feature", "properties": { "GEOIDFQ": "1400000US20091050400", "NAME": "504", "NAMELSAD": "Census Tract 504" }, "geometry": { "type": "Polygon", "coordinates": [ [ [ -94.6887, 39.0316 ], [ -94.6746, 39.0409 ], [ -94.6676, 39.015 ], [ -94.6932, 39.0156 ], [ -94.6887, 39.0316 ] ] ] } },
{ "type": "Feature", "properties": { "GEOIDFQ": "1400000US20091050600", "NAME": "506", "NAMELSAD": "Census Tract 506" }, "geometry": { "type": "Polygon", "coordinates": [ [ [ -94.6676, 39.015 ], [ -94.649, 39.0161 ], [ -94.649, 38.9931 ], [ -94.6677, 38.9931 ], [ -94.6676, 39.015 ] ] ] } },
{ "type": "Feature", "properties": { "GEOIDFQ": "1400000US20161001102", "NAME": "11.02", "NAMELSAD": "Census Tract 11.02" }, "geometry": { "type": "Polygon", "coordinates": [ [ [ -96.5981, 39.2185 ], [ -96.5982, 39.2039 ], [ -96.6172, 39.2036 ], [ -96.6185, 39.2218 ], [ -96.5981, 39.2185 ] ] ] } },
{ "type": "Feature", "properties": { "GEOIDFQ": "1400000US20005081702", "NAME": "817.02", "NAMELSAD": "Census Tract 817.02" }, "geometry": { "type": "Polygon", "coordinates": [ [ [ -95.1152, 39.5874 ], [ -95.1152, 39.6165 ], [ -95.102, 39.6202 ], [ -95.0536, 39.6153 ], [ -95.0479, 39.6063 ], [ -95.048, 39.5925 ], [ -95.0569, 39.5806 ], [ -95.0722, 39.5761 ], [ -95.0991, 39.5797 ], [ -95.1129, 39.5596 ], [ -95.1151, 39.5719 ], [ -95.1244, 39.572 ], [ -95.1246, 39.5874 ], [ -95.1152, 39.5874 ] ] ] } },
{ "type": "Feature", "properties": { "GEOIDFQ": "1400000US20005081701", "NAME": "817.01", "NAMELSAD": "Census Tract 817.01" }, "geometry": { "type": "Polygon", "coordinates": [ [ [ -95.2273, 39.5947 ], [ -95.1904, 39.5948 ], [ -95.1906, 39.6021 ], [ -95.1653, 39.602 ], [ -95.1624, 39.6093 ], [ -95.1341, 39.6092 ], [ -95.1342, 39.6164 ], [ -95.1152, 39.6165 ], [ -95.1152, 39.5874 ], [ -95.1246, 39.5874 ], [ -95.1244, 39.572 ], [ -95.1317, 39.572 ], [ -95.1354, 39.5589 ], [ -95.1798, 39.5461 ], [ -95.2039, 39.5467 ], [ -95.2178, 39.5502 ], [ -95.2179, 39.5656 ], [ -95.2281, 39.5663 ], [ -95.2273, 39.5947 ] ] ] } },
{ "type": "Feature", "properties": { "GEOIDFQ": "1400000US20199954100", "NAME": "9541", "NAMELSAD": "Census Tract 9541" }, "geometry": { "type": "Polygon", "coordinates": [ [ [ -101.4782, 39.1348 ], [ -101.4844, 38.7002 ], [ -102.0452, 38.6976 ], [ -102.0472, 39.1331 ], [ -101.4782, 39.1348 ] ] ] } },
{ "type": "Feature", "properties": { "GEOIDFQ": "1400000US20161000201", "NAME": "2.01", "NAMELSAD": "Census Tract 2.01" }, "geometry": { "type": "Polygon", "coordinates": [ [ [ -96.5944, 39.256 ], [ -96.591, 39.2496 ], [ -96.5778, 39.2489 ], [ -96.5781, 39.2561 ], [ -96.571, 39.2463 ], [ -96.5872, 39.2435 ], [ -96.5873, 39.2387 ], [ -96.5807, 39.2342 ], [ -96.5616, 39.241 ], [ -96.5499, 39.2157 ], [ -96.6164, 39.2186 ], [ -96.6231, 39.2434 ], [ -96.5944, 39.256 ] ] ] } },
{ "type": "Feature", "properties": { "GEOIDFQ": "1400000US20161000202", "NAME": "2.02", "NAMELSAD": "Census Tract 2.02" }, "geometry": { "type": "Polygon", "coordinates": [ [ [ -96.5577, 39.2185 ], [ -96.5455, 39.2083 ], [ -96.5391, 39.2148 ], [ -96.5307, 39.2123 ], [ -96.5187, 39.2056 ], [ -96.5192, 39.1989 ], [ -96.559, 39.1985 ], [ -96.5595, 39.1891 ], [ -96.5789, 39.2191 ], [ -96.5577, 39.2185 ] ] ] } },
{ "type": "Feature", "properties": { "GEOIDFQ": "1400000US20161001101", "NAME": "11.01", "NAMELSAD": "Census Tract 11.01" }, "geometry": { "type": "Polygon", "coordinates": [ [ [ -96.5981, 39.2185 ], [ -96.5786, 39.2184 ], [ -96.5712, 39.208 ], [ -96.5762, 39.2065 ], [ -96.5765, 39.1867 ], [ -96.5854, 39.186 ], [ -96.5855, 39.197 ], [ -96.5981, 39.193 ], [ -96.5981, 39.2185 ] ] ] } },
{ "type": "Feature", "properties": { "GEOIDFQ": "1400000US20161000802", "NAME": "8.02", "NAMELSAD": "Census Tract 8.02" }, "geometry": { "type": "Polygon", "coordinates": [ [ [ -96.5832, 39.1795 ], [ -96.5601, 39.1825 ], [ -96.5604, 39.1918 ], [ -96.555, 39.1749 ], [ -96.5867, 39.1733 ], [ -96.5832, 39.1795 ] ] ] } },
{ "type": "Feature", "properties": { "GEOIDFQ": "1400000US20045000400", "NAME": "4", "NAMELSAD": "Census Tract 4" }, "geometry": { "type": "Polygon", "coordinates": [ [ [ -95.279, 38.957 ], [ -95.2549, 38.9571 ], [ -95.2487, 38.9643 ], [ -95.2394, 38.9582 ], [ -95.2466, 38.9514 ], [ -95.2605, 38.95 ], [ -95.2605, 38.9427 ], [ -95.2696, 38.9427 ], [ -95.2698, 38.9499 ], [ -95.2791, 38.9518 ], [ -95.279, 38.957 ] ] ] } },
{ "type": "Feature", "properties": { "GEOIDFQ": "1400000US20161000601", "NAME": "6.01", "NAMELSAD": "Census Tract 6.01" }, "geometry": { "type": "Polygon", "coordinates": [ [ [ -96.6357, 39.2034 ], [ -96.6132, 39.2001 ], [ -96.6117, 39.1897 ], [ -96.6414, 39.1917 ], [ -96.6357, 39.2034 ] ] ] } },
{ "type": "Feature", "properties": { "GEOIDFQ": "1400000US20161000602", "NAME": "6.02", "NAMELSAD": "Census Tract 6.02" }, "geometry": { "type": "Polygon", "coordinates": [ [ [ -96.6117, 39.1897 ], [ -96.6038, 39.1688 ], [ -96.6489, 39.1527 ], [ -96.6819, 39.1531 ], [ -96.6821, 39.1883 ], [ -96.6117, 39.1897 ] ] ] } },
{ "type": "Feature", "properties": { "GEOIDFQ": "1400000US20207096600", "NAME": "966", "NAMELSAD": "Census Tract 966" }, "geometry": { "type": "Polygon", "coordinates": [ [ [ -95.959, 38.0402 ], [ -95.519, 38.0382 ], [ -95.5255, 37.7328 ], [ -95.9609, 37.7343 ], [ -95.959, 38.0402 ] ], [ [ -95.7757, 37.8505 ], [ -95.6839, 37.8499 ], [ -95.6839, 37.8789 ], [ -95.6932, 37.8864 ], [ -95.6932, 37.9081 ], [ -95.7243, 37.9083 ], [ -95.7389, 37.9022 ], [ -95.7393, 37.9085 ], [ -95.7761, 37.9087 ], [ -95.7757, 37.8505 ] ] ] } },
{ "type": "Feature", "properties": { "GEOIDFQ": "1400000US20207096700", "NAME": "967", "NAMELSAD": "Census Tract 967" }, "geometry": { "type": "Polygon", "coordinates": [ [ [ -95.7761, 37.9087 ], [ -95.7393, 37.9085 ], [ -95.7389, 37.9022 ], [ -95.7243, 37.9083 ], [ -95.6932, 37.9081 ], [ -95.6932, 37.8864 ], [ -95.6839, 37.8789 ], [ -95.6839, 37.8499 ], [ -95.7757, 37.8505 ], [ -95.7761, 37.9087 ] ] ] } },
{ "type": "Feature", "properties": { "GEOIDFQ": "1400000US20173008400", "NAME": "84", "NAMELSAD": "Census Tract 84" }, "geometry": { "type": "Polygon", "coordinates": [ [ [ -97.3805, 37.7315 ], [ -97.3601, 37.73 ], [ -97.3577, 37.717 ], [ -97.3865, 37.7257 ], [ -97.3805, 37.7315 ] ] ] } },
{ "type": "Feature", "properties": { "GEOIDFQ": "1400000US20173008500", "NAME": "85", "NAMELSAD": "Census Tract 85" }, "geometry": { "type": "Polygon", "coordinates": [ [ [ -97.3631, 37.7168 ], [ -97.3635, 37.7082 ], [ -97.3805, 37.7088 ], [ -97.3807, 37.7205 ], [ -97.3631, 37.7168 ] ] ] } },
{ "type": "Feature", "properties": { "GEOIDFQ": "1400000US20173008600", "NAME": "86", "NAMELSAD": "Census Tract 86" }, "geometry": { "type": "Polygon", "coordinates": [ [ [ -97.3865, 37.7257 ], [ -97.3807, 37.721 ], [ -97.3805, 37.7088 ], [ -97.405, 37.7093 ], [ -97.3865, 37.7257 ] ] ] } },
{ "type": "Feature", "properties": { "GEOIDFQ": "1400000US20173008700", "NAME": "87", "NAMELSAD": "Census Tract 87" }, "geometry": { "type": "Polygon", "coordinates": [ [ [ -97.3659, 37.7088 ], [ -97.3635, 37.7082 ], [ -97.3726, 37.7004 ], [ -97.3693, 37.6951 ], [ -97.3793, 37.6949 ], [ -97.3933, 37.7089 ], [ -97.3659, 37.7088 ] ] ] } },
{ "type": "Feature", "properties": { "GEOIDFQ": "1400000US20173008000", "NAME": "80", "NAMELSAD": "Census Tract 80" }, "geometry": { "type": "Polygon", "coordinates": [ [ [ -97.3359, 37.8105 ], [ -97.2993, 37.8105 ], [ -97.2992, 37.7959 ], [ -97.3174, 37.7959 ], [ -97.3174, 37.7813 ], [ -97.3358, 37.7814 ], [ -97.3359, 37.8105 ] ] ] } },
{ "type": "Feature", "properties": { "GEOIDFQ": "1400000US20173008200", "NAME": "82", "NAMELSAD": "Census Tract 82" }, "geometry": { "type": "Polygon", "coordinates": [ [ [ -97.336, 37.7533 ], [ -97.337, 37.7335 ], [ -97.3448, 37.7335 ], [ -97.3566, 37.7215 ], [ -97.3602, 37.7311 ], [ -97.3534, 37.7343 ], [ -97.3584, 37.7401 ], [ -97.3529, 37.7468 ], [ -97.361, 37.7493 ], [ -97.336, 37.7533 ] ] ] } },
{ "type": "Feature", "properties": { "GEOIDFQ": "1400000US20209044807", "NAME": "448.07", "NAMELSAD": "Census Tract 448.07" }, "geometry": { "type": "Polygon", "coordinates": [ [ [ -94.9085, 39.1157 ], [ -94.8537, 39.1158 ], [ -94.8536, 39.1016 ], [ -94.835, 39.1017 ], [ -94.835, 39.0944 ], [ -94.8443, 39.0944 ], [ -94.8443, 39.0799 ], [ -94.8349, 39.0799 ], [ -94.835, 39.0654 ], [ -94.8717, 39.0593 ], [ -94.8804, 39.0748 ], [ -94.9005, 39.0725 ], [ -94.9041, 39.0552 ], [ -94.8844, 39.0482 ], [ -94.8911, 39.0307 ], [ -94.8884, 39.0161 ], [ -94.9088, 38.9914 ], [ -94.9085, 39.1157 ] ] ] } },
{ "type": "Feature", "properties": { "GEOIDFQ": "1400000US20169000500", "NAME": "5", "NAMELSAD": "Census Tract 5" }, "geometry": { "type": "Polygon", "coordinates": [ [ [ -97.625, 38.8272 ], [ -97.6127, 38.7982 ], [ -97.6319, 38.8111 ], [ -97.6397, 38.8271 ], [ -97.625, 38.8272 ] ] ] } },
{ "type": "Feature", "properties": { "GEOIDFQ": "1400000US20173009512", "NAME": "95.12", "NAMELSAD": "Census Tract 95.12" }, "geometry": { "type": "Polygon", "coordinates": [ [ [ -97.4807, 37.6935 ], [ -97.4628, 37.6937 ], [ -97.4625, 37.6793 ], [ -97.4807, 37.679 ], [ -97.4807, 37.6935 ] ] ] } },
{ "type": "Feature", "properties": { "GEOIDFQ": "1400000US20173008100", "NAME": "81", "NAMELSAD": "Census Tract 81" }, "geometry": { "type": "Polygon", "coordinates": [ [ [ -97.3359, 37.8105 ], [ -97.3358, 37.7814 ], [ -97.3174, 37.7813 ], [ -97.3179, 37.7256 ], [ -97.3321, 37.7175 ], [ -97.336, 37.7533 ], [ -97.371, 37.7573 ], [ -97.372, 37.8105 ], [ -97.3359, 37.8105 ] ] ] } },
{ "type": "Feature", "properties": { "GEOIDFQ": "1400000US20127963600", "NAME": "9636", "NAMELSAD": "Census Tract 9636" }, "geometry": { "type": "Polygon", "coordinates": [ [ [ -96.9274, 38.696 ], [ -96.9272, 38.8122 ], [ -96.8901, 38.8123 ], [ -96.8902, 38.8701 ], [ -96.5016, 38.8697 ], [ -96.5014, 38.8262 ], [ -96.3904, 38.8259 ], [ -96.3897, 38.739 ], [ -96.3526, 38.7393 ], [ -96.3538, 38.5217 ], [ -96.93, 38.5224 ], [ -96.9338, 38.6556 ], [ -96.9274, 38.696 ] ], [ [ -96.4637, 38.644 ], [ -96.4592, 38.6955 ], [ -96.4411, 38.6955 ], [ -96.441, 38.722 ], [ -96.4269, 38.7312 ], [ -96.4269, 38.7609 ], [ -96.4547, 38.7608 ], [ -96.4548, 38.7717 ], [ -96.4827, 38.7717 ], [ -96.4826, 38.7536 ], [ -96.5011, 38.7538 ], [ -96.4907, 38.6875 ], [ -96.5154, 38.6758 ], [ -96.5202, 38.6528 ], [ -96.5357, 38.6421 ], [ -96.4637, 38.644 ] ] ] } },
{ "type": "Feature", "properties": { "GEOIDFQ": "1400000US20127963700", "NAME": "9637", "NAMELSAD": "Census Tract 9637" }, "geometry": { "type": "Polygon", "coordinates": [ [ [ -96.5202, 38.6528 ], [ -96.5154, 38.6758 ], [ -96.4907, 38.6875 ], [ -96.5011, 38.7538 ], [ -96.4826, 38.7536 ], [ -96.4827, 38.7717 ], [ -96.4548, 38.7717 ], [ -96.4547, 38.7608 ], [ -96.4269, 38.7609 ], [ -96.4269, 38.7312 ], [ -96.441, 38.722 ], [ -96.4411, 38.6955 ], [ -96.4592, 38.6955 ], [ -96.4637, 38.644 ], [ -96.5361, 38.6421 ], [ -96.5202, 38.6528 ] ] ] } },
{ "type": "Feature", "properties": { "GEOIDFQ": "1400000US20173007800", "NAME": "78", "NAMELSAD": "Census Tract 78" }, "geometry": { "type": "Polygon", "coordinates": [ [ [ -97.299, 37.7417 ], [ -97.299, 37.7228 ], [ -97.3082, 37.7227 ], [ -97.3082, 37.73 ], [ -97.3173, 37.7286 ], [ -97.3175, 37.736 ], [ -97.299, 37.7417 ] ] ] } },
{ "type": "Feature", "properties": { "GEOIDFQ": "1400000US20173008300", "NAME": "83", "NAMELSAD": "Census Tract 83" }, "geometry": { "type": "Polygon", "coordinates": [ [ [ -97.3728, 37.7563 ], [ -97.346, 37.7565 ], [ -97.361, 37.7493 ], [ -97.3529, 37.7468 ], [ -97.3584, 37.7401 ], [ -97.3537, 37.7338 ], [ -97.3803, 37.7317 ], [ -97.3728, 37.7563 ] ] ] } },
{ "type": "Feature", "properties": { "GEOIDFQ": "1400000US20109954600", "NAME": "9546", "NAMELSAD": "Census Tract 9546" }, "geometry": { "type": "Polygon", "coordinates": [ [ [ -101.4782, 39.1348 ], [ -100.8119, 39.1334 ], [ -100.8187, 38.6999 ], [ -101.4844, 38.7002 ], [ -101.4782, 39.1348 ] ] ] } }
]
}
