{
"type": "FeatureCollection",
"name": "state_21_tracts_simplified",
"crs": { "type": "name", "properties": { "name": "urn:ogc:def:crs:OGC:1.3:CRS84" } },
"features": [
{ "type": "Feature", "properties": { "GEOIDFQ": "1400000US21043960602", "NAME": "9606.02", "NAMELSAD": "Census Tract 9606.02" }, "geometry": { "type": "Polygon", "coordinates": [ [ [ -82.9672, 38.3017 ], [ -82.9496, 38.321 ], [ -82.9418, 38.3451 ], [ -82.9239, 38.3479 ], [ -82.9261, 38.3438 ], [ -82.902, 38.3342 ], [ -82.8633, 38.346 ], [ -82.8297, 38.3461 ], [ -82.8175, 38.3536 ], [ -82.7796, 38.349 ], [ -82.7821, 38.3351 ], [ -82.8036, 38.3341 ], [ -82.8097, 38.3203 ], [ -82.8212, 38.3154 ], [ -82.8423, 38.3135 ], [ -82.8541, 38.3197 ], [ -82.875, 38.3085 ], [ -82.8872, 38.3137 ], [ -82.9193, 38.3106 ], [ -82.9269, 38.3072 ], [ -82.9213, 38.2909 ], [ -82.9307, 38.2978 ], [ -82.9359, 38.2935 ], [ -82.9433, 38.3054 ], [ -82.954, 38.2852 ], [ -82.9647, 38.2977 ], [ -82.9689, 38.2871 ], [ -82.9672, 38.3017 ] ] ] } },
{ "type": "Feature", "properties": { "GEOIDFQ": "1400000US21043960601", "NAME": "9606.01", "NAMELSAD": "Census Tract 9606.01" }, "geometry": { "type": "Polygon", "coordinates": [ [ [ -82.9311, 38.3842 ], [ -82.9341, 38.3941 ], [ -82.914, 38.3946 ], [ -82.9118, 38.3987 ], [ -82.7717, 38.3626 ], [ -82.7796, 38.349 ], [ -82.8175, 38.3536 ], [ -82.8297, 38.3461 ], [ -82.8633, 38.346 ], [ -82.9018, 38.3342 ], [ -82.9202, 38.3405 ], [ -82.9178, 38.3445 ], [ -82.9258, 38.3437 ], [ -82.9239, 38.3479 ], [ -82.9418, 38.3451 ], [ -82.9311, 38.3842 ] ] ] } },
{ "type": "Feature", "properties": { "GEOIDFQ": "1400000US21111012502", "NAME": "125.02", "NAMELSAD": "Census Tract 125.02" }, "geometry": { "type": "Polygon", "coordinates": [ [ [ -85.8497, 38.1582 ], [ -85.8353, 38.1683 ], [ -85.8349, 38.176 ], [ -85.8233, 38.1743 ], [ -85.8195, 38.1712 ], [ -85.8396, 38.1435 ], [ -85.852, 38.1442 ], [ -85.8497, 38.1582 ] ] ] } },
{ "type": "Feature", "properties": { "GEOIDFQ": "1400000US21021930300", "NAME": "9303", "NAMELSAD": "Census Tract 9303" }, "geometry": { "type": "Polygon", "coordinates": [ [ [ -84.7839, 37.6616 ], [ -84.7827, 37.6497 ], [ -84.7643, 37.6485 ], [ -84.7666, 37.6444 ], [ -84.7516, 37.6322 ], [ -84.752, 37.6296 ], [ -84.7735, 37.6362 ], [ -84.7813, 37.6321 ], [ -84.7879, 37.6515 ], [ -84.7839, 37.6616 ] ] ] } },
{ "type": "Feature", "properties": { "GEOIDFQ": "1400000US21021930200", "NAME": "9302", "NAMELSAD": "Census Tract 9302" }, "geometry": { "type": "Polygon", "coordinates": [ [ [ -84.7388, 37.6655 ], [ -84.7251, 37.667 ], [ -84.7183, 37.6791 ], [ -84.7264, 37.6833 ], [ -84.7229, 37.6935 ], [ -84.7, 37.6974 ], [ -84.7019, 37.683 ], [ -84.6844, 37.6874 ], [ -84.6801, 37.6755 ], [ -84.705, 37.662 ], [ -84.6936, 37.6646 ], [ -84.679, 37.6555 ], [ -84.6942, 37.6414 ], [ -84.6775, 37.6371 ], [ -84.6725, 37.6407 ], [ -84.6794, 37.6458 ], [ -84.6566, 37.6545 ], [ -84.653, 37.6422 ], [ -84.6658, 37.6402 ], [ -84.6667, 37.6343 ], [ -84.6589, 37.6353 ], [ -84.6521, 37.6255 ], [ -84.6596, 37.6175 ], [ -84.6649, 37.6252 ], [ -84.6662, 37.6175 ], [ -84.6741, 37.6158 ], [ -84.6761, 37.6238 ], [ -84.6838, 37.621 ], [ -84.6903, 37.6256 ], [ -84.6964, 37.6173 ], [ -84.6883, 37.6125 ], [ -84.7237, 37.5913 ], [ -84.747, 37.5856 ], [ -84.7442, 37.5974 ], [ -84.7575, 37.5999 ], [ -84.7494, 37.6088 ], [ -84.7516, 37.6322 ], [ -84.7667, 37.6446 ], [ -84.7388, 37.6655 ] ] ] } },
{ "type": "Feature", "properties": { "GEOIDFQ": "1400000US21021930600", "NAME": "9306", "NAMELSAD": "Census Tract 9306" }, "geometry": { "type": "Polygon", "coordinates": [ [ [ -85.025, 37.6789 ], [ -84.8932, 37.692 ], [ -84.8842, 37.6525 ], [ -84.8888, 37.6349 ], [ -84.8609, 37.6295 ], [ -84.8517, 37.6196 ], [ -84.8651, 37.5946 ], [ -84.9475, 37.6001 ], [ -84.9511, 37.5676 ], [ -84.97, 37.5511 ], [ -84.9492, 37.533 ], [ -85.0022, 37.5336 ], [ -85.0024, 37.5485 ], [ -85.0271, 37.5505 ], [ -85.0397, 37.5452 ], [ -85.025, 37.6789 ] ] ] } },
{ "type": "Feature", "properties": { "GEOIDFQ": "1400000US21021930500", "NAME": "9305", "NAMELSAD": "Census Tract 9305" }, "geometry": { "type": "Polygon", "coordinates": [ [ [ -84.8079, 37.7046 ], [ -84.7999, 37.7116 ], [ -84.7826, 37.701 ], [ -84.7809, 37.6729 ], [ -84.7879, 37.6507 ], [ -84.7808, 37.6341 ], [ -84.7952, 37.6133 ], [ -84.7972, 37.5947 ], [ -84.808, 37.5916 ], [ -84.8241, 37.601 ], [ -84.8655, 37.5943 ], [ -84.8517, 37.6196 ], [ -84.8609, 37.6295 ], [ -84.8877, 37.6331 ], [ -84.8852, 37.6645 ], [ -84.8925, 37.6909 ], [ -84.8988, 37.6927 ], [ -84.8079, 37.7046 ] ] ] } },
{ "type": "Feature", "properties": { "GEOIDFQ": "1400000US21047201100", "NAME": "2011", "NAMELSAD": "Census Tract 2011" }, "geometry": { "type": "Polygon", "coordinates": [ [ [ -87.4972, 37.0864 ], [ -87.477, 37.1274 ], [ -87.3723, 37.1323 ], [ -87.3562, 37.1432 ], [ -87.3603, 37.1567 ], [ -87.3337, 37.1572 ], [ -87.3322, 37.1407 ], [ -87.3273, 37.1404 ], [ -87.3344, 37.1322 ], [ -87.3243, 37.133 ], [ -87.3127, 37.1141 ], [ -87.3172, 37.1124 ], [ -87.3049, 37.1063 ], [ -87.3, 37.1132 ], [ -87.2849, 37.1084 ], [ -87.2791, 37.0913 ], [ -87.286, 37.0867 ], [ -87.2787, 37.0738 ], [ -87.2659, 37.07 ], [ -87.2595, 37.0769 ], [ -87.2821, 36.9455 ], [ -87.308, 36.955 ], [ -87.3187, 36.971 ], [ -87.3339, 36.9718 ], [ -87.3581, 36.9839 ], [ -87.3712, 36.972 ], [ -87.4039, 36.9583 ], [ -87.4279, 36.9333 ], [ -87.4726, 36.9491 ], [ -87.4879, 36.9966 ], [ -87.4848, 37.0317 ], [ -87.4911, 37.0402 ], [ -87.5126, 37.0383 ], [ -87.519, 37.0556 ], [ -87.5011, 37.0584 ], [ -87.527, 37.0833 ], [ -87.4972, 37.0864 ] ] ] } },
{ "type": "Feature", "properties": { "GEOIDFQ": "1400000US21021930400", "NAME": "9304", "NAMELSAD": "Census Tract 9304" }, "geometry": { "type": "Polygon", "coordinates": [ [ [ -84.7943, 37.6153 ], [ -84.778, 37.6346 ], [ -84.7536, 37.6333 ], [ -84.7494, 37.6089 ], [ -84.7574, 37.6002 ], [ -84.7751, 37.5936 ], [ -84.7736, 37.6013 ], [ -84.798, 37.6003 ], [ -84.7943, 37.6153 ] ] ] } },
{ "type": "Feature", "properties": { "GEOIDFQ": "1400000US21021930700", "NAME": "9307", "NAMELSAD": "Census Tract 9307" }, "geometry": { "type": "Polygon", "coordinates": [ [ [ -84.9511, 37.5676 ], [ -84.9475, 37.6001 ], [ -84.8622, 37.5941 ], [ -84.8237, 37.6009 ], [ -84.808, 37.5916 ], [ -84.7972, 37.5947 ], [ -84.7969, 37.6008 ], [ -84.775, 37.6016 ], [ -84.7751, 37.5936 ], [ -84.7574, 37.6002 ], [ -84.7568, 37.5884 ], [ -84.7473, 37.5855 ], [ -84.7837, 37.5766 ], [ -84.8981, 37.5321 ], [ -84.9492, 37.533 ], [ -84.97, 37.5511 ], [ -84.9511, 37.5676 ] ] ] } },
{ "type": "Feature", "properties": { "GEOIDFQ": "1400000US21021930100", "NAME": "9301", "NAMELSAD": "Census Tract 9301" }, "geometry": { "type": "Polygon", "coordinates": [ [ [ -84.7936, 37.7172 ], [ -84.7354, 37.712 ], [ -84.7436, 37.698 ], [ -84.7238, 37.6952 ], [ -84.7264, 37.6833 ], [ -84.7183, 37.6791 ], [ -84.7251, 37.667 ], [ -84.7385, 37.6657 ], [ -84.764, 37.6485 ], [ -84.7827, 37.6497 ], [ -84.7802, 37.698 ], [ -84.7999, 37.7116 ], [ -84.7936, 37.7172 ] ] ] } },
{ "type": "Feature", "properties": { "GEOIDFQ": "1400000US21211040301", "NAME": "403.01", "NAMELSAD": "Census Tract 403.01" }, "geometry": { "type": "Polygon", "coordinates": [ [ [ -85.251, 38.2275 ], [ -85.2351, 38.2201 ], [ -85.2319, 38.2051 ], [ -85.2476, 38.2056 ], [ -85.2445, 38.2129 ], [ -85.2597, 38.2139 ], [ -85.251, 38.2275 ] ] ] } },
{ "type": "Feature", "properties": { "GEOIDFQ": "1400000US21215080103", "NAME": "801.03", "NAMELSAD": "Census Tract 801.03" }, "geometry": { "type": "Polygon", "coordinates": [ [ [ -85.4866, 38.0624 ], [ -85.4629, 38.0535 ], [ -85.4535, 38.0419 ], [ -85.4161, 38.0318 ], [ -85.3516, 38.0303 ], [ -85.3468, 38.0261 ], [ -85.3585, 38.0067 ], [ -85.3738, 38.0178 ], [ -85.3822, 38.0174 ], [ -85.3807, 38.0034 ], [ -85.3965, 37.9983 ], [ -85.3887, 37.9926 ], [ -85.3609, 37.9945 ], [ -85.3672, 37.9809 ], [ -85.3603, 37.962 ], [ -85.3493, 37.9655 ], [ -85.3525, 37.945 ], [ -85.3999, 37.94 ], [ -85.4258, 37.9596 ], [ -85.4606, 37.9696 ], [ -85.5169, 38.0113 ], [ -85.4866, 38.0624 ] ] ] } },
{ "type": "Feature", "properties": { "GEOIDFQ": "1400000US21015980100", "NAME": "9801", "NAMELSAD": "Census Tract 9801" }, "geometry": { "type": "Polygon", "coordinates": [ [ [ -84.6867, 39.0496 ], [ -84.6852, 39.0738 ], [ -84.6545, 39.0707 ], [ -84.6574, 39.0626 ], [ -84.6454, 39.0614 ], [ -84.6364, 39.0392 ], [ -84.644, 39.0282 ], [ -84.641, 39.0223 ], [ -84.6872, 39.0188 ], [ -84.7004, 39.0477 ], [ -84.6867, 39.0496 ] ] ] } },
{ "type": "Feature", "properties": { "GEOIDFQ": "1400000US21179930301", "NAME": "9303.01", "NAMELSAD": "Census Tract 9303.01" }, "geometry": { "type": "Polygon", "coordinates": [ [ [ -85.5762, 37.8485 ], [ -85.569, 37.8488 ], [ -85.5683, 37.8633 ], [ -85.551, 37.8686 ], [ -85.5425, 37.8804 ], [ -85.5087, 37.8518 ], [ -85.4986, 37.8552 ], [ -85.4762, 37.8448 ], [ -85.4598, 37.8447 ], [ -85.4673, 37.8092 ], [ -85.572, 37.8096 ], [ -85.5822, 37.819 ], [ -85.5762, 37.8485 ] ] ] } },
{ "type": "Feature", "properties": { "GEOIDFQ": "1400000US21047200500", "NAME": "2005", "NAMELSAD": "Census Tract 2005" }, "geometry": { "type": "Polygon", "coordinates": [ [ [ -87.4915, 36.8499 ], [ -87.4888, 36.8539 ], [ -87.4737, 36.8336 ], [ -87.4733, 36.7944 ], [ -87.4846, 36.7969 ], [ -87.5006, 36.8537 ], [ -87.4915, 36.8499 ] ] ] } },
{ "type": "Feature", "properties": { "GEOIDFQ": "1400000US21047201200", "NAME": "2012", "NAMELSAD": "Census Tract 2012" }, "geometry": { "type": "Polygon", "coordinates": [ [ [ -87.4765, 36.9528 ], [ -87.4769, 36.9707 ], [ -87.4726, 36.9491 ], [ -87.4279, 36.9333 ], [ -87.4039, 36.9583 ], [ -87.3712, 36.972 ], [ -87.3581, 36.9839 ], [ -87.3339, 36.9718 ], [ -87.3189, 36.971 ], [ -87.308, 36.955 ], [ -87.2821, 36.9455 ], [ -87.3, 36.8469 ], [ -87.4296, 36.859 ], [ -87.4546, 36.8892 ], [ -87.4807, 36.898 ], [ -87.4904, 36.9313 ], [ -87.4765, 36.9528 ] ] ] } },
{ "type": "Feature", "properties": { "GEOIDFQ": "1400000US21047200600", "NAME": "2006", "NAMELSAD": "Census Tract 2006" }, "geometry": { "type": "Polygon", "coordinates": [ [ [ -87.5008, 36.8549 ], [ -87.4846, 36.7969 ], [ -87.4973, 36.8018 ], [ -87.5156, 36.7985 ], [ -87.5138, 36.8047 ], [ -87.5255, 36.8113 ], [ -87.5162, 36.8097 ], [ -87.519, 36.8157 ], [ -87.51, 36.8238 ], [ -87.5233, 36.8236 ], [ -87.5159, 36.8276 ], [ -87.5299, 36.8336 ], [ -87.5008, 36.8549 ] ] ] } },
{ "type": "Feature", "properties": { "GEOIDFQ": "1400000US21047200800", "NAME": "2008", "NAMELSAD": "Census Tract 2008" }, "geometry": { "type": "Polygon", "coordinates": [ [ [ -87.5143, 36.8927 ], [ -87.4975, 36.8928 ], [ -87.5011, 36.872 ], [ -87.5465, 36.8742 ], [ -87.5143, 36.8927 ] ] ] } },
{ "type": "Feature", "properties": { "GEOIDFQ": "1400000US21047201400", "NAME": "2014", "NAMELSAD": "Census Tract 2014" }, "geometry": { "type": "Polygon", "coordinates": [ [ [ -87.6743, 36.6882 ], [ -87.6827, 36.7034 ], [ -87.6738, 36.7556 ], [ -87.6738, 36.8279 ], [ -87.6692, 36.8329 ], [ -87.6574, 36.8321 ], [ -87.6623, 36.8376 ], [ -87.6545, 36.8428 ], [ -87.641, 36.8379 ], [ -87.6451, 36.8432 ], [ -87.6395, 36.8407 ], [ -87.6289, 36.8537 ], [ -87.6353, 36.8622 ], [ -87.5985, 36.8492 ], [ -87.6137, 36.8386 ], [ -87.6069, 36.8255 ], [ -87.5894, 36.8046 ], [ -87.5614, 36.8076 ], [ -87.5617, 36.7941 ], [ -87.5469, 36.7839 ], [ -87.5434, 36.7872 ], [ -87.5532, 36.7934 ], [ -87.5455, 36.7919 ], [ -87.5297, 36.8009 ], [ -87.523, 36.7919 ], [ -87.5185, 36.8002 ], [ -87.4973, 36.8018 ], [ -87.4734, 36.7945 ], [ -87.4716, 36.7608 ], [ -87.4421, 36.661 ], [ -87.4628, 36.6676 ], [ -87.4753, 36.689 ], [ -87.5055, 36.6838 ], [ -87.5168, 36.6898 ], [ -87.5182, 36.6548 ], [ -87.5675, 36.6536 ], [ -87.5711, 36.6464 ], [ -87.6667, 36.647 ], [ -87.6673, 36.6565 ], [ -87.6757, 36.6565 ], [ -87.6745, 36.6643 ], [ -87.684, 36.6677 ], [ -87.6743, 36.6882 ] ] ] } },
{ "type": "Feature", "properties": { "GEOIDFQ": "1400000US21047200200", "NAME": "2002", "NAMELSAD": "Census Tract 2002" }, "geometry": { "type": "Polygon", "coordinates": [ [ [ -87.4961, 36.8794 ], [ -87.5007, 36.895 ], [ -87.4807, 36.898 ], [ -87.4849, 36.8715 ], [ -87.4922, 36.8653 ], [ -87.5032, 36.8717 ], [ -87.4961, 36.8794 ] ] ] } },
{ "type": "Feature", "properties": { "GEOIDFQ": "1400000US21047200100", "NAME": "2001", "NAMELSAD": "Census Tract 2001" }, "geometry": { "type": "Polygon", "coordinates": [ [ [ -87.4916, 36.8654 ], [ -87.489, 36.8718 ], [ -87.4681, 36.8748 ], [ -87.4725, 36.8639 ], [ -87.4834, 36.8644 ], [ -87.4915, 36.8499 ], [ -87.5007, 36.8539 ], [ -87.5023, 36.8677 ], [ -87.4916, 36.8654 ] ] ] } },
{ "type": "Feature", "properties": { "GEOIDFQ": "1400000US21047201000", "NAME": "2010", "NAMELSAD": "Census Tract 2010" }, "geometry": { "type": "Polygon", "coordinates": [ [ [ -87.7109, 37.0216 ], [ -87.6806, 37.1492 ], [ -87.6501, 37.1471 ], [ -87.5216, 37.1053 ], [ -87.4915, 37.1255 ], [ -87.477, 37.1274 ], [ -87.4972, 37.0864 ], [ -87.527, 37.0833 ], [ -87.5011, 37.0584 ], [ -87.519, 37.0556 ], [ -87.5126, 37.0383 ], [ -87.4911, 37.0402 ], [ -87.4848, 37.0317 ], [ -87.4879, 36.997 ], [ -87.4803, 36.9808 ], [ -87.5116, 36.9776 ], [ -87.5154, 36.9698 ], [ -87.5425, 36.9683 ], [ -87.5478, 36.9585 ], [ -87.5556, 36.9699 ], [ -87.577, 36.9773 ], [ -87.5906, 36.9708 ], [ -87.603, 36.9746 ], [ -87.6042, 36.9618 ], [ -87.6199, 36.9609 ], [ -87.6265, 36.9546 ], [ -87.6332, 36.9616 ], [ -87.6399, 36.9555 ], [ -87.7334, 37.0021 ], [ -87.7109, 37.0216 ] ] ] } },
{ "type": "Feature", "properties": { "GEOIDFQ": "1400000US21047200300", "NAME": "2003", "NAMELSAD": "Census Tract 2003" }, "geometry": { "type": "Polygon", "coordinates": [ [ [ -87.4807, 36.898 ], [ -87.4546, 36.8892 ], [ -87.4298, 36.8591 ], [ -87.4149, 36.855 ], [ -87.4187, 36.8473 ], [ -87.4114, 36.8405 ], [ -87.4104, 36.8253 ], [ -87.4157, 36.8163 ], [ -87.4268, 36.8235 ], [ -87.4326, 36.8178 ], [ -87.429, 36.8063 ], [ -87.4403, 36.7938 ], [ -87.4502, 36.7987 ], [ -87.4728, 36.7934 ], [ -87.4733, 36.8318 ], [ -87.4616, 36.8479 ], [ -87.4728, 36.8592 ], [ -87.4681, 36.8748 ], [ -87.4848, 36.8716 ], [ -87.4807, 36.898 ] ] ] } },
{ "type": "Feature", "properties": { "GEOIDFQ": "1400000US21027960400", "NAME": "9604", "NAMELSAD": "Census Tract 9604" }, "geometry": { "type": "Polygon", "coordinates": [ [ [ -86.6389, 37.6619 ], [ -86.6223, 37.655 ], [ -86.6306, 37.6756 ], [ -86.5432, 37.7059 ], [ -86.4826, 37.7146 ], [ -86.4797, 37.7232 ], [ -86.465, 37.7211 ], [ -86.4597, 37.6882 ], [ -86.4414, 37.6983 ], [ -86.4321, 37.6864 ], [ -86.4265, 37.6884 ], [ -86.4387, 37.6663 ], [ -86.4331, 37.6461 ], [ -86.4406, 37.6293 ], [ -86.4528, 37.6403 ], [ -86.4602, 37.6203 ], [ -86.4686, 37.6164 ], [ -86.4799, 37.6224 ], [ -86.4881, 37.6149 ], [ -86.4818, 37.6112 ], [ -86.5023, 37.6007 ], [ -86.5049, 37.6065 ], [ -86.4955, 37.6127 ], [ -86.5034, 37.6222 ], [ -86.5352, 37.6153 ], [ -86.5414, 37.5996 ], [ -86.523, 37.5995 ], [ -86.5386, 37.5884 ], [ -86.551, 37.5882 ], [ -86.5534, 37.5967 ], [ -86.575, 37.5996 ], [ -86.5694, 37.5806 ], [ -86.5928, 37.5644 ], [ -86.6193, 37.5852 ], [ -86.6251, 37.6043 ], [ -86.6407, 37.621 ], [ -86.6389, 37.6619 ] ] ] } },
{ "type": "Feature", "properties": { "GEOIDFQ": "1400000US21111000800", "NAME": "8", "NAMELSAD": "Census Tract 8" }, "geometry": { "type": "Polygon", "coordinates": [ [ [ -85.834, 38.2687 ], [ -85.8166, 38.2628 ], [ -85.827, 38.2505 ], [ -85.8372, 38.2509 ], [ -85.834, 38.2687 ] ] ] } },
{ "type": "Feature", "properties": { "GEOIDFQ": "1400000US21111000900", "NAME": "9", "NAMELSAD": "Census Tract 9" }, "geometry": { "type": "Polygon", "coordinates": [ [ [ -85.8259, 38.2565 ], [ -85.8145, 38.2552 ], [ -85.8151, 38.2501 ], [ -85.8269, 38.2506 ], [ -85.8259, 38.2565 ] ] ] } },
{ "type": "Feature", "properties": { "GEOIDFQ": "1400000US21027960300", "NAME": "9603", "NAMELSAD": "Census Tract 9603" }, "geometry": { "type": "Polygon", "coordinates": [ [ [ -86.6661, 37.8358 ], [ -86.6262, 37.8468 ], [ -86.5994, 37.8653 ], [ -86.5996, 37.9074 ], [ -86.5865, 37.9223 ], [ -86.5262, 37.9195 ], [ -86.5238, 37.9057 ], [ -86.4999, 37.8983 ], [ -86.4969, 37.889 ], [ -86.4844, 37.8951 ], [ -86.4733, 37.8853 ], [ -86.467, 37.8623 ], [ -86.5003, 37.8278 ], [ -86.4862, 37.8037 ], [ -86.488, 37.7951 ], [ -86.4922, 37.7923 ], [ -86.4988, 37.7975 ], [ -86.5473, 37.7796 ], [ -86.5313, 37.7803 ], [ -86.5244, 37.7683 ], [ -86.5437, 37.7672 ], [ -86.5404, 37.7542 ], [ -86.5183, 37.7413 ], [ -86.5257, 37.7295 ], [ -86.5187, 37.7085 ], [ -86.5425, 37.7061 ], [ -86.6306, 37.6756 ], [ -86.6779, 37.7928 ], [ -86.6661, 37.8358 ] ] ] } },
{ "type": "Feature", "properties": { "GEOIDFQ": "1400000US21027960100", "NAME": "9601", "NAMELSAD": "Census Tract 9601" }, "geometry": { "type": "Polygon", "coordinates": [ [ [ -86.5067, 37.931 ], [ -86.5249, 37.9665 ], [ -86.5244, 38.0315 ], [ -86.5159, 38.0431 ], [ -86.4909, 38.0457 ], [ -86.2428, 37.877 ], [ -86.1518, 37.7993 ], [ -86.1734, 37.8018 ], [ -86.1864, 37.7948 ], [ -86.216, 37.8022 ], [ -86.2331, 37.7939 ], [ -86.2715, 37.7971 ], [ -86.2812, 37.7926 ], [ -86.2936, 37.7715 ], [ -86.3352, 37.7924 ], [ -86.3764, 37.7805 ], [ -86.3855, 37.7901 ], [ -86.3853, 37.8152 ], [ -86.4106, 37.8272 ], [ -86.3988, 37.8396 ], [ -86.3746, 37.845 ], [ -86.3717, 37.858 ], [ -86.3888, 37.8692 ], [ -86.4053, 37.8532 ], [ -86.4318, 37.8607 ], [ -86.4334, 37.8681 ], [ -86.4435, 37.8602 ], [ -86.4391, 37.8712 ], [ -86.459, 37.8775 ], [ -86.4601, 37.8948 ], [ -86.4738, 37.8992 ], [ -86.4759, 37.893 ], [ -86.4912, 37.8946 ], [ -86.4969, 37.889 ], [ -86.4999, 37.8983 ], [ -86.5238, 37.9057 ], [ -86.5262, 37.9195 ], [ -86.5067, 37.931 ] ] ] } },
{ "type": "Feature", "properties": { "GEOIDFQ": "1400000US21027960200", "NAME": "9602", "NAMELSAD": "Census Tract 9602" }, "geometry": { "type": "Polygon", "coordinates": [ [ [ -86.4988, 37.7975 ], [ -86.4922, 37.7923 ], [ -86.488, 37.7951 ], [ -86.4862, 37.8037 ], [ -86.5003, 37.8278 ], [ -86.4669, 37.8625 ], [ -86.473, 37.8848 ], [ -86.4844, 37.8951 ], [ -86.4767, 37.8926 ], [ -86.4699, 37.8995 ], [ -86.4592, 37.8937 ], [ -86.4639, 37.8855 ], [ -86.4581, 37.8767 ], [ -86.4391, 37.8712 ], [ -86.4435, 37.8602 ], [ -86.4334, 37.8681 ], [ -86.4318, 37.8607 ], [ -86.4053, 37.8532 ], [ -86.3888, 37.8692 ], [ -86.3713, 37.8574 ], [ -86.375, 37.8447 ], [ -86.3988, 37.8396 ], [ -86.4106, 37.8272 ], [ -86.3853, 37.8152 ], [ -86.3855, 37.7901 ], [ -86.3764, 37.7805 ], [ -86.3525, 37.7836 ], [ -86.3411, 37.779 ], [ -86.3479, 37.7455 ], [ -86.3587, 37.7293 ], [ -86.347, 37.7077 ], [ -86.3597, 37.7059 ], [ -86.3574, 37.7002 ], [ -86.3679, 37.7042 ], [ -86.372, 37.6956 ], [ -86.3891, 37.7013 ], [ -86.3883, 37.6909 ], [ -86.4082, 37.696 ], [ -86.4171, 37.7196 ], [ -86.4567, 37.6878 ], [ -86.4648, 37.721 ], [ -86.4797, 37.7232 ], [ -86.4824, 37.7147 ], [ -86.5187, 37.7085 ], [ -86.5257, 37.7295 ], [ -86.5183, 37.7413 ], [ -86.5404, 37.7542 ], [ -86.5437, 37.7672 ], [ -86.5244, 37.7683 ], [ -86.5313, 37.7803 ], [ -86.5473, 37.7796 ], [ -86.4988, 37.7975 ] ] ] } },
{ "type": "Feature", "properties": { "GEOIDFQ": "1400000US21111011522", "NAME": "115.22", "NAMELSAD": "Census Tract 115.22" }, "geometry": { "type": "Polygon", "coordinates": [ [ [ -85.6389, 38.1599 ], [ -85.6291, 38.151 ], [ -85.6263, 38.1372 ], [ -85.6419, 38.138 ], [ -85.6373, 38.1475 ], [ -85.6454, 38.1481 ], [ -85.6389, 38.1599 ] ] ] } },
{ "type": "Feature", "properties": { "GEOIDFQ": "1400000US21111010323", "NAME": "103.23", "NAMELSAD": "Census Tract 103.23" }, "geometry": { "type": "Polygon", "coordinates": [ [ [ -85.5456, 38.3284 ], [ -85.527, 38.318 ], [ -85.5532, 38.3174 ], [ -85.5615, 38.3158 ], [ -85.5456, 38.3284 ] ] ] } },
{ "type": "Feature", "properties": { "GEOIDFQ": "1400000US21111012004", "NAME": "120.04", "NAMELSAD": "Census Tract 120.04" }, "geometry": { "type": "Polygon", "coordinates": [ [ [ -85.7406, 38.129 ], [ -85.7372, 38.1162 ], [ -85.7486, 38.1122 ], [ -85.7598, 38.1233 ], [ -85.7406, 38.129 ] ] ] } },
{ "type": "Feature", "properties": { "GEOIDFQ": "1400000US21111012109", "NAME": "121.09", "NAMELSAD": "Census Tract 121.09" }, "geometry": { "type": "Polygon", "coordinates": [ [ [ -85.8615, 38.1057 ], [ -85.8447, 38.1059 ], [ -85.837, 38.113 ], [ -85.8317, 38.1001 ], [ -85.854, 38.0886 ], [ -85.864, 38.0917 ], [ -85.8615, 38.1057 ] ] ] } },
{ "type": "Feature", "properties": { "GEOIDFQ": "1400000US21111007700", "NAME": "77", "NAMELSAD": "Census Tract 77" }, "geometry": { "type": "Polygon", "coordinates": [ [ [ -85.6683, 38.2652 ], [ -85.6594, 38.2533 ], [ -85.6843, 38.2546 ], [ -85.6858, 38.2606 ], [ -85.6683, 38.2652 ] ] ] } },
{ "type": "Feature", "properties": { "GEOIDFQ": "1400000US21111000202", "NAME": "2.02", "NAMELSAD": "Census Tract 2.02" }, "geometry": { "type": "Polygon", "coordinates": [ [ [ -85.7727, 38.2855 ], [ -85.7615, 38.2723 ], [ -85.7662, 38.2626 ], [ -85.7748, 38.26 ], [ -85.8021, 38.2847 ], [ -85.7727, 38.2855 ] ] ] } },
{ "type": "Feature", "properties": { "GEOIDFQ": "1400000US21077960104", "NAME": "9601.04", "NAMELSAD": "Census Tract 9601.04" }, "geometry": { "type": "Polygon", "coordinates": [ [ [ -84.9919, 38.7783 ], [ -84.9439, 38.7753 ], [ -84.9035, 38.7867 ], [ -84.8966, 38.7745 ], [ -84.9015, 38.7691 ], [ -84.8927, 38.7672 ], [ -84.8819, 38.7523 ], [ -84.884, 38.7452 ], [ -84.8701, 38.7311 ], [ -84.8585, 38.7291 ], [ -84.842, 38.7332 ], [ -84.7772, 38.771 ], [ -84.7749, 38.7658 ], [ -84.7808, 38.7652 ], [ -84.7858, 38.7205 ], [ -84.7941, 38.7245 ], [ -84.7996, 38.7155 ], [ -84.8131, 38.712 ], [ -84.8109, 38.7028 ], [ -84.834, 38.7119 ], [ -84.8447, 38.6968 ], [ -84.8684, 38.7 ], [ -84.8732, 38.6889 ], [ -84.8881, 38.6873 ], [ -84.89, 38.6764 ], [ -84.9041, 38.6785 ], [ -84.9049, 38.6698 ], [ -84.9116, 38.6687 ], [ -84.9254, 38.6734 ], [ -84.9345, 38.6621 ], [ -84.9627, 38.6796 ], [ -85.0231, 38.7613 ], [ -84.9919, 38.7783 ] ] ] } },
{ "type": "Feature", "properties": { "GEOIDFQ": "1400000US21077960103", "NAME": "9601.03", "NAMELSAD": "Census Tract 9601.03" }, "geometry": { "type": "Polygon", "coordinates": [ [ [ -84.8874, 38.7948 ], [ -84.8289, 38.7833 ], [ -84.8131, 38.7858 ], [ -84.8215, 38.7592 ], [ -84.8073, 38.7549 ], [ -84.8435, 38.7326 ], [ -84.8697, 38.7309 ], [ -84.8841, 38.7453 ], [ -84.8819, 38.7523 ], [ -84.8927, 38.7672 ], [ -84.9015, 38.7691 ], [ -84.8967, 38.7746 ], [ -84.9067, 38.7882 ], [ -84.8874, 38.7948 ] ] ] } },
{ "type": "Feature", "properties": { "GEOIDFQ": "1400000US21207960400", "NAME": "9604", "NAMELSAD": "Census Tract 9604" }, "geometry": { "type": "Polygon", "coordinates": [ [ [ -85.0273, 37.0745 ], [ -84.9994, 37.0878 ], [ -84.9813, 37.1121 ], [ -84.9705, 37.1129 ], [ -84.9544, 37.1023 ], [ -84.9166, 37.1073 ], [ -84.9011, 37.1163 ], [ -84.9058, 37.0472 ], [ -84.8637, 37.008 ], [ -84.8357, 36.9976 ], [ -84.9079, 36.9454 ], [ -84.9288, 36.96 ], [ -84.9455, 36.9597 ], [ -84.9579, 36.921 ], [ -84.969, 36.9117 ], [ -84.9998, 36.9148 ], [ -85.0119, 36.9418 ], [ -85.0041, 36.9501 ], [ -85.0064, 36.9687 ], [ -84.9956, 36.9735 ], [ -84.9924, 36.9869 ], [ -85.0052, 36.9932 ], [ -85.0092, 37.0112 ], [ -85.003, 37.027 ], [ -85.0403, 37.0547 ], [ -85.0273, 37.0745 ] ] ] } },
{ "type": "Feature", "properties": { "GEOIDFQ": "1400000US21207960300", "NAME": "9603", "NAMELSAD": "Census Tract 9603" }, "geometry": { "type": "Polygon", "coordinates": [ [ [ -85.1486, 36.863 ], [ -85.1489, 36.8806 ], [ -85.1231, 36.8898 ], [ -85.1288, 36.904 ], [ -85.1031, 36.9185 ], [ -85.1296, 36.9374 ], [ -85.1125, 36.9567 ], [ -85.0878, 36.9694 ], [ -85.0953, 36.9773 ], [ -85.0923, 36.9878 ], [ -85.1112, 36.9976 ], [ -85.1127, 37.0105 ], [ -85.1049, 37.0137 ], [ -85.1047, 37.0209 ], [ -85.0851, 37.0193 ], [ -85.0621, 37.0046 ], [ -85.0596, 37.014 ], [ -85.0349, 37.0232 ], [ -85.0271, 36.9946 ], [ -85.0039, 37.0056 ], [ -85.0031, 36.9893 ], [ -84.9924, 36.9886 ], [ -84.9956, 36.9735 ], [ -85.0064, 36.9687 ], [ -85.0041, 36.9501 ], [ -85.0119, 36.9418 ], [ -84.9998, 36.9148 ], [ -84.9783, 36.915 ], [ -84.9728, 36.9104 ], [ -85.1184, 36.8273 ], [ -85.1611, 36.8532 ], [ -85.1486, 36.863 ] ] ] } },
{ "type": "Feature", "properties": { "GEOIDFQ": "1400000US21207960200", "NAME": "9602", "NAMELSAD": "Census Tract 9602" }, "geometry": { "type": "Polygon", "coordinates": [ [ [ -85.232, 36.9251 ], [ -85.2058, 36.9969 ], [ -85.184, 37.0181 ], [ -85.1578, 37.0087 ], [ -85.1122, 37.0044 ], [ -85.1043, 36.991 ], [ -85.0923, 36.9878 ], [ -85.0953, 36.9773 ], [ -85.0878, 36.9694 ], [ -85.1125, 36.9567 ], [ -85.1296, 36.9374 ], [ -85.1031, 36.9185 ], [ -85.1288, 36.904 ], [ -85.1231, 36.8898 ], [ -85.1489, 36.8806 ], [ -85.1486, 36.863 ], [ -85.1613, 36.8529 ], [ -85.2293, 36.888 ], [ -85.2342, 36.8795 ], [ -85.2128, 36.857 ], [ -85.2251, 36.8514 ], [ -85.2367, 36.8533 ], [ -85.2458, 36.8604 ], [ -85.2471, 36.8769 ], [ -85.2749, 36.8979 ], [ -85.232, 36.9251 ] ] ] } },
{ "type": "Feature", "properties": { "GEOIDFQ": "1400000US21111011909", "NAME": "119.09", "NAMELSAD": "Census Tract 119.09" }, "geometry": { "type": "Polygon", "coordinates": [ [ [ -85.6867, 38.1384 ], [ -85.6751, 38.1108 ], [ -85.6899, 38.1122 ], [ -85.6894, 38.1286 ], [ -85.7029, 38.1349 ], [ -85.6867, 38.1384 ] ] ] } },
{ "type": "Feature", "properties": { "GEOIDFQ": "1400000US21111012005", "NAME": "120.05", "NAMELSAD": "Census Tract 120.05" }, "geometry": { "type": "Polygon", "coordinates": [ [ [ -85.7595, 38.1255 ], [ -85.7486, 38.1122 ], [ -85.7652, 38.0954 ], [ -85.7963, 38.1256 ], [ -85.7595, 38.1255 ] ] ] } },
{ "type": "Feature", "properties": { "GEOIDFQ": "1400000US21111010321", "NAME": "103.21", "NAMELSAD": "Census Tract 103.21" }, "geometry": { "type": "Polygon", "coordinates": [ [ [ -85.4637, 38.2437 ], [ -85.4682, 38.2498 ], [ -85.4583, 38.2529 ], [ -85.4741, 38.2729 ], [ -85.463, 38.2793 ], [ -85.4685, 38.2852 ], [ -85.4325, 38.2731 ], [ -85.4252, 38.2617 ], [ -85.4442, 38.2359 ], [ -85.474, 38.2361 ], [ -85.4807, 38.2456 ], [ -85.4637, 38.2437 ] ] ] } },
{ "type": "Feature", "properties": { "GEOIDFQ": "1400000US21111010324", "NAME": "103.24", "NAMELSAD": "Census Tract 103.24" }, "geometry": { "type": "Polygon", "coordinates": [ [ [ -85.5394, 38.3176 ], [ -85.527, 38.318 ], [ -85.5146, 38.311 ], [ -85.5326, 38.302 ], [ -85.5394, 38.3176 ] ] ] } },
{ "type": "Feature", "properties": { "GEOIDFQ": "1400000US21111011118", "NAME": "111.18", "NAMELSAD": "Census Tract 111.18" }, "geometry": { "type": "Polygon", "coordinates": [ [ [ -85.5927, 38.1985 ], [ -85.5655, 38.1943 ], [ -85.59, 38.1835 ], [ -85.5959, 38.1839 ], [ -85.5927, 38.1985 ] ] ] } },
{ "type": "Feature", "properties": { "GEOIDFQ": "1400000US21111010322", "NAME": "103.22", "NAMELSAD": "Census Tract 103.22" }, "geometry": { "type": "Polygon", "coordinates": [ [ [ -85.4252, 38.2617 ], [ -85.4325, 38.2731 ], [ -85.4049, 38.2637 ], [ -85.4102, 38.2311 ], [ -85.4446, 38.2372 ], [ -85.4252, 38.2617 ] ] ] } },
{ "type": "Feature", "properties": { "GEOIDFQ": "1400000US21111007101", "NAME": "71.01", "NAMELSAD": "Census Tract 71.01" }, "geometry": { "type": "Polygon", "coordinates": [ [ [ -85.7364, 38.2022 ], [ -85.7293, 38.1904 ], [ -85.7571, 38.1903 ], [ -85.7638, 38.215 ], [ -85.7364, 38.2022 ] ] ] } },
{ "type": "Feature", "properties": { "GEOIDFQ": "1400000US21111008201", "NAME": "82.01", "NAMELSAD": "Census Tract 82.01" }, "geometry": { "type": "Polygon", "coordinates": [ [ [ -85.716, 38.2407 ], [ -85.7036, 38.2355 ], [ -85.7093, 38.232 ], [ -85.7203, 38.2388 ], [ -85.716, 38.2407 ] ] ] } },
{ "type": "Feature", "properties": { "GEOIDFQ": "1400000US21111009402", "NAME": "94.02", "NAMELSAD": "Census Tract 94.02" }, "geometry": { "type": "Polygon", "coordinates": [ [ [ -85.701, 38.2136 ], [ -85.6891, 38.2021 ], [ -85.715, 38.1917 ], [ -85.7302, 38.1995 ], [ -85.701, 38.2136 ] ] ] } },
{ "type": "Feature", "properties": { "GEOIDFQ": "1400000US21111009401", "NAME": "94.01", "NAMELSAD": "Census Tract 94.01" }, "geometry": { "type": "Polygon", "coordinates": [ [ [ -85.7353, 38.2034 ], [ -85.717, 38.2102 ], [ -85.7303, 38.1995 ], [ -85.715, 38.1917 ], [ -85.7293, 38.1904 ], [ -85.7453, 38.2072 ], [ -85.7353, 38.2034 ] ] ] } },
{ "type": "Feature", "properties": { "GEOIDFQ": "1400000US21111007102", "NAME": "71.02", "NAMELSAD": "Census Tract 71.02" }, "geometry": { "type": "Polygon", "coordinates": [ [ [ -85.7516, 38.2259 ], [ -85.742, 38.2295 ], [ -85.7376, 38.2069 ], [ -85.7531, 38.2105 ], [ -85.7516, 38.2259 ] ] ] } },
{ "type": "Feature", "properties": { "GEOIDFQ": "1400000US21111012606", "NAME": "126.06", "NAMELSAD": "Census Tract 126.06" }, "geometry": { "type": "Polygon", "coordinates": [ [ [ -85.8205, 38.213 ], [ -85.8073, 38.2065 ], [ -85.8132, 38.2008 ], [ -85.8261, 38.2021 ], [ -85.8271, 38.1943 ], [ -85.8426, 38.1954 ], [ -85.8205, 38.213 ] ] ] } },
{ "type": "Feature", "properties": { "GEOIDFQ": "1400000US21111012412", "NAME": "124.12", "NAMELSAD": "Census Tract 124.12" }, "geometry": { "type": "Polygon", "coordinates": [ [ [ -85.8635, 38.1761 ], [ -85.8507, 38.1715 ], [ -85.8485, 38.1582 ], [ -85.87, 38.1675 ], [ -85.8635, 38.1761 ] ] ] } },
{ "type": "Feature", "properties": { "GEOIDFQ": "1400000US21111012413", "NAME": "124.13", "NAMELSAD": "Census Tract 124.13" }, "geometry": { "type": "Polygon", "coordinates": [ [ [ -85.8826, 38.1585 ], [ -85.8682, 38.1661 ], [ -85.8493, 38.1586 ], [ -85.8684, 38.1556 ], [ -85.8719, 38.1447 ], [ -85.8838, 38.1454 ], [ -85.8826, 38.1585 ] ] ] } },
{ "type": "Feature", "properties": { "GEOIDFQ": "1400000US21111008202", "NAME": "82.02", "NAMELSAD": "Census Tract 82.02" }, "geometry": { "type": "Polygon", "coordinates": [ [ [ -85.7157, 38.2502 ], [ -85.7042, 38.244 ], [ -85.7111, 38.2361 ], [ -85.728, 38.245 ], [ -85.7157, 38.2502 ] ] ] } },
{ "type": "Feature", "properties": { "GEOIDFQ": "1400000US21111012108", "NAME": "121.08", "NAMELSAD": "Census Tract 121.08" }, "geometry": { "type": "Polygon", "coordinates": [ [ [ -85.8667, 38.1076 ], [ -85.8615, 38.1057 ], [ -85.8639, 38.0894 ], [ -85.875, 38.0937 ], [ -85.8667, 38.1076 ] ] ] } },
{ "type": "Feature", "properties": { "GEOIDFQ": "1400000US21111000201", "NAME": "2.01", "NAMELSAD": "Census Tract 2.01" }, "geometry": { "type": "Polygon", "coordinates": [ [ [ -85.7859, 38.2726 ], [ -85.7881, 38.2683 ], [ -85.8007, 38.2726 ], [ -85.8012, 38.2771 ], [ -85.7859, 38.2726 ] ] ] } },
{ "type": "Feature", "properties": { "GEOIDFQ": "1400000US21111002402", "NAME": "24.02", "NAMELSAD": "Census Tract 24.02" }, "geometry": { "type": "Polygon", "coordinates": [ [ [ -85.7866, 38.2585 ], [ -85.7733, 38.2571 ], [ -85.7749, 38.248 ], [ -85.788, 38.2504 ], [ -85.7866, 38.2585 ] ] ] } },
{ "type": "Feature", "properties": { "GEOIDFQ": "1400000US21015070202", "NAME": "702.02", "NAMELSAD": "Census Tract 702.02" }, "geometry": { "type": "Polygon", "coordinates": [ [ [ -84.6266, 38.9989 ], [ -84.6197, 38.9799 ], [ -84.6311, 38.9795 ], [ -84.6382, 38.9895 ], [ -84.6266, 38.9989 ] ] ] } },
{ "type": "Feature", "properties": { "GEOIDFQ": "1400000US21111003502", "NAME": "35.02", "NAMELSAD": "Census Tract 35.02" }, "geometry": { "type": "Polygon", "coordinates": [ [ [ -85.7729, 38.2272 ], [ -85.764, 38.2139 ], [ -85.773, 38.2141 ], [ -85.7824, 38.2208 ], [ -85.7729, 38.2272 ] ] ] } },
{ "type": "Feature", "properties": { "GEOIDFQ": "1400000US21111003501", "NAME": "35.01", "NAMELSAD": "Census Tract 35.01" }, "geometry": { "type": "Polygon", "coordinates": [ [ [ -85.7638, 38.2249 ], [ -85.7638, 38.215 ], [ -85.7714, 38.2225 ], [ -85.7729, 38.2272 ], [ -85.7638, 38.2249 ] ] ] } },
{ "type": "Feature", "properties": { "GEOIDFQ": "1400000US21181960200", "NAME": "9602", "NAMELSAD": "Census Tract 9602" }, "geometry": { "type": "Polygon", "coordinates": [ [ [ -84.1099, 38.3262 ], [ -84.0937, 38.3241 ], [ -84.0662, 38.3322 ], [ -84.0479, 38.3458 ], [ -84.0429, 38.3607 ], [ -84.0091, 38.3374 ], [ -83.9946, 38.3435 ], [ -83.9573, 38.3434 ], [ -83.9375, 38.3672 ], [ -83.9312, 38.3534 ], [ -83.9101, 38.3652 ], [ -83.8928, 38.3646 ], [ -83.8987, 38.3481 ], [ -83.8725, 38.3619 ], [ -83.8677, 38.3498 ], [ -83.8572, 38.3511 ], [ -83.857, 38.3332 ], [ -83.8402, 38.3392 ], [ -83.8486, 38.3236 ], [ -83.8335, 38.3142 ], [ -83.9779, 38.1921 ], [ -83.9837, 38.1949 ], [ -83.975, 38.1964 ], [ -83.9693, 38.2088 ], [ -83.979, 38.2078 ], [ -83.9767, 38.2199 ], [ -83.9889, 38.2194 ], [ -83.9907, 38.203 ], [ -84.0045, 38.2112 ], [ -83.9959, 38.2151 ], [ -84.0065, 38.2149 ], [ -84.004, 38.224 ], [ -84.0292, 38.2142 ], [ -84.0329, 38.2236 ], [ -84.0626, 38.2349 ], [ -84.0531, 38.2395 ], [ -84.0571, 38.2566 ], [ -84.0793, 38.2566 ], [ -84.0734, 38.2662 ], [ -84.0855, 38.2665 ], [ -84.0787, 38.2727 ], [ -84.0894, 38.2729 ], [ -84.0958, 38.268 ], [ -84.0921, 38.2611 ], [ -84.1025, 38.2587 ], [ -84.1092, 38.275 ], [ -84.1186, 38.2725 ], [ -84.1112, 38.2794 ], [ -84.1144, 38.2861 ], [ -84.1087, 38.2813 ], [ -84.1042, 38.286 ], [ -84.1172, 38.2885 ], [ -84.1189, 38.2951 ], [ -84.1299, 38.2946 ], [ -84.1242, 38.3068 ], [ -84.1326, 38.3045 ], [ -84.137, 38.3119 ], [ -84.1099, 38.3262 ] ] ] } },
{ "type": "Feature", "properties": { "GEOIDFQ": "1400000US21181960100", "NAME": "9601", "NAMELSAD": "Census Tract 9601" }, "geometry": { "type": "Polygon", "coordinates": [ [ [ -84.0963, 38.4606 ], [ -84.0868, 38.4546 ], [ -84.0734, 38.4574 ], [ -84.0573, 38.4528 ], [ -84.0304, 38.4407 ], [ -84.0182, 38.4457 ], [ -84.0064, 38.431 ], [ -83.9996, 38.4417 ], [ -83.9992, 38.4223 ], [ -83.9913, 38.4348 ], [ -83.9801, 38.4394 ], [ -83.9509, 38.4238 ], [ -83.9214, 38.3833 ], [ -83.9161, 38.3602 ], [ -83.9327, 38.3536 ], [ -83.9375, 38.3672 ], [ -83.9573, 38.3434 ], [ -83.9946, 38.3435 ], [ -84.0091, 38.3374 ], [ -84.0429, 38.3607 ], [ -84.0479, 38.3458 ], [ -84.0662, 38.3322 ], [ -84.0937, 38.3241 ], [ -84.1099, 38.3262 ], [ -84.1373, 38.3117 ], [ -84.1663, 38.3549 ], [ -84.1925, 38.3732 ], [ -84.0963, 38.4606 ] ] ] } },
{ "type": "Feature", "properties": { "GEOIDFQ": "1400000US21067004208", "NAME": "42.08", "NAMELSAD": "Census Tract 42.08" }, "geometry": { "type": "Polygon", "coordinates": [ [ [ -84.5933, 38.0443 ], [ -84.5657, 38.0457 ], [ -84.5676, 38.0357 ], [ -84.5513, 38.0155 ], [ -84.5716, 38.0022 ], [ -84.5757, 38.0209 ], [ -84.5933, 38.0443 ] ] ] } },
{ "type": "Feature", "properties": { "GEOIDFQ": "1400000US21015070318", "NAME": "703.18", "NAMELSAD": "Census Tract 703.18" }, "geometry": { "type": "Polygon", "coordinates": [ [ [ -84.7161, 38.9942 ], [ -84.6995, 38.9843 ], [ -84.7034, 38.9786 ], [ -84.6826, 38.9817 ], [ -84.676, 38.9723 ], [ -84.6626, 38.9727 ], [ -84.6824, 38.9617 ], [ -84.6813, 38.9444 ], [ -84.7208, 38.9468 ], [ -84.7265, 38.9591 ], [ -84.7161, 38.9942 ] ] ] } },
{ "type": "Feature", "properties": { "GEOIDFQ": "1400000US21015070101", "NAME": "701.01", "NAMELSAD": "Census Tract 701.01" }, "geometry": { "type": "Polygon", "coordinates": [ [ [ -84.6305, 39.013 ], [ -84.6215, 39.004 ], [ -84.6417, 38.9852 ], [ -84.6474, 39.0004 ], [ -84.6305, 39.013 ] ] ] } },
{ "type": "Feature", "properties": { "GEOIDFQ": "1400000US21015070317", "NAME": "703.17", "NAMELSAD": "Census Tract 703.17" }, "geometry": { "type": "Polygon", "coordinates": [ [ [ -84.7038, 38.9998 ], [ -84.6932, 38.9865 ], [ -84.6652, 38.9742 ], [ -84.676, 38.9723 ], [ -84.6826, 38.9817 ], [ -84.7034, 38.9786 ], [ -84.6995, 38.9843 ], [ -84.7161, 38.9942 ], [ -84.7038, 38.9998 ] ] ] } },
{ "type": "Feature", "properties": { "GEOIDFQ": "1400000US21015070405", "NAME": "704.05", "NAMELSAD": "Census Tract 704.05" }, "geometry": { "type": "Polygon", "coordinates": [ [ [ -84.8518, 39.0853 ], [ -84.8254, 39.1035 ], [ -84.8156, 39.0948 ], [ -84.7915, 39.0879 ], [ -84.7343, 39.0833 ], [ -84.7377, 39.0668 ], [ -84.7205, 39.0499 ], [ -84.7427, 39.0475 ], [ -84.75, 39.0436 ], [ -84.7449, 39.0408 ], [ -84.7991, 39.0283 ], [ -84.8543, 39.0672 ], [ -84.8518, 39.0853 ] ] ] } },
{ "type": "Feature", "properties": { "GEOIDFQ": "1400000US21015070404", "NAME": "704.04", "NAMELSAD": "Census Tract 704.04" }, "geometry": { "type": "Polygon", "coordinates": [ [ [ -84.7233, 39.1402 ], [ -84.6886, 39.1026 ], [ -84.6531, 39.0934 ], [ -84.6357, 39.0796 ], [ -84.6372, 39.0744 ], [ -84.6545, 39.0707 ], [ -84.702, 39.0818 ], [ -84.7343, 39.0833 ], [ -84.7185, 39.0988 ], [ -84.7325, 39.1123 ], [ -84.7368, 39.1298 ], [ -84.7233, 39.1402 ] ] ] } },
{ "type": "Feature", "properties": { "GEOIDFQ": "1400000US21015070406", "NAME": "704.06", "NAMELSAD": "Census Tract 704.06" }, "geometry": { "type": "Polygon", "coordinates": [ [ [ -84.6711, 39.0741 ], [ -84.6855, 39.0735 ], [ -84.6867, 39.0496 ], [ -84.7004, 39.0477 ], [ -84.695, 39.0377 ], [ -84.7019, 39.0387 ], [ -84.7027, 39.0718 ], [ -84.7094, 39.0814 ], [ -84.6711, 39.0741 ] ] ] } },
{ "type": "Feature", "properties": { "GEOIDFQ": "1400000US21015070315", "NAME": "703.15", "NAMELSAD": "Census Tract 703.15" }, "geometry": { "type": "Polygon", "coordinates": [ [ [ -84.6417, 38.9852 ], [ -84.6345, 38.9565 ], [ -84.6498, 38.9527 ], [ -84.6625, 38.9727 ], [ -84.6417, 38.9852 ] ] ] } },
{ "type": "Feature", "properties": { "GEOIDFQ": "1400000US21015070102", "NAME": "701.02", "NAMELSAD": "Census Tract 701.02" }, "geometry": { "type": "Polygon", "coordinates": [ [ [ -84.617, 39.0215 ], [ -84.6152, 39.0061 ], [ -84.6215, 39.004 ], [ -84.6305, 39.013 ], [ -84.617, 39.0215 ] ] ] } },
{ "type": "Feature", "properties": { "GEOIDFQ": "1400000US21015070316", "NAME": "703.16", "NAMELSAD": "Census Tract 703.16" }, "geometry": { "type": "Polygon", "coordinates": [ [ [ -84.6626, 38.9727 ], [ -84.6498, 38.9527 ], [ -84.6804, 38.9447 ], [ -84.6824, 38.9612 ], [ -84.6626, 38.9727 ] ] ] } },
{ "type": "Feature", "properties": { "GEOIDFQ": "1400000US21015070201", "NAME": "702.01", "NAMELSAD": "Census Tract 702.01" }, "geometry": { "type": "Polygon", "coordinates": [ [ [ -84.6152, 39.0061 ], [ -84.6124, 38.9838 ], [ -84.6205, 38.9825 ], [ -84.6273, 39.0008 ], [ -84.6152, 39.0061 ] ] ] } },
{ "type": "Feature", "properties": { "GEOIDFQ": "1400000US21111007800", "NAME": "78", "NAMELSAD": "Census Tract 78" }, "geometry": { "type": "Polygon", "coordinates": [ [ [ -85.6554, 38.2529 ], [ -85.652, 38.2487 ], [ -85.6621, 38.2435 ], [ -85.6854, 38.2546 ], [ -85.6554, 38.2529 ] ] ] } },
{ "type": "Feature", "properties": { "GEOIDFQ": "1400000US21045950200", "NAME": "9502", "NAMELSAD": "Census Tract 9502" }, "geometry": { "type": "Polygon", "coordinates": [ [ [ -85.1324, 37.36 ], [ -85.1312, 37.3843 ], [ -85.119, 37.3848 ], [ -85.106, 37.3976 ], [ -85.0842, 37.399 ], [ -85.073, 37.4149 ], [ -85.0612, 37.4182 ], [ -85.0448, 37.412 ], [ -85.0445, 37.4191 ], [ -85.0344, 37.419 ], [ -85.0228, 37.4034 ], [ -84.9967, 37.4009 ], [ -84.9868, 37.3928 ], [ -84.9981, 37.3545 ], [ -85.0126, 37.3377 ], [ -84.9867, 37.314 ], [ -84.9834, 37.2941 ], [ -85.0244, 37.2816 ], [ -85.0569, 37.2565 ], [ -85.1652, 37.3106 ], [ -85.1324, 37.36 ] ] ] } },
{ "type": "Feature", "properties": { "GEOIDFQ": "1400000US21015070505", "NAME": "705.05", "NAMELSAD": "Census Tract 705.05" }, "geometry": { "type": "Polygon", "coordinates": [ [ [ -84.725, 39.0169 ], [ -84.7225, 39.0277 ], [ -84.7021, 39.0015 ], [ -84.7281, 39.0032 ], [ -84.7436, 39.0103 ], [ -84.725, 39.0169 ] ] ] } },
{ "type": "Feature", "properties": { "GEOIDFQ": "1400000US21015070407", "NAME": "704.07", "NAMELSAD": "Census Tract 704.07" }, "geometry": { "type": "Polygon", "coordinates": [ [ [ -84.7343, 39.0833 ], [ -84.7056, 39.0776 ], [ -84.7055, 39.0364 ], [ -84.7219, 39.0373 ], [ -84.721, 39.0537 ], [ -84.7388, 39.072 ], [ -84.7343, 39.0833 ] ] ] } },
{ "type": "Feature", "properties": { "GEOIDFQ": "1400000US21015070506", "NAME": "705.06", "NAMELSAD": "Census Tract 705.06" }, "geometry": { "type": "Polygon", "coordinates": [ [ [ -84.7449, 39.0408 ], [ -84.75, 39.0436 ], [ -84.7427, 39.0475 ], [ -84.7215, 39.0473 ], [ -84.724, 39.0182 ], [ -84.7446, 39.0094 ], [ -84.7859, 39.0335 ], [ -84.7449, 39.0408 ] ] ] } },
{ "type": "Feature", "properties": { "GEOIDFQ": "1400000US21015070403", "NAME": "704.03", "NAMELSAD": "Census Tract 704.03" }, "geometry": { "type": "Polygon", "coordinates": [ [ [ -84.7878, 39.1153 ], [ -84.7534, 39.1471 ], [ -84.7233, 39.1402 ], [ -84.7368, 39.1296 ], [ -84.7325, 39.1123 ], [ -84.7185, 39.0988 ], [ -84.7343, 39.0833 ], [ -84.7915, 39.0879 ], [ -84.8156, 39.0948 ], [ -84.8254, 39.1035 ], [ -84.7878, 39.1153 ] ] ] } },
{ "type": "Feature", "properties": { "GEOIDFQ": "1400000US21081920302", "NAME": "9203.02", "NAMELSAD": "Census Tract 9203.02" }, "geometry": { "type": "Polygon", "coordinates": [ [ [ -84.5717, 38.62 ], [ -84.587, 38.6514 ], [ -84.5866, 38.659 ], [ -84.578, 38.6608 ], [ -84.5844, 38.6777 ], [ -84.5124, 38.7002 ], [ -84.4868, 38.5835 ], [ -84.5031, 38.5747 ], [ -84.5023, 38.5658 ], [ -84.5117, 38.5689 ], [ -84.5125, 38.5625 ], [ -84.5236, 38.5694 ], [ -84.5484, 38.5714 ], [ -84.5652, 38.5586 ], [ -84.5884, 38.5653 ], [ -84.5971, 38.5546 ], [ -84.5717, 38.62 ] ] ] } },
{ "type": "Feature", "properties": { "GEOIDFQ": "1400000US21067003913", "NAME": "39.13", "NAMELSAD": "Census Tract 39.13" }, "geometry": { "type": "Polygon", "coordinates": [ [ [ -84.409, 37.9986 ], [ -84.3974, 37.9961 ], [ -84.3888, 37.9628 ], [ -84.4317, 37.9892 ], [ -84.409, 37.9986 ] ] ] } },
{ "type": "Feature", "properties": { "GEOIDFQ": "1400000US21111008100", "NAME": "81", "NAMELSAD": "Census Tract 81" }, "geometry": { "type": "Polygon", "coordinates": [ [ [ -85.7201, 38.2581 ], [ -85.6999, 38.2537 ], [ -85.7015, 38.2455 ], [ -85.7157, 38.2502 ], [ -85.7349, 38.2451 ], [ -85.7201, 38.2581 ] ] ] } },
{ "type": "Feature", "properties": { "GEOIDFQ": "1400000US21229930100", "NAME": "9301", "NAMELSAD": "Census Tract 9301" }, "geometry": { "type": "Polygon", "coordinates": [ [ [ -85.2768, 37.8536 ], [ -85.2673, 37.8444 ], [ -85.2452, 37.8471 ], [ -85.2555, 37.8658 ], [ -85.241, 37.8625 ], [ -85.2386, 37.8692 ], [ -85.2302, 37.8706 ], [ -85.2331, 37.8607 ], [ -85.2269, 37.8552 ], [ -85.2172, 37.8715 ], [ -85.2184, 37.8543 ], [ -85.2043, 37.8465 ], [ -85.1963, 37.8563 ], [ -85.2051, 37.8642 ], [ -85.1996, 37.869 ], [ -85.1935, 37.8643 ], [ -85.1991, 37.9018 ], [ -85.1875, 37.8836 ], [ -85.1846, 37.8924 ], [ -85.1538, 37.8856 ], [ -85.1528, 37.8977 ], [ -85.1472, 37.8908 ], [ -85.1381, 37.8919 ], [ -85.1467, 37.9012 ], [ -85.132, 37.8994 ], [ -85.1267, 37.9172 ], [ -85.1063, 37.9094 ], [ -85.1075, 37.8931 ], [ -85.0938, 37.8878 ], [ -85.0808, 37.895 ], [ -85.0797, 37.8866 ], [ -85.0685, 37.8857 ], [ -85.0685, 37.896 ], [ -85.0595, 37.8904 ], [ -85.0489, 37.8986 ], [ -85.0437, 37.8861 ], [ -85.0305, 37.8915 ], [ -85.0315, 37.8816 ], [ -85.0005, 37.8547 ], [ -85.012, 37.8172 ], [ -85.0058, 37.8166 ], [ -85.0074, 37.8037 ], [ -85.0177, 37.8028 ], [ -85.0344, 37.8131 ], [ -85.0657, 37.8109 ], [ -85.1017, 37.7951 ], [ -85.0998, 37.7781 ], [ -85.1393, 37.7874 ], [ -85.1485, 37.7779 ], [ -85.1606, 37.7896 ], [ -85.1703, 37.7706 ], [ -85.1846, 37.7786 ], [ -85.1793, 37.7855 ], [ -85.1845, 37.7955 ], [ -85.2049, 37.778 ], [ -85.2137, 37.7811 ], [ -85.2231, 37.7749 ], [ -85.2317, 37.7822 ], [ -85.225, 37.785 ], [ -85.228, 37.7881 ], [ -85.2367, 37.7834 ], [ -85.2406, 37.7883 ], [ -85.2281, 37.7921 ], [ -85.2288, 37.801 ], [ -85.2469, 37.8049 ], [ -85.237, 37.8136 ], [ -85.2468, 37.8204 ], [ -85.2482, 37.8076 ], [ -85.26, 37.813 ], [ -85.2566, 37.8287 ], [ -85.2711, 37.8255 ], [ -85.2639, 37.834 ], [ -85.2746, 37.8334 ], [ -85.2768, 37.8536 ] ] ] } },
{ "type": "Feature", "properties": { "GEOIDFQ": "1400000US21229930300", "NAME": "9303", "NAMELSAD": "Census Tract 9303" }, "geometry": { "type": "Polygon", "coordinates": [ [ [ -85.2014, 37.768 ], [ -85.1905, 37.77 ], [ -85.1846, 37.7786 ], [ -85.1668, 37.7722 ], [ -85.1606, 37.7896 ], [ -85.1485, 37.7779 ], [ -85.1393, 37.7874 ], [ -85.0998, 37.7781 ], [ -85.1017, 37.7951 ], [ -85.0743, 37.8086 ], [ -85.0344, 37.8131 ], [ -85.0177, 37.8028 ], [ -85.0074, 37.8037 ], [ -85.0302, 37.6313 ], [ -85.1661, 37.6311 ], [ -85.1677, 37.6424 ], [ -85.1558, 37.6612 ], [ -85.1651, 37.6716 ], [ -85.1485, 37.6812 ], [ -85.154, 37.6879 ], [ -85.1409, 37.7005 ], [ -85.1465, 37.7116 ], [ -85.159, 37.7145 ], [ -85.1581, 37.7204 ], [ -85.1653, 37.7231 ], [ -85.1692, 37.7132 ], [ -85.1757, 37.7226 ], [ -85.172, 37.7283 ], [ -85.161, 37.7261 ], [ -85.155, 37.7355 ], [ -85.1683, 37.734 ], [ -85.1797, 37.743 ], [ -85.1923, 37.726 ], [ -85.1974, 37.7359 ], [ -85.1866, 37.7439 ], [ -85.2088, 37.7537 ], [ -85.2014, 37.768 ] ] ] } },
{ "type": "Feature", "properties": { "GEOIDFQ": "1400000US21111008300", "NAME": "83", "NAMELSAD": "Census Tract 83" }, "geometry": { "type": "Polygon", "coordinates": [ [ [ -85.7242, 38.2402 ], [ -85.7093, 38.232 ], [ -85.7227, 38.2218 ], [ -85.7242, 38.2402 ] ] ] } },
{ "type": "Feature", "properties": { "GEOIDFQ": "1400000US21111012604", "NAME": "126.04", "NAMELSAD": "Census Tract 126.04" }, "geometry": { "type": "Polygon", "coordinates": [ [ [ -85.8426, 38.1954 ], [ -85.8294, 38.1944 ], [ -85.8261, 38.1863 ], [ -85.8088, 38.1856 ], [ -85.8401, 38.1763 ], [ -85.8546, 38.1845 ], [ -85.8426, 38.1954 ] ] ] } },
{ "type": "Feature", "properties": { "GEOIDFQ": "1400000US21111000300", "NAME": "3", "NAMELSAD": "Census Tract 3" }, "geometry": { "type": "Polygon", "coordinates": [ [ [ -85.8106, 38.272 ], [ -85.7937, 38.2703 ], [ -85.7975, 38.2599 ], [ -85.8118, 38.2615 ], [ -85.8106, 38.272 ] ] ] } },
{ "type": "Feature", "properties": { "GEOIDFQ": "1400000US21111000400", "NAME": "4", "NAMELSAD": "Census Tract 4" }, "geometry": { "type": "Polygon", "coordinates": [ [ [ -85.8248, 38.2797 ], [ -85.8024, 38.2847 ], [ -85.8007, 38.2726 ], [ -85.8106, 38.272 ], [ -85.8118, 38.2615 ], [ -85.8338, 38.269 ], [ -85.8248, 38.2797 ] ] ] } },
{ "type": "Feature", "properties": { "GEOIDFQ": "1400000US21111000700", "NAME": "7", "NAMELSAD": "Census Tract 7" }, "geometry": { "type": "Polygon", "coordinates": [ [ [ -85.8166, 38.2628 ], [ -85.8069, 38.2609 ], [ -85.8101, 38.25 ], [ -85.819, 38.256 ], [ -85.8166, 38.2628 ] ] ] } },
{ "type": "Feature", "properties": { "GEOIDFQ": "1400000US21111011708", "NAME": "117.08", "NAMELSAD": "Census Tract 117.08" }, "geometry": { "type": "Polygon", "coordinates": [ [ [ -85.6146, 38.1249 ], [ -85.5834, 38.1419 ], [ -85.5697, 38.1163 ], [ -85.5851, 38.1177 ], [ -85.5847, 38.1127 ], [ -85.5972, 38.1086 ], [ -85.6063, 38.1111 ], [ -85.6081, 38.1035 ], [ -85.616, 38.1109 ], [ -85.6146, 38.1249 ] ] ] } },
{ "type": "Feature", "properties": { "GEOIDFQ": "1400000US21111011518", "NAME": "115.18", "NAMELSAD": "Census Tract 115.18" }, "geometry": { "type": "Polygon", "coordinates": [ [ [ -85.5358, 38.186 ], [ -85.534, 38.1773 ], [ -85.5503, 38.1681 ], [ -85.5524, 38.187 ], [ -85.5358, 38.186 ] ] ] } },
{ "type": "Feature", "properties": { "GEOIDFQ": "1400000US21035010700", "NAME": "107", "NAMELSAD": "Census Tract 107" }, "geometry": { "type": "Polygon", "coordinates": [ [ [ -88.4885, 36.5343 ], [ -88.487, 36.6589 ], [ -88.4343, 36.648 ], [ -88.4192, 36.6311 ], [ -88.3963, 36.6268 ], [ -88.3963, 36.6187 ], [ -88.3702, 36.6172 ], [ -88.3703, 36.5824 ], [ -88.3625, 36.5837 ], [ -88.3574, 36.5719 ], [ -88.344, 36.5724 ], [ -88.3575, 36.5525 ], [ -88.3167, 36.5518 ], [ -88.32, 36.5267 ], [ -88.3137, 36.5173 ], [ -88.3168, 36.5072 ], [ -88.3093, 36.5004 ], [ -88.4891, 36.5012 ], [ -88.4885, 36.5343 ] ] ] } },
{ "type": "Feature", "properties": { "GEOIDFQ": "1400000US21035010400", "NAME": "104", "NAMELSAD": "Census Tract 104" }, "geometry": { "type": "Polygon", "coordinates": [ [ [ -88.3024, 36.6767 ], [ -88.2912, 36.6782 ], [ -88.2926, 36.6916 ], [ -88.2778, 36.6937 ], [ -88.2636, 36.6742 ], [ -88.2694, 36.6708 ], [ -88.2723, 36.644 ], [ -88.2706, 36.6244 ], [ -88.2639, 36.624 ], [ -88.2933, 36.6111 ], [ -88.3152, 36.6116 ], [ -88.3024, 36.6767 ] ] ] } },
{ "type": "Feature", "properties": { "GEOIDFQ": "1400000US21035010200", "NAME": "102", "NAMELSAD": "Census Tract 102" }, "geometry": { "type": "Polygon", "coordinates": [ [ [ -88.4857, 36.7503 ], [ -88.2757, 36.7497 ], [ -88.2723, 36.7376 ], [ -88.281, 36.7259 ], [ -88.2706, 36.7056 ], [ -88.2729, 36.6923 ], [ -88.2926, 36.6916 ], [ -88.2911, 36.6783 ], [ -88.2984, 36.6762 ], [ -88.3612, 36.6759 ], [ -88.3628, 36.6193 ], [ -88.3963, 36.6187 ], [ -88.3963, 36.6268 ], [ -88.4192, 36.6311 ], [ -88.4343, 36.648 ], [ -88.487, 36.6589 ], [ -88.4857, 36.7503 ] ] ] } },
{ "type": "Feature", "properties": { "GEOIDFQ": "1400000US21035010100", "NAME": "101", "NAMELSAD": "Census Tract 101" }, "geometry": { "type": "Polygon", "coordinates": [ [ [ -88.2723, 36.7376 ], [ -88.2759, 36.7499 ], [ -88.1108, 36.7472 ], [ -88.079, 36.7046 ], [ -88.0557, 36.6338 ], [ -88.1122, 36.6344 ], [ -88.1343, 36.6092 ], [ -88.1709, 36.6085 ], [ -88.182, 36.6135 ], [ -88.2183, 36.6095 ], [ -88.2195, 36.6024 ], [ -88.2552, 36.6026 ], [ -88.2551, 36.6242 ], [ -88.2719, 36.6274 ], [ -88.2716, 36.6602 ], [ -88.2636, 36.6742 ], [ -88.281, 36.7259 ], [ -88.2723, 36.7376 ] ] ] } },
{ "type": "Feature", "properties": { "GEOIDFQ": "1400000US21235920200", "NAME": "9202", "NAMELSAD": "Census Tract 9202" }, "geometry": { "type": "Polygon", "coordinates": [ [ [ -84.1252, 36.936 ], [ -84.1097, 36.9425 ], [ -84.0915, 36.9439 ], [ -84.0829, 36.9348 ], [ -84.0875, 36.9118 ], [ -84.1159, 36.9202 ], [ -84.1294, 36.9184 ], [ -84.1252, 36.936 ] ] ] } },
{ "type": "Feature", "properties": { "GEOIDFQ": "1400000US21235920100", "NAME": "9201", "NAMELSAD": "Census Tract 9201" }, "geometry": { "type": "Polygon", "coordinates": [ [ [ -84.1144, 36.9638 ], [ -84.1066, 36.9588 ], [ -84.1029, 36.9637 ], [ -84.1016, 36.9541 ], [ -84.0919, 36.9561 ], [ -84.0938, 36.9412 ], [ -84.1065, 36.9431 ], [ -84.1251, 36.9364 ], [ -84.1144, 36.9638 ] ] ] } },
{ "type": "Feature", "properties": { "GEOIDFQ": "1400000US21235920700", "NAME": "9207", "NAMELSAD": "Census Tract 9207" }, "geometry": { "type": "Polygon", "coordinates": [ [ [ -84.2189, 36.6712 ], [ -84.2086, 36.6709 ], [ -84.2086, 36.6922 ], [ -84.147, 36.7106 ], [ -84.1401, 36.7269 ], [ -84.1324, 36.7272 ], [ -84.1289, 36.7209 ], [ -84.1224, 36.7298 ], [ -84.1061, 36.7318 ], [ -84.1002, 36.7141 ], [ -84.1057, 36.6958 ], [ -84.087, 36.673 ], [ -84.0899, 36.6627 ], [ -84.0649, 36.6569 ], [ -84.0489, 36.6373 ], [ -84.0306, 36.6406 ], [ -84.0017, 36.657 ], [ -83.969, 36.653 ], [ -83.9551, 36.6469 ], [ -83.9543, 36.6368 ], [ -83.9324, 36.6189 ], [ -83.9249, 36.6003 ], [ -83.9308, 36.5877 ], [ -84.2013, 36.5919 ], [ -84.201, 36.6099 ], [ -84.2145, 36.6257 ], [ -84.2073, 36.6325 ], [ -84.2077, 36.6465 ], [ -84.2235, 36.6566 ], [ -84.2189, 36.6712 ] ] ] } },
{ "type": "Feature", "properties": { "GEOIDFQ": "1400000US21235920800", "NAME": "9208", "NAMELSAD": "Census Tract 9208" }, "geometry": { "type": "Polygon", "coordinates": [ [ [ -84.0995, 36.7429 ], [ -84.089, 36.7345 ], [ -84.0691, 36.742 ], [ -84.0579, 36.7384 ], [ -84.0568, 36.7274 ], [ -84.0666, 36.7259 ], [ -84.0647, 36.7194 ], [ -84.0553, 36.7225 ], [ -84.0503, 36.7408 ], [ -84.0392, 36.742 ], [ -84.0303, 36.751 ], [ -84.032, 36.7311 ], [ -84.0208, 36.7303 ], [ -84.0129, 36.7561 ], [ -84.025, 36.7647 ], [ -84.0197, 36.7705 ], [ -83.9999, 36.7532 ], [ -83.9769, 36.7628 ], [ -83.9685, 36.7609 ], [ -83.9597, 36.7494 ], [ -83.9585, 36.7272 ], [ -83.8775, 36.6873 ], [ -83.8786, 36.6803 ], [ -83.9562, 36.6455 ], [ -83.969, 36.653 ], [ -84.0, 36.6572 ], [ -84.0306, 36.6406 ], [ -84.0505, 36.6377 ], [ -84.0649, 36.6569 ], [ -84.0912, 36.6641 ], [ -84.087, 36.673 ], [ -84.1059, 36.6965 ], [ -84.0941, 36.7298 ], [ -84.106, 36.7378 ], [ -84.0995, 36.7429 ] ] ] } },
{ "type": "Feature", "properties": { "GEOIDFQ": "1400000US21111006200", "NAME": "62", "NAMELSAD": "Census Tract 62" }, "geometry": { "type": "Polygon", "coordinates": [ [ [ -85.7524, 38.2456 ], [ -85.7352, 38.2444 ], [ -85.7387, 38.2361 ], [ -85.7533, 38.2395 ], [ -85.7524, 38.2456 ] ] ] } },
{ "type": "Feature", "properties": { "GEOIDFQ": "1400000US21111006400", "NAME": "64", "NAMELSAD": "Census Tract 64" }, "geometry": { "type": "Polygon", "coordinates": [ [ [ -85.727, 38.2437 ], [ -85.7216, 38.2368 ], [ -85.7266, 38.2344 ], [ -85.7341, 38.2442 ], [ -85.727, 38.2437 ] ] ] } },
{ "type": "Feature", "properties": { "GEOIDFQ": "1400000US21111006500", "NAME": "65", "NAMELSAD": "Census Tract 65" }, "geometry": { "type": "Polygon", "coordinates": [ [ [ -85.7387, 38.2361 ], [ -85.74, 38.2305 ], [ -85.7516, 38.2259 ], [ -85.7531, 38.2382 ], [ -85.7387, 38.2361 ] ] ] } },
{ "type": "Feature", "properties": { "GEOIDFQ": "1400000US21111006600", "NAME": "66", "NAMELSAD": "Census Tract 66" }, "geometry": { "type": "Polygon", "coordinates": [ [ [ -85.7547, 38.2384 ], [ -85.7531, 38.2382 ], [ -85.7515, 38.2257 ], [ -85.7569, 38.2257 ], [ -85.7547, 38.2384 ] ] ] } },
{ "type": "Feature", "properties": { "GEOIDFQ": "1400000US21111006800", "NAME": "68", "NAMELSAD": "Census Tract 68" }, "geometry": { "type": "Polygon", "coordinates": [ [ [ -85.742, 38.2295 ], [ -85.7402, 38.2303 ], [ -85.7333, 38.2259 ], [ -85.744, 38.2182 ], [ -85.742, 38.2295 ] ] ] } },
{ "type": "Feature", "properties": { "GEOIDFQ": "1400000US21059001601", "NAME": "16.01", "NAMELSAD": "Census Tract 16.01" }, "geometry": { "type": "Polygon", "coordinates": [ [ [ -87.0712, 37.7578 ], [ -87.0402, 37.7436 ], [ -86.9887, 37.734 ], [ -86.9922, 37.7253 ], [ -87.0207, 37.721 ], [ -87.0446, 37.708 ], [ -87.0728, 37.7408 ], [ -87.0712, 37.7578 ] ] ] } },
{ "type": "Feature", "properties": { "GEOIDFQ": "1400000US21059001701", "NAME": "17.01", "NAMELSAD": "Census Tract 17.01" }, "geometry": { "type": "Polygon", "coordinates": [ [ [ -87.1752, 37.7538 ], [ -87.1588, 37.7552 ], [ -87.1515, 37.7443 ], [ -87.1226, 37.7285 ], [ -87.1327, 37.6893 ], [ -87.1583, 37.6869 ], [ -87.1754, 37.6939 ], [ -87.1915, 37.6926 ], [ -87.1752, 37.7538 ] ] ] } },
{ "type": "Feature", "properties": { "GEOIDFQ": "1400000US21059001702", "NAME": "17.02", "NAMELSAD": "Census Tract 17.02" }, "geometry": { "type": "Polygon", "coordinates": [ [ [ -87.1226, 37.7285 ], [ -87.1003, 37.7256 ], [ -87.0729, 37.7407 ], [ -87.0446, 37.708 ], [ -87.0597, 37.7017 ], [ -87.1004, 37.7021 ], [ -87.1333, 37.6916 ], [ -87.1226, 37.7285 ] ] ] } },
{ "type": "Feature", "properties": { "GEOIDFQ": "1400000US21059001300", "NAME": "13", "NAMELSAD": "Census Tract 13" }, "geometry": { "type": "Polygon", "coordinates": [ [ [ -87.3029, 37.8978 ], [ -87.2203, 37.849 ], [ -87.1573, 37.8368 ], [ -87.1439, 37.8187 ], [ -87.1583, 37.8144 ], [ -87.1417, 37.7735 ], [ -87.1656, 37.7752 ], [ -87.1639, 37.7657 ], [ -87.2049, 37.7684 ], [ -87.2897, 37.7519 ], [ -87.2968, 37.7564 ], [ -87.2716, 37.7829 ], [ -87.2973, 37.7852 ], [ -87.2992, 37.7953 ], [ -87.3105, 37.799 ], [ -87.3033, 37.8117 ], [ -87.3232, 37.8199 ], [ -87.3029, 37.8978 ] ] ] } },
{ "type": "Feature", "properties": { "GEOIDFQ": "1400000US21059001602", "NAME": "16.02", "NAMELSAD": "Census Tract 16.02" }, "geometry": { "type": "Polygon", "coordinates": [ [ [ -87.0207, 37.721 ], [ -86.9922, 37.7253 ], [ -86.9887, 37.734 ], [ -86.9307, 37.7282 ], [ -86.8958, 37.7331 ], [ -86.86, 37.7207 ], [ -86.857, 37.7265 ], [ -86.8474, 37.7242 ], [ -86.8666, 37.7088 ], [ -86.8175, 37.6738 ], [ -86.8787, 37.6429 ], [ -86.8924, 37.643 ], [ -86.9039, 37.6302 ], [ -86.9168, 37.6313 ], [ -86.9207, 37.6243 ], [ -86.9334, 37.623 ], [ -86.9488, 37.6305 ], [ -86.9778, 37.6066 ], [ -87.0014, 37.6508 ], [ -87.0249, 37.6709 ], [ -87.0446, 37.708 ], [ -87.0207, 37.721 ] ] ] } },
{ "type": "Feature", "properties": { "GEOIDFQ": "1400000US21045950400", "NAME": "9504", "NAMELSAD": "Census Tract 9504" }, "geometry": { "type": "Polygon", "coordinates": [ [ [ -84.8683, 37.3562 ], [ -84.8692, 37.3763 ], [ -84.8512, 37.429 ], [ -84.7961, 37.3906 ], [ -84.7228, 37.36 ], [ -84.7061, 37.2998 ], [ -84.7242, 37.2867 ], [ -84.7159, 37.253 ], [ -84.7207, 37.2383 ], [ -84.8062, 37.1773 ], [ -84.8147, 37.1791 ], [ -84.821, 37.1922 ], [ -84.8157, 37.2151 ], [ -84.8006, 37.2318 ], [ -84.8044, 37.2517 ], [ -84.8139, 37.2572 ], [ -84.8126, 37.2655 ], [ -84.827, 37.2722 ], [ -84.8327, 37.2855 ], [ -84.8429, 37.2876 ], [ -84.8537, 37.3003 ], [ -84.8254, 37.3285 ], [ -84.856, 37.3289 ], [ -84.8766, 37.3423 ], [ -84.8683, 37.3562 ] ] ] } },
{ "type": "Feature", "properties": { "GEOIDFQ": "1400000US21045950100", "NAME": "9501", "NAMELSAD": "Census Tract 9501" }, "geometry": { "type": "Polygon", "coordinates": [ [ [ -85.0397, 37.5452 ], [ -85.0131, 37.5513 ], [ -85.0024, 37.5485 ], [ -85.0022, 37.5336 ], [ -84.8981, 37.5321 ], [ -84.8474, 37.5483 ], [ -84.8571, 37.5285 ], [ -84.8601, 37.4673 ], [ -84.8512, 37.429 ], [ -84.8542, 37.4143 ], [ -84.8757, 37.4272 ], [ -84.8904, 37.424 ], [ -84.8957, 37.3965 ], [ -84.9267, 37.3798 ], [ -84.9462, 37.4301 ], [ -84.9534, 37.4196 ], [ -84.9927, 37.4008 ], [ -85.0225, 37.4032 ], [ -85.0311, 37.4173 ], [ -85.0445, 37.4195 ], [ -85.0397, 37.5452 ] ] ] } },
{ "type": "Feature", "properties": { "GEOIDFQ": "1400000US21045950500", "NAME": "9505", "NAMELSAD": "Census Tract 9505" }, "geometry": { "type": "Polygon", "coordinates": [ [ [ -84.9924, 37.2082 ], [ -84.9849, 37.217 ], [ -84.9412, 37.2143 ], [ -84.9077, 37.2299 ], [ -84.8906, 37.2482 ], [ -84.8823, 37.2432 ], [ -84.8366, 37.2398 ], [ -84.8172, 37.2554 ], [ -84.8044, 37.2517 ], [ -84.8006, 37.2318 ], [ -84.8157, 37.2151 ], [ -84.821, 37.1922 ], [ -84.8147, 37.1791 ], [ -84.8062, 37.1773 ], [ -84.9166, 37.1073 ], [ -84.9544, 37.1023 ], [ -85.0534, 37.1966 ], [ -84.9924, 37.2082 ] ] ] } },
{ "type": "Feature", "properties": { "GEOIDFQ": "1400000US21067001600", "NAME": "16", "NAMELSAD": "Census Tract 16" }, "geometry": { "type": "Polygon", "coordinates": [ [ [ -84.4541, 38.0429 ], [ -84.4535, 38.0258 ], [ -84.4677, 38.036 ], [ -84.4798, 38.0414 ], [ -84.4541, 38.0429 ] ] ] } },
{ "type": "Feature", "properties": { "GEOIDFQ": "1400000US21083020600", "NAME": "206", "NAMELSAD": "Census Tract 206" }, "geometry": { "type": "Polygon", "coordinates": [ [ [ -88.8132, 36.7731 ], [ -88.8131, 36.8181 ], [ -88.7497, 36.7955 ], [ -88.7117, 36.766 ], [ -88.7033, 36.7657 ], [ -88.7156, 36.698 ], [ -88.7288, 36.6862 ], [ -88.8168, 36.6963 ], [ -88.8196, 36.7559 ], [ -88.8132, 36.7731 ] ] ] } },
{ "type": "Feature", "properties": { "GEOIDFQ": "1400000US21083020700", "NAME": "207", "NAMELSAD": "Census Tract 207" }, "geometry": { "type": "Polygon", "coordinates": [ [ [ -88.8129, 36.9469 ], [ -88.6886, 36.9427 ], [ -88.6599, 36.9194 ], [ -88.6363, 36.8852 ], [ -88.6317, 36.7873 ], [ -88.6987, 36.7881 ], [ -88.6948, 36.7745 ], [ -88.7033, 36.7657 ], [ -88.7117, 36.766 ], [ -88.7497, 36.7955 ], [ -88.8131, 36.8181 ], [ -88.8129, 36.9469 ] ] ] } },
{ "type": "Feature", "properties": { "GEOIDFQ": "1400000US21083020500", "NAME": "205", "NAMELSAD": "Census Tract 205" }, "geometry": { "type": "Polygon", "coordinates": [ [ [ -88.8168, 36.6963 ], [ -88.7362, 36.6904 ], [ -88.7164, 36.6812 ], [ -88.6914, 36.6596 ], [ -88.6798, 36.6342 ], [ -88.6799, 36.6162 ], [ -88.6514, 36.5759 ], [ -88.6516, 36.5575 ], [ -88.6693, 36.5559 ], [ -88.6615, 36.5023 ], [ -88.8168, 36.5027 ], [ -88.8168, 36.6963 ] ] ] } },
{ "type": "Feature", "properties": { "GEOIDFQ": "1400000US21067001400", "NAME": "14", "NAMELSAD": "Census Tract 14" }, "geometry": { "type": "Polygon", "coordinates": [ [ [ -84.47, 38.0653 ], [ -84.4648, 38.0601 ], [ -84.4747, 38.0513 ], [ -84.4811, 38.0576 ], [ -84.47, 38.0653 ] ] ] } },
{ "type": "Feature", "properties": { "GEOIDFQ": "1400000US21067001500", "NAME": "15", "NAMELSAD": "Census Tract 15" }, "geometry": { "type": "Polygon", "coordinates": [ [ [ -84.4648, 38.0601 ], [ -84.4541, 38.0429 ], [ -84.4664, 38.0421 ], [ -84.4743, 38.0516 ], [ -84.4648, 38.0601 ] ] ] } },
{ "type": "Feature", "properties": { "GEOIDFQ": "1400000US21097950400", "NAME": "9504", "NAMELSAD": "Census Tract 9504" }, "geometry": { "type": "Polygon", "coordinates": [ [ [ -84.3071, 38.4284 ], [ -84.2909, 38.4265 ], [ -84.2912, 38.4341 ], [ -84.3018, 38.4385 ], [ -84.299, 38.4439 ], [ -84.249, 38.4652 ], [ -84.2389, 38.4554 ], [ -84.2138, 38.456 ], [ -84.1895, 38.4712 ], [ -84.1648, 38.4694 ], [ -84.1422, 38.4563 ], [ -84.1275, 38.4639 ], [ -84.13, 38.4745 ], [ -84.1249, 38.4766 ], [ -84.1062, 38.4687 ], [ -84.1021, 38.4594 ], [ -84.1813, 38.3838 ], [ -84.1923, 38.3902 ], [ -84.2188, 38.3924 ], [ -84.2257, 38.4036 ], [ -84.2647, 38.3954 ], [ -84.2779, 38.398 ], [ -84.2983, 38.3875 ], [ -84.3032, 38.392 ], [ -84.2969, 38.401 ], [ -84.3134, 38.4051 ], [ -84.2915, 38.4069 ], [ -84.2862, 38.4147 ], [ -84.3005, 38.4198 ], [ -84.3126, 38.4113 ], [ -84.3169, 38.4182 ], [ -84.3071, 38.4284 ] ] ] } },
{ "type": "Feature", "properties": { "GEOIDFQ": "1400000US21121930602", "NAME": "9306.02", "NAMELSAD": "Census Tract 9306.02" }, "geometry": { "type": "Polygon", "coordinates": [ [ [ -83.8688, 36.8425 ], [ -83.8737, 36.8571 ], [ -83.8542, 36.8522 ], [ -83.8205, 36.8762 ], [ -83.7953, 36.8623 ], [ -83.766, 36.8137 ], [ -83.7827, 36.8149 ], [ -83.7814, 36.8265 ], [ -83.8, 36.8215 ], [ -83.8035, 36.8331 ], [ -83.8183, 36.8381 ], [ -83.8303, 36.8361 ], [ -83.8401, 36.8226 ], [ -83.8531, 36.836 ], [ -83.8725, 36.8318 ], [ -83.8764, 36.8377 ], [ -83.8688, 36.8425 ] ] ] } },
{ "type": "Feature", "properties": { "GEOIDFQ": "1400000US21059000402", "NAME": "4.02", "NAMELSAD": "Census Tract 4.02" }, "geometry": { "type": "Polygon", "coordinates": [ [ [ -87.077, 37.7954 ], [ -87.0892, 37.786 ], [ -87.0712, 37.7578 ], [ -87.0857, 37.767 ], [ -87.101, 37.7652 ], [ -87.1112, 37.7816 ], [ -87.077, 37.7954 ] ] ] } },
{ "type": "Feature", "properties": { "GEOIDFQ": "1400000US21059000401", "NAME": "4.01", "NAMELSAD": "Census Tract 4.01" }, "geometry": { "type": "Polygon", "coordinates": [ [ [ -87.0852, 37.7668 ], [ -87.0712, 37.7578 ], [ -87.0713, 37.7462 ], [ -87.085, 37.7545 ], [ -87.1024, 37.7546 ], [ -87.1032, 37.7634 ], [ -87.0852, 37.7668 ] ] ] } },
{ "type": "Feature", "properties": { "GEOIDFQ": "1400000US21157950300", "NAME": "9503", "NAMELSAD": "Census Tract 9503" }, "geometry": { "type": "Polygon", "coordinates": [ [ [ -88.3473, 36.8995 ], [ -88.3512, 36.9211 ], [ -88.3428, 36.9336 ], [ -88.35, 36.9505 ], [ -88.3471, 36.9905 ], [ -88.3349, 36.9925 ], [ -88.3165, 37.0111 ], [ -88.2857, 37.026 ], [ -88.2251, 36.9642 ], [ -88.263, 36.9317 ], [ -88.2714, 36.9085 ], [ -88.2951, 36.8897 ], [ -88.2871, 36.8861 ], [ -88.335, 36.8652 ], [ -88.356, 36.8834 ], [ -88.3473, 36.8995 ] ] ] } },
{ "type": "Feature", "properties": { "GEOIDFQ": "1400000US21157950400", "NAME": "9504", "NAMELSAD": "Census Tract 9504" }, "geometry": { "type": "Polygon", "coordinates": [ [ [ -88.404, 36.8835 ], [ -88.4054, 36.9029 ], [ -88.3894, 36.9034 ], [ -88.3864, 36.8972 ], [ -88.3581, 36.8869 ], [ -88.3353, 36.8653 ], [ -88.3143, 36.8595 ], [ -88.3302, 36.8576 ], [ -88.3163, 36.8487 ], [ -88.3213, 36.8325 ], [ -88.3672, 36.8231 ], [ -88.3929, 36.8423 ], [ -88.3926, 36.8537 ], [ -88.411, 36.8528 ], [ -88.4228, 36.8657 ], [ -88.404, 36.8835 ] ] ] } },
{ "type": "Feature", "properties": { "GEOIDFQ": "1400000US21015070605", "NAME": "706.05", "NAMELSAD": "Census Tract 706.05" }, "geometry": { "type": "Polygon", "coordinates": [ [ [ -84.6756, 38.9354 ], [ -84.631, 38.932 ], [ -84.6289, 38.9176 ], [ -84.642, 38.9063 ], [ -84.6806, 38.9175 ], [ -84.6756, 38.9354 ] ] ] } },
{ "type": "Feature", "properties": { "GEOIDFQ": "1400000US21173920302", "NAME": "9203.02", "NAMELSAD": "Census Tract 9203.02" }, "geometry": { "type": "Polygon", "coordinates": [ [ [ -83.9992, 38.0445 ], [ -83.9433, 38.0561 ], [ -83.9032, 38.0052 ], [ -83.9203, 37.9995 ], [ -83.9266, 37.9883 ], [ -83.9411, 37.9925 ], [ -83.949, 38.01 ], [ -83.9603, 38.0048 ], [ -83.9872, 37.9805 ], [ -83.9848, 37.9639 ], [ -84.0265, 38.0309 ], [ -83.9992, 38.0445 ] ] ] } },
{ "type": "Feature", "properties": { "GEOIDFQ": "1400000US21173920301", "NAME": "9203.01", "NAMELSAD": "Census Tract 9203.01" }, "geometry": { "type": "Polygon", "coordinates": [ [ [ -83.994, 38.0732 ], [ -83.9494, 38.078 ], [ -83.9421, 38.0564 ], [ -83.9992, 38.0445 ], [ -84.0265, 38.0309 ], [ -84.0438, 38.0589 ], [ -83.994, 38.0732 ] ] ] } },
{ "type": "Feature", "properties": { "GEOIDFQ": "1400000US21083020400", "NAME": "204", "NAMELSAD": "Census Tract 204" }, "geometry": { "type": "Polygon", "coordinates": [ [ [ -88.6836, 36.6637 ], [ -88.6145, 36.6641 ], [ -88.6019, 36.6758 ], [ -88.5897, 36.644 ], [ -88.5463, 36.6421 ], [ -88.4877, 36.6119 ], [ -88.4891, 36.5012 ], [ -88.6615, 36.5023 ], [ -88.6693, 36.5559 ], [ -88.6516, 36.5575 ], [ -88.6514, 36.5759 ], [ -88.6799, 36.6162 ], [ -88.6798, 36.6342 ], [ -88.6911, 36.658 ], [ -88.6836, 36.6637 ] ] ] } },
{ "type": "Feature", "properties": { "GEOIDFQ": "1400000US21083020200", "NAME": "202", "NAMELSAD": "Census Tract 202" }, "geometry": { "type": "Polygon", "coordinates": [ [ [ -88.7155, 36.6982 ], [ -88.7121, 36.7355 ], [ -88.7049, 36.7462 ], [ -88.6855, 36.738 ], [ -88.6386, 36.7416 ], [ -88.6418, 36.7198 ], [ -88.6505, 36.7096 ], [ -88.6512, 36.6636 ], [ -88.6836, 36.6637 ], [ -88.6911, 36.658 ], [ -88.7287, 36.6864 ], [ -88.7155, 36.6982 ] ] ] } },
{ "type": "Feature", "properties": { "GEOIDFQ": "1400000US21083020100", "NAME": "201", "NAMELSAD": "Census Tract 201" }, "geometry": { "type": "Polygon", "coordinates": [ [ [ -88.7025, 36.769 ], [ -88.6935, 36.7813 ], [ -88.6987, 36.7881 ], [ -88.6317, 36.7873 ], [ -88.6313, 36.7658 ], [ -88.6184, 36.7483 ], [ -88.6238, 36.745 ], [ -88.6736, 36.7373 ], [ -88.7036, 36.7455 ], [ -88.7025, 36.769 ] ] ] } },
{ "type": "Feature", "properties": { "GEOIDFQ": "1400000US21083020900", "NAME": "209", "NAMELSAD": "Census Tract 209" }, "geometry": { "type": "Polygon", "coordinates": [ [ [ -88.5338, 36.7809 ], [ -88.4857, 36.7747 ], [ -88.4877, 36.6119 ], [ -88.5463, 36.6421 ], [ -88.5929, 36.6472 ], [ -88.6102, 36.7001 ], [ -88.611, 36.7378 ], [ -88.6183, 36.7484 ], [ -88.5338, 36.7809 ] ] ] } },
{ "type": "Feature", "properties": { "GEOIDFQ": "1400000US21083020800", "NAME": "208", "NAMELSAD": "Census Tract 208" }, "geometry": { "type": "Polygon", "coordinates": [ [ [ -88.4841, 36.9421 ], [ -88.4857, 36.7747 ], [ -88.5338, 36.7809 ], [ -88.6184, 36.7483 ], [ -88.6317, 36.767 ], [ -88.6296, 36.8313 ], [ -88.6392, 36.8703 ], [ -88.6363, 36.8852 ], [ -88.6599, 36.9194 ], [ -88.6885, 36.9427 ], [ -88.4841, 36.9421 ] ] ] } },
{ "type": "Feature", "properties": { "GEOIDFQ": "1400000US21061920300", "NAME": "9203", "NAMELSAD": "Census Tract 9203" }, "geometry": { "type": "Polygon", "coordinates": [ [ [ -86.2437, 37.2837 ], [ -86.2289, 37.282 ], [ -86.2327, 37.2936 ], [ -86.2184, 37.2929 ], [ -86.215, 37.303 ], [ -86.2269, 37.3036 ], [ -86.2337, 37.3106 ], [ -86.2157, 37.3108 ], [ -86.2175, 37.3248 ], [ -86.2111, 37.3228 ], [ -86.2074, 37.3326 ], [ -86.1931, 37.3279 ], [ -86.1875, 37.3408 ], [ -86.1749, 37.332 ], [ -86.1576, 37.3356 ], [ -86.0732, 37.2418 ], [ -86.0803, 37.2335 ], [ -86.1051, 37.2339 ], [ -86.1109, 37.2434 ], [ -86.1227, 37.2404 ], [ -86.1262, 37.2331 ], [ -86.1398, 37.2356 ], [ -86.15, 37.2516 ], [ -86.1442, 37.2571 ], [ -86.1481, 37.2599 ], [ -86.1586, 37.256 ], [ -86.1559, 37.2498 ], [ -86.1645, 37.2442 ], [ -86.1727, 37.2557 ], [ -86.1837, 37.2483 ], [ -86.1945, 37.2493 ], [ -86.2012, 37.2403 ], [ -86.2262, 37.2371 ], [ -86.2296, 37.2538 ], [ -86.2226, 37.2625 ], [ -86.2373, 37.264 ], [ -86.2376, 37.2704 ], [ -86.242, 37.2648 ], [ -86.2501, 37.266 ], [ -86.2533, 37.2726 ], [ -86.2437, 37.2837 ] ] ] } },
{ "type": "Feature", "properties": { "GEOIDFQ": "1400000US21061980100", "NAME": "9801", "NAMELSAD": "Census Tract 9801" }, "geometry": { "type": "Polygon", "coordinates": [ [ [ -86.2644, 37.22 ], [ -86.2529, 37.2208 ], [ -86.2574, 37.2271 ], [ -86.2501, 37.2256 ], [ -86.2477, 37.2346 ], [ -86.2567, 37.2326 ], [ -86.2591, 37.2374 ], [ -86.2478, 37.2488 ], [ -86.2549, 37.2593 ], [ -86.2385, 37.2703 ], [ -86.2373, 37.264 ], [ -86.2226, 37.2625 ], [ -86.2296, 37.2538 ], [ -86.2262, 37.2371 ], [ -86.2012, 37.2403 ], [ -86.1945, 37.2493 ], [ -86.1837, 37.2483 ], [ -86.1727, 37.2557 ], [ -86.1645, 37.2442 ], [ -86.1559, 37.2498 ], [ -86.1586, 37.256 ], [ -86.1481, 37.2599 ], [ -86.1442, 37.2571 ], [ -86.15, 37.2516 ], [ -86.1398, 37.2356 ], [ -86.1262, 37.2331 ], [ -86.1227, 37.2404 ], [ -86.1109, 37.2434 ], [ -86.1051, 37.2339 ], [ -86.0803, 37.2335 ], [ -86.0732, 37.2418 ], [ -86.0491, 37.2153 ], [ -86.0626, 37.1285 ], [ -86.1114, 37.123 ], [ -86.1129, 37.1313 ], [ -86.1241, 37.1321 ], [ -86.1262, 37.1263 ], [ -86.1433, 37.1222 ], [ -86.1494, 37.1392 ], [ -86.1601, 37.1287 ], [ -86.1593, 37.1609 ], [ -86.1705, 37.1672 ], [ -86.1939, 37.1687 ], [ -86.1979, 37.185 ], [ -86.2186, 37.1869 ], [ -86.2261, 37.1958 ], [ -86.2366, 37.1905 ], [ -86.2495, 37.1932 ], [ -86.2674, 37.213 ], [ -86.2644, 37.22 ] ] ] } },
{ "type": "Feature", "properties": { "GEOIDFQ": "1400000US21011970202", "NAME": "9702.02", "NAMELSAD": "Census Tract 9702.02" }, "geometry": { "type": "Polygon", "coordinates": [ [ [ -83.8576, 38.1396 ], [ -83.8675, 38.1745 ], [ -83.852, 38.203 ], [ -83.8408, 38.1917 ], [ -83.8179, 38.1889 ], [ -83.7634, 38.1545 ], [ -83.7633, 38.1393 ], [ -83.7513, 38.1269 ], [ -83.6922, 38.1528 ], [ -83.6716, 38.1384 ], [ -83.6911, 38.1247 ], [ -83.695, 38.1138 ], [ -83.6893, 38.0978 ], [ -83.6949, 38.0972 ], [ -83.7076, 38.0714 ], [ -83.7162, 38.0618 ], [ -83.7355, 38.0661 ], [ -83.7409, 38.0556 ], [ -83.7185, 38.0187 ], [ -83.7173, 38.0033 ], [ -83.7381, 38.0102 ], [ -83.757, 37.9926 ], [ -83.7558, 38.0053 ], [ -83.8017, 38.0417 ], [ -83.8208, 38.0811 ], [ -83.8758, 38.1318 ], [ -83.8576, 38.1396 ] ] ] } },
{ "type": "Feature", "properties": { "GEOIDFQ": "1400000US21011970201", "NAME": "9702.01", "NAMELSAD": "Census Tract 9702.01" }, "geometry": { "type": "Polygon", "coordinates": [ [ [ -83.792, 38.2228 ], [ -83.785, 38.2476 ], [ -83.7917, 38.2659 ], [ -83.807, 38.281 ], [ -83.8019, 38.2793 ], [ -83.7954, 38.2922 ], [ -83.7852, 38.2947 ], [ -83.7754, 38.2857 ], [ -83.7625, 38.2953 ], [ -83.7581, 38.2855 ], [ -83.7505, 38.2844 ], [ -83.7284, 38.2936 ], [ -83.7237, 38.2855 ], [ -83.7343, 38.2812 ], [ -83.7363, 38.2632 ], [ -83.7258, 38.2689 ], [ -83.709, 38.2675 ], [ -83.7064, 38.2601 ], [ -83.7173, 38.2523 ], [ -83.7091, 38.2438 ], [ -83.6957, 38.2486 ], [ -83.6901, 38.2618 ], [ -83.685, 38.2559 ], [ -83.6956, 38.2436 ], [ -83.6914, 38.2311 ], [ -83.7002, 38.2012 ], [ -83.6893, 38.1976 ], [ -83.6944, 38.2094 ], [ -83.6846, 38.2146 ], [ -83.6716, 38.197 ], [ -83.6592, 38.2015 ], [ -83.6411, 38.168 ], [ -83.6453, 38.1598 ], [ -83.6865, 38.1589 ], [ -83.7513, 38.1269 ], [ -83.7633, 38.1393 ], [ -83.7632, 38.1543 ], [ -83.8249, 38.1917 ], [ -83.792, 38.2228 ] ] ] } },
{ "type": "Feature", "properties": { "GEOIDFQ": "1400000US21187970300", "NAME": "9703", "NAMELSAD": "Census Tract 9703" }, "geometry": { "type": "Polygon", "coordinates": [ [ [ -84.9093, 38.4502 ], [ -84.9122, 38.4598 ], [ -84.923, 38.4649 ], [ -84.9184, 38.468 ], [ -84.9092, 38.4617 ], [ -84.9033, 38.4667 ], [ -84.8802, 38.463 ], [ -84.8639, 38.452 ], [ -84.8426, 38.4607 ], [ -84.8221, 38.4512 ], [ -84.7898, 38.4634 ], [ -84.7697, 38.4599 ], [ -84.7382, 38.4871 ], [ -84.7216, 38.5131 ], [ -84.7202, 38.5312 ], [ -84.7091, 38.5314 ], [ -84.7038, 38.539 ], [ -84.6907, 38.535 ], [ -84.6668, 38.5431 ], [ -84.6665, 38.5359 ], [ -84.6746, 38.5323 ], [ -84.6714, 38.5271 ], [ -84.6572, 38.5324 ], [ -84.6267, 38.4851 ], [ -84.5805, 38.473 ], [ -84.6236, 38.4312 ], [ -84.706, 38.3701 ], [ -84.7462, 38.3495 ], [ -84.7932, 38.3385 ], [ -84.8088, 38.3493 ], [ -84.8271, 38.3482 ], [ -84.8384, 38.3569 ], [ -84.8701, 38.3563 ], [ -84.87, 38.3702 ], [ -84.8986, 38.379 ], [ -84.8803, 38.419 ], [ -84.9258, 38.4316 ], [ -84.9281, 38.4363 ], [ -84.9093, 38.4502 ] ] ] } },
{ "type": "Feature", "properties": { "GEOIDFQ": "1400000US21187970100", "NAME": "9701", "NAMELSAD": "Census Tract 9701" }, "geometry": { "type": "Polygon", "coordinates": [ [ [ -85.0746, 38.5968 ], [ -85.0668, 38.5942 ], [ -85.0685, 38.6042 ], [ -85.0594, 38.6113 ], [ -85.0254, 38.6134 ], [ -85.0124, 38.6232 ], [ -85.0158, 38.6321 ], [ -84.976, 38.6356 ], [ -84.9699, 38.6487 ], [ -84.9573, 38.6537 ], [ -84.9512, 38.6489 ], [ -84.937, 38.6508 ], [ -84.9259, 38.6731 ], [ -84.9116, 38.6687 ], [ -84.9049, 38.6698 ], [ -84.9041, 38.6785 ], [ -84.89, 38.6764 ], [ -84.8881, 38.6873 ], [ -84.8732, 38.6889 ], [ -84.869, 38.6998 ], [ -84.8453, 38.6966 ], [ -84.8332, 38.712 ], [ -84.8118, 38.7023 ], [ -84.8131, 38.712 ], [ -84.7996, 38.7155 ], [ -84.7941, 38.7245 ], [ -84.7868, 38.7231 ], [ -84.7743, 38.6186 ], [ -84.7374, 38.5914 ], [ -84.7511, 38.5919 ], [ -84.7521, 38.596 ], [ -84.7676, 38.5889 ], [ -84.7768, 38.5969 ], [ -84.786, 38.5838 ], [ -84.777, 38.5753 ], [ -84.8048, 38.5737 ], [ -84.8232, 38.5821 ], [ -84.8416, 38.5625 ], [ -84.8581, 38.5643 ], [ -84.9, 38.5968 ], [ -84.9037, 38.5719 ], [ -84.9439, 38.5705 ], [ -84.9508, 38.5557 ], [ -84.9616, 38.5538 ], [ -84.9887, 38.5702 ], [ -85.0012, 38.5672 ], [ -85.0058, 38.5588 ], [ -85.0409, 38.5742 ], [ -85.0621, 38.5643 ], [ -85.0761, 38.5795 ], [ -85.0746, 38.5968 ] ] ] } },
{ "type": "Feature", "properties": { "GEOIDFQ": "1400000US21187970202", "NAME": "9702.02", "NAMELSAD": "Census Tract 9702.02" }, "geometry": { "type": "Polygon", "coordinates": [ [ [ -84.8974, 38.5961 ], [ -84.8897, 38.5847 ], [ -84.8582, 38.5644 ], [ -84.8416, 38.5625 ], [ -84.8232, 38.5821 ], [ -84.8048, 38.5737 ], [ -84.7774, 38.5751 ], [ -84.786, 38.5838 ], [ -84.7819, 38.5954 ], [ -84.7759, 38.5969 ], [ -84.7664, 38.5888 ], [ -84.7521, 38.596 ], [ -84.7511, 38.5919 ], [ -84.7374, 38.5914 ], [ -84.7384, 38.5957 ], [ -84.6745, 38.5579 ], [ -84.6793, 38.5513 ], [ -84.6655, 38.5435 ], [ -84.6907, 38.535 ], [ -84.7038, 38.539 ], [ -84.7091, 38.5314 ], [ -84.7202, 38.5312 ], [ -84.7216, 38.5131 ], [ -84.7382, 38.4871 ], [ -84.7697, 38.4599 ], [ -84.7898, 38.4634 ], [ -84.8226, 38.4512 ], [ -84.8428, 38.4607 ], [ -84.8328, 38.4713 ], [ -84.8263, 38.5082 ], [ -84.8144, 38.5227 ], [ -84.8309, 38.5281 ], [ -84.8362, 38.5358 ], [ -84.8498, 38.5339 ], [ -84.868, 38.5397 ], [ -84.9037, 38.5719 ], [ -84.8989, 38.5761 ], [ -84.9043, 38.5879 ], [ -84.8974, 38.5961 ] ] ] } },
{ "type": "Feature", "properties": { "GEOIDFQ": "1400000US21187970201", "NAME": "9702.01", "NAMELSAD": "Census Tract 9702.01" }, "geometry": { "type": "Polygon", "coordinates": [ [ [ -85.0123, 38.5478 ], [ -85.0023, 38.5528 ], [ -85.0079, 38.5592 ], [ -84.9913, 38.5705 ], [ -84.9618, 38.5538 ], [ -84.9509, 38.5557 ], [ -84.9439, 38.5705 ], [ -84.9022, 38.5719 ], [ -84.8679, 38.5397 ], [ -84.8498, 38.5339 ], [ -84.8362, 38.5358 ], [ -84.8309, 38.5281 ], [ -84.8144, 38.5227 ], [ -84.8331, 38.491 ], [ -84.8329, 38.471 ], [ -84.8472, 38.455 ], [ -84.8585, 38.4572 ], [ -84.8656, 38.4522 ], [ -84.8802, 38.463 ], [ -84.9033, 38.4667 ], [ -84.9092, 38.4617 ], [ -84.9185, 38.468 ], [ -84.9362, 38.4551 ], [ -84.938, 38.4291 ], [ -84.9443, 38.4263 ], [ -84.9632, 38.4369 ], [ -84.9516, 38.4579 ], [ -84.9555, 38.4724 ], [ -84.9914, 38.4893 ], [ -84.9791, 38.5163 ], [ -85.0005, 38.517 ], [ -85.0192, 38.5039 ], [ -85.0299, 38.5108 ], [ -85.0123, 38.5478 ] ] ] } },
{ "type": "Feature", "properties": { "GEOIDFQ": "1400000US21015070502", "NAME": "705.02", "NAMELSAD": "Census Tract 705.02" }, "geometry": { "type": "Polygon", "coordinates": [ [ [ -84.8518, 39.0853 ], [ -84.8539, 39.0639 ], [ -84.8433, 39.0626 ], [ -84.8041, 39.0298 ], [ -84.7865, 39.0333 ], [ -84.7398, 39.0069 ], [ -84.7045, 38.9993 ], [ -84.7194, 38.9914 ], [ -84.7262, 38.9491 ], [ -84.7966, 38.9307 ], [ -84.8044, 38.9171 ], [ -84.801, 38.8915 ], [ -84.8642, 38.8982 ], [ -84.8772, 38.9094 ], [ -84.8769, 38.9217 ], [ -84.8343, 38.9588 ], [ -84.83, 38.9726 ], [ -84.8973, 39.0575 ], [ -84.8518, 39.0853 ] ] ] } },
{ "type": "Feature", "properties": { "GEOIDFQ": "1400000US21015070604", "NAME": "706.04", "NAMELSAD": "Census Tract 706.04" }, "geometry": { "type": "Polygon", "coordinates": [ [ [ -84.7395, 38.8304 ], [ -84.7365, 38.8406 ], [ -84.7173, 38.8462 ], [ -84.7187, 38.8535 ], [ -84.6988, 38.8787 ], [ -84.6853, 38.8802 ], [ -84.6327, 38.8722 ], [ -84.6248, 38.8765 ], [ -84.6212, 38.8466 ], [ -84.6081, 38.8351 ], [ -84.6157, 38.8023 ], [ -84.6436, 38.798 ], [ -84.6562, 38.7901 ], [ -84.6549, 38.7781 ], [ -84.6601, 38.7773 ], [ -84.75, 38.8307 ], [ -84.7395, 38.8304 ] ] ] } },
{ "type": "Feature", "properties": { "GEOIDFQ": "1400000US21015070601", "NAME": "706.01", "NAMELSAD": "Census Tract 706.01" }, "geometry": { "type": "Polygon", "coordinates": [ [ [ -84.8039, 38.9186 ], [ -84.7898, 38.9339 ], [ -84.7643, 38.936 ], [ -84.7267, 38.9491 ], [ -84.6804, 38.9447 ], [ -84.6762, 38.9401 ], [ -84.6945, 38.8831 ], [ -84.7187, 38.8535 ], [ -84.7169, 38.8466 ], [ -84.7365, 38.8406 ], [ -84.74, 38.8303 ], [ -84.7507, 38.831 ], [ -84.761, 38.848 ], [ -84.7778, 38.8472 ], [ -84.7786, 38.8594 ], [ -84.783, 38.8548 ], [ -84.7951, 38.8573 ], [ -84.7852, 38.8799 ], [ -84.801, 38.8915 ], [ -84.8039, 38.9186 ] ] ] } },
{ "type": "Feature", "properties": { "GEOIDFQ": "1400000US21051950500", "NAME": "9505", "NAMELSAD": "Census Tract 9505" }, "geometry": { "type": "Polygon", "coordinates": [ [ [ -83.897, 37.126 ], [ -83.8801, 37.1252 ], [ -83.8588, 37.1359 ], [ -83.8248, 37.1375 ], [ -83.8095, 37.1435 ], [ -83.7942, 37.1324 ], [ -83.7788, 37.1384 ], [ -83.769, 37.1362 ], [ -83.7698, 37.1263 ], [ -83.757, 37.1189 ], [ -83.7215, 37.1153 ], [ -83.7088, 37.0941 ], [ -83.6911, 37.0887 ], [ -83.6835, 37.0683 ], [ -83.7134, 37.0577 ], [ -83.7075, 37.0497 ], [ -83.7258, 37.0378 ], [ -83.7299, 37.0263 ], [ -83.7421, 37.0225 ], [ -83.7507, 37.0265 ], [ -83.7749, 37.0152 ], [ -83.7803, 37.023 ], [ -83.7743, 37.0373 ], [ -83.797, 37.037 ], [ -83.8229, 37.026 ], [ -83.8317, 37.0312 ], [ -83.8259, 37.0401 ], [ -83.8565, 37.0425 ], [ -83.8585, 37.0545 ], [ -83.8629, 37.0515 ], [ -83.8761, 37.0626 ], [ -83.8847, 37.0619 ], [ -83.8878, 37.075 ], [ -83.8681, 37.0829 ], [ -83.8625, 37.0917 ], [ -83.8653, 37.1039 ], [ -83.8833, 37.1093 ], [ -83.8857, 37.1188 ], [ -83.9039, 37.1105 ], [ -83.9272, 37.114 ], [ -83.897, 37.126 ] ] ] } },
{ "type": "Feature", "properties": { "GEOIDFQ": "1400000US21171930100", "NAME": "9301", "NAMELSAD": "Census Tract 9301" }, "geometry": { "type": "Polygon", "coordinates": [ [ [ -85.807, 36.8216 ], [ -85.7499, 36.8419 ], [ -85.6132, 36.8327 ], [ -85.6532, 36.7947 ], [ -85.6425, 36.785 ], [ -85.6541, 36.7725 ], [ -85.6517, 36.7635 ], [ -85.6684, 36.7568 ], [ -85.6826, 36.7606 ], [ -85.6965, 36.7462 ], [ -85.7189, 36.7514 ], [ -85.7235, 36.7589 ], [ -85.7462, 36.7534 ], [ -85.7452, 36.7454 ], [ -85.7545, 36.7379 ], [ -85.7588, 36.751 ], [ -85.7682, 36.7565 ], [ -85.7938, 36.7518 ], [ -85.7965, 36.733 ], [ -85.8177, 36.7241 ], [ -85.8443, 36.7322 ], [ -85.8746, 36.7205 ], [ -85.8891, 36.734 ], [ -85.9002, 36.7671 ], [ -85.807, 36.8216 ] ] ] } },
{ "type": "Feature", "properties": { "GEOIDFQ": "1400000US21171930300", "NAME": "9303", "NAMELSAD": "Census Tract 9303" }, "geometry": { "type": "Polygon", "coordinates": [ [ [ -85.7965, 36.733 ], [ -85.7934, 36.752 ], [ -85.7681, 36.7564 ], [ -85.7588, 36.751 ], [ -85.7545, 36.7379 ], [ -85.745, 36.7454 ], [ -85.7194, 36.7186 ], [ -85.6882, 36.7 ], [ -85.6879, 36.6724 ], [ -85.6765, 36.6497 ], [ -85.6814, 36.6306 ], [ -85.6766, 36.6212 ], [ -85.6653, 36.6183 ], [ -85.7445, 36.6206 ], [ -85.769, 36.6342 ], [ -85.749, 36.6479 ], [ -85.7623, 36.6634 ], [ -85.782, 36.6659 ], [ -85.7815, 36.6831 ], [ -85.7957, 36.7128 ], [ -85.807, 36.7132 ], [ -85.8192, 36.7229 ], [ -85.7965, 36.733 ] ] ] } },
{ "type": "Feature", "properties": { "GEOIDFQ": "1400000US21171930200", "NAME": "9302", "NAMELSAD": "Census Tract 9302" }, "geometry": { "type": "Polygon", "coordinates": [ [ [ -85.9769, 36.7227 ], [ -85.9002, 36.7671 ], [ -85.8891, 36.734 ], [ -85.8746, 36.7205 ], [ -85.8437, 36.7322 ], [ -85.8192, 36.7238 ], [ -85.807, 36.7132 ], [ -85.7957, 36.7128 ], [ -85.7815, 36.6831 ], [ -85.782, 36.6659 ], [ -85.7623, 36.6634 ], [ -85.749, 36.6479 ], [ -85.7705, 36.6356 ], [ -85.7445, 36.6206 ], [ -85.9764, 36.6285 ], [ -85.9507, 36.651 ], [ -85.9491, 36.6611 ], [ -85.9769, 36.7227 ] ] ] } },
{ "type": "Feature", "properties": { "GEOIDFQ": "1400000US21073070401", "NAME": "704.01", "NAMELSAD": "Census Tract 704.01" }, "geometry": { "type": "Polygon", "coordinates": [ [ [ -84.9275, 38.2184 ], [ -84.9093, 38.209 ], [ -84.8942, 38.2146 ], [ -84.8811, 38.2031 ], [ -84.8796, 38.1865 ], [ -84.9279, 38.1707 ], [ -84.9259, 38.1824 ], [ -84.9069, 38.185 ], [ -84.9089, 38.1998 ], [ -84.9373, 38.207 ], [ -84.9275, 38.2184 ] ] ] } },
{ "type": "Feature", "properties": { "GEOIDFQ": "1400000US21015070311", "NAME": "703.11", "NAMELSAD": "Census Tract 703.11" }, "geometry": { "type": "Polygon", "coordinates": [ [ [ -84.641, 39.0223 ], [ -84.644, 39.0282 ], [ -84.6364, 39.0392 ], [ -84.6435, 39.0584 ], [ -84.6574, 39.0626 ], [ -84.6534, 39.0737 ], [ -84.6388, 39.0737 ], [ -84.6357, 39.0796 ], [ -84.6235, 39.0743 ], [ -84.617, 39.0215 ], [ -84.6472, 39.0013 ], [ -84.6802, 39.0179 ], [ -84.641, 39.0223 ] ] ] } },
{ "type": "Feature", "properties": { "GEOIDFQ": "1400000US21015070314", "NAME": "703.14", "NAMELSAD": "Census Tract 703.14" }, "geometry": { "type": "Polygon", "coordinates": [ [ [ -84.6803, 39.005 ], [ -84.6642, 39.0086 ], [ -84.6542, 39.0046 ], [ -84.6635, 38.9915 ], [ -84.6695, 38.9986 ], [ -84.6835, 38.9944 ], [ -84.6868, 38.9873 ], [ -84.6961, 38.9906 ], [ -84.6803, 39.005 ] ] ] } },
{ "type": "Feature", "properties": { "GEOIDFQ": "1400000US21097950300", "NAME": "9503", "NAMELSAD": "Census Tract 9503" }, "geometry": { "type": "Polygon", "coordinates": [ [ [ -84.4617, 38.3829 ], [ -84.4223, 38.4026 ], [ -84.4025, 38.409 ], [ -84.3881, 38.4069 ], [ -84.3909, 38.4139 ], [ -84.379, 38.4402 ], [ -84.3625, 38.4421 ], [ -84.3499, 38.437 ], [ -84.3265, 38.4443 ], [ -84.3172, 38.4355 ], [ -84.3009, 38.4384 ], [ -84.2912, 38.4341 ], [ -84.2909, 38.4265 ], [ -84.3071, 38.4284 ], [ -84.3166, 38.4153 ], [ -84.3112, 38.4113 ], [ -84.2986, 38.4199 ], [ -84.2859, 38.4142 ], [ -84.2915, 38.4069 ], [ -84.304, 38.4093 ], [ -84.3137, 38.4035 ], [ -84.2967, 38.4005 ], [ -84.303, 38.393 ], [ -84.2967, 38.3851 ], [ -84.3041, 38.3782 ], [ -84.3021, 38.3673 ], [ -84.2907, 38.3695 ], [ -84.2706, 38.3608 ], [ -84.2749, 38.3533 ], [ -84.2794, 38.3617 ], [ -84.2875, 38.3608 ], [ -84.2896, 38.3485 ], [ -84.3019, 38.3415 ], [ -84.2984, 38.336 ], [ -84.2772, 38.3335 ], [ -84.2781, 38.3159 ], [ -84.2874, 38.3117 ], [ -84.2966, 38.3177 ], [ -84.2948, 38.3089 ], [ -84.3088, 38.3124 ], [ -84.3048, 38.305 ], [ -84.3312, 38.2931 ], [ -84.3412, 38.2963 ], [ -84.3334, 38.2894 ], [ -84.3445, 38.2851 ], [ -84.3599, 38.296 ], [ -84.3788, 38.2779 ], [ -84.4168, 38.2877 ], [ -84.4331, 38.2803 ], [ -84.4449, 38.2847 ], [ -84.434, 38.3068 ], [ -84.4563, 38.3368 ], [ -84.4617, 38.3829 ] ] ] } },
{ "type": "Feature", "properties": { "GEOIDFQ": "1400000US21097950100", "NAME": "9501", "NAMELSAD": "Census Tract 9501" }, "geometry": { "type": "Polygon", "coordinates": [ [ [ -84.4003, 38.5606 ], [ -84.2053, 38.582 ], [ -84.2022, 38.5662 ], [ -84.2177, 38.56 ], [ -84.2113, 38.5509 ], [ -84.1681, 38.559 ], [ -84.1618, 38.5532 ], [ -84.1636, 38.5395 ], [ -84.1783, 38.5333 ], [ -84.1837, 38.4974 ], [ -84.1614, 38.5018 ], [ -84.1586, 38.4964 ], [ -84.1721, 38.4936 ], [ -84.1738, 38.4879 ], [ -84.1656, 38.4851 ], [ -84.1514, 38.4898 ], [ -84.1475, 38.4765 ], [ -84.1315, 38.4829 ], [ -84.1246, 38.4677 ], [ -84.1422, 38.4563 ], [ -84.1648, 38.4694 ], [ -84.1895, 38.4712 ], [ -84.2138, 38.456 ], [ -84.2389, 38.4554 ], [ -84.249, 38.4652 ], [ -84.2891, 38.4494 ], [ -84.3022, 38.4386 ], [ -84.3075, 38.4432 ], [ -84.3022, 38.4521 ], [ -84.323, 38.4562 ], [ -84.3198, 38.4673 ], [ -84.3356, 38.4646 ], [ -84.3408, 38.4685 ], [ -84.3308, 38.4806 ], [ -84.3333, 38.4909 ], [ -84.3466, 38.4838 ], [ -84.3574, 38.5002 ], [ -84.3717, 38.5035 ], [ -84.3782, 38.5116 ], [ -84.3917, 38.5051 ], [ -84.3863, 38.5219 ], [ -84.3977, 38.5312 ], [ -84.379, 38.5375 ], [ -84.3893, 38.5432 ], [ -84.3986, 38.5382 ], [ -84.4023, 38.5439 ], [ -84.3955, 38.5501 ], [ -84.402, 38.5539 ], [ -84.4124, 38.543 ], [ -84.4163, 38.5536 ], [ -84.4003, 38.5606 ] ] ] } },
{ "type": "Feature", "properties": { "GEOIDFQ": "1400000US21097950500", "NAME": "9505", "NAMELSAD": "Census Tract 9505" }, "geometry": { "type": "Polygon", "coordinates": [ [ [ -84.2973, 38.3917 ], [ -84.2257, 38.4036 ], [ -84.2188, 38.3924 ], [ -84.1923, 38.3902 ], [ -84.1813, 38.3838 ], [ -84.2789, 38.3153 ], [ -84.2772, 38.3335 ], [ -84.2984, 38.336 ], [ -84.3019, 38.3415 ], [ -84.2896, 38.3485 ], [ -84.2875, 38.3608 ], [ -84.2794, 38.3617 ], [ -84.2749, 38.3533 ], [ -84.2706, 38.3608 ], [ -84.2907, 38.3695 ], [ -84.3021, 38.3673 ], [ -84.2973, 38.3917 ] ] ] } },
{ "type": "Feature", "properties": { "GEOIDFQ": "1400000US21097950200", "NAME": "9502", "NAMELSAD": "Census Tract 9502" }, "geometry": { "type": "Polygon", "coordinates": [ [ [ -84.5214, 38.5083 ], [ -84.4966, 38.5124 ], [ -84.4853, 38.5086 ], [ -84.4757, 38.5436 ], [ -84.455, 38.5307 ], [ -84.4487, 38.5334 ], [ -84.4479, 38.5297 ], [ -84.4472, 38.5371 ], [ -84.4335, 38.5337 ], [ -84.4322, 38.5397 ], [ -84.4192, 38.5428 ], [ -84.4278, 38.5463 ], [ -84.4203, 38.5517 ], [ -84.4265, 38.5577 ], [ -84.4063, 38.5656 ], [ -84.4002, 38.5602 ], [ -84.4156, 38.5555 ], [ -84.4148, 38.5451 ], [ -84.4081, 38.5428 ], [ -84.4088, 38.5518 ], [ -84.402, 38.5539 ], [ -84.3955, 38.5501 ], [ -84.4023, 38.5439 ], [ -84.3986, 38.5382 ], [ -84.3893, 38.5432 ], [ -84.3789, 38.5371 ], [ -84.3977, 38.5312 ], [ -84.3863, 38.5219 ], [ -84.3917, 38.5051 ], [ -84.3782, 38.5116 ], [ -84.3717, 38.5035 ], [ -84.3574, 38.5002 ], [ -84.3466, 38.4838 ], [ -84.3333, 38.4909 ], [ -84.3308, 38.4806 ], [ -84.3408, 38.4685 ], [ -84.3356, 38.4646 ], [ -84.3198, 38.4673 ], [ -84.323, 38.4562 ], [ -84.3022, 38.4521 ], [ -84.3075, 38.4432 ], [ -84.3018, 38.4385 ], [ -84.3172, 38.4355 ], [ -84.3265, 38.4443 ], [ -84.3499, 38.437 ], [ -84.3625, 38.4421 ], [ -84.379, 38.4402 ], [ -84.3909, 38.4139 ], [ -84.3881, 38.4069 ], [ -84.4025, 38.409 ], [ -84.4223, 38.4026 ], [ -84.4626, 38.3821 ], [ -84.4855, 38.4103 ], [ -84.5279, 38.4333 ], [ -84.5266, 38.4506 ], [ -84.5464, 38.4668 ], [ -84.5574, 38.4929 ], [ -84.5214, 38.5083 ] ] ] } },
{ "type": "Feature", "properties": { "GEOIDFQ": "1400000US21211040504", "NAME": "405.04", "NAMELSAD": "Census Tract 405.04" }, "geometry": { "type": "Polygon", "coordinates": [ [ [ -85.4607, 38.286 ], [ -85.4628, 38.292 ], [ -85.4553, 38.2912 ], [ -85.4541, 38.3 ], [ -85.4484, 38.304 ], [ -85.4499, 38.296 ], [ -85.438, 38.2987 ], [ -85.4273, 38.2928 ], [ -85.4271, 38.3038 ], [ -85.4168, 38.3024 ], [ -85.4095, 38.2939 ], [ -85.4092, 38.3036 ], [ -85.3928, 38.3079 ], [ -85.3518, 38.3031 ], [ -85.3236, 38.3101 ], [ -85.3049, 38.2899 ], [ -85.2939, 38.2889 ], [ -85.2896, 38.2729 ], [ -85.3035, 38.2709 ], [ -85.2898, 38.2411 ], [ -85.3344, 38.2513 ], [ -85.3481, 38.2438 ], [ -85.365, 38.25 ], [ -85.3803, 38.2423 ], [ -85.3997, 38.2435 ], [ -85.4073, 38.2484 ], [ -85.4049, 38.2637 ], [ -85.4682, 38.2853 ], [ -85.4607, 38.286 ] ] ] } },
{ "type": "Feature", "properties": { "GEOIDFQ": "1400000US21211040201", "NAME": "402.01", "NAMELSAD": "Census Tract 402.01" }, "geometry": { "type": "Polygon", "coordinates": [ [ [ -85.2831, 38.3581 ], [ -85.1529, 38.3479 ], [ -85.1427, 38.3344 ], [ -85.1481, 38.3096 ], [ -85.1408, 38.283 ], [ -85.1448, 38.266 ], [ -85.1341, 38.2653 ], [ -85.1402, 38.2419 ], [ -85.1208, 38.2465 ], [ -85.1114, 38.2254 ], [ -85.1482, 38.2182 ], [ -85.1953, 38.2175 ], [ -85.2042, 38.2126 ], [ -85.1985, 38.2435 ], [ -85.2055, 38.2766 ], [ -85.2389, 38.2734 ], [ -85.2467, 38.2594 ], [ -85.262, 38.2537 ], [ -85.2723, 38.258 ], [ -85.2775, 38.2456 ], [ -85.2898, 38.2411 ], [ -85.3035, 38.2709 ], [ -85.2896, 38.2729 ], [ -85.2939, 38.289 ], [ -85.3049, 38.2899 ], [ -85.3245, 38.3101 ], [ -85.2831, 38.3581 ] ] ] } },
{ "type": "Feature", "properties": { "GEOIDFQ": "1400000US21211040503", "NAME": "405.03", "NAMELSAD": "Census Tract 405.03" }, "geometry": { "type": "Polygon", "coordinates": [ [ [ -85.4073, 38.2484 ], [ -85.3834, 38.2418 ], [ -85.365, 38.25 ], [ -85.3481, 38.2438 ], [ -85.335, 38.2513 ], [ -85.3221, 38.2506 ], [ -85.2899, 38.2409 ], [ -85.3036, 38.2338 ], [ -85.2962, 38.225 ], [ -85.3051, 38.2215 ], [ -85.3018, 38.2109 ], [ -85.3159, 38.2027 ], [ -85.4124, 38.2177 ], [ -85.4073, 38.2484 ] ] ] } },
{ "type": "Feature", "properties": { "GEOIDFQ": "1400000US21211040202", "NAME": "402.02", "NAMELSAD": "Census Tract 402.02" }, "geometry": { "type": "Polygon", "coordinates": [ [ [ -85.281, 38.2428 ], [ -85.2723, 38.258 ], [ -85.262, 38.2537 ], [ -85.2467, 38.2594 ], [ -85.2389, 38.2734 ], [ -85.2055, 38.2766 ], [ -85.1985, 38.2435 ], [ -85.2037, 38.2106 ], [ -85.2786, 38.2339 ], [ -85.2993, 38.2281 ], [ -85.3038, 38.2334 ], [ -85.281, 38.2428 ] ] ] } },
{ "type": "Feature", "properties": { "GEOIDFQ": "1400000US21211040404", "NAME": "404.04", "NAMELSAD": "Census Tract 404.04" }, "geometry": { "type": "Polygon", "coordinates": [ [ [ -85.3018, 38.2109 ], [ -85.3051, 38.2215 ], [ -85.2962, 38.225 ], [ -85.2993, 38.2281 ], [ -85.287, 38.2339 ], [ -85.2519, 38.2277 ], [ -85.2598, 38.2138 ], [ -85.2445, 38.2129 ], [ -85.2476, 38.2056 ], [ -85.2403, 38.2047 ], [ -85.2374, 38.1932 ], [ -85.2201, 38.2001 ], [ -85.2162, 38.2088 ], [ -85.2031, 38.2062 ], [ -85.2121, 38.1848 ], [ -85.2476, 38.186 ], [ -85.3159, 38.2027 ], [ -85.3018, 38.2109 ] ] ] } },
{ "type": "Feature", "properties": { "GEOIDFQ": "1400000US21067003701", "NAME": "37.01", "NAMELSAD": "Census Tract 37.01" }, "geometry": { "type": "Polygon", "coordinates": [ [ [ -84.6206, 38.1295 ], [ -84.5467, 38.1563 ], [ -84.5208, 38.1147 ], [ -84.5411, 38.1108 ], [ -84.5438, 38.0978 ], [ -84.5563, 38.0884 ], [ -84.5732, 38.1027 ], [ -84.5641, 38.093 ], [ -84.5656, 38.0843 ], [ -84.5518, 38.0754 ], [ -84.5657, 38.0457 ], [ -84.6492, 38.0433 ], [ -84.6206, 38.1295 ] ] ] } },
{ "type": "Feature", "properties": { "GEOIDFQ": "1400000US21225950300", "NAME": "9503", "NAMELSAD": "Census Tract 9503" }, "geometry": { "type": "Polygon", "coordinates": [ [ [ -88.0915, 37.5639 ], [ -88.099, 37.576 ], [ -88.0835, 37.6028 ], [ -88.0628, 37.6044 ], [ -88.0538, 37.6144 ], [ -88.0359, 37.6169 ], [ -88.0321, 37.6087 ], [ -88.0231, 37.6068 ], [ -88.0062, 37.6161 ], [ -87.9854, 37.6142 ], [ -87.9471, 37.6499 ], [ -87.9298, 37.6468 ], [ -87.9095, 37.629 ], [ -87.8999, 37.6253 ], [ -87.8958, 37.6293 ], [ -87.8865, 37.6157 ], [ -87.8603, 37.6004 ], [ -87.8468, 37.5986 ], [ -87.8278, 37.6283 ], [ -87.7682, 37.6094 ], [ -87.933, 37.4801 ], [ -87.9545, 37.4792 ], [ -87.9639, 37.4705 ], [ -87.9828, 37.4742 ], [ -87.9659, 37.4861 ], [ -87.9735, 37.5006 ], [ -87.9817, 37.4937 ], [ -87.9975, 37.5067 ], [ -88.0019, 37.5457 ], [ -88.0179, 37.5466 ], [ -88.0307, 37.5166 ], [ -88.0386, 37.5133 ], [ -88.0472, 37.5184 ], [ -88.052, 37.5078 ], [ -88.0613, 37.5053 ], [ -88.0695, 37.5261 ], [ -88.0894, 37.5364 ], [ -88.1057, 37.5566 ], [ -88.0915, 37.5639 ] ] ] } },
{ "type": "Feature", "properties": { "GEOIDFQ": "1400000US21225950100", "NAME": "9501", "NAMELSAD": "Census Tract 9501" }, "geometry": { "type": "Polygon", "coordinates": [ [ [ -88.0363, 37.7912 ], [ -88.0243, 37.8006 ], [ -88.0013, 37.7989 ], [ -87.9518, 37.7717 ], [ -87.9341, 37.7964 ], [ -87.9069, 37.8076 ], [ -87.91, 37.843 ], [ -87.9408, 37.8779 ], [ -87.9385, 37.8906 ], [ -87.9271, 37.9017 ], [ -87.8199, 37.7684 ], [ -87.8319, 37.7648 ], [ -87.8474, 37.7423 ], [ -87.8765, 37.7198 ], [ -87.8954, 37.7321 ], [ -87.9141, 37.7134 ], [ -87.9221, 37.7315 ], [ -87.9331, 37.7355 ], [ -87.9435, 37.737 ], [ -87.9537, 37.7182 ], [ -88.0089, 37.7458 ], [ -88.0289, 37.7411 ], [ -88.0164, 37.761 ], [ -88.0432, 37.7659 ], [ -88.0363, 37.7912 ] ] ] } },
{ "type": "Feature", "properties": { "GEOIDFQ": "1400000US21099970301", "NAME": "9703.01", "NAMELSAD": "Census Tract 9703.01" }, "geometry": { "type": "Polygon", "coordinates": [ [ [ -86.1543, 37.3443 ], [ -86.1467, 37.3442 ], [ -86.1486, 37.3501 ], [ -86.1351, 37.3437 ], [ -86.1067, 37.3155 ], [ -86.0841, 37.3175 ], [ -86.0605, 37.3055 ], [ -86.0409, 37.3063 ], [ -86.0115, 37.2835 ], [ -85.9919, 37.2848 ], [ -85.9512, 37.3109 ], [ -85.9411, 37.3033 ], [ -85.9302, 37.2765 ], [ -85.9131, 37.2749 ], [ -85.9253, 37.2515 ], [ -85.9381, 37.2687 ], [ -85.9421, 37.2625 ], [ -85.9341, 37.2412 ], [ -85.9474, 37.2474 ], [ -85.9446, 37.2594 ], [ -85.9521, 37.263 ], [ -85.9611, 37.257 ], [ -85.9501, 37.242 ], [ -85.9667, 37.245 ], [ -85.9757, 37.2327 ], [ -85.9886, 37.2497 ], [ -86.0037, 37.2427 ], [ -86.0122, 37.2495 ], [ -86.0176, 37.2389 ], [ -86.0285, 37.2499 ], [ -86.0416, 37.2342 ], [ -86.0408, 37.2256 ], [ -86.0503, 37.2228 ], [ -86.0496, 37.2158 ], [ -86.1576, 37.3356 ], [ -86.1535, 37.3393 ], [ -86.1614, 37.3505 ], [ -86.1543, 37.3443 ] ] ] } },
{ "type": "Feature", "properties": { "GEOIDFQ": "1400000US21099970302", "NAME": "9703.02", "NAMELSAD": "Census Tract 9703.02" }, "geometry": { "type": "Polygon", "coordinates": [ [ [ -86.1197, 37.3462 ], [ -86.1218, 37.3318 ], [ -86.1154, 37.3388 ], [ -86.0962, 37.33 ], [ -86.1062, 37.3385 ], [ -86.1029, 37.3527 ], [ -86.0937, 37.3453 ], [ -86.0916, 37.351 ], [ -86.0799, 37.351 ], [ -86.0883, 37.3391 ], [ -86.0805, 37.3449 ], [ -86.0709, 37.3405 ], [ -86.0736, 37.348 ], [ -86.063, 37.3494 ], [ -86.0705, 37.3547 ], [ -86.0642, 37.3603 ], [ -86.0504, 37.3562 ], [ -86.0406, 37.3632 ], [ -86.0353, 37.3547 ], [ -86.0216, 37.3606 ], [ -86.0138, 37.3471 ], [ -86.0099, 37.3531 ], [ -86.0027, 37.3516 ], [ -86.0082, 37.3579 ], [ -85.9997, 37.3598 ], [ -85.9872, 37.3489 ], [ -85.9658, 37.3498 ], [ -85.9456, 37.3243 ], [ -85.9134, 37.304 ], [ -85.9057, 37.2884 ], [ -85.9014, 37.2969 ], [ -85.9075, 37.3371 ], [ -85.8935, 37.3653 ], [ -85.8786, 37.3492 ], [ -85.8611, 37.3464 ], [ -85.8536, 37.3343 ], [ -85.8441, 37.3335 ], [ -85.8518, 37.3173 ], [ -85.8426, 37.3156 ], [ -85.8378, 37.3209 ], [ -85.8212, 37.3169 ], [ -85.8064, 37.3245 ], [ -85.8029, 37.3065 ], [ -85.8191, 37.2873 ], [ -85.8514, 37.2976 ], [ -85.8564, 37.278 ], [ -85.873, 37.2762 ], [ -85.8994, 37.2572 ], [ -85.9124, 37.264 ], [ -85.9155, 37.255 ], [ -85.9253, 37.2515 ], [ -85.9131, 37.2749 ], [ -85.9302, 37.2765 ], [ -85.9411, 37.3033 ], [ -85.9512, 37.3109 ], [ -85.9919, 37.2848 ], [ -86.0113, 37.2835 ], [ -86.0409, 37.3063 ], [ -86.0604, 37.3055 ], [ -86.0838, 37.3175 ], [ -86.1151, 37.3195 ], [ -86.1274, 37.3385 ], [ -86.1197, 37.3462 ] ] ] } },
{ "type": "Feature", "properties": { "GEOIDFQ": "1400000US21093001402", "NAME": "14.02", "NAMELSAD": "Census Tract 14.02" }, "geometry": { "type": "Polygon", "coordinates": [ [ [ -85.8624, 37.7112 ], [ -85.8601, 37.7067 ], [ -85.8529, 37.7117 ], [ -85.8468, 37.7046 ], [ -85.8359, 37.7106 ], [ -85.8559, 37.6916 ], [ -85.874, 37.7088 ], [ -85.8624, 37.7112 ] ] ] } },
{ "type": "Feature", "properties": { "GEOIDFQ": "1400000US21005950102", "NAME": "9501.02", "NAMELSAD": "Census Tract 9501.02" }, "geometry": { "type": "Polygon", "coordinates": [ [ [ -84.9188, 38.0994 ], [ -84.9066, 38.0935 ], [ -84.8872, 38.0971 ], [ -84.8724, 38.1172 ], [ -84.8649, 38.1169 ], [ -84.8611, 38.0906 ], [ -84.8408, 38.1004 ], [ -84.8296, 38.0916 ], [ -84.8278, 38.0821 ], [ -84.843, 38.07 ], [ -84.826, 38.055 ], [ -84.8472, 38.0512 ], [ -84.8459, 38.0402 ], [ -84.853, 38.0348 ], [ -84.891, 38.0306 ], [ -84.9208, 38.0618 ], [ -84.9188, 38.0994 ] ] ] } },
{ "type": "Feature", "properties": { "GEOIDFQ": "1400000US21005950101", "NAME": "9501.01", "NAMELSAD": "Census Tract 9501.01" }, "geometry": { "type": "Polygon", "coordinates": [ [ [ -84.9674, 38.1193 ], [ -84.9581, 38.1098 ], [ -84.9188, 38.0994 ], [ -84.9209, 38.0617 ], [ -84.8963, 38.0371 ], [ -84.944, 38.0267 ], [ -84.9474, 38.0346 ], [ -84.9562, 38.0361 ], [ -84.941, 38.0783 ], [ -84.9715, 38.0922 ], [ -84.9638, 38.0968 ], [ -84.9759, 38.1175 ], [ -84.9674, 38.1193 ] ] ] } },
{ "type": "Feature", "properties": { "GEOIDFQ": "1400000US21177960201", "NAME": "9602.01", "NAMELSAD": "Census Tract 9602.01" }, "geometry": { "type": "Polygon", "coordinates": [ [ [ -87.1274, 37.3214 ], [ -87.1219, 37.3108 ], [ -87.1149, 37.3206 ], [ -87.0992, 37.322 ], [ -87.0881, 37.2871 ], [ -87.1226, 37.2788 ], [ -87.128, 37.2838 ], [ -87.1195, 37.289 ], [ -87.1466, 37.3143 ], [ -87.1274, 37.3214 ] ] ] } },
{ "type": "Feature", "properties": { "GEOIDFQ": "1400000US21177960202", "NAME": "9602.02", "NAMELSAD": "Census Tract 9602.02" }, "geometry": { "type": "Polygon", "coordinates": [ [ [ -87.2108, 37.2917 ], [ -87.2036, 37.2923 ], [ -87.1949, 37.3072 ], [ -87.1789, 37.3127 ], [ -87.1611, 37.3363 ], [ -87.1722, 37.3986 ], [ -87.1814, 37.4051 ], [ -87.1711, 37.4136 ], [ -87.1123, 37.4115 ], [ -87.0998, 37.416 ], [ -87.0941, 37.3774 ], [ -87.1238, 37.3608 ], [ -87.1374, 37.3407 ], [ -87.1342, 37.3325 ], [ -87.1078, 37.3221 ], [ -87.1219, 37.3108 ], [ -87.1274, 37.3214 ], [ -87.1466, 37.3143 ], [ -87.1195, 37.289 ], [ -87.128, 37.2838 ], [ -87.1226, 37.2788 ], [ -87.1545, 37.2725 ], [ -87.1769, 37.2576 ], [ -87.1979, 37.2534 ], [ -87.2119, 37.2671 ], [ -87.2108, 37.2917 ] ] ] } },
{ "type": "Feature", "properties": { "GEOIDFQ": "1400000US21029021103", "NAME": "211.03", "NAMELSAD": "Census Tract 211.03" }, "geometry": { "type": "Polygon", "coordinates": [ [ [ -85.67, 38.0037 ], [ -85.6631, 38.0023 ], [ -85.6656, 37.9974 ], [ -85.6535, 37.9976 ], [ -85.6593, 37.991 ], [ -85.6525, 37.9823 ], [ -85.6611, 37.9665 ], [ -85.6579, 37.9504 ], [ -85.6652, 37.951 ], [ -85.6766, 37.9356 ], [ -85.6659, 37.9242 ], [ -85.6878, 37.925 ], [ -85.701, 37.9854 ], [ -85.67, 38.0037 ] ] ] } },
{ "type": "Feature", "properties": { "GEOIDFQ": "1400000US21029021104", "NAME": "211.04", "NAMELSAD": "Census Tract 211.04" }, "geometry": { "type": "Polygon", "coordinates": [ [ [ -85.7408, 37.9955 ], [ -85.7347, 37.9944 ], [ -85.7333, 37.9855 ], [ -85.701, 37.9854 ], [ -85.6878, 37.925 ], [ -85.6989, 37.9235 ], [ -85.7088, 37.9332 ], [ -85.7033, 37.9404 ], [ -85.7288, 37.9521 ], [ -85.7375, 37.949 ], [ -85.7358, 37.954 ], [ -85.7537, 37.9642 ], [ -85.7408, 37.9955 ] ] ] } },
{ "type": "Feature", "properties": { "GEOIDFQ": "1400000US21029020501", "NAME": "205.01", "NAMELSAD": "Census Tract 205.01" }, "geometry": { "type": "Polygon", "coordinates": [ [ [ -85.6837, 38.0766 ], [ -85.6676, 38.0792 ], [ -85.6698, 38.0675 ], [ -85.6875, 38.0693 ], [ -85.6837, 38.0766 ] ] ] } },
{ "type": "Feature", "properties": { "GEOIDFQ": "1400000US21029020401", "NAME": "204.01", "NAMELSAD": "Census Tract 204.01" }, "geometry": { "type": "Polygon", "coordinates": [ [ [ -85.6698, 38.0675 ], [ -85.6556, 38.0652 ], [ -85.6494, 38.0552 ], [ -85.6347, 38.0495 ], [ -85.6391, 38.0386 ], [ -85.6593, 38.0349 ], [ -85.6487, 38.0334 ], [ -85.6559, 38.018 ], [ -85.6913, 38.0175 ], [ -85.6698, 38.0675 ] ] ] } },
{ "type": "Feature", "properties": { "GEOIDFQ": "1400000US21029020502", "NAME": "205.02", "NAMELSAD": "Census Tract 205.02" }, "geometry": { "type": "Polygon", "coordinates": [ [ [ -85.6855, 38.085 ], [ -85.6674, 38.0834 ], [ -85.6676, 38.0792 ], [ -85.6876, 38.0779 ], [ -85.6855, 38.085 ] ] ] } },
{ "type": "Feature", "properties": { "GEOIDFQ": "1400000US21029020704", "NAME": "207.04", "NAMELSAD": "Census Tract 207.04" }, "geometry": { "type": "Polygon", "coordinates": [ [ [ -85.7422, 38.0139 ], [ -85.7405, 38.0138 ], [ -85.7392, 38.0141 ], [ -85.7367, 38.0139 ], [ -85.7309, 38.0119 ], [ -85.7266, 38.0137 ], [ -85.7158, 37.9909 ], [ -85.7376, 37.9987 ], [ -85.7422, 38.0139 ] ] ] } },
{ "type": "Feature", "properties": { "GEOIDFQ": "1400000US21051950100", "NAME": "9501", "NAMELSAD": "Census Tract 9501" }, "geometry": { "type": "Polygon", "coordinates": [ [ [ -83.7583, 37.3056 ], [ -83.7621, 37.3136 ], [ -83.7532, 37.325 ], [ -83.7333, 37.3153 ], [ -83.726, 37.3182 ], [ -83.7311, 37.3225 ], [ -83.7275, 37.3313 ], [ -83.711, 37.33 ], [ -83.718, 37.3388 ], [ -83.6786, 37.3371 ], [ -83.6681, 37.3552 ], [ -83.6533, 37.3581 ], [ -83.6333, 37.3309 ], [ -83.6238, 37.3277 ], [ -83.6166, 37.3079 ], [ -83.6088, 37.3085 ], [ -83.6093, 37.3013 ], [ -83.5973, 37.2923 ], [ -83.5831, 37.2948 ], [ -83.5741, 37.2884 ], [ -83.5661, 37.2654 ], [ -83.5424, 37.2683 ], [ -83.5328, 37.2564 ], [ -83.5113, 37.2551 ], [ -83.5079, 37.2359 ], [ -83.5289, 37.2313 ], [ -83.5111, 37.211 ], [ -83.5252, 37.2097 ], [ -83.5425, 37.2259 ], [ -83.5514, 37.2209 ], [ -83.5684, 37.2276 ], [ -83.5765, 37.2217 ], [ -83.595, 37.2276 ], [ -83.6006, 37.2237 ], [ -83.6128, 37.2274 ], [ -83.6175, 37.2392 ], [ -83.6335, 37.2431 ], [ -83.6514, 37.235 ], [ -83.6842, 37.2364 ], [ -83.6941, 37.2258 ], [ -83.6835, 37.2223 ], [ -83.7, 37.225 ], [ -83.7058, 37.217 ], [ -83.7147, 37.2175 ], [ -83.7504, 37.2342 ], [ -83.7497, 37.2498 ], [ -83.7604, 37.2605 ], [ -83.7586, 37.2762 ], [ -83.7701, 37.2944 ], [ -83.7583, 37.3056 ] ] ] } },
{ "type": "Feature", "properties": { "GEOIDFQ": "1400000US21051950400", "NAME": "9504", "NAMELSAD": "Census Tract 9504" }, "geometry": { "type": "Polygon", "coordinates": [ [ [ -83.7121, 37.1402 ], [ -83.6895, 37.1371 ], [ -83.6884, 37.163 ], [ -83.6958, 37.1717 ], [ -83.6892, 37.177 ], [ -83.7104, 37.2032 ], [ -83.7014, 37.222 ], [ -83.6827, 37.223 ], [ -83.6941, 37.2254 ], [ -83.6842, 37.2364 ], [ -83.6514, 37.235 ], [ -83.6335, 37.2431 ], [ -83.6175, 37.2392 ], [ -83.6128, 37.2274 ], [ -83.6006, 37.2237 ], [ -83.595, 37.2276 ], [ -83.5765, 37.2217 ], [ -83.5684, 37.2276 ], [ -83.5514, 37.2209 ], [ -83.5345, 37.2239 ], [ -83.5283, 37.2114 ], [ -83.5111, 37.211 ], [ -83.5051, 37.2042 ], [ -83.5513, 37.1675 ], [ -83.5512, 37.1191 ], [ -83.5353, 37.1031 ], [ -83.5555, 37.0777 ], [ -83.5901, 37.0816 ], [ -83.6173, 37.0687 ], [ -83.6322, 37.0764 ], [ -83.6828, 37.0764 ], [ -83.6928, 37.0818 ], [ -83.6913, 37.0889 ], [ -83.7092, 37.0945 ], [ -83.7113, 37.1059 ], [ -83.7239, 37.1163 ], [ -83.7176, 37.1313 ], [ -83.7296, 37.1325 ], [ -83.7121, 37.1402 ] ] ] } },
{ "type": "Feature", "properties": { "GEOIDFQ": "1400000US21051950600", "NAME": "9506", "NAMELSAD": "Census Tract 9506" }, "geometry": { "type": "Polygon", "coordinates": [ [ [ -83.7255, 37.0292 ], [ -83.7258, 37.0378 ], [ -83.7075, 37.0497 ], [ -83.7134, 37.0577 ], [ -83.6839, 37.0675 ], [ -83.6836, 37.0767 ], [ -83.6322, 37.0764 ], [ -83.6173, 37.0687 ], [ -83.5901, 37.0816 ], [ -83.5599, 37.0773 ], [ -83.5457, 37.0805 ], [ -83.539, 37.0506 ], [ -83.5474, 37.043 ], [ -83.5368, 37.0421 ], [ -83.5407, 37.0359 ], [ -83.5331, 37.0362 ], [ -83.5115, 37.0084 ], [ -83.5113, 37.0031 ], [ -83.523, 36.9985 ], [ -83.5091, 36.9385 ], [ -83.5909, 36.9576 ], [ -83.6078, 36.9526 ], [ -83.6161, 36.9621 ], [ -83.6414, 36.9596 ], [ -83.6607, 36.9765 ], [ -83.6923, 36.9827 ], [ -83.7105, 36.9962 ], [ -83.7198, 36.9951 ], [ -83.7215, 37.0033 ], [ -83.7344, 37.0041 ], [ -83.7324, 37.0163 ], [ -83.7421, 37.0225 ], [ -83.7255, 37.0292 ] ] ] } },
{ "type": "Feature", "properties": { "GEOIDFQ": "1400000US21173920500", "NAME": "9205", "NAMELSAD": "Census Tract 9205" }, "geometry": { "type": "Polygon", "coordinates": [ [ [ -83.9846, 37.9833 ], [ -83.949, 38.01 ], [ -83.9411, 37.9925 ], [ -83.9263, 37.9884 ], [ -83.9203, 37.9995 ], [ -83.9032, 38.0052 ], [ -83.904, 38.0139 ], [ -83.8782, 38.01 ], [ -83.8747, 38.0178 ], [ -83.8313, 38.0208 ], [ -83.8347, 38.0155 ], [ -83.8448, 38.0167 ], [ -83.8474, 38.0079 ], [ -83.8684, 38.004 ], [ -83.8682, 37.9915 ], [ -83.8833, 37.9798 ], [ -83.8874, 37.9625 ], [ -83.8995, 37.9549 ], [ -83.9096, 37.9334 ], [ -83.8982, 37.9168 ], [ -83.9596, 37.9339 ], [ -83.9663, 37.9308 ], [ -83.9878, 37.9714 ], [ -83.9846, 37.9833 ] ] ] } },
{ "type": "Feature", "properties": { "GEOIDFQ": "1400000US21139040100", "NAME": "401", "NAMELSAD": "Census Tract 401" }, "geometry": { "type": "Polygon", "coordinates": [ [ [ -88.4847, 37.3452 ], [ -88.4746, 37.3908 ], [ -88.4525, 37.4111 ], [ -88.4075, 37.425 ], [ -88.3711, 37.4026 ], [ -88.3585, 37.4048 ], [ -88.3556, 37.3972 ], [ -88.3325, 37.3944 ], [ -88.3281, 37.3997 ], [ -88.3229, 37.3938 ], [ -88.3179, 37.3979 ], [ -88.3079, 37.3868 ], [ -88.313, 37.3811 ], [ -88.2991, 37.3801 ], [ -88.2994, 37.3719 ], [ -88.3092, 37.3678 ], [ -88.3011, 37.3664 ], [ -88.3045, 37.36 ], [ -88.294, 37.3495 ], [ -88.2965, 37.3372 ], [ -88.219, 37.2731 ], [ -88.2006, 37.2345 ], [ -88.2053, 37.2266 ], [ -88.1961, 37.2196 ], [ -88.2203, 37.183 ], [ -88.3296, 37.1874 ], [ -88.3671, 37.2015 ], [ -88.381, 37.191 ], [ -88.3691, 37.1531 ], [ -88.4082, 37.1435 ], [ -88.4155, 37.1554 ], [ -88.4247, 37.151 ], [ -88.4324, 37.1616 ], [ -88.4501, 37.2063 ], [ -88.4722, 37.2203 ], [ -88.4874, 37.2443 ], [ -88.5114, 37.2615 ], [ -88.5039, 37.2648 ], [ -88.5159, 37.2841 ], [ -88.4847, 37.3452 ] ] ] } },
{ "type": "Feature", "properties": { "GEOIDFQ": "1400000US21173920100", "NAME": "9201", "NAMELSAD": "Census Tract 9201" }, "geometry": { "type": "Polygon", "coordinates": [ [ [ -84.0599, 38.134 ], [ -83.9902, 38.1751 ], [ -83.9779, 38.1921 ], [ -83.9719, 38.1919 ], [ -83.9704, 38.1867 ], [ -83.9803, 38.1841 ], [ -83.9708, 38.1791 ], [ -83.9794, 38.1757 ], [ -83.9652, 38.1695 ], [ -83.9679, 38.1652 ], [ -83.9759, 38.1673 ], [ -83.9745, 38.1584 ], [ -83.9614, 38.154 ], [ -83.9526, 38.1645 ], [ -83.9524, 38.1527 ], [ -83.8814, 38.1365 ], [ -83.8432, 38.1017 ], [ -83.9592, 38.0753 ], [ -83.9948, 38.073 ], [ -84.0438, 38.0588 ], [ -84.0803, 38.1153 ], [ -84.0599, 38.134 ] ] ] } },
{ "type": "Feature", "properties": { "GEOIDFQ": "1400000US21173920400", "NAME": "9204", "NAMELSAD": "Census Tract 9204" }, "geometry": { "type": "Polygon", "coordinates": [ [ [ -83.8995, 37.9549 ], [ -83.8874, 37.9625 ], [ -83.8833, 37.9798 ], [ -83.8681, 37.9917 ], [ -83.8684, 38.004 ], [ -83.8474, 38.0079 ], [ -83.8448, 38.0167 ], [ -83.8347, 38.0155 ], [ -83.8315, 38.0242 ], [ -83.7964, 38.0271 ], [ -83.8, 38.0404 ], [ -83.7558, 38.0053 ], [ -83.765, 37.986 ], [ -83.7758, 37.9869 ], [ -83.7772, 37.9716 ], [ -83.7701, 37.9615 ], [ -83.7753, 37.9391 ], [ -83.7643, 37.9284 ], [ -83.782, 37.9082 ], [ -83.8145, 37.9001 ], [ -83.8283, 37.9064 ], [ -83.8768, 37.9045 ], [ -83.88, 37.9136 ], [ -83.8982, 37.9168 ], [ -83.9102, 37.9292 ], [ -83.8995, 37.9549 ] ] ] } },
{ "type": "Feature", "properties": { "GEOIDFQ": "1400000US21067004105", "NAME": "41.05", "NAMELSAD": "Census Tract 41.05" }, "geometry": { "type": "Polygon", "coordinates": [ [ [ -84.5301, 37.9763 ], [ -84.5133, 37.9722 ], [ -84.504, 37.968 ], [ -84.5035, 37.9596 ], [ -84.533, 37.9697 ], [ -84.5301, 37.9763 ] ] ] } },
{ "type": "Feature", "properties": { "GEOIDFQ": "1400000US21067004106", "NAME": "41.06", "NAMELSAD": "Census Tract 41.06" }, "geometry": { "type": "Polygon", "coordinates": [ [ [ -84.533, 37.9697 ], [ -84.5037, 37.9599 ], [ -84.5004, 37.9487 ], [ -84.5355, 37.9635 ], [ -84.533, 37.9697 ] ] ] } },
{ "type": "Feature", "properties": { "GEOIDFQ": "1400000US21067004103", "NAME": "41.03", "NAMELSAD": "Census Tract 41.03" }, "geometry": { "type": "Polygon", "coordinates": [ [ [ -84.5261, 37.9863 ], [ -84.5195, 37.9838 ], [ -84.5231, 37.9736 ], [ -84.5301, 37.9763 ], [ -84.5261, 37.9863 ] ] ] } },
{ "type": "Feature", "properties": { "GEOIDFQ": "1400000US21067004005", "NAME": "40.05", "NAMELSAD": "Census Tract 40.05" }, "geometry": { "type": "Polygon", "coordinates": [ [ [ -84.4668, 37.9657 ], [ -84.4525, 37.9579 ], [ -84.4562, 37.9512 ], [ -84.4505, 37.9421 ], [ -84.4618, 37.9427 ], [ -84.4799, 37.9601 ], [ -84.4668, 37.9657 ] ] ] } },
{ "type": "Feature", "properties": { "GEOIDFQ": "1400000US21067003917", "NAME": "39.17", "NAMELSAD": "Census Tract 39.17" }, "geometry": { "type": "Polygon", "coordinates": [ [ [ -84.4229, 38.0788 ], [ -84.4187, 38.0701 ], [ -84.4121, 38.0701 ], [ -84.4126, 38.0428 ], [ -84.4016, 38.0286 ], [ -84.4063, 38.025 ], [ -84.4118, 38.0221 ], [ -84.4209, 38.0458 ], [ -84.4557, 38.0758 ], [ -84.4229, 38.0788 ] ] ] } },
{ "type": "Feature", "properties": { "GEOIDFQ": "1400000US21067004007", "NAME": "40.07", "NAMELSAD": "Census Tract 40.07" }, "geometry": { "type": "Polygon", "coordinates": [ [ [ -84.4718, 37.9406 ], [ -84.4673, 37.9347 ], [ -84.4623, 37.9427 ], [ -84.4507, 37.942 ], [ -84.4562, 37.9518 ], [ -84.4478, 37.9691 ], [ -84.4413, 37.9773 ], [ -84.4251, 37.9792 ], [ -84.4261, 37.984 ], [ -84.3326, 37.9282 ], [ -84.3314, 37.9202 ], [ -84.339, 37.9233 ], [ -84.3397, 37.9157 ], [ -84.3481, 37.915 ], [ -84.3387, 37.9074 ], [ -84.3491, 37.8986 ], [ -84.3374, 37.892 ], [ -84.34, 37.8832 ], [ -84.3799, 37.9011 ], [ -84.3839, 37.8947 ], [ -84.3676, 37.8554 ], [ -84.3895, 37.8455 ], [ -84.4163, 37.8721 ], [ -84.4357, 37.8472 ], [ -84.4344, 37.8683 ], [ -84.4527, 37.909 ], [ -84.4718, 37.9202 ], [ -84.479, 37.9383 ], [ -84.4718, 37.9406 ] ] ] } },
{ "type": "Feature", "properties": { "GEOIDFQ": "1400000US21067004006", "NAME": "40.06", "NAMELSAD": "Census Tract 40.06" }, "geometry": { "type": "Polygon", "coordinates": [ [ [ -84.4799, 37.9601 ], [ -84.4679, 37.9535 ], [ -84.4618, 37.9427 ], [ -84.4654, 37.9355 ], [ -84.4718, 37.9406 ], [ -84.479, 37.9383 ], [ -84.4873, 37.9546 ], [ -84.4799, 37.9601 ] ] ] } },
{ "type": "Feature", "properties": { "GEOIDFQ": "1400000US21067003918", "NAME": "39.18", "NAMELSAD": "Census Tract 39.18" }, "geometry": { "type": "Polygon", "coordinates": [ [ [ -84.3685, 38.134 ], [ -84.3795, 38.1112 ], [ -84.3341, 38.0864 ], [ -84.3267, 38.0847 ], [ -84.3148, 38.0932 ], [ -84.2873, 38.0757 ], [ -84.2846, 38.0403 ], [ -84.2928, 38.0335 ], [ -84.2826, 38.0191 ], [ -84.3225, 38.0009 ], [ -84.3244, 37.9664 ], [ -84.3127, 37.9672 ], [ -84.3116, 37.9631 ], [ -84.3233, 37.9559 ], [ -84.3107, 37.9529 ], [ -84.3322, 37.9465 ], [ -84.3384, 37.939 ], [ -84.3317, 37.9355 ], [ -84.34, 37.9318 ], [ -84.3888, 37.9628 ], [ -84.3892, 37.9814 ], [ -84.3992, 37.9997 ], [ -84.3749, 38.0212 ], [ -84.3837, 38.0306 ], [ -84.3805, 38.0346 ], [ -84.4118, 38.0407 ], [ -84.4121, 38.0701 ], [ -84.4187, 38.0701 ], [ -84.4219, 38.0784 ], [ -84.451, 38.0782 ], [ -84.3685, 38.134 ] ] ] } },
{ "type": "Feature", "properties": { "GEOIDFQ": "1400000US21067004209", "NAME": "42.09", "NAMELSAD": "Census Tract 42.09" }, "geometry": { "type": "Polygon", "coordinates": [ [ [ -84.5633, 37.987 ], [ -84.5503, 37.9821 ], [ -84.5564, 37.9717 ], [ -84.5707, 37.9776 ], [ -84.5633, 37.987 ] ] ] } },
{ "type": "Feature", "properties": { "GEOIDFQ": "1400000US21067003915", "NAME": "39.15", "NAMELSAD": "Census Tract 39.15" }, "geometry": { "type": "Polygon", "coordinates": [ [ [ -84.4016, 38.0286 ], [ -84.3813, 38.0161 ], [ -84.3957, 38.0001 ], [ -84.4062, 38.0251 ], [ -84.4016, 38.0286 ] ] ] } },
{ "type": "Feature", "properties": { "GEOIDFQ": "1400000US21067003916", "NAME": "39.16", "NAMELSAD": "Census Tract 39.16" }, "geometry": { "type": "Polygon", "coordinates": [ [ [ -84.3805, 38.0346 ], [ -84.3837, 38.0306 ], [ -84.3749, 38.0212 ], [ -84.383, 38.0169 ], [ -84.4059, 38.0301 ], [ -84.4111, 38.0397 ], [ -84.3805, 38.0346 ] ] ] } },
{ "type": "Feature", "properties": { "GEOIDFQ": "1400000US21217920401", "NAME": "9204.01", "NAMELSAD": "Census Tract 9204.01" }, "geometry": { "type": "Polygon", "coordinates": [ [ [ -85.4051, 37.3688 ], [ -85.3884, 37.3814 ], [ -85.3739, 37.3801 ], [ -85.3661, 37.386 ], [ -85.3439, 37.3424 ], [ -85.3754, 37.3339 ], [ -85.4069, 37.3592 ], [ -85.4051, 37.3688 ] ] ] } },
{ "type": "Feature", "properties": { "GEOIDFQ": "1400000US21217920402", "NAME": "9204.02", "NAMELSAD": "Census Tract 9204.02" }, "geometry": { "type": "Polygon", "coordinates": [ [ [ -85.4446, 37.3411 ], [ -85.4442, 37.346 ], [ -85.4281, 37.3527 ], [ -85.4216, 37.3493 ], [ -85.4188, 37.3575 ], [ -85.4069, 37.3592 ], [ -85.3754, 37.3339 ], [ -85.3419, 37.3397 ], [ -85.3681, 37.2991 ], [ -85.4114, 37.2763 ], [ -85.4615, 37.3415 ], [ -85.4446, 37.3411 ] ] ] } },
{ "type": "Feature", "properties": { "GEOIDFQ": "1400000US21217920502", "NAME": "9205.02", "NAMELSAD": "Census Tract 9205.02" }, "geometry": { "type": "Polygon", "coordinates": [ [ [ -85.3439, 37.3424 ], [ -85.3056, 37.3689 ], [ -85.2568, 37.3692 ], [ -85.2579, 37.3613 ], [ -85.2493, 37.3549 ], [ -85.2479, 37.3473 ], [ -85.2893, 37.3205 ], [ -85.2884, 37.3104 ], [ -85.2767, 37.3067 ], [ -85.2773, 37.2951 ], [ -85.3037, 37.2809 ], [ -85.3105, 37.2925 ], [ -85.3224, 37.2927 ], [ -85.3432, 37.3139 ], [ -85.3447, 37.3212 ], [ -85.3369, 37.3264 ], [ -85.3459, 37.3346 ], [ -85.3439, 37.3424 ] ] ] } },
{ "type": "Feature", "properties": { "GEOIDFQ": "1400000US21217920501", "NAME": "9205.01", "NAMELSAD": "Census Tract 9205.01" }, "geometry": { "type": "Polygon", "coordinates": [ [ [ -85.4064, 37.2351 ], [ -85.389, 37.2414 ], [ -85.4114, 37.2763 ], [ -85.3681, 37.2991 ], [ -85.3459, 37.3346 ], [ -85.3369, 37.3264 ], [ -85.3447, 37.3212 ], [ -85.3432, 37.3139 ], [ -85.3224, 37.2927 ], [ -85.3105, 37.2925 ], [ -85.3063, 37.2809 ], [ -85.2765, 37.2963 ], [ -85.2778, 37.3087 ], [ -85.2897, 37.3126 ], [ -85.2888, 37.3213 ], [ -85.2479, 37.3473 ], [ -85.2442, 37.3408 ], [ -85.1963, 37.3347 ], [ -85.1862, 37.3216 ], [ -85.184, 37.296 ], [ -85.1925, 37.2721 ], [ -85.2236, 37.2625 ], [ -85.2702, 37.2626 ], [ -85.2944, 37.2456 ], [ -85.3058, 37.2421 ], [ -85.3118, 37.2467 ], [ -85.3078, 37.2273 ], [ -85.3528, 37.1924 ], [ -85.3719, 37.2213 ], [ -85.4073, 37.2221 ], [ -85.4064, 37.2351 ] ] ] } },
{ "type": "Feature", "properties": { "GEOIDFQ": "1400000US21191930300", "NAME": "9303", "NAMELSAD": "Census Tract 9303" }, "geometry": { "type": "Polygon", "coordinates": [ [ [ -84.4093, 38.5764 ], [ -84.3949, 38.5753 ], [ -84.4037, 38.6083 ], [ -84.3876, 38.6168 ], [ -84.3876, 38.6283 ], [ -84.3719, 38.6288 ], [ -84.3811, 38.6477 ], [ -84.3631, 38.6611 ], [ -84.3637, 38.6681 ], [ -84.3414, 38.6546 ], [ -84.3354, 38.658 ], [ -84.3465, 38.6788 ], [ -84.3218, 38.6834 ], [ -84.3341, 38.7066 ], [ -84.3084, 38.7127 ], [ -84.3246, 38.7251 ], [ -84.3042, 38.7258 ], [ -84.2999, 38.7212 ], [ -84.2857, 38.7361 ], [ -84.257, 38.738 ], [ -84.2447, 38.7475 ], [ -84.2258, 38.7445 ], [ -84.2074, 38.5976 ], [ -84.2011, 38.6039 ], [ -84.1955, 38.5884 ], [ -84.2027, 38.5889 ], [ -84.2053, 38.582 ], [ -84.4003, 38.5606 ], [ -84.4098, 38.5659 ], [ -84.4181, 38.5586 ], [ -84.4243, 38.5684 ], [ -84.4093, 38.5764 ] ] ] } },
{ "type": "Feature", "properties": { "GEOIDFQ": "1400000US21191930200", "NAME": "9302", "NAMELSAD": "Census Tract 9302" }, "geometry": { "type": "Polygon", "coordinates": [ [ [ -84.4765, 38.6863 ], [ -84.4792, 38.6932 ], [ -84.4723, 38.6943 ], [ -84.4792, 38.7003 ], [ -84.4462, 38.7012 ], [ -84.4487, 38.711 ], [ -84.4403, 38.7088 ], [ -84.4366, 38.7163 ], [ -84.4267, 38.7137 ], [ -84.4325, 38.7212 ], [ -84.4267, 38.7283 ], [ -84.4191, 38.7258 ], [ -84.4177, 38.7134 ], [ -84.4055, 38.7074 ], [ -84.3915, 38.7124 ], [ -84.3694, 38.7062 ], [ -84.3751, 38.7239 ], [ -84.3667, 38.7412 ], [ -84.3472, 38.7454 ], [ -84.342, 38.7421 ], [ -84.3251, 38.7502 ], [ -84.3188, 38.7471 ], [ -84.3177, 38.7412 ], [ -84.3409, 38.7324 ], [ -84.3456, 38.7219 ], [ -84.3393, 38.7182 ], [ -84.3282, 38.7242 ], [ -84.3095, 38.7178 ], [ -84.3108, 38.7095 ], [ -84.3341, 38.7066 ], [ -84.3221, 38.682 ], [ -84.3463, 38.6792 ], [ -84.3354, 38.662 ], [ -84.3387, 38.6547 ], [ -84.3551, 38.6597 ], [ -84.3623, 38.6688 ], [ -84.3634, 38.6607 ], [ -84.3808, 38.6484 ], [ -84.3719, 38.6288 ], [ -84.3876, 38.6283 ], [ -84.3876, 38.6168 ], [ -84.4037, 38.6083 ], [ -84.3946, 38.5759 ], [ -84.4085, 38.5765 ], [ -84.4238, 38.5694 ], [ -84.418, 38.5579 ], [ -84.4265, 38.5577 ], [ -84.4203, 38.5517 ], [ -84.4279, 38.5465 ], [ -84.4192, 38.5428 ], [ -84.4322, 38.5397 ], [ -84.4335, 38.5337 ], [ -84.4472, 38.5371 ], [ -84.4479, 38.5297 ], [ -84.4487, 38.5334 ], [ -84.455, 38.5307 ], [ -84.4763, 38.5427 ], [ -84.5048, 38.665 ], [ -84.4765, 38.6863 ] ] ] } },
{ "type": "Feature", "properties": { "GEOIDFQ": "1400000US21107971000", "NAME": "9710", "NAMELSAD": "Census Tract 9710" }, "geometry": { "type": "Polygon", "coordinates": [ [ [ -87.8399, 37.3315 ], [ -87.8364, 37.3285 ], [ -87.8362, 37.3414 ], [ -87.8238, 37.3404 ], [ -87.8207, 37.3466 ], [ -87.8148, 37.3426 ], [ -87.8113, 37.3517 ], [ -87.8018, 37.343 ], [ -87.7855, 37.3407 ], [ -87.7804, 37.3581 ], [ -87.7645, 37.3454 ], [ -87.7539, 37.3434 ], [ -87.7457, 37.3485 ], [ -87.7422, 37.3388 ], [ -87.7254, 37.3426 ], [ -87.6905, 37.3344 ], [ -87.6812, 37.3293 ], [ -87.6777, 37.3167 ], [ -87.6464, 37.3146 ], [ -87.6427, 37.269 ], [ -87.6236, 37.266 ], [ -87.6242, 37.256 ], [ -87.6051, 37.2576 ], [ -87.5956, 37.2451 ], [ -87.6013, 37.2315 ], [ -87.5736, 37.2162 ], [ -87.5703, 37.2011 ], [ -87.5618, 37.1967 ], [ -87.6032, 37.1895 ], [ -87.6662, 37.1999 ], [ -87.6907, 37.1979 ], [ -87.7305, 37.179 ], [ -87.7258, 37.1854 ], [ -87.7336, 37.1935 ], [ -87.7366, 37.1881 ], [ -87.7468, 37.1883 ], [ -87.749, 37.2015 ], [ -87.7418, 37.2062 ], [ -87.7566, 37.2085 ], [ -87.7636, 37.195 ], [ -87.7738, 37.1976 ], [ -87.7707, 37.2029 ], [ -87.7777, 37.2064 ], [ -87.7604, 37.2155 ], [ -87.7721, 37.2142 ], [ -87.7805, 37.2242 ], [ -87.7863, 37.2201 ], [ -87.788, 37.2317 ], [ -87.805, 37.2409 ], [ -87.7929, 37.2439 ], [ -87.7975, 37.2541 ], [ -87.7859, 37.2557 ], [ -87.7998, 37.2608 ], [ -87.796, 37.2635 ], [ -87.8024, 37.2687 ], [ -87.7936, 37.2702 ], [ -87.8005, 37.2788 ], [ -87.7929, 37.2822 ], [ -87.7932, 37.2908 ], [ -87.8063, 37.293 ], [ -87.8082, 37.2984 ], [ -87.7958, 37.3191 ], [ -87.8207, 37.3177 ], [ -87.8201, 37.3004 ], [ -87.8517, 37.3187 ], [ -87.8399, 37.3315 ] ] ] } },
{ "type": "Feature", "properties": { "GEOIDFQ": "1400000US21127930400", "NAME": "9304", "NAMELSAD": "Census Tract 9304" }, "geometry": { "type": "Polygon", "coordinates": [ [ [ -82.8063, 38.0325 ], [ -82.8094, 38.0372 ], [ -82.8007, 38.0462 ], [ -82.7628, 38.0648 ], [ -82.7741, 38.0775 ], [ -82.7637, 38.0886 ], [ -82.7234, 38.0893 ], [ -82.7219, 38.0806 ], [ -82.7157, 38.0882 ], [ -82.7047, 38.0792 ], [ -82.7094, 38.0712 ], [ -82.6885, 38.061 ], [ -82.6819, 38.0693 ], [ -82.6651, 38.0698 ], [ -82.6537, 38.0813 ], [ -82.6308, 38.0777 ], [ -82.6375, 38.0515 ], [ -82.621, 38.0484 ], [ -82.6344, 38.0393 ], [ -82.6186, 38.0324 ], [ -82.6249, 38.0235 ], [ -82.6219, 38.0157 ], [ -82.6468, 38.0211 ], [ -82.6635, 38.0103 ], [ -82.6549, 37.9946 ], [ -82.6715, 37.9788 ], [ -82.6393, 37.971 ], [ -82.631, 37.9583 ], [ -82.645, 37.9507 ], [ -82.6444, 37.9249 ], [ -82.6617, 37.9295 ], [ -82.6798, 37.9085 ], [ -82.673, 37.9007 ], [ -82.6763, 37.8922 ], [ -82.7789, 37.9392 ], [ -82.7916, 37.9725 ], [ -82.7836, 37.9922 ], [ -82.8157, 38.0278 ], [ -82.8063, 38.0325 ] ] ] } },
{ "type": "Feature", "properties": { "GEOIDFQ": "1400000US21127930200", "NAME": "9302", "NAMELSAD": "Census Tract 9302" }, "geometry": { "type": "Polygon", "coordinates": [ [ [ -82.8975, 38.1828 ], [ -82.8838, 38.196 ], [ -82.8517, 38.1909 ], [ -82.814, 38.2173 ], [ -82.8241, 38.2293 ], [ -82.8115, 38.2381 ], [ -82.7866, 38.2448 ], [ -82.7858, 38.2395 ], [ -82.7663, 38.2351 ], [ -82.7389, 38.237 ], [ -82.7215, 38.2498 ], [ -82.7053, 38.2531 ], [ -82.6995, 38.2619 ], [ -82.6968, 38.2585 ], [ -82.7033, 38.2361 ], [ -82.7317, 38.2239 ], [ -82.7365, 38.207 ], [ -82.7239, 38.187 ], [ -82.7108, 38.1813 ], [ -82.7271, 38.1773 ], [ -82.7223, 38.1687 ], [ -82.6879, 38.1476 ], [ -82.6967, 38.1416 ], [ -82.6866, 38.1257 ], [ -82.6925, 38.1316 ], [ -82.6982, 38.1273 ], [ -82.7055, 38.1141 ], [ -82.701, 38.1084 ], [ -82.7128, 38.1074 ], [ -82.706, 38.0999 ], [ -82.7203, 38.0806 ], [ -82.7257, 38.0821 ], [ -82.7234, 38.0893 ], [ -82.7661, 38.0877 ], [ -82.7738, 38.076 ], [ -82.7617, 38.0663 ], [ -82.7781, 38.0544 ], [ -82.7905, 38.0546 ], [ -82.8077, 38.0662 ], [ -82.8223, 38.0615 ], [ -82.835, 38.0718 ], [ -82.858, 38.1067 ], [ -82.8544, 38.1179 ], [ -82.8531, 38.1263 ], [ -82.8637, 38.1235 ], [ -82.8707, 38.1288 ], [ -82.8756, 38.1215 ], [ -82.8967, 38.1206 ], [ -82.8988, 38.1301 ], [ -82.9067, 38.133 ], [ -82.915, 38.1727 ], [ -82.9246, 38.1753 ], [ -82.8975, 38.1828 ] ] ] } },
{ "type": "Feature", "properties": { "GEOIDFQ": "1400000US21127930500", "NAME": "9305", "NAMELSAD": "Census Tract 9305" }, "geometry": { "type": "Polygon", "coordinates": [ [ [ -82.6617, 37.9295 ], [ -82.6444, 37.9249 ], [ -82.645, 37.9507 ], [ -82.631, 37.9583 ], [ -82.6393, 37.971 ], [ -82.6714, 37.9795 ], [ -82.6549, 37.9946 ], [ -82.6635, 38.0103 ], [ -82.6468, 38.0211 ], [ -82.6219, 38.0157 ], [ -82.6249, 38.0235 ], [ -82.6186, 38.0324 ], [ -82.6342, 38.0404 ], [ -82.6059, 38.0542 ], [ -82.6114, 38.0744 ], [ -82.5977, 38.0819 ], [ -82.5919, 38.0939 ], [ -82.6015, 38.1179 ], [ -82.5856, 38.1072 ], [ -82.5834, 38.09 ], [ -82.5498, 38.0695 ], [ -82.5387, 38.0374 ], [ -82.5155, 38.0066 ], [ -82.5192, 38.0011 ], [ -82.4882, 37.9988 ], [ -82.484, 37.9841 ], [ -82.4668, 37.9853 ], [ -82.4646, 37.9774 ], [ -82.4843, 37.9714 ], [ -82.4845, 37.9636 ], [ -82.4715, 37.9594 ], [ -82.4864, 37.9454 ], [ -82.5018, 37.9464 ], [ -82.5349, 37.9628 ], [ -82.5659, 37.9522 ], [ -82.5668, 37.9561 ], [ -82.5811, 37.954 ], [ -82.581, 37.9307 ], [ -82.5905, 37.9314 ], [ -82.5937, 37.9221 ], [ -82.6025, 37.9194 ], [ -82.5942, 37.9086 ], [ -82.5956, 37.8907 ], [ -82.6092, 37.8876 ], [ -82.6124, 37.8793 ], [ -82.6763, 37.8922 ], [ -82.673, 37.9007 ], [ -82.6798, 37.9085 ], [ -82.6617, 37.9295 ] ] ] } },
{ "type": "Feature", "properties": { "GEOIDFQ": "1400000US21127930300", "NAME": "9303", "NAMELSAD": "Census Tract 9303" }, "geometry": { "type": "Polygon", "coordinates": [ [ [ -83.0192, 37.9993 ], [ -83.0241, 38.0039 ], [ -83.0098, 38.0117 ], [ -83.015, 38.0155 ], [ -83.0025, 38.0239 ], [ -83.0022, 38.0346 ], [ -82.9836, 38.0431 ], [ -82.9812, 38.05 ], [ -82.956, 38.0496 ], [ -82.9292, 38.0897 ], [ -82.9171, 38.0991 ], [ -82.9075, 38.0957 ], [ -82.9066, 38.1031 ], [ -82.8891, 38.1116 ], [ -82.8917, 38.12 ], [ -82.8743, 38.122 ], [ -82.871, 38.1287 ], [ -82.8637, 38.1235 ], [ -82.8531, 38.1263 ], [ -82.858, 38.1067 ], [ -82.8299, 38.0674 ], [ -82.8221, 38.0615 ], [ -82.8077, 38.0662 ], [ -82.7905, 38.0546 ], [ -82.7837, 38.0567 ], [ -82.8157, 38.0277 ], [ -82.7836, 37.9922 ], [ -82.7916, 37.9725 ], [ -82.7789, 37.9392 ], [ -82.8316, 37.9679 ], [ -82.9391, 37.999 ], [ -82.952, 38.0003 ], [ -82.9707, 37.991 ], [ -82.9927, 37.9613 ], [ -83.0157, 37.9733 ], [ -83.0139, 37.9794 ], [ -83.0221, 37.982 ], [ -83.0252, 37.9914 ], [ -83.0192, 37.9993 ] ] ] } },
{ "type": "Feature", "properties": { "GEOIDFQ": "1400000US21237930100", "NAME": "9301", "NAMELSAD": "Census Tract 9301" }, "geometry": { "type": "Polygon", "coordinates": [ [ [ -83.5241, 37.8312 ], [ -83.517, 37.8517 ], [ -83.4951, 37.8619 ], [ -83.4781, 37.8518 ], [ -83.4842, 37.8515 ], [ -83.4805, 37.8404 ], [ -83.4553, 37.8427 ], [ -83.4524, 37.8363 ], [ -83.4411, 37.835 ], [ -83.4425, 37.8268 ], [ -83.433, 37.8191 ], [ -83.3862, 37.8136 ], [ -83.3876, 37.8004 ], [ -83.3645, 37.8026 ], [ -83.3359, 37.7788 ], [ -83.3295, 37.7833 ], [ -83.3248, 37.7778 ], [ -83.3336, 37.7579 ], [ -83.3054, 37.7426 ], [ -83.2871, 37.7423 ], [ -83.2812, 37.7189 ], [ -83.2724, 37.7128 ], [ -83.265, 37.7151 ], [ -83.2433, 37.699 ], [ -83.2574, 37.6859 ], [ -83.2487, 37.6696 ], [ -83.2579, 37.6703 ], [ -83.268, 37.6799 ], [ -83.2801, 37.6745 ], [ -83.2931, 37.6824 ], [ -83.3072, 37.6779 ], [ -83.3182, 37.6829 ], [ -83.3307, 37.6746 ], [ -83.3459, 37.6767 ], [ -83.3517, 37.6848 ], [ -83.3648, 37.6842 ], [ -83.3704, 37.6929 ], [ -83.3814, 37.6917 ], [ -83.3906, 37.6999 ], [ -83.4276, 37.6833 ], [ -83.4336, 37.6565 ], [ -83.4457, 37.6508 ], [ -83.4538, 37.6342 ], [ -83.4952, 37.6193 ], [ -83.4957, 37.6452 ], [ -83.512, 37.6443 ], [ -83.5136, 37.6617 ], [ -83.5281, 37.6735 ], [ -83.5185, 37.6959 ], [ -83.527, 37.6983 ], [ -83.5336, 37.725 ], [ -83.5109, 37.7234 ], [ -83.507, 37.7414 ], [ -83.4848, 37.7555 ], [ -83.4937, 37.7701 ], [ -83.4993, 37.7684 ], [ -83.4954, 37.7834 ], [ -83.5042, 37.7829 ], [ -83.5236, 37.7996 ], [ -83.5206, 37.8043 ], [ -83.5269, 37.8021 ], [ -83.5375, 37.8108 ], [ -83.5463, 37.8057 ], [ -83.548, 37.8162 ], [ -83.5562, 37.819 ], [ -83.5241, 37.8312 ] ] ] } },
{ "type": "Feature", "properties": { "GEOIDFQ": "1400000US21221970201", "NAME": "9702.01", "NAMELSAD": "Census Tract 9702.01" }, "geometry": { "type": "Polygon", "coordinates": [ [ [ -87.8793, 36.8937 ], [ -87.8715, 36.8909 ], [ -87.8662, 36.8988 ], [ -87.8605, 36.8906 ], [ -87.8548, 36.8937 ], [ -87.8681, 36.9096 ], [ -87.8505, 36.9125 ], [ -87.8506, 36.9085 ], [ -87.8413, 36.9197 ], [ -87.8228, 36.9106 ], [ -87.8275, 36.92 ], [ -87.8177, 36.9272 ], [ -87.7639, 36.9096 ], [ -87.6767, 36.8915 ], [ -87.6722, 36.8673 ], [ -87.6799, 36.863 ], [ -87.7298, 36.8654 ], [ -87.7401, 36.8781 ], [ -87.7788, 36.8679 ], [ -87.8283, 36.8667 ], [ -87.8422, 36.856 ], [ -87.8463, 36.8721 ], [ -87.8609, 36.8711 ], [ -87.8533, 36.881 ], [ -87.8734, 36.8701 ], [ -87.885, 36.888 ], [ -87.8793, 36.8937 ] ] ] } },
{ "type": "Feature", "properties": { "GEOIDFQ": "1400000US21221970301", "NAME": "9703.01", "NAMELSAD": "Census Tract 9703.01" }, "geometry": { "type": "Polygon", "coordinates": [ [ [ -87.9653, 36.8539 ], [ -87.9534, 36.8588 ], [ -87.935, 36.855 ], [ -87.9057, 36.8713 ], [ -87.891, 36.8684 ], [ -87.9014, 36.8829 ], [ -87.885, 36.888 ], [ -87.8734, 36.8701 ], [ -87.8533, 36.881 ], [ -87.8606, 36.8707 ], [ -87.8463, 36.8721 ], [ -87.8419, 36.8554 ], [ -87.8319, 36.8551 ], [ -87.82, 36.8319 ], [ -87.9095, 36.8061 ], [ -87.9709, 36.7983 ], [ -87.9785, 36.8003 ], [ -87.9836, 36.8593 ], [ -87.9653, 36.8539 ] ] ] } },
{ "type": "Feature", "properties": { "GEOIDFQ": "1400000US21221970202", "NAME": "9702.02", "NAMELSAD": "Census Tract 9702.02" }, "geometry": { "type": "Polygon", "coordinates": [ [ [ -87.835, 36.8638 ], [ -87.8283, 36.8667 ], [ -87.7788, 36.8679 ], [ -87.7401, 36.8781 ], [ -87.7298, 36.8654 ], [ -87.6799, 36.863 ], [ -87.6722, 36.8673 ], [ -87.6738, 36.7556 ], [ -87.6841, 36.7019 ], [ -87.6908, 36.7113 ], [ -87.7133, 36.7141 ], [ -87.7109, 36.7199 ], [ -87.7266, 36.7269 ], [ -87.7632, 36.7225 ], [ -87.7664, 36.7141 ], [ -87.7868, 36.7221 ], [ -87.8034, 36.7187 ], [ -87.8024, 36.7037 ], [ -87.808, 36.7149 ], [ -87.798, 36.7357 ], [ -87.8056, 36.7943 ], [ -87.8257, 36.8448 ], [ -87.8322, 36.8553 ], [ -87.842, 36.8561 ], [ -87.835, 36.8638 ] ] ] } },
{ "type": "Feature", "properties": { "GEOIDFQ": "1400000US21221970302", "NAME": "9703.02", "NAMELSAD": "Census Tract 9703.02" }, "geometry": { "type": "Polygon", "coordinates": [ [ [ -87.91, 36.806 ], [ -87.82, 36.8319 ], [ -87.8056, 36.7943 ], [ -87.7981, 36.7362 ], [ -87.808, 36.7138 ], [ -87.7944, 36.6977 ], [ -87.7969, 36.6773 ], [ -87.7897, 36.672 ], [ -87.8027, 36.6696 ], [ -87.8047, 36.6624 ], [ -87.8047, 36.6562 ], [ -87.7977, 36.6546 ], [ -87.7968, 36.6349 ], [ -87.8533, 36.6332 ], [ -87.8495, 36.6637 ], [ -87.912, 36.6678 ], [ -87.9401, 36.6928 ], [ -87.9735, 36.75 ], [ -87.9785, 36.8003 ], [ -87.91, 36.806 ] ] ] } },
{ "type": "Feature", "properties": { "GEOIDFQ": "1400000US21015070606", "NAME": "706.06", "NAMELSAD": "Census Tract 706.06" }, "geometry": { "type": "Polygon", "coordinates": [ [ [ -84.6232, 38.9388 ], [ -84.6064, 38.9343 ], [ -84.5979, 38.8794 ], [ -84.6081, 38.8351 ], [ -84.6215, 38.8475 ], [ -84.631, 38.932 ], [ -84.6232, 38.9388 ] ] ] } },
{ "type": "Feature", "properties": { "GEOIDFQ": "1400000US21123960101", "NAME": "9601.01", "NAMELSAD": "Census Tract 9601.01" }, "geometry": { "type": "Polygon", "coordinates": [ [ [ -85.7362, 37.6544 ], [ -85.6805, 37.7323 ], [ -85.6713, 37.7324 ], [ -85.6455, 37.7164 ], [ -85.6468, 37.7075 ], [ -85.6339, 37.6939 ], [ -85.6065, 37.7009 ], [ -85.5921, 37.6935 ], [ -85.6011, 37.6399 ], [ -85.5832, 37.6441 ], [ -85.5729, 37.6384 ], [ -85.568, 37.6232 ], [ -85.5706, 37.617 ], [ -85.5798, 37.6267 ], [ -85.5936, 37.6134 ], [ -85.6149, 37.6152 ], [ -85.6114, 37.6073 ], [ -85.5872, 37.6049 ], [ -85.595, 37.5986 ], [ -85.5913, 37.5945 ], [ -85.6067, 37.5908 ], [ -85.6013, 37.5825 ], [ -85.6056, 37.5737 ], [ -85.6158, 37.5725 ], [ -85.6307, 37.5819 ], [ -85.6483, 37.5817 ], [ -85.6648, 37.5888 ], [ -85.6655, 37.6138 ], [ -85.6726, 37.6186 ], [ -85.683, 37.6216 ], [ -85.6917, 37.6054 ], [ -85.7069, 37.6201 ], [ -85.7365, 37.6011 ], [ -85.741, 37.6239 ], [ -85.7362, 37.6544 ] ] ] } },
{ "type": "Feature", "properties": { "GEOIDFQ": "1400000US21001970401", "NAME": "9704.01", "NAMELSAD": "Census Tract 9704.01" }, "geometry": { "type": "Polygon", "coordinates": [ [ [ -85.381, 37.1205 ], [ -85.3898, 37.1318 ], [ -85.3715, 37.1237 ], [ -85.3614, 37.1267 ], [ -85.3581, 37.1229 ], [ -85.3642, 37.1195 ], [ -85.3582, 37.116 ], [ -85.3372, 37.1231 ], [ -85.3472, 37.1288 ], [ -85.3409, 37.1324 ], [ -85.3305, 37.127 ], [ -85.3244, 37.1306 ], [ -85.3273, 37.119 ], [ -85.3022, 37.0956 ], [ -85.2372, 37.0811 ], [ -85.2446, 37.0745 ], [ -85.2409, 37.0702 ], [ -85.2413, 37.0672 ], [ -85.2585, 37.0753 ], [ -85.2588, 37.0809 ], [ -85.2731, 37.0748 ], [ -85.2628, 37.058 ], [ -85.2642, 37.0521 ], [ -85.2713, 37.0522 ], [ -85.2714, 37.0284 ], [ -85.2934, 37.0206 ], [ -85.3097, 37.0017 ], [ -85.3263, 36.9985 ], [ -85.3339, 37.003 ], [ -85.3422, 36.9952 ], [ -85.3887, 37.0221 ], [ -85.3625, 37.0463 ], [ -85.3728, 37.0498 ], [ -85.3641, 37.0842 ], [ -85.3533, 37.0925 ], [ -85.3714, 37.1104 ], [ -85.3935, 37.1192 ], [ -85.381, 37.1205 ] ] ] } },
{ "type": "Feature", "properties": { "GEOIDFQ": "1400000US21001970402", "NAME": "9704.02", "NAMELSAD": "Census Tract 9704.02" }, "geometry": { "type": "Polygon", "coordinates": [ [ [ -85.3225, 37.1341 ], [ -85.3264, 37.1472 ], [ -85.3105, 37.1571 ], [ -85.308, 37.1532 ], [ -85.306, 37.1613 ], [ -85.287, 37.1649 ], [ -85.2872, 37.1568 ], [ -85.2669, 37.1633 ], [ -85.2288, 37.1405 ], [ -85.2399, 37.1219 ], [ -85.234, 37.113 ], [ -85.1952, 37.1068 ], [ -85.2078, 37.0787 ], [ -85.2211, 37.076 ], [ -85.3022, 37.0956 ], [ -85.328, 37.1225 ], [ -85.3225, 37.1341 ] ] ] } },
{ "type": "Feature", "properties": { "GEOIDFQ": "1400000US21019031001", "NAME": "310.01", "NAMELSAD": "Census Tract 310.01" }, "geometry": { "type": "Polygon", "coordinates": [ [ [ -82.8097, 38.3944 ], [ -82.7738, 38.4183 ], [ -82.7771, 38.4218 ], [ -82.7744, 38.4286 ], [ -82.769, 38.4337 ], [ -82.7673, 38.4275 ], [ -82.7577, 38.4331 ], [ -82.7506, 38.4282 ], [ -82.7416, 38.4326 ], [ -82.7409, 38.4241 ], [ -82.728, 38.4221 ], [ -82.7342, 38.4151 ], [ -82.7287, 38.4032 ], [ -82.7104, 38.4131 ], [ -82.7162, 38.387 ], [ -82.7429, 38.3893 ], [ -82.7725, 38.3633 ], [ -82.8177, 38.3766 ], [ -82.8097, 38.3944 ] ] ] } },
{ "type": "Feature", "properties": { "GEOIDFQ": "1400000US21133950401", "NAME": "9504.01", "NAMELSAD": "Census Tract 9504.01" }, "geometry": { "type": "Polygon", "coordinates": [ [ [ -82.8904, 37.1212 ], [ -82.8793, 37.115 ], [ -82.8763, 37.1227 ], [ -82.8761, 37.1158 ], [ -82.8691, 37.1193 ], [ -82.8624, 37.112 ], [ -82.8634, 37.1054 ], [ -82.8535, 37.1103 ], [ -82.8533, 37.1208 ], [ -82.8423, 37.1198 ], [ -82.8426, 37.1271 ], [ -82.8371, 37.1192 ], [ -82.814, 37.1169 ], [ -82.8144, 37.1106 ], [ -82.8066, 37.1158 ], [ -82.8028, 37.1091 ], [ -82.7917, 37.1253 ], [ -82.7792, 37.124 ], [ -82.7654, 37.1371 ], [ -82.7429, 37.1267 ], [ -82.7366, 37.1111 ], [ -82.7618, 37.1046 ], [ -82.8078, 37.0788 ], [ -82.8079, 37.0687 ], [ -82.8216, 37.0715 ], [ -82.8583, 37.0523 ], [ -82.8678, 37.0626 ], [ -82.8664, 37.0723 ], [ -82.8783, 37.0737 ], [ -82.8937, 37.1056 ], [ -82.9074, 37.1176 ], [ -82.8904, 37.1212 ] ] ] } },
{ "type": "Feature", "properties": { "GEOIDFQ": "1400000US21203950400", "NAME": "9504", "NAMELSAD": "Census Tract 9504" }, "geometry": { "type": "Polygon", "coordinates": [ [ [ -84.3272, 37.3855 ], [ -84.3171, 37.3796 ], [ -84.2998, 37.3851 ], [ -84.2809, 37.3766 ], [ -84.2754, 37.379 ], [ -84.2776, 37.3728 ], [ -84.2699, 37.3757 ], [ -84.2638, 37.4117 ], [ -84.2397, 37.4297 ], [ -84.2291, 37.4661 ], [ -84.2041, 37.4904 ], [ -84.1893, 37.4568 ], [ -84.1828, 37.4548 ], [ -84.184, 37.4469 ], [ -84.1593, 37.4174 ], [ -84.1695, 37.3854 ], [ -84.1294, 37.3586 ], [ -84.143, 37.3523 ], [ -84.1328, 37.3489 ], [ -84.1351, 37.343 ], [ -84.1423, 37.3452 ], [ -84.1362, 37.3299 ], [ -84.1459, 37.3275 ], [ -84.1363, 37.3112 ], [ -84.1523, 37.3106 ], [ -84.1469, 37.3035 ], [ -84.1594, 37.3035 ], [ -84.1622, 37.2979 ], [ -84.1713, 37.3002 ], [ -84.1714, 37.3071 ], [ -84.1799, 37.3041 ], [ -84.1811, 37.2957 ], [ -84.2008, 37.2802 ], [ -84.2173, 37.2831 ], [ -84.2178, 37.2424 ], [ -84.2241, 37.2388 ], [ -84.2322, 37.2485 ], [ -84.2393, 37.2403 ], [ -84.2554, 37.2776 ], [ -84.3024, 37.3261 ], [ -84.31, 37.3634 ], [ -84.335, 37.383 ], [ -84.3272, 37.3855 ] ] ] } },
{ "type": "Feature", "properties": { "GEOIDFQ": "1400000US21203950300", "NAME": "9503", "NAMELSAD": "Census Tract 9503" }, "geometry": { "type": "Polygon", "coordinates": [ [ [ -84.4838, 37.3834 ], [ -84.4662, 37.3829 ], [ -84.4483, 37.3924 ], [ -84.4226, 37.3907 ], [ -84.3881, 37.3558 ], [ -84.3582, 37.3508 ], [ -84.3352, 37.3343 ], [ -84.3187, 37.3172 ], [ -84.3239, 37.3065 ], [ -84.319, 37.2943 ], [ -84.3085, 37.2911 ], [ -84.3052, 37.3098 ], [ -84.2929, 37.3162 ], [ -84.2552, 37.2774 ], [ -84.2358, 37.2319 ], [ -84.2425, 37.2293 ], [ -84.2519, 37.2404 ], [ -84.2667, 37.2236 ], [ -84.2629, 37.2176 ], [ -84.2721, 37.2123 ], [ -84.2593, 37.2051 ], [ -84.281, 37.1975 ], [ -84.2783, 37.1873 ], [ -84.2656, 37.1817 ], [ -84.3001, 37.1701 ], [ -84.2888, 37.1621 ], [ -84.2888, 37.1519 ], [ -84.2923, 37.1611 ], [ -84.5029, 37.3289 ], [ -84.4838, 37.3834 ] ] ] } },
{ "type": "Feature", "properties": { "GEOIDFQ": "1400000US21203950100", "NAME": "9501", "NAMELSAD": "Census Tract 9501" }, "geometry": { "type": "Polygon", "coordinates": [ [ [ -84.3547, 37.4994 ], [ -84.3613, 37.514 ], [ -84.3478, 37.5391 ], [ -84.3214, 37.5387 ], [ -84.3136, 37.5282 ], [ -84.3039, 37.5374 ], [ -84.2983, 37.5349 ], [ -84.3017, 37.5233 ], [ -84.2776, 37.5237 ], [ -84.2683, 37.5153 ], [ -84.2482, 37.5249 ], [ -84.2349, 37.5197 ], [ -84.2237, 37.5273 ], [ -84.1995, 37.5229 ], [ -84.2053, 37.5031 ], [ -84.2003, 37.494 ], [ -84.229, 37.4662 ], [ -84.2397, 37.4297 ], [ -84.2638, 37.4117 ], [ -84.2654, 37.3858 ], [ -84.2773, 37.3729 ], [ -84.2754, 37.379 ], [ -84.2809, 37.3766 ], [ -84.2996, 37.3851 ], [ -84.3171, 37.3796 ], [ -84.3272, 37.3855 ], [ -84.335, 37.383 ], [ -84.3425, 37.4342 ], [ -84.3682, 37.458 ], [ -84.3743, 37.4727 ], [ -84.3547, 37.4994 ] ] ] } },
{ "type": "Feature", "properties": { "GEOIDFQ": "1400000US21219950300", "NAME": "9503", "NAMELSAD": "Census Tract 9503" }, "geometry": { "type": "Polygon", "coordinates": [ [ [ -87.1888, 36.7335 ], [ -87.1687, 36.7543 ], [ -87.167, 36.7657 ], [ -87.1417, 36.7617 ], [ -87.139, 36.7503 ], [ -87.1086, 36.7649 ], [ -87.0966, 36.7585 ], [ -87.0958, 36.7486 ], [ -87.0689, 36.7461 ], [ -87.0684, 36.7364 ], [ -87.0596, 36.7411 ], [ -87.0608, 36.643 ], [ -87.1979, 36.6419 ], [ -87.2011, 36.6917 ], [ -87.1888, 36.7335 ] ] ] } },
{ "type": "Feature", "properties": { "GEOIDFQ": "1400000US21219950400", "NAME": "9504", "NAMELSAD": "Census Tract 9504" }, "geometry": { "type": "Polygon", "coordinates": [ [ [ -87.3093, 36.7945 ], [ -87.2883, 36.8066 ], [ -87.2891, 36.7964 ], [ -87.2823, 36.7924 ], [ -87.2462, 36.802 ], [ -87.2315, 36.7971 ], [ -87.2152, 36.8048 ], [ -87.2011, 36.8035 ], [ -87.1954, 36.7976 ], [ -87.2343, 36.7785 ], [ -87.2231, 36.7522 ], [ -87.1692, 36.7535 ], [ -87.1886, 36.7339 ], [ -87.201, 36.6925 ], [ -87.1979, 36.6419 ], [ -87.336, 36.6417 ], [ -87.3093, 36.7945 ] ] ] } },
{ "type": "Feature", "properties": { "GEOIDFQ": "1400000US21219950200", "NAME": "9502", "NAMELSAD": "Census Tract 9502" }, "geometry": { "type": "Polygon", "coordinates": [ [ [ -87.2931, 36.8854 ], [ -87.2796, 36.8833 ], [ -87.2606, 36.8899 ], [ -87.24, 36.8852 ], [ -87.2273, 36.8734 ], [ -87.2037, 36.884 ], [ -87.1883, 36.8832 ], [ -87.1928, 36.888 ], [ -87.1775, 36.8978 ], [ -87.1606, 36.8965 ], [ -87.1469, 36.9029 ], [ -87.1022, 36.8839 ], [ -87.0564, 36.8812 ], [ -87.0582, 36.8047 ], [ -87.0502, 36.7675 ], [ -87.0596, 36.7411 ], [ -87.0684, 36.7364 ], [ -87.0689, 36.7461 ], [ -87.0958, 36.7486 ], [ -87.0966, 36.7585 ], [ -87.1086, 36.7649 ], [ -87.139, 36.7503 ], [ -87.1416, 36.7617 ], [ -87.155, 36.7618 ], [ -87.1589, 36.7673 ], [ -87.167, 36.7657 ], [ -87.1701, 36.7532 ], [ -87.2242, 36.7526 ], [ -87.2343, 36.7785 ], [ -87.1954, 36.7976 ], [ -87.2014, 36.8036 ], [ -87.2152, 36.8048 ], [ -87.2315, 36.7971 ], [ -87.2462, 36.802 ], [ -87.2823, 36.7924 ], [ -87.2891, 36.7964 ], [ -87.2883, 36.8066 ], [ -87.3093, 36.7945 ], [ -87.2931, 36.8854 ] ] ] } },
{ "type": "Feature", "properties": { "GEOIDFQ": "1400000US21219950100", "NAME": "9501", "NAMELSAD": "Census Tract 9501" }, "geometry": { "type": "Polygon", "coordinates": [ [ [ -87.2601, 37.0749 ], [ -87.2518, 37.0755 ], [ -87.2547, 37.0697 ], [ -87.2452, 37.0641 ], [ -87.2466, 37.0544 ], [ -87.2621, 37.0531 ], [ -87.2509, 37.0494 ], [ -87.2503, 37.0406 ], [ -87.1181, 37.0447 ], [ -87.0532, 37.061 ], [ -87.0564, 36.8812 ], [ -87.1022, 36.8839 ], [ -87.1469, 36.9029 ], [ -87.1606, 36.8965 ], [ -87.1775, 36.8978 ], [ -87.1928, 36.888 ], [ -87.1883, 36.8832 ], [ -87.2037, 36.884 ], [ -87.2273, 36.8734 ], [ -87.24, 36.8852 ], [ -87.2606, 36.8899 ], [ -87.2796, 36.8833 ], [ -87.2931, 36.8854 ], [ -87.2601, 37.0749 ] ] ] } },
{ "type": "Feature", "properties": { "GEOIDFQ": "1400000US21111009300", "NAME": "93", "NAMELSAD": "Census Tract 93" }, "geometry": { "type": "Polygon", "coordinates": [ [ [ -85.7296, 38.2245 ], [ -85.7227, 38.2218 ], [ -85.7148, 38.2284 ], [ -85.701, 38.2136 ], [ -85.713, 38.2054 ], [ -85.723, 38.2109 ], [ -85.7353, 38.2034 ], [ -85.7415, 38.213 ], [ -85.7296, 38.2245 ] ] ] } },
{ "type": "Feature", "properties": { "GEOIDFQ": "1400000US21111009600", "NAME": "96", "NAMELSAD": "Census Tract 96" }, "geometry": { "type": "Polygon", "coordinates": [ [ [ -85.6815, 38.221 ], [ -85.6713, 38.2113 ], [ -85.6891, 38.2021 ], [ -85.7009, 38.2136 ], [ -85.6815, 38.221 ] ] ] } },
{ "type": "Feature", "properties": { "GEOIDFQ": "1400000US21109960302", "NAME": "9603.02", "NAMELSAD": "Census Tract 9603.02" }, "geometry": { "type": "Polygon", "coordinates": [ [ [ -84.1238, 37.341 ], [ -84.1182, 37.3606 ], [ -84.0975, 37.3663 ], [ -84.0702, 37.3869 ], [ -84.0582, 37.3822 ], [ -84.0572, 37.3719 ], [ -84.0472, 37.3668 ], [ -84.0388, 37.371 ], [ -84.03, 37.3654 ], [ -84.0172, 37.3741 ], [ -84.0017, 37.3697 ], [ -84.0019, 37.3329 ], [ -84.0084, 37.314 ], [ -84.02, 37.3049 ], [ -83.9975, 37.3028 ], [ -83.9859, 37.3101 ], [ -83.9671, 37.3069 ], [ -83.9627, 37.2963 ], [ -83.9293, 37.3196 ], [ -83.883, 37.3117 ], [ -83.8768, 37.2947 ], [ -83.8999, 37.2668 ], [ -83.9016, 37.2537 ], [ -83.9222, 37.2618 ], [ -83.9405, 37.2588 ], [ -83.9437, 37.2506 ], [ -84.0056, 37.2533 ], [ -84.0565, 37.2698 ], [ -84.0493, 37.2823 ], [ -84.0655, 37.2875 ], [ -84.0786, 37.2822 ], [ -84.0807, 37.2915 ], [ -84.1012, 37.2992 ], [ -84.1085, 37.3102 ], [ -84.0943, 37.314 ], [ -84.1071, 37.3159 ], [ -84.1081, 37.3266 ], [ -84.1191, 37.3357 ], [ -84.1282, 37.3342 ], [ -84.1379, 37.3198 ], [ -84.1459, 37.3275 ], [ -84.1238, 37.341 ] ] ] } },
{ "type": "Feature", "properties": { "GEOIDFQ": "1400000US21109960101", "NAME": "9601.01", "NAMELSAD": "Census Tract 9601.01" }, "geometry": { "type": "Polygon", "coordinates": [ [ [ -83.9965, 37.425 ], [ -83.9972, 37.4371 ], [ -83.9834, 37.4509 ], [ -83.9704, 37.4535 ], [ -83.9682, 37.4605 ], [ -83.9496, 37.4542 ], [ -83.9424, 37.4616 ], [ -83.9225, 37.4655 ], [ -83.9015, 37.4539 ], [ -83.8939, 37.4588 ], [ -83.8858, 37.4479 ], [ -83.871, 37.4593 ], [ -83.8651, 37.4514 ], [ -83.85, 37.4478 ], [ -83.826, 37.4039 ], [ -83.8308, 37.3896 ], [ -83.8376, 37.3881 ], [ -83.8382, 37.3752 ], [ -83.8624, 37.3757 ], [ -83.8657, 37.3684 ], [ -83.8827, 37.3624 ], [ -83.8945, 37.3658 ], [ -83.9105, 37.35 ], [ -83.9274, 37.3543 ], [ -83.9489, 37.373 ], [ -83.9643, 37.3716 ], [ -83.9891, 37.3798 ], [ -84.003, 37.3933 ], [ -84.007, 37.4164 ], [ -83.9965, 37.425 ] ] ] } },
{ "type": "Feature", "properties": { "GEOIDFQ": "1400000US21111009700", "NAME": "97", "NAMELSAD": "Census Tract 97" }, "geometry": { "type": "Polygon", "coordinates": [ [ [ -85.6685, 38.2229 ], [ -85.6469, 38.2234 ], [ -85.6713, 38.2113 ], [ -85.6767, 38.2175 ], [ -85.6685, 38.2229 ] ] ] } },
{ "type": "Feature", "properties": { "GEOIDFQ": "1400000US21111009800", "NAME": "98", "NAMELSAD": "Census Tract 98" }, "geometry": { "type": "Polygon", "coordinates": [ [ [ -85.6594, 38.267 ], [ -85.6482, 38.2568 ], [ -85.6526, 38.2527 ], [ -85.6622, 38.2534 ], [ -85.669, 38.2639 ], [ -85.6594, 38.267 ] ] ] } },
{ "type": "Feature", "properties": { "GEOIDFQ": "1400000US21111002300", "NAME": "23", "NAMELSAD": "Census Tract 23" }, "geometry": { "type": "Polygon", "coordinates": [ [ [ -85.7866, 38.2677 ], [ -85.7728, 38.2598 ], [ -85.7733, 38.2571 ], [ -85.7898, 38.2592 ], [ -85.7866, 38.2677 ] ] ] } },
{ "type": "Feature", "properties": { "GEOIDFQ": "1400000US21113060402", "NAME": "604.02", "NAMELSAD": "Census Tract 604.02" }, "geometry": { "type": "Polygon", "coordinates": [ [ [ -84.7169, 37.8409 ], [ -84.689, 37.8511 ], [ -84.6924, 37.8588 ], [ -84.7099, 37.862 ], [ -84.6946, 37.905 ], [ -84.6863, 37.8975 ], [ -84.6686, 37.9016 ], [ -84.6559, 37.8882 ], [ -84.6399, 37.8886 ], [ -84.6625, 37.861 ], [ -84.6479, 37.8416 ], [ -84.6407, 37.8479 ], [ -84.626, 37.837 ], [ -84.6333, 37.814 ], [ -84.6488, 37.8145 ], [ -84.6492, 37.8097 ], [ -84.6604, 37.8081 ], [ -84.6492, 37.7919 ], [ -84.6525, 37.7866 ], [ -84.6657, 37.7831 ], [ -84.6763, 37.7892 ], [ -84.6785, 37.8291 ], [ -84.6957, 37.8279 ], [ -84.716, 37.8154 ], [ -84.7247, 37.8248 ], [ -84.7169, 37.8409 ] ] ] } },
{ "type": "Feature", "properties": { "GEOIDFQ": "1400000US21113060401", "NAME": "604.01", "NAMELSAD": "Census Tract 604.01" }, "geometry": { "type": "Polygon", "coordinates": [ [ [ -84.6322, 37.8956 ], [ -84.6187, 37.8858 ], [ -84.6042, 37.8859 ], [ -84.6036, 37.8787 ], [ -84.6125, 37.875 ], [ -84.6063, 37.8546 ], [ -84.6225, 37.8532 ], [ -84.6135, 37.8479 ], [ -84.6242, 37.836 ], [ -84.6407, 37.8479 ], [ -84.6479, 37.8416 ], [ -84.6625, 37.861 ], [ -84.6322, 37.8956 ] ] ] } },
{ "type": "Feature", "properties": { "GEOIDFQ": "1400000US21113060104", "NAME": "601.04", "NAMELSAD": "Census Tract 601.04" }, "geometry": { "type": "Polygon", "coordinates": [ [ [ -84.6019, 37.9189 ], [ -84.5942, 37.914 ], [ -84.5774, 37.8935 ], [ -84.5762, 37.8812 ], [ -84.6042, 37.8859 ], [ -84.6081, 37.9092 ], [ -84.6019, 37.9189 ] ] ] } },
{ "type": "Feature", "properties": { "GEOIDFQ": "1400000US21113060103", "NAME": "601.03", "NAMELSAD": "Census Tract 601.03" }, "geometry": { "type": "Polygon", "coordinates": [ [ [ -84.5875, 37.9246 ], [ -84.5598, 37.9109 ], [ -84.573, 37.8804 ], [ -84.581, 37.8997 ], [ -84.6018, 37.919 ], [ -84.5875, 37.9246 ] ] ] } },
{ "type": "Feature", "properties": { "GEOIDFQ": "1400000US21117061300", "NAME": "613", "NAMELSAD": "Census Tract 613" }, "geometry": { "type": "Polygon", "coordinates": [ [ [ -84.5047, 39.049 ], [ -84.4988, 39.0498 ], [ -84.4947, 39.0336 ], [ -84.5202, 39.0379 ], [ -84.5047, 39.049 ] ] ] } },
{ "type": "Feature", "properties": { "GEOIDFQ": "1400000US21117061400", "NAME": "614", "NAMELSAD": "Census Tract 614" }, "geometry": { "type": "Polygon", "coordinates": [ [ [ -84.518, 39.0509 ], [ -84.502, 39.0571 ], [ -84.4988, 39.0498 ], [ -84.521, 39.039 ], [ -84.518, 39.0509 ] ] ] } },
{ "type": "Feature", "properties": { "GEOIDFQ": "1400000US21111012406", "NAME": "124.06", "NAMELSAD": "Census Tract 124.06" }, "geometry": { "type": "Polygon", "coordinates": [ [ [ -85.8719, 38.1447 ], [ -85.8396, 38.1435 ], [ -85.8462, 38.1328 ], [ -85.8685, 38.1308 ], [ -85.8719, 38.1447 ] ] ] } },
{ "type": "Feature", "properties": { "GEOIDFQ": "1400000US21111012407", "NAME": "124.07", "NAMELSAD": "Census Tract 124.07" }, "geometry": { "type": "Polygon", "coordinates": [ [ [ -85.8838, 38.1454 ], [ -85.8719, 38.1447 ], [ -85.866, 38.1215 ], [ -85.8784, 38.1216 ], [ -85.8789, 38.1122 ], [ -85.8893, 38.1286 ], [ -85.8838, 38.1454 ] ] ] } },
{ "type": "Feature", "properties": { "GEOIDFQ": "1400000US21111012408", "NAME": "124.08", "NAMELSAD": "Census Tract 124.08" }, "geometry": { "type": "Polygon", "coordinates": [ [ [ -85.8624, 38.1322 ], [ -85.8462, 38.1328 ], [ -85.8557, 38.1212 ], [ -85.8662, 38.123 ], [ -85.8624, 38.1322 ] ] ] } },
{ "type": "Feature", "properties": { "GEOIDFQ": "1400000US21111012409", "NAME": "124.09", "NAMELSAD": "Census Tract 124.09" }, "geometry": { "type": "Polygon", "coordinates": [ [ [ -85.8784, 38.1216 ], [ -85.8557, 38.1212 ], [ -85.8696, 38.103 ], [ -85.8814, 38.1077 ], [ -85.8784, 38.1216 ] ] ] } },
{ "type": "Feature", "properties": { "GEOIDFQ": "1400000US21111012501", "NAME": "125.01", "NAMELSAD": "Census Tract 125.01" }, "geometry": { "type": "Polygon", "coordinates": [ [ [ -85.8223, 38.1831 ], [ -85.8089, 38.1854 ], [ -85.8195, 38.1712 ], [ -85.84, 38.1764 ], [ -85.8223, 38.1831 ] ] ] } },
{ "type": "Feature", "properties": { "GEOIDFQ": "1400000US21023950200", "NAME": "9502", "NAMELSAD": "Census Tract 9502" }, "geometry": { "type": "Polygon", "coordinates": [ [ [ -84.2305, 38.8274 ], [ -84.2059, 38.8027 ], [ -84.135, 38.7896 ], [ -84.1117, 38.7816 ], [ -84.1143, 38.7749 ], [ -84.1041, 38.7716 ], [ -84.1008, 38.7326 ], [ -84.1134, 38.7227 ], [ -84.1056, 38.7225 ], [ -84.1056, 38.7137 ], [ -84.1337, 38.6883 ], [ -84.1559, 38.691 ], [ -84.1537, 38.6674 ], [ -84.1775, 38.6611 ], [ -84.1961, 38.6461 ], [ -84.2142, 38.6538 ], [ -84.2359, 38.8224 ], [ -84.2305, 38.8274 ] ] ] } },
{ "type": "Feature", "properties": { "GEOIDFQ": "1400000US21023950300", "NAME": "9503", "NAMELSAD": "Census Tract 9503" }, "geometry": { "type": "Polygon", "coordinates": [ [ [ -84.2027, 38.5652 ], [ -84.2056, 38.5864 ], [ -84.1953, 38.5892 ], [ -84.2011, 38.6039 ], [ -84.2074, 38.5976 ], [ -84.2142, 38.6538 ], [ -84.1901, 38.6471 ], [ -84.1775, 38.6611 ], [ -84.1537, 38.6674 ], [ -84.1561, 38.6909 ], [ -84.1313, 38.6894 ], [ -84.1055, 38.7138 ], [ -84.1056, 38.7225 ], [ -84.1134, 38.7227 ], [ -84.1035, 38.7328 ], [ -84.0754, 38.725 ], [ -84.0739, 38.716 ], [ -84.0636, 38.7153 ], [ -84.0675, 38.7106 ], [ -84.0598, 38.7053 ], [ -84.0486, 38.7088 ], [ -84.0526, 38.7039 ], [ -84.0316, 38.7022 ], [ -84.0242, 38.6948 ], [ -83.9986, 38.6981 ], [ -83.9883, 38.6929 ], [ -83.9854, 38.7005 ], [ -83.9718, 38.6945 ], [ -83.9551, 38.7077 ], [ -83.9459, 38.6867 ], [ -83.9964, 38.5835 ], [ -84.0047, 38.5898 ], [ -84.0193, 38.5842 ], [ -84.0197, 38.5948 ], [ -84.0236, 38.5839 ], [ -84.0337, 38.5829 ], [ -84.0329, 38.5961 ], [ -84.0518, 38.5911 ], [ -84.0444, 38.5962 ], [ -84.0503, 38.6026 ], [ -84.0583, 38.5914 ], [ -84.0595, 38.5989 ], [ -84.0672, 38.5978 ], [ -84.0686, 38.6039 ], [ -84.078, 38.5983 ], [ -84.0837, 38.6086 ], [ -84.083, 38.5981 ], [ -84.1446, 38.5503 ], [ -84.1681, 38.559 ], [ -84.2089, 38.5499 ], [ -84.2177, 38.56 ], [ -84.2027, 38.5652 ] ] ] } },
{ "type": "Feature", "properties": { "GEOIDFQ": "1400000US21023950100", "NAME": "9501", "NAMELSAD": "Census Tract 9501" }, "geometry": { "type": "Polygon", "coordinates": [ [ [ -84.1117, 38.7816 ], [ -84.0714, 38.7705 ], [ -84.0446, 38.7706 ], [ -83.9624, 38.7875 ], [ -83.9432, 38.7832 ], [ -83.9281, 38.772 ], [ -83.9039, 38.7682 ], [ -83.9459, 38.6867 ], [ -83.9564, 38.7088 ], [ -83.9648, 38.6963 ], [ -83.9771, 38.6947 ], [ -83.983, 38.7003 ], [ -83.9854, 38.7005 ], [ -83.9883, 38.6929 ], [ -83.9986, 38.6981 ], [ -84.0242, 38.6948 ], [ -84.0316, 38.7022 ], [ -84.0526, 38.7039 ], [ -84.0511, 38.7093 ], [ -84.0598, 38.7053 ], [ -84.0675, 38.7106 ], [ -84.0636, 38.7153 ], [ -84.0739, 38.716 ], [ -84.0754, 38.725 ], [ -84.1008, 38.7326 ], [ -84.1041, 38.7716 ], [ -84.1142, 38.7749 ], [ -84.1117, 38.7816 ] ] ] } },
{ "type": "Feature", "properties": { "GEOIDFQ": "1400000US21029020602", "NAME": "206.02", "NAMELSAD": "Census Tract 206.02" }, "geometry": { "type": "Polygon", "coordinates": [ [ [ -85.6782, 38.053 ], [ -85.6964, 38.0221 ], [ -85.6964, 38.0414 ], [ -85.6991, 38.0633 ], [ -85.6782, 38.053 ] ] ] } },
{ "type": "Feature", "properties": { "GEOIDFQ": "1400000US21029020101", "NAME": "201.01", "NAMELSAD": "Census Tract 201.01" }, "geometry": { "type": "Polygon", "coordinates": [ [ [ -85.5666, 38.0607 ], [ -85.5417, 38.0481 ], [ -85.5685, 38.037 ], [ -85.581, 38.044 ], [ -85.5666, 38.0607 ] ] ] } },
{ "type": "Feature", "properties": { "GEOIDFQ": "1400000US21015070313", "NAME": "703.13", "NAMELSAD": "Census Tract 703.13" }, "geometry": { "type": "Polygon", "coordinates": [ [ [ -84.6695, 38.9986 ], [ -84.6574, 38.9779 ], [ -84.6626, 38.9727 ], [ -84.6758, 38.9827 ], [ -84.6922, 38.9859 ], [ -84.6695, 38.9986 ] ] ] } },
{ "type": "Feature", "properties": { "GEOIDFQ": "1400000US21111008700", "NAME": "87", "NAMELSAD": "Census Tract 87" }, "geometry": { "type": "Polygon", "coordinates": [ [ [ -85.6993, 38.2485 ], [ -85.6669, 38.2496 ], [ -85.6506, 38.226 ], [ -85.6737, 38.2233 ], [ -85.6759, 38.2346 ], [ -85.7109, 38.2362 ], [ -85.6993, 38.2485 ] ] ] } },
{ "type": "Feature", "properties": { "GEOIDFQ": "1400000US21111005100", "NAME": "51", "NAMELSAD": "Census Tract 51" }, "geometry": { "type": "Polygon", "coordinates": [ [ [ -85.7547, 38.2384 ], [ -85.7557, 38.2324 ], [ -85.7674, 38.2335 ], [ -85.7681, 38.2394 ], [ -85.7547, 38.2384 ] ] ] } },
{ "type": "Feature", "properties": { "GEOIDFQ": "1400000US21221970100", "NAME": "9701", "NAMELSAD": "Census Tract 9701" }, "geometry": { "type": "Polygon", "coordinates": [ [ [ -87.8907, 36.9601 ], [ -87.8734, 36.9593 ], [ -87.8581, 36.9507 ], [ -87.7649, 36.9747 ], [ -87.7334, 37.0021 ], [ -87.6597, 36.9664 ], [ -87.6716, 36.8812 ], [ -87.6772, 36.8809 ], [ -87.6785, 36.8921 ], [ -87.7639, 36.9096 ], [ -87.818, 36.9272 ], [ -87.8275, 36.92 ], [ -87.8228, 36.9106 ], [ -87.8413, 36.9197 ], [ -87.8506, 36.9085 ], [ -87.8505, 36.9125 ], [ -87.8678, 36.91 ], [ -87.8548, 36.8937 ], [ -87.8605, 36.8906 ], [ -87.8662, 36.8988 ], [ -87.8717, 36.8908 ], [ -87.8799, 36.8936 ], [ -87.9014, 36.8829 ], [ -87.8912, 36.8683 ], [ -87.9057, 36.8713 ], [ -87.935, 36.855 ], [ -87.9534, 36.8588 ], [ -87.9653, 36.8539 ], [ -87.9838, 36.8593 ], [ -88.005, 36.9095 ], [ -87.8907, 36.9601 ] ] ] } },
{ "type": "Feature", "properties": { "GEOIDFQ": "1400000US21137920400", "NAME": "9204", "NAMELSAD": "Census Tract 9204" }, "geometry": { "type": "Polygon", "coordinates": [ [ [ -84.5995, 37.4287 ], [ -84.5838, 37.4416 ], [ -84.5978, 37.4795 ], [ -84.5848, 37.4875 ], [ -84.5807, 37.53 ], [ -84.5715, 37.5346 ], [ -84.5785, 37.5391 ], [ -84.562, 37.5546 ], [ -84.4732, 37.4944 ], [ -84.4526, 37.4929 ], [ -84.4467, 37.4859 ], [ -84.5029, 37.3288 ], [ -84.5565, 37.3557 ], [ -84.5767, 37.343 ], [ -84.5939, 37.3673 ], [ -84.5913, 37.3961 ], [ -84.6012, 37.4057 ], [ -84.5995, 37.4287 ] ] ] } },
{ "type": "Feature", "properties": { "GEOIDFQ": "1400000US21137920200", "NAME": "9202", "NAMELSAD": "Census Tract 9202" }, "geometry": { "type": "Polygon", "coordinates": [ [ [ -84.8571, 37.5285 ], [ -84.8474, 37.5483 ], [ -84.8011, 37.5688 ], [ -84.7864, 37.5554 ], [ -84.7718, 37.5519 ], [ -84.7717, 37.5456 ], [ -84.7505, 37.5469 ], [ -84.7547, 37.5344 ], [ -84.7387, 37.5165 ], [ -84.7583, 37.5054 ], [ -84.7454, 37.5007 ], [ -84.7391, 37.4851 ], [ -84.6897, 37.4569 ], [ -84.7055, 37.4429 ], [ -84.7445, 37.4288 ], [ -84.753, 37.4113 ], [ -84.7818, 37.3973 ], [ -84.7826, 37.3919 ], [ -84.7957, 37.3904 ], [ -84.8508, 37.4271 ], [ -84.8601, 37.4673 ], [ -84.8571, 37.5285 ] ] ] } },
{ "type": "Feature", "properties": { "GEOIDFQ": "1400000US21111007603", "NAME": "76.03", "NAMELSAD": "Census Tract 76.03" }, "geometry": { "type": "Polygon", "coordinates": [ [ [ -85.6962, 38.2736 ], [ -85.6858, 38.2606 ], [ -85.6926, 38.2596 ], [ -85.7058, 38.2684 ], [ -85.6962, 38.2736 ] ] ] } },
{ "type": "Feature", "properties": { "GEOIDFQ": "1400000US21089040700", "NAME": "407", "NAMELSAD": "Census Tract 407" }, "geometry": { "type": "Polygon", "coordinates": [ [ [ -83.1498, 38.5192 ], [ -83.1388, 38.5355 ], [ -83.1164, 38.539 ], [ -83.1027, 38.5534 ], [ -83.0993, 38.5692 ], [ -83.0738, 38.5901 ], [ -83.081, 38.612 ], [ -83.0695, 38.6208 ], [ -83.0738, 38.6328 ], [ -83.0519, 38.641 ], [ -83.0517, 38.662 ], [ -83.0383, 38.6653 ], [ -83.0383, 38.674 ], [ -83.0241, 38.6827 ], [ -83.0316, 38.6847 ], [ -82.9835, 38.6992 ], [ -82.964, 38.6995 ], [ -82.9494, 38.7084 ], [ -82.939, 38.7005 ], [ -82.9405, 38.6946 ], [ -82.9119, 38.6909 ], [ -82.9112, 38.682 ], [ -82.9177, 38.6789 ], [ -82.9063, 38.6668 ], [ -82.924, 38.6527 ], [ -82.9101, 38.6511 ], [ -82.908, 38.6423 ], [ -82.921, 38.6321 ], [ -82.9277, 38.634 ], [ -82.9196, 38.6256 ], [ -82.9287, 38.6184 ], [ -82.9297, 38.6062 ], [ -82.9467, 38.6065 ], [ -82.9526, 38.5998 ], [ -82.9492, 38.5914 ], [ -82.939, 38.5901 ], [ -82.9568, 38.5863 ], [ -82.9507, 38.5631 ], [ -82.9543, 38.5553 ], [ -82.9685, 38.5511 ], [ -82.9504, 38.5397 ], [ -82.9776, 38.5191 ], [ -82.9773, 38.5137 ], [ -82.9653, 38.5112 ], [ -82.9708, 38.5084 ], [ -82.9604, 38.4908 ], [ -82.9842, 38.4901 ], [ -82.9993, 38.4776 ], [ -83.0026, 38.4945 ], [ -83.0199, 38.4914 ], [ -83.0279, 38.4877 ], [ -83.032, 38.4727 ], [ -83.0567, 38.4645 ], [ -83.0968, 38.4832 ], [ -83.1053, 38.48 ], [ -83.1211, 38.4856 ], [ -83.1383, 38.4974 ], [ -83.1674, 38.5044 ], [ -83.1498, 38.5192 ] ] ] } },
{ "type": "Feature", "properties": { "GEOIDFQ": "1400000US21089040400", "NAME": "404", "NAMELSAD": "Census Tract 404" }, "geometry": { "type": "Polygon", "coordinates": [ [ [ -82.8975, 38.4138 ], [ -82.9025, 38.4212 ], [ -82.8921, 38.4336 ], [ -82.8963, 38.4364 ], [ -82.8825, 38.4336 ], [ -82.8742, 38.4406 ], [ -82.87, 38.4341 ], [ -82.8592, 38.4341 ], [ -82.8616, 38.4477 ], [ -82.8531, 38.4551 ], [ -82.8637, 38.4706 ], [ -82.8487, 38.4761 ], [ -82.8506, 38.4877 ], [ -82.8295, 38.4886 ], [ -82.8385, 38.4973 ], [ -82.8275, 38.5045 ], [ -82.834, 38.5088 ], [ -82.8278, 38.5175 ], [ -82.8342, 38.5203 ], [ -82.8212, 38.5254 ], [ -82.8157, 38.5495 ], [ -82.8271, 38.5668 ], [ -82.7511, 38.5597 ], [ -82.7506, 38.553 ], [ -82.7609, 38.5483 ], [ -82.7405, 38.5442 ], [ -82.7464, 38.526 ], [ -82.7584, 38.5206 ], [ -82.7621, 38.5111 ], [ -82.7439, 38.5099 ], [ -82.7295, 38.4831 ], [ -82.7365, 38.4755 ], [ -82.7197, 38.468 ], [ -82.7703, 38.4329 ], [ -82.7738, 38.4183 ], [ -82.8097, 38.3944 ], [ -82.8175, 38.3739 ], [ -82.8897, 38.393 ], [ -82.8926, 38.4012 ], [ -82.9088, 38.404 ], [ -82.8975, 38.4138 ] ] ] } },
{ "type": "Feature", "properties": { "GEOIDFQ": "1400000US21089040300", "NAME": "403", "NAMELSAD": "Census Tract 403" }, "geometry": { "type": "Polygon", "coordinates": [ [ [ -82.7464, 38.526 ], [ -82.7405, 38.5442 ], [ -82.7609, 38.5483 ], [ -82.7506, 38.553 ], [ -82.7511, 38.5597 ], [ -82.7263, 38.5585 ], [ -82.6916, 38.5383 ], [ -82.6978, 38.5316 ], [ -82.7174, 38.5396 ], [ -82.7196, 38.5327 ], [ -82.7269, 38.5323 ], [ -82.7304, 38.5144 ], [ -82.7518, 38.5097 ], [ -82.7613, 38.5144 ], [ -82.7464, 38.526 ] ] ] } },
{ "type": "Feature", "properties": { "GEOIDFQ": "1400000US21089040100", "NAME": "401", "NAMELSAD": "Census Tract 401" }, "geometry": { "type": "Polygon", "coordinates": [ [ [ -82.6951, 38.5198 ], [ -82.6897, 38.5261 ], [ -82.6978, 38.5316 ], [ -82.6916, 38.5383 ], [ -82.6654, 38.5058 ], [ -82.7197, 38.468 ], [ -82.7365, 38.4755 ], [ -82.7295, 38.4831 ], [ -82.7381, 38.4944 ], [ -82.6951, 38.5198 ] ] ] } },
{ "type": "Feature", "properties": { "GEOIDFQ": "1400000US21089040600", "NAME": "406", "NAMELSAD": "Census Tract 406" }, "geometry": { "type": "Polygon", "coordinates": [ [ [ -83.0277, 38.7272 ], [ -82.9715, 38.7272 ], [ -82.9314, 38.7477 ], [ -82.9349, 38.7413 ], [ -82.9246, 38.7121 ], [ -82.9314, 38.7075 ], [ -82.9401, 38.7133 ], [ -82.9409, 38.7013 ], [ -82.9494, 38.7084 ], [ -82.964, 38.6995 ], [ -82.9835, 38.6992 ], [ -83.0315, 38.6847 ], [ -83.038, 38.6998 ], [ -83.0277, 38.7272 ] ] ] } },
{ "type": "Feature", "properties": { "GEOIDFQ": "1400000US21205950100", "NAME": "9501", "NAMELSAD": "Census Tract 9501" }, "geometry": { "type": "Polygon", "coordinates": [ [ [ -83.6151, 38.1932 ], [ -83.6125, 38.2032 ], [ -83.6005, 38.2035 ], [ -83.5868, 38.2183 ], [ -83.5771, 38.2137 ], [ -83.564, 38.2167 ], [ -83.5537, 38.2398 ], [ -83.5211, 38.2575 ], [ -83.5223, 38.2672 ], [ -83.5072, 38.2694 ], [ -83.5143, 38.2921 ], [ -83.5045, 38.2952 ], [ -83.5015, 38.3162 ], [ -83.4881, 38.3245 ], [ -83.4975, 38.3327 ], [ -83.4993, 38.3494 ], [ -83.482, 38.3597 ], [ -83.4738, 38.3606 ], [ -83.4702, 38.3552 ], [ -83.461, 38.3598 ], [ -83.465, 38.3718 ], [ -83.4564, 38.3726 ], [ -83.4438, 38.3873 ], [ -83.4274, 38.3882 ], [ -83.4165, 38.3963 ], [ -83.4007, 38.3899 ], [ -83.4001, 38.3751 ], [ -83.3782, 38.3625 ], [ -83.3774, 38.3534 ], [ -83.3635, 38.3426 ], [ -83.3639, 38.3281 ], [ -83.3414, 38.3196 ], [ -83.3278, 38.2884 ], [ -83.3507, 38.2754 ], [ -83.369, 38.2781 ], [ -83.4198, 38.2676 ], [ -83.4339, 38.2466 ], [ -83.4387, 38.2481 ], [ -83.4646, 38.2273 ], [ -83.4735, 38.2005 ], [ -83.4832, 38.2006 ], [ -83.4968, 38.1907 ], [ -83.5641, 38.182 ], [ -83.6032, 38.1593 ], [ -83.6147, 38.1556 ], [ -83.6142, 38.1608 ], [ -83.6069, 38.1595 ], [ -83.606, 38.1644 ], [ -83.5991, 38.1637 ], [ -83.6011, 38.1687 ], [ -83.5907, 38.1701 ], [ -83.6017, 38.1795 ], [ -83.5962, 38.184 ], [ -83.6067, 38.1873 ], [ -83.6074, 38.1815 ], [ -83.613, 38.1878 ], [ -83.6107, 38.1772 ], [ -83.6203, 38.1756 ], [ -83.6352, 38.1901 ], [ -83.6151, 38.1932 ] ] ] } },
{ "type": "Feature", "properties": { "GEOIDFQ": "1400000US21205950400", "NAME": "9504", "NAMELSAD": "Census Tract 9504" }, "geometry": { "type": "Polygon", "coordinates": [ [ [ -83.3735, 38.2329 ], [ -83.3844, 38.2482 ], [ -83.3724, 38.2666 ], [ -83.3783, 38.2749 ], [ -83.3507, 38.2754 ], [ -83.3327, 38.2849 ], [ -83.3079, 38.2524 ], [ -83.3127, 38.2438 ], [ -83.307, 38.2256 ], [ -83.2972, 38.2179 ], [ -83.3011, 38.2097 ], [ -83.288, 38.2156 ], [ -83.2742, 38.1955 ], [ -83.2631, 38.1907 ], [ -83.2443, 38.1924 ], [ -83.2472, 38.1854 ], [ -83.2643, 38.1874 ], [ -83.2459, 38.1767 ], [ -83.2053, 38.1755 ], [ -83.199, 38.1686 ], [ -83.2177, 38.1594 ], [ -83.2224, 38.1321 ], [ -83.2479, 38.1302 ], [ -83.2633, 38.1154 ], [ -83.2993, 38.0997 ], [ -83.3036, 38.0899 ], [ -83.3326, 38.0841 ], [ -83.3374, 38.0882 ], [ -83.3427, 38.0695 ], [ -83.3515, 38.0649 ], [ -83.3626, 38.0916 ], [ -83.3557, 38.104 ], [ -83.3743, 38.131 ], [ -83.3614, 38.1408 ], [ -83.3545, 38.1398 ], [ -83.3494, 38.1489 ], [ -83.3832, 38.1567 ], [ -83.3926, 38.1764 ], [ -83.4028, 38.1792 ], [ -83.4011, 38.1847 ], [ -83.4114, 38.193 ], [ -83.3735, 38.2329 ] ] ] } },
{ "type": "Feature", "properties": { "GEOIDFQ": "1400000US21211040102", "NAME": "401.02", "NAMELSAD": "Census Tract 401.02" }, "geometry": { "type": "Polygon", "coordinates": [ [ [ -85.1421, 38.2064 ], [ -85.1506, 38.2183 ], [ -85.1114, 38.2254 ], [ -85.1106, 38.2331 ], [ -85.1208, 38.2465 ], [ -85.1402, 38.2419 ], [ -85.1341, 38.2653 ], [ -85.1448, 38.266 ], [ -85.1408, 38.283 ], [ -85.1481, 38.3096 ], [ -85.1427, 38.3344 ], [ -85.1529, 38.3479 ], [ -84.957, 38.3323 ], [ -84.9989, 38.275 ], [ -85.0093, 38.1688 ], [ -85.0032, 38.1675 ], [ -85.0104, 38.1649 ], [ -85.0057, 38.1583 ], [ -85.0573, 38.174 ], [ -85.0889, 38.1901 ], [ -85.1403, 38.1991 ], [ -85.1591, 38.2081 ], [ -85.1421, 38.2064 ] ] ] } },
{ "type": "Feature", "properties": { "GEOIDFQ": "1400000US21049020106", "NAME": "201.06", "NAMELSAD": "Census Tract 201.06" }, "geometry": { "type": "Polygon", "coordinates": [ [ [ -84.176, 37.9952 ], [ -84.1422, 37.9825 ], [ -84.123, 37.9523 ], [ -84.1428, 37.9563 ], [ -84.1465, 37.9526 ], [ -84.1562, 37.9585 ], [ -84.1747, 37.956 ], [ -84.1841, 37.9639 ], [ -84.176, 37.9952 ] ] ] } },
{ "type": "Feature", "properties": { "GEOIDFQ": "1400000US21211040501", "NAME": "405.01", "NAMELSAD": "Census Tract 405.01" }, "geometry": { "type": "Polygon", "coordinates": [ [ [ -85.4124, 38.2177 ], [ -85.3159, 38.2027 ], [ -85.302, 38.1937 ], [ -85.3124, 38.1835 ], [ -85.3038, 38.167 ], [ -85.2958, 38.168 ], [ -85.293, 38.1615 ], [ -85.2824, 38.1653 ], [ -85.2876, 38.1573 ], [ -85.2733, 38.1542 ], [ -85.2637, 38.1439 ], [ -85.2776, 38.1413 ], [ -85.2784, 38.1346 ], [ -85.2919, 38.1421 ], [ -85.2982, 38.1374 ], [ -85.306, 38.1413 ], [ -85.3093, 38.1311 ], [ -85.3061, 38.126 ], [ -85.2956, 38.1276 ], [ -85.2942, 38.1207 ], [ -85.3136, 38.1195 ], [ -85.3095, 38.1124 ], [ -85.4236, 38.1504 ], [ -85.4124, 38.2177 ] ] ] } },
{ "type": "Feature", "properties": { "GEOIDFQ": "1400000US21211040402", "NAME": "404.02", "NAMELSAD": "Census Tract 404.02" }, "geometry": { "type": "Polygon", "coordinates": [ [ [ -85.2458, 38.1857 ], [ -85.1914, 38.1841 ], [ -85.1591, 38.1733 ], [ -85.1773, 38.1714 ], [ -85.1639, 38.156 ], [ -85.1668, 38.1507 ], [ -85.1754, 38.1512 ], [ -85.1876, 38.1342 ], [ -85.1964, 38.133 ], [ -85.183, 38.1099 ], [ -85.2156, 38.1039 ], [ -85.2326, 38.0895 ], [ -85.3129, 38.1144 ], [ -85.3133, 38.1196 ], [ -85.2944, 38.1193 ], [ -85.2956, 38.1276 ], [ -85.3061, 38.126 ], [ -85.3095, 38.1315 ], [ -85.3052, 38.1418 ], [ -85.2982, 38.1374 ], [ -85.2919, 38.1421 ], [ -85.2812, 38.1344 ], [ -85.2772, 38.1416 ], [ -85.2637, 38.1439 ], [ -85.2733, 38.1542 ], [ -85.2876, 38.1573 ], [ -85.2824, 38.1653 ], [ -85.293, 38.1615 ], [ -85.2958, 38.168 ], [ -85.3038, 38.167 ], [ -85.3124, 38.1835 ], [ -85.302, 38.1937 ], [ -85.317, 38.2019 ], [ -85.2458, 38.1857 ] ] ] } },
{ "type": "Feature", "properties": { "GEOIDFQ": "1400000US21099970500", "NAME": "9705", "NAMELSAD": "Census Tract 9705" }, "geometry": { "type": "Polygon", "coordinates": [ [ [ -85.8559, 37.2783 ], [ -85.8514, 37.2976 ], [ -85.8191, 37.2873 ], [ -85.8022, 37.3065 ], [ -85.7939, 37.3029 ], [ -85.7937, 37.2897 ], [ -85.7864, 37.2882 ], [ -85.7599, 37.321 ], [ -85.755, 37.3168 ], [ -85.7617, 37.299 ], [ -85.7496, 37.2996 ], [ -85.7451, 37.3133 ], [ -85.7366, 37.3172 ], [ -85.741, 37.2986 ], [ -85.7287, 37.2916 ], [ -85.7239, 37.2978 ], [ -85.732, 37.3089 ], [ -85.716, 37.3202 ], [ -85.7151, 37.3081 ], [ -85.6934, 37.3003 ], [ -85.6818, 37.2878 ], [ -85.6797, 37.2707 ], [ -85.6695, 37.2685 ], [ -85.6805, 37.2592 ], [ -85.6865, 37.1824 ], [ -85.8022, 37.1631 ], [ -85.8124, 37.1682 ], [ -85.8309, 37.2019 ], [ -85.8495, 37.2209 ], [ -85.8596, 37.2479 ], [ -85.8838, 37.2594 ], [ -85.8851, 37.2688 ], [ -85.8559, 37.2783 ] ] ] } },
{ "type": "Feature", "properties": { "GEOIDFQ": "1400000US21099970200", "NAME": "9702", "NAMELSAD": "Census Tract 9702" }, "geometry": { "type": "Polygon", "coordinates": [ [ [ -86.065, 37.3848 ], [ -86.0695, 37.3888 ], [ -86.0516, 37.3851 ], [ -86.0539, 37.3942 ], [ -86.0428, 37.3901 ], [ -86.0445, 37.3813 ], [ -86.0388, 37.3845 ], [ -86.0438, 37.3946 ], [ -86.0351, 37.3941 ], [ -86.0325, 37.386 ], [ -86.0317, 37.3933 ], [ -86.0188, 37.3949 ], [ -86.0268, 37.4035 ], [ -86.0432, 37.4059 ], [ -86.0402, 37.4168 ], [ -86.0314, 37.4196 ], [ -86.0328, 37.4274 ], [ -86.0436, 37.4293 ], [ -86.0383, 37.4343 ], [ -86.0472, 37.4368 ], [ -86.0413, 37.4419 ], [ -86.0506, 37.4424 ], [ -86.0476, 37.4499 ], [ -85.8632, 37.4384 ], [ -85.8599, 37.4236 ], [ -85.8463, 37.4091 ], [ -85.847, 37.3906 ], [ -85.8359, 37.3843 ], [ -85.8347, 37.3496 ], [ -85.8441, 37.3335 ], [ -85.8527, 37.334 ], [ -85.8598, 37.3455 ], [ -85.8784, 37.3491 ], [ -85.8935, 37.3653 ], [ -85.9075, 37.3371 ], [ -85.9014, 37.2969 ], [ -85.9057, 37.2884 ], [ -85.9134, 37.304 ], [ -85.9456, 37.3243 ], [ -85.9658, 37.3498 ], [ -85.9872, 37.3489 ], [ -86.0001, 37.3598 ], [ -86.0084, 37.3575 ], [ -86.0027, 37.3516 ], [ -86.0099, 37.3531 ], [ -86.0139, 37.3471 ], [ -86.0213, 37.3605 ], [ -86.0359, 37.3547 ], [ -86.041, 37.3632 ], [ -86.0583, 37.3559 ], [ -86.0699, 37.3714 ], [ -86.0569, 37.375 ], [ -86.0724, 37.3811 ], [ -86.065, 37.3848 ] ] ] } },
{ "type": "Feature", "properties": { "GEOIDFQ": "1400000US21099970100", "NAME": "9701", "NAMELSAD": "Census Tract 9701" }, "geometry": { "type": "Polygon", "coordinates": [ [ [ -85.8632, 37.4384 ], [ -85.6567, 37.4216 ], [ -85.6507, 37.3864 ], [ -85.6584, 37.3888 ], [ -85.6855, 37.3613 ], [ -85.6973, 37.3018 ], [ -85.7143, 37.3074 ], [ -85.7167, 37.3202 ], [ -85.732, 37.3089 ], [ -85.7239, 37.2978 ], [ -85.7277, 37.292 ], [ -85.741, 37.2986 ], [ -85.7366, 37.3172 ], [ -85.7451, 37.3133 ], [ -85.7496, 37.2996 ], [ -85.7592, 37.2976 ], [ -85.7634, 37.3044 ], [ -85.755, 37.317 ], [ -85.7599, 37.321 ], [ -85.7891, 37.2877 ], [ -85.7942, 37.3035 ], [ -85.8071, 37.3128 ], [ -85.8064, 37.3245 ], [ -85.8212, 37.3169 ], [ -85.8378, 37.3209 ], [ -85.8426, 37.3156 ], [ -85.8518, 37.3173 ], [ -85.8347, 37.3496 ], [ -85.8335, 37.3717 ], [ -85.836, 37.3846 ], [ -85.847, 37.3907 ], [ -85.8464, 37.4093 ], [ -85.8632, 37.4384 ] ] ] } },
{ "type": "Feature", "properties": { "GEOIDFQ": "1400000US21099970400", "NAME": "9704", "NAMELSAD": "Census Tract 9704" }, "geometry": { "type": "Polygon", "coordinates": [ [ [ -86.0503, 37.2228 ], [ -86.0408, 37.2256 ], [ -86.0416, 37.2342 ], [ -86.0285, 37.2499 ], [ -86.0176, 37.2389 ], [ -86.0122, 37.2495 ], [ -86.0037, 37.2427 ], [ -85.9886, 37.2497 ], [ -85.975, 37.2327 ], [ -85.9667, 37.245 ], [ -85.9501, 37.242 ], [ -85.9611, 37.2568 ], [ -85.9551, 37.2621 ], [ -85.9451, 37.2604 ], [ -85.948, 37.2485 ], [ -85.9363, 37.2404 ], [ -85.9389, 37.2683 ], [ -85.925, 37.2515 ], [ -85.9155, 37.255 ], [ -85.9124, 37.264 ], [ -85.8994, 37.2572 ], [ -85.8853, 37.2686 ], [ -85.8838, 37.2594 ], [ -85.8596, 37.2479 ], [ -85.8495, 37.2209 ], [ -85.8309, 37.2019 ], [ -85.8124, 37.1682 ], [ -85.8022, 37.1631 ], [ -85.8571, 37.1511 ], [ -85.9063, 37.1484 ], [ -86.0564, 37.1672 ], [ -86.0503, 37.2228 ] ] ] } },
{ "type": "Feature", "properties": { "GEOIDFQ": "1400000US21107970200", "NAME": "9702", "NAMELSAD": "Census Tract 9702" }, "geometry": { "type": "Polygon", "coordinates": [ [ [ -87.5936, 37.462 ], [ -87.5528, 37.4728 ], [ -87.5048, 37.4158 ], [ -87.5002, 37.3795 ], [ -87.5635, 37.3758 ], [ -87.5663, 37.3631 ], [ -87.5774, 37.3695 ], [ -87.5833, 37.3405 ], [ -87.5888, 37.3407 ], [ -87.5852, 37.3244 ], [ -87.6256, 37.3098 ], [ -87.6777, 37.3167 ], [ -87.6812, 37.3293 ], [ -87.6905, 37.3344 ], [ -87.7254, 37.3426 ], [ -87.7422, 37.3388 ], [ -87.7457, 37.3485 ], [ -87.7539, 37.3434 ], [ -87.7645, 37.3454 ], [ -87.7766, 37.3578 ], [ -87.7836, 37.3565 ], [ -87.7879, 37.3397 ], [ -87.8113, 37.3517 ], [ -87.5936, 37.462 ] ] ] } },
{ "type": "Feature", "properties": { "GEOIDFQ": "1400000US21107970400", "NAME": "9704", "NAMELSAD": "Census Tract 9704" }, "geometry": { "type": "Polygon", "coordinates": [ [ [ -87.4989, 37.3378 ], [ -87.4926, 37.3351 ], [ -87.4944, 37.3235 ], [ -87.5049, 37.3231 ], [ -87.504, 37.3288 ], [ -87.5286, 37.335 ], [ -87.4989, 37.3378 ] ] ] } },
{ "type": "Feature", "properties": { "GEOIDFQ": "1400000US21107971100", "NAME": "9711", "NAMELSAD": "Census Tract 9711" }, "geometry": { "type": "Polygon", "coordinates": [ [ [ -87.6982, 37.1964 ], [ -87.6706, 37.1999 ], [ -87.5933, 37.1867 ], [ -87.6084, 37.1476 ], [ -87.6223, 37.1352 ], [ -87.6501, 37.1471 ], [ -87.6806, 37.1492 ], [ -87.6972, 37.1617 ], [ -87.7052, 37.1611 ], [ -87.6995, 37.165 ], [ -87.705, 37.1651 ], [ -87.708, 37.1776 ], [ -87.7173, 37.179 ], [ -87.7191, 37.1716 ], [ -87.7214, 37.1789 ], [ -87.7305, 37.179 ], [ -87.6982, 37.1964 ] ] ] } },
{ "type": "Feature", "properties": { "GEOIDFQ": "1400000US21107971300", "NAME": "9713", "NAMELSAD": "Census Tract 9713" }, "geometry": { "type": "Polygon", "coordinates": [ [ [ -87.6084, 37.1476 ], [ -87.5942, 37.1903 ], [ -87.4708, 37.2125 ], [ -87.4092, 37.211 ], [ -87.3566, 37.2334 ], [ -87.3468, 37.2235 ], [ -87.3496, 37.2147 ], [ -87.3424, 37.2158 ], [ -87.3457, 37.2123 ], [ -87.3387, 37.2076 ], [ -87.3348, 37.2112 ], [ -87.3267, 37.1976 ], [ -87.3204, 37.2005 ], [ -87.3067, 37.1921 ], [ -87.3176, 37.1857 ], [ -87.3123, 37.1757 ], [ -87.3273, 37.1709 ], [ -87.3224, 37.1672 ], [ -87.3361, 37.1548 ], [ -87.3603, 37.1567 ], [ -87.3562, 37.1432 ], [ -87.372, 37.1324 ], [ -87.4888, 37.1263 ], [ -87.5201, 37.1055 ], [ -87.6224, 37.1357 ], [ -87.6084, 37.1476 ] ] ] } },
{ "type": "Feature", "properties": { "GEOIDFQ": "1400000US21107970500", "NAME": "9705", "NAMELSAD": "Census Tract 9705" }, "geometry": { "type": "Polygon", "coordinates": [ [ [ -87.6256, 37.3098 ], [ -87.5855, 37.3244 ], [ -87.547, 37.3264 ], [ -87.5452, 37.3374 ], [ -87.504, 37.3288 ], [ -87.4889, 37.3076 ], [ -87.5404, 37.307 ], [ -87.57, 37.297 ], [ -87.5821, 37.2843 ], [ -87.6279, 37.2648 ], [ -87.6427, 37.269 ], [ -87.6493, 37.3127 ], [ -87.6256, 37.3098 ] ] ] } },
{ "type": "Feature", "properties": { "GEOIDFQ": "1400000US21107970900", "NAME": "9709", "NAMELSAD": "Census Tract 9709" }, "geometry": { "type": "Polygon", "coordinates": [ [ [ -87.6236, 37.266 ], [ -87.5821, 37.2843 ], [ -87.5699, 37.2971 ], [ -87.5404, 37.307 ], [ -87.5115, 37.3073 ], [ -87.5236, 37.2908 ], [ -87.4883, 37.2778 ], [ -87.4605, 37.2912 ], [ -87.4412, 37.2124 ], [ -87.4711, 37.2124 ], [ -87.5618, 37.1967 ], [ -87.5703, 37.2011 ], [ -87.5736, 37.2162 ], [ -87.6013, 37.2315 ], [ -87.5956, 37.2451 ], [ -87.6051, 37.2576 ], [ -87.6244, 37.2581 ], [ -87.6236, 37.266 ] ] ] } },
{ "type": "Feature", "properties": { "GEOIDFQ": "1400000US21111010319", "NAME": "103.19", "NAMELSAD": "Census Tract 103.19" }, "geometry": { "type": "Polygon", "coordinates": [ [ [ -85.5614, 38.3206 ], [ -85.5404, 38.2996 ], [ -85.5486, 38.2975 ], [ -85.5822, 38.3149 ], [ -85.5614, 38.3206 ] ] ] } },
{ "type": "Feature", "properties": { "GEOIDFQ": "1400000US21107970800", "NAME": "9708", "NAMELSAD": "Census Tract 9708" }, "geometry": { "type": "Polygon", "coordinates": [ [ [ -87.5115, 37.3073 ], [ -87.467, 37.3078 ], [ -87.4605, 37.2912 ], [ -87.4863, 37.2775 ], [ -87.5246, 37.2935 ], [ -87.5115, 37.3073 ] ] ] } },
{ "type": "Feature", "properties": { "GEOIDFQ": "1400000US21107970100", "NAME": "9701", "NAMELSAD": "Census Tract 9701" }, "geometry": { "type": "Polygon", "coordinates": [ [ [ -87.4971, 37.4878 ], [ -87.3751, 37.57 ], [ -87.3599, 37.5479 ], [ -87.3667, 37.5341 ], [ -87.3546, 37.5284 ], [ -87.349, 37.5163 ], [ -87.3594, 37.504 ], [ -87.3618, 37.487 ], [ -87.3541, 37.4807 ], [ -87.3583, 37.4648 ], [ -87.3511, 37.4249 ], [ -87.3675, 37.4183 ], [ -87.378, 37.4023 ], [ -87.397, 37.3966 ], [ -87.411, 37.385 ], [ -87.4306, 37.3912 ], [ -87.4667, 37.3913 ], [ -87.4807, 37.3962 ], [ -87.4805, 37.4063 ], [ -87.4938, 37.3993 ], [ -87.4999, 37.3861 ], [ -87.5053, 37.4168 ], [ -87.5528, 37.4728 ], [ -87.4971, 37.4878 ] ] ] } },
{ "type": "Feature", "properties": { "GEOIDFQ": "1400000US21107970700", "NAME": "9707", "NAMELSAD": "Census Tract 9707" }, "geometry": { "type": "Polygon", "coordinates": [ [ [ -87.476, 37.3954 ], [ -87.411, 37.385 ], [ -87.3732, 37.4055 ], [ -87.3739, 37.4128 ], [ -87.3522, 37.4251 ], [ -87.3251, 37.4074 ], [ -87.3285, 37.3985 ], [ -87.3118, 37.402 ], [ -87.3063, 37.3925 ], [ -87.2964, 37.3923 ], [ -87.2963, 37.3857 ], [ -87.31, 37.3768 ], [ -87.2992, 37.3687 ], [ -87.3123, 37.3632 ], [ -87.3203, 37.3447 ], [ -87.3304, 37.3441 ], [ -87.3382, 37.336 ], [ -87.3346, 37.3261 ], [ -87.3439, 37.3238 ], [ -87.3394, 37.3138 ], [ -87.3546, 37.3105 ], [ -87.3673, 37.3184 ], [ -87.3722, 37.31 ], [ -87.38, 37.3111 ], [ -87.372, 37.2992 ], [ -87.3862, 37.2954 ], [ -87.3775, 37.2853 ], [ -87.3857, 37.2774 ], [ -87.3885, 37.2574 ], [ -87.3724, 37.2527 ], [ -87.3725, 37.2473 ], [ -87.3644, 37.2493 ], [ -87.3721, 37.2431 ], [ -87.3653, 37.2416 ], [ -87.3679, 37.2409 ], [ -87.369, 37.2378 ], [ -87.3542, 37.2347 ], [ -87.4065, 37.2116 ], [ -87.4412, 37.2124 ], [ -87.4573, 37.2837 ], [ -87.4909, 37.3632 ], [ -87.476, 37.3954 ] ] ] } },
{ "type": "Feature", "properties": { "GEOIDFQ": "1400000US21217920200", "NAME": "9202", "NAMELSAD": "Census Tract 9202" }, "geometry": { "type": "Polygon", "coordinates": [ [ [ -85.5837, 37.4698 ], [ -85.5646, 37.4596 ], [ -85.5291, 37.454 ], [ -85.5155, 37.4735 ], [ -85.4997, 37.4829 ], [ -85.4888, 37.4673 ], [ -85.4798, 37.4654 ], [ -85.4513, 37.467 ], [ -85.4396, 37.4787 ], [ -85.4028, 37.4752 ], [ -85.3977, 37.4685 ], [ -85.3814, 37.4655 ], [ -85.3488, 37.4718 ], [ -85.322, 37.4516 ], [ -85.3106, 37.4213 ], [ -85.3133, 37.3956 ], [ -85.3391, 37.3896 ], [ -85.3611, 37.3756 ], [ -85.3661, 37.386 ], [ -85.3739, 37.3801 ], [ -85.3881, 37.3815 ], [ -85.4051, 37.3688 ], [ -85.4045, 37.36 ], [ -85.4188, 37.3575 ], [ -85.4214, 37.3494 ], [ -85.4281, 37.3527 ], [ -85.4445, 37.3412 ], [ -85.4601, 37.3411 ], [ -85.4781, 37.3637 ], [ -85.5845, 37.4321 ], [ -85.5837, 37.4698 ] ] ] } },
{ "type": "Feature", "properties": { "GEOIDFQ": "1400000US21217920300", "NAME": "9203", "NAMELSAD": "Census Tract 9203" }, "geometry": { "type": "Polygon", "coordinates": [ [ [ -85.3391, 37.3896 ], [ -85.3147, 37.3964 ], [ -85.3056, 37.3689 ], [ -85.3439, 37.3424 ], [ -85.3609, 37.3757 ], [ -85.3391, 37.3896 ] ] ] } },
{ "type": "Feature", "properties": { "GEOIDFQ": "1400000US21217920100", "NAME": "9201", "NAMELSAD": "Census Tract 9201" }, "geometry": { "type": "Polygon", "coordinates": [ [ [ -85.2784, 37.4348 ], [ -85.2723, 37.4173 ], [ -85.2648, 37.4165 ], [ -85.2462, 37.4204 ], [ -85.2258, 37.4433 ], [ -85.2055, 37.4433 ], [ -85.1935, 37.4546 ], [ -85.1841, 37.451 ], [ -85.1714, 37.4651 ], [ -85.1427, 37.4472 ], [ -85.1288, 37.4533 ], [ -85.0881, 37.4182 ], [ -85.0737, 37.4131 ], [ -85.0842, 37.399 ], [ -85.106, 37.3976 ], [ -85.119, 37.3848 ], [ -85.1312, 37.3843 ], [ -85.1324, 37.36 ], [ -85.1565, 37.3191 ], [ -85.1652, 37.3104 ], [ -85.1884, 37.307 ], [ -85.1856, 37.3198 ], [ -85.1963, 37.3347 ], [ -85.2444, 37.3409 ], [ -85.2568, 37.3692 ], [ -85.3058, 37.3691 ], [ -85.3149, 37.4041 ], [ -85.3106, 37.4213 ], [ -85.3237, 37.4538 ], [ -85.2784, 37.4348 ] ] ] } },
{ "type": "Feature", "properties": { "GEOIDFQ": "1400000US21111001100", "NAME": "11", "NAMELSAD": "Census Tract 11" }, "geometry": { "type": "Polygon", "coordinates": [ [ [ -85.8372, 38.2509 ], [ -85.8069, 38.2498 ], [ -85.8134, 38.2435 ], [ -85.8372, 38.2509 ] ] ] } },
{ "type": "Feature", "properties": { "GEOIDFQ": "1400000US21111001200", "NAME": "12", "NAMELSAD": "Census Tract 12" }, "geometry": { "type": "Polygon", "coordinates": [ [ [ -85.8382, 38.2448 ], [ -85.8128, 38.2434 ], [ -85.8072, 38.2374 ], [ -85.8083, 38.2321 ], [ -85.8426, 38.2336 ], [ -85.8382, 38.2448 ] ] ] } },
{ "type": "Feature", "properties": { "GEOIDFQ": "1400000US21111001400", "NAME": "14", "NAMELSAD": "Census Tract 14" }, "geometry": { "type": "Polygon", "coordinates": [ [ [ -85.8268, 38.2326 ], [ -85.8162, 38.2328 ], [ -85.8062, 38.2276 ], [ -85.8278, 38.2282 ], [ -85.8268, 38.2326 ] ] ] } },
{ "type": "Feature", "properties": { "GEOIDFQ": "1400000US21111001500", "NAME": "15", "NAMELSAD": "Census Tract 15" }, "geometry": { "type": "Polygon", "coordinates": [ [ [ -85.8072, 38.2374 ], [ -85.7964, 38.2364 ], [ -85.8002, 38.2237 ], [ -85.8092, 38.2245 ], [ -85.8072, 38.2374 ] ] ] } },
{ "type": "Feature", "properties": { "GEOIDFQ": "1400000US21111001600", "NAME": "16", "NAMELSAD": "Census Tract 16" }, "geometry": { "type": "Polygon", "coordinates": [ [ [ -85.7963, 38.2369 ], [ -85.7872, 38.2364 ], [ -85.7925, 38.2232 ], [ -85.8001, 38.2245 ], [ -85.7963, 38.2369 ] ] ] } },
{ "type": "Feature", "properties": { "GEOIDFQ": "1400000US21111001800", "NAME": "18", "NAMELSAD": "Census Tract 18" }, "geometry": { "type": "Polygon", "coordinates": [ [ [ -85.7983, 38.2496 ], [ -85.7865, 38.2492 ], [ -85.7878, 38.242 ], [ -85.7992, 38.2442 ], [ -85.7983, 38.2496 ] ] ] } },
{ "type": "Feature", "properties": { "GEOIDFQ": "1400000US21111002100", "NAME": "21", "NAMELSAD": "Census Tract 21" }, "geometry": { "type": "Polygon", "coordinates": [ [ [ -85.7866, 38.2677 ], [ -85.7898, 38.2591 ], [ -85.7975, 38.2599 ], [ -85.7976, 38.2664 ], [ -85.7866, 38.2677 ] ] ] } },
{ "type": "Feature", "properties": { "GEOIDFQ": "1400000US21111010313", "NAME": "103.13", "NAMELSAD": "Census Tract 103.13" }, "geometry": { "type": "Polygon", "coordinates": [ [ [ -85.5855, 38.3369 ], [ -85.5911, 38.3459 ], [ -85.5805, 38.3481 ], [ -85.5694, 38.3418 ], [ -85.5853, 38.3394 ], [ -85.5747, 38.334 ], [ -85.5613, 38.3371 ], [ -85.5456, 38.3284 ], [ -85.5822, 38.3149 ], [ -85.622, 38.3232 ], [ -85.6229, 38.3314 ], [ -85.5855, 38.3369 ] ] ] } },
{ "type": "Feature", "properties": { "GEOIDFQ": "1400000US21111010406", "NAME": "104.06", "NAMELSAD": "Census Tract 104.06" }, "geometry": { "type": "Polygon", "coordinates": [ [ [ -85.5314, 38.2623 ], [ -85.5142, 38.2862 ], [ -85.5035, 38.2847 ], [ -85.5039, 38.242 ], [ -85.5218, 38.2441 ], [ -85.5338, 38.2538 ], [ -85.5587, 38.2542 ], [ -85.5667, 38.2709 ], [ -85.5314, 38.2623 ] ] ] } },
{ "type": "Feature", "properties": { "GEOIDFQ": "1400000US21111010315", "NAME": "103.15", "NAMELSAD": "Census Tract 103.15" }, "geometry": { "type": "Polygon", "coordinates": [ [ [ -85.4859, 38.2832 ], [ -85.4763, 38.2897 ], [ -85.4679, 38.2852 ], [ -85.463, 38.2793 ], [ -85.4744, 38.2739 ], [ -85.4582, 38.2543 ], [ -85.4682, 38.2498 ], [ -85.4636, 38.2438 ], [ -85.4756, 38.251 ], [ -85.4768, 38.2688 ], [ -85.4904, 38.2741 ], [ -85.5012, 38.2699 ], [ -85.5013, 38.283 ], [ -85.5142, 38.2865 ], [ -85.4859, 38.2832 ] ] ] } },
{ "type": "Feature", "properties": { "GEOIDFQ": "1400000US21111010316", "NAME": "103.16", "NAMELSAD": "Census Tract 103.16" }, "geometry": { "type": "Polygon", "coordinates": [ [ [ -85.5012, 38.2699 ], [ -85.4904, 38.2741 ], [ -85.4768, 38.2688 ], [ -85.4756, 38.251 ], [ -85.4639, 38.2437 ], [ -85.4799, 38.2467 ], [ -85.4766, 38.236 ], [ -85.5039, 38.242 ], [ -85.5012, 38.2699 ] ] ] } },
{ "type": "Feature", "properties": { "GEOIDFQ": "1400000US21111011604", "NAME": "116.04", "NAMELSAD": "Census Tract 116.04" }, "geometry": { "type": "Polygon", "coordinates": [ [ [ -85.5229, 38.1631 ], [ -85.5093, 38.1888 ], [ -85.4662, 38.1915 ], [ -85.4337, 38.1838 ], [ -85.4172, 38.1888 ], [ -85.4288, 38.1184 ], [ -85.4799, 38.1001 ], [ -85.4998, 38.1013 ], [ -85.5068, 38.1284 ], [ -85.5384, 38.1366 ], [ -85.5459, 38.1468 ], [ -85.5229, 38.1631 ] ] ] } },
{ "type": "Feature", "properties": { "GEOIDFQ": "1400000US21111011710", "NAME": "117.10", "NAMELSAD": "Census Tract 117.10" }, "geometry": { "type": "Polygon", "coordinates": [ [ [ -85.6469, 38.1106 ], [ -85.6337, 38.11 ], [ -85.6376, 38.0909 ], [ -85.6512, 38.0992 ], [ -85.6469, 38.1106 ] ] ] } },
{ "type": "Feature", "properties": { "GEOIDFQ": "1400000US21209040502", "NAME": "405.02", "NAMELSAD": "Census Tract 405.02" }, "geometry": { "type": "Polygon", "coordinates": [ [ [ -84.6236, 38.4312 ], [ -84.5805, 38.473 ], [ -84.5704, 38.4398 ], [ -84.5809, 38.4127 ], [ -84.567, 38.3607 ], [ -84.5691, 38.3413 ], [ -84.5582, 38.3205 ], [ -84.5578, 38.2764 ], [ -84.5727, 38.2759 ], [ -84.5846, 38.2842 ], [ -84.6119, 38.3359 ], [ -84.6263, 38.3301 ], [ -84.615, 38.3208 ], [ -84.6287, 38.3034 ], [ -84.6172, 38.2866 ], [ -84.6289, 38.2825 ], [ -84.6425, 38.2869 ], [ -84.6432, 38.3144 ], [ -84.6589, 38.3445 ], [ -84.6561, 38.356 ], [ -84.6671, 38.3634 ], [ -84.6617, 38.3744 ], [ -84.6816, 38.3902 ], [ -84.6236, 38.4312 ] ] ] } },
{ "type": "Feature", "properties": { "GEOIDFQ": "1400000US21067002001", "NAME": "20.01", "NAMELSAD": "Census Tract 20.01" }, "geometry": { "type": "Polygon", "coordinates": [ [ [ -84.5483, 38.0598 ], [ -84.5232, 38.0498 ], [ -84.5511, 38.0469 ], [ -84.5483, 38.0598 ] ] ] } },
{ "type": "Feature", "properties": { "GEOIDFQ": "1400000US21067003503", "NAME": "35.03", "NAMELSAD": "Census Tract 35.03" }, "geometry": { "type": "Polygon", "coordinates": [ [ [ -84.4948, 37.9909 ], [ -84.4947, 37.9829 ], [ -84.5133, 37.9911 ], [ -84.4948, 37.9909 ] ] ] } },
{ "type": "Feature", "properties": { "GEOIDFQ": "1400000US21067003504", "NAME": "35.04", "NAMELSAD": "Census Tract 35.04" }, "geometry": { "type": "Polygon", "coordinates": [ [ [ -84.5061, 37.9892 ], [ -84.4947, 37.9829 ], [ -84.4978, 37.9741 ], [ -84.5061, 37.9892 ] ] ] } },
{ "type": "Feature", "properties": { "GEOIDFQ": "1400000US21067000101", "NAME": "1.01", "NAMELSAD": "Census Tract 1.01" }, "geometry": { "type": "Polygon", "coordinates": [ [ [ -84.4954, 38.0521 ], [ -84.4817, 38.0424 ], [ -84.4934, 38.0381 ], [ -84.5041, 38.0459 ], [ -84.4954, 38.0521 ] ] ] } },
{ "type": "Feature", "properties": { "GEOIDFQ": "1400000US21109960301", "NAME": "9603.01", "NAMELSAD": "Census Tract 9603.01" }, "geometry": { "type": "Polygon", "coordinates": [ [ [ -84.0084, 37.314 ], [ -84.0019, 37.333 ], [ -84.0039, 37.3713 ], [ -83.9964, 37.3807 ], [ -83.981, 37.3802 ], [ -83.9643, 37.3716 ], [ -83.9489, 37.373 ], [ -83.9274, 37.3543 ], [ -83.907, 37.3501 ], [ -83.9085, 37.356 ], [ -83.8945, 37.3658 ], [ -83.8827, 37.3624 ], [ -83.8657, 37.3684 ], [ -83.8624, 37.3757 ], [ -83.8382, 37.3752 ], [ -83.8376, 37.3881 ], [ -83.8308, 37.3896 ], [ -83.826, 37.4039 ], [ -83.8119, 37.3702 ], [ -83.7819, 37.3434 ], [ -83.7921, 37.3302 ], [ -83.8217, 37.3313 ], [ -83.8632, 37.3066 ], [ -83.9293, 37.3196 ], [ -83.9636, 37.2962 ], [ -83.9693, 37.3074 ], [ -83.9862, 37.3101 ], [ -84.0023, 37.3022 ], [ -84.0224, 37.3073 ], [ -84.0084, 37.314 ] ] ] } },
{ "type": "Feature", "properties": { "GEOIDFQ": "1400000US21109960102", "NAME": "9601.02", "NAMELSAD": "Census Tract 9601.02" }, "geometry": { "type": "Polygon", "coordinates": [ [ [ -84.073, 37.4931 ], [ -84.0508, 37.4989 ], [ -84.0405, 37.5077 ], [ -84.0186, 37.5109 ], [ -84.0232, 37.5228 ], [ -84.0096, 37.5311 ], [ -84.0132, 37.5371 ], [ -84.0015, 37.5462 ], [ -84.0054, 37.552 ], [ -83.9957, 37.557 ], [ -83.998, 37.5726 ], [ -83.9652, 37.5814 ], [ -83.9398, 37.5732 ], [ -83.8935, 37.5311 ], [ -83.8846, 37.5147 ], [ -83.884, 37.4773 ], [ -83.871, 37.4593 ], [ -83.8856, 37.4478 ], [ -83.8939, 37.4588 ], [ -83.9015, 37.4539 ], [ -83.9198, 37.4651 ], [ -83.9424, 37.4616 ], [ -83.9496, 37.4542 ], [ -83.9682, 37.4605 ], [ -83.9704, 37.4535 ], [ -83.9834, 37.4509 ], [ -83.9972, 37.4371 ], [ -83.9965, 37.425 ], [ -84.007, 37.4168 ], [ -84.003, 37.3933 ], [ -83.9891, 37.3798 ], [ -83.9968, 37.3806 ], [ -84.0013, 37.3715 ], [ -84.0172, 37.3741 ], [ -84.03, 37.3654 ], [ -84.0388, 37.371 ], [ -84.0471, 37.3668 ], [ -84.0572, 37.3719 ], [ -84.0582, 37.3822 ], [ -84.0746, 37.3876 ], [ -84.0573, 37.4058 ], [ -84.0615, 37.4226 ], [ -84.0794, 37.4255 ], [ -84.0779, 37.4394 ], [ -84.0679, 37.4483 ], [ -84.0752, 37.4537 ], [ -84.0692, 37.4584 ], [ -84.0717, 37.4711 ], [ -84.0816, 37.4826 ], [ -84.073, 37.4931 ] ] ] } },
{ "type": "Feature", "properties": { "GEOIDFQ": "1400000US21067003912", "NAME": "39.12", "NAMELSAD": "Census Tract 39.12" }, "geometry": { "type": "Polygon", "coordinates": [ [ [ -84.422, 38.0091 ], [ -84.4079, 37.9986 ], [ -84.432, 37.9891 ], [ -84.4458, 38.0012 ], [ -84.422, 38.0091 ] ] ] } },
{ "type": "Feature", "properties": { "GEOIDFQ": "1400000US21047201502", "NAME": "2015.02", "NAMELSAD": "Census Tract 2015.02" }, "geometry": { "type": "Polygon", "coordinates": [ [ [ -87.4423, 36.661 ], [ -87.4363, 36.6408 ], [ -87.4516, 36.6407 ], [ -87.464, 36.6584 ], [ -87.4423, 36.661 ] ] ] } },
{ "type": "Feature", "properties": { "GEOIDFQ": "1400000US21047980100", "NAME": "9801", "NAMELSAD": "Census Tract 9801" }, "geometry": { "type": "Polygon", "coordinates": [ [ [ -87.6827, 36.7034 ], [ -87.6743, 36.6882 ], [ -87.684, 36.6673 ], [ -87.6745, 36.6643 ], [ -87.6757, 36.6565 ], [ -87.6673, 36.6565 ], [ -87.6667, 36.647 ], [ -87.5711, 36.6464 ], [ -87.5675, 36.6536 ], [ -87.5507, 36.6518 ], [ -87.5485, 36.6563 ], [ -87.5248, 36.6521 ], [ -87.5182, 36.6548 ], [ -87.5168, 36.6898 ], [ -87.5055, 36.6838 ], [ -87.4753, 36.689 ], [ -87.4654, 36.6778 ], [ -87.5022, 36.6568 ], [ -87.4781, 36.6536 ], [ -87.4757, 36.6404 ], [ -87.6941, 36.6379 ], [ -87.6827, 36.7034 ] ] ] } },
{ "type": "Feature", "properties": { "GEOIDFQ": "1400000US21093000202", "NAME": "2.02", "NAMELSAD": "Census Tract 2.02" }, "geometry": { "type": "Polygon", "coordinates": [ [ [ -85.9759, 37.8758 ], [ -85.9823, 37.9103 ], [ -85.9743, 37.8928 ], [ -85.9657, 37.8973 ], [ -85.9598, 37.8905 ], [ -85.9621, 37.8825 ], [ -85.9341, 37.889 ], [ -85.9454, 37.8615 ], [ -85.9559, 37.8619 ], [ -85.9628, 37.8753 ], [ -85.9716, 37.8769 ], [ -85.9721, 37.8629 ], [ -85.9854, 37.8586 ], [ -85.9759, 37.8758 ] ] ] } },
{ "type": "Feature", "properties": { "GEOIDFQ": "1400000US21067002700", "NAME": "27", "NAMELSAD": "Census Tract 27" }, "geometry": { "type": "Polygon", "coordinates": [ [ [ -84.5177, 38.0085 ], [ -84.4957, 37.9997 ], [ -84.4948, 37.9909 ], [ -84.5218, 37.9964 ], [ -84.5177, 38.0085 ] ] ] } },
{ "type": "Feature", "properties": { "GEOIDFQ": "1400000US21067002800", "NAME": "28", "NAMELSAD": "Census Tract 28" }, "geometry": { "type": "Polygon", "coordinates": [ [ [ -84.5244, 38.0202 ], [ -84.5147, 38.017 ], [ -84.5218, 37.9963 ], [ -84.5396, 38.0035 ], [ -84.5244, 38.0202 ] ] ] } },
{ "type": "Feature", "properties": { "GEOIDFQ": "1400000US21067002900", "NAME": "29", "NAMELSAD": "Census Tract 29" }, "geometry": { "type": "Polygon", "coordinates": [ [ [ -84.5348, 38.0265 ], [ -84.5244, 38.0202 ], [ -84.5397, 38.0023 ], [ -84.5512, 38.0156 ], [ -84.5348, 38.0265 ] ] ] } },
{ "type": "Feature", "properties": { "GEOIDFQ": "1400000US21067003000", "NAME": "30", "NAMELSAD": "Census Tract 30" }, "geometry": { "type": "Polygon", "coordinates": [ [ [ -84.5657, 38.0457 ], [ -84.5519, 38.0468 ], [ -84.5489, 38.0317 ], [ -84.5348, 38.0265 ], [ -84.5513, 38.0155 ], [ -84.5683, 38.039 ], [ -84.5657, 38.0457 ] ] ] } },
{ "type": "Feature", "properties": { "GEOIDFQ": "1400000US21067003101", "NAME": "31.01", "NAMELSAD": "Census Tract 31.01" }, "geometry": { "type": "Polygon", "coordinates": [ [ [ -84.4622, 38.0972 ], [ -84.448, 38.0936 ], [ -84.4412, 38.0848 ], [ -84.4557, 38.0758 ], [ -84.4661, 38.0895 ], [ -84.4622, 38.0972 ] ] ] } },
{ "type": "Feature", "properties": { "GEOIDFQ": "1400000US21067003102", "NAME": "31.02", "NAMELSAD": "Census Tract 31.02" }, "geometry": { "type": "Polygon", "coordinates": [ [ [ -84.4706, 38.0794 ], [ -84.4664, 38.0889 ], [ -84.4557, 38.0758 ], [ -84.4714, 38.067 ], [ -84.4762, 38.0714 ], [ -84.4706, 38.0794 ] ] ] } },
{ "type": "Feature", "properties": { "GEOIDFQ": "1400000US21117063800", "NAME": "638", "NAMELSAD": "Census Tract 638" }, "geometry": { "type": "Polygon", "coordinates": [ [ [ -84.5415, 39.0993 ], [ -84.5226, 39.0922 ], [ -84.5256, 39.0787 ], [ -84.5356, 39.078 ], [ -84.5369, 39.0732 ], [ -84.5499, 39.083 ], [ -84.5415, 39.0993 ] ] ] } },
{ "type": "Feature", "properties": { "GEOIDFQ": "1400000US21209040601", "NAME": "406.01", "NAMELSAD": "Census Tract 406.01" }, "geometry": { "type": "Polygon", "coordinates": [ [ [ -84.7233, 38.1937 ], [ -84.7303, 38.2083 ], [ -84.5794, 38.2091 ], [ -84.6004, 38.1716 ], [ -84.55, 38.155 ], [ -84.6206, 38.1295 ], [ -84.6336, 38.1108 ], [ -84.6445, 38.1168 ], [ -84.6503, 38.1124 ], [ -84.654, 38.1207 ], [ -84.6411, 38.1206 ], [ -84.6443, 38.1283 ], [ -84.6339, 38.1226 ], [ -84.6409, 38.135 ], [ -84.6484, 38.1359 ], [ -84.6387, 38.1492 ], [ -84.6511, 38.1455 ], [ -84.6519, 38.1587 ], [ -84.6416, 38.1591 ], [ -84.6572, 38.1618 ], [ -84.6478, 38.1766 ], [ -84.6658, 38.1821 ], [ -84.6641, 38.1773 ], [ -84.6709, 38.1765 ], [ -84.6779, 38.1852 ], [ -84.6843, 38.1757 ], [ -84.6755, 38.1715 ], [ -84.6814, 38.1692 ], [ -84.6897, 38.1706 ], [ -84.689, 38.1811 ], [ -84.7075, 38.1734 ], [ -84.7156, 38.1769 ], [ -84.7144, 38.1831 ], [ -84.7187, 38.18 ], [ -84.7317, 38.1882 ], [ -84.7233, 38.1937 ] ] ] } },
{ "type": "Feature", "properties": { "GEOIDFQ": "1400000US21209040501", "NAME": "405.01", "NAMELSAD": "Census Tract 405.01" }, "geometry": { "type": "Polygon", "coordinates": [ [ [ -84.6816, 38.3902 ], [ -84.6617, 38.3744 ], [ -84.6671, 38.3634 ], [ -84.6561, 38.356 ], [ -84.6589, 38.3445 ], [ -84.6432, 38.3144 ], [ -84.6428, 38.2872 ], [ -84.6227, 38.2828 ], [ -84.6106, 38.2715 ], [ -84.643, 38.2675 ], [ -84.6622, 38.2528 ], [ -84.6587, 38.2473 ], [ -84.6685, 38.2425 ], [ -84.6763, 38.2468 ], [ -84.6778, 38.2399 ], [ -84.6935, 38.2397 ], [ -84.6921, 38.2508 ], [ -84.7036, 38.2419 ], [ -84.7093, 38.2565 ], [ -84.7207, 38.249 ], [ -84.7154, 38.2631 ], [ -84.7343, 38.2563 ], [ -84.7406, 38.3524 ], [ -84.6816, 38.3902 ] ] ] } },
{ "type": "Feature", "properties": { "GEOIDFQ": "1400000US21209040302", "NAME": "403.02", "NAMELSAD": "Census Tract 403.02" }, "geometry": { "type": "Polygon", "coordinates": [ [ [ -84.4959, 38.2536 ], [ -84.4987, 38.2717 ], [ -84.465, 38.2682 ], [ -84.4414, 38.2813 ], [ -84.4369, 38.2663 ], [ -84.4225, 38.2566 ], [ -84.4171, 38.2237 ], [ -84.5332, 38.2164 ], [ -84.5353, 38.2202 ], [ -84.4959, 38.2536 ] ] ] } },
{ "type": "Feature", "properties": { "GEOIDFQ": "1400000US21209040303", "NAME": "403.03", "NAMELSAD": "Census Tract 403.03" }, "geometry": { "type": "Polygon", "coordinates": [ [ [ -84.498, 38.2699 ], [ -84.4959, 38.2536 ], [ -84.5329, 38.2248 ], [ -84.5332, 38.2164 ], [ -84.5578, 38.2764 ], [ -84.498, 38.2699 ] ] ] } },
{ "type": "Feature", "properties": { "GEOIDFQ": "1400000US21209040301", "NAME": "403.01", "NAMELSAD": "Census Tract 403.01" }, "geometry": { "type": "Polygon", "coordinates": [ [ [ -84.525, 38.1925 ], [ -84.5347, 38.2161 ], [ -84.5122, 38.2211 ], [ -84.4171, 38.2237 ], [ -84.4199, 38.2142 ], [ -84.4018, 38.2079 ], [ -84.5348, 38.1606 ], [ -84.525, 38.1925 ] ] ] } },
{ "type": "Feature", "properties": { "GEOIDFQ": "1400000US21209040205", "NAME": "402.05", "NAMELSAD": "Census Tract 402.05" }, "geometry": { "type": "Polygon", "coordinates": [ [ [ -84.5442, 38.1887 ], [ -84.5373, 38.2045 ], [ -84.5289, 38.2028 ], [ -84.525, 38.192 ], [ -84.5365, 38.17 ], [ -84.5348, 38.1606 ], [ -84.5467, 38.1563 ], [ -84.5611, 38.1831 ], [ -84.5442, 38.1887 ] ] ] } },
{ "type": "Feature", "properties": { "GEOIDFQ": "1400000US21141960300", "NAME": "9603", "NAMELSAD": "Census Tract 9603" }, "geometry": { "type": "Polygon", "coordinates": [ [ [ -86.9083, 36.9394 ], [ -86.9025, 36.9352 ], [ -86.8934, 36.9413 ], [ -86.8861, 36.9319 ], [ -86.8675, 36.9661 ], [ -86.8456, 36.9559 ], [ -86.8403, 36.9617 ], [ -86.7948, 36.9636 ], [ -86.794, 36.949 ], [ -86.787, 36.9468 ], [ -86.7775, 36.9199 ], [ -86.7844, 36.9086 ], [ -86.8069, 36.8986 ], [ -86.8163, 36.8824 ], [ -86.7926, 36.8781 ], [ -86.7522, 36.8546 ], [ -86.8037, 36.8351 ], [ -86.8306, 36.8427 ], [ -86.8864, 36.8426 ], [ -86.9192, 36.8782 ], [ -86.9315, 36.9136 ], [ -86.9083, 36.9394 ] ] ] } },
{ "type": "Feature", "properties": { "GEOIDFQ": "1400000US21065920302", "NAME": "9203.02", "NAMELSAD": "Census Tract 9203.02" }, "geometry": { "type": "Polygon", "coordinates": [ [ [ -84.089, 37.6673 ], [ -84.1008, 37.6786 ], [ -84.0917, 37.6899 ], [ -84.0928, 37.714 ], [ -84.099, 37.7179 ], [ -84.0517, 37.701 ], [ -84.0103, 37.7088 ], [ -84.0014, 37.7048 ], [ -83.9949, 37.71 ], [ -83.9734, 37.6967 ], [ -83.989, 37.6749 ], [ -84.0011, 37.6753 ], [ -83.9997, 37.6676 ], [ -83.9854, 37.6616 ], [ -83.992, 37.6583 ], [ -83.9795, 37.6334 ], [ -83.9923, 37.6208 ], [ -84.0434, 37.5996 ], [ -84.0456, 37.5922 ], [ -84.0766, 37.5909 ], [ -84.0901, 37.5811 ], [ -84.101, 37.5855 ], [ -84.1269, 37.6429 ], [ -84.089, 37.6673 ] ] ] } },
{ "type": "Feature", "properties": { "GEOIDFQ": "1400000US21065920201", "NAME": "9202.01", "NAMELSAD": "Census Tract 9202.01" }, "geometry": { "type": "Polygon", "coordinates": [ [ [ -84.1037, 37.8396 ], [ -84.0902, 37.8359 ], [ -84.0803, 37.8531 ], [ -84.0723, 37.8219 ], [ -84.0574, 37.8354 ], [ -84.059, 37.8479 ], [ -84.0483, 37.8373 ], [ -84.0431, 37.8416 ], [ -84.0393, 37.8337 ], [ -84.0148, 37.8428 ], [ -84.017, 37.8328 ], [ -84.0047, 37.8337 ], [ -83.9916, 37.8502 ], [ -83.9833, 37.843 ], [ -83.9795, 37.8479 ], [ -83.9633, 37.8456 ], [ -84.0097, 37.783 ], [ -83.9997, 37.772 ], [ -84.0006, 37.753 ], [ -83.9887, 37.7405 ], [ -83.9758, 37.6985 ], [ -84.0131, 37.723 ], [ -83.9986, 37.7359 ], [ -84.007, 37.7462 ], [ -84.0227, 37.7465 ], [ -84.0265, 37.7763 ], [ -84.033, 37.7769 ], [ -84.0435, 37.7615 ], [ -84.0568, 37.7577 ], [ -84.0538, 37.7444 ], [ -84.0701, 37.7436 ], [ -84.0893, 37.7556 ], [ -84.0822, 37.7688 ], [ -84.1093, 37.7791 ], [ -84.0751, 37.7997 ], [ -84.075, 37.8074 ], [ -84.0966, 37.8159 ], [ -84.1156, 37.8045 ], [ -84.1219, 37.8113 ], [ -84.1037, 37.8396 ] ] ] } },
{ "type": "Feature", "properties": { "GEOIDFQ": "1400000US21065920301", "NAME": "9203.01", "NAMELSAD": "Census Tract 9203.01" }, "geometry": { "type": "Polygon", "coordinates": [ [ [ -84.0917, 37.7244 ], [ -84.0967, 37.7351 ], [ -84.0838, 37.7405 ], [ -84.0811, 37.7491 ], [ -84.0679, 37.7429 ], [ -84.0539, 37.7444 ], [ -84.0568, 37.7577 ], [ -84.0439, 37.7612 ], [ -84.029, 37.7773 ], [ -84.0213, 37.7682 ], [ -84.0227, 37.7465 ], [ -84.007, 37.7462 ], [ -83.9986, 37.7359 ], [ -84.0131, 37.723 ], [ -83.9949, 37.71 ], [ -84.0014, 37.7048 ], [ -84.0103, 37.7088 ], [ -84.0526, 37.7011 ], [ -84.0992, 37.7192 ], [ -84.0917, 37.7244 ] ] ] } },
{ "type": "Feature", "properties": { "GEOIDFQ": "1400000US21065920202", "NAME": "9202.02", "NAMELSAD": "Census Tract 9202.02" }, "geometry": { "type": "Polygon", "coordinates": [ [ [ -84.0022, 37.7984 ], [ -83.9876, 37.8067 ], [ -83.9697, 37.8367 ], [ -83.9626, 37.8417 ], [ -83.9642, 37.8009 ], [ -83.9097, 37.7667 ], [ -83.9059, 37.7591 ], [ -83.8662, 37.7524 ], [ -83.8713, 37.7439 ], [ -83.8671, 37.7358 ], [ -83.8841, 37.7063 ], [ -83.8962, 37.711 ], [ -83.9402, 37.6926 ], [ -83.9498, 37.7032 ], [ -83.9601, 37.683 ], [ -83.9705, 37.6837 ], [ -83.9759, 37.7114 ], [ -84.0006, 37.753 ], [ -83.9995, 37.7715 ], [ -84.0096, 37.7832 ], [ -84.0022, 37.7984 ] ] ] } },
{ "type": "Feature", "properties": { "GEOIDFQ": "1400000US21015070305", "NAME": "703.05", "NAMELSAD": "Census Tract 703.05" }, "geometry": { "type": "Polygon", "coordinates": [ [ [ -84.702, 39.0211 ], [ -84.6642, 39.0086 ], [ -84.6871, 39.002 ], [ -84.6963, 38.9906 ], [ -84.705, 39.0057 ], [ -84.702, 39.0211 ] ] ] } },
{ "type": "Feature", "properties": { "GEOIDFQ": "1400000US21079970201", "NAME": "9702.01", "NAMELSAD": "Census Tract 9702.01" }, "geometry": { "type": "Polygon", "coordinates": [ [ [ -84.6538, 37.6412 ], [ -84.6539, 37.6526 ], [ -84.6471, 37.6528 ], [ -84.6525, 37.6566 ], [ -84.647, 37.6756 ], [ -84.6199, 37.6639 ], [ -84.6108, 37.6696 ], [ -84.6127, 37.6914 ], [ -84.6022, 37.6995 ], [ -84.5934, 37.6988 ], [ -84.5617, 37.6796 ], [ -84.5403, 37.6841 ], [ -84.5382, 37.6527 ], [ -84.5231, 37.6494 ], [ -84.523, 37.6249 ], [ -84.514, 37.6148 ], [ -84.5236, 37.6043 ], [ -84.5374, 37.6111 ], [ -84.6039, 37.6223 ], [ -84.6471, 37.6416 ], [ -84.6553, 37.6398 ], [ -84.6612, 37.6419 ], [ -84.6538, 37.6412 ] ] ] } },
{ "type": "Feature", "properties": { "GEOIDFQ": "1400000US21079970202", "NAME": "9702.02", "NAMELSAD": "Census Tract 9702.02" }, "geometry": { "type": "Polygon", "coordinates": [ [ [ -84.5601, 37.7193 ], [ -84.5552, 37.7373 ], [ -84.5597, 37.744 ], [ -84.5395, 37.7548 ], [ -84.5373, 37.7688 ], [ -84.5133, 37.7669 ], [ -84.5147, 37.7552 ], [ -84.4945, 37.7475 ], [ -84.4937, 37.7401 ], [ -84.5032, 37.7342 ], [ -84.4954, 37.7251 ], [ -84.488, 37.728 ], [ -84.4841, 37.7091 ], [ -84.4741, 37.7078 ], [ -84.461, 37.6952 ], [ -84.4495, 37.697 ], [ -84.465, 37.6842 ], [ -84.4543, 37.6745 ], [ -84.4427, 37.6779 ], [ -84.4461, 37.6688 ], [ -84.44, 37.6687 ], [ -84.4369, 37.66 ], [ -84.4468, 37.6516 ], [ -84.4393, 37.6549 ], [ -84.434, 37.653 ], [ -84.4285, 37.6562 ], [ -84.4335, 37.6528 ], [ -84.4535, 37.6496 ], [ -84.4844, 37.6264 ], [ -84.4785, 37.5973 ], [ -84.5069, 37.5944 ], [ -84.5236, 37.6043 ], [ -84.514, 37.6149 ], [ -84.523, 37.6249 ], [ -84.5231, 37.6494 ], [ -84.5382, 37.6527 ], [ -84.5392, 37.6823 ], [ -84.544, 37.6862 ], [ -84.5617, 37.6796 ], [ -84.5673, 37.6829 ], [ -84.575, 37.6911 ], [ -84.5704, 37.7009 ], [ -84.5751, 37.7073 ], [ -84.5601, 37.7193 ] ] ] } },
{ "type": "Feature", "properties": { "GEOIDFQ": "1400000US21079970102", "NAME": "9701.02", "NAMELSAD": "Census Tract 9701.02" }, "geometry": { "type": "Polygon", "coordinates": [ [ [ -84.7356, 37.7189 ], [ -84.7249, 37.7139 ], [ -84.7279, 37.7288 ], [ -84.6994, 37.7222 ], [ -84.6789, 37.725 ], [ -84.6456, 37.7147 ], [ -84.6178, 37.753 ], [ -84.6151, 37.7682 ], [ -84.6042, 37.7574 ], [ -84.6141, 37.7452 ], [ -84.6055, 37.743 ], [ -84.5896, 37.754 ], [ -84.5845, 37.7333 ], [ -84.5712, 37.7285 ], [ -84.5606, 37.7412 ], [ -84.5552, 37.7373 ], [ -84.5603, 37.719 ], [ -84.575, 37.7077 ], [ -84.5704, 37.7009 ], [ -84.5758, 37.6902 ], [ -84.5924, 37.6986 ], [ -84.6052, 37.6983 ], [ -84.6146, 37.6877 ], [ -84.6108, 37.6696 ], [ -84.6199, 37.6639 ], [ -84.6469, 37.6756 ], [ -84.6525, 37.6566 ], [ -84.6471, 37.6528 ], [ -84.6651, 37.6534 ], [ -84.6688, 37.6468 ], [ -84.68, 37.6453 ], [ -84.6725, 37.6406 ], [ -84.6786, 37.6369 ], [ -84.6944, 37.6419 ], [ -84.6789, 37.6528 ], [ -84.6816, 37.6583 ], [ -84.6938, 37.6647 ], [ -84.7054, 37.6603 ], [ -84.6806, 37.6743 ], [ -84.6825, 37.6863 ], [ -84.7011, 37.6823 ], [ -84.7, 37.6974 ], [ -84.7221, 37.6928 ], [ -84.7431, 37.6974 ], [ -84.7333, 37.7098 ], [ -84.7454, 37.7156 ], [ -84.7356, 37.7189 ] ] ] } },
{ "type": "Feature", "properties": { "GEOIDFQ": "1400000US21079970101", "NAME": "9701.01", "NAMELSAD": "Census Tract 9701.01" }, "geometry": { "type": "Polygon", "coordinates": [ [ [ -84.7169, 37.8154 ], [ -84.6833, 37.8302 ], [ -84.6751, 37.8225 ], [ -84.6791, 37.796 ], [ -84.6688, 37.7838 ], [ -84.6495, 37.7901 ], [ -84.6588, 37.8096 ], [ -84.609, 37.8 ], [ -84.6101, 37.7917 ], [ -84.6288, 37.7972 ], [ -84.6442, 37.7899 ], [ -84.6395, 37.7746 ], [ -84.6151, 37.7682 ], [ -84.6178, 37.753 ], [ -84.6456, 37.7147 ], [ -84.7067, 37.7319 ], [ -84.6975, 37.7392 ], [ -84.6889, 37.7353 ], [ -84.6885, 37.7414 ], [ -84.7051, 37.7478 ], [ -84.6942, 37.7633 ], [ -84.7157, 37.7692 ], [ -84.7028, 37.7883 ], [ -84.7127, 37.7939 ], [ -84.7095, 37.7999 ], [ -84.717, 37.8009 ], [ -84.7169, 37.8154 ] ] ] } },
{ "type": "Feature", "properties": { "GEOIDFQ": "1400000US21141960600", "NAME": "9606", "NAMELSAD": "Census Tract 9606" }, "geometry": { "type": "Polygon", "coordinates": [ [ [ -87.06, 36.7131 ], [ -87.0478, 36.708 ], [ -87.0358, 36.7102 ], [ -87.0308, 36.7205 ], [ -87.0124, 36.7187 ], [ -86.9954, 36.7326 ], [ -86.9848, 36.7287 ], [ -86.9732, 36.7379 ], [ -86.9372, 36.7317 ], [ -86.911, 36.7363 ], [ -86.9061, 36.7475 ], [ -86.897, 36.7498 ], [ -86.8627, 36.748 ], [ -86.859, 36.7405 ], [ -86.8406, 36.7475 ], [ -86.8167, 36.7455 ], [ -86.8073, 36.7617 ], [ -86.7816, 36.7713 ], [ -86.7798, 36.7849 ], [ -86.7473, 36.7669 ], [ -86.7407, 36.7553 ], [ -86.7513, 36.7271 ], [ -86.7633, 36.649 ], [ -87.0608, 36.643 ], [ -87.06, 36.7131 ] ] ] } },
{ "type": "Feature", "properties": { "GEOIDFQ": "1400000US21141960400", "NAME": "9604", "NAMELSAD": "Census Tract 9604" }, "geometry": { "type": "Polygon", "coordinates": [ [ [ -87.0595, 36.748 ], [ -87.0502, 36.7675 ], [ -87.0582, 36.8047 ], [ -87.0557, 36.9363 ], [ -87.0445, 36.9463 ], [ -86.9843, 36.9681 ], [ -86.9746, 36.9518 ], [ -86.9785, 36.9375 ], [ -86.9504, 36.9122 ], [ -86.9388, 36.9195 ], [ -86.9336, 36.9165 ], [ -86.9192, 36.8782 ], [ -86.8864, 36.8426 ], [ -86.9548, 36.8044 ], [ -86.9535, 36.7871 ], [ -86.9722, 36.7483 ], [ -86.9677, 36.7387 ], [ -86.9848, 36.7287 ], [ -86.9954, 36.7326 ], [ -87.0124, 36.7187 ], [ -87.0308, 36.7205 ], [ -87.0358, 36.7102 ], [ -87.0478, 36.708 ], [ -87.06, 36.7131 ], [ -87.0595, 36.748 ] ] ] } },
{ "type": "Feature", "properties": { "GEOIDFQ": "1400000US21141960200", "NAME": "9602", "NAMELSAD": "Census Tract 9602" }, "geometry": { "type": "Polygon", "coordinates": [ [ [ -87.0532, 37.061 ], [ -86.9764, 37.0736 ], [ -86.8453, 37.0565 ], [ -86.796, 37.0401 ], [ -86.8021, 37.0157 ], [ -86.792, 36.9879 ], [ -86.796, 36.9768 ], [ -86.7877, 36.9687 ], [ -86.7912, 36.9607 ], [ -86.8112, 36.9656 ], [ -86.8247, 36.9596 ], [ -86.8403, 36.9617 ], [ -86.8456, 36.9559 ], [ -86.8675, 36.9661 ], [ -86.8861, 36.9319 ], [ -86.8934, 36.9413 ], [ -86.9025, 36.9352 ], [ -86.9083, 36.9394 ], [ -86.9319, 36.9134 ], [ -86.9388, 36.9195 ], [ -86.9504, 36.9122 ], [ -86.9684, 36.9247 ], [ -86.9785, 36.9375 ], [ -86.9746, 36.9518 ], [ -86.9843, 36.9681 ], [ -87.0557, 36.9376 ], [ -87.0532, 37.061 ] ] ] } },
{ "type": "Feature", "properties": { "GEOIDFQ": "1400000US21141960500", "NAME": "9605", "NAMELSAD": "Census Tract 9605" }, "geometry": { "type": "Polygon", "coordinates": [ [ [ -86.9535, 36.7871 ], [ -86.9548, 36.8044 ], [ -86.8918, 36.8412 ], [ -86.8309, 36.8428 ], [ -86.8043, 36.8351 ], [ -86.7913, 36.8402 ], [ -86.7861, 36.8193 ], [ -86.7978, 36.7895 ], [ -86.7798, 36.7849 ], [ -86.7814, 36.7721 ], [ -86.8073, 36.7617 ], [ -86.8167, 36.7455 ], [ -86.8406, 36.7475 ], [ -86.859, 36.7405 ], [ -86.8627, 36.748 ], [ -86.8945, 36.7501 ], [ -86.9061, 36.7475 ], [ -86.911, 36.7363 ], [ -86.9369, 36.7317 ], [ -86.9664, 36.7363 ], [ -86.9722, 36.7481 ], [ -86.9535, 36.7871 ] ] ] } },
{ "type": "Feature", "properties": { "GEOIDFQ": "1400000US21141960100", "NAME": "9601", "NAMELSAD": "Census Tract 9601" }, "geometry": { "type": "Polygon", "coordinates": [ [ [ -86.8064, 36.8991 ], [ -86.7844, 36.9086 ], [ -86.7775, 36.9199 ], [ -86.787, 36.9468 ], [ -86.794, 36.949 ], [ -86.7877, 36.9687 ], [ -86.796, 36.9768 ], [ -86.792, 36.9879 ], [ -86.8021, 37.0156 ], [ -86.796, 37.0401 ], [ -86.6745, 36.9998 ], [ -86.6116, 36.8831 ], [ -86.6559, 36.8763 ], [ -86.6907, 36.8443 ], [ -86.7043, 36.8097 ], [ -86.7406, 36.755 ], [ -86.7478, 36.7672 ], [ -86.7978, 36.7895 ], [ -86.7861, 36.8193 ], [ -86.7913, 36.8402 ], [ -86.7522, 36.8546 ], [ -86.7549, 36.8596 ], [ -86.7639, 36.8594 ], [ -86.7927, 36.8781 ], [ -86.8163, 36.8829 ], [ -86.8064, 36.8991 ] ] ] } },
{ "type": "Feature", "properties": { "GEOIDFQ": "1400000US21179930700", "NAME": "9307", "NAMELSAD": "Census Tract 9307" }, "geometry": { "type": "Polygon", "coordinates": [ [ [ -85.6185, 37.5567 ], [ -85.6078, 37.558 ], [ -85.6013, 37.5825 ], [ -85.6067, 37.5908 ], [ -85.5913, 37.5945 ], [ -85.595, 37.5986 ], [ -85.5872, 37.6049 ], [ -85.6114, 37.6073 ], [ -85.6149, 37.6152 ], [ -85.5936, 37.6134 ], [ -85.5798, 37.6267 ], [ -85.5706, 37.617 ], [ -85.568, 37.6232 ], [ -85.5729, 37.6384 ], [ -85.5832, 37.6441 ], [ -85.6011, 37.6399 ], [ -85.5915, 37.6917 ], [ -85.606, 37.7008 ], [ -85.6164, 37.6975 ], [ -85.6109, 37.7096 ], [ -85.5818, 37.7078 ], [ -85.5827, 37.6855 ], [ -85.573, 37.6777 ], [ -85.5566, 37.6978 ], [ -85.5345, 37.71 ], [ -85.5235, 37.7009 ], [ -85.5129, 37.7128 ], [ -85.4917, 37.7081 ], [ -85.4904, 37.724 ], [ -85.4787, 37.7101 ], [ -85.4611, 37.7089 ], [ -85.4529, 37.6817 ], [ -85.5213, 37.5543 ], [ -85.5267, 37.5626 ], [ -85.5441, 37.5622 ], [ -85.5525, 37.5413 ], [ -85.5471, 37.5303 ], [ -85.5589, 37.5305 ], [ -85.5648, 37.523 ], [ -85.5983, 37.5345 ], [ -85.5957, 37.5451 ], [ -85.5999, 37.5391 ], [ -85.6032, 37.5479 ], [ -85.6138, 37.541 ], [ -85.6239, 37.5405 ], [ -85.6185, 37.5567 ] ] ] } },
{ "type": "Feature", "properties": { "GEOIDFQ": "1400000US21039960200", "NAME": "9602", "NAMELSAD": "Census Tract 9602" }, "geometry": { "type": "Polygon", "coordinates": [ [ [ -89.173, 36.8403 ], [ -89.1381, 36.8473 ], [ -89.1178, 36.8869 ], [ -89.1009, 36.944 ], [ -89.0922, 36.945 ], [ -89.0875, 36.9393 ], [ -89.0803, 36.9155 ], [ -89.0783, 36.9208 ], [ -89.0712, 36.9156 ], [ -89.0638, 36.9232 ], [ -89.0709, 36.9321 ], [ -89.0537, 36.9329 ], [ -89.0543, 36.9354 ], [ -89.0515, 36.9382 ], [ -89.0489, 36.9253 ], [ -89.0258, 36.9235 ], [ -89.0136, 36.9304 ], [ -89.011, 36.9227 ], [ -89.0064, 36.9275 ], [ -88.9988, 36.9206 ], [ -88.9878, 36.9205 ], [ -88.9572, 36.9047 ], [ -88.9334, 36.8705 ], [ -88.9228, 36.8649 ], [ -88.9439, 36.8479 ], [ -88.98, 36.8468 ], [ -88.9994, 36.8558 ], [ -89.0139, 36.8204 ], [ -89.0105, 36.8126 ], [ -89.0198, 36.813 ], [ -89.0364, 36.7886 ], [ -89.055, 36.7821 ], [ -89.1042, 36.7973 ], [ -89.1235, 36.7852 ], [ -89.1571, 36.7896 ], [ -89.1706, 36.7975 ], [ -89.1797, 36.815 ], [ -89.173, 36.8403 ] ] ] } },
{ "type": "Feature", "properties": { "GEOIDFQ": "1400000US21103090301", "NAME": "903.01", "NAMELSAD": "Census Tract 903.01" }, "geometry": { "type": "Polygon", "coordinates": [ [ [ -85.3098, 38.4994 ], [ -85.2796, 38.4963 ], [ -85.2734, 38.5001 ], [ -85.2778, 38.4881 ], [ -85.2892, 38.489 ], [ -85.3036, 38.4693 ], [ -85.292, 38.4684 ], [ -85.2945, 38.4616 ], [ -85.2823, 38.4518 ], [ -85.2591, 38.4495 ], [ -85.233, 38.4302 ], [ -85.2138, 38.4303 ], [ -85.2103, 38.4147 ], [ -85.2413, 38.3998 ], [ -85.2568, 38.3856 ], [ -85.2956, 38.3739 ], [ -85.3251, 38.4039 ], [ -85.3317, 38.443 ], [ -85.3461, 38.4595 ], [ -85.3098, 38.4994 ] ] ] } },
{ "type": "Feature", "properties": { "GEOIDFQ": "1400000US21103090302", "NAME": "903.02", "NAMELSAD": "Census Tract 903.02" }, "geometry": { "type": "Polygon", "coordinates": [ [ [ -85.2568, 38.3856 ], [ -85.2413, 38.3998 ], [ -85.2087, 38.4153 ], [ -85.1742, 38.4101 ], [ -85.1707, 38.4136 ], [ -85.1622, 38.3945 ], [ -85.1452, 38.3789 ], [ -85.1539, 38.3711 ], [ -85.1433, 38.3599 ], [ -85.1442, 38.3472 ], [ -85.2831, 38.3581 ], [ -85.2947, 38.3741 ], [ -85.2568, 38.3856 ] ] ] } },
{ "type": "Feature", "properties": { "GEOIDFQ": "1400000US21025920800", "NAME": "9208", "NAMELSAD": "Census Tract 9208" }, "geometry": { "type": "Polygon", "coordinates": [ [ [ -83.4518, 37.6182 ], [ -83.4544, 37.6259 ], [ -83.4737, 37.6184 ], [ -83.4759, 37.6258 ], [ -83.4587, 37.6305 ], [ -83.4445, 37.6436 ], [ -83.4459, 37.6505 ], [ -83.4336, 37.6565 ], [ -83.4276, 37.6833 ], [ -83.4185, 37.6907 ], [ -83.4124, 37.6878 ], [ -83.3883, 37.7 ], [ -83.3814, 37.6917 ], [ -83.3704, 37.6929 ], [ -83.3648, 37.6842 ], [ -83.3517, 37.6848 ], [ -83.3459, 37.6767 ], [ -83.3307, 37.6746 ], [ -83.3179, 37.6829 ], [ -83.3072, 37.6779 ], [ -83.2931, 37.6824 ], [ -83.2801, 37.6745 ], [ -83.268, 37.6799 ], [ -83.2576, 37.6701 ], [ -83.2369, 37.6678 ], [ -83.222, 37.6502 ], [ -83.2007, 37.6442 ], [ -83.1936, 37.6478 ], [ -83.1868, 37.6397 ], [ -83.1751, 37.6435 ], [ -83.1574, 37.6292 ], [ -83.1512, 37.6316 ], [ -83.1339, 37.6064 ], [ -83.1144, 37.6115 ], [ -83.1006, 37.6239 ], [ -83.0943, 37.6211 ], [ -83.0898, 37.6322 ], [ -83.0839, 37.6298 ], [ -83.072, 37.6095 ], [ -83.0629, 37.6114 ], [ -83.0578, 37.6057 ], [ -83.0574, 37.5932 ], [ -83.0432, 37.5912 ], [ -83.0389, 37.5843 ], [ -83.0274, 37.5897 ], [ -83.021, 37.5829 ], [ -83.0121, 37.5837 ], [ -83.0181, 37.5493 ], [ -83.0011, 37.5461 ], [ -83.0004, 37.5282 ], [ -82.9599, 37.5182 ], [ -82.9485, 37.5032 ], [ -82.9733, 37.4978 ], [ -82.9852, 37.5066 ], [ -83.0027, 37.5012 ], [ -83.0139, 37.5085 ], [ -83.031, 37.5063 ], [ -83.0472, 37.526 ], [ -83.0557, 37.5204 ], [ -83.0627, 37.5263 ], [ -83.071, 37.5168 ], [ -83.0887, 37.5227 ], [ -83.0946, 37.5184 ], [ -83.0924, 37.4995 ], [ -83.0983, 37.4967 ], [ -83.11, 37.5232 ], [ -83.1721, 37.5135 ], [ -83.18, 37.5169 ], [ -83.2, 37.5074 ], [ -83.2235, 37.5208 ], [ -83.2389, 37.5191 ], [ -83.2522, 37.5364 ], [ -83.2577, 37.5293 ], [ -83.2655, 37.5323 ], [ -83.2668, 37.5268 ], [ -83.2815, 37.5288 ], [ -83.2872, 37.5379 ], [ -83.307, 37.5387 ], [ -83.319, 37.5304 ], [ -83.3393, 37.5318 ], [ -83.3589, 37.5553 ], [ -83.3688, 37.558 ], [ -83.3691, 37.5735 ], [ -83.3549, 37.5761 ], [ -83.3464, 37.5882 ], [ -83.3461, 37.5861 ], [ -83.3435, 37.5852 ], [ -83.3669, 37.6106 ], [ -83.4032, 37.6176 ], [ -83.4052, 37.6104 ], [ -83.4151, 37.6119 ], [ -83.4342, 37.6003 ], [ -83.4614, 37.6042 ], [ -83.4756, 37.6004 ], [ -83.4821, 37.6056 ], [ -83.4518, 37.6182 ] ] ] } },
{ "type": "Feature", "properties": { "GEOIDFQ": "1400000US21025920301", "NAME": "9203.01", "NAMELSAD": "Census Tract 9203.01" }, "geometry": { "type": "Polygon", "coordinates": [ [ [ -83.4254, 37.6029 ], [ -83.4151, 37.6119 ], [ -83.4051, 37.6105 ], [ -83.4032, 37.6176 ], [ -83.3669, 37.6106 ], [ -83.3485, 37.5949 ], [ -83.3435, 37.5852 ], [ -83.3464, 37.5882 ], [ -83.3549, 37.5761 ], [ -83.3691, 37.5736 ], [ -83.3668, 37.5599 ], [ -83.3816, 37.5576 ], [ -83.3795, 37.5502 ], [ -83.4066, 37.5449 ], [ -83.4145, 37.5465 ], [ -83.4187, 37.5576 ], [ -83.4056, 37.562 ], [ -83.4078, 37.5823 ], [ -83.3914, 37.5857 ], [ -83.4185, 37.5944 ], [ -83.4246, 37.5904 ], [ -83.4261, 37.5708 ], [ -83.4314, 37.5802 ], [ -83.4254, 37.6029 ] ] ] } },
{ "type": "Feature", "properties": { "GEOIDFQ": "1400000US21025920302", "NAME": "9203.02", "NAMELSAD": "Census Tract 9203.02" }, "geometry": { "type": "Polygon", "coordinates": [ [ [ -83.4145, 37.5465 ], [ -83.389, 37.5473 ], [ -83.3742, 37.5584 ], [ -83.3589, 37.5553 ], [ -83.3474, 37.5354 ], [ -83.3557, 37.5259 ], [ -83.3633, 37.5284 ], [ -83.3732, 37.5208 ], [ -83.3811, 37.5223 ], [ -83.3788, 37.5187 ], [ -83.3864, 37.5248 ], [ -83.4085, 37.521 ], [ -83.4213, 37.5334 ], [ -83.4145, 37.5465 ] ] ] } },
{ "type": "Feature", "properties": { "GEOIDFQ": "1400000US21039960300", "NAME": "9603", "NAMELSAD": "Census Tract 9603" }, "geometry": { "type": "Polygon", "coordinates": [ [ [ -89.0637, 36.7822 ], [ -89.0364, 36.7886 ], [ -89.0198, 36.813 ], [ -89.0105, 36.8126 ], [ -89.0139, 36.8204 ], [ -88.9994, 36.8558 ], [ -88.98, 36.8468 ], [ -88.9439, 36.8479 ], [ -88.9229, 36.8614 ], [ -88.9033, 36.839 ], [ -88.8632, 36.8382 ], [ -88.8131, 36.8181 ], [ -88.8132, 36.7731 ], [ -89.067, 36.7734 ], [ -89.0637, 36.7822 ] ] ] } },
{ "type": "Feature", "properties": { "GEOIDFQ": "1400000US21039960100", "NAME": "9601", "NAMELSAD": "Census Tract 9601" }, "geometry": { "type": "Polygon", "coordinates": [ [ [ -88.9627, 36.9309 ], [ -88.9401, 36.9315 ], [ -88.928, 36.9403 ], [ -88.9126, 36.9425 ], [ -88.9051, 36.9374 ], [ -88.8599, 36.9517 ], [ -88.8415, 36.9474 ], [ -88.816, 36.9541 ], [ -88.8131, 36.8181 ], [ -88.8632, 36.8382 ], [ -88.9042, 36.8394 ], [ -88.9572, 36.9047 ], [ -88.9895, 36.9205 ], [ -88.9627, 36.9309 ] ] ] } },
{ "type": "Feature", "properties": { "GEOIDFQ": "1400000US21053970100", "NAME": "9701", "NAMELSAD": "Census Tract 9701" }, "geometry": { "type": "Polygon", "coordinates": [ [ [ -85.2126, 36.8577 ], [ -85.2342, 36.8795 ], [ -85.2293, 36.888 ], [ -85.1184, 36.8273 ], [ -85.0643, 36.8587 ], [ -85.0592, 36.8331 ], [ -85.0264, 36.8069 ], [ -85.0041, 36.7562 ], [ -85.011, 36.7432 ], [ -85.0389, 36.7607 ], [ -85.0932, 36.7426 ], [ -85.1157, 36.7159 ], [ -85.134, 36.7078 ], [ -85.1366, 36.7505 ], [ -85.1681, 36.7676 ], [ -85.2011, 36.7621 ], [ -85.2157, 36.7689 ], [ -85.2391, 36.7698 ], [ -85.2126, 36.8577 ] ] ] } },
{ "type": "Feature", "properties": { "GEOIDFQ": "1400000US21179930100", "NAME": "9301", "NAMELSAD": "Census Tract 9301" }, "geometry": { "type": "Polygon", "coordinates": [ [ [ -85.3572, 37.9159 ], [ -85.348, 37.9336 ], [ -85.3525, 37.945 ], [ -85.1678, 37.9718 ], [ -85.1505, 37.8903 ], [ -85.1568, 37.8856 ], [ -85.1642, 37.8912 ], [ -85.1707, 37.8875 ], [ -85.1846, 37.8924 ], [ -85.1875, 37.8836 ], [ -85.1986, 37.9021 ], [ -85.1935, 37.8643 ], [ -85.1996, 37.869 ], [ -85.2051, 37.8642 ], [ -85.1963, 37.8563 ], [ -85.2037, 37.8467 ], [ -85.2184, 37.8543 ], [ -85.2162, 37.8713 ], [ -85.2269, 37.8552 ], [ -85.2331, 37.8607 ], [ -85.2302, 37.8706 ], [ -85.2386, 37.8692 ], [ -85.241, 37.8625 ], [ -85.2518, 37.8674 ], [ -85.2559, 37.8596 ], [ -85.243, 37.8483 ], [ -85.268, 37.8445 ], [ -85.278, 37.8536 ], [ -85.2772, 37.8384 ], [ -85.2903, 37.8312 ], [ -85.3098, 37.8414 ], [ -85.3272, 37.8412 ], [ -85.3376, 37.8591 ], [ -85.3602, 37.8755 ], [ -85.3613, 37.8906 ], [ -85.3733, 37.9082 ], [ -85.3572, 37.9159 ] ] ] } },
{ "type": "Feature", "properties": { "GEOIDFQ": "1400000US21179930400", "NAME": "9304", "NAMELSAD": "Census Tract 9304" }, "geometry": { "type": "Polygon", "coordinates": [ [ [ -85.5769, 37.8096 ], [ -85.5051, 37.8061 ], [ -85.4822, 37.811 ], [ -85.4298, 37.7976 ], [ -85.4633, 37.7755 ], [ -85.4919, 37.7858 ], [ -85.5466, 37.7755 ], [ -85.5478, 37.7928 ], [ -85.5793, 37.7893 ], [ -85.5861, 37.8044 ], [ -85.5769, 37.8096 ] ] ] } },
{ "type": "Feature", "properties": { "GEOIDFQ": "1400000US21179930600", "NAME": "9306", "NAMELSAD": "Census Tract 9306" }, "geometry": { "type": "Polygon", "coordinates": [ [ [ -85.7363, 37.8124 ], [ -85.7214, 37.8102 ], [ -85.7204, 37.8086 ], [ -85.723, 37.8086 ], [ -85.724, 37.8059 ], [ -85.7069, 37.8141 ], [ -85.6979, 37.8113 ], [ -85.6915, 37.8185 ], [ -85.682, 37.8197 ], [ -85.6834, 37.8154 ], [ -85.6806, 37.8149 ], [ -85.6749, 37.8234 ], [ -85.6515, 37.8285 ], [ -85.6537, 37.8326 ], [ -85.6414, 37.835 ], [ -85.6103, 37.8589 ], [ -85.6129, 37.8702 ], [ -85.5683, 37.8633 ], [ -85.569, 37.8488 ], [ -85.5762, 37.8485 ], [ -85.5826, 37.8298 ], [ -85.5822, 37.819 ], [ -85.572, 37.8096 ], [ -85.586, 37.8037 ], [ -85.5795, 37.7894 ], [ -85.5478, 37.7928 ], [ -85.5478, 37.7756 ], [ -85.5389, 37.7801 ], [ -85.5277, 37.7742 ], [ -85.5318, 37.761 ], [ -85.5422, 37.7576 ], [ -85.5467, 37.7368 ], [ -85.532, 37.7321 ], [ -85.5258, 37.7226 ], [ -85.573, 37.6777 ], [ -85.5827, 37.6855 ], [ -85.5818, 37.7078 ], [ -85.6083, 37.7112 ], [ -85.6164, 37.6975 ], [ -85.6339, 37.6939 ], [ -85.6523, 37.7213 ], [ -85.6709, 37.7323 ], [ -85.6778, 37.7297 ], [ -85.6766, 37.737 ], [ -85.688, 37.7335 ], [ -85.6795, 37.7393 ], [ -85.6865, 37.746 ], [ -85.6826, 37.758 ], [ -85.6934, 37.7553 ], [ -85.7045, 37.7681 ], [ -85.7162, 37.7681 ], [ -85.7139, 37.7742 ], [ -85.7297, 37.775 ], [ -85.7363, 37.7817 ], [ -85.727, 37.7878 ], [ -85.7426, 37.7922 ], [ -85.7363, 37.8124 ] ] ] } },
{ "type": "Feature", "properties": { "GEOIDFQ": "1400000US21179930500", "NAME": "9305", "NAMELSAD": "Census Tract 9305" }, "geometry": { "type": "Polygon", "coordinates": [ [ [ -85.5422, 37.7576 ], [ -85.5277, 37.7668 ], [ -85.5277, 37.7742 ], [ -85.5378, 37.7797 ], [ -85.5194, 37.7776 ], [ -85.4913, 37.7858 ], [ -85.4619, 37.7759 ], [ -85.3943, 37.8201 ], [ -85.3864, 37.8313 ], [ -85.3376, 37.8548 ], [ -85.3272, 37.8412 ], [ -85.3098, 37.8414 ], [ -85.2963, 37.8342 ], [ -85.2994, 37.8219 ], [ -85.314, 37.8092 ], [ -85.3079, 37.7941 ], [ -85.3355, 37.7876 ], [ -85.3384, 37.7801 ], [ -85.3557, 37.7841 ], [ -85.3542, 37.7698 ], [ -85.3453, 37.7629 ], [ -85.353, 37.7574 ], [ -85.3747, 37.7649 ], [ -85.3733, 37.7396 ], [ -85.3863, 37.7407 ], [ -85.4017, 37.7307 ], [ -85.4529, 37.6817 ], [ -85.4611, 37.7089 ], [ -85.4787, 37.7101 ], [ -85.4904, 37.724 ], [ -85.4916, 37.7081 ], [ -85.5129, 37.7128 ], [ -85.5184, 37.702 ], [ -85.5263, 37.7024 ], [ -85.5339, 37.7102 ], [ -85.5274, 37.7281 ], [ -85.546, 37.737 ], [ -85.5422, 37.7576 ] ] ] } },
{ "type": "Feature", "properties": { "GEOIDFQ": "1400000US21183920502", "NAME": "9205.02", "NAMELSAD": "Census Tract 9205.02" }, "geometry": { "type": "Polygon", "coordinates": [ [ [ -86.9078, 37.3686 ], [ -86.8941, 37.3679 ], [ -86.8993, 37.3719 ], [ -86.8913, 37.3777 ], [ -86.8932, 37.3993 ], [ -86.8165, 37.4219 ], [ -86.7986, 37.4358 ], [ -86.798, 37.43 ], [ -86.7861, 37.4319 ], [ -86.771, 37.4125 ], [ -86.7255, 37.4121 ], [ -86.7117, 37.4064 ], [ -86.7104, 37.3748 ], [ -86.6934, 37.3731 ], [ -86.6999, 37.3412 ], [ -86.7595, 37.3041 ], [ -86.7706, 37.3099 ], [ -86.7758, 37.3263 ], [ -86.7983, 37.3347 ], [ -86.8159, 37.3289 ], [ -86.8214, 37.3207 ], [ -86.8188, 37.3053 ], [ -86.8083, 37.2914 ], [ -86.8256, 37.2946 ], [ -86.8282, 37.2818 ], [ -86.85, 37.2623 ], [ -86.8524, 37.2514 ], [ -86.8719, 37.2466 ], [ -86.894, 37.2155 ], [ -86.8822, 37.2467 ], [ -86.8882, 37.2817 ], [ -86.8821, 37.2945 ], [ -86.8953, 37.3117 ], [ -86.8782, 37.3561 ], [ -86.9124, 37.3541 ], [ -86.9078, 37.3686 ] ] ] } },
{ "type": "Feature", "properties": { "GEOIDFQ": "1400000US21163970100", "NAME": "9701", "NAMELSAD": "Census Tract 9701" }, "geometry": { "type": "Polygon", "coordinates": [ [ [ -85.9951, 37.9511 ], [ -85.9935, 37.9515 ], [ -85.9847, 37.923 ], [ -85.9951, 37.9511 ] ] ] } },
{ "type": "Feature", "properties": { "GEOIDFQ": "1400000US21195930400", "NAME": "9304", "NAMELSAD": "Census Tract 9304" }, "geometry": { "type": "Polygon", "coordinates": [ [ [ -82.5199, 37.4741 ], [ -82.504, 37.4896 ], [ -82.4925, 37.4908 ], [ -82.4875, 37.5142 ], [ -82.4771, 37.514 ], [ -82.4639, 37.482 ], [ -82.4369, 37.4707 ], [ -82.4311, 37.4586 ], [ -82.463, 37.4184 ], [ -82.4881, 37.4332 ], [ -82.503, 37.4253 ], [ -82.5127, 37.4377 ], [ -82.5072, 37.4491 ], [ -82.5264, 37.4424 ], [ -82.5181, 37.4601 ], [ -82.5336, 37.4708 ], [ -82.5199, 37.4741 ] ] ] } },
{ "type": "Feature", "properties": { "GEOIDFQ": "1400000US21095971300", "NAME": "9713", "NAMELSAD": "Census Tract 9713" }, "geometry": { "type": "Polygon", "coordinates": [ [ [ -83.4858, 36.7833 ], [ -83.4798, 36.7862 ], [ -83.4513, 36.7729 ], [ -83.4245, 36.7709 ], [ -83.4023, 36.7472 ], [ -83.3816, 36.7438 ], [ -83.3771, 36.7245 ], [ -83.3458, 36.7351 ], [ -83.3275, 36.7344 ], [ -83.3222, 36.7432 ], [ -83.3018, 36.7419 ], [ -83.2974, 36.766 ], [ -83.2479, 36.7896 ], [ -83.2665, 36.7945 ], [ -83.2754, 36.8161 ], [ -83.2538, 36.8356 ], [ -83.2314, 36.8329 ], [ -83.2157, 36.8228 ], [ -83.1835, 36.821 ], [ -83.1689, 36.8243 ], [ -83.1606, 36.8337 ], [ -83.1455, 36.82 ], [ -83.1447, 36.8246 ], [ -83.133, 36.8229 ], [ -83.1141, 36.8343 ], [ -83.0985, 36.8238 ], [ -83.1043, 36.804 ], [ -83.1332, 36.7846 ], [ -83.1325, 36.7644 ], [ -83.1256, 36.7616 ], [ -83.1351, 36.7426 ], [ -83.1948, 36.7394 ], [ -83.3097, 36.7106 ], [ -83.3868, 36.6866 ], [ -83.3965, 36.6769 ], [ -83.4247, 36.6673 ], [ -83.461, 36.6649 ], [ -83.4595, 36.6974 ], [ -83.4867, 36.7107 ], [ -83.5009, 36.7335 ], [ -83.4858, 36.7833 ] ] ] } },
{ "type": "Feature", "properties": { "GEOIDFQ": "1400000US21195930600", "NAME": "9306", "NAMELSAD": "Census Tract 9306" }, "geometry": { "type": "Polygon", "coordinates": [ [ [ -82.6333, 37.3792 ], [ -82.619, 37.3864 ], [ -82.6219, 37.3936 ], [ -82.6097, 37.4104 ], [ -82.5771, 37.4157 ], [ -82.5698, 37.4096 ], [ -82.5514, 37.4183 ], [ -82.5416, 37.4149 ], [ -82.5324, 37.4039 ], [ -82.5365, 37.3979 ], [ -82.5146, 37.3878 ], [ -82.5187, 37.3784 ], [ -82.5116, 37.3588 ], [ -82.5188, 37.3455 ], [ -82.5098, 37.3365 ], [ -82.5032, 37.3374 ], [ -82.5027, 37.3132 ], [ -82.5263, 37.2879 ], [ -82.5431, 37.3007 ], [ -82.558, 37.292 ], [ -82.5672, 37.2998 ], [ -82.5728, 37.2966 ], [ -82.5708, 37.3588 ], [ -82.5845, 37.3496 ], [ -82.5867, 37.3382 ], [ -82.5927, 37.3512 ], [ -82.5823, 37.3692 ], [ -82.647, 37.3722 ], [ -82.6499, 37.3796 ], [ -82.6333, 37.3792 ] ] ] } },
{ "type": "Feature", "properties": { "GEOIDFQ": "1400000US21195930800", "NAME": "9308", "NAMELSAD": "Census Tract 9308" }, "geometry": { "type": "Polygon", "coordinates": [ [ [ -82.6258, 37.3083 ], [ -82.595, 37.3214 ], [ -82.6031, 37.3325 ], [ -82.5968, 37.3409 ], [ -82.5867, 37.3382 ], [ -82.5845, 37.3496 ], [ -82.5708, 37.3588 ], [ -82.5728, 37.2966 ], [ -82.5672, 37.2998 ], [ -82.558, 37.292 ], [ -82.5428, 37.3006 ], [ -82.5222, 37.2834 ], [ -82.5331, 37.2838 ], [ -82.5271, 37.2674 ], [ -82.5351, 37.2661 ], [ -82.5362, 37.2515 ], [ -82.5571, 37.23 ], [ -82.5541, 37.2194 ], [ -82.5388, 37.2164 ], [ -82.5334, 37.2066 ], [ -82.5654, 37.1961 ], [ -82.5756, 37.2058 ], [ -82.5892, 37.2086 ], [ -82.5996, 37.2279 ], [ -82.6348, 37.2485 ], [ -82.633, 37.2653 ], [ -82.6387, 37.2712 ], [ -82.6258, 37.3083 ] ] ] } },
{ "type": "Feature", "properties": { "GEOIDFQ": "1400000US21195931700", "NAME": "9317", "NAMELSAD": "Census Tract 9317" }, "geometry": { "type": "Polygon", "coordinates": [ [ [ -82.2244, 37.5051 ], [ -82.1843, 37.5121 ], [ -82.1659, 37.5728 ], [ -82.1554, 37.5684 ], [ -82.143, 37.571 ], [ -82.1279, 37.5513 ], [ -82.1173, 37.5592 ], [ -82.1031, 37.56 ], [ -82.1031, 37.5528 ], [ -82.0747, 37.5557 ], [ -82.0648, 37.5372 ], [ -82.0503, 37.5354 ], [ -82.0466, 37.528 ], [ -82.0423, 37.5482 ], [ -82.0112, 37.5329 ], [ -81.9982, 37.5433 ], [ -81.9941, 37.5377 ], [ -81.9732, 37.5466 ], [ -81.9649, 37.5429 ], [ -82.1498, 37.4102 ], [ -82.1714, 37.4244 ], [ -82.1826, 37.4449 ], [ -82.1802, 37.4531 ], [ -82.1917, 37.452 ], [ -82.1952, 37.4579 ], [ -82.2012, 37.4549 ], [ -82.2068, 37.4629 ], [ -82.2222, 37.4654 ], [ -82.228, 37.4832 ], [ -82.2354, 37.4829 ], [ -82.2244, 37.5051 ] ] ] } },
{ "type": "Feature", "properties": { "GEOIDFQ": "1400000US21195930100", "NAME": "9301", "NAMELSAD": "Census Tract 9301" }, "geometry": { "type": "Polygon", "coordinates": [ [ [ -82.5872, 37.6819 ], [ -82.5836, 37.6772 ], [ -82.5684, 37.6795 ], [ -82.5562, 37.6915 ], [ -82.5306, 37.6876 ], [ -82.5216, 37.6945 ], [ -82.5092, 37.6863 ], [ -82.4938, 37.6896 ], [ -82.4903, 37.6784 ], [ -82.4656, 37.6832 ], [ -82.4558, 37.6687 ], [ -82.4276, 37.6772 ], [ -82.4075, 37.6592 ], [ -82.3907, 37.6577 ], [ -82.3787, 37.6462 ], [ -82.3765, 37.601 ], [ -82.3863, 37.5915 ], [ -82.3951, 37.5942 ], [ -82.413, 37.5786 ], [ -82.4421, 37.5721 ], [ -82.4426, 37.5642 ], [ -82.4594, 37.5661 ], [ -82.4624, 37.5603 ], [ -82.4537, 37.5539 ], [ -82.4674, 37.545 ], [ -82.4745, 37.5136 ], [ -82.4943, 37.5133 ], [ -82.5077, 37.5345 ], [ -82.5272, 37.5367 ], [ -82.5202, 37.5742 ], [ -82.5248, 37.6025 ], [ -82.5356, 37.6007 ], [ -82.5329, 37.6108 ], [ -82.5523, 37.6199 ], [ -82.5551, 37.6336 ], [ -82.5632, 37.634 ], [ -82.5793, 37.6181 ], [ -82.5936, 37.6199 ], [ -82.6009, 37.6292 ], [ -82.5983, 37.6427 ], [ -82.6061, 37.6496 ], [ -82.6014, 37.6589 ], [ -82.613, 37.661 ], [ -82.6152, 37.668 ], [ -82.5872, 37.6819 ] ] ] } },
{ "type": "Feature", "properties": { "GEOIDFQ": "1400000US21195931000", "NAME": "9310", "NAMELSAD": "Census Tract 9310" }, "geometry": { "type": "Polygon", "coordinates": [ [ [ -82.5271, 37.2674 ], [ -82.5331, 37.2838 ], [ -82.5273, 37.28 ], [ -82.5222, 37.2834 ], [ -82.5266, 37.2918 ], [ -82.5027, 37.3132 ], [ -82.5067, 37.3264 ], [ -82.4931, 37.3544 ], [ -82.4693, 37.3548 ], [ -82.4575, 37.3611 ], [ -82.4344, 37.3487 ], [ -82.4127, 37.3681 ], [ -82.4085, 37.3656 ], [ -82.4168, 37.3489 ], [ -82.4088, 37.3301 ], [ -82.4183, 37.3227 ], [ -82.4151, 37.3162 ], [ -82.4274, 37.3109 ], [ -82.444, 37.2915 ], [ -82.4825, 37.266 ], [ -82.5011, 37.2716 ], [ -82.527, 37.2604 ], [ -82.5375, 37.2621 ], [ -82.5271, 37.2674 ] ] ] } },
{ "type": "Feature", "properties": { "GEOIDFQ": "1400000US21195931600", "NAME": "9316", "NAMELSAD": "Census Tract 9316" }, "geometry": { "type": "Polygon", "coordinates": [ [ [ -82.2389, 37.5366 ], [ -82.2449, 37.5409 ], [ -82.2339, 37.5537 ], [ -82.2369, 37.5597 ], [ -82.2072, 37.5806 ], [ -82.2015, 37.5906 ], [ -82.2053, 37.5979 ], [ -82.1885, 37.5962 ], [ -82.1893, 37.6136 ], [ -82.2007, 37.6277 ], [ -82.1865, 37.6275 ], [ -82.1911, 37.6446 ], [ -82.1769, 37.6487 ], [ -82.1723, 37.6334 ], [ -82.1822, 37.6228 ], [ -82.177, 37.6182 ], [ -82.1642, 37.6203 ], [ -82.1688, 37.6091 ], [ -82.1567, 37.609 ], [ -82.1569, 37.5927 ], [ -82.1323, 37.5933 ], [ -82.125, 37.5752 ], [ -82.1709, 37.5686 ], [ -82.166, 37.5596 ], [ -82.1791, 37.5403 ], [ -82.1749, 37.5329 ], [ -82.1843, 37.5121 ], [ -82.2369, 37.5032 ], [ -82.2454, 37.5261 ], [ -82.2389, 37.5366 ] ] ] } },
{ "type": "Feature", "properties": { "GEOIDFQ": "1400000US21195931200", "NAME": "9312", "NAMELSAD": "Census Tract 9312" }, "geometry": { "type": "Polygon", "coordinates": [ [ [ -82.4674, 37.545 ], [ -82.4537, 37.5539 ], [ -82.4624, 37.5603 ], [ -82.4598, 37.5658 ], [ -82.4428, 37.5641 ], [ -82.4419, 37.5722 ], [ -82.3971, 37.5856 ], [ -82.3785, 37.5741 ], [ -82.3769, 37.5594 ], [ -82.3588, 37.5485 ], [ -82.3508, 37.5534 ], [ -82.334, 37.547 ], [ -82.3082, 37.5519 ], [ -82.3, 37.5309 ], [ -82.3034, 37.5239 ], [ -82.2931, 37.5155 ], [ -82.2769, 37.5104 ], [ -82.2672, 37.5162 ], [ -82.2603, 37.51 ], [ -82.2545, 37.5132 ], [ -82.2268, 37.5029 ], [ -82.2341, 37.4884 ], [ -82.2612, 37.4965 ], [ -82.2734, 37.485 ], [ -82.3099, 37.4845 ], [ -82.3264, 37.4969 ], [ -82.3363, 37.4936 ], [ -82.3495, 37.4976 ], [ -82.3471, 37.4804 ], [ -82.3633, 37.4569 ], [ -82.3687, 37.4566 ], [ -82.3676, 37.4636 ], [ -82.3735, 37.4604 ], [ -82.3736, 37.4668 ], [ -82.3813, 37.4631 ], [ -82.3806, 37.4675 ], [ -82.39, 37.4566 ], [ -82.3952, 37.4634 ], [ -82.4043, 37.4537 ], [ -82.4081, 37.4786 ], [ -82.4272, 37.4755 ], [ -82.4219, 37.4621 ], [ -82.4331, 37.4658 ], [ -82.4318, 37.4713 ], [ -82.4576, 37.4756 ], [ -82.4755, 37.5128 ], [ -82.4674, 37.545 ] ] ] } },
{ "type": "Feature", "properties": { "GEOIDFQ": "1400000US21125971004", "NAME": "9710.04", "NAMELSAD": "Census Tract 9710.04" }, "geometry": { "type": "Polygon", "coordinates": [ [ [ -84.0815, 37.0166 ], [ -84.0722, 37.0139 ], [ -84.0692, 37.0244 ], [ -84.0698, 37.0142 ], [ -84.0196, 37.0085 ], [ -84.009, 36.9936 ], [ -84.017, 36.984 ], [ -84.033, 36.9886 ], [ -84.0417, 36.9768 ], [ -84.0677, 36.9749 ], [ -84.0803, 36.9638 ], [ -84.0851, 36.9671 ], [ -84.0801, 36.9931 ], [ -84.1051, 36.9952 ], [ -84.0815, 37.0166 ] ] ] } },
{ "type": "Feature", "properties": { "GEOIDFQ": "1400000US21125970201", "NAME": "9702.01", "NAMELSAD": "Census Tract 9702.01" }, "geometry": { "type": "Polygon", "coordinates": [ [ [ -84.2322, 37.2485 ], [ -84.2241, 37.2388 ], [ -84.2178, 37.2424 ], [ -84.2173, 37.2831 ], [ -84.2016, 37.2801 ], [ -84.1905, 37.2855 ], [ -84.1803, 37.3037 ], [ -84.1716, 37.3071 ], [ -84.1713, 37.3002 ], [ -84.1625, 37.2979 ], [ -84.1594, 37.3035 ], [ -84.1477, 37.3027 ], [ -84.1525, 37.3105 ], [ -84.1372, 37.3099 ], [ -84.1353, 37.3254 ], [ -84.1243, 37.3357 ], [ -84.1081, 37.3266 ], [ -84.1071, 37.3159 ], [ -84.0943, 37.314 ], [ -84.1085, 37.3095 ], [ -84.0955, 37.2996 ], [ -84.0885, 37.2816 ], [ -84.0809, 37.2825 ], [ -84.0782, 37.2723 ], [ -84.0627, 37.2747 ], [ -84.0542, 37.259 ], [ -84.0567, 37.2473 ], [ -84.0954, 37.2538 ], [ -84.1129, 37.2042 ], [ -84.1463, 37.1924 ], [ -84.1223, 37.1673 ], [ -84.1466, 37.1608 ], [ -84.1733, 37.1701 ], [ -84.1773, 37.1912 ], [ -84.1871, 37.1953 ], [ -84.192, 37.2118 ], [ -84.2392, 37.2409 ], [ -84.2322, 37.2485 ] ] ] } },
{ "type": "Feature", "properties": { "GEOIDFQ": "1400000US21125971103", "NAME": "9711.03", "NAMELSAD": "Census Tract 9711.03" }, "geometry": { "type": "Polygon", "coordinates": [ [ [ -84.1744, 37.0528 ], [ -84.1479, 37.0615 ], [ -84.1315, 37.0847 ], [ -84.1134, 37.0858 ], [ -84.0898, 37.0655 ], [ -84.0964, 37.0558 ], [ -84.0855, 37.0394 ], [ -84.1053, 37.0364 ], [ -84.0999, 37.0315 ], [ -84.1065, 37.0287 ], [ -84.1033, 37.0215 ], [ -84.1124, 37.0167 ], [ -84.1477, 37.0231 ], [ -84.1698, 36.9987 ], [ -84.193, 37.0372 ], [ -84.1744, 37.0528 ] ] ] } },
{ "type": "Feature", "properties": { "GEOIDFQ": "1400000US21125971104", "NAME": "9711.04", "NAMELSAD": "Census Tract 9711.04" }, "geometry": { "type": "Polygon", "coordinates": [ [ [ -84.2064, 36.9583 ], [ -84.1892, 36.9642 ], [ -84.1789, 36.978 ], [ -84.1777, 36.9941 ], [ -84.1611, 37.0034 ], [ -84.1481, 37.0229 ], [ -84.1113, 37.0175 ], [ -84.1108, 37.0108 ], [ -84.1041, 37.0115 ], [ -84.1132, 37.0066 ], [ -84.1129, 37.0001 ], [ -84.1253, 37.0052 ], [ -84.1307, 36.9947 ], [ -84.1272, 36.9894 ], [ -84.1189, 36.9931 ], [ -84.1228, 36.9645 ], [ -84.124, 36.9702 ], [ -84.1345, 36.9687 ], [ -84.1363, 36.9601 ], [ -84.1453, 36.9563 ], [ -84.1427, 36.966 ], [ -84.151, 36.9673 ], [ -84.1519, 36.9554 ], [ -84.1631, 36.9516 ], [ -84.1632, 36.9419 ], [ -84.1823, 36.9391 ], [ -84.1879, 36.9469 ], [ -84.2005, 36.9455 ], [ -84.2046, 36.9519 ], [ -84.2105, 36.9473 ], [ -84.2064, 36.9583 ] ] ] } },
{ "type": "Feature", "properties": { "GEOIDFQ": "1400000US21125970202", "NAME": "9702.02", "NAMELSAD": "Census Tract 9702.02" }, "geometry": { "type": "Polygon", "coordinates": [ [ [ -84.1129, 37.2042 ], [ -84.0954, 37.2538 ], [ -84.0567, 37.2473 ], [ -84.0489, 37.2323 ], [ -84.0853, 37.196 ], [ -84.101, 37.1607 ], [ -84.1223, 37.1673 ], [ -84.1463, 37.1924 ], [ -84.1129, 37.2042 ] ] ] } },
{ "type": "Feature", "properties": { "GEOIDFQ": "1400000US21125971003", "NAME": "9710.03", "NAMELSAD": "Census Tract 9710.03" }, "geometry": { "type": "Polygon", "coordinates": [ [ [ -84.125, 37.0054 ], [ -84.1129, 37.0001 ], [ -84.1103, 37.0079 ], [ -84.1033, 37.0002 ], [ -84.0893, 37.0101 ], [ -84.105, 36.9939 ], [ -84.0801, 36.9931 ], [ -84.0851, 36.9671 ], [ -84.0803, 36.9638 ], [ -84.1013, 36.9541 ], [ -84.1029, 36.9637 ], [ -84.1122, 36.9596 ], [ -84.1209, 36.9687 ], [ -84.1189, 36.9931 ], [ -84.1272, 36.9894 ], [ -84.125, 37.0054 ] ] ] } },
{ "type": "Feature", "properties": { "GEOIDFQ": "1400000US21009950900", "NAME": "9509", "NAMELSAD": "Census Tract 9509" }, "geometry": { "type": "Polygon", "coordinates": [ [ [ -86.0739, 36.9109 ], [ -86.0566, 36.9047 ], [ -86.0502, 36.91 ], [ -86.0573, 36.9153 ], [ -86.0569, 36.9282 ], [ -86.0482, 36.9207 ], [ -86.0408, 36.929 ], [ -86.034, 36.9126 ], [ -86.018, 36.9194 ], [ -85.9979, 36.9149 ], [ -85.9869, 36.9 ], [ -85.9859, 36.9077 ], [ -85.9788, 36.9089 ], [ -85.9816, 36.9196 ], [ -85.9721, 36.9194 ], [ -85.9689, 36.9271 ], [ -85.9607, 36.9253 ], [ -85.965, 36.9189 ], [ -85.9592, 36.9097 ], [ -85.9422, 36.9251 ], [ -85.9466, 36.9157 ], [ -85.94, 36.9073 ], [ -85.9337, 36.9156 ], [ -85.91, 36.9221 ], [ -85.9075, 36.9065 ], [ -85.8939, 36.9051 ], [ -85.8976, 36.8954 ], [ -85.8877, 36.8993 ], [ -85.8849, 36.8903 ], [ -85.8691, 36.8904 ], [ -85.8747, 36.8822 ], [ -85.856, 36.88 ], [ -85.8581, 36.8713 ], [ -85.8286, 36.8381 ], [ -85.8254, 36.8109 ], [ -85.9769, 36.7227 ], [ -85.9829, 36.7416 ], [ -86.0023, 36.7587 ], [ -86.0307, 36.7644 ], [ -86.0376, 36.7601 ], [ -86.0525, 36.774 ], [ -86.0345, 36.7812 ], [ -86.0392, 36.7908 ], [ -86.0521, 36.7945 ], [ -86.047, 36.8076 ], [ -86.0717, 36.8078 ], [ -86.066, 36.8228 ], [ -86.0557, 36.8296 ], [ -86.078, 36.8547 ], [ -86.0766, 36.8724 ], [ -86.0702, 36.8772 ], [ -86.0782, 36.8913 ], [ -86.0666, 36.8911 ], [ -86.0648, 36.898 ], [ -86.0955, 36.902 ], [ -86.0739, 36.9109 ] ] ] } },
{ "type": "Feature", "properties": { "GEOIDFQ": "1400000US21145030500", "NAME": "305", "NAMELSAD": "Census Tract 305" }, "geometry": { "type": "Polygon", "coordinates": [ [ [ -88.6081, 37.0903 ], [ -88.6071, 37.0898 ], [ -88.6083, 37.0813 ], [ -88.6214, 37.076 ], [ -88.6259, 37.0833 ], [ -88.6081, 37.0903 ] ] ] } },
{ "type": "Feature", "properties": { "GEOIDFQ": "1400000US21145030800", "NAME": "308", "NAMELSAD": "Census Tract 308" }, "geometry": { "type": "Polygon", "coordinates": [ [ [ -88.6719, 37.0858 ], [ -88.6318, 37.0665 ], [ -88.6551, 37.0575 ], [ -88.6786, 37.0753 ], [ -88.6719, 37.0858 ] ] ] } },
{ "type": "Feature", "properties": { "GEOIDFQ": "1400000US21083020302", "NAME": "203.02", "NAMELSAD": "Census Tract 203.02" }, "geometry": { "type": "Polygon", "coordinates": [ [ [ -88.6184, 36.7483 ], [ -88.6129, 36.7444 ], [ -88.6108, 36.712 ], [ -88.6242, 36.7174 ], [ -88.6387, 36.7395 ], [ -88.6184, 36.7483 ] ] ] } },
{ "type": "Feature", "properties": { "GEOIDFQ": "1400000US21083020301", "NAME": "203.01", "NAMELSAD": "Census Tract 203.01" }, "geometry": { "type": "Polygon", "coordinates": [ [ [ -88.6505, 36.7096 ], [ -88.6371, 36.7384 ], [ -88.6243, 36.7175 ], [ -88.6089, 36.71 ], [ -88.6008, 36.6786 ], [ -88.6145, 36.6641 ], [ -88.6512, 36.6638 ], [ -88.6505, 36.7096 ] ] ] } },
{ "type": "Feature", "properties": { "GEOIDFQ": "1400000US21163970200", "NAME": "9702", "NAMELSAD": "Census Tract 9702" }, "geometry": { "type": "Polygon", "coordinates": [ [ [ -85.9855, 37.9153 ], [ -85.9847, 37.923 ], [ -85.9788, 37.8914 ], [ -85.9918, 37.8869 ], [ -85.9992, 37.9109 ], [ -85.9855, 37.9153 ] ] ] } },
{ "type": "Feature", "properties": { "GEOIDFQ": "1400000US21037053200", "NAME": "532", "NAMELSAD": "Census Tract 532" }, "geometry": { "type": "Polygon", "coordinates": [ [ [ -84.494, 39.1028 ], [ -84.4834, 39.0971 ], [ -84.4963, 39.0868 ], [ -84.5022, 39.0969 ], [ -84.494, 39.1028 ] ] ] } },
{ "type": "Feature", "properties": { "GEOIDFQ": "1400000US21025920600", "NAME": "9206", "NAMELSAD": "Census Tract 9206" }, "geometry": { "type": "Polygon", "coordinates": [ [ [ -83.4125, 37.3737 ], [ -83.4249, 37.3858 ], [ -83.4054, 37.421 ], [ -83.4143, 37.4348 ], [ -83.406, 37.4518 ], [ -83.4214, 37.4699 ], [ -83.39, 37.4877 ], [ -83.4101, 37.5233 ], [ -83.394, 37.5201 ], [ -83.386, 37.5248 ], [ -83.3788, 37.5187 ], [ -83.3811, 37.5223 ], [ -83.3732, 37.5208 ], [ -83.3633, 37.5284 ], [ -83.3325, 37.5023 ], [ -83.3083, 37.5039 ], [ -83.2996, 37.4988 ], [ -83.3125, 37.483 ], [ -83.3251, 37.4781 ], [ -83.3245, 37.4668 ], [ -83.3388, 37.4467 ], [ -83.3269, 37.4289 ], [ -83.3349, 37.4073 ], [ -83.3208, 37.4033 ], [ -83.3241, 37.3975 ], [ -83.3113, 37.3899 ], [ -83.3048, 37.3909 ], [ -83.3027, 37.3819 ], [ -83.3107, 37.3776 ], [ -83.3326, 37.3797 ], [ -83.3431, 37.3649 ], [ -83.3575, 37.3579 ], [ -83.3588, 37.3641 ], [ -83.3497, 37.3698 ], [ -83.3612, 37.3661 ], [ -83.3685, 37.3474 ], [ -83.3899, 37.3373 ], [ -83.4127, 37.3449 ], [ -83.4166, 37.3607 ], [ -83.4293, 37.3706 ], [ -83.4125, 37.3737 ] ] ] } },
{ "type": "Feature", "properties": { "GEOIDFQ": "1400000US21025920500", "NAME": "9205", "NAMELSAD": "Census Tract 9205" }, "geometry": { "type": "Polygon", "coordinates": [ [ [ -83.5148, 37.4711 ], [ -83.5057, 37.4827 ], [ -83.4864, 37.4814 ], [ -83.4477, 37.5116 ], [ -83.4263, 37.5037 ], [ -83.4108, 37.5167 ], [ -83.4052, 37.5132 ], [ -83.39, 37.4877 ], [ -83.4214, 37.4699 ], [ -83.406, 37.4518 ], [ -83.4143, 37.4348 ], [ -83.4054, 37.421 ], [ -83.4249, 37.3858 ], [ -83.4125, 37.3737 ], [ -83.4293, 37.3706 ], [ -83.4128, 37.3508 ], [ -83.4254, 37.3529 ], [ -83.4488, 37.3786 ], [ -83.463, 37.373 ], [ -83.4767, 37.3775 ], [ -83.5041, 37.3418 ], [ -83.5166, 37.3416 ], [ -83.5168, 37.3364 ], [ -83.5224, 37.3391 ], [ -83.5367, 37.3301 ], [ -83.5472, 37.334 ], [ -83.5341, 37.3528 ], [ -83.5452, 37.3619 ], [ -83.5498, 37.3786 ], [ -83.5418, 37.3833 ], [ -83.5492, 37.3941 ], [ -83.5343, 37.4174 ], [ -83.5525, 37.433 ], [ -83.5538, 37.4409 ], [ -83.5455, 37.447 ], [ -83.555, 37.4606 ], [ -83.5148, 37.4711 ] ] ] } },
{ "type": "Feature", "properties": { "GEOIDFQ": "1400000US21025920700", "NAME": "9207", "NAMELSAD": "Census Tract 9207" }, "geometry": { "type": "Polygon", "coordinates": [ [ [ -83.3557, 37.5259 ], [ -83.3444, 37.5376 ], [ -83.3393, 37.5318 ], [ -83.3192, 37.5304 ], [ -83.3069, 37.5387 ], [ -83.287, 37.5378 ], [ -83.2815, 37.5288 ], [ -83.2668, 37.5268 ], [ -83.2524, 37.5364 ], [ -83.2389, 37.5191 ], [ -83.2235, 37.5208 ], [ -83.2, 37.5074 ], [ -83.18, 37.5169 ], [ -83.1721, 37.5135 ], [ -83.11, 37.5232 ], [ -83.1, 37.4976 ], [ -83.0927, 37.4988 ], [ -83.1347, 37.4572 ], [ -83.1243, 37.405 ], [ -83.1956, 37.4122 ], [ -83.2147, 37.4435 ], [ -83.2699, 37.3987 ], [ -83.3025, 37.3861 ], [ -83.3113, 37.3899 ], [ -83.3241, 37.3975 ], [ -83.3208, 37.4033 ], [ -83.3349, 37.4073 ], [ -83.3269, 37.4289 ], [ -83.3388, 37.4467 ], [ -83.3245, 37.4668 ], [ -83.3251, 37.4781 ], [ -83.3125, 37.483 ], [ -83.2996, 37.4988 ], [ -83.3083, 37.5039 ], [ -83.3325, 37.5023 ], [ -83.3621, 37.5282 ], [ -83.3557, 37.5259 ] ] ] } },
{ "type": "Feature", "properties": { "GEOIDFQ": "1400000US21093980100", "NAME": "9801", "NAMELSAD": "Census Tract 9801" }, "geometry": { "type": "Polygon", "coordinates": [ [ [ -85.9614, 37.9891 ], [ -85.9639, 37.9772 ], [ -85.9863, 37.9687 ], [ -85.9667, 37.9669 ], [ -85.9494, 37.9758 ], [ -85.9378, 37.9921 ], [ -85.9068, 37.9912 ], [ -85.9006, 37.9707 ], [ -85.9048, 37.9419 ], [ -85.8958, 37.9395 ], [ -85.8785, 37.9489 ], [ -85.8549, 37.9454 ], [ -85.8481, 37.9237 ], [ -85.8302, 37.9188 ], [ -85.8275, 37.9006 ], [ -85.8132, 37.8893 ], [ -85.8192, 37.8865 ], [ -85.8354, 37.8926 ], [ -85.8393, 37.8805 ], [ -85.8168, 37.8579 ], [ -85.8012, 37.8599 ], [ -85.7878, 37.8438 ], [ -85.7621, 37.8369 ], [ -85.7502, 37.8267 ], [ -85.7579, 37.8158 ], [ -85.7657, 37.8107 ], [ -85.799, 37.8104 ], [ -85.806, 37.796 ], [ -85.8288, 37.7957 ], [ -85.8353, 37.7886 ], [ -85.8464, 37.792 ], [ -85.8462, 37.8059 ], [ -85.8613, 37.8085 ], [ -85.8703, 37.8 ], [ -85.8741, 37.8044 ], [ -85.9026, 37.7966 ], [ -85.9117, 37.8143 ], [ -85.9051, 37.8289 ], [ -85.9457, 37.8564 ], [ -85.9323, 37.8941 ], [ -85.9411, 37.9055 ], [ -85.9168, 37.9033 ], [ -85.9065, 37.9089 ], [ -85.9469, 37.9239 ], [ -85.9441, 37.9139 ], [ -85.9637, 37.9111 ], [ -85.9582, 37.9035 ], [ -85.9743, 37.8928 ], [ -85.9965, 37.9874 ], [ -85.9614, 37.9891 ] ] ] } },
{ "type": "Feature", "properties": { "GEOIDFQ": "1400000US21093000201", "NAME": "2.01", "NAMELSAD": "Census Tract 2.01" }, "geometry": { "type": "Polygon", "coordinates": [ [ [ -85.9582, 37.9035 ], [ -85.9637, 37.9111 ], [ -85.9441, 37.9139 ], [ -85.9469, 37.9239 ], [ -85.9065, 37.9089 ], [ -85.9168, 37.9033 ], [ -85.9411, 37.9055 ], [ -85.9341, 37.889 ], [ -85.9568, 37.8814 ], [ -85.9667, 37.9012 ], [ -85.9582, 37.9035 ] ] ] } },
{ "type": "Feature", "properties": { "GEOIDFQ": "1400000US21025920200", "NAME": "9202", "NAMELSAD": "Census Tract 9202" }, "geometry": { "type": "Polygon", "coordinates": [ [ [ -83.5223, 37.6385 ], [ -83.4959, 37.6456 ], [ -83.4945, 37.6191 ], [ -83.4759, 37.6258 ], [ -83.4737, 37.6184 ], [ -83.4533, 37.6252 ], [ -83.4528, 37.6171 ], [ -83.4818, 37.6036 ], [ -83.4255, 37.603 ], [ -83.428, 37.5705 ], [ -83.4229, 37.5929 ], [ -83.3981, 37.5914 ], [ -83.3916, 37.5861 ], [ -83.4078, 37.5823 ], [ -83.4056, 37.562 ], [ -83.4187, 37.5576 ], [ -83.4142, 37.5477 ], [ -83.4213, 37.5332 ], [ -83.4102, 37.5251 ], [ -83.4108, 37.5167 ], [ -83.4257, 37.5038 ], [ -83.4477, 37.5116 ], [ -83.4864, 37.4814 ], [ -83.5059, 37.4826 ], [ -83.5131, 37.4721 ], [ -83.5311, 37.4648 ], [ -83.5649, 37.471 ], [ -83.571, 37.4891 ], [ -83.5802, 37.4959 ], [ -83.5223, 37.6385 ] ] ] } },
{ "type": "Feature", "properties": { "GEOIDFQ": "1400000US21123960200", "NAME": "9602", "NAMELSAD": "Census Tract 9602" }, "geometry": { "type": "Polygon", "coordinates": [ [ [ -85.7333, 37.5292 ], [ -85.6993, 37.5119 ], [ -85.6919, 37.5167 ], [ -85.6601, 37.5683 ], [ -85.6687, 37.5821 ], [ -85.6648, 37.5888 ], [ -85.6483, 37.5817 ], [ -85.6307, 37.5819 ], [ -85.6166, 37.5726 ], [ -85.6056, 37.5737 ], [ -85.6078, 37.558 ], [ -85.613, 37.5601 ], [ -85.623, 37.5522 ], [ -85.6242, 37.5406 ], [ -85.6032, 37.5479 ], [ -85.601, 37.5393 ], [ -85.5953, 37.5445 ], [ -85.5958, 37.5328 ], [ -85.5652, 37.523 ], [ -85.5589, 37.5305 ], [ -85.5471, 37.5303 ], [ -85.5512, 37.5534 ], [ -85.5436, 37.5624 ], [ -85.5267, 37.5626 ], [ -85.5247, 37.5543 ], [ -85.5035, 37.5494 ], [ -85.466, 37.4662 ], [ -85.4888, 37.4673 ], [ -85.4994, 37.4829 ], [ -85.5155, 37.4735 ], [ -85.5289, 37.4541 ], [ -85.5646, 37.4596 ], [ -85.5843, 37.471 ], [ -85.6035, 37.4674 ], [ -85.6101, 37.4599 ], [ -85.6177, 37.4681 ], [ -85.6487, 37.4769 ], [ -85.6604, 37.472 ], [ -85.7146, 37.4804 ], [ -85.7207, 37.4909 ], [ -85.7392, 37.4993 ], [ -85.7333, 37.5292 ] ] ] } },
{ "type": "Feature", "properties": { "GEOIDFQ": "1400000US21123960300", "NAME": "9603", "NAMELSAD": "Census Tract 9603" }, "geometry": { "type": "Polygon", "coordinates": [ [ [ -85.8885, 37.4741 ], [ -85.8758, 37.544 ], [ -85.8387, 37.5687 ], [ -85.8306, 37.5605 ], [ -85.8327, 37.5525 ], [ -85.8186, 37.5468 ], [ -85.803, 37.5542 ], [ -85.795, 37.544 ], [ -85.7597, 37.5458 ], [ -85.7465, 37.5267 ], [ -85.733, 37.5258 ], [ -85.7392, 37.4991 ], [ -85.7207, 37.4909 ], [ -85.7146, 37.4804 ], [ -85.6604, 37.472 ], [ -85.6487, 37.4769 ], [ -85.6345, 37.4708 ], [ -85.6382, 37.4541 ], [ -85.6654, 37.4368 ], [ -85.6573, 37.422 ], [ -85.8928, 37.4403 ], [ -85.8947, 37.4692 ], [ -85.8885, 37.4741 ] ] ] } },
{ "type": "Feature", "properties": { "GEOIDFQ": "1400000US21195931300", "NAME": "9313", "NAMELSAD": "Census Tract 9313" }, "geometry": { "type": "Polygon", "coordinates": [ [ [ -82.4181, 37.6808 ], [ -82.4056, 37.6713 ], [ -82.3997, 37.674 ], [ -82.3864, 37.6977 ], [ -82.413, 37.7125 ], [ -82.376, 37.7397 ], [ -82.3443, 37.7451 ], [ -82.3189, 37.7337 ], [ -82.3063, 37.7069 ], [ -82.3266, 37.6915 ], [ -82.3328, 37.6613 ], [ -82.3437, 37.6539 ], [ -82.3276, 37.6362 ], [ -82.3341, 37.6232 ], [ -82.318, 37.6269 ], [ -82.312, 37.6121 ], [ -82.3031, 37.6086 ], [ -82.307, 37.6032 ], [ -82.2846, 37.5975 ], [ -82.3034, 37.5839 ], [ -82.2945, 37.5797 ], [ -82.3082, 37.5519 ], [ -82.334, 37.547 ], [ -82.3508, 37.5534 ], [ -82.3588, 37.5485 ], [ -82.3769, 37.5594 ], [ -82.3785, 37.5741 ], [ -82.4026, 37.585 ], [ -82.3951, 37.5942 ], [ -82.3863, 37.5915 ], [ -82.3765, 37.601 ], [ -82.3784, 37.6452 ], [ -82.3907, 37.6577 ], [ -82.4075, 37.6592 ], [ -82.4273, 37.6772 ], [ -82.4181, 37.6808 ] ] ] } },
{ "type": "Feature", "properties": { "GEOIDFQ": "1400000US21195930700", "NAME": "9307", "NAMELSAD": "Census Tract 9307" }, "geometry": { "type": "Polygon", "coordinates": [ [ [ -82.7246, 37.281 ], [ -82.7006, 37.2898 ], [ -82.6937, 37.3061 ], [ -82.6724, 37.3067 ], [ -82.6633, 37.3425 ], [ -82.6471, 37.3534 ], [ -82.6638, 37.3607 ], [ -82.6663, 37.3696 ], [ -82.6542, 37.3801 ], [ -82.647, 37.3722 ], [ -82.5823, 37.3692 ], [ -82.5919, 37.3544 ], [ -82.5914, 37.3415 ], [ -82.604, 37.3295 ], [ -82.595, 37.3214 ], [ -82.6239, 37.31 ], [ -82.6346, 37.2894 ], [ -82.637, 37.2447 ], [ -82.6645, 37.2353 ], [ -82.6715, 37.2274 ], [ -82.6821, 37.228 ], [ -82.6945, 37.2342 ], [ -82.6912, 37.2412 ], [ -82.7052, 37.2428 ], [ -82.6988, 37.2497 ], [ -82.702, 37.2583 ], [ -82.7241, 37.2567 ], [ -82.7327, 37.2711 ], [ -82.7246, 37.281 ] ] ] } },
{ "type": "Feature", "properties": { "GEOIDFQ": "1400000US21195930900", "NAME": "9309", "NAMELSAD": "Census Tract 9309" }, "geometry": { "type": "Polygon", "coordinates": [ [ [ -82.5362, 37.2515 ], [ -82.5378, 37.2611 ], [ -82.527, 37.2604 ], [ -82.5011, 37.2716 ], [ -82.4825, 37.266 ], [ -82.4365, 37.2989 ], [ -82.4251, 37.2888 ], [ -82.4175, 37.299 ], [ -82.4036, 37.2985 ], [ -82.38, 37.2754 ], [ -82.3795, 37.26 ], [ -82.4397, 37.2471 ], [ -82.4915, 37.225 ], [ -82.4987, 37.227 ], [ -82.5209, 37.2122 ], [ -82.5318, 37.2124 ], [ -82.5331, 37.2066 ], [ -82.5388, 37.2164 ], [ -82.5541, 37.2194 ], [ -82.5571, 37.2304 ], [ -82.5362, 37.2515 ] ] ] } },
{ "type": "Feature", "properties": { "GEOIDFQ": "1400000US21195931800", "NAME": "9318", "NAMELSAD": "Census Tract 9318" }, "geometry": { "type": "Polygon", "coordinates": [ [ [ -82.3854, 37.4279 ], [ -82.3809, 37.4213 ], [ -82.3729, 37.4312 ], [ -82.3683, 37.4265 ], [ -82.3588, 37.4331 ], [ -82.3585, 37.4674 ], [ -82.3471, 37.4805 ], [ -82.3495, 37.4976 ], [ -82.3363, 37.4936 ], [ -82.3264, 37.4969 ], [ -82.3098, 37.4845 ], [ -82.2711, 37.4855 ], [ -82.2601, 37.4965 ], [ -82.2363, 37.4921 ], [ -82.2222, 37.4654 ], [ -82.2068, 37.4629 ], [ -82.2012, 37.4549 ], [ -82.1952, 37.4579 ], [ -82.1917, 37.452 ], [ -82.1802, 37.4531 ], [ -82.1826, 37.4449 ], [ -82.1714, 37.4244 ], [ -82.1498, 37.4102 ], [ -82.2579, 37.3377 ], [ -82.3024, 37.3498 ], [ -82.3163, 37.3581 ], [ -82.3163, 37.3706 ], [ -82.3478, 37.3886 ], [ -82.3668, 37.3808 ], [ -82.3758, 37.3833 ], [ -82.3684, 37.4054 ], [ -82.3926, 37.4246 ], [ -82.3854, 37.4279 ] ] ] } },
{ "type": "Feature", "properties": { "GEOIDFQ": "1400000US21111010706", "NAME": "107.06", "NAMELSAD": "Census Tract 107.06" }, "geometry": { "type": "Polygon", "coordinates": [ [ [ -85.544, 38.245 ], [ -85.539, 38.2237 ], [ -85.5551, 38.2242 ], [ -85.5621, 38.2407 ], [ -85.544, 38.245 ] ] ] } },
{ "type": "Feature", "properties": { "GEOIDFQ": "1400000US21111011301", "NAME": "113.01", "NAMELSAD": "Census Tract 113.01" }, "geometry": { "type": "Polygon", "coordinates": [ [ [ -85.6891, 38.2021 ], [ -85.672, 38.1899 ], [ -85.6605, 38.1915 ], [ -85.6597, 38.1858 ], [ -85.6849, 38.1716 ], [ -85.7077, 38.1956 ], [ -85.6891, 38.2021 ] ] ] } },
{ "type": "Feature", "properties": { "GEOIDFQ": "1400000US21159950100", "NAME": "9501", "NAMELSAD": "Census Tract 9501" }, "geometry": { "type": "Polygon", "coordinates": [ [ [ -82.5068, 37.8864 ], [ -82.4894, 37.8924 ], [ -82.4934, 37.9064 ], [ -82.4861, 37.9156 ], [ -82.4756, 37.9118 ], [ -82.4724, 37.899 ], [ -82.463, 37.9148 ], [ -82.4199, 37.8849 ], [ -82.4176, 37.8703 ], [ -82.4075, 37.8673 ], [ -82.4246, 37.8614 ], [ -82.4147, 37.856 ], [ -82.4205, 37.8464 ], [ -82.3993, 37.8295 ], [ -82.402, 37.8105 ], [ -82.3969, 37.8088 ], [ -82.3867, 37.8182 ], [ -82.3766, 37.8018 ], [ -82.3874, 37.8006 ], [ -82.3949, 37.7857 ], [ -82.418, 37.7858 ], [ -82.4197, 37.7976 ], [ -82.4255, 37.7985 ], [ -82.4331, 37.788 ], [ -82.4501, 37.7845 ], [ -82.4704, 37.7967 ], [ -82.465, 37.8107 ], [ -82.4718, 37.8313 ], [ -82.4882, 37.8332 ], [ -82.5287, 37.8668 ], [ -82.5068, 37.8864 ] ] ] } },
{ "type": "Feature", "properties": { "GEOIDFQ": "1400000US21159950300", "NAME": "9503", "NAMELSAD": "Census Tract 9503" }, "geometry": { "type": "Polygon", "coordinates": [ [ [ -82.5087, 37.703 ], [ -82.4998, 37.7063 ], [ -82.5056, 37.7168 ], [ -82.4926, 37.7301 ], [ -82.5027, 37.7394 ], [ -82.4925, 37.7498 ], [ -82.4961, 37.7587 ], [ -82.4879, 37.759 ], [ -82.4884, 37.7688 ], [ -82.4817, 37.7661 ], [ -82.4521, 37.7865 ], [ -82.4332, 37.7879 ], [ -82.4275, 37.7982 ], [ -82.4197, 37.7976 ], [ -82.4174, 37.7855 ], [ -82.4072, 37.7892 ], [ -82.3951, 37.7856 ], [ -82.3873, 37.8006 ], [ -82.369, 37.8013 ], [ -82.3401, 37.7856 ], [ -82.3375, 37.7749 ], [ -82.3239, 37.775 ], [ -82.3334, 37.7644 ], [ -82.3104, 37.7627 ], [ -82.3331, 37.7408 ], [ -82.3443, 37.7451 ], [ -82.376, 37.7397 ], [ -82.4085, 37.7177 ], [ -82.4122, 37.7097 ], [ -82.4058, 37.7044 ], [ -82.3984, 37.7081 ], [ -82.3863, 37.6972 ], [ -82.4041, 37.6713 ], [ -82.4186, 37.6808 ], [ -82.4558, 37.6687 ], [ -82.4659, 37.6833 ], [ -82.49, 37.6784 ], [ -82.4961, 37.6825 ], [ -82.4938, 37.6896 ], [ -82.5128, 37.6888 ], [ -82.5087, 37.703 ] ] ] } },
{ "type": "Feature", "properties": { "GEOIDFQ": "1400000US21111011403", "NAME": "114.03", "NAMELSAD": "Census Tract 114.03" }, "geometry": { "type": "Polygon", "coordinates": [ [ [ -85.7077, 38.1956 ], [ -85.6983, 38.1827 ], [ -85.7127, 38.1745 ], [ -85.7293, 38.1904 ], [ -85.7077, 38.1956 ] ] ] } },
{ "type": "Feature", "properties": { "GEOIDFQ": "1400000US21199930401", "NAME": "9304.01", "NAMELSAD": "Census Tract 9304.01" }, "geometry": { "type": "Polygon", "coordinates": [ [ [ -84.7102, 37.1436 ], [ -84.7159, 37.139 ], [ -84.7033, 37.1338 ], [ -84.6941, 37.1402 ], [ -84.6587, 37.1309 ], [ -84.6496, 37.1369 ], [ -84.6516, 37.1494 ], [ -84.6324, 37.1449 ], [ -84.6294, 37.1485 ], [ -84.6285, 37.1305 ], [ -84.6162, 37.1229 ], [ -84.6149, 37.1113 ], [ -84.5997, 37.1104 ], [ -84.6038, 37.1024 ], [ -84.6242, 37.0928 ], [ -84.7058, 37.101 ], [ -84.7181, 37.1298 ], [ -84.7139, 37.1342 ], [ -84.726, 37.1417 ], [ -84.7102, 37.1436 ] ] ] } },
{ "type": "Feature", "properties": { "GEOIDFQ": "1400000US21199931101", "NAME": "9311.01", "NAMELSAD": "Census Tract 9311.01" }, "geometry": { "type": "Polygon", "coordinates": [ [ [ -84.6526, 36.9865 ], [ -84.6503, 37.0068 ], [ -84.6432, 37.0119 ], [ -84.6302, 37.0082 ], [ -84.6085, 36.9835 ], [ -84.6036, 36.9524 ], [ -84.5821, 36.9477 ], [ -84.596, 36.9404 ], [ -84.6208, 36.9506 ], [ -84.6239, 36.9456 ], [ -84.6109, 36.9285 ], [ -84.5731, 36.9286 ], [ -84.6008, 36.9173 ], [ -84.6001, 36.9007 ], [ -84.6202, 36.8963 ], [ -84.6784, 36.9809 ], [ -84.6526, 36.9865 ] ] ] } },
{ "type": "Feature", "properties": { "GEOIDFQ": "1400000US21009951000", "NAME": "9510", "NAMELSAD": "Census Tract 9510" }, "geometry": { "type": "Polygon", "coordinates": [ [ [ -86.1606, 36.9242 ], [ -86.1667, 36.934 ], [ -86.1144, 37.059 ], [ -86.0687, 37.0428 ], [ -85.9887, 36.9922 ], [ -85.9707, 36.9883 ], [ -85.9894, 36.975 ], [ -86.0008, 36.9778 ], [ -85.9911, 36.9714 ], [ -86.0069, 36.9672 ], [ -86.0096, 36.9544 ], [ -86.0324, 36.9541 ], [ -86.0299, 36.9314 ], [ -86.0445, 36.929 ], [ -86.0482, 36.9207 ], [ -86.0569, 36.9281 ], [ -86.0573, 36.9153 ], [ -86.0502, 36.91 ], [ -86.0566, 36.9047 ], [ -86.0733, 36.9109 ], [ -86.0788, 36.9053 ], [ -86.094, 36.9056 ], [ -86.1084, 36.8854 ], [ -86.1005, 36.8642 ], [ -86.1092, 36.8674 ], [ -86.1248, 36.8954 ], [ -86.1413, 36.8923 ], [ -86.147, 36.8966 ], [ -86.1345, 36.903 ], [ -86.1421, 36.9139 ], [ -86.1359, 36.932 ], [ -86.15, 36.9277 ], [ -86.1532, 36.9083 ], [ -86.1644, 36.9069 ], [ -86.1764, 36.9147 ], [ -86.1606, 36.9242 ] ] ] } },
{ "type": "Feature", "properties": { "GEOIDFQ": "1400000US21009950100", "NAME": "9501", "NAMELSAD": "Census Tract 9501" }, "geometry": { "type": "Polygon", "coordinates": [ [ [ -85.9466, 37.069 ], [ -85.9308, 37.0894 ], [ -85.9404, 37.1033 ], [ -85.9261, 37.1083 ], [ -85.9033, 37.1061 ], [ -85.9065, 37.1484 ], [ -85.8571, 37.1511 ], [ -85.7442, 37.1698 ], [ -85.777, 37.1383 ], [ -85.7718, 37.1097 ], [ -85.7561, 37.1098 ], [ -85.7566, 37.0399 ], [ -85.7712, 37.0552 ], [ -85.7817, 37.045 ], [ -85.8128, 37.0576 ], [ -85.8215, 37.0334 ], [ -85.8447, 37.0338 ], [ -85.8537, 37.0452 ], [ -85.8572, 37.0349 ], [ -85.8766, 37.0385 ], [ -85.8845, 37.0315 ], [ -85.9057, 37.0364 ], [ -85.9129, 37.0295 ], [ -85.9208, 37.0393 ], [ -85.9386, 37.0271 ], [ -85.9472, 37.0451 ], [ -85.9466, 37.069 ] ] ] } },
{ "type": "Feature", "properties": { "GEOIDFQ": "1400000US21009950500", "NAME": "9505", "NAMELSAD": "Census Tract 9505" }, "geometry": { "type": "Polygon", "coordinates": [ [ [ -85.9837, 37.0337 ], [ -85.9632, 37.0248 ], [ -85.9477, 37.0285 ], [ -85.9461, 37.0192 ], [ -85.9208, 37.0393 ], [ -85.913, 37.0295 ], [ -85.9055, 37.0364 ], [ -85.9033, 37.01 ], [ -85.9129, 36.9963 ], [ -85.9408, 37.0097 ], [ -85.9911, 37.0163 ], [ -86.0016, 37.0341 ], [ -85.9837, 37.0337 ] ] ] } },
{ "type": "Feature", "properties": { "GEOIDFQ": "1400000US21009950200", "NAME": "9502", "NAMELSAD": "Census Tract 9502" }, "geometry": { "type": "Polygon", "coordinates": [ [ [ -86.0564, 37.1672 ], [ -85.9065, 37.1484 ], [ -85.902, 37.1195 ], [ -85.9033, 37.1061 ], [ -85.9262, 37.1083 ], [ -85.9404, 37.1033 ], [ -85.9308, 37.0894 ], [ -85.9466, 37.069 ], [ -85.9475, 37.0451 ], [ -85.973, 37.0933 ], [ -85.9614, 37.1253 ], [ -85.9693, 37.133 ], [ -85.9782, 37.1356 ], [ -86.0546, 37.098 ], [ -86.0641, 37.1188 ], [ -86.0564, 37.1672 ] ] ] } },
{ "type": "Feature", "properties": { "GEOIDFQ": "1400000US21019030800", "NAME": "308", "NAMELSAD": "Census Tract 308" }, "geometry": { "type": "Polygon", "coordinates": [ [ [ -82.6672, 38.4772 ], [ -82.6538, 38.482 ], [ -82.6459, 38.4767 ], [ -82.681, 38.444 ], [ -82.6885, 38.4484 ], [ -82.6672, 38.4772 ] ] ] } },
{ "type": "Feature", "properties": { "GEOIDFQ": "1400000US21131920200", "NAME": "9202", "NAMELSAD": "Census Tract 9202" }, "geometry": { "type": "Polygon", "coordinates": [ [ [ -83.539, 37.0506 ], [ -83.5392, 37.0701 ], [ -83.5221, 37.0586 ], [ -83.5224, 37.0515 ], [ -83.4799, 37.0426 ], [ -83.4565, 37.0581 ], [ -83.4595, 37.0748 ], [ -83.4518, 37.0821 ], [ -83.4341, 37.0811 ], [ -83.4077, 37.0943 ], [ -83.3889, 37.0886 ], [ -83.3721, 37.1054 ], [ -83.3609, 37.1057 ], [ -83.3497, 37.114 ], [ -83.3343, 37.1001 ], [ -83.3204, 37.0991 ], [ -83.3145, 37.1067 ], [ -83.3137, 37.097 ], [ -83.3023, 37.0977 ], [ -83.3027, 37.0691 ], [ -83.3163, 37.0631 ], [ -83.3144, 37.053 ], [ -83.2817, 37.039 ], [ -83.275, 37.043 ], [ -83.254, 37.0365 ], [ -83.2472, 37.0266 ], [ -83.2312, 37.0243 ], [ -83.2267, 37.0128 ], [ -83.2357, 37.0042 ], [ -83.2394, 36.9858 ], [ -83.26, 36.969 ], [ -83.3239, 36.9407 ], [ -83.3997, 36.921 ], [ -83.3961, 36.8991 ], [ -83.4086, 36.8902 ], [ -83.4518, 36.8922 ], [ -83.4575, 36.8832 ], [ -83.4769, 36.8966 ], [ -83.4876, 36.8931 ], [ -83.5044, 36.8985 ], [ -83.5035, 36.9058 ], [ -83.4891, 36.912 ], [ -83.4923, 36.9188 ], [ -83.5113, 36.9257 ], [ -83.523, 36.9985 ], [ -83.5113, 37.0031 ], [ -83.5115, 37.0084 ], [ -83.5331, 37.0362 ], [ -83.5407, 37.0359 ], [ -83.5368, 37.0421 ], [ -83.5476, 37.0436 ], [ -83.539, 37.0506 ] ] ] } },
{ "type": "Feature", "properties": { "GEOIDFQ": "1400000US21131920300", "NAME": "9203", "NAMELSAD": "Census Tract 9203" }, "geometry": { "type": "Polygon", "coordinates": [ [ [ -83.3244, 37.2129 ], [ -83.3213, 37.227 ], [ -83.3109, 37.2299 ], [ -83.2989, 37.2146 ], [ -83.2871, 37.2174 ], [ -83.2768, 37.2033 ], [ -83.2527, 37.2036 ], [ -83.2326, 37.1845 ], [ -83.2029, 37.1757 ], [ -83.2018, 37.1668 ], [ -83.2263, 37.1556 ], [ -83.2181, 37.1451 ], [ -83.2273, 37.1368 ], [ -83.2056, 37.1291 ], [ -83.1952, 37.1093 ], [ -83.1844, 37.1123 ], [ -83.1672, 37.1024 ], [ -83.1683, 37.088 ], [ -83.1767, 37.081 ], [ -83.1644, 37.0737 ], [ -83.1666, 37.0652 ], [ -83.1808, 37.0564 ], [ -83.1746, 37.0523 ], [ -83.1824, 37.0467 ], [ -83.1785, 37.0381 ], [ -83.1869, 37.0344 ], [ -83.1815, 37.0139 ], [ -83.1861, 37.0059 ], [ -83.1979, 37.0122 ], [ -83.2033, 37.0037 ], [ -83.2256, 37.0058 ], [ -83.2398, 36.9863 ], [ -83.2267, 37.0128 ], [ -83.2312, 37.0243 ], [ -83.2472, 37.0266 ], [ -83.2549, 37.0368 ], [ -83.275, 37.043 ], [ -83.2817, 37.039 ], [ -83.3153, 37.0539 ], [ -83.3161, 37.0635 ], [ -83.3027, 37.0691 ], [ -83.3023, 37.0977 ], [ -83.3137, 37.097 ], [ -83.3138, 37.119 ], [ -83.3232, 37.1177 ], [ -83.3229, 37.1292 ], [ -83.3393, 37.1336 ], [ -83.324, 37.1429 ], [ -83.3033, 37.1781 ], [ -83.3231, 37.1845 ], [ -83.3224, 37.1937 ], [ -83.336, 37.1835 ], [ -83.3397, 37.1961 ], [ -83.3471, 37.1954 ], [ -83.3244, 37.2129 ] ] ] } },
{ "type": "Feature", "properties": { "GEOIDFQ": "1400000US21019030200", "NAME": "302", "NAMELSAD": "Census Tract 302" }, "geometry": { "type": "Polygon", "coordinates": [ [ [ -82.6654, 38.5058 ], [ -82.6453, 38.4887 ], [ -82.6119, 38.4731 ], [ -82.6155, 38.4655 ], [ -82.6563, 38.4814 ], [ -82.6755, 38.4987 ], [ -82.6654, 38.5058 ] ] ] } },
{ "type": "Feature", "properties": { "GEOIDFQ": "1400000US21019030300", "NAME": "303", "NAMELSAD": "Census Tract 303" }, "geometry": { "type": "Polygon", "coordinates": [ [ [ -82.6266, 38.4708 ], [ -82.6239, 38.4613 ], [ -82.6447, 38.4736 ], [ -82.6529, 38.4821 ], [ -82.6266, 38.4708 ] ] ] } },
{ "type": "Feature", "properties": { "GEOIDFQ": "1400000US21019031200", "NAME": "312", "NAMELSAD": "Census Tract 312" }, "geometry": { "type": "Polygon", "coordinates": [ [ [ -82.6622, 38.4175 ], [ -82.6392, 38.4209 ], [ -82.6348, 38.4036 ], [ -82.6187, 38.4058 ], [ -82.6065, 38.3979 ], [ -82.5946, 38.3997 ], [ -82.5979, 38.3453 ], [ -82.5767, 38.3285 ], [ -82.5716, 38.3156 ], [ -82.583, 38.2968 ], [ -82.5741, 38.2746 ], [ -82.5849, 38.2459 ], [ -82.6046, 38.2477 ], [ -82.61, 38.2641 ], [ -82.6348, 38.2669 ], [ -82.6395, 38.2738 ], [ -82.636, 38.2903 ], [ -82.6425, 38.3027 ], [ -82.6276, 38.3085 ], [ -82.6227, 38.3243 ], [ -82.6521, 38.3277 ], [ -82.6484, 38.3381 ], [ -82.6627, 38.3504 ], [ -82.6538, 38.3573 ], [ -82.6564, 38.3695 ], [ -82.6328, 38.3832 ], [ -82.67, 38.4108 ], [ -82.6622, 38.4175 ] ] ] } },
{ "type": "Feature", "properties": { "GEOIDFQ": "1400000US21019030700", "NAME": "307", "NAMELSAD": "Census Tract 307" }, "geometry": { "type": "Polygon", "coordinates": [ [ [ -82.6467, 38.4758 ], [ -82.6285, 38.4648 ], [ -82.647, 38.4568 ], [ -82.659, 38.4654 ], [ -82.6467, 38.4758 ] ] ] } },
{ "type": "Feature", "properties": { "GEOIDFQ": "1400000US21019030900", "NAME": "309", "NAMELSAD": "Census Tract 309" }, "geometry": { "type": "Polygon", "coordinates": [ [ [ -82.6755, 38.4986 ], [ -82.6551, 38.4835 ], [ -82.6693, 38.4753 ], [ -82.6726, 38.4633 ], [ -82.6886, 38.4503 ], [ -82.7067, 38.4562 ], [ -82.7197, 38.468 ], [ -82.6755, 38.4986 ] ] ] } },
{ "type": "Feature", "properties": { "GEOIDFQ": "1400000US21019031300", "NAME": "313", "NAMELSAD": "Census Tract 313" }, "geometry": { "type": "Polygon", "coordinates": [ [ [ -82.6275, 38.4362 ], [ -82.6016, 38.443 ], [ -82.5934, 38.4219 ], [ -82.5946, 38.3997 ], [ -82.6065, 38.3979 ], [ -82.6187, 38.4058 ], [ -82.6322, 38.4026 ], [ -82.6408, 38.4169 ], [ -82.6275, 38.4362 ] ] ] } },
{ "type": "Feature", "properties": { "GEOIDFQ": "1400000US21019030600", "NAME": "306", "NAMELSAD": "Census Tract 306" }, "geometry": { "type": "Polygon", "coordinates": [ [ [ -82.659, 38.4654 ], [ -82.6392, 38.4532 ], [ -82.6404, 38.4437 ], [ -82.6632, 38.4363 ], [ -82.6782, 38.4382 ], [ -82.681, 38.4444 ], [ -82.659, 38.4654 ] ] ] } },
{ "type": "Feature", "properties": { "GEOIDFQ": "1400000US21065920400", "NAME": "9204", "NAMELSAD": "Census Tract 9204" }, "geometry": { "type": "Polygon", "coordinates": [ [ [ -84.0901, 37.5811 ], [ -84.0766, 37.5909 ], [ -84.0456, 37.5922 ], [ -84.0434, 37.5996 ], [ -84.0234, 37.6112 ], [ -83.9906, 37.6219 ], [ -83.9789, 37.6386 ], [ -83.992, 37.6583 ], [ -83.9854, 37.6616 ], [ -83.9997, 37.6676 ], [ -84.0011, 37.6753 ], [ -83.989, 37.6749 ], [ -83.9728, 37.6945 ], [ -83.9714, 37.6843 ], [ -83.9555, 37.6734 ], [ -83.9433, 37.6797 ], [ -83.9294, 37.6748 ], [ -83.9289, 37.6816 ], [ -83.9187, 37.6813 ], [ -83.9029, 37.6652 ], [ -83.8903, 37.6669 ], [ -83.8719, 37.6445 ], [ -83.8066, 37.6416 ], [ -83.8169, 37.6331 ], [ -83.8345, 37.6355 ], [ -83.865, 37.6169 ], [ -83.8581, 37.6092 ], [ -83.9056, 37.5429 ], [ -83.9398, 37.5732 ], [ -83.9652, 37.5814 ], [ -84.045, 37.5636 ], [ -84.0904, 37.5662 ], [ -84.1009, 37.5855 ], [ -84.0901, 37.5811 ] ] ] } },
{ "type": "Feature", "properties": { "GEOIDFQ": "1400000US21227011100", "NAME": "111", "NAMELSAD": "Census Tract 111" }, "geometry": { "type": "Polygon", "coordinates": [ [ [ -86.563, 36.9324 ], [ -86.5622, 36.9548 ], [ -86.5448, 36.9556 ], [ -86.5418, 36.9776 ], [ -86.5547, 36.9962 ], [ -86.5039, 36.9922 ], [ -86.4959, 36.9521 ], [ -86.4825, 36.9422 ], [ -86.5185, 36.8987 ], [ -86.5606, 36.9016 ], [ -86.5715, 36.9147 ], [ -86.5737, 36.9337 ], [ -86.563, 36.9324 ] ] ] } },
{ "type": "Feature", "properties": { "GEOIDFQ": "1400000US21019030400", "NAME": "304", "NAMELSAD": "Census Tract 304" }, "geometry": { "type": "Polygon", "coordinates": [ [ [ -82.6113, 38.4723 ], [ -82.6016, 38.443 ], [ -82.6275, 38.4362 ], [ -82.614, 38.442 ], [ -82.6314, 38.4574 ], [ -82.6113, 38.4723 ] ] ] } },
{ "type": "Feature", "properties": { "GEOIDFQ": "1400000US21019030500", "NAME": "305", "NAMELSAD": "Census Tract 305" }, "geometry": { "type": "Polygon", "coordinates": [ [ [ -82.6286, 38.4642 ], [ -82.6315, 38.457 ], [ -82.6142, 38.4414 ], [ -82.6335, 38.4363 ], [ -82.6431, 38.4433 ], [ -82.6392, 38.4532 ], [ -82.6469, 38.4569 ], [ -82.6286, 38.4642 ] ] ] } },
{ "type": "Feature", "properties": { "GEOIDFQ": "1400000US21073070500", "NAME": "705", "NAMELSAD": "Census Tract 705" }, "geometry": { "type": "Polygon", "coordinates": [ [ [ -84.87, 38.1961 ], [ -84.8679, 38.1909 ], [ -84.8799, 38.1862 ], [ -84.8849, 38.1979 ], [ -84.87, 38.1961 ] ] ] } },
{ "type": "Feature", "properties": { "GEOIDFQ": "1400000US21065920100", "NAME": "9201", "NAMELSAD": "Census Tract 9201" }, "geometry": { "type": "Polygon", "coordinates": [ [ [ -83.9498, 37.7032 ], [ -83.9402, 37.6926 ], [ -83.8962, 37.711 ], [ -83.8842, 37.7062 ], [ -83.8671, 37.7358 ], [ -83.8684, 37.7515 ], [ -83.8333, 37.7649 ], [ -83.826, 37.763 ], [ -83.8298, 37.753 ], [ -83.8219, 37.7458 ], [ -83.8039, 37.7567 ], [ -83.7797, 37.7605 ], [ -83.769, 37.7411 ], [ -83.7484, 37.7318 ], [ -83.7227, 37.7289 ], [ -83.7222, 37.7163 ], [ -83.7493, 37.7152 ], [ -83.8102, 37.6676 ], [ -83.8223, 37.6654 ], [ -83.8144, 37.6447 ], [ -83.8232, 37.6421 ], [ -83.8731, 37.6449 ], [ -83.8869, 37.6642 ], [ -83.8941, 37.6683 ], [ -83.9029, 37.6652 ], [ -83.9189, 37.6814 ], [ -83.9289, 37.6816 ], [ -83.9294, 37.6748 ], [ -83.9433, 37.6797 ], [ -83.9555, 37.6734 ], [ -83.9632, 37.6814 ], [ -83.9498, 37.7032 ] ] ] } },
{ "type": "Feature", "properties": { "GEOIDFQ": "1400000US21089040201", "NAME": "402.01", "NAMELSAD": "Census Tract 402.01" }, "geometry": { "type": "Polygon", "coordinates": [ [ [ -82.7145, 38.5402 ], [ -82.6897, 38.5261 ], [ -82.7045, 38.5154 ], [ -82.7267, 38.5323 ], [ -82.7145, 38.5402 ] ] ] } },
{ "type": "Feature", "properties": { "GEOIDFQ": "1400000US21089040502", "NAME": "405.02", "NAMELSAD": "Census Tract 405.02" }, "geometry": { "type": "Polygon", "coordinates": [ [ [ -83.032, 38.4727 ], [ -83.0279, 38.4877 ], [ -83.0199, 38.4914 ], [ -83.0026, 38.4945 ], [ -82.9986, 38.4776 ], [ -82.9842, 38.4901 ], [ -82.9591, 38.4921 ], [ -82.9708, 38.5084 ], [ -82.9653, 38.5112 ], [ -82.9773, 38.5137 ], [ -82.9776, 38.5191 ], [ -82.9504, 38.5397 ], [ -82.9685, 38.5511 ], [ -82.9543, 38.5553 ], [ -82.9507, 38.5631 ], [ -82.9562, 38.5868 ], [ -82.9319, 38.5777 ], [ -82.896, 38.5776 ], [ -82.8682, 38.5813 ], [ -82.8471, 38.5949 ], [ -82.8118, 38.5688 ], [ -82.8168, 38.5625 ], [ -82.8273, 38.5663 ], [ -82.8157, 38.5495 ], [ -82.8212, 38.5254 ], [ -82.8342, 38.5203 ], [ -82.8278, 38.5175 ], [ -82.834, 38.5088 ], [ -82.8275, 38.5045 ], [ -82.8385, 38.4973 ], [ -82.8295, 38.4886 ], [ -82.8506, 38.4877 ], [ -82.8487, 38.4761 ], [ -82.8637, 38.4706 ], [ -82.8531, 38.4551 ], [ -82.8616, 38.4477 ], [ -82.8592, 38.4341 ], [ -82.87, 38.4341 ], [ -82.8742, 38.4406 ], [ -82.8825, 38.4336 ], [ -82.8958, 38.4367 ], [ -82.8921, 38.4336 ], [ -82.9005, 38.4291 ], [ -82.8975, 38.4138 ], [ -82.9087, 38.4037 ], [ -82.8926, 38.4012 ], [ -82.8897, 38.393 ], [ -82.9389, 38.4019 ], [ -82.9706, 38.3937 ], [ -82.9878, 38.4109 ], [ -83.002, 38.4109 ], [ -83.0014, 38.4202 ], [ -83.0514, 38.4655 ], [ -83.032, 38.4727 ] ] ] } },
{ "type": "Feature", "properties": { "GEOIDFQ": "1400000US21089040202", "NAME": "402.02", "NAMELSAD": "Census Tract 402.02" }, "geometry": { "type": "Polygon", "coordinates": [ [ [ -82.7304, 38.5144 ], [ -82.7319, 38.5222 ], [ -82.7289, 38.5193 ], [ -82.7236, 38.5268 ], [ -82.7045, 38.516 ], [ -82.7158, 38.5039 ], [ -82.7223, 38.5057 ], [ -82.7378, 38.4944 ], [ -82.7445, 38.5074 ], [ -82.7304, 38.5144 ] ] ] } },
{ "type": "Feature", "properties": { "GEOIDFQ": "1400000US21089040501", "NAME": "405.01", "NAMELSAD": "Census Tract 405.01" }, "geometry": { "type": "Polygon", "coordinates": [ [ [ -82.9477, 38.6061 ], [ -82.9297, 38.6062 ], [ -82.9287, 38.6184 ], [ -82.9196, 38.6256 ], [ -82.9277, 38.634 ], [ -82.921, 38.6321 ], [ -82.9079, 38.6425 ], [ -82.9101, 38.6511 ], [ -82.924, 38.6527 ], [ -82.9063, 38.6668 ], [ -82.9177, 38.6789 ], [ -82.9112, 38.682 ], [ -82.9119, 38.6909 ], [ -82.9244, 38.6891 ], [ -82.9425, 38.6979 ], [ -82.9404, 38.7131 ], [ -82.9311, 38.7075 ], [ -82.9246, 38.7121 ], [ -82.9349, 38.7413 ], [ -82.9314, 38.7477 ], [ -82.8897, 38.7561 ], [ -82.8758, 38.7475 ], [ -82.871, 38.7365 ], [ -82.8775, 38.6895 ], [ -82.8602, 38.6622 ], [ -82.8471, 38.5949 ], [ -82.8682, 38.5813 ], [ -82.9307, 38.5776 ], [ -82.9456, 38.5858 ], [ -82.9393, 38.5909 ], [ -82.9528, 38.5961 ], [ -82.9477, 38.6061 ] ] ] } },
{ "type": "Feature", "properties": { "GEOIDFQ": "1400000US21209040203", "NAME": "402.03", "NAMELSAD": "Census Tract 402.03" }, "geometry": { "type": "Polygon", "coordinates": [ [ [ -84.5833, 38.2011 ], [ -84.5612, 38.1965 ], [ -84.5624, 38.1861 ], [ -84.5467, 38.1563 ], [ -84.6004, 38.1716 ], [ -84.5833, 38.2011 ] ] ] } },
{ "type": "Feature", "properties": { "GEOIDFQ": "1400000US21227010200", "NAME": "102", "NAMELSAD": "Census Tract 102" }, "geometry": { "type": "Polygon", "coordinates": [ [ [ -86.4689, 37.0177 ], [ -86.4495, 37.0144 ], [ -86.4432, 37.02 ], [ -86.4426, 37.008 ], [ -86.4324, 37.0086 ], [ -86.4282, 36.9907 ], [ -86.4715, 37.0071 ], [ -86.4689, 37.0177 ] ] ] } },
{ "type": "Feature", "properties": { "GEOIDFQ": "1400000US21227010500", "NAME": "105", "NAMELSAD": "Census Tract 105" }, "geometry": { "type": "Polygon", "coordinates": [ [ [ -86.4383, 36.9928 ], [ -86.4282, 36.9907 ], [ -86.432, 36.9853 ], [ -86.4557, 36.9784 ], [ -86.4383, 36.9928 ] ] ] } },
{ "type": "Feature", "properties": { "GEOIDFQ": "1400000US21227010600", "NAME": "106", "NAMELSAD": "Census Tract 106" }, "geometry": { "type": "Polygon", "coordinates": [ [ [ -86.4397, 36.9828 ], [ -86.4253, 36.9952 ], [ -86.4169, 36.9842 ], [ -86.4336, 36.9805 ], [ -86.4352, 36.9723 ], [ -86.4269, 36.9545 ], [ -86.44, 36.9509 ], [ -86.4545, 36.9606 ], [ -86.4397, 36.9828 ] ] ] } },
{ "type": "Feature", "properties": { "GEOIDFQ": "1400000US21227011500", "NAME": "115", "NAMELSAD": "Census Tract 115" }, "geometry": { "type": "Polygon", "coordinates": [ [ [ -86.443, 36.8234 ], [ -86.4251, 36.8275 ], [ -86.4284, 36.838 ], [ -86.4198, 36.843 ], [ -86.4133, 36.8385 ], [ -86.416, 36.8435 ], [ -86.4039, 36.8473 ], [ -86.3998, 36.8607 ], [ -86.3919, 36.8561 ], [ -86.3949, 36.8646 ], [ -86.3834, 36.8605 ], [ -86.3749, 36.8698 ], [ -86.3757, 36.8765 ], [ -86.3949, 36.876 ], [ -86.3747, 36.884 ], [ -86.3759, 36.8891 ], [ -86.3951, 36.8938 ], [ -86.3797, 36.8968 ], [ -86.3969, 36.9081 ], [ -86.3831, 36.9178 ], [ -86.3922, 36.9349 ], [ -86.3472, 36.9518 ], [ -86.378, 36.9673 ], [ -86.3823, 36.9729 ], [ -86.3715, 36.9761 ], [ -86.3752, 36.9808 ], [ -86.3319, 36.9745 ], [ -86.3359, 36.9501 ], [ -86.3278, 36.9441 ], [ -86.3063, 36.9439 ], [ -86.3065, 36.9564 ], [ -86.2966, 36.9611 ], [ -86.2826, 36.9406 ], [ -86.2712, 36.939 ], [ -86.2705, 36.9509 ], [ -86.2602, 36.9559 ], [ -86.2616, 36.9416 ], [ -86.2375, 36.9389 ], [ -86.2393, 36.9265 ], [ -86.2597, 36.9234 ], [ -86.2263, 36.9126 ], [ -86.2355, 36.907 ], [ -86.235, 36.8978 ], [ -86.2681, 36.8923 ], [ -86.2633, 36.8732 ], [ -86.4058, 36.7762 ], [ -86.4005, 36.8072 ], [ -86.4525, 36.8144 ], [ -86.443, 36.8234 ] ] ] } },
{ "type": "Feature", "properties": { "GEOIDFQ": "1400000US21227011200", "NAME": "112", "NAMELSAD": "Census Tract 112" }, "geometry": { "type": "Polygon", "coordinates": [ [ [ -86.5247, 37.0351 ], [ -86.5169, 37.049 ], [ -86.5021, 37.04 ], [ -86.4976, 37.0433 ], [ -86.4915, 37.0313 ], [ -86.4674, 37.0372 ], [ -86.4519, 37.0335 ], [ -86.4568, 37.0254 ], [ -86.469, 37.0261 ], [ -86.4744, 37.0201 ], [ -86.4692, 37.0177 ], [ -86.4715, 37.0071 ], [ -86.4556, 36.9998 ], [ -86.4634, 36.9884 ], [ -86.5242, 36.9949 ], [ -86.5247, 37.0351 ] ] ] } },
{ "type": "Feature", "properties": { "GEOIDFQ": "1400000US21227010300", "NAME": "103", "NAMELSAD": "Census Tract 103" }, "geometry": { "type": "Polygon", "coordinates": [ [ [ -86.4634, 36.9884 ], [ -86.4548, 37.0045 ], [ -86.4438, 36.9989 ], [ -86.4618, 36.9819 ], [ -86.4745, 36.9884 ], [ -86.4634, 36.9884 ] ] ] } },
{ "type": "Feature", "properties": { "GEOIDFQ": "1400000US21227010900", "NAME": "109", "NAMELSAD": "Census Tract 109" }, "geometry": { "type": "Polygon", "coordinates": [ [ [ -86.4659, 36.9815 ], [ -86.4383, 36.98 ], [ -86.4545, 36.9606 ], [ -86.4807, 36.9686 ], [ -86.4659, 36.9815 ] ] ] } },
{ "type": "Feature", "properties": { "GEOIDFQ": "1400000US21227011900", "NAME": "119", "NAMELSAD": "Census Tract 119" }, "geometry": { "type": "Polygon", "coordinates": [ [ [ -86.5647, 36.9103 ], [ -86.5599, 36.9013 ], [ -86.5185, 36.8987 ], [ -86.5074, 36.9166 ], [ -86.499, 36.9085 ], [ -86.4931, 36.9117 ], [ -86.4728, 36.9065 ], [ -86.4607, 36.8925 ], [ -86.45, 36.8898 ], [ -86.4183, 36.8916 ], [ -86.4179, 36.8988 ], [ -86.404, 36.8962 ], [ -86.3998, 36.9057 ], [ -86.3804, 36.8957 ], [ -86.3944, 36.8948 ], [ -86.3919, 36.8903 ], [ -86.3749, 36.8865 ], [ -86.3948, 36.8758 ], [ -86.3767, 36.8768 ], [ -86.3745, 36.872 ], [ -86.3833, 36.8605 ], [ -86.3949, 36.8646 ], [ -86.3919, 36.8561 ], [ -86.3998, 36.8607 ], [ -86.4039, 36.8473 ], [ -86.416, 36.8435 ], [ -86.4133, 36.8385 ], [ -86.4198, 36.843 ], [ -86.4284, 36.838 ], [ -86.4251, 36.8275 ], [ -86.443, 36.8234 ], [ -86.4525, 36.8144 ], [ -86.5833, 36.8303 ], [ -86.6163, 36.8918 ], [ -86.5647, 36.9103 ] ] ] } },
{ "type": "Feature", "properties": { "GEOIDFQ": "1400000US21227011600", "NAME": "116", "NAMELSAD": "Census Tract 116" }, "geometry": { "type": "Polygon", "coordinates": [ [ [ -86.3651, 37.0072 ], [ -86.3071, 37.0123 ], [ -86.3066, 37.0183 ], [ -86.3148, 37.0198 ], [ -86.3078, 37.026 ], [ -86.31, 37.0513 ], [ -86.2091, 37.0942 ], [ -86.1922, 37.0767 ], [ -86.1135, 37.0611 ], [ -86.1667, 36.934 ], [ -86.189, 36.9217 ], [ -86.1992, 36.9354 ], [ -86.2058, 36.9329 ], [ -86.2104, 36.9249 ], [ -86.2033, 36.9135 ], [ -86.2127, 36.9037 ], [ -86.2201, 36.9116 ], [ -86.2595, 36.923 ], [ -86.2394, 36.9265 ], [ -86.2371, 36.9349 ], [ -86.2425, 36.9423 ], [ -86.2617, 36.9417 ], [ -86.2582, 36.9554 ], [ -86.2698, 36.9518 ], [ -86.2729, 36.9384 ], [ -86.287, 36.9426 ], [ -86.2962, 36.9611 ], [ -86.3065, 36.9564 ], [ -86.3063, 36.9439 ], [ -86.3278, 36.9441 ], [ -86.3359, 36.9501 ], [ -86.3319, 36.9745 ], [ -86.3666, 36.9764 ], [ -86.361, 36.9861 ], [ -86.3678, 36.9918 ], [ -86.3849, 36.9887 ], [ -86.3651, 37.0072 ] ] ] } },
{ "type": "Feature", "properties": { "GEOIDFQ": "1400000US21101020300", "NAME": "203", "NAMELSAD": "Census Tract 203" }, "geometry": { "type": "Polygon", "coordinates": [ [ [ -87.5899, 37.8372 ], [ -87.577, 37.8307 ], [ -87.5767, 37.8241 ], [ -87.5931, 37.834 ], [ -87.5899, 37.8372 ] ] ] } },
{ "type": "Feature", "properties": { "GEOIDFQ": "1400000US21101020800", "NAME": "208", "NAMELSAD": "Census Tract 208" }, "geometry": { "type": "Polygon", "coordinates": [ [ [ -87.5978, 37.6735 ], [ -87.5807, 37.674 ], [ -87.5739, 37.6835 ], [ -87.5914, 37.7035 ], [ -87.5768, 37.7219 ], [ -87.5848, 37.7598 ], [ -87.5942, 37.7663 ], [ -87.5958, 37.7945 ], [ -87.5863, 37.8097 ], [ -87.5652, 37.7837 ], [ -87.5439, 37.7709 ], [ -87.5407, 37.758 ], [ -87.5171, 37.7453 ], [ -87.4977, 37.7457 ], [ -87.4708, 37.781 ], [ -87.456, 37.7744 ], [ -87.4429, 37.8024 ], [ -87.3965, 37.7809 ], [ -87.3775, 37.8021 ], [ -87.3674, 37.8012 ], [ -87.3521, 37.8103 ], [ -87.342, 37.8037 ], [ -87.3377, 37.8126 ], [ -87.3251, 37.8085 ], [ -87.3214, 37.8196 ], [ -87.3033, 37.8117 ], [ -87.3105, 37.799 ], [ -87.2992, 37.7953 ], [ -87.2973, 37.7852 ], [ -87.2716, 37.7829 ], [ -87.2909, 37.76 ], [ -87.3208, 37.7425 ], [ -87.3723, 37.7376 ], [ -87.3873, 37.73 ], [ -87.3952, 37.7217 ], [ -87.3961, 37.7025 ], [ -87.4184, 37.6709 ], [ -87.4677, 37.6669 ], [ -87.4953, 37.6475 ], [ -87.6026, 37.6458 ], [ -87.5978, 37.6735 ] ] ] } },
{ "type": "Feature", "properties": { "GEOIDFQ": "1400000US21043960700", "NAME": "9607", "NAMELSAD": "Census Tract 9607" }, "geometry": { "type": "Polygon", "coordinates": [ [ [ -83.0033, 38.2157 ], [ -83.0093, 38.2234 ], [ -83.0072, 38.2375 ], [ -82.9856, 38.234 ], [ -82.9904, 38.2394 ], [ -82.9845, 38.2509 ], [ -82.9947, 38.2546 ], [ -82.984, 38.2703 ], [ -82.9972, 38.2724 ], [ -82.9895, 38.2883 ], [ -82.9669, 38.2873 ], [ -82.9656, 38.2978 ], [ -82.954, 38.2852 ], [ -82.9433, 38.3054 ], [ -82.9359, 38.2935 ], [ -82.9307, 38.2978 ], [ -82.9218, 38.2906 ], [ -82.9269, 38.3072 ], [ -82.9193, 38.3106 ], [ -82.8872, 38.3137 ], [ -82.875, 38.3085 ], [ -82.8541, 38.3197 ], [ -82.8423, 38.3135 ], [ -82.8221, 38.3151 ], [ -82.8098, 38.3202 ], [ -82.8036, 38.3341 ], [ -82.7821, 38.3351 ], [ -82.7946, 38.2406 ], [ -82.8216, 38.2324 ], [ -82.814, 38.2173 ], [ -82.8517, 38.1909 ], [ -82.8838, 38.196 ], [ -82.8975, 38.1828 ], [ -82.9443, 38.1684 ], [ -82.957, 38.1746 ], [ -82.9757, 38.172 ], [ -82.9894, 38.1793 ], [ -82.99, 38.1904 ], [ -83.0092, 38.1936 ], [ -83.0121, 38.2157 ], [ -83.0033, 38.2157 ] ] ] } },
{ "type": "Feature", "properties": { "GEOIDFQ": "1400000US21053970202", "NAME": "9702.02", "NAMELSAD": "Census Tract 9702.02" }, "geometry": { "type": "Polygon", "coordinates": [ [ [ -85.1794, 36.6536 ], [ -85.132, 36.6782 ], [ -85.134, 36.7078 ], [ -85.1157, 36.7159 ], [ -85.0932, 36.7426 ], [ -85.0389, 36.7607 ], [ -85.0099, 36.7437 ], [ -85.0199, 36.7199 ], [ -85.0136, 36.7138 ], [ -85.0205, 36.6944 ], [ -85.0013, 36.6767 ], [ -85.0095, 36.6693 ], [ -84.9982, 36.6634 ], [ -84.9974, 36.6488 ], [ -85.0045, 36.6401 ], [ -84.9995, 36.6246 ], [ -84.9748, 36.6155 ], [ -85.2036, 36.6258 ], [ -85.1794, 36.6536 ] ] ] } },
{ "type": "Feature", "properties": { "GEOIDFQ": "1400000US21009950300", "NAME": "9503", "NAMELSAD": "Census Tract 9503" }, "geometry": { "type": "Polygon", "coordinates": [ [ [ -86.0743, 37.0533 ], [ -86.0641, 37.1188 ], [ -86.0546, 37.098 ], [ -85.9782, 37.1356 ], [ -85.9615, 37.1263 ], [ -85.973, 37.0935 ], [ -85.9386, 37.0271 ], [ -85.9462, 37.0192 ], [ -85.9477, 37.0285 ], [ -85.9632, 37.0248 ], [ -85.9837, 37.0337 ], [ -86.0017, 37.0341 ], [ -85.989, 37.0121 ], [ -85.9753, 37.0081 ], [ -85.9742, 37.0024 ], [ -85.9888, 36.9953 ], [ -86.0675, 37.0423 ], [ -86.1143, 37.0592 ], [ -86.0743, 37.0533 ] ] ] } },
{ "type": "Feature", "properties": { "GEOIDFQ": "1400000US21009950800", "NAME": "9508", "NAMELSAD": "Census Tract 9508" }, "geometry": { "type": "Polygon", "coordinates": [ [ [ -85.891, 36.9198 ], [ -85.8832, 36.9132 ], [ -85.8678, 36.9185 ], [ -85.8783, 36.9377 ], [ -85.8537, 36.9504 ], [ -85.8483, 36.9643 ], [ -85.829, 36.9698 ], [ -85.8342, 36.9937 ], [ -85.8214, 36.9896 ], [ -85.8234, 36.9962 ], [ -85.7497, 36.9958 ], [ -85.7393, 36.8415 ], [ -85.7723, 36.8363 ], [ -85.8254, 36.8109 ], [ -85.8286, 36.8381 ], [ -85.8581, 36.8713 ], [ -85.856, 36.88 ], [ -85.8674, 36.8784 ], [ -85.8756, 36.8837 ], [ -85.8693, 36.8906 ], [ -85.8843, 36.89 ], [ -85.8914, 36.9002 ], [ -85.8962, 36.8944 ], [ -85.8949, 36.9063 ], [ -85.9076, 36.9068 ], [ -85.891, 36.9198 ] ] ] } },
{ "type": "Feature", "properties": { "GEOIDFQ": "1400000US21185030401", "NAME": "304.01", "NAMELSAD": "Census Tract 304.01" }, "geometry": { "type": "Polygon", "coordinates": [ [ [ -85.3731, 38.399 ], [ -85.3691, 38.3965 ], [ -85.3565, 38.368 ], [ -85.3389, 38.3567 ], [ -85.3465, 38.3237 ], [ -85.3252, 38.3099 ], [ -85.3518, 38.3031 ], [ -85.3861, 38.308 ], [ -85.3758, 38.3136 ], [ -85.391, 38.3473 ], [ -85.4073, 38.3504 ], [ -85.4112, 38.3629 ], [ -85.4206, 38.3624 ], [ -85.4272, 38.3761 ], [ -85.3731, 38.399 ] ] ] } },
{ "type": "Feature", "properties": { "GEOIDFQ": "1400000US21185030402", "NAME": "304.02", "NAMELSAD": "Census Tract 304.02" }, "geometry": { "type": "Polygon", "coordinates": [ [ [ -85.3282, 38.4218 ], [ -85.3251, 38.4039 ], [ -85.2831, 38.3581 ], [ -85.3245, 38.3101 ], [ -85.3465, 38.3236 ], [ -85.3389, 38.3567 ], [ -85.3565, 38.368 ], [ -85.3648, 38.3929 ], [ -85.3731, 38.399 ], [ -85.3282, 38.4218 ] ] ] } },
{ "type": "Feature", "properties": { "GEOIDFQ": "1400000US21199930600", "NAME": "9306", "NAMELSAD": "Census Tract 9306" }, "geometry": { "type": "Polygon", "coordinates": [ [ [ -84.6196, 37.0948 ], [ -84.609, 37.0821 ], [ -84.5997, 37.0886 ], [ -84.5844, 37.0863 ], [ -84.5658, 37.0606 ], [ -84.5702, 37.05 ], [ -84.5836, 37.0396 ], [ -84.5873, 37.0459 ], [ -84.5994, 37.0453 ], [ -84.6119, 37.053 ], [ -84.6263, 37.0434 ], [ -84.6196, 37.0948 ] ] ] } },
{ "type": "Feature", "properties": { "GEOIDFQ": "1400000US21199930700", "NAME": "9307", "NAMELSAD": "Census Tract 9307" }, "geometry": { "type": "Polygon", "coordinates": [ [ [ -84.6042, 37.1023 ], [ -84.5697, 37.1001 ], [ -84.5631, 37.0888 ], [ -84.5672, 37.0707 ], [ -84.5701, 37.068 ], [ -84.5899, 37.0891 ], [ -84.609, 37.0821 ], [ -84.6179, 37.0961 ], [ -84.6042, 37.1023 ] ] ] } },
{ "type": "Feature", "properties": { "GEOIDFQ": "1400000US21101020200", "NAME": "202", "NAMELSAD": "Census Tract 202" }, "geometry": { "type": "Polygon", "coordinates": [ [ [ -87.5876, 37.8439 ], [ -87.5706, 37.837 ], [ -87.5682, 37.8303 ], [ -87.5754, 37.8234 ], [ -87.577, 37.8307 ], [ -87.5915, 37.838 ], [ -87.5876, 37.8439 ] ] ] } },
{ "type": "Feature", "properties": { "GEOIDFQ": "1400000US21177960400", "NAME": "9604", "NAMELSAD": "Census Tract 9604" }, "geometry": { "type": "Polygon", "coordinates": [ [ [ -87.3775, 37.2853 ], [ -87.3862, 37.2954 ], [ -87.372, 37.2992 ], [ -87.38, 37.3111 ], [ -87.3722, 37.31 ], [ -87.3692, 37.3174 ], [ -87.3635, 37.3001 ], [ -87.3212, 37.3029 ], [ -87.2815, 37.2781 ], [ -87.26, 37.284 ], [ -87.2461, 37.2792 ], [ -87.2276, 37.291 ], [ -87.2108, 37.2917 ], [ -87.2115, 37.2646 ], [ -87.1979, 37.2534 ], [ -87.1423, 37.2741 ], [ -87.1519, 37.2358 ], [ -87.1667, 37.224 ], [ -87.1868, 37.2196 ], [ -87.1975, 37.2041 ], [ -87.2395, 37.1772 ], [ -87.2606, 37.1496 ], [ -87.263, 37.1418 ], [ -87.2522, 37.1324 ], [ -87.2555, 37.1258 ], [ -87.2655, 37.124 ], [ -87.2685, 37.1014 ], [ -87.2799, 37.0885 ], [ -87.2843, 37.108 ], [ -87.2999, 37.1133 ], [ -87.3053, 37.1065 ], [ -87.3172, 37.1124 ], [ -87.3127, 37.1141 ], [ -87.3243, 37.133 ], [ -87.3344, 37.1322 ], [ -87.3273, 37.1404 ], [ -87.3347, 37.148 ], [ -87.3294, 37.1543 ], [ -87.3336, 37.1615 ], [ -87.3246, 37.1638 ], [ -87.3274, 37.1707 ], [ -87.3179, 37.1727 ], [ -87.319, 37.177 ], [ -87.3123, 37.1757 ], [ -87.3176, 37.1857 ], [ -87.3114, 37.1852 ], [ -87.3079, 37.1947 ], [ -87.3206, 37.2006 ], [ -87.3251, 37.1967 ], [ -87.3348, 37.2112 ], [ -87.3387, 37.2076 ], [ -87.3457, 37.2123 ], [ -87.3424, 37.2158 ], [ -87.3496, 37.2147 ], [ -87.3468, 37.2235 ], [ -87.3582, 37.2312 ], [ -87.3542, 37.236 ], [ -87.3721, 37.2428 ], [ -87.3641, 37.249 ], [ -87.3841, 37.2525 ], [ -87.3889, 37.2619 ], [ -87.3775, 37.2853 ] ] ] } },
{ "type": "Feature", "properties": { "GEOIDFQ": "1400000US21177960700", "NAME": "9607", "NAMELSAD": "Census Tract 9607" }, "geometry": { "type": "Polygon", "coordinates": [ [ [ -87.1011, 37.1891 ], [ -87.1074, 37.2096 ], [ -87.0507, 37.2348 ], [ -87.0527, 37.257 ], [ -87.0432, 37.2886 ], [ -86.9953, 37.3046 ], [ -86.9825, 37.2952 ], [ -86.9838, 37.2726 ], [ -86.9715, 37.258 ], [ -86.9566, 37.2601 ], [ -86.9431, 37.2377 ], [ -86.9232, 37.2415 ], [ -86.9123, 37.2374 ], [ -86.9094, 37.2334 ], [ -86.9186, 37.2327 ], [ -86.9193, 37.2252 ], [ -86.9078, 37.2226 ], [ -86.8993, 37.2123 ], [ -86.9239, 37.2125 ], [ -86.9366, 37.2042 ], [ -86.9728, 37.1992 ], [ -86.9969, 37.1713 ], [ -87.0429, 37.1503 ], [ -87.049, 37.1355 ], [ -87.0653, 37.1495 ], [ -87.1125, 37.1631 ], [ -87.1011, 37.1891 ] ] ] } },
{ "type": "Feature", "properties": { "GEOIDFQ": "1400000US21177960800", "NAME": "9608", "NAMELSAD": "Census Tract 9608" }, "geometry": { "type": "Polygon", "coordinates": [ [ [ -87.0671, 37.1222 ], [ -87.051, 37.1318 ], [ -87.0429, 37.1503 ], [ -86.9969, 37.1713 ], [ -86.9728, 37.1992 ], [ -86.902, 37.2138 ], [ -86.9016, 37.192 ], [ -86.909, 37.1914 ], [ -86.9015, 37.1846 ], [ -86.8907, 37.1851 ], [ -86.8983, 37.1764 ], [ -86.9222, 37.1802 ], [ -86.9239, 37.1453 ], [ -86.9386, 37.1371 ], [ -86.9236, 37.1429 ], [ -86.9128, 37.1359 ], [ -86.916, 37.1258 ], [ -86.9072, 37.1266 ], [ -86.9045, 37.1343 ], [ -86.8974, 37.132 ], [ -86.9025, 37.1297 ], [ -86.8973, 37.1172 ], [ -86.8813, 37.1123 ], [ -86.9016, 37.1125 ], [ -86.9058, 37.1073 ], [ -86.8994, 37.1068 ], [ -86.904, 37.1015 ], [ -86.8988, 37.1042 ], [ -86.9019, 37.099 ], [ -86.8958, 37.0989 ], [ -86.9001, 37.0954 ], [ -86.8941, 37.0883 ], [ -86.9214, 37.0781 ], [ -86.9408, 37.0785 ], [ -86.9414, 37.069 ], [ -86.9764, 37.0736 ], [ -87.0646, 37.0582 ], [ -87.061, 37.0668 ], [ -87.079, 37.073 ], [ -87.0754, 37.0888 ], [ -87.0808, 37.0902 ], [ -87.0671, 37.1222 ] ] ] } },
{ "type": "Feature", "properties": { "GEOIDFQ": "1400000US21177960500", "NAME": "9605", "NAMELSAD": "Census Tract 9605" }, "geometry": { "type": "Polygon", "coordinates": [ [ [ -87.1857, 37.2203 ], [ -87.1263, 37.2433 ], [ -87.1202, 37.2433 ], [ -87.1206, 37.2364 ], [ -87.0985, 37.2158 ], [ -87.1129, 37.1978 ], [ -87.1565, 37.2059 ], [ -87.1704, 37.2052 ], [ -87.1835, 37.1969 ], [ -87.205, 37.2003 ], [ -87.1857, 37.2203 ] ] ] } },
{ "type": "Feature", "properties": { "GEOIDFQ": "1400000US21177960300", "NAME": "9603", "NAMELSAD": "Census Tract 9603" }, "geometry": { "type": "Polygon", "coordinates": [ [ [ -87.3472, 37.3095 ], [ -87.3394, 37.3138 ], [ -87.3439, 37.3238 ], [ -87.3346, 37.3261 ], [ -87.3382, 37.336 ], [ -87.3304, 37.3441 ], [ -87.3203, 37.3447 ], [ -87.3123, 37.3632 ], [ -87.2992, 37.3687 ], [ -87.31, 37.3768 ], [ -87.296, 37.3918 ], [ -87.2161, 37.3805 ], [ -87.1814, 37.4051 ], [ -87.174, 37.4017 ], [ -87.1612, 37.336 ], [ -87.1789, 37.3127 ], [ -87.1955, 37.3067 ], [ -87.2037, 37.2922 ], [ -87.2276, 37.291 ], [ -87.2461, 37.2792 ], [ -87.26, 37.284 ], [ -87.2815, 37.2781 ], [ -87.3212, 37.3029 ], [ -87.3635, 37.3001 ], [ -87.3692, 37.3174 ], [ -87.3472, 37.3095 ] ] ] } },
{ "type": "Feature", "properties": { "GEOIDFQ": "1400000US21199930200", "NAME": "9302", "NAMELSAD": "Census Tract 9302" }, "geometry": { "type": "Polygon", "coordinates": [ [ [ -84.6892, 37.2608 ], [ -84.6957, 37.2459 ], [ -84.6693, 37.2418 ], [ -84.6707, 37.2329 ], [ -84.6529, 37.2325 ], [ -84.642, 37.2224 ], [ -84.6297, 37.2306 ], [ -84.5989, 37.2148 ], [ -84.5902, 37.1947 ], [ -84.6026, 37.1868 ], [ -84.5933, 37.1609 ], [ -84.6077, 37.1632 ], [ -84.6127, 37.1554 ], [ -84.6291, 37.1566 ], [ -84.6324, 37.1449 ], [ -84.6516, 37.1494 ], [ -84.6496, 37.1369 ], [ -84.6587, 37.1309 ], [ -84.6941, 37.1402 ], [ -84.7034, 37.1338 ], [ -84.7157, 37.1387 ], [ -84.7086, 37.1451 ], [ -84.7274, 37.1576 ], [ -84.7348, 37.1532 ], [ -84.7468, 37.1614 ], [ -84.7574, 37.1596 ], [ -84.766, 37.1715 ], [ -84.8062, 37.1773 ], [ -84.6892, 37.2608 ] ] ] } },
{ "type": "Feature", "properties": { "GEOIDFQ": "1400000US21199931000", "NAME": "9310", "NAMELSAD": "Census Tract 9310" }, "geometry": { "type": "Polygon", "coordinates": [ [ [ -84.5103, 37.1057 ], [ -84.4904, 37.1057 ], [ -84.4816, 37.0961 ], [ -84.4714, 37.0959 ], [ -84.4567, 37.0995 ], [ -84.4538, 37.1131 ], [ -84.4455, 37.1142 ], [ -84.4311, 37.0998 ], [ -84.399, 37.0958 ], [ -84.3827, 37.0673 ], [ -84.3756, 37.0669 ], [ -84.3694, 37.0794 ], [ -84.3585, 37.0799 ], [ -84.3501, 37.0887 ], [ -84.3334, 37.0863 ], [ -84.3203, 37.0779 ], [ -84.3252, 37.0622 ], [ -84.3159, 37.0544 ], [ -84.3173, 37.0408 ], [ -84.3029, 37.0407 ], [ -84.311, 37.0241 ], [ -84.3205, 37.0287 ], [ -84.3318, 37.025 ], [ -84.3139, 37.0083 ], [ -84.315, 37.0015 ], [ -84.35, 36.9891 ], [ -84.3447, 36.9717 ], [ -84.3546, 36.961 ], [ -84.3682, 36.9626 ], [ -84.3866, 36.9515 ], [ -84.4202, 36.9481 ], [ -84.4413, 36.9642 ], [ -84.4407, 36.9871 ], [ -84.4489, 36.9849 ], [ -84.4466, 36.9734 ], [ -84.4533, 36.9686 ], [ -84.4742, 36.9906 ], [ -84.4874, 36.9761 ], [ -84.4947, 36.9806 ], [ -84.4923, 36.999 ], [ -84.4773, 37.0055 ], [ -84.4884, 37.0192 ], [ -84.4755, 37.0221 ], [ -84.4767, 37.0366 ], [ -84.4828, 37.0458 ], [ -84.4933, 37.0462 ], [ -84.4883, 37.0564 ], [ -84.5058, 37.054 ], [ -84.5228, 37.064 ], [ -84.5315, 37.0859 ], [ -84.5103, 37.1057 ] ] ] } },
{ "type": "Feature", "properties": { "GEOIDFQ": "1400000US21199930900", "NAME": "9309", "NAMELSAD": "Census Tract 9309" }, "geometry": { "type": "Polygon", "coordinates": [ [ [ -84.5226, 37.1258 ], [ -84.5228, 37.1503 ], [ -84.4976, 37.1594 ], [ -84.4731, 37.1856 ], [ -84.4639, 37.2039 ], [ -84.4675, 37.2237 ], [ -84.4576, 37.2249 ], [ -84.4651, 37.2264 ], [ -84.4671, 37.236 ], [ -84.4504, 37.2433 ], [ -84.4556, 37.254 ], [ -84.4436, 37.2515 ], [ -84.4464, 37.2565 ], [ -84.4373, 37.2569 ], [ -84.4433, 37.2628 ], [ -84.4367, 37.2719 ], [ -84.2921, 37.1609 ], [ -84.2895, 37.1291 ], [ -84.2969, 37.1216 ], [ -84.2786, 37.1188 ], [ -84.293, 37.1136 ], [ -84.2802, 37.1019 ], [ -84.2848, 37.0893 ], [ -84.3007, 37.088 ], [ -84.3033, 37.0802 ], [ -84.3246, 37.0675 ], [ -84.321, 37.0791 ], [ -84.3437, 37.09 ], [ -84.3585, 37.0799 ], [ -84.3673, 37.081 ], [ -84.3756, 37.0669 ], [ -84.3828, 37.0674 ], [ -84.399, 37.0958 ], [ -84.4311, 37.0998 ], [ -84.4455, 37.1142 ], [ -84.4538, 37.1131 ], [ -84.4569, 37.0994 ], [ -84.4801, 37.0956 ], [ -84.4903, 37.1057 ], [ -84.5081, 37.1041 ], [ -84.5114, 37.1107 ], [ -84.5307, 37.1139 ], [ -84.5226, 37.1258 ] ] ] } },
{ "type": "Feature", "properties": { "GEOIDFQ": "1400000US21177960100", "NAME": "9601", "NAMELSAD": "Census Tract 9601" }, "geometry": { "type": "Polygon", "coordinates": [ [ [ -87.1423, 37.2741 ], [ -87.0881, 37.2871 ], [ -87.0987, 37.3215 ], [ -87.1125, 37.3243 ], [ -87.1014, 37.3297 ], [ -87.0874, 37.3598 ], [ -87.0698, 37.3705 ], [ -87.0226, 37.3586 ], [ -86.9867, 37.3223 ], [ -86.9883, 37.3027 ], [ -87.0429, 37.2889 ], [ -87.0527, 37.257 ], [ -87.0508, 37.2346 ], [ -87.0985, 37.2158 ], [ -87.1206, 37.2364 ], [ -87.1202, 37.2433 ], [ -87.1517, 37.2361 ], [ -87.1423, 37.2741 ] ] ] } },
{ "type": "Feature", "properties": { "GEOIDFQ": "1400000US21177960900", "NAME": "9609", "NAMELSAD": "Census Tract 9609" }, "geometry": { "type": "Polygon", "coordinates": [ [ [ -87.2686, 37.1012 ], [ -87.2655, 37.1241 ], [ -87.2555, 37.1258 ], [ -87.2339, 37.1507 ], [ -87.2113, 37.161 ], [ -87.2031, 37.1619 ], [ -87.1952, 37.1516 ], [ -87.1783, 37.1457 ], [ -87.1539, 37.1496 ], [ -87.1406, 37.1436 ], [ -87.1125, 37.1629 ], [ -87.0653, 37.1495 ], [ -87.0491, 37.1356 ], [ -87.0671, 37.1222 ], [ -87.0808, 37.0902 ], [ -87.0753, 37.0881 ], [ -87.0795, 37.0736 ], [ -87.061, 37.0668 ], [ -87.0619, 37.0606 ], [ -87.1181, 37.0447 ], [ -87.2503, 37.0406 ], [ -87.2509, 37.0494 ], [ -87.2621, 37.0527 ], [ -87.2438, 37.0576 ], [ -87.2547, 37.0697 ], [ -87.2518, 37.0755 ], [ -87.261, 37.0714 ], [ -87.2615, 37.0774 ], [ -87.2654, 37.0701 ], [ -87.268, 37.0742 ], [ -87.2741, 37.0705 ], [ -87.286, 37.0871 ], [ -87.2686, 37.1012 ] ] ] } },
{ "type": "Feature", "properties": { "GEOIDFQ": "1400000US21177960600", "NAME": "9606", "NAMELSAD": "Census Tract 9606" }, "geometry": { "type": "Polygon", "coordinates": [ [ [ -87.2395, 37.1772 ], [ -87.2056, 37.2 ], [ -87.1835, 37.1969 ], [ -87.1704, 37.2052 ], [ -87.1565, 37.2059 ], [ -87.1276, 37.1975 ], [ -87.1057, 37.2002 ], [ -87.1011, 37.1891 ], [ -87.1127, 37.1625 ], [ -87.1387, 37.1439 ], [ -87.1539, 37.1496 ], [ -87.1621, 37.1454 ], [ -87.1896, 37.1485 ], [ -87.2046, 37.1621 ], [ -87.2338, 37.1508 ], [ -87.2522, 37.1324 ], [ -87.2628, 37.1422 ], [ -87.2395, 37.1772 ] ] ] } },
{ "type": "Feature", "properties": { "GEOIDFQ": "1400000US21079970400", "NAME": "9704", "NAMELSAD": "Census Tract 9704" }, "geometry": { "type": "Polygon", "coordinates": [ [ [ -84.5406, 37.5721 ], [ -84.5242, 37.5772 ], [ -84.5158, 37.5707 ], [ -84.4982, 37.5695 ], [ -84.4995, 37.5942 ], [ -84.4769, 37.5991 ], [ -84.4844, 37.6264 ], [ -84.4535, 37.6496 ], [ -84.4285, 37.6562 ], [ -84.43, 37.6431 ], [ -84.4179, 37.6412 ], [ -84.4253, 37.6403 ], [ -84.4253, 37.6351 ], [ -84.412, 37.6318 ], [ -84.4226, 37.6185 ], [ -84.4011, 37.6175 ], [ -84.3975, 37.6 ], [ -84.3753, 37.5955 ], [ -84.3709, 37.5722 ], [ -84.3517, 37.5526 ], [ -84.348, 37.5362 ], [ -84.3613, 37.514 ], [ -84.3547, 37.4994 ], [ -84.3744, 37.4727 ], [ -84.4467, 37.4859 ], [ -84.4526, 37.4929 ], [ -84.4732, 37.4944 ], [ -84.548, 37.5451 ], [ -84.5406, 37.5721 ] ] ] } },
{ "type": "Feature", "properties": { "GEOIDFQ": "1400000US21043960100", "NAME": "9601", "NAMELSAD": "Census Tract 9601" }, "geometry": { "type": "Polygon", "coordinates": [ [ [ -83.3123, 38.3337 ], [ -83.2848, 38.3237 ], [ -83.2553, 38.3302 ], [ -83.2522, 38.3204 ], [ -83.2408, 38.3184 ], [ -83.2304, 38.29 ], [ -83.1988, 38.2746 ], [ -83.2009, 38.2672 ], [ -83.19, 38.2516 ], [ -83.2025, 38.2504 ], [ -83.2182, 38.2371 ], [ -83.2209, 38.2097 ], [ -83.2333, 38.1931 ], [ -83.2631, 38.1907 ], [ -83.2742, 38.1955 ], [ -83.2759, 38.2042 ], [ -83.2865, 38.206 ], [ -83.2877, 38.2155 ], [ -83.3011, 38.2097 ], [ -83.2972, 38.2179 ], [ -83.307, 38.2256 ], [ -83.3127, 38.2438 ], [ -83.3079, 38.2524 ], [ -83.3349, 38.2866 ], [ -83.3262, 38.2907 ], [ -83.3414, 38.3185 ], [ -83.3123, 38.3337 ] ] ] } },
{ "type": "Feature", "properties": { "GEOIDFQ": "1400000US21043960400", "NAME": "9604", "NAMELSAD": "Census Tract 9604" }, "geometry": { "type": "Polygon", "coordinates": [ [ [ -83.2372, 38.4265 ], [ -83.2075, 38.4412 ], [ -83.2135, 38.4545 ], [ -83.2, 38.454 ], [ -83.1976, 38.4649 ], [ -83.1864, 38.4694 ], [ -83.1885, 38.4961 ], [ -83.1653, 38.5046 ], [ -83.1383, 38.4974 ], [ -83.1073, 38.4805 ], [ -83.0894, 38.4805 ], [ -83.0666, 38.4661 ], [ -83.052, 38.4655 ], [ -83.0078, 38.426 ], [ -83.0234, 38.4127 ], [ -83.0228, 38.4197 ], [ -83.0356, 38.4176 ], [ -83.0467, 38.3987 ], [ -83.039, 38.3899 ], [ -83.0534, 38.3831 ], [ -83.0562, 38.3877 ], [ -83.0686, 38.3846 ], [ -83.0718, 38.3756 ], [ -83.0853, 38.3768 ], [ -83.078, 38.3686 ], [ -83.0836, 38.3645 ], [ -83.0911, 38.3729 ], [ -83.0987, 38.373 ], [ -83.0972, 38.3664 ], [ -83.107, 38.3695 ], [ -83.1114, 38.3614 ], [ -83.1157, 38.3662 ], [ -83.1347, 38.3669 ], [ -83.1341, 38.3625 ], [ -83.1635, 38.3498 ], [ -83.2035, 38.3587 ], [ -83.2371, 38.3559 ], [ -83.2314, 38.3842 ], [ -83.2387, 38.3976 ], [ -83.2372, 38.4265 ] ] ] } },
{ "type": "Feature", "properties": { "GEOIDFQ": "1400000US21043960300", "NAME": "9603", "NAMELSAD": "Census Tract 9603" }, "geometry": { "type": "Polygon", "coordinates": [ [ [ -83.1426, 38.2574 ], [ -83.1259, 38.2881 ], [ -83.1499, 38.2994 ], [ -83.1456, 38.3156 ], [ -83.14, 38.313 ], [ -83.1389, 38.3187 ], [ -83.1254, 38.3216 ], [ -83.1254, 38.3333 ], [ -83.1182, 38.3331 ], [ -83.1235, 38.3387 ], [ -83.1154, 38.3437 ], [ -83.1215, 38.3464 ], [ -83.1209, 38.3582 ], [ -83.1083, 38.3588 ], [ -83.1144, 38.3614 ], [ -83.1149, 38.3651 ], [ -83.111, 38.3615 ], [ -83.1048, 38.37 ], [ -83.0972, 38.3664 ], [ -83.098, 38.3732 ], [ -83.0836, 38.3645 ], [ -83.078, 38.3686 ], [ -83.0853, 38.3768 ], [ -83.0709, 38.3759 ], [ -83.0688, 38.3844 ], [ -83.0552, 38.3874 ], [ -83.0672, 38.3694 ], [ -83.0213, 38.3275 ], [ -83.0336, 38.3266 ], [ -83.033, 38.3108 ], [ -83.0147, 38.3081 ], [ -82.9913, 38.2875 ], [ -82.9972, 38.2724 ], [ -82.984, 38.2703 ], [ -82.9947, 38.2546 ], [ -82.9845, 38.2509 ], [ -82.9904, 38.2394 ], [ -82.9864, 38.2325 ], [ -83.0072, 38.2375 ], [ -83.0093, 38.2234 ], [ -83.0033, 38.2157 ], [ -83.0119, 38.2167 ], [ -83.0091, 38.2072 ], [ -83.0271, 38.1955 ], [ -83.0403, 38.1994 ], [ -83.0511, 38.1791 ], [ -83.054, 38.191 ], [ -83.0758, 38.2064 ], [ -83.0839, 38.2229 ], [ -83.1017, 38.2261 ], [ -83.108, 38.2349 ], [ -83.1194, 38.2332 ], [ -83.155, 38.2588 ], [ -83.1426, 38.2574 ] ] ] } },
{ "type": "Feature", "properties": { "GEOIDFQ": "1400000US21043960200", "NAME": "9602", "NAMELSAD": "Census Tract 9602" }, "geometry": { "type": "Polygon", "coordinates": [ [ [ -83.2307, 38.3393 ], [ -83.2289, 38.3443 ], [ -83.2379, 38.3491 ], [ -83.2373, 38.3588 ], [ -83.2326, 38.3546 ], [ -83.2035, 38.3587 ], [ -83.1635, 38.3498 ], [ -83.1341, 38.3625 ], [ -83.1347, 38.3669 ], [ -83.1157, 38.3662 ], [ -83.1081, 38.3595 ], [ -83.121, 38.358 ], [ -83.1215, 38.3464 ], [ -83.1154, 38.3437 ], [ -83.1235, 38.339 ], [ -83.1182, 38.3333 ], [ -83.1254, 38.3333 ], [ -83.125, 38.322 ], [ -83.1471, 38.3138 ], [ -83.1483, 38.296 ], [ -83.1253, 38.2901 ], [ -83.1426, 38.2574 ], [ -83.1778, 38.267 ], [ -83.1859, 38.2526 ], [ -83.1926, 38.252 ], [ -83.1988, 38.2746 ], [ -83.2303, 38.2899 ], [ -83.2408, 38.3184 ], [ -83.2484, 38.3175 ], [ -83.2556, 38.329 ], [ -83.2307, 38.3393 ] ] ] } },
{ "type": "Feature", "properties": { "GEOIDFQ": "1400000US21043960500", "NAME": "9605", "NAMELSAD": "Census Tract 9605" }, "geometry": { "type": "Polygon", "coordinates": [ [ [ -83.0598, 38.3823 ], [ -83.039, 38.3899 ], [ -83.0467, 38.3982 ], [ -83.0391, 38.4042 ], [ -83.0423, 38.4115 ], [ -83.0234, 38.4198 ], [ -83.0234, 38.4127 ], [ -83.0078, 38.426 ], [ -83.002, 38.4109 ], [ -82.9878, 38.4109 ], [ -82.9706, 38.3937 ], [ -82.9389, 38.4019 ], [ -82.9292, 38.397 ], [ -82.9118, 38.3987 ], [ -82.914, 38.3946 ], [ -82.9342, 38.3939 ], [ -82.9311, 38.3842 ], [ -82.946, 38.3305 ], [ -82.9671, 38.302 ], [ -82.9689, 38.287 ], [ -82.9913, 38.2871 ], [ -83.0147, 38.3081 ], [ -83.033, 38.3108 ], [ -83.0336, 38.3266 ], [ -83.0213, 38.3275 ], [ -83.0672, 38.3694 ], [ -83.0598, 38.3823 ] ] ] } },
{ "type": "Feature", "properties": { "GEOIDFQ": "1400000US21001970600", "NAME": "9706", "NAMELSAD": "Census Tract 9706" }, "geometry": { "type": "Polygon", "coordinates": [ [ [ -85.3324, 36.9773 ], [ -85.3423, 36.9924 ], [ -85.3344, 37.0028 ], [ -85.3207, 36.9983 ], [ -85.3097, 37.0017 ], [ -85.2934, 37.0206 ], [ -85.2714, 37.0284 ], [ -85.2713, 37.0522 ], [ -85.2642, 37.0521 ], [ -85.2628, 37.058 ], [ -85.2735, 37.0743 ], [ -85.2592, 37.0809 ], [ -85.2585, 37.0753 ], [ -85.2415, 37.0699 ], [ -85.2501, 37.0643 ], [ -85.2302, 37.0618 ], [ -85.2283, 37.0488 ], [ -85.2159, 37.0447 ], [ -85.2104, 37.0523 ], [ -85.19, 37.041 ], [ -85.177, 37.0513 ], [ -85.1587, 37.0425 ], [ -85.2058, 36.9969 ], [ -85.232, 36.9251 ], [ -85.3298, 36.9307 ], [ -85.3297, 36.9518 ], [ -85.3472, 36.9683 ], [ -85.3324, 36.9773 ] ] ] } },
{ "type": "Feature", "properties": { "GEOIDFQ": "1400000US21001970200", "NAME": "9702", "NAMELSAD": "Census Tract 9702" }, "geometry": { "type": "Polygon", "coordinates": [ [ [ -85.3803, 37.1683 ], [ -85.3078, 37.2273 ], [ -85.3147, 37.24 ], [ -85.3113, 37.2468 ], [ -85.3058, 37.2421 ], [ -85.2933, 37.2445 ], [ -85.2859, 37.2199 ], [ -85.2777, 37.2154 ], [ -85.2699, 37.2325 ], [ -85.2533, 37.2357 ], [ -85.2586, 37.208 ], [ -85.2267, 37.197 ], [ -85.2267, 37.1909 ], [ -85.2431, 37.182 ], [ -85.232, 37.1812 ], [ -85.233, 37.1736 ], [ -85.2835, 37.1573 ], [ -85.287, 37.1649 ], [ -85.3056, 37.1616 ], [ -85.308, 37.1532 ], [ -85.3105, 37.1571 ], [ -85.3264, 37.1472 ], [ -85.3237, 37.1302 ], [ -85.3305, 37.127 ], [ -85.343, 37.1314 ], [ -85.3471, 37.1287 ], [ -85.3372, 37.1231 ], [ -85.3521, 37.1163 ], [ -85.3638, 37.1188 ], [ -85.3581, 37.1229 ], [ -85.3622, 37.1271 ], [ -85.3715, 37.1237 ], [ -85.3898, 37.1318 ], [ -85.3815, 37.1195 ], [ -85.4059, 37.117 ], [ -85.4107, 37.1341 ], [ -85.4145, 37.1236 ], [ -85.4232, 37.1272 ], [ -85.4365, 37.1205 ], [ -85.4414, 37.1274 ], [ -85.4308, 37.1289 ], [ -85.4258, 37.139 ], [ -85.4462, 37.1404 ], [ -85.3803, 37.1683 ] ] ] } },
{ "type": "Feature", "properties": { "GEOIDFQ": "1400000US21001970500", "NAME": "9705", "NAMELSAD": "Census Tract 9705" }, "geometry": { "type": "Polygon", "coordinates": [ [ [ -85.4463, 37.1404 ], [ -85.4256, 37.1385 ], [ -85.4308, 37.1289 ], [ -85.4414, 37.1274 ], [ -85.439, 37.1213 ], [ -85.4232, 37.1272 ], [ -85.4145, 37.1236 ], [ -85.4102, 37.1341 ], [ -85.4059, 37.117 ], [ -85.3935, 37.1192 ], [ -85.371, 37.1102 ], [ -85.3533, 37.0925 ], [ -85.3641, 37.0842 ], [ -85.3728, 37.0498 ], [ -85.3617, 37.0487 ], [ -85.3887, 37.0221 ], [ -85.3425, 36.9958 ], [ -85.3324, 36.9773 ], [ -85.3472, 36.9683 ], [ -85.3297, 36.9518 ], [ -85.3298, 36.9307 ], [ -85.4518, 36.9381 ], [ -85.4418, 36.9541 ], [ -85.5036, 37.0077 ], [ -85.5227, 37.0673 ], [ -85.5267, 37.1094 ], [ -85.4463, 37.1404 ] ] ] } },
{ "type": "Feature", "properties": { "GEOIDFQ": "1400000US21001970100", "NAME": "9701", "NAMELSAD": "Census Tract 9701" }, "geometry": { "type": "Polygon", "coordinates": [ [ [ -85.2702, 37.2626 ], [ -85.2583, 37.2592 ], [ -85.247, 37.2645 ], [ -85.2236, 37.2625 ], [ -85.1993, 37.2677 ], [ -85.1846, 37.2936 ], [ -85.1884, 37.307 ], [ -85.1703, 37.3121 ], [ -85.0569, 37.257 ], [ -85.0534, 37.1966 ], [ -85.084, 37.1926 ], [ -85.1124, 37.2014 ], [ -85.1249, 37.1925 ], [ -85.1456, 37.1891 ], [ -85.1733, 37.1976 ], [ -85.1868, 37.1775 ], [ -85.1952, 37.1936 ], [ -85.2135, 37.179 ], [ -85.2417, 37.1803 ], [ -85.2259, 37.1944 ], [ -85.2586, 37.208 ], [ -85.2525, 37.2348 ], [ -85.2699, 37.2325 ], [ -85.2777, 37.2154 ], [ -85.2859, 37.2199 ], [ -85.2869, 37.2375 ], [ -85.2944, 37.2456 ], [ -85.2702, 37.2626 ] ] ] } },
{ "type": "Feature", "properties": { "GEOIDFQ": "1400000US21001970300", "NAME": "9703", "NAMELSAD": "Census Tract 9703" }, "geometry": { "type": "Polygon", "coordinates": [ [ [ -85.2592, 37.1688 ], [ -85.247, 37.1664 ], [ -85.233, 37.1736 ], [ -85.2323, 37.1811 ], [ -85.21, 37.1803 ], [ -85.1975, 37.1933 ], [ -85.1861, 37.1777 ], [ -85.1733, 37.1976 ], [ -85.1456, 37.1891 ], [ -85.1249, 37.1925 ], [ -85.1124, 37.2014 ], [ -85.084, 37.1926 ], [ -85.059, 37.1985 ], [ -85.0433, 37.186 ], [ -85.1587, 37.0425 ], [ -85.177, 37.0513 ], [ -85.1896, 37.041 ], [ -85.2053, 37.0451 ], [ -85.2104, 37.0523 ], [ -85.2162, 37.0447 ], [ -85.2312, 37.051 ], [ -85.2334, 37.064 ], [ -85.2427, 37.0606 ], [ -85.2522, 37.0659 ], [ -85.2412, 37.0672 ], [ -85.2446, 37.0745 ], [ -85.2372, 37.0811 ], [ -85.2207, 37.076 ], [ -85.2078, 37.0787 ], [ -85.1952, 37.1069 ], [ -85.234, 37.113 ], [ -85.2399, 37.1219 ], [ -85.2288, 37.1405 ], [ -85.2632, 37.1627 ], [ -85.2592, 37.1688 ] ] ] } },
{ "type": "Feature", "properties": { "GEOIDFQ": "1400000US21135930200", "NAME": "9302", "NAMELSAD": "Census Tract 9302" }, "geometry": { "type": "Polygon", "coordinates": [ [ [ -83.5031, 38.6308 ], [ -83.4751, 38.6244 ], [ -83.4204, 38.6383 ], [ -83.4249, 38.6456 ], [ -83.4182, 38.6617 ], [ -83.4363, 38.6631 ], [ -83.4375, 38.6692 ], [ -83.3724, 38.6606 ], [ -83.3358, 38.6432 ], [ -83.3232, 38.6321 ], [ -83.3184, 38.6108 ], [ -83.3093, 38.6017 ], [ -83.2617, 38.5908 ], [ -83.2701, 38.5832 ], [ -83.2667, 38.5697 ], [ -83.2476, 38.5606 ], [ -83.2457, 38.5481 ], [ -83.2339, 38.5377 ], [ -83.2433, 38.5321 ], [ -83.2403, 38.5257 ], [ -83.2525, 38.5224 ], [ -83.2512, 38.5116 ], [ -83.2627, 38.5071 ], [ -83.2453, 38.4885 ], [ -83.2506, 38.479 ], [ -83.2425, 38.4737 ], [ -83.2606, 38.4667 ], [ -83.2587, 38.4773 ], [ -83.2915, 38.4858 ], [ -83.3028, 38.4814 ], [ -83.2993, 38.4917 ], [ -83.3121, 38.4985 ], [ -83.3101, 38.4904 ], [ -83.3229, 38.4952 ], [ -83.3154, 38.5018 ], [ -83.3292, 38.5106 ], [ -83.3347, 38.5079 ], [ -83.3308, 38.5164 ], [ -83.3412, 38.5215 ], [ -83.3466, 38.5178 ], [ -83.3423, 38.5084 ], [ -83.3512, 38.5049 ], [ -83.4021, 38.5203 ], [ -83.4228, 38.5343 ], [ -83.4284, 38.5497 ], [ -83.4217, 38.5627 ], [ -83.4331, 38.5727 ], [ -83.4597, 38.5766 ], [ -83.4905, 38.5927 ], [ -83.5111, 38.6273 ], [ -83.5031, 38.6308 ] ] ] } },
{ "type": "Feature", "properties": { "GEOIDFQ": "1400000US21079970300", "NAME": "9703", "NAMELSAD": "Census Tract 9703" }, "geometry": { "type": "Polygon", "coordinates": [ [ [ -84.6654, 37.6404 ], [ -84.648, 37.6418 ], [ -84.6039, 37.6223 ], [ -84.5363, 37.6108 ], [ -84.4995, 37.5942 ], [ -84.4982, 37.5695 ], [ -84.5158, 37.5707 ], [ -84.5242, 37.5772 ], [ -84.5406, 37.5721 ], [ -84.548, 37.5451 ], [ -84.6185, 37.5931 ], [ -84.6207, 37.6029 ], [ -84.6327, 37.601 ], [ -84.6436, 37.6126 ], [ -84.6488, 37.6101 ], [ -84.6523, 37.6185 ], [ -84.6457, 37.6241 ], [ -84.6409, 37.6188 ], [ -84.636, 37.6218 ], [ -84.6514, 37.6337 ], [ -84.65, 37.6401 ], [ -84.6668, 37.6345 ], [ -84.6654, 37.6404 ] ] ] } },
{ "type": "Feature", "properties": { "GEOIDFQ": "1400000US21093000500", "NAME": "5", "NAMELSAD": "Census Tract 5" }, "geometry": { "type": "Polygon", "coordinates": [ [ [ -85.9454, 37.8615 ], [ -85.9438, 37.8529 ], [ -85.9086, 37.8299 ], [ -85.9269, 37.8232 ], [ -85.9561, 37.8618 ], [ -85.9454, 37.8615 ] ] ] } },
{ "type": "Feature", "properties": { "GEOIDFQ": "1400000US21149970200", "NAME": "9702", "NAMELSAD": "Census Tract 9702" }, "geometry": { "type": "Polygon", "coordinates": [ [ [ -87.4728, 37.6649 ], [ -87.4205, 37.6702 ], [ -87.4085, 37.6836 ], [ -87.1922, 37.5981 ], [ -87.1931, 37.5789 ], [ -87.2081, 37.5557 ], [ -87.1894, 37.5523 ], [ -87.1904, 37.534 ], [ -87.2087, 37.5135 ], [ -87.1818, 37.4956 ], [ -87.201, 37.4648 ], [ -87.2235, 37.4717 ], [ -87.2337, 37.4906 ], [ -87.2501, 37.4938 ], [ -87.2836, 37.4878 ], [ -87.3135, 37.5098 ], [ -87.3402, 37.5149 ], [ -87.3495, 37.5093 ], [ -87.3543, 37.5281 ], [ -87.3667, 37.5341 ], [ -87.3604, 37.5493 ], [ -87.382, 37.5804 ], [ -87.397, 37.5893 ], [ -87.4593, 37.5929 ], [ -87.481, 37.5999 ], [ -87.4993, 37.6267 ], [ -87.4999, 37.6388 ], [ -87.4728, 37.6649 ] ] ] } },
{ "type": "Feature", "properties": { "GEOIDFQ": "1400000US21149970100", "NAME": "9701", "NAMELSAD": "Census Tract 9701" }, "geometry": { "type": "Polygon", "coordinates": [ [ [ -87.1904, 37.534 ], [ -87.1894, 37.5523 ], [ -87.2081, 37.5557 ], [ -87.1931, 37.5789 ], [ -87.1922, 37.5981 ], [ -87.1388, 37.5756 ], [ -87.0955, 37.5669 ], [ -87.0649, 37.5726 ], [ -87.0383, 37.5608 ], [ -87.1133, 37.4715 ], [ -87.1243, 37.4869 ], [ -87.1569, 37.4859 ], [ -87.2087, 37.5139 ], [ -87.1904, 37.534 ] ] ] } },
{ "type": "Feature", "properties": { "GEOIDFQ": "1400000US21117061600", "NAME": "616", "NAMELSAD": "Census Tract 616" }, "geometry": { "type": "Polygon", "coordinates": [ [ [ -84.5257, 39.0786 ], [ -84.5271, 39.0893 ], [ -84.5228, 39.0876 ], [ -84.5208, 39.0669 ], [ -84.531, 39.0798 ], [ -84.5257, 39.0786 ] ] ] } },
{ "type": "Feature", "properties": { "GEOIDFQ": "1400000US21213970300", "NAME": "9703", "NAMELSAD": "Census Tract 9703" }, "geometry": { "type": "Polygon", "coordinates": [ [ [ -86.7043, 36.8097 ], [ -86.6907, 36.8443 ], [ -86.6559, 36.8763 ], [ -86.6116, 36.8831 ], [ -86.5833, 36.8303 ], [ -86.5482, 36.8264 ], [ -86.569, 36.783 ], [ -86.5786, 36.7491 ], [ -86.578, 36.7221 ], [ -86.6364, 36.7307 ], [ -86.6576, 36.741 ], [ -86.6991, 36.7401 ], [ -86.7406, 36.755 ], [ -86.7043, 36.8097 ] ] ] } },
{ "type": "Feature", "properties": { "GEOIDFQ": "1400000US21213970100", "NAME": "9701", "NAMELSAD": "Census Tract 9701" }, "geometry": { "type": "Polygon", "coordinates": [ [ [ -86.5137, 36.7314 ], [ -86.4905, 36.7526 ], [ -86.4759, 36.7872 ], [ -86.473, 36.8171 ], [ -86.4005, 36.8072 ], [ -86.4087, 36.741 ], [ -86.4141, 36.7379 ], [ -86.4086, 36.7208 ], [ -86.4148, 36.7144 ], [ -86.409, 36.7092 ], [ -86.419, 36.6783 ], [ -86.4123, 36.6725 ], [ -86.4114, 36.6509 ], [ -86.5078, 36.6524 ], [ -86.5438, 36.6404 ], [ -86.5499, 36.6448 ], [ -86.5512, 36.638 ], [ -86.5639, 36.6336 ], [ -86.5712, 36.6395 ], [ -86.5137, 36.7314 ] ] ] } },
{ "type": "Feature", "properties": { "GEOIDFQ": "1400000US21213970200", "NAME": "9702", "NAMELSAD": "Census Tract 9702" }, "geometry": { "type": "Polygon", "coordinates": [ [ [ -86.5482, 36.8264 ], [ -86.473, 36.8171 ], [ -86.4758, 36.7874 ], [ -86.4898, 36.7541 ], [ -86.522, 36.7162 ], [ -86.578, 36.7221 ], [ -86.579, 36.7443 ], [ -86.5482, 36.8264 ] ] ] } },
{ "type": "Feature", "properties": { "GEOIDFQ": "1400000US21111011003", "NAME": "110.03", "NAMELSAD": "Census Tract 110.03" }, "geometry": { "type": "Polygon", "coordinates": [ [ [ -85.6407, 38.2112 ], [ -85.6235, 38.2004 ], [ -85.6492, 38.1932 ], [ -85.6599, 38.1991 ], [ -85.6407, 38.2112 ] ] ] } },
{ "type": "Feature", "properties": { "GEOIDFQ": "1400000US21195931900", "NAME": "9319", "NAMELSAD": "Census Tract 9319" }, "geometry": { "type": "Polygon", "coordinates": [ [ [ -82.4274, 37.3109 ], [ -82.4151, 37.3162 ], [ -82.4183, 37.3227 ], [ -82.4088, 37.3301 ], [ -82.4168, 37.3489 ], [ -82.411, 37.3634 ], [ -82.393, 37.3779 ], [ -82.3815, 37.3981 ], [ -82.3698, 37.3959 ], [ -82.3758, 37.3833 ], [ -82.3668, 37.3808 ], [ -82.3478, 37.3886 ], [ -82.3163, 37.3706 ], [ -82.3163, 37.3581 ], [ -82.3023, 37.3498 ], [ -82.2545, 37.3377 ], [ -82.3247, 37.283 ], [ -82.343, 37.2812 ], [ -82.349, 37.268 ], [ -82.3766, 37.2599 ], [ -82.38, 37.2754 ], [ -82.4029, 37.2982 ], [ -82.4175, 37.299 ], [ -82.4251, 37.2888 ], [ -82.4366, 37.2988 ], [ -82.4274, 37.3109 ] ] ] } },
{ "type": "Feature", "properties": { "GEOIDFQ": "1400000US21195931500", "NAME": "9315", "NAMELSAD": "Census Tract 9315" }, "geometry": { "type": "Polygon", "coordinates": [ [ [ -82.2945, 37.5797 ], [ -82.3023, 37.586 ], [ -82.288, 37.5966 ], [ -82.2778, 37.5968 ], [ -82.2689, 37.6112 ], [ -82.2746, 37.6167 ], [ -82.2578, 37.6368 ], [ -82.2733, 37.6634 ], [ -82.2562, 37.6566 ], [ -82.24, 37.6615 ], [ -82.217, 37.6419 ], [ -82.216, 37.6262 ], [ -82.2006, 37.6279 ], [ -82.1911, 37.6162 ], [ -82.1885, 37.5962 ], [ -82.2053, 37.5979 ], [ -82.2032, 37.5853 ], [ -82.2178, 37.5685 ], [ -82.2376, 37.5587 ], [ -82.2339, 37.5537 ], [ -82.2449, 37.5409 ], [ -82.2389, 37.5366 ], [ -82.2454, 37.525 ], [ -82.2399, 37.5065 ], [ -82.2672, 37.5162 ], [ -82.2769, 37.5104 ], [ -82.2931, 37.5155 ], [ -82.3034, 37.5239 ], [ -82.3, 37.5309 ], [ -82.3101, 37.547 ], [ -82.2945, 37.5797 ] ] ] } },
{ "type": "Feature", "properties": { "GEOIDFQ": "1400000US21195930500", "NAME": "9305", "NAMELSAD": "Census Tract 9305" }, "geometry": { "type": "Polygon", "coordinates": [ [ [ -82.6018, 37.4375 ], [ -82.5885, 37.4466 ], [ -82.5846, 37.4671 ], [ -82.6001, 37.494 ], [ -82.5878, 37.4981 ], [ -82.5605, 37.4781 ], [ -82.5435, 37.4791 ], [ -82.5342, 37.4662 ], [ -82.5202, 37.4638 ], [ -82.5272, 37.4433 ], [ -82.5198, 37.4413 ], [ -82.5067, 37.4488 ], [ -82.5126, 37.4373 ], [ -82.4945, 37.4154 ], [ -82.5057, 37.4172 ], [ -82.5072, 37.4065 ], [ -82.5171, 37.4051 ], [ -82.5235, 37.3942 ], [ -82.5365, 37.3979 ], [ -82.5324, 37.4039 ], [ -82.5482, 37.4174 ], [ -82.5698, 37.4096 ], [ -82.5761, 37.4155 ], [ -82.5915, 37.4145 ], [ -82.6004, 37.4086 ], [ -82.6066, 37.4204 ], [ -82.6018, 37.4375 ] ] ] } },
{ "type": "Feature", "properties": { "GEOIDFQ": "1400000US21195931400", "NAME": "9314", "NAMELSAD": "Census Tract 9314" }, "geometry": { "type": "Polygon", "coordinates": [ [ [ -82.3328, 37.6613 ], [ -82.3266, 37.6915 ], [ -82.3074, 37.7066 ], [ -82.3003, 37.7058 ], [ -82.2962, 37.7007 ], [ -82.3029, 37.6936 ], [ -82.2958, 37.6865 ], [ -82.3045, 37.6763 ], [ -82.295, 37.6781 ], [ -82.2881, 37.6681 ], [ -82.2822, 37.6758 ], [ -82.2577, 37.6376 ], [ -82.2746, 37.6167 ], [ -82.2689, 37.6112 ], [ -82.2784, 37.5963 ], [ -82.307, 37.6032 ], [ -82.3031, 37.6086 ], [ -82.312, 37.6121 ], [ -82.318, 37.6269 ], [ -82.3341, 37.6232 ], [ -82.3276, 37.6362 ], [ -82.3437, 37.6542 ], [ -82.3328, 37.6613 ] ] ] } },
{ "type": "Feature", "properties": { "GEOIDFQ": "1400000US21085950101", "NAME": "9501.01", "NAMELSAD": "Census Tract 9501.01" }, "geometry": { "type": "Polygon", "coordinates": [ [ [ -86.1871, 37.3462 ], [ -86.1877, 37.3647 ], [ -86.1977, 37.3805 ], [ -86.1813, 37.379 ], [ -86.154, 37.3661 ], [ -86.1074, 37.3946 ], [ -86.0569, 37.375 ], [ -86.0697, 37.372 ], [ -86.0645, 37.3635 ], [ -86.0705, 37.3547 ], [ -86.0626, 37.3504 ], [ -86.0736, 37.348 ], [ -86.0709, 37.3405 ], [ -86.0805, 37.3449 ], [ -86.0905, 37.3402 ], [ -86.0807, 37.3514 ], [ -86.0916, 37.351 ], [ -86.0924, 37.3452 ], [ -86.1044, 37.3515 ], [ -86.1062, 37.3385 ], [ -86.0953, 37.3302 ], [ -86.1154, 37.3388 ], [ -86.1218, 37.3318 ], [ -86.1197, 37.3462 ], [ -86.1304, 37.3384 ], [ -86.1465, 37.35 ], [ -86.1467, 37.3442 ], [ -86.1562, 37.3449 ], [ -86.1585, 37.3515 ], [ -86.1576, 37.3356 ], [ -86.1749, 37.332 ], [ -86.1884, 37.3408 ], [ -86.1921, 37.3285 ], [ -86.2009, 37.3295 ], [ -86.1871, 37.3462 ] ] ] } },
{ "type": "Feature", "properties": { "GEOIDFQ": "1400000US21085950102", "NAME": "9501.02", "NAMELSAD": "Census Tract 9501.02" }, "geometry": { "type": "Polygon", "coordinates": [ [ [ -86.2233, 37.4588 ], [ -86.2256, 37.4831 ], [ -86.2091, 37.4891 ], [ -86.179, 37.4818 ], [ -86.1227, 37.486 ], [ -86.1151, 37.4798 ], [ -86.1006, 37.4875 ], [ -86.0893, 37.4853 ], [ -86.0867, 37.4923 ], [ -86.0737, 37.4904 ], [ -86.0554, 37.4793 ], [ -86.0646, 37.4632 ], [ -86.0586, 37.4609 ], [ -86.0673, 37.4574 ], [ -86.0563, 37.4565 ], [ -86.0564, 37.4484 ], [ -86.0495, 37.4532 ], [ -86.0451, 37.4483 ], [ -86.0506, 37.4425 ], [ -86.0413, 37.4419 ], [ -86.0472, 37.4368 ], [ -86.0383, 37.4343 ], [ -86.0436, 37.4293 ], [ -86.0323, 37.4268 ], [ -86.0432, 37.4059 ], [ -86.0268, 37.4035 ], [ -86.0188, 37.3949 ], [ -86.0317, 37.3933 ], [ -86.0325, 37.386 ], [ -86.0351, 37.3941 ], [ -86.0438, 37.3946 ], [ -86.0388, 37.3845 ], [ -86.0445, 37.3813 ], [ -86.0428, 37.3901 ], [ -86.0539, 37.3942 ], [ -86.0516, 37.3851 ], [ -86.0695, 37.3888 ], [ -86.065, 37.3848 ], [ -86.0723, 37.381 ], [ -86.1074, 37.3946 ], [ -86.154, 37.3661 ], [ -86.1813, 37.379 ], [ -86.2013, 37.3814 ], [ -86.2021, 37.399 ], [ -86.2272, 37.4254 ], [ -86.2315, 37.4517 ], [ -86.2233, 37.4588 ] ] ] } },
{ "type": "Feature", "properties": { "GEOIDFQ": "1400000US21085950402", "NAME": "9504.02", "NAMELSAD": "Census Tract 9504.02" }, "geometry": { "type": "Polygon", "coordinates": [ [ [ -86.3863, 37.5556 ], [ -86.3931, 37.568 ], [ -86.3892, 37.5744 ], [ -86.3816, 37.5726 ], [ -86.3879, 37.567 ], [ -86.3746, 37.5589 ], [ -86.3692, 37.5601 ], [ -86.3766, 37.5641 ], [ -86.3646, 37.5722 ], [ -86.3654, 37.5622 ], [ -86.3467, 37.561 ], [ -86.3526, 37.5876 ], [ -86.3434, 37.5864 ], [ -86.3427, 37.5948 ], [ -86.3372, 37.5889 ], [ -86.3296, 37.592 ], [ -86.3217, 37.5737 ], [ -86.288, 37.5501 ], [ -86.2938, 37.4805 ], [ -86.3276, 37.4785 ], [ -86.3854, 37.4969 ], [ -86.3611, 37.5088 ], [ -86.3693, 37.514 ], [ -86.3636, 37.5195 ], [ -86.3665, 37.5282 ], [ -86.3833, 37.533 ], [ -86.3826, 37.5433 ], [ -86.397, 37.5412 ], [ -86.3863, 37.5556 ] ] ] } },
{ "type": "Feature", "properties": { "GEOIDFQ": "1400000US21085950401", "NAME": "9504.01", "NAMELSAD": "Census Tract 9504.01" }, "geometry": { "type": "Polygon", "coordinates": [ [ [ -86.4323, 37.4762 ], [ -86.4366, 37.48 ], [ -86.4151, 37.4834 ], [ -86.3896, 37.4996 ], [ -86.3279, 37.4785 ], [ -86.2942, 37.4801 ], [ -86.2924, 37.4662 ], [ -86.3213, 37.453 ], [ -86.3685, 37.4417 ], [ -86.3925, 37.4228 ], [ -86.4009, 37.4223 ], [ -86.4057, 37.427 ], [ -86.3934, 37.4473 ], [ -86.4164, 37.4345 ], [ -86.4205, 37.4502 ], [ -86.4332, 37.4495 ], [ -86.4287, 37.4574 ], [ -86.4372, 37.472 ], [ -86.4323, 37.4762 ] ] ] } },
{ "type": "Feature", "properties": { "GEOIDFQ": "1400000US21209040400", "NAME": "404", "NAMELSAD": "Census Tract 404" }, "geometry": { "type": "Polygon", "coordinates": [ [ [ -84.5704, 38.4398 ], [ -84.5805, 38.473 ], [ -84.5574, 38.4929 ], [ -84.5464, 38.4668 ], [ -84.5266, 38.4506 ], [ -84.5279, 38.4333 ], [ -84.4855, 38.4103 ], [ -84.4624, 38.3845 ], [ -84.4609, 38.3484 ], [ -84.4328, 38.2996 ], [ -84.4407, 38.2964 ], [ -84.446, 38.2783 ], [ -84.4658, 38.2681 ], [ -84.5424, 38.2715 ], [ -84.5578, 38.2764 ], [ -84.5582, 38.3205 ], [ -84.5691, 38.3413 ], [ -84.567, 38.3607 ], [ -84.581, 38.4133 ], [ -84.5704, 38.4398 ] ] ] } },
{ "type": "Feature", "properties": { "GEOIDFQ": "1400000US21135930300", "NAME": "9303", "NAMELSAD": "Census Tract 9303" }, "geometry": { "type": "Polygon", "coordinates": [ [ [ -83.6365, 38.6673 ], [ -83.6266, 38.6783 ], [ -83.53, 38.7026 ], [ -83.5057, 38.6998 ], [ -83.4681, 38.6755 ], [ -83.4182, 38.6617 ], [ -83.4249, 38.6456 ], [ -83.4204, 38.6383 ], [ -83.4751, 38.6244 ], [ -83.5031, 38.6308 ], [ -83.511, 38.6276 ], [ -83.5056, 38.6097 ], [ -83.4905, 38.5927 ], [ -83.4597, 38.5766 ], [ -83.4331, 38.5727 ], [ -83.4328, 38.5676 ], [ -83.4642, 38.5431 ], [ -83.4831, 38.5115 ], [ -83.4982, 38.5091 ], [ -83.5165, 38.5202 ], [ -83.5109, 38.5074 ], [ -83.5171, 38.4999 ], [ -83.5083, 38.4862 ], [ -83.513, 38.4682 ], [ -83.5536, 38.4448 ], [ -83.5762, 38.4452 ], [ -83.5826, 38.4714 ], [ -83.5896, 38.4741 ], [ -83.585, 38.4822 ], [ -83.6013, 38.4959 ], [ -83.5986, 38.5015 ], [ -83.6323, 38.5075 ], [ -83.6264, 38.52 ], [ -83.6366, 38.5178 ], [ -83.6417, 38.525 ], [ -83.6246, 38.6114 ], [ -83.6447, 38.6369 ], [ -83.6365, 38.6673 ] ] ] } },
{ "type": "Feature", "properties": { "GEOIDFQ": "1400000US21135930100", "NAME": "9301", "NAMELSAD": "Census Tract 9301" }, "geometry": { "type": "Polygon", "coordinates": [ [ [ -83.2643, 38.6214 ], [ -83.2457, 38.6286 ], [ -83.2044, 38.6168 ], [ -83.151, 38.62 ], [ -83.1348, 38.632 ], [ -83.1124, 38.6716 ], [ -83.054, 38.6951 ], [ -83.0309, 38.7256 ], [ -83.0381, 38.6994 ], [ -83.0316, 38.6847 ], [ -83.0241, 38.6827 ], [ -83.0383, 38.674 ], [ -83.0383, 38.6653 ], [ -83.0508, 38.6637 ], [ -83.0519, 38.641 ], [ -83.0738, 38.6328 ], [ -83.0695, 38.6208 ], [ -83.081, 38.612 ], [ -83.0737, 38.5902 ], [ -83.0993, 38.5692 ], [ -83.1027, 38.5534 ], [ -83.1164, 38.539 ], [ -83.1388, 38.5355 ], [ -83.167, 38.5034 ], [ -83.1885, 38.4961 ], [ -83.1868, 38.4686 ], [ -83.1976, 38.4649 ], [ -83.2, 38.454 ], [ -83.2135, 38.4545 ], [ -83.2128, 38.4429 ], [ -83.2352, 38.4473 ], [ -83.2606, 38.4667 ], [ -83.2424, 38.4739 ], [ -83.2506, 38.479 ], [ -83.2453, 38.4885 ], [ -83.2627, 38.5073 ], [ -83.2512, 38.5116 ], [ -83.2525, 38.5224 ], [ -83.2403, 38.5257 ], [ -83.2433, 38.5321 ], [ -83.2339, 38.5377 ], [ -83.2457, 38.5481 ], [ -83.2476, 38.5606 ], [ -83.2667, 38.5697 ], [ -83.2701, 38.5832 ], [ -83.2617, 38.5908 ], [ -83.2784, 38.5922 ], [ -83.2733, 38.5947 ], [ -83.2865, 38.5993 ], [ -83.2643, 38.6214 ] ] ] } },
{ "type": "Feature", "properties": { "GEOIDFQ": "1400000US21135930400", "NAME": "9304", "NAMELSAD": "Census Tract 9304" }, "geometry": { "type": "Polygon", "coordinates": [ [ [ -83.5762, 38.4452 ], [ -83.5534, 38.4449 ], [ -83.5135, 38.4676 ], [ -83.5083, 38.4862 ], [ -83.5171, 38.4999 ], [ -83.5109, 38.5074 ], [ -83.5165, 38.5202 ], [ -83.4982, 38.5091 ], [ -83.4831, 38.5115 ], [ -83.4642, 38.5431 ], [ -83.4377, 38.5603 ], [ -83.4329, 38.5704 ], [ -83.4209, 38.5608 ], [ -83.4284, 38.5499 ], [ -83.4228, 38.5342 ], [ -83.4021, 38.5203 ], [ -83.3512, 38.5049 ], [ -83.3422, 38.5085 ], [ -83.3451, 38.5197 ], [ -83.3365, 38.5199 ], [ -83.3306, 38.5161 ], [ -83.3347, 38.5079 ], [ -83.3292, 38.5106 ], [ -83.3154, 38.5018 ], [ -83.3231, 38.4953 ], [ -83.3101, 38.4904 ], [ -83.3121, 38.4985 ], [ -83.2993, 38.4917 ], [ -83.3029, 38.4814 ], [ -83.2915, 38.4858 ], [ -83.2587, 38.4773 ], [ -83.2605, 38.4665 ], [ -83.2425, 38.4517 ], [ -83.2292, 38.4451 ], [ -83.2104, 38.4463 ], [ -83.2075, 38.4414 ], [ -83.2372, 38.4265 ], [ -83.2387, 38.3976 ], [ -83.2314, 38.3842 ], [ -83.2336, 38.3599 ], [ -83.2396, 38.3559 ], [ -83.2307, 38.3393 ], [ -83.2763, 38.3239 ], [ -83.3126, 38.3337 ], [ -83.3257, 38.3297 ], [ -83.3349, 38.3183 ], [ -83.3639, 38.3281 ], [ -83.3637, 38.3429 ], [ -83.3774, 38.3534 ], [ -83.3784, 38.3627 ], [ -83.4001, 38.3751 ], [ -83.4006, 38.3898 ], [ -83.4121, 38.3965 ], [ -83.4555, 38.3812 ], [ -83.4666, 38.3989 ], [ -83.474, 38.3969 ], [ -83.4857, 38.4051 ], [ -83.4979, 38.4016 ], [ -83.5129, 38.415 ], [ -83.5235, 38.4087 ], [ -83.5274, 38.4178 ], [ -83.5523, 38.4199 ], [ -83.5828, 38.4336 ], [ -83.5762, 38.4452 ] ] ] } },
{ "type": "Feature", "properties": { "GEOIDFQ": "1400000US21143960200", "NAME": "9602", "NAMELSAD": "Census Tract 9602" }, "geometry": { "type": "Polygon", "coordinates": [ [ [ -88.052, 37.0524 ], [ -88.0297, 37.0579 ], [ -88.0388, 37.061 ], [ -88.034, 37.0692 ], [ -88.0115, 37.0812 ], [ -87.9978, 37.1043 ], [ -87.9752, 37.0675 ], [ -87.877, 36.9601 ], [ -87.8907, 36.9601 ], [ -88.005, 36.9095 ], [ -88.0492, 37.003 ], [ -88.0751, 37.0317 ], [ -88.052, 37.0524 ] ] ] } },
{ "type": "Feature", "properties": { "GEOIDFQ": "1400000US21073070601", "NAME": "706.01", "NAMELSAD": "Census Tract 706.01" }, "geometry": { "type": "Polygon", "coordinates": [ [ [ -84.8676, 38.1918 ], [ -84.8741, 38.1984 ], [ -84.846, 38.2089 ], [ -84.8519, 38.1976 ], [ -84.8362, 38.1849 ], [ -84.8336, 38.1716 ], [ -84.8519, 38.1619 ], [ -84.859, 38.1735 ], [ -84.8688, 38.1693 ], [ -84.8755, 38.1732 ], [ -84.8676, 38.1918 ] ] ] } },
{ "type": "Feature", "properties": { "GEOIDFQ": "1400000US21093000400", "NAME": "4", "NAMELSAD": "Census Tract 4" }, "geometry": { "type": "Polygon", "coordinates": [ [ [ -85.9716, 37.8769 ], [ -85.9641, 37.876 ], [ -85.9322, 37.8332 ], [ -85.9491, 37.8274 ], [ -85.9727, 37.8618 ], [ -85.9716, 37.8769 ] ] ] } },
{ "type": "Feature", "properties": { "GEOIDFQ": "1400000US21027960502", "NAME": "9605.02", "NAMELSAD": "Census Tract 9605.02" }, "geometry": { "type": "Polygon", "coordinates": [ [ [ -86.4799, 37.6224 ], [ -86.4686, 37.6164 ], [ -86.4602, 37.6203 ], [ -86.4524, 37.6405 ], [ -86.4404, 37.6296 ], [ -86.4331, 37.6461 ], [ -86.4403, 37.657 ], [ -86.4381, 37.6686 ], [ -86.4321, 37.6842 ], [ -86.4251, 37.6839 ], [ -86.4426, 37.6962 ], [ -86.4171, 37.7196 ], [ -86.4082, 37.696 ], [ -86.3879, 37.6909 ], [ -86.3891, 37.7013 ], [ -86.372, 37.6956 ], [ -86.3679, 37.7042 ], [ -86.3574, 37.7002 ], [ -86.3597, 37.7059 ], [ -86.347, 37.7077 ], [ -86.2908, 37.7005 ], [ -86.2765, 37.7224 ], [ -86.263, 37.7273 ], [ -86.2592, 37.715 ], [ -86.2661, 37.6942 ], [ -86.2316, 37.6857 ], [ -86.221, 37.7059 ], [ -86.2069, 37.7059 ], [ -86.2753, 37.5935 ], [ -86.2883, 37.5872 ], [ -86.2958, 37.5917 ], [ -86.3007, 37.585 ], [ -86.3004, 37.5951 ], [ -86.3104, 37.5787 ], [ -86.3178, 37.5815 ], [ -86.3138, 37.5873 ], [ -86.3268, 37.5821 ], [ -86.3289, 37.592 ], [ -86.3372, 37.5889 ], [ -86.3427, 37.5948 ], [ -86.3434, 37.5864 ], [ -86.3526, 37.5876 ], [ -86.3467, 37.561 ], [ -86.3654, 37.5622 ], [ -86.3646, 37.5722 ], [ -86.3766, 37.5641 ], [ -86.3692, 37.5601 ], [ -86.3746, 37.5589 ], [ -86.3879, 37.567 ], [ -86.3806, 37.5707 ], [ -86.388, 37.5745 ], [ -86.3932, 37.5679 ], [ -86.4097, 37.5665 ], [ -86.4081, 37.5771 ], [ -86.4175, 37.5726 ], [ -86.4246, 37.5807 ], [ -86.434, 37.5757 ], [ -86.432, 37.5847 ], [ -86.4462, 37.5747 ], [ -86.446, 37.5899 ], [ -86.4528, 37.5814 ], [ -86.4659, 37.582 ], [ -86.4547, 37.5915 ], [ -86.4805, 37.5928 ], [ -86.4703, 37.6 ], [ -86.4839, 37.602 ], [ -86.4802, 37.6093 ], [ -86.4881, 37.6149 ], [ -86.4799, 37.6224 ] ] ] } },
{ "type": "Feature", "properties": { "GEOIDFQ": "1400000US21027960501", "NAME": "9605.01", "NAMELSAD": "Census Tract 9605.01" }, "geometry": { "type": "Polygon", "coordinates": [ [ [ -86.3406, 37.7738 ], [ -86.3525, 37.7836 ], [ -86.3352, 37.7924 ], [ -86.2936, 37.7715 ], [ -86.2812, 37.7926 ], [ -86.2715, 37.7971 ], [ -86.2331, 37.7939 ], [ -86.216, 37.8022 ], [ -86.1864, 37.7948 ], [ -86.1734, 37.8018 ], [ -86.1513, 37.7989 ], [ -86.2069, 37.7059 ], [ -86.221, 37.7059 ], [ -86.2301, 37.6861 ], [ -86.2661, 37.6942 ], [ -86.2592, 37.715 ], [ -86.2625, 37.7272 ], [ -86.2765, 37.7224 ], [ -86.2826, 37.7079 ], [ -86.2959, 37.7001 ], [ -86.3418, 37.7037 ], [ -86.3529, 37.7121 ], [ -86.3586, 37.7293 ], [ -86.3406, 37.7738 ] ] ] } },
{ "type": "Feature", "properties": { "GEOIDFQ": "1400000US21047200700", "NAME": "2007", "NAMELSAD": "Census Tract 2007" }, "geometry": { "type": "Polygon", "coordinates": [ [ [ -87.5045, 36.8732 ], [ -87.4977, 36.8656 ], [ -87.5008, 36.8549 ], [ -87.526, 36.8371 ], [ -87.537, 36.8456 ], [ -87.5407, 36.8677 ], [ -87.5045, 36.8732 ] ] ] } },
{ "type": "Feature", "properties": { "GEOIDFQ": "1400000US21047200400", "NAME": "2004", "NAMELSAD": "Census Tract 2004" }, "geometry": { "type": "Polygon", "coordinates": [ [ [ -87.4834, 36.8644 ], [ -87.4725, 36.8639 ], [ -87.4624, 36.8499 ], [ -87.4733, 36.8318 ], [ -87.4888, 36.8539 ], [ -87.4834, 36.8644 ] ] ] } },
{ "type": "Feature", "properties": { "GEOIDFQ": "1400000US21017030600", "NAME": "306", "NAMELSAD": "Census Tract 306" }, "geometry": { "type": "Polygon", "coordinates": [ [ [ -84.1874, 38.21 ], [ -84.1957, 38.2313 ], [ -84.138, 38.2509 ], [ -84.1035, 38.2438 ], [ -84.0585, 38.2445 ], [ -84.0531, 38.2395 ], [ -84.0623, 38.2346 ], [ -84.0329, 38.2236 ], [ -84.0291, 38.2141 ], [ -84.0046, 38.2241 ], [ -84.0067, 38.2151 ], [ -83.9965, 38.2163 ], [ -84.0045, 38.2112 ], [ -83.9942, 38.2039 ], [ -83.9884, 38.204 ], [ -83.988, 38.2202 ], [ -83.9764, 38.2196 ], [ -83.979, 38.2078 ], [ -83.9693, 38.2093 ], [ -83.975, 38.1964 ], [ -83.9837, 38.1949 ], [ -83.9779, 38.1921 ], [ -83.9902, 38.1751 ], [ -84.0599, 38.134 ], [ -84.0805, 38.1151 ], [ -84.1464, 38.0998 ], [ -84.1593, 38.1211 ], [ -84.1726, 38.1246 ], [ -84.1626, 38.1258 ], [ -84.1626, 38.1308 ], [ -84.1729, 38.1304 ], [ -84.1623, 38.1368 ], [ -84.1803, 38.1398 ], [ -84.1666, 38.1454 ], [ -84.1764, 38.1549 ], [ -84.1688, 38.154 ], [ -84.1689, 38.1587 ], [ -84.1776, 38.1596 ], [ -84.1633, 38.1665 ], [ -84.1777, 38.1697 ], [ -84.1691, 38.1725 ], [ -84.1679, 38.1801 ], [ -84.1773, 38.1743 ], [ -84.1777, 38.1921 ], [ -84.1871, 38.183 ], [ -84.1951, 38.1879 ], [ -84.1906, 38.1939 ], [ -84.2023, 38.1947 ], [ -84.1874, 38.21 ] ] ] } },
{ "type": "Feature", "properties": { "GEOIDFQ": "1400000US21017030400", "NAME": "304", "NAMELSAD": "Census Tract 304" }, "geometry": { "type": "Polygon", "coordinates": [ [ [ -84.4286, 38.2797 ], [ -84.415, 38.2875 ], [ -84.3788, 38.2779 ], [ -84.3599, 38.296 ], [ -84.3445, 38.2851 ], [ -84.3334, 38.2894 ], [ -84.3412, 38.2963 ], [ -84.3312, 38.2931 ], [ -84.3048, 38.305 ], [ -84.3088, 38.3124 ], [ -84.2943, 38.3089 ], [ -84.2966, 38.3177 ], [ -84.2839, 38.312 ], [ -84.2634, 38.3246 ], [ -84.2594, 38.3135 ], [ -84.2433, 38.3144 ], [ -84.2491, 38.3072 ], [ -84.2403, 38.3052 ], [ -84.2614, 38.3074 ], [ -84.2588, 38.2976 ], [ -84.2687, 38.2949 ], [ -84.2601, 38.2861 ], [ -84.2788, 38.278 ], [ -84.2597, 38.2696 ], [ -84.2872, 38.2649 ], [ -84.2788, 38.2549 ], [ -84.2628, 38.2519 ], [ -84.2771, 38.2341 ], [ -84.2753, 38.1941 ], [ -84.3648, 38.1959 ], [ -84.3785, 38.2114 ], [ -84.4011, 38.2053 ], [ -84.4195, 38.214 ], [ -84.4225, 38.2566 ], [ -84.4369, 38.2663 ], [ -84.4427, 38.2832 ], [ -84.4286, 38.2797 ] ] ] } },
{ "type": "Feature", "properties": { "GEOIDFQ": "1400000US21017030500", "NAME": "305", "NAMELSAD": "Census Tract 305" }, "geometry": { "type": "Polygon", "coordinates": [ [ [ -84.2597, 38.2696 ], [ -84.2788, 38.278 ], [ -84.2601, 38.2861 ], [ -84.2687, 38.2949 ], [ -84.2588, 38.2976 ], [ -84.2614, 38.3074 ], [ -84.2508, 38.3029 ], [ -84.2403, 38.3048 ], [ -84.2491, 38.3072 ], [ -84.2433, 38.3144 ], [ -84.2587, 38.313 ], [ -84.2645, 38.3245 ], [ -84.194, 38.3717 ], [ -84.1663, 38.3549 ], [ -84.1326, 38.3045 ], [ -84.1244, 38.3071 ], [ -84.1299, 38.2946 ], [ -84.1189, 38.2951 ], [ -84.1172, 38.2885 ], [ -84.1042, 38.286 ], [ -84.1087, 38.2813 ], [ -84.1144, 38.2861 ], [ -84.1112, 38.2794 ], [ -84.1186, 38.2725 ], [ -84.1092, 38.275 ], [ -84.1025, 38.2587 ], [ -84.0921, 38.2611 ], [ -84.0958, 38.268 ], [ -84.0894, 38.2729 ], [ -84.0792, 38.273 ], [ -84.0849, 38.2655 ], [ -84.0733, 38.2659 ], [ -84.0798, 38.2571 ], [ -84.0574, 38.257 ], [ -84.0525, 38.2428 ], [ -84.1035, 38.2438 ], [ -84.1382, 38.2509 ], [ -84.2002, 38.2299 ], [ -84.2255, 38.231 ], [ -84.2344, 38.2224 ], [ -84.2372, 38.2375 ], [ -84.2682, 38.2413 ], [ -84.2635, 38.2536 ], [ -84.2784, 38.2547 ], [ -84.2872, 38.2649 ], [ -84.2597, 38.2696 ] ] ] } },
{ "type": "Feature", "properties": { "GEOIDFQ": "1400000US21017030300", "NAME": "303", "NAMELSAD": "Census Tract 303" }, "geometry": { "type": "Polygon", "coordinates": [ [ [ -84.3674, 38.1298 ], [ -84.3732, 38.162 ], [ -84.3551, 38.178 ], [ -84.3586, 38.1948 ], [ -84.3648, 38.1959 ], [ -84.2921, 38.1956 ], [ -84.2888, 38.1897 ], [ -84.28, 38.1901 ], [ -84.2771, 38.1783 ], [ -84.2662, 38.1847 ], [ -84.2588, 38.1746 ], [ -84.2444, 38.185 ], [ -84.2468, 38.1994 ], [ -84.2401, 38.1964 ], [ -84.2263, 38.2049 ], [ -84.2183, 38.1941 ], [ -84.1906, 38.1939 ], [ -84.1951, 38.1879 ], [ -84.1873, 38.1831 ], [ -84.1777, 38.1921 ], [ -84.1773, 38.1743 ], [ -84.1679, 38.1801 ], [ -84.1691, 38.1725 ], [ -84.1777, 38.1697 ], [ -84.1633, 38.1665 ], [ -84.1776, 38.1596 ], [ -84.1689, 38.1587 ], [ -84.1688, 38.154 ], [ -84.1764, 38.1549 ], [ -84.1666, 38.1454 ], [ -84.1803, 38.1398 ], [ -84.1623, 38.1368 ], [ -84.1729, 38.1304 ], [ -84.1626, 38.1308 ], [ -84.1626, 38.1258 ], [ -84.1726, 38.1246 ], [ -84.1598, 38.1216 ], [ -84.1458, 38.1006 ], [ -84.2865, 38.067 ], [ -84.2873, 38.0757 ], [ -84.3117, 38.0868 ], [ -84.3145, 38.0931 ], [ -84.3267, 38.0847 ], [ -84.3341, 38.0864 ], [ -84.3809, 38.1135 ], [ -84.3674, 38.1298 ] ] ] } },
{ "type": "Feature", "properties": { "GEOIDFQ": "1400000US21111011520", "NAME": "115.20", "NAMELSAD": "Census Tract 115.20" }, "geometry": { "type": "Polygon", "coordinates": [ [ [ -85.534, 38.1773 ], [ -85.5358, 38.186 ], [ -85.5093, 38.1888 ], [ -85.5229, 38.1631 ], [ -85.5459, 38.1468 ], [ -85.5494, 38.1505 ], [ -85.5419, 38.1604 ], [ -85.5503, 38.1681 ], [ -85.534, 38.1773 ] ] ] } },
{ "type": "Feature", "properties": { "GEOIDFQ": "1400000US21111011519", "NAME": "115.19", "NAMELSAD": "Census Tract 115.19" }, "geometry": { "type": "Polygon", "coordinates": [ [ [ -85.5749, 38.1515 ], [ -85.5694, 38.1662 ], [ -85.5613, 38.1637 ], [ -85.5534, 38.1692 ], [ -85.5419, 38.1604 ], [ -85.5494, 38.1505 ], [ -85.5459, 38.1468 ], [ -85.5834, 38.1419 ], [ -85.5873, 38.1499 ], [ -85.5749, 38.1515 ] ] ] } },
{ "type": "Feature", "properties": { "GEOIDFQ": "1400000US21111011514", "NAME": "115.14", "NAMELSAD": "Census Tract 115.14" }, "geometry": { "type": "Polygon", "coordinates": [ [ [ -85.6348, 38.1376 ], [ -85.6263, 38.1372 ], [ -85.6277, 38.145 ], [ -85.6134, 38.1376 ], [ -85.6146, 38.1249 ], [ -85.6296, 38.121 ], [ -85.6289, 38.1304 ], [ -85.6353, 38.1309 ], [ -85.6348, 38.1376 ] ] ] } },
{ "type": "Feature", "properties": { "GEOIDFQ": "1400000US21111011516", "NAME": "115.16", "NAMELSAD": "Census Tract 115.16" }, "geometry": { "type": "Polygon", "coordinates": [ [ [ -85.6134, 38.1376 ], [ -85.5873, 38.1499 ], [ -85.5834, 38.1419 ], [ -85.6145, 38.1257 ], [ -85.6134, 38.1376 ] ] ] } },
{ "type": "Feature", "properties": { "GEOIDFQ": "1400000US21103090200", "NAME": "902", "NAMELSAD": "Census Tract 902" }, "geometry": { "type": "Polygon", "coordinates": [ [ [ -85.2892, 38.489 ], [ -85.2778, 38.4881 ], [ -85.2477, 38.5261 ], [ -85.2414, 38.5036 ], [ -85.219, 38.5013 ], [ -85.1996, 38.506 ], [ -85.1919, 38.4986 ], [ -85.181, 38.5008 ], [ -85.1811, 38.4846 ], [ -85.1649, 38.4657 ], [ -85.1414, 38.5087 ], [ -85.1102, 38.4942 ], [ -85.0979, 38.4808 ], [ -85.0923, 38.4942 ], [ -85.0551, 38.5141 ], [ -85.0383, 38.5134 ], [ -85.0184, 38.4968 ], [ -85.0233, 38.4858 ], [ -85.0516, 38.475 ], [ -85.0659, 38.4756 ], [ -85.0562, 38.4521 ], [ -85.0838, 38.4419 ], [ -85.108, 38.4031 ], [ -85.139, 38.3884 ], [ -85.1452, 38.3789 ], [ -85.1622, 38.3945 ], [ -85.1706, 38.4135 ], [ -85.1742, 38.4101 ], [ -85.2103, 38.4147 ], [ -85.2138, 38.4303 ], [ -85.2309, 38.4294 ], [ -85.2591, 38.4495 ], [ -85.2815, 38.4514 ], [ -85.2945, 38.4616 ], [ -85.292, 38.4684 ], [ -85.3036, 38.4697 ], [ -85.2892, 38.489 ] ] ] } },
{ "type": "Feature", "properties": { "GEOIDFQ": "1400000US21103090100", "NAME": "901", "NAMELSAD": "Census Tract 901" }, "geometry": { "type": "Polygon", "coordinates": [ [ [ -85.2477, 38.5261 ], [ -85.1683, 38.5854 ], [ -85.0746, 38.5968 ], [ -85.0759, 38.578 ], [ -85.0638, 38.5649 ], [ -85.0409, 38.5742 ], [ -85.0107, 38.5622 ], [ -85.0022, 38.5532 ], [ -85.0123, 38.5478 ], [ -85.0291, 38.5055 ], [ -85.0439, 38.5148 ], [ -85.0618, 38.5124 ], [ -85.0924, 38.4941 ], [ -85.0968, 38.4807 ], [ -85.1102, 38.4942 ], [ -85.1414, 38.5087 ], [ -85.1649, 38.4657 ], [ -85.1811, 38.4846 ], [ -85.181, 38.5008 ], [ -85.1919, 38.4986 ], [ -85.1996, 38.506 ], [ -85.219, 38.5013 ], [ -85.2414, 38.5036 ], [ -85.2477, 38.5261 ] ] ] } },
{ "type": "Feature", "properties": { "GEOIDFQ": "1400000US21103090400", "NAME": "904", "NAMELSAD": "Census Tract 904" }, "geometry": { "type": "Polygon", "coordinates": [ [ [ -85.139, 38.3884 ], [ -85.108, 38.4031 ], [ -85.0838, 38.4419 ], [ -85.0562, 38.4521 ], [ -85.0659, 38.4756 ], [ -85.0516, 38.475 ], [ -85.0233, 38.4858 ], [ -85.0184, 38.4968 ], [ -85.0288, 38.5038 ], [ -85.0289, 38.5074 ], [ -85.0183, 38.5041 ], [ -85.0033, 38.5161 ], [ -84.985, 38.5184 ], [ -84.9772, 38.513 ], [ -84.9914, 38.4893 ], [ -84.9657, 38.4793 ], [ -84.9521, 38.465 ], [ -84.9627, 38.4358 ], [ -84.9513, 38.4266 ], [ -84.9393, 38.4278 ], [ -84.9351, 38.4567 ], [ -84.9233, 38.4645 ], [ -84.913, 38.4605 ], [ -84.9093, 38.4502 ], [ -84.925, 38.4418 ], [ -84.9273, 38.4331 ], [ -84.8803, 38.419 ], [ -84.8986, 38.379 ], [ -84.8712, 38.371 ], [ -84.867, 38.3638 ], [ -84.869, 38.3573 ], [ -84.882, 38.3566 ], [ -84.8841, 38.3515 ], [ -84.9063, 38.3748 ], [ -84.9977, 38.3356 ], [ -85.1442, 38.3472 ], [ -85.1433, 38.3599 ], [ -85.1537, 38.3712 ], [ -85.139, 38.3884 ] ] ] } },
{ "type": "Feature", "properties": { "GEOIDFQ": "1400000US21053970203", "NAME": "9702.03", "NAMELSAD": "Census Tract 9702.03" }, "geometry": { "type": "Polygon", "coordinates": [ [ [ -85.2391, 36.7698 ], [ -85.213, 36.7681 ], [ -85.2011, 36.7621 ], [ -85.1767, 36.7142 ], [ -85.1836, 36.7063 ], [ -85.1716, 36.6905 ], [ -85.1768, 36.6835 ], [ -85.1744, 36.6559 ], [ -85.2039, 36.6255 ], [ -85.2959, 36.6259 ], [ -85.2391, 36.7698 ] ] ] } },
{ "type": "Feature", "properties": { "GEOIDFQ": "1400000US21053970204", "NAME": "9702.04", "NAMELSAD": "Census Tract 9702.04" }, "geometry": { "type": "Polygon", "coordinates": [ [ [ -85.1681, 36.7676 ], [ -85.1366, 36.7505 ], [ -85.132, 36.6783 ], [ -85.1744, 36.6559 ], [ -85.1768, 36.6835 ], [ -85.1716, 36.6905 ], [ -85.1836, 36.7063 ], [ -85.1767, 36.7142 ], [ -85.202, 36.7605 ], [ -85.1681, 36.7676 ] ] ] } },
{ "type": "Feature", "properties": { "GEOIDFQ": "1400000US21073070404", "NAME": "704.04", "NAMELSAD": "Census Tract 704.04" }, "geometry": { "type": "Polygon", "coordinates": [ [ [ -84.8948, 38.1804 ], [ -84.8691, 38.1896 ], [ -84.8755, 38.1729 ], [ -84.8688, 38.1693 ], [ -84.859, 38.1735 ], [ -84.8519, 38.1619 ], [ -84.8936, 38.1584 ], [ -84.8999, 38.1694 ], [ -84.8948, 38.1804 ] ] ] } },
{ "type": "Feature", "properties": { "GEOIDFQ": "1400000US21073070703", "NAME": "707.03", "NAMELSAD": "Census Tract 707.03" }, "geometry": { "type": "Polygon", "coordinates": [ [ [ -84.8519, 38.1619 ], [ -84.8255, 38.174 ], [ -84.822, 38.1889 ], [ -84.7687, 38.1786 ], [ -84.8648, 38.1426 ], [ -84.8519, 38.1619 ] ] ] } },
{ "type": "Feature", "properties": { "GEOIDFQ": "1400000US21073071102", "NAME": "711.02", "NAMELSAD": "Census Tract 711.02" }, "geometry": { "type": "Polygon", "coordinates": [ [ [ -85.0038, 38.1602 ], [ -85.0104, 38.1649 ], [ -85.0032, 38.1675 ], [ -85.009, 38.1753 ], [ -85.0, 38.227 ], [ -84.993, 38.2275 ], [ -84.9783, 38.2114 ], [ -84.9457, 38.2137 ], [ -84.9364, 38.2059 ], [ -84.9089, 38.1998 ], [ -84.9069, 38.185 ], [ -84.9259, 38.1824 ], [ -84.9279, 38.1767 ], [ -84.9257, 38.17 ], [ -84.9143, 38.1732 ], [ -84.9163, 38.1629 ], [ -84.9224, 38.1567 ], [ -84.9535, 38.1515 ], [ -84.9478, 38.1393 ], [ -84.9526, 38.1287 ], [ -84.9748, 38.1276 ], [ -84.9686, 38.1196 ], [ -85.0243, 38.1306 ], [ -85.0038, 38.1602 ] ] ] } },
{ "type": "Feature", "properties": { "GEOIDFQ": "1400000US21073070403", "NAME": "704.03", "NAMELSAD": "Census Tract 704.03" }, "geometry": { "type": "Polygon", "coordinates": [ [ [ -84.9009, 38.1777 ], [ -84.8948, 38.1804 ], [ -84.9005, 38.1687 ], [ -84.9143, 38.1732 ], [ -84.9009, 38.1777 ] ] ] } },
{ "type": "Feature", "properties": { "GEOIDFQ": "1400000US21073070705", "NAME": "707.05", "NAMELSAD": "Census Tract 707.05" }, "geometry": { "type": "Polygon", "coordinates": [ [ [ -84.8073, 38.2072 ], [ -84.8101, 38.2115 ], [ -84.7924, 38.2174 ], [ -84.7303, 38.2083 ], [ -84.7252, 38.1954 ], [ -84.7687, 38.1786 ], [ -84.8238, 38.1915 ], [ -84.8073, 38.2072 ] ] ] } },
{ "type": "Feature", "properties": { "GEOIDFQ": "1400000US21073070405", "NAME": "704.05", "NAMELSAD": "Census Tract 704.05" }, "geometry": { "type": "Polygon", "coordinates": [ [ [ -84.9141, 38.1694 ], [ -84.9054, 38.1706 ], [ -84.8936, 38.1591 ], [ -84.9224, 38.1573 ], [ -84.9141, 38.1694 ] ] ] } },
{ "type": "Feature", "properties": { "GEOIDFQ": "1400000US21073071001", "NAME": "710.01", "NAMELSAD": "Census Tract 710.01" }, "geometry": { "type": "Polygon", "coordinates": [ [ [ -84.9661, 38.1303 ], [ -84.9153, 38.1242 ], [ -84.8936, 38.1584 ], [ -84.8516, 38.1614 ], [ -84.8639, 38.1479 ], [ -84.8649, 38.1169 ], [ -84.8727, 38.117 ], [ -84.8872, 38.0971 ], [ -84.9078, 38.0937 ], [ -84.9581, 38.1098 ], [ -84.9761, 38.1259 ], [ -84.9661, 38.1303 ] ] ] } },
{ "type": "Feature", "properties": { "GEOIDFQ": "1400000US21073071002", "NAME": "710.02", "NAMELSAD": "Census Tract 710.02" }, "geometry": { "type": "Polygon", "coordinates": [ [ [ -84.9118, 38.1585 ], [ -84.8936, 38.1584 ], [ -84.9153, 38.1242 ], [ -84.9518, 38.1294 ], [ -84.9478, 38.1394 ], [ -84.9536, 38.1513 ], [ -84.9118, 38.1585 ] ] ] } },
{ "type": "Feature", "properties": { "GEOIDFQ": "1400000US21073070602", "NAME": "706.02", "NAMELSAD": "Census Tract 706.02" }, "geometry": { "type": "Polygon", "coordinates": [ [ [ -84.8363, 38.2059 ], [ -84.8302, 38.1974 ], [ -84.8435, 38.1909 ], [ -84.853, 38.2012 ], [ -84.8363, 38.2059 ] ] ] } },
{ "type": "Feature", "properties": { "GEOIDFQ": "1400000US21125970500", "NAME": "9705", "NAMELSAD": "Census Tract 9705" }, "geometry": { "type": "Polygon", "coordinates": [ [ [ -84.1023, 37.16 ], [ -84.0728, 37.1792 ], [ -84.0648, 37.1763 ], [ -84.0739, 37.1698 ], [ -84.0647, 37.1579 ], [ -84.0517, 37.1626 ], [ -84.052, 37.1573 ], [ -84.0356, 37.1519 ], [ -84.0505, 37.1362 ], [ -84.0446, 37.1357 ], [ -84.0568, 37.115 ], [ -84.0558, 37.1027 ], [ -84.111, 37.1464 ], [ -84.1222, 37.1674 ], [ -84.1023, 37.16 ] ] ] } },
{ "type": "Feature", "properties": { "GEOIDFQ": "1400000US21151010500", "NAME": "105", "NAMELSAD": "Census Tract 105" }, "geometry": { "type": "Polygon", "coordinates": [ [ [ -84.301, 37.744 ], [ -84.2868, 37.7442 ], [ -84.289, 37.7311 ], [ -84.3077, 37.7305 ], [ -84.301, 37.744 ] ] ] } },
{ "type": "Feature", "properties": { "GEOIDFQ": "1400000US21151010400", "NAME": "104", "NAMELSAD": "Census Tract 104" }, "geometry": { "type": "Polygon", "coordinates": [ [ [ -84.2943, 37.7552 ], [ -84.2856, 37.7529 ], [ -84.2868, 37.7442 ], [ -84.3009, 37.744 ], [ -84.2943, 37.7552 ] ] ] } },
{ "type": "Feature", "properties": { "GEOIDFQ": "1400000US21069920400", "NAME": "9204", "NAMELSAD": "Census Tract 9204" }, "geometry": { "type": "Polygon", "coordinates": [ [ [ -83.8053, 38.3073 ], [ -83.8085, 38.3462 ], [ -83.7962, 38.3701 ], [ -83.7598, 38.3613 ], [ -83.7565, 38.3512 ], [ -83.726, 38.3584 ], [ -83.6684, 38.3599 ], [ -83.6638, 38.3655 ], [ -83.6306, 38.3724 ], [ -83.6236, 38.3693 ], [ -83.6068, 38.3889 ], [ -83.6099, 38.4043 ], [ -83.58, 38.4034 ], [ -83.5739, 38.4142 ], [ -83.5427, 38.4186 ], [ -83.5274, 38.4178 ], [ -83.5233, 38.4087 ], [ -83.5129, 38.415 ], [ -83.4979, 38.4016 ], [ -83.4857, 38.4051 ], [ -83.474, 38.3969 ], [ -83.4666, 38.3989 ], [ -83.4527, 38.3816 ], [ -83.4564, 38.3726 ], [ -83.465, 38.3718 ], [ -83.461, 38.3598 ], [ -83.4702, 38.3552 ], [ -83.4738, 38.3606 ], [ -83.482, 38.3597 ], [ -83.4994, 38.3491 ], [ -83.4975, 38.3327 ], [ -83.4881, 38.3245 ], [ -83.5015, 38.3162 ], [ -83.5045, 38.2952 ], [ -83.5143, 38.2921 ], [ -83.5072, 38.2694 ], [ -83.5223, 38.2672 ], [ -83.5211, 38.2575 ], [ -83.5537, 38.2398 ], [ -83.564, 38.2167 ], [ -83.5771, 38.2137 ], [ -83.5868, 38.2183 ], [ -83.6005, 38.2035 ], [ -83.6125, 38.2032 ], [ -83.6151, 38.1932 ], [ -83.633, 38.1926 ], [ -83.6461, 38.171 ], [ -83.6592, 38.2015 ], [ -83.6716, 38.197 ], [ -83.6846, 38.2146 ], [ -83.6944, 38.2094 ], [ -83.6893, 38.1976 ], [ -83.7002, 38.2012 ], [ -83.6914, 38.2311 ], [ -83.6956, 38.2436 ], [ -83.6847, 38.2546 ], [ -83.6901, 38.2618 ], [ -83.6957, 38.2486 ], [ -83.7091, 38.2438 ], [ -83.7173, 38.2523 ], [ -83.7064, 38.2601 ], [ -83.709, 38.2675 ], [ -83.7258, 38.2689 ], [ -83.7363, 38.2632 ], [ -83.7348, 38.2802 ], [ -83.7243, 38.2842 ], [ -83.7254, 38.2926 ], [ -83.7348, 38.2938 ], [ -83.7418, 38.2855 ], [ -83.7554, 38.2845 ], [ -83.7619, 38.2951 ], [ -83.7754, 38.2857 ], [ -83.7852, 38.2947 ], [ -83.7954, 38.2922 ], [ -83.8023, 38.2792 ], [ -83.8147, 38.2841 ], [ -83.8174, 38.3006 ], [ -83.8053, 38.3073 ] ] ] } },
{ "type": "Feature", "properties": { "GEOIDFQ": "1400000US21071920100", "NAME": "9201", "NAMELSAD": "Census Tract 9201" }, "geometry": { "type": "Polygon", "coordinates": [ [ [ -82.7671, 37.698 ], [ -82.7733, 37.7107 ], [ -82.7627, 37.721 ], [ -82.7739, 37.7288 ], [ -82.7523, 37.7304 ], [ -82.767, 37.7419 ], [ -82.7633, 37.7561 ], [ -82.7547, 37.7516 ], [ -82.7522, 37.7562 ], [ -82.7391, 37.7439 ], [ -82.7233, 37.7492 ], [ -82.7273, 37.7302 ], [ -82.7405, 37.7247 ], [ -82.7361, 37.7154 ], [ -82.7205, 37.7172 ], [ -82.733, 37.7077 ], [ -82.7262, 37.6978 ], [ -82.7304, 37.6679 ], [ -82.7407, 37.6655 ], [ -82.7528, 37.6727 ], [ -82.7738, 37.6642 ], [ -82.7835, 37.6835 ], [ -82.7671, 37.698 ] ] ] } },
{ "type": "Feature", "properties": { "GEOIDFQ": "1400000US21071920600", "NAME": "9206", "NAMELSAD": "Census Tract 9206" }, "geometry": { "type": "Polygon", "coordinates": [ [ [ -82.7738, 37.4406 ], [ -82.7792, 37.4418 ], [ -82.7786, 37.4508 ], [ -82.7659, 37.466 ], [ -82.7751, 37.4685 ], [ -82.7699, 37.481 ], [ -82.7771, 37.4883 ], [ -82.7601, 37.4971 ], [ -82.7388, 37.4953 ], [ -82.7235, 37.4833 ], [ -82.7123, 37.4842 ], [ -82.7098, 37.46 ], [ -82.6861, 37.4549 ], [ -82.6919, 37.4438 ], [ -82.6818, 37.4412 ], [ -82.6779, 37.4231 ], [ -82.668, 37.4134 ], [ -82.6725, 37.409 ], [ -82.6679, 37.4016 ], [ -82.6819, 37.3874 ], [ -82.6743, 37.3742 ], [ -82.6812, 37.3806 ], [ -82.7053, 37.3789 ], [ -82.7303, 37.3888 ], [ -82.7457, 37.3672 ], [ -82.7584, 37.3667 ], [ -82.7519, 37.3724 ], [ -82.7565, 37.3852 ], [ -82.7515, 37.4 ], [ -82.7615, 37.4101 ], [ -82.7559, 37.4141 ], [ -82.7676, 37.4278 ], [ -82.7784, 37.4249 ], [ -82.7807, 37.4395 ], [ -82.7738, 37.4406 ] ] ] } },
{ "type": "Feature", "properties": { "GEOIDFQ": "1400000US21071920700", "NAME": "9207", "NAMELSAD": "Census Tract 9207" }, "geometry": { "type": "Polygon", "coordinates": [ [ [ -82.9213, 37.4907 ], [ -82.9092, 37.4916 ], [ -82.9106, 37.4995 ], [ -82.896, 37.5091 ], [ -82.8922, 37.5326 ], [ -82.8821, 37.5273 ], [ -82.8654, 37.5327 ], [ -82.836, 37.5155 ], [ -82.8212, 37.5185 ], [ -82.8143, 37.5119 ], [ -82.817, 37.5008 ], [ -82.8039, 37.4982 ], [ -82.774, 37.4671 ], [ -82.7659, 37.4661 ], [ -82.7786, 37.4508 ], [ -82.7778, 37.4263 ], [ -82.7945, 37.4266 ], [ -82.7967, 37.4179 ], [ -82.8105, 37.4115 ], [ -82.8314, 37.4123 ], [ -82.837, 37.4251 ], [ -82.8254, 37.4387 ], [ -82.8315, 37.467 ], [ -82.9277, 37.4814 ], [ -82.9213, 37.4907 ] ] ] } },
{ "type": "Feature", "properties": { "GEOIDFQ": "1400000US21071920900", "NAME": "9209", "NAMELSAD": "Census Tract 9209" }, "geometry": { "type": "Polygon", "coordinates": [ [ [ -82.8989, 37.5949 ], [ -82.8949, 37.5997 ], [ -82.8633, 37.6033 ], [ -82.8367, 37.6223 ], [ -82.8346, 37.6306 ], [ -82.818, 37.6374 ], [ -82.8154, 37.6514 ], [ -82.7854, 37.6587 ], [ -82.784, 37.6495 ], [ -82.7436, 37.6344 ], [ -82.7323, 37.6198 ], [ -82.7451, 37.6123 ], [ -82.7504, 37.5928 ], [ -82.761, 37.585 ], [ -82.7854, 37.5875 ], [ -82.8013, 37.5968 ], [ -82.8149, 37.5775 ], [ -82.8275, 37.5723 ], [ -82.8305, 37.5556 ], [ -82.8376, 37.5523 ], [ -82.8497, 37.5495 ], [ -82.8677, 37.5629 ], [ -82.8728, 37.5468 ], [ -82.8661, 37.533 ], [ -82.8821, 37.5273 ], [ -82.8865, 37.5332 ], [ -82.8787, 37.5399 ], [ -82.8899, 37.5438 ], [ -82.8889, 37.5646 ], [ -82.9021, 37.5769 ], [ -82.8965, 37.5883 ], [ -82.904, 37.6028 ], [ -82.8989, 37.5949 ] ] ] } },
{ "type": "Feature", "properties": { "GEOIDFQ": "1400000US21069920200", "NAME": "9202", "NAMELSAD": "Census Tract 9202" }, "geometry": { "type": "Polygon", "coordinates": [ [ [ -83.8207, 38.4417 ], [ -83.8071, 38.4526 ], [ -83.8016, 38.4764 ], [ -83.6419, 38.5254 ], [ -83.6366, 38.5178 ], [ -83.6264, 38.52 ], [ -83.6325, 38.5083 ], [ -83.6236, 38.504 ], [ -83.6266, 38.4895 ], [ -83.6718, 38.4707 ], [ -83.6832, 38.4531 ], [ -83.6964, 38.4515 ], [ -83.703, 38.4412 ], [ -83.7366, 38.4195 ], [ -83.7495, 38.3958 ], [ -83.7504, 38.37 ], [ -83.7598, 38.3613 ], [ -83.7905, 38.3697 ], [ -83.7859, 38.3894 ], [ -83.8012, 38.4219 ], [ -83.8242, 38.424 ], [ -83.8207, 38.4417 ] ] ] } },
{ "type": "Feature", "properties": { "GEOIDFQ": "1400000US21069920300", "NAME": "9203", "NAMELSAD": "Census Tract 9203" }, "geometry": { "type": "Polygon", "coordinates": [ [ [ -83.9703, 38.4638 ], [ -83.9303, 38.4923 ], [ -83.8593, 38.4563 ], [ -83.8016, 38.4764 ], [ -83.8071, 38.4526 ], [ -83.8207, 38.4417 ], [ -83.8242, 38.4239 ], [ -83.8012, 38.4219 ], [ -83.7853, 38.3835 ], [ -83.7899, 38.3705 ], [ -83.8042, 38.3608 ], [ -83.8043, 38.3138 ], [ -83.8055, 38.3069 ], [ -83.8172, 38.3014 ], [ -83.8122, 38.2895 ], [ -83.8146, 38.2862 ], [ -83.8219, 38.3006 ], [ -83.8393, 38.3026 ], [ -83.8483, 38.2966 ], [ -83.8335, 38.3142 ], [ -83.8486, 38.3236 ], [ -83.8402, 38.3392 ], [ -83.857, 38.3332 ], [ -83.8572, 38.3511 ], [ -83.8677, 38.3498 ], [ -83.873, 38.3621 ], [ -83.8981, 38.3481 ], [ -83.9005, 38.3537 ], [ -83.8908, 38.3635 ], [ -83.9061, 38.3661 ], [ -83.9161, 38.3602 ], [ -83.9214, 38.3833 ], [ -83.9491, 38.4228 ], [ -83.9843, 38.4447 ], [ -83.9703, 38.4638 ] ] ] } },
{ "type": "Feature", "properties": { "GEOIDFQ": "1400000US21069920100", "NAME": "9201", "NAMELSAD": "Census Tract 9201" }, "geometry": { "type": "Polygon", "coordinates": [ [ [ -83.7366, 38.4195 ], [ -83.703, 38.4412 ], [ -83.6964, 38.4515 ], [ -83.6832, 38.4531 ], [ -83.6718, 38.4707 ], [ -83.6272, 38.4891 ], [ -83.6236, 38.504 ], [ -83.6033, 38.5055 ], [ -83.6057, 38.5001 ], [ -83.5988, 38.5017 ], [ -83.6013, 38.4959 ], [ -83.585, 38.4822 ], [ -83.5896, 38.4741 ], [ -83.5768, 38.4572 ], [ -83.5748, 38.4445 ], [ -83.5827, 38.4324 ], [ -83.5459, 38.4183 ], [ -83.5741, 38.4141 ], [ -83.5799, 38.4034 ], [ -83.6099, 38.4043 ], [ -83.6068, 38.3889 ], [ -83.6236, 38.3693 ], [ -83.6306, 38.3724 ], [ -83.6639, 38.3654 ], [ -83.6685, 38.3599 ], [ -83.686, 38.3619 ], [ -83.7606, 38.3517 ], [ -83.7366, 38.4195 ] ] ] } },
{ "type": "Feature", "properties": { "GEOIDFQ": "1400000US21071920200", "NAME": "9202", "NAMELSAD": "Census Tract 9202" }, "geometry": { "type": "Polygon", "coordinates": [ [ [ -82.7273, 37.7302 ], [ -82.7226, 37.7469 ], [ -82.685, 37.7353 ], [ -82.6874, 37.7297 ], [ -82.6736, 37.7255 ], [ -82.6441, 37.7242 ], [ -82.6215, 37.7047 ], [ -82.6008, 37.7018 ], [ -82.5896, 37.6923 ], [ -82.5766, 37.6945 ], [ -82.5755, 37.688 ], [ -82.5648, 37.689 ], [ -82.5684, 37.6795 ], [ -82.5836, 37.6772 ], [ -82.5872, 37.6819 ], [ -82.6144, 37.6707 ], [ -82.613, 37.661 ], [ -82.6014, 37.6589 ], [ -82.6061, 37.6496 ], [ -82.5982, 37.6424 ], [ -82.6048, 37.6096 ], [ -82.6577, 37.6196 ], [ -82.6984, 37.6033 ], [ -82.7201, 37.6148 ], [ -82.72, 37.6331 ], [ -82.7047, 37.6312 ], [ -82.6959, 37.6382 ], [ -82.7133, 37.6504 ], [ -82.7167, 37.6711 ], [ -82.7304, 37.6679 ], [ -82.7262, 37.6978 ], [ -82.733, 37.7077 ], [ -82.7205, 37.7172 ], [ -82.7361, 37.7154 ], [ -82.7403, 37.7259 ], [ -82.7273, 37.7302 ] ] ] } },
{ "type": "Feature", "properties": { "GEOIDFQ": "1400000US21071920500", "NAME": "9205", "NAMELSAD": "Census Tract 9205" }, "geometry": { "type": "Polygon", "coordinates": [ [ [ -82.7584, 37.3667 ], [ -82.7474, 37.3661 ], [ -82.7344, 37.3781 ], [ -82.7325, 37.3886 ], [ -82.7053, 37.3789 ], [ -82.6812, 37.3806 ], [ -82.6757, 37.3735 ], [ -82.6695, 37.3891 ], [ -82.6549, 37.3971 ], [ -82.6511, 37.3933 ], [ -82.6499, 37.3796 ], [ -82.6663, 37.3696 ], [ -82.6638, 37.3607 ], [ -82.6471, 37.3534 ], [ -82.6633, 37.3425 ], [ -82.6724, 37.3068 ], [ -82.6937, 37.3061 ], [ -82.7004, 37.2901 ], [ -82.7108, 37.2853 ], [ -82.7276, 37.29 ], [ -82.7268, 37.3048 ], [ -82.7397, 37.302 ], [ -82.7532, 37.3091 ], [ -82.7481, 37.3169 ], [ -82.7549, 37.3269 ], [ -82.7522, 37.337 ], [ -82.7643, 37.353 ], [ -82.7584, 37.3667 ] ] ] } },
{ "type": "Feature", "properties": { "GEOIDFQ": "1400000US21125970300", "NAME": "9703", "NAMELSAD": "Census Tract 9703" }, "geometry": { "type": "Polygon", "coordinates": [ [ [ -84.2656, 37.1817 ], [ -84.2788, 37.1878 ], [ -84.2807, 37.1984 ], [ -84.2601, 37.2041 ], [ -84.2721, 37.2123 ], [ -84.2629, 37.2176 ], [ -84.2667, 37.2236 ], [ -84.2519, 37.2404 ], [ -84.2372, 37.2292 ], [ -84.2392, 37.2405 ], [ -84.192, 37.2118 ], [ -84.1871, 37.1953 ], [ -84.1773, 37.1912 ], [ -84.1733, 37.1701 ], [ -84.1474, 37.1608 ], [ -84.1335, 37.1675 ], [ -84.1234, 37.1663 ], [ -84.1354, 37.1531 ], [ -84.1255, 37.1518 ], [ -84.1302, 37.1391 ], [ -84.1446, 37.1333 ], [ -84.132, 37.1284 ], [ -84.1434, 37.1142 ], [ -84.1446, 37.0968 ], [ -84.1499, 37.0922 ], [ -84.1604, 37.099 ], [ -84.1752, 37.0864 ], [ -84.1904, 37.0912 ], [ -84.1968, 37.0858 ], [ -84.2057, 37.0919 ], [ -84.2225, 37.0924 ], [ -84.2287, 37.1007 ], [ -84.2235, 37.1036 ], [ -84.2401, 37.1111 ], [ -84.2458, 37.0982 ], [ -84.2566, 37.1132 ], [ -84.2696, 37.1193 ], [ -84.2741, 37.1151 ], [ -84.2636, 37.1041 ], [ -84.2802, 37.1019 ], [ -84.293, 37.1136 ], [ -84.2811, 37.1145 ], [ -84.279, 37.1197 ], [ -84.2969, 37.1216 ], [ -84.2895, 37.1291 ], [ -84.2939, 37.145 ], [ -84.288, 37.1581 ], [ -84.3002, 37.1696 ], [ -84.2656, 37.1817 ] ] ] } },
{ "type": "Feature", "properties": { "GEOIDFQ": "1400000US21125970600", "NAME": "9706", "NAMELSAD": "Census Tract 9706" }, "geometry": { "type": "Polygon", "coordinates": [ [ [ -84.0857, 37.1309 ], [ -84.0676, 37.1108 ], [ -84.0796, 37.1052 ], [ -84.102, 37.1106 ], [ -84.111, 37.1464 ], [ -84.0857, 37.1309 ] ] ] } },
{ "type": "Feature", "properties": { "GEOIDFQ": "1400000US21125970800", "NAME": "9708", "NAMELSAD": "Census Tract 9708" }, "geometry": { "type": "Polygon", "coordinates": [ [ [ -84.0446, 37.1357 ], [ -83.9352, 37.1345 ], [ -83.935, 37.1214 ], [ -83.9254, 37.1118 ], [ -83.9039, 37.1105 ], [ -83.886, 37.1189 ], [ -83.8833, 37.1093 ], [ -83.8653, 37.1039 ], [ -83.8625, 37.0914 ], [ -83.8726, 37.0805 ], [ -83.9052, 37.0812 ], [ -83.9228, 37.0726 ], [ -83.9449, 37.0796 ], [ -83.9754, 37.0729 ], [ -83.9805, 37.0663 ], [ -83.9905, 37.0721 ], [ -83.9987, 37.0595 ], [ -83.9984, 37.0636 ], [ -84.0177, 37.0674 ], [ -84.0342, 37.0645 ], [ -84.0572, 37.1113 ], [ -84.0446, 37.1357 ] ] ] } },
{ "type": "Feature", "properties": { "GEOIDFQ": "1400000US21125970100", "NAME": "9701", "NAMELSAD": "Census Tract 9701" }, "geometry": { "type": "Polygon", "coordinates": [ [ [ -84.0807, 37.2915 ], [ -84.0779, 37.282 ], [ -84.0655, 37.2875 ], [ -84.0493, 37.2823 ], [ -84.0565, 37.2698 ], [ -84.0056, 37.2533 ], [ -83.9437, 37.2506 ], [ -83.9408, 37.2033 ], [ -83.9696, 37.1689 ], [ -83.9352, 37.1345 ], [ -84.0505, 37.1362 ], [ -84.0353, 37.1517 ], [ -84.052, 37.1573 ], [ -84.0517, 37.1626 ], [ -84.0647, 37.1579 ], [ -84.0739, 37.1698 ], [ -84.0657, 37.1771 ], [ -84.0762, 37.1794 ], [ -84.0929, 37.1688 ], [ -84.0856, 37.1955 ], [ -84.0489, 37.2323 ], [ -84.0573, 37.2414 ], [ -84.0542, 37.259 ], [ -84.0627, 37.2747 ], [ -84.0782, 37.2723 ], [ -84.0793, 37.2808 ], [ -84.0885, 37.2816 ], [ -84.0957, 37.2945 ], [ -84.0807, 37.2915 ] ] ] } },
{ "type": "Feature", "properties": { "GEOIDFQ": "1400000US21125970700", "NAME": "9707", "NAMELSAD": "Census Tract 9707" }, "geometry": { "type": "Polygon", "coordinates": [ [ [ -84.0796, 37.1052 ], [ -84.0676, 37.1108 ], [ -84.0527, 37.101 ], [ -84.0368, 37.0621 ], [ -84.0524, 37.0598 ], [ -84.0646, 37.0726 ], [ -84.0803, 37.0625 ], [ -84.0793, 37.0662 ], [ -84.0924, 37.0659 ], [ -84.102, 37.1106 ], [ -84.0796, 37.1052 ] ] ] } },
{ "type": "Feature", "properties": { "GEOIDFQ": "1400000US21125970400", "NAME": "9704", "NAMELSAD": "Census Tract 9704" }, "geometry": { "type": "Polygon", "coordinates": [ [ [ -84.1302, 37.1391 ], [ -84.1255, 37.1518 ], [ -84.1354, 37.1531 ], [ -84.1223, 37.1673 ], [ -84.1134, 37.1592 ], [ -84.0991, 37.0758 ], [ -84.1134, 37.0858 ], [ -84.1315, 37.0847 ], [ -84.1291, 37.0931 ], [ -84.1396, 37.0949 ], [ -84.1359, 37.1015 ], [ -84.1446, 37.0991 ], [ -84.1434, 37.1142 ], [ -84.132, 37.1284 ], [ -84.1449, 37.1322 ], [ -84.1302, 37.1391 ] ] ] } },
{ "type": "Feature", "properties": { "GEOIDFQ": "1400000US21125970900", "NAME": "9709", "NAMELSAD": "Census Tract 9709" }, "geometry": { "type": "Polygon", "coordinates": [ [ [ -84.0177, 37.0674 ], [ -83.9944, 37.0591 ], [ -83.9905, 37.0721 ], [ -83.9807, 37.0663 ], [ -83.9754, 37.0729 ], [ -83.9449, 37.0796 ], [ -83.9228, 37.0726 ], [ -83.9135, 37.0794 ], [ -83.8805, 37.0819 ], [ -83.8879, 37.0748 ], [ -83.885, 37.0623 ], [ -83.8761, 37.0626 ], [ -83.8713, 37.0549 ], [ -83.9059, 37.0321 ], [ -83.9223, 37.0364 ], [ -83.9342, 37.0066 ], [ -83.9318, 36.9962 ], [ -83.9519, 36.9874 ], [ -83.9592, 36.9772 ], [ -83.9725, 36.9776 ], [ -83.9792, 36.983 ], [ -84.017, 36.984 ], [ -84.009, 36.9936 ], [ -84.0199, 37.0089 ], [ -84.0295, 37.044 ], [ -84.0262, 37.052 ], [ -84.0342, 37.0645 ], [ -84.0177, 37.0674 ] ] ] } },
{ "type": "Feature", "properties": { "GEOIDFQ": "1400000US21037052301", "NAME": "523.01", "NAMELSAD": "Census Tract 523.01" }, "geometry": { "type": "Polygon", "coordinates": [ [ [ -84.4678, 39.0974 ], [ -84.4602, 39.0905 ], [ -84.452, 39.0914 ], [ -84.4485, 39.0786 ], [ -84.4652, 39.0739 ], [ -84.477, 39.0923 ], [ -84.4678, 39.0974 ] ] ] } },
{ "type": "Feature", "properties": { "GEOIDFQ": "1400000US21037052002", "NAME": "520.02", "NAMELSAD": "Census Tract 520.02" }, "geometry": { "type": "Polygon", "coordinates": [ [ [ -84.3403, 38.9237 ], [ -84.3481, 38.9486 ], [ -84.3073, 38.9719 ], [ -84.2962, 38.9713 ], [ -84.2343, 38.8933 ], [ -84.232, 38.8748 ], [ -84.3261, 38.8377 ], [ -84.3332, 38.8549 ], [ -84.3306, 38.8783 ], [ -84.3407, 38.8862 ], [ -84.3357, 38.8923 ], [ -84.3538, 38.9172 ], [ -84.3403, 38.9237 ] ] ] } },
{ "type": "Feature", "properties": { "GEOIDFQ": "1400000US21037052400", "NAME": "524", "NAMELSAD": "Census Tract 524" }, "geometry": { "type": "Polygon", "coordinates": [ [ [ -84.4797, 39.0948 ], [ -84.4756, 39.0925 ], [ -84.4655, 39.066 ], [ -84.4866, 39.0855 ], [ -84.4797, 39.0948 ] ] ] } },
{ "type": "Feature", "properties": { "GEOIDFQ": "1400000US21037053100", "NAME": "531", "NAMELSAD": "Census Tract 531" }, "geometry": { "type": "Polygon", "coordinates": [ [ [ -84.4401, 39.0038 ], [ -84.4309, 39.0199 ], [ -84.4065, 39.0071 ], [ -84.3946, 39.0151 ], [ -84.387, 39.0246 ], [ -84.3901, 39.0312 ], [ -84.4192, 39.0425 ], [ -84.4214, 39.051 ], [ -84.3364, 39.0328 ], [ -84.3408, 39.024 ], [ -84.3487, 39.0265 ], [ -84.3679, 39.0089 ], [ -84.3779, 39.019 ], [ -84.3834, 39.0147 ], [ -84.3796, 39.0031 ], [ -84.3882, 38.9947 ], [ -84.399, 38.9912 ], [ -84.4056, 38.9965 ], [ -84.4206, 38.9858 ], [ -84.4257, 38.9734 ], [ -84.4281, 38.9816 ], [ -84.441, 38.9841 ], [ -84.4558, 38.9652 ], [ -84.4664, 38.9757 ], [ -84.4506, 38.9964 ], [ -84.4698, 39.0064 ], [ -84.4401, 39.0038 ] ] ] } },
{ "type": "Feature", "properties": { "GEOIDFQ": "1400000US21037050100", "NAME": "501", "NAMELSAD": "Census Tract 501" }, "geometry": { "type": "Polygon", "coordinates": [ [ [ -84.496, 39.0897 ], [ -84.4997, 39.0796 ], [ -84.5044, 39.0858 ], [ -84.5041, 39.096 ], [ -84.496, 39.0897 ] ] ] } },
{ "type": "Feature", "properties": { "GEOIDFQ": "1400000US21037051102", "NAME": "511.02", "NAMELSAD": "Census Tract 511.02" }, "geometry": { "type": "Polygon", "coordinates": [ [ [ -84.4681, 39.1128 ], [ -84.4584, 39.1071 ], [ -84.461, 39.1019 ], [ -84.4776, 39.1068 ], [ -84.4681, 39.1128 ] ] ] } },
{ "type": "Feature", "properties": { "GEOIDFQ": "1400000US21037051901", "NAME": "519.01", "NAMELSAD": "Census Tract 519.01" }, "geometry": { "type": "Polygon", "coordinates": [ [ [ -84.3632, 38.977 ], [ -84.3691, 39.0089 ], [ -84.3487, 39.0265 ], [ -84.3408, 39.024 ], [ -84.336, 39.0326 ], [ -84.3044, 39.0053 ], [ -84.2962, 38.9713 ], [ -84.3073, 38.9719 ], [ -84.3481, 38.9486 ], [ -84.3403, 38.9237 ], [ -84.3505, 38.9171 ], [ -84.3625, 38.9201 ], [ -84.3857, 38.9601 ], [ -84.3632, 38.977 ] ] ] } },
{ "type": "Feature", "properties": { "GEOIDFQ": "1400000US21037051300", "NAME": "513", "NAMELSAD": "Census Tract 513" }, "geometry": { "type": "Polygon", "coordinates": [ [ [ -84.4553, 39.1121 ], [ -84.4452, 39.1066 ], [ -84.441, 39.1096 ], [ -84.4355, 39.087 ], [ -84.4607, 39.0908 ], [ -84.4675, 39.0973 ], [ -84.4584, 39.1071 ], [ -84.468, 39.1129 ], [ -84.4553, 39.1121 ] ] ] } },
{ "type": "Feature", "properties": { "GEOIDFQ": "1400000US21037051904", "NAME": "519.04", "NAMELSAD": "Census Tract 519.04" }, "geometry": { "type": "Polygon", "coordinates": [ [ [ -84.4097, 38.9379 ], [ -84.3968, 38.956 ], [ -84.3811, 38.9583 ], [ -84.3662, 38.9258 ], [ -84.3878, 38.9254 ], [ -84.4157, 38.9032 ], [ -84.4416, 38.9077 ], [ -84.4486, 38.9208 ], [ -84.4097, 38.9379 ] ] ] } },
{ "type": "Feature", "properties": { "GEOIDFQ": "1400000US21037051903", "NAME": "519.03", "NAMELSAD": "Census Tract 519.03" }, "geometry": { "type": "Polygon", "coordinates": [ [ [ -84.4465, 38.9512 ], [ -84.4056, 38.9965 ], [ -84.399, 38.9912 ], [ -84.3882, 38.9947 ], [ -84.3796, 39.0031 ], [ -84.3834, 39.0149 ], [ -84.3735, 39.0168 ], [ -84.3633, 38.9988 ], [ -84.3633, 38.9768 ], [ -84.3974, 38.9555 ], [ -84.4097, 38.9379 ], [ -84.4486, 38.9208 ], [ -84.4636, 38.9475 ], [ -84.4465, 38.9512 ] ] ] } },
{ "type": "Feature", "properties": { "GEOIDFQ": "1400000US21037052900", "NAME": "529", "NAMELSAD": "Census Tract 529" }, "geometry": { "type": "Polygon", "coordinates": [ [ [ -84.4295, 39.0576 ], [ -84.4194, 39.0427 ], [ -84.3909, 39.0319 ], [ -84.387, 39.0246 ], [ -84.409, 39.0078 ], [ -84.4481, 39.0264 ], [ -84.4608, 39.0458 ], [ -84.4295, 39.0576 ] ] ] } },
{ "type": "Feature", "properties": { "GEOIDFQ": "1400000US21117065502", "NAME": "655.02", "NAMELSAD": "Census Tract 655.02" }, "geometry": { "type": "Polygon", "coordinates": [ [ [ -84.5615, 39.0061 ], [ -84.5345, 39.0256 ], [ -84.529, 39.0146 ], [ -84.5359, 38.9953 ], [ -84.5537, 38.9873 ], [ -84.5682, 38.9899 ], [ -84.5615, 39.0061 ] ] ] } },
{ "type": "Feature", "properties": { "GEOIDFQ": "1400000US21109960200", "NAME": "9602", "NAMELSAD": "Census Tract 9602" }, "geometry": { "type": "Polygon", "coordinates": [ [ [ -84.1998, 37.5224 ], [ -84.1718, 37.5575 ], [ -84.1421, 37.5648 ], [ -84.045, 37.5636 ], [ -83.998, 37.5726 ], [ -83.9957, 37.557 ], [ -84.0054, 37.552 ], [ -84.0015, 37.5462 ], [ -84.0132, 37.5371 ], [ -84.0096, 37.5311 ], [ -84.0232, 37.5228 ], [ -84.0185, 37.5109 ], [ -84.0405, 37.5077 ], [ -84.0508, 37.4989 ], [ -84.0732, 37.4931 ], [ -84.0815, 37.4837 ], [ -84.0694, 37.4645 ], [ -84.0752, 37.4536 ], [ -84.0679, 37.4483 ], [ -84.0779, 37.4394 ], [ -84.0794, 37.4255 ], [ -84.0615, 37.4226 ], [ -84.0573, 37.4058 ], [ -84.0975, 37.3663 ], [ -84.1182, 37.3606 ], [ -84.1238, 37.341 ], [ -84.136, 37.3353 ], [ -84.1423, 37.3452 ], [ -84.1351, 37.343 ], [ -84.1329, 37.3492 ], [ -84.143, 37.3523 ], [ -84.1294, 37.3586 ], [ -84.1695, 37.3854 ], [ -84.1593, 37.4174 ], [ -84.184, 37.4469 ], [ -84.1828, 37.4548 ], [ -84.1893, 37.4568 ], [ -84.2038, 37.4867 ], [ -84.2, 37.4952 ], [ -84.2053, 37.5033 ], [ -84.1998, 37.5224 ] ] ] } },
{ "type": "Feature", "properties": { "GEOIDFQ": "1400000US21067001000", "NAME": "10", "NAMELSAD": "Census Tract 10" }, "geometry": { "type": "Polygon", "coordinates": [ [ [ -84.5311, 38.0708 ], [ -84.5057, 38.0542 ], [ -84.5232, 38.0498 ], [ -84.5485, 38.0603 ], [ -84.5311, 38.0708 ] ] ] } },
{ "type": "Feature", "properties": { "GEOIDFQ": "1400000US21067004207", "NAME": "42.07", "NAMELSAD": "Census Tract 42.07" }, "geometry": { "type": "Polygon", "coordinates": [ [ [ -84.6493, 38.0432 ], [ -84.5933, 38.0443 ], [ -84.5755, 38.0206 ], [ -84.5716, 38.0022 ], [ -84.5923, 37.9864 ], [ -84.6599, 38.0049 ], [ -84.6493, 38.0432 ] ] ] } },
{ "type": "Feature", "properties": { "GEOIDFQ": "1400000US21067003914", "NAME": "39.14", "NAMELSAD": "Census Tract 39.14" }, "geometry": { "type": "Polygon", "coordinates": [ [ [ -84.4036, 38.0221 ], [ -84.3962, 37.9997 ], [ -84.3992, 37.9997 ], [ -84.4118, 38.0221 ], [ -84.4036, 38.0221 ] ] ] } },
{ "type": "Feature", "properties": { "GEOIDFQ": "1400000US21111011711", "NAME": "117.11", "NAMELSAD": "Census Tract 117.11" }, "geometry": { "type": "Polygon", "coordinates": [ [ [ -85.6497, 38.1028 ], [ -85.6375, 38.091 ], [ -85.643, 38.0813 ], [ -85.6672, 38.0834 ], [ -85.6726, 38.1035 ], [ -85.6497, 38.1028 ] ] ] } },
{ "type": "Feature", "properties": { "GEOIDFQ": "1400000US21111010314", "NAME": "103.14", "NAMELSAD": "Census Tract 103.14" }, "geometry": { "type": "Polygon", "coordinates": [ [ [ -85.5146, 38.311 ], [ -85.4763, 38.2897 ], [ -85.4859, 38.2832 ], [ -85.5306, 38.2879 ], [ -85.5484, 38.2975 ], [ -85.5146, 38.311 ] ] ] } },
{ "type": "Feature", "properties": { "GEOIDFQ": "1400000US21111009105", "NAME": "91.05", "NAMELSAD": "Census Tract 91.05" }, "geometry": { "type": "Polygon", "coordinates": [ [ [ -85.7685, 38.1268 ], [ -85.7565, 38.1439 ], [ -85.749, 38.127 ], [ -85.7685, 38.1268 ] ] ] } },
{ "type": "Feature", "properties": { "GEOIDFQ": "1400000US21201970100", "NAME": "9701", "NAMELSAD": "Census Tract 9701" }, "geometry": { "type": "Polygon", "coordinates": [ [ [ -84.1783, 38.5333 ], [ -84.1636, 38.5395 ], [ -84.162, 38.5541 ], [ -84.1464, 38.5498 ], [ -84.1223, 38.5636 ], [ -84.1248, 38.5685 ], [ -84.1147, 38.5709 ], [ -84.1024, 38.5811 ], [ -84.1045, 38.5863 ], [ -84.083, 38.5981 ], [ -84.0834, 38.6086 ], [ -84.078, 38.5983 ], [ -84.0686, 38.6039 ], [ -84.0672, 38.5978 ], [ -84.0595, 38.5989 ], [ -84.0583, 38.5914 ], [ -84.0503, 38.6026 ], [ -84.0444, 38.5962 ], [ -84.0518, 38.5911 ], [ -84.0329, 38.5961 ], [ -84.0337, 38.5829 ], [ -84.0236, 38.5839 ], [ -84.0197, 38.5948 ], [ -84.0186, 38.584 ], [ -84.0047, 38.5898 ], [ -83.9968, 38.5833 ], [ -83.9904, 38.5938 ], [ -83.9712, 38.5876 ], [ -83.9609, 38.5327 ], [ -83.9303, 38.4923 ], [ -83.9824, 38.4525 ], [ -83.9801, 38.4374 ], [ -83.9913, 38.4348 ], [ -83.9992, 38.4223 ], [ -83.9996, 38.4417 ], [ -84.0064, 38.431 ], [ -84.0182, 38.4457 ], [ -84.0304, 38.4407 ], [ -84.0724, 38.4573 ], [ -84.0861, 38.4545 ], [ -84.1029, 38.4596 ], [ -84.1067, 38.469 ], [ -84.1315, 38.4749 ], [ -84.1315, 38.4829 ], [ -84.146, 38.4764 ], [ -84.1514, 38.4898 ], [ -84.1726, 38.487 ], [ -84.1721, 38.4936 ], [ -84.1586, 38.4964 ], [ -84.1614, 38.5018 ], [ -84.1751, 38.5019 ], [ -84.18, 38.4962 ], [ -84.1783, 38.5333 ] ] ] } },
{ "type": "Feature", "properties": { "GEOIDFQ": "1400000US21019031004", "NAME": "310.04", "NAMELSAD": "Census Tract 310.04" }, "geometry": { "type": "Polygon", "coordinates": [ [ [ -82.7197, 38.468 ], [ -82.7067, 38.4562 ], [ -82.6879, 38.4507 ], [ -82.7064, 38.4417 ], [ -82.7046, 38.4185 ], [ -82.7224, 38.4041 ], [ -82.7288, 38.4033 ], [ -82.7342, 38.4151 ], [ -82.728, 38.4221 ], [ -82.7409, 38.4241 ], [ -82.7416, 38.4326 ], [ -82.7506, 38.4282 ], [ -82.7577, 38.4331 ], [ -82.7673, 38.4275 ], [ -82.7691, 38.4336 ], [ -82.7197, 38.468 ] ] ] } },
{ "type": "Feature", "properties": { "GEOIDFQ": "1400000US21019031003", "NAME": "310.03", "NAMELSAD": "Census Tract 310.03" }, "geometry": { "type": "Polygon", "coordinates": [ [ [ -82.7057, 38.4426 ], [ -82.6888, 38.4479 ], [ -82.6773, 38.4379 ], [ -82.637, 38.4431 ], [ -82.6274, 38.4359 ], [ -82.6392, 38.421 ], [ -82.6622, 38.4175 ], [ -82.67, 38.4108 ], [ -82.7056, 38.4185 ], [ -82.7057, 38.4426 ] ] ] } },
{ "type": "Feature", "properties": { "GEOIDFQ": "1400000US21019031101", "NAME": "311.01", "NAMELSAD": "Census Tract 311.01" }, "geometry": { "type": "Polygon", "coordinates": [ [ [ -82.7114, 38.3919 ], [ -82.7146, 38.4092 ], [ -82.6983, 38.4182 ], [ -82.6613, 38.4065 ], [ -82.6328, 38.3832 ], [ -82.6564, 38.3695 ], [ -82.6538, 38.3573 ], [ -82.6627, 38.3504 ], [ -82.6484, 38.3381 ], [ -82.6521, 38.3277 ], [ -82.6227, 38.3243 ], [ -82.6276, 38.3085 ], [ -82.6425, 38.3027 ], [ -82.6348, 38.2669 ], [ -82.6648, 38.2646 ], [ -82.7272, 38.3874 ], [ -82.7114, 38.3919 ] ] ] } },
{ "type": "Feature", "properties": { "GEOIDFQ": "1400000US21019031102", "NAME": "311.02", "NAMELSAD": "Census Tract 311.02" }, "geometry": { "type": "Polygon", "coordinates": [ [ [ -82.7804, 38.3489 ], [ -82.7711, 38.3671 ], [ -82.7437, 38.3889 ], [ -82.7272, 38.3874 ], [ -82.6648, 38.2646 ], [ -82.6995, 38.2619 ], [ -82.7053, 38.2531 ], [ -82.7215, 38.2498 ], [ -82.7389, 38.237 ], [ -82.7663, 38.2351 ], [ -82.794, 38.2453 ], [ -82.7804, 38.3489 ] ] ] } },
{ "type": "Feature", "properties": { "GEOIDFQ": "1400000US21163970500", "NAME": "9705", "NAMELSAD": "Census Tract 9705" }, "geometry": { "type": "Polygon", "coordinates": [ [ [ -86.4539, 38.0501 ], [ -86.4326, 38.0681 ], [ -86.4323, 38.0848 ], [ -86.4578, 38.0952 ], [ -86.4655, 38.1043 ], [ -86.4657, 38.1153 ], [ -86.4557, 38.125 ], [ -86.431, 38.1259 ], [ -86.4019, 38.1043 ], [ -86.3808, 38.129 ], [ -86.3387, 38.1279 ], [ -86.3267, 38.1344 ], [ -86.3211, 38.1466 ], [ -86.3259, 38.154 ], [ -86.3653, 38.1614 ], [ -86.3767, 38.1697 ], [ -86.375, 38.1921 ], [ -86.3562, 38.1985 ], [ -86.2914, 38.1615 ], [ -86.2728, 38.1408 ], [ -86.2761, 38.0743 ], [ -86.268, 38.0574 ], [ -86.2347, 38.0306 ], [ -86.267, 38.0058 ], [ -86.2659, 37.9975 ], [ -86.2768, 37.9934 ], [ -86.2718, 37.9853 ], [ -86.248, 37.984 ], [ -86.2222, 37.9672 ], [ -86.2407, 37.9439 ], [ -86.3057, 37.9183 ], [ -86.4909, 38.0457 ], [ -86.4539, 38.0501 ] ] ] } },
{ "type": "Feature", "properties": { "GEOIDFQ": "1400000US21073071200", "NAME": "712", "NAMELSAD": "Census Tract 712" }, "geometry": { "type": "Polygon", "coordinates": [ [ [ -84.8726, 38.2114 ], [ -84.8737, 38.2186 ], [ -84.852, 38.218 ], [ -84.8621, 38.2021 ], [ -84.8741, 38.1968 ], [ -84.8839, 38.1991 ], [ -84.8726, 38.2114 ] ] ] } },
{ "type": "Feature", "properties": { "GEOIDFQ": "1400000US21041950200", "NAME": "9502", "NAMELSAD": "Census Tract 9502" }, "geometry": { "type": "Polygon", "coordinates": [ [ [ -85.1498, 38.6944 ], [ -85.1136, 38.7161 ], [ -85.096, 38.7162 ], [ -85.0853, 38.7223 ], [ -85.077, 38.7059 ], [ -85.0747, 38.6751 ], [ -85.067, 38.6678 ], [ -85.0782, 38.6546 ], [ -85.1113, 38.6537 ], [ -85.1244, 38.6431 ], [ -85.1395, 38.6496 ], [ -85.1416, 38.6605 ], [ -85.1499, 38.6549 ], [ -85.1779, 38.6557 ], [ -85.1887, 38.6843 ], [ -85.1498, 38.6944 ] ] ] } },
{ "type": "Feature", "properties": { "GEOIDFQ": "1400000US21041950100", "NAME": "9501", "NAMELSAD": "Census Tract 9501" }, "geometry": { "type": "Polygon", "coordinates": [ [ [ -85.1113, 38.6537 ], [ -85.0782, 38.6546 ], [ -85.067, 38.6679 ], [ -85.0747, 38.6751 ], [ -85.077, 38.7059 ], [ -85.0853, 38.7223 ], [ -85.096, 38.7162 ], [ -85.1136, 38.7161 ], [ -85.073, 38.741 ], [ -85.0234, 38.7613 ], [ -84.9627, 38.6796 ], [ -84.9345, 38.6621 ], [ -84.937, 38.6508 ], [ -84.9512, 38.6489 ], [ -84.9573, 38.6537 ], [ -84.9699, 38.6487 ], [ -84.976, 38.6356 ], [ -85.0158, 38.6321 ], [ -85.0124, 38.6232 ], [ -85.0254, 38.6134 ], [ -85.0594, 38.6113 ], [ -85.0685, 38.6042 ], [ -85.0674, 38.5937 ], [ -85.0817, 38.6008 ], [ -85.0817, 38.6105 ], [ -85.1004, 38.6263 ], [ -85.1107, 38.6292 ], [ -85.1087, 38.638 ], [ -85.1242, 38.6434 ], [ -85.1113, 38.6537 ] ] ] } },
{ "type": "Feature", "properties": { "GEOIDFQ": "1400000US21041950300", "NAME": "9503", "NAMELSAD": "Census Tract 9503" }, "geometry": { "type": "Polygon", "coordinates": [ [ [ -85.2893, 38.7424 ], [ -85.2496, 38.7337 ], [ -85.217, 38.6979 ], [ -85.1886, 38.6876 ], [ -85.1787, 38.6563 ], [ -85.1499, 38.6549 ], [ -85.1399, 38.6599 ], [ -85.1395, 38.6496 ], [ -85.1087, 38.638 ], [ -85.1113, 38.6299 ], [ -85.0817, 38.6105 ], [ -85.0749, 38.5968 ], [ -85.2114, 38.5802 ], [ -85.2189, 38.596 ], [ -85.2143, 38.6031 ], [ -85.2303, 38.6178 ], [ -85.229, 38.627 ], [ -85.3297, 38.7258 ], [ -85.3331, 38.7363 ], [ -85.2893, 38.7424 ] ] ] } },
{ "type": "Feature", "properties": { "GEOIDFQ": "1400000US21221980200", "NAME": "9802", "NAMELSAD": "Census Tract 9802" }, "geometry": { "type": "Polygon", "coordinates": [ [ [ -87.8027, 36.6696 ], [ -87.7897, 36.672 ], [ -87.7969, 36.6773 ], [ -87.7944, 36.6977 ], [ -87.8024, 36.7037 ], [ -87.8034, 36.7187 ], [ -87.7868, 36.7221 ], [ -87.7664, 36.7141 ], [ -87.7632, 36.7225 ], [ -87.7185, 36.7266 ], [ -87.7109, 36.7199 ], [ -87.7133, 36.7141 ], [ -87.6988, 36.715 ], [ -87.6978, 36.7093 ], [ -87.6908, 36.7113 ], [ -87.6905, 36.7041 ], [ -87.6827, 36.7034 ], [ -87.6942, 36.6371 ], [ -87.7968, 36.6349 ], [ -87.7977, 36.6546 ], [ -87.8047, 36.6563 ], [ -87.8027, 36.6696 ] ] ] } },
{ "type": "Feature", "properties": { "GEOIDFQ": "1400000US21221980100", "NAME": "9801", "NAMELSAD": "Census Tract 9801" }, "geometry": { "type": "Polygon", "coordinates": [ [ [ -88.005, 36.9095 ], [ -87.9801, 36.848 ], [ -87.9735, 36.75 ], [ -87.9431, 36.6962 ], [ -87.912, 36.6678 ], [ -88.0705, 36.6783 ], [ -88.0806, 36.7076 ], [ -88.1126, 36.7506 ], [ -88.1573, 36.8672 ], [ -88.005, 36.9095 ] ] ] } },
{ "type": "Feature", "properties": { "GEOIDFQ": "1400000US21111010800", "NAME": "108", "NAMELSAD": "Census Tract 108" }, "geometry": { "type": "Polygon", "coordinates": [ [ [ -85.6273, 38.2331 ], [ -85.6068, 38.219 ], [ -85.6375, 38.2205 ], [ -85.6512, 38.2215 ], [ -85.6273, 38.2331 ] ] ] } },
{ "type": "Feature", "properties": { "GEOIDFQ": "1400000US21111010901", "NAME": "109.01", "NAMELSAD": "Census Tract 109.01" }, "geometry": { "type": "Polygon", "coordinates": [ [ [ -85.6562, 38.2192 ], [ -85.6432, 38.2096 ], [ -85.66, 38.199 ], [ -85.6713, 38.2113 ], [ -85.6562, 38.2192 ] ] ] } },
{ "type": "Feature", "properties": { "GEOIDFQ": "1400000US21111010902", "NAME": "109.02", "NAMELSAD": "Census Tract 109.02" }, "geometry": { "type": "Polygon", "coordinates": [ [ [ -85.6512, 38.2215 ], [ -85.6258, 38.2198 ], [ -85.6432, 38.2096 ], [ -85.6562, 38.2192 ], [ -85.6512, 38.2215 ] ] ] } },
{ "type": "Feature", "properties": { "GEOIDFQ": "1400000US21031930301", "NAME": "9303.01", "NAMELSAD": "Census Tract 9303.01" }, "geometry": { "type": "Polygon", "coordinates": [ [ [ -86.8282, 37.2818 ], [ -86.8256, 37.2946 ], [ -86.8083, 37.2914 ], [ -86.8188, 37.3053 ], [ -86.8166, 37.3282 ], [ -86.7983, 37.3347 ], [ -86.7758, 37.3263 ], [ -86.7706, 37.3099 ], [ -86.7458, 37.2905 ], [ -86.7558, 37.2869 ], [ -86.7436, 37.2824 ], [ -86.7469, 37.2603 ], [ -86.7063, 37.2072 ], [ -86.6696, 37.1778 ], [ -86.6635, 37.1554 ], [ -86.6719, 37.1497 ], [ -86.6855, 37.151 ], [ -86.6935, 37.1435 ], [ -86.6897, 37.1353 ], [ -86.7161, 37.1463 ], [ -86.7225, 37.1354 ], [ -86.7356, 37.1426 ], [ -86.7491, 37.18 ], [ -86.763, 37.1759 ], [ -86.7835, 37.1939 ], [ -86.7756, 37.2012 ], [ -86.7821, 37.2098 ], [ -86.779, 37.2223 ], [ -86.7846, 37.2231 ], [ -86.7789, 37.229 ], [ -86.787, 37.24 ], [ -86.8134, 37.2497 ], [ -86.8416, 37.2474 ], [ -86.8544, 37.2547 ], [ -86.8282, 37.2818 ] ] ] } },
{ "type": "Feature", "properties": { "GEOIDFQ": "1400000US21031930302", "NAME": "9303.02", "NAMELSAD": "Census Tract 9303.02" }, "geometry": { "type": "Polygon", "coordinates": [ [ [ -86.7436, 37.2824 ], [ -86.7347, 37.2843 ], [ -86.7047, 37.2417 ], [ -86.6884, 37.2436 ], [ -86.6741, 37.2378 ], [ -86.6764, 37.2239 ], [ -86.6508, 37.226 ], [ -86.6302, 37.2187 ], [ -86.622, 37.2007 ], [ -86.6352, 37.1929 ], [ -86.6133, 37.1655 ], [ -86.6182, 37.1433 ], [ -86.6422, 37.1523 ], [ -86.6516, 37.1644 ], [ -86.6605, 37.1597 ], [ -86.671, 37.1794 ], [ -86.7278, 37.2323 ], [ -86.7484, 37.2655 ], [ -86.7436, 37.2824 ] ] ] } },
{ "type": "Feature", "properties": { "GEOIDFQ": "1400000US21059000100", "NAME": "1", "NAMELSAD": "Census Tract 1" }, "geometry": { "type": "Polygon", "coordinates": [ [ [ -87.1381, 37.7734 ], [ -87.1341, 37.7657 ], [ -87.1628, 37.7637 ], [ -87.166, 37.774 ], [ -87.1381, 37.7734 ] ] ] } },
{ "type": "Feature", "properties": { "GEOIDFQ": "1400000US21059001502", "NAME": "15.02", "NAMELSAD": "Census Tract 15.02" }, "geometry": { "type": "Polygon", "coordinates": [ [ [ -86.9808, 37.7893 ], [ -86.9472, 37.8004 ], [ -86.9373, 37.7954 ], [ -86.929, 37.8075 ], [ -86.8809, 37.7918 ], [ -86.8453, 37.825 ], [ -86.8171, 37.7916 ], [ -86.8234, 37.7378 ], [ -86.8479, 37.7214 ], [ -86.8569, 37.7265 ], [ -86.8596, 37.7207 ], [ -86.8701, 37.723 ], [ -86.896, 37.7331 ], [ -86.9307, 37.7282 ], [ -87.0073, 37.7365 ], [ -86.9808, 37.7893 ] ] ] } },
{ "type": "Feature", "properties": { "GEOIDFQ": "1400000US21059001703", "NAME": "17.03", "NAMELSAD": "Census Tract 17.03" }, "geometry": { "type": "Polygon", "coordinates": [ [ [ -87.1886, 37.6911 ], [ -87.177, 37.6941 ], [ -87.1591, 37.687 ], [ -87.1366, 37.6872 ], [ -87.1004, 37.7021 ], [ -87.0597, 37.7017 ], [ -87.0446, 37.708 ], [ -87.0249, 37.6709 ], [ -87.0014, 37.6508 ], [ -86.9778, 37.6066 ], [ -87.0383, 37.5608 ], [ -87.0649, 37.5726 ], [ -87.0958, 37.567 ], [ -87.1388, 37.5756 ], [ -87.1922, 37.5981 ], [ -87.1893, 37.6168 ], [ -87.1975, 37.6498 ], [ -87.1886, 37.6911 ] ] ] } },
{ "type": "Feature", "properties": { "GEOIDFQ": "1400000US21059001800", "NAME": "18", "NAMELSAD": "Census Tract 18" }, "geometry": { "type": "Polygon", "coordinates": [ [ [ -87.3956, 37.7039 ], [ -87.3941, 37.724 ], [ -87.3732, 37.7374 ], [ -87.3227, 37.7419 ], [ -87.2968, 37.7564 ], [ -87.2851, 37.7514 ], [ -87.2058, 37.7683 ], [ -87.1637, 37.7657 ], [ -87.1588, 37.7552 ], [ -87.1752, 37.7538 ], [ -87.1914, 37.6937 ], [ -87.1975, 37.6498 ], [ -87.1893, 37.6168 ], [ -87.1922, 37.5981 ], [ -87.4085, 37.6836 ], [ -87.3956, 37.7039 ] ] ] } },
{ "type": "Feature", "properties": { "GEOIDFQ": "1400000US21059001000", "NAME": "10", "NAMELSAD": "Census Tract 10" }, "geometry": { "type": "Polygon", "coordinates": [ [ [ -87.1169, 37.7423 ], [ -87.1038, 37.7392 ], [ -87.1074, 37.7255 ], [ -87.1226, 37.7287 ], [ -87.1169, 37.7423 ] ] ] } },
{ "type": "Feature", "properties": { "GEOIDFQ": "1400000US21059001501", "NAME": "15.01", "NAMELSAD": "Census Tract 15.01" }, "geometry": { "type": "Polygon", "coordinates": [ [ [ -87.0431, 37.8689 ], [ -87.0433, 37.8973 ], [ -87.0124, 37.9187 ], [ -86.9788, 37.9303 ], [ -86.9699, 37.9184 ], [ -86.9858, 37.9053 ], [ -86.984, 37.8935 ], [ -86.9317, 37.9097 ], [ -86.9105, 37.901 ], [ -86.9157, 37.8962 ], [ -86.9069, 37.8954 ], [ -86.91, 37.8862 ], [ -86.9036, 37.8812 ], [ -86.8936, 37.882 ], [ -86.9085, 37.8693 ], [ -86.9041, 37.8572 ], [ -86.9153, 37.8396 ], [ -86.9065, 37.8323 ], [ -86.8939, 37.8287 ], [ -86.8865, 37.8363 ], [ -86.854, 37.8408 ], [ -86.8453, 37.825 ], [ -86.8809, 37.7918 ], [ -86.929, 37.8075 ], [ -86.9373, 37.7954 ], [ -86.947, 37.8004 ], [ -86.9604, 37.796 ], [ -87.0542, 37.8353 ], [ -87.0431, 37.8689 ] ] ] } },
{ "type": "Feature", "properties": { "GEOIDFQ": "1400000US21049020202", "NAME": "202.02", "NAMELSAD": "Census Tract 202.02" }, "geometry": { "type": "Polygon", "coordinates": [ [ [ -84.1498, 38.0261 ], [ -84.157, 38.0168 ], [ -84.1492, 38.018 ], [ -84.1189, 37.9957 ], [ -84.1279, 37.9899 ], [ -84.132, 37.9695 ], [ -84.143, 37.983 ], [ -84.1777, 37.9958 ], [ -84.1723, 38.0071 ], [ -84.1788, 38.058 ], [ -84.1498, 38.0261 ] ] ] } },
{ "type": "Feature", "properties": { "GEOIDFQ": "1400000US21049020201", "NAME": "202.01", "NAMELSAD": "Census Tract 202.01" }, "geometry": { "type": "Polygon", "coordinates": [ [ [ -84.1938, 38.0337 ], [ -84.1991, 38.0424 ], [ -84.1924, 38.0443 ], [ -84.1844, 38.0687 ], [ -84.1783, 38.0699 ], [ -84.1723, 38.007 ], [ -84.1795, 37.9923 ], [ -84.2105, 38.007 ], [ -84.1938, 38.0337 ] ] ] } },
{ "type": "Feature", "properties": { "GEOIDFQ": "1400000US21049020105", "NAME": "201.05", "NAMELSAD": "Census Tract 201.05" }, "geometry": { "type": "Polygon", "coordinates": [ [ [ -84.1971, 37.9768 ], [ -84.2063, 37.9865 ], [ -84.1868, 37.9879 ], [ -84.1873, 37.995 ], [ -84.176, 37.9952 ], [ -84.1922, 37.9452 ], [ -84.2114, 37.9346 ], [ -84.223, 37.9458 ], [ -84.1971, 37.9768 ] ] ] } },
{ "type": "Feature", "properties": { "GEOIDFQ": "1400000US21111004100", "NAME": "41", "NAMELSAD": "Census Tract 41" }, "geometry": { "type": "Polygon", "coordinates": [ [ [ -85.7656, 38.2052 ], [ -85.7608, 38.2039 ], [ -85.7571, 38.1903 ], [ -85.7667, 38.19 ], [ -85.7656, 38.2052 ] ] ] } },
{ "type": "Feature", "properties": { "GEOIDFQ": "1400000US21111004301", "NAME": "43.01", "NAMELSAD": "Census Tract 43.01" }, "geometry": { "type": "Polygon", "coordinates": [ [ [ -85.7996, 38.1967 ], [ -85.7833, 38.1911 ], [ -85.7876, 38.1873 ], [ -85.8089, 38.1854 ], [ -85.7996, 38.1967 ] ] ] } },
{ "type": "Feature", "properties": { "GEOIDFQ": "1400000US21111004302", "NAME": "43.02", "NAMELSAD": "Census Tract 43.02" }, "geometry": { "type": "Polygon", "coordinates": [ [ [ -85.7835, 38.1889 ], [ -85.7833, 38.1796 ], [ -85.7988, 38.1789 ], [ -85.8011, 38.1863 ], [ -85.7835, 38.1889 ] ] ] } },
{ "type": "Feature", "properties": { "GEOIDFQ": "1400000US21111004400", "NAME": "44", "NAMELSAD": "Census Tract 44" }, "geometry": { "type": "Polygon", "coordinates": [ [ [ -85.7814, 38.1896 ], [ -85.7615, 38.1893 ], [ -85.7629, 38.1812 ], [ -85.7713, 38.1789 ], [ -85.7833, 38.1796 ], [ -85.7814, 38.1896 ] ] ] } },
{ "type": "Feature", "properties": { "GEOIDFQ": "1400000US21111004500", "NAME": "45", "NAMELSAD": "Census Tract 45" }, "geometry": { "type": "Polygon", "coordinates": [ [ [ -85.7988, 38.1789 ], [ -85.7833, 38.1796 ], [ -85.7776, 38.1559 ], [ -85.7844, 38.1519 ], [ -85.8019, 38.1554 ], [ -85.7988, 38.1789 ] ] ] } },
{ "type": "Feature", "properties": { "GEOIDFQ": "1400000US21111004600", "NAME": "46", "NAMELSAD": "Census Tract 46" }, "geometry": { "type": "Polygon", "coordinates": [ [ [ -85.7629, 38.1812 ], [ -85.7647, 38.1711 ], [ -85.7809, 38.1696 ], [ -85.7833, 38.1796 ], [ -85.7629, 38.1812 ] ] ] } },
{ "type": "Feature", "properties": { "GEOIDFQ": "1400000US21111004900", "NAME": "49", "NAMELSAD": "Census Tract 49" }, "geometry": { "type": "Polygon", "coordinates": [ [ [ -85.7662, 38.2626 ], [ -85.7615, 38.2723 ], [ -85.7447, 38.2672 ], [ -85.7413, 38.258 ], [ -85.7525, 38.2443 ], [ -85.7672, 38.2443 ], [ -85.7655, 38.2591 ], [ -85.7718, 38.2634 ], [ -85.7662, 38.2626 ] ] ] } },
{ "type": "Feature", "properties": { "GEOIDFQ": "1400000US21117065600", "NAME": "656", "NAMELSAD": "Census Tract 656" }, "geometry": { "type": "Polygon", "coordinates": [ [ [ -84.5997, 39.0162 ], [ -84.5818, 39.0045 ], [ -84.5859, 38.9936 ], [ -84.6071, 38.9998 ], [ -84.5997, 39.0162 ] ] ] } },
{ "type": "Feature", "properties": { "GEOIDFQ": "1400000US21117065700", "NAME": "657", "NAMELSAD": "Census Tract 657" }, "geometry": { "type": "Polygon", "coordinates": [ [ [ -84.6029, 39.0156 ], [ -84.5997, 39.0162 ], [ -84.6061, 38.9961 ], [ -84.6141, 38.9976 ], [ -84.6152, 39.0061 ], [ -84.6029, 39.0156 ] ] ] } },
{ "type": "Feature", "properties": { "GEOIDFQ": "1400000US21117067000", "NAME": "670", "NAMELSAD": "Census Tract 670" }, "geometry": { "type": "Polygon", "coordinates": [ [ [ -84.5226, 39.0922 ], [ -84.5062, 39.0952 ], [ -84.5015, 39.0818 ], [ -84.5105, 39.0787 ], [ -84.5226, 39.0922 ] ] ] } },
{ "type": "Feature", "properties": { "GEOIDFQ": "1400000US21117063702", "NAME": "637.02", "NAMELSAD": "Census Tract 637.02" }, "geometry": { "type": "Polygon", "coordinates": [ [ [ -84.5292, 38.9105 ], [ -84.5112, 38.9272 ], [ -84.4979, 38.9303 ], [ -84.4919, 38.9229 ], [ -84.4737, 38.9228 ], [ -84.4692, 38.9319 ], [ -84.4519, 38.929 ], [ -84.4395, 38.8976 ], [ -84.4527, 38.8663 ], [ -84.4494, 38.8613 ], [ -84.4638, 38.8503 ], [ -84.4531, 38.838 ], [ -84.4508, 38.8195 ], [ -84.4436, 38.8172 ], [ -84.4359, 38.8269 ], [ -84.4271, 38.8279 ], [ -84.4185, 38.8059 ], [ -84.4841, 38.7979 ], [ -84.4957, 38.8087 ], [ -84.5179, 38.8132 ], [ -84.5325, 38.8229 ], [ -84.5401, 38.8681 ], [ -84.5352, 38.8824 ], [ -84.5447, 38.9058 ], [ -84.5292, 38.9105 ] ] ] } },
{ "type": "Feature", "properties": { "GEOIDFQ": "1400000US21117064800", "NAME": "648", "NAMELSAD": "Census Tract 648" }, "geometry": { "type": "Polygon", "coordinates": [ [ [ -84.558, 39.0574 ], [ -84.5592, 39.0684 ], [ -84.5499, 39.083 ], [ -84.5385, 39.0591 ], [ -84.5509, 39.0512 ], [ -84.5687, 39.0531 ], [ -84.558, 39.0574 ] ] ] } },
{ "type": "Feature", "properties": { "GEOIDFQ": "1400000US21111011110", "NAME": "111.10", "NAMELSAD": "Census Tract 111.10" }, "geometry": { "type": "Polygon", "coordinates": [ [ [ -85.596, 38.1837 ], [ -85.5685, 38.1923 ], [ -85.573, 38.1732 ], [ -85.5841, 38.174 ], [ -85.5856, 38.1652 ], [ -85.5989, 38.1651 ], [ -85.596, 38.1837 ] ] ] } },
{ "type": "Feature", "properties": { "GEOIDFQ": "1400000US21117067100", "NAME": "671", "NAMELSAD": "Census Tract 671" }, "geometry": { "type": "Polygon", "coordinates": [ [ [ -84.5015, 39.0818 ], [ -84.4964, 39.0754 ], [ -84.5093, 39.0738 ], [ -84.5105, 39.0787 ], [ -84.5015, 39.0818 ] ] ] } },
{ "type": "Feature", "properties": { "GEOIDFQ": "1400000US21111012603", "NAME": "126.03", "NAMELSAD": "Census Tract 126.03" }, "geometry": { "type": "Polygon", "coordinates": [ [ [ -85.8271, 38.1951 ], [ -85.8053, 38.1902 ], [ -85.8207, 38.1857 ], [ -85.8304, 38.1913 ], [ -85.8271, 38.1951 ] ] ] } },
{ "type": "Feature", "properties": { "GEOIDFQ": "1400000US21111012801", "NAME": "128.01", "NAMELSAD": "Census Tract 128.01" }, "geometry": { "type": "Polygon", "coordinates": [ [ [ -85.8093, 38.2244 ], [ -85.7925, 38.2232 ], [ -85.8006, 38.2034 ], [ -85.8205, 38.213 ], [ -85.8093, 38.2244 ] ] ] } },
{ "type": "Feature", "properties": { "GEOIDFQ": "1400000US21111012802", "NAME": "128.02", "NAMELSAD": "Census Tract 128.02" }, "geometry": { "type": "Polygon", "coordinates": [ [ [ -85.7932, 38.2214 ], [ -85.7777, 38.2198 ], [ -85.7917, 38.2032 ], [ -85.8078, 38.1924 ], [ -85.7932, 38.2214 ] ] ] } },
{ "type": "Feature", "properties": { "GEOIDFQ": "1400000US21111013100", "NAME": "131", "NAMELSAD": "Census Tract 131" }, "geometry": { "type": "Polygon", "coordinates": [ [ [ -85.6811, 38.2239 ], [ -85.668, 38.2221 ], [ -85.6769, 38.2174 ], [ -85.6811, 38.2239 ] ] ] } },
{ "type": "Feature", "properties": { "GEOIDFQ": "1400000US21111001000", "NAME": "10", "NAMELSAD": "Census Tract 10" }, "geometry": { "type": "Polygon", "coordinates": [ [ [ -85.8069, 38.2498 ], [ -85.7983, 38.2496 ], [ -85.8005, 38.2368 ], [ -85.8105, 38.2376 ], [ -85.8069, 38.2498 ] ] ] } },
{ "type": "Feature", "properties": { "GEOIDFQ": "1400000US21111012301", "NAME": "123.01", "NAMELSAD": "Census Tract 123.01" }, "geometry": { "type": "Polygon", "coordinates": [ [ [ -85.8089, 38.1854 ], [ -85.8011, 38.1861 ], [ -85.7975, 38.1704 ], [ -85.8179, 38.1735 ], [ -85.8089, 38.1854 ] ] ] } },
{ "type": "Feature", "properties": { "GEOIDFQ": "1400000US21129950300", "NAME": "9503", "NAMELSAD": "Census Tract 9503" }, "geometry": { "type": "Polygon", "coordinates": [ [ [ -83.7007, 37.5714 ], [ -83.6906, 37.585 ], [ -83.6682, 37.5773 ], [ -83.6723, 37.5935 ], [ -83.6589, 37.6034 ], [ -83.6466, 37.6068 ], [ -83.6349, 37.5991 ], [ -83.6274, 37.6402 ], [ -83.578, 37.6554 ], [ -83.5223, 37.6385 ], [ -83.581, 37.5036 ], [ -83.6076, 37.5148 ], [ -83.6135, 37.5088 ], [ -83.6226, 37.5109 ], [ -83.6185, 37.521 ], [ -83.627, 37.5226 ], [ -83.6303, 37.5373 ], [ -83.6427, 37.5414 ], [ -83.6574, 37.5366 ], [ -83.6804, 37.512 ], [ -83.7026, 37.5081 ], [ -83.7031, 37.5169 ], [ -83.6821, 37.54 ], [ -83.686, 37.5451 ], [ -83.6908, 37.5337 ], [ -83.6973, 37.5344 ], [ -83.6933, 37.5523 ], [ -83.7109, 37.5701 ], [ -83.7007, 37.5714 ] ] ] } },
{ "type": "Feature", "properties": { "GEOIDFQ": "1400000US21129950200", "NAME": "9502", "NAMELSAD": "Census Tract 9502" }, "geometry": { "type": "Polygon", "coordinates": [ [ [ -83.8549, 37.6131 ], [ -83.834, 37.6241 ], [ -83.8241, 37.6133 ], [ -83.8386, 37.5907 ], [ -83.8089, 37.5883 ], [ -83.8041, 37.5692 ], [ -83.7895, 37.5829 ], [ -83.779, 37.5823 ], [ -83.7876, 37.5678 ], [ -83.7836, 37.5541 ], [ -83.7695, 37.5526 ], [ -83.7577, 37.571 ], [ -83.7485, 37.5576 ], [ -83.7336, 37.5554 ], [ -83.7255, 37.5729 ], [ -83.7158, 37.5741 ], [ -83.6933, 37.5523 ], [ -83.697, 37.5341 ], [ -83.6908, 37.5337 ], [ -83.686, 37.5451 ], [ -83.6821, 37.54 ], [ -83.7031, 37.5169 ], [ -83.7026, 37.5081 ], [ -83.7325, 37.5211 ], [ -83.745, 37.5081 ], [ -83.743, 37.4943 ], [ -83.8293, 37.4868 ], [ -83.8648, 37.5022 ], [ -83.8663, 37.5136 ], [ -83.8843, 37.5169 ], [ -83.9054, 37.543 ], [ -83.8549, 37.6131 ] ] ] } },
{ "type": "Feature", "properties": { "GEOIDFQ": "1400000US21129950100", "NAME": "9501", "NAMELSAD": "Census Tract 9501" }, "geometry": { "type": "Polygon", "coordinates": [ [ [ -83.8325, 37.6363 ], [ -83.8084, 37.6357 ], [ -83.8223, 37.6654 ], [ -83.8102, 37.6676 ], [ -83.7757, 37.6967 ], [ -83.7397, 37.7173 ], [ -83.7122, 37.7201 ], [ -83.6283, 37.6789 ], [ -83.6166, 37.6669 ], [ -83.578, 37.6554 ], [ -83.6287, 37.6393 ], [ -83.6333, 37.6008 ], [ -83.6399, 37.5985 ], [ -83.6466, 37.6068 ], [ -83.6652, 37.6004 ], [ -83.6726, 37.5914 ], [ -83.6682, 37.5773 ], [ -83.6897, 37.5851 ], [ -83.7044, 37.5698 ], [ -83.7237, 37.5743 ], [ -83.7345, 37.5552 ], [ -83.7485, 37.5576 ], [ -83.7585, 37.571 ], [ -83.7695, 37.5526 ], [ -83.7814, 37.5532 ], [ -83.7876, 37.5678 ], [ -83.779, 37.5823 ], [ -83.7895, 37.5829 ], [ -83.8041, 37.5692 ], [ -83.8089, 37.5883 ], [ -83.8377, 37.5899 ], [ -83.8385, 37.5984 ], [ -83.8243, 37.6122 ], [ -83.8283, 37.6224 ], [ -83.846, 37.6205 ], [ -83.8595, 37.6088 ], [ -83.8664, 37.6148 ], [ -83.8325, 37.6363 ] ] ] } },
{ "type": "Feature", "properties": { "GEOIDFQ": "1400000US21067003803", "NAME": "38.03", "NAMELSAD": "Census Tract 38.03" }, "geometry": { "type": "Polygon", "coordinates": [ [ [ -84.4776, 38.0959 ], [ -84.4851, 38.0876 ], [ -84.48, 38.0821 ], [ -84.4902, 38.0858 ], [ -84.495, 38.0746 ], [ -84.506, 38.0746 ], [ -84.5209, 38.1149 ], [ -84.4776, 38.0959 ] ] ] } },
{ "type": "Feature", "properties": { "GEOIDFQ": "1400000US21111003700", "NAME": "37", "NAMELSAD": "Census Tract 37" }, "geometry": { "type": "Polygon", "coordinates": [ [ [ -85.7689, 38.2148 ], [ -85.7638, 38.215 ], [ -85.7608, 38.2039 ], [ -85.7705, 38.206 ], [ -85.7689, 38.2148 ] ] ] } },
{ "type": "Feature", "properties": { "GEOIDFQ": "1400000US21067000900", "NAME": "9", "NAMELSAD": "Census Tract 9" }, "geometry": { "type": "Polygon", "coordinates": [ [ [ -84.5232, 38.0498 ], [ -84.511, 38.0506 ], [ -84.5013, 38.0434 ], [ -84.5083, 38.0349 ], [ -84.524, 38.0421 ], [ -84.5232, 38.0498 ] ] ] } },
{ "type": "Feature", "properties": { "GEOIDFQ": "1400000US21111011109", "NAME": "111.09", "NAMELSAD": "Census Tract 111.09" }, "geometry": { "type": "Polygon", "coordinates": [ [ [ -85.596, 38.1837 ], [ -85.5989, 38.1649 ], [ -85.6117, 38.1733 ], [ -85.6225, 38.1792 ], [ -85.596, 38.1837 ] ] ] } },
{ "type": "Feature", "properties": { "GEOIDFQ": "1400000US21093000903", "NAME": "9.03", "NAMELSAD": "Census Tract 9.03" }, "geometry": { "type": "Polygon", "coordinates": [ [ [ -86.0124, 37.8178 ], [ -86.0138, 37.8097 ], [ -86.0304, 37.8023 ], [ -86.0112, 37.7857 ], [ -86.007, 37.7841 ], [ -86.0011, 37.7959 ], [ -85.9875, 37.798 ], [ -85.9821, 37.8104 ], [ -85.9672, 37.8075 ], [ -85.9391, 37.786 ], [ -85.9259, 37.7676 ], [ -85.9681, 37.75 ], [ -85.9853, 37.7575 ], [ -86.0264, 37.7382 ], [ -86.0637, 37.7371 ], [ -86.1438, 37.787 ], [ -86.1422, 37.7977 ], [ -86.1473, 37.799 ], [ -86.0124, 37.8178 ] ] ] } },
{ "type": "Feature", "properties": { "GEOIDFQ": "1400000US21037052302", "NAME": "523.02", "NAMELSAD": "Census Tract 523.02" }, "geometry": { "type": "Polygon", "coordinates": [ [ [ -84.4636, 39.0753 ], [ -84.4485, 39.0786 ], [ -84.4503, 39.0897 ], [ -84.4355, 39.087 ], [ -84.4335, 39.0728 ], [ -84.4551, 39.0641 ], [ -84.4655, 39.066 ], [ -84.4636, 39.0753 ] ] ] } },
{ "type": "Feature", "properties": { "GEOIDFQ": "1400000US21037052001", "NAME": "520.01", "NAMELSAD": "Census Tract 520.01" }, "geometry": { "type": "Polygon", "coordinates": [ [ [ -84.4494, 38.8613 ], [ -84.4416, 38.9077 ], [ -84.4155, 38.9033 ], [ -84.3878, 38.9254 ], [ -84.3737, 38.9274 ], [ -84.3512, 38.9162 ], [ -84.3357, 38.8923 ], [ -84.3407, 38.8862 ], [ -84.3306, 38.8783 ], [ -84.3325, 38.8488 ], [ -84.3247, 38.8376 ], [ -84.3874, 38.8123 ], [ -84.4171, 38.8064 ], [ -84.4271, 38.8279 ], [ -84.4359, 38.8269 ], [ -84.4436, 38.8172 ], [ -84.4508, 38.8195 ], [ -84.4531, 38.838 ], [ -84.4638, 38.851 ], [ -84.4494, 38.8613 ] ] ] } },
{ "type": "Feature", "properties": { "GEOIDFQ": "1400000US21037050400", "NAME": "504", "NAMELSAD": "Census Tract 504" }, "geometry": { "type": "Polygon", "coordinates": [ [ [ -84.4834, 39.0971 ], [ -84.4797, 39.0948 ], [ -84.4854, 39.0869 ], [ -84.4909, 39.093 ], [ -84.4834, 39.0971 ] ] ] } },
{ "type": "Feature", "properties": { "GEOIDFQ": "1400000US21037052500", "NAME": "525", "NAMELSAD": "Census Tract 525" }, "geometry": { "type": "Polygon", "coordinates": [ [ [ -84.4867, 39.0855 ], [ -84.4667, 39.0685 ], [ -84.4831, 39.0543 ], [ -84.4963, 39.0777 ], [ -84.4867, 39.0855 ] ] ] } },
{ "type": "Feature", "properties": { "GEOIDFQ": "1400000US21061920401", "NAME": "9204.01", "NAMELSAD": "Census Tract 9204.01" }, "geometry": { "type": "Polygon", "coordinates": [ [ [ -86.2257, 37.1591 ], [ -86.2125, 37.1649 ], [ -86.2068, 37.1755 ], [ -86.1589, 37.1605 ], [ -86.1601, 37.1287 ], [ -86.1474, 37.139 ], [ -86.1433, 37.1222 ], [ -86.1262, 37.1263 ], [ -86.1241, 37.1321 ], [ -86.1129, 37.1313 ], [ -86.1114, 37.123 ], [ -86.0626, 37.1285 ], [ -86.0743, 37.0533 ], [ -86.1922, 37.0767 ], [ -86.2186, 37.104 ], [ -86.2293, 37.1016 ], [ -86.2293, 37.1157 ], [ -86.237, 37.1237 ], [ -86.2257, 37.1591 ] ] ] } },
{ "type": "Feature", "properties": { "GEOIDFQ": "1400000US21061920402", "NAME": "9204.02", "NAMELSAD": "Census Tract 9204.02" }, "geometry": { "type": "Polygon", "coordinates": [ [ [ -86.3931, 37.1755 ], [ -86.3775, 37.171 ], [ -86.3622, 37.1785 ], [ -86.3257, 37.1732 ], [ -86.2996, 37.1488 ], [ -86.293, 37.1544 ], [ -86.2975, 37.1667 ], [ -86.2829, 37.1742 ], [ -86.2948, 37.1816 ], [ -86.2801, 37.1957 ], [ -86.2609, 37.2 ], [ -86.2603, 37.2069 ], [ -86.2495, 37.1932 ], [ -86.2366, 37.1905 ], [ -86.2261, 37.1958 ], [ -86.2186, 37.1869 ], [ -86.1979, 37.185 ], [ -86.1922, 37.1738 ], [ -86.1939, 37.1687 ], [ -86.2068, 37.1755 ], [ -86.2125, 37.1649 ], [ -86.2257, 37.1591 ], [ -86.237, 37.1237 ], [ -86.2293, 37.1157 ], [ -86.2293, 37.1016 ], [ -86.2565, 37.0856 ], [ -86.2817, 37.0806 ], [ -86.3992, 37.1699 ], [ -86.3931, 37.1755 ] ] ] } },
{ "type": "Feature", "properties": { "GEOIDFQ": "1400000US21067000400", "NAME": "4", "NAMELSAD": "Census Tract 4" }, "geometry": { "type": "Polygon", "coordinates": [ [ [ -84.4753, 38.0517 ], [ -84.4664, 38.0421 ], [ -84.4787, 38.0411 ], [ -84.4854, 38.0447 ], [ -84.4753, 38.0517 ] ] ] } },
{ "type": "Feature", "properties": { "GEOIDFQ": "1400000US21067000600", "NAME": "6", "NAMELSAD": "Census Tract 6" }, "geometry": { "type": "Polygon", "coordinates": [ [ [ -84.4743, 38.0265 ], [ -84.4833, 38.0171 ], [ -84.4928, 38.0217 ], [ -84.4934, 38.0381 ], [ -84.4743, 38.0265 ] ] ] } },
{ "type": "Feature", "properties": { "GEOIDFQ": "1400000US21067000700", "NAME": "7", "NAMELSAD": "Census Tract 7" }, "geometry": { "type": "Polygon", "coordinates": [ [ [ -84.499, 38.0324 ], [ -84.4928, 38.0368 ], [ -84.4928, 38.0217 ], [ -84.499, 38.0324 ] ] ] } },
{ "type": "Feature", "properties": { "GEOIDFQ": "1400000US21067000801", "NAME": "8.01", "NAMELSAD": "Census Tract 8.01" }, "geometry": { "type": "Polygon", "coordinates": [ [ [ -84.5028, 38.0357 ], [ -84.4958, 38.0295 ], [ -84.4992, 38.0248 ], [ -84.5107, 38.0283 ], [ -84.5028, 38.0357 ] ] ] } },
{ "type": "Feature", "properties": { "GEOIDFQ": "1400000US21067000802", "NAME": "8.02", "NAMELSAD": "Census Tract 8.02" }, "geometry": { "type": "Polygon", "coordinates": [ [ [ -84.5013, 38.0434 ], [ -84.4946, 38.0414 ], [ -84.499, 38.0324 ], [ -84.5028, 38.0357 ], [ -84.5095, 38.0316 ], [ -84.5013, 38.0434 ] ] ] } },
{ "type": "Feature", "properties": { "GEOIDFQ": "1400000US21067004001", "NAME": "40.01", "NAMELSAD": "Census Tract 40.01" }, "geometry": { "type": "Polygon", "coordinates": [ [ [ -84.4947, 37.9829 ], [ -84.4728, 37.9722 ], [ -84.4818, 37.9649 ], [ -84.4968, 37.9697 ], [ -84.4947, 37.9829 ] ] ] } },
{ "type": "Feature", "properties": { "GEOIDFQ": "1400000US21067002200", "NAME": "22", "NAMELSAD": "Census Tract 22" }, "geometry": { "type": "Polygon", "coordinates": [ [ [ -84.5184, 38.0749 ], [ -84.5162, 38.0609 ], [ -84.5196, 38.063 ], [ -84.5311, 38.0708 ], [ -84.5184, 38.0749 ] ] ] } },
{ "type": "Feature", "properties": { "GEOIDFQ": "1400000US21067003802", "NAME": "38.02", "NAMELSAD": "Census Tract 38.02" }, "geometry": { "type": "Polygon", "coordinates": [ [ [ -84.4018, 38.2079 ], [ -84.3785, 38.2114 ], [ -84.3669, 38.1964 ], [ -84.3586, 38.1948 ], [ -84.3551, 38.178 ], [ -84.3738, 38.1604 ], [ -84.3685, 38.134 ], [ -84.4412, 38.0848 ], [ -84.4481, 38.0936 ], [ -84.4622, 38.0972 ], [ -84.4664, 38.0889 ], [ -84.5209, 38.1149 ], [ -84.5467, 38.1563 ], [ -84.4018, 38.2079 ] ] ] } },
{ "type": "Feature", "properties": { "GEOIDFQ": "1400000US21067002302", "NAME": "23.02", "NAMELSAD": "Census Tract 23.02" }, "geometry": { "type": "Polygon", "coordinates": [ [ [ -84.4949, 38.0132 ], [ -84.4657, 37.9956 ], [ -84.4948, 37.9909 ], [ -84.4949, 38.0132 ] ] ] } },
{ "type": "Feature", "properties": { "GEOIDFQ": "1400000US21013961100", "NAME": "9611", "NAMELSAD": "Census Tract 9611" }, "geometry": { "type": "Polygon", "coordinates": [ [ [ -83.949, 36.6506 ], [ -83.8215, 36.7053 ], [ -83.7405, 36.7479 ], [ -83.7024, 36.7546 ], [ -83.6983, 36.7449 ], [ -83.6933, 36.7463 ], [ -83.6899, 36.7174 ], [ -83.6968, 36.7062 ], [ -83.685, 36.6947 ], [ -83.6851, 36.6844 ], [ -83.7304, 36.6753 ], [ -83.742, 36.68 ], [ -83.7591, 36.6625 ], [ -83.7646, 36.6455 ], [ -83.7859, 36.6435 ], [ -83.7945, 36.6369 ], [ -83.8176, 36.6559 ], [ -83.8301, 36.6581 ], [ -83.8466, 36.6473 ], [ -83.8513, 36.6324 ], [ -83.8439, 36.6217 ], [ -83.851, 36.6198 ], [ -83.8348, 36.596 ], [ -83.8374, 36.5863 ], [ -83.9308, 36.5877 ], [ -83.9261, 36.6062 ], [ -83.9573, 36.6422 ], [ -83.949, 36.6506 ] ] ] } },
{ "type": "Feature", "properties": { "GEOIDFQ": "1400000US21163970403", "NAME": "9704.03", "NAMELSAD": "Census Tract 9704.03" }, "geometry": { "type": "Polygon", "coordinates": [ [ [ -86.2354, 38.0273 ], [ -86.2353, 38.0335 ], [ -86.2486, 38.0375 ], [ -86.2528, 38.0475 ], [ -86.1782, 38.0106 ], [ -86.1253, 38.0162 ], [ -86.099, 38.0106 ], [ -86.1022, 38.0043 ], [ -86.1259, 37.999 ], [ -86.1328, 37.9772 ], [ -86.1422, 37.9699 ], [ -86.1537, 37.9797 ], [ -86.1907, 37.9908 ], [ -86.2222, 37.9672 ], [ -86.248, 37.984 ], [ -86.2718, 37.9853 ], [ -86.2768, 37.9936 ], [ -86.2354, 38.0273 ] ] ] } },
{ "type": "Feature", "properties": { "GEOIDFQ": "1400000US21163970404", "NAME": "9704.04", "NAMELSAD": "Census Tract 9704.04" }, "geometry": { "type": "Polygon", "coordinates": [ [ [ -86.1328, 37.9772 ], [ -86.1259, 37.999 ], [ -86.1022, 38.0043 ], [ -86.099, 38.0106 ], [ -86.0739, 37.9955 ], [ -86.0501, 37.9605 ], [ -86.0288, 37.9632 ], [ -86.0312, 37.9386 ], [ -86.0197, 37.9357 ], [ -86.0196, 37.9277 ], [ -86.0349, 37.9223 ], [ -86.1422, 37.9699 ], [ -86.1328, 37.9772 ] ] ] } },
{ "type": "Feature", "properties": { "GEOIDFQ": "1400000US21093001601", "NAME": "16.01", "NAMELSAD": "Census Tract 16.01" }, "geometry": { "type": "Polygon", "coordinates": [ [ [ -85.9026, 37.6491 ], [ -85.859, 37.6798 ], [ -85.8399, 37.666 ], [ -85.8377, 37.6418 ], [ -85.8255, 37.6326 ], [ -85.8379, 37.6289 ], [ -85.8549, 37.6373 ], [ -85.9051, 37.6305 ], [ -85.9026, 37.6491 ] ] ] } },
{ "type": "Feature", "properties": { "GEOIDFQ": "1400000US21093001603", "NAME": "16.03", "NAMELSAD": "Census Tract 16.03" }, "geometry": { "type": "Polygon", "coordinates": [ [ [ -85.9026, 37.6491 ], [ -85.905, 37.6297 ], [ -85.8549, 37.6373 ], [ -85.8379, 37.6289 ], [ -85.8255, 37.6326 ], [ -85.7973, 37.609 ], [ -85.8224, 37.5733 ], [ -85.8405, 37.5833 ], [ -85.8441, 37.5771 ], [ -85.8693, 37.5727 ], [ -85.9146, 37.5855 ], [ -85.9276, 37.5735 ], [ -85.9723, 37.5822 ], [ -85.9804, 37.6036 ], [ -85.9026, 37.6491 ] ] ] } },
{ "type": "Feature", "properties": { "GEOIDFQ": "1400000US21093001602", "NAME": "16.02", "NAMELSAD": "Census Tract 16.02" }, "geometry": { "type": "Polygon", "coordinates": [ [ [ -86.0238, 37.5758 ], [ -85.9804, 37.6036 ], [ -85.9723, 37.5822 ], [ -85.9276, 37.5735 ], [ -85.9146, 37.5855 ], [ -85.8693, 37.5727 ], [ -85.8441, 37.5771 ], [ -85.8405, 37.5833 ], [ -85.8244, 37.5737 ], [ -85.8758, 37.544 ], [ -85.8885, 37.4741 ], [ -85.8946, 37.4717 ], [ -85.8928, 37.4403 ], [ -86.0501, 37.4535 ], [ -86.0576, 37.449 ], [ -86.0563, 37.4565 ], [ -86.0674, 37.4579 ], [ -86.0586, 37.4609 ], [ -86.0646, 37.4628 ], [ -86.0616, 37.4717 ], [ -86.0493, 37.4766 ], [ -86.0617, 37.4904 ], [ -86.054, 37.4949 ], [ -86.0605, 37.4981 ], [ -86.056, 37.5007 ], [ -86.1024, 37.5516 ], [ -86.0238, 37.5758 ] ] ] } },
{ "type": "Feature", "properties": { "GEOIDFQ": "1400000US21093001006", "NAME": "10.06", "NAMELSAD": "Census Tract 10.06" }, "geometry": { "type": "Polygon", "coordinates": [ [ [ -85.9022, 37.7972 ], [ -85.8741, 37.8044 ], [ -85.8703, 37.8 ], [ -85.8613, 37.8085 ], [ -85.8462, 37.8059 ], [ -85.8464, 37.792 ], [ -85.8338, 37.7889 ], [ -85.8288, 37.7957 ], [ -85.806, 37.796 ], [ -85.799, 37.8104 ], [ -85.7641, 37.8113 ], [ -85.7502, 37.8267 ], [ -85.7389, 37.8132 ], [ -85.7562, 37.7915 ], [ -85.7699, 37.7875 ], [ -85.7914, 37.7677 ], [ -85.7953, 37.7428 ], [ -85.8196, 37.7281 ], [ -85.8429, 37.7354 ], [ -85.862, 37.7338 ], [ -85.8733, 37.7744 ], [ -85.8692, 37.783 ], [ -85.9075, 37.7902 ], [ -85.9022, 37.7972 ] ] ] } },
{ "type": "Feature", "properties": { "GEOIDFQ": "1400000US21093000904", "NAME": "9.04", "NAMELSAD": "Census Tract 9.04" }, "geometry": { "type": "Polygon", "coordinates": [ [ [ -86.0029, 37.7456 ], [ -85.9888, 37.7566 ], [ -85.9681, 37.75 ], [ -85.9259, 37.7676 ], [ -85.9127, 37.7526 ], [ -85.8983, 37.7579 ], [ -85.8842, 37.7283 ], [ -85.9062, 37.7146 ], [ -85.9106, 37.6958 ], [ -85.9588, 37.6963 ], [ -86.0168, 37.704 ], [ -86.0153, 37.7134 ], [ -86.0296, 37.7385 ], [ -86.0029, 37.7456 ] ] ] } },
{ "type": "Feature", "properties": { "GEOIDFQ": "1400000US21093001003", "NAME": "10.03", "NAMELSAD": "Census Tract 10.03" }, "geometry": { "type": "Polygon", "coordinates": [ [ [ -85.8268, 37.7219 ], [ -85.7945, 37.7437 ], [ -85.7914, 37.7677 ], [ -85.7699, 37.7875 ], [ -85.7562, 37.7915 ], [ -85.7389, 37.8132 ], [ -85.7424, 37.7914 ], [ -85.7265, 37.7869 ], [ -85.7352, 37.7791 ], [ -85.7139, 37.7742 ], [ -85.7162, 37.7681 ], [ -85.7045, 37.7681 ], [ -85.6934, 37.7553 ], [ -85.6826, 37.758 ], [ -85.6865, 37.746 ], [ -85.6795, 37.7393 ], [ -85.688, 37.7335 ], [ -85.6761, 37.7364 ], [ -85.7168, 37.6814 ], [ -85.7352, 37.6872 ], [ -85.7569, 37.6841 ], [ -85.78, 37.6929 ], [ -85.781, 37.686 ], [ -85.8049, 37.6778 ], [ -85.8243, 37.6772 ], [ -85.8424, 37.6866 ], [ -85.8268, 37.7219 ] ] ] } },
{ "type": "Feature", "properties": { "GEOIDFQ": "1400000US21093001005", "NAME": "10.05", "NAMELSAD": "Census Tract 10.05" }, "geometry": { "type": "Polygon", "coordinates": [ [ [ -85.8692, 37.783 ], [ -85.8733, 37.7745 ], [ -85.8666, 37.7496 ], [ -85.8837, 37.7478 ], [ -85.8906, 37.7412 ], [ -85.9125, 37.7897 ], [ -85.8692, 37.783 ] ] ] } },
{ "type": "Feature", "properties": { "GEOIDFQ": "1400000US21093001702", "NAME": "17.02", "NAMELSAD": "Census Tract 17.02" }, "geometry": { "type": "Polygon", "coordinates": [ [ [ -86.1513, 37.7989 ], [ -86.1429, 37.7992 ], [ -86.1438, 37.787 ], [ -86.1125, 37.7714 ], [ -86.0995, 37.7562 ], [ -86.071, 37.7396 ], [ -86.0296, 37.7386 ], [ -86.0153, 37.7134 ], [ -86.0168, 37.704 ], [ -86.0857, 37.7143 ], [ -86.0882, 37.6872 ], [ -86.0973, 37.6861 ], [ -86.083, 37.6414 ], [ -86.0459, 37.6331 ], [ -86.0177, 37.6178 ], [ -86.0374, 37.5716 ], [ -86.1024, 37.5516 ], [ -86.1141, 37.5671 ], [ -86.1186, 37.5634 ], [ -86.1311, 37.567 ], [ -86.1458, 37.5595 ], [ -86.1613, 37.5629 ], [ -86.1663, 37.5716 ], [ -86.1767, 37.5548 ], [ -86.1827, 37.5573 ], [ -86.1784, 37.5631 ], [ -86.1865, 37.5599 ], [ -86.203, 37.5718 ], [ -86.2, 37.5753 ], [ -86.2083, 37.5714 ], [ -86.2092, 37.578 ], [ -86.2211, 37.576 ], [ -86.2241, 37.5814 ], [ -86.2325, 37.575 ], [ -86.2463, 37.6021 ], [ -86.2477, 37.5943 ], [ -86.2626, 37.593 ], [ -86.256, 37.5895 ], [ -86.2595, 37.5864 ], [ -86.2776, 37.5888 ], [ -86.1513, 37.7989 ] ] ] } },
{ "type": "Feature", "properties": { "GEOIDFQ": "1400000US21093001004", "NAME": "10.04", "NAMELSAD": "Census Tract 10.04" }, "geometry": { "type": "Polygon", "coordinates": [ [ [ -85.8425, 37.6855 ], [ -85.8243, 37.6772 ], [ -85.8046, 37.6778 ], [ -85.781, 37.686 ], [ -85.7804, 37.6929 ], [ -85.7569, 37.6841 ], [ -85.7352, 37.6872 ], [ -85.7168, 37.6814 ], [ -85.7392, 37.6507 ], [ -85.7685, 37.6444 ], [ -85.776, 37.6395 ], [ -85.7752, 37.6307 ], [ -85.8019, 37.6234 ], [ -85.7977, 37.6099 ], [ -85.8371, 37.6408 ], [ -85.8364, 37.6591 ], [ -85.8464, 37.6701 ], [ -85.8425, 37.6855 ] ] ] } },
{ "type": "Feature", "properties": { "GEOIDFQ": "1400000US21093001701", "NAME": "17.01", "NAMELSAD": "Census Tract 17.01" }, "geometry": { "type": "Polygon", "coordinates": [ [ [ -86.0882, 37.6872 ], [ -86.0902, 37.7052 ], [ -86.0836, 37.7145 ], [ -85.959, 37.6963 ], [ -85.9212, 37.6986 ], [ -85.9106, 37.6958 ], [ -85.9158, 37.6837 ], [ -85.9121, 37.6717 ], [ -85.8785, 37.6796 ], [ -85.9026, 37.6491 ], [ -86.0374, 37.5716 ], [ -86.0177, 37.6178 ], [ -86.0459, 37.6331 ], [ -86.083, 37.6414 ], [ -86.0973, 37.6861 ], [ -86.0882, 37.6872 ] ] ] } },
{ "type": "Feature", "properties": { "GEOIDFQ": "1400000US21147960301", "NAME": "9603.01", "NAMELSAD": "Census Tract 9603.01" }, "geometry": { "type": "Polygon", "coordinates": [ [ [ -84.4757, 36.7197 ], [ -84.4816, 36.7318 ], [ -84.4809, 36.7364 ], [ -84.4706, 36.7341 ], [ -84.4758, 36.7607 ], [ -84.4296, 36.7778 ], [ -84.4234, 36.7753 ], [ -84.4164, 36.7865 ], [ -84.4064, 36.7849 ], [ -84.3977, 36.7997 ], [ -84.3896, 36.7959 ], [ -84.3864, 36.8039 ], [ -84.3794, 36.7989 ], [ -84.3796, 36.8049 ], [ -84.3697, 36.799 ], [ -84.3647, 36.8019 ], [ -84.3609, 36.7951 ], [ -84.3494, 36.7929 ], [ -84.3487, 36.7783 ], [ -84.338, 36.7751 ], [ -84.3311, 36.7591 ], [ -84.3227, 36.7587 ], [ -84.3227, 36.7319 ], [ -84.3583, 36.7303 ], [ -84.3607, 36.7369 ], [ -84.3808, 36.7276 ], [ -84.3874, 36.7292 ], [ -84.386, 36.7359 ], [ -84.3987, 36.7355 ], [ -84.4033, 36.7174 ], [ -84.4221, 36.7158 ], [ -84.4435, 36.6987 ], [ -84.4499, 36.6821 ], [ -84.4577, 36.6979 ], [ -84.4694, 36.6928 ], [ -84.4959, 36.7042 ], [ -84.4757, 36.7197 ] ] ] } },
{ "type": "Feature", "properties": { "GEOIDFQ": "1400000US21147960401", "NAME": "9604.01", "NAMELSAD": "Census Tract 9604.01" }, "geometry": { "type": "Polygon", "coordinates": [ [ [ -84.4435, 36.6987 ], [ -84.4221, 36.7158 ], [ -84.4033, 36.7174 ], [ -84.3987, 36.7355 ], [ -84.386, 36.7359 ], [ -84.3874, 36.7292 ], [ -84.3808, 36.7276 ], [ -84.3603, 36.7369 ], [ -84.3583, 36.7303 ], [ -84.3227, 36.7319 ], [ -84.3039, 36.6713 ], [ -84.3435, 36.6567 ], [ -84.3604, 36.6587 ], [ -84.3715, 36.6538 ], [ -84.38, 36.6641 ], [ -84.4111, 36.6763 ], [ -84.4393, 36.6619 ], [ -84.4499, 36.6822 ], [ -84.4435, 36.6987 ] ] ] } },
{ "type": "Feature", "properties": { "GEOIDFQ": "1400000US21147960402", "NAME": "9604.02", "NAMELSAD": "Census Tract 9604.02" }, "geometry": { "type": "Polygon", "coordinates": [ [ [ -84.5878, 36.6236 ], [ -84.5333, 36.6273 ], [ -84.541, 36.6526 ], [ -84.5301, 36.6681 ], [ -84.537, 36.6726 ], [ -84.5486, 36.6684 ], [ -84.5417, 36.6805 ], [ -84.5315, 36.6839 ], [ -84.5245, 36.6708 ], [ -84.5123, 36.6688 ], [ -84.5055, 36.655 ], [ -84.4971, 36.6544 ], [ -84.4954, 36.6688 ], [ -84.4838, 36.6745 ], [ -84.4825, 36.6633 ], [ -84.47, 36.6567 ], [ -84.4679, 36.6648 ], [ -84.4571, 36.6682 ], [ -84.4626, 36.6822 ], [ -84.4559, 36.6938 ], [ -84.4393, 36.6619 ], [ -84.4111, 36.6763 ], [ -84.38, 36.6641 ], [ -84.371, 36.6537 ], [ -84.3604, 36.6587 ], [ -84.3435, 36.6567 ], [ -84.3039, 36.6713 ], [ -84.2715, 36.634 ], [ -84.2396, 36.6134 ], [ -84.2268, 36.5928 ], [ -84.6051, 36.599 ], [ -84.5878, 36.6236 ] ] ] } },
{ "type": "Feature", "properties": { "GEOIDFQ": "1400000US21147960302", "NAME": "9603.02", "NAMELSAD": "Census Tract 9603.02" }, "geometry": { "type": "Polygon", "coordinates": [ [ [ -84.5441, 36.769 ], [ -84.5232, 36.7762 ], [ -84.5383, 36.7809 ], [ -84.529, 36.7906 ], [ -84.5007, 36.7737 ], [ -84.4836, 36.7858 ], [ -84.4706, 36.7341 ], [ -84.4813, 36.7362 ], [ -84.4757, 36.7197 ], [ -84.4961, 36.7037 ], [ -84.4694, 36.6928 ], [ -84.4577, 36.6979 ], [ -84.4626, 36.6822 ], [ -84.4571, 36.6682 ], [ -84.4679, 36.6648 ], [ -84.47, 36.6567 ], [ -84.4825, 36.6633 ], [ -84.4838, 36.6745 ], [ -84.4954, 36.6688 ], [ -84.4971, 36.6544 ], [ -84.5055, 36.655 ], [ -84.529, 36.6821 ], [ -84.5415, 36.6807 ], [ -84.5334, 36.7059 ], [ -84.5457, 36.7234 ], [ -84.5276, 36.7306 ], [ -84.5372, 36.7373 ], [ -84.5342, 36.7465 ], [ -84.5469, 36.7436 ], [ -84.5546, 36.7575 ], [ -84.5441, 36.769 ] ] ] } },
{ "type": "Feature", "properties": { "GEOIDFQ": "1400000US21231920201", "NAME": "9202.01", "NAMELSAD": "Census Tract 9202.01" }, "geometry": { "type": "Polygon", "coordinates": [ [ [ -84.8703, 36.8864 ], [ -84.8508, 36.8884 ], [ -84.8467, 36.8965 ], [ -84.8348, 36.8864 ], [ -84.8213, 36.897 ], [ -84.7766, 36.8745 ], [ -84.7844, 36.8684 ], [ -84.7917, 36.8727 ], [ -84.8175, 36.8707 ], [ -84.8359, 36.8499 ], [ -84.8421, 36.8582 ], [ -84.8666, 36.8436 ], [ -84.8839, 36.8708 ], [ -84.8703, 36.8864 ] ] ] } },
{ "type": "Feature", "properties": { "GEOIDFQ": "1400000US21231920101", "NAME": "9201.01", "NAMELSAD": "Census Tract 9201.01" }, "geometry": { "type": "Polygon", "coordinates": [ [ [ -84.9609, 36.9163 ], [ -84.9513, 36.9539 ], [ -84.9402, 36.9612 ], [ -84.9136, 36.951 ], [ -84.8915, 36.9093 ], [ -84.8749, 36.9031 ], [ -84.861, 36.9066 ], [ -84.8547, 36.9165 ], [ -84.8659, 36.9561 ], [ -84.851, 36.9613 ], [ -84.8421, 36.9383 ], [ -84.8268, 36.9289 ], [ -84.8188, 36.9067 ], [ -84.8348, 36.8864 ], [ -84.8467, 36.8965 ], [ -84.8508, 36.8884 ], [ -84.8704, 36.8864 ], [ -84.884, 36.8706 ], [ -84.8841, 36.8511 ], [ -84.9024, 36.8437 ], [ -84.8977, 36.8258 ], [ -84.903, 36.823 ], [ -84.9177, 36.8338 ], [ -84.9381, 36.8285 ], [ -84.9401, 36.8404 ], [ -84.9506, 36.8391 ], [ -84.9558, 36.8498 ], [ -84.974, 36.8389 ], [ -84.987, 36.8492 ], [ -84.987, 36.8646 ], [ -84.9989, 36.855 ], [ -85.0276, 36.8697 ], [ -85.0389, 36.8662 ], [ -85.0445, 36.8709 ], [ -84.9609, 36.9163 ] ] ] } },
{ "type": "Feature", "properties": { "GEOIDFQ": "1400000US21231920401", "NAME": "9204.01", "NAMELSAD": "Census Tract 9204.01" }, "geometry": { "type": "Polygon", "coordinates": [ [ [ -85.0445, 36.8709 ], [ -85.0389, 36.8662 ], [ -85.0276, 36.8697 ], [ -84.9989, 36.855 ], [ -84.9879, 36.8649 ], [ -84.987, 36.8492 ], [ -84.974, 36.8389 ], [ -84.9558, 36.8498 ], [ -84.9506, 36.8391 ], [ -84.9401, 36.8404 ], [ -84.9381, 36.8285 ], [ -84.9132, 36.833 ], [ -84.905, 36.8232 ], [ -84.8946, 36.8264 ], [ -84.8798, 36.8178 ], [ -84.8981, 36.8181 ], [ -84.9445, 36.7873 ], [ -84.9646, 36.7663 ], [ -84.9866, 36.7641 ], [ -84.9957, 36.7665 ], [ -84.991, 36.7718 ], [ -84.999, 36.7821 ], [ -85.014, 36.7854 ], [ -85.0264, 36.8069 ], [ -85.0592, 36.8331 ], [ -85.0643, 36.8587 ], [ -85.0445, 36.8709 ] ] ] } },
{ "type": "Feature", "properties": { "GEOIDFQ": "1400000US21231920102", "NAME": "9201.02", "NAMELSAD": "Census Tract 9201.02" }, "geometry": { "type": "Polygon", "coordinates": [ [ [ -84.8357, 36.9976 ], [ -84.7838, 36.9785 ], [ -84.7702, 36.9577 ], [ -84.727, 36.9679 ], [ -84.7045, 36.9821 ], [ -84.6792, 36.9809 ], [ -84.6434, 36.9296 ], [ -84.6554, 36.9098 ], [ -84.65, 36.8694 ], [ -84.6631, 36.8564 ], [ -84.6752, 36.8564 ], [ -84.6912, 36.8441 ], [ -84.6947, 36.8325 ], [ -84.7041, 36.8303 ], [ -84.7274, 36.8551 ], [ -84.7752, 36.8534 ], [ -84.7834, 36.8687 ], [ -84.7768, 36.8747 ], [ -84.8213, 36.897 ], [ -84.8268, 36.9289 ], [ -84.8421, 36.9383 ], [ -84.851, 36.9613 ], [ -84.8659, 36.9561 ], [ -84.8539, 36.9219 ], [ -84.8684, 36.9037 ], [ -84.8842, 36.9037 ], [ -84.8915, 36.9093 ], [ -84.9079, 36.9454 ], [ -84.8357, 36.9976 ] ] ] } },
{ "type": "Feature", "properties": { "GEOIDFQ": "1400000US21063920200", "NAME": "9202", "NAMELSAD": "Census Tract 9202" }, "geometry": { "type": "Polygon", "coordinates": [ [ [ -83.1262, 38.0414 ], [ -83.1003, 38.0517 ], [ -83.0993, 38.0627 ], [ -83.091, 38.0678 ], [ -83.095, 38.091 ], [ -83.0904, 38.0918 ], [ -83.0971, 38.1011 ], [ -83.0925, 38.1068 ], [ -83.0974, 38.108 ], [ -83.0905, 38.111 ], [ -83.0932, 38.1266 ], [ -83.0631, 38.1361 ], [ -83.0745, 38.1479 ], [ -83.064, 38.1513 ], [ -83.0709, 38.1544 ], [ -83.0657, 38.1576 ], [ -83.0755, 38.1643 ], [ -83.0742, 38.172 ], [ -83.0633, 38.1783 ], [ -83.0584, 38.1686 ], [ -83.051, 38.1731 ], [ -83.0482, 38.1924 ], [ -83.0403, 38.1994 ], [ -83.0271, 38.1955 ], [ -83.0115, 38.2058 ], [ -83.0092, 38.1936 ], [ -82.99, 38.1904 ], [ -82.9894, 38.1793 ], [ -82.9757, 38.172 ], [ -82.957, 38.1746 ], [ -82.9448, 38.1683 ], [ -82.9248, 38.1751 ], [ -82.9152, 38.1729 ], [ -82.9067, 38.133 ], [ -82.8988, 38.1301 ], [ -82.8889, 38.1119 ], [ -82.9066, 38.1031 ], [ -82.9075, 38.0957 ], [ -82.9171, 38.0991 ], [ -82.9292, 38.0897 ], [ -82.956, 38.0496 ], [ -82.9814, 38.0499 ], [ -82.9836, 38.0431 ], [ -83.0022, 38.0346 ], [ -83.0025, 38.0239 ], [ -83.0148, 38.016 ], [ -83.0111, 38.0105 ], [ -83.0291, 38.0095 ], [ -83.0479, 37.9967 ], [ -83.0592, 38.0062 ], [ -83.0735, 38.0015 ], [ -83.0894, 38.0104 ], [ -83.1098, 38.0039 ], [ -83.1359, 38.0044 ], [ -83.1417, 37.9972 ], [ -83.1262, 38.0414 ] ] ] } },
{ "type": "Feature", "properties": { "GEOIDFQ": "1400000US21117063608", "NAME": "636.08", "NAMELSAD": "Census Tract 636.08" }, "geometry": { "type": "Polygon", "coordinates": [ [ [ -84.5859, 38.9936 ], [ -84.5537, 38.9873 ], [ -84.5359, 38.9953 ], [ -84.5344, 38.9866 ], [ -84.547, 38.9755 ], [ -84.5607, 38.9793 ], [ -84.5965, 38.97 ], [ -84.5859, 38.9936 ] ] ] } },
{ "type": "Feature", "properties": { "GEOIDFQ": "1400000US21231920702", "NAME": "9207.02", "NAMELSAD": "Census Tract 9207.02" }, "geometry": { "type": "Polygon", "coordinates": [ [ [ -84.8103, 36.8124 ], [ -84.7938, 36.8079 ], [ -84.7728, 36.8162 ], [ -84.7888, 36.8185 ], [ -84.793, 36.8347 ], [ -84.7595, 36.8556 ], [ -84.7274, 36.8551 ], [ -84.7085, 36.832 ], [ -84.6947, 36.8325 ], [ -84.6911, 36.8442 ], [ -84.6748, 36.8566 ], [ -84.6629, 36.8565 ], [ -84.65, 36.8693 ], [ -84.6554, 36.9098 ], [ -84.6467, 36.9288 ], [ -84.604, 36.8795 ], [ -84.589, 36.8942 ], [ -84.5824, 36.8925 ], [ -84.5899, 36.8826 ], [ -84.5784, 36.8641 ], [ -84.5921, 36.8611 ], [ -84.5863, 36.8507 ], [ -84.5726, 36.8458 ], [ -84.5957, 36.8382 ], [ -84.5777, 36.825 ], [ -84.5793, 36.814 ], [ -84.5883, 36.8097 ], [ -84.5815, 36.8037 ], [ -84.6028, 36.8074 ], [ -84.5965, 36.799 ], [ -84.6072, 36.8007 ], [ -84.6089, 36.794 ], [ -84.6241, 36.7937 ], [ -84.6309, 36.7871 ], [ -84.6233, 36.7848 ], [ -84.6244, 36.7797 ], [ -84.6338, 36.7797 ], [ -84.6343, 36.7689 ], [ -84.6532, 36.7681 ], [ -84.6659, 36.7617 ], [ -84.6652, 36.7564 ], [ -84.674, 36.7613 ], [ -84.7113, 36.748 ], [ -84.7244, 36.7493 ], [ -84.7468, 36.7657 ], [ -84.8024, 36.7755 ], [ -84.8096, 36.7815 ], [ -84.8103, 36.8124 ] ] ] } },
{ "type": "Feature", "properties": { "GEOIDFQ": "1400000US21231920202", "NAME": "9202.02", "NAMELSAD": "Census Tract 9202.02" }, "geometry": { "type": "Polygon", "coordinates": [ [ [ -84.8421, 36.8582 ], [ -84.8359, 36.8499 ], [ -84.8175, 36.8707 ], [ -84.7887, 36.872 ], [ -84.7721, 36.8519 ], [ -84.7926, 36.8355 ], [ -84.7908, 36.8216 ], [ -84.7728, 36.8162 ], [ -84.7938, 36.8079 ], [ -84.814, 36.8106 ], [ -84.8666, 36.8436 ], [ -84.8421, 36.8582 ] ] ] } },
{ "type": "Feature", "properties": { "GEOIDFQ": "1400000US21231920701", "NAME": "9207.01", "NAMELSAD": "Census Tract 9207.01" }, "geometry": { "type": "Polygon", "coordinates": [ [ [ -84.8961, 36.7318 ], [ -84.8974, 36.7494 ], [ -84.8835, 36.7534 ], [ -84.8621, 36.7713 ], [ -84.8586, 36.7632 ], [ -84.8443, 36.7612 ], [ -84.8114, 36.7954 ], [ -84.8022, 36.7754 ], [ -84.7468, 36.7657 ], [ -84.7239, 36.7492 ], [ -84.6723, 36.7584 ], [ -84.6743, 36.7513 ], [ -84.6808, 36.754 ], [ -84.674, 36.7395 ], [ -84.7785, 36.6033 ], [ -84.9126, 36.6101 ], [ -84.9008, 36.6344 ], [ -84.9113, 36.6516 ], [ -84.9136, 36.6817 ], [ -84.928, 36.6935 ], [ -84.8961, 36.7318 ] ] ] } },
{ "type": "Feature", "properties": { "GEOIDFQ": "1400000US21231920402", "NAME": "9204.02", "NAMELSAD": "Census Tract 9204.02" }, "geometry": { "type": "Polygon", "coordinates": [ [ [ -85.0137, 36.7131 ], [ -85.0199, 36.7199 ], [ -85.0041, 36.7562 ], [ -85.0212, 36.7952 ], [ -85.0137, 36.7851 ], [ -84.9988, 36.7819 ], [ -84.991, 36.7718 ], [ -84.9957, 36.7665 ], [ -84.9667, 36.7656 ], [ -84.9438, 36.7879 ], [ -84.9061, 36.8109 ], [ -84.8919, 36.7855 ], [ -84.8793, 36.7822 ], [ -84.8811, 36.7746 ], [ -84.8631, 36.7716 ], [ -84.8833, 36.7535 ], [ -84.8975, 36.7493 ], [ -84.8961, 36.7318 ], [ -84.928, 36.6935 ], [ -84.9136, 36.6817 ], [ -84.9113, 36.6516 ], [ -84.9008, 36.6344 ], [ -84.9126, 36.6101 ], [ -84.9748, 36.6155 ], [ -84.9991, 36.6242 ], [ -85.0045, 36.6401 ], [ -84.9974, 36.6488 ], [ -84.9982, 36.6634 ], [ -85.0095, 36.6693 ], [ -85.0013, 36.6767 ], [ -85.0111, 36.6901 ], [ -85.0183, 36.6895 ], [ -85.0215, 36.704 ], [ -85.0137, 36.7131 ] ] ] } },
{ "type": "Feature", "properties": { "GEOIDFQ": "1400000US21229930201", "NAME": "9302.01", "NAMELSAD": "Census Tract 9302.01" }, "geometry": { "type": "Polygon", "coordinates": [ [ [ -85.2343, 37.6641 ], [ -85.2359, 37.6846 ], [ -85.2288, 37.6955 ], [ -85.2019, 37.7071 ], [ -85.1805, 37.7426 ], [ -85.1683, 37.734 ], [ -85.155, 37.7355 ], [ -85.161, 37.7261 ], [ -85.172, 37.7283 ], [ -85.1759, 37.7234 ], [ -85.1692, 37.7132 ], [ -85.1653, 37.7231 ], [ -85.1581, 37.7204 ], [ -85.159, 37.7145 ], [ -85.1465, 37.7116 ], [ -85.1408, 37.7002 ], [ -85.154, 37.6879 ], [ -85.1485, 37.6812 ], [ -85.1651, 37.6716 ], [ -85.1558, 37.6612 ], [ -85.1677, 37.6424 ], [ -85.1661, 37.6311 ], [ -85.2568, 37.6332 ], [ -85.2343, 37.6641 ] ] ] } },
{ "type": "Feature", "properties": { "GEOIDFQ": "1400000US21229930202", "NAME": "9302.02", "NAMELSAD": "Census Tract 9302.02" }, "geometry": { "type": "Polygon", "coordinates": [ [ [ -85.3863, 37.7407 ], [ -85.3733, 37.7396 ], [ -85.3747, 37.7649 ], [ -85.353, 37.7574 ], [ -85.3453, 37.7629 ], [ -85.3542, 37.7698 ], [ -85.3557, 37.7841 ], [ -85.3384, 37.7801 ], [ -85.3355, 37.7876 ], [ -85.3082, 37.7938 ], [ -85.314, 37.8092 ], [ -85.2994, 37.8219 ], [ -85.2984, 37.8321 ], [ -85.2803, 37.8355 ], [ -85.2786, 37.8441 ], [ -85.2742, 37.833 ], [ -85.2639, 37.834 ], [ -85.2711, 37.8255 ], [ -85.2566, 37.8287 ], [ -85.26, 37.813 ], [ -85.2482, 37.8076 ], [ -85.2468, 37.8204 ], [ -85.237, 37.8136 ], [ -85.2469, 37.8048 ], [ -85.2385, 37.8068 ], [ -85.2288, 37.801 ], [ -85.2279, 37.7923 ], [ -85.2406, 37.7877 ], [ -85.2349, 37.7829 ], [ -85.2261, 37.7872 ], [ -85.2317, 37.7822 ], [ -85.2231, 37.7749 ], [ -85.2137, 37.7811 ], [ -85.2049, 37.778 ], [ -85.1848, 37.7955 ], [ -85.1793, 37.7874 ], [ -85.1853, 37.7738 ], [ -85.2014, 37.768 ], [ -85.2087, 37.7542 ], [ -85.2075, 37.7491 ], [ -85.204, 37.7534 ], [ -85.1866, 37.7439 ], [ -85.1974, 37.7359 ], [ -85.1918, 37.7258 ], [ -85.2021, 37.7069 ], [ -85.2268, 37.6969 ], [ -85.2343, 37.6881 ], [ -85.2341, 37.6645 ], [ -85.2569, 37.6309 ], [ -85.3112, 37.6518 ], [ -85.3393, 37.6512 ], [ -85.3528, 37.658 ], [ -85.3587, 37.6673 ], [ -85.3739, 37.6736 ], [ -85.3693, 37.6877 ], [ -85.3742, 37.7016 ], [ -85.3918, 37.7141 ], [ -85.4017, 37.7307 ], [ -85.3863, 37.7407 ] ] ] } },
{ "type": "Feature", "properties": { "GEOIDFQ": "1400000US21145031302", "NAME": "313.02", "NAMELSAD": "Census Tract 313.02" }, "geometry": { "type": "Polygon", "coordinates": [ [ [ -88.7216, 37.0385 ], [ -88.6869, 37.0482 ], [ -88.6763, 37.0407 ], [ -88.6875, 37.0371 ], [ -88.6874, 37.0192 ], [ -88.6706, 37.0304 ], [ -88.6593, 37.0283 ], [ -88.6591, 37.0405 ], [ -88.6491, 37.039 ], [ -88.6461, 37.0456 ], [ -88.6277, 37.0351 ], [ -88.6342, 37.0081 ], [ -88.6655, 37.0171 ], [ -88.6669, 36.9944 ], [ -88.6899, 36.999 ], [ -88.6939, 37.0148 ], [ -88.7038, 36.9991 ], [ -88.7188, 36.9996 ], [ -88.7104, 37.0166 ], [ -88.7311, 37.015 ], [ -88.7216, 37.0385 ] ] ] } },
{ "type": "Feature", "properties": { "GEOIDFQ": "1400000US21145031301", "NAME": "313.01", "NAMELSAD": "Census Tract 313.01" }, "geometry": { "type": "Polygon", "coordinates": [ [ [ -88.6875, 37.0371 ], [ -88.6763, 37.0407 ], [ -88.6857, 37.0484 ], [ -88.6551, 37.0575 ], [ -88.6467, 37.0415 ], [ -88.6591, 37.0405 ], [ -88.6593, 37.0283 ], [ -88.6706, 37.0304 ], [ -88.6884, 37.0207 ], [ -88.6875, 37.0371 ] ] ] } },
{ "type": "Feature", "properties": { "GEOIDFQ": "1400000US21101020602", "NAME": "206.02", "NAMELSAD": "Census Tract 206.02" }, "geometry": { "type": "Polygon", "coordinates": [ [ [ -87.6374, 37.8269 ], [ -87.6149, 37.8321 ], [ -87.5831, 37.8169 ], [ -87.5689, 37.8313 ], [ -87.5482, 37.8259 ], [ -87.5537, 37.806 ], [ -87.5726, 37.8046 ], [ -87.5708, 37.7954 ], [ -87.585, 37.8029 ], [ -87.5844, 37.8097 ], [ -87.6044, 37.8076 ], [ -87.5956, 37.8141 ], [ -87.6002, 37.8187 ], [ -87.6297, 37.8088 ], [ -87.6371, 37.8091 ], [ -87.641, 37.8138 ], [ -87.6351, 37.816 ], [ -87.6422, 37.8192 ], [ -87.6374, 37.8269 ] ] ] } },
{ "type": "Feature", "properties": { "GEOIDFQ": "1400000US21101020701", "NAME": "207.01", "NAMELSAD": "Census Tract 207.01" }, "geometry": { "type": "Polygon", "coordinates": [ [ [ -87.6174, 37.9383 ], [ -87.6224, 37.9362 ], [ -87.6058, 37.9496 ], [ -87.6014, 37.9713 ], [ -87.5874, 37.9753 ], [ -87.5755, 37.967 ], [ -87.5775, 37.9517 ], [ -87.5609, 37.9321 ], [ -87.5109, 37.9061 ], [ -87.4491, 37.9419 ], [ -87.4141, 37.9448 ], [ -87.3862, 37.9378 ], [ -87.3444, 37.911 ], [ -87.3029, 37.8978 ], [ -87.3164, 37.8463 ], [ -87.3454, 37.8587 ], [ -87.3543, 37.8508 ], [ -87.3969, 37.863 ], [ -87.4404, 37.8587 ], [ -87.5428, 37.8648 ], [ -87.5641, 37.8613 ], [ -87.5576, 37.8686 ], [ -87.5678, 37.8753 ], [ -87.5634, 37.8829 ], [ -87.5709, 37.8826 ], [ -87.569, 37.8927 ], [ -87.589, 37.8862 ], [ -87.6198, 37.9068 ], [ -87.6273, 37.9218 ], [ -87.6174, 37.9383 ] ] ] } },
{ "type": "Feature", "properties": { "GEOIDFQ": "1400000US21225950202", "NAME": "9502.02", "NAMELSAD": "Census Tract 9502.02" }, "geometry": { "type": "Polygon", "coordinates": [ [ [ -88.125, 37.7073 ], [ -88.0696, 37.7337 ], [ -88.0434, 37.7657 ], [ -88.0164, 37.761 ], [ -88.0292, 37.7412 ], [ -88.0089, 37.7458 ], [ -87.9539, 37.7183 ], [ -87.9435, 37.737 ], [ -87.9221, 37.7315 ], [ -87.9141, 37.7134 ], [ -87.8954, 37.7321 ], [ -87.8765, 37.7198 ], [ -87.984, 37.6148 ], [ -88.0064, 37.6161 ], [ -88.0228, 37.6068 ], [ -88.0321, 37.6087 ], [ -88.0359, 37.6169 ], [ -88.0538, 37.6144 ], [ -88.0628, 37.6044 ], [ -88.0835, 37.6028 ], [ -88.099, 37.576 ], [ -88.0915, 37.5639 ], [ -88.1057, 37.5566 ], [ -88.1365, 37.5773 ], [ -88.1603, 37.6564 ], [ -88.125, 37.7073 ] ] ] } },
{ "type": "Feature", "properties": { "GEOIDFQ": "1400000US21225950201", "NAME": "9502.01", "NAMELSAD": "Census Tract 9502.01" }, "geometry": { "type": "Polygon", "coordinates": [ [ [ -87.889, 37.7105 ], [ -87.8474, 37.7423 ], [ -87.8313, 37.7653 ], [ -87.8199, 37.7684 ], [ -87.8151, 37.7624 ], [ -87.8117, 37.771 ], [ -87.7931, 37.7716 ], [ -87.7993, 37.7601 ], [ -87.7842, 37.7518 ], [ -87.7783, 37.7651 ], [ -87.7622, 37.7627 ], [ -87.766, 37.7491 ], [ -87.754, 37.7317 ], [ -87.7545, 37.6694 ], [ -87.7345, 37.6384 ], [ -87.7682, 37.6094 ], [ -87.8278, 37.6283 ], [ -87.8468, 37.5986 ], [ -87.8603, 37.6004 ], [ -87.8865, 37.6157 ], [ -87.8958, 37.6293 ], [ -87.8999, 37.6253 ], [ -87.9097, 37.6291 ], [ -87.9298, 37.6468 ], [ -87.9471, 37.6508 ], [ -87.889, 37.7105 ] ] ] } },
{ "type": "Feature", "properties": { "GEOIDFQ": "1400000US21035010800", "NAME": "108", "NAMELSAD": "Census Tract 108" }, "geometry": { "type": "Polygon", "coordinates": [ [ [ -88.3167, 36.5518 ], [ -88.2821, 36.5519 ], [ -88.2819, 36.5823 ], [ -88.2557, 36.5805 ], [ -88.2552, 36.6026 ], [ -88.2195, 36.6024 ], [ -88.2183, 36.6095 ], [ -88.182, 36.6135 ], [ -88.1709, 36.6085 ], [ -88.1343, 36.6092 ], [ -88.1122, 36.6344 ], [ -88.0557, 36.6338 ], [ -88.0325, 36.5381 ], [ -88.0391, 36.5108 ], [ -88.0533, 36.4971 ], [ -88.3101, 36.5005 ], [ -88.3168, 36.5072 ], [ -88.3167, 36.5518 ] ] ] } },
{ "type": "Feature", "properties": { "GEOIDFQ": "1400000US21035010500", "NAME": "105", "NAMELSAD": "Census Tract 105" }, "geometry": { "type": "Polygon", "coordinates": [ [ [ -88.3147, 36.5758 ], [ -88.3152, 36.6106 ], [ -88.2933, 36.6111 ], [ -88.2552, 36.6243 ], [ -88.2557, 36.5805 ], [ -88.2819, 36.5823 ], [ -88.2821, 36.5519 ], [ -88.324, 36.5521 ], [ -88.3147, 36.5758 ] ] ] } },
{ "type": "Feature", "properties": { "GEOIDFQ": "1400000US21057950100", "NAME": "9501", "NAMELSAD": "Census Tract 9501" }, "geometry": { "type": "Polygon", "coordinates": [ [ [ -85.5803, 36.8689 ], [ -85.5607, 36.8509 ], [ -85.537, 36.8622 ], [ -85.5074, 36.8675 ], [ -85.4742, 36.8938 ], [ -85.4518, 36.9381 ], [ -85.232, 36.9251 ], [ -85.2749, 36.8979 ], [ -85.2501, 36.8793 ], [ -85.268, 36.8737 ], [ -85.2549, 36.8336 ], [ -85.259, 36.8233 ], [ -85.2721, 36.8226 ], [ -85.3042, 36.8569 ], [ -85.3241, 36.8589 ], [ -85.3291, 36.8399 ], [ -85.3652, 36.8295 ], [ -85.3436, 36.8046 ], [ -85.376, 36.7686 ], [ -85.3536, 36.75 ], [ -85.375, 36.747 ], [ -85.4015, 36.7712 ], [ -85.4283, 36.7722 ], [ -85.441, 36.7576 ], [ -85.427, 36.7286 ], [ -85.4388, 36.7217 ], [ -85.4569, 36.7276 ], [ -85.4726, 36.7526 ], [ -85.4947, 36.7664 ], [ -85.5054, 36.7674 ], [ -85.5161, 36.76 ], [ -85.5142, 36.7467 ], [ -85.4988, 36.7341 ], [ -85.5085, 36.7368 ], [ -85.5172, 36.7313 ], [ -85.5278, 36.7514 ], [ -85.5393, 36.7589 ], [ -85.5425, 36.7748 ], [ -85.571, 36.7707 ], [ -85.5762, 36.7782 ], [ -85.5888, 36.7773 ], [ -85.5962, 36.818 ], [ -85.5812, 36.8229 ], [ -85.5747, 36.8382 ], [ -85.6016, 36.8722 ], [ -85.5803, 36.8689 ] ] ] } },
{ "type": "Feature", "properties": { "GEOIDFQ": "1400000US21057950200", "NAME": "9502", "NAMELSAD": "Census Tract 9502" }, "geometry": { "type": "Polygon", "coordinates": [ [ [ -85.5087, 36.7662 ], [ -85.4947, 36.7664 ], [ -85.4726, 36.7526 ], [ -85.4618, 36.7322 ], [ -85.4441, 36.7214 ], [ -85.4273, 36.7276 ], [ -85.441, 36.7576 ], [ -85.4283, 36.7722 ], [ -85.4047, 36.7725 ], [ -85.3808, 36.7492 ], [ -85.3626, 36.7455 ], [ -85.3533, 36.7534 ], [ -85.3758, 36.772 ], [ -85.3434, 36.8071 ], [ -85.3643, 36.8308 ], [ -85.3291, 36.8399 ], [ -85.328, 36.8558 ], [ -85.3152, 36.8602 ], [ -85.3021, 36.8554 ], [ -85.2755, 36.8254 ], [ -85.2637, 36.8204 ], [ -85.2549, 36.8336 ], [ -85.268, 36.8737 ], [ -85.2552, 36.8798 ], [ -85.2462, 36.8757 ], [ -85.2417, 36.8558 ], [ -85.2271, 36.8512 ], [ -85.2154, 36.8545 ], [ -85.2465, 36.744 ], [ -85.296, 36.6257 ], [ -85.4364, 36.6187 ], [ -85.4969, 36.6907 ], [ -85.4705, 36.7326 ], [ -85.5005, 36.735 ], [ -85.5169, 36.7576 ], [ -85.5087, 36.7662 ] ] ] } },
{ "type": "Feature", "properties": { "GEOIDFQ": "1400000US21151010903", "NAME": "109.03", "NAMELSAD": "Census Tract 109.03" }, "geometry": { "type": "Polygon", "coordinates": [ [ [ -84.3055, 37.736 ], [ -84.3176, 37.6999 ], [ -84.3233, 37.7249 ], [ -84.3238, 37.7361 ], [ -84.3055, 37.736 ] ] ] } },
{ "type": "Feature", "properties": { "GEOIDFQ": "1400000US21091960300", "NAME": "9603", "NAMELSAD": "Census Tract 9603" }, "geometry": { "type": "Polygon", "coordinates": [ [ [ -86.8097, 37.8499 ], [ -86.7758, 37.8567 ], [ -86.7581, 37.8413 ], [ -86.7466, 37.8442 ], [ -86.6983, 37.8246 ], [ -86.6693, 37.8239 ], [ -86.6779, 37.7928 ], [ -86.6223, 37.655 ], [ -86.8234, 37.7378 ], [ -86.8171, 37.7916 ], [ -86.8425, 37.8199 ], [ -86.8555, 37.8551 ], [ -86.8097, 37.8499 ] ] ] } },
{ "type": "Feature", "properties": { "GEOIDFQ": "1400000US21111008800", "NAME": "88", "NAMELSAD": "Census Tract 88" }, "geometry": { "type": "Polygon", "coordinates": [ [ [ -85.6899, 38.2365 ], [ -85.6759, 38.2346 ], [ -85.6724, 38.2277 ], [ -85.6847, 38.223 ], [ -85.7009, 38.2285 ], [ -85.6899, 38.2365 ] ] ] } },
{ "type": "Feature", "properties": { "GEOIDFQ": "1400000US21111008900", "NAME": "89", "NAMELSAD": "Census Tract 89" }, "geometry": { "type": "Polygon", "coordinates": [ [ [ -85.6978, 38.2264 ], [ -85.6815, 38.221 ], [ -85.701, 38.2136 ], [ -85.7105, 38.2231 ], [ -85.6978, 38.2264 ] ] ] } },
{ "type": "Feature", "properties": { "GEOIDFQ": "1400000US21111009103", "NAME": "91.03", "NAMELSAD": "Census Tract 91.03" }, "geometry": { "type": "Polygon", "coordinates": [ [ [ -85.7598, 38.1616 ], [ -85.7647, 38.1695 ], [ -85.753, 38.1751 ], [ -85.7406, 38.129 ], [ -85.749, 38.127 ], [ -85.7656, 38.1526 ], [ -85.7598, 38.1616 ] ] ] } },
{ "type": "Feature", "properties": { "GEOIDFQ": "1400000US21081920400", "NAME": "9204", "NAMELSAD": "Census Tract 9204" }, "geometry": { "type": "Polygon", "coordinates": [ [ [ -84.671, 38.5681 ], [ -84.6501, 38.5681 ], [ -84.6377, 38.561 ], [ -84.5955, 38.5543 ], [ -84.5884, 38.5653 ], [ -84.5652, 38.5586 ], [ -84.5411, 38.5715 ], [ -84.5127, 38.5624 ], [ -84.5117, 38.5689 ], [ -84.5023, 38.5658 ], [ -84.5031, 38.5747 ], [ -84.4864, 38.5844 ], [ -84.4763, 38.5427 ], [ -84.4853, 38.5086 ], [ -84.4966, 38.5124 ], [ -84.5214, 38.5083 ], [ -84.5607, 38.4924 ], [ -84.5805, 38.473 ], [ -84.6008, 38.481 ], [ -84.6214, 38.4817 ], [ -84.6572, 38.5324 ], [ -84.6714, 38.5271 ], [ -84.6746, 38.5323 ], [ -84.6654, 38.5437 ], [ -84.6752, 38.5461 ], [ -84.6794, 38.5518 ], [ -84.6742, 38.5576 ], [ -84.682, 38.5612 ], [ -84.671, 38.5681 ] ] ] } },
{ "type": "Feature", "properties": { "GEOIDFQ": "1400000US21159950202", "NAME": "9502.02", "NAMELSAD": "Census Tract 9502.02" }, "geometry": { "type": "Polygon", "coordinates": [ [ [ -82.6643, 37.8068 ], [ -82.6549, 37.8091 ], [ -82.6448, 37.8228 ], [ -82.653, 37.8251 ], [ -82.6473, 37.8346 ], [ -82.6648, 37.8402 ], [ -82.6709, 37.852 ], [ -82.5958, 37.8904 ], [ -82.5942, 37.9086 ], [ -82.6025, 37.9194 ], [ -82.5937, 37.9221 ], [ -82.5905, 37.9314 ], [ -82.581, 37.9307 ], [ -82.5811, 37.954 ], [ -82.5668, 37.9561 ], [ -82.5659, 37.9522 ], [ -82.5349, 37.9628 ], [ -82.4978, 37.9455 ], [ -82.4892, 37.9386 ], [ -82.5017, 37.9354 ], [ -82.4988, 37.9289 ], [ -82.4803, 37.9256 ], [ -82.4884, 37.9184 ], [ -82.4802, 37.9151 ], [ -82.4934, 37.9064 ], [ -82.4872, 37.8967 ], [ -82.5169, 37.8796 ], [ -82.5207, 37.8698 ], [ -82.5416, 37.8643 ], [ -82.5437, 37.8405 ], [ -82.5653, 37.8231 ], [ -82.5774, 37.787 ], [ -82.5891, 37.7785 ], [ -82.6196, 37.7752 ], [ -82.6527, 37.7762 ], [ -82.6745, 37.7872 ], [ -82.6643, 37.8068 ] ] ] } },
{ "type": "Feature", "properties": { "GEOIDFQ": "1400000US21159950201", "NAME": "9502.01", "NAMELSAD": "Census Tract 9502.01" }, "geometry": { "type": "Polygon", "coordinates": [ [ [ -82.6442, 37.7784 ], [ -82.601, 37.7763 ], [ -82.5777, 37.7867 ], [ -82.5655, 37.8228 ], [ -82.5444, 37.8393 ], [ -82.5421, 37.8635 ], [ -82.5324, 37.8681 ], [ -82.5275, 37.8608 ], [ -82.5054, 37.8524 ], [ -82.4882, 37.8332 ], [ -82.4718, 37.8313 ], [ -82.465, 37.8107 ], [ -82.4704, 37.7967 ], [ -82.4521, 37.7883 ], [ -82.4534, 37.7823 ], [ -82.4817, 37.7661 ], [ -82.4883, 37.7689 ], [ -82.4882, 37.7587 ], [ -82.4961, 37.7586 ], [ -82.4925, 37.7498 ], [ -82.5027, 37.7393 ], [ -82.4926, 37.7301 ], [ -82.5056, 37.7169 ], [ -82.4998, 37.7063 ], [ -82.5087, 37.703 ], [ -82.5129, 37.6887 ], [ -82.5216, 37.6945 ], [ -82.5306, 37.6876 ], [ -82.5562, 37.6915 ], [ -82.5636, 37.6848 ], [ -82.565, 37.6891 ], [ -82.5755, 37.688 ], [ -82.5767, 37.6946 ], [ -82.5896, 37.6923 ], [ -82.6008, 37.7018 ], [ -82.6215, 37.7047 ], [ -82.641, 37.7192 ], [ -82.6357, 37.7261 ], [ -82.6469, 37.7342 ], [ -82.6441, 37.7416 ], [ -82.6557, 37.7527 ], [ -82.6586, 37.7685 ], [ -82.6442, 37.7784 ] ] ] } },
{ "type": "Feature", "properties": { "GEOIDFQ": "1400000US21183920501", "NAME": "9205.01", "NAMELSAD": "Census Tract 9205.01" }, "geometry": { "type": "Polygon", "coordinates": [ [ [ -86.8882, 37.4431 ], [ -86.8596, 37.4351 ], [ -86.8491, 37.4478 ], [ -86.8137, 37.467 ], [ -86.8069, 37.4649 ], [ -86.8134, 37.4548 ], [ -86.8052, 37.4334 ], [ -86.7986, 37.4358 ], [ -86.8146, 37.4226 ], [ -86.8649, 37.404 ], [ -86.9006, 37.3983 ], [ -86.899, 37.4112 ], [ -86.9057, 37.4124 ], [ -86.9116, 37.4319 ], [ -86.8882, 37.4431 ] ] ] } },
{ "type": "Feature", "properties": { "GEOIDFQ": "1400000US21197970101", "NAME": "9701.01", "NAMELSAD": "Census Tract 9701.01" }, "geometry": { "type": "Polygon", "coordinates": [ [ [ -83.8599, 37.841 ], [ -83.8095, 37.8443 ], [ -83.7935, 37.8407 ], [ -83.7703, 37.847 ], [ -83.7541, 37.83 ], [ -83.7267, 37.8247 ], [ -83.7062, 37.7975 ], [ -83.6826, 37.7932 ], [ -83.6579, 37.8005 ], [ -83.6522, 37.7954 ], [ -83.708, 37.7165 ], [ -83.7125, 37.7202 ], [ -83.7215, 37.7163 ], [ -83.7227, 37.7289 ], [ -83.7484, 37.7318 ], [ -83.769, 37.7411 ], [ -83.7769, 37.7598 ], [ -83.8039, 37.7567 ], [ -83.8224, 37.746 ], [ -83.8298, 37.753 ], [ -83.8283, 37.7843 ], [ -83.8371, 37.7851 ], [ -83.8403, 37.8011 ], [ -83.8612, 37.8014 ], [ -83.8635, 37.8225 ], [ -83.8743, 37.8332 ], [ -83.8599, 37.841 ] ] ] } },
{ "type": "Feature", "properties": { "GEOIDFQ": "1400000US21197970102", "NAME": "9701.02", "NAMELSAD": "Census Tract 9701.02" }, "geometry": { "type": "Polygon", "coordinates": [ [ [ -83.881, 37.8717 ], [ -83.8836, 37.8874 ], [ -83.8762, 37.89 ], [ -83.8639, 37.8839 ], [ -83.8708, 37.9066 ], [ -83.8522, 37.9027 ], [ -83.824, 37.906 ], [ -83.8145, 37.9001 ], [ -83.782, 37.9082 ], [ -83.7683, 37.9183 ], [ -83.7561, 37.9142 ], [ -83.7562, 37.8997 ], [ -83.6674, 37.8524 ], [ -83.6757, 37.844 ], [ -83.6662, 37.8459 ], [ -83.663, 37.8347 ], [ -83.6508, 37.8352 ], [ -83.6432, 37.8259 ], [ -83.6311, 37.8254 ], [ -83.6522, 37.7954 ], [ -83.6584, 37.8005 ], [ -83.6837, 37.7933 ], [ -83.7071, 37.798 ], [ -83.7267, 37.8247 ], [ -83.7541, 37.83 ], [ -83.7683, 37.8465 ], [ -83.7935, 37.8407 ], [ -83.8095, 37.8443 ], [ -83.8599, 37.841 ], [ -83.8743, 37.8332 ], [ -83.8824, 37.8373 ], [ -83.8915, 37.8603 ], [ -83.881, 37.8717 ] ] ] } },
{ "type": "Feature", "properties": { "GEOIDFQ": "1400000US21197970202", "NAME": "9702.02", "NAMELSAD": "Census Tract 9702.02" }, "geometry": { "type": "Polygon", "coordinates": [ [ [ -84.0197, 37.8696 ], [ -84.0146, 37.8582 ], [ -84.0064, 37.8601 ], [ -83.9983, 37.8875 ], [ -83.9858, 37.9029 ], [ -83.9917, 37.9033 ], [ -83.9918, 37.9178 ], [ -83.9826, 37.924 ], [ -83.9414, 37.8599 ], [ -83.8941, 37.8322 ], [ -83.8743, 37.8332 ], [ -83.8635, 37.8225 ], [ -83.8612, 37.8014 ], [ -83.8396, 37.8006 ], [ -83.8371, 37.7852 ], [ -83.8289, 37.7852 ], [ -83.8257, 37.7791 ], [ -83.8282, 37.7677 ], [ -83.8655, 37.7522 ], [ -83.9059, 37.7591 ], [ -83.9097, 37.7667 ], [ -83.9652, 37.8021 ], [ -83.9629, 37.8452 ], [ -83.979, 37.848 ], [ -83.9833, 37.843 ], [ -83.9916, 37.8502 ], [ -84.002, 37.8376 ], [ -84.0133, 37.8506 ], [ -84.0083, 37.8535 ], [ -84.0219, 37.8579 ], [ -84.0274, 37.8695 ], [ -84.0197, 37.8696 ] ] ] } },
{ "type": "Feature", "properties": { "GEOIDFQ": "1400000US21197970201", "NAME": "9702.01", "NAMELSAD": "Census Tract 9702.01" }, "geometry": { "type": "Polygon", "coordinates": [ [ [ -83.9596, 37.9339 ], [ -83.9082, 37.9167 ], [ -83.88, 37.9136 ], [ -83.8787, 37.9051 ], [ -83.8713, 37.9062 ], [ -83.8632, 37.893 ], [ -83.8643, 37.8838 ], [ -83.8762, 37.89 ], [ -83.8837, 37.8873 ], [ -83.881, 37.8717 ], [ -83.8915, 37.8603 ], [ -83.8824, 37.8373 ], [ -83.8743, 37.8332 ], [ -83.8941, 37.8322 ], [ -83.9404, 37.8591 ], [ -83.9826, 37.924 ], [ -83.9596, 37.9339 ] ] ] } },
{ "type": "Feature", "properties": { "GEOIDFQ": "1400000US21235920402", "NAME": "9204.02", "NAMELSAD": "Census Tract 9204.02" }, "geometry": { "type": "Polygon", "coordinates": [ [ [ -84.318, 36.8338 ], [ -84.3402, 36.8358 ], [ -84.3433, 36.8381 ], [ -84.3423, 36.8412 ], [ -84.3086, 36.8474 ], [ -84.3029, 36.8408 ], [ -84.2704, 36.838 ], [ -84.2426, 36.8456 ], [ -84.1911, 36.8885 ], [ -84.1914, 36.8808 ], [ -84.1487, 36.86 ], [ -84.135, 36.8394 ], [ -84.1467, 36.8413 ], [ -84.1644, 36.8201 ], [ -84.1566, 36.8055 ], [ -84.1595, 36.7943 ], [ -84.1823, 36.7942 ], [ -84.1967, 36.7871 ], [ -84.2208, 36.7629 ], [ -84.2499, 36.7573 ], [ -84.2625, 36.7607 ], [ -84.2792, 36.7505 ], [ -84.2923, 36.7605 ], [ -84.3056, 36.762 ], [ -84.3174, 36.7543 ], [ -84.3311, 36.7591 ], [ -84.338, 36.7751 ], [ -84.3496, 36.7796 ], [ -84.3453, 36.806 ], [ -84.3558, 36.8121 ], [ -84.318, 36.8338 ] ] ] } },
{ "type": "Feature", "properties": { "GEOIDFQ": "1400000US21235920602", "NAME": "9206.02", "NAMELSAD": "Census Tract 9206.02" }, "geometry": { "type": "Polygon", "coordinates": [ [ [ -84.3227, 36.7587 ], [ -84.3174, 36.7543 ], [ -84.3056, 36.762 ], [ -84.2923, 36.7605 ], [ -84.2792, 36.7505 ], [ -84.2625, 36.7607 ], [ -84.2499, 36.7573 ], [ -84.2093, 36.7677 ], [ -84.2034, 36.7507 ], [ -84.2095, 36.7382 ], [ -84.1976, 36.739 ], [ -84.1699, 36.722 ], [ -84.1763, 36.747 ], [ -84.1701, 36.78 ], [ -84.1623, 36.7569 ], [ -84.174, 36.7475 ], [ -84.1541, 36.7405 ], [ -84.1604, 36.7298 ], [ -84.1495, 36.7328 ], [ -84.1414, 36.7443 ], [ -84.1321, 36.7365 ], [ -84.1324, 36.7272 ], [ -84.1454, 36.7224 ], [ -84.147, 36.7106 ], [ -84.2084, 36.6923 ], [ -84.2086, 36.6709 ], [ -84.2219, 36.6681 ], [ -84.2234, 36.6555 ], [ -84.2077, 36.6465 ], [ -84.2073, 36.6325 ], [ -84.2145, 36.6257 ], [ -84.201, 36.6099 ], [ -84.2013, 36.5919 ], [ -84.2273, 36.592 ], [ -84.2396, 36.6134 ], [ -84.2919, 36.6549 ], [ -84.3146, 36.6919 ], [ -84.3227, 36.7587 ] ] ] } },
{ "type": "Feature", "properties": { "GEOIDFQ": "1400000US21235920502", "NAME": "9205.02", "NAMELSAD": "Census Tract 9205.02" }, "geometry": { "type": "Polygon", "coordinates": [ [ [ -84.1824, 36.7941 ], [ -84.1669, 36.7911 ], [ -84.1535, 36.796 ], [ -84.1459, 36.7868 ], [ -84.1347, 36.7867 ], [ -84.1251, 36.8062 ], [ -84.1121, 36.8118 ], [ -84.0681, 36.8132 ], [ -84.0519, 36.8018 ], [ -84.0204, 36.7942 ], [ -84.0079, 36.8168 ], [ -83.9994, 36.8007 ], [ -83.9843, 36.8017 ], [ -83.9779, 36.7966 ], [ -83.9768, 36.779 ], [ -83.9882, 36.7701 ], [ -83.9875, 36.7551 ], [ -84.001, 36.7535 ], [ -84.0197, 36.7705 ], [ -84.025, 36.7647 ], [ -84.0129, 36.7561 ], [ -84.0208, 36.7303 ], [ -84.032, 36.7311 ], [ -84.0303, 36.751 ], [ -84.0392, 36.742 ], [ -84.0503, 36.7408 ], [ -84.0553, 36.7225 ], [ -84.0647, 36.7194 ], [ -84.0673, 36.7251 ], [ -84.0577, 36.7264 ], [ -84.0558, 36.7349 ], [ -84.0668, 36.7418 ], [ -84.0885, 36.7345 ], [ -84.1015, 36.7425 ], [ -84.1055, 36.7352 ], [ -84.094, 36.7278 ], [ -84.1014, 36.7152 ], [ -84.1061, 36.7318 ], [ -84.1224, 36.7298 ], [ -84.1301, 36.721 ], [ -84.1396, 36.7443 ], [ -84.1593, 36.729 ], [ -84.1541, 36.7405 ], [ -84.174, 36.7475 ], [ -84.1624, 36.7562 ], [ -84.1671, 36.7787 ], [ -84.1777, 36.7767 ], [ -84.1729, 36.7601 ], [ -84.1811, 36.7522 ], [ -84.1968, 36.771 ], [ -84.1824, 36.7941 ] ] ] } },
{ "type": "Feature", "properties": { "GEOIDFQ": "1400000US21235920401", "NAME": "9204.01", "NAMELSAD": "Census Tract 9204.01" }, "geometry": { "type": "Polygon", "coordinates": [ [ [ -84.315, 36.8574 ], [ -84.3253, 36.8675 ], [ -84.3148, 36.8831 ], [ -84.3234, 36.8942 ], [ -84.3042, 36.9113 ], [ -84.3131, 36.9294 ], [ -84.2974, 36.9459 ], [ -84.2762, 36.9618 ], [ -84.2636, 36.9623 ], [ -84.2577, 36.9728 ], [ -84.2583, 36.9543 ], [ -84.2453, 36.9554 ], [ -84.2461, 36.9471 ], [ -84.2376, 36.9511 ], [ -84.2352, 36.941 ], [ -84.225, 36.9463 ], [ -84.2213, 36.9601 ], [ -84.1971, 36.9297 ], [ -84.2016, 36.8983 ], [ -84.1911, 36.8885 ], [ -84.2015, 36.8784 ], [ -84.2216, 36.868 ], [ -84.2417, 36.8461 ], [ -84.2683, 36.8385 ], [ -84.3027, 36.8407 ], [ -84.3087, 36.8474 ], [ -84.3422, 36.8412 ], [ -84.3402, 36.8358 ], [ -84.345, 36.8398 ], [ -84.315, 36.8574 ] ] ] } },
{ "type": "Feature", "properties": { "GEOIDFQ": "1400000US21235920601", "NAME": "9206.01", "NAMELSAD": "Census Tract 9206.01" }, "geometry": { "type": "Polygon", "coordinates": [ [ [ -84.1978, 36.7863 ], [ -84.1896, 36.7874 ], [ -84.1967, 36.7703 ], [ -84.1794, 36.7526 ], [ -84.1729, 36.7601 ], [ -84.178, 36.776 ], [ -84.1701, 36.78 ], [ -84.1702, 36.7606 ], [ -84.1762, 36.7464 ], [ -84.1663, 36.7244 ], [ -84.1745, 36.7229 ], [ -84.1976, 36.739 ], [ -84.209, 36.7377 ], [ -84.2039, 36.7648 ], [ -84.22, 36.7633 ], [ -84.1978, 36.7863 ] ] ] } },
{ "type": "Feature", "properties": { "GEOIDFQ": "1400000US21029020402", "NAME": "204.02", "NAMELSAD": "Census Tract 204.02" }, "geometry": { "type": "Polygon", "coordinates": [ [ [ -85.6674, 38.0834 ], [ -85.5917, 38.0734 ], [ -85.6182, 38.0399 ], [ -85.6329, 38.0385 ], [ -85.6393, 38.0388 ], [ -85.6347, 38.0495 ], [ -85.6705, 38.0713 ], [ -85.6674, 38.0834 ] ] ] } },
{ "type": "Feature", "properties": { "GEOIDFQ": "1400000US21029020703", "NAME": "207.03", "NAMELSAD": "Census Tract 207.03" }, "geometry": { "type": "Polygon", "coordinates": [ [ [ -85.709, 38.0311 ], [ -85.7051, 38.0148 ], [ -85.6922, 38.0265 ], [ -85.6953, 38.0069 ], [ -85.6779, 38.01 ], [ -85.7095, 37.99 ], [ -85.7158, 37.9909 ], [ -85.7267, 38.0134 ], [ -85.709, 38.0311 ] ] ] } },
{ "type": "Feature", "properties": { "GEOIDFQ": "1400000US21185030301", "NAME": "303.01", "NAMELSAD": "Census Tract 303.01" }, "geometry": { "type": "Polygon", "coordinates": [ [ [ -85.4325, 38.4431 ], [ -85.4153, 38.4395 ], [ -85.4091, 38.4472 ], [ -85.3825, 38.4223 ], [ -85.3731, 38.399 ], [ -85.4272, 38.3761 ], [ -85.4317, 38.3857 ], [ -85.389, 38.4037 ], [ -85.4142, 38.4107 ], [ -85.4428, 38.4371 ], [ -85.4325, 38.4431 ] ] ] } },
{ "type": "Feature", "properties": { "GEOIDFQ": "1400000US21111010104", "NAME": "101.04", "NAMELSAD": "Census Tract 101.04" }, "geometry": { "type": "Polygon", "coordinates": [ [ [ -85.6068, 38.2619 ], [ -85.5993, 38.2506 ], [ -85.6193, 38.2499 ], [ -85.6231, 38.2603 ], [ -85.6068, 38.2619 ] ] ] } },
{ "type": "Feature", "properties": { "GEOIDFQ": "1400000US21111011114", "NAME": "111.14", "NAMELSAD": "Census Tract 111.14" }, "geometry": { "type": "Polygon", "coordinates": [ [ [ -85.6224, 38.2026 ], [ -85.6031, 38.1986 ], [ -85.607, 38.181 ], [ -85.6267, 38.1814 ], [ -85.6224, 38.2026 ] ] ] } },
{ "type": "Feature", "properties": { "GEOIDFQ": "1400000US21111011111", "NAME": "111.11", "NAMELSAD": "Census Tract 111.11" }, "geometry": { "type": "Polygon", "coordinates": [ [ [ -85.5974, 38.2182 ], [ -85.6031, 38.1986 ], [ -85.6199, 38.2019 ], [ -85.6187, 38.2123 ], [ -85.626, 38.2196 ], [ -85.5974, 38.2182 ] ] ] } },
{ "type": "Feature", "properties": { "GEOIDFQ": "1400000US21111011517", "NAME": "115.17", "NAMELSAD": "Census Tract 115.17" }, "geometry": { "type": "Polygon", "coordinates": [ [ [ -85.5685, 38.1923 ], [ -85.552, 38.1883 ], [ -85.5502, 38.1677 ], [ -85.5669, 38.1638 ], [ -85.573, 38.1743 ], [ -85.5685, 38.1923 ] ] ] } },
{ "type": "Feature", "properties": { "GEOIDFQ": "1400000US21117067200", "NAME": "672", "NAMELSAD": "Census Tract 672" }, "geometry": { "type": "Polygon", "coordinates": [ [ [ -84.6213, 39.062 ], [ -84.6111, 39.0578 ], [ -84.5931, 39.0634 ], [ -84.575, 39.0469 ], [ -84.6171, 39.0218 ], [ -84.6228, 39.0697 ], [ -84.6213, 39.062 ] ] ] } },
{ "type": "Feature", "properties": { "GEOIDFQ": "1400000US21127930102", "NAME": "9301.02", "NAMELSAD": "Census Tract 9301.02" }, "geometry": { "type": "Polygon", "coordinates": [ [ [ -82.706, 38.0999 ], [ -82.7128, 38.1074 ], [ -82.7038, 38.1081 ], [ -82.6598, 38.0901 ], [ -82.6393, 38.1052 ], [ -82.6424, 38.116 ], [ -82.6548, 38.1258 ], [ -82.6566, 38.1287 ], [ -82.6557, 38.1296 ], [ -82.6279, 38.1268 ], [ -82.6185, 38.1189 ], [ -82.6053, 38.1204 ], [ -82.5919, 38.0945 ], [ -82.5977, 38.0819 ], [ -82.6114, 38.0744 ], [ -82.6059, 38.0542 ], [ -82.621, 38.0484 ], [ -82.6374, 38.0513 ], [ -82.6308, 38.0777 ], [ -82.6537, 38.0813 ], [ -82.6651, 38.0698 ], [ -82.6819, 38.0693 ], [ -82.6885, 38.061 ], [ -82.7094, 38.0712 ], [ -82.7047, 38.0792 ], [ -82.7158, 38.089 ], [ -82.706, 38.0999 ] ] ] } },
{ "type": "Feature", "properties": { "GEOIDFQ": "1400000US21127930101", "NAME": "9301.01", "NAMELSAD": "Census Tract 9301.01" }, "geometry": { "type": "Polygon", "coordinates": [ [ [ -82.7317, 38.2239 ], [ -82.7033, 38.2361 ], [ -82.6965, 38.2505 ], [ -82.6995, 38.2619 ], [ -82.6279, 38.269 ], [ -82.6068, 38.261 ], [ -82.6019, 38.2499 ], [ -82.6124, 38.2343 ], [ -82.6086, 38.2235 ], [ -82.5985, 38.2179 ], [ -82.5991, 38.1972 ], [ -82.6125, 38.1706 ], [ -82.6372, 38.1714 ], [ -82.6446, 38.1659 ], [ -82.6366, 38.138 ], [ -82.6218, 38.1333 ], [ -82.6207, 38.1222 ], [ -82.6136, 38.119 ], [ -82.6188, 38.119 ], [ -82.6279, 38.1268 ], [ -82.6558, 38.1296 ], [ -82.6393, 38.1052 ], [ -82.6598, 38.0901 ], [ -82.6785, 38.1018 ], [ -82.6924, 38.1004 ], [ -82.7055, 38.1086 ], [ -82.6938, 38.1315 ], [ -82.6866, 38.1257 ], [ -82.6967, 38.1416 ], [ -82.6879, 38.1476 ], [ -82.7223, 38.1687 ], [ -82.7271, 38.1773 ], [ -82.7108, 38.1813 ], [ -82.7239, 38.187 ], [ -82.7365, 38.2072 ], [ -82.7317, 38.2239 ] ] ] } },
{ "type": "Feature", "properties": { "GEOIDFQ": "1400000US21117064001", "NAME": "640.01", "NAMELSAD": "Census Tract 640.01" }, "geometry": { "type": "Polygon", "coordinates": [ [ [ -84.5739, 39.0764 ], [ -84.5597, 39.0712 ], [ -84.5637, 39.0623 ], [ -84.5803, 39.0692 ], [ -84.6111, 39.0578 ], [ -84.6191, 39.0674 ], [ -84.5739, 39.0764 ] ] ] } },
{ "type": "Feature", "properties": { "GEOIDFQ": "1400000US21117064002", "NAME": "640.02", "NAMELSAD": "Census Tract 640.02" }, "geometry": { "type": "Polygon", "coordinates": [ [ [ -84.5765, 39.0688 ], [ -84.5587, 39.0642 ], [ -84.5577, 39.058 ], [ -84.575, 39.0469 ], [ -84.593, 39.0634 ], [ -84.5765, 39.0688 ] ] ] } },
{ "type": "Feature", "properties": { "GEOIDFQ": "1400000US21117063609", "NAME": "636.09", "NAMELSAD": "Census Tract 636.09" }, "geometry": { "type": "Polygon", "coordinates": [ [ [ -84.5584, 38.9282 ], [ -84.5219, 38.9258 ], [ -84.5204, 38.9173 ], [ -84.5327, 38.909 ], [ -84.5562, 38.9051 ], [ -84.5626, 38.8973 ], [ -84.5994, 38.8877 ], [ -84.6092, 38.9572 ], [ -84.5584, 38.9282 ] ] ] } },
{ "type": "Feature", "properties": { "GEOIDFQ": "1400000US21117063610", "NAME": "636.10", "NAMELSAD": "Census Tract 636.10" }, "geometry": { "type": "Polygon", "coordinates": [ [ [ -84.5755, 38.9543 ], [ -84.5575, 38.9563 ], [ -84.5515, 38.9733 ], [ -84.5404, 38.9803 ], [ -84.5444, 38.9275 ], [ -84.5603, 38.9289 ], [ -84.5794, 38.9421 ], [ -84.5755, 38.9543 ] ] ] } },
{ "type": "Feature", "properties": { "GEOIDFQ": "1400000US21117063607", "NAME": "636.07", "NAMELSAD": "Census Tract 636.07" }, "geometry": { "type": "Polygon", "coordinates": [ [ [ -84.5859, 38.9936 ], [ -84.5922, 38.9771 ], [ -84.6118, 38.9783 ], [ -84.614, 38.9976 ], [ -84.5859, 38.9936 ] ] ] } },
{ "type": "Feature", "properties": { "GEOIDFQ": "1400000US21073070802", "NAME": "708.02", "NAMELSAD": "Census Tract 708.02" }, "geometry": { "type": "Polygon", "coordinates": [ [ [ -84.812, 38.2544 ], [ -84.8143, 38.2722 ], [ -84.7997, 38.2777 ], [ -84.795, 38.2917 ], [ -84.7826, 38.2913 ], [ -84.7698, 38.2804 ], [ -84.763, 38.2865 ], [ -84.765, 38.2982 ], [ -84.7379, 38.3091 ], [ -84.7303, 38.2083 ], [ -84.7919, 38.2174 ], [ -84.82, 38.211 ], [ -84.8175, 38.2369 ], [ -84.8307, 38.2465 ], [ -84.812, 38.2544 ] ] ] } },
{ "type": "Feature", "properties": { "GEOIDFQ": "1400000US21117066802", "NAME": "668.02", "NAMELSAD": "Census Tract 668.02" }, "geometry": { "type": "Polygon", "coordinates": [ [ [ -84.5031, 38.9705 ], [ -84.5087, 38.9447 ], [ -84.5185, 38.946 ], [ -84.527, 38.9646 ], [ -84.5031, 38.9705 ] ] ] } },
{ "type": "Feature", "properties": { "GEOIDFQ": "1400000US21117066801", "NAME": "668.01", "NAMELSAD": "Census Tract 668.01" }, "geometry": { "type": "Polygon", "coordinates": [ [ [ -84.5346, 38.9913 ], [ -84.5274, 38.9911 ], [ -84.5031, 38.9705 ], [ -84.5264, 38.9647 ], [ -84.5404, 38.9805 ], [ -84.5346, 38.9913 ] ] ] } },
{ "type": "Feature", "properties": { "GEOIDFQ": "1400000US21237930200", "NAME": "9302", "NAMELSAD": "Census Tract 9302" }, "geometry": { "type": "Polygon", "coordinates": [ [ [ -83.6196, 37.8352 ], [ -83.6058, 37.8322 ], [ -83.6083, 37.8282 ], [ -83.6006, 37.8304 ], [ -83.591, 37.8182 ], [ -83.586, 37.8254 ], [ -83.5752, 37.8197 ], [ -83.5626, 37.8252 ], [ -83.5636, 37.8201 ], [ -83.548, 37.8162 ], [ -83.5463, 37.8057 ], [ -83.5375, 37.8108 ], [ -83.5269, 37.8021 ], [ -83.5206, 37.8043 ], [ -83.5236, 37.7996 ], [ -83.5042, 37.7829 ], [ -83.4954, 37.7833 ], [ -83.4993, 37.7684 ], [ -83.4937, 37.7701 ], [ -83.4848, 37.7555 ], [ -83.507, 37.7414 ], [ -83.5109, 37.7234 ], [ -83.5336, 37.725 ], [ -83.527, 37.6983 ], [ -83.5185, 37.6959 ], [ -83.5281, 37.6735 ], [ -83.5138, 37.6621 ], [ -83.5093, 37.6426 ], [ -83.5223, 37.6385 ], [ -83.6166, 37.6669 ], [ -83.6283, 37.6789 ], [ -83.708, 37.7165 ], [ -83.6196, 37.8352 ] ] ] } },
{ "type": "Feature", "properties": { "GEOIDFQ": "1400000US21111011907", "NAME": "119.07", "NAMELSAD": "Census Tract 119.07" }, "geometry": { "type": "Polygon", "coordinates": [ [ [ -85.6576, 38.139 ], [ -85.6687, 38.1194 ], [ -85.6772, 38.1181 ], [ -85.6867, 38.1384 ], [ -85.6576, 38.139 ] ] ] } },
{ "type": "Feature", "properties": { "GEOIDFQ": "1400000US21111012103", "NAME": "121.03", "NAMELSAD": "Census Tract 121.03" }, "geometry": { "type": "Polygon", "coordinates": [ [ [ -85.9061, 38.1169 ], [ -85.8938, 38.1164 ], [ -85.8922, 38.1104 ], [ -85.8696, 38.103 ], [ -85.8845, 38.0754 ], [ -85.9053, 38.0888 ], [ -85.9061, 38.1169 ] ] ] } },
{ "type": "Feature", "properties": { "GEOIDFQ": "1400000US21111012105", "NAME": "121.05", "NAMELSAD": "Census Tract 121.05" }, "geometry": { "type": "Polygon", "coordinates": [ [ [ -85.8479, 38.1302 ], [ -85.8459, 38.1295 ], [ -85.8356, 38.118 ], [ -85.841, 38.1077 ], [ -85.8665, 38.108 ], [ -85.8479, 38.1302 ] ] ] } },
{ "type": "Feature", "properties": { "GEOIDFQ": "1400000US21111012302", "NAME": "123.02", "NAMELSAD": "Census Tract 123.02" }, "geometry": { "type": "Polygon", "coordinates": [ [ [ -85.8179, 38.1735 ], [ -85.7975, 38.1704 ], [ -85.8037, 38.1539 ], [ -85.8194, 38.1518 ], [ -85.8293, 38.1572 ], [ -85.8179, 38.1735 ] ] ] } },
{ "type": "Feature", "properties": { "GEOIDFQ": "1400000US21173920201", "NAME": "9202.01", "NAMELSAD": "Census Tract 9202.01" }, "geometry": { "type": "Polygon", "coordinates": [ [ [ -83.9256, 38.0851 ], [ -83.8985, 38.0886 ], [ -83.9168, 38.0715 ], [ -83.9168, 38.0545 ], [ -83.9443, 38.0627 ], [ -83.9494, 38.078 ], [ -83.9256, 38.0851 ] ] ] } },
{ "type": "Feature", "properties": { "GEOIDFQ": "1400000US21033920301", "NAME": "9203.01", "NAMELSAD": "Census Tract 9203.01" }, "geometry": { "type": "Polygon", "coordinates": [ [ [ -87.871, 37.1327 ], [ -87.8443, 37.1393 ], [ -87.8426, 37.1135 ], [ -87.8279, 37.1113 ], [ -87.826, 37.1051 ], [ -87.8406, 37.0969 ], [ -87.8185, 37.0853 ], [ -87.8199, 37.0804 ], [ -87.8418, 37.0841 ], [ -87.8502, 37.0615 ], [ -87.8625, 37.0567 ], [ -87.8768, 37.0627 ], [ -87.9003, 37.0596 ], [ -87.9068, 37.0778 ], [ -87.871, 37.1327 ] ] ] } },
{ "type": "Feature", "properties": { "GEOIDFQ": "1400000US21033920302", "NAME": "9203.02", "NAMELSAD": "Census Tract 9203.02" }, "geometry": { "type": "Polygon", "coordinates": [ [ [ -87.9483, 37.0677 ], [ -87.9068, 37.0778 ], [ -87.9003, 37.0596 ], [ -87.8768, 37.0627 ], [ -87.8624, 37.0567 ], [ -87.8502, 37.0615 ], [ -87.8418, 37.0841 ], [ -87.8235, 37.0794 ], [ -87.8185, 37.0853 ], [ -87.8406, 37.0969 ], [ -87.826, 37.1051 ], [ -87.8279, 37.1113 ], [ -87.8426, 37.1135 ], [ -87.8461, 37.1395 ], [ -87.8088, 37.1417 ], [ -87.7253, 37.1796 ], [ -87.7191, 37.1716 ], [ -87.7173, 37.179 ], [ -87.708, 37.1776 ], [ -87.705, 37.1651 ], [ -87.6995, 37.165 ], [ -87.7052, 37.1611 ], [ -87.6801, 37.1512 ], [ -87.7109, 37.0216 ], [ -87.7649, 36.9747 ], [ -87.8581, 36.9507 ], [ -87.8662, 36.9539 ], [ -87.9748, 37.0675 ], [ -87.9483, 37.0677 ] ] ] } },
{ "type": "Feature", "properties": { "GEOIDFQ": "1400000US21173920202", "NAME": "9202.02", "NAMELSAD": "Census Tract 9202.02" }, "geometry": { "type": "Polygon", "coordinates": [ [ [ -83.9168, 38.0545 ], [ -83.9168, 38.0715 ], [ -83.8985, 38.0886 ], [ -83.8432, 38.1017 ], [ -83.8208, 38.0811 ], [ -83.7962, 38.0273 ], [ -83.8747, 38.0178 ], [ -83.8782, 38.01 ], [ -83.9074, 38.0124 ], [ -83.9316, 38.036 ], [ -83.9443, 38.0627 ], [ -83.9168, 38.0545 ] ] ] } },
{ "type": "Feature", "properties": { "GEOIDFQ": "1400000US21107970600", "NAME": "9706", "NAMELSAD": "Census Tract 9706" }, "geometry": { "type": "Polygon", "coordinates": [ [ [ -87.4899, 37.3384 ], [ -87.4798, 37.3412 ], [ -87.467, 37.3078 ], [ -87.4889, 37.3076 ], [ -87.5004, 37.3184 ], [ -87.4899, 37.3384 ] ] ] } },
{ "type": "Feature", "properties": { "GEOIDFQ": "1400000US21215080102", "NAME": "801.02", "NAMELSAD": "Census Tract 801.02" }, "geometry": { "type": "Polygon", "coordinates": [ [ [ -85.4692, 38.0962 ], [ -85.4305, 38.1073 ], [ -85.4242, 38.1468 ], [ -85.3712, 38.1061 ], [ -85.3491, 38.0735 ], [ -85.3406, 38.037 ], [ -85.3713, 38.0278 ], [ -85.4156, 38.0317 ], [ -85.4535, 38.0419 ], [ -85.4629, 38.0535 ], [ -85.4866, 38.0624 ], [ -85.4692, 38.0962 ] ] ] } },
{ "type": "Feature", "properties": { "GEOIDFQ": "1400000US21215080101", "NAME": "801.01", "NAMELSAD": "Census Tract 801.01" }, "geometry": { "type": "Polygon", "coordinates": [ [ [ -85.2756, 38.1024 ], [ -85.2868, 38.1015 ], [ -85.2784, 38.0872 ], [ -85.3054, 38.0751 ], [ -85.2949, 38.068 ], [ -85.2983, 38.0635 ], [ -85.3204, 38.0764 ], [ -85.3258, 38.0744 ], [ -85.3262, 38.0678 ], [ -85.3106, 38.061 ], [ -85.3195, 38.0538 ], [ -85.3398, 38.0539 ], [ -85.3314, 38.0372 ], [ -85.3406, 38.037 ], [ -85.3491, 38.0735 ], [ -85.3717, 38.1068 ], [ -85.4242, 38.1468 ], [ -85.2756, 38.1024 ] ] ] } },
{ "type": "Feature", "properties": { "GEOIDFQ": "1400000US21035010303", "NAME": "103.03", "NAMELSAD": "Census Tract 103.03" }, "geometry": { "type": "Polygon", "coordinates": [ [ [ -88.3517, 36.6275 ], [ -88.3335, 36.6226 ], [ -88.3243, 36.6384 ], [ -88.3095, 36.639 ], [ -88.3244, 36.6167 ], [ -88.3517, 36.6175 ], [ -88.3517, 36.6275 ] ] ] } },
{ "type": "Feature", "properties": { "GEOIDFQ": "1400000US21035010304", "NAME": "103.04", "NAMELSAD": "Census Tract 103.04" }, "geometry": { "type": "Polygon", "coordinates": [ [ [ -88.3702, 36.6175 ], [ -88.3628, 36.6193 ], [ -88.3607, 36.63 ], [ -88.3612, 36.6759 ], [ -88.3024, 36.6767 ], [ -88.3095, 36.639 ], [ -88.3243, 36.6384 ], [ -88.3335, 36.6226 ], [ -88.3517, 36.6275 ], [ -88.3517, 36.6175 ], [ -88.3244, 36.6167 ], [ -88.3244, 36.6094 ], [ -88.3704, 36.6031 ], [ -88.3702, 36.6175 ] ] ] } },
{ "type": "Feature", "properties": { "GEOIDFQ": "1400000US21035010602", "NAME": "106.02", "NAMELSAD": "Census Tract 106.02" }, "geometry": { "type": "Polygon", "coordinates": [ [ [ -88.3704, 36.6029 ], [ -88.3336, 36.6077 ], [ -88.3335, 36.5878 ], [ -88.3242, 36.5915 ], [ -88.3148, 36.5813 ], [ -88.3241, 36.5516 ], [ -88.3575, 36.5525 ], [ -88.344, 36.5724 ], [ -88.3574, 36.5719 ], [ -88.3625, 36.5837 ], [ -88.3703, 36.5824 ], [ -88.3704, 36.6029 ] ] ] } },
{ "type": "Feature", "properties": { "GEOIDFQ": "1400000US21035010601", "NAME": "106.01", "NAMELSAD": "Census Tract 106.01" }, "geometry": { "type": "Polygon", "coordinates": [ [ [ -88.3336, 36.6077 ], [ -88.3152, 36.6106 ], [ -88.3148, 36.5813 ], [ -88.3242, 36.5915 ], [ -88.3335, 36.5878 ], [ -88.3336, 36.6077 ] ] ] } },
{ "type": "Feature", "properties": { "GEOIDFQ": "1400000US21235920301", "NAME": "9203.01", "NAMELSAD": "Census Tract 9203.01" }, "geometry": { "type": "Polygon", "coordinates": [ [ [ -84.1775, 36.9407 ], [ -84.1632, 36.9419 ], [ -84.1631, 36.9516 ], [ -84.1519, 36.9554 ], [ -84.151, 36.9673 ], [ -84.1427, 36.966 ], [ -84.1453, 36.9563 ], [ -84.1363, 36.9601 ], [ -84.1345, 36.9687 ], [ -84.124, 36.9702 ], [ -84.1233, 36.9644 ], [ -84.1162, 36.9678 ], [ -84.1295, 36.9181 ], [ -84.1517, 36.9098 ], [ -84.1449, 36.9277 ], [ -84.1762, 36.9244 ], [ -84.1775, 36.9407 ] ] ] } },
{ "type": "Feature", "properties": { "GEOIDFQ": "1400000US21235920302", "NAME": "9203.02", "NAMELSAD": "Census Tract 9203.02" }, "geometry": { "type": "Polygon", "coordinates": [ [ [ -84.2046, 36.9519 ], [ -84.2005, 36.9455 ], [ -84.1896, 36.9476 ], [ -84.1831, 36.9394 ], [ -84.1775, 36.9407 ], [ -84.1762, 36.9244 ], [ -84.1449, 36.9277 ], [ -84.1517, 36.9098 ], [ -84.1159, 36.9202 ], [ -84.0899, 36.9115 ], [ -84.0841, 36.9165 ], [ -84.085, 36.9022 ], [ -84.0704, 36.8906 ], [ -84.0663, 36.871 ], [ -84.0598, 36.8686 ], [ -84.0661, 36.8568 ], [ -84.0928, 36.8495 ], [ -84.097, 36.8553 ], [ -84.1183, 36.8582 ], [ -84.1281, 36.833 ], [ -84.1489, 36.8602 ], [ -84.1914, 36.8808 ], [ -84.1899, 36.8877 ], [ -84.2016, 36.8983 ], [ -84.1971, 36.9297 ], [ -84.2098, 36.9471 ], [ -84.2046, 36.9519 ] ] ] } },
{ "type": "Feature", "properties": { "GEOIDFQ": "1400000US21235920501", "NAME": "9205.01", "NAMELSAD": "Census Tract 9205.01" }, "geometry": { "type": "Polygon", "coordinates": [ [ [ -84.1467, 36.8413 ], [ -84.1271, 36.8325 ], [ -84.1183, 36.8582 ], [ -84.097, 36.8553 ], [ -84.0928, 36.8495 ], [ -84.0704, 36.8581 ], [ -84.0587, 36.8504 ], [ -84.0526, 36.8557 ], [ -84.0393, 36.8485 ], [ -84.0427, 36.8372 ], [ -84.0133, 36.8072 ], [ -84.0204, 36.7942 ], [ -84.0519, 36.8018 ], [ -84.0681, 36.8132 ], [ -84.1121, 36.8118 ], [ -84.1251, 36.8062 ], [ -84.1347, 36.7867 ], [ -84.1459, 36.7868 ], [ -84.1589, 36.7953 ], [ -84.1566, 36.8055 ], [ -84.1646, 36.8189 ], [ -84.1467, 36.8413 ] ] ] } },
{ "type": "Feature", "properties": { "GEOIDFQ": "1400000US21227011801", "NAME": "118.01", "NAMELSAD": "Census Tract 118.01" }, "geometry": { "type": "Polygon", "coordinates": [ [ [ -86.613, 37.1541 ], [ -86.6137, 37.1663 ], [ -86.6236, 37.1748 ], [ -86.6182, 37.1839 ], [ -86.6127, 37.1803 ], [ -86.595, 37.1851 ], [ -86.5887, 37.1789 ], [ -86.58, 37.1858 ], [ -86.5633, 37.1873 ], [ -86.5639, 37.1808 ], [ -86.5557, 37.1771 ], [ -86.541, 37.176 ], [ -86.5343, 37.1823 ], [ -86.5282, 37.1766 ], [ -86.5188, 37.186 ], [ -86.4958, 37.1906 ], [ -86.4652, 37.1521 ], [ -86.4477, 37.1518 ], [ -86.4388, 37.1666 ], [ -86.4081, 37.1514 ], [ -86.4127, 37.1378 ], [ -86.4229, 37.1352 ], [ -86.4243, 37.1085 ], [ -86.4476, 37.0886 ], [ -86.4416, 37.063 ], [ -86.4586, 37.067 ], [ -86.4577, 37.0749 ], [ -86.4781, 37.077 ], [ -86.4965, 37.0635 ], [ -86.4819, 37.0641 ], [ -86.4639, 37.0431 ], [ -86.5021, 37.04 ], [ -86.517, 37.0489 ], [ -86.5248, 37.0347 ], [ -86.5242, 36.9949 ], [ -86.538, 36.9969 ], [ -86.5577, 37.0232 ], [ -86.5785, 37.0355 ], [ -86.5981, 37.0583 ], [ -86.6135, 37.0638 ], [ -86.6228, 37.084 ], [ -86.6375, 37.0945 ], [ -86.613, 37.1541 ] ] ] } },
{ "type": "Feature", "properties": { "GEOIDFQ": "1400000US21227011702", "NAME": "117.02", "NAMELSAD": "Census Tract 117.02" }, "geometry": { "type": "Polygon", "coordinates": [ [ [ -86.4243, 37.1085 ], [ -86.4229, 37.1353 ], [ -86.4127, 37.1378 ], [ -86.4081, 37.1505 ], [ -86.4115, 37.1646 ], [ -86.3992, 37.1699 ], [ -86.2817, 37.0806 ], [ -86.2565, 37.0856 ], [ -86.2418, 37.097 ], [ -86.2186, 37.104 ], [ -86.2091, 37.0942 ], [ -86.3415, 37.0351 ], [ -86.348, 37.0436 ], [ -86.3868, 37.0527 ], [ -86.3982, 37.0622 ], [ -86.4404, 37.0717 ], [ -86.4479, 37.0872 ], [ -86.4243, 37.1085 ] ] ] } },
{ "type": "Feature", "properties": { "GEOIDFQ": "1400000US21227011802", "NAME": "118.02", "NAMELSAD": "Census Tract 118.02" }, "geometry": { "type": "Polygon", "coordinates": [ [ [ -86.6375, 37.0945 ], [ -86.6228, 37.084 ], [ -86.6135, 37.0638 ], [ -86.5981, 37.0583 ], [ -86.5785, 37.0355 ], [ -86.5577, 37.0232 ], [ -86.5379, 36.9968 ], [ -86.5547, 36.9962 ], [ -86.5418, 36.9776 ], [ -86.5458, 36.9536 ], [ -86.5622, 36.9548 ], [ -86.563, 36.9324 ], [ -86.5737, 36.9337 ], [ -86.5715, 36.9147 ], [ -86.5647, 36.9103 ], [ -86.6163, 36.8918 ], [ -86.6744, 36.9999 ], [ -86.6375, 37.0945 ] ] ] } },
{ "type": "Feature", "properties": { "GEOIDFQ": "1400000US21227011701", "NAME": "117.01", "NAMELSAD": "Census Tract 117.01" }, "geometry": { "type": "Polygon", "coordinates": [ [ [ -86.4399, 37.0718 ], [ -86.3984, 37.0622 ], [ -86.3868, 37.0527 ], [ -86.348, 37.0436 ], [ -86.3415, 37.0351 ], [ -86.31, 37.0513 ], [ -86.3078, 37.026 ], [ -86.3148, 37.0198 ], [ -86.3066, 37.0183 ], [ -86.3071, 37.0123 ], [ -86.3514, 37.0097 ], [ -86.3733, 37.0337 ], [ -86.3884, 37.0403 ], [ -86.3927, 37.034 ], [ -86.4091, 37.0378 ], [ -86.409, 37.047 ], [ -86.4374, 37.0456 ], [ -86.4399, 37.0718 ] ] ] } },
{ "type": "Feature", "properties": { "GEOIDFQ": "1400000US21227010805", "NAME": "108.05", "NAMELSAD": "Census Tract 108.05" }, "geometry": { "type": "Polygon", "coordinates": [ [ [ -86.4707, 36.9587 ], [ -86.453, 36.9545 ], [ -86.4491, 36.9291 ], [ -86.4343, 36.9195 ], [ -86.44, 36.9142 ], [ -86.4615, 36.9334 ], [ -86.4824, 36.9424 ], [ -86.4707, 36.9587 ] ] ] } },
{ "type": "Feature", "properties": { "GEOIDFQ": "1400000US21227010804", "NAME": "108.04", "NAMELSAD": "Census Tract 108.04" }, "geometry": { "type": "Polygon", "coordinates": [ [ [ -86.4545, 36.9606 ], [ -86.453, 36.9545 ], [ -86.462, 36.9531 ], [ -86.4706, 36.9588 ], [ -86.4545, 36.9606 ] ] ] } },
{ "type": "Feature", "properties": { "GEOIDFQ": "1400000US21073070704", "NAME": "707.04", "NAMELSAD": "Census Tract 707.04" }, "geometry": { "type": "Polygon", "coordinates": [ [ [ -84.8302, 38.1974 ], [ -84.8196, 38.1858 ], [ -84.8255, 38.174 ], [ -84.8336, 38.1716 ], [ -84.8437, 38.1911 ], [ -84.8302, 38.1974 ] ] ] } },
{ "type": "Feature", "properties": { "GEOIDFQ": "1400000US21073070706", "NAME": "707.06", "NAMELSAD": "Census Tract 707.06" }, "geometry": { "type": "Polygon", "coordinates": [ [ [ -84.82, 38.211 ], [ -84.8061, 38.2094 ], [ -84.824, 38.1913 ], [ -84.8363, 38.2059 ], [ -84.82, 38.211 ] ] ] } },
{ "type": "Feature", "properties": { "GEOIDFQ": "1400000US21073071101", "NAME": "711.01", "NAMELSAD": "Census Tract 711.01" }, "geometry": { "type": "Polygon", "coordinates": [ [ [ -84.9989, 38.275 ], [ -84.957, 38.3323 ], [ -84.9977, 38.3356 ], [ -84.9063, 38.3748 ], [ -84.8841, 38.3515 ], [ -84.8797, 38.3267 ], [ -84.8615, 38.3128 ], [ -84.8561, 38.3168 ], [ -84.8524, 38.3136 ], [ -84.8534, 38.3086 ], [ -84.8731, 38.3057 ], [ -84.882, 38.2984 ], [ -84.8784, 38.2883 ], [ -84.8642, 38.281 ], [ -84.8645, 38.2727 ], [ -84.9034, 38.2651 ], [ -84.8769, 38.2534 ], [ -84.8779, 38.2458 ], [ -84.8912, 38.2411 ], [ -84.8994, 38.2303 ], [ -84.8912, 38.2193 ], [ -84.8737, 38.2186 ], [ -84.8726, 38.2114 ], [ -84.8811, 38.2031 ], [ -84.8942, 38.2146 ], [ -84.9093, 38.209 ], [ -84.927, 38.2184 ], [ -84.9332, 38.207 ], [ -84.9459, 38.2137 ], [ -84.9781, 38.2114 ], [ -84.993, 38.2275 ], [ -85.001, 38.227 ], [ -84.9989, 38.275 ] ] ] } },
{ "type": "Feature", "properties": { "GEOIDFQ": "1400000US21073070801", "NAME": "708.01", "NAMELSAD": "Census Tract 708.01" }, "geometry": { "type": "Polygon", "coordinates": [ [ [ -84.8645, 38.2727 ], [ -84.8642, 38.281 ], [ -84.8784, 38.2883 ], [ -84.882, 38.2984 ], [ -84.8522, 38.3108 ], [ -84.8822, 38.3296 ], [ -84.882, 38.3566 ], [ -84.8384, 38.3569 ], [ -84.8271, 38.3482 ], [ -84.8088, 38.3493 ], [ -84.7932, 38.3385 ], [ -84.7406, 38.3524 ], [ -84.7379, 38.3091 ], [ -84.765, 38.2982 ], [ -84.763, 38.2865 ], [ -84.7698, 38.2804 ], [ -84.7826, 38.2913 ], [ -84.795, 38.2917 ], [ -84.7997, 38.2777 ], [ -84.8143, 38.2722 ], [ -84.812, 38.2544 ], [ -84.8418, 38.2455 ], [ -84.8553, 38.2232 ], [ -84.852, 38.218 ], [ -84.8926, 38.22 ], [ -84.8992, 38.2313 ], [ -84.8755, 38.2501 ], [ -84.9034, 38.2651 ], [ -84.8645, 38.2727 ] ] ] } },
{ "type": "Feature", "properties": { "GEOIDFQ": "1400000US21111009001", "NAME": "90.01", "NAMELSAD": "Census Tract 90.01" }, "geometry": { "type": "Polygon", "coordinates": [ [ [ -85.7647, 38.1711 ], [ -85.7648, 38.1643 ], [ -85.7792, 38.1616 ], [ -85.7812, 38.1698 ], [ -85.7647, 38.1711 ] ] ] } },
{ "type": "Feature", "properties": { "GEOIDFQ": "1400000US21111012605", "NAME": "126.05", "NAMELSAD": "Census Tract 126.05" }, "geometry": { "type": "Polygon", "coordinates": [ [ [ -85.8261, 38.2021 ], [ -85.8132, 38.2008 ], [ -85.8113, 38.2067 ], [ -85.8006, 38.2034 ], [ -85.808, 38.192 ], [ -85.8264, 38.1953 ], [ -85.8261, 38.2021 ] ] ] } },
{ "type": "Feature", "properties": { "GEOIDFQ": "1400000US21111011908", "NAME": "119.08", "NAMELSAD": "Census Tract 119.08" }, "geometry": { "type": "Polygon", "coordinates": [ [ [ -85.6894, 38.1286 ], [ -85.6899, 38.1122 ], [ -85.7015, 38.115 ], [ -85.7064, 38.1371 ], [ -85.6894, 38.1286 ] ] ] } },
{ "type": "Feature", "properties": { "GEOIDFQ": "1400000US21073070102", "NAME": "701.02", "NAMELSAD": "Census Tract 701.02" }, "geometry": { "type": "Polygon", "coordinates": [ [ [ -84.8417, 38.2455 ], [ -84.8213, 38.2422 ], [ -84.8226, 38.2188 ], [ -84.8512, 38.2159 ], [ -84.8554, 38.2229 ], [ -84.8417, 38.2455 ] ] ] } },
{ "type": "Feature", "properties": { "GEOIDFQ": "1400000US21073070101", "NAME": "701.01", "NAMELSAD": "Census Tract 701.01" }, "geometry": { "type": "Polygon", "coordinates": [ [ [ -84.8528, 38.2162 ], [ -84.8198, 38.2206 ], [ -84.82, 38.211 ], [ -84.8464, 38.2034 ], [ -84.846, 38.2089 ], [ -84.8578, 38.2061 ], [ -84.8528, 38.2162 ] ] ] } },
{ "type": "Feature", "properties": { "GEOIDFQ": "1400000US21015070607", "NAME": "706.07", "NAMELSAD": "Census Tract 706.07" }, "geometry": { "type": "Polygon", "coordinates": [ [ [ -84.6827, 38.9164 ], [ -84.642, 38.9063 ], [ -84.6289, 38.9176 ], [ -84.626, 38.8758 ], [ -84.6327, 38.8722 ], [ -84.6988, 38.8787 ], [ -84.6827, 38.9164 ] ] ] } },
{ "type": "Feature", "properties": { "GEOIDFQ": "1400000US21163970401", "NAME": "9704.01", "NAMELSAD": "Census Tract 9704.01" }, "geometry": { "type": "Polygon", "coordinates": [ [ [ -86.2407, 37.9439 ], [ -86.2315, 37.9615 ], [ -86.1907, 37.9908 ], [ -86.1537, 37.9797 ], [ -86.1191, 37.9561 ], [ -86.0701, 37.9401 ], [ -86.0853, 37.9344 ], [ -86.0913, 37.9249 ], [ -86.1053, 37.9302 ], [ -86.1289, 37.9184 ], [ -86.1332, 37.8874 ], [ -86.2149, 37.8834 ], [ -86.2429, 37.8771 ], [ -86.3055, 37.9184 ], [ -86.2407, 37.9439 ] ] ] } },
{ "type": "Feature", "properties": { "GEOIDFQ": "1400000US21163970301", "NAME": "9703.01", "NAMELSAD": "Census Tract 9703.01" }, "geometry": { "type": "Polygon", "coordinates": [ [ [ -86.1291, 37.9181 ], [ -86.1209, 37.9227 ], [ -86.105, 37.9302 ], [ -86.0913, 37.9249 ], [ -86.0853, 37.9344 ], [ -86.0701, 37.9401 ], [ -86.0524, 37.9314 ], [ -86.0567, 37.9125 ], [ -86.0398, 37.8935 ], [ -86.0622, 37.8822 ], [ -86.1331, 37.8874 ], [ -86.1291, 37.9181 ] ] ] } },
{ "type": "Feature", "properties": { "GEOIDFQ": "1400000US21111002401", "NAME": "24.01", "NAMELSAD": "Census Tract 24.01" }, "geometry": { "type": "Polygon", "coordinates": [ [ [ -85.7965, 38.2598 ], [ -85.7866, 38.2585 ], [ -85.7882, 38.2492 ], [ -85.7983, 38.2497 ], [ -85.7965, 38.2598 ] ] ] } },
{ "type": "Feature", "properties": { "GEOIDFQ": "1400000US21111009002", "NAME": "90.02", "NAMELSAD": "Census Tract 90.02" }, "geometry": { "type": "Polygon", "coordinates": [ [ [ -85.7792, 38.1616 ], [ -85.7648, 38.1658 ], [ -85.7598, 38.1616 ], [ -85.7717, 38.1487 ], [ -85.7844, 38.152 ], [ -85.7792, 38.1616 ] ] ] } },
{ "type": "Feature", "properties": { "GEOIDFQ": "1400000US21111005901", "NAME": "59.01", "NAMELSAD": "Census Tract 59.01" }, "geometry": { "type": "Polygon", "coordinates": [ [ [ -85.7506, 38.2509 ], [ -85.7403, 38.252 ], [ -85.7415, 38.2448 ], [ -85.7523, 38.2461 ], [ -85.7506, 38.2509 ] ] ] } },
{ "type": "Feature", "properties": { "GEOIDFQ": "1400000US21095970100", "NAME": "9701", "NAMELSAD": "Census Tract 9701" }, "geometry": { "type": "Polygon", "coordinates": [ [ [ -82.9643, 36.9841 ], [ -82.9579, 36.9734 ], [ -82.9162, 36.9796 ], [ -82.8916, 36.9716 ], [ -82.8692, 36.9723 ], [ -82.8661, 36.9586 ], [ -82.8558, 36.9539 ], [ -82.8623, 36.9413 ], [ -82.8577, 36.9287 ], [ -82.8756, 36.9111 ], [ -82.9023, 36.9172 ], [ -82.9249, 36.9384 ], [ -82.9293, 36.954 ], [ -82.9772, 36.9566 ], [ -82.986, 36.973 ], [ -82.9643, 36.9841 ] ] ] } },
{ "type": "Feature", "properties": { "GEOIDFQ": "1400000US21067004204", "NAME": "42.04", "NAMELSAD": "Census Tract 42.04" }, "geometry": { "type": "Polygon", "coordinates": [ [ [ -84.5441, 38.004 ], [ -84.5218, 37.9963 ], [ -84.5301, 37.9763 ], [ -84.5629, 37.9873 ], [ -84.5441, 38.004 ] ] ] } },
{ "type": "Feature", "properties": { "GEOIDFQ": "1400000US21067004205", "NAME": "42.05", "NAMELSAD": "Census Tract 42.05" }, "geometry": { "type": "Polygon", "coordinates": [ [ [ -84.5716, 38.0022 ], [ -84.5633, 37.987 ], [ -84.5707, 37.9776 ], [ -84.5923, 37.9869 ], [ -84.5716, 38.0022 ] ] ] } },
{ "type": "Feature", "properties": { "GEOIDFQ": "1400000US21193970400", "NAME": "9704", "NAMELSAD": "Census Tract 9704" }, "geometry": { "type": "Polygon", "coordinates": [ [ [ -83.2471, 37.3127 ], [ -83.2406, 37.3049 ], [ -83.2183, 37.3214 ], [ -83.1973, 37.3228 ], [ -83.1844, 37.3175 ], [ -83.1725, 37.3286 ], [ -83.1602, 37.3251 ], [ -83.1506, 37.3392 ], [ -83.1144, 37.3549 ], [ -83.1099, 37.3359 ], [ -83.1173, 37.3282 ], [ -83.1098, 37.3195 ], [ -83.1166, 37.3086 ], [ -83.1099, 37.3026 ], [ -83.1222, 37.2908 ], [ -83.1257, 37.2568 ], [ -83.1454, 37.2811 ], [ -83.172, 37.2789 ], [ -83.1785, 37.2886 ], [ -83.1924, 37.2825 ], [ -83.1845, 37.2673 ], [ -83.2009, 37.2656 ], [ -83.2185, 37.2871 ], [ -83.2375, 37.2928 ], [ -83.2487, 37.306 ], [ -83.2471, 37.3127 ] ] ] } },
{ "type": "Feature", "properties": { "GEOIDFQ": "1400000US21193970700", "NAME": "9707", "NAMELSAD": "Census Tract 9707" }, "geometry": { "type": "Polygon", "coordinates": [ [ [ -83.1339, 37.2151 ], [ -83.1182, 37.2241 ], [ -83.1157, 37.2333 ], [ -83.1104, 37.2353 ], [ -83.1107, 37.2308 ], [ -83.083, 37.2428 ], [ -83.0825, 37.2477 ], [ -83.0704, 37.2485 ], [ -83.0674, 37.2313 ], [ -83.0539, 37.2154 ], [ -83.0332, 37.217 ], [ -83.0297, 37.2084 ], [ -83.0063, 37.2059 ], [ -83.0001, 37.1957 ], [ -83.0162, 37.1777 ], [ -83.0278, 37.1778 ], [ -83.0368, 37.1857 ], [ -83.0636, 37.1811 ], [ -83.0622, 37.1881 ], [ -83.0738, 37.1901 ], [ -83.0759, 37.1834 ], [ -83.0849, 37.1818 ], [ -83.0878, 37.1869 ], [ -83.0965, 37.1859 ], [ -83.0977, 37.1932 ], [ -83.1357, 37.2042 ], [ -83.1339, 37.2151 ] ] ] } },
{ "type": "Feature", "properties": { "GEOIDFQ": "1400000US21193970900", "NAME": "9709", "NAMELSAD": "Census Tract 9709" }, "geometry": { "type": "Polygon", "coordinates": [ [ [ -83.1783, 37.0384 ], [ -83.1789, 37.0616 ], [ -83.1657, 37.0674 ], [ -83.1644, 37.0739 ], [ -83.1767, 37.081 ], [ -83.1713, 37.0913 ], [ -83.1602, 37.0936 ], [ -83.1532, 37.1041 ], [ -83.1369, 37.1076 ], [ -83.1301, 37.1039 ], [ -83.119, 37.1095 ], [ -83.1248, 37.1208 ], [ -83.1202, 37.1276 ], [ -83.1074, 37.1264 ], [ -83.0977, 37.1355 ], [ -83.0839, 37.1293 ], [ -83.0744, 37.1458 ], [ -83.0504, 37.1592 ], [ -83.0496, 37.1693 ], [ -83.0433, 37.1664 ], [ -83.0356, 37.1572 ], [ -83.0614, 37.1176 ], [ -83.0548, 37.1039 ], [ -83.0469, 37.1026 ], [ -83.0517, 37.0962 ], [ -83.0403, 37.0787 ], [ -83.0469, 37.0693 ], [ -83.0428, 37.062 ], [ -83.0576, 37.0621 ], [ -83.062, 37.0518 ], [ -83.0735, 37.0473 ], [ -83.0521, 37.035 ], [ -83.0495, 37.0294 ], [ -83.0582, 37.025 ], [ -83.0548, 37.0178 ], [ -83.11, 36.9919 ], [ -83.1242, 37.0057 ], [ -83.137, 37.0041 ], [ -83.1442, 37.0137 ], [ -83.1601, 37.0139 ], [ -83.1608, 37.0207 ], [ -83.1738, 37.0171 ], [ -83.1851, 37.0211 ], [ -83.1869, 37.0344 ], [ -83.1783, 37.0384 ] ] ] } },
{ "type": "Feature", "properties": { "GEOIDFQ": "1400000US21193970300", "NAME": "9703", "NAMELSAD": "Census Tract 9703" }, "geometry": { "type": "Polygon", "coordinates": [ [ [ -83.2147, 37.4435 ], [ -83.1956, 37.4122 ], [ -83.1243, 37.405 ], [ -83.1144, 37.3549 ], [ -83.1506, 37.3392 ], [ -83.1602, 37.3251 ], [ -83.173, 37.3283 ], [ -83.1829, 37.3177 ], [ -83.1973, 37.3228 ], [ -83.2299, 37.3196 ], [ -83.2362, 37.3351 ], [ -83.2579, 37.3562 ], [ -83.25, 37.3655 ], [ -83.2741, 37.393 ], [ -83.2147, 37.4435 ] ] ] } },
{ "type": "Feature", "properties": { "GEOIDFQ": "1400000US21193970800", "NAME": "9708", "NAMELSAD": "Census Tract 9708" }, "geometry": { "type": "Polygon", "coordinates": [ [ [ -83.2182, 37.1441 ], [ -83.2268, 37.1508 ], [ -83.2231, 37.1585 ], [ -83.2145, 37.1576 ], [ -83.2122, 37.1649 ], [ -83.2019, 37.1667 ], [ -83.1989, 37.1784 ], [ -83.1789, 37.1824 ], [ -83.1815, 37.1934 ], [ -83.1965, 37.2031 ], [ -83.1915, 37.2111 ], [ -83.162, 37.2276 ], [ -83.1495, 37.2143 ], [ -83.1377, 37.2195 ], [ -83.1357, 37.2042 ], [ -83.0977, 37.1932 ], [ -83.0964, 37.1858 ], [ -83.0837, 37.1819 ], [ -83.0742, 37.19 ], [ -83.0652, 37.1893 ], [ -83.0636, 37.1811 ], [ -83.0368, 37.1857 ], [ -83.0211, 37.1781 ], [ -83.037, 37.1654 ], [ -83.0496, 37.1693 ], [ -83.0504, 37.1592 ], [ -83.0744, 37.1458 ], [ -83.0828, 37.1299 ], [ -83.0977, 37.1355 ], [ -83.1074, 37.1264 ], [ -83.1202, 37.1276 ], [ -83.1248, 37.1208 ], [ -83.119, 37.1095 ], [ -83.1301, 37.1039 ], [ -83.1369, 37.1076 ], [ -83.1532, 37.1041 ], [ -83.1604, 37.0934 ], [ -83.1844, 37.1123 ], [ -83.1952, 37.1093 ], [ -83.2056, 37.1291 ], [ -83.2274, 37.138 ], [ -83.2182, 37.1441 ] ] ] } },
{ "type": "Feature", "properties": { "GEOIDFQ": "1400000US21143980100", "NAME": "9801", "NAMELSAD": "Census Tract 9801" }, "geometry": { "type": "Polygon", "coordinates": [ [ [ -88.2092, 37.0 ], [ -88.222, 37.0194 ], [ -88.181, 36.9938 ], [ -88.1579, 36.9941 ], [ -88.1412, 37.0077 ], [ -88.1323, 37.031 ], [ -88.1149, 37.0479 ], [ -88.0801, 37.0473 ], [ -88.0759, 37.0328 ], [ -88.0492, 37.003 ], [ -88.005, 36.9095 ], [ -88.1573, 36.8672 ], [ -88.1803, 36.9008 ], [ -88.1894, 36.9355 ], [ -88.2404, 36.9819 ], [ -88.2092, 37.0 ] ] ] } },
{ "type": "Feature", "properties": { "GEOIDFQ": "1400000US21203950201", "NAME": "9502.01", "NAMELSAD": "Census Tract 9502.01" }, "geometry": { "type": "Polygon", "coordinates": [ [ [ -84.4467, 37.4859 ], [ -84.3744, 37.4727 ], [ -84.3687, 37.4637 ], [ -84.3798, 37.442 ], [ -84.368, 37.4225 ], [ -84.3765, 37.4165 ], [ -84.3707, 37.4025 ], [ -84.374, 37.3842 ], [ -84.3829, 37.3812 ], [ -84.3638, 37.3579 ], [ -84.3722, 37.3499 ], [ -84.4138, 37.3763 ], [ -84.4226, 37.3907 ], [ -84.4484, 37.3924 ], [ -84.4662, 37.3829 ], [ -84.4838, 37.3834 ], [ -84.4467, 37.4859 ] ] ] } },
{ "type": "Feature", "properties": { "GEOIDFQ": "1400000US21203950202", "NAME": "9502.02", "NAMELSAD": "Census Tract 9502.02" }, "geometry": { "type": "Polygon", "coordinates": [ [ [ -84.3758, 37.3808 ], [ -84.3707, 37.4024 ], [ -84.3765, 37.4165 ], [ -84.368, 37.4226 ], [ -84.3799, 37.4431 ], [ -84.3697, 37.4611 ], [ -84.3425, 37.4342 ], [ -84.3341, 37.3812 ], [ -84.3085, 37.3604 ], [ -84.3077, 37.3404 ], [ -84.2929, 37.3162 ], [ -84.3052, 37.3098 ], [ -84.3085, 37.2911 ], [ -84.3227, 37.2969 ], [ -84.3187, 37.3172 ], [ -84.3352, 37.3343 ], [ -84.3582, 37.3508 ], [ -84.3722, 37.3499 ], [ -84.3638, 37.3579 ], [ -84.3822, 37.3809 ], [ -84.3758, 37.3808 ] ] ] } },
{ "type": "Feature", "properties": { "GEOIDFQ": "1400000US21095970700", "NAME": "9707", "NAMELSAD": "Census Tract 9707" }, "geometry": { "type": "Polygon", "coordinates": [ [ [ -83.3673, 36.8809 ], [ -83.3458, 36.8948 ], [ -83.3107, 36.8983 ], [ -83.2872, 36.9073 ], [ -83.277, 36.8933 ], [ -83.3406, 36.8527 ], [ -83.3333, 36.8507 ], [ -83.3346, 36.8457 ], [ -83.3445, 36.8424 ], [ -83.3545, 36.8278 ], [ -83.3644, 36.8355 ], [ -83.3644, 36.84 ], [ -83.3707, 36.8449 ], [ -83.3713, 36.8402 ], [ -83.389, 36.8462 ], [ -83.401, 36.8417 ], [ -83.4082, 36.8667 ], [ -83.4155, 36.8704 ], [ -83.3673, 36.8809 ] ] ] } },
{ "type": "Feature", "properties": { "GEOIDFQ": "1400000US21095970500", "NAME": "9705", "NAMELSAD": "Census Tract 9705" }, "geometry": { "type": "Polygon", "coordinates": [ [ [ -83.4929, 36.8937 ], [ -83.4769, 36.8966 ], [ -83.4575, 36.8832 ], [ -83.4518, 36.8922 ], [ -83.4086, 36.8902 ], [ -83.3961, 36.8991 ], [ -83.3997, 36.921 ], [ -83.2917, 36.9522 ], [ -83.26, 36.969 ], [ -83.2259, 37.0057 ], [ -83.2033, 37.0037 ], [ -83.1979, 37.0122 ], [ -83.1858, 37.0061 ], [ -83.182, 37.0212 ], [ -83.1738, 37.0171 ], [ -83.1608, 37.0207 ], [ -83.1601, 37.0139 ], [ -83.1444, 37.0137 ], [ -83.1415, 37.0058 ], [ -83.1227, 37.0042 ], [ -83.1262, 36.9916 ], [ -83.1479, 36.9842 ], [ -83.154, 36.9576 ], [ -83.1467, 36.955 ], [ -83.1528, 36.9512 ], [ -83.1978, 36.931 ], [ -83.2563, 36.9181 ], [ -83.3107, 36.8983 ], [ -83.3458, 36.8948 ], [ -83.3673, 36.8809 ], [ -83.4281, 36.8671 ], [ -83.4907, 36.8367 ], [ -83.4817, 36.8491 ], [ -83.4939, 36.8635 ], [ -83.4929, 36.8937 ] ] ] } },
{ "type": "Feature", "properties": { "GEOIDFQ": "1400000US21095970600", "NAME": "9706", "NAMELSAD": "Census Tract 9706" }, "geometry": { "type": "Polygon", "coordinates": [ [ [ -83.4907, 36.8367 ], [ -83.4155, 36.8704 ], [ -83.4082, 36.8667 ], [ -83.401, 36.8417 ], [ -83.389, 36.8462 ], [ -83.3713, 36.8402 ], [ -83.3707, 36.8449 ], [ -83.3545, 36.8278 ], [ -83.3743, 36.7829 ], [ -83.3614, 36.7697 ], [ -83.3815, 36.7436 ], [ -83.4023, 36.7472 ], [ -83.4245, 36.7709 ], [ -83.4513, 36.7729 ], [ -83.4724, 36.7859 ], [ -83.4939, 36.7861 ], [ -83.5117, 36.8074 ], [ -83.4907, 36.8367 ] ] ] } },
{ "type": "Feature", "properties": { "GEOIDFQ": "1400000US21095970400", "NAME": "9704", "NAMELSAD": "Census Tract 9704" }, "geometry": { "type": "Polygon", "coordinates": [ [ [ -83.1978, 36.931 ], [ -83.1397, 36.9579 ], [ -83.0996, 36.9687 ], [ -83.091, 36.9627 ], [ -83.0884, 36.9498 ], [ -83.0965, 36.9315 ], [ -83.1281, 36.9231 ], [ -83.1687, 36.9012 ], [ -83.1751, 36.9046 ], [ -83.1956, 36.8971 ], [ -83.2221, 36.8825 ], [ -83.2454, 36.8813 ], [ -83.2692, 36.8719 ], [ -83.2868, 36.9074 ], [ -83.1978, 36.931 ] ] ] } },
{ "type": "Feature", "properties": { "GEOIDFQ": "1400000US21095971000", "NAME": "9710", "NAMELSAD": "Census Tract 9710" }, "geometry": { "type": "Polygon", "coordinates": [ [ [ -83.2876, 36.8743 ], [ -83.2746, 36.8686 ], [ -83.2454, 36.8813 ], [ -83.2221, 36.8825 ], [ -83.1751, 36.9046 ], [ -83.1661, 36.9023 ], [ -83.1702, 36.8782 ], [ -83.163, 36.8772 ], [ -83.1644, 36.8684 ], [ -83.138, 36.8719 ], [ -83.1294, 36.8784 ], [ -83.1029, 36.868 ], [ -83.0834, 36.8707 ], [ -83.0742, 36.8668 ], [ -83.0743, 36.8431 ], [ -83.102, 36.828 ], [ -83.1157, 36.8342 ], [ -83.133, 36.8229 ], [ -83.1447, 36.8246 ], [ -83.1451, 36.82 ], [ -83.1606, 36.8337 ], [ -83.1689, 36.8243 ], [ -83.1835, 36.821 ], [ -83.2157, 36.8228 ], [ -83.2314, 36.8329 ], [ -83.2517, 36.8326 ], [ -83.2643, 36.8561 ], [ -83.2807, 36.8578 ], [ -83.2876, 36.8743 ] ] ] } },
{ "type": "Feature", "properties": { "GEOIDFQ": "1400000US21095970900", "NAME": "9709", "NAMELSAD": "Census Tract 9709" }, "geometry": { "type": "Polygon", "coordinates": [ [ [ -83.3614, 36.7697 ], [ -83.374, 36.7816 ], [ -83.3724, 36.7979 ], [ -83.359, 36.8083 ], [ -83.3445, 36.8424 ], [ -83.3203, 36.8445 ], [ -83.2886, 36.8629 ], [ -83.2643, 36.8561 ], [ -83.2538, 36.8356 ], [ -83.2722, 36.8233 ], [ -83.273, 36.8065 ], [ -83.2661, 36.7941 ], [ -83.2479, 36.7896 ], [ -83.2974, 36.766 ], [ -83.3018, 36.7419 ], [ -83.3222, 36.7432 ], [ -83.3275, 36.7344 ], [ -83.3458, 36.7351 ], [ -83.3784, 36.7244 ], [ -83.3836, 36.7365 ], [ -83.3614, 36.7697 ] ] ] } },
{ "type": "Feature", "properties": { "GEOIDFQ": "1400000US21095970300", "NAME": "9703", "NAMELSAD": "Census Tract 9703" }, "geometry": { "type": "Polygon", "coordinates": [ [ [ -83.1636, 36.9077 ], [ -83.1185, 36.9264 ], [ -83.0989, 36.9325 ], [ -83.0931, 36.9275 ], [ -83.0462, 36.9461 ], [ -83.0231, 36.9399 ], [ -83.0224, 36.9245 ], [ -83.0092, 36.9215 ], [ -83.0076, 36.9132 ], [ -82.9939, 36.9164 ], [ -82.9903, 36.9118 ], [ -82.9701, 36.9118 ], [ -82.9661, 36.9011 ], [ -82.9271, 36.9016 ], [ -82.9235, 36.912 ], [ -82.9063, 36.9192 ], [ -82.8738, 36.9123 ], [ -82.8774, 36.9081 ], [ -82.868, 36.9 ], [ -82.9078, 36.8748 ], [ -82.9708, 36.8576 ], [ -82.9896, 36.859 ], [ -83.0124, 36.8469 ], [ -83.0266, 36.8556 ], [ -83.0669, 36.8519 ], [ -83.0761, 36.8595 ], [ -83.0742, 36.8668 ], [ -83.0844, 36.8709 ], [ -83.1029, 36.868 ], [ -83.1294, 36.8784 ], [ -83.138, 36.8719 ], [ -83.1644, 36.8684 ], [ -83.163, 36.8772 ], [ -83.1702, 36.8782 ], [ -83.1636, 36.9077 ] ] ] } },
{ "type": "Feature", "properties": { "GEOIDFQ": "1400000US21175950100", "NAME": "9501", "NAMELSAD": "Census Tract 9501" }, "geometry": { "type": "Polygon", "coordinates": [ [ [ -83.2324, 37.9983 ], [ -83.222, 38.0033 ], [ -83.2254, 38.0145 ], [ -83.2124, 38.0271 ], [ -83.1944, 38.0106 ], [ -83.174, 38.0171 ], [ -83.1596, 38.0081 ], [ -83.152, 38.0104 ], [ -83.1432, 37.9965 ], [ -83.1359, 38.0044 ], [ -83.1098, 38.0039 ], [ -83.0894, 38.0104 ], [ -83.0735, 38.0015 ], [ -83.0592, 38.0062 ], [ -83.0479, 37.9967 ], [ -83.0241, 38.0096 ], [ -83.0221, 37.982 ], [ -83.014, 37.9796 ], [ -83.0092, 37.9682 ], [ -82.9871, 37.9624 ], [ -82.9805, 37.9483 ], [ -82.9851, 37.9428 ], [ -82.9684, 37.924 ], [ -82.9732, 37.9142 ], [ -82.9615, 37.9128 ], [ -82.9614, 37.8938 ], [ -82.9866, 37.8984 ], [ -82.9838, 37.8757 ], [ -83.0046, 37.8592 ], [ -83.0242, 37.8655 ], [ -83.0224, 37.8751 ], [ -83.0346, 37.8864 ], [ -83.0446, 37.8783 ], [ -83.0423, 37.8724 ], [ -83.0568, 37.8702 ], [ -83.0666, 37.8713 ], [ -83.0746, 37.8836 ], [ -83.0887, 37.8901 ], [ -83.1293, 37.8944 ], [ -83.1133, 37.8641 ], [ -83.1556, 37.8416 ], [ -83.1478, 37.8502 ], [ -83.1579, 37.8513 ], [ -83.1627, 37.8712 ], [ -83.1927, 37.8773 ], [ -83.2033, 37.8872 ], [ -83.2003, 37.9007 ], [ -83.1844, 37.9042 ], [ -83.1883, 37.9149 ], [ -83.1793, 37.9256 ], [ -83.1911, 37.9475 ], [ -83.2046, 37.9551 ], [ -83.2181, 37.9496 ], [ -83.2246, 37.957 ], [ -83.2293, 37.9488 ], [ -83.2408, 37.9599 ], [ -83.2324, 37.9983 ] ] ] } },
{ "type": "Feature", "properties": { "GEOIDFQ": "1400000US21047201301", "NAME": "2013.01", "NAMELSAD": "Census Tract 2013.01" }, "geometry": { "type": "Polygon", "coordinates": [ [ [ -87.4733, 36.7944 ], [ -87.4512, 36.7986 ], [ -87.4403, 36.7938 ], [ -87.4291, 36.8062 ], [ -87.433, 36.8166 ], [ -87.4268, 36.8235 ], [ -87.4157, 36.8163 ], [ -87.4099, 36.8286 ], [ -87.4187, 36.8473 ], [ -87.4149, 36.855 ], [ -87.3, 36.8469 ], [ -87.336, 36.6417 ], [ -87.3559, 36.6415 ], [ -87.3764, 36.6501 ], [ -87.3798, 36.6614 ], [ -87.369, 36.6569 ], [ -87.3951, 36.6774 ], [ -87.455, 36.7029 ], [ -87.4733, 36.7944 ] ] ] } },
{ "type": "Feature", "properties": { "GEOIDFQ": "1400000US21055930200", "NAME": "9302", "NAMELSAD": "Census Tract 9302" }, "geometry": { "type": "Polygon", "coordinates": [ [ [ -88.1192, 37.327 ], [ -88.1534, 37.3587 ], [ -88.1471, 37.3766 ], [ -88.1526, 37.3815 ], [ -88.1422, 37.3906 ], [ -88.1288, 37.3846 ], [ -88.1287, 37.3923 ], [ -88.1081, 37.3963 ], [ -88.0957, 37.4076 ], [ -88.069, 37.3851 ], [ -88.0648, 37.3918 ], [ -88.0536, 37.3921 ], [ -88.0526, 37.3873 ], [ -88.0271, 37.3817 ], [ -88.0447, 37.3608 ], [ -88.035, 37.3491 ], [ -88.0429, 37.3372 ], [ -88.0208, 37.3394 ], [ -88.0249, 37.3261 ], [ -88.0355, 37.3211 ], [ -88.0413, 37.3259 ], [ -88.0465, 37.3185 ], [ -88.0453, 37.3037 ], [ -88.0361, 37.2946 ], [ -88.0816, 37.2888 ], [ -88.1173, 37.2999 ], [ -88.1365, 37.2904 ], [ -88.1515, 37.2946 ], [ -88.1546, 37.3148 ], [ -88.1192, 37.327 ] ] ] } },
{ "type": "Feature", "properties": { "GEOIDFQ": "1400000US21055930100", "NAME": "9301", "NAMELSAD": "Census Tract 9301" }, "geometry": { "type": "Polygon", "coordinates": [ [ [ -88.0887, 37.2906 ], [ -88.0574, 37.2889 ], [ -88.0502, 37.2954 ], [ -88.0361, 37.2946 ], [ -88.0453, 37.3037 ], [ -88.0465, 37.3185 ], [ -88.0421, 37.3256 ], [ -88.0355, 37.3211 ], [ -88.0216, 37.3315 ], [ -88.0208, 37.3394 ], [ -88.0429, 37.3372 ], [ -88.0447, 37.3412 ], [ -88.035, 37.3491 ], [ -88.0447, 37.3608 ], [ -88.0271, 37.3817 ], [ -88.0526, 37.3873 ], [ -88.0536, 37.3921 ], [ -88.0648, 37.3918 ], [ -88.069, 37.3851 ], [ -88.0831, 37.3978 ], [ -88.075, 37.4006 ], [ -88.062, 37.4253 ], [ -88.0484, 37.4201 ], [ -88.0436, 37.4236 ], [ -88.0643, 37.4567 ], [ -88.0622, 37.4663 ], [ -88.0715, 37.4669 ], [ -88.0795, 37.4758 ], [ -88.0475, 37.5183 ], [ -88.0386, 37.5133 ], [ -88.0307, 37.5166 ], [ -88.0204, 37.5299 ], [ -88.0197, 37.5452 ], [ -88.0037, 37.5464 ], [ -87.9975, 37.5067 ], [ -87.9817, 37.4937 ], [ -87.9735, 37.5006 ], [ -87.9659, 37.4861 ], [ -87.9828, 37.4742 ], [ -87.971, 37.4699 ], [ -87.9538, 37.4793 ], [ -87.9316, 37.4785 ], [ -87.944, 37.4652 ], [ -87.93, 37.4092 ], [ -87.9161, 37.4073 ], [ -87.9135, 37.4113 ], [ -87.9154, 37.4044 ], [ -87.9023, 37.3983 ], [ -87.8973, 37.4036 ], [ -87.869, 37.4051 ], [ -87.8613, 37.4097 ], [ -87.8658, 37.4172 ], [ -87.8565, 37.4144 ], [ -87.847, 37.4208 ], [ -87.8446, 37.3946 ], [ -87.8597, 37.3924 ], [ -87.8551, 37.3893 ], [ -87.8597, 37.3801 ], [ -87.843, 37.3745 ], [ -87.8185, 37.3882 ], [ -87.8103, 37.3764 ], [ -87.8058, 37.3823 ], [ -87.8008, 37.3801 ], [ -88.0525, 37.2377 ], [ -88.0532, 37.2289 ], [ -88.0749, 37.2273 ], [ -88.0849, 37.2342 ], [ -88.0856, 37.258 ], [ -88.0905, 37.2579 ], [ -88.084, 37.2721 ], [ -88.0919, 37.2817 ], [ -88.0887, 37.2906 ] ] ] } },
{ "type": "Feature", "properties": { "GEOIDFQ": "1400000US21055930400", "NAME": "9304", "NAMELSAD": "Census Tract 9304" }, "geometry": { "type": "Polygon", "coordinates": [ [ [ -88.2982, 37.3676 ], [ -88.2745, 37.3563 ], [ -88.2216, 37.3503 ], [ -88.1961, 37.3311 ], [ -88.1731, 37.3311 ], [ -88.1636, 37.317 ], [ -88.155, 37.3147 ], [ -88.1509, 37.2938 ], [ -88.1327, 37.2903 ], [ -88.1173, 37.2999 ], [ -88.0887, 37.2906 ], [ -88.087, 37.2407 ], [ -88.0749, 37.2273 ], [ -88.09, 37.2213 ], [ -88.0805, 37.2121 ], [ -88.0901, 37.202 ], [ -88.0828, 37.1854 ], [ -88.0888, 37.1794 ], [ -88.1018, 37.1795 ], [ -88.1013, 37.1697 ], [ -88.1177, 37.155 ], [ -88.1266, 37.1535 ], [ -88.1313, 37.1585 ], [ -88.1366, 37.1483 ], [ -88.1324, 37.1453 ], [ -88.1418, 37.1481 ], [ -88.1442, 37.1546 ], [ -88.1479, 37.1463 ], [ -88.1524, 37.1499 ], [ -88.1635, 37.1431 ], [ -88.1606, 37.1321 ], [ -88.1829, 37.1261 ], [ -88.1824, 37.1336 ], [ -88.1973, 37.1316 ], [ -88.1873, 37.1545 ], [ -88.1899, 37.1664 ], [ -88.2203, 37.183 ], [ -88.1961, 37.2196 ], [ -88.2053, 37.2266 ], [ -88.2006, 37.2345 ], [ -88.219, 37.2731 ], [ -88.2965, 37.3372 ], [ -88.294, 37.3495 ], [ -88.3049, 37.3623 ], [ -88.2982, 37.3676 ] ] ] } },
{ "type": "Feature", "properties": { "GEOIDFQ": "1400000US21055930300", "NAME": "9303", "NAMELSAD": "Census Tract 9303" }, "geometry": { "type": "Polygon", "coordinates": [ [ [ -88.3236, 37.434 ], [ -88.2816, 37.4527 ], [ -88.0795, 37.4758 ], [ -88.0715, 37.4669 ], [ -88.0622, 37.4663 ], [ -88.0643, 37.4567 ], [ -88.0436, 37.4236 ], [ -88.0484, 37.4201 ], [ -88.062, 37.4253 ], [ -88.0756, 37.4002 ], [ -88.0831, 37.3978 ], [ -88.0957, 37.4076 ], [ -88.1081, 37.3963 ], [ -88.1287, 37.3923 ], [ -88.1288, 37.3846 ], [ -88.1415, 37.3908 ], [ -88.1519, 37.3825 ], [ -88.1471, 37.376 ], [ -88.1534, 37.3587 ], [ -88.1192, 37.327 ], [ -88.1575, 37.3145 ], [ -88.1731, 37.3311 ], [ -88.1961, 37.3311 ], [ -88.218, 37.3491 ], [ -88.2745, 37.3563 ], [ -88.3091, 37.3676 ], [ -88.2994, 37.3719 ], [ -88.2989, 37.3797 ], [ -88.313, 37.3811 ], [ -88.3079, 37.3868 ], [ -88.3179, 37.3979 ], [ -88.3229, 37.3938 ], [ -88.3281, 37.3997 ], [ -88.3325, 37.3944 ], [ -88.3556, 37.3972 ], [ -88.3577, 37.4053 ], [ -88.3236, 37.434 ] ] ] } },
{ "type": "Feature", "properties": { "GEOIDFQ": "1400000US21175950300", "NAME": "9503", "NAMELSAD": "Census Tract 9503" }, "geometry": { "type": "Polygon", "coordinates": [ [ [ -83.4991, 37.8745 ], [ -83.496, 37.8906 ], [ -83.4443, 37.9425 ], [ -83.4409, 37.9724 ], [ -83.4185, 37.9796 ], [ -83.4057, 37.9734 ], [ -83.3733, 37.9727 ], [ -83.3675, 37.9515 ], [ -83.3572, 37.9614 ], [ -83.3529, 37.9547 ], [ -83.3389, 37.9545 ], [ -83.3609, 37.9416 ], [ -83.3439, 37.9323 ], [ -83.3471, 37.9209 ], [ -83.3419, 37.9147 ], [ -83.3214, 37.9442 ], [ -83.3105, 37.9471 ], [ -83.3105, 37.9287 ], [ -83.2968, 37.9187 ], [ -83.3004, 37.9133 ], [ -83.287, 37.8961 ], [ -83.3041, 37.869 ], [ -83.3693, 37.8656 ], [ -83.3851, 37.8321 ], [ -83.406, 37.8148 ], [ -83.4331, 37.8192 ], [ -83.4425, 37.8268 ], [ -83.4411, 37.835 ], [ -83.4524, 37.8363 ], [ -83.4553, 37.8427 ], [ -83.4805, 37.8404 ], [ -83.4842, 37.8515 ], [ -83.4781, 37.8518 ], [ -83.5066, 37.8695 ], [ -83.4991, 37.8745 ] ] ] } },
{ "type": "Feature", "properties": { "GEOIDFQ": "1400000US21175950200", "NAME": "9502", "NAMELSAD": "Census Tract 9502" }, "geometry": { "type": "Polygon", "coordinates": [ [ [ -83.4322, 38.0384 ], [ -83.4389, 38.0406 ], [ -83.4169, 38.048 ], [ -83.4089, 38.0392 ], [ -83.4064, 38.045 ], [ -83.3987, 38.0389 ], [ -83.3899, 38.0546 ], [ -83.3805, 38.0515 ], [ -83.381, 38.0621 ], [ -83.3712, 38.0598 ], [ -83.3714, 38.0696 ], [ -83.3513, 38.0649 ], [ -83.3427, 38.0695 ], [ -83.3374, 38.0882 ], [ -83.3326, 38.0841 ], [ -83.3036, 38.0899 ], [ -83.2993, 38.0997 ], [ -83.2633, 38.1154 ], [ -83.2707, 38.1062 ], [ -83.2611, 38.1007 ], [ -83.2705, 38.0747 ], [ -83.2677, 38.059 ], [ -83.2501, 38.0502 ], [ -83.2328, 38.0519 ], [ -83.2226, 38.0437 ], [ -83.2215, 38.0274 ], [ -83.2124, 38.0271 ], [ -83.2254, 38.0145 ], [ -83.222, 38.0033 ], [ -83.2324, 37.9983 ], [ -83.2446, 37.9509 ], [ -83.255, 37.9593 ], [ -83.2726, 37.9548 ], [ -83.2807, 37.9589 ], [ -83.2839, 37.9418 ], [ -83.3005, 37.9454 ], [ -83.3122, 37.9355 ], [ -83.3092, 37.9459 ], [ -83.317, 37.9466 ], [ -83.3419, 37.9147 ], [ -83.3471, 37.9209 ], [ -83.3439, 37.9323 ], [ -83.3609, 37.9416 ], [ -83.3389, 37.9545 ], [ -83.3529, 37.9547 ], [ -83.3572, 37.9614 ], [ -83.3675, 37.9515 ], [ -83.3733, 37.9727 ], [ -83.4057, 37.9734 ], [ -83.4185, 37.9796 ], [ -83.4409, 37.9724 ], [ -83.4322, 38.0384 ] ] ] } },
{ "type": "Feature", "properties": { "GEOIDFQ": "1400000US21175950500", "NAME": "9505", "NAMELSAD": "Census Tract 9505" }, "geometry": { "type": "Polygon", "coordinates": [ [ [ -83.3851, 37.8321 ], [ -83.3693, 37.8656 ], [ -83.3041, 37.869 ], [ -83.2853, 37.8975 ], [ -83.2638, 37.8844 ], [ -83.2503, 37.855 ], [ -83.2596, 37.8509 ], [ -83.2498, 37.8262 ], [ -83.2061, 37.8385 ], [ -83.23, 37.7995 ], [ -83.2243, 37.7906 ], [ -83.2332, 37.7922 ], [ -83.2707, 37.7691 ], [ -83.2425, 37.7405 ], [ -83.2516, 37.7347 ], [ -83.2531, 37.7248 ], [ -83.261, 37.7257 ], [ -83.2622, 37.7127 ], [ -83.2812, 37.7189 ], [ -83.2871, 37.7423 ], [ -83.3054, 37.7426 ], [ -83.334, 37.7583 ], [ -83.3248, 37.7778 ], [ -83.3298, 37.7835 ], [ -83.3359, 37.7788 ], [ -83.3645, 37.8026 ], [ -83.3876, 37.8004 ], [ -83.386, 37.8134 ], [ -83.406, 37.8148 ], [ -83.3851, 37.8321 ] ] ] } },
{ "type": "Feature", "properties": { "GEOIDFQ": "1400000US21175950400", "NAME": "9504", "NAMELSAD": "Census Tract 9504" }, "geometry": { "type": "Polygon", "coordinates": [ [ [ -83.3005, 37.9454 ], [ -83.2839, 37.9418 ], [ -83.2807, 37.9589 ], [ -83.2726, 37.9548 ], [ -83.2548, 37.9592 ], [ -83.2471, 37.9503 ], [ -83.2392, 37.9599 ], [ -83.2288, 37.9488 ], [ -83.2252, 37.957 ], [ -83.2156, 37.9493 ], [ -83.2046, 37.9551 ], [ -83.1873, 37.9417 ], [ -83.1794, 37.9263 ], [ -83.1883, 37.9149 ], [ -83.1844, 37.9042 ], [ -83.2003, 37.9007 ], [ -83.2033, 37.8872 ], [ -83.1927, 37.8773 ], [ -83.1629, 37.8713 ], [ -83.1579, 37.8513 ], [ -83.1478, 37.8499 ], [ -83.1739, 37.8319 ], [ -83.1817, 37.8195 ], [ -83.2078, 37.8191 ], [ -83.2243, 37.7906 ], [ -83.23, 37.7995 ], [ -83.2067, 37.8405 ], [ -83.2498, 37.8262 ], [ -83.2596, 37.8509 ], [ -83.2503, 37.855 ], [ -83.2639, 37.8847 ], [ -83.2785, 37.8968 ], [ -83.2929, 37.8985 ], [ -83.3004, 37.9134 ], [ -83.2966, 37.9184 ], [ -83.3033, 37.9192 ], [ -83.3107, 37.9362 ], [ -83.3005, 37.9454 ] ] ] } },
{ "type": "Feature", "properties": { "GEOIDFQ": "1400000US21167960300", "NAME": "9603", "NAMELSAD": "Census Tract 9603" }, "geometry": { "type": "Polygon", "coordinates": [ [ [ -85.0158, 37.7405 ], [ -84.9996, 37.7427 ], [ -84.9712, 37.746 ], [ -84.9565, 37.7423 ], [ -84.846, 37.7585 ], [ -84.8359, 37.7356 ], [ -84.8205, 37.7255 ], [ -84.8077, 37.7048 ], [ -85.025, 37.6789 ], [ -85.0158, 37.7405 ] ] ] } },
{ "type": "Feature", "properties": { "GEOIDFQ": "1400000US21045950302", "NAME": "9503.02", "NAMELSAD": "Census Tract 9503.02" }, "geometry": { "type": "Polygon", "coordinates": [ [ [ -84.9983, 37.3542 ], [ -84.9986, 37.3682 ], [ -84.9869, 37.3916 ], [ -84.9965, 37.4006 ], [ -84.9534, 37.4196 ], [ -84.9466, 37.4301 ], [ -84.9267, 37.3798 ], [ -84.8957, 37.3965 ], [ -84.8904, 37.424 ], [ -84.8757, 37.4272 ], [ -84.8552, 37.4162 ], [ -84.8693, 37.376 ], [ -84.8692, 37.3544 ], [ -84.9072, 37.3375 ], [ -84.95, 37.2978 ], [ -84.9834, 37.2941 ], [ -84.9867, 37.314 ], [ -85.0126, 37.3377 ], [ -84.9983, 37.3542 ] ] ] } },
{ "type": "Feature", "properties": { "GEOIDFQ": "1400000US21045950301", "NAME": "9503.01", "NAMELSAD": "Census Tract 9503.01" }, "geometry": { "type": "Polygon", "coordinates": [ [ [ -85.0232, 37.2822 ], [ -84.95, 37.2978 ], [ -84.9226, 37.3257 ], [ -84.8922, 37.3446 ], [ -84.8769, 37.3488 ], [ -84.8766, 37.3423 ], [ -84.856, 37.3289 ], [ -84.8254, 37.3285 ], [ -84.8537, 37.3003 ], [ -84.8429, 37.2876 ], [ -84.8327, 37.2855 ], [ -84.8267, 37.2719 ], [ -84.8125, 37.2654 ], [ -84.8135, 37.2559 ], [ -84.8332, 37.2402 ], [ -84.8823, 37.2432 ], [ -84.8906, 37.2482 ], [ -84.9077, 37.2299 ], [ -84.9412, 37.2143 ], [ -84.9849, 37.217 ], [ -84.9924, 37.2082 ], [ -85.0228, 37.2054 ], [ -85.0244, 37.2007 ], [ -85.049, 37.1951 ], [ -85.0569, 37.2565 ], [ -85.0232, 37.2822 ] ] ] } },
{ "type": "Feature", "properties": { "GEOIDFQ": "1400000US21153970201", "NAME": "9702.01", "NAMELSAD": "Census Tract 9702.01" }, "geometry": { "type": "Polygon", "coordinates": [ [ [ -83.1133, 37.8641 ], [ -83.1293, 37.8944 ], [ -83.0887, 37.8901 ], [ -83.0746, 37.8836 ], [ -83.0666, 37.8713 ], [ -83.0568, 37.8702 ], [ -83.0423, 37.8724 ], [ -83.0446, 37.8783 ], [ -83.0346, 37.8864 ], [ -83.0224, 37.8751 ], [ -83.0242, 37.8655 ], [ -83.0046, 37.8592 ], [ -82.9841, 37.8415 ], [ -82.9892, 37.8165 ], [ -82.9641, 37.8013 ], [ -82.9843, 37.8014 ], [ -83.0042, 37.7893 ], [ -83.0062, 37.7992 ], [ -83.0631, 37.7899 ], [ -83.0576, 37.7555 ], [ -83.0793, 37.7464 ], [ -83.0841, 37.7516 ], [ -83.107, 37.7315 ], [ -83.1246, 37.7357 ], [ -83.1325, 37.7447 ], [ -83.131, 37.7538 ], [ -83.1217, 37.7576 ], [ -83.1254, 37.7775 ], [ -83.1405, 37.781 ], [ -83.1495, 37.7991 ], [ -83.162, 37.8066 ], [ -83.1548, 37.8138 ], [ -83.1739, 37.8317 ], [ -83.1133, 37.8641 ] ] ] } },
{ "type": "Feature", "properties": { "GEOIDFQ": "1400000US21111011515", "NAME": "115.15", "NAMELSAD": "Census Tract 115.15" }, "geometry": { "type": "Polygon", "coordinates": [ [ [ -85.6147, 38.1563 ], [ -85.5899, 38.1555 ], [ -85.5873, 38.1499 ], [ -85.6031, 38.1386 ], [ -85.6145, 38.1378 ], [ -85.6147, 38.1563 ] ] ] } },
{ "type": "Feature", "properties": { "GEOIDFQ": "1400000US21211040101", "NAME": "401.01", "NAMELSAD": "Census Tract 401.01" }, "geometry": { "type": "Polygon", "coordinates": [ [ [ -85.2156, 38.1039 ], [ -85.183, 38.1099 ], [ -85.1965, 38.1324 ], [ -85.1874, 38.1344 ], [ -85.1754, 38.1512 ], [ -85.1666, 38.1508 ], [ -85.1641, 38.1585 ], [ -85.1773, 38.1714 ], [ -85.155, 38.1747 ], [ -85.1685, 38.1873 ], [ -85.1678, 38.1986 ], [ -85.1567, 38.1975 ], [ -85.1583, 38.2054 ], [ -85.0891, 38.1902 ], [ -85.0573, 38.174 ], [ -85.0057, 38.1583 ], [ -85.0199, 38.1422 ], [ -85.0225, 38.1276 ], [ -85.0463, 38.111 ], [ -85.0545, 38.0842 ], [ -85.0478, 38.0723 ], [ -85.0713, 38.0582 ], [ -85.084, 38.0407 ], [ -85.1016, 38.0373 ], [ -85.2326, 38.0896 ], [ -85.2156, 38.1039 ] ] ] } },
{ "type": "Feature", "properties": { "GEOIDFQ": "1400000US21183920600", "NAME": "9206", "NAMELSAD": "Census Tract 9206" }, "geometry": { "type": "Polygon", "coordinates": [ [ [ -86.9947, 37.3511 ], [ -86.9838, 37.3477 ], [ -86.9772, 37.3618 ], [ -86.9564, 37.3596 ], [ -86.9668, 37.3801 ], [ -86.9539, 37.4113 ], [ -86.9338, 37.4236 ], [ -86.899, 37.4112 ], [ -86.9006, 37.3984 ], [ -86.8932, 37.3993 ], [ -86.8913, 37.3777 ], [ -86.8993, 37.3719 ], [ -86.8941, 37.3679 ], [ -86.9081, 37.3684 ], [ -86.9124, 37.3539 ], [ -86.8782, 37.3561 ], [ -86.8953, 37.3119 ], [ -86.8822, 37.2951 ], [ -86.8882, 37.2815 ], [ -86.8816, 37.2524 ], [ -86.8972, 37.2132 ], [ -86.9193, 37.2252 ], [ -86.9186, 37.2327 ], [ -86.9094, 37.2334 ], [ -86.9123, 37.2374 ], [ -86.9232, 37.2415 ], [ -86.9445, 37.2383 ], [ -86.9566, 37.2601 ], [ -86.9686, 37.2564 ], [ -86.9827, 37.2696 ], [ -86.9858, 37.3209 ], [ -87.012, 37.3457 ], [ -86.9947, 37.3511 ] ] ] } },
{ "type": "Feature", "properties": { "GEOIDFQ": "1400000US21183920200", "NAME": "9202", "NAMELSAD": "Census Tract 9202" }, "geometry": { "type": "Polygon", "coordinates": [ [ [ -87.0494, 37.5519 ], [ -87.0061, 37.5805 ], [ -86.9488, 37.6305 ], [ -86.9334, 37.623 ], [ -86.8877, 37.6191 ], [ -86.888, 37.6098 ], [ -86.8482, 37.6088 ], [ -86.8498, 37.5821 ], [ -86.8584, 37.5706 ], [ -86.8527, 37.5538 ], [ -86.861, 37.5568 ], [ -86.8642, 37.5463 ], [ -86.8776, 37.5371 ], [ -86.8659, 37.5305 ], [ -86.8717, 37.5184 ], [ -86.8674, 37.5156 ], [ -86.8807, 37.5193 ], [ -86.8823, 37.5107 ], [ -86.8881, 37.5123 ], [ -86.8842, 37.5068 ], [ -86.8625, 37.5083 ], [ -86.8779, 37.4762 ], [ -86.8982, 37.4942 ], [ -86.9001, 37.476 ], [ -86.9098, 37.4908 ], [ -86.9135, 37.4759 ], [ -86.9293, 37.4734 ], [ -86.9721, 37.4825 ], [ -86.9809, 37.4952 ], [ -87.0036, 37.5058 ], [ -87.0335, 37.5045 ], [ -87.0765, 37.5161 ], [ -87.0494, 37.5519 ] ] ] } },
{ "type": "Feature", "properties": { "GEOIDFQ": "1400000US21213970402", "NAME": "9704.02", "NAMELSAD": "Census Tract 9704.02" }, "geometry": { "type": "Polygon", "coordinates": [ [ [ -86.7513, 36.7271 ], [ -86.7406, 36.755 ], [ -86.7143, 36.7433 ], [ -86.6857, 36.7376 ], [ -86.6576, 36.741 ], [ -86.6104, 36.7257 ], [ -86.6084, 36.7067 ], [ -86.6159, 36.692 ], [ -86.5905, 36.689 ], [ -86.5846, 36.6836 ], [ -86.5686, 36.6879 ], [ -86.5751, 36.7218 ], [ -86.522, 36.7162 ], [ -86.5714, 36.6389 ], [ -86.5899, 36.6524 ], [ -86.7632, 36.6497 ], [ -86.7513, 36.7271 ] ] ] } },
{ "type": "Feature", "properties": { "GEOIDFQ": "1400000US21213970401", "NAME": "9704.01", "NAMELSAD": "Census Tract 9704.01" }, "geometry": { "type": "Polygon", "coordinates": [ [ [ -86.6084, 36.7067 ], [ -86.6104, 36.7257 ], [ -86.5751, 36.7218 ], [ -86.5726, 36.6849 ], [ -86.6159, 36.692 ], [ -86.6084, 36.7067 ] ] ] } },
{ "type": "Feature", "properties": { "GEOIDFQ": "1400000US21111011404", "NAME": "114.04", "NAMELSAD": "Census Tract 114.04" }, "geometry": { "type": "Polygon", "coordinates": [ [ [ -85.6983, 38.1827 ], [ -85.6849, 38.1716 ], [ -85.7066, 38.1688 ], [ -85.7126, 38.1747 ], [ -85.6983, 38.1827 ] ] ] } },
{ "type": "Feature", "properties": { "GEOIDFQ": "1400000US21111011506", "NAME": "115.06", "NAMELSAD": "Census Tract 115.06" }, "geometry": { "type": "Polygon", "coordinates": [ [ [ -85.5856, 38.1652 ], [ -85.584, 38.1741 ], [ -85.573, 38.1732 ], [ -85.5694, 38.1662 ], [ -85.5749, 38.1515 ], [ -85.5873, 38.1499 ], [ -85.5957, 38.1633 ], [ -85.5856, 38.1652 ] ] ] } },
{ "type": "Feature", "properties": { "GEOIDFQ": "1400000US21111010102", "NAME": "101.02", "NAMELSAD": "Census Tract 101.02" }, "geometry": { "type": "Polygon", "coordinates": [ [ [ -85.5869, 38.2566 ], [ -85.5779, 38.27 ], [ -85.5667, 38.2709 ], [ -85.5582, 38.2529 ], [ -85.5647, 38.2455 ], [ -85.6029, 38.2486 ], [ -85.5869, 38.2566 ] ] ] } },
{ "type": "Feature", "properties": { "GEOIDFQ": "1400000US21091960100", "NAME": "9601", "NAMELSAD": "Census Tract 9601" }, "geometry": { "type": "Polygon", "coordinates": [ [ [ -86.8271, 37.8727 ], [ -86.8215, 37.8979 ], [ -86.8155, 37.9043 ], [ -86.8021, 37.9038 ], [ -86.8089, 37.924 ], [ -86.7793, 37.9399 ], [ -86.7765, 37.9501 ], [ -86.7316, 37.8944 ], [ -86.7174, 37.8935 ], [ -86.6808, 37.915 ], [ -86.6456, 37.907 ], [ -86.6447, 37.895 ], [ -86.6625, 37.8571 ], [ -86.6553, 37.8425 ], [ -86.6661, 37.8358 ], [ -86.6693, 37.8239 ], [ -86.6983, 37.8246 ], [ -86.7466, 37.8442 ], [ -86.7581, 37.8413 ], [ -86.7758, 37.8567 ], [ -86.8097, 37.8499 ], [ -86.8555, 37.8552 ], [ -86.8271, 37.8727 ] ] ] } },
{ "type": "Feature", "properties": { "GEOIDFQ": "1400000US21091960200", "NAME": "9602", "NAMELSAD": "Census Tract 9602" }, "geometry": { "type": "Polygon", "coordinates": [ [ [ -86.9699, 37.9184 ], [ -86.9788, 37.9303 ], [ -86.9189, 37.9368 ], [ -86.8609, 37.9844 ], [ -86.8243, 37.9988 ], [ -86.795, 37.9892 ], [ -86.7783, 37.9565 ], [ -86.7793, 37.9399 ], [ -86.8089, 37.924 ], [ -86.8021, 37.9038 ], [ -86.8155, 37.9043 ], [ -86.8215, 37.8979 ], [ -86.8271, 37.8727 ], [ -86.8553, 37.8562 ], [ -86.854, 37.8408 ], [ -86.8865, 37.8363 ], [ -86.8939, 37.8287 ], [ -86.9152, 37.8394 ], [ -86.9041, 37.8572 ], [ -86.9085, 37.8693 ], [ -86.8935, 37.8819 ], [ -86.9099, 37.8861 ], [ -86.9068, 37.8952 ], [ -86.9155, 37.8959 ], [ -86.9103, 37.9006 ], [ -86.9188, 37.906 ], [ -86.932, 37.9097 ], [ -86.9581, 37.898 ], [ -86.9838, 37.8934 ], [ -86.9873, 37.8972 ], [ -86.9699, 37.9184 ] ] ] } },
{ "type": "Feature", "properties": { "GEOIDFQ": "1400000US21011970300", "NAME": "9703", "NAMELSAD": "Census Tract 9703" }, "geometry": { "type": "Polygon", "coordinates": [ [ [ -83.7355, 38.0661 ], [ -83.7162, 38.0618 ], [ -83.6893, 38.0978 ], [ -83.695, 38.1138 ], [ -83.6911, 38.1247 ], [ -83.6715, 38.1383 ], [ -83.694, 38.1553 ], [ -83.6453, 38.1598 ], [ -83.6411, 38.1683 ], [ -83.647, 38.1703 ], [ -83.6353, 38.1875 ], [ -83.6203, 38.1756 ], [ -83.6107, 38.1772 ], [ -83.613, 38.1878 ], [ -83.6074, 38.1815 ], [ -83.6067, 38.1873 ], [ -83.5962, 38.184 ], [ -83.6017, 38.1795 ], [ -83.591, 38.1696 ], [ -83.6011, 38.1687 ], [ -83.5991, 38.1637 ], [ -83.606, 38.1644 ], [ -83.6069, 38.1595 ], [ -83.6142, 38.1608 ], [ -83.6193, 38.1534 ], [ -83.6143, 38.1491 ], [ -83.6216, 38.1491 ], [ -83.61, 38.1371 ], [ -83.6131, 38.1324 ], [ -83.6038, 38.1296 ], [ -83.6059, 38.1241 ], [ -83.5841, 38.1463 ], [ -83.5583, 38.1459 ], [ -83.5548, 38.1354 ], [ -83.5488, 38.1431 ], [ -83.5591, 38.1158 ], [ -83.5547, 38.1124 ], [ -83.5327, 38.1204 ], [ -83.5201, 38.1161 ], [ -83.5153, 38.1081 ], [ -83.5344, 38.0947 ], [ -83.5196, 38.0889 ], [ -83.5139, 38.0696 ], [ -83.5051, 38.0882 ], [ -83.4658, 38.0843 ], [ -83.4633, 38.0797 ], [ -83.4652, 38.0667 ], [ -83.4805, 38.0691 ], [ -83.5011, 38.049 ], [ -83.575, 38.0589 ], [ -83.5772, 38.0133 ], [ -83.6047, 38.0144 ], [ -83.61, 38.0071 ], [ -83.6337, 38.0266 ], [ -83.6526, 38.0239 ], [ -83.6596, 38.0283 ], [ -83.6885, 38.0123 ], [ -83.7059, 38.0127 ], [ -83.7173, 38.0033 ], [ -83.7185, 38.0187 ], [ -83.7409, 38.0555 ], [ -83.7355, 38.0661 ] ] ] } },
{ "type": "Feature", "properties": { "GEOIDFQ": "1400000US21011970100", "NAME": "9701", "NAMELSAD": "Census Tract 9701" }, "geometry": { "type": "Polygon", "coordinates": [ [ [ -83.9704, 38.1867 ], [ -83.9779, 38.1921 ], [ -83.8499, 38.2966 ], [ -83.8384, 38.3027 ], [ -83.8212, 38.3003 ], [ -83.814, 38.2831 ], [ -83.7917, 38.266 ], [ -83.785, 38.2474 ], [ -83.7919, 38.2229 ], [ -83.8165, 38.2045 ], [ -83.8241, 38.1902 ], [ -83.8402, 38.1914 ], [ -83.852, 38.203 ], [ -83.8558, 38.1913 ], [ -83.8648, 38.1878 ], [ -83.8675, 38.1745 ], [ -83.8576, 38.1396 ], [ -83.8759, 38.1317 ], [ -83.9524, 38.1527 ], [ -83.9526, 38.1645 ], [ -83.9614, 38.154 ], [ -83.9735, 38.1577 ], [ -83.9759, 38.1673 ], [ -83.9679, 38.1652 ], [ -83.9653, 38.1705 ], [ -83.9792, 38.1751 ], [ -83.9708, 38.1796 ], [ -83.9802, 38.1846 ], [ -83.9704, 38.1867 ] ] ] } },
{ "type": "Feature", "properties": { "GEOIDFQ": "1400000US21007950200", "NAME": "9502", "NAMELSAD": "Census Tract 9502" }, "geometry": { "type": "Polygon", "coordinates": [ [ [ -89.1738, 37.0663 ], [ -89.1461, 37.091 ], [ -89.1482, 37.0984 ], [ -89.1224, 37.1111 ], [ -89.0973, 37.1447 ], [ -89.0867, 37.1428 ], [ -89.0816, 37.1491 ], [ -89.0836, 37.1407 ], [ -89.072, 37.1375 ], [ -89.0731, 37.1296 ], [ -89.06, 37.1166 ], [ -89.0055, 37.114 ], [ -89.0054, 37.1049 ], [ -88.988, 37.0914 ], [ -88.993, 37.067 ], [ -88.9999, 37.065 ], [ -88.9853, 37.0413 ], [ -88.9895, 37.0164 ], [ -89.0246, 36.9949 ], [ -89.0521, 37.0167 ], [ -89.089, 37.0206 ], [ -89.116, 36.9935 ], [ -89.1382, 37.0004 ], [ -89.1487, 36.9911 ], [ -89.1711, 37.0083 ], [ -89.1825, 37.0392 ], [ -89.1738, 37.0663 ] ] ] } },
{ "type": "Feature", "properties": { "GEOIDFQ": "1400000US21007950300", "NAME": "9503", "NAMELSAD": "Census Tract 9503" }, "geometry": { "type": "Polygon", "coordinates": [ [ [ -89.1382, 37.0004 ], [ -89.116, 36.9935 ], [ -89.089, 37.0206 ], [ -89.052, 37.0166 ], [ -89.0282, 36.9948 ], [ -88.9845, 36.9946 ], [ -88.9806, 36.9904 ], [ -88.8869, 36.9914 ], [ -88.8691, 37.0046 ], [ -88.8379, 37.0054 ], [ -88.816, 36.9541 ], [ -88.8415, 36.9474 ], [ -88.8599, 36.9517 ], [ -88.9051, 36.9374 ], [ -88.9126, 36.9425 ], [ -88.928, 36.9403 ], [ -88.9401, 36.9315 ], [ -88.9627, 36.9309 ], [ -88.9898, 36.9193 ], [ -89.0064, 36.9275 ], [ -89.011, 36.9227 ], [ -89.0136, 36.9304 ], [ -89.0258, 36.9235 ], [ -89.0489, 36.9253 ], [ -89.0515, 36.9382 ], [ -89.0537, 36.9329 ], [ -89.0709, 36.9321 ], [ -89.0638, 36.9232 ], [ -89.0712, 36.9156 ], [ -89.0783, 36.9208 ], [ -89.0803, 36.9155 ], [ -89.0875, 36.9393 ], [ -89.0922, 36.945 ], [ -89.1009, 36.944 ], [ -89.1047, 36.9718 ], [ -89.1482, 36.9916 ], [ -89.1382, 37.0004 ] ] ] } },
{ "type": "Feature", "properties": { "GEOIDFQ": "1400000US21007950100", "NAME": "9501", "NAMELSAD": "Census Tract 9501" }, "geometry": { "type": "Polygon", "coordinates": [ [ [ -89.0867, 37.1655 ], [ -89.0295, 37.2113 ], [ -88.9825, 37.2288 ], [ -88.9334, 37.225 ], [ -88.8379, 37.0054 ], [ -88.8691, 37.0046 ], [ -88.8876, 36.9913 ], [ -88.9541, 36.9888 ], [ -89.0217, 36.998 ], [ -88.9895, 37.0164 ], [ -88.9853, 37.0413 ], [ -88.9999, 37.065 ], [ -88.993, 37.067 ], [ -88.988, 37.0914 ], [ -89.0054, 37.1049 ], [ -89.0055, 37.114 ], [ -89.0312, 37.1179 ], [ -89.0557, 37.1145 ], [ -89.073, 37.1294 ], [ -89.072, 37.1375 ], [ -89.0807, 37.1365 ], [ -89.0808, 37.149 ], [ -89.087, 37.1428 ], [ -89.0966, 37.1462 ], [ -89.0867, 37.1655 ] ] ] } },
{ "type": "Feature", "properties": { "GEOIDFQ": "1400000US21163980100", "NAME": "9801", "NAMELSAD": "Census Tract 9801" }, "geometry": { "type": "Polygon", "coordinates": [ [ [ -86.0524, 37.9314 ], [ -86.0349, 37.9223 ], [ -86.0196, 37.9277 ], [ -86.0197, 37.9357 ], [ -86.0312, 37.9386 ], [ -86.0256, 37.9563 ], [ -86.0342, 37.9652 ], [ -86.0322, 37.9904 ], [ -85.999, 37.9998 ], [ -85.9852, 37.9256 ], [ -85.9935, 37.9515 ], [ -85.9975, 37.9435 ], [ -85.9849, 37.9158 ], [ -85.9992, 37.9109 ], [ -85.9977, 37.896 ], [ -85.9918, 37.8869 ], [ -85.9793, 37.8918 ], [ -85.9759, 37.8758 ], [ -85.9855, 37.8584 ], [ -86.0009, 37.8583 ], [ -86.0099, 37.8723 ], [ -86.0351, 37.8842 ], [ -86.0567, 37.9125 ], [ -86.0524, 37.9314 ] ] ] } },
{ "type": "Feature", "properties": { "GEOIDFQ": "1400000US21163970302", "NAME": "9703.02", "NAMELSAD": "Census Tract 9703.02" }, "geometry": { "type": "Polygon", "coordinates": [ [ [ -86.1494, 37.8891 ], [ -86.0613, 37.8823 ], [ -86.0398, 37.8935 ], [ -86.0351, 37.8842 ], [ -86.0099, 37.8723 ], [ -86.0009, 37.8583 ], [ -85.9855, 37.8584 ], [ -86.0074, 37.8184 ], [ -86.1513, 37.7989 ], [ -86.2429, 37.8771 ], [ -86.1494, 37.8891 ] ] ] } },
{ "type": "Feature", "properties": { "GEOIDFQ": "1400000US21111010312", "NAME": "103.12", "NAMELSAD": "Census Tract 103.12" }, "geometry": { "type": "Polygon", "coordinates": [ [ [ -85.6068, 38.3629 ], [ -85.5805, 38.3481 ], [ -85.5911, 38.3459 ], [ -85.5858, 38.3368 ], [ -85.6, 38.3383 ], [ -85.6143, 38.3291 ], [ -85.6225, 38.3335 ], [ -85.6068, 38.3629 ] ] ] } },
{ "type": "Feature", "properties": { "GEOIDFQ": "1400000US21111010317", "NAME": "103.17", "NAMELSAD": "Census Tract 103.17" }, "geometry": { "type": "Polygon", "coordinates": [ [ [ -85.622, 38.3232 ], [ -85.5819, 38.3147 ], [ -85.6278, 38.2956 ], [ -85.622, 38.3232 ] ] ] } },
{ "type": "Feature", "properties": { "GEOIDFQ": "1400000US21111010318", "NAME": "103.18", "NAMELSAD": "Census Tract 103.18" }, "geometry": { "type": "Polygon", "coordinates": [ [ [ -85.6221, 38.2984 ], [ -85.5819, 38.3147 ], [ -85.5724, 38.3094 ], [ -85.6347, 38.2813 ], [ -85.6221, 38.2984 ] ] ] } },
{ "type": "Feature", "properties": { "GEOIDFQ": "1400000US21111011112", "NAME": "111.12", "NAMELSAD": "Census Tract 111.12" }, "geometry": { "type": "Polygon", "coordinates": [ [ [ -85.5976, 38.2109 ], [ -85.6015, 38.2159 ], [ -85.5908, 38.2154 ], [ -85.5927, 38.1985 ], [ -85.6031, 38.1986 ], [ -85.5976, 38.2109 ] ] ] } },
{ "type": "Feature", "properties": { "GEOIDFQ": "1400000US21111010320", "NAME": "103.20", "NAMELSAD": "Census Tract 103.20" }, "geometry": { "type": "Polygon", "coordinates": [ [ [ -85.5394, 38.3176 ], [ -85.5326, 38.302 ], [ -85.5404, 38.2996 ], [ -85.555, 38.3152 ], [ -85.5394, 38.3176 ] ] ] } },
{ "type": "Feature", "properties": { "GEOIDFQ": "1400000US21111010601", "NAME": "106.01", "NAMELSAD": "Census Tract 106.01" }, "geometry": { "type": "Polygon", "coordinates": [ [ [ -85.64, 38.2516 ], [ -85.6273, 38.2331 ], [ -85.6362, 38.2283 ], [ -85.6554, 38.2529 ], [ -85.64, 38.2516 ] ] ] } },
{ "type": "Feature", "properties": { "GEOIDFQ": "1400000US21111011713", "NAME": "117.13", "NAMELSAD": "Census Tract 117.13" }, "geometry": { "type": "Polygon", "coordinates": [ [ [ -85.6899, 38.1122 ], [ -85.6947, 38.1007 ], [ -85.6855, 38.085 ], [ -85.7009, 38.0863 ], [ -85.7015, 38.115 ], [ -85.6899, 38.1122 ] ] ] } },
{ "type": "Feature", "properties": { "GEOIDFQ": "1400000US21185030701", "NAME": "307.01", "NAMELSAD": "Census Tract 307.01" }, "geometry": { "type": "Polygon", "coordinates": [ [ [ -85.5899, 38.3716 ], [ -85.5764, 38.4016 ], [ -85.5371, 38.4246 ], [ -85.5264, 38.4164 ], [ -85.5336, 38.4072 ], [ -85.5224, 38.3947 ], [ -85.524, 38.3826 ], [ -85.5151, 38.3796 ], [ -85.5159, 38.3661 ], [ -85.56, 38.3666 ], [ -85.5747, 38.3612 ], [ -85.5805, 38.3481 ], [ -85.6063, 38.3633 ], [ -85.5899, 38.3716 ] ] ] } },
{ "type": "Feature", "properties": { "GEOIDFQ": "1400000US21185030302", "NAME": "303.02", "NAMELSAD": "Census Tract 303.02" }, "geometry": { "type": "Polygon", "coordinates": [ [ [ -85.3907, 38.4527 ], [ -85.3735, 38.442 ], [ -85.3355, 38.445 ], [ -85.3282, 38.4218 ], [ -85.3731, 38.399 ], [ -85.3825, 38.4223 ], [ -85.4091, 38.4472 ], [ -85.3907, 38.4527 ] ] ] } },
{ "type": "Feature", "properties": { "GEOIDFQ": "1400000US21179930303", "NAME": "9303.03", "NAMELSAD": "Census Tract 9303.03" }, "geometry": { "type": "Polygon", "coordinates": [ [ [ -85.4616, 37.8257 ], [ -85.427, 37.8148 ], [ -85.4342, 37.7984 ], [ -85.4667, 37.8095 ], [ -85.4616, 37.8257 ] ] ] } },
{ "type": "Feature", "properties": { "GEOIDFQ": "1400000US21145031402", "NAME": "314.02", "NAMELSAD": "Census Tract 314.02" }, "geometry": { "type": "Polygon", "coordinates": [ [ [ -88.6845, 37.0871 ], [ -88.6787, 37.0753 ], [ -88.6551, 37.0575 ], [ -88.7136, 37.0417 ], [ -88.7299, 37.0825 ], [ -88.6845, 37.0871 ] ] ] } },
{ "type": "Feature", "properties": { "GEOIDFQ": "1400000US21145031401", "NAME": "314.01", "NAMELSAD": "Census Tract 314.01" }, "geometry": { "type": "Polygon", "coordinates": [ [ [ -88.75, 37.0989 ], [ -88.7314, 37.0943 ], [ -88.7292, 37.1162 ], [ -88.7156, 37.1219 ], [ -88.7206, 37.1409 ], [ -88.6929, 37.1412 ], [ -88.6273, 37.12 ], [ -88.647, 37.08 ], [ -88.6719, 37.0858 ], [ -88.6786, 37.0753 ], [ -88.6903, 37.0881 ], [ -88.7514, 37.0836 ], [ -88.75, 37.0989 ] ] ] } },
{ "type": "Feature", "properties": { "GEOIDFQ": "1400000US21145031502", "NAME": "315.02", "NAMELSAD": "Census Tract 315.02" }, "geometry": { "type": "Polygon", "coordinates": [ [ [ -88.8101, 37.0842 ], [ -88.7298, 37.0831 ], [ -88.712, 37.0413 ], [ -88.7557, 37.0288 ], [ -88.8122, 37.0374 ], [ -88.8479, 37.0277 ], [ -88.8776, 37.0978 ], [ -88.8101, 37.0842 ] ] ] } },
{ "type": "Feature", "properties": { "GEOIDFQ": "1400000US21145031501", "NAME": "315.01", "NAMELSAD": "Census Tract 315.01" }, "geometry": { "type": "Polygon", "coordinates": [ [ [ -88.8036, 37.1882 ], [ -88.7615, 37.1596 ], [ -88.7206, 37.1409 ], [ -88.7156, 37.1219 ], [ -88.7292, 37.1162 ], [ -88.7314, 37.0943 ], [ -88.75, 37.0989 ], [ -88.7514, 37.083 ], [ -88.7683, 37.0821 ], [ -88.8428, 37.0889 ], [ -88.8783, 37.098 ], [ -88.9327, 37.2254 ], [ -88.9422, 37.2287 ], [ -88.8036, 37.1882 ] ] ] } },
{ "type": "Feature", "properties": { "GEOIDFQ": "1400000US21075960100", "NAME": "9601", "NAMELSAD": "Census Tract 9601" }, "geometry": { "type": "Polygon", "coordinates": [ [ [ -89.1131, 36.5818 ], [ -89.118, 36.5898 ], [ -89.105, 36.6036 ], [ -89.1051, 36.6294 ], [ -89.0267, 36.5921 ], [ -88.9409, 36.5915 ], [ -88.9276, 36.5785 ], [ -88.9035, 36.5769 ], [ -88.8346, 36.5026 ], [ -89.12, 36.5038 ], [ -89.1205, 36.5401 ], [ -89.1012, 36.5401 ], [ -89.1015, 36.5644 ], [ -89.1102, 36.5701 ], [ -89.1241, 36.5688 ], [ -89.1246, 36.5756 ], [ -89.1131, 36.5818 ] ] ] } },
{ "type": "Feature", "properties": { "GEOIDFQ": "1400000US21075960200", "NAME": "9602", "NAMELSAD": "Census Tract 9602" }, "geometry": { "type": "MultiPolygon", "coordinates": [ [ [ [ -89.3761, 36.6141 ], [ -89.3641, 36.6259 ], [ -89.3246, 36.631 ], [ -89.2779, 36.5766 ], [ -89.2565, 36.565 ], [ -89.227, 36.5695 ], [ -89.2139, 36.5799 ], [ -89.1978, 36.629 ], [ -89.1747, 36.6505 ], [ -89.1471, 36.6491 ], [ -89.1051, 36.6294 ], [ -89.105, 36.6036 ], [ -89.118, 36.5898 ], [ -89.1131, 36.5818 ], [ -89.1246, 36.5724 ], [ -89.1015, 36.5644 ], [ -89.101, 36.5407 ], [ -89.1205, 36.5401 ], [ -89.12, 36.5038 ], [ -89.301, 36.5072 ], [ -89.417, 36.4997 ], [ -89.3761, 36.6141 ] ] ], [ [ [ -89.5633, 36.5693 ], [ -89.5426, 36.5807 ], [ -89.4843, 36.5716 ], [ -89.4656, 36.537 ], [ -89.4746, 36.5103 ], [ -89.4854, 36.4975 ], [ -89.5392, 36.4979 ], [ -89.5599, 36.5235 ], [ -89.5712, 36.5521 ], [ -89.5633, 36.5693 ] ] ] ] } },
{ "type": "Feature", "properties": { "GEOIDFQ": "1400000US21111010309", "NAME": "103.09", "NAMELSAD": "Census Tract 103.09" }, "geometry": { "type": "Polygon", "coordinates": [ [ [ -85.5724, 38.3094 ], [ -85.5486, 38.2975 ], [ -85.5776, 38.286 ], [ -85.5927, 38.3004 ], [ -85.5724, 38.3094 ] ] ] } },
{ "type": "Feature", "properties": { "GEOIDFQ": "1400000US21111010403", "NAME": "104.03", "NAMELSAD": "Census Tract 104.03" }, "geometry": { "type": "Polygon", "coordinates": [ [ [ -85.5486, 38.2975 ], [ -85.534, 38.2887 ], [ -85.5142, 38.2862 ], [ -85.5314, 38.2623 ], [ -85.5629, 38.2709 ], [ -85.5722, 38.2876 ], [ -85.5486, 38.2975 ] ] ] } },
{ "type": "Feature", "properties": { "GEOIDFQ": "1400000US21111011513", "NAME": "115.13", "NAMELSAD": "Census Tract 115.13" }, "geometry": { "type": "Polygon", "coordinates": [ [ [ -85.6348, 38.1376 ], [ -85.6296, 38.121 ], [ -85.6435, 38.1183 ], [ -85.6425, 38.1316 ], [ -85.6589, 38.1347 ], [ -85.659, 38.1426 ], [ -85.6348, 38.1376 ] ] ] } },
{ "type": "Feature", "properties": { "GEOIDFQ": "1400000US21111010602", "NAME": "106.02", "NAMELSAD": "Census Tract 106.02" }, "geometry": { "type": "Polygon", "coordinates": [ [ [ -85.6193, 38.2499 ], [ -85.6273, 38.2331 ], [ -85.6337, 38.2386 ], [ -85.6402, 38.2501 ], [ -85.6193, 38.2499 ] ] ] } },
{ "type": "Feature", "properties": { "GEOIDFQ": "1400000US21111010103", "NAME": "101.03", "NAMELSAD": "Census Tract 101.03" }, "geometry": { "type": "Polygon", "coordinates": [ [ [ -85.5926, 38.266 ], [ -85.5778, 38.27 ], [ -85.5993, 38.2506 ], [ -85.6069, 38.262 ], [ -85.5926, 38.266 ] ] ] } },
{ "type": "Feature", "properties": { "GEOIDFQ": "1400000US21167960100", "NAME": "9601", "NAMELSAD": "Census Tract 9601" }, "geometry": { "type": "Polygon", "coordinates": [ [ [ -85.0305, 37.8915 ], [ -85.0276, 37.8844 ], [ -85.0179, 37.8951 ], [ -85.008, 37.891 ], [ -85.0009, 37.9073 ], [ -84.9873, 37.9055 ], [ -84.9734, 37.9355 ], [ -84.9574, 37.9372 ], [ -84.9563, 37.9461 ], [ -84.9486, 37.9447 ], [ -84.9378, 37.9528 ], [ -84.9335, 37.9496 ], [ -84.9331, 37.9542 ], [ -84.9216, 37.9531 ], [ -84.9223, 37.9473 ], [ -84.9106, 37.951 ], [ -84.9103, 37.9411 ], [ -84.9021, 37.9384 ], [ -84.8964, 37.9477 ], [ -84.8837, 37.9399 ], [ -84.7963, 37.9701 ], [ -84.7973, 37.9635 ], [ -84.82, 37.9491 ], [ -84.7972, 37.934 ], [ -84.821, 37.9269 ], [ -84.8267, 37.9171 ], [ -84.8176, 37.9118 ], [ -84.8033, 37.9187 ], [ -84.796, 37.9164 ], [ -84.8019, 37.8969 ], [ -84.7967, 37.8871 ], [ -84.7832, 37.9068 ], [ -84.7752, 37.9068 ], [ -84.7822, 37.8921 ], [ -84.767, 37.8903 ], [ -84.7582, 37.8719 ], [ -84.7733, 37.8628 ], [ -84.7678, 37.844 ], [ -84.779, 37.8437 ], [ -84.7824, 37.8395 ], [ -84.776, 37.8341 ], [ -84.7896, 37.822 ], [ -84.8016, 37.8219 ], [ -84.8026, 37.8091 ], [ -84.8244, 37.812 ], [ -84.8338, 37.827 ], [ -84.8542, 37.823 ], [ -84.9129, 37.8272 ], [ -84.9186, 37.8121 ], [ -84.9287, 37.809 ], [ -84.9342, 37.8156 ], [ -84.9655, 37.8122 ], [ -84.9909, 37.8278 ], [ -84.9964, 37.835 ], [ -84.9902, 37.8494 ], [ -85.0098, 37.859 ], [ -85.0315, 37.8816 ], [ -85.0305, 37.8915 ] ] ] } },
{ "type": "Feature", "properties": { "GEOIDFQ": "1400000US21167960500", "NAME": "9605", "NAMELSAD": "Census Tract 9605" }, "geometry": { "type": "Polygon", "coordinates": [ [ [ -84.8016, 37.8219 ], [ -84.7874, 37.8235 ], [ -84.776, 37.8341 ], [ -84.7824, 37.8397 ], [ -84.7755, 37.8459 ], [ -84.7681, 37.8437 ], [ -84.7711, 37.8484 ], [ -84.7466, 37.8503 ], [ -84.7207, 37.8622 ], [ -84.691, 37.8579 ], [ -84.6905, 37.8486 ], [ -84.7165, 37.8412 ], [ -84.7247, 37.8248 ], [ -84.7145, 37.8115 ], [ -84.7167, 37.7998 ], [ -84.7095, 37.7999 ], [ -84.7127, 37.7939 ], [ -84.703, 37.7894 ], [ -84.7157, 37.7692 ], [ -84.6942, 37.7633 ], [ -84.7051, 37.7478 ], [ -84.6885, 37.7414 ], [ -84.6889, 37.7353 ], [ -84.6972, 37.7392 ], [ -84.7072, 37.733 ], [ -84.6902, 37.7264 ], [ -84.6994, 37.7222 ], [ -84.7284, 37.7287 ], [ -84.7259, 37.7136 ], [ -84.7356, 37.7189 ], [ -84.7449, 37.7131 ], [ -84.7828, 37.7163 ], [ -84.7749, 37.7535 ], [ -84.7943, 37.7566 ], [ -84.7929, 37.7815 ], [ -84.8087, 37.7848 ], [ -84.8016, 37.8219 ] ] ] } },
{ "type": "Feature", "properties": { "GEOIDFQ": "1400000US21017030202", "NAME": "302.02", "NAMELSAD": "Census Tract 302.02" }, "geometry": { "type": "Polygon", "coordinates": [ [ [ -84.269, 38.216 ], [ -84.2523, 38.2095 ], [ -84.2729, 38.1957 ], [ -84.2769, 38.2152 ], [ -84.269, 38.216 ] ] ] } },
{ "type": "Feature", "properties": { "GEOIDFQ": "1400000US21111010405", "NAME": "104.05", "NAMELSAD": "Census Tract 104.05" }, "geometry": { "type": "Polygon", "coordinates": [ [ [ -85.5485, 38.257 ], [ -85.5315, 38.2486 ], [ -85.5465, 38.2441 ], [ -85.5647, 38.2456 ], [ -85.5485, 38.257 ] ] ] } },
{ "type": "Feature", "properties": { "GEOIDFQ": "1400000US21111012410", "NAME": "124.10", "NAMELSAD": "Census Tract 124.10" }, "geometry": { "type": "Polygon", "coordinates": [ [ [ -85.8684, 38.1556 ], [ -85.8512, 38.1551 ], [ -85.852, 38.144 ], [ -85.8719, 38.1449 ], [ -85.8684, 38.1556 ] ] ] } },
{ "type": "Feature", "properties": { "GEOIDFQ": "1400000US21017030201", "NAME": "302.01", "NAMELSAD": "Census Tract 302.01" }, "geometry": { "type": "Polygon", "coordinates": [ [ [ -84.2753, 38.1941 ], [ -84.2535, 38.2082 ], [ -84.2444, 38.185 ], [ -84.2588, 38.1746 ], [ -84.2662, 38.1847 ], [ -84.2771, 38.1783 ], [ -84.28, 38.1901 ], [ -84.2931, 38.194 ], [ -84.2753, 38.1941 ] ] ] } },
{ "type": "Feature", "properties": { "GEOIDFQ": "1400000US21017030102", "NAME": "301.02", "NAMELSAD": "Census Tract 301.02" }, "geometry": { "type": "Polygon", "coordinates": [ [ [ -84.2372, 38.2375 ], [ -84.2344, 38.2224 ], [ -84.2255, 38.231 ], [ -84.1957, 38.2313 ], [ -84.1876, 38.2134 ], [ -84.1907, 38.2027 ], [ -84.2023, 38.1947 ], [ -84.2163, 38.1939 ], [ -84.2269, 38.2049 ], [ -84.2401, 38.1964 ], [ -84.2468, 38.1994 ], [ -84.246, 38.1909 ], [ -84.2572, 38.2402 ], [ -84.2372, 38.2375 ] ] ] } },
{ "type": "Feature", "properties": { "GEOIDFQ": "1400000US21017030101", "NAME": "301.01", "NAMELSAD": "Census Tract 301.01" }, "geometry": { "type": "Polygon", "coordinates": [ [ [ -84.2695, 38.2412 ], [ -84.2577, 38.2403 ], [ -84.2499, 38.2074 ], [ -84.2768, 38.2171 ], [ -84.2769, 38.2342 ], [ -84.2695, 38.2412 ] ] ] } },
{ "type": "Feature", "properties": { "GEOIDFQ": "1400000US21101020703", "NAME": "207.03", "NAMELSAD": "Census Tract 207.03" }, "geometry": { "type": "Polygon", "coordinates": [ [ [ -87.5489, 37.8389 ], [ -87.5577, 37.8441 ], [ -87.5202, 37.8626 ], [ -87.4609, 37.8592 ], [ -87.4495, 37.8535 ], [ -87.4811, 37.8148 ], [ -87.4983, 37.8143 ], [ -87.5584, 37.8287 ], [ -87.5489, 37.8389 ] ] ] } },
{ "type": "Feature", "properties": { "GEOIDFQ": "1400000US21157950200", "NAME": "9502", "NAMELSAD": "Census Tract 9502" }, "geometry": { "type": "Polygon", "coordinates": [ [ [ -88.3471, 36.9905 ], [ -88.35, 36.9505 ], [ -88.3428, 36.9336 ], [ -88.3512, 36.9211 ], [ -88.3473, 36.8995 ], [ -88.3561, 36.8832 ], [ -88.3894, 36.9034 ], [ -88.415, 36.9065 ], [ -88.4242, 36.9217 ], [ -88.4352, 36.9226 ], [ -88.447, 36.947 ], [ -88.4581, 36.9492 ], [ -88.4684, 36.9392 ], [ -88.4738, 36.9413 ], [ -88.4689, 36.9501 ], [ -88.4849, 36.957 ], [ -88.4851, 36.9945 ], [ -88.3471, 36.9905 ] ] ] } },
{ "type": "Feature", "properties": { "GEOIDFQ": "1400000US21193971000", "NAME": "9710", "NAMELSAD": "Census Tract 9710" }, "geometry": { "type": "Polygon", "coordinates": [ [ [ -83.5455, 37.3166 ], [ -83.5515, 37.333 ], [ -83.5367, 37.3301 ], [ -83.5224, 37.3391 ], [ -83.5168, 37.3364 ], [ -83.5166, 37.3416 ], [ -83.5041, 37.3418 ], [ -83.4768, 37.3775 ], [ -83.463, 37.373 ], [ -83.4482, 37.3784 ], [ -83.4254, 37.3529 ], [ -83.4167, 37.3539 ], [ -83.4051, 37.3388 ], [ -83.3899, 37.3373 ], [ -83.3685, 37.3474 ], [ -83.3612, 37.3661 ], [ -83.3497, 37.3698 ], [ -83.3588, 37.3641 ], [ -83.3575, 37.3579 ], [ -83.3431, 37.3649 ], [ -83.3339, 37.3791 ], [ -83.3107, 37.3776 ], [ -83.2999, 37.3879 ], [ -83.2698, 37.3988 ], [ -83.2727, 37.3887 ], [ -83.2499, 37.3653 ], [ -83.2579, 37.3562 ], [ -83.2362, 37.3351 ], [ -83.23, 37.3197 ], [ -83.2217, 37.3205 ], [ -83.2406, 37.3049 ], [ -83.2471, 37.3127 ], [ -83.247, 37.3014 ], [ -83.2561, 37.2913 ], [ -83.2736, 37.2875 ], [ -83.2765, 37.2808 ], [ -83.2854, 37.2839 ], [ -83.2937, 37.2768 ], [ -83.3093, 37.2804 ], [ -83.3414, 37.2676 ], [ -83.3359, 37.2727 ], [ -83.3537, 37.2844 ], [ -83.3528, 37.2975 ], [ -83.3666, 37.3005 ], [ -83.3733, 37.2956 ], [ -83.3745, 37.3054 ], [ -83.3958, 37.3097 ], [ -83.3987, 37.3206 ], [ -83.4024, 37.3141 ], [ -83.4291, 37.3033 ], [ -83.4319, 37.2903 ], [ -83.4544, 37.2882 ], [ -83.461, 37.2938 ], [ -83.4763, 37.2886 ], [ -83.4863, 37.2749 ], [ -83.4763, 37.2659 ], [ -83.483, 37.2631 ], [ -83.4833, 37.2519 ], [ -83.5069, 37.2358 ], [ -83.5113, 37.2551 ], [ -83.5292, 37.2614 ], [ -83.5215, 37.2644 ], [ -83.5223, 37.2748 ], [ -83.5318, 37.2749 ], [ -83.537, 37.286 ], [ -83.5516, 37.2866 ], [ -83.5476, 37.3023 ], [ -83.5539, 37.3065 ], [ -83.5455, 37.3166 ] ] ] } },
{ "type": "Feature", "properties": { "GEOIDFQ": "1400000US21111009106", "NAME": "91.06", "NAMELSAD": "Census Tract 91.06" }, "geometry": { "type": "Polygon", "coordinates": [ [ [ -85.7656, 38.1526 ], [ -85.7565, 38.1439 ], [ -85.7693, 38.126 ], [ -85.776, 38.1264 ], [ -85.7764, 38.1508 ], [ -85.7656, 38.1526 ] ] ] } },
{ "type": "Feature", "properties": { "GEOIDFQ": "1400000US21111980100", "NAME": "9801", "NAMELSAD": "Census Tract 9801" }, "geometry": { "type": "Polygon", "coordinates": [ [ [ -85.7293, 38.1904 ], [ -85.7234, 38.1843 ], [ -85.7203, 38.1613 ], [ -85.7073, 38.137 ], [ -85.7406, 38.129 ], [ -85.7571, 38.1903 ], [ -85.7293, 38.1904 ] ] ] } },
{ "type": "Feature", "properties": { "GEOIDFQ": "1400000US21111011113", "NAME": "111.13", "NAMELSAD": "Census Tract 111.13" }, "geometry": { "type": "Polygon", "coordinates": [ [ [ -85.6031, 38.1986 ], [ -85.5927, 38.1985 ], [ -85.596, 38.1837 ], [ -85.6069, 38.1821 ], [ -85.6031, 38.1986 ] ] ] } },
{ "type": "Feature", "properties": { "GEOIDFQ": "1400000US21111011709", "NAME": "117.09", "NAMELSAD": "Census Tract 117.09" }, "geometry": { "type": "Polygon", "coordinates": [ [ [ -85.6337, 38.11 ], [ -85.614, 38.1091 ], [ -85.6081, 38.1035 ], [ -85.6063, 38.1111 ], [ -85.5972, 38.1086 ], [ -85.5847, 38.1127 ], [ -85.5851, 38.1177 ], [ -85.572, 38.117 ], [ -85.5507, 38.0762 ], [ -85.6445, 38.0843 ], [ -85.6337, 38.11 ] ] ] } },
{ "type": "Feature", "properties": { "GEOIDFQ": "1400000US21111011712", "NAME": "117.12", "NAMELSAD": "Census Tract 117.12" }, "geometry": { "type": "Polygon", "coordinates": [ [ [ -85.6899, 38.1122 ], [ -85.6751, 38.1108 ], [ -85.6672, 38.0834 ], [ -85.6855, 38.085 ], [ -85.6947, 38.1007 ], [ -85.6899, 38.1122 ] ] ] } },
{ "type": "Feature", "properties": { "GEOIDFQ": "1400000US21067003704", "NAME": "37.04", "NAMELSAD": "Census Tract 37.04" }, "geometry": { "type": "Polygon", "coordinates": [ [ [ -84.534, 38.1125 ], [ -84.5208, 38.1147 ], [ -84.506, 38.0746 ], [ -84.5311, 38.0708 ], [ -84.5382, 38.0753 ], [ -84.5322, 38.0857 ], [ -84.5461, 38.0898 ], [ -84.534, 38.1125 ] ] ] } },
{ "type": "Feature", "properties": { "GEOIDFQ": "1400000US21067003600", "NAME": "36", "NAMELSAD": "Census Tract 36" }, "geometry": { "type": "Polygon", "coordinates": [ [ [ -84.5513, 38.0155 ], [ -84.5441, 38.004 ], [ -84.5633, 37.987 ], [ -84.5716, 38.0022 ], [ -84.5513, 38.0155 ] ] ] } },
{ "type": "Feature", "properties": { "GEOIDFQ": "1400000US21067003906", "NAME": "39.06", "NAMELSAD": "Census Tract 39.06" }, "geometry": { "type": "Polygon", "coordinates": [ [ [ -84.4118, 38.0221 ], [ -84.3971, 37.9961 ], [ -84.4077, 37.9984 ], [ -84.422, 38.0091 ], [ -84.4118, 38.0221 ] ] ] } },
{ "type": "Feature", "properties": { "GEOIDFQ": "1400000US21067004210", "NAME": "42.10", "NAMELSAD": "Census Tract 42.10" }, "geometry": { "type": "Polygon", "coordinates": [ [ [ -84.5503, 37.9821 ], [ -84.5301, 37.9763 ], [ -84.5357, 37.9632 ], [ -84.5562, 37.972 ], [ -84.5503, 37.9821 ] ] ] } },
{ "type": "Feature", "properties": { "GEOIDFQ": "1400000US21063920102", "NAME": "9201.02", "NAMELSAD": "Census Tract 9201.02" }, "geometry": { "type": "Polygon", "coordinates": [ [ [ -83.2611, 38.1004 ], [ -83.2706, 38.1065 ], [ -83.2473, 38.1304 ], [ -83.2233, 38.1319 ], [ -83.2069, 38.1252 ], [ -83.1977, 38.134 ], [ -83.1833, 38.1253 ], [ -83.1747, 38.1267 ], [ -83.1704, 38.1197 ], [ -83.1478, 38.1326 ], [ -83.1354, 38.1293 ], [ -83.1365, 38.1467 ], [ -83.1044, 38.1388 ], [ -83.0977, 38.1286 ], [ -83.1053, 38.1215 ], [ -83.105, 38.119 ], [ -83.0914, 38.1195 ], [ -83.0905, 38.111 ], [ -83.0974, 38.1082 ], [ -83.0925, 38.1068 ], [ -83.0971, 38.1011 ], [ -83.0904, 38.0918 ], [ -83.095, 38.091 ], [ -83.091, 38.0678 ], [ -83.0993, 38.0627 ], [ -83.1003, 38.0517 ], [ -83.1262, 38.0414 ], [ -83.1429, 37.9965 ], [ -83.152, 38.0104 ], [ -83.1596, 38.0081 ], [ -83.174, 38.0171 ], [ -83.1936, 38.0106 ], [ -83.2032, 38.0141 ], [ -83.2109, 38.0271 ], [ -83.2233, 38.03 ], [ -83.2227, 38.0439 ], [ -83.2368, 38.0534 ], [ -83.2501, 38.0502 ], [ -83.2677, 38.059 ], [ -83.2708, 38.0695 ], [ -83.2611, 38.1004 ] ] ] } },
{ "type": "Feature", "properties": { "GEOIDFQ": "1400000US21063920101", "NAME": "9201.01", "NAMELSAD": "Census Tract 9201.01" }, "geometry": { "type": "Polygon", "coordinates": [ [ [ -83.2474, 38.1853 ], [ -83.2443, 38.1924 ], [ -83.2329, 38.1934 ], [ -83.2209, 38.2097 ], [ -83.2182, 38.2371 ], [ -83.2025, 38.2504 ], [ -83.1859, 38.2526 ], [ -83.1851, 38.2594 ], [ -83.1722, 38.2667 ], [ -83.159, 38.2645 ], [ -83.1194, 38.2332 ], [ -83.108, 38.2349 ], [ -83.1017, 38.2261 ], [ -83.0839, 38.2229 ], [ -83.0758, 38.2064 ], [ -83.0531, 38.1897 ], [ -83.0509, 38.174 ], [ -83.0584, 38.1686 ], [ -83.0633, 38.1783 ], [ -83.0742, 38.172 ], [ -83.0755, 38.1643 ], [ -83.0657, 38.1576 ], [ -83.0709, 38.1544 ], [ -83.064, 38.1513 ], [ -83.0745, 38.1479 ], [ -83.063, 38.1368 ], [ -83.0745, 38.1293 ], [ -83.0873, 38.1305 ], [ -83.0926, 38.1213 ], [ -83.105, 38.119 ], [ -83.0977, 38.1286 ], [ -83.1042, 38.1387 ], [ -83.1366, 38.1467 ], [ -83.1354, 38.1293 ], [ -83.1478, 38.1326 ], [ -83.1705, 38.1197 ], [ -83.1747, 38.1267 ], [ -83.1833, 38.1253 ], [ -83.1977, 38.134 ], [ -83.2069, 38.1252 ], [ -83.2233, 38.1319 ], [ -83.2177, 38.1594 ], [ -83.199, 38.1685 ], [ -83.2051, 38.1754 ], [ -83.2436, 38.176 ], [ -83.2643, 38.1874 ], [ -83.2474, 38.1853 ] ] ] } },
{ "type": "Feature", "properties": { "GEOIDFQ": "1400000US21071920402", "NAME": "9204.02", "NAMELSAD": "Census Tract 9204.02" }, "geometry": { "type": "Polygon", "coordinates": [ [ [ -82.6498, 37.4912 ], [ -82.6569, 37.5041 ], [ -82.6515, 37.5251 ], [ -82.6437, 37.5241 ], [ -82.641, 37.5354 ], [ -82.6305, 37.5371 ], [ -82.6294, 37.5273 ], [ -82.6207, 37.5279 ], [ -82.6236, 37.5041 ], [ -82.5981, 37.503 ], [ -82.6004, 37.4943 ], [ -82.5846, 37.4671 ], [ -82.5886, 37.4463 ], [ -82.6018, 37.4373 ], [ -82.6046, 37.4103 ], [ -82.6123, 37.4089 ], [ -82.613, 37.3996 ], [ -82.6195, 37.4101 ], [ -82.6147, 37.4137 ], [ -82.6417, 37.443 ], [ -82.6366, 37.463 ], [ -82.6574, 37.4839 ], [ -82.6498, 37.4912 ] ] ] } },
{ "type": "Feature", "properties": { "GEOIDFQ": "1400000US21071921001", "NAME": "9210.01", "NAMELSAD": "Census Tract 9210.01" }, "geometry": { "type": "Polygon", "coordinates": [ [ [ -82.9427, 37.6978 ], [ -82.9004, 37.6912 ], [ -82.9016, 37.6758 ], [ -82.8893, 37.6781 ], [ -82.8885, 37.67 ], [ -82.8719, 37.6562 ], [ -82.8694, 37.6649 ], [ -82.8534, 37.6611 ], [ -82.8288, 37.6696 ], [ -82.8174, 37.6627 ], [ -82.8102, 37.6648 ], [ -82.7844, 37.6882 ], [ -82.773, 37.664 ], [ -82.7533, 37.6726 ], [ -82.7369, 37.665 ], [ -82.7176, 37.6717 ], [ -82.7133, 37.6504 ], [ -82.696, 37.6373 ], [ -82.7047, 37.6312 ], [ -82.72, 37.6331 ], [ -82.7231, 37.6189 ], [ -82.758, 37.6416 ], [ -82.7775, 37.6453 ], [ -82.7854, 37.6587 ], [ -82.809, 37.6546 ], [ -82.818, 37.6374 ], [ -82.8346, 37.6306 ], [ -82.8492, 37.6122 ], [ -82.8635, 37.6032 ], [ -82.8945, 37.5998 ], [ -82.8991, 37.5949 ], [ -82.9063, 37.6062 ], [ -82.9003, 37.6212 ], [ -82.9067, 37.631 ], [ -82.903, 37.641 ], [ -82.9126, 37.6438 ], [ -82.9117, 37.6532 ], [ -82.9276, 37.6564 ], [ -82.9422, 37.6691 ], [ -82.9427, 37.6978 ] ] ] } },
{ "type": "Feature", "properties": { "GEOIDFQ": "1400000US21071921002", "NAME": "9210.02", "NAMELSAD": "Census Tract 9210.02" }, "geometry": { "type": "Polygon", "coordinates": [ [ [ -82.9393, 37.7173 ], [ -82.9272, 37.7194 ], [ -82.9154, 37.71 ], [ -82.9085, 37.7127 ], [ -82.9008, 37.7032 ], [ -82.8678, 37.7308 ], [ -82.8452, 37.7296 ], [ -82.7857, 37.7461 ], [ -82.762, 37.7402 ], [ -82.7523, 37.7316 ], [ -82.7738, 37.7289 ], [ -82.7627, 37.721 ], [ -82.7733, 37.7107 ], [ -82.7671, 37.698 ], [ -82.8174, 37.6627 ], [ -82.8223, 37.6688 ], [ -82.8365, 37.6693 ], [ -82.8534, 37.6611 ], [ -82.8704, 37.6647 ], [ -82.8719, 37.6562 ], [ -82.8885, 37.67 ], [ -82.8893, 37.6781 ], [ -82.9016, 37.6758 ], [ -82.9004, 37.6912 ], [ -82.9427, 37.698 ], [ -82.9393, 37.7173 ] ] ] } },
{ "type": "Feature", "properties": { "GEOIDFQ": "1400000US21071920302", "NAME": "9203.02", "NAMELSAD": "Census Tract 9203.02" }, "geometry": { "type": "Polygon", "coordinates": [ [ [ -82.7172, 37.5954 ], [ -82.7085, 37.6041 ], [ -82.7176, 37.6125 ], [ -82.7107, 37.6132 ], [ -82.681, 37.5927 ], [ -82.6645, 37.5932 ], [ -82.6634, 37.5736 ], [ -82.6413, 37.5721 ], [ -82.6474, 37.5584 ], [ -82.634, 37.5578 ], [ -82.6305, 37.5371 ], [ -82.6661, 37.536 ], [ -82.671, 37.531 ], [ -82.6857, 37.5352 ], [ -82.6899, 37.5268 ], [ -82.7033, 37.5218 ], [ -82.7126, 37.5246 ], [ -82.7073, 37.5414 ], [ -82.7149, 37.5512 ], [ -82.7092, 37.5574 ], [ -82.7161, 37.5711 ], [ -82.711, 37.5751 ], [ -82.7188, 37.5793 ], [ -82.7172, 37.5954 ] ] ] } },
{ "type": "Feature", "properties": { "GEOIDFQ": "1400000US21071920802", "NAME": "9208.02", "NAMELSAD": "Census Tract 9208.02" }, "geometry": { "type": "Polygon", "coordinates": [ [ [ -82.8664, 37.5632 ], [ -82.8497, 37.5495 ], [ -82.8306, 37.5555 ], [ -82.8275, 37.5723 ], [ -82.8149, 37.5775 ], [ -82.8008, 37.5971 ], [ -82.7854, 37.5875 ], [ -82.7666, 37.587 ], [ -82.7573, 37.5735 ], [ -82.7687, 37.5589 ], [ -82.7566, 37.5515 ], [ -82.7703, 37.5343 ], [ -82.7649, 37.5139 ], [ -82.7728, 37.5017 ], [ -82.7691, 37.4953 ], [ -82.7776, 37.4888 ], [ -82.7699, 37.481 ], [ -82.7732, 37.4691 ], [ -82.8039, 37.4982 ], [ -82.817, 37.5008 ], [ -82.8143, 37.5119 ], [ -82.8201, 37.5179 ], [ -82.836, 37.5155 ], [ -82.8525, 37.5213 ], [ -82.8728, 37.547 ], [ -82.8664, 37.5632 ] ] ] } },
{ "type": "Feature", "properties": { "GEOIDFQ": "1400000US21071920401", "NAME": "9204.01", "NAMELSAD": "Census Tract 9204.01" }, "geometry": { "type": "Polygon", "coordinates": [ [ [ -82.7075, 37.5206 ], [ -82.7075, 37.526 ], [ -82.7033, 37.5218 ], [ -82.6899, 37.5268 ], [ -82.6857, 37.5352 ], [ -82.671, 37.531 ], [ -82.6661, 37.536 ], [ -82.6387, 37.5366 ], [ -82.6436, 37.5242 ], [ -82.6515, 37.5251 ], [ -82.6569, 37.5041 ], [ -82.6498, 37.4912 ], [ -82.6574, 37.4839 ], [ -82.6366, 37.463 ], [ -82.6421, 37.4471 ], [ -82.6378, 37.4332 ], [ -82.6288, 37.431 ], [ -82.6147, 37.4137 ], [ -82.6188, 37.3867 ], [ -82.6286, 37.3807 ], [ -82.6499, 37.3796 ], [ -82.6549, 37.3971 ], [ -82.6697, 37.3889 ], [ -82.6722, 37.3785 ], [ -82.6819, 37.3874 ], [ -82.6679, 37.4016 ], [ -82.6725, 37.409 ], [ -82.668, 37.4134 ], [ -82.6779, 37.4231 ], [ -82.6818, 37.4412 ], [ -82.6919, 37.4438 ], [ -82.6861, 37.4549 ], [ -82.7098, 37.46 ], [ -82.7224, 37.5151 ], [ -82.7075, 37.5206 ] ] ] } },
{ "type": "Feature", "properties": { "GEOIDFQ": "1400000US21071920301", "NAME": "9203.01", "NAMELSAD": "Census Tract 9203.01" }, "geometry": { "type": "Polygon", "coordinates": [ [ [ -82.6577, 37.6196 ], [ -82.6048, 37.6096 ], [ -82.6211, 37.5274 ], [ -82.6298, 37.5278 ], [ -82.634, 37.5578 ], [ -82.6474, 37.5584 ], [ -82.6413, 37.5721 ], [ -82.6634, 37.5736 ], [ -82.665, 37.5936 ], [ -82.6797, 37.5922 ], [ -82.689, 37.6029 ], [ -82.7006, 37.6019 ], [ -82.6577, 37.6196 ] ] ] } },
{ "type": "Feature", "properties": { "GEOIDFQ": "1400000US21071920801", "NAME": "9208.01", "NAMELSAD": "Census Tract 9208.01" }, "geometry": { "type": "Polygon", "coordinates": [ [ [ -82.7656, 37.5057 ], [ -82.7683, 37.5406 ], [ -82.7566, 37.5515 ], [ -82.7687, 37.5589 ], [ -82.7573, 37.5735 ], [ -82.7666, 37.587 ], [ -82.761, 37.585 ], [ -82.7504, 37.5928 ], [ -82.7451, 37.6123 ], [ -82.7274, 37.6234 ], [ -82.7085, 37.6041 ], [ -82.7172, 37.5954 ], [ -82.7188, 37.5793 ], [ -82.711, 37.5751 ], [ -82.7161, 37.5711 ], [ -82.7092, 37.5574 ], [ -82.7149, 37.5512 ], [ -82.7073, 37.5414 ], [ -82.7142, 37.5281 ], [ -82.7072, 37.5208 ], [ -82.7223, 37.5155 ], [ -82.7188, 37.484 ], [ -82.7394, 37.4954 ], [ -82.7609, 37.4971 ], [ -82.7776, 37.4888 ], [ -82.7656, 37.5057 ] ] ] } },
{ "type": "Feature", "properties": { "GEOIDFQ": "1400000US21137920301", "NAME": "9203.01", "NAMELSAD": "Census Tract 9203.01" }, "geometry": { "type": "Polygon", "coordinates": [ [ [ -84.6971, 37.4494 ], [ -84.6828, 37.4659 ], [ -84.6793, 37.4809 ], [ -84.6622, 37.4698 ], [ -84.6395, 37.4664 ], [ -84.6352, 37.456 ], [ -84.6323, 37.469 ], [ -84.6244, 37.4652 ], [ -84.5955, 37.4726 ], [ -84.5838, 37.4415 ], [ -84.5995, 37.4287 ], [ -84.6011, 37.4054 ], [ -84.5913, 37.3961 ], [ -84.5939, 37.3673 ], [ -84.5741, 37.3432 ], [ -84.6481, 37.2904 ], [ -84.6625, 37.3498 ], [ -84.6529, 37.3924 ], [ -84.6713, 37.3931 ], [ -84.6939, 37.406 ], [ -84.7301, 37.4046 ], [ -84.7479, 37.4134 ], [ -84.7498, 37.4223 ], [ -84.6971, 37.4494 ] ] ] } },
{ "type": "Feature", "properties": { "GEOIDFQ": "1400000US21137920302", "NAME": "9203.02", "NAMELSAD": "Census Tract 9203.02" }, "geometry": { "type": "Polygon", "coordinates": [ [ [ -84.7834, 37.3915 ], [ -84.7818, 37.3973 ], [ -84.7642, 37.4038 ], [ -84.753, 37.4113 ], [ -84.7498, 37.4223 ], [ -84.7479, 37.4134 ], [ -84.7301, 37.4046 ], [ -84.6939, 37.406 ], [ -84.6713, 37.3931 ], [ -84.6529, 37.3924 ], [ -84.6625, 37.3498 ], [ -84.6481, 37.2904 ], [ -84.7207, 37.2383 ], [ -84.7159, 37.253 ], [ -84.7242, 37.2867 ], [ -84.7061, 37.2998 ], [ -84.7228, 37.36 ], [ -84.7958, 37.3923 ], [ -84.7834, 37.3915 ] ] ] } },
{ "type": "Feature", "properties": { "GEOIDFQ": "1400000US21111009900", "NAME": "99", "NAMELSAD": "Census Tract 99" }, "geometry": { "type": "Polygon", "coordinates": [ [ [ -85.6231, 38.2603 ], [ -85.619, 38.2516 ], [ -85.6193, 38.2499 ], [ -85.6526, 38.2528 ], [ -85.6231, 38.2603 ] ] ] } },
{ "type": "Feature", "properties": { "GEOIDFQ": "1400000US21067004003", "NAME": "40.03", "NAMELSAD": "Census Tract 40.03" }, "geometry": { "type": "Polygon", "coordinates": [ [ [ -84.4804, 37.9648 ], [ -84.4728, 37.9722 ], [ -84.4668, 37.9657 ], [ -84.4873, 37.9546 ], [ -84.4968, 37.9697 ], [ -84.4804, 37.9648 ] ] ] } },
{ "type": "Feature", "properties": { "GEOIDFQ": "1400000US21167960400", "NAME": "9604", "NAMELSAD": "Census Tract 9604" }, "geometry": { "type": "Polygon", "coordinates": [ [ [ -84.8335, 37.8269 ], [ -84.8244, 37.812 ], [ -84.8026, 37.8091 ], [ -84.8087, 37.7848 ], [ -84.7929, 37.7815 ], [ -84.7943, 37.7566 ], [ -84.7749, 37.7535 ], [ -84.7828, 37.7163 ], [ -84.7936, 37.7172 ], [ -84.8077, 37.7048 ], [ -84.8461, 37.7531 ], [ -84.8498, 37.8239 ], [ -84.8335, 37.8269 ] ] ] } },
{ "type": "Feature", "properties": { "GEOIDFQ": "1400000US21061920200", "NAME": "9202", "NAMELSAD": "Census Tract 9202" }, "geometry": { "type": "Polygon", "coordinates": [ [ [ -86.2074, 37.3326 ], [ -86.2207, 37.3175 ], [ -86.2157, 37.3108 ], [ -86.2343, 37.3096 ], [ -86.215, 37.303 ], [ -86.2184, 37.2929 ], [ -86.2327, 37.2936 ], [ -86.2289, 37.282 ], [ -86.2437, 37.2837 ], [ -86.2533, 37.2726 ], [ -86.2549, 37.2588 ], [ -86.2478, 37.2488 ], [ -86.2591, 37.2374 ], [ -86.2567, 37.2326 ], [ -86.2477, 37.2346 ], [ -86.2501, 37.2256 ], [ -86.2574, 37.2271 ], [ -86.2529, 37.2208 ], [ -86.2644, 37.22 ], [ -86.2671, 37.2142 ], [ -86.2604, 37.2005 ], [ -86.2801, 37.1957 ], [ -86.2948, 37.1816 ], [ -86.2828, 37.1751 ], [ -86.2975, 37.1667 ], [ -86.295, 37.1509 ], [ -86.3056, 37.1508 ], [ -86.3257, 37.1732 ], [ -86.3622, 37.1785 ], [ -86.3775, 37.171 ], [ -86.3931, 37.1755 ], [ -86.3992, 37.1699 ], [ -86.4691, 37.3211 ], [ -86.2074, 37.3326 ] ] ] } },
{ "type": "Feature", "properties": { "GEOIDFQ": "1400000US21205950202", "NAME": "9502.02", "NAMELSAD": "Census Tract 9502.02" }, "geometry": { "type": "Polygon", "coordinates": [ [ [ -83.4735, 38.2005 ], [ -83.4646, 38.2273 ], [ -83.4387, 38.2481 ], [ -83.4339, 38.2466 ], [ -83.4198, 38.2676 ], [ -83.3783, 38.2749 ], [ -83.3732, 38.2706 ], [ -83.3844, 38.2486 ], [ -83.3735, 38.2329 ], [ -83.4126, 38.196 ], [ -83.4308, 38.187 ], [ -83.4404, 38.1723 ], [ -83.4455, 38.179 ], [ -83.4674, 38.1809 ], [ -83.4786, 38.1923 ], [ -83.5152, 38.1879 ], [ -83.4735, 38.2005 ] ] ] } },
{ "type": "Feature", "properties": { "GEOIDFQ": "1400000US21205950301", "NAME": "9503.01", "NAMELSAD": "Census Tract 9503.01" }, "geometry": { "type": "Polygon", "coordinates": [ [ [ -83.4311, 38.1867 ], [ -83.4048, 38.2038 ], [ -83.4115, 38.1928 ], [ -83.4011, 38.1847 ], [ -83.4028, 38.1792 ], [ -83.3926, 38.1764 ], [ -83.3832, 38.1567 ], [ -83.395, 38.1548 ], [ -83.4074, 38.1608 ], [ -83.4145, 38.1261 ], [ -83.4347, 38.1298 ], [ -83.4353, 38.1578 ], [ -83.4413, 38.1658 ], [ -83.4473, 38.1631 ], [ -83.4311, 38.1867 ] ] ] } },
{ "type": "Feature", "properties": { "GEOIDFQ": "1400000US21205950302", "NAME": "9503.02", "NAMELSAD": "Census Tract 9503.02" }, "geometry": { "type": "Polygon", "coordinates": [ [ [ -83.5483, 38.1412 ], [ -83.5196, 38.149 ], [ -83.508, 38.1463 ], [ -83.4961, 38.1538 ], [ -83.4803, 38.1498 ], [ -83.4413, 38.1658 ], [ -83.4341, 38.1522 ], [ -83.438, 38.1356 ], [ -83.4291, 38.1254 ], [ -83.414, 38.1267 ], [ -83.4067, 38.1613 ], [ -83.395, 38.1548 ], [ -83.3517, 38.1518 ], [ -83.3543, 38.1399 ], [ -83.3743, 38.131 ], [ -83.3557, 38.104 ], [ -83.3625, 38.0914 ], [ -83.3511, 38.069 ], [ -83.3714, 38.0696 ], [ -83.3712, 38.0598 ], [ -83.381, 38.0621 ], [ -83.3805, 38.0515 ], [ -83.3899, 38.0546 ], [ -83.3987, 38.0389 ], [ -83.4064, 38.045 ], [ -83.4089, 38.0392 ], [ -83.4169, 38.048 ], [ -83.4305, 38.0471 ], [ -83.4393, 38.0403 ], [ -83.4323, 38.0389 ], [ -83.4352, 38.0326 ], [ -83.4499, 38.0307 ], [ -83.4504, 38.0194 ], [ -83.4634, 38.017 ], [ -83.4687, 38.0215 ], [ -83.4556, 38.0324 ], [ -83.4795, 38.0277 ], [ -83.4636, 38.0498 ], [ -83.4833, 38.0464 ], [ -83.4989, 38.0513 ], [ -83.4805, 38.0691 ], [ -83.4652, 38.0667 ], [ -83.4649, 38.0836 ], [ -83.506, 38.088 ], [ -83.5136, 38.0695 ], [ -83.517, 38.0847 ], [ -83.5229, 38.0845 ], [ -83.5196, 38.0889 ], [ -83.5344, 38.0947 ], [ -83.5153, 38.1081 ], [ -83.5201, 38.1161 ], [ -83.5327, 38.1204 ], [ -83.5547, 38.1124 ], [ -83.5592, 38.1161 ], [ -83.5483, 38.1412 ] ] ] } },
{ "type": "Feature", "properties": { "GEOIDFQ": "1400000US21205950201", "NAME": "9502.01", "NAMELSAD": "Census Tract 9502.01" }, "geometry": { "type": "Polygon", "coordinates": [ [ [ -83.6143, 38.1491 ], [ -83.6185, 38.1557 ], [ -83.5653, 38.1816 ], [ -83.5393, 38.1864 ], [ -83.4786, 38.1923 ], [ -83.467, 38.1807 ], [ -83.4455, 38.179 ], [ -83.4394, 38.1699 ], [ -83.4774, 38.1506 ], [ -83.4976, 38.1535 ], [ -83.5087, 38.1462 ], [ -83.5194, 38.1491 ], [ -83.5508, 38.143 ], [ -83.5542, 38.1355 ], [ -83.5583, 38.1459 ], [ -83.5841, 38.1463 ], [ -83.604, 38.1238 ], [ -83.6216, 38.1491 ], [ -83.6143, 38.1491 ] ] ] } },
{ "type": "Feature", "properties": { "GEOIDFQ": "1400000US21195931101", "NAME": "9311.01", "NAMELSAD": "Census Tract 9311.01" }, "geometry": { "type": "Polygon", "coordinates": [ [ [ -82.4458, 37.4368 ], [ -82.4427, 37.4506 ], [ -82.4315, 37.457 ], [ -82.4369, 37.4707 ], [ -82.4218, 37.4621 ], [ -82.4272, 37.4755 ], [ -82.4081, 37.4786 ], [ -82.4044, 37.4537 ], [ -82.3952, 37.4634 ], [ -82.39, 37.4566 ], [ -82.3807, 37.4675 ], [ -82.3793, 37.4627 ], [ -82.3736, 37.4667 ], [ -82.3734, 37.4604 ], [ -82.3673, 37.4635 ], [ -82.3681, 37.4564 ], [ -82.3574, 37.4654 ], [ -82.36, 37.4315 ], [ -82.3683, 37.4265 ], [ -82.3729, 37.4312 ], [ -82.3809, 37.4213 ], [ -82.3854, 37.4279 ], [ -82.3926, 37.4246 ], [ -82.3684, 37.4054 ], [ -82.3698, 37.3959 ], [ -82.3861, 37.3964 ], [ -82.3915, 37.3796 ], [ -82.4068, 37.3638 ], [ -82.4314, 37.3752 ], [ -82.4391, 37.3854 ], [ -82.4329, 37.3909 ], [ -82.4346, 37.4031 ], [ -82.4627, 37.4195 ], [ -82.4458, 37.4368 ] ] ] } },
{ "type": "Feature", "properties": { "GEOIDFQ": "1400000US21195931102", "NAME": "9311.02", "NAMELSAD": "Census Tract 9311.02" }, "geometry": { "type": "Polygon", "coordinates": [ [ [ -82.5171, 37.4051 ], [ -82.5072, 37.4065 ], [ -82.5057, 37.4172 ], [ -82.4948, 37.4148 ], [ -82.4999, 37.426 ], [ -82.4881, 37.4332 ], [ -82.4368, 37.4055 ], [ -82.4329, 37.3911 ], [ -82.439, 37.3851 ], [ -82.4137, 37.3639 ], [ -82.4344, 37.3487 ], [ -82.4571, 37.361 ], [ -82.477, 37.3535 ], [ -82.4855, 37.3577 ], [ -82.4931, 37.3544 ], [ -82.4978, 37.3391 ], [ -82.5098, 37.3365 ], [ -82.5188, 37.3455 ], [ -82.5116, 37.3588 ], [ -82.5187, 37.3784 ], [ -82.5146, 37.3878 ], [ -82.5237, 37.3938 ], [ -82.5171, 37.4051 ] ] ] } },
{ "type": "Feature", "properties": { "GEOIDFQ": "1400000US21153970202", "NAME": "9702.02", "NAMELSAD": "Census Tract 9702.02" }, "geometry": { "type": "Polygon", "coordinates": [ [ [ -83.0841, 37.7516 ], [ -83.0793, 37.7464 ], [ -83.0576, 37.7555 ], [ -83.0631, 37.7899 ], [ -83.0062, 37.7992 ], [ -83.0042, 37.7893 ], [ -82.9836, 37.8015 ], [ -82.9641, 37.8013 ], [ -82.9506, 37.7947 ], [ -82.9482, 37.7203 ], [ -82.957, 37.7156 ], [ -82.9723, 37.7116 ], [ -82.9901, 37.7286 ], [ -83.0532, 37.7418 ], [ -83.0797, 37.7302 ], [ -83.0967, 37.7367 ], [ -83.0841, 37.7516 ] ] ] } },
{ "type": "Feature", "properties": { "GEOIDFQ": "1400000US21195930301", "NAME": "9303.01", "NAMELSAD": "Census Tract 9303.01" }, "geometry": { "type": "Polygon", "coordinates": [ [ [ -82.5191, 37.4805 ], [ -82.5248, 37.4853 ], [ -82.5332, 37.4817 ], [ -82.5299, 37.4865 ], [ -82.5133, 37.483 ], [ -82.521, 37.4735 ], [ -82.535, 37.4729 ], [ -82.5191, 37.4805 ] ] ] } },
{ "type": "Feature", "properties": { "GEOIDFQ": "1400000US21195930201", "NAME": "9302.01", "NAMELSAD": "Census Tract 9302.01" }, "geometry": { "type": "Polygon", "coordinates": [ [ [ -82.6157, 37.5361 ], [ -82.6012, 37.5303 ], [ -82.5876, 37.5418 ], [ -82.5672, 37.5157 ], [ -82.5361, 37.5073 ], [ -82.5315, 37.4956 ], [ -82.4932, 37.5041 ], [ -82.4877, 37.5119 ], [ -82.4909, 37.4923 ], [ -82.5133, 37.483 ], [ -82.5282, 37.4871 ], [ -82.5545, 37.4759 ], [ -82.5878, 37.4981 ], [ -82.6001, 37.494 ], [ -82.5961, 37.5001 ], [ -82.6023, 37.5056 ], [ -82.6231, 37.5035 ], [ -82.6244, 37.521 ], [ -82.6157, 37.5361 ] ] ] } },
{ "type": "Feature", "properties": { "GEOIDFQ": "1400000US21195930202", "NAME": "9302.02", "NAMELSAD": "Census Tract 9302.02" }, "geometry": { "type": "Polygon", "coordinates": [ [ [ -82.6009, 37.6292 ], [ -82.5936, 37.6199 ], [ -82.5827, 37.6217 ], [ -82.5818, 37.6178 ], [ -82.5632, 37.634 ], [ -82.5541, 37.6333 ], [ -82.5524, 37.62 ], [ -82.5435, 37.6127 ], [ -82.5371, 37.6147 ], [ -82.5357, 37.6009 ], [ -82.5254, 37.6031 ], [ -82.5218, 37.5926 ], [ -82.5272, 37.5367 ], [ -82.5077, 37.5345 ], [ -82.4943, 37.5133 ], [ -82.4875, 37.5142 ], [ -82.4908, 37.5058 ], [ -82.5315, 37.4956 ], [ -82.5361, 37.5073 ], [ -82.5672, 37.5157 ], [ -82.588, 37.5419 ], [ -82.6012, 37.5303 ], [ -82.6147, 37.5366 ], [ -82.6207, 37.5279 ], [ -82.6009, 37.6292 ] ] ] } },
{ "type": "Feature", "properties": { "GEOIDFQ": "1400000US21195930302", "NAME": "9303.02", "NAMELSAD": "Census Tract 9303.02" }, "geometry": { "type": "Polygon", "coordinates": [ [ [ -82.5199, 37.4833 ], [ -82.5236, 37.4754 ], [ -82.535, 37.4731 ], [ -82.526, 37.4644 ], [ -82.5355, 37.4672 ], [ -82.5434, 37.4791 ], [ -82.5199, 37.4833 ] ] ] } },
{ "type": "Feature", "properties": { "GEOIDFQ": "1400000US21101020901", "NAME": "209.01", "NAMELSAD": "Census Tract 209.01" }, "geometry": { "type": "Polygon", "coordinates": [ [ [ -87.7201, 37.7266 ], [ -87.7108, 37.736 ], [ -87.7032, 37.7348 ], [ -87.6953, 37.7524 ], [ -87.6969, 37.7681 ], [ -87.671, 37.791 ], [ -87.6543, 37.7899 ], [ -87.6565, 37.7797 ], [ -87.5879, 37.8089 ], [ -87.5958, 37.7945 ], [ -87.5942, 37.7663 ], [ -87.5848, 37.7598 ], [ -87.5768, 37.7219 ], [ -87.5914, 37.7035 ], [ -87.5739, 37.6835 ], [ -87.5807, 37.674 ], [ -87.5978, 37.6735 ], [ -87.6023, 37.6434 ], [ -87.7345, 37.6384 ], [ -87.7545, 37.6694 ], [ -87.7556, 37.7278 ], [ -87.7201, 37.7266 ] ] ] } },
{ "type": "Feature", "properties": { "GEOIDFQ": "1400000US21101020604", "NAME": "206.04", "NAMELSAD": "Census Tract 206.04" }, "geometry": { "type": "Polygon", "coordinates": [ [ [ -87.5839, 37.8725 ], [ -87.589, 37.8862 ], [ -87.569, 37.8927 ], [ -87.5709, 37.8826 ], [ -87.5634, 37.8829 ], [ -87.5678, 37.8753 ], [ -87.5576, 37.8686 ], [ -87.5767, 37.8555 ], [ -87.5755, 37.8645 ], [ -87.5835, 37.8586 ], [ -87.5914, 37.8608 ], [ -87.5839, 37.8725 ] ] ] } },
{ "type": "Feature", "properties": { "GEOIDFQ": "1400000US21101020704", "NAME": "207.04", "NAMELSAD": "Census Tract 207.04" }, "geometry": { "type": "Polygon", "coordinates": [ [ [ -87.5537, 37.806 ], [ -87.5482, 37.8259 ], [ -87.4811, 37.8148 ], [ -87.4496, 37.853 ], [ -87.4609, 37.8592 ], [ -87.3963, 37.863 ], [ -87.3543, 37.8508 ], [ -87.3457, 37.8588 ], [ -87.3164, 37.8463 ], [ -87.3242, 37.8089 ], [ -87.3377, 37.8126 ], [ -87.342, 37.8037 ], [ -87.3521, 37.8103 ], [ -87.3674, 37.8012 ], [ -87.3775, 37.8021 ], [ -87.3965, 37.7809 ], [ -87.4429, 37.8024 ], [ -87.456, 37.7744 ], [ -87.4708, 37.781 ], [ -87.4977, 37.7457 ], [ -87.5171, 37.7453 ], [ -87.5407, 37.758 ], [ -87.5439, 37.7709 ], [ -87.5664, 37.7851 ], [ -87.5726, 37.8046 ], [ -87.5537, 37.806 ] ] ] } },
{ "type": "Feature", "properties": { "GEOIDFQ": "1400000US21101020902", "NAME": "209.02", "NAMELSAD": "Census Tract 209.02" }, "geometry": { "type": "Polygon", "coordinates": [ [ [ -87.9039, 37.9255 ], [ -87.8828, 37.9262 ], [ -87.8661, 37.9152 ], [ -87.8389, 37.8802 ], [ -87.8075, 37.8752 ], [ -87.7867, 37.8766 ], [ -87.7592, 37.8917 ], [ -87.7159, 37.8929 ], [ -87.68, 37.9032 ], [ -87.664, 37.8875 ], [ -87.6817, 37.8563 ], [ -87.6777, 37.8342 ], [ -87.6703, 37.828 ], [ -87.6374, 37.8269 ], [ -87.6423, 37.8183 ], [ -87.6351, 37.816 ], [ -87.641, 37.8138 ], [ -87.6367, 37.8089 ], [ -87.6004, 37.8187 ], [ -87.5957, 37.814 ], [ -87.6056, 37.8105 ], [ -87.5976, 37.8081 ], [ -87.6565, 37.7797 ], [ -87.6543, 37.7899 ], [ -87.673, 37.7899 ], [ -87.697, 37.7679 ], [ -87.6953, 37.7524 ], [ -87.7032, 37.7348 ], [ -87.7108, 37.736 ], [ -87.7186, 37.7271 ], [ -87.7552, 37.7289 ], [ -87.766, 37.7491 ], [ -87.7622, 37.7627 ], [ -87.7783, 37.7651 ], [ -87.7842, 37.7518 ], [ -87.7993, 37.7601 ], [ -87.7931, 37.7716 ], [ -87.8117, 37.771 ], [ -87.8151, 37.7624 ], [ -87.9271, 37.9017 ], [ -87.9039, 37.9255 ] ] ] } },
{ "type": "Feature", "properties": { "GEOIDFQ": "1400000US21121930603", "NAME": "9306.03", "NAMELSAD": "Census Tract 9306.03" }, "geometry": { "type": "Polygon", "coordinates": [ [ [ -83.8738, 36.9346 ], [ -83.8595, 36.9283 ], [ -83.8582, 36.9143 ], [ -83.8231, 36.9116 ], [ -83.8354, 36.9061 ], [ -83.8443, 36.8892 ], [ -83.853, 36.8887 ], [ -83.8552, 36.8731 ], [ -83.8507, 36.8611 ], [ -83.8441, 36.8615 ], [ -83.8533, 36.8525 ], [ -83.8785, 36.8622 ], [ -83.8938, 36.9103 ], [ -83.8738, 36.9346 ] ] ] } },
{ "type": "Feature", "properties": { "GEOIDFQ": "1400000US21101020101", "NAME": "201.01", "NAMELSAD": "Census Tract 201.01" }, "geometry": { "type": "Polygon", "coordinates": [ [ [ -87.5889, 37.8606 ], [ -87.5755, 37.8645 ], [ -87.5789, 37.8404 ], [ -87.5992, 37.8466 ], [ -87.5889, 37.8606 ] ] ] } },
{ "type": "Feature", "properties": { "GEOIDFQ": "1400000US21111007000", "NAME": "70", "NAMELSAD": "Census Tract 70" }, "geometry": { "type": "Polygon", "coordinates": [ [ [ -85.7333, 38.2259 ], [ -85.7296, 38.2234 ], [ -85.7415, 38.213 ], [ -85.7333, 38.2259 ] ] ] } },
{ "type": "Feature", "properties": { "GEOIDFQ": "1400000US21111007400", "NAME": "74", "NAMELSAD": "Census Tract 74" }, "geometry": { "type": "Polygon", "coordinates": [ [ [ -85.7053, 38.2853 ], [ -85.6932, 38.276 ], [ -85.7125, 38.264 ], [ -85.6999, 38.2537 ], [ -85.7279, 38.2621 ], [ -85.7412, 38.2603 ], [ -85.7447, 38.2672 ], [ -85.7053, 38.2853 ] ] ] } },
{ "type": "Feature", "properties": { "GEOIDFQ": "1400000US21111007601", "NAME": "76.01", "NAMELSAD": "Census Tract 76.01" }, "geometry": { "type": "Polygon", "coordinates": [ [ [ -85.6858, 38.2606 ], [ -85.6843, 38.2546 ], [ -85.6999, 38.2537 ], [ -85.7017, 38.2578 ], [ -85.6858, 38.2606 ] ] ] } },
{ "type": "Feature", "properties": { "GEOIDFQ": "1400000US21111007602", "NAME": "76.02", "NAMELSAD": "Census Tract 76.02" }, "geometry": { "type": "Polygon", "coordinates": [ [ [ -85.7058, 38.2684 ], [ -85.6926, 38.2596 ], [ -85.7013, 38.2583 ], [ -85.7125, 38.2597 ], [ -85.7058, 38.2684 ] ] ] } },
{ "type": "Feature", "properties": { "GEOIDFQ": "1400000US21215080200", "NAME": "802", "NAMELSAD": "Census Tract 802" }, "geometry": { "type": "Polygon", "coordinates": [ [ [ -85.3807, 38.0034 ], [ -85.3822, 38.0174 ], [ -85.3579, 38.0073 ], [ -85.3467, 38.0267 ], [ -85.3522, 38.0339 ], [ -85.3296, 38.0393 ], [ -85.3393, 38.0545 ], [ -85.3195, 38.0538 ], [ -85.311, 38.0597 ], [ -85.3264, 38.068 ], [ -85.3243, 38.0758 ], [ -85.3027, 38.0623 ], [ -85.2952, 38.0657 ], [ -85.3057, 38.0744 ], [ -85.2778, 38.0881 ], [ -85.2851, 38.1031 ], [ -85.2324, 38.0894 ], [ -85.1016, 38.0373 ], [ -85.1093, 38.0272 ], [ -85.1262, 38.0206 ], [ -85.1232, 38.0098 ], [ -85.1303, 37.9962 ], [ -85.1402, 38.0026 ], [ -85.1426, 37.9969 ], [ -85.1505, 37.9996 ], [ -85.1522, 37.9881 ], [ -85.1636, 37.9913 ], [ -85.1615, 38.0015 ], [ -85.1688, 37.9984 ], [ -85.1678, 37.9718 ], [ -85.3525, 37.945 ], [ -85.3493, 37.9655 ], [ -85.3603, 37.962 ], [ -85.3672, 37.9809 ], [ -85.3609, 37.9945 ], [ -85.3887, 37.9926 ], [ -85.3964, 37.9987 ], [ -85.3807, 38.0034 ] ] ] } },
{ "type": "Feature", "properties": { "GEOIDFQ": "1400000US21121930502", "NAME": "9305.02", "NAMELSAD": "Census Tract 9305.02" }, "geometry": { "type": "Polygon", "coordinates": [ [ [ -83.9163, 36.8667 ], [ -83.9093, 36.8571 ], [ -83.9097, 36.8667 ], [ -83.898, 36.869 ], [ -83.9053, 36.8763 ], [ -83.8847, 36.886 ], [ -83.8788, 36.8628 ], [ -83.8692, 36.8564 ], [ -83.8738, 36.857 ], [ -83.8688, 36.8425 ], [ -83.8764, 36.8416 ], [ -83.8747, 36.829 ], [ -83.8653, 36.8252 ], [ -83.8974, 36.8221 ], [ -83.9046, 36.8333 ], [ -83.9149, 36.8314 ], [ -83.9143, 36.8586 ], [ -83.9233, 36.8624 ], [ -83.9163, 36.8667 ] ] ] } },
{ "type": "Feature", "properties": { "GEOIDFQ": "1400000US21121930501", "NAME": "9305.01", "NAMELSAD": "Census Tract 9305.01" }, "geometry": { "type": "Polygon", "coordinates": [ [ [ -84.0357, 36.8831 ], [ -84.0262, 36.8906 ], [ -84.0015, 36.8901 ], [ -84.003, 36.9022 ], [ -83.9917, 36.9025 ], [ -83.999, 36.9095 ], [ -83.9873, 36.9225 ], [ -83.9655, 36.9202 ], [ -83.9545, 36.9105 ], [ -83.9348, 36.9059 ], [ -83.9184, 36.914 ], [ -83.8972, 36.9125 ], [ -83.8847, 36.886 ], [ -83.9053, 36.8763 ], [ -83.898, 36.869 ], [ -83.9097, 36.8667 ], [ -83.9093, 36.8571 ], [ -83.9163, 36.8667 ], [ -83.9232, 36.8632 ], [ -83.9125, 36.8508 ], [ -83.9165, 36.8274 ], [ -83.9272, 36.815 ], [ -83.9411, 36.81 ], [ -83.9594, 36.8207 ], [ -83.9778, 36.8229 ], [ -83.974, 36.81 ], [ -83.9795, 36.8004 ], [ -83.9608, 36.7974 ], [ -83.9806, 36.7915 ], [ -83.9843, 36.8017 ], [ -83.9996, 36.8009 ], [ -84.0049, 36.8154 ], [ -84.0274, 36.8186 ], [ -84.0435, 36.8388 ], [ -84.0393, 36.8485 ], [ -84.0523, 36.8556 ], [ -84.0557, 36.8502 ], [ -84.0658, 36.854 ], [ -84.0598, 36.8686 ], [ -84.0663, 36.871 ], [ -84.0698, 36.887 ], [ -84.0357, 36.8831 ] ] ] } },
{ "type": "Feature", "properties": { "GEOIDFQ": "1400000US21121930402", "NAME": "9304.02", "NAMELSAD": "Census Tract 9304.02" }, "geometry": { "type": "Polygon", "coordinates": [ [ [ -84.0677, 36.9749 ], [ -84.0417, 36.9768 ], [ -84.033, 36.9886 ], [ -84.0174, 36.9846 ], [ -84.0246, 36.9725 ], [ -84.0117, 36.943 ], [ -84.0172, 36.9224 ], [ -84.0026, 36.9039 ], [ -84.0015, 36.8901 ], [ -84.051, 36.8847 ], [ -84.0566, 36.916 ], [ -84.0509, 36.9477 ], [ -84.0803, 36.9638 ], [ -84.0677, 36.9749 ] ] ] } },
{ "type": "Feature", "properties": { "GEOIDFQ": "1400000US21121930401", "NAME": "9304.01", "NAMELSAD": "Census Tract 9304.01" }, "geometry": { "type": "Polygon", "coordinates": [ [ [ -84.0803, 36.9638 ], [ -84.0509, 36.9477 ], [ -84.0566, 36.916 ], [ -84.051, 36.8847 ], [ -84.0683, 36.8861 ], [ -84.085, 36.9022 ], [ -84.0863, 36.9202 ], [ -84.0802, 36.928 ], [ -84.0946, 36.9537 ], [ -84.0803, 36.9638 ] ] ] } },
{ "type": "Feature", "properties": { "GEOIDFQ": "1400000US21121930604", "NAME": "9306.04", "NAMELSAD": "Census Tract 9306.04" }, "geometry": { "type": "Polygon", "coordinates": [ [ [ -83.8525, 36.8894 ], [ -83.8437, 36.8897 ], [ -83.8263, 36.9116 ], [ -83.797, 36.9043 ], [ -83.7841, 36.9081 ], [ -83.7759, 36.8932 ], [ -83.7627, 36.8956 ], [ -83.7577, 36.8682 ], [ -83.7511, 36.8628 ], [ -83.7446, 36.8655 ], [ -83.7328, 36.8478 ], [ -83.7198, 36.8429 ], [ -83.7205, 36.8334 ], [ -83.7102, 36.8247 ], [ -83.7377, 36.8091 ], [ -83.7438, 36.7965 ], [ -83.7554, 36.8003 ], [ -83.7537, 36.8107 ], [ -83.7712, 36.8188 ], [ -83.7964, 36.8634 ], [ -83.8235, 36.8765 ], [ -83.8501, 36.8609 ], [ -83.8525, 36.8894 ] ] ] } },
{ "type": "Feature", "properties": { "GEOIDFQ": "1400000US21183920700", "NAME": "9207", "NAMELSAD": "Census Tract 9207" }, "geometry": { "type": "Polygon", "coordinates": [ [ [ -87.1238, 37.3608 ], [ -87.0941, 37.3781 ], [ -87.1048, 37.4616 ], [ -87.1204, 37.4686 ], [ -87.1354, 37.4854 ], [ -87.1235, 37.4865 ], [ -87.1131, 37.4716 ], [ -87.0749, 37.5159 ], [ -87.0335, 37.5045 ], [ -87.0036, 37.5058 ], [ -86.9809, 37.4952 ], [ -86.9723, 37.4826 ], [ -86.9454, 37.477 ], [ -86.9576, 37.4392 ], [ -86.9677, 37.4382 ], [ -86.971, 37.4436 ], [ -86.9799, 37.4362 ], [ -86.9787, 37.4265 ], [ -86.9633, 37.4268 ], [ -86.9623, 37.4127 ], [ -86.9528, 37.4124 ], [ -86.9668, 37.3801 ], [ -86.9564, 37.3596 ], [ -86.9772, 37.3618 ], [ -86.9838, 37.3477 ], [ -86.9947, 37.3511 ], [ -87.012, 37.3457 ], [ -87.0306, 37.3633 ], [ -87.0706, 37.3705 ], [ -87.0883, 37.3588 ], [ -87.1038, 37.3279 ], [ -87.1211, 37.3259 ], [ -87.1374, 37.3407 ], [ -87.1238, 37.3608 ] ] ] } },
{ "type": "Feature", "properties": { "GEOIDFQ": "1400000US21171930400", "NAME": "9304", "NAMELSAD": "Census Tract 9304" }, "geometry": { "type": "Polygon", "coordinates": [ [ [ -85.7462, 36.7534 ], [ -85.7235, 36.7589 ], [ -85.7189, 36.7514 ], [ -85.6969, 36.7461 ], [ -85.6826, 36.7606 ], [ -85.6684, 36.7568 ], [ -85.6517, 36.7635 ], [ -85.6541, 36.7725 ], [ -85.6425, 36.785 ], [ -85.6531, 36.7949 ], [ -85.6222, 36.819 ], [ -85.6195, 36.8313 ], [ -85.6024, 36.8296 ], [ -85.5888, 36.7773 ], [ -85.5762, 36.7782 ], [ -85.571, 36.7707 ], [ -85.5425, 36.7748 ], [ -85.5393, 36.7589 ], [ -85.5278, 36.7514 ], [ -85.5174, 36.7313 ], [ -85.5085, 36.7368 ], [ -85.471, 36.7332 ], [ -85.4969, 36.6907 ], [ -85.4364, 36.6187 ], [ -85.5015, 36.6149 ], [ -85.6742, 36.6199 ], [ -85.6823, 36.636 ], [ -85.6765, 36.6497 ], [ -85.6879, 36.6724 ], [ -85.6882, 36.7 ], [ -85.7194, 36.7186 ], [ -85.7462, 36.7534 ] ] ] } },
{ "type": "Feature", "properties": { "GEOIDFQ": "1400000US21037050500", "NAME": "505", "NAMELSAD": "Census Tract 505" }, "geometry": { "type": "Polygon", "coordinates": [ [ [ -84.4889, 39.0908 ], [ -84.4854, 39.0869 ], [ -84.4908, 39.0818 ], [ -84.4963, 39.0868 ], [ -84.4889, 39.0908 ] ] ] } },
{ "type": "Feature", "properties": { "GEOIDFQ": "1400000US21037050600", "NAME": "506", "NAMELSAD": "Census Tract 506" }, "geometry": { "type": "Polygon", "coordinates": [ [ [ -84.4963, 39.0868 ], [ -84.4908, 39.0818 ], [ -84.4978, 39.0769 ], [ -84.4963, 39.0868 ] ] ] } },
{ "type": "Feature", "properties": { "GEOIDFQ": "1400000US21037051101", "NAME": "511.01", "NAMELSAD": "Census Tract 511.01" }, "geometry": { "type": "Polygon", "coordinates": [ [ [ -84.4764, 39.1195 ], [ -84.4698, 39.1122 ], [ -84.4776, 39.1068 ], [ -84.4827, 39.116 ], [ -84.4764, 39.1195 ] ] ] } },
{ "type": "Feature", "properties": { "GEOIDFQ": "1400000US21183920400", "NAME": "9204", "NAMELSAD": "Census Tract 9204" }, "geometry": { "type": "Polygon", "coordinates": [ [ [ -86.7994, 37.4799 ], [ -86.7662, 37.4738 ], [ -86.762, 37.4663 ], [ -86.7467, 37.4638 ], [ -86.7406, 37.4531 ], [ -86.7344, 37.4719 ], [ -86.7372, 37.5189 ], [ -86.7557, 37.5388 ], [ -86.751, 37.543 ], [ -86.7355, 37.5384 ], [ -86.7139, 37.5485 ], [ -86.7009, 37.5436 ], [ -86.6975, 37.5483 ], [ -86.6641, 37.5461 ], [ -86.6121, 37.3951 ], [ -86.6999, 37.3412 ], [ -86.6934, 37.3731 ], [ -86.7104, 37.3748 ], [ -86.7114, 37.4062 ], [ -86.7255, 37.4121 ], [ -86.771, 37.4125 ], [ -86.7864, 37.4321 ], [ -86.8052, 37.4334 ], [ -86.8134, 37.4551 ], [ -86.7994, 37.4799 ] ] ] } },
{ "type": "Feature", "properties": { "GEOIDFQ": "1400000US21183920100", "NAME": "9201", "NAMELSAD": "Census Tract 9201" }, "geometry": { "type": "Polygon", "coordinates": [ [ [ -86.9164, 37.6263 ], [ -86.9168, 37.6313 ], [ -86.9044, 37.63 ], [ -86.8924, 37.643 ], [ -86.8787, 37.6429 ], [ -86.8175, 37.6738 ], [ -86.8666, 37.7088 ], [ -86.8234, 37.7378 ], [ -86.6389, 37.6619 ], [ -86.6408, 37.6192 ], [ -86.6251, 37.6043 ], [ -86.6193, 37.5852 ], [ -86.5937, 37.5598 ], [ -86.5765, 37.5521 ], [ -86.5796, 37.5472 ], [ -86.5973, 37.5459 ], [ -86.5975, 37.5376 ], [ -86.6106, 37.5443 ], [ -86.6046, 37.5509 ], [ -86.6201, 37.554 ], [ -86.625, 37.5656 ], [ -86.6347, 37.5673 ], [ -86.6485, 37.5549 ], [ -86.6645, 37.557 ], [ -86.6673, 37.5465 ], [ -86.6975, 37.5483 ], [ -86.7014, 37.5436 ], [ -86.7217, 37.5473 ], [ -86.7273, 37.5648 ], [ -86.7416, 37.5626 ], [ -86.7451, 37.5729 ], [ -86.7662, 37.56 ], [ -86.774, 37.5646 ], [ -86.7815, 37.5538 ], [ -86.7962, 37.5584 ], [ -86.7989, 37.5498 ], [ -86.8064, 37.5521 ], [ -86.8023, 37.5563 ], [ -86.8166, 37.5581 ], [ -86.817, 37.5644 ], [ -86.8276, 37.5585 ], [ -86.8392, 37.5627 ], [ -86.8418, 37.554 ], [ -86.8582, 37.5692 ], [ -86.8498, 37.5821 ], [ -86.8482, 37.6088 ], [ -86.888, 37.6098 ], [ -86.8877, 37.6191 ], [ -86.9259, 37.6247 ], [ -86.9164, 37.6263 ] ] ] } },
{ "type": "Feature", "properties": { "GEOIDFQ": "1400000US21183920300", "NAME": "9203", "NAMELSAD": "Census Tract 9203" }, "geometry": { "type": "Polygon", "coordinates": [ [ [ -86.971, 37.4436 ], [ -86.9677, 37.4382 ], [ -86.9576, 37.4392 ], [ -86.9454, 37.477 ], [ -86.9208, 37.4727 ], [ -86.9134, 37.476 ], [ -86.9098, 37.4908 ], [ -86.9001, 37.476 ], [ -86.8987, 37.4942 ], [ -86.8773, 37.4766 ], [ -86.8625, 37.5083 ], [ -86.8842, 37.5068 ], [ -86.8881, 37.5123 ], [ -86.8823, 37.5107 ], [ -86.8807, 37.5193 ], [ -86.8674, 37.5156 ], [ -86.8717, 37.5184 ], [ -86.8659, 37.5305 ], [ -86.8776, 37.5371 ], [ -86.8642, 37.5463 ], [ -86.861, 37.5568 ], [ -86.8528, 37.5536 ], [ -86.8544, 37.5617 ], [ -86.8413, 37.554 ], [ -86.8392, 37.5627 ], [ -86.8276, 37.5585 ], [ -86.817, 37.5644 ], [ -86.8166, 37.5581 ], [ -86.8023, 37.5563 ], [ -86.8064, 37.5521 ], [ -86.7994, 37.5497 ], [ -86.7962, 37.5584 ], [ -86.7815, 37.5538 ], [ -86.774, 37.5646 ], [ -86.7662, 37.56 ], [ -86.7451, 37.5729 ], [ -86.7416, 37.5626 ], [ -86.7281, 37.5655 ], [ -86.7237, 37.5607 ], [ -86.7247, 37.5444 ], [ -86.7355, 37.5384 ], [ -86.7449, 37.5439 ], [ -86.7557, 37.5388 ], [ -86.7372, 37.5189 ], [ -86.7344, 37.4719 ], [ -86.7406, 37.4531 ], [ -86.7467, 37.4638 ], [ -86.762, 37.4663 ], [ -86.7662, 37.4738 ], [ -86.7994, 37.4799 ], [ -86.8069, 37.4649 ], [ -86.8188, 37.4667 ], [ -86.8596, 37.4351 ], [ -86.8882, 37.4431 ], [ -86.9103, 37.4337 ], [ -86.9057, 37.4124 ], [ -86.9294, 37.4257 ], [ -86.9445, 37.4136 ], [ -86.9604, 37.4112 ], [ -86.96, 37.4229 ], [ -86.9718, 37.4297 ], [ -86.9786, 37.4265 ], [ -86.9799, 37.4362 ], [ -86.971, 37.4436 ] ] ] } },
{ "type": "Feature", "properties": { "GEOIDFQ": "1400000US21151011304", "NAME": "113.04", "NAMELSAD": "Census Tract 113.04" }, "geometry": { "type": "Polygon", "coordinates": [ [ [ -84.2571, 37.5636 ], [ -84.27, 37.5434 ], [ -84.2874, 37.5628 ], [ -84.2888, 37.5716 ], [ -84.2571, 37.5636 ] ] ] } },
{ "type": "Feature", "properties": { "GEOIDFQ": "1400000US21037051200", "NAME": "512", "NAMELSAD": "Census Tract 512" }, "geometry": { "type": "Polygon", "coordinates": [ [ [ -84.4588, 39.1214 ], [ -84.441, 39.1096 ], [ -84.4698, 39.1122 ], [ -84.4761, 39.1198 ], [ -84.4588, 39.1214 ] ] ] } },
{ "type": "Feature", "properties": { "GEOIDFQ": "1400000US21037052100", "NAME": "521", "NAMELSAD": "Census Tract 521" }, "geometry": { "type": "Polygon", "coordinates": [ [ [ -84.4852, 39.1137 ], [ -84.4776, 39.1068 ], [ -84.4797, 39.0948 ], [ -84.4939, 39.1029 ], [ -84.4852, 39.1137 ] ] ] } },
{ "type": "Feature", "properties": { "GEOIDFQ": "1400000US21037052200", "NAME": "522", "NAMELSAD": "Census Tract 522" }, "geometry": { "type": "Polygon", "coordinates": [ [ [ -84.4776, 39.1068 ], [ -84.4632, 39.1021 ], [ -84.4756, 39.0925 ], [ -84.4776, 39.1068 ] ] ] } },
{ "type": "Feature", "properties": { "GEOIDFQ": "1400000US21037052800", "NAME": "528", "NAMELSAD": "Census Tract 528" }, "geometry": { "type": "Polygon", "coordinates": [ [ [ -84.4655, 39.066 ], [ -84.4551, 39.0641 ], [ -84.4335, 39.0728 ], [ -84.4295, 39.0576 ], [ -84.4608, 39.0458 ], [ -84.4694, 39.0559 ], [ -84.4655, 39.066 ] ] ] } },
{ "type": "Feature", "properties": { "GEOIDFQ": "1400000US21037053302", "NAME": "533.02", "NAMELSAD": "Census Tract 533.02" }, "geometry": { "type": "Polygon", "coordinates": [ [ [ -84.4872, 39.0664 ], [ -84.485, 39.0544 ], [ -84.4667, 39.0685 ], [ -84.4691, 39.0541 ], [ -84.4519, 39.0315 ], [ -84.4893, 39.0229 ], [ -84.4852, 39.041 ], [ -84.4972, 39.0552 ], [ -84.4978, 39.0769 ], [ -84.4872, 39.0664 ] ] ] } },
{ "type": "Feature", "properties": { "GEOIDFQ": "1400000US21189930100", "NAME": "9301", "NAMELSAD": "Census Tract 9301" }, "geometry": { "type": "Polygon", "coordinates": [ [ [ -83.7691, 37.4919 ], [ -83.743, 37.4943 ], [ -83.745, 37.5081 ], [ -83.7358, 37.5195 ], [ -83.7017, 37.5077 ], [ -83.6804, 37.512 ], [ -83.6574, 37.5366 ], [ -83.6427, 37.5414 ], [ -83.6303, 37.5373 ], [ -83.627, 37.5226 ], [ -83.6185, 37.521 ], [ -83.6224, 37.5108 ], [ -83.6135, 37.5088 ], [ -83.6076, 37.5148 ], [ -83.5783, 37.5059 ], [ -83.5798, 37.4931 ], [ -83.571, 37.4891 ], [ -83.5649, 37.471 ], [ -83.5477, 37.464 ], [ -83.555, 37.4606 ], [ -83.5518, 37.4545 ], [ -83.5713, 37.4469 ], [ -83.5906, 37.4575 ], [ -83.6138, 37.4579 ], [ -83.6222, 37.4641 ], [ -83.6408, 37.4454 ], [ -83.6512, 37.4595 ], [ -83.6549, 37.4424 ], [ -83.6688, 37.4361 ], [ -83.6779, 37.4601 ], [ -83.7072, 37.4489 ], [ -83.736, 37.4656 ], [ -83.7742, 37.4695 ], [ -83.7691, 37.4919 ] ] ] } },
{ "type": "Feature", "properties": { "GEOIDFQ": "1400000US21189930200", "NAME": "9302", "NAMELSAD": "Census Tract 9302" }, "geometry": { "type": "Polygon", "coordinates": [ [ [ -83.8853, 37.5177 ], [ -83.8663, 37.5136 ], [ -83.8648, 37.5022 ], [ -83.8298, 37.4868 ], [ -83.7691, 37.4919 ], [ -83.7739, 37.4684 ], [ -83.736, 37.4656 ], [ -83.7071, 37.4489 ], [ -83.6779, 37.4601 ], [ -83.6701, 37.4361 ], [ -83.6549, 37.4424 ], [ -83.6512, 37.4595 ], [ -83.6408, 37.4454 ], [ -83.6231, 37.4641 ], [ -83.6138, 37.4579 ], [ -83.5906, 37.4575 ], [ -83.5713, 37.4469 ], [ -83.5518, 37.4545 ], [ -83.5455, 37.447 ], [ -83.5538, 37.4409 ], [ -83.5525, 37.433 ], [ -83.5343, 37.4174 ], [ -83.5488, 37.3957 ], [ -83.5418, 37.3833 ], [ -83.5498, 37.3786 ], [ -83.5488, 37.3719 ], [ -83.5341, 37.3528 ], [ -83.5517, 37.3328 ], [ -83.5455, 37.3166 ], [ -83.5533, 37.3099 ], [ -83.5476, 37.3023 ], [ -83.5518, 37.2872 ], [ -83.537, 37.286 ], [ -83.5318, 37.2749 ], [ -83.522, 37.2745 ], [ -83.5292, 37.2561 ], [ -83.542, 37.2683 ], [ -83.5661, 37.2654 ], [ -83.5741, 37.2884 ], [ -83.5831, 37.2948 ], [ -83.5973, 37.2923 ], [ -83.6093, 37.3013 ], [ -83.6088, 37.3085 ], [ -83.6166, 37.3079 ], [ -83.6238, 37.3277 ], [ -83.6333, 37.3309 ], [ -83.6533, 37.3581 ], [ -83.6681, 37.3552 ], [ -83.6797, 37.3369 ], [ -83.7947, 37.3506 ], [ -83.812, 37.3703 ], [ -83.842, 37.4389 ], [ -83.85, 37.4478 ], [ -83.8651, 37.4514 ], [ -83.884, 37.4773 ], [ -83.8813, 37.4955 ], [ -83.8883, 37.5065 ], [ -83.8853, 37.5177 ] ] ] } },
{ "type": "Feature", "properties": { "GEOIDFQ": "1400000US21137920101", "NAME": "9201.01", "NAMELSAD": "Census Tract 9201.01" }, "geometry": { "type": "Polygon", "coordinates": [ [ [ -84.6809, 37.5289 ], [ -84.6375, 37.5298 ], [ -84.5842, 37.5012 ], [ -84.585, 37.4872 ], [ -84.5978, 37.4795 ], [ -84.5955, 37.4726 ], [ -84.6244, 37.4652 ], [ -84.6323, 37.469 ], [ -84.6352, 37.456 ], [ -84.6395, 37.4664 ], [ -84.6622, 37.4698 ], [ -84.6793, 37.4809 ], [ -84.6859, 37.4616 ], [ -84.6968, 37.4583 ], [ -84.7396, 37.4897 ], [ -84.6809, 37.5289 ] ] ] } },
{ "type": "Feature", "properties": { "GEOIDFQ": "1400000US21137920103", "NAME": "9201.03", "NAMELSAD": "Census Tract 9201.03" }, "geometry": { "type": "Polygon", "coordinates": [ [ [ -84.6754, 37.6231 ], [ -84.6759, 37.6162 ], [ -84.6662, 37.6175 ], [ -84.6643, 37.6254 ], [ -84.6584, 37.6178 ], [ -84.6521, 37.6259 ], [ -84.6601, 37.6331 ], [ -84.65, 37.6401 ], [ -84.6514, 37.6337 ], [ -84.636, 37.6218 ], [ -84.6409, 37.6188 ], [ -84.6457, 37.6241 ], [ -84.6523, 37.6185 ], [ -84.6488, 37.6101 ], [ -84.6436, 37.6126 ], [ -84.6327, 37.601 ], [ -84.6207, 37.6029 ], [ -84.6185, 37.5931 ], [ -84.562, 37.5546 ], [ -84.5785, 37.5391 ], [ -84.5718, 37.5316 ], [ -84.5807, 37.53 ], [ -84.5841, 37.5012 ], [ -84.6373, 37.5297 ], [ -84.6528, 37.5301 ], [ -84.6493, 37.5496 ], [ -84.6631, 37.5773 ], [ -84.6616, 37.5972 ], [ -84.6535, 37.5996 ], [ -84.678, 37.6131 ], [ -84.6802, 37.6235 ], [ -84.6754, 37.6231 ] ] ] } },
{ "type": "Feature", "properties": { "GEOIDFQ": "1400000US21093001401", "NAME": "14.01", "NAMELSAD": "Census Tract 14.01" }, "geometry": { "type": "Polygon", "coordinates": [ [ [ -85.8798, 37.7193 ], [ -85.8559, 37.6916 ], [ -85.867, 37.6888 ], [ -85.8883, 37.7117 ], [ -85.8798, 37.7193 ] ] ] } },
{ "type": "Feature", "properties": { "GEOIDFQ": "1400000US21145030300", "NAME": "303", "NAMELSAD": "Census Tract 303" }, "geometry": { "type": "Polygon", "coordinates": [ [ [ -88.5986, 37.1058 ], [ -88.584, 37.0923 ], [ -88.5915, 37.0893 ], [ -88.5892, 37.0831 ], [ -88.6083, 37.0813 ], [ -88.6055, 37.0936 ], [ -88.6105, 37.0963 ], [ -88.5986, 37.1058 ] ] ] } },
{ "type": "Feature", "properties": { "GEOIDFQ": "1400000US21015070312", "NAME": "703.12", "NAMELSAD": "Census Tract 703.12" }, "geometry": { "type": "Polygon", "coordinates": [ [ [ -84.6542, 39.0046 ], [ -84.6417, 38.9852 ], [ -84.6574, 38.9779 ], [ -84.6641, 38.9893 ], [ -84.6542, 39.0046 ] ] ] } },
{ "type": "Feature", "properties": { "GEOIDFQ": "1400000US21015070503", "NAME": "705.03", "NAMELSAD": "Census Tract 705.03" }, "geometry": { "type": "Polygon", "coordinates": [ [ [ -84.7219, 39.0373 ], [ -84.695, 39.0377 ], [ -84.6872, 39.0188 ], [ -84.702, 39.0211 ], [ -84.7045, 39.0082 ], [ -84.7172, 39.0173 ], [ -84.7219, 39.0373 ] ] ] } },
{ "type": "Feature", "properties": { "GEOIDFQ": "1400000US21111011405", "NAME": "114.05", "NAMELSAD": "Census Tract 114.05" }, "geometry": { "type": "Polygon", "coordinates": [ [ [ -85.6849, 38.1716 ], [ -85.6797, 38.1574 ], [ -85.697, 38.1568 ], [ -85.7066, 38.1688 ], [ -85.6849, 38.1716 ] ] ] } },
{ "type": "Feature", "properties": { "GEOIDFQ": "1400000US21111011406", "NAME": "114.06", "NAMELSAD": "Census Tract 114.06" }, "geometry": { "type": "Polygon", "coordinates": [ [ [ -85.6797, 38.1574 ], [ -85.6817, 38.1673 ], [ -85.6599, 38.1644 ], [ -85.6599, 38.149 ], [ -85.6932, 38.1501 ], [ -85.697, 38.1568 ], [ -85.6797, 38.1574 ] ] ] } },
{ "type": "Feature", "properties": { "GEOIDFQ": "1400000US21047201501", "NAME": "2015.01", "NAMELSAD": "Census Tract 2015.01" }, "geometry": { "type": "Polygon", "coordinates": [ [ [ -87.4654, 36.6778 ], [ -87.4628, 36.6676 ], [ -87.4437, 36.6611 ], [ -87.4645, 36.6581 ], [ -87.4716, 36.6677 ], [ -87.4792, 36.6652 ], [ -87.4654, 36.6778 ] ] ] } },
{ "type": "Feature", "properties": { "GEOIDFQ": "1400000US21047201503", "NAME": "2015.03", "NAMELSAD": "Census Tract 2015.03" }, "geometry": { "type": "Polygon", "coordinates": [ [ [ -87.4734, 36.6704 ], [ -87.4792, 36.6652 ], [ -87.4716, 36.6677 ], [ -87.4516, 36.6407 ], [ -87.4757, 36.6404 ], [ -87.4781, 36.6536 ], [ -87.5022, 36.6568 ], [ -87.4734, 36.6704 ] ] ] } },
{ "type": "Feature", "properties": { "GEOIDFQ": "1400000US21051950302", "NAME": "9503.02", "NAMELSAD": "Census Tract 9503.02" }, "geometry": { "type": "Polygon", "coordinates": [ [ [ -83.8183, 37.1923 ], [ -83.7774, 37.1872 ], [ -83.7618, 37.1826 ], [ -83.7554, 37.1719 ], [ -83.7423, 37.1725 ], [ -83.764, 37.164 ], [ -83.7629, 37.1594 ], [ -83.7843, 37.1598 ], [ -83.7882, 37.1527 ], [ -83.7799, 37.1478 ], [ -83.762, 37.1539 ], [ -83.7616, 37.1416 ], [ -83.7506, 37.1287 ], [ -83.7176, 37.1315 ], [ -83.7235, 37.1159 ], [ -83.757, 37.1189 ], [ -83.7698, 37.1263 ], [ -83.769, 37.1362 ], [ -83.7811, 37.1384 ], [ -83.7942, 37.1324 ], [ -83.8114, 37.1432 ], [ -83.805, 37.1636 ], [ -83.824, 37.1848 ], [ -83.8183, 37.1923 ] ] ] } },
{ "type": "Feature", "properties": { "GEOIDFQ": "1400000US21051950202", "NAME": "9502.02", "NAMELSAD": "Census Tract 9502.02" }, "geometry": { "type": "Polygon", "coordinates": [ [ [ -83.9408, 37.2033 ], [ -83.9443, 37.2515 ], [ -83.9396, 37.2591 ], [ -83.9218, 37.2618 ], [ -83.9016, 37.2537 ], [ -83.8939, 37.2724 ], [ -83.8708, 37.2628 ], [ -83.8759, 37.2561 ], [ -83.8685, 37.2446 ], [ -83.854, 37.2416 ], [ -83.8422, 37.2473 ], [ -83.8355, 37.2408 ], [ -83.8205, 37.2474 ], [ -83.7832, 37.2296 ], [ -83.7883, 37.2187 ], [ -83.7774, 37.1872 ], [ -83.8235, 37.1896 ], [ -83.82, 37.1754 ], [ -83.805, 37.1636 ], [ -83.8103, 37.1439 ], [ -83.823, 37.1379 ], [ -83.8594, 37.1358 ], [ -83.8801, 37.1252 ], [ -83.897, 37.126 ], [ -83.9272, 37.114 ], [ -83.9428, 37.1453 ], [ -83.9696, 37.1694 ], [ -83.9408, 37.2033 ] ] ] } },
{ "type": "Feature", "properties": { "GEOIDFQ": "1400000US21051950201", "NAME": "9502.01", "NAMELSAD": "Census Tract 9502.01" }, "geometry": { "type": "Polygon", "coordinates": [ [ [ -83.8768, 37.2947 ], [ -83.882, 37.3069 ], [ -83.8632, 37.3066 ], [ -83.8217, 37.3313 ], [ -83.7921, 37.3302 ], [ -83.7838, 37.3347 ], [ -83.785, 37.3487 ], [ -83.718, 37.3388 ], [ -83.711, 37.33 ], [ -83.7275, 37.3313 ], [ -83.7263, 37.318 ], [ -83.7357, 37.315 ], [ -83.741, 37.322 ], [ -83.7543, 37.3243 ], [ -83.7621, 37.3136 ], [ -83.7583, 37.3056 ], [ -83.7701, 37.2944 ], [ -83.7586, 37.2762 ], [ -83.7604, 37.2605 ], [ -83.7497, 37.2498 ], [ -83.7504, 37.2342 ], [ -83.7184, 37.2196 ], [ -83.7245, 37.2073 ], [ -83.7393, 37.2103 ], [ -83.7366, 37.1977 ], [ -83.7461, 37.1903 ], [ -83.7341, 37.1779 ], [ -83.7555, 37.1883 ], [ -83.7575, 37.1824 ], [ -83.7749, 37.1846 ], [ -83.7883, 37.2186 ], [ -83.7831, 37.2295 ], [ -83.7957, 37.2381 ], [ -83.8205, 37.2474 ], [ -83.8355, 37.2408 ], [ -83.8422, 37.2473 ], [ -83.854, 37.2416 ], [ -83.8685, 37.2446 ], [ -83.8759, 37.2561 ], [ -83.8708, 37.2628 ], [ -83.8939, 37.2724 ], [ -83.8768, 37.2947 ] ] ] } },
{ "type": "Feature", "properties": { "GEOIDFQ": "1400000US21051950301", "NAME": "9503.01", "NAMELSAD": "Census Tract 9503.01" }, "geometry": { "type": "Polygon", "coordinates": [ [ [ -83.7838, 37.16 ], [ -83.7826, 37.1563 ], [ -83.7629, 37.1594 ], [ -83.7636, 37.1642 ], [ -83.743, 37.1698 ], [ -83.7641, 37.1801 ], [ -83.7558, 37.1883 ], [ -83.7347, 37.1775 ], [ -83.7461, 37.1903 ], [ -83.7366, 37.1977 ], [ -83.7391, 37.2106 ], [ -83.7245, 37.2073 ], [ -83.7184, 37.2196 ], [ -83.7064, 37.2168 ], [ -83.6996, 37.2249 ], [ -83.7104, 37.203 ], [ -83.6892, 37.177 ], [ -83.6958, 37.1717 ], [ -83.6884, 37.163 ], [ -83.6895, 37.1371 ], [ -83.7124, 37.1401 ], [ -83.7506, 37.1287 ], [ -83.7616, 37.1416 ], [ -83.762, 37.1539 ], [ -83.7799, 37.1478 ], [ -83.7881, 37.153 ], [ -83.7838, 37.16 ] ] ] } },
{ "type": "Feature", "properties": { "GEOIDFQ": "1400000US21067001700", "NAME": "17", "NAMELSAD": "Census Tract 17" }, "geometry": { "type": "Polygon", "coordinates": [ [ [ -84.4667, 38.0353 ], [ -84.4535, 38.0258 ], [ -84.4583, 38.0126 ], [ -84.4751, 38.0287 ], [ -84.4667, 38.0353 ] ] ] } },
{ "type": "Feature", "properties": { "GEOIDFQ": "1400000US21067000200", "NAME": "2", "NAMELSAD": "Census Tract 2" }, "geometry": { "type": "Polygon", "coordinates": [ [ [ -84.5008, 38.0603 ], [ -84.4838, 38.0655 ], [ -84.4815, 38.0573 ], [ -84.4926, 38.0495 ], [ -84.5008, 38.0603 ] ] ] } },
{ "type": "Feature", "properties": { "GEOIDFQ": "1400000US21067000500", "NAME": "5", "NAMELSAD": "Census Tract 5" }, "geometry": { "type": "Polygon", "coordinates": [ [ [ -84.4817, 38.0424 ], [ -84.4667, 38.0353 ], [ -84.4761, 38.028 ], [ -84.4909, 38.0411 ], [ -84.4817, 38.0424 ] ] ] } },
{ "type": "Feature", "properties": { "GEOIDFQ": "1400000US21067000300", "NAME": "3", "NAMELSAD": "Census Tract 3" }, "geometry": { "type": "Polygon", "coordinates": [ [ [ -84.4815, 38.0573 ], [ -84.4751, 38.0516 ], [ -84.4857, 38.0445 ], [ -84.4926, 38.0495 ], [ -84.4815, 38.0573 ] ] ] } },
{ "type": "Feature", "properties": { "GEOIDFQ": "1400000US21067001800", "NAME": "18", "NAMELSAD": "Census Tract 18" }, "geometry": { "type": "Polygon", "coordinates": [ [ [ -84.5152, 38.0388 ], [ -84.5083, 38.0349 ], [ -84.5107, 38.0281 ], [ -84.5236, 38.0335 ], [ -84.5152, 38.0388 ] ] ] } },
{ "type": "Feature", "properties": { "GEOIDFQ": "1400000US21067001900", "NAME": "19", "NAMELSAD": "Census Tract 19" }, "geometry": { "type": "Polygon", "coordinates": [ [ [ -84.5232, 38.0498 ], [ -84.5236, 38.0408 ], [ -84.5153, 38.0388 ], [ -84.5243, 38.0337 ], [ -84.5435, 38.0476 ], [ -84.5232, 38.0498 ] ] ] } },
{ "type": "Feature", "properties": { "GEOIDFQ": "1400000US21117064600", "NAME": "646", "NAMELSAD": "Census Tract 646" }, "geometry": { "type": "Polygon", "coordinates": [ [ [ -84.575, 39.0469 ], [ -84.5444, 39.0275 ], [ -84.5711, 39.0265 ], [ -84.587, 39.0319 ], [ -84.575, 39.0469 ] ] ] } },
{ "type": "Feature", "properties": { "GEOIDFQ": "1400000US21117064900", "NAME": "649", "NAMELSAD": "Census Tract 649" }, "geometry": { "type": "Polygon", "coordinates": [ [ [ -84.5295, 39.0782 ], [ -84.5213, 39.0653 ], [ -84.5385, 39.0591 ], [ -84.5426, 39.0717 ], [ -84.5295, 39.0782 ] ] ] } },
{ "type": "Feature", "properties": { "GEOIDFQ": "1400000US21117065000", "NAME": "650", "NAMELSAD": "Census Tract 650" }, "geometry": { "type": "Polygon", "coordinates": [ [ [ -84.5196, 39.076 ], [ -84.5102, 39.0774 ], [ -84.5033, 39.0591 ], [ -84.5167, 39.063 ], [ -84.5129, 39.0656 ], [ -84.5196, 39.076 ] ] ] } },
{ "type": "Feature", "properties": { "GEOIDFQ": "1400000US21117065400", "NAME": "654", "NAMELSAD": "Census Tract 654" }, "geometry": { "type": "Polygon", "coordinates": [ [ [ -84.5694, 39.0264 ], [ -84.534, 39.0284 ], [ -84.5589, 39.0064 ], [ -84.5769, 39.0159 ], [ -84.5694, 39.0264 ] ] ] } },
{ "type": "Feature", "properties": { "GEOIDFQ": "1400000US21003920600", "NAME": "9206", "NAMELSAD": "Census Tract 9206" }, "geometry": { "type": "Polygon", "coordinates": [ [ [ -86.4132, 36.703 ], [ -86.3945, 36.6961 ], [ -86.3922, 36.7042 ], [ -86.3751, 36.7033 ], [ -86.3762, 36.7136 ], [ -86.3647, 36.7175 ], [ -86.355, 36.7126 ], [ -86.3217, 36.7135 ], [ -86.321, 36.7093 ], [ -86.288, 36.7522 ], [ -86.289, 36.738 ], [ -86.2737, 36.7381 ], [ -86.271, 36.7251 ], [ -86.2512, 36.7035 ], [ -86.2354, 36.702 ], [ -86.2213, 36.6893 ], [ -86.1883, 36.6921 ], [ -86.1701, 36.6826 ], [ -86.1769, 36.677 ], [ -86.1636, 36.6729 ], [ -86.1685, 36.6637 ], [ -86.1601, 36.6541 ], [ -86.1665, 36.6541 ], [ -86.1651, 36.6377 ], [ -86.4114, 36.6509 ], [ -86.4123, 36.6725 ], [ -86.419, 36.6774 ], [ -86.4132, 36.703 ] ] ] } },
{ "type": "Feature", "properties": { "GEOIDFQ": "1400000US21003920400", "NAME": "9204", "NAMELSAD": "Census Tract 9204" }, "geometry": { "type": "Polygon", "coordinates": [ [ [ -86.2281, 36.7103 ], [ -86.2095, 36.7412 ], [ -86.1905, 36.7533 ], [ -86.1791, 36.7533 ], [ -86.1574, 36.7789 ], [ -86.1409, 36.7699 ], [ -86.1289, 36.7759 ], [ -86.1155, 36.7744 ], [ -86.0945, 36.799 ], [ -86.047, 36.8076 ], [ -86.0521, 36.7945 ], [ -86.0392, 36.7908 ], [ -86.0345, 36.7809 ], [ -86.0529, 36.7748 ], [ -86.0399, 36.7662 ], [ -86.0386, 36.7447 ], [ -86.0517, 36.7326 ], [ -86.0645, 36.7374 ], [ -86.0558, 36.7283 ], [ -86.082, 36.7131 ], [ -86.0808, 36.6948 ], [ -86.1072, 36.7037 ], [ -86.1187, 36.6876 ], [ -86.1321, 36.6868 ], [ -86.1594, 36.6979 ], [ -86.1691, 36.6935 ], [ -86.17, 36.6825 ], [ -86.1883, 36.6921 ], [ -86.2213, 36.6893 ], [ -86.2354, 36.702 ], [ -86.248, 36.7029 ], [ -86.2281, 36.7103 ] ] ] } },
{ "type": "Feature", "properties": { "GEOIDFQ": "1400000US21003920200", "NAME": "9202", "NAMELSAD": "Census Tract 9202" }, "geometry": { "type": "Polygon", "coordinates": [ [ [ -86.4086, 36.7206 ], [ -86.4141, 36.7379 ], [ -86.4087, 36.741 ], [ -86.4058, 36.7762 ], [ -86.2958, 36.8511 ], [ -86.2875, 36.8357 ], [ -86.2768, 36.8355 ], [ -86.2832, 36.8342 ], [ -86.2843, 36.8254 ], [ -86.2633, 36.8133 ], [ -86.241, 36.8131 ], [ -86.2286, 36.7853 ], [ -86.2672, 36.7648 ], [ -86.2773, 36.7531 ], [ -86.292, 36.7504 ], [ -86.321, 36.7093 ], [ -86.3217, 36.7135 ], [ -86.355, 36.7126 ], [ -86.3649, 36.7174 ], [ -86.3762, 36.7136 ], [ -86.3751, 36.7033 ], [ -86.3922, 36.7042 ], [ -86.3945, 36.6961 ], [ -86.4132, 36.703 ], [ -86.4089, 36.7103 ], [ -86.4148, 36.7144 ], [ -86.4086, 36.7206 ] ] ] } },
{ "type": "Feature", "properties": { "GEOIDFQ": "1400000US21111011509", "NAME": "115.09", "NAMELSAD": "Census Tract 115.09" }, "geometry": { "type": "Polygon", "coordinates": [ [ [ -85.6226, 38.1788 ], [ -85.5899, 38.1555 ], [ -85.6147, 38.1563 ], [ -85.613, 38.1638 ], [ -85.6231, 38.1699 ], [ -85.6226, 38.1788 ] ] ] } },
{ "type": "Feature", "properties": { "GEOIDFQ": "1400000US21111011706", "NAME": "117.06", "NAMELSAD": "Census Tract 117.06" }, "geometry": { "type": "Polygon", "coordinates": [ [ [ -85.6687, 38.1194 ], [ -85.6589, 38.1347 ], [ -85.6425, 38.1316 ], [ -85.6435, 38.1183 ], [ -85.675, 38.1105 ], [ -85.6772, 38.1181 ], [ -85.6687, 38.1194 ] ] ] } },
{ "type": "Feature", "properties": { "GEOIDFQ": "1400000US21067003300", "NAME": "33", "NAMELSAD": "Census Tract 33" }, "geometry": { "type": "Polygon", "coordinates": [ [ [ -84.446, 38.0498 ], [ -84.451, 38.0521 ], [ -84.433, 38.0579 ], [ -84.4198, 38.0411 ], [ -84.4539, 38.0453 ], [ -84.446, 38.0498 ] ] ] } },
{ "type": "Feature", "properties": { "GEOIDFQ": "1400000US21067003402", "NAME": "34.02", "NAMELSAD": "Census Tract 34.02" }, "geometry": { "type": "Polygon", "coordinates": [ [ [ -84.4626, 37.9995 ], [ -84.4583, 38.0126 ], [ -84.4458, 38.0012 ], [ -84.4568, 37.9904 ], [ -84.4657, 37.9956 ], [ -84.4626, 37.9995 ] ] ] } },
{ "type": "Feature", "properties": { "GEOIDFQ": "1400000US21067003404", "NAME": "34.04", "NAMELSAD": "Census Tract 34.04" }, "geometry": { "type": "Polygon", "coordinates": [ [ [ -84.4757, 37.9872 ], [ -84.4777, 37.9748 ], [ -84.4947, 37.9829 ], [ -84.4948, 37.9909 ], [ -84.4757, 37.9872 ] ] ] } },
{ "type": "Feature", "properties": { "GEOIDFQ": "1400000US21067003405", "NAME": "34.05", "NAMELSAD": "Census Tract 34.05" }, "geometry": { "type": "Polygon", "coordinates": [ [ [ -84.4657, 37.9956 ], [ -84.4568, 37.9904 ], [ -84.4728, 37.9722 ], [ -84.4819, 37.9905 ], [ -84.4657, 37.9956 ] ] ] } },
{ "type": "Feature", "properties": { "GEOIDFQ": "1400000US21067003407", "NAME": "34.07", "NAMELSAD": "Census Tract 34.07" }, "geometry": { "type": "Polygon", "coordinates": [ [ [ -84.4458, 38.0012 ], [ -84.4251, 37.9792 ], [ -84.4518, 37.9729 ], [ -84.4462, 37.9815 ], [ -84.4543, 37.9928 ], [ -84.4458, 38.0012 ] ] ] } },
{ "type": "Feature", "properties": { "GEOIDFQ": "1400000US21067003501", "NAME": "35.01", "NAMELSAD": "Census Tract 35.01" }, "geometry": { "type": "Polygon", "coordinates": [ [ [ -84.5218, 37.9963 ], [ -84.5137, 37.9938 ], [ -84.5059, 37.9774 ], [ -84.5261, 37.9863 ], [ -84.5218, 37.9963 ] ] ] } },
{ "type": "Feature", "properties": { "GEOIDFQ": "1400000US21115960300", "NAME": "9603", "NAMELSAD": "Census Tract 9603" }, "geometry": { "type": "Polygon", "coordinates": [ [ [ -82.9848, 37.8283 ], [ -82.9629, 37.832 ], [ -82.9477, 37.8282 ], [ -82.9425, 37.843 ], [ -82.9169, 37.8423 ], [ -82.8996, 37.8567 ], [ -82.8813, 37.8408 ], [ -82.8719, 37.8417 ], [ -82.8693, 37.834 ], [ -82.8875, 37.821 ], [ -82.8785, 37.8042 ], [ -82.8824, 37.7928 ], [ -82.8546, 37.7764 ], [ -82.8368, 37.7852 ], [ -82.8023, 37.778 ], [ -82.7998, 37.7518 ], [ -82.7914, 37.7445 ], [ -82.8452, 37.7296 ], [ -82.8678, 37.7308 ], [ -82.9008, 37.7032 ], [ -82.9083, 37.7126 ], [ -82.9154, 37.71 ], [ -82.9272, 37.7194 ], [ -82.9408, 37.7163 ], [ -82.9483, 37.7199 ], [ -82.9506, 37.7947 ], [ -82.9898, 37.8182 ], [ -82.9848, 37.8283 ] ] ] } },
{ "type": "Feature", "properties": { "GEOIDFQ": "1400000US21115960200", "NAME": "9602", "NAMELSAD": "Census Tract 9602" }, "geometry": { "type": "Polygon", "coordinates": [ [ [ -82.9838, 37.8757 ], [ -82.9866, 37.8984 ], [ -82.9614, 37.8938 ], [ -82.9615, 37.9128 ], [ -82.9732, 37.9142 ], [ -82.9684, 37.924 ], [ -82.9851, 37.9428 ], [ -82.9805, 37.9484 ], [ -82.989, 37.964 ], [ -82.9654, 37.9943 ], [ -82.952, 38.0003 ], [ -82.9391, 37.999 ], [ -82.8316, 37.9679 ], [ -82.8547, 37.9465 ], [ -82.8539, 37.9319 ], [ -82.8616, 37.9253 ], [ -82.8501, 37.9142 ], [ -82.8629, 37.9028 ], [ -82.8649, 37.8907 ], [ -82.8541, 37.8902 ], [ -82.8453, 37.8809 ], [ -82.8634, 37.8647 ], [ -82.8736, 37.872 ], [ -82.8893, 37.86 ], [ -82.8893, 37.8489 ], [ -82.8996, 37.8567 ], [ -82.9169, 37.8423 ], [ -82.9422, 37.8431 ], [ -82.9477, 37.8282 ], [ -82.9552, 37.8274 ], [ -82.963, 37.832 ], [ -82.9863, 37.8266 ], [ -82.9841, 37.8415 ], [ -83.0043, 37.8597 ], [ -82.9838, 37.8757 ] ] ] } },
{ "type": "Feature", "properties": { "GEOIDFQ": "1400000US21115960600", "NAME": "9606", "NAMELSAD": "Census Tract 9606" }, "geometry": { "type": "Polygon", "coordinates": [ [ [ -82.7839, 37.7878 ], [ -82.7952, 37.7961 ], [ -82.7882, 37.8215 ], [ -82.7544, 37.7945 ], [ -82.7087, 37.8014 ], [ -82.6835, 37.8131 ], [ -82.6755, 37.7988 ], [ -82.6869, 37.7889 ], [ -82.6816, 37.7836 ], [ -82.665, 37.7866 ], [ -82.6534, 37.7778 ], [ -82.6557, 37.7527 ], [ -82.6355, 37.724 ], [ -82.6407, 37.7202 ], [ -82.6537, 37.7266 ], [ -82.6736, 37.7255 ], [ -82.6874, 37.7297 ], [ -82.685, 37.7353 ], [ -82.7083, 37.7395 ], [ -82.7235, 37.7492 ], [ -82.7393, 37.7439 ], [ -82.7522, 37.7562 ], [ -82.7547, 37.7516 ], [ -82.7633, 37.7561 ], [ -82.7671, 37.7418 ], [ -82.7946, 37.7454 ], [ -82.8046, 37.7752 ], [ -82.7839, 37.7878 ] ] ] } },
{ "type": "Feature", "properties": { "GEOIDFQ": "1400000US21115960500", "NAME": "9605", "NAMELSAD": "Census Tract 9605" }, "geometry": { "type": "Polygon", "coordinates": [ [ [ -82.7815, 37.866 ], [ -82.7714, 37.8578 ], [ -82.7599, 37.858 ], [ -82.7623, 37.8463 ], [ -82.7537, 37.8446 ], [ -82.7428, 37.8555 ], [ -82.7316, 37.8529 ], [ -82.7235, 37.8685 ], [ -82.705, 37.8799 ], [ -82.6914, 37.8712 ], [ -82.6915, 37.8949 ], [ -82.6124, 37.8793 ], [ -82.6403, 37.8709 ], [ -82.6428, 37.863 ], [ -82.6709, 37.852 ], [ -82.6648, 37.8402 ], [ -82.6473, 37.8346 ], [ -82.653, 37.8251 ], [ -82.6448, 37.8228 ], [ -82.6549, 37.8091 ], [ -82.6643, 37.8068 ], [ -82.6638, 37.7986 ], [ -82.6736, 37.7918 ], [ -82.6714, 37.7836 ], [ -82.687, 37.789 ], [ -82.6755, 37.7989 ], [ -82.6847, 37.8135 ], [ -82.7087, 37.8014 ], [ -82.7558, 37.7949 ], [ -82.7899, 37.8211 ], [ -82.7924, 37.8405 ], [ -82.7815, 37.866 ] ] ] } },
{ "type": "Feature", "properties": { "GEOIDFQ": "1400000US21115960100", "NAME": "9601", "NAMELSAD": "Census Tract 9601" }, "geometry": { "type": "Polygon", "coordinates": [ [ [ -82.8501, 37.9142 ], [ -82.8618, 37.9228 ], [ -82.8539, 37.9319 ], [ -82.8547, 37.9465 ], [ -82.8316, 37.9679 ], [ -82.7366, 37.9163 ], [ -82.6763, 37.8922 ], [ -82.692, 37.8947 ], [ -82.6914, 37.8712 ], [ -82.705, 37.8799 ], [ -82.7235, 37.8685 ], [ -82.7316, 37.8529 ], [ -82.7428, 37.8555 ], [ -82.7538, 37.8446 ], [ -82.7623, 37.8463 ], [ -82.7599, 37.858 ], [ -82.7714, 37.8578 ], [ -82.7815, 37.866 ], [ -82.829, 37.8528 ], [ -82.8349, 37.8597 ], [ -82.8314, 37.8851 ], [ -82.8449, 37.8806 ], [ -82.8655, 37.8936 ], [ -82.8501, 37.9142 ] ] ] } },
{ "type": "Feature", "properties": { "GEOIDFQ": "1400000US21151011102", "NAME": "111.02", "NAMELSAD": "Census Tract 111.02" }, "geometry": { "type": "Polygon", "coordinates": [ [ [ -84.2458, 37.5878 ], [ -84.2393, 37.5916 ], [ -84.2116, 37.584 ], [ -84.2167, 37.5945 ], [ -84.2111, 37.6054 ], [ -84.198, 37.6015 ], [ -84.1963, 37.5933 ], [ -84.1706, 37.5843 ], [ -84.1179, 37.5909 ], [ -84.1033, 37.5874 ], [ -84.0904, 37.5662 ], [ -84.1421, 37.5648 ], [ -84.1718, 37.5575 ], [ -84.1995, 37.5229 ], [ -84.2237, 37.5273 ], [ -84.2349, 37.5197 ], [ -84.2482, 37.5249 ], [ -84.2683, 37.5153 ], [ -84.277, 37.5277 ], [ -84.2458, 37.5878 ] ] ] } },
{ "type": "Feature", "properties": { "GEOIDFQ": "1400000US21151011001", "NAME": "110.01", "NAMELSAD": "Census Tract 110.01" }, "geometry": { "type": "Polygon", "coordinates": [ [ [ -84.2698, 37.7221 ], [ -84.2523, 37.734 ], [ -84.2493, 37.7473 ], [ -84.2619, 37.7693 ], [ -84.2582, 37.7844 ], [ -84.231, 37.7806 ], [ -84.2222, 37.7852 ], [ -84.2163, 37.7763 ], [ -84.2011, 37.777 ], [ -84.1968, 37.7667 ], [ -84.1759, 37.77 ], [ -84.1572, 37.7552 ], [ -84.1615, 37.7466 ], [ -84.1507, 37.7377 ], [ -84.1532, 37.7316 ], [ -84.1442, 37.7335 ], [ -84.1483, 37.7286 ], [ -84.1393, 37.7278 ], [ -84.1465, 37.7258 ], [ -84.1446, 37.7178 ], [ -84.1647, 37.7072 ], [ -84.1758, 37.708 ], [ -84.182, 37.6964 ], [ -84.1752, 37.6741 ], [ -84.1844, 37.6721 ], [ -84.1912, 37.6591 ], [ -84.2068, 37.6569 ], [ -84.2465, 37.6589 ], [ -84.2698, 37.7221 ] ] ] } },
{ "type": "Feature", "properties": { "GEOIDFQ": "1400000US21151011103", "NAME": "111.03", "NAMELSAD": "Census Tract 111.03" }, "geometry": { "type": "Polygon", "coordinates": [ [ [ -84.1941, 37.6566 ], [ -84.1844, 37.6721 ], [ -84.1761, 37.6741 ], [ -84.1464, 37.6743 ], [ -84.1149, 37.6608 ], [ -84.0993, 37.6609 ], [ -84.1269, 37.6424 ], [ -84.101, 37.5855 ], [ -84.1179, 37.5909 ], [ -84.1706, 37.5843 ], [ -84.196, 37.5932 ], [ -84.1981, 37.6016 ], [ -84.2158, 37.604 ], [ -84.2294, 37.6171 ], [ -84.2359, 37.6459 ], [ -84.1941, 37.6566 ] ] ] } },
{ "type": "Feature", "properties": { "GEOIDFQ": "1400000US21151011002", "NAME": "110.02", "NAMELSAD": "Census Tract 110.02" }, "geometry": { "type": "Polygon", "coordinates": [ [ [ -84.1758, 37.708 ], [ -84.1635, 37.7077 ], [ -84.1441, 37.7182 ], [ -84.1465, 37.7258 ], [ -84.1393, 37.7274 ], [ -84.1483, 37.7286 ], [ -84.1442, 37.7335 ], [ -84.1532, 37.7316 ], [ -84.1507, 37.7377 ], [ -84.1615, 37.7466 ], [ -84.1572, 37.7552 ], [ -84.1768, 37.7706 ], [ -84.1636, 37.7756 ], [ -84.1625, 37.7837 ], [ -84.1553, 37.7822 ], [ -84.145, 37.7897 ], [ -84.1474, 37.7978 ], [ -84.1613, 37.8043 ], [ -84.1474, 37.8177 ], [ -84.1537, 37.8253 ], [ -84.1459, 37.8354 ], [ -84.1655, 37.8472 ], [ -84.1678, 37.8601 ], [ -84.1297, 37.8677 ], [ -84.1091, 37.8499 ], [ -84.0893, 37.8611 ], [ -84.0803, 37.8531 ], [ -84.0837, 37.8424 ], [ -84.0909, 37.8357 ], [ -84.1037, 37.8396 ], [ -84.122, 37.8102 ], [ -84.1156, 37.8045 ], [ -84.0966, 37.8159 ], [ -84.0741, 37.8048 ], [ -84.0957, 37.7856 ], [ -84.1091, 37.7817 ], [ -84.105, 37.7746 ], [ -84.0819, 37.7683 ], [ -84.0896, 37.7577 ], [ -84.0803, 37.746 ], [ -84.0967, 37.7351 ], [ -84.0917, 37.7244 ], [ -84.0992, 37.719 ], [ -84.0928, 37.714 ], [ -84.0917, 37.6899 ], [ -84.1008, 37.6786 ], [ -84.089, 37.6673 ], [ -84.0969, 37.661 ], [ -84.1148, 37.6608 ], [ -84.1464, 37.6743 ], [ -84.1752, 37.6741 ], [ -84.182, 37.6965 ], [ -84.1758, 37.708 ] ] ] } },
{ "type": "Feature", "properties": { "GEOIDFQ": "1400000US21151010801", "NAME": "108.01", "NAMELSAD": "Census Tract 108.01" }, "geometry": { "type": "Polygon", "coordinates": [ [ [ -84.5211, 37.7785 ], [ -84.4953, 37.7857 ], [ -84.4824, 37.8021 ], [ -84.4688, 37.7962 ], [ -84.4625, 37.8024 ], [ -84.4849, 37.8387 ], [ -84.4763, 37.8531 ], [ -84.4607, 37.8421 ], [ -84.4455, 37.8408 ], [ -84.4144, 37.8722 ], [ -84.3895, 37.8455 ], [ -84.3776, 37.852 ], [ -84.3684, 37.8534 ], [ -84.3861, 37.8327 ], [ -84.3632, 37.8105 ], [ -84.3654, 37.7925 ], [ -84.3884, 37.7825 ], [ -84.3745, 37.7599 ], [ -84.3949, 37.7428 ], [ -84.3992, 37.7294 ], [ -84.4058, 37.7239 ], [ -84.4124, 37.7245 ], [ -84.4138, 37.7225 ], [ -84.3992, 37.7097 ], [ -84.3811, 37.7185 ], [ -84.3725, 37.7134 ], [ -84.3811, 37.7058 ], [ -84.3877, 37.7078 ], [ -84.3933, 37.6934 ], [ -84.3871, 37.7 ], [ -84.3794, 37.693 ], [ -84.3761, 37.6994 ], [ -84.36, 37.6906 ], [ -84.3783, 37.6883 ], [ -84.3699, 37.6826 ], [ -84.378, 37.6816 ], [ -84.3805, 37.6695 ], [ -84.3603, 37.6566 ], [ -84.3668, 37.6541 ], [ -84.3681, 37.6377 ], [ -84.3759, 37.6433 ], [ -84.399, 37.632 ], [ -84.4202, 37.6326 ], [ -84.4266, 37.6377 ], [ -84.4182, 37.6417 ], [ -84.4301, 37.6434 ], [ -84.4282, 37.6561 ], [ -84.4468, 37.6516 ], [ -84.4369, 37.66 ], [ -84.44, 37.6687 ], [ -84.4461, 37.6688 ], [ -84.4427, 37.6779 ], [ -84.4543, 37.6745 ], [ -84.465, 37.6842 ], [ -84.4495, 37.697 ], [ -84.461, 37.6952 ], [ -84.4741, 37.7078 ], [ -84.4841, 37.7091 ], [ -84.488, 37.728 ], [ -84.4954, 37.7251 ], [ -84.5032, 37.7342 ], [ -84.4937, 37.7401 ], [ -84.4946, 37.7476 ], [ -84.5143, 37.7548 ], [ -84.5121, 37.7661 ], [ -84.5256, 37.7695 ], [ -84.5211, 37.7785 ] ] ] } },
{ "type": "Feature", "properties": { "GEOIDFQ": "1400000US21151011402", "NAME": "114.02", "NAMELSAD": "Census Tract 114.02" }, "geometry": { "type": "Polygon", "coordinates": [ [ [ -84.4144, 37.6232 ], [ -84.418, 37.6288 ], [ -84.399, 37.632 ], [ -84.3908, 37.64 ], [ -84.3759, 37.6433 ], [ -84.3685, 37.6376 ], [ -84.3603, 37.6497 ], [ -84.3497, 37.6458 ], [ -84.3446, 37.6574 ], [ -84.3409, 37.6473 ], [ -84.3255, 37.6547 ], [ -84.3248, 37.6421 ], [ -84.3143, 37.6464 ], [ -84.3145, 37.5971 ], [ -84.3432, 37.5827 ], [ -84.3463, 37.5722 ], [ -84.3618, 37.5674 ], [ -84.3709, 37.5722 ], [ -84.3753, 37.5955 ], [ -84.3975, 37.6 ], [ -84.3998, 37.6165 ], [ -84.4226, 37.6188 ], [ -84.4144, 37.6232 ] ] ] } },
{ "type": "Feature", "properties": { "GEOIDFQ": "1400000US21151010201", "NAME": "102.01", "NAMELSAD": "Census Tract 102.01" }, "geometry": { "type": "Polygon", "coordinates": [ [ [ -84.2802, 37.7969 ], [ -84.271, 37.793 ], [ -84.2839, 37.7711 ], [ -84.2851, 37.7519 ], [ -84.2943, 37.7552 ], [ -84.2997, 37.793 ], [ -84.2802, 37.7969 ] ] ] } },
{ "type": "Feature", "properties": { "GEOIDFQ": "1400000US21151010202", "NAME": "102.02", "NAMELSAD": "Census Tract 102.02" }, "geometry": { "type": "Polygon", "coordinates": [ [ [ -84.2958, 37.7907 ], [ -84.2943, 37.7549 ], [ -84.3148, 37.7559 ], [ -84.3183, 37.7613 ], [ -84.3245, 37.8017 ], [ -84.2958, 37.7907 ] ] ] } },
{ "type": "Feature", "properties": { "GEOIDFQ": "1400000US21151010301", "NAME": "103.01", "NAMELSAD": "Census Tract 103.01" }, "geometry": { "type": "Polygon", "coordinates": [ [ [ -84.2789, 37.7793 ], [ -84.2582, 37.7844 ], [ -84.2619, 37.7693 ], [ -84.2509, 37.7544 ], [ -84.2776, 37.7447 ], [ -84.2855, 37.7473 ], [ -84.2789, 37.7793 ] ] ] } },
{ "type": "Feature", "properties": { "GEOIDFQ": "1400000US21151010802", "NAME": "108.02", "NAMELSAD": "Census Tract 108.02" }, "geometry": { "type": "Polygon", "coordinates": [ [ [ -84.4124, 37.7245 ], [ -84.4058, 37.7239 ], [ -84.3992, 37.7294 ], [ -84.3949, 37.7428 ], [ -84.3745, 37.7599 ], [ -84.3664, 37.7329 ], [ -84.3535, 37.7338 ], [ -84.3643, 37.7082 ], [ -84.355, 37.7053 ], [ -84.3225, 37.7213 ], [ -84.311, 37.6704 ], [ -84.3143, 37.6464 ], [ -84.3248, 37.6421 ], [ -84.3255, 37.6547 ], [ -84.3413, 37.6474 ], [ -84.344, 37.6575 ], [ -84.3497, 37.6458 ], [ -84.3653, 37.6474 ], [ -84.3668, 37.6541 ], [ -84.3603, 37.6566 ], [ -84.3807, 37.6701 ], [ -84.3779, 37.6817 ], [ -84.3699, 37.6822 ], [ -84.3775, 37.6902 ], [ -84.3601, 37.6907 ], [ -84.3755, 37.6994 ], [ -84.3806, 37.6926 ], [ -84.3862, 37.7 ], [ -84.3938, 37.6941 ], [ -84.3877, 37.7078 ], [ -84.3811, 37.7058 ], [ -84.3725, 37.7134 ], [ -84.3811, 37.7185 ], [ -84.3992, 37.7097 ], [ -84.4124, 37.7245 ] ] ] } },
{ "type": "Feature", "properties": { "GEOIDFQ": "1400000US21151010303", "NAME": "103.03", "NAMELSAD": "Census Tract 103.03" }, "geometry": { "type": "Polygon", "coordinates": [ [ [ -84.2855, 37.7473 ], [ -84.2776, 37.7447 ], [ -84.2489, 37.7525 ], [ -84.2507, 37.7435 ], [ -84.2868, 37.7442 ], [ -84.2855, 37.7473 ] ] ] } },
{ "type": "Feature", "properties": { "GEOIDFQ": "1400000US21151011401", "NAME": "114.01", "NAMELSAD": "Census Tract 114.01" }, "geometry": { "type": "Polygon", "coordinates": [ [ [ -84.3463, 37.5722 ], [ -84.3433, 37.5826 ], [ -84.3313, 37.5851 ], [ -84.3241, 37.5957 ], [ -84.3145, 37.5971 ], [ -84.3203, 37.5382 ], [ -84.3478, 37.5391 ], [ -84.3634, 37.5647 ], [ -84.3463, 37.5722 ] ] ] } },
{ "type": "Feature", "properties": { "GEOIDFQ": "1400000US21151010104", "NAME": "101.04", "NAMELSAD": "Census Tract 101.04" }, "geometry": { "type": "Polygon", "coordinates": [ [ [ -84.331, 37.8963 ], [ -84.2689, 37.9161 ], [ -84.2658, 37.893 ], [ -84.2709, 37.8802 ], [ -84.2825, 37.8765 ], [ -84.2742, 37.8633 ], [ -84.2542, 37.8522 ], [ -84.2727, 37.832 ], [ -84.271, 37.793 ], [ -84.2802, 37.7969 ], [ -84.2997, 37.794 ], [ -84.3245, 37.8017 ], [ -84.3235, 37.8357 ], [ -84.3395, 37.884 ], [ -84.331, 37.8963 ] ] ] } },
{ "type": "Feature", "properties": { "GEOIDFQ": "1400000US21151011202", "NAME": "112.02", "NAMELSAD": "Census Tract 112.02" }, "geometry": { "type": "Polygon", "coordinates": [ [ [ -84.3143, 37.6464 ], [ -84.3049, 37.6486 ], [ -84.3017, 37.6389 ], [ -84.2947, 37.6423 ], [ -84.2759, 37.6303 ], [ -84.2483, 37.6418 ], [ -84.2652, 37.6079 ], [ -84.2668, 37.589 ], [ -84.2762, 37.5855 ], [ -84.2991, 37.587 ], [ -84.3145, 37.5971 ], [ -84.3143, 37.6464 ] ] ] } },
{ "type": "Feature", "properties": { "GEOIDFQ": "1400000US21151010103", "NAME": "101.03", "NAMELSAD": "Census Tract 101.03" }, "geometry": { "type": "Polygon", "coordinates": [ [ [ -84.3657, 37.8588 ], [ -84.3839, 37.8947 ], [ -84.3753, 37.9016 ], [ -84.3337, 37.8789 ], [ -84.3234, 37.8352 ], [ -84.3242, 37.7942 ], [ -84.3527, 37.7813 ], [ -84.3653, 37.7921 ], [ -84.3649, 37.8139 ], [ -84.3861, 37.8327 ], [ -84.3657, 37.8588 ] ] ] } },
{ "type": "Feature", "properties": { "GEOIDFQ": "1400000US21151011101", "NAME": "111.01", "NAMELSAD": "Census Tract 111.01" }, "geometry": { "type": "Polygon", "coordinates": [ [ [ -84.2545, 37.6329 ], [ -84.2359, 37.6459 ], [ -84.2295, 37.6173 ], [ -84.213, 37.6032 ], [ -84.2116, 37.584 ], [ -84.2393, 37.5916 ], [ -84.2566, 37.5648 ], [ -84.2682, 37.5871 ], [ -84.2545, 37.6329 ] ] ] } },
{ "type": "Feature", "properties": { "GEOIDFQ": "1400000US21151010302", "NAME": "103.02", "NAMELSAD": "Census Tract 103.02" }, "geometry": { "type": "Polygon", "coordinates": [ [ [ -84.2868, 37.7442 ], [ -84.2669, 37.7423 ], [ -84.2787, 37.7319 ], [ -84.289, 37.7311 ], [ -84.2868, 37.7442 ] ] ] } },
{ "type": "Feature", "properties": { "GEOIDFQ": "1400000US21151011201", "NAME": "112.01", "NAMELSAD": "Census Tract 112.01" }, "geometry": { "type": "Polygon", "coordinates": [ [ [ -84.3145, 37.5971 ], [ -84.2991, 37.587 ], [ -84.2839, 37.5859 ], [ -84.2926, 37.5704 ], [ -84.3147, 37.5694 ], [ -84.3145, 37.5971 ] ] ] } },
{ "type": "Feature", "properties": { "GEOIDFQ": "1400000US21151011303", "NAME": "113.03", "NAMELSAD": "Census Tract 113.03" }, "geometry": { "type": "Polygon", "coordinates": [ [ [ -84.2839, 37.5859 ], [ -84.2677, 37.5884 ], [ -84.2566, 37.5648 ], [ -84.294, 37.5729 ], [ -84.2839, 37.5859 ] ] ] } },
{ "type": "Feature", "properties": { "GEOIDFQ": "1400000US21151010602", "NAME": "106.02", "NAMELSAD": "Census Tract 106.02" }, "geometry": { "type": "Polygon", "coordinates": [ [ [ -84.2991, 37.7562 ], [ -84.2939, 37.7519 ], [ -84.3005, 37.7447 ], [ -84.3148, 37.7559 ], [ -84.2991, 37.7562 ] ] ] } },
{ "type": "Feature", "properties": { "GEOIDFQ": "1400000US21151010601", "NAME": "106.01", "NAMELSAD": "Census Tract 106.01" }, "geometry": { "type": "Polygon", "coordinates": [ [ [ -84.3233, 37.7408 ], [ -84.3183, 37.7613 ], [ -84.3005, 37.7447 ], [ -84.3055, 37.736 ], [ -84.3238, 37.7364 ], [ -84.3233, 37.7408 ] ] ] } },
{ "type": "Feature", "properties": { "GEOIDFQ": "1400000US21115960402", "NAME": "9604.02", "NAMELSAD": "Census Tract 9604.02" }, "geometry": { "type": "Polygon", "coordinates": [ [ [ -82.8736, 37.872 ], [ -82.8634, 37.8647 ], [ -82.8337, 37.8858 ], [ -82.8349, 37.8596 ], [ -82.829, 37.8528 ], [ -82.7828, 37.8652 ], [ -82.7911, 37.8529 ], [ -82.791, 37.8147 ], [ -82.8129, 37.816 ], [ -82.8139, 37.8242 ], [ -82.8261, 37.8273 ], [ -82.8591, 37.8075 ], [ -82.8792, 37.8044 ], [ -82.8875, 37.821 ], [ -82.8693, 37.834 ], [ -82.8719, 37.8417 ], [ -82.8874, 37.8459 ], [ -82.8906, 37.8558 ], [ -82.8736, 37.872 ] ] ] } },
{ "type": "Feature", "properties": { "GEOIDFQ": "1400000US21115960401", "NAME": "9604.01", "NAMELSAD": "Census Tract 9604.01" }, "geometry": { "type": "Polygon", "coordinates": [ [ [ -82.8785, 37.8042 ], [ -82.8591, 37.8075 ], [ -82.822, 37.8275 ], [ -82.8133, 37.8235 ], [ -82.8129, 37.816 ], [ -82.791, 37.8147 ], [ -82.7949, 37.7947 ], [ -82.7839, 37.7884 ], [ -82.8017, 37.7776 ], [ -82.8368, 37.7852 ], [ -82.8546, 37.7764 ], [ -82.883, 37.7943 ], [ -82.8785, 37.8042 ] ] ] } },
{ "type": "Feature", "properties": { "GEOIDFQ": "1400000US21005950400", "NAME": "9504", "NAMELSAD": "Census Tract 9504" }, "geometry": { "type": "Polygon", "coordinates": [ [ [ -85.1369, 37.966 ], [ -85.0902, 38.0035 ], [ -85.051, 38.001 ], [ -85.0325, 38.0096 ], [ -85.0233, 38.0029 ], [ -85.0138, 38.0057 ], [ -85.0068, 37.9986 ], [ -84.994, 38.0008 ], [ -84.9851, 38.01 ], [ -84.9789, 37.9984 ], [ -84.976, 38.0054 ], [ -84.9727, 37.9977 ], [ -84.9605, 37.9991 ], [ -84.9624, 37.9892 ], [ -84.9547, 37.9944 ], [ -84.9404, 37.9912 ], [ -84.9354, 37.9977 ], [ -84.9319, 37.9868 ], [ -84.9132, 37.9935 ], [ -84.9112, 37.988 ], [ -84.9052, 37.9931 ], [ -84.896, 37.9874 ], [ -84.9044, 37.9829 ], [ -84.9002, 37.9723 ], [ -84.9094, 37.9725 ], [ -84.9061, 37.9525 ], [ -84.9223, 37.9473 ], [ -84.9216, 37.9531 ], [ -84.9331, 37.9542 ], [ -84.9335, 37.9496 ], [ -84.9378, 37.9528 ], [ -84.9486, 37.9447 ], [ -84.9563, 37.9461 ], [ -84.9574, 37.9372 ], [ -84.9734, 37.9355 ], [ -84.9873, 37.9055 ], [ -85.0009, 37.9073 ], [ -85.008, 37.891 ], [ -85.0179, 37.8951 ], [ -85.0277, 37.8843 ], [ -85.0287, 37.8922 ], [ -85.0446, 37.8866 ], [ -85.0476, 37.8986 ], [ -85.0595, 37.8904 ], [ -85.0685, 37.896 ], [ -85.0685, 37.8857 ], [ -85.0797, 37.8866 ], [ -85.0808, 37.895 ], [ -85.0938, 37.8878 ], [ -85.1075, 37.8931 ], [ -85.1063, 37.9094 ], [ -85.1266, 37.9172 ], [ -85.1316, 37.8998 ], [ -85.1462, 37.9016 ], [ -85.1376, 37.8938 ], [ -85.1472, 37.8908 ], [ -85.1681, 37.9735 ], [ -85.1369, 37.966 ] ] ] } },
{ "type": "Feature", "properties": { "GEOIDFQ": "1400000US21005950300", "NAME": "9503", "NAMELSAD": "Census Tract 9503" }, "geometry": { "type": "Polygon", "coordinates": [ [ [ -85.1617, 38.0016 ], [ -85.1636, 37.9913 ], [ -85.1522, 37.9881 ], [ -85.1505, 37.9996 ], [ -85.1426, 37.9969 ], [ -85.1402, 38.0026 ], [ -85.1303, 37.9962 ], [ -85.1208, 38.0258 ], [ -85.0836, 38.0409 ], [ -85.0713, 38.0582 ], [ -85.0478, 38.0723 ], [ -85.0545, 38.0842 ], [ -85.0393, 38.1196 ], [ -85.0237, 38.1291 ], [ -85.0073, 38.1296 ], [ -84.9717, 38.1205 ], [ -84.9759, 38.1175 ], [ -84.9638, 38.0968 ], [ -84.9715, 38.0922 ], [ -84.941, 38.0783 ], [ -84.9496, 38.0439 ], [ -84.9574, 38.0414 ], [ -84.9437, 38.0296 ], [ -84.9577, 37.9988 ], [ -84.9727, 37.9977 ], [ -84.976, 38.0054 ], [ -84.9789, 37.9984 ], [ -84.9854, 38.01 ], [ -85.0053, 37.9986 ], [ -85.0315, 38.0096 ], [ -85.051, 38.001 ], [ -85.0893, 38.0037 ], [ -85.1383, 37.9659 ], [ -85.1677, 37.9747 ], [ -85.17, 37.9946 ], [ -85.1617, 38.0016 ] ] ] } },
{ "type": "Feature", "properties": { "GEOIDFQ": "1400000US21009950602", "NAME": "9506.02", "NAMELSAD": "Census Tract 9506.02" }, "geometry": { "type": "Polygon", "coordinates": [ [ [ -85.8949, 37.0366 ], [ -85.8845, 37.0315 ], [ -85.8766, 37.0385 ], [ -85.8572, 37.0349 ], [ -85.8537, 37.0452 ], [ -85.845, 37.0339 ], [ -85.8215, 37.0333 ], [ -85.8128, 37.0576 ], [ -85.7817, 37.045 ], [ -85.7712, 37.0552 ], [ -85.7566, 37.0399 ], [ -85.7497, 36.9958 ], [ -85.8754, 36.9943 ], [ -85.8804, 37.01 ], [ -85.8969, 37.0029 ], [ -85.9036, 37.0093 ], [ -85.9081, 37.0294 ], [ -85.8949, 37.0366 ] ] ] } },
{ "type": "Feature", "properties": { "GEOIDFQ": "1400000US21137920102", "NAME": "9201.02", "NAMELSAD": "Census Tract 9201.02" }, "geometry": { "type": "Polygon", "coordinates": [ [ [ -84.7473, 37.5855 ], [ -84.7568, 37.5884 ], [ -84.7554, 37.5961 ], [ -84.7442, 37.5974 ], [ -84.747, 37.5856 ], [ -84.7237, 37.5913 ], [ -84.6883, 37.6125 ], [ -84.6964, 37.6173 ], [ -84.6906, 37.6254 ], [ -84.6802, 37.6235 ], [ -84.678, 37.6131 ], [ -84.6535, 37.5996 ], [ -84.6616, 37.5972 ], [ -84.6631, 37.5773 ], [ -84.6493, 37.5496 ], [ -84.6528, 37.5301 ], [ -84.6867, 37.5267 ], [ -84.7394, 37.4897 ], [ -84.7457, 37.501 ], [ -84.7583, 37.5054 ], [ -84.7387, 37.5165 ], [ -84.7547, 37.5344 ], [ -84.7505, 37.5469 ], [ -84.7717, 37.5456 ], [ -84.7718, 37.5519 ], [ -84.7864, 37.5554 ], [ -84.8014, 37.5688 ], [ -84.7473, 37.5855 ] ] ] } },
{ "type": "Feature", "properties": { "GEOIDFQ": "1400000US21111011603", "NAME": "116.03", "NAMELSAD": "Census Tract 116.03" }, "geometry": { "type": "Polygon", "coordinates": [ [ [ -85.5459, 38.1468 ], [ -85.5384, 38.1366 ], [ -85.5068, 38.1284 ], [ -85.4998, 38.1013 ], [ -85.4841, 38.0988 ], [ -85.5507, 38.0762 ], [ -85.5834, 38.1419 ], [ -85.5459, 38.1468 ] ] ] } },
{ "type": "Feature", "properties": { "GEOIDFQ": "1400000US21029020601", "NAME": "206.01", "NAMELSAD": "Census Tract 206.01" }, "geometry": { "type": "Polygon", "coordinates": [ [ [ -85.6855, 38.085 ], [ -85.6875, 38.0693 ], [ -85.6698, 38.0675 ], [ -85.6782, 38.053 ], [ -85.6991, 38.0633 ], [ -85.7009, 38.0863 ], [ -85.6855, 38.085 ] ] ] } },
{ "type": "Feature", "properties": { "GEOIDFQ": "1400000US21239050300", "NAME": "503", "NAMELSAD": "Census Tract 503" }, "geometry": { "type": "Polygon", "coordinates": [ [ [ -84.8648, 38.1414 ], [ -84.8043, 38.1648 ], [ -84.7838, 38.1644 ], [ -84.7558, 38.1434 ], [ -84.6611, 38.1072 ], [ -84.6291, 38.1044 ], [ -84.6445, 38.0578 ], [ -84.7181, 38.0609 ], [ -84.6963, 38.0806 ], [ -84.723, 38.0893 ], [ -84.7382, 38.0689 ], [ -84.7551, 38.0924 ], [ -84.7874, 38.0652 ], [ -84.805, 38.0583 ], [ -84.8021, 38.034 ], [ -84.8254, 38.0311 ], [ -84.8499, 38.0459 ], [ -84.8446, 38.0525 ], [ -84.826, 38.055 ], [ -84.843, 38.07 ], [ -84.8281, 38.0817 ], [ -84.8285, 38.0894 ], [ -84.84, 38.1004 ], [ -84.8619, 38.0913 ], [ -84.8648, 38.1414 ] ] ] } },
{ "type": "Feature", "properties": { "GEOIDFQ": "1400000US21239050200", "NAME": "502", "NAMELSAD": "Census Tract 502" }, "geometry": { "type": "Polygon", "coordinates": [ [ [ -84.8242, 38.0308 ], [ -84.7921, 38.0355 ], [ -84.7965, 38.029 ], [ -84.7661, 38.0211 ], [ -84.7128, 38.0268 ], [ -84.6794, 38.0097 ], [ -84.6688, 38.0094 ], [ -84.669, 38.022 ], [ -84.6575, 38.0178 ], [ -84.7099, 37.862 ], [ -84.7652, 37.8478 ], [ -84.7735, 37.862 ], [ -84.7582, 37.8723 ], [ -84.767, 37.8903 ], [ -84.7822, 37.8921 ], [ -84.7748, 37.9065 ], [ -84.7832, 37.9068 ], [ -84.7959, 37.8869 ], [ -84.8019, 37.8969 ], [ -84.796, 37.9164 ], [ -84.8033, 37.9187 ], [ -84.8176, 37.9118 ], [ -84.826, 37.9159 ], [ -84.821, 37.9269 ], [ -84.7972, 37.934 ], [ -84.82, 37.95 ], [ -84.7941, 37.9679 ], [ -84.8185, 37.9739 ], [ -84.8235, 37.9834 ], [ -84.8162, 37.9985 ], [ -84.8381, 38.0089 ], [ -84.8304, 38.0281 ], [ -84.8467, 38.0409 ], [ -84.8242, 38.0308 ] ] ] } },
{ "type": "Feature", "properties": { "GEOIDFQ": "1400000US21239050400", "NAME": "504", "NAMELSAD": "Census Tract 504" }, "geometry": { "type": "Polygon", "coordinates": [ [ [ -84.7252, 38.1954 ], [ -84.7312, 38.1869 ], [ -84.7187, 38.18 ], [ -84.7144, 38.1831 ], [ -84.7156, 38.1769 ], [ -84.7075, 38.1734 ], [ -84.6901, 38.1814 ], [ -84.6897, 38.1706 ], [ -84.6773, 38.1698 ], [ -84.6843, 38.1757 ], [ -84.6779, 38.1852 ], [ -84.6709, 38.1765 ], [ -84.6641, 38.1773 ], [ -84.6658, 38.1821 ], [ -84.6518, 38.1786 ], [ -84.6473, 38.1749 ], [ -84.6509, 38.1676 ], [ -84.6557, 38.1708 ], [ -84.6572, 38.1618 ], [ -84.6416, 38.1591 ], [ -84.6519, 38.1587 ], [ -84.6511, 38.1455 ], [ -84.6387, 38.1492 ], [ -84.6484, 38.1359 ], [ -84.6409, 38.135 ], [ -84.6339, 38.1226 ], [ -84.6443, 38.1283 ], [ -84.6408, 38.1211 ], [ -84.6538, 38.1209 ], [ -84.6532, 38.1167 ], [ -84.6336, 38.1108 ], [ -84.6251, 38.1164 ], [ -84.6291, 38.1044 ], [ -84.6632, 38.1079 ], [ -84.7561, 38.1436 ], [ -84.7838, 38.1644 ], [ -84.8043, 38.1648 ], [ -84.7252, 38.1954 ] ] ] } },
{ "type": "Feature", "properties": { "GEOIDFQ": "1400000US21101020501", "NAME": "205.01", "NAMELSAD": "Census Tract 205.01" }, "geometry": { "type": "Polygon", "coordinates": [ [ [ -87.6072, 37.8382 ], [ -87.5801, 37.8216 ], [ -87.584, 37.8174 ], [ -87.5978, 37.8206 ], [ -87.6147, 37.8323 ], [ -87.6072, 37.8382 ] ] ] } },
{ "type": "Feature", "properties": { "GEOIDFQ": "1400000US21101020401", "NAME": "204.01", "NAMELSAD": "Census Tract 204.01" }, "geometry": { "type": "Polygon", "coordinates": [ [ [ -87.5992, 37.8466 ], [ -87.5884, 37.8427 ], [ -87.5933, 37.8338 ], [ -87.5767, 37.8241 ], [ -87.5791, 37.8193 ], [ -87.584, 37.8174 ], [ -87.5833, 37.8249 ], [ -87.6066, 37.8387 ], [ -87.5992, 37.8466 ] ] ] } },
{ "type": "Feature", "properties": { "GEOIDFQ": "1400000US21123960103", "NAME": "9601.03", "NAMELSAD": "Census Tract 9601.03" }, "geometry": { "type": "Polygon", "coordinates": [ [ [ -85.7365, 37.6011 ], [ -85.7267, 37.6035 ], [ -85.7188, 37.6151 ], [ -85.7069, 37.6201 ], [ -85.6917, 37.6054 ], [ -85.6829, 37.6217 ], [ -85.6658, 37.6145 ], [ -85.663, 37.5916 ], [ -85.6687, 37.5823 ], [ -85.66, 37.5684 ], [ -85.6987, 37.5119 ], [ -85.7333, 37.5292 ], [ -85.7404, 37.5733 ], [ -85.7365, 37.6011 ] ] ] } },
{ "type": "Feature", "properties": { "GEOIDFQ": "1400000US21123960104", "NAME": "9601.04", "NAMELSAD": "Census Tract 9601.04" }, "geometry": { "type": "Polygon", "coordinates": [ [ [ -85.8209, 37.5741 ], [ -85.8193, 37.5844 ], [ -85.7973, 37.6081 ], [ -85.8019, 37.6234 ], [ -85.7752, 37.6307 ], [ -85.776, 37.6395 ], [ -85.7685, 37.6444 ], [ -85.7357, 37.6541 ], [ -85.7404, 37.5704 ], [ -85.733, 37.5258 ], [ -85.7465, 37.5267 ], [ -85.7635, 37.5471 ], [ -85.7687, 37.5429 ], [ -85.7816, 37.548 ], [ -85.795, 37.544 ], [ -85.803, 37.5542 ], [ -85.8184, 37.5468 ], [ -85.8255, 37.5491 ], [ -85.8386, 37.5687 ], [ -85.8209, 37.5741 ] ] ] } },
{ "type": "Feature", "properties": { "GEOIDFQ": "1400000US21211040403", "NAME": "404.03", "NAMELSAD": "Census Tract 404.03" }, "geometry": { "type": "Polygon", "coordinates": [ [ [ -85.2042, 38.2126 ], [ -85.1969, 38.2172 ], [ -85.1506, 38.2183 ], [ -85.1418, 38.2073 ], [ -85.1492, 38.204 ], [ -85.1586, 38.2084 ], [ -85.1568, 38.1973 ], [ -85.1686, 38.1976 ], [ -85.1591, 38.1733 ], [ -85.2121, 38.1852 ], [ -85.2042, 38.2126 ] ] ] } },
{ "type": "Feature", "properties": { "GEOIDFQ": "1400000US21143960102", "NAME": "9601.02", "NAMELSAD": "Census Tract 9601.02" }, "geometry": { "type": "Polygon", "coordinates": [ [ [ -88.2169, 37.0957 ], [ -88.2129, 37.1273 ], [ -88.1935, 37.1473 ], [ -88.197, 37.1313 ], [ -88.1824, 37.1336 ], [ -88.1829, 37.1261 ], [ -88.1611, 37.1319 ], [ -88.1636, 37.1429 ], [ -88.1524, 37.1499 ], [ -88.1479, 37.1463 ], [ -88.1446, 37.1545 ], [ -88.1418, 37.1481 ], [ -88.1329, 37.1452 ], [ -88.1366, 37.1486 ], [ -88.129, 37.1601 ], [ -88.1238, 37.1535 ], [ -88.1079, 37.1612 ], [ -88.1016, 37.1796 ], [ -88.0421, 37.1748 ], [ -88.0005, 37.1084 ], [ -88.0281, 37.1086 ], [ -88.0849, 37.0715 ], [ -88.1333, 37.0762 ], [ -88.1807, 37.0612 ], [ -88.199, 37.0644 ], [ -88.2179, 37.0601 ], [ -88.2323, 37.0861 ], [ -88.2169, 37.0957 ] ] ] } },
{ "type": "Feature", "properties": { "GEOIDFQ": "1400000US21143960101", "NAME": "9601.01", "NAMELSAD": "Census Tract 9601.01" }, "geometry": { "type": "Polygon", "coordinates": [ [ [ -88.2179, 37.0601 ], [ -88.199, 37.0644 ], [ -88.1792, 37.0614 ], [ -88.1331, 37.0762 ], [ -88.0849, 37.0715 ], [ -88.0275, 37.1088 ], [ -88.0005, 37.1084 ], [ -87.9978, 37.1043 ], [ -88.0115, 37.0812 ], [ -88.034, 37.0692 ], [ -88.0388, 37.061 ], [ -88.0297, 37.0579 ], [ -88.052, 37.0524 ], [ -88.0751, 37.0317 ], [ -88.0784, 37.0466 ], [ -88.114, 37.0485 ], [ -88.1323, 37.031 ], [ -88.1412, 37.0077 ], [ -88.1579, 36.9941 ], [ -88.1756, 36.9924 ], [ -88.1898, 36.9979 ], [ -88.2221, 37.0187 ], [ -88.2269, 37.0304 ], [ -88.2179, 37.0601 ] ] ] } },
{ "type": "Feature", "properties": { "GEOIDFQ": "1400000US21161960400", "NAME": "9604", "NAMELSAD": "Census Tract 9604" }, "geometry": { "type": "Polygon", "coordinates": [ [ [ -83.9039, 38.7682 ], [ -83.86, 38.7572 ], [ -83.8483, 38.7465 ], [ -83.832, 38.7048 ], [ -83.8192, 38.6957 ], [ -83.8135, 38.67 ], [ -83.7974, 38.6717 ], [ -83.7927, 38.6671 ], [ -83.8014, 38.6608 ], [ -83.7923, 38.6416 ], [ -83.8076, 38.6299 ], [ -83.7801, 38.6178 ], [ -83.7938, 38.5844 ], [ -83.7942, 38.5695 ], [ -83.7854, 38.5634 ], [ -83.7902, 38.5501 ], [ -83.7924, 38.5581 ], [ -83.8017, 38.5547 ], [ -83.8019, 38.5616 ], [ -83.81, 38.557 ], [ -83.801, 38.566 ], [ -83.8061, 38.5729 ], [ -83.8158, 38.567 ], [ -83.8214, 38.5735 ], [ -83.8291, 38.5675 ], [ -83.834, 38.5766 ], [ -83.8423, 38.57 ], [ -83.8621, 38.5738 ], [ -83.8661, 38.5686 ], [ -83.8924, 38.5797 ], [ -83.8953, 38.5749 ], [ -83.9082, 38.5832 ], [ -83.9213, 38.5814 ], [ -83.9224, 38.5934 ], [ -83.9479, 38.5871 ], [ -83.9605, 38.592 ], [ -83.97, 38.582 ], [ -83.9737, 38.5893 ], [ -83.989, 38.5899 ], [ -83.9039, 38.7682 ] ] ] } },
{ "type": "Feature", "properties": { "GEOIDFQ": "1400000US21161960500", "NAME": "9605", "NAMELSAD": "Census Tract 9605" }, "geometry": { "type": "Polygon", "coordinates": [ [ [ -83.9605, 38.592 ], [ -83.9479, 38.5871 ], [ -83.9229, 38.5935 ], [ -83.9213, 38.5814 ], [ -83.9082, 38.5832 ], [ -83.8953, 38.5749 ], [ -83.8924, 38.5797 ], [ -83.8661, 38.5686 ], [ -83.8621, 38.5738 ], [ -83.8423, 38.57 ], [ -83.834, 38.5766 ], [ -83.8291, 38.5675 ], [ -83.8214, 38.5735 ], [ -83.8158, 38.567 ], [ -83.8028, 38.5709 ], [ -83.81, 38.557 ], [ -83.8019, 38.5616 ], [ -83.7982, 38.553 ], [ -83.7924, 38.5581 ], [ -83.7951, 38.5514 ], [ -83.788, 38.5478 ], [ -83.7834, 38.5563 ], [ -83.7783, 38.5416 ], [ -83.783, 38.5258 ], [ -83.7716, 38.5269 ], [ -83.7839, 38.4983 ], [ -83.8042, 38.4865 ], [ -83.8043, 38.4755 ], [ -83.8593, 38.4563 ], [ -83.9303, 38.4923 ], [ -83.9609, 38.5327 ], [ -83.9682, 38.5828 ], [ -83.9605, 38.592 ] ] ] } },
{ "type": "Feature", "properties": { "GEOIDFQ": "1400000US21161960300", "NAME": "9603", "NAMELSAD": "Census Tract 9603" }, "geometry": { "type": "Polygon", "coordinates": [ [ [ -83.7837, 38.6957 ], [ -83.7723, 38.6585 ], [ -83.7587, 38.6515 ], [ -83.7483, 38.6309 ], [ -83.7621, 38.6032 ], [ -83.7877, 38.6248 ], [ -83.8076, 38.6299 ], [ -83.7923, 38.6416 ], [ -83.8014, 38.6608 ], [ -83.7927, 38.6671 ], [ -83.7974, 38.6717 ], [ -83.8135, 38.67 ], [ -83.8178, 38.6926 ], [ -83.832, 38.7048 ], [ -83.8332, 38.7156 ], [ -83.7837, 38.6957 ] ] ] } },
{ "type": "Feature", "properties": { "GEOIDFQ": "1400000US21161960200", "NAME": "9602", "NAMELSAD": "Census Tract 9602" }, "geometry": { "type": "Polygon", "coordinates": [ [ [ -83.7587, 38.6515 ], [ -83.7119, 38.6417 ], [ -83.7197, 38.6309 ], [ -83.7148, 38.6196 ], [ -83.7187, 38.6005 ], [ -83.7415, 38.6026 ], [ -83.7523, 38.6178 ], [ -83.752, 38.6405 ], [ -83.7587, 38.6515 ] ] ] } },
{ "type": "Feature", "properties": { "GEOIDFQ": "1400000US21161960100", "NAME": "9601", "NAMELSAD": "Census Tract 9601" }, "geometry": { "type": "Polygon", "coordinates": [ [ [ -83.8024, 38.4883 ], [ -83.7839, 38.4983 ], [ -83.7716, 38.5267 ], [ -83.783, 38.5258 ], [ -83.7783, 38.5416 ], [ -83.7834, 38.5563 ], [ -83.7873, 38.5482 ], [ -83.7934, 38.5492 ], [ -83.7849, 38.5585 ], [ -83.7942, 38.5695 ], [ -83.7938, 38.5845 ], [ -83.7803, 38.6176 ], [ -83.7621, 38.6032 ], [ -83.7529, 38.6182 ], [ -83.7413, 38.6025 ], [ -83.7187, 38.6005 ], [ -83.7148, 38.6196 ], [ -83.7197, 38.6309 ], [ -83.7119, 38.6417 ], [ -83.6684, 38.6265 ], [ -83.6404, 38.6349 ], [ -83.6246, 38.6114 ], [ -83.6419, 38.5254 ], [ -83.8043, 38.4755 ], [ -83.8024, 38.4883 ] ] ] } },
{ "type": "Feature", "properties": { "GEOIDFQ": "1400000US21207960102", "NAME": "9601.02", "NAMELSAD": "Census Tract 9601.02" }, "geometry": { "type": "Polygon", "coordinates": [ [ [ -85.1303, 37.0742 ], [ -85.0901, 37.0578 ], [ -85.0498, 37.0734 ], [ -85.0273, 37.0745 ], [ -85.0403, 37.0546 ], [ -85.0028, 37.0257 ], [ -85.0092, 37.0112 ], [ -85.0039, 37.0056 ], [ -85.0271, 36.9946 ], [ -85.0349, 37.0232 ], [ -85.0596, 37.014 ], [ -85.0621, 37.0046 ], [ -85.0851, 37.0193 ], [ -85.1049, 37.0209 ], [ -85.1117, 37.0043 ], [ -85.1578, 37.0087 ], [ -85.184, 37.0181 ], [ -85.1303, 37.0742 ] ] ] } },
{ "type": "Feature", "properties": { "GEOIDFQ": "1400000US21207960101", "NAME": "9601.01", "NAMELSAD": "Census Tract 9601.01" }, "geometry": { "type": "Polygon", "coordinates": [ [ [ -85.0433, 37.186 ], [ -84.9705, 37.1129 ], [ -84.9893, 37.1082 ], [ -85.0021, 37.0861 ], [ -85.0887, 37.058 ], [ -85.1148, 37.0719 ], [ -85.1336, 37.0735 ], [ -85.0433, 37.186 ] ] ] } },
{ "type": "Feature", "properties": { "GEOIDFQ": "1400000US21009950702", "NAME": "9507.02", "NAMELSAD": "Census Tract 9507.02" }, "geometry": { "type": "Polygon", "coordinates": [ [ [ -86.0298, 36.9318 ], [ -86.0324, 36.9541 ], [ -86.0096, 36.9544 ], [ -86.0069, 36.9672 ], [ -85.9911, 36.9714 ], [ -86.0008, 36.9778 ], [ -85.9894, 36.975 ], [ -85.9872, 36.9814 ], [ -85.9708, 36.9878 ], [ -85.9881, 36.9919 ], [ -85.9888, 36.9953 ], [ -85.9555, 36.9885 ], [ -85.9261, 36.9742 ], [ -85.9104, 36.9737 ], [ -85.9208, 36.9469 ], [ -85.9178, 36.9169 ], [ -85.9337, 36.9156 ], [ -85.9358, 36.9078 ], [ -85.9452, 36.9113 ], [ -85.9423, 36.9252 ], [ -85.9592, 36.9097 ], [ -85.965, 36.9189 ], [ -85.9607, 36.9253 ], [ -85.9687, 36.9272 ], [ -85.9721, 36.9194 ], [ -85.9816, 36.9196 ], [ -85.9788, 36.9089 ], [ -85.9859, 36.9077 ], [ -85.9869, 36.9 ], [ -85.9949, 36.9133 ], [ -86.0086, 36.9182 ], [ -86.034, 36.9126 ], [ -86.0388, 36.9274 ], [ -86.0298, 36.9318 ] ] ] } },
{ "type": "Feature", "properties": { "GEOIDFQ": "1400000US21009950701", "NAME": "9507.01", "NAMELSAD": "Census Tract 9507.01" }, "geometry": { "type": "Polygon", "coordinates": [ [ [ -85.9104, 36.9737 ], [ -85.8856, 36.9912 ], [ -85.8234, 36.9962 ], [ -85.8209, 36.9896 ], [ -85.8343, 36.9931 ], [ -85.829, 36.9698 ], [ -85.8483, 36.9643 ], [ -85.8537, 36.9504 ], [ -85.8783, 36.9377 ], [ -85.8678, 36.9185 ], [ -85.8832, 36.9132 ], [ -85.8907, 36.9199 ], [ -85.8942, 36.9136 ], [ -85.9065, 36.9125 ], [ -85.9114, 36.9222 ], [ -85.9178, 36.9169 ], [ -85.9211, 36.944 ], [ -85.9104, 36.9737 ] ] ] } },
{ "type": "Feature", "properties": { "GEOIDFQ": "1400000US21009950601", "NAME": "9506.01", "NAMELSAD": "Census Tract 9506.01" }, "geometry": { "type": "Polygon", "coordinates": [ [ [ -85.9036, 37.0093 ], [ -85.8969, 37.0029 ], [ -85.8804, 37.01 ], [ -85.8754, 36.9943 ], [ -85.8947, 36.9833 ], [ -85.9127, 36.9966 ], [ -85.9036, 37.0093 ] ] ] } },
{ "type": "Feature", "properties": { "GEOIDFQ": "1400000US21093000902", "NAME": "9.02", "NAMELSAD": "Census Tract 9.02" }, "geometry": { "type": "Polygon", "coordinates": [ [ [ -85.9418, 37.8171 ], [ -85.9387, 37.8114 ], [ -85.9232, 37.809 ], [ -85.8983, 37.7579 ], [ -85.9051, 37.7525 ], [ -85.917, 37.7556 ], [ -85.9609, 37.8042 ], [ -85.9418, 37.8171 ] ] ] } },
{ "type": "Feature", "properties": { "GEOIDFQ": "1400000US21009950401", "NAME": "9504.01", "NAMELSAD": "Census Tract 9504.01" }, "geometry": { "type": "Polygon", "coordinates": [ [ [ -85.9354, 37.0078 ], [ -85.9264, 37.002 ], [ -85.9325, 36.9802 ], [ -85.9888, 36.9953 ], [ -85.974, 37.0027 ], [ -85.9905, 37.0165 ], [ -85.9354, 37.0078 ] ] ] } },
{ "type": "Feature", "properties": { "GEOIDFQ": "1400000US21009950402", "NAME": "9504.02", "NAMELSAD": "Census Tract 9504.02" }, "geometry": { "type": "Polygon", "coordinates": [ [ [ -85.9264, 37.002 ], [ -85.8947, 36.9833 ], [ -85.913, 36.9733 ], [ -85.9347, 36.9781 ], [ -85.9264, 37.002 ] ] ] } },
{ "type": "Feature", "properties": { "GEOIDFQ": "1400000US21049020400", "NAME": "204", "NAMELSAD": "Census Tract 204" }, "geometry": { "type": "Polygon", "coordinates": [ [ [ -84.2113, 37.878 ], [ -84.2154, 37.8837 ], [ -84.2067, 37.8878 ], [ -84.2075, 37.8937 ], [ -84.1926, 37.8895 ], [ -84.188, 37.8957 ], [ -84.1835, 37.9154 ], [ -84.1908, 37.9565 ], [ -84.1841, 37.9639 ], [ -84.1747, 37.956 ], [ -84.1562, 37.9585 ], [ -84.1465, 37.9526 ], [ -84.1428, 37.9563 ], [ -84.123, 37.9523 ], [ -84.132, 37.9695 ], [ -84.1279, 37.9899 ], [ -84.1189, 37.9957 ], [ -84.0432, 37.9744 ], [ -84.0257, 37.9529 ], [ -83.9826, 37.924 ], [ -83.9918, 37.9178 ], [ -83.9917, 37.9033 ], [ -83.9858, 37.9029 ], [ -83.9983, 37.8875 ], [ -84.0064, 37.8601 ], [ -84.0146, 37.8582 ], [ -84.0197, 37.8696 ], [ -84.0274, 37.8695 ], [ -84.0219, 37.8579 ], [ -84.0083, 37.8535 ], [ -84.0136, 37.8518 ], [ -84.002, 37.8378 ], [ -84.0053, 37.8336 ], [ -84.0203, 37.8349 ], [ -84.0154, 37.8429 ], [ -84.0396, 37.8337 ], [ -84.0431, 37.8416 ], [ -84.0483, 37.8373 ], [ -84.059, 37.8479 ], [ -84.0574, 37.8354 ], [ -84.0723, 37.8219 ], [ -84.077, 37.8508 ], [ -84.0893, 37.8611 ], [ -84.1102, 37.85 ], [ -84.1297, 37.8677 ], [ -84.1639, 37.8612 ], [ -84.172, 37.8748 ], [ -84.1817, 37.8787 ], [ -84.2117, 37.8693 ], [ -84.2244, 37.8771 ], [ -84.2113, 37.878 ] ] ] } },
{ "type": "Feature", "properties": { "GEOIDFQ": "1400000US21049020500", "NAME": "205", "NAMELSAD": "Census Tract 205" }, "geometry": { "type": "Polygon", "coordinates": [ [ [ -84.3387, 37.9072 ], [ -84.3479, 37.9153 ], [ -84.3397, 37.9157 ], [ -84.339, 37.9233 ], [ -84.3302, 37.9226 ], [ -84.3401, 37.9314 ], [ -84.3308, 37.9371 ], [ -84.3384, 37.9392 ], [ -84.3322, 37.9466 ], [ -84.3107, 37.9525 ], [ -84.3233, 37.9559 ], [ -84.3116, 37.9631 ], [ -84.3127, 37.9672 ], [ -84.3244, 37.9664 ], [ -84.3225, 38.0009 ], [ -84.2966, 38.0062 ], [ -84.2089, 37.9855 ], [ -84.2328, 37.9703 ], [ -84.2327, 37.9587 ], [ -84.2303, 37.947 ], [ -84.2114, 37.9346 ], [ -84.1922, 37.9452 ], [ -84.188, 37.9407 ], [ -84.1835, 37.9154 ], [ -84.1926, 37.8895 ], [ -84.2085, 37.8931 ], [ -84.213, 37.8774 ], [ -84.2244, 37.8771 ], [ -84.2377, 37.8873 ], [ -84.2616, 37.8761 ], [ -84.2614, 37.8949 ], [ -84.2712, 37.9175 ], [ -84.3374, 37.892 ], [ -84.3491, 37.8986 ], [ -84.3387, 37.9072 ] ] ] } },
{ "type": "Feature", "properties": { "GEOIDFQ": "1400000US21093000700", "NAME": "7", "NAMELSAD": "Census Tract 7" }, "geometry": { "type": "Polygon", "coordinates": [ [ [ -85.9322, 37.8332 ], [ -85.9128, 37.7896 ], [ -85.9232, 37.809 ], [ -85.9387, 37.8114 ], [ -85.9418, 37.8171 ], [ -85.9513, 37.8091 ], [ -85.9703, 37.8174 ], [ -85.9322, 37.8332 ] ] ] } },
{ "type": "Feature", "properties": { "GEOIDFQ": "1400000US21093001500", "NAME": "15", "NAMELSAD": "Census Tract 15" }, "geometry": { "type": "Polygon", "coordinates": [ [ [ -85.887, 37.6742 ], [ -85.8292, 37.714 ], [ -85.8459, 37.6789 ], [ -85.8423, 37.6734 ], [ -85.8464, 37.67 ], [ -85.8618, 37.6793 ], [ -85.9026, 37.6493 ], [ -85.887, 37.6742 ] ] ] } },
{ "type": "Feature", "properties": { "GEOIDFQ": "1400000US21093001300", "NAME": "13", "NAMELSAD": "Census Tract 13" }, "geometry": { "type": "Polygon", "coordinates": [ [ [ -85.9062, 37.7146 ], [ -85.8842, 37.7283 ], [ -85.8798, 37.7193 ], [ -85.8879, 37.7099 ], [ -85.867, 37.6888 ], [ -85.8785, 37.6796 ], [ -85.9121, 37.6717 ], [ -85.9159, 37.6833 ], [ -85.9062, 37.7146 ] ] ] } },
{ "type": "Feature", "properties": { "GEOIDFQ": "1400000US21003920100", "NAME": "9201", "NAMELSAD": "Census Tract 9201" }, "geometry": { "type": "Polygon", "coordinates": [ [ [ -86.2633, 36.8732 ], [ -86.2669, 36.8932 ], [ -86.2404, 36.8943 ], [ -86.2263, 36.9126 ], [ -86.2122, 36.904 ], [ -86.2033, 36.9135 ], [ -86.21, 36.9281 ], [ -86.2014, 36.9353 ], [ -86.189, 36.9217 ], [ -86.1699, 36.935 ], [ -86.1603, 36.925 ], [ -86.1764, 36.9144 ], [ -86.1618, 36.9064 ], [ -86.149, 36.9113 ], [ -86.1491, 36.9287 ], [ -86.1356, 36.9317 ], [ -86.1421, 36.9139 ], [ -86.1345, 36.903 ], [ -86.1471, 36.8968 ], [ -86.1416, 36.8923 ], [ -86.1248, 36.8954 ], [ -86.1054, 36.8646 ], [ -86.0975, 36.8682 ], [ -86.1084, 36.8854 ], [ -86.098, 36.9004 ], [ -86.0653, 36.8991 ], [ -86.0666, 36.8911 ], [ -86.0782, 36.8913 ], [ -86.0702, 36.8772 ], [ -86.0766, 36.8724 ], [ -86.078, 36.8547 ], [ -86.0557, 36.8296 ], [ -86.066, 36.8228 ], [ -86.0702, 36.8025 ], [ -86.0945, 36.799 ], [ -86.1152, 36.7745 ], [ -86.1289, 36.7759 ], [ -86.1407, 36.7699 ], [ -86.1581, 36.7784 ], [ -86.1683, 36.7945 ], [ -86.1773, 36.7971 ], [ -86.1771, 36.8052 ], [ -86.2699, 36.8163 ], [ -86.2856, 36.8272 ], [ -86.2768, 36.8356 ], [ -86.2875, 36.8357 ], [ -86.288, 36.8449 ], [ -86.2966, 36.8495 ], [ -86.2633, 36.8732 ] ] ] } },
{ "type": "Feature", "properties": { "GEOIDFQ": "1400000US21093001200", "NAME": "12", "NAMELSAD": "Census Tract 12" }, "geometry": { "type": "Polygon", "coordinates": [ [ [ -85.8837, 37.7478 ], [ -85.8666, 37.7496 ], [ -85.8543, 37.7084 ], [ -85.8742, 37.7087 ], [ -85.8904, 37.7413 ], [ -85.8837, 37.7478 ] ] ] } },
{ "type": "Feature", "properties": { "GEOIDFQ": "1400000US21093000300", "NAME": "3", "NAMELSAD": "Census Tract 3" }, "geometry": { "type": "Polygon", "coordinates": [ [ [ -85.9855, 37.8584 ], [ -85.9721, 37.8629 ], [ -85.9491, 37.8274 ], [ -85.9684, 37.8223 ], [ -85.9732, 37.8301 ], [ -85.9694, 37.8505 ], [ -85.983, 37.832 ], [ -85.9936, 37.8437 ], [ -85.9855, 37.8584 ] ] ] } },
{ "type": "Feature", "properties": { "GEOIDFQ": "1400000US21113060200", "NAME": "602", "NAMELSAD": "Census Tract 602" }, "geometry": { "type": "Polygon", "coordinates": [ [ [ -84.5357, 37.9632 ], [ -84.4796, 37.9402 ], [ -84.4718, 37.9202 ], [ -84.4527, 37.909 ], [ -84.4344, 37.8683 ], [ -84.4357, 37.8472 ], [ -84.4549, 37.8403 ], [ -84.4744, 37.8535 ], [ -84.4851, 37.8406 ], [ -84.5047, 37.8406 ], [ -84.5093, 37.8496 ], [ -84.4974, 37.8533 ], [ -84.5091, 37.8606 ], [ -84.5291, 37.8943 ], [ -84.5301, 37.9074 ], [ -84.5598, 37.9109 ], [ -84.5357, 37.9632 ] ] ] } },
{ "type": "Feature", "properties": { "GEOIDFQ": "1400000US21113060102", "NAME": "601.02", "NAMELSAD": "Census Tract 601.02" }, "geometry": { "type": "Polygon", "coordinates": [ [ [ -84.5598, 37.9109 ], [ -84.5512, 37.9065 ], [ -84.5328, 37.9095 ], [ -84.5091, 37.8606 ], [ -84.4975, 37.8529 ], [ -84.5141, 37.8479 ], [ -84.552, 37.8621 ], [ -84.5607, 37.8754 ], [ -84.573, 37.8804 ], [ -84.5598, 37.9109 ] ] ] } },
{ "type": "Feature", "properties": { "GEOIDFQ": "1400000US21003920500", "NAME": "9205", "NAMELSAD": "Census Tract 9205" }, "geometry": { "type": "Polygon", "coordinates": [ [ [ -86.169, 36.6936 ], [ -86.1594, 36.6979 ], [ -86.1321, 36.6868 ], [ -86.1187, 36.6876 ], [ -86.1072, 36.7037 ], [ -86.0808, 36.6948 ], [ -86.082, 36.7131 ], [ -86.0558, 36.7283 ], [ -86.0645, 36.7374 ], [ -86.0502, 36.7334 ], [ -86.0307, 36.7644 ], [ -86.0023, 36.7587 ], [ -85.9829, 36.7416 ], [ -85.9774, 36.7159 ], [ -85.9491, 36.6611 ], [ -85.9507, 36.651 ], [ -85.9764, 36.6285 ], [ -86.1651, 36.6377 ], [ -86.1665, 36.6541 ], [ -86.1601, 36.6541 ], [ -86.1685, 36.6642 ], [ -86.1636, 36.6729 ], [ -86.1769, 36.677 ], [ -86.169, 36.6936 ] ] ] } },
{ "type": "Feature", "properties": { "GEOIDFQ": "1400000US21003920300", "NAME": "9203", "NAMELSAD": "Census Tract 9203" }, "geometry": { "type": "Polygon", "coordinates": [ [ [ -86.2874, 36.7521 ], [ -86.2773, 36.7531 ], [ -86.2672, 36.7648 ], [ -86.2286, 36.7853 ], [ -86.2404, 36.8121 ], [ -86.1771, 36.8052 ], [ -86.1773, 36.7971 ], [ -86.1595, 36.7845 ], [ -86.1581, 36.7784 ], [ -86.1791, 36.7534 ], [ -86.1905, 36.7533 ], [ -86.2092, 36.7414 ], [ -86.2281, 36.7104 ], [ -86.248, 36.7029 ], [ -86.271, 36.7251 ], [ -86.2737, 36.7381 ], [ -86.2844, 36.7348 ], [ -86.2903, 36.741 ], [ -86.2874, 36.7521 ] ] ] } },
{ "type": "Feature", "properties": { "GEOIDFQ": "1400000US21113060502", "NAME": "605.02", "NAMELSAD": "Census Tract 605.02" }, "geometry": { "type": "Polygon", "coordinates": [ [ [ -84.573, 37.8804 ], [ -84.5551, 37.8703 ], [ -84.5463, 37.8483 ], [ -84.5518, 37.8357 ], [ -84.5668, 37.8337 ], [ -84.5847, 37.8417 ], [ -84.587, 37.8517 ], [ -84.573, 37.8804 ] ] ] } },
{ "type": "Feature", "properties": { "GEOIDFQ": "1400000US21113060600", "NAME": "606", "NAMELSAD": "Census Tract 606" }, "geometry": { "type": "Polygon", "coordinates": [ [ [ -84.6601, 38.0037 ], [ -84.5924, 37.9865 ], [ -84.5357, 37.9632 ], [ -84.5598, 37.9109 ], [ -84.5873, 37.9245 ], [ -84.6009, 37.9219 ], [ -84.6081, 37.91 ], [ -84.6042, 37.8859 ], [ -84.6187, 37.8858 ], [ -84.6322, 37.8956 ], [ -84.6408, 37.8882 ], [ -84.6559, 37.8882 ], [ -84.6686, 37.9016 ], [ -84.6863, 37.8975 ], [ -84.6946, 37.905 ], [ -84.6601, 38.0037 ] ] ] } },
{ "type": "Feature", "properties": { "GEOIDFQ": "1400000US21113060300", "NAME": "603", "NAMELSAD": "Census Tract 603" }, "geometry": { "type": "Polygon", "coordinates": [ [ [ -84.6333, 37.814 ], [ -84.6284, 37.8345 ], [ -84.6159, 37.845 ], [ -84.5857, 37.8469 ], [ -84.5669, 37.8337 ], [ -84.5523, 37.8354 ], [ -84.5463, 37.8486 ], [ -84.552, 37.8621 ], [ -84.5111, 37.8477 ], [ -84.5047, 37.8406 ], [ -84.4851, 37.8406 ], [ -84.462, 37.8043 ], [ -84.4683, 37.7962 ], [ -84.4824, 37.8021 ], [ -84.496, 37.7852 ], [ -84.5211, 37.7785 ], [ -84.5252, 37.7696 ], [ -84.5362, 37.7696 ], [ -84.5395, 37.7548 ], [ -84.5567, 37.7483 ], [ -84.5712, 37.7285 ], [ -84.5872, 37.7353 ], [ -84.586, 37.7526 ], [ -84.5972, 37.7531 ], [ -84.6055, 37.743 ], [ -84.6141, 37.7452 ], [ -84.6046, 37.7591 ], [ -84.6246, 37.7733 ], [ -84.6429, 37.7781 ], [ -84.6414, 37.7926 ], [ -84.6277, 37.7972 ], [ -84.6114, 37.7914 ], [ -84.609, 37.8 ], [ -84.6421, 37.8068 ], [ -84.6498, 37.8134 ], [ -84.6333, 37.814 ] ] ] } },
{ "type": "Feature", "properties": { "GEOIDFQ": "1400000US21145030900", "NAME": "309", "NAMELSAD": "Census Tract 309" }, "geometry": { "type": "Polygon", "coordinates": [ [ [ -88.6318, 37.0665 ], [ -88.6099, 37.0518 ], [ -88.6102, 37.0244 ], [ -88.6463, 37.0458 ], [ -88.6548, 37.0575 ], [ -88.6318, 37.0665 ] ] ] } },
{ "type": "Feature", "properties": { "GEOIDFQ": "1400000US21101020603", "NAME": "206.03", "NAMELSAD": "Census Tract 206.03" }, "geometry": { "type": "Polygon", "coordinates": [ [ [ -87.5573, 37.8645 ], [ -87.5202, 37.8626 ], [ -87.5577, 37.8441 ], [ -87.5489, 37.8389 ], [ -87.5585, 37.8285 ], [ -87.5733, 37.8332 ], [ -87.5797, 37.8531 ], [ -87.5573, 37.8645 ] ] ] } },
{ "type": "Feature", "properties": { "GEOIDFQ": "1400000US21077960102", "NAME": "9601.02", "NAMELSAD": "Census Tract 9601.02" }, "geometry": { "type": "Polygon", "coordinates": [ [ [ -84.796, 38.857 ], [ -84.783, 38.8548 ], [ -84.779, 38.8595 ], [ -84.7778, 38.8472 ], [ -84.7605, 38.8478 ], [ -84.7507, 38.831 ], [ -84.6601, 38.7773 ], [ -84.7749, 38.7658 ], [ -84.7772, 38.771 ], [ -84.8073, 38.7549 ], [ -84.8182, 38.7556 ], [ -84.8116, 38.792 ], [ -84.8301, 38.8294 ], [ -84.796, 38.857 ] ] ] } },
{ "type": "Feature", "properties": { "GEOIDFQ": "1400000US21227011300", "NAME": "113", "NAMELSAD": "Census Tract 113" }, "geometry": { "type": "Polygon", "coordinates": [ [ [ -86.4948, 37.0437 ], [ -86.4635, 37.0434 ], [ -86.4819, 37.0641 ], [ -86.4965, 37.064 ], [ -86.4781, 37.077 ], [ -86.461, 37.0758 ], [ -86.4584, 37.0669 ], [ -86.4416, 37.063 ], [ -86.4374, 37.0456 ], [ -86.409, 37.047 ], [ -86.4091, 37.0378 ], [ -86.3927, 37.034 ], [ -86.3884, 37.0403 ], [ -86.3733, 37.0337 ], [ -86.3514, 37.0097 ], [ -86.3686, 37.0058 ], [ -86.3912, 36.9871 ], [ -86.3964, 37.007 ], [ -86.4252, 36.999 ], [ -86.4324, 37.0086 ], [ -86.4426, 37.008 ], [ -86.4457, 37.0211 ], [ -86.4528, 37.0141 ], [ -86.4741, 37.0191 ], [ -86.4693, 37.0259 ], [ -86.4548, 37.027 ], [ -86.4518, 37.0333 ], [ -86.4576, 37.0371 ], [ -86.4875, 37.0305 ], [ -86.4985, 37.0369 ], [ -86.4948, 37.0437 ] ] ] } },
{ "type": "Feature", "properties": { "GEOIDFQ": "1400000US21015070309", "NAME": "703.09", "NAMELSAD": "Census Tract 703.09" }, "geometry": { "type": "Polygon", "coordinates": [ [ [ -84.6345, 38.9565 ], [ -84.631, 38.932 ], [ -84.6756, 38.9354 ], [ -84.6801, 38.9447 ], [ -84.6345, 38.9565 ] ] ] } },
{ "type": "Feature", "properties": { "GEOIDFQ": "1400000US21145030400", "NAME": "304", "NAMELSAD": "Census Tract 304" }, "geometry": { "type": "Polygon", "coordinates": [ [ [ -88.6273, 37.12 ], [ -88.6004, 37.1068 ], [ -88.6105, 37.0963 ], [ -88.6079, 37.0904 ], [ -88.6251, 37.0833 ], [ -88.6334, 37.0883 ], [ -88.6335, 37.0834 ], [ -88.6453, 37.0836 ], [ -88.6273, 37.12 ] ] ] } },
{ "type": "Feature", "properties": { "GEOIDFQ": "1400000US21145030200", "NAME": "302", "NAMELSAD": "Census Tract 302" }, "geometry": { "type": "Polygon", "coordinates": [ [ [ -88.5892, 37.0831 ], [ -88.5824, 37.0551 ], [ -88.5942, 37.0599 ], [ -88.6086, 37.0799 ], [ -88.5892, 37.0831 ] ] ] } },
{ "type": "Feature", "properties": { "GEOIDFQ": "1400000US21145030600", "NAME": "306", "NAMELSAD": "Census Tract 306" }, "geometry": { "type": "Polygon", "coordinates": [ [ [ -88.6176, 37.0707 ], [ -88.6214, 37.076 ], [ -88.6083, 37.0813 ], [ -88.592, 37.0625 ], [ -88.596, 37.0482 ], [ -88.6214, 37.0561 ], [ -88.6316, 37.0666 ], [ -88.6176, 37.0707 ] ] ] } },
{ "type": "Feature", "properties": { "GEOIDFQ": "1400000US21145031000", "NAME": "310", "NAMELSAD": "Census Tract 310" }, "geometry": { "type": "Polygon", "coordinates": [ [ [ -88.6099, 37.0518 ], [ -88.596, 37.0482 ], [ -88.5942, 37.0599 ], [ -88.5496, 37.041 ], [ -88.557, 37.0201 ], [ -88.5481, 37.0206 ], [ -88.5507, 37.0165 ], [ -88.5379, 37.0094 ], [ -88.5536, 37.0028 ], [ -88.5917, 37.0141 ], [ -88.6102, 37.0244 ], [ -88.6099, 37.0518 ] ] ] } },
{ "type": "Feature", "properties": { "GEOIDFQ": "1400000US21145030700", "NAME": "307", "NAMELSAD": "Census Tract 307" }, "geometry": { "type": "Polygon", "coordinates": [ [ [ -88.625, 37.0874 ], [ -88.6176, 37.0707 ], [ -88.6318, 37.0665 ], [ -88.6538, 37.079 ], [ -88.625, 37.0874 ] ] ] } },
{ "type": "Feature", "properties": { "GEOIDFQ": "1400000US21145031100", "NAME": "311", "NAMELSAD": "Census Tract 311" }, "geometry": { "type": "Polygon", "coordinates": [ [ [ -88.5404, 37.0494 ], [ -88.5131, 37.0258 ], [ -88.483, 37.0226 ], [ -88.4851, 36.9811 ], [ -88.4928, 36.9842 ], [ -88.4928, 36.9795 ], [ -88.509, 36.9747 ], [ -88.5285, 36.984 ], [ -88.5224, 36.9935 ], [ -88.5536, 37.0028 ], [ -88.5378, 37.0101 ], [ -88.5507, 37.0165 ], [ -88.5481, 37.0206 ], [ -88.5571, 37.0211 ], [ -88.5404, 37.0494 ] ] ] } },
{ "type": "Feature", "properties": { "GEOIDFQ": "1400000US21145031600", "NAME": "316", "NAMELSAD": "Census Tract 316" }, "geometry": { "type": "Polygon", "coordinates": [ [ [ -88.8122, 37.0374 ], [ -88.7557, 37.0288 ], [ -88.7216, 37.0385 ], [ -88.7311, 37.015 ], [ -88.7104, 37.0166 ], [ -88.7188, 36.9996 ], [ -88.7038, 36.9991 ], [ -88.6939, 37.0148 ], [ -88.69, 36.9991 ], [ -88.6753, 36.9944 ], [ -88.6738, 36.9427 ], [ -88.8129, 36.9469 ], [ -88.8479, 37.0277 ], [ -88.8122, 37.0374 ] ] ] } },
{ "type": "Feature", "properties": { "GEOIDFQ": "1400000US21145031200", "NAME": "312", "NAMELSAD": "Census Tract 312" }, "geometry": { "type": "Polygon", "coordinates": [ [ [ -88.6753, 36.9944 ], [ -88.6669, 36.9944 ], [ -88.6663, 37.0159 ], [ -88.6342, 37.0081 ], [ -88.6277, 37.0351 ], [ -88.5943, 37.015 ], [ -88.5224, 36.9935 ], [ -88.5286, 36.9842 ], [ -88.5118, 36.9755 ], [ -88.4928, 36.9795 ], [ -88.4928, 36.9842 ], [ -88.4851, 36.9811 ], [ -88.4841, 36.9421 ], [ -88.6738, 36.9427 ], [ -88.6753, 36.9944 ] ] ] } },
{ "type": "Feature", "properties": { "GEOIDFQ": "1400000US21145030100", "NAME": "301", "NAMELSAD": "Census Tract 301" }, "geometry": { "type": "Polygon", "coordinates": [ [ [ -88.584, 37.0923 ], [ -88.5745, 37.0848 ], [ -88.5659, 37.0678 ], [ -88.5404, 37.0494 ], [ -88.5496, 37.041 ], [ -88.5824, 37.0551 ], [ -88.5915, 37.0893 ], [ -88.584, 37.0923 ] ] ] } },
{ "type": "Feature", "properties": { "GEOIDFQ": "1400000US21049020600", "NAME": "206", "NAMELSAD": "Census Tract 206" }, "geometry": { "type": "Polygon", "coordinates": [ [ [ -84.2826, 38.0191 ], [ -84.2928, 38.0335 ], [ -84.2846, 38.0403 ], [ -84.2865, 38.067 ], [ -84.1871, 38.0903 ], [ -84.1818, 38.0871 ], [ -84.1929, 38.0802 ], [ -84.1826, 38.0806 ], [ -84.1784, 38.0699 ], [ -84.1844, 38.0687 ], [ -84.1924, 38.0443 ], [ -84.1991, 38.0424 ], [ -84.1938, 38.0337 ], [ -84.2112, 38.0153 ], [ -84.215, 37.9948 ], [ -84.2063, 37.9865 ], [ -84.2578, 37.9938 ], [ -84.297, 38.0063 ], [ -84.3224, 38.0009 ], [ -84.2826, 38.0191 ] ] ] } },
{ "type": "Feature", "properties": { "GEOIDFQ": "1400000US21049020101", "NAME": "201.01", "NAMELSAD": "Census Tract 201.01" }, "geometry": { "type": "Polygon", "coordinates": [ [ [ -84.2105, 38.007 ], [ -84.1873, 37.995 ], [ -84.1868, 37.9879 ], [ -84.2063, 37.9865 ], [ -84.2151, 37.9955 ], [ -84.2105, 38.007 ] ] ] } },
{ "type": "Feature", "properties": { "GEOIDFQ": "1400000US21049020300", "NAME": "203", "NAMELSAD": "Census Tract 203" }, "geometry": { "type": "Polygon", "coordinates": [ [ [ -84.1821, 38.0862 ], [ -84.1871, 38.0903 ], [ -84.0805, 38.1151 ], [ -83.9663, 37.9308 ], [ -83.9826, 37.924 ], [ -84.0257, 37.9529 ], [ -84.0432, 37.9744 ], [ -84.0966, 37.986 ], [ -84.1321, 38.0007 ], [ -84.1492, 38.018 ], [ -84.157, 38.0168 ], [ -84.1498, 38.0261 ], [ -84.1724, 38.0464 ], [ -84.1812, 38.0791 ], [ -84.1929, 38.0806 ], [ -84.1821, 38.0862 ] ] ] } },
{ "type": "Feature", "properties": { "GEOIDFQ": "1400000US21049020103", "NAME": "201.03", "NAMELSAD": "Census Tract 201.03" }, "geometry": { "type": "Polygon", "coordinates": [ [ [ -84.2063, 37.9865 ], [ -84.1971, 37.9768 ], [ -84.2233, 37.9453 ], [ -84.2303, 37.947 ], [ -84.2339, 37.9671 ], [ -84.2063, 37.9865 ] ] ] } },
{ "type": "Feature", "properties": { "GEOIDFQ": "1400000US21179930305", "NAME": "9303.05", "NAMELSAD": "Census Tract 9303.05" }, "geometry": { "type": "Polygon", "coordinates": [ [ [ -85.4403, 37.858 ], [ -85.424, 37.8643 ], [ -85.4109, 37.8789 ], [ -85.3878, 37.8823 ], [ -85.3806, 37.8673 ], [ -85.3708, 37.866 ], [ -85.3603, 37.8757 ], [ -85.3376, 37.8591 ], [ -85.3817, 37.8335 ], [ -85.385, 37.8386 ], [ -85.4422, 37.826 ], [ -85.4403, 37.858 ] ] ] } },
{ "type": "Feature", "properties": { "GEOIDFQ": "1400000US21179930201", "NAME": "9302.01", "NAMELSAD": "Census Tract 9302.01" }, "geometry": { "type": "Polygon", "coordinates": [ [ [ -85.5763, 37.8849 ], [ -85.5848, 37.8936 ], [ -85.5839, 37.9112 ], [ -85.5671, 37.9187 ], [ -85.5653, 37.9249 ], [ -85.5508, 37.9264 ], [ -85.5429, 37.9404 ], [ -85.5254, 37.9525 ], [ -85.5343, 37.9654 ], [ -85.4892, 37.9907 ], [ -85.4507, 37.9679 ], [ -85.4554, 37.9492 ], [ -85.4691, 37.9396 ], [ -85.4637, 37.9272 ], [ -85.4733, 37.899 ], [ -85.4598, 37.8447 ], [ -85.4762, 37.8448 ], [ -85.4986, 37.8552 ], [ -85.5087, 37.8518 ], [ -85.5425, 37.8804 ], [ -85.551, 37.8686 ], [ -85.5717, 37.8622 ], [ -85.5997, 37.8694 ], [ -85.5763, 37.8849 ] ] ] } },
{ "type": "Feature", "properties": { "GEOIDFQ": "1400000US21179930202", "NAME": "9302.02", "NAMELSAD": "Census Tract 9302.02" }, "geometry": { "type": "Polygon", "coordinates": [ [ [ -85.4637, 37.9272 ], [ -85.4691, 37.9396 ], [ -85.4554, 37.9492 ], [ -85.4507, 37.9679 ], [ -85.4258, 37.9596 ], [ -85.3999, 37.94 ], [ -85.3525, 37.945 ], [ -85.3476, 37.941 ], [ -85.3573, 37.9158 ], [ -85.3732, 37.9084 ], [ -85.3583, 37.8783 ], [ -85.3708, 37.866 ], [ -85.3806, 37.8673 ], [ -85.3876, 37.8822 ], [ -85.3972, 37.883 ], [ -85.4178, 37.8746 ], [ -85.4243, 37.8642 ], [ -85.4501, 37.8564 ], [ -85.4598, 37.8448 ], [ -85.4733, 37.8989 ], [ -85.4637, 37.9272 ] ] ] } },
{ "type": "Feature", "properties": { "GEOIDFQ": "1400000US21179930304", "NAME": "9303.04", "NAMELSAD": "Census Tract 9303.04" }, "geometry": { "type": "Polygon", "coordinates": [ [ [ -85.4598, 37.8448 ], [ -85.4502, 37.8564 ], [ -85.4403, 37.858 ], [ -85.4417, 37.8242 ], [ -85.385, 37.8386 ], [ -85.3817, 37.8335 ], [ -85.4298, 37.7976 ], [ -85.4287, 37.8176 ], [ -85.4616, 37.826 ], [ -85.4598, 37.8448 ] ] ] } },
{ "type": "Feature", "properties": { "GEOIDFQ": "1400000US21111007900", "NAME": "79", "NAMELSAD": "Census Tract 79" }, "geometry": { "type": "Polygon", "coordinates": [ [ [ -85.6854, 38.2546 ], [ -85.6806, 38.2487 ], [ -85.6989, 38.2485 ], [ -85.6999, 38.2537 ], [ -85.6854, 38.2546 ] ] ] } },
{ "type": "Feature", "properties": { "GEOIDFQ": "1400000US21193970501", "NAME": "9705.01", "NAMELSAD": "Census Tract 9705.01" }, "geometry": { "type": "Polygon", "coordinates": [ [ [ -83.3414, 37.2676 ], [ -83.3159, 37.2786 ], [ -83.2937, 37.2768 ], [ -83.2699, 37.288 ], [ -83.263, 37.2724 ], [ -83.2558, 37.2774 ], [ -83.2419, 37.2682 ], [ -83.2502, 37.2583 ], [ -83.2444, 37.2408 ], [ -83.2511, 37.2337 ], [ -83.2356, 37.2138 ], [ -83.2208, 37.2138 ], [ -83.2074, 37.2251 ], [ -83.2073, 37.2428 ], [ -83.1751, 37.2485 ], [ -83.1832, 37.2393 ], [ -83.1719, 37.2372 ], [ -83.1708, 37.225 ], [ -83.1965, 37.2031 ], [ -83.1815, 37.1934 ], [ -83.1789, 37.1824 ], [ -83.2141, 37.1759 ], [ -83.2326, 37.1845 ], [ -83.2408, 37.196 ], [ -83.249, 37.195 ], [ -83.2527, 37.2036 ], [ -83.2734, 37.2019 ], [ -83.2872, 37.2175 ], [ -83.2989, 37.2146 ], [ -83.3109, 37.2299 ], [ -83.3243, 37.2252 ], [ -83.3372, 37.2364 ], [ -83.3329, 37.2444 ], [ -83.3444, 37.2602 ], [ -83.3414, 37.2676 ] ] ] } },
{ "type": "Feature", "properties": { "GEOIDFQ": "1400000US21193970601", "NAME": "9706.01", "NAMELSAD": "Census Tract 9706.01" }, "geometry": { "type": "Polygon", "coordinates": [ [ [ -83.1785, 37.2886 ], [ -83.172, 37.2789 ], [ -83.1454, 37.2811 ], [ -83.121, 37.2517 ], [ -83.1267, 37.2359 ], [ -83.1162, 37.2407 ], [ -83.1059, 37.2334 ], [ -83.1157, 37.2333 ], [ -83.1182, 37.2241 ], [ -83.1339, 37.2151 ], [ -83.1401, 37.2199 ], [ -83.1495, 37.2143 ], [ -83.1592, 37.2274 ], [ -83.1732, 37.2257 ], [ -83.1719, 37.2372 ], [ -83.1833, 37.24 ], [ -83.1741, 37.2467 ], [ -83.1737, 37.2561 ], [ -83.1883, 37.261 ], [ -83.1827, 37.2656 ], [ -83.1934, 37.2786 ], [ -83.1785, 37.2886 ] ] ] } },
{ "type": "Feature", "properties": { "GEOIDFQ": "1400000US21193970502", "NAME": "9705.02", "NAMELSAD": "Census Tract 9705.02" }, "geometry": { "type": "Polygon", "coordinates": [ [ [ -83.2564, 37.2911 ], [ -83.2475, 37.3036 ], [ -83.237, 37.2925 ], [ -83.2187, 37.2872 ], [ -83.209, 37.2711 ], [ -83.1963, 37.2654 ], [ -83.1954, 37.247 ], [ -83.2089, 37.2416 ], [ -83.2074, 37.2251 ], [ -83.2208, 37.2138 ], [ -83.2365, 37.2141 ], [ -83.2511, 37.2337 ], [ -83.2444, 37.2408 ], [ -83.2502, 37.2583 ], [ -83.2419, 37.2682 ], [ -83.2558, 37.2774 ], [ -83.263, 37.2724 ], [ -83.2693, 37.2874 ], [ -83.2564, 37.2911 ] ] ] } },
{ "type": "Feature", "properties": { "GEOIDFQ": "1400000US21193970602", "NAME": "9706.02", "NAMELSAD": "Census Tract 9706.02" }, "geometry": { "type": "Polygon", "coordinates": [ [ [ -83.196, 37.2659 ], [ -83.1828, 37.2657 ], [ -83.1883, 37.261 ], [ -83.1737, 37.2561 ], [ -83.177, 37.2487 ], [ -83.188, 37.2443 ], [ -83.1971, 37.2489 ], [ -83.196, 37.2659 ] ] ] } },
{ "type": "Feature", "properties": { "GEOIDFQ": "1400000US21111007501", "NAME": "75.01", "NAMELSAD": "Census Tract 75.01" }, "geometry": { "type": "Polygon", "coordinates": [ [ [ -85.6768, 38.2998 ], [ -85.6702, 38.2916 ], [ -85.6529, 38.2925 ], [ -85.6364, 38.2798 ], [ -85.6858, 38.2606 ], [ -85.7048, 38.2856 ], [ -85.6768, 38.2998 ] ] ] } },
{ "type": "Feature", "properties": { "GEOIDFQ": "1400000US21111012702", "NAME": "127.02", "NAMELSAD": "Census Tract 127.02" }, "geometry": { "type": "Polygon", "coordinates": [ [ [ -85.8658, 38.2134 ], [ -85.8501, 38.2057 ], [ -85.8613, 38.1783 ], [ -85.8946, 38.1872 ], [ -85.8658, 38.2134 ] ] ] } },
{ "type": "Feature", "properties": { "GEOIDFQ": "1400000US21111012003", "NAME": "120.03", "NAMELSAD": "Census Tract 120.03" }, "geometry": { "type": "Polygon", "coordinates": [ [ [ -85.8599, 38.0837 ], [ -85.7962, 38.1252 ], [ -85.7953, 38.1192 ], [ -85.7764, 38.1094 ], [ -85.7547, 38.078 ], [ -85.746, 38.0796 ], [ -85.8764, 38.0426 ], [ -85.8599, 38.0837 ] ] ] } },
{ "type": "Feature", "properties": { "GEOIDFQ": "1400000US21111006300", "NAME": "63", "NAMELSAD": "Census Tract 63" }, "geometry": { "type": "Polygon", "coordinates": [ [ [ -85.7352, 38.2444 ], [ -85.734, 38.2443 ], [ -85.7269, 38.2348 ], [ -85.7394, 38.2321 ], [ -85.7352, 38.2444 ] ] ] } },
{ "type": "Feature", "properties": { "GEOIDFQ": "1400000US21111012701", "NAME": "127.01", "NAMELSAD": "Census Tract 127.01" }, "geometry": { "type": "Polygon", "coordinates": [ [ [ -85.8428, 38.2334 ], [ -85.8093, 38.2244 ], [ -85.8543, 38.1848 ], [ -85.8501, 38.2057 ], [ -85.8638, 38.2147 ], [ -85.8428, 38.2334 ] ] ] } },
{ "type": "Feature", "properties": { "GEOIDFQ": "1400000US21111001700", "NAME": "17", "NAMELSAD": "Census Tract 17" }, "geometry": { "type": "Polygon", "coordinates": [ [ [ -85.7993, 38.2436 ], [ -85.7878, 38.242 ], [ -85.7889, 38.2364 ], [ -85.8005, 38.2368 ], [ -85.7993, 38.2436 ] ] ] } },
{ "type": "Feature", "properties": { "GEOIDFQ": "1400000US21111011302", "NAME": "113.02", "NAMELSAD": "Census Tract 113.02" }, "geometry": { "type": "Polygon", "coordinates": [ [ [ -85.6777, 38.1778 ], [ -85.6597, 38.1858 ], [ -85.6599, 38.1644 ], [ -85.6849, 38.1716 ], [ -85.6777, 38.1778 ] ] ] } },
{ "type": "Feature", "properties": { "GEOIDFQ": "1400000US21111007502", "NAME": "75.02", "NAMELSAD": "Census Tract 75.02" }, "geometry": { "type": "Polygon", "coordinates": [ [ [ -85.6515, 38.3303 ], [ -85.6378, 38.3802 ], [ -85.6068, 38.3629 ], [ -85.6221, 38.3351 ], [ -85.6304, 38.2873 ], [ -85.6364, 38.2798 ], [ -85.6529, 38.2925 ], [ -85.6702, 38.2916 ], [ -85.6768, 38.2999 ], [ -85.6515, 38.3303 ] ] ] } },
{ "type": "Feature", "properties": { "GEOIDFQ": "1400000US21111010006", "NAME": "100.06", "NAMELSAD": "Census Tract 100.06" }, "geometry": { "type": "Polygon", "coordinates": [ [ [ -85.5723, 38.2876 ], [ -85.5652, 38.2778 ], [ -85.5763, 38.2796 ], [ -85.6019, 38.2708 ], [ -85.6056, 38.2755 ], [ -85.5723, 38.2876 ] ] ] } },
{ "type": "Feature", "properties": { "GEOIDFQ": "1400000US21111012503", "NAME": "125.03", "NAMELSAD": "Census Tract 125.03" }, "geometry": { "type": "Polygon", "coordinates": [ [ [ -85.8546, 38.1845 ], [ -85.8349, 38.176 ], [ -85.8353, 38.1683 ], [ -85.8477, 38.1578 ], [ -85.8485, 38.1699 ], [ -85.8635, 38.1762 ], [ -85.8546, 38.1845 ] ] ] } },
{ "type": "Feature", "properties": { "GEOIDFQ": "1400000US21111010007", "NAME": "100.07", "NAMELSAD": "Census Tract 100.07" }, "geometry": { "type": "Polygon", "coordinates": [ [ [ -85.6139, 38.2917 ], [ -85.6076, 38.2912 ], [ -85.6122, 38.2782 ], [ -85.6057, 38.2755 ], [ -85.6242, 38.2654 ], [ -85.636, 38.2801 ], [ -85.6139, 38.2917 ] ] ] } },
{ "type": "Feature", "properties": { "GEOIDFQ": "1400000US21111012107", "NAME": "121.07", "NAMELSAD": "Census Tract 121.07" }, "geometry": { "type": "Polygon", "coordinates": [ [ [ -85.8855, 38.0493 ], [ -85.893, 38.0533 ], [ -85.8754, 38.093 ], [ -85.854, 38.0886 ], [ -85.866, 38.0754 ], [ -85.877, 38.0418 ], [ -85.9008, 38.0293 ], [ -85.8855, 38.0493 ] ] ] } },
{ "type": "Feature", "properties": { "GEOIDFQ": "1400000US21111010702", "NAME": "107.02", "NAMELSAD": "Census Tract 107.02" }, "geometry": { "type": "Polygon", "coordinates": [ [ [ -85.6225, 38.2378 ], [ -85.5789, 38.2232 ], [ -85.5911, 38.2155 ], [ -85.6111, 38.2247 ], [ -85.6186, 38.2229 ], [ -85.6273, 38.2331 ], [ -85.6225, 38.2378 ] ] ] } },
{ "type": "Feature", "properties": { "GEOIDFQ": "1400000US21199930302", "NAME": "9303.02", "NAMELSAD": "Census Tract 9303.02" }, "geometry": { "type": "Polygon", "coordinates": [ [ [ -84.8052, 36.9994 ], [ -84.7912, 37.0103 ], [ -84.8028, 37.0446 ], [ -84.8026, 37.0711 ], [ -84.7962, 37.0702 ], [ -84.7744, 37.0883 ], [ -84.8008, 37.0926 ], [ -84.7672, 37.0983 ], [ -84.6915, 37.0975 ], [ -84.6872, 37.0874 ], [ -84.698, 37.083 ], [ -84.6836, 37.0808 ], [ -84.6902, 37.0679 ], [ -84.6758, 37.0681 ], [ -84.6845, 37.059 ], [ -84.6807, 37.0525 ], [ -84.6588, 37.0433 ], [ -84.6699, 37.0331 ], [ -84.6871, 37.0275 ], [ -84.6944, 37.0302 ], [ -84.7065, 37.0226 ], [ -84.7079, 37.0122 ], [ -84.7001, 37.0069 ], [ -84.7115, 37.0057 ], [ -84.7008, 36.9902 ], [ -84.7137, 36.9733 ], [ -84.7702, 36.9577 ], [ -84.7838, 36.9785 ], [ -84.8085, 36.9877 ], [ -84.8052, 36.9994 ] ] ] } },
{ "type": "Feature", "properties": { "GEOIDFQ": "1400000US21105970100", "NAME": "9701", "NAMELSAD": "Census Tract 9701" }, "geometry": { "type": "Polygon", "coordinates": [ [ [ -89.1947, 36.7438 ], [ -89.1729, 36.7588 ], [ -89.126, 36.7518 ], [ -89.1162, 36.7708 ], [ -89.1235, 36.7852 ], [ -89.1042, 36.7973 ], [ -89.0618, 36.787 ], [ -89.0673, 36.7728 ], [ -88.8132, 36.7731 ], [ -88.8196, 36.7559 ], [ -88.8168, 36.5027 ], [ -88.8346, 36.5026 ], [ -88.9035, 36.5769 ], [ -88.9276, 36.5785 ], [ -88.9409, 36.5915 ], [ -89.0267, 36.5921 ], [ -89.1471, 36.6491 ], [ -89.1747, 36.6505 ], [ -89.1591, 36.6664 ], [ -89.1719, 36.6726 ], [ -89.1694, 36.6888 ], [ -89.1984, 36.7145 ], [ -89.1947, 36.7438 ] ] ] } },
{ "type": "Feature", "properties": { "GEOIDFQ": "1400000US21199931103", "NAME": "9311.03", "NAMELSAD": "Census Tract 9311.03" }, "geometry": { "type": "Polygon", "coordinates": [ [ [ -84.596, 36.9404 ], [ -84.5841, 36.9438 ], [ -84.5827, 36.9487 ], [ -84.6052, 36.9555 ], [ -84.6049, 36.9679 ], [ -84.5919, 36.9713 ], [ -84.5747, 36.9485 ], [ -84.5462, 36.9385 ], [ -84.498, 36.9474 ], [ -84.4968, 36.9651 ], [ -84.4775, 36.9909 ], [ -84.4553, 36.9685 ], [ -84.4466, 36.9734 ], [ -84.4489, 36.9849 ], [ -84.439, 36.9862 ], [ -84.4413, 36.9642 ], [ -84.4168, 36.9469 ], [ -84.5782, 36.8671 ], [ -84.5899, 36.8826 ], [ -84.5833, 36.8937 ], [ -84.6024, 36.8792 ], [ -84.6202, 36.8963 ], [ -84.5999, 36.9008 ], [ -84.6008, 36.9173 ], [ -84.5733, 36.9289 ], [ -84.6109, 36.9285 ], [ -84.6245, 36.9482 ], [ -84.596, 36.9404 ] ] ] } },
{ "type": "Feature", "properties": { "GEOIDFQ": "1400000US21199930301", "NAME": "9303.01", "NAMELSAD": "Census Tract 9303.01" }, "geometry": { "type": "Polygon", "coordinates": [ [ [ -84.9011, 37.1163 ], [ -84.8062, 37.1773 ], [ -84.7771, 37.1751 ], [ -84.7653, 37.1711 ], [ -84.7572, 37.1595 ], [ -84.7468, 37.1614 ], [ -84.7342, 37.1531 ], [ -84.7274, 37.1576 ], [ -84.7115, 37.1475 ], [ -84.7097, 37.1434 ], [ -84.7165, 37.1399 ], [ -84.7225, 37.1446 ], [ -84.7256, 37.1396 ], [ -84.7139, 37.1342 ], [ -84.7181, 37.1298 ], [ -84.7076, 37.1021 ], [ -84.6968, 37.1029 ], [ -84.6915, 37.0975 ], [ -84.7672, 37.0983 ], [ -84.8008, 37.0926 ], [ -84.7744, 37.0883 ], [ -84.7962, 37.0702 ], [ -84.8026, 37.0711 ], [ -84.8028, 37.0446 ], [ -84.7912, 37.0103 ], [ -84.8053, 36.9992 ], [ -84.8086, 36.9876 ], [ -84.8637, 37.008 ], [ -84.9058, 37.0472 ], [ -84.9011, 37.1163 ] ] ] } },
{ "type": "Feature", "properties": { "GEOIDFQ": "1400000US21199930102", "NAME": "9301.02", "NAMELSAD": "Census Tract 9301.02" }, "geometry": { "type": "Polygon", "coordinates": [ [ [ -84.6266, 37.2439 ], [ -84.6125, 37.2444 ], [ -84.5976, 37.2537 ], [ -84.6098, 37.2708 ], [ -84.6032, 37.2809 ], [ -84.5859, 37.2749 ], [ -84.5475, 37.2736 ], [ -84.5341, 37.2639 ], [ -84.5168, 37.2608 ], [ -84.4997, 37.3026 ], [ -84.5025, 37.3285 ], [ -84.4367, 37.2719 ], [ -84.4433, 37.2628 ], [ -84.4373, 37.2569 ], [ -84.4464, 37.2565 ], [ -84.4436, 37.2515 ], [ -84.4556, 37.254 ], [ -84.4504, 37.2433 ], [ -84.4671, 37.236 ], [ -84.4651, 37.2264 ], [ -84.4576, 37.2249 ], [ -84.4675, 37.2237 ], [ -84.4639, 37.2039 ], [ -84.4731, 37.1856 ], [ -84.501, 37.164 ], [ -84.5054, 37.1714 ], [ -84.538, 37.1771 ], [ -84.5459, 37.1898 ], [ -84.554, 37.179 ], [ -84.5742, 37.1917 ], [ -84.5977, 37.1819 ], [ -84.5966, 37.1767 ], [ -84.6026, 37.1868 ], [ -84.5902, 37.1947 ], [ -84.5989, 37.2148 ], [ -84.6304, 37.2309 ], [ -84.6266, 37.2439 ] ] ] } },
{ "type": "Feature", "properties": { "GEOIDFQ": "1400000US21199930101", "NAME": "9301.01", "NAMELSAD": "Census Tract 9301.01" }, "geometry": { "type": "Polygon", "coordinates": [ [ [ -84.6892, 37.2608 ], [ -84.5565, 37.3557 ], [ -84.5025, 37.3285 ], [ -84.4997, 37.3026 ], [ -84.5168, 37.2608 ], [ -84.5341, 37.2639 ], [ -84.5475, 37.2736 ], [ -84.5859, 37.2749 ], [ -84.6032, 37.2809 ], [ -84.6098, 37.2708 ], [ -84.5976, 37.2536 ], [ -84.6125, 37.2444 ], [ -84.6266, 37.2439 ], [ -84.6307, 37.2296 ], [ -84.6419, 37.2224 ], [ -84.6529, 37.2325 ], [ -84.6707, 37.2329 ], [ -84.6693, 37.2418 ], [ -84.6958, 37.2465 ], [ -84.6892, 37.2608 ] ] ] } },
{ "type": "Feature", "properties": { "GEOIDFQ": "1400000US21199930404", "NAME": "9304.04", "NAMELSAD": "Census Tract 9304.04" }, "geometry": { "type": "Polygon", "coordinates": [ [ [ -84.5904, 37.1249 ], [ -84.5912, 37.1442 ], [ -84.5817, 37.1548 ], [ -84.5742, 37.1917 ], [ -84.554, 37.179 ], [ -84.5459, 37.1898 ], [ -84.538, 37.1771 ], [ -84.5054, 37.1714 ], [ -84.5041, 37.1647 ], [ -84.4933, 37.1668 ], [ -84.4976, 37.1594 ], [ -84.5228, 37.1503 ], [ -84.5226, 37.1258 ], [ -84.5342, 37.1116 ], [ -84.5634, 37.0975 ], [ -84.6037, 37.1025 ], [ -84.5904, 37.1249 ] ] ] } },
{ "type": "Feature", "properties": { "GEOIDFQ": "1400000US21199930403", "NAME": "9304.03", "NAMELSAD": "Census Tract 9304.03" }, "geometry": { "type": "Polygon", "coordinates": [ [ [ -84.6291, 37.1566 ], [ -84.6127, 37.1554 ], [ -84.6077, 37.1632 ], [ -84.5933, 37.1609 ], [ -84.5978, 37.1817 ], [ -84.5773, 37.1866 ], [ -84.5817, 37.1548 ], [ -84.5912, 37.1442 ], [ -84.587, 37.1363 ], [ -84.5997, 37.1104 ], [ -84.6149, 37.1113 ], [ -84.6162, 37.1229 ], [ -84.6285, 37.1305 ], [ -84.6291, 37.1566 ] ] ] } },
{ "type": "Feature", "properties": { "GEOIDFQ": "1400000US21199930802", "NAME": "9308.02", "NAMELSAD": "Census Tract 9308.02" }, "geometry": { "type": "Polygon", "coordinates": [ [ [ -84.6077, 37.0152 ], [ -84.6113, 37.026 ], [ -84.5951, 37.0336 ], [ -84.6007, 37.037 ], [ -84.5918, 37.0421 ], [ -84.5986, 37.0449 ], [ -84.5873, 37.0459 ], [ -84.5836, 37.0396 ], [ -84.5661, 37.0552 ], [ -84.5701, 37.068 ], [ -84.5631, 37.0888 ], [ -84.5697, 37.1001 ], [ -84.5634, 37.0975 ], [ -84.5307, 37.1139 ], [ -84.5114, 37.1106 ], [ -84.5127, 37.102 ], [ -84.5317, 37.0857 ], [ -84.5234, 37.0647 ], [ -84.5058, 37.054 ], [ -84.4883, 37.0564 ], [ -84.4935, 37.0465 ], [ -84.4826, 37.0456 ], [ -84.475, 37.0235 ], [ -84.4884, 37.0192 ], [ -84.4773, 37.0055 ], [ -84.4923, 36.999 ], [ -84.4981, 36.9875 ], [ -84.4874, 36.9761 ], [ -84.4977, 36.9625 ], [ -84.4957, 36.9493 ], [ -84.528, 36.9463 ], [ -84.5155, 36.9712 ], [ -84.531, 36.9894 ], [ -84.5411, 36.9865 ], [ -84.5424, 36.9685 ], [ -84.5603, 36.971 ], [ -84.5628, 36.9763 ], [ -84.5482, 36.9935 ], [ -84.5658, 37.0084 ], [ -84.5807, 36.9902 ], [ -84.6062, 36.9952 ], [ -84.6147, 37.0043 ], [ -84.6077, 37.0152 ] ] ] } },
{ "type": "Feature", "properties": { "GEOIDFQ": "1400000US21199931104", "NAME": "9311.04", "NAMELSAD": "Census Tract 9311.04" }, "geometry": { "type": "Polygon", "coordinates": [ [ [ -84.5998, 36.9973 ], [ -84.5797, 36.9905 ], [ -84.5658, 37.0084 ], [ -84.5482, 36.9935 ], [ -84.5628, 36.9763 ], [ -84.557, 36.9686 ], [ -84.5424, 36.9685 ], [ -84.5359, 36.9901 ], [ -84.5166, 36.9758 ], [ -84.5283, 36.9497 ], [ -84.5257, 36.9445 ], [ -84.517, 36.9458 ], [ -84.5157, 36.9433 ], [ -84.5433, 36.9381 ], [ -84.5732, 36.9477 ], [ -84.5898, 36.9705 ], [ -84.6087, 36.9705 ], [ -84.6109, 36.9875 ], [ -84.5998, 36.9973 ] ] ] } },
{ "type": "Feature", "properties": { "GEOIDFQ": "1400000US21199930504", "NAME": "9305.04", "NAMELSAD": "Census Tract 9305.04" }, "geometry": { "type": "Polygon", "coordinates": [ [ [ -84.6562, 37.0187 ], [ -84.6532, 37.0471 ], [ -84.6492, 37.0509 ], [ -84.6407, 37.0405 ], [ -84.6256, 37.0514 ], [ -84.6277, 37.0144 ], [ -84.6106, 37.0019 ], [ -84.6098, 36.9886 ], [ -84.6196, 36.9912 ], [ -84.6365, 37.0129 ], [ -84.6497, 37.0077 ], [ -84.6499, 36.9977 ], [ -84.6659, 37.0086 ], [ -84.6562, 37.0187 ] ] ] } },
{ "type": "Feature", "properties": { "GEOIDFQ": "1400000US21199930503", "NAME": "9305.03", "NAMELSAD": "Census Tract 9305.03" }, "geometry": { "type": "Polygon", "coordinates": [ [ [ -84.7001, 37.0069 ], [ -84.7079, 37.0122 ], [ -84.7065, 37.0226 ], [ -84.6944, 37.0302 ], [ -84.6871, 37.0275 ], [ -84.6591, 37.0428 ], [ -84.6529, 37.0401 ], [ -84.6601, 37.0246 ], [ -84.6562, 37.0187 ], [ -84.666, 37.0083 ], [ -84.6499, 36.9977 ], [ -84.6533, 36.986 ], [ -84.7051, 36.9819 ], [ -84.7009, 36.9911 ], [ -84.7115, 37.0063 ], [ -84.7001, 37.0069 ] ] ] } },
{ "type": "Feature", "properties": { "GEOIDFQ": "1400000US21199930505", "NAME": "9305.05", "NAMELSAD": "Census Tract 9305.05" }, "geometry": { "type": "Polygon", "coordinates": [ [ [ -84.6872, 37.0874 ], [ -84.6915, 37.0975 ], [ -84.6384, 37.0933 ], [ -84.6387, 37.0765 ], [ -84.6317, 37.0685 ], [ -84.6373, 37.0647 ], [ -84.6256, 37.0514 ], [ -84.6407, 37.0405 ], [ -84.6492, 37.0509 ], [ -84.6529, 37.0401 ], [ -84.6675, 37.043 ], [ -84.6845, 37.059 ], [ -84.6758, 37.0681 ], [ -84.6902, 37.0679 ], [ -84.6842, 37.0819 ], [ -84.6975, 37.0843 ], [ -84.6872, 37.0874 ] ] ] } },
{ "type": "Feature", "properties": { "GEOIDFQ": "1400000US21081920102", "NAME": "9201.02", "NAMELSAD": "Census Tract 9201.02" }, "geometry": { "type": "Polygon", "coordinates": [ [ [ -84.6042, 38.7926 ], [ -84.5323, 38.7919 ], [ -84.524, 38.7543 ], [ -84.5482, 38.7522 ], [ -84.5637, 38.7412 ], [ -84.5727, 38.747 ], [ -84.6043, 38.7322 ], [ -84.6123, 38.7765 ], [ -84.6042, 38.7926 ] ] ] } },
{ "type": "Feature", "properties": { "GEOIDFQ": "1400000US21199930506", "NAME": "9305.06", "NAMELSAD": "Census Tract 9305.06" }, "geometry": { "type": "Polygon", "coordinates": [ [ [ -84.6384, 37.0933 ], [ -84.6196, 37.0948 ], [ -84.6247, 37.0554 ], [ -84.6346, 37.0591 ], [ -84.6317, 37.0685 ], [ -84.6384, 37.0933 ] ] ] } },
{ "type": "Feature", "properties": { "GEOIDFQ": "1400000US21199930801", "NAME": "9308.01", "NAMELSAD": "Census Tract 9308.01" }, "geometry": { "type": "Polygon", "coordinates": [ [ [ -84.6264, 37.0426 ], [ -84.6184, 37.0501 ], [ -84.6029, 37.0515 ], [ -84.5994, 37.0453 ], [ -84.5959, 37.0475 ], [ -84.5918, 37.0457 ], [ -84.5987, 37.0447 ], [ -84.5918, 37.0421 ], [ -84.6007, 37.037 ], [ -84.5951, 37.0336 ], [ -84.6113, 37.026 ], [ -84.6109, 37.0058 ], [ -84.6195, 37.0058 ], [ -84.6279, 37.0167 ], [ -84.6264, 37.0426 ] ] ] } },
{ "type": "Feature", "properties": { "GEOIDFQ": "1400000US21131920101", "NAME": "9201.01", "NAMELSAD": "Census Tract 9201.01" }, "geometry": { "type": "Polygon", "coordinates": [ [ [ -83.5353, 37.1031 ], [ -83.5512, 37.1191 ], [ -83.5513, 37.1638 ], [ -83.5244, 37.1703 ], [ -83.5174, 37.1649 ], [ -83.5092, 37.1689 ], [ -83.4909, 37.1631 ], [ -83.4601, 37.1678 ], [ -83.4359, 37.1759 ], [ -83.4315, 37.1841 ], [ -83.4002, 37.1989 ], [ -83.3878, 37.2181 ], [ -83.3769, 37.2206 ], [ -83.372, 37.2096 ], [ -83.3823, 37.1999 ], [ -83.3675, 37.1946 ], [ -83.384, 37.1832 ], [ -83.3681, 37.1778 ], [ -83.3664, 37.1717 ], [ -83.3743, 37.1642 ], [ -83.3718, 37.1534 ], [ -83.3825, 37.1437 ], [ -83.371, 37.1384 ], [ -83.3826, 37.1242 ], [ -83.3865, 37.1019 ], [ -83.3983, 37.0959 ], [ -83.3958, 37.0906 ], [ -83.4077, 37.0943 ], [ -83.4341, 37.0811 ], [ -83.4518, 37.0821 ], [ -83.4595, 37.0748 ], [ -83.4565, 37.0581 ], [ -83.4801, 37.0426 ], [ -83.5224, 37.0515 ], [ -83.5219, 37.0585 ], [ -83.5374, 37.0672 ], [ -83.5452, 37.0803 ], [ -83.5531, 37.0793 ], [ -83.5353, 37.1031 ] ] ] } },
{ "type": "Feature", "properties": { "GEOIDFQ": "1400000US21111012205", "NAME": "122.05", "NAMELSAD": "Census Tract 122.05" }, "geometry": { "type": "Polygon", "coordinates": [ [ [ -85.7836, 38.136 ], [ -85.7746, 38.1428 ], [ -85.776, 38.1264 ], [ -85.7935, 38.1274 ], [ -85.7836, 38.136 ] ] ] } },
{ "type": "Feature", "properties": { "GEOIDFQ": "1400000US21111012206", "NAME": "122.06", "NAMELSAD": "Census Tract 122.06" }, "geometry": { "type": "Polygon", "coordinates": [ [ [ -85.7911, 38.1529 ], [ -85.7764, 38.1508 ], [ -85.7746, 38.1428 ], [ -85.7935, 38.1274 ], [ -85.7911, 38.1529 ] ] ] } },
{ "type": "Feature", "properties": { "GEOIDFQ": "1400000US21111002700", "NAME": "27", "NAMELSAD": "Census Tract 27" }, "geometry": { "type": "Polygon", "coordinates": [ [ [ -85.7865, 38.2492 ], [ -85.7665, 38.2469 ], [ -85.7669, 38.2265 ], [ -85.7801, 38.228 ], [ -85.7789, 38.2333 ], [ -85.7887, 38.2366 ], [ -85.7865, 38.2492 ] ] ] } },
{ "type": "Feature", "properties": { "GEOIDFQ": "1400000US21111002800", "NAME": "28", "NAMELSAD": "Census Tract 28" }, "geometry": { "type": "Polygon", "coordinates": [ [ [ -85.7881, 38.2341 ], [ -85.7789, 38.2333 ], [ -85.7828, 38.2203 ], [ -85.7932, 38.2215 ], [ -85.7881, 38.2341 ] ] ] } },
{ "type": "Feature", "properties": { "GEOIDFQ": "1400000US21111003000", "NAME": "30", "NAMELSAD": "Census Tract 30" }, "geometry": { "type": "Polygon", "coordinates": [ [ [ -85.7726, 38.2622 ], [ -85.7722, 38.263 ], [ -85.7651, 38.2542 ], [ -85.7665, 38.2469 ], [ -85.7749, 38.2481 ], [ -85.7726, 38.2622 ] ] ] } },
{ "type": "Feature", "properties": { "GEOIDFQ": "1400000US21111003600", "NAME": "36", "NAMELSAD": "Census Tract 36" }, "geometry": { "type": "Polygon", "coordinates": [ [ [ -85.7774, 38.2201 ], [ -85.7689, 38.2148 ], [ -85.7705, 38.2057 ], [ -85.7834, 38.2046 ], [ -85.7871, 38.2096 ], [ -85.7774, 38.2201 ] ] ] } },
{ "type": "Feature", "properties": { "GEOIDFQ": "1400000US21111003800", "NAME": "38", "NAMELSAD": "Census Tract 38" }, "geometry": { "type": "Polygon", "coordinates": [ [ [ -85.7824, 38.2014 ], [ -85.7656, 38.2052 ], [ -85.7731, 38.1896 ], [ -85.7834, 38.1892 ], [ -85.7824, 38.2014 ] ] ] } },
{ "type": "Feature", "properties": { "GEOIDFQ": "1400000US21111003900", "NAME": "39", "NAMELSAD": "Census Tract 39" }, "geometry": { "type": "Polygon", "coordinates": [ [ [ -85.7871, 38.2096 ], [ -85.779, 38.2041 ], [ -85.7833, 38.1911 ], [ -85.799, 38.1966 ], [ -85.7871, 38.2096 ] ] ] } },
{ "type": "Feature", "properties": { "GEOIDFQ": "1400000US21111004000", "NAME": "40", "NAMELSAD": "Census Tract 40" }, "geometry": { "type": "Polygon", "coordinates": [ [ [ -85.7727, 38.1986 ], [ -85.7657, 38.2044 ], [ -85.7667, 38.19 ], [ -85.7731, 38.1911 ], [ -85.7727, 38.1986 ] ] ] } },
{ "type": "Feature", "properties": { "GEOIDFQ": "1400000US21059001401", "NAME": "14.01", "NAMELSAD": "Census Tract 14.01" }, "geometry": { "type": "Polygon", "coordinates": [ [ [ -87.0678, 37.8041 ], [ -87.0254, 37.781 ], [ -87.0411, 37.7439 ], [ -87.0712, 37.7578 ], [ -87.0889, 37.7861 ], [ -87.0678, 37.8041 ] ] ] } },
{ "type": "Feature", "properties": { "GEOIDFQ": "1400000US21059001402", "NAME": "14.02", "NAMELSAD": "Census Tract 14.02" }, "geometry": { "type": "Polygon", "coordinates": [ [ [ -87.0542, 37.8352 ], [ -86.9607, 37.7961 ], [ -86.9808, 37.7893 ], [ -87.0103, 37.736 ], [ -87.0411, 37.7439 ], [ -87.0253, 37.7809 ], [ -87.0677, 37.8043 ], [ -87.0542, 37.8352 ] ] ] } },
{ "type": "Feature", "properties": { "GEOIDFQ": "1400000US21059000200", "NAME": "2", "NAMELSAD": "Census Tract 2" }, "geometry": { "type": "Polygon", "coordinates": [ [ [ -87.1426, 37.8175 ], [ -87.1175, 37.7672 ], [ -87.1342, 37.7675 ], [ -87.1417, 37.7735 ], [ -87.1583, 37.8144 ], [ -87.1426, 37.8175 ] ] ] } },
{ "type": "Feature", "properties": { "GEOIDFQ": "1400000US21059000300", "NAME": "3", "NAMELSAD": "Census Tract 3" }, "geometry": { "type": "Polygon", "coordinates": [ [ [ -87.1096, 37.7825 ], [ -87.1014, 37.768 ], [ -87.1175, 37.7672 ], [ -87.1227, 37.7838 ], [ -87.1096, 37.7825 ] ] ] } },
{ "type": "Feature", "properties": { "GEOIDFQ": "1400000US21093000800", "NAME": "8", "NAMELSAD": "Census Tract 8" }, "geometry": { "type": "Polygon", "coordinates": [ [ [ -86.0136, 37.8099 ], [ -85.9936, 37.8437 ], [ -85.983, 37.832 ], [ -85.9694, 37.8505 ], [ -85.9732, 37.83 ], [ -85.9654, 37.8199 ], [ -85.9704, 37.8171 ], [ -85.9513, 37.8091 ], [ -85.9533, 37.8052 ], [ -85.9821, 37.8104 ], [ -85.9874, 37.7981 ], [ -86.0013, 37.7958 ], [ -86.0074, 37.7838 ], [ -86.0304, 37.8023 ], [ -86.0136, 37.8099 ] ] ] } },
{ "type": "Feature", "properties": { "GEOIDFQ": "1400000US21093000600", "NAME": "6", "NAMELSAD": "Census Tract 6" }, "geometry": { "type": "Polygon", "coordinates": [ [ [ -85.918, 37.8297 ], [ -85.9051, 37.8289 ], [ -85.9117, 37.8143 ], [ -85.9026, 37.7973 ], [ -85.9076, 37.79 ], [ -85.9128, 37.7896 ], [ -85.9266, 37.8233 ], [ -85.918, 37.8297 ] ] ] } },
{ "type": "Feature", "properties": { "GEOIDFQ": "1400000US21093001100", "NAME": "11", "NAMELSAD": "Census Tract 11" }, "geometry": { "type": "Polygon", "coordinates": [ [ [ -85.8429, 37.7354 ], [ -85.8196, 37.7281 ], [ -85.8292, 37.714 ], [ -85.8468, 37.7046 ], [ -85.862, 37.7338 ], [ -85.8429, 37.7354 ] ] ] } },
{ "type": "Feature", "properties": { "GEOIDFQ": "1400000US21067003908", "NAME": "39.08", "NAMELSAD": "Census Tract 39.08" }, "geometry": { "type": "Polygon", "coordinates": [ [ [ -84.4466, 38.0422 ], [ -84.4198, 38.0411 ], [ -84.4118, 38.0221 ], [ -84.422, 38.0091 ], [ -84.4482, 38.0287 ], [ -84.4466, 38.0422 ] ] ] } },
{ "type": "Feature", "properties": { "GEOIDFQ": "1400000US21067003909", "NAME": "39.09", "NAMELSAD": "Census Tract 39.09" }, "geometry": { "type": "Polygon", "coordinates": [ [ [ -84.4541, 38.0429 ], [ -84.4466, 38.0422 ], [ -84.4483, 38.0284 ], [ -84.422, 38.0091 ], [ -84.4361, 38.0067 ], [ -84.4539, 38.0246 ], [ -84.4541, 38.0429 ] ] ] } },
{ "type": "Feature", "properties": { "GEOIDFQ": "1400000US21067003910", "NAME": "39.10", "NAMELSAD": "Census Tract 39.10" }, "geometry": { "type": "Polygon", "coordinates": [ [ [ -84.4546, 38.0227 ], [ -84.4432, 38.0098 ], [ -84.4544, 38.0093 ], [ -84.4546, 38.0227 ] ] ] } },
{ "type": "Feature", "properties": { "GEOIDFQ": "1400000US21067003911", "NAME": "39.11", "NAMELSAD": "Census Tract 39.11" }, "geometry": { "type": "Polygon", "coordinates": [ [ [ -84.443, 38.0106 ], [ -84.4535, 38.0171 ], [ -84.4517, 38.022 ], [ -84.4361, 38.0067 ], [ -84.4458, 38.0012 ], [ -84.4544, 38.0093 ], [ -84.443, 38.0106 ] ] ] } },
{ "type": "Feature", "properties": { "GEOIDFQ": "1400000US21067002002", "NAME": "20.02", "NAMELSAD": "Census Tract 20.02" }, "geometry": { "type": "Polygon", "coordinates": [ [ [ -84.5589, 38.0543 ], [ -84.5485, 38.0603 ], [ -84.5511, 38.0469 ], [ -84.5656, 38.0459 ], [ -84.5589, 38.0543 ] ] ] } },
{ "type": "Feature", "properties": { "GEOIDFQ": "1400000US21085950500", "NAME": "9505", "NAMELSAD": "Census Tract 9505" }, "geometry": { "type": "Polygon", "coordinates": [ [ [ -86.3407, 37.4489 ], [ -86.299, 37.4649 ], [ -86.2256, 37.4831 ], [ -86.2233, 37.4588 ], [ -86.2315, 37.4517 ], [ -86.2278, 37.4272 ], [ -86.2022, 37.3993 ], [ -86.2015, 37.3818 ], [ -86.1877, 37.3647 ], [ -86.1871, 37.3462 ], [ -86.2005, 37.3297 ], [ -86.3207, 37.3267 ], [ -86.3123, 37.3385 ], [ -86.3067, 37.3317 ], [ -86.2923, 37.3334 ], [ -86.3051, 37.3506 ], [ -86.3011, 37.3674 ], [ -86.3138, 37.3801 ], [ -86.3181, 37.3982 ], [ -86.3268, 37.4021 ], [ -86.3306, 37.4292 ], [ -86.3432, 37.4405 ], [ -86.3407, 37.4489 ] ] ] } },
{ "type": "Feature", "properties": { "GEOIDFQ": "1400000US21085950600", "NAME": "9506", "NAMELSAD": "Census Tract 9506" }, "geometry": { "type": "Polygon", "coordinates": [ [ [ -86.6137, 37.4724 ], [ -86.5991, 37.4633 ], [ -86.5869, 37.4696 ], [ -86.5605, 37.4708 ], [ -86.5272, 37.4622 ], [ -86.4923, 37.4697 ], [ -86.4803, 37.4647 ], [ -86.4757, 37.4734 ], [ -86.4366, 37.48 ], [ -86.4287, 37.4573 ], [ -86.4332, 37.4495 ], [ -86.4205, 37.4502 ], [ -86.4164, 37.4345 ], [ -86.3934, 37.4473 ], [ -86.4057, 37.427 ], [ -86.4009, 37.4223 ], [ -86.3925, 37.4228 ], [ -86.3695, 37.4413 ], [ -86.3407, 37.4489 ], [ -86.3434, 37.4401 ], [ -86.3306, 37.4292 ], [ -86.3268, 37.4021 ], [ -86.3181, 37.3982 ], [ -86.3138, 37.3801 ], [ -86.3011, 37.3674 ], [ -86.3051, 37.3506 ], [ -86.2924, 37.3329 ], [ -86.3067, 37.3317 ], [ -86.3123, 37.3385 ], [ -86.3207, 37.3267 ], [ -86.4691, 37.3211 ], [ -86.4872, 37.3625 ], [ -86.6121, 37.3951 ], [ -86.6372, 37.4694 ], [ -86.6137, 37.4724 ] ] ] } },
{ "type": "Feature", "properties": { "GEOIDFQ": "1400000US21085950300", "NAME": "9503", "NAMELSAD": "Census Tract 9503" }, "geometry": { "type": "Polygon", "coordinates": [ [ [ -86.3255, 37.5874 ], [ -86.3271, 37.5822 ], [ -86.3142, 37.5874 ], [ -86.3178, 37.5815 ], [ -86.3104, 37.5787 ], [ -86.3004, 37.5951 ], [ -86.3015, 37.5852 ], [ -86.2789, 37.5955 ], [ -86.2681, 37.5846 ], [ -86.2561, 37.5886 ], [ -86.2608, 37.5947 ], [ -86.2477, 37.5943 ], [ -86.2463, 37.6021 ], [ -86.2325, 37.575 ], [ -86.2199, 37.5807 ], [ -86.2211, 37.5573 ], [ -86.2377, 37.5453 ], [ -86.2505, 37.5162 ], [ -86.2229, 37.5007 ], [ -86.2256, 37.4831 ], [ -86.2924, 37.4662 ], [ -86.288, 37.5501 ], [ -86.3217, 37.5737 ], [ -86.3284, 37.5823 ], [ -86.3296, 37.592 ], [ -86.3255, 37.5874 ] ] ] } },
{ "type": "Feature", "properties": { "GEOIDFQ": "1400000US21085950200", "NAME": "9502", "NAMELSAD": "Census Tract 9502" }, "geometry": { "type": "Polygon", "coordinates": [ [ [ -86.2378, 37.5452 ], [ -86.2215, 37.5567 ], [ -86.2117, 37.5789 ], [ -86.2083, 37.5714 ], [ -86.1999, 37.5752 ], [ -86.203, 37.5718 ], [ -86.1865, 37.5599 ], [ -86.1786, 37.5633 ], [ -86.1827, 37.5573 ], [ -86.1767, 37.5548 ], [ -86.1665, 37.5716 ], [ -86.1613, 37.5629 ], [ -86.1458, 37.5595 ], [ -86.1311, 37.567 ], [ -86.1186, 37.5634 ], [ -86.1143, 37.5672 ], [ -86.056, 37.5007 ], [ -86.0605, 37.4981 ], [ -86.054, 37.4949 ], [ -86.0617, 37.4904 ], [ -86.0493, 37.4766 ], [ -86.0556, 37.4744 ], [ -86.0642, 37.4867 ], [ -86.0863, 37.4923 ], [ -86.0893, 37.4853 ], [ -86.1006, 37.4875 ], [ -86.1151, 37.4798 ], [ -86.1227, 37.486 ], [ -86.179, 37.4818 ], [ -86.2091, 37.4891 ], [ -86.2256, 37.4831 ], [ -86.2229, 37.5007 ], [ -86.2505, 37.5162 ], [ -86.2378, 37.5452 ] ] ] } },
{ "type": "Feature", "properties": { "GEOIDFQ": "1400000US21085950700", "NAME": "9507", "NAMELSAD": "Census Tract 9507" }, "geometry": { "type": "Polygon", "coordinates": [ [ [ -86.664, 37.5572 ], [ -86.647, 37.5556 ], [ -86.64, 37.5664 ], [ -86.6253, 37.5659 ], [ -86.6207, 37.5545 ], [ -86.6046, 37.5509 ], [ -86.6106, 37.5443 ], [ -86.5975, 37.5376 ], [ -86.5973, 37.5459 ], [ -86.5796, 37.5472 ], [ -86.5765, 37.5521 ], [ -86.5945, 37.5608 ], [ -86.5694, 37.5806 ], [ -86.575, 37.5996 ], [ -86.5534, 37.5967 ], [ -86.551, 37.5882 ], [ -86.5386, 37.5884 ], [ -86.523, 37.5995 ], [ -86.5414, 37.5996 ], [ -86.5359, 37.6146 ], [ -86.5053, 37.6228 ], [ -86.4955, 37.6127 ], [ -86.504, 37.6011 ], [ -86.4818, 37.6112 ], [ -86.4843, 37.6024 ], [ -86.4698, 37.5975 ], [ -86.4805, 37.5928 ], [ -86.4547, 37.5915 ], [ -86.4659, 37.582 ], [ -86.4528, 37.5814 ], [ -86.445, 37.5897 ], [ -86.4462, 37.5747 ], [ -86.432, 37.5847 ], [ -86.4345, 37.5759 ], [ -86.4237, 37.5807 ], [ -86.4175, 37.5726 ], [ -86.4077, 37.5768 ], [ -86.4097, 37.5665 ], [ -86.3902, 37.5664 ], [ -86.3863, 37.5556 ], [ -86.3969, 37.5409 ], [ -86.3826, 37.5433 ], [ -86.3833, 37.533 ], [ -86.3665, 37.5282 ], [ -86.3636, 37.5194 ], [ -86.3693, 37.514 ], [ -86.3611, 37.5089 ], [ -86.4153, 37.4833 ], [ -86.4757, 37.4734 ], [ -86.4803, 37.4647 ], [ -86.4923, 37.4697 ], [ -86.5274, 37.4622 ], [ -86.5607, 37.4708 ], [ -86.5869, 37.4696 ], [ -86.6004, 37.4633 ], [ -86.6137, 37.4724 ], [ -86.6372, 37.4694 ], [ -86.669, 37.5497 ], [ -86.664, 37.5572 ] ] ] } },
{ "type": "Feature", "properties": { "GEOIDFQ": "1400000US21081920201", "NAME": "9202.01", "NAMELSAD": "Census Tract 9202.01" }, "geometry": { "type": "Polygon", "coordinates": [ [ [ -84.7811, 38.7624 ], [ -84.7531, 38.7363 ], [ -84.7397, 38.7335 ], [ -84.731, 38.738 ], [ -84.723, 38.7297 ], [ -84.7112, 38.7329 ], [ -84.7015, 38.7246 ], [ -84.7156, 38.7148 ], [ -84.7134, 38.7097 ], [ -84.6964, 38.7116 ], [ -84.6866, 38.7032 ], [ -84.6734, 38.7078 ], [ -84.6603, 38.6965 ], [ -84.6512, 38.7141 ], [ -84.6055, 38.7269 ], [ -84.6043, 38.7322 ], [ -84.6016, 38.6781 ], [ -84.5866, 38.659 ], [ -84.6173, 38.6585 ], [ -84.6327, 38.649 ], [ -84.66, 38.658 ], [ -84.6739, 38.6587 ], [ -84.6841, 38.6526 ], [ -84.6974, 38.6613 ], [ -84.7202, 38.6419 ], [ -84.7408, 38.6497 ], [ -84.7765, 38.6377 ], [ -84.7858, 38.7204 ], [ -84.7811, 38.7624 ] ] ] } },
{ "type": "Feature", "properties": { "GEOIDFQ": "1400000US21081920301", "NAME": "9203.01", "NAMELSAD": "Census Tract 9203.01" }, "geometry": { "type": "Polygon", "coordinates": [ [ [ -84.7408, 38.6497 ], [ -84.7202, 38.6419 ], [ -84.6974, 38.6613 ], [ -84.6841, 38.6526 ], [ -84.6739, 38.6587 ], [ -84.66, 38.658 ], [ -84.6327, 38.649 ], [ -84.6173, 38.6585 ], [ -84.5866, 38.659 ], [ -84.5717, 38.62 ], [ -84.5971, 38.5546 ], [ -84.6377, 38.561 ], [ -84.6501, 38.5681 ], [ -84.6714, 38.568 ], [ -84.681, 38.5598 ], [ -84.7743, 38.6186 ], [ -84.7763, 38.6378 ], [ -84.7408, 38.6497 ] ] ] } },
{ "type": "Feature", "properties": { "GEOIDFQ": "1400000US21081920202", "NAME": "9202.02", "NAMELSAD": "Census Tract 9202.02" }, "geometry": { "type": "Polygon", "coordinates": [ [ [ -84.6043, 38.7322 ], [ -84.5728, 38.747 ], [ -84.5637, 38.7412 ], [ -84.5482, 38.7522 ], [ -84.524, 38.7543 ], [ -84.5124, 38.7002 ], [ -84.5844, 38.6777 ], [ -84.578, 38.6608 ], [ -84.5866, 38.659 ], [ -84.6013, 38.6769 ], [ -84.6043, 38.7322 ] ] ] } },
{ "type": "Feature", "properties": { "GEOIDFQ": "1400000US21081920101", "NAME": "9201.01", "NAMELSAD": "Census Tract 9201.01" }, "geometry": { "type": "Polygon", "coordinates": [ [ [ -84.6551, 38.7778 ], [ -84.656, 38.7902 ], [ -84.6305, 38.8028 ], [ -84.6172, 38.8032 ], [ -84.6042, 38.7926 ], [ -84.6123, 38.7774 ], [ -84.6055, 38.7269 ], [ -84.6512, 38.7141 ], [ -84.6603, 38.6965 ], [ -84.6734, 38.7078 ], [ -84.6866, 38.7032 ], [ -84.6964, 38.7116 ], [ -84.7134, 38.7097 ], [ -84.7166, 38.7132 ], [ -84.7035, 38.7269 ], [ -84.7115, 38.7331 ], [ -84.7232, 38.7298 ], [ -84.731, 38.738 ], [ -84.7397, 38.7335 ], [ -84.7531, 38.7363 ], [ -84.7808, 38.7652 ], [ -84.6551, 38.7778 ] ] ] } },
{ "type": "Feature", "properties": { "GEOIDFQ": "1400000US21087930100", "NAME": "9301", "NAMELSAD": "Census Tract 9301" }, "geometry": { "type": "Polygon", "coordinates": [ [ [ -85.6855, 37.3613 ], [ -85.6584, 37.3888 ], [ -85.6507, 37.3864 ], [ -85.6559, 37.4209 ], [ -85.6653, 37.437 ], [ -85.6382, 37.4541 ], [ -85.6342, 37.4718 ], [ -85.6177, 37.4681 ], [ -85.6101, 37.4599 ], [ -85.6035, 37.4674 ], [ -85.5843, 37.471 ], [ -85.5845, 37.4321 ], [ -85.4781, 37.3637 ], [ -85.4616, 37.3415 ], [ -85.4738, 37.3349 ], [ -85.4821, 37.3399 ], [ -85.4887, 37.333 ], [ -85.5025, 37.3407 ], [ -85.5181, 37.3226 ], [ -85.5088, 37.3203 ], [ -85.5106, 37.3032 ], [ -85.5183, 37.3071 ], [ -85.5238, 37.2996 ], [ -85.5297, 37.3054 ], [ -85.5269, 37.2965 ], [ -85.534, 37.2924 ], [ -85.5512, 37.2997 ], [ -85.5341, 37.2881 ], [ -85.5495, 37.2719 ], [ -85.559, 37.2833 ], [ -85.563, 37.2765 ], [ -85.5548, 37.2708 ], [ -85.5764, 37.2723 ], [ -85.5773, 37.2855 ], [ -85.5992, 37.293 ], [ -85.5922, 37.3062 ], [ -85.6139, 37.2892 ], [ -85.6203, 37.3005 ], [ -85.6253, 37.2989 ], [ -85.621, 37.2716 ], [ -85.6405, 37.2816 ], [ -85.6521, 37.2673 ], [ -85.6589, 37.2739 ], [ -85.6459, 37.2848 ], [ -85.6484, 37.2934 ], [ -85.6689, 37.3022 ], [ -85.672, 37.2829 ], [ -85.6792, 37.2781 ], [ -85.6973, 37.302 ], [ -85.6855, 37.3613 ] ] ] } },
{ "type": "Feature", "properties": { "GEOIDFQ": "1400000US21087930300", "NAME": "9303", "NAMELSAD": "Census Tract 9303" }, "geometry": { "type": "Polygon", "coordinates": [ [ [ -85.6805, 37.2592 ], [ -85.6695, 37.2685 ], [ -85.68, 37.2738 ], [ -85.6689, 37.3022 ], [ -85.6453, 37.2902 ], [ -85.6589, 37.2739 ], [ -85.6521, 37.2673 ], [ -85.6405, 37.2816 ], [ -85.621, 37.2716 ], [ -85.6253, 37.2989 ], [ -85.6203, 37.3005 ], [ -85.6139, 37.2892 ], [ -85.5997, 37.3046 ], [ -85.5913, 37.3059 ], [ -85.5995, 37.2932 ], [ -85.581, 37.2864 ], [ -85.6026, 37.2741 ], [ -85.6017, 37.2678 ], [ -85.5881, 37.2709 ], [ -85.5618, 37.2574 ], [ -85.5699, 37.2383 ], [ -85.5623, 37.2332 ], [ -85.5374, 37.2454 ], [ -85.5234, 37.2419 ], [ -85.5104, 37.2294 ], [ -85.546, 37.2041 ], [ -85.5277, 37.1826 ], [ -85.536, 37.1595 ], [ -85.5606, 37.1522 ], [ -85.591, 37.1163 ], [ -85.6323, 37.1251 ], [ -85.6609, 37.143 ], [ -85.6865, 37.1826 ], [ -85.6805, 37.2592 ] ] ] } },
{ "type": "Feature", "properties": { "GEOIDFQ": "1400000US21087930200", "NAME": "9302", "NAMELSAD": "Census Tract 9302" }, "geometry": { "type": "Polygon", "coordinates": [ [ [ -85.5808, 37.2866 ], [ -85.5764, 37.2723 ], [ -85.5537, 37.2712 ], [ -85.563, 37.2765 ], [ -85.5584, 37.2835 ], [ -85.5491, 37.272 ], [ -85.5341, 37.2884 ], [ -85.5515, 37.2993 ], [ -85.534, 37.2924 ], [ -85.5269, 37.2965 ], [ -85.5297, 37.3054 ], [ -85.5238, 37.2996 ], [ -85.5183, 37.3071 ], [ -85.5109, 37.3029 ], [ -85.5088, 37.3203 ], [ -85.5181, 37.3226 ], [ -85.5025, 37.3407 ], [ -85.4887, 37.333 ], [ -85.4821, 37.3399 ], [ -85.4738, 37.3349 ], [ -85.4645, 37.3424 ], [ -85.3928, 37.2493 ], [ -85.4022, 37.249 ], [ -85.4129, 37.2354 ], [ -85.442, 37.2291 ], [ -85.4517, 37.2334 ], [ -85.4703, 37.2208 ], [ -85.499, 37.2391 ], [ -85.5038, 37.229 ], [ -85.5113, 37.228 ], [ -85.5234, 37.2419 ], [ -85.5374, 37.2454 ], [ -85.5623, 37.2332 ], [ -85.5699, 37.2383 ], [ -85.5618, 37.2574 ], [ -85.5881, 37.2709 ], [ -85.5986, 37.2669 ], [ -85.6037, 37.2712 ], [ -85.5808, 37.2866 ] ] ] } },
{ "type": "Feature", "properties": { "GEOIDFQ": "1400000US21087930400", "NAME": "9304", "NAMELSAD": "Census Tract 9304" }, "geometry": { "type": "Polygon", "coordinates": [ [ [ -85.5606, 37.1522 ], [ -85.536, 37.1595 ], [ -85.5277, 37.1826 ], [ -85.5448, 37.1991 ], [ -85.545, 37.2066 ], [ -85.5039, 37.2289 ], [ -85.4991, 37.2391 ], [ -85.4703, 37.2208 ], [ -85.4517, 37.2334 ], [ -85.442, 37.2291 ], [ -85.4129, 37.2354 ], [ -85.4022, 37.249 ], [ -85.3919, 37.2489 ], [ -85.3896, 37.2397 ], [ -85.4064, 37.2351 ], [ -85.4112, 37.2248 ], [ -85.3719, 37.2213 ], [ -85.3528, 37.1924 ], [ -85.3803, 37.1683 ], [ -85.5267, 37.1094 ], [ -85.591, 37.1166 ], [ -85.5606, 37.1522 ] ] ] } },
{ "type": "Feature", "properties": { "GEOIDFQ": "1400000US21119960100", "NAME": "9601", "NAMELSAD": "Census Tract 9601" }, "geometry": { "type": "Polygon", "coordinates": [ [ [ -83.0887, 37.5227 ], [ -83.071, 37.5168 ], [ -83.065, 37.5257 ], [ -83.0557, 37.5204 ], [ -83.0472, 37.526 ], [ -83.0313, 37.5063 ], [ -83.0139, 37.5085 ], [ -83.0027, 37.5012 ], [ -82.9852, 37.5066 ], [ -82.9733, 37.4978 ], [ -82.9485, 37.5032 ], [ -82.9412, 37.4897 ], [ -82.9339, 37.494 ], [ -82.9267, 37.4888 ], [ -82.9278, 37.4809 ], [ -82.8315, 37.467 ], [ -82.8254, 37.4387 ], [ -82.8355, 37.43 ], [ -82.8355, 37.4144 ], [ -82.8105, 37.4115 ], [ -82.7965, 37.4181 ], [ -82.7987, 37.412 ], [ -82.8078, 37.4015 ], [ -82.8321, 37.3975 ], [ -82.8285, 37.389 ], [ -82.8475, 37.3739 ], [ -82.8579, 37.353 ], [ -82.8808, 37.3498 ], [ -82.8861, 37.3441 ], [ -82.9215, 37.3524 ], [ -82.9267, 37.3587 ], [ -82.9138, 37.3715 ], [ -82.9208, 37.3876 ], [ -82.9443, 37.3889 ], [ -82.9479, 37.3983 ], [ -82.9668, 37.4021 ], [ -83.0069, 37.4338 ], [ -83.0126, 37.4463 ], [ -83.0423, 37.4588 ], [ -83.0466, 37.4698 ], [ -83.0585, 37.467 ], [ -83.0807, 37.4816 ], [ -83.0953, 37.5143 ], [ -83.0887, 37.5227 ] ] ] } },
{ "type": "Feature", "properties": { "GEOIDFQ": "1400000US21119960400", "NAME": "9604", "NAMELSAD": "Census Tract 9604" }, "geometry": { "type": "Polygon", "coordinates": [ [ [ -82.8477, 37.3736 ], [ -82.8285, 37.3891 ], [ -82.8321, 37.3975 ], [ -82.8074, 37.4017 ], [ -82.7945, 37.4266 ], [ -82.7676, 37.4278 ], [ -82.7515, 37.4 ], [ -82.7565, 37.3852 ], [ -82.7523, 37.3709 ], [ -82.7643, 37.3524 ], [ -82.7522, 37.337 ], [ -82.7549, 37.3269 ], [ -82.7481, 37.3169 ], [ -82.7537, 37.3098 ], [ -82.7397, 37.302 ], [ -82.7268, 37.3048 ], [ -82.7276, 37.29 ], [ -82.7134, 37.2889 ], [ -82.7106, 37.2837 ], [ -82.7472, 37.2659 ], [ -82.7574, 37.2697 ], [ -82.7658, 37.2633 ], [ -82.8, 37.2627 ], [ -82.8019, 37.2738 ], [ -82.8104, 37.2782 ], [ -82.8071, 37.283 ], [ -82.8431, 37.2867 ], [ -82.844, 37.2974 ], [ -82.8565, 37.3045 ], [ -82.8603, 37.3328 ], [ -82.8477, 37.3736 ] ] ] } },
{ "type": "Feature", "properties": { "GEOIDFQ": "1400000US21119960300", "NAME": "9603", "NAMELSAD": "Census Tract 9603" }, "geometry": { "type": "Polygon", "coordinates": [ [ [ -82.9903, 37.3482 ], [ -82.9932, 37.3725 ], [ -83.0066, 37.3963 ], [ -82.989, 37.3955 ], [ -82.9838, 37.4174 ], [ -82.9618, 37.3992 ], [ -82.9479, 37.3983 ], [ -82.9443, 37.3889 ], [ -82.9206, 37.3874 ], [ -82.9138, 37.3715 ], [ -82.9266, 37.3589 ], [ -82.9235, 37.3534 ], [ -82.8861, 37.3441 ], [ -82.8808, 37.3498 ], [ -82.8582, 37.3529 ], [ -82.8571, 37.3068 ], [ -82.8489, 37.2993 ], [ -82.869, 37.2942 ], [ -82.8781, 37.3039 ], [ -82.8868, 37.2996 ], [ -82.896, 37.3083 ], [ -82.9012, 37.2981 ], [ -82.9247, 37.302 ], [ -82.9304, 37.308 ], [ -82.9558, 37.2937 ], [ -82.9745, 37.2938 ], [ -83.007, 37.3139 ], [ -83.0148, 37.328 ], [ -82.9903, 37.3482 ] ] ] } },
{ "type": "Feature", "properties": { "GEOIDFQ": "1400000US21119960500", "NAME": "9605", "NAMELSAD": "Census Tract 9605" }, "geometry": { "type": "Polygon", "coordinates": [ [ [ -83.1144, 37.2879 ], [ -83.0762, 37.2819 ], [ -83.0328, 37.288 ], [ -83.0249, 37.281 ], [ -83.0011, 37.2783 ], [ -82.9919, 37.3017 ], [ -82.9612, 37.2922 ], [ -82.9304, 37.308 ], [ -82.9247, 37.302 ], [ -82.9012, 37.2981 ], [ -82.896, 37.3083 ], [ -82.8868, 37.2996 ], [ -82.8781, 37.3039 ], [ -82.869, 37.2942 ], [ -82.8458, 37.2986 ], [ -82.842, 37.2855 ], [ -82.8317, 37.2888 ], [ -82.8071, 37.283 ], [ -82.8104, 37.2782 ], [ -82.7992, 37.2651 ], [ -82.8019, 37.2612 ], [ -82.8199, 37.2687 ], [ -82.8325, 37.2588 ], [ -82.8659, 37.2494 ], [ -82.8756, 37.2318 ], [ -82.8906, 37.2239 ], [ -82.892, 37.2134 ], [ -82.9063, 37.2119 ], [ -82.9208, 37.2 ], [ -82.9318, 37.2027 ], [ -82.9423, 37.1906 ], [ -82.9572, 37.191 ], [ -82.9794, 37.1724 ], [ -82.9845, 37.1877 ], [ -82.9953, 37.1908 ], [ -83.0062, 37.2058 ], [ -83.0295, 37.2083 ], [ -83.035, 37.2176 ], [ -83.0541, 37.2156 ], [ -83.0674, 37.2313 ], [ -83.0704, 37.2485 ], [ -83.0825, 37.2477 ], [ -83.1006, 37.2357 ], [ -83.1162, 37.2407 ], [ -83.1267, 37.2359 ], [ -83.1204, 37.2469 ], [ -83.1272, 37.2687 ], [ -83.1144, 37.2879 ] ] ] } },
{ "type": "Feature", "properties": { "GEOIDFQ": "1400000US21119960200", "NAME": "9602", "NAMELSAD": "Census Tract 9602" }, "geometry": { "type": "Polygon", "coordinates": [ [ [ -83.0919, 37.4993 ], [ -83.0859, 37.4855 ], [ -83.0585, 37.467 ], [ -83.0464, 37.4696 ], [ -83.0425, 37.459 ], [ -83.0126, 37.4463 ], [ -83.0069, 37.4338 ], [ -82.9838, 37.4174 ], [ -82.989, 37.3955 ], [ -83.0066, 37.3963 ], [ -82.9932, 37.3725 ], [ -82.9903, 37.3482 ], [ -83.0148, 37.328 ], [ -82.9919, 37.3017 ], [ -83.0005, 37.2785 ], [ -83.0249, 37.281 ], [ -83.0328, 37.288 ], [ -83.0762, 37.2819 ], [ -83.0956, 37.2881 ], [ -83.1184, 37.2837 ], [ -83.1231, 37.2879 ], [ -83.1104, 37.2988 ], [ -83.1166, 37.3086 ], [ -83.1106, 37.3252 ], [ -83.1173, 37.3282 ], [ -83.1099, 37.3362 ], [ -83.1346, 37.4573 ], [ -83.0919, 37.4993 ] ] ] } },
{ "type": "Feature", "properties": { "GEOIDFQ": "1400000US21121930300", "NAME": "9303", "NAMELSAD": "Census Tract 9303" }, "geometry": { "type": "Polygon", "coordinates": [ [ [ -84.0096, 36.9873 ], [ -84.0002, 36.9806 ], [ -83.9952, 36.9844 ], [ -83.992, 36.9798 ], [ -83.9792, 36.983 ], [ -83.9775, 36.9781 ], [ -83.9592, 36.9772 ], [ -83.9519, 36.9874 ], [ -83.9318, 36.9962 ], [ -83.9339, 37.0074 ], [ -83.9236, 36.995 ], [ -83.9261, 36.9752 ], [ -83.9046, 36.9707 ], [ -83.8918, 36.9559 ], [ -83.8935, 36.9317 ], [ -83.9057, 36.9188 ], [ -83.9019, 36.9128 ], [ -83.9184, 36.914 ], [ -83.9348, 36.9059 ], [ -83.9545, 36.9105 ], [ -83.9655, 36.9202 ], [ -83.9873, 36.9225 ], [ -83.999, 36.9095 ], [ -83.9917, 36.9025 ], [ -84.0019, 36.8993 ], [ -84.0167, 36.9209 ], [ -84.0117, 36.943 ], [ -84.0245, 36.9725 ], [ -84.0096, 36.9873 ] ] ] } },
{ "type": "Feature", "properties": { "GEOIDFQ": "1400000US21121930200", "NAME": "9302", "NAMELSAD": "Census Tract 9302" }, "geometry": { "type": "Polygon", "coordinates": [ [ [ -83.9223, 37.0364 ], [ -83.9059, 37.0321 ], [ -83.8713, 37.0549 ], [ -83.8587, 37.0546 ], [ -83.8565, 37.0425 ], [ -83.8259, 37.0401 ], [ -83.8317, 37.0312 ], [ -83.8229, 37.026 ], [ -83.797, 37.037 ], [ -83.7745, 37.0374 ], [ -83.7803, 37.023 ], [ -83.7749, 37.0152 ], [ -83.7439, 37.0268 ], [ -83.7392, 37.017 ], [ -83.7324, 37.0163 ], [ -83.7344, 37.0041 ], [ -83.7215, 37.0033 ], [ -83.7199, 36.9949 ], [ -83.7273, 36.9902 ], [ -83.7418, 36.9932 ], [ -83.7652, 36.9749 ], [ -83.7681, 36.9547 ], [ -83.7774, 36.9479 ], [ -83.7673, 36.9394 ], [ -83.797, 36.9043 ], [ -83.8288, 36.9146 ], [ -83.8582, 36.9143 ], [ -83.8587, 36.9272 ], [ -83.8719, 36.9346 ], [ -83.8938, 36.9103 ], [ -83.9019, 36.9128 ], [ -83.9057, 36.9188 ], [ -83.8935, 36.9317 ], [ -83.8918, 36.9559 ], [ -83.9046, 36.9707 ], [ -83.9261, 36.9752 ], [ -83.9236, 36.995 ], [ -83.9339, 37.0074 ], [ -83.9223, 37.0364 ] ] ] } },
{ "type": "Feature", "properties": { "GEOIDFQ": "1400000US21121930100", "NAME": "9301", "NAMELSAD": "Census Tract 9301" }, "geometry": { "type": "Polygon", "coordinates": [ [ [ -83.7673, 36.9394 ], [ -83.7774, 36.9479 ], [ -83.7681, 36.9547 ], [ -83.7652, 36.9749 ], [ -83.7418, 36.9932 ], [ -83.7273, 36.9902 ], [ -83.7167, 36.996 ], [ -83.6923, 36.9827 ], [ -83.6749, 36.9816 ], [ -83.673, 36.9758 ], [ -83.6607, 36.9765 ], [ -83.6414, 36.9596 ], [ -83.6161, 36.9621 ], [ -83.6078, 36.9526 ], [ -83.5909, 36.9576 ], [ -83.584, 36.9414 ], [ -83.5698, 36.9395 ], [ -83.5661, 36.9315 ], [ -83.5811, 36.9047 ], [ -83.6126, 36.8976 ], [ -83.6202, 36.8842 ], [ -83.6348, 36.8867 ], [ -83.6431, 36.8794 ], [ -83.6424, 36.8662 ], [ -83.6633, 36.8642 ], [ -83.6664, 36.857 ], [ -83.6826, 36.8549 ], [ -83.6918, 36.8392 ], [ -83.6879, 36.8355 ], [ -83.7068, 36.8359 ], [ -83.7089, 36.8271 ], [ -83.7182, 36.8302 ], [ -83.7198, 36.8429 ], [ -83.7328, 36.8478 ], [ -83.7445, 36.8654 ], [ -83.7511, 36.8628 ], [ -83.7577, 36.8682 ], [ -83.7627, 36.8956 ], [ -83.7759, 36.8932 ], [ -83.7785, 36.9044 ], [ -83.7878, 36.9098 ], [ -83.7673, 36.9394 ] ] ] } },
{ "type": "Feature", "properties": { "GEOIDFQ": "1400000US21121930700", "NAME": "9307", "NAMELSAD": "Census Tract 9307" }, "geometry": { "type": "Polygon", "coordinates": [ [ [ -83.9768, 36.779 ], [ -83.9806, 36.7915 ], [ -83.9608, 36.7974 ], [ -83.9795, 36.8004 ], [ -83.974, 36.81 ], [ -83.9785, 36.8225 ], [ -83.9594, 36.8207 ], [ -83.9405, 36.8099 ], [ -83.9274, 36.8148 ], [ -83.91, 36.834 ], [ -83.8977, 36.8221 ], [ -83.8749, 36.8231 ], [ -83.8645, 36.8264 ], [ -83.8725, 36.8318 ], [ -83.8577, 36.8372 ], [ -83.8401, 36.8226 ], [ -83.8303, 36.8361 ], [ -83.8192, 36.8383 ], [ -83.8035, 36.8331 ], [ -83.8, 36.8215 ], [ -83.7814, 36.8265 ], [ -83.7827, 36.8149 ], [ -83.7596, 36.8159 ], [ -83.7525, 36.807 ], [ -83.7888, 36.7984 ], [ -83.7982, 36.7852 ], [ -83.7997, 36.7657 ], [ -83.8111, 36.7574 ], [ -83.8092, 36.748 ], [ -83.829, 36.7433 ], [ -83.8302, 36.7233 ], [ -83.8462, 36.7081 ], [ -83.8557, 36.7055 ], [ -83.8686, 36.7132 ], [ -83.8775, 36.6873 ], [ -83.9585, 36.7272 ], [ -83.9597, 36.7494 ], [ -83.9685, 36.7609 ], [ -83.9864, 36.7587 ], [ -83.9882, 36.7701 ], [ -83.9768, 36.779 ] ] ] } },
{ "type": "Feature", "properties": { "GEOIDFQ": "1400000US21165960200", "NAME": "9602", "NAMELSAD": "Census Tract 9602" }, "geometry": { "type": "Polygon", "coordinates": [ [ [ -83.7744, 37.9901 ], [ -83.7654, 37.9857 ], [ -83.7619, 37.9978 ], [ -83.7564, 37.9926 ], [ -83.7382, 38.0101 ], [ -83.7172, 38.0033 ], [ -83.7059, 38.0127 ], [ -83.6885, 38.0123 ], [ -83.6624, 38.0278 ], [ -83.6526, 38.0239 ], [ -83.6347, 38.0269 ], [ -83.6286, 37.9948 ], [ -83.6345, 37.9831 ], [ -83.657, 37.9779 ], [ -83.6604, 37.9645 ], [ -83.6464, 37.9522 ], [ -83.6565, 37.9428 ], [ -83.6497, 37.9425 ], [ -83.6483, 37.9325 ], [ -83.6254, 37.9233 ], [ -83.6177, 37.9335 ], [ -83.6039, 37.9364 ], [ -83.5909, 37.9283 ], [ -83.5666, 37.888 ], [ -83.571, 37.8683 ], [ -83.5793, 37.8683 ], [ -83.5803, 37.8622 ], [ -83.598, 37.8538 ], [ -83.6078, 37.8373 ], [ -83.6214, 37.8344 ], [ -83.628, 37.8227 ], [ -83.6432, 37.8259 ], [ -83.6508, 37.8352 ], [ -83.6609, 37.8336 ], [ -83.6662, 37.8459 ], [ -83.6757, 37.844 ], [ -83.6674, 37.8524 ], [ -83.7579, 37.9016 ], [ -83.7559, 37.9138 ], [ -83.7688, 37.9184 ], [ -83.7643, 37.9288 ], [ -83.7753, 37.9391 ], [ -83.7701, 37.9615 ], [ -83.7772, 37.9718 ], [ -83.7744, 37.9901 ] ] ] } },
{ "type": "Feature", "properties": { "GEOIDFQ": "1400000US21165960100", "NAME": "9601", "NAMELSAD": "Census Tract 9601" }, "geometry": { "type": "Polygon", "coordinates": [ [ [ -83.657, 37.9779 ], [ -83.6345, 37.9831 ], [ -83.6299, 37.991 ], [ -83.6347, 38.0269 ], [ -83.6102, 38.0071 ], [ -83.6047, 38.0144 ], [ -83.5772, 38.0133 ], [ -83.575, 38.0589 ], [ -83.4833, 38.0464 ], [ -83.4641, 38.0502 ], [ -83.4795, 38.0277 ], [ -83.4556, 38.0324 ], [ -83.4687, 38.0215 ], [ -83.4634, 38.017 ], [ -83.4504, 38.0194 ], [ -83.4499, 38.0307 ], [ -83.4339, 38.034 ], [ -83.4443, 37.9425 ], [ -83.496, 37.8906 ], [ -83.4991, 37.8745 ], [ -83.5066, 37.8693 ], [ -83.492, 37.864 ], [ -83.517, 37.8517 ], [ -83.5238, 37.8315 ], [ -83.5366, 37.8256 ], [ -83.5604, 37.8202 ], [ -83.5649, 37.825 ], [ -83.5752, 37.8197 ], [ -83.5855, 37.8255 ], [ -83.591, 37.8182 ], [ -83.6006, 37.8304 ], [ -83.6086, 37.8284 ], [ -83.6055, 37.832 ], [ -83.6123, 37.8343 ], [ -83.598, 37.8538 ], [ -83.5803, 37.8622 ], [ -83.5793, 37.8683 ], [ -83.571, 37.8683 ], [ -83.5666, 37.888 ], [ -83.5788, 37.9158 ], [ -83.6011, 37.936 ], [ -83.6177, 37.9335 ], [ -83.6246, 37.9234 ], [ -83.6483, 37.9325 ], [ -83.6497, 37.9425 ], [ -83.6566, 37.9433 ], [ -83.6464, 37.9522 ], [ -83.6605, 37.966 ], [ -83.657, 37.9779 ] ] ] } },
{ "type": "Feature", "properties": { "GEOIDFQ": "1400000US21147960200", "NAME": "9602", "NAMELSAD": "Census Tract 9602" }, "geometry": { "type": "Polygon", "coordinates": [ [ [ -84.674, 36.7395 ], [ -84.6808, 36.754 ], [ -84.6743, 36.7513 ], [ -84.6723, 36.7588 ], [ -84.6774, 36.7599 ], [ -84.6735, 36.7613 ], [ -84.6655, 36.7563 ], [ -84.6659, 36.7617 ], [ -84.6532, 36.7681 ], [ -84.6343, 36.7689 ], [ -84.6338, 36.7797 ], [ -84.6244, 36.7797 ], [ -84.6233, 36.7848 ], [ -84.6309, 36.7871 ], [ -84.6242, 36.7936 ], [ -84.6089, 36.794 ], [ -84.6072, 36.8007 ], [ -84.5965, 36.799 ], [ -84.5997, 36.8086 ], [ -84.5884, 36.8063 ], [ -84.5887, 36.8014 ], [ -84.5818, 36.8034 ], [ -84.5883, 36.8092 ], [ -84.5776, 36.819 ], [ -84.5827, 36.8267 ], [ -84.5686, 36.8288 ], [ -84.5651, 36.8195 ], [ -84.5551, 36.8175 ], [ -84.5582, 36.8076 ], [ -84.535, 36.8042 ], [ -84.529, 36.7906 ], [ -84.5383, 36.7809 ], [ -84.5227, 36.7787 ], [ -84.5441, 36.769 ], [ -84.5547, 36.7568 ], [ -84.5469, 36.7436 ], [ -84.5342, 36.7465 ], [ -84.5372, 36.7373 ], [ -84.5276, 36.7306 ], [ -84.5457, 36.7234 ], [ -84.5334, 36.7056 ], [ -84.538, 36.6847 ], [ -84.5489, 36.6718 ], [ -84.5468, 36.6677 ], [ -84.5372, 36.6726 ], [ -84.5303, 36.6689 ], [ -84.541, 36.6526 ], [ -84.5334, 36.6272 ], [ -84.5878, 36.6236 ], [ -84.6052, 36.5988 ], [ -84.7768, 36.6054 ], [ -84.674, 36.7395 ] ] ] } },
{ "type": "Feature", "properties": { "GEOIDFQ": "1400000US21147960100", "NAME": "9601", "NAMELSAD": "Census Tract 9601" }, "geometry": { "type": "Polygon", "coordinates": [ [ [ -84.5726, 36.8458 ], [ -84.5863, 36.8507 ], [ -84.5917, 36.8625 ], [ -84.5795, 36.8633 ], [ -84.4168, 36.9469 ], [ -84.3866, 36.9515 ], [ -84.3661, 36.9629 ], [ -84.3577, 36.9586 ], [ -84.3689, 36.9482 ], [ -84.3614, 36.9404 ], [ -84.2971, 36.9455 ], [ -84.3131, 36.9294 ], [ -84.3042, 36.9113 ], [ -84.3234, 36.8942 ], [ -84.3148, 36.8831 ], [ -84.3253, 36.8675 ], [ -84.315, 36.8574 ], [ -84.345, 36.8398 ], [ -84.318, 36.8338 ], [ -84.3553, 36.8131 ], [ -84.3453, 36.806 ], [ -84.3499, 36.7926 ], [ -84.3647, 36.8019 ], [ -84.3697, 36.799 ], [ -84.3796, 36.8049 ], [ -84.3794, 36.7989 ], [ -84.3864, 36.8039 ], [ -84.3896, 36.7959 ], [ -84.3977, 36.7997 ], [ -84.4064, 36.7849 ], [ -84.4164, 36.7865 ], [ -84.4232, 36.7754 ], [ -84.4296, 36.7778 ], [ -84.4741, 36.7597 ], [ -84.4782, 36.7686 ], [ -84.4826, 36.7663 ], [ -84.4838, 36.7859 ], [ -84.4922, 36.7776 ], [ -84.5059, 36.7752 ], [ -84.5291, 36.7906 ], [ -84.5363, 36.8056 ], [ -84.5582, 36.8076 ], [ -84.5551, 36.8175 ], [ -84.5651, 36.8195 ], [ -84.5686, 36.8288 ], [ -84.5827, 36.8267 ], [ -84.5957, 36.8382 ], [ -84.5726, 36.8458 ] ] ] } },
{ "type": "Feature", "properties": { "GEOIDFQ": "1400000US21029020900", "NAME": "209", "NAMELSAD": "Census Tract 209" }, "geometry": { "type": "Polygon", "coordinates": [ [ [ -85.9155, 38.0095 ], [ -85.9044, 38.0288 ], [ -85.8824, 38.0409 ], [ -85.7456, 38.0781 ], [ -85.7348, 38.0702 ], [ -85.7355, 38.0631 ], [ -85.7591, 38.0567 ], [ -85.7561, 38.0418 ], [ -85.7855, 38.0117 ], [ -85.7644, 38.0013 ], [ -85.7682, 37.9898 ], [ -85.8045, 37.9899 ], [ -85.8544, 38.0044 ], [ -85.8655, 37.9942 ], [ -85.8772, 38.0054 ], [ -85.8805, 37.9963 ], [ -85.8905, 38.0049 ], [ -85.9144, 38.0077 ], [ -85.9256, 37.9923 ], [ -85.9383, 37.9988 ], [ -85.9155, 38.0095 ] ] ] } },
{ "type": "Feature", "properties": { "GEOIDFQ": "1400000US21111011508", "NAME": "115.08", "NAMELSAD": "Census Tract 115.08" }, "geometry": { "type": "Polygon", "coordinates": [ [ [ -85.6378, 38.1872 ], [ -85.6226, 38.1788 ], [ -85.6228, 38.1671 ], [ -85.613, 38.1638 ], [ -85.6157, 38.1386 ], [ -85.6414, 38.1629 ], [ -85.6378, 38.1872 ] ] ] } },
{ "type": "Feature", "properties": { "GEOIDFQ": "1400000US21067003702", "NAME": "37.02", "NAMELSAD": "Census Tract 37.02" }, "geometry": { "type": "Polygon", "coordinates": [ [ [ -84.5311, 38.0708 ], [ -84.5567, 38.056 ], [ -84.5637, 38.0594 ], [ -84.5518, 38.0754 ], [ -84.5656, 38.0843 ], [ -84.5641, 38.093 ], [ -84.5732, 38.1027 ], [ -84.5311, 38.0708 ] ] ] } },
{ "type": "Feature", "properties": { "GEOIDFQ": "1400000US21067002304", "NAME": "23.04", "NAMELSAD": "Census Tract 23.04" }, "geometry": { "type": "Polygon", "coordinates": [ [ [ -84.4928, 38.0217 ], [ -84.4823, 38.0166 ], [ -84.4707, 37.9997 ], [ -84.4948, 38.0144 ], [ -84.4928, 38.0217 ] ] ] } },
{ "type": "Feature", "properties": { "GEOIDFQ": "1400000US21067002303", "NAME": "23.03", "NAMELSAD": "Census Tract 23.03" }, "geometry": { "type": "Polygon", "coordinates": [ [ [ -84.4743, 38.0265 ], [ -84.4583, 38.0126 ], [ -84.4657, 37.9956 ], [ -84.4833, 38.0171 ], [ -84.4743, 38.0265 ] ] ] } },
{ "type": "Feature", "properties": { "GEOIDFQ": "1400000US21067004104", "NAME": "41.04", "NAMELSAD": "Census Tract 41.04" }, "geometry": { "type": "Polygon", "coordinates": [ [ [ -84.5195, 37.9838 ], [ -84.4968, 37.9697 ], [ -84.507, 37.9679 ], [ -84.5226, 37.9743 ], [ -84.5195, 37.9838 ] ] ] } },
{ "type": "Feature", "properties": { "GEOIDFQ": "1400000US21133950100", "NAME": "9501", "NAMELSAD": "Census Tract 9501" }, "geometry": { "type": "Polygon", "coordinates": [ [ [ -82.6863, 37.1692 ], [ -82.6842, 37.1607 ], [ -82.6656, 37.1791 ], [ -82.6515, 37.1824 ], [ -82.6585, 37.1978 ], [ -82.6434, 37.2181 ], [ -82.654, 37.2356 ], [ -82.6348, 37.2485 ], [ -82.6016, 37.2296 ], [ -82.5927, 37.2116 ], [ -82.5654, 37.1961 ], [ -82.6334, 37.1544 ], [ -82.6533, 37.1512 ], [ -82.6742, 37.1364 ], [ -82.691, 37.1498 ], [ -82.7063, 37.1517 ], [ -82.6863, 37.1692 ] ] ] } },
{ "type": "Feature", "properties": { "GEOIDFQ": "1400000US21133950300", "NAME": "9503", "NAMELSAD": "Census Tract 9503" }, "geometry": { "type": "Polygon", "coordinates": [ [ [ -82.8913, 37.214 ], [ -82.8906, 37.2239 ], [ -82.8756, 37.2318 ], [ -82.8661, 37.2492 ], [ -82.8325, 37.2588 ], [ -82.8199, 37.2687 ], [ -82.7879, 37.2612 ], [ -82.7748, 37.2662 ], [ -82.7656, 37.2634 ], [ -82.7574, 37.2697 ], [ -82.7472, 37.2659 ], [ -82.7395, 37.2734 ], [ -82.7235, 37.264 ], [ -82.7241, 37.2567 ], [ -82.7102, 37.2596 ], [ -82.6999, 37.2554 ], [ -82.6997, 37.2476 ], [ -82.7179, 37.2344 ], [ -82.7812, 37.2135 ], [ -82.787, 37.1988 ], [ -82.8029, 37.2117 ], [ -82.8265, 37.201 ], [ -82.8488, 37.2132 ], [ -82.8592, 37.2033 ], [ -82.8657, 37.2034 ], [ -82.8656, 37.2094 ], [ -82.8836, 37.2059 ], [ -82.8864, 37.1953 ], [ -82.906, 37.186 ], [ -82.9175, 37.2035 ], [ -82.8913, 37.214 ] ] ] } },
{ "type": "Feature", "properties": { "GEOIDFQ": "1400000US21133950500", "NAME": "9505", "NAMELSAD": "Census Tract 9505" }, "geometry": { "type": "Polygon", "coordinates": [ [ [ -82.8216, 37.0715 ], [ -82.8079, 37.0687 ], [ -82.8078, 37.0788 ], [ -82.7618, 37.1046 ], [ -82.7267, 37.1148 ], [ -82.7167, 37.0774 ], [ -82.7267, 37.073 ], [ -82.7224, 37.0451 ], [ -82.7428, 37.0428 ], [ -82.7479, 37.0244 ], [ -82.7595, 37.0273 ], [ -82.7823, 37.0081 ], [ -82.8287, 37.0058 ], [ -82.8373, 36.9873 ], [ -82.8536, 36.9853 ], [ -82.8692, 36.9742 ], [ -82.9388, 37.0153 ], [ -82.8216, 37.0715 ] ] ] } },
{ "type": "Feature", "properties": { "GEOIDFQ": "1400000US21111011707", "NAME": "117.07", "NAMELSAD": "Census Tract 117.07" }, "geometry": { "type": "Polygon", "coordinates": [ [ [ -85.6592, 38.1156 ], [ -85.6146, 38.1249 ], [ -85.6161, 38.1092 ], [ -85.6469, 38.1106 ], [ -85.6504, 38.1028 ], [ -85.6726, 38.1035 ], [ -85.675, 38.1105 ], [ -85.6592, 38.1156 ] ] ] } },
{ "type": "Feature", "properties": { "GEOIDFQ": "1400000US21067003406", "NAME": "34.06", "NAMELSAD": "Census Tract 34.06" }, "geometry": { "type": "Polygon", "coordinates": [ [ [ -84.4648, 37.9764 ], [ -84.4543, 37.9928 ], [ -84.4462, 37.9815 ], [ -84.4525, 37.9739 ], [ -84.4457, 37.9725 ], [ -84.4525, 37.9579 ], [ -84.4728, 37.9722 ], [ -84.4648, 37.9764 ] ] ] } },
{ "type": "Feature", "properties": { "GEOIDFQ": "1400000US21151010702", "NAME": "107.02", "NAMELSAD": "Census Tract 107.02" }, "geometry": { "type": "Polygon", "coordinates": [ [ [ -84.3183, 37.7613 ], [ -84.3225, 37.7213 ], [ -84.355, 37.7053 ], [ -84.3643, 37.7082 ], [ -84.3535, 37.7338 ], [ -84.3664, 37.7329 ], [ -84.3775, 37.7671 ], [ -84.3183, 37.7613 ] ] ] } },
{ "type": "Feature", "properties": { "GEOIDFQ": "1400000US21151010901", "NAME": "109.01", "NAMELSAD": "Census Tract 109.01" }, "geometry": { "type": "Polygon", "coordinates": [ [ [ -84.3118, 37.6744 ], [ -84.2995, 37.6788 ], [ -84.2816, 37.7002 ], [ -84.2612, 37.7001 ], [ -84.2465, 37.6589 ], [ -84.1936, 37.6587 ], [ -84.2759, 37.6303 ], [ -84.2947, 37.6423 ], [ -84.3017, 37.6389 ], [ -84.3034, 37.6484 ], [ -84.3143, 37.6465 ], [ -84.3118, 37.6744 ] ] ] } },
{ "type": "Feature", "properties": { "GEOIDFQ": "1400000US21151010902", "NAME": "109.02", "NAMELSAD": "Census Tract 109.02" }, "geometry": { "type": "Polygon", "coordinates": [ [ [ -84.3077, 37.7305 ], [ -84.2785, 37.7319 ], [ -84.2669, 37.7423 ], [ -84.2507, 37.7435 ], [ -84.2552, 37.7303 ], [ -84.2698, 37.7221 ], [ -84.2617, 37.7006 ], [ -84.2854, 37.6992 ], [ -84.2993, 37.679 ], [ -84.3118, 37.6744 ], [ -84.3176, 37.6999 ], [ -84.3077, 37.7305 ] ] ] } },
{ "type": "Feature", "properties": { "GEOIDFQ": "1400000US21151010101", "NAME": "101.01", "NAMELSAD": "Census Tract 101.01" }, "geometry": { "type": "Polygon", "coordinates": [ [ [ -84.2707, 37.8806 ], [ -84.2691, 37.9053 ], [ -84.2614, 37.8949 ], [ -84.2616, 37.8761 ], [ -84.2377, 37.8873 ], [ -84.2172, 37.8698 ], [ -84.1868, 37.8792 ], [ -84.1724, 37.8751 ], [ -84.1655, 37.8472 ], [ -84.1459, 37.8354 ], [ -84.1537, 37.8253 ], [ -84.1474, 37.8177 ], [ -84.1613, 37.8043 ], [ -84.1472, 37.7976 ], [ -84.1489, 37.7857 ], [ -84.1625, 37.7837 ], [ -84.1636, 37.7756 ], [ -84.1792, 37.7679 ], [ -84.1932, 37.7665 ], [ -84.2011, 37.777 ], [ -84.2163, 37.7763 ], [ -84.2222, 37.7852 ], [ -84.231, 37.7806 ], [ -84.275, 37.7832 ], [ -84.2684, 37.8052 ], [ -84.2727, 37.832 ], [ -84.2542, 37.8524 ], [ -84.2743, 37.8634 ], [ -84.2827, 37.878 ], [ -84.2707, 37.8806 ] ] ] } },
{ "type": "Feature", "properties": { "GEOIDFQ": "1400000US21151011301", "NAME": "113.01", "NAMELSAD": "Census Tract 113.01" }, "geometry": { "type": "Polygon", "coordinates": [ [ [ -84.3148, 37.5688 ], [ -84.2888, 37.5716 ], [ -84.2714, 37.548 ], [ -84.277, 37.5277 ], [ -84.2724, 37.5205 ], [ -84.3005, 37.5227 ], [ -84.2983, 37.535 ], [ -84.3042, 37.5374 ], [ -84.3136, 37.5282 ], [ -84.3203, 37.5382 ], [ -84.3148, 37.5688 ] ] ] } },
{ "type": "Feature", "properties": { "GEOIDFQ": "1400000US21151010701", "NAME": "107.01", "NAMELSAD": "Census Tract 107.01" }, "geometry": { "type": "Polygon", "coordinates": [ [ [ -84.3662, 37.7926 ], [ -84.3527, 37.7813 ], [ -84.3242, 37.7942 ], [ -84.316, 37.7753 ], [ -84.3183, 37.7613 ], [ -84.3357, 37.7665 ], [ -84.3798, 37.7668 ], [ -84.3884, 37.7825 ], [ -84.3662, 37.7926 ] ] ] } },
{ "type": "Feature", "properties": { "GEOIDFQ": "1400000US21067002400", "NAME": "24", "NAMELSAD": "Census Tract 24" }, "geometry": { "type": "Polygon", "coordinates": [ [ [ -84.5107, 38.0281 ], [ -84.4928, 38.0217 ], [ -84.4957, 37.9997 ], [ -84.5177, 38.0085 ], [ -84.5107, 38.0281 ] ] ] } },
{ "type": "Feature", "properties": { "GEOIDFQ": "1400000US21067002500", "NAME": "25", "NAMELSAD": "Census Tract 25" }, "geometry": { "type": "Polygon", "coordinates": [ [ [ -84.5236, 38.0335 ], [ -84.5107, 38.0281 ], [ -84.5147, 38.017 ], [ -84.5347, 38.0266 ], [ -84.5236, 38.0335 ] ] ] } },
{ "type": "Feature", "properties": { "GEOIDFQ": "1400000US21067002600", "NAME": "26", "NAMELSAD": "Census Tract 26" }, "geometry": { "type": "Polygon", "coordinates": [ [ [ -84.5519, 38.0468 ], [ -84.5435, 38.0476 ], [ -84.5236, 38.0335 ], [ -84.5348, 38.0265 ], [ -84.5489, 38.0317 ], [ -84.5519, 38.0468 ] ] ] } },
{ "type": "Feature", "properties": { "GEOIDFQ": "1400000US21111010500", "NAME": "105", "NAMELSAD": "Census Tract 105" }, "geometry": { "type": "Polygon", "coordinates": [ [ [ -85.652, 38.2487 ], [ -85.6362, 38.2285 ], [ -85.6469, 38.2234 ], [ -85.6614, 38.2438 ], [ -85.652, 38.2487 ] ] ] } },
{ "type": "Feature", "properties": { "GEOIDFQ": "1400000US21111010701", "NAME": "107.01", "NAMELSAD": "Census Tract 107.01" }, "geometry": { "type": "Polygon", "coordinates": [ [ [ -85.6193, 38.2499 ], [ -85.5769, 38.2464 ], [ -85.5788, 38.2234 ], [ -85.623, 38.2384 ], [ -85.6193, 38.2499 ] ] ] } },
{ "type": "Feature", "properties": { "GEOIDFQ": "1400000US21113060504", "NAME": "605.04", "NAMELSAD": "Census Tract 605.04" }, "geometry": { "type": "Polygon", "coordinates": [ [ [ -84.6063, 37.8546 ], [ -84.6125, 37.875 ], [ -84.6036, 37.8787 ], [ -84.6042, 37.8859 ], [ -84.5842, 37.8814 ], [ -84.5944, 37.864 ], [ -84.5857, 37.8469 ], [ -84.6116, 37.8434 ], [ -84.6225, 37.8532 ], [ -84.6063, 37.8546 ] ] ] } },
{ "type": "Feature", "properties": { "GEOIDFQ": "1400000US21113060503", "NAME": "605.03", "NAMELSAD": "Census Tract 605.03" }, "geometry": { "type": "Polygon", "coordinates": [ [ [ -84.5852, 37.8812 ], [ -84.573, 37.8804 ], [ -84.5852, 37.8522 ], [ -84.5944, 37.864 ], [ -84.5852, 37.8812 ] ] ] } },
{ "type": "Feature", "properties": { "GEOIDFQ": "1400000US21117064300", "NAME": "643", "NAMELSAD": "Census Tract 643" }, "geometry": { "type": "Polygon", "coordinates": [ [ [ -84.613, 39.0259 ], [ -84.6005, 39.0167 ], [ -84.6152, 39.0061 ], [ -84.613, 39.0259 ] ] ] } },
{ "type": "Feature", "properties": { "GEOIDFQ": "1400000US21117064400", "NAME": "644", "NAMELSAD": "Census Tract 644" }, "geometry": { "type": "Polygon", "coordinates": [ [ [ -84.606, 39.032 ], [ -84.5818, 39.0422 ], [ -84.5997, 39.0162 ], [ -84.613, 39.0259 ], [ -84.606, 39.032 ] ] ] } },
{ "type": "Feature", "properties": { "GEOIDFQ": "1400000US21117064500", "NAME": "645", "NAMELSAD": "Census Tract 645" }, "geometry": { "type": "Polygon", "coordinates": [ [ [ -84.587, 39.0319 ], [ -84.5694, 39.0264 ], [ -84.5818, 39.0045 ], [ -84.5997, 39.0162 ], [ -84.587, 39.0319 ] ] ] } },
{ "type": "Feature", "properties": { "GEOIDFQ": "1400000US21125971101", "NAME": "9711.01", "NAMELSAD": "Census Tract 9711.01" }, "geometry": { "type": "Polygon", "coordinates": [ [ [ -84.3458, 36.969 ], [ -84.35, 36.9891 ], [ -84.315, 37.0015 ], [ -84.3139, 37.0083 ], [ -84.3318, 37.025 ], [ -84.3205, 37.0287 ], [ -84.311, 37.0241 ], [ -84.3029, 37.0407 ], [ -84.3173, 37.0408 ], [ -84.3159, 37.0544 ], [ -84.3246, 37.0679 ], [ -84.3033, 37.0802 ], [ -84.3007, 37.088 ], [ -84.2852, 37.0889 ], [ -84.287, 37.0953 ], [ -84.2775, 37.1041 ], [ -84.2643, 37.1032 ], [ -84.2727, 37.118 ], [ -84.2566, 37.1132 ], [ -84.2458, 37.0982 ], [ -84.2437, 37.1095 ], [ -84.2401, 37.1111 ], [ -84.2235, 37.1036 ], [ -84.2287, 37.1007 ], [ -84.2225, 37.0924 ], [ -84.2057, 37.0919 ], [ -84.1968, 37.0858 ], [ -84.1904, 37.0912 ], [ -84.1752, 37.0864 ], [ -84.1604, 37.099 ], [ -84.1499, 37.0922 ], [ -84.1359, 37.1015 ], [ -84.1389, 37.0937 ], [ -84.128, 37.0909 ], [ -84.1478, 37.0616 ], [ -84.1918, 37.0403 ], [ -84.1894, 37.0261 ], [ -84.1727, 37.0113 ], [ -84.1698, 36.9987 ], [ -84.1778, 36.994 ], [ -84.1789, 36.978 ], [ -84.1891, 36.9643 ], [ -84.2064, 36.9583 ], [ -84.2105, 36.9473 ], [ -84.2225, 36.9603 ], [ -84.225, 36.9463 ], [ -84.2352, 36.941 ], [ -84.2376, 36.9511 ], [ -84.2461, 36.9471 ], [ -84.2453, 36.9554 ], [ -84.2583, 36.9543 ], [ -84.2567, 36.973 ], [ -84.2636, 36.9623 ], [ -84.2762, 36.9618 ], [ -84.2776, 36.9564 ], [ -84.3096, 36.9423 ], [ -84.3245, 36.9462 ], [ -84.3556, 36.9395 ], [ -84.3689, 36.9482 ], [ -84.3458, 36.969 ] ] ] } },
{ "type": "Feature", "properties": { "GEOIDFQ": "1400000US21125971001", "NAME": "9710.01", "NAMELSAD": "Census Tract 9710.01" }, "geometry": { "type": "Polygon", "coordinates": [ [ [ -84.1031, 37.0217 ], [ -84.1033, 37.0382 ], [ -84.0855, 37.0394 ], [ -84.0964, 37.0558 ], [ -84.0894, 37.0669 ], [ -84.0803, 37.0625 ], [ -84.0646, 37.0726 ], [ -84.0524, 37.0598 ], [ -84.0342, 37.0645 ], [ -84.0262, 37.052 ], [ -84.0295, 37.044 ], [ -84.0196, 37.0085 ], [ -84.0695, 37.0141 ], [ -84.0692, 37.0244 ], [ -84.0722, 37.0139 ], [ -84.0815, 37.0166 ], [ -84.1033, 37.0002 ], [ -84.1108, 37.008 ], [ -84.1041, 37.0115 ], [ -84.1108, 37.0108 ], [ -84.1031, 37.0217 ] ] ] } },
{ "type": "Feature", "properties": { "GEOIDFQ": "1400000US21005950202", "NAME": "9502.02", "NAMELSAD": "Census Tract 9502.02" }, "geometry": { "type": "Polygon", "coordinates": [ [ [ -84.9242, 38.0157 ], [ -84.9093, 38.0209 ], [ -84.9046, 38.0122 ], [ -84.8872, 38.0208 ], [ -84.89, 38.033 ], [ -84.8539, 38.0347 ], [ -84.8459, 38.0402 ], [ -84.8301, 38.027 ], [ -84.8381, 38.0089 ], [ -84.8162, 37.9985 ], [ -84.8235, 37.9834 ], [ -84.8185, 37.9739 ], [ -84.7963, 37.9701 ], [ -84.8837, 37.9399 ], [ -84.8973, 37.9475 ], [ -84.9021, 37.9384 ], [ -84.9106, 37.9415 ], [ -84.9035, 37.9621 ], [ -84.9095, 37.972 ], [ -84.9002, 37.9723 ], [ -84.9044, 37.9829 ], [ -84.8962, 37.9877 ], [ -84.9052, 37.9931 ], [ -84.9105, 37.9877 ], [ -84.9132, 37.9935 ], [ -84.9319, 37.9868 ], [ -84.9354, 37.9977 ], [ -84.9435, 37.9904 ], [ -84.9497, 37.9947 ], [ -84.962, 37.9892 ], [ -84.9648, 37.9927 ], [ -84.9242, 38.0157 ] ] ] } },
{ "type": "Feature", "properties": { "GEOIDFQ": "1400000US21005950201", "NAME": "9502.01", "NAMELSAD": "Census Tract 9502.01" }, "geometry": { "type": "Polygon", "coordinates": [ [ [ -84.9491, 38.0267 ], [ -84.8936, 38.0357 ], [ -84.8872, 38.0208 ], [ -84.9046, 38.0122 ], [ -84.9093, 38.0209 ], [ -84.9527, 37.9991 ], [ -84.9597, 38.001 ], [ -84.9491, 38.0267 ] ] ] } },
{ "type": "Feature", "properties": { "GEOIDFQ": "1400000US21111011800", "NAME": "118", "NAMELSAD": "Census Tract 118" }, "geometry": { "type": "Polygon", "coordinates": [ [ [ -85.7185, 38.1801 ], [ -85.6932, 38.1501 ], [ -85.7143, 38.1513 ], [ -85.7206, 38.1638 ], [ -85.7185, 38.1801 ] ] ] } },
{ "type": "Feature", "properties": { "GEOIDFQ": "1400000US21111011904", "NAME": "119.04", "NAMELSAD": "Census Tract 119.04" }, "geometry": { "type": "Polygon", "coordinates": [ [ [ -85.6932, 38.1501 ], [ -85.6867, 38.1384 ], [ -85.7073, 38.137 ], [ -85.7148, 38.1513 ], [ -85.6932, 38.1501 ] ] ] } },
{ "type": "Feature", "properties": { "GEOIDFQ": "1400000US21111011906", "NAME": "119.06", "NAMELSAD": "Census Tract 119.06" }, "geometry": { "type": "Polygon", "coordinates": [ [ [ -85.6599, 38.149 ], [ -85.6576, 38.139 ], [ -85.6867, 38.1384 ], [ -85.6932, 38.1501 ], [ -85.6599, 38.149 ] ] ] } },
{ "type": "Feature", "properties": { "GEOIDFQ": "1400000US21167960200", "NAME": "9602", "NAMELSAD": "Census Tract 9602" }, "geometry": { "type": "Polygon", "coordinates": [ [ [ -85.0058, 37.8166 ], [ -85.012, 37.8172 ], [ -85.0005, 37.8547 ], [ -84.9902, 37.8494 ], [ -84.9964, 37.835 ], [ -84.9909, 37.8278 ], [ -84.9654, 37.8122 ], [ -84.9342, 37.8156 ], [ -84.928, 37.8092 ], [ -84.9186, 37.8121 ], [ -84.9129, 37.8272 ], [ -84.8498, 37.8239 ], [ -84.846, 37.7585 ], [ -84.9565, 37.7423 ], [ -84.9713, 37.746 ], [ -85.0158, 37.7405 ], [ -85.0058, 37.8166 ] ] ] } },
{ "type": "Feature", "properties": { "GEOIDFQ": "1400000US21107970301", "NAME": "9703.01", "NAMELSAD": "Census Tract 9703.01" }, "geometry": { "type": "Polygon", "coordinates": [ [ [ -87.5089, 37.3599 ], [ -87.4972, 37.3589 ], [ -87.4921, 37.3686 ], [ -87.4798, 37.3412 ], [ -87.4955, 37.3353 ], [ -87.5058, 37.3384 ], [ -87.5046, 37.3464 ], [ -87.5294, 37.3453 ], [ -87.5089, 37.3599 ] ] ] } },
{ "type": "Feature", "properties": { "GEOIDFQ": "1400000US21107970302", "NAME": "9703.02", "NAMELSAD": "Census Tract 9703.02" }, "geometry": { "type": "Polygon", "coordinates": [ [ [ -87.5774, 37.3695 ], [ -87.5663, 37.3631 ], [ -87.5635, 37.3758 ], [ -87.5002, 37.3795 ], [ -87.4942, 37.3988 ], [ -87.4805, 37.4063 ], [ -87.4766, 37.392 ], [ -87.4907, 37.3648 ], [ -87.4921, 37.3686 ], [ -87.4972, 37.3589 ], [ -87.5089, 37.3599 ], [ -87.5294, 37.3456 ], [ -87.5046, 37.3464 ], [ -87.5064, 37.334 ], [ -87.5452, 37.3374 ], [ -87.547, 37.3264 ], [ -87.5852, 37.3244 ], [ -87.5901, 37.3308 ], [ -87.5774, 37.3695 ] ] ] } },
{ "type": "Feature", "properties": { "GEOIDFQ": "1400000US21139040202", "NAME": "402.02", "NAMELSAD": "Census Tract 402.02" }, "geometry": { "type": "Polygon", "coordinates": [ [ [ -88.3782, 37.1963 ], [ -88.361, 37.2026 ], [ -88.3296, 37.1874 ], [ -88.2217, 37.1833 ], [ -88.1905, 37.1674 ], [ -88.1875, 37.1538 ], [ -88.2126, 37.1279 ], [ -88.2169, 37.0957 ], [ -88.2323, 37.0861 ], [ -88.2163, 37.0562 ], [ -88.2252, 37.0454 ], [ -88.2268, 37.0276 ], [ -88.2092, 37.0 ], [ -88.2404, 36.9819 ], [ -88.3078, 37.0485 ], [ -88.3622, 37.0639 ], [ -88.3518, 37.0679 ], [ -88.3476, 37.0854 ], [ -88.3343, 37.0802 ], [ -88.3401, 37.1179 ], [ -88.3347, 37.135 ], [ -88.3393, 37.1481 ], [ -88.3688, 37.154 ], [ -88.3782, 37.1963 ] ] ] } },
{ "type": "Feature", "properties": { "GEOIDFQ": "1400000US21139040201", "NAME": "402.01", "NAMELSAD": "Census Tract 402.01" }, "geometry": { "type": "Polygon", "coordinates": [ [ [ -88.5203, 37.0656 ], [ -88.4728, 37.0698 ], [ -88.4599, 37.0746 ], [ -88.4456, 37.0933 ], [ -88.4247, 37.151 ], [ -88.4155, 37.1554 ], [ -88.4076, 37.1434 ], [ -88.3648, 37.1551 ], [ -88.3476, 37.1463 ], [ -88.3393, 37.1481 ], [ -88.3343, 37.0802 ], [ -88.3476, 37.0854 ], [ -88.3518, 37.0679 ], [ -88.4337, 37.0478 ], [ -88.4719, 37.0247 ], [ -88.4935, 37.0221 ], [ -88.5165, 37.0274 ], [ -88.5659, 37.0678 ], [ -88.5661, 37.0776 ], [ -88.5203, 37.0656 ] ] ] } },
{ "type": "Feature", "properties": { "GEOIDFQ": "1400000US21157950501", "NAME": "9505.01", "NAMELSAD": "Census Tract 9505.01" }, "geometry": { "type": "Polygon", "coordinates": [ [ [ -88.4842, 36.8666 ], [ -88.4849, 36.957 ], [ -88.4689, 36.9501 ], [ -88.4746, 36.944 ], [ -88.4707, 36.9393 ], [ -88.4581, 36.9492 ], [ -88.447, 36.947 ], [ -88.4352, 36.9226 ], [ -88.4242, 36.9217 ], [ -88.4016, 36.8957 ], [ -88.4054, 36.8811 ], [ -88.4228, 36.8657 ], [ -88.411, 36.8528 ], [ -88.3926, 36.8537 ], [ -88.3952, 36.7502 ], [ -88.4857, 36.7503 ], [ -88.4842, 36.8666 ] ] ] } },
{ "type": "Feature", "properties": { "GEOIDFQ": "1400000US21157950102", "NAME": "9501.02", "NAMELSAD": "Census Tract 9501.02" }, "geometry": { "type": "Polygon", "coordinates": [ [ [ -88.3501, 37.034 ], [ -88.3539, 37.0608 ], [ -88.3121, 37.0511 ], [ -88.2857, 37.026 ], [ -88.3165, 37.0111 ], [ -88.3354, 36.9922 ], [ -88.3568, 36.9898 ], [ -88.3501, 37.034 ] ] ] } },
{ "type": "Feature", "properties": { "GEOIDFQ": "1400000US21157950101", "NAME": "9501.01", "NAMELSAD": "Census Tract 9501.01" }, "geometry": { "type": "Polygon", "coordinates": [ [ [ -88.483, 37.0226 ], [ -88.4543, 37.0315 ], [ -88.4317, 37.0485 ], [ -88.3656, 37.0642 ], [ -88.3393, 37.0612 ], [ -88.3183, 37.0531 ], [ -88.3539, 37.0608 ], [ -88.3501, 37.034 ], [ -88.3569, 36.9896 ], [ -88.4848, 36.9944 ], [ -88.483, 37.0226 ] ] ] } },
{ "type": "Feature", "properties": { "GEOIDFQ": "1400000US21157950502", "NAME": "9505.02", "NAMELSAD": "Census Tract 9505.02" }, "geometry": { "type": "Polygon", "coordinates": [ [ [ -88.3929, 36.8423 ], [ -88.3672, 36.8231 ], [ -88.3485, 36.8238 ], [ -88.3213, 36.8325 ], [ -88.3163, 36.8487 ], [ -88.3302, 36.8576 ], [ -88.316, 36.8578 ], [ -88.2887, 36.8116 ], [ -88.2916, 36.8024 ], [ -88.2752, 36.7651 ], [ -88.2759, 36.7499 ], [ -88.3952, 36.751 ], [ -88.3929, 36.8423 ] ] ] } },
{ "type": "Feature", "properties": { "GEOIDFQ": "1400000US21157950602", "NAME": "9506.02", "NAMELSAD": "Census Tract 9506.02" }, "geometry": { "type": "Polygon", "coordinates": [ [ [ -88.212, 36.845 ], [ -88.1977, 36.8243 ], [ -88.202, 36.8071 ], [ -88.1925, 36.7915 ], [ -88.1368, 36.7702 ], [ -88.1201, 36.7725 ], [ -88.1108, 36.7472 ], [ -88.2759, 36.7499 ], [ -88.2752, 36.7651 ], [ -88.2916, 36.8024 ], [ -88.2887, 36.8116 ], [ -88.3162, 36.8565 ], [ -88.212, 36.845 ] ] ] } },
{ "type": "Feature", "properties": { "GEOIDFQ": "1400000US21157950601", "NAME": "9506.01", "NAMELSAD": "Census Tract 9506.01" }, "geometry": { "type": "Polygon", "coordinates": [ [ [ -88.2871, 36.8861 ], [ -88.2951, 36.8897 ], [ -88.2714, 36.9085 ], [ -88.263, 36.9317 ], [ -88.2251, 36.9642 ], [ -88.1894, 36.9355 ], [ -88.1717, 36.889 ], [ -88.2061, 36.8735 ], [ -88.24, 36.8467 ], [ -88.2515, 36.8528 ], [ -88.316, 36.8578 ], [ -88.3314, 36.8671 ], [ -88.2871, 36.8861 ] ] ] } },
{ "type": "Feature", "properties": { "GEOIDFQ": "1400000US21157950603", "NAME": "9506.03", "NAMELSAD": "Census Tract 9506.03" }, "geometry": { "type": "Polygon", "coordinates": [ [ [ -88.2061, 36.8735 ], [ -88.1717, 36.889 ], [ -88.1388, 36.8281 ], [ -88.1201, 36.7725 ], [ -88.1368, 36.7702 ], [ -88.1904, 36.79 ], [ -88.2017, 36.8058 ], [ -88.1972, 36.8221 ], [ -88.205, 36.838 ], [ -88.2127, 36.8453 ], [ -88.24, 36.8467 ], [ -88.2061, 36.8735 ] ] ] } },
{ "type": "Feature", "properties": { "GEOIDFQ": "1400000US21029020300", "NAME": "203", "NAMELSAD": "Census Tract 203" }, "geometry": { "type": "Polygon", "coordinates": [ [ [ -85.6877, 38.0187 ], [ -85.6559, 38.018 ], [ -85.6487, 38.0334 ], [ -85.659, 38.0352 ], [ -85.6188, 38.0395 ], [ -85.6034, 38.0615 ], [ -85.5865, 38.0611 ], [ -85.5765, 38.0493 ], [ -85.5812, 38.0437 ], [ -85.5696, 38.037 ], [ -85.6822, 38.0037 ], [ -85.6798, 38.0122 ], [ -85.684, 38.0072 ], [ -85.6959, 38.0103 ], [ -85.6877, 38.0187 ] ] ] } },
{ "type": "Feature", "properties": { "GEOIDFQ": "1400000US21029021200", "NAME": "212", "NAMELSAD": "Census Tract 212" }, "geometry": { "type": "Polygon", "coordinates": [ [ [ -85.7602, 37.964 ], [ -85.7537, 37.9642 ], [ -85.7358, 37.954 ], [ -85.7375, 37.949 ], [ -85.7288, 37.9521 ], [ -85.7033, 37.9404 ], [ -85.7088, 37.9332 ], [ -85.6989, 37.9235 ], [ -85.6504, 37.9249 ], [ -85.639, 37.9196 ], [ -85.6141, 37.9272 ], [ -85.5942, 37.9168 ], [ -85.5763, 37.8849 ], [ -85.5997, 37.8694 ], [ -85.6133, 37.87 ], [ -85.6103, 37.8589 ], [ -85.6414, 37.835 ], [ -85.6537, 37.8326 ], [ -85.6515, 37.8285 ], [ -85.6749, 37.8234 ], [ -85.6806, 37.8149 ], [ -85.682, 37.8197 ], [ -85.6915, 37.8185 ], [ -85.6979, 37.8113 ], [ -85.7069, 37.8141 ], [ -85.7242, 37.8059 ], [ -85.721, 37.8099 ], [ -85.7378, 37.8118 ], [ -85.7422, 37.8219 ], [ -85.7605, 37.8332 ], [ -85.7476, 37.8421 ], [ -85.7517, 37.8843 ], [ -85.761, 37.8948 ], [ -85.7576, 37.9038 ], [ -85.7657, 37.9258 ], [ -85.7602, 37.964 ] ] ] } },
{ "type": "Feature", "properties": { "GEOIDFQ": "1400000US21029020800", "NAME": "208", "NAMELSAD": "Census Tract 208" }, "geometry": { "type": "Polygon", "coordinates": [ [ [ -85.7561, 38.0418 ], [ -85.7588, 38.0571 ], [ -85.7355, 38.0631 ], [ -85.7348, 38.0702 ], [ -85.7456, 38.0781 ], [ -85.7009, 38.0863 ], [ -85.6964, 38.0221 ], [ -85.7051, 38.0148 ], [ -85.709, 38.0311 ], [ -85.7286, 38.0125 ], [ -85.731, 38.0119 ], [ -85.7367, 38.0139 ], [ -85.7392, 38.0141 ], [ -85.7405, 38.0138 ], [ -85.7422, 38.0139 ], [ -85.7427, 38.0137 ], [ -85.7376, 37.9987 ], [ -85.7521, 37.9977 ], [ -85.7453, 37.9816 ], [ -85.7522, 37.9654 ], [ -85.7675, 37.9745 ], [ -85.7642, 38.001 ], [ -85.7856, 38.0115 ], [ -85.7561, 38.0418 ] ] ] } },
{ "type": "Feature", "properties": { "GEOIDFQ": "1400000US21185030501", "NAME": "305.01", "NAMELSAD": "Census Tract 305.01" }, "geometry": { "type": "Polygon", "coordinates": [ [ [ -85.4715, 38.3236 ], [ -85.4598, 38.3108 ], [ -85.4253, 38.2945 ], [ -85.4445, 38.2994 ], [ -85.4499, 38.296 ], [ -85.4484, 38.304 ], [ -85.4553, 38.2912 ], [ -85.4628, 38.292 ], [ -85.4607, 38.286 ], [ -85.4682, 38.2853 ], [ -85.498, 38.3018 ], [ -85.4715, 38.3236 ] ] ] } },
{ "type": "Feature", "properties": { "GEOIDFQ": "1400000US21185030200", "NAME": "302", "NAMELSAD": "Census Tract 302" }, "geometry": { "type": "Polygon", "coordinates": [ [ [ -85.4428, 38.4371 ], [ -85.4142, 38.4107 ], [ -85.389, 38.4037 ], [ -85.4355, 38.3847 ], [ -85.447, 38.4036 ], [ -85.4635, 38.4132 ], [ -85.4688, 38.4271 ], [ -85.4428, 38.4371 ] ] ] } },
{ "type": "Feature", "properties": { "GEOIDFQ": "1400000US21185030100", "NAME": "301", "NAMELSAD": "Census Tract 301" }, "geometry": { "type": "Polygon", "coordinates": [ [ [ -85.4929, 38.4732 ], [ -85.4672, 38.51 ], [ -85.4329, 38.5241 ], [ -85.4279, 38.5192 ], [ -85.3787, 38.5188 ], [ -85.3655, 38.5075 ], [ -85.3512, 38.509 ], [ -85.3143, 38.494 ], [ -85.3461, 38.4595 ], [ -85.3321, 38.4429 ], [ -85.3735, 38.442 ], [ -85.3907, 38.4527 ], [ -85.4106, 38.447 ], [ -85.4153, 38.4395 ], [ -85.4325, 38.4431 ], [ -85.4465, 38.4327 ], [ -85.4549, 38.4356 ], [ -85.4681, 38.4284 ], [ -85.4677, 38.4216 ], [ -85.499, 38.4568 ], [ -85.5122, 38.4548 ], [ -85.5155, 38.4608 ], [ -85.4929, 38.4732 ] ] ] } },
{ "type": "Feature", "properties": { "GEOIDFQ": "1400000US21185030801", "NAME": "308.01", "NAMELSAD": "Census Tract 308.01" }, "geometry": { "type": "Polygon", "coordinates": [ [ [ -85.622, 38.4168 ], [ -85.5989, 38.407 ], [ -85.583, 38.3886 ], [ -85.5901, 38.3714 ], [ -85.6068, 38.3629 ], [ -85.6375, 38.3822 ], [ -85.622, 38.4168 ] ] ] } },
{ "type": "Feature", "properties": { "GEOIDFQ": "1400000US21185030601", "NAME": "306.01", "NAMELSAD": "Census Tract 306.01" }, "geometry": { "type": "Polygon", "coordinates": [ [ [ -85.4913, 38.3466 ], [ -85.478, 38.3278 ], [ -85.4682, 38.3253 ], [ -85.4983, 38.3017 ], [ -85.5452, 38.3283 ], [ -85.4913, 38.3466 ] ] ] } },
{ "type": "Feature", "properties": { "GEOIDFQ": "1400000US21185030502", "NAME": "305.02", "NAMELSAD": "Census Tract 305.02" }, "geometry": { "type": "Polygon", "coordinates": [ [ [ -85.4482, 38.3288 ], [ -85.4146, 38.35 ], [ -85.3962, 38.35 ], [ -85.3758, 38.3136 ], [ -85.4086, 38.304 ], [ -85.4105, 38.2939 ], [ -85.4178, 38.3028 ], [ -85.4274, 38.3038 ], [ -85.4267, 38.2988 ], [ -85.4598, 38.3108 ], [ -85.4715, 38.3236 ], [ -85.4482, 38.3288 ] ] ] } },
{ "type": "Feature", "properties": { "GEOIDFQ": "1400000US21185030802", "NAME": "308.02", "NAMELSAD": "Census Tract 308.02" }, "geometry": { "type": "Polygon", "coordinates": [ [ [ -85.6042, 38.4409 ], [ -85.5756, 38.4525 ], [ -85.5155, 38.4608 ], [ -85.5122, 38.4548 ], [ -85.499, 38.4568 ], [ -85.485, 38.4403 ], [ -85.5235, 38.4321 ], [ -85.5766, 38.4015 ], [ -85.583, 38.3886 ], [ -85.5989, 38.407 ], [ -85.6219, 38.4169 ], [ -85.6042, 38.4409 ] ] ] } },
{ "type": "Feature", "properties": { "GEOIDFQ": "1400000US21185030602", "NAME": "306.02", "NAMELSAD": "Census Tract 306.02" }, "geometry": { "type": "Polygon", "coordinates": [ [ [ -85.4272, 38.3761 ], [ -85.4206, 38.3624 ], [ -85.4112, 38.3629 ], [ -85.4073, 38.3504 ], [ -85.4486, 38.3287 ], [ -85.4726, 38.3242 ], [ -85.4913, 38.3466 ], [ -85.4272, 38.3761 ] ] ] } },
{ "type": "Feature", "properties": { "GEOIDFQ": "1400000US21117060700", "NAME": "607", "NAMELSAD": "Census Tract 607" }, "geometry": { "type": "Polygon", "coordinates": [ [ [ -84.5132, 39.0825 ], [ -84.5102, 39.0774 ], [ -84.5183, 39.0748 ], [ -84.5214, 39.0791 ], [ -84.5132, 39.0825 ] ] ] } },
{ "type": "Feature", "properties": { "GEOIDFQ": "1400000US21111006900", "NAME": "69", "NAMELSAD": "Census Tract 69" }, "geometry": { "type": "Polygon", "coordinates": [ [ [ -85.7269, 38.2348 ], [ -85.725, 38.2293 ], [ -85.7302, 38.224 ], [ -85.7401, 38.2304 ], [ -85.7269, 38.2348 ] ] ] } },
{ "type": "Feature", "properties": { "GEOIDFQ": "1400000US21111010001", "NAME": "100.01", "NAMELSAD": "Census Tract 100.01" }, "geometry": { "type": "Polygon", "coordinates": [ [ [ -85.6362, 38.28 ], [ -85.6233, 38.2602 ], [ -85.6482, 38.257 ], [ -85.6604, 38.2673 ], [ -85.6362, 38.28 ] ] ] } },
{ "type": "Feature", "properties": { "GEOIDFQ": "1400000US21111010004", "NAME": "100.04", "NAMELSAD": "Census Tract 100.04" }, "geometry": { "type": "Polygon", "coordinates": [ [ [ -85.6087, 38.2743 ], [ -85.5993, 38.2641 ], [ -85.6233, 38.2602 ], [ -85.6244, 38.2653 ], [ -85.6087, 38.2743 ] ] ] } },
{ "type": "Feature", "properties": { "GEOIDFQ": "1400000US21211040302", "NAME": "403.02", "NAMELSAD": "Census Tract 403.02" }, "geometry": { "type": "Polygon", "coordinates": [ [ [ -85.2403, 38.2047 ], [ -85.2319, 38.2051 ], [ -85.2351, 38.2201 ], [ -85.2037, 38.2106 ], [ -85.2031, 38.2062 ], [ -85.2167, 38.2085 ], [ -85.2201, 38.2001 ], [ -85.2345, 38.1931 ], [ -85.2403, 38.2047 ] ] ] } },
{ "type": "Feature", "properties": { "GEOIDFQ": "1400000US21037053301", "NAME": "533.01", "NAMELSAD": "Census Tract 533.01" }, "geometry": { "type": "Polygon", "coordinates": [ [ [ -84.471, 39.0307 ], [ -84.4602, 39.0274 ], [ -84.452, 39.0314 ], [ -84.4349, 39.0172 ], [ -84.4401, 39.0038 ], [ -84.4678, 39.0095 ], [ -84.4721, 39.0042 ], [ -84.4893, 39.0222 ], [ -84.471, 39.0307 ] ] ] } },
{ "type": "Feature", "properties": { "GEOIDFQ": "1400000US21095970200", "NAME": "9702", "NAMELSAD": "Census Tract 9702" }, "geometry": { "type": "Polygon", "coordinates": [ [ [ -83.0382, 36.9843 ], [ -83.0206, 36.978 ], [ -83.0066, 36.9926 ], [ -82.9667, 36.9999 ], [ -82.9395, 37.0155 ], [ -82.8692, 36.9742 ], [ -82.8916, 36.9716 ], [ -82.9162, 36.9796 ], [ -82.9579, 36.9734 ], [ -82.9643, 36.9841 ], [ -82.986, 36.973 ], [ -82.9772, 36.9566 ], [ -82.9318, 36.9557 ], [ -82.9249, 36.9384 ], [ -82.9104, 36.93 ], [ -82.9046, 36.9192 ], [ -82.9224, 36.913 ], [ -82.9271, 36.9016 ], [ -82.9375, 36.8985 ], [ -82.9457, 36.9036 ], [ -82.9661, 36.9011 ], [ -82.9701, 36.9118 ], [ -82.9903, 36.9118 ], [ -82.9939, 36.9164 ], [ -83.0076, 36.9132 ], [ -83.0092, 36.9215 ], [ -83.0224, 36.9245 ], [ -83.0231, 36.9399 ], [ -83.0462, 36.9461 ], [ -83.0931, 36.9275 ], [ -83.0942, 36.9472 ], [ -83.0884, 36.9498 ], [ -83.0973, 36.9684 ], [ -83.0382, 36.9843 ] ] ] } },
{ "type": "Feature", "properties": { "GEOIDFQ": "1400000US21095970800", "NAME": "9708", "NAMELSAD": "Census Tract 9708" }, "geometry": { "type": "Polygon", "coordinates": [ [ [ -83.2999, 36.8746 ], [ -83.2926, 36.8842 ], [ -83.2796, 36.8906 ], [ -83.2748, 36.8855 ], [ -83.2692, 36.8719 ], [ -83.2774, 36.8684 ], [ -83.2876, 36.8743 ], [ -83.2876, 36.8628 ], [ -83.3035, 36.8527 ], [ -83.3308, 36.8425 ], [ -83.3406, 36.8527 ], [ -83.2999, 36.8746 ] ] ] } },
{ "type": "Feature", "properties": { "GEOIDFQ": "1400000US21035010301", "NAME": "103.01", "NAMELSAD": "Census Tract 103.01" }, "geometry": { "type": "Polygon", "coordinates": [ [ [ -88.3243, 36.6227 ], [ -88.3148, 36.6241 ], [ -88.3152, 36.6106 ], [ -88.3272, 36.6137 ], [ -88.3243, 36.6227 ] ] ] } },
{ "type": "Feature", "properties": { "GEOIDFQ": "1400000US21149970500", "NAME": "9705", "NAMELSAD": "Census Tract 9705" }, "geometry": { "type": "Polygon", "coordinates": [ [ [ -87.3575, 37.5077 ], [ -87.3402, 37.5149 ], [ -87.3001, 37.5035 ], [ -87.2836, 37.4878 ], [ -87.2501, 37.4938 ], [ -87.2335, 37.4906 ], [ -87.2302, 37.4777 ], [ -87.2182, 37.4695 ], [ -87.2079, 37.4701 ], [ -87.2047, 37.4633 ], [ -87.1818, 37.4956 ], [ -87.1569, 37.4859 ], [ -87.1356, 37.4852 ], [ -87.1048, 37.4616 ], [ -87.0998, 37.416 ], [ -87.1123, 37.4115 ], [ -87.1711, 37.4136 ], [ -87.211, 37.3809 ], [ -87.3009, 37.3901 ], [ -87.3115, 37.4019 ], [ -87.3285, 37.3985 ], [ -87.3251, 37.4074 ], [ -87.3525, 37.4266 ], [ -87.3583, 37.4657 ], [ -87.3541, 37.4807 ], [ -87.3617, 37.4881 ], [ -87.3575, 37.5077 ] ] ] } },
{ "type": "Feature", "properties": { "GEOIDFQ": "1400000US21209040101", "NAME": "401.01", "NAMELSAD": "Census Tract 401.01" }, "geometry": { "type": "Polygon", "coordinates": [ [ [ -84.5482, 38.2276 ], [ -84.5483, 38.2216 ], [ -84.5385, 38.2251 ], [ -84.5289, 38.2028 ], [ -84.5577, 38.2141 ], [ -84.5482, 38.2276 ] ] ] } },
{ "type": "Feature", "properties": { "GEOIDFQ": "1400000US21209040605", "NAME": "406.05", "NAMELSAD": "Census Tract 406.05" }, "geometry": { "type": "Polygon", "coordinates": [ [ [ -84.7154, 38.2631 ], [ -84.7207, 38.249 ], [ -84.7093, 38.2565 ], [ -84.7036, 38.2419 ], [ -84.6921, 38.2508 ], [ -84.6935, 38.2397 ], [ -84.6778, 38.2399 ], [ -84.6763, 38.2468 ], [ -84.6685, 38.2425 ], [ -84.6587, 38.2473 ], [ -84.6622, 38.2528 ], [ -84.643, 38.2675 ], [ -84.6154, 38.2678 ], [ -84.6104, 38.2723 ], [ -84.5926, 38.258 ], [ -84.596, 38.2423 ], [ -84.5836, 38.2243 ], [ -84.5897, 38.2156 ], [ -84.6019, 38.2224 ], [ -84.6177, 38.2063 ], [ -84.6523, 38.2108 ], [ -84.6689, 38.2058 ], [ -84.7303, 38.2083 ], [ -84.7343, 38.2563 ], [ -84.7154, 38.2631 ] ] ] } },
{ "type": "Feature", "properties": { "GEOIDFQ": "1400000US21209040606", "NAME": "406.06", "NAMELSAD": "Census Tract 406.06" }, "geometry": { "type": "Polygon", "coordinates": [ [ [ -84.581, 38.2421 ], [ -84.5676, 38.2389 ], [ -84.5633, 38.2188 ], [ -84.5731, 38.2185 ], [ -84.5729, 38.2105 ], [ -84.5845, 38.2278 ], [ -84.581, 38.2421 ] ] ] } },
{ "type": "Feature", "properties": { "GEOIDFQ": "1400000US21209040607", "NAME": "406.07", "NAMELSAD": "Census Tract 406.07" }, "geometry": { "type": "Polygon", "coordinates": [ [ [ -84.615, 38.3207 ], [ -84.6263, 38.3303 ], [ -84.6119, 38.3359 ], [ -84.5846, 38.2842 ], [ -84.5727, 38.2759 ], [ -84.5578, 38.2764 ], [ -84.5409, 38.2205 ], [ -84.5487, 38.222 ], [ -84.5472, 38.228 ], [ -84.5534, 38.2219 ], [ -84.5658, 38.2254 ], [ -84.5633, 38.2188 ], [ -84.5687, 38.227 ], [ -84.5676, 38.2389 ], [ -84.581, 38.2421 ], [ -84.5845, 38.2278 ], [ -84.5886, 38.2302 ], [ -84.596, 38.2423 ], [ -84.5926, 38.258 ], [ -84.6228, 38.2829 ], [ -84.6171, 38.2869 ], [ -84.6287, 38.3034 ], [ -84.615, 38.3207 ] ] ] } },
{ "type": "Feature", "properties": { "GEOIDFQ": "1400000US21209040604", "NAME": "406.04", "NAMELSAD": "Census Tract 406.04" }, "geometry": { "type": "Polygon", "coordinates": [ [ [ -84.6, 38.223 ], [ -84.5885, 38.2157 ], [ -84.5831, 38.2244 ], [ -84.5723, 38.2103 ], [ -84.6131, 38.2125 ], [ -84.6, 38.223 ] ] ] } },
{ "type": "Feature", "properties": { "GEOIDFQ": "1400000US21209040102", "NAME": "401.02", "NAMELSAD": "Census Tract 401.02" }, "geometry": { "type": "Polygon", "coordinates": [ [ [ -84.5629, 38.2191 ], [ -84.5652, 38.2256 ], [ -84.5514, 38.2242 ], [ -84.5578, 38.213 ], [ -84.5473, 38.2114 ], [ -84.5723, 38.2103 ], [ -84.5739, 38.2168 ], [ -84.5629, 38.2191 ] ] ] } },
{ "type": "Feature", "properties": { "GEOIDFQ": "1400000US21209040208", "NAME": "402.08", "NAMELSAD": "Census Tract 402.08" }, "geometry": { "type": "Polygon", "coordinates": [ [ [ -84.5723, 38.2103 ], [ -84.5598, 38.2099 ], [ -84.5612, 38.1965 ], [ -84.5744, 38.1997 ], [ -84.5723, 38.2103 ] ] ] } },
{ "type": "Feature", "properties": { "GEOIDFQ": "1400000US21209040209", "NAME": "402.09", "NAMELSAD": "Census Tract 402.09" }, "geometry": { "type": "Polygon", "coordinates": [ [ [ -84.5598, 38.2099 ], [ -84.5373, 38.2045 ], [ -84.5449, 38.1881 ], [ -84.5493, 38.2018 ], [ -84.5575, 38.2027 ], [ -84.5528, 38.192 ], [ -84.5618, 38.193 ], [ -84.5598, 38.2099 ] ] ] } },
{ "type": "Feature", "properties": { "GEOIDFQ": "1400000US21209040210", "NAME": "402.10", "NAMELSAD": "Census Tract 402.10" }, "geometry": { "type": "Polygon", "coordinates": [ [ [ -84.5619, 38.1926 ], [ -84.5528, 38.192 ], [ -84.5575, 38.2027 ], [ -84.5493, 38.2018 ], [ -84.5449, 38.1881 ], [ -84.5611, 38.1831 ], [ -84.5619, 38.1926 ] ] ] } },
{ "type": "Feature", "properties": { "GEOIDFQ": "1400000US21209040207", "NAME": "402.07", "NAMELSAD": "Census Tract 402.07" }, "geometry": { "type": "Polygon", "coordinates": [ [ [ -84.5794, 38.2091 ], [ -84.5723, 38.2103 ], [ -84.5744, 38.1997 ], [ -84.5832, 38.2014 ], [ -84.5794, 38.2091 ] ] ] } },
{ "type": "Feature", "properties": { "GEOIDFQ": "1400000US21233960400", "NAME": "9604", "NAMELSAD": "Census Tract 9604" }, "geometry": { "type": "Polygon", "coordinates": [ [ [ -87.8446, 37.3946 ], [ -87.8394, 37.4315 ], [ -87.8279, 37.4291 ], [ -87.8139, 37.4359 ], [ -87.8226, 37.4604 ], [ -87.8048, 37.455 ], [ -87.7833, 37.46 ], [ -87.7673, 37.4709 ], [ -87.7675, 37.5065 ], [ -87.7609, 37.5167 ], [ -87.7471, 37.4941 ], [ -87.699, 37.469 ], [ -87.6691, 37.4457 ], [ -87.6585, 37.4288 ], [ -87.8134, 37.3506 ], [ -87.8272, 37.352 ], [ -87.8282, 37.3589 ], [ -87.8207, 37.3588 ], [ -87.82, 37.366 ], [ -87.8108, 37.3644 ], [ -87.8008, 37.3818 ], [ -87.8103, 37.3764 ], [ -87.819, 37.3882 ], [ -87.8436, 37.3746 ], [ -87.8597, 37.3801 ], [ -87.8551, 37.3893 ], [ -87.8602, 37.3916 ], [ -87.8446, 37.3946 ] ] ] } },
{ "type": "Feature", "properties": { "GEOIDFQ": "1400000US21233960300", "NAME": "9603", "NAMELSAD": "Census Tract 9603" }, "geometry": { "type": "Polygon", "coordinates": [ [ [ -87.9185, 37.4929 ], [ -87.8074, 37.5764 ], [ -87.7616, 37.5241 ], [ -87.7677, 37.4704 ], [ -87.8048, 37.455 ], [ -87.8226, 37.4604 ], [ -87.8139, 37.4359 ], [ -87.8279, 37.4291 ], [ -87.8394, 37.4315 ], [ -87.8436, 37.4168 ], [ -87.847, 37.4208 ], [ -87.8565, 37.4144 ], [ -87.8655, 37.4173 ], [ -87.8613, 37.4097 ], [ -87.869, 37.4051 ], [ -87.8973, 37.4036 ], [ -87.903, 37.3982 ], [ -87.9154, 37.4044 ], [ -87.9135, 37.4113 ], [ -87.9161, 37.4073 ], [ -87.93, 37.4092 ], [ -87.944, 37.4652 ], [ -87.9185, 37.4929 ] ] ] } },
{ "type": "Feature", "properties": { "GEOIDFQ": "1400000US21233960100", "NAME": "9601", "NAMELSAD": "Census Tract 9601" }, "geometry": { "type": "Polygon", "coordinates": [ [ [ -87.6442, 37.6423 ], [ -87.4953, 37.6475 ], [ -87.4996, 37.6274 ], [ -87.482, 37.6004 ], [ -87.4593, 37.5929 ], [ -87.3961, 37.589 ], [ -87.3751, 37.57 ], [ -87.4971, 37.4878 ], [ -87.5986, 37.4594 ], [ -87.6159, 37.4717 ], [ -87.6077, 37.497 ], [ -87.6174, 37.5325 ], [ -87.6093, 37.5372 ], [ -87.633, 37.5476 ], [ -87.6522, 37.5651 ], [ -87.6597, 37.5861 ], [ -87.6442, 37.6423 ] ] ] } },
{ "type": "Feature", "properties": { "GEOIDFQ": "1400000US21233960200", "NAME": "9602", "NAMELSAD": "Census Tract 9602" }, "geometry": { "type": "Polygon", "coordinates": [ [ [ -87.7345, 37.6384 ], [ -87.6442, 37.6423 ], [ -87.6596, 37.5856 ], [ -87.6522, 37.5651 ], [ -87.633, 37.5476 ], [ -87.6093, 37.5372 ], [ -87.6174, 37.5325 ], [ -87.6077, 37.497 ], [ -87.6159, 37.4717 ], [ -87.5986, 37.4594 ], [ -87.6585, 37.4288 ], [ -87.6691, 37.4457 ], [ -87.699, 37.469 ], [ -87.7502, 37.4968 ], [ -87.7616, 37.5241 ], [ -87.8074, 37.5764 ], [ -87.7345, 37.6384 ] ] ] } },
{ "type": "Feature", "properties": { "GEOIDFQ": "1400000US21169960200", "NAME": "9602", "NAMELSAD": "Census Tract 9602" }, "geometry": { "type": "Polygon", "coordinates": [ [ [ -85.7482, 37.0278 ], [ -85.6949, 37.0364 ], [ -85.6901, 37.0213 ], [ -85.695, 37.0122 ], [ -85.687, 37.0004 ], [ -85.6618, 37.001 ], [ -85.6551, 36.9891 ], [ -85.6442, 36.9887 ], [ -85.6541, 36.9642 ], [ -85.6707, 36.9552 ], [ -85.6679, 36.9369 ], [ -85.6381, 36.9327 ], [ -85.6307, 36.9057 ], [ -85.6369, 36.8939 ], [ -85.6207, 36.8892 ], [ -85.6161, 36.8781 ], [ -85.5997, 36.873 ], [ -85.5941, 36.8573 ], [ -85.5747, 36.8382 ], [ -85.5812, 36.8229 ], [ -85.5962, 36.818 ], [ -85.6024, 36.8296 ], [ -85.613, 36.8327 ], [ -85.7393, 36.8415 ], [ -85.7566, 37.0399 ], [ -85.7482, 37.0278 ] ] ] } },
{ "type": "Feature", "properties": { "GEOIDFQ": "1400000US21169960300", "NAME": "9603", "NAMELSAD": "Census Tract 9603" }, "geometry": { "type": "Polygon", "coordinates": [ [ [ -85.6227, 37.0469 ], [ -85.6032, 37.0561 ], [ -85.5764, 37.0545 ], [ -85.5563, 37.0878 ], [ -85.5369, 37.0856 ], [ -85.5252, 37.0919 ], [ -85.5036, 37.0077 ], [ -85.4418, 36.9541 ], [ -85.4742, 36.8938 ], [ -85.5074, 36.8675 ], [ -85.537, 36.8622 ], [ -85.5607, 36.8509 ], [ -85.5891, 36.8732 ], [ -85.6161, 36.8781 ], [ -85.6207, 36.8892 ], [ -85.6369, 36.8939 ], [ -85.6307, 36.9057 ], [ -85.6381, 36.9327 ], [ -85.6679, 36.9369 ], [ -85.6707, 36.9552 ], [ -85.6541, 36.9642 ], [ -85.6442, 36.9887 ], [ -85.6551, 36.9891 ], [ -85.6618, 37.001 ], [ -85.6869, 37.0003 ], [ -85.695, 37.0121 ], [ -85.6901, 37.0218 ], [ -85.6966, 37.0365 ], [ -85.6227, 37.0469 ] ] ] } },
{ "type": "Feature", "properties": { "GEOIDFQ": "1400000US21169960100", "NAME": "9601", "NAMELSAD": "Census Tract 9601" }, "geometry": { "type": "Polygon", "coordinates": [ [ [ -85.7442, 37.1698 ], [ -85.6865, 37.1824 ], [ -85.6609, 37.143 ], [ -85.6323, 37.1251 ], [ -85.5269, 37.1095 ], [ -85.5252, 37.0919 ], [ -85.5369, 37.0856 ], [ -85.5563, 37.0878 ], [ -85.5765, 37.0545 ], [ -85.6032, 37.0561 ], [ -85.6451, 37.0422 ], [ -85.6805, 37.0421 ], [ -85.7482, 37.0278 ], [ -85.7566, 37.0399 ], [ -85.7561, 37.1098 ], [ -85.7718, 37.1097 ], [ -85.7746, 37.1399 ], [ -85.7442, 37.1698 ] ] ] } },
{ "type": "Feature", "properties": { "GEOIDFQ": "1400000US21031930400", "NAME": "9304", "NAMELSAD": "Census Tract 9304" }, "geometry": { "type": "Polygon", "coordinates": [ [ [ -86.8295, 37.0671 ], [ -86.8298, 37.087 ], [ -86.8018, 37.0981 ], [ -86.8047, 37.1261 ], [ -86.7861, 37.1321 ], [ -86.764, 37.1771 ], [ -86.7491, 37.18 ], [ -86.7356, 37.1426 ], [ -86.7223, 37.1353 ], [ -86.7161, 37.1463 ], [ -86.6897, 37.1353 ], [ -86.6935, 37.1435 ], [ -86.6855, 37.151 ], [ -86.6713, 37.1499 ], [ -86.6527, 37.1645 ], [ -86.6422, 37.1523 ], [ -86.6182, 37.1433 ], [ -86.6745, 36.9998 ], [ -86.8413, 37.0553 ], [ -86.8295, 37.0671 ] ] ] } },
{ "type": "Feature", "properties": { "GEOIDFQ": "1400000US21031930200", "NAME": "9302", "NAMELSAD": "Census Tract 9302" }, "geometry": { "type": "Polygon", "coordinates": [ [ [ -86.6612, 37.2399 ], [ -86.6396, 37.2464 ], [ -86.6308, 37.2428 ], [ -86.6256, 37.2485 ], [ -86.6307, 37.252 ], [ -86.5962, 37.2569 ], [ -86.5951, 37.2653 ], [ -86.5789, 37.2794 ], [ -86.5754, 37.2953 ], [ -86.5602, 37.2969 ], [ -86.5464, 37.3086 ], [ -86.5286, 37.3127 ], [ -86.5254, 37.3231 ], [ -86.4852, 37.3354 ], [ -86.4825, 37.3519 ], [ -86.3992, 37.1699 ], [ -86.4109, 37.166 ], [ -86.4105, 37.1521 ], [ -86.4402, 37.1666 ], [ -86.4443, 37.154 ], [ -86.455, 37.1503 ], [ -86.4665, 37.1527 ], [ -86.4958, 37.1906 ], [ -86.5188, 37.186 ], [ -86.5282, 37.1766 ], [ -86.5343, 37.1823 ], [ -86.541, 37.176 ], [ -86.5557, 37.1771 ], [ -86.5639, 37.1808 ], [ -86.5633, 37.1873 ], [ -86.58, 37.1858 ], [ -86.5877, 37.179 ], [ -86.595, 37.1851 ], [ -86.6234, 37.181 ], [ -86.6352, 37.1929 ], [ -86.6221, 37.2002 ], [ -86.6294, 37.218 ], [ -86.6431, 37.225 ], [ -86.6682, 37.2256 ], [ -86.6612, 37.2399 ] ] ] } },
{ "type": "Feature", "properties": { "GEOIDFQ": "1400000US21031930500", "NAME": "9305", "NAMELSAD": "Census Tract 9305" }, "geometry": { "type": "Polygon", "coordinates": [ [ [ -86.9408, 37.0785 ], [ -86.9214, 37.0781 ], [ -86.8941, 37.0883 ], [ -86.9001, 37.0954 ], [ -86.8958, 37.0989 ], [ -86.9019, 37.099 ], [ -86.8988, 37.1042 ], [ -86.904, 37.1015 ], [ -86.8994, 37.1068 ], [ -86.9058, 37.1073 ], [ -86.9016, 37.1125 ], [ -86.8844, 37.1097 ], [ -86.8813, 37.1123 ], [ -86.8973, 37.1172 ], [ -86.9009, 37.1348 ], [ -86.916, 37.1258 ], [ -86.9128, 37.1359 ], [ -86.9236, 37.1429 ], [ -86.9386, 37.1371 ], [ -86.9239, 37.1453 ], [ -86.9222, 37.1802 ], [ -86.8983, 37.1764 ], [ -86.8918, 37.183 ], [ -86.8919, 37.1876 ], [ -86.9032, 37.1855 ], [ -86.9094, 37.1946 ], [ -86.9016, 37.192 ], [ -86.9062, 37.2084 ], [ -86.8861, 37.2215 ], [ -86.8836, 37.2351 ], [ -86.8611, 37.2521 ], [ -86.8386, 37.247 ], [ -86.8134, 37.2497 ], [ -86.7876, 37.2404 ], [ -86.7789, 37.229 ], [ -86.7846, 37.2231 ], [ -86.779, 37.2223 ], [ -86.7821, 37.2098 ], [ -86.7756, 37.2012 ], [ -86.7836, 37.194 ], [ -86.7641, 37.173 ], [ -86.7861, 37.1321 ], [ -86.8047, 37.1261 ], [ -86.8018, 37.0981 ], [ -86.8298, 37.0869 ], [ -86.8335, 37.0607 ], [ -86.8414, 37.0552 ], [ -86.9449, 37.073 ], [ -86.9408, 37.0785 ] ] ] } },
{ "type": "Feature", "properties": { "GEOIDFQ": "1400000US21031930100", "NAME": "9301", "NAMELSAD": "Census Tract 9301" }, "geometry": { "type": "Polygon", "coordinates": [ [ [ -86.6121, 37.3951 ], [ -86.4872, 37.3625 ], [ -86.4825, 37.3519 ], [ -86.4852, 37.3354 ], [ -86.5254, 37.3231 ], [ -86.5286, 37.3127 ], [ -86.5464, 37.3086 ], [ -86.5602, 37.2969 ], [ -86.5754, 37.2953 ], [ -86.5789, 37.2794 ], [ -86.5951, 37.2653 ], [ -86.5962, 37.2569 ], [ -86.6307, 37.252 ], [ -86.6256, 37.2485 ], [ -86.6308, 37.2428 ], [ -86.6396, 37.2464 ], [ -86.6612, 37.2399 ], [ -86.6648, 37.2276 ], [ -86.6734, 37.2234 ], [ -86.6741, 37.2378 ], [ -86.6884, 37.2436 ], [ -86.7047, 37.2417 ], [ -86.7339, 37.284 ], [ -86.7545, 37.2829 ], [ -86.7551, 37.2881 ], [ -86.7458, 37.2905 ], [ -86.7595, 37.3041 ], [ -86.6121, 37.3951 ] ] ] } },
{ "type": "Feature", "properties": { "GEOIDFQ": "1400000US21117065300", "NAME": "653", "NAMELSAD": "Census Tract 653" }, "geometry": { "type": "Polygon", "coordinates": [ [ [ -84.529, 39.0144 ], [ -84.5327, 39.0337 ], [ -84.5186, 39.0502 ], [ -84.5204, 39.0381 ], [ -84.493, 39.0313 ], [ -84.4892, 38.9815 ], [ -84.48, 38.9703 ], [ -84.505, 38.9735 ], [ -84.5345, 38.9913 ], [ -84.5378, 39.0003 ], [ -84.529, 39.0144 ] ] ] } },
{ "type": "Feature", "properties": { "GEOIDFQ": "1400000US21117065800", "NAME": "658", "NAMELSAD": "Census Tract 658" }, "geometry": { "type": "Polygon", "coordinates": [ [ [ -84.52, 38.9477 ], [ -84.5087, 38.9447 ], [ -84.5041, 38.951 ], [ -84.5023, 38.9738 ], [ -84.4743, 38.966 ], [ -84.4732, 38.9594 ], [ -84.5003, 38.9284 ], [ -84.5112, 38.9272 ], [ -84.52, 38.9477 ] ] ] } },
{ "type": "Feature", "properties": { "GEOIDFQ": "1400000US21117060300", "NAME": "603", "NAMELSAD": "Census Tract 603" }, "geometry": { "type": "Polygon", "coordinates": [ [ [ -84.5177, 39.0865 ], [ -84.5135, 39.0806 ], [ -84.5216, 39.079 ], [ -84.5177, 39.0865 ] ] ] } },
{ "type": "Feature", "properties": { "GEOIDFQ": "1400000US21117064700", "NAME": "647", "NAMELSAD": "Census Tract 647" }, "geometry": { "type": "Polygon", "coordinates": [ [ [ -84.548, 39.0528 ], [ -84.5317, 39.0355 ], [ -84.534, 39.0284 ], [ -84.553, 39.03 ], [ -84.575, 39.0469 ], [ -84.548, 39.0528 ] ] ] } },
{ "type": "Feature", "properties": { "GEOIDFQ": "1400000US21117066900", "NAME": "669", "NAMELSAD": "Census Tract 669" }, "geometry": { "type": "Polygon", "coordinates": [ [ [ -84.5733, 39.0819 ], [ -84.5535, 39.0985 ], [ -84.5415, 39.0993 ], [ -84.5587, 39.0642 ], [ -84.5597, 39.0712 ], [ -84.5739, 39.0764 ], [ -84.5948, 39.0687 ], [ -84.619, 39.0677 ], [ -84.6115, 39.0622 ], [ -84.6183, 39.0605 ], [ -84.6231, 39.0742 ], [ -84.5733, 39.0819 ] ] ] } },
{ "type": "Feature", "properties": { "GEOIDFQ": "1400000US21117061100", "NAME": "611", "NAMELSAD": "Census Tract 611" }, "geometry": { "type": "Polygon", "coordinates": [ [ [ -84.4943, 39.0669 ], [ -84.4988, 39.0499 ], [ -84.5008, 39.0582 ], [ -84.5076, 39.0676 ], [ -84.4943, 39.0669 ] ] ] } },
{ "type": "Feature", "properties": { "GEOIDFQ": "1400000US21117060900", "NAME": "609", "NAMELSAD": "Census Tract 609" }, "geometry": { "type": "Polygon", "coordinates": [ [ [ -84.5028, 39.0744 ], [ -84.4985, 39.0653 ], [ -84.5055, 39.0655 ], [ -84.5093, 39.0738 ], [ -84.5028, 39.0744 ] ] ] } },
{ "type": "Feature", "properties": { "GEOIDFQ": "1400000US21117065100", "NAME": "651", "NAMELSAD": "Census Tract 651" }, "geometry": { "type": "Polygon", "coordinates": [ [ [ -84.5186, 39.0708 ], [ -84.5167, 39.063 ], [ -84.5008, 39.0582 ], [ -84.5181, 39.0508 ], [ -84.5285, 39.0543 ], [ -84.5186, 39.0708 ] ] ] } },
{ "type": "Feature", "properties": { "GEOIDFQ": "1400000US21117063701", "NAME": "637.01", "NAMELSAD": "Census Tract 637.01" }, "geometry": { "type": "Polygon", "coordinates": [ [ [ -84.5994, 38.8877 ], [ -84.5447, 38.9065 ], [ -84.5352, 38.8824 ], [ -84.5401, 38.8681 ], [ -84.5328, 38.8233 ], [ -84.518, 38.8133 ], [ -84.4957, 38.8087 ], [ -84.4841, 38.7979 ], [ -84.5473, 38.7901 ], [ -84.5977, 38.7912 ], [ -84.6157, 38.8023 ], [ -84.5994, 38.8877 ] ] ] } },
{ "type": "Feature", "properties": { "GEOIDFQ": "1400000US21117061000", "NAME": "610", "NAMELSAD": "Census Tract 610" }, "geometry": { "type": "Polygon", "coordinates": [ [ [ -84.4938, 39.0726 ], [ -84.4963, 39.0653 ], [ -84.501, 39.0661 ], [ -84.5028, 39.0744 ], [ -84.4938, 39.0726 ] ] ] } },
{ "type": "Feature", "properties": { "GEOIDFQ": "1400000US21117065200", "NAME": "652", "NAMELSAD": "Census Tract 652" }, "geometry": { "type": "Polygon", "coordinates": [ [ [ -84.5267, 39.0613 ], [ -84.5229, 39.0566 ], [ -84.5285, 39.0543 ], [ -84.5181, 39.0508 ], [ -84.5317, 39.0355 ], [ -84.5479, 39.0529 ], [ -84.5267, 39.0613 ] ] ] } },
{ "type": "Feature", "properties": { "GEOIDFQ": "1400000US21117061200", "NAME": "612", "NAMELSAD": "Census Tract 612" }, "geometry": { "type": "Polygon", "coordinates": [ [ [ -84.4948, 39.0516 ], [ -84.4881, 39.0459 ], [ -84.4894, 39.0326 ], [ -84.5006, 39.0463 ], [ -84.4948, 39.0516 ] ] ] } },
{ "type": "Feature", "properties": { "GEOIDFQ": "1400000US21117063606", "NAME": "636.06", "NAMELSAD": "Census Tract 636.06" }, "geometry": { "type": "Polygon", "coordinates": [ [ [ -84.544, 38.9674 ], [ -84.5404, 38.9803 ], [ -84.5209, 38.9561 ], [ -84.5205, 38.9406 ], [ -84.5111, 38.9275 ], [ -84.5176, 38.9214 ], [ -84.5452, 38.9305 ], [ -84.544, 38.9674 ] ] ] } },
{ "type": "Feature", "properties": { "GEOIDFQ": "1400000US21117065900", "NAME": "659", "NAMELSAD": "Census Tract 659" }, "geometry": { "type": "Polygon", "coordinates": [ [ [ -84.4731, 38.9598 ], [ -84.4887, 38.9792 ], [ -84.4928, 39.0337 ], [ -84.4742, 39.0051 ], [ -84.4506, 38.9964 ], [ -84.4652, 38.9792 ], [ -84.4636, 38.9676 ], [ -84.4538, 38.966 ], [ -84.4404, 38.9844 ], [ -84.4268, 38.9788 ], [ -84.4465, 38.9512 ], [ -84.4632, 38.9485 ], [ -84.453, 38.9278 ], [ -84.4658, 38.9326 ], [ -84.4722, 38.923 ], [ -84.4914, 38.9228 ], [ -84.4977, 38.9304 ], [ -84.4731, 38.9598 ] ] ] } },
{ "type": "Feature", "properties": { "GEOIDFQ": "1400000US21117065501", "NAME": "655.01", "NAMELSAD": "Census Tract 655.01" }, "geometry": { "type": "Polygon", "coordinates": [ [ [ -84.5824, 38.9981 ], [ -84.5769, 39.0159 ], [ -84.5615, 39.0061 ], [ -84.5623, 38.9973 ], [ -84.5662, 38.9931 ], [ -84.5858, 38.9937 ], [ -84.5824, 38.9981 ] ] ] } },
{ "type": "Feature", "properties": { "GEOIDFQ": "1400000US21117063604", "NAME": "636.04", "NAMELSAD": "Census Tract 636.04" }, "geometry": { "type": "Polygon", "coordinates": [ [ [ -84.5922, 38.9771 ], [ -84.5964, 38.9699 ], [ -84.5593, 38.9793 ], [ -84.55, 38.9751 ], [ -84.5505, 38.9677 ], [ -84.558, 38.956 ], [ -84.5753, 38.9544 ], [ -84.5807, 38.9421 ], [ -84.6092, 38.9572 ], [ -84.6118, 38.9783 ], [ -84.5922, 38.9771 ] ] ] } },
{ "type": "Feature", "properties": { "GEOIDFQ": "1400000US21067000102", "NAME": "1.02", "NAMELSAD": "Census Tract 1.02" }, "geometry": { "type": "Polygon", "coordinates": [ [ [ -84.5017, 38.0577 ], [ -84.4954, 38.0521 ], [ -84.5041, 38.0459 ], [ -84.51, 38.0506 ], [ -84.5017, 38.0577 ] ] ] } },
{ "type": "Feature", "properties": { "GEOIDFQ": "1400000US21067001100", "NAME": "11", "NAMELSAD": "Census Tract 11" }, "geometry": { "type": "Polygon", "coordinates": [ [ [ -84.495, 38.0746 ], [ -84.5057, 38.0542 ], [ -84.5162, 38.0609 ], [ -84.5184, 38.0749 ], [ -84.495, 38.0746 ] ] ] } },
{ "type": "Feature", "properties": { "GEOIDFQ": "1400000US21223100200", "NAME": "1002", "NAMELSAD": "Census Tract 1002" }, "geometry": { "type": "Polygon", "coordinates": [ [ [ -85.4228, 38.6031 ], [ -85.4144, 38.637 ], [ -85.3918, 38.6411 ], [ -85.3891, 38.6497 ], [ -85.3721, 38.6446 ], [ -85.3246, 38.6447 ], [ -85.3191, 38.6607 ], [ -85.3011, 38.6531 ], [ -85.2589, 38.6563 ], [ -85.229, 38.627 ], [ -85.2303, 38.6178 ], [ -85.2143, 38.6031 ], [ -85.2189, 38.596 ], [ -85.2114, 38.5802 ], [ -85.1683, 38.5854 ], [ -85.248, 38.5259 ], [ -85.2735, 38.5 ], [ -85.2796, 38.4963 ], [ -85.3098, 38.4994 ], [ -85.314, 38.4926 ], [ -85.3512, 38.509 ], [ -85.3655, 38.5075 ], [ -85.3787, 38.5188 ], [ -85.4291, 38.5196 ], [ -85.4329, 38.5241 ], [ -85.4179, 38.5377 ], [ -85.415, 38.5562 ], [ -85.4335, 38.5951 ], [ -85.4228, 38.6031 ] ] ] } },
{ "type": "Feature", "properties": { "GEOIDFQ": "1400000US21223100100", "NAME": "1001", "NAMELSAD": "Census Tract 1001" }, "geometry": { "type": "Polygon", "coordinates": [ [ [ -85.4517, 38.7103 ], [ -85.4365, 38.7282 ], [ -85.4226, 38.7347 ], [ -85.4084, 38.7371 ], [ -85.3644, 38.7304 ], [ -85.3331, 38.7363 ], [ -85.3297, 38.7258 ], [ -85.2589, 38.6563 ], [ -85.3011, 38.6531 ], [ -85.3191, 38.6607 ], [ -85.3246, 38.6447 ], [ -85.3721, 38.6446 ], [ -85.3892, 38.6497 ], [ -85.3918, 38.6411 ], [ -85.4157, 38.6359 ], [ -85.4228, 38.6031 ], [ -85.4335, 38.5951 ], [ -85.4386, 38.6589 ], [ -85.4568, 38.6905 ], [ -85.4517, 38.7103 ] ] ] } },
{ "type": "Feature", "properties": { "GEOIDFQ": "1400000US21227011401", "NAME": "114.01", "NAMELSAD": "Census Tract 114.01" }, "geometry": { "type": "Polygon", "coordinates": [ [ [ -86.4336, 36.9805 ], [ -86.4169, 36.9842 ], [ -86.4299, 36.9998 ], [ -86.4061, 37.0079 ], [ -86.3947, 37.0062 ], [ -86.3943, 36.9899 ], [ -86.3849, 36.9887 ], [ -86.4094, 36.9489 ], [ -86.4269, 36.9545 ], [ -86.4336, 36.9805 ] ] ] } },
{ "type": "Feature", "properties": { "GEOIDFQ": "1400000US21227010100", "NAME": "101", "NAMELSAD": "Census Tract 101" }, "geometry": { "type": "Polygon", "coordinates": [ [ [ -86.4451, 36.9974 ], [ -86.4383, 36.9928 ], [ -86.4474, 36.9866 ], [ -86.457, 36.9885 ], [ -86.4451, 36.9974 ] ] ] } },
{ "type": "Feature", "properties": { "GEOIDFQ": "1400000US21227010702", "NAME": "107.02", "NAMELSAD": "Census Tract 107.02" }, "geometry": { "type": "Polygon", "coordinates": [ [ [ -86.4232, 36.946 ], [ -86.4207, 36.9366 ], [ -86.4343, 36.9195 ], [ -86.449, 36.9291 ], [ -86.4524, 36.9428 ], [ -86.4232, 36.946 ] ] ] } },
{ "type": "Feature", "properties": { "GEOIDFQ": "1400000US21227010701", "NAME": "107.01", "NAMELSAD": "Census Tract 107.01" }, "geometry": { "type": "Polygon", "coordinates": [ [ [ -86.4402, 36.9509 ], [ -86.4255, 36.9547 ], [ -86.4094, 36.9489 ], [ -86.415, 36.9397 ], [ -86.4232, 36.946 ], [ -86.4538, 36.943 ], [ -86.4546, 36.96 ], [ -86.4402, 36.9509 ] ] ] } },
{ "type": "Feature", "properties": { "GEOIDFQ": "1400000US21227010801", "NAME": "108.01", "NAMELSAD": "Census Tract 108.01" }, "geometry": { "type": "Polygon", "coordinates": [ [ [ -86.4323, 36.9102 ], [ -86.44, 36.9142 ], [ -86.4213, 36.94 ], [ -86.3922, 36.9349 ], [ -86.3831, 36.9178 ], [ -86.3969, 36.9081 ], [ -86.3802, 36.8958 ], [ -86.3998, 36.9057 ], [ -86.404, 36.8962 ], [ -86.4179, 36.8988 ], [ -86.4183, 36.8916 ], [ -86.4411, 36.8908 ], [ -86.4323, 36.9102 ] ] ] } },
{ "type": "Feature", "properties": { "GEOIDFQ": "1400000US21227011002", "NAME": "110.02", "NAMELSAD": "Census Tract 110.02" }, "geometry": { "type": "Polygon", "coordinates": [ [ [ -86.4862, 36.9888 ], [ -86.4853, 36.9745 ], [ -86.4679, 36.9622 ], [ -86.4825, 36.9422 ], [ -86.4959, 36.9521 ], [ -86.5039, 36.9922 ], [ -86.4862, 36.9888 ] ] ] } },
{ "type": "Feature", "properties": { "GEOIDFQ": "1400000US21227011402", "NAME": "114.02", "NAMELSAD": "Census Tract 114.02" }, "geometry": { "type": "Polygon", "coordinates": [ [ [ -86.3849, 36.9887 ], [ -86.3644, 36.9903 ], [ -86.3612, 36.9859 ], [ -86.3823, 36.9729 ], [ -86.3472, 36.9518 ], [ -86.3955, 36.9332 ], [ -86.415, 36.9397 ], [ -86.3849, 36.9887 ] ] ] } },
{ "type": "Feature", "properties": { "GEOIDFQ": "1400000US21227010802", "NAME": "108.02", "NAMELSAD": "Census Tract 108.02" }, "geometry": { "type": "Polygon", "coordinates": [ [ [ -86.4825, 36.9422 ], [ -86.4323, 36.9102 ], [ -86.4411, 36.8907 ], [ -86.45, 36.8898 ], [ -86.4607, 36.8925 ], [ -86.4728, 36.9065 ], [ -86.4931, 36.9117 ], [ -86.499, 36.9085 ], [ -86.5074, 36.9166 ], [ -86.4825, 36.9422 ] ] ] } },
{ "type": "Feature", "properties": { "GEOIDFQ": "1400000US21227011001", "NAME": "110.01", "NAMELSAD": "Census Tract 110.01" }, "geometry": { "type": "Polygon", "coordinates": [ [ [ -86.4862, 36.9888 ], [ -86.4756, 36.989 ], [ -86.4659, 36.9815 ], [ -86.4807, 36.9686 ], [ -86.4862, 36.9888 ] ] ] } },
{ "type": "Feature", "properties": { "GEOIDFQ": "1400000US21227010400", "NAME": "104", "NAMELSAD": "Census Tract 104" }, "geometry": { "type": "Polygon", "coordinates": [ [ [ -86.456, 36.989 ], [ -86.4474, 36.9866 ], [ -86.4564, 36.9775 ], [ -86.462, 36.9826 ], [ -86.456, 36.989 ] ] ] } },
{ "type": "Feature", "properties": { "GEOIDFQ": "1400000US21013960500", "NAME": "9605", "NAMELSAD": "Census Tract 9605" }, "geometry": { "type": "Polygon", "coordinates": [ [ [ -83.7007, 36.6595 ], [ -83.6865, 36.67 ], [ -83.6857, 36.6991 ], [ -83.6787, 36.7053 ], [ -83.6634, 36.6994 ], [ -83.6665, 36.6793 ], [ -83.6149, 36.6817 ], [ -83.5927, 36.6696 ], [ -83.5748, 36.6484 ], [ -83.6139, 36.6349 ], [ -83.624, 36.6255 ], [ -83.6451, 36.6243 ], [ -83.666, 36.6058 ], [ -83.6829, 36.6088 ], [ -83.6971, 36.5953 ], [ -83.7133, 36.6162 ], [ -83.7007, 36.6595 ] ] ] } },
{ "type": "Feature", "properties": { "GEOIDFQ": "1400000US21111008400", "NAME": "84", "NAMELSAD": "Census Tract 84" }, "geometry": { "type": "Polygon", "coordinates": [ [ [ -85.7093, 38.232 ], [ -85.6978, 38.2264 ], [ -85.7107, 38.223 ], [ -85.7153, 38.2289 ], [ -85.7093, 38.232 ] ] ] } },
{ "type": "Feature", "properties": { "GEOIDFQ": "1400000US21111008500", "NAME": "85", "NAMELSAD": "Census Tract 85" }, "geometry": { "type": "Polygon", "coordinates": [ [ [ -85.6993, 38.2372 ], [ -85.691, 38.2326 ], [ -85.7011, 38.2284 ], [ -85.7093, 38.232 ], [ -85.6993, 38.2372 ] ] ] } },
{ "type": "Feature", "properties": { "GEOIDFQ": "1400000US21067004107", "NAME": "41.07", "NAMELSAD": "Census Tract 41.07" }, "geometry": { "type": "Polygon", "coordinates": [ [ [ -84.4968, 37.9697 ], [ -84.4796, 37.9402 ], [ -84.5004, 37.9487 ], [ -84.5054, 37.9614 ], [ -84.4968, 37.9697 ] ] ] } },
{ "type": "Feature", "properties": { "GEOIDFQ": "1400000US21067003703", "NAME": "37.03", "NAMELSAD": "Census Tract 37.03" }, "geometry": { "type": "Polygon", "coordinates": [ [ [ -84.5438, 38.0978 ], [ -84.5411, 38.1108 ], [ -84.5356, 38.109 ], [ -84.5461, 38.0897 ], [ -84.5322, 38.0857 ], [ -84.5382, 38.0753 ], [ -84.5563, 38.0884 ], [ -84.5438, 38.0978 ] ] ] } },
{ "type": "Feature", "properties": { "GEOIDFQ": "1400000US21067003804", "NAME": "38.04", "NAMELSAD": "Census Tract 38.04" }, "geometry": { "type": "Polygon", "coordinates": [ [ [ -84.4902, 38.0858 ], [ -84.48, 38.0821 ], [ -84.4851, 38.0876 ], [ -84.4776, 38.0959 ], [ -84.4664, 38.0889 ], [ -84.4769, 38.071 ], [ -84.495, 38.0749 ], [ -84.4902, 38.0858 ] ] ] } },
{ "type": "Feature", "properties": { "GEOIDFQ": "1400000US21067003201", "NAME": "32.01", "NAMELSAD": "Census Tract 32.01" }, "geometry": { "type": "Polygon", "coordinates": [ [ [ -84.4557, 38.0758 ], [ -84.4449, 38.0666 ], [ -84.4648, 38.0601 ], [ -84.4715, 38.067 ], [ -84.4557, 38.0758 ] ] ] } },
{ "type": "Feature", "properties": { "GEOIDFQ": "1400000US21067003202", "NAME": "32.02", "NAMELSAD": "Census Tract 32.02" }, "geometry": { "type": "Polygon", "coordinates": [ [ [ -84.4449, 38.0666 ], [ -84.433, 38.0579 ], [ -84.451, 38.0521 ], [ -84.446, 38.0498 ], [ -84.4539, 38.046 ], [ -84.4648, 38.0601 ], [ -84.4449, 38.0666 ] ] ] } },
{ "type": "Feature", "properties": { "GEOIDFQ": "1400000US21231920300", "NAME": "9203", "NAMELSAD": "Census Tract 9203" }, "geometry": { "type": "Polygon", "coordinates": [ [ [ -84.8964, 36.8188 ], [ -84.8798, 36.8178 ], [ -84.8977, 36.8258 ], [ -84.9039, 36.8406 ], [ -84.8798, 36.8571 ], [ -84.8578, 36.8352 ], [ -84.8143, 36.8108 ], [ -84.8114, 36.7954 ], [ -84.8428, 36.7621 ], [ -84.857, 36.7626 ], [ -84.8665, 36.7747 ], [ -84.8814, 36.7749 ], [ -84.8793, 36.7822 ], [ -84.8919, 36.7855 ], [ -84.9061, 36.8109 ], [ -84.8964, 36.8188 ] ] ] } },
{ "type": "Feature", "properties": { "GEOIDFQ": "1400000US21015070301", "NAME": "703.01", "NAMELSAD": "Census Tract 703.01" }, "geometry": { "type": "Polygon", "coordinates": [ [ [ -84.6382, 38.9895 ], [ -84.6283, 38.9788 ], [ -84.6124, 38.9838 ], [ -84.6064, 38.9343 ], [ -84.6232, 38.9388 ], [ -84.631, 38.932 ], [ -84.6382, 38.9895 ] ] ] } },
{ "type": "Feature", "properties": { "GEOIDFQ": "1400000US21191930101", "NAME": "9301.01", "NAMELSAD": "Census Tract 9301.01" }, "geometry": { "type": "Polygon", "coordinates": [ [ [ -84.232, 38.8748 ], [ -84.2305, 38.8274 ], [ -84.236, 38.8224 ], [ -84.2251, 38.7436 ], [ -84.2447, 38.7475 ], [ -84.257, 38.738 ], [ -84.2887, 38.7351 ], [ -84.2999, 38.7212 ], [ -84.3206, 38.7266 ], [ -84.3427, 38.719 ], [ -84.3409, 38.7324 ], [ -84.3171, 38.7426 ], [ -84.3231, 38.75 ], [ -84.3474, 38.7484 ], [ -84.343, 38.7641 ], [ -84.3489, 38.7781 ], [ -84.3371, 38.7867 ], [ -84.3514, 38.7896 ], [ -84.3578, 38.78 ], [ -84.3685, 38.7901 ], [ -84.384, 38.7889 ], [ -84.3874, 38.8123 ], [ -84.232, 38.8748 ] ] ] } },
{ "type": "Feature", "properties": { "GEOIDFQ": "1400000US21191930102", "NAME": "9301.02", "NAMELSAD": "Census Tract 9301.02" }, "geometry": { "type": "Polygon", "coordinates": [ [ [ -84.4081, 38.8059 ], [ -84.3885, 38.8129 ], [ -84.384, 38.7889 ], [ -84.3685, 38.7901 ], [ -84.3578, 38.78 ], [ -84.3514, 38.7896 ], [ -84.3376, 38.7875 ], [ -84.3492, 38.7765 ], [ -84.342, 38.7421 ], [ -84.3472, 38.7454 ], [ -84.3682, 38.7398 ], [ -84.3751, 38.7236 ], [ -84.3694, 38.7062 ], [ -84.3915, 38.7124 ], [ -84.4055, 38.7074 ], [ -84.4177, 38.7134 ], [ -84.4191, 38.7258 ], [ -84.4267, 38.7283 ], [ -84.4325, 38.7212 ], [ -84.4267, 38.7137 ], [ -84.4366, 38.7163 ], [ -84.4403, 38.7088 ], [ -84.4487, 38.711 ], [ -84.4462, 38.7012 ], [ -84.4792, 38.7003 ], [ -84.4723, 38.6943 ], [ -84.4792, 38.6932 ], [ -84.4765, 38.6863 ], [ -84.5049, 38.665 ], [ -84.5323, 38.7919 ], [ -84.4081, 38.8059 ] ] ] } },
{ "type": "Feature", "properties": { "GEOIDFQ": "1400000US21133950403", "NAME": "9504.03", "NAMELSAD": "Census Tract 9504.03" }, "geometry": { "type": "Polygon", "coordinates": [ [ [ -82.8863, 37.1954 ], [ -82.8836, 37.2059 ], [ -82.8656, 37.2094 ], [ -82.8657, 37.2034 ], [ -82.8592, 37.2033 ], [ -82.8488, 37.2132 ], [ -82.8265, 37.201 ], [ -82.8177, 37.2045 ], [ -82.8078, 37.1969 ], [ -82.7974, 37.1999 ], [ -82.82, 37.1815 ], [ -82.8056, 37.1573 ], [ -82.8085, 37.1489 ], [ -82.821, 37.1431 ], [ -82.8368, 37.1223 ], [ -82.8426, 37.1271 ], [ -82.8423, 37.1198 ], [ -82.8533, 37.1208 ], [ -82.8535, 37.1103 ], [ -82.8634, 37.1054 ], [ -82.8677, 37.1182 ], [ -82.8768, 37.1186 ], [ -82.858, 37.1432 ], [ -82.8734, 37.1526 ], [ -82.8788, 37.1751 ], [ -82.8952, 37.191 ], [ -82.8863, 37.1954 ] ] ] } },
{ "type": "Feature", "properties": { "GEOIDFQ": "1400000US21133950404", "NAME": "9504.04", "NAMELSAD": "Census Tract 9504.04" }, "geometry": { "type": "Polygon", "coordinates": [ [ [ -82.8054, 37.1559 ], [ -82.82, 37.1815 ], [ -82.7974, 37.1999 ], [ -82.8078, 37.1969 ], [ -82.8177, 37.2045 ], [ -82.8029, 37.2117 ], [ -82.7857, 37.1974 ], [ -82.776, 37.168 ], [ -82.7648, 37.1578 ], [ -82.7654, 37.1371 ], [ -82.7792, 37.124 ], [ -82.7917, 37.1253 ], [ -82.8024, 37.1092 ], [ -82.8066, 37.1158 ], [ -82.8144, 37.1106 ], [ -82.814, 37.1169 ], [ -82.8208, 37.1145 ], [ -82.8272, 37.1216 ], [ -82.8392, 37.1223 ], [ -82.8054, 37.1559 ] ] ] } },
{ "type": "Feature", "properties": { "GEOIDFQ": "1400000US21133950201", "NAME": "9502.01", "NAMELSAD": "Census Tract 9502.01" }, "geometry": { "type": "Polygon", "coordinates": [ [ [ -82.7724, 37.2186 ], [ -82.7544, 37.2202 ], [ -82.7151, 37.2386 ], [ -82.7051, 37.2134 ], [ -82.7133, 37.2055 ], [ -82.7144, 37.1795 ], [ -82.7307, 37.1723 ], [ -82.7399, 37.1568 ], [ -82.7141, 37.1569 ], [ -82.691, 37.1498 ], [ -82.6745, 37.136 ], [ -82.6829, 37.137 ], [ -82.7366, 37.1111 ], [ -82.743, 37.1268 ], [ -82.7639, 37.1334 ], [ -82.7648, 37.1577 ], [ -82.776, 37.168 ], [ -82.787, 37.1988 ], [ -82.7724, 37.2186 ] ] ] } },
{ "type": "Feature", "properties": { "GEOIDFQ": "1400000US21133950602", "NAME": "9506.02", "NAMELSAD": "Census Tract 9506.02" }, "geometry": { "type": "Polygon", "coordinates": [ [ [ -83.1476, 36.9847 ], [ -83.1262, 36.9916 ], [ -83.1221, 37.001 ], [ -83.1082, 36.9921 ], [ -83.0545, 37.018 ], [ -83.0582, 37.025 ], [ -83.0495, 37.0294 ], [ -83.0521, 37.035 ], [ -83.0735, 37.0473 ], [ -83.062, 37.0518 ], [ -83.0576, 37.0621 ], [ -83.0427, 37.0622 ], [ -83.0469, 37.0693 ], [ -83.0403, 37.0787 ], [ -83.0517, 37.0962 ], [ -83.0469, 37.1026 ], [ -83.0548, 37.1039 ], [ -83.0614, 37.1176 ], [ -83.0356, 37.1572 ], [ -83.0489, 37.1694 ], [ -83.0374, 37.1653 ], [ -83.0285, 37.1696 ], [ -82.9981, 37.1963 ], [ -82.9847, 37.188 ], [ -82.9849, 37.1775 ], [ -82.9703, 37.1662 ], [ -82.9892, 37.1415 ], [ -82.9853, 37.1372 ], [ -82.9739, 37.1405 ], [ -82.9755, 37.1267 ], [ -82.9663, 37.1273 ], [ -82.9723, 37.1241 ], [ -82.9688, 37.1138 ], [ -82.9512, 37.1141 ], [ -82.9441, 37.1082 ], [ -82.9287, 37.1113 ], [ -82.9234, 37.1187 ], [ -82.9062, 37.1153 ], [ -82.8937, 37.1056 ], [ -82.8783, 37.0737 ], [ -82.8664, 37.0723 ], [ -82.8678, 37.0626 ], [ -82.8583, 37.0523 ], [ -82.9667, 36.9999 ], [ -83.0066, 36.9926 ], [ -83.0206, 36.978 ], [ -83.0382, 36.9843 ], [ -83.15, 36.9542 ], [ -83.1476, 36.9847 ] ] ] } },
{ "type": "Feature", "properties": { "GEOIDFQ": "1400000US21133950202", "NAME": "9502.02", "NAMELSAD": "Census Tract 9502.02" }, "geometry": { "type": "Polygon", "coordinates": [ [ [ -82.7307, 37.1723 ], [ -82.7144, 37.1795 ], [ -82.7133, 37.2055 ], [ -82.7051, 37.2134 ], [ -82.7161, 37.2397 ], [ -82.6912, 37.2412 ], [ -82.6945, 37.2342 ], [ -82.682, 37.228 ], [ -82.6715, 37.2274 ], [ -82.6606, 37.2368 ], [ -82.6486, 37.2335 ], [ -82.6519, 37.2269 ], [ -82.6434, 37.2181 ], [ -82.6585, 37.1978 ], [ -82.6515, 37.1824 ], [ -82.6656, 37.1791 ], [ -82.6842, 37.1607 ], [ -82.6863, 37.1692 ], [ -82.7063, 37.1516 ], [ -82.7141, 37.1569 ], [ -82.7399, 37.1568 ], [ -82.7307, 37.1723 ] ] ] } },
{ "type": "Feature", "properties": { "GEOIDFQ": "1400000US21133950601", "NAME": "9506.01", "NAMELSAD": "Census Tract 9506.01" }, "geometry": { "type": "Polygon", "coordinates": [ [ [ -82.9703, 37.1661 ], [ -82.9774, 37.1734 ], [ -82.9731, 37.1785 ], [ -82.9572, 37.191 ], [ -82.9423, 37.1906 ], [ -82.9316, 37.2028 ], [ -82.9175, 37.2035 ], [ -82.9074, 37.1864 ], [ -82.889, 37.1876 ], [ -82.8767, 37.171 ], [ -82.8736, 37.1527 ], [ -82.8641, 37.1513 ], [ -82.8579, 37.1427 ], [ -82.8789, 37.1151 ], [ -82.8928, 37.1212 ], [ -82.9007, 37.116 ], [ -82.9061, 37.1195 ], [ -82.9084, 37.1124 ], [ -82.919, 37.1194 ], [ -82.9444, 37.1082 ], [ -82.9512, 37.1141 ], [ -82.9687, 37.1137 ], [ -82.9723, 37.1241 ], [ -82.9663, 37.1273 ], [ -82.9755, 37.1267 ], [ -82.9739, 37.1405 ], [ -82.9853, 37.1372 ], [ -82.9892, 37.1416 ], [ -82.9703, 37.1661 ] ] ] } },
{ "type": "Feature", "properties": { "GEOIDFQ": "1400000US21067001300", "NAME": "13", "NAMELSAD": "Census Tract 13" }, "geometry": { "type": "Polygon", "coordinates": [ [ [ -84.495, 38.0746 ], [ -84.47, 38.0653 ], [ -84.4815, 38.0573 ], [ -84.4838, 38.0655 ], [ -84.5008, 38.0604 ], [ -84.495, 38.0746 ] ] ] } },
{ "type": "Feature", "properties": { "GEOIDFQ": "1400000US21239050104", "NAME": "501.04", "NAMELSAD": "Census Tract 501.04" }, "geometry": { "type": "Polygon", "coordinates": [ [ [ -84.7551, 38.0924 ], [ -84.7382, 38.0689 ], [ -84.723, 38.0893 ], [ -84.6963, 38.0806 ], [ -84.7181, 38.0609 ], [ -84.6887, 38.0585 ], [ -84.7008, 38.0494 ], [ -84.7303, 38.0529 ], [ -84.7686, 38.0811 ], [ -84.7551, 38.0924 ] ] ] } },
{ "type": "Feature", "properties": { "GEOIDFQ": "1400000US21239050107", "NAME": "501.07", "NAMELSAD": "Census Tract 501.07" }, "geometry": { "type": "Polygon", "coordinates": [ [ [ -84.7008, 38.0494 ], [ -84.6887, 38.0585 ], [ -84.6445, 38.0578 ], [ -84.6493, 38.0432 ], [ -84.666, 38.0445 ], [ -84.6888, 38.0297 ], [ -84.7056, 38.0334 ], [ -84.7219, 38.0483 ], [ -84.7008, 38.0494 ] ] ] } },
{ "type": "Feature", "properties": { "GEOIDFQ": "1400000US21239050103", "NAME": "501.03", "NAMELSAD": "Census Tract 501.03" }, "geometry": { "type": "Polygon", "coordinates": [ [ [ -84.7686, 38.0811 ], [ -84.73, 38.0559 ], [ -84.7661, 38.0211 ], [ -84.7965, 38.029 ], [ -84.7921, 38.0355 ], [ -84.8049, 38.0346 ], [ -84.8002, 38.045 ], [ -84.805, 38.0583 ], [ -84.7686, 38.0811 ] ] ] } },
{ "type": "Feature", "properties": { "GEOIDFQ": "1400000US21239050105", "NAME": "501.05", "NAMELSAD": "Census Tract 501.05" }, "geometry": { "type": "Polygon", "coordinates": [ [ [ -84.732, 38.0516 ], [ -84.7305, 38.0515 ], [ -84.7245, 38.0258 ], [ -84.7649, 38.0212 ], [ -84.732, 38.0516 ] ] ] } },
{ "type": "Feature", "properties": { "GEOIDFQ": "1400000US21239050106", "NAME": "501.06", "NAMELSAD": "Census Tract 501.06" }, "geometry": { "type": "Polygon", "coordinates": [ [ [ -84.7201, 38.0517 ], [ -84.6966, 38.0295 ], [ -84.6818, 38.0311 ], [ -84.666, 38.0445 ], [ -84.6493, 38.0432 ], [ -84.6575, 38.0178 ], [ -84.669, 38.022 ], [ -84.6688, 38.0094 ], [ -84.6794, 38.0097 ], [ -84.7125, 38.0267 ], [ -84.723, 38.0224 ], [ -84.7306, 38.0504 ], [ -84.7201, 38.0517 ] ] ] } },
{ "type": "Feature", "properties": { "GEOIDFQ": "1400000US21013960300", "NAME": "9603", "NAMELSAD": "Census Tract 9603" }, "geometry": { "type": "Polygon", "coordinates": [ [ [ -83.6899, 36.7174 ], [ -83.6936, 36.7477 ], [ -83.6737, 36.7387 ], [ -83.6563, 36.7413 ], [ -83.6117, 36.7525 ], [ -83.6017, 36.7501 ], [ -83.5961, 36.7625 ], [ -83.5907, 36.7539 ], [ -83.585, 36.7611 ], [ -83.5772, 36.7463 ], [ -83.5671, 36.746 ], [ -83.5567, 36.7172 ], [ -83.5664, 36.7074 ], [ -83.5501, 36.7055 ], [ -83.5546, 36.6816 ], [ -83.5891, 36.6654 ], [ -83.6152, 36.6817 ], [ -83.6664, 36.6793 ], [ -83.6667, 36.7033 ], [ -83.6789, 36.7052 ], [ -83.6859, 36.6956 ], [ -83.6968, 36.7067 ], [ -83.6899, 36.7174 ] ] ] } },
{ "type": "Feature", "properties": { "GEOIDFQ": "1400000US21013960200", "NAME": "9602", "NAMELSAD": "Census Tract 9602" }, "geometry": { "type": "Polygon", "coordinates": [ [ [ -83.8686, 36.7132 ], [ -83.8548, 36.7054 ], [ -83.8332, 36.7197 ], [ -83.829, 36.7433 ], [ -83.8092, 36.748 ], [ -83.8111, 36.7574 ], [ -83.7997, 36.7657 ], [ -83.7982, 36.7852 ], [ -83.7865, 36.8005 ], [ -83.7758, 36.7981 ], [ -83.7523, 36.8053 ], [ -83.7555, 36.8004 ], [ -83.7438, 36.7965 ], [ -83.7377, 36.8091 ], [ -83.7102, 36.8247 ], [ -83.7063, 36.8361 ], [ -83.6826, 36.8337 ], [ -83.685, 36.8259 ], [ -83.6737, 36.8095 ], [ -83.6943, 36.8101 ], [ -83.706, 36.7968 ], [ -83.6664, 36.795 ], [ -83.6702, 36.7727 ], [ -83.642, 36.7715 ], [ -83.5983, 36.7879 ], [ -83.58, 36.7862 ], [ -83.6308, 36.7648 ], [ -83.6237, 36.752 ], [ -83.6104, 36.7536 ], [ -83.6081, 36.7503 ], [ -83.6737, 36.7387 ], [ -83.6891, 36.7473 ], [ -83.6983, 36.7449 ], [ -83.7024, 36.7546 ], [ -83.7328, 36.7497 ], [ -83.8786, 36.6803 ], [ -83.8686, 36.7132 ] ] ] } },
{ "type": "Feature", "properties": { "GEOIDFQ": "1400000US21013960800", "NAME": "9608", "NAMELSAD": "Census Tract 9608" }, "geometry": { "type": "Polygon", "coordinates": [ [ [ -83.8466, 36.6473 ], [ -83.8298, 36.6581 ], [ -83.8171, 36.6556 ], [ -83.7945, 36.6369 ], [ -83.7859, 36.6435 ], [ -83.7765, 36.641 ], [ -83.7646, 36.6455 ], [ -83.7591, 36.6625 ], [ -83.742, 36.68 ], [ -83.7299, 36.6754 ], [ -83.6844, 36.6865 ], [ -83.6867, 36.6696 ], [ -83.7007, 36.6595 ], [ -83.7076, 36.6287 ], [ -83.7269, 36.6329 ], [ -83.7465, 36.6066 ], [ -83.7663, 36.6149 ], [ -83.8203, 36.6101 ], [ -83.8394, 36.617 ], [ -83.8514, 36.6349 ], [ -83.8466, 36.6473 ] ] ] } },
{ "type": "Feature", "properties": { "GEOIDFQ": "1400000US21013960700", "NAME": "9607", "NAMELSAD": "Census Tract 9607" }, "geometry": { "type": "Polygon", "coordinates": [ [ [ -83.734, 36.6284 ], [ -83.726, 36.6331 ], [ -83.7096, 36.6276 ], [ -83.7096, 36.6371 ], [ -83.7075, 36.6373 ], [ -83.7104, 36.6075 ], [ -83.7465, 36.6066 ], [ -83.734, 36.6284 ] ] ] } },
{ "type": "Feature", "properties": { "GEOIDFQ": "1400000US21013960600", "NAME": "9606", "NAMELSAD": "Census Tract 9606" }, "geometry": { "type": "Polygon", "coordinates": [ [ [ -83.8439, 36.6217 ], [ -83.815, 36.6087 ], [ -83.7664, 36.6149 ], [ -83.7424, 36.6052 ], [ -83.7104, 36.6075 ], [ -83.698, 36.5952 ], [ -83.6829, 36.6088 ], [ -83.6739, 36.6038 ], [ -83.6908, 36.5826 ], [ -83.8405, 36.5851 ], [ -83.8348, 36.596 ], [ -83.851, 36.6198 ], [ -83.8439, 36.6217 ] ] ] } },
{ "type": "Feature", "properties": { "GEOIDFQ": "1400000US21013960100", "NAME": "9601", "NAMELSAD": "Census Tract 9601" }, "geometry": { "type": "Polygon", "coordinates": [ [ [ -83.6943, 36.8101 ], [ -83.6737, 36.8095 ], [ -83.685, 36.8259 ], [ -83.6826, 36.8337 ], [ -83.6918, 36.8389 ], [ -83.6826, 36.8549 ], [ -83.6664, 36.857 ], [ -83.6633, 36.8642 ], [ -83.6458, 36.8644 ], [ -83.6348, 36.8867 ], [ -83.6197, 36.8844 ], [ -83.6126, 36.8976 ], [ -83.5832, 36.9036 ], [ -83.5745, 36.9128 ], [ -83.5758, 36.9225 ], [ -83.5662, 36.9317 ], [ -83.5698, 36.9395 ], [ -83.584, 36.9414 ], [ -83.5895, 36.9558 ], [ -83.5091, 36.9385 ], [ -83.5112, 36.9255 ], [ -83.4923, 36.9188 ], [ -83.4891, 36.912 ], [ -83.5048, 36.9039 ], [ -83.5004, 36.8955 ], [ -83.4898, 36.8954 ], [ -83.497, 36.8836 ], [ -83.4939, 36.8637 ], [ -83.4817, 36.8491 ], [ -83.4907, 36.8367 ], [ -83.5286, 36.8253 ], [ -83.5518, 36.8009 ], [ -83.58, 36.7862 ], [ -83.5983, 36.7879 ], [ -83.642, 36.7715 ], [ -83.6702, 36.7727 ], [ -83.6699, 36.7968 ], [ -83.706, 36.7985 ], [ -83.6943, 36.8101 ] ] ] } },
{ "type": "Feature", "properties": { "GEOIDFQ": "1400000US21111011521", "NAME": "115.21", "NAMELSAD": "Census Tract 115.21" }, "geometry": { "type": "Polygon", "coordinates": [ [ [ -85.66, 38.16 ], [ -85.6409, 38.1614 ], [ -85.6454, 38.1481 ], [ -85.6373, 38.1475 ], [ -85.6379, 38.1429 ], [ -85.6601, 38.1449 ], [ -85.66, 38.16 ] ] ] } },
{ "type": "Feature", "properties": { "GEOIDFQ": "1400000US21059000500", "NAME": "5", "NAMELSAD": "Census Tract 5" }, "geometry": { "type": "Polygon", "coordinates": [ [ [ -87.1342, 37.7675 ], [ -87.1014, 37.768 ], [ -87.1008, 37.7636 ], [ -87.135, 37.7592 ], [ -87.1342, 37.7675 ] ] ] } },
{ "type": "Feature", "properties": { "GEOIDFQ": "1400000US21185030704", "NAME": "307.04", "NAMELSAD": "Census Tract 307.04" }, "geometry": { "type": "Polygon", "coordinates": [ [ [ -85.5694, 38.3418 ], [ -85.5805, 38.3481 ], [ -85.5777, 38.3567 ], [ -85.5582, 38.3669 ], [ -85.5111, 38.3657 ], [ -85.5014, 38.3698 ], [ -85.4858, 38.3573 ], [ -85.4715, 38.357 ], [ -85.5454, 38.3282 ], [ -85.5613, 38.3371 ], [ -85.5747, 38.334 ], [ -85.5844, 38.3398 ], [ -85.5694, 38.3418 ] ] ] } },
{ "type": "Feature", "properties": { "GEOIDFQ": "1400000US21185030703", "NAME": "307.03", "NAMELSAD": "Census Tract 307.03" }, "geometry": { "type": "Polygon", "coordinates": [ [ [ -85.4846, 38.4399 ], [ -85.4272, 38.3761 ], [ -85.4715, 38.357 ], [ -85.4858, 38.3573 ], [ -85.5014, 38.3698 ], [ -85.5159, 38.3661 ], [ -85.5151, 38.3796 ], [ -85.524, 38.3826 ], [ -85.5224, 38.3947 ], [ -85.5336, 38.4072 ], [ -85.5258, 38.4155 ], [ -85.5371, 38.4246 ], [ -85.4846, 38.4399 ] ] ] } },
{ "type": "Feature", "properties": { "GEOIDFQ": "1400000US21059000700", "NAME": "7", "NAMELSAD": "Census Tract 7" }, "geometry": { "type": "Polygon", "coordinates": [ [ [ -87.135, 37.7589 ], [ -87.1125, 37.7639 ], [ -87.1154, 37.745 ], [ -87.125, 37.7439 ], [ -87.1268, 37.7523 ], [ -87.1352, 37.7534 ], [ -87.135, 37.7589 ] ] ] } },
{ "type": "Feature", "properties": { "GEOIDFQ": "1400000US21059000800", "NAME": "8", "NAMELSAD": "Census Tract 8" }, "geometry": { "type": "Polygon", "coordinates": [ [ [ -87.1124, 37.7629 ], [ -87.1032, 37.7634 ], [ -87.1038, 37.7392 ], [ -87.1167, 37.7425 ], [ -87.1124, 37.7629 ] ] ] } },
{ "type": "Feature", "properties": { "GEOIDFQ": "1400000US21059000900", "NAME": "9", "NAMELSAD": "Census Tract 9" }, "geometry": { "type": "Polygon", "coordinates": [ [ [ -87.1024, 37.7546 ], [ -87.085, 37.7545 ], [ -87.0713, 37.7462 ], [ -87.0757, 37.7385 ], [ -87.1074, 37.7257 ], [ -87.1024, 37.7546 ] ] ] } },
{ "type": "Feature", "properties": { "GEOIDFQ": "1400000US21059001100", "NAME": "11", "NAMELSAD": "Census Tract 11" }, "geometry": { "type": "Polygon", "coordinates": [ [ [ -87.1193, 37.747 ], [ -87.1154, 37.745 ], [ -87.1226, 37.7285 ], [ -87.1364, 37.7338 ], [ -87.1193, 37.747 ] ] ] } },
{ "type": "Feature", "properties": { "GEOIDFQ": "1400000US21047201304", "NAME": "2013.04", "NAMELSAD": "Census Tract 2013.04" }, "geometry": { "type": "Polygon", "coordinates": [ [ [ -87.4044, 36.682 ], [ -87.4143, 36.6411 ], [ -87.4363, 36.6408 ], [ -87.4549, 36.7026 ], [ -87.4044, 36.682 ] ] ] } },
{ "type": "Feature", "properties": { "GEOIDFQ": "1400000US21047200902", "NAME": "2009.02", "NAMELSAD": "Census Tract 2009.02" }, "geometry": { "type": "Polygon", "coordinates": [ [ [ -87.6601, 36.9635 ], [ -87.6399, 36.9555 ], [ -87.6332, 36.9616 ], [ -87.6265, 36.9546 ], [ -87.6199, 36.9609 ], [ -87.6042, 36.9618 ], [ -87.6032, 36.9746 ], [ -87.5906, 36.9708 ], [ -87.577, 36.9773 ], [ -87.5556, 36.9699 ], [ -87.5478, 36.9585 ], [ -87.5425, 36.9683 ], [ -87.5154, 36.9698 ], [ -87.5116, 36.9776 ], [ -87.4803, 36.9808 ], [ -87.4764, 36.9535 ], [ -87.4904, 36.9313 ], [ -87.4807, 36.898 ], [ -87.5143, 36.8927 ], [ -87.5465, 36.8742 ], [ -87.6154, 36.8827 ], [ -87.6369, 36.8776 ], [ -87.6715, 36.8815 ], [ -87.6601, 36.9635 ] ] ] } },
{ "type": "Feature", "properties": { "GEOIDFQ": "1400000US21047201303", "NAME": "2013.03", "NAMELSAD": "Census Tract 2013.03" }, "geometry": { "type": "Polygon", "coordinates": [ [ [ -87.4044, 36.682 ], [ -87.369, 36.6569 ], [ -87.3798, 36.6614 ], [ -87.3765, 36.6501 ], [ -87.3559, 36.6415 ], [ -87.4143, 36.6411 ], [ -87.4044, 36.682 ] ] ] } },
{ "type": "Feature", "properties": { "GEOIDFQ": "1400000US21047200901", "NAME": "2009.01", "NAMELSAD": "Census Tract 2009.01" }, "geometry": { "type": "Polygon", "coordinates": [ [ [ -87.6716, 36.8812 ], [ -87.6365, 36.8776 ], [ -87.6165, 36.8828 ], [ -87.5332, 36.8717 ], [ -87.5408, 36.8677 ], [ -87.537, 36.8456 ], [ -87.5257, 36.8296 ], [ -87.5159, 36.8276 ], [ -87.5235, 36.8237 ], [ -87.51, 36.8237 ], [ -87.519, 36.8157 ], [ -87.5163, 36.8096 ], [ -87.5255, 36.8113 ], [ -87.5137, 36.8044 ], [ -87.522, 36.7925 ], [ -87.5291, 36.8009 ], [ -87.5455, 36.7919 ], [ -87.553, 36.7935 ], [ -87.5434, 36.7872 ], [ -87.5469, 36.7839 ], [ -87.5617, 36.7941 ], [ -87.5614, 36.8076 ], [ -87.5894, 36.8046 ], [ -87.614, 36.837 ], [ -87.5985, 36.8492 ], [ -87.6175, 36.8581 ], [ -87.6353, 36.8622 ], [ -87.6289, 36.8537 ], [ -87.6395, 36.8407 ], [ -87.6451, 36.8432 ], [ -87.641, 36.8379 ], [ -87.6545, 36.8428 ], [ -87.6623, 36.8376 ], [ -87.6574, 36.8321 ], [ -87.6692, 36.8329 ], [ -87.6738, 36.8279 ], [ -87.6716, 36.8812 ] ] ] } },
{ "type": "Feature", "properties": { "GEOIDFQ": "1400000US21033920100", "NAME": "9201", "NAMELSAD": "Census Tract 9201" }, "geometry": { "type": "Polygon", "coordinates": [ [ [ -88.0828, 37.1854 ], [ -88.0901, 37.202 ], [ -88.0805, 37.2121 ], [ -88.0891, 37.2224 ], [ -88.0633, 37.2315 ], [ -88.0532, 37.2289 ], [ -88.0525, 37.2377 ], [ -87.801, 37.3794 ], [ -87.8108, 37.3644 ], [ -87.82, 37.366 ], [ -87.8207, 37.3588 ], [ -87.8282, 37.3589 ], [ -87.8272, 37.352 ], [ -87.8149, 37.3528 ], [ -87.8148, 37.3426 ], [ -87.8207, 37.3466 ], [ -87.8238, 37.3404 ], [ -87.8362, 37.3414 ], [ -87.8364, 37.3285 ], [ -87.8399, 37.3315 ], [ -87.8518, 37.3184 ], [ -87.8201, 37.3004 ], [ -87.8207, 37.3177 ], [ -87.7958, 37.3191 ], [ -87.8082, 37.2984 ], [ -87.8063, 37.293 ], [ -87.7932, 37.2908 ], [ -87.7929, 37.2822 ], [ -87.8005, 37.2788 ], [ -87.7936, 37.2702 ], [ -87.8024, 37.2687 ], [ -87.796, 37.2635 ], [ -87.7998, 37.2608 ], [ -87.7859, 37.2563 ], [ -87.7975, 37.2541 ], [ -87.7929, 37.2439 ], [ -87.805, 37.2411 ], [ -87.7865, 37.2296 ], [ -87.7933, 37.2207 ], [ -87.8224, 37.2261 ], [ -87.8458, 37.2215 ], [ -87.8484, 37.2113 ], [ -87.8624, 37.2145 ], [ -87.8733, 37.2036 ], [ -87.8838, 37.2078 ], [ -87.8951, 37.1989 ], [ -87.9066, 37.1991 ], [ -87.9149, 37.1622 ], [ -87.9355, 37.174 ], [ -87.9408, 37.1457 ], [ -87.9575, 37.1507 ], [ -87.9696, 37.1479 ], [ -87.9724, 37.1414 ], [ -88.0118, 37.1262 ], [ -88.0421, 37.1748 ], [ -88.0954, 37.1797 ], [ -88.0828, 37.1854 ] ] ] } },
{ "type": "Feature", "properties": { "GEOIDFQ": "1400000US21033920200", "NAME": "9202", "NAMELSAD": "Census Tract 9202" }, "geometry": { "type": "Polygon", "coordinates": [ [ [ -87.9724, 37.1414 ], [ -87.9696, 37.1479 ], [ -87.9575, 37.1507 ], [ -87.9408, 37.1457 ], [ -87.9355, 37.174 ], [ -87.9149, 37.1622 ], [ -87.9066, 37.1991 ], [ -87.8951, 37.1989 ], [ -87.8838, 37.2078 ], [ -87.8733, 37.2036 ], [ -87.8624, 37.2145 ], [ -87.8484, 37.2113 ], [ -87.8458, 37.2215 ], [ -87.8123, 37.2269 ], [ -87.7939, 37.2206 ], [ -87.7923, 37.2244 ], [ -87.7846, 37.2273 ], [ -87.7863, 37.2201 ], [ -87.7805, 37.2242 ], [ -87.7721, 37.2142 ], [ -87.76, 37.2148 ], [ -87.7735, 37.2112 ], [ -87.7692, 37.2079 ], [ -87.7777, 37.2064 ], [ -87.7706, 37.2026 ], [ -87.7747, 37.1981 ], [ -87.7636, 37.195 ], [ -87.7573, 37.2082 ], [ -87.748, 37.2092 ], [ -87.7416, 37.206 ], [ -87.749, 37.2015 ], [ -87.7467, 37.1882 ], [ -87.7366, 37.1881 ], [ -87.734, 37.1936 ], [ -87.7258, 37.1854 ], [ -87.7417, 37.1708 ], [ -87.8083, 37.1418 ], [ -87.871, 37.1327 ], [ -87.9041, 37.0789 ], [ -87.9483, 37.0677 ], [ -87.9751, 37.0674 ], [ -88.0114, 37.1265 ], [ -87.9724, 37.1414 ] ] ] } },
{ "type": "Feature", "properties": { "GEOIDFQ": "1400000US21111011202", "NAME": "112.02", "NAMELSAD": "Census Tract 112.02" }, "geometry": { "type": "Polygon", "coordinates": [ [ [ -85.6713, 38.2113 ], [ -85.6645, 38.2029 ], [ -85.677, 38.1965 ], [ -85.6809, 38.2053 ], [ -85.6713, 38.2113 ] ] ] } },
{ "type": "Feature", "properties": { "GEOIDFQ": "1400000US21111011201", "NAME": "112.01", "NAMELSAD": "Census Tract 112.01" }, "geometry": { "type": "Polygon", "coordinates": [ [ [ -85.6756, 38.2029 ], [ -85.677, 38.1965 ], [ -85.6792, 38.1954 ], [ -85.6891, 38.2021 ], [ -85.6756, 38.2029 ] ] ] } },
{ "type": "Feature", "properties": { "GEOIDFQ": "1400000US21111011117", "NAME": "111.17", "NAMELSAD": "Census Tract 111.17" }, "geometry": { "type": "Polygon", "coordinates": [ [ [ -85.5868, 38.2116 ], [ -85.5707, 38.1987 ], [ -85.5794, 38.1947 ], [ -85.5928, 38.1995 ], [ -85.5868, 38.2116 ] ] ] } },
{ "type": "Feature", "properties": { "GEOIDFQ": "1400000US21111011115", "NAME": "111.15", "NAMELSAD": "Census Tract 111.15" }, "geometry": { "type": "Polygon", "coordinates": [ [ [ -85.5771, 38.223 ], [ -85.565, 38.2034 ], [ -85.576, 38.2031 ], [ -85.5909, 38.2157 ], [ -85.5771, 38.223 ] ] ] } },
{ "type": "Feature", "properties": { "GEOIDFQ": "1400000US21111011116", "NAME": "111.16", "NAMELSAD": "Census Tract 111.16" }, "geometry": { "type": "Polygon", "coordinates": [ [ [ -85.5055, 38.2226 ], [ -85.5093, 38.1888 ], [ -85.5413, 38.1853 ], [ -85.5616, 38.1906 ], [ -85.576, 38.2031 ], [ -85.565, 38.2034 ], [ -85.5771, 38.2226 ], [ -85.5055, 38.2226 ] ] ] } },
{ "type": "Feature", "properties": { "GEOIDFQ": "1400000US21111011008", "NAME": "110.08", "NAMELSAD": "Census Tract 110.08" }, "geometry": { "type": "Polygon", "coordinates": [ [ [ -85.6261, 38.2196 ], [ -85.6187, 38.2123 ], [ -85.6391, 38.2094 ], [ -85.6261, 38.2196 ] ] ] } },
{ "type": "Feature", "properties": { "GEOIDFQ": "1400000US21111005902", "NAME": "59.02", "NAMELSAD": "Census Tract 59.02" }, "geometry": { "type": "Polygon", "coordinates": [ [ [ -85.7403, 38.2607 ], [ -85.7201, 38.2581 ], [ -85.7352, 38.2444 ], [ -85.7457, 38.2526 ], [ -85.7403, 38.2607 ] ] ] } },
{ "type": "Feature", "properties": { "GEOIDFQ": "1400000US21111011006", "NAME": "110.06", "NAMELSAD": "Census Tract 110.06" }, "geometry": { "type": "Polygon", "coordinates": [ [ [ -85.6645, 38.2029 ], [ -85.6436, 38.1902 ], [ -85.6488, 38.1781 ], [ -85.6594, 38.1788 ], [ -85.6605, 38.1915 ], [ -85.672, 38.1899 ], [ -85.679, 38.1954 ], [ -85.6645, 38.2029 ] ] ] } },
{ "type": "Feature", "properties": { "GEOIDFQ": "1400000US21111011605", "NAME": "116.05", "NAMELSAD": "Census Tract 116.05" }, "geometry": { "type": "Polygon", "coordinates": [ [ [ -85.5039, 38.242 ], [ -85.4102, 38.2311 ], [ -85.4125, 38.2175 ], [ -85.5057, 38.2233 ], [ -85.5039, 38.242 ] ] ] } },
{ "type": "Feature", "properties": { "GEOIDFQ": "1400000US21111010407", "NAME": "104.07", "NAMELSAD": "Census Tract 104.07" }, "geometry": { "type": "Polygon", "coordinates": [ [ [ -85.5297, 38.2292 ], [ -85.5353, 38.2376 ], [ -85.5205, 38.2376 ], [ -85.5221, 38.2436 ], [ -85.5039, 38.242 ], [ -85.5055, 38.2226 ], [ -85.5404, 38.2266 ], [ -85.5297, 38.2292 ] ] ] } },
{ "type": "Feature", "properties": { "GEOIDFQ": "1400000US21111010708", "NAME": "107.08", "NAMELSAD": "Census Tract 107.08" }, "geometry": { "type": "Polygon", "coordinates": [ [ [ -85.5769, 38.2464 ], [ -85.5592, 38.245 ], [ -85.5684, 38.2342 ], [ -85.577, 38.2342 ], [ -85.5769, 38.2464 ] ] ] } },
{ "type": "Feature", "properties": { "GEOIDFQ": "1400000US21111011606", "NAME": "116.06", "NAMELSAD": "Census Tract 116.06" }, "geometry": { "type": "Polygon", "coordinates": [ [ [ -85.5055, 38.2226 ], [ -85.4125, 38.2175 ], [ -85.4172, 38.1888 ], [ -85.4289, 38.1845 ], [ -85.4662, 38.1915 ], [ -85.5093, 38.1894 ], [ -85.5055, 38.2226 ] ] ] } },
{ "type": "Feature", "properties": { "GEOIDFQ": "1400000US21111011009", "NAME": "110.09", "NAMELSAD": "Census Tract 110.09" }, "geometry": { "type": "Polygon", "coordinates": [ [ [ -85.6198, 38.2125 ], [ -85.6183, 38.2028 ], [ -85.6302, 38.2002 ], [ -85.6391, 38.2094 ], [ -85.6198, 38.2125 ] ] ] } },
{ "type": "Feature", "properties": { "GEOIDFQ": "1400000US21111011007", "NAME": "110.07", "NAMELSAD": "Census Tract 110.07" }, "geometry": { "type": "Polygon", "coordinates": [ [ [ -85.6594, 38.1788 ], [ -85.6489, 38.1781 ], [ -85.6436, 38.1902 ], [ -85.6378, 38.1872 ], [ -85.6409, 38.1614 ], [ -85.66, 38.1615 ], [ -85.6594, 38.1788 ] ] ] } },
{ "type": "Feature", "properties": { "GEOIDFQ": "1400000US21111005000", "NAME": "50", "NAMELSAD": "Census Tract 50" }, "geometry": { "type": "Polygon", "coordinates": [ [ [ -85.7653, 38.2449 ], [ -85.7525, 38.2443 ], [ -85.7531, 38.2382 ], [ -85.7679, 38.2404 ], [ -85.7653, 38.2449 ] ] ] } },
{ "type": "Feature", "properties": { "GEOIDFQ": "1400000US21111010408", "NAME": "104.08", "NAMELSAD": "Census Tract 104.08" }, "geometry": { "type": "Polygon", "coordinates": [ [ [ -85.5433, 38.2453 ], [ -85.5326, 38.2488 ], [ -85.5204, 38.2437 ], [ -85.5221, 38.2364 ], [ -85.5353, 38.2376 ], [ -85.5297, 38.2292 ], [ -85.5404, 38.2266 ], [ -85.5433, 38.2453 ] ] ] } },
{ "type": "Feature", "properties": { "GEOIDFQ": "1400000US21111010707", "NAME": "107.07", "NAMELSAD": "Census Tract 107.07" }, "geometry": { "type": "Polygon", "coordinates": [ [ [ -85.577, 38.2339 ], [ -85.5614, 38.2388 ], [ -85.5522, 38.224 ], [ -85.5787, 38.2236 ], [ -85.577, 38.2339 ] ] ] } },
{ "type": "Feature", "properties": { "GEOIDFQ": "1400000US21111011901", "NAME": "119.01", "NAMELSAD": "Census Tract 119.01" }, "geometry": { "type": "Polygon", "coordinates": [ [ [ -85.7067, 38.137 ], [ -85.7015, 38.115 ], [ -85.7377, 38.118 ], [ -85.7406, 38.129 ], [ -85.7067, 38.137 ] ] ] } },
{ "type": "Feature", "properties": { "GEOIDFQ": "1400000US21111010008", "NAME": "100.08", "NAMELSAD": "Census Tract 100.08" }, "geometry": { "type": "Polygon", "coordinates": [ [ [ -85.6109, 38.2925 ], [ -85.5927, 38.3004 ], [ -85.5776, 38.2861 ], [ -85.6057, 38.2755 ], [ -85.6122, 38.2783 ], [ -85.6109, 38.2925 ] ] ] } },
{ "type": "Feature", "properties": { "GEOIDFQ": "1400000US21111012703", "NAME": "127.03", "NAMELSAD": "Census Tract 127.03" }, "geometry": { "type": "Polygon", "coordinates": [ [ [ -85.9066, 38.1665 ], [ -85.8948, 38.187 ], [ -85.8619, 38.1781 ], [ -85.8702, 38.1621 ], [ -85.8829, 38.1579 ], [ -85.8792, 38.1497 ], [ -85.8893, 38.1286 ], [ -85.8814, 38.1077 ], [ -85.8922, 38.1104 ], [ -85.8938, 38.1164 ], [ -85.9061, 38.1169 ], [ -85.9066, 38.1665 ] ] ] } },
{ "type": "Feature", "properties": { "GEOIDFQ": "1400000US21111000600", "NAME": "6", "NAMELSAD": "Census Tract 6" }, "geometry": { "type": "Polygon", "coordinates": [ [ [ -85.8069, 38.2609 ], [ -85.7965, 38.2598 ], [ -85.7983, 38.2496 ], [ -85.8099, 38.2525 ], [ -85.8069, 38.2609 ] ] ] } },
{ "type": "Feature", "properties": { "GEOIDFQ": "1400000US21111012203", "NAME": "122.03", "NAMELSAD": "Census Tract 122.03" }, "geometry": { "type": "Polygon", "coordinates": [ [ [ -85.8297, 38.1574 ], [ -85.8194, 38.1518 ], [ -85.8214, 38.1391 ], [ -85.8027, 38.1202 ], [ -85.8288, 38.1033 ], [ -85.8478, 38.1303 ], [ -85.8297, 38.1574 ] ] ] } },
{ "type": "Feature", "properties": { "GEOIDFQ": "1400000US21111010005", "NAME": "100.05", "NAMELSAD": "Census Tract 100.05" }, "geometry": { "type": "Polygon", "coordinates": [ [ [ -85.6019, 38.2708 ], [ -85.5763, 38.2796 ], [ -85.5656, 38.2781 ], [ -85.5629, 38.2709 ], [ -85.5993, 38.2641 ], [ -85.6087, 38.2743 ], [ -85.6019, 38.2708 ] ] ] } },
{ "type": "Feature", "properties": { "GEOIDFQ": "1400000US21111011005", "NAME": "110.05", "NAMELSAD": "Census Tract 110.05" }, "geometry": { "type": "Polygon", "coordinates": [ [ [ -85.6253, 38.1968 ], [ -85.6269, 38.1812 ], [ -85.6437, 38.1904 ], [ -85.6492, 38.1932 ], [ -85.6253, 38.1968 ] ] ] } },
{ "type": "Feature", "properties": { "GEOIDFQ": "1400000US21111012001", "NAME": "120.01", "NAMELSAD": "Census Tract 120.01" }, "geometry": { "type": "Polygon", "coordinates": [ [ [ -85.7594, 38.1055 ], [ -85.7377, 38.118 ], [ -85.7015, 38.115 ], [ -85.7009, 38.0863 ], [ -85.7544, 38.0779 ], [ -85.7644, 38.095 ], [ -85.7594, 38.1055 ] ] ] } },
{ "type": "Feature", "properties": { "GEOIDFQ": "1400000US21111012104", "NAME": "121.04", "NAMELSAD": "Census Tract 121.04" }, "geometry": { "type": "Polygon", "coordinates": [ [ [ -85.9234, 38.0252 ], [ -85.9064, 38.0863 ], [ -85.8845, 38.0754 ], [ -85.893, 38.0533 ], [ -85.8855, 38.0493 ], [ -85.9065, 38.0201 ], [ -85.9128, 38.0207 ], [ -85.9155, 38.0095 ], [ -85.9344, 37.9972 ], [ -85.9465, 38.0052 ], [ -85.9234, 38.0252 ] ] ] } },
{ "type": "Feature", "properties": { "GEOIDFQ": "1400000US21111012204", "NAME": "122.04", "NAMELSAD": "Census Tract 122.04" }, "geometry": { "type": "Polygon", "coordinates": [ [ [ -85.813, 38.155 ], [ -85.7911, 38.1529 ], [ -85.7926, 38.1304 ], [ -85.8027, 38.1202 ], [ -85.8241, 38.1495 ], [ -85.813, 38.155 ] ] ] } },
{ "type": "Feature", "properties": { "GEOIDFQ": "1400000US21029020702", "NAME": "207.02", "NAMELSAD": "Census Tract 207.02" }, "geometry": { "type": "Polygon", "coordinates": [ [ [ -85.7478, 38.001 ], [ -85.7091, 37.99 ], [ -85.6822, 38.0037 ], [ -85.6779, 37.9984 ], [ -85.7117, 37.9821 ], [ -85.7339, 37.9857 ], [ -85.7397, 37.9958 ], [ -85.7455, 37.9798 ], [ -85.7527, 37.9959 ], [ -85.7478, 38.001 ] ] ] } },
{ "type": "Feature", "properties": { "GEOIDFQ": "1400000US21153970100", "NAME": "9701", "NAMELSAD": "Census Tract 9701" }, "geometry": { "type": "Polygon", "coordinates": [ [ [ -83.2332, 37.7922 ], [ -83.2248, 37.7901 ], [ -83.2078, 37.8191 ], [ -83.1817, 37.8195 ], [ -83.1739, 37.8317 ], [ -83.1548, 37.8138 ], [ -83.162, 37.8066 ], [ -83.1495, 37.7991 ], [ -83.1405, 37.781 ], [ -83.1256, 37.7778 ], [ -83.1217, 37.7576 ], [ -83.131, 37.7538 ], [ -83.1326, 37.7447 ], [ -83.1246, 37.7357 ], [ -83.1072, 37.7315 ], [ -83.1083, 37.7234 ], [ -83.1233, 37.7055 ], [ -83.1336, 37.6611 ], [ -83.1552, 37.6542 ], [ -83.1675, 37.6377 ], [ -83.1629, 37.6348 ], [ -83.1738, 37.6383 ], [ -83.1751, 37.6435 ], [ -83.1868, 37.6397 ], [ -83.1936, 37.6478 ], [ -83.2007, 37.6442 ], [ -83.222, 37.6502 ], [ -83.2369, 37.6678 ], [ -83.2464, 37.6667 ], [ -83.2573, 37.6771 ], [ -83.2573, 37.6863 ], [ -83.2428, 37.6981 ], [ -83.2618, 37.7084 ], [ -83.262, 37.7236 ], [ -83.2528, 37.725 ], [ -83.2516, 37.7347 ], [ -83.2425, 37.7405 ], [ -83.2706, 37.7692 ], [ -83.2332, 37.7922 ] ] ] } },
{ "type": "Feature", "properties": { "GEOIDFQ": "1400000US21153970400", "NAME": "9704", "NAMELSAD": "Census Tract 9704" }, "geometry": { "type": "Polygon", "coordinates": [ [ [ -83.0529, 37.6261 ], [ -83.0563, 37.6332 ], [ -83.035, 37.6622 ], [ -83.0484, 37.6794 ], [ -83.0325, 37.6813 ], [ -82.9968, 37.6729 ], [ -82.9824, 37.686 ], [ -82.9754, 37.7111 ], [ -82.9482, 37.7203 ], [ -82.9408, 37.7163 ], [ -82.9459, 37.6779 ], [ -82.9278, 37.6565 ], [ -82.9117, 37.6532 ], [ -82.9126, 37.6438 ], [ -82.903, 37.641 ], [ -82.9067, 37.631 ], [ -82.9003, 37.6212 ], [ -82.9063, 37.6062 ], [ -82.8965, 37.5883 ], [ -82.9021, 37.5769 ], [ -82.8889, 37.5648 ], [ -82.8899, 37.5438 ], [ -82.8786, 37.5392 ], [ -82.8926, 37.5323 ], [ -82.8916, 37.5191 ], [ -82.9106, 37.4995 ], [ -82.9092, 37.4916 ], [ -82.9255, 37.4865 ], [ -82.9335, 37.494 ], [ -82.9411, 37.4896 ], [ -82.9442, 37.5014 ], [ -82.9542, 37.5051 ], [ -82.9525, 37.5141 ], [ -83.0004, 37.5282 ], [ -83.0011, 37.5461 ], [ -83.0181, 37.5493 ], [ -83.0121, 37.5837 ], [ -83.021, 37.5829 ], [ -83.0274, 37.5897 ], [ -83.0389, 37.5843 ], [ -83.0432, 37.5912 ], [ -83.0574, 37.5932 ], [ -83.0623, 37.6094 ], [ -83.0529, 37.6261 ] ] ] } },
{ "type": "Feature", "properties": { "GEOIDFQ": "1400000US21153970300", "NAME": "9703", "NAMELSAD": "Census Tract 9703" }, "geometry": { "type": "Polygon", "coordinates": [ [ [ -83.1545, 37.6549 ], [ -83.1336, 37.6611 ], [ -83.1233, 37.7055 ], [ -83.0989, 37.7365 ], [ -83.0797, 37.7302 ], [ -83.053, 37.7418 ], [ -82.9901, 37.7286 ], [ -82.9735, 37.7122 ], [ -82.9824, 37.686 ], [ -82.9968, 37.6729 ], [ -83.0325, 37.6813 ], [ -83.0484, 37.6794 ], [ -83.035, 37.662 ], [ -83.0563, 37.6331 ], [ -83.0568, 37.6124 ], [ -83.0664, 37.6074 ], [ -83.0891, 37.6324 ], [ -83.0943, 37.6211 ], [ -83.1005, 37.624 ], [ -83.1144, 37.6115 ], [ -83.1343, 37.6065 ], [ -83.1502, 37.6308 ], [ -83.1574, 37.6292 ], [ -83.1675, 37.6377 ], [ -83.1545, 37.6549 ] ] ] } },
{ "type": "Feature", "properties": { "GEOIDFQ": "1400000US21059000600", "NAME": "6", "NAMELSAD": "Census Tract 6" }, "geometry": { "type": "Polygon", "coordinates": [ [ [ -87.1341, 37.7657 ], [ -87.1376, 37.7391 ], [ -87.1531, 37.7457 ], [ -87.1628, 37.7637 ], [ -87.1341, 37.7657 ] ] ] } },
{ "type": "Feature", "properties": { "GEOIDFQ": "1400000US21059001200", "NAME": "12", "NAMELSAD": "Census Tract 12" }, "geometry": { "type": "Polygon", "coordinates": [ [ [ -87.1343, 37.7433 ], [ -87.1359, 37.7514 ], [ -87.1268, 37.7523 ], [ -87.1287, 37.7358 ], [ -87.1428, 37.7384 ], [ -87.1343, 37.7433 ] ] ] } },
{ "type": "Feature", "properties": { "GEOIDFQ": "1400000US21111005200", "NAME": "52", "NAMELSAD": "Census Tract 52" }, "geometry": { "type": "Polygon", "coordinates": [ [ [ -85.7557, 38.2324 ], [ -85.7569, 38.2255 ], [ -85.7652, 38.2251 ], [ -85.7678, 38.2335 ], [ -85.7557, 38.2324 ] ] ] } },
{ "type": "Feature", "properties": { "GEOIDFQ": "1400000US21111005300", "NAME": "53", "NAMELSAD": "Census Tract 53" }, "geometry": { "type": "Polygon", "coordinates": [ [ [ -85.7515, 38.2257 ], [ -85.7523, 38.2084 ], [ -85.7638, 38.215 ], [ -85.7642, 38.2223 ], [ -85.7515, 38.2257 ] ] ] } },
{ "type": "Feature", "properties": { "GEOIDFQ": "1400000US21111005600", "NAME": "56", "NAMELSAD": "Census Tract 56" }, "geometry": { "type": "Polygon", "coordinates": [ [ [ -85.7571, 38.1903 ], [ -85.7523, 38.1717 ], [ -85.7647, 38.1695 ], [ -85.7649, 38.1895 ], [ -85.7571, 38.1903 ] ] ] } },
{ "type": "Feature", "properties": { "GEOIDFQ": "1400000US21093000100", "NAME": "1", "NAMELSAD": "Census Tract 1" }, "geometry": { "type": "Polygon", "coordinates": [ [ [ -85.9471, 38.0051 ], [ -85.9324, 37.9942 ], [ -85.9568, 37.9701 ], [ -85.979, 37.9674 ], [ -85.9863, 37.9687 ], [ -85.9639, 37.9772 ], [ -85.9614, 37.9891 ], [ -85.9965, 37.9874 ], [ -85.9988, 37.9998 ], [ -85.9471, 38.0051 ] ] ] } },
{ "type": "Feature", "properties": { "GEOIDFQ": "1400000US21029020103", "NAME": "201.03", "NAMELSAD": "Census Tract 201.03" }, "geometry": { "type": "Polygon", "coordinates": [ [ [ -85.4799, 38.1001 ], [ -85.4288, 38.1184 ], [ -85.4377, 38.1021 ], [ -85.4692, 38.0962 ], [ -85.4866, 38.0624 ], [ -85.5277, 38.0583 ], [ -85.5367, 38.0521 ], [ -85.5509, 38.0761 ], [ -85.4799, 38.1001 ] ] ] } },
{ "type": "Feature", "properties": { "GEOIDFQ": "1400000US21029020202", "NAME": "202.02", "NAMELSAD": "Census Tract 202.02" }, "geometry": { "type": "Polygon", "coordinates": [ [ [ -85.5581, 38.0282 ], [ -85.5652, 38.0376 ], [ -85.5282, 38.0582 ], [ -85.4866, 38.0624 ], [ -85.5125, 38.0109 ], [ -85.5233, 38.0044 ], [ -85.5439, 38.0104 ], [ -85.548, 37.9984 ], [ -85.5582, 37.9946 ], [ -85.5542, 38.0027 ], [ -85.5683, 38.0098 ], [ -85.5581, 38.0282 ] ] ] } },
{ "type": "Feature", "properties": { "GEOIDFQ": "1400000US21029020102", "NAME": "201.02", "NAMELSAD": "Census Tract 201.02" }, "geometry": { "type": "Polygon", "coordinates": [ [ [ -85.5917, 38.0732 ], [ -85.5962, 38.0773 ], [ -85.5509, 38.0761 ], [ -85.5367, 38.0521 ], [ -85.5417, 38.0481 ], [ -85.5666, 38.0607 ], [ -85.5765, 38.0493 ], [ -85.5865, 38.0611 ], [ -85.6033, 38.064 ], [ -85.5917, 38.0732 ] ] ] } },
{ "type": "Feature", "properties": { "GEOIDFQ": "1400000US21029021102", "NAME": "211.02", "NAMELSAD": "Census Tract 211.02" }, "geometry": { "type": "Polygon", "coordinates": [ [ [ -85.6558, 37.9565 ], [ -85.6611, 37.9665 ], [ -85.6525, 37.9811 ], [ -85.6593, 37.991 ], [ -85.6534, 37.9974 ], [ -85.6656, 37.9974 ], [ -85.6631, 38.0023 ], [ -85.6346, 38.0007 ], [ -85.6161, 38.008 ], [ -85.5858, 38.0033 ], [ -85.5632, 38.0099 ], [ -85.5542, 38.0027 ], [ -85.5582, 37.9946 ], [ -85.548, 37.9984 ], [ -85.5439, 38.0104 ], [ -85.5233, 38.0044 ], [ -85.5171, 38.0114 ], [ -85.4892, 37.9907 ], [ -85.5343, 37.9654 ], [ -85.5239, 37.9576 ], [ -85.5299, 37.9472 ], [ -85.5429, 37.9404 ], [ -85.5508, 37.9264 ], [ -85.5653, 37.9249 ], [ -85.5854, 37.9064 ], [ -85.6146, 37.9274 ], [ -85.6411, 37.9197 ], [ -85.6659, 37.9242 ], [ -85.6766, 37.9356 ], [ -85.6558, 37.9565 ] ] ] } },
{ "type": "Feature", "properties": { "GEOIDFQ": "1400000US21029020201", "NAME": "202.01", "NAMELSAD": "Census Tract 202.01" }, "geometry": { "type": "Polygon", "coordinates": [ [ [ -85.5755, 38.037 ], [ -85.5652, 38.0376 ], [ -85.5582, 38.0283 ], [ -85.565, 38.0113 ], [ -85.5858, 38.0033 ], [ -85.617, 38.0079 ], [ -85.6346, 38.0007 ], [ -85.6687, 38.0039 ], [ -85.6779, 37.9984 ], [ -85.682, 38.0037 ], [ -85.5755, 38.037 ] ] ] } },
{ "type": "Feature", "properties": { "GEOIDFQ": "1400000US21029980100", "NAME": "9801", "NAMELSAD": "Census Tract 9801" }, "geometry": { "type": "Polygon", "coordinates": [ [ [ -85.9144, 38.0077 ], [ -85.8905, 38.0049 ], [ -85.8805, 37.9963 ], [ -85.8772, 38.0054 ], [ -85.8655, 37.9942 ], [ -85.8544, 38.0044 ], [ -85.8045, 37.9899 ], [ -85.7697, 37.9894 ], [ -85.7675, 37.9745 ], [ -85.7522, 37.9654 ], [ -85.7602, 37.964 ], [ -85.7658, 37.9381 ], [ -85.7476, 37.8421 ], [ -85.757, 37.8344 ], [ -85.7878, 37.8438 ], [ -85.8012, 37.8599 ], [ -85.8168, 37.8579 ], [ -85.8393, 37.8805 ], [ -85.8354, 37.8926 ], [ -85.8192, 37.8865 ], [ -85.8132, 37.8893 ], [ -85.8275, 37.9006 ], [ -85.8302, 37.9188 ], [ -85.8481, 37.9237 ], [ -85.8549, 37.9454 ], [ -85.8785, 37.9489 ], [ -85.8958, 37.9395 ], [ -85.9045, 37.9416 ], [ -85.9006, 37.9707 ], [ -85.9059, 37.9898 ], [ -85.9256, 37.9923 ], [ -85.9144, 38.0077 ] ] ] } },
{ "type": "Feature", "properties": { "GEOIDFQ": "1400000US21155970400", "NAME": "9704", "NAMELSAD": "Census Tract 9704" }, "geometry": { "type": "Polygon", "coordinates": [ [ [ -85.4505, 37.6859 ], [ -85.3987, 37.7303 ], [ -85.3918, 37.7141 ], [ -85.3742, 37.7016 ], [ -85.3693, 37.6877 ], [ -85.3739, 37.6736 ], [ -85.348, 37.6561 ], [ -85.3483, 37.6477 ], [ -85.3597, 37.6453 ], [ -85.3468, 37.6095 ], [ -85.3726, 37.5983 ], [ -85.3731, 37.5902 ], [ -85.3957, 37.5843 ], [ -85.4289, 37.5913 ], [ -85.4307, 37.5977 ], [ -85.442, 37.5887 ], [ -85.4537, 37.5908 ], [ -85.4585, 37.6014 ], [ -85.4665, 37.5877 ], [ -85.4951, 37.5797 ], [ -85.5045, 37.5845 ], [ -85.4505, 37.6859 ] ] ] } },
{ "type": "Feature", "properties": { "GEOIDFQ": "1400000US21013960400", "NAME": "9604", "NAMELSAD": "Census Tract 9604" }, "geometry": { "type": "Polygon", "coordinates": [ [ [ -83.5518, 36.8009 ], [ -83.5286, 36.8253 ], [ -83.4907, 36.8367 ], [ -83.5117, 36.8074 ], [ -83.4858, 36.7833 ], [ -83.5009, 36.7333 ], [ -83.4867, 36.7107 ], [ -83.4595, 36.6974 ], [ -83.461, 36.6649 ], [ -83.5124, 36.6696 ], [ -83.5842, 36.6416 ], [ -83.5748, 36.6484 ], [ -83.5895, 36.6653 ], [ -83.5546, 36.6816 ], [ -83.5501, 36.7055 ], [ -83.5662, 36.7071 ], [ -83.5567, 36.7171 ], [ -83.5612, 36.7339 ], [ -83.585, 36.7611 ], [ -83.5897, 36.7536 ], [ -83.5979, 36.7624 ], [ -83.6001, 36.7514 ], [ -83.6066, 36.7496 ], [ -83.6237, 36.752 ], [ -83.6308, 36.7649 ], [ -83.5518, 36.8009 ] ] ] } },
{ "type": "Feature", "properties": { "GEOIDFQ": "1400000US21155970300", "NAME": "9703", "NAMELSAD": "Census Tract 9703" }, "geometry": { "type": "Polygon", "coordinates": [ [ [ -85.4026, 37.5846 ], [ -85.3731, 37.5902 ], [ -85.3726, 37.5983 ], [ -85.3468, 37.6095 ], [ -85.3597, 37.6453 ], [ -85.3483, 37.6477 ], [ -85.348, 37.6561 ], [ -85.2919, 37.6443 ], [ -85.2957, 37.6364 ], [ -85.283, 37.6109 ], [ -85.3006, 37.6127 ], [ -85.3056, 37.5927 ], [ -85.2773, 37.5725 ], [ -85.3096, 37.5738 ], [ -85.2885, 37.5543 ], [ -85.3056, 37.54 ], [ -85.3321, 37.5401 ], [ -85.3522, 37.5278 ], [ -85.3785, 37.5342 ], [ -85.3746, 37.5441 ], [ -85.3957, 37.5522 ], [ -85.3947, 37.5601 ], [ -85.4206, 37.5594 ], [ -85.4026, 37.5846 ] ] ] } },
{ "type": "Feature", "properties": { "GEOIDFQ": "1400000US21155970200", "NAME": "9702", "NAMELSAD": "Census Tract 9702" }, "geometry": { "type": "Polygon", "coordinates": [ [ [ -85.2773, 37.5725 ], [ -85.3056, 37.5927 ], [ -85.3006, 37.6127 ], [ -85.283, 37.6109 ], [ -85.2957, 37.6364 ], [ -85.2919, 37.6443 ], [ -85.2573, 37.6309 ], [ -85.2069, 37.6311 ], [ -85.2082, 37.6149 ], [ -85.2199, 37.5999 ], [ -85.2209, 37.5776 ], [ -85.2885, 37.5543 ], [ -85.3096, 37.5738 ], [ -85.2773, 37.5725 ] ] ] } },
{ "type": "Feature", "properties": { "GEOIDFQ": "1400000US21131920102", "NAME": "9201.02", "NAMELSAD": "Census Tract 9201.02" }, "geometry": { "type": "Polygon", "coordinates": [ [ [ -83.5051, 37.2042 ], [ -83.5289, 37.2313 ], [ -83.5024, 37.2375 ], [ -83.5001, 37.2449 ], [ -83.4833, 37.2518 ], [ -83.483, 37.2631 ], [ -83.4763, 37.2659 ], [ -83.4863, 37.2749 ], [ -83.4759, 37.289 ], [ -83.461, 37.2938 ], [ -83.4544, 37.2882 ], [ -83.4319, 37.2903 ], [ -83.4291, 37.3033 ], [ -83.3984, 37.3206 ], [ -83.3958, 37.3097 ], [ -83.3745, 37.3054 ], [ -83.3733, 37.2956 ], [ -83.3666, 37.3005 ], [ -83.3528, 37.2975 ], [ -83.3537, 37.2844 ], [ -83.3359, 37.2726 ], [ -83.3444, 37.2602 ], [ -83.3329, 37.2444 ], [ -83.3373, 37.2368 ], [ -83.3233, 37.2249 ], [ -83.324, 37.2133 ], [ -83.3471, 37.1952 ], [ -83.3397, 37.1961 ], [ -83.336, 37.1835 ], [ -83.3224, 37.1937 ], [ -83.3231, 37.1845 ], [ -83.3033, 37.1781 ], [ -83.324, 37.1429 ], [ -83.3393, 37.1336 ], [ -83.3229, 37.1292 ], [ -83.3232, 37.1177 ], [ -83.3138, 37.1189 ], [ -83.3201, 37.0992 ], [ -83.3383, 37.1019 ], [ -83.3497, 37.114 ], [ -83.3609, 37.1057 ], [ -83.3721, 37.1054 ], [ -83.3889, 37.0886 ], [ -83.3982, 37.0937 ], [ -83.3865, 37.1019 ], [ -83.3826, 37.1242 ], [ -83.371, 37.1382 ], [ -83.3825, 37.1437 ], [ -83.3718, 37.1534 ], [ -83.3743, 37.1642 ], [ -83.3664, 37.1717 ], [ -83.3681, 37.1778 ], [ -83.384, 37.1832 ], [ -83.3675, 37.1946 ], [ -83.3823, 37.1999 ], [ -83.372, 37.2096 ], [ -83.3769, 37.2206 ], [ -83.3878, 37.2181 ], [ -83.4002, 37.1989 ], [ -83.4315, 37.1841 ], [ -83.4359, 37.1759 ], [ -83.4601, 37.1678 ], [ -83.4906, 37.163 ], [ -83.5092, 37.1689 ], [ -83.5174, 37.1649 ], [ -83.5241, 37.1703 ], [ -83.5513, 37.1638 ], [ -83.5051, 37.2042 ] ] ] } },
{ "type": "Feature", "properties": { "GEOIDFQ": "1400000US21155970700", "NAME": "9707", "NAMELSAD": "Census Tract 9707" }, "geometry": { "type": "Polygon", "coordinates": [ [ [ -85.2933, 37.5526 ], [ -85.2209, 37.5776 ], [ -85.2199, 37.5999 ], [ -85.2082, 37.6149 ], [ -85.2069, 37.6311 ], [ -85.1234, 37.6311 ], [ -85.119, 37.5994 ], [ -85.1336, 37.5916 ], [ -85.1527, 37.5585 ], [ -85.1694, 37.5512 ], [ -85.1834, 37.5248 ], [ -85.1973, 37.5137 ], [ -85.1869, 37.4983 ], [ -85.2051, 37.4941 ], [ -85.2056, 37.4852 ], [ -85.2163, 37.4929 ], [ -85.2196, 37.4895 ], [ -85.2171, 37.4601 ], [ -85.201, 37.4532 ], [ -85.1987, 37.447 ], [ -85.2258, 37.4433 ], [ -85.2462, 37.4204 ], [ -85.2717, 37.4168 ], [ -85.2775, 37.4338 ], [ -85.2943, 37.4515 ], [ -85.3016, 37.4828 ], [ -85.2924, 37.5025 ], [ -85.306, 37.5376 ], [ -85.2933, 37.5526 ] ] ] } },
{ "type": "Feature", "properties": { "GEOIDFQ": "1400000US21155970500", "NAME": "9705", "NAMELSAD": "Census Tract 9705" }, "geometry": { "type": "Polygon", "coordinates": [ [ [ -85.5045, 37.5845 ], [ -85.4951, 37.5797 ], [ -85.4665, 37.5877 ], [ -85.4585, 37.6014 ], [ -85.4537, 37.5908 ], [ -85.442, 37.5887 ], [ -85.4307, 37.5977 ], [ -85.431, 37.5922 ], [ -85.4077, 37.5866 ], [ -85.4047, 37.582 ], [ -85.4205, 37.5588 ], [ -85.3947, 37.5601 ], [ -85.3957, 37.5522 ], [ -85.3746, 37.5441 ], [ -85.3785, 37.5342 ], [ -85.3521, 37.5278 ], [ -85.3321, 37.5401 ], [ -85.3056, 37.54 ], [ -85.2923, 37.502 ], [ -85.3014, 37.4811 ], [ -85.2848, 37.4357 ], [ -85.312, 37.451 ], [ -85.3201, 37.4502 ], [ -85.3488, 37.4718 ], [ -85.3814, 37.4655 ], [ -85.3977, 37.4685 ], [ -85.4028, 37.4752 ], [ -85.4396, 37.4787 ], [ -85.4513, 37.467 ], [ -85.4566, 37.4701 ], [ -85.4662, 37.4656 ], [ -85.4739, 37.4922 ], [ -85.4914, 37.5143 ], [ -85.4981, 37.5435 ], [ -85.5213, 37.5543 ], [ -85.5045, 37.5845 ] ] ] } },
{ "type": "Feature", "properties": { "GEOIDFQ": "1400000US21155970800", "NAME": "9708", "NAMELSAD": "Census Tract 9708" }, "geometry": { "type": "Polygon", "coordinates": [ [ [ -85.2181, 37.4929 ], [ -85.2066, 37.485 ], [ -85.2011, 37.4876 ], [ -85.2051, 37.4941 ], [ -85.1869, 37.4983 ], [ -85.1973, 37.5137 ], [ -85.1834, 37.5248 ], [ -85.1694, 37.5512 ], [ -85.1527, 37.5585 ], [ -85.1336, 37.5916 ], [ -85.119, 37.5994 ], [ -85.1234, 37.6311 ], [ -85.0302, 37.6313 ], [ -85.0435, 37.5001 ], [ -85.0448, 37.412 ], [ -85.0612, 37.4182 ], [ -85.0738, 37.4137 ], [ -85.0881, 37.4182 ], [ -85.1288, 37.4533 ], [ -85.1427, 37.4472 ], [ -85.1714, 37.4651 ], [ -85.1748, 37.4565 ], [ -85.1868, 37.4503 ], [ -85.1935, 37.4546 ], [ -85.1987, 37.447 ], [ -85.2165, 37.4593 ], [ -85.2222, 37.4721 ], [ -85.2181, 37.4929 ] ] ] } }
]
}
