{
"type": "FeatureCollection",
"name": "state_35_tracts_simplified",
"crs": { "type": "name", "properties": { "name": "urn:ogc:def:crs:OGC:1.3:CRS84" } },
"features": [
{ "type": "Feature", "properties": { "GEOIDFQ": "1400000US35001004603", "NAME": "46.03", "NAMELSAD": "Census Tract 46.03" }, "geometry": { "type": "Polygon", "coordinates": [ [ [ -106.7139, 35.0272 ], [ -106.6728, 35.0272 ], [ -106.6738, 35.0135 ], [ -106.7159, 35.0143 ], [ -106.7139, 35.0272 ] ] ] } },
{ "type": "Feature", "properties": { "GEOIDFQ": "1400000US35001004722", "NAME": "47.22", "NAMELSAD": "Census Tract 47.22" }, "geometry": { "type": "Polygon", "coordinates": [ [ [ -106.6791, 35.16 ], [ -106.6681, 35.1809 ], [ -106.6528, 35.1822 ], [ -106.6748, 35.1477 ], [ -106.6942, 35.1557 ], [ -106.6791, 35.16 ] ] ] } },
{ "type": "Feature", "properties": { "GEOIDFQ": "1400000US35001004723", "NAME": "47.23", "NAMELSAD": "Census Tract 47.23" }, "geometry": { "type": "Polygon", "coordinates": [ [ [ -106.6949, 35.1795 ], [ -106.6681, 35.1809 ], [ -106.6791, 35.16 ], [ -106.6928, 35.1594 ], [ -106.6949, 35.1795 ] ] ] } },
{ "type": "Feature", "properties": { "GEOIDFQ": "1400000US35031945501", "NAME": "9455.01", "NAMELSAD": "Census Tract 9455.01" }, "geometry": { "type": "Polygon", "coordinates": [ [ [ -108.7398, 35.5192 ], [ -108.7309, 35.519 ], [ -108.7286, 35.5051 ], [ -108.7201, 35.5062 ], [ -108.7135, 35.4961 ], [ -108.703, 35.4967 ], [ -108.7083, 35.4873 ], [ -108.6974, 35.4781 ], [ -108.7068, 35.4785 ], [ -108.707, 35.4506 ], [ -108.7244, 35.4506 ], [ -108.7243, 35.4655 ], [ -108.7426, 35.468 ], [ -108.7398, 35.5192 ] ] ] } },
{ "type": "Feature", "properties": { "GEOIDFQ": "1400000US35035000306", "NAME": "3.06", "NAMELSAD": "Census Tract 3.06" }, "geometry": { "type": "Polygon", "coordinates": [ [ [ -105.9346, 32.9152 ], [ -105.9258, 32.9153 ], [ -105.9185, 32.9234 ], [ -105.9069, 32.9135 ], [ -105.9335, 32.8996 ], [ -105.9346, 32.9152 ] ] ] } },
{ "type": "Feature", "properties": { "GEOIDFQ": "1400000US35035000304", "NAME": "3.04", "NAMELSAD": "Census Tract 3.04" }, "geometry": { "type": "Polygon", "coordinates": [ [ [ -105.9506, 32.9574 ], [ -105.926, 32.96 ], [ -105.9325, 32.9495 ], [ -105.9252, 32.9442 ], [ -105.9328, 32.9447 ], [ -105.9346, 32.9387 ], [ -105.9186, 32.9233 ], [ -105.9258, 32.9153 ], [ -105.935, 32.9152 ], [ -105.9352, 32.9228 ], [ -105.9607, 32.9191 ], [ -105.9675, 32.9429 ], [ -105.9506, 32.9574 ] ] ] } },
{ "type": "Feature", "properties": { "GEOIDFQ": "1400000US35031943701", "NAME": "9437.01", "NAMELSAD": "Census Tract 9437.01" }, "geometry": { "type": "Polygon", "coordinates": [ [ [ -108.7535, 35.8558 ], [ -108.6734, 35.8849 ], [ -108.655, 35.8997 ], [ -108.6516, 35.9739 ], [ -108.6591, 36.0028 ], [ -108.374, 36.0024 ], [ -108.3795, 35.9914 ], [ -108.3753, 35.9525 ], [ -108.3926, 35.902 ], [ -108.4112, 35.9307 ], [ -108.4357, 35.9372 ], [ -108.4808, 35.9329 ], [ -108.5187, 35.9204 ], [ -108.5492, 35.9243 ], [ -108.5556, 35.901 ], [ -108.5327, 35.895 ], [ -108.5405, 35.8735 ], [ -108.5674, 35.8476 ], [ -108.571, 35.8321 ], [ -108.6282, 35.8331 ], [ -108.6691, 35.7978 ], [ -108.6942, 35.7848 ], [ -108.6993, 35.7764 ], [ -108.6878, 35.7627 ], [ -108.6971, 35.7602 ], [ -108.7051, 35.7454 ], [ -108.6938, 35.7382 ], [ -108.6846, 35.7193 ], [ -108.6646, 35.7108 ], [ -108.6714, 35.6952 ], [ -108.6606, 35.6737 ], [ -108.668, 35.6704 ], [ -108.665, 35.6598 ], [ -108.7693, 35.6599 ], [ -108.7752, 35.7524 ], [ -108.7535, 35.8558 ] ] ] } },
{ "type": "Feature", "properties": { "GEOIDFQ": "1400000US35031943702", "NAME": "9437.02", "NAMELSAD": "Census Tract 9437.02" }, "geometry": { "type": "Polygon", "coordinates": [ [ [ -108.6971, 35.7602 ], [ -108.6878, 35.7627 ], [ -108.6993, 35.7764 ], [ -108.6942, 35.7848 ], [ -108.6691, 35.7978 ], [ -108.6282, 35.8331 ], [ -108.571, 35.8321 ], [ -108.5674, 35.8476 ], [ -108.5405, 35.8735 ], [ -108.5327, 35.895 ], [ -108.5556, 35.901 ], [ -108.5492, 35.9243 ], [ -108.5187, 35.9204 ], [ -108.4808, 35.9329 ], [ -108.4357, 35.9372 ], [ -108.4112, 35.9307 ], [ -108.3929, 35.9019 ], [ -108.3753, 35.9525 ], [ -108.3776, 36.0014 ], [ -108.2719, 36.0022 ], [ -108.2698, 35.6586 ], [ -108.665, 35.6598 ], [ -108.668, 35.6704 ], [ -108.6606, 35.6737 ], [ -108.6714, 35.6952 ], [ -108.6646, 35.7108 ], [ -108.6846, 35.7193 ], [ -108.6938, 35.7382 ], [ -108.7051, 35.7454 ], [ -108.6971, 35.7602 ] ] ] } },
{ "type": "Feature", "properties": { "GEOIDFQ": "1400000US35031945601", "NAME": "9456.01", "NAMELSAD": "Census Tract 9456.01" }, "geometry": { "type": "Polygon", "coordinates": [ [ [ -108.6789, 35.5375 ], [ -108.6698, 35.5375 ], [ -108.6715, 35.5507 ], [ -108.6533, 35.5512 ], [ -108.6624, 35.5376 ], [ -108.6351, 35.5376 ], [ -108.6352, 35.5229 ], [ -108.6551, 35.5231 ], [ -108.655, 35.5158 ], [ -108.6709, 35.5158 ], [ -108.6708, 35.5232 ], [ -108.688, 35.5282 ], [ -108.6789, 35.5375 ] ] ] } },
{ "type": "Feature", "properties": { "GEOIDFQ": "1400000US35031945602", "NAME": "9456.02", "NAMELSAD": "Census Tract 9456.02" }, "geometry": { "type": "Polygon", "coordinates": [ [ [ -108.6873, 35.5293 ], [ -108.6817, 35.523 ], [ -108.6888, 35.5229 ], [ -108.6942, 35.5097 ], [ -108.6929, 35.518 ], [ -108.6976, 35.5229 ], [ -108.7067, 35.5198 ], [ -108.7091, 35.527 ], [ -108.6873, 35.5293 ] ] ] } },
{ "type": "Feature", "properties": { "GEOIDFQ": "1400000US35031945503", "NAME": "9455.03", "NAMELSAD": "Census Tract 9455.03" }, "geometry": { "type": "Polygon", "coordinates": [ [ [ -108.7187, 35.5301 ], [ -108.7254, 35.5075 ], [ -108.7284, 35.5085 ], [ -108.7338, 35.5299 ], [ -108.7187, 35.5301 ] ] ] } },
{ "type": "Feature", "properties": { "GEOIDFQ": "1400000US35031943802", "NAME": "9438.02", "NAMELSAD": "Census Tract 9438.02" }, "geometry": { "type": "Polygon", "coordinates": [ [ [ -109.0461, 36.0027 ], [ -108.6591, 36.0028 ], [ -108.6516, 35.9739 ], [ -108.655, 35.8997 ], [ -108.6734, 35.8849 ], [ -108.7542, 35.8548 ], [ -108.7747, 35.741 ], [ -108.8364, 35.7397 ], [ -108.8484, 35.7289 ], [ -108.8677, 35.7294 ], [ -108.9198, 35.7117 ], [ -108.9197, 35.7388 ], [ -108.9593, 35.7886 ], [ -108.9584, 35.8288 ], [ -108.9821, 35.8431 ], [ -108.9719, 35.8496 ], [ -108.9818, 35.8631 ], [ -108.9782, 35.8751 ], [ -108.9332, 35.8948 ], [ -108.9216, 35.9132 ], [ -108.9338, 35.9137 ], [ -108.9467, 35.8981 ], [ -108.9885, 35.9045 ], [ -108.9941, 35.9179 ], [ -109.0186, 35.9169 ], [ -109.0195, 35.9211 ], [ -109.046, 35.9093 ], [ -109.0461, 36.0027 ] ] ] } },
{ "type": "Feature", "properties": { "GEOIDFQ": "1400000US35031945502", "NAME": "9455.02", "NAMELSAD": "Census Tract 9455.02" }, "geometry": { "type": "Polygon", "coordinates": [ [ [ -108.7187, 35.5301 ], [ -108.709, 35.5294 ], [ -108.7079, 35.5097 ], [ -108.7267, 35.5045 ], [ -108.7187, 35.5301 ] ] ] } },
{ "type": "Feature", "properties": { "GEOIDFQ": "1400000US35031943903", "NAME": "9439.03", "NAMELSAD": "Census Tract 9439.03" }, "geometry": { "type": "Polygon", "coordinates": [ [ [ -108.7534, 35.404 ], [ -108.7382, 35.4253 ], [ -108.7453, 35.4394 ], [ -108.7426, 35.468 ], [ -108.7243, 35.4655 ], [ -108.7244, 35.4506 ], [ -108.707, 35.4506 ], [ -108.7068, 35.4785 ], [ -108.6974, 35.4781 ], [ -108.7083, 35.4873 ], [ -108.703, 35.4967 ], [ -108.7135, 35.4961 ], [ -108.7202, 35.5086 ], [ -108.7079, 35.5097 ], [ -108.7065, 35.5229 ], [ -108.6929, 35.518 ], [ -108.6942, 35.5097 ], [ -108.6888, 35.5229 ], [ -108.6708, 35.5232 ], [ -108.6709, 35.5158 ], [ -108.655, 35.5158 ], [ -108.6551, 35.5231 ], [ -108.6352, 35.5229 ], [ -108.6352, 35.5315 ], [ -108.6047, 35.5296 ], [ -108.6212, 35.5195 ], [ -108.6212, 35.5049 ], [ -108.6393, 35.4903 ], [ -108.6257, 35.4769 ], [ -108.6229, 35.4289 ], [ -108.6074, 35.4017 ], [ -108.5938, 35.3525 ], [ -108.6442, 35.348 ], [ -108.6497, 35.3556 ], [ -108.6617, 35.3503 ], [ -108.7569, 35.3502 ], [ -108.7534, 35.404 ] ] ] } },
{ "type": "Feature", "properties": { "GEOIDFQ": "1400000US35031943803", "NAME": "9438.03", "NAMELSAD": "Census Tract 9438.03" }, "geometry": { "type": "Polygon", "coordinates": [ [ [ -109.0465, 35.8287 ], [ -109.0324, 35.8407 ], [ -109.0177, 35.8388 ], [ -108.9948, 35.8477 ], [ -108.9586, 35.829 ], [ -108.9593, 35.7886 ], [ -108.9282, 35.7552 ], [ -108.9166, 35.731 ], [ -108.9186, 35.7107 ], [ -108.9018, 35.721 ], [ -108.8484, 35.7289 ], [ -108.8364, 35.7397 ], [ -108.7747, 35.741 ], [ -108.7693, 35.6599 ], [ -109.0462, 35.6607 ], [ -109.0465, 35.8287 ] ] ] } },
{ "type": "Feature", "properties": { "GEOIDFQ": "1400000US35031943907", "NAME": "9439.07", "NAMELSAD": "Census Tract 9439.07" }, "geometry": { "type": "Polygon", "coordinates": [ [ [ -109.0462, 35.6607 ], [ -108.8416, 35.6597 ], [ -108.8375, 35.6441 ], [ -108.8257, 35.6349 ], [ -108.8368, 35.6199 ], [ -108.8463, 35.6189 ], [ -108.8578, 35.607 ], [ -108.8712, 35.6064 ], [ -108.8862, 35.5812 ], [ -108.8865, 35.5733 ], [ -108.8633, 35.5579 ], [ -108.8596, 35.5472 ], [ -108.8659, 35.515 ], [ -108.8893, 35.5024 ], [ -108.8843, 35.4908 ], [ -108.9364, 35.4667 ], [ -108.9893, 35.4203 ], [ -109.0136, 35.3848 ], [ -109.0468, 35.3626 ], [ -109.0462, 35.6607 ] ] ] } },
{ "type": "Feature", "properties": { "GEOIDFQ": "1400000US35031943906", "NAME": "9439.06", "NAMELSAD": "Census Tract 9439.06" }, "geometry": { "type": "Polygon", "coordinates": [ [ [ -108.8712, 35.6064 ], [ -108.8578, 35.607 ], [ -108.8463, 35.6189 ], [ -108.8368, 35.6199 ], [ -108.8257, 35.6349 ], [ -108.8375, 35.6441 ], [ -108.8416, 35.6597 ], [ -108.6456, 35.6584 ], [ -108.6438, 35.6517 ], [ -108.6782, 35.6346 ], [ -108.6859, 35.605 ], [ -108.7055, 35.6001 ], [ -108.7056, 35.6089 ], [ -108.7236, 35.6119 ], [ -108.7242, 35.5944 ], [ -108.7399, 35.5944 ], [ -108.7401, 35.6088 ], [ -108.7579, 35.6087 ], [ -108.754, 35.5966 ], [ -108.7735, 35.594 ], [ -108.7631, 35.5751 ], [ -108.7889, 35.5576 ], [ -108.813, 35.5513 ], [ -108.8443, 35.5517 ], [ -108.8554, 35.5587 ], [ -108.8621, 35.5562 ], [ -108.8865, 35.5738 ], [ -108.8712, 35.6064 ] ] ] } },
{ "type": "Feature", "properties": { "GEOIDFQ": "1400000US35027960200", "NAME": "9602", "NAMELSAD": "Census Tract 9602" }, "geometry": { "type": "Polygon", "coordinates": [ [ [ -106.3737, 33.6605 ], [ -106.0527, 33.6503 ], [ -106.0527, 33.8256 ], [ -105.9247, 33.8256 ], [ -105.926, 34.26 ], [ -105.3132, 34.26 ], [ -105.3131, 34.3472 ], [ -104.8917, 34.347 ], [ -104.8937, 34.0476 ], [ -104.9194, 34.053 ], [ -104.9352, 34.0463 ], [ -104.9877, 34.0564 ], [ -105.0531, 34.0284 ], [ -105.0493, 33.9991 ], [ -105.0593, 33.9913 ], [ -105.0764, 33.994 ], [ -105.1064, 34.0156 ], [ -105.165, 34.0064 ], [ -105.1934, 33.951 ], [ -105.2126, 33.9518 ], [ -105.2321, 33.9613 ], [ -105.291, 33.9625 ], [ -105.3193, 33.9736 ], [ -105.4073, 33.9545 ], [ -105.4355, 33.9352 ], [ -105.431, 33.9193 ], [ -105.4485, 33.894 ], [ -105.4768, 33.8746 ], [ -105.4988, 33.8706 ], [ -105.5156, 33.8473 ], [ -105.5144, 33.8384 ], [ -105.5261, 33.8342 ], [ -105.5265, 33.825 ], [ -105.6542, 33.7908 ], [ -105.6601, 33.775 ], [ -105.6137, 33.7541 ], [ -105.6074, 33.7465 ], [ -105.6131, 33.7368 ], [ -105.6101, 33.7175 ], [ -105.5976, 33.711 ], [ -105.6247, 33.7107 ], [ -105.6479, 33.7008 ], [ -105.6761, 33.681 ], [ -105.68, 33.664 ], [ -105.6979, 33.6552 ], [ -105.7366, 33.6164 ], [ -105.7417, 33.6068 ], [ -105.7142, 33.5788 ], [ -105.7044, 33.549 ], [ -105.7091, 33.5267 ], [ -105.7394, 33.5182 ], [ -105.7622, 33.4973 ], [ -105.7878, 33.5018 ], [ -105.7777, 33.4933 ], [ -105.7846, 33.4913 ], [ -105.7855, 33.4679 ], [ -105.8093, 33.4603 ], [ -105.8228, 33.4621 ], [ -105.8377, 33.451 ], [ -105.847, 33.4317 ], [ -105.8293, 33.429 ], [ -105.8194, 33.3995 ], [ -105.7901, 33.3978 ], [ -105.7845, 33.3904 ], [ -106.3719, 33.3906 ], [ -106.3737, 33.6605 ] ] ] } },
{ "type": "Feature", "properties": { "GEOIDFQ": "1400000US35027960300", "NAME": "9603", "NAMELSAD": "Census Tract 9603" }, "geometry": { "type": "Polygon", "coordinates": [ [ [ -105.8377, 33.451 ], [ -105.8228, 33.4621 ], [ -105.8093, 33.4603 ], [ -105.7855, 33.4679 ], [ -105.7846, 33.4913 ], [ -105.782, 33.4909 ], [ -105.7777, 33.4933 ], [ -105.7878, 33.5018 ], [ -105.7619, 33.4974 ], [ -105.7394, 33.5182 ], [ -105.7076, 33.5287 ], [ -105.7044, 33.549 ], [ -105.7137, 33.5778 ], [ -105.7417, 33.6068 ], [ -105.7364, 33.6166 ], [ -105.6979, 33.6552 ], [ -105.68, 33.664 ], [ -105.6761, 33.681 ], [ -105.6479, 33.7008 ], [ -105.6247, 33.7107 ], [ -105.5976, 33.711 ], [ -105.6101, 33.7175 ], [ -105.6131, 33.7367 ], [ -105.6077, 33.7471 ], [ -105.6321, 33.7651 ], [ -105.6601, 33.775 ], [ -105.6569, 33.7884 ], [ -105.5265, 33.825 ], [ -105.5261, 33.8342 ], [ -105.5144, 33.8384 ], [ -105.5156, 33.8473 ], [ -105.4988, 33.8706 ], [ -105.4768, 33.8746 ], [ -105.4482, 33.8943 ], [ -105.4311, 33.9189 ], [ -105.4356, 33.935 ], [ -105.4245, 33.9472 ], [ -105.3198, 33.9736 ], [ -105.291, 33.9625 ], [ -105.2321, 33.9613 ], [ -105.2126, 33.9518 ], [ -105.1934, 33.951 ], [ -105.165, 34.0064 ], [ -105.1064, 34.0156 ], [ -105.0764, 33.994 ], [ -105.0593, 33.9913 ], [ -105.0493, 33.9991 ], [ -105.0531, 34.0284 ], [ -104.9877, 34.0564 ], [ -104.9352, 34.0463 ], [ -104.9194, 34.053 ], [ -104.8937, 34.0476 ], [ -104.8923, 33.4807 ], [ -104.9049, 33.4915 ], [ -104.9246, 33.4947 ], [ -104.968, 33.5162 ], [ -104.9885, 33.5051 ], [ -104.9937, 33.5108 ], [ -105.0021, 33.5054 ], [ -105.057, 33.5033 ], [ -105.0645, 33.4957 ], [ -105.051, 33.4815 ], [ -105.0807, 33.4728 ], [ -105.1019, 33.4819 ], [ -105.111, 33.4753 ], [ -105.1222, 33.4802 ], [ -105.1468, 33.4699 ], [ -105.1585, 33.4834 ], [ -105.1764, 33.4836 ], [ -105.2033, 33.4969 ], [ -105.2066, 33.4876 ], [ -105.2211, 33.4963 ], [ -105.2501, 33.4844 ], [ -105.2676, 33.4905 ], [ -105.2675, 33.476 ], [ -105.3498, 33.4755 ], [ -105.3498, 33.4899 ], [ -105.3696, 33.4899 ], [ -105.3696, 33.4971 ], [ -105.3863, 33.4971 ], [ -105.3863, 33.515 ], [ -105.3925, 33.515 ], [ -105.4099, 33.4993 ], [ -105.4322, 33.4921 ], [ -105.4405, 33.4755 ], [ -105.4617, 33.4754 ], [ -105.4896, 33.4653 ], [ -105.5187, 33.4468 ], [ -105.544, 33.4402 ], [ -105.5462, 33.4309 ], [ -105.5952, 33.4385 ], [ -105.6133, 33.4356 ], [ -105.5962, 33.4628 ], [ -105.6492, 33.4438 ], [ -105.7419, 33.458 ], [ -105.7519, 33.4553 ], [ -105.7679, 33.4339 ], [ -105.7944, 33.4164 ], [ -105.81, 33.4144 ], [ -105.8186, 33.399 ], [ -105.8293, 33.429 ], [ -105.8471, 33.4321 ], [ -105.8377, 33.451 ] ] ] } },
{ "type": "Feature", "properties": { "GEOIDFQ": "1400000US35027960800", "NAME": "9608", "NAMELSAD": "Census Tract 9608" }, "geometry": { "type": "Polygon", "coordinates": [ [ [ -105.6802, 33.3337 ], [ -105.656, 33.324 ], [ -105.6153, 33.3263 ], [ -105.6141, 33.3052 ], [ -105.726, 33.3048 ], [ -105.7261, 33.3363 ], [ -105.6802, 33.3337 ] ] ] } },
{ "type": "Feature", "properties": { "GEOIDFQ": "1400000US35017964600", "NAME": "9646", "NAMELSAD": "Census Tract 9646" }, "geometry": { "type": "Polygon", "coordinates": [ [ [ -108.1331, 32.7783 ], [ -108.1337, 32.7935 ], [ -108.1093, 32.8132 ], [ -108.0602, 32.8062 ], [ -108.0029, 32.8131 ], [ -107.9106, 32.7923 ], [ -107.8969, 32.8132 ], [ -107.8913, 32.8459 ], [ -107.8732, 32.8622 ], [ -107.8635, 32.8857 ], [ -107.8351, 32.8908 ], [ -107.8155, 32.9083 ], [ -107.775, 32.9125 ], [ -107.7749, 32.9166 ], [ -107.7659, 32.9117 ], [ -107.7789, 32.8969 ], [ -107.7736, 32.8551 ], [ -107.7584, 32.8461 ], [ -107.7451, 32.8253 ], [ -107.7479, 32.8001 ], [ -107.7369, 32.7844 ], [ -107.7218, 32.7788 ], [ -107.7162, 32.763 ], [ -107.7229, 32.7361 ], [ -107.7153, 32.7216 ], [ -107.7196, 32.6975 ], [ -107.7274, 32.6921 ], [ -107.7241, 32.6675 ], [ -107.737, 32.6296 ], [ -107.6085, 32.6054 ], [ -107.924, 32.6044 ], [ -107.9238, 32.5174 ], [ -108.0009, 32.5171 ], [ -108.0853, 32.5973 ], [ -108.081, 32.6219 ], [ -108.1071, 32.656 ], [ -108.1036, 32.6662 ], [ -108.1164, 32.7036 ], [ -108.1357, 32.7081 ], [ -108.1341, 32.7488 ], [ -108.1491, 32.7515 ], [ -108.1331, 32.7783 ] ] ] } },
{ "type": "Feature", "properties": { "GEOIDFQ": "1400000US35017964800", "NAME": "9648", "NAMELSAD": "Census Tract 9648" }, "geometry": { "type": "Polygon", "coordinates": [ [ [ -108.537, 32.4941 ], [ -108.4825, 32.4916 ], [ -108.4644, 32.5025 ], [ -108.4266, 32.5458 ], [ -108.3661, 32.5558 ], [ -108.3445, 32.5923 ], [ -108.3385, 32.6722 ], [ -108.3183, 32.6844 ], [ -108.297, 32.709 ], [ -108.2963, 32.7391 ], [ -108.282, 32.7304 ], [ -108.2685, 32.6983 ], [ -108.2415, 32.6808 ], [ -108.2226, 32.6536 ], [ -108.2166, 32.6613 ], [ -108.214, 32.7117 ], [ -108.2045, 32.724 ], [ -108.191, 32.7277 ], [ -108.1779, 32.7615 ], [ -108.1663, 32.7466 ], [ -108.164, 32.7239 ], [ -108.1521, 32.7267 ], [ -108.149, 32.7499 ], [ -108.1348, 32.75 ], [ -108.1357, 32.7081 ], [ -108.1188, 32.7068 ], [ -108.1154, 32.7016 ], [ -108.1036, 32.6662 ], [ -108.1071, 32.656 ], [ -108.081, 32.6219 ], [ -108.0853, 32.5973 ], [ -108.0009, 32.5171 ], [ -108.2293, 32.5168 ], [ -108.23, 32.0799 ], [ -108.217, 32.0799 ], [ -108.2171, 31.8641 ], [ -108.5245, 31.8636 ], [ -108.5246, 32.0798 ], [ -108.5377, 32.0798 ], [ -108.537, 32.4941 ] ] ] } },
{ "type": "Feature", "properties": { "GEOIDFQ": "1400000US35013001501", "NAME": "15.01", "NAMELSAD": "Census Tract 15.01" }, "geometry": { "type": "Polygon", "coordinates": [ [ [ -107.298, 32.4934 ], [ -107.2735, 32.4955 ], [ -107.2381, 32.4685 ], [ -107.2113, 32.4742 ], [ -107.2112, 32.4825 ], [ -107.1989, 32.4886 ], [ -107.1495, 32.4957 ], [ -107.1035, 32.4939 ], [ -107.0451, 32.4734 ], [ -107.035, 32.5075 ], [ -107.0427, 32.5158 ], [ -107.0183, 32.5294 ], [ -107.0053, 32.5244 ], [ -106.9862, 32.5355 ], [ -106.9821, 32.5234 ], [ -106.9727, 32.5163 ], [ -106.959, 32.5175 ], [ -106.9513, 32.502 ], [ -106.9239, 32.4979 ], [ -106.9295, 32.481 ], [ -106.9044, 32.4651 ], [ -106.8937, 32.4377 ], [ -106.8657, 32.4146 ], [ -106.8618, 32.3962 ], [ -106.8678, 32.386 ], [ -106.855, 32.3763 ], [ -106.8454, 32.3074 ], [ -106.8535, 32.3003 ], [ -106.8674, 32.3002 ], [ -106.8643, 32.2928 ], [ -106.886, 32.2817 ], [ -106.8433, 32.2864 ], [ -106.7983, 32.227 ], [ -106.8289, 32.2183 ], [ -106.8566, 32.2235 ], [ -106.9032, 32.2093 ], [ -106.9091, 32.1863 ], [ -106.9052, 32.1657 ], [ -106.8835, 32.1271 ], [ -106.9446, 32.0721 ], [ -107.0183, 32.1074 ], [ -107.114, 32.1427 ], [ -107.1554, 32.1833 ], [ -107.2983, 32.2201 ], [ -107.298, 32.4934 ] ] ] } },
{ "type": "Feature", "properties": { "GEOIDFQ": "1400000US35005000600", "NAME": "6", "NAMELSAD": "Census Tract 6" }, "geometry": { "type": "Polygon", "coordinates": [ [ [ -104.4881, 33.3906 ], [ -104.488, 33.3796 ], [ -104.4745, 33.3796 ], [ -104.4744, 33.3502 ], [ -104.4835, 33.3502 ], [ -104.4729, 33.3356 ], [ -104.5059, 33.3357 ], [ -104.5131, 33.3645 ], [ -104.5188, 33.3654 ], [ -104.5195, 33.3886 ], [ -104.4881, 33.3906 ] ] ] } },
{ "type": "Feature", "properties": { "GEOIDFQ": "1400000US35005000800", "NAME": "8", "NAMELSAD": "Census Tract 8" }, "geometry": { "type": "Polygon", "coordinates": [ [ [ -104.5461, 33.369 ], [ -104.5456, 33.3796 ], [ -104.5318, 33.3833 ], [ -104.5324, 33.3506 ], [ -104.5736, 33.3502 ], [ -104.5461, 33.369 ] ] ] } },
{ "type": "Feature", "properties": { "GEOIDFQ": "1400000US35005000900", "NAME": "9", "NAMELSAD": "Census Tract 9" }, "geometry": { "type": "Polygon", "coordinates": [ [ [ -104.5952, 33.4226 ], [ -104.5591, 33.423 ], [ -104.559, 33.3796 ], [ -104.5956, 33.3826 ], [ -104.5952, 33.4226 ] ] ] } },
{ "type": "Feature", "properties": { "GEOIDFQ": "1400000US35043010722", "NAME": "107.22", "NAMELSAD": "Census Tract 107.22" }, "geometry": { "type": "Polygon", "coordinates": [ [ [ -106.7168, 35.3063 ], [ -106.7168, 35.2844 ], [ -106.6974, 35.2803 ], [ -106.6968, 35.2678 ], [ -106.7368, 35.2486 ], [ -106.7368, 35.258 ], [ -106.7468, 35.258 ], [ -106.7512, 35.2445 ], [ -106.7498, 35.229 ], [ -106.729, 35.218 ], [ -106.7631, 35.218 ], [ -106.8244, 35.3071 ], [ -106.7168, 35.3063 ] ] ] } },
{ "type": "Feature", "properties": { "GEOIDFQ": "1400000US35043011200", "NAME": "112", "NAMELSAD": "Census Tract 112" }, "geometry": { "type": "Polygon", "coordinates": [ [ [ -106.9936, 35.7397 ], [ -106.9877, 35.8003 ], [ -106.9744, 35.8188 ], [ -106.8659, 35.8193 ], [ -106.8526, 35.8575 ], [ -106.8315, 35.8849 ], [ -106.8193, 35.8878 ], [ -106.8243, 35.8934 ], [ -106.8035, 35.8865 ], [ -106.8047, 35.9116 ], [ -106.7862, 35.9408 ], [ -106.7848, 35.98 ], [ -106.803, 35.9965 ], [ -106.8326, 35.9987 ], [ -106.2472, 36.0014 ], [ -106.2482, 35.9663 ], [ -106.2642, 35.9655 ], [ -106.2642, 35.9728 ], [ -106.3004, 35.9734 ], [ -106.3002, 35.9584 ], [ -106.3168, 35.9585 ], [ -106.3154, 35.9524 ], [ -106.3861, 35.9527 ], [ -106.3858, 35.9599 ], [ -106.3995, 35.9601 ], [ -106.3996, 35.8282 ], [ -106.4098, 35.8513 ], [ -106.4226, 35.8475 ], [ -106.4275, 35.8537 ], [ -106.4375, 35.8533 ], [ -106.4643, 35.8488 ], [ -106.5195, 35.8151 ], [ -106.5605, 35.8141 ], [ -106.558, 35.8024 ], [ -106.5444, 35.8011 ], [ -106.5324, 35.7917 ], [ -106.5395, 35.7678 ], [ -106.5601, 35.7455 ], [ -106.5691, 35.7461 ], [ -106.5843, 35.7319 ], [ -106.616, 35.722 ], [ -106.629, 35.7029 ], [ -106.6534, 35.6869 ], [ -106.679, 35.6386 ], [ -106.6806, 35.6501 ], [ -106.8583, 35.6531 ], [ -106.858, 35.5755 ], [ -106.7074, 35.5749 ], [ -106.6439, 35.5532 ], [ -106.6522, 35.5544 ], [ -106.6726, 35.5406 ], [ -106.6646, 35.5386 ], [ -106.6673, 35.4977 ], [ -106.6734, 35.4977 ], [ -106.6727, 35.3921 ], [ -106.7259, 35.3932 ], [ -106.7394, 35.4107 ], [ -106.7859, 35.4001 ], [ -106.8332, 35.4066 ], [ -106.8331, 35.45 ], [ -106.8154, 35.4498 ], [ -106.8157, 35.4645 ], [ -106.7977, 35.4646 ], [ -106.7962, 35.4936 ], [ -106.7782, 35.4937 ], [ -106.7783, 35.5155 ], [ -106.7698, 35.5156 ], [ -106.7698, 35.5228 ], [ -106.7789, 35.5227 ], [ -106.7868, 35.5483 ], [ -106.8001, 35.5442 ], [ -106.8169, 35.5519 ], [ -106.8339, 35.5389 ], [ -106.8544, 35.5504 ], [ -106.9558, 35.5488 ], [ -106.9551, 35.566 ], [ -106.965, 35.5659 ], [ -106.9651, 35.6024 ], [ -106.965, 35.6099 ], [ -106.9561, 35.6099 ], [ -106.9553, 35.7115 ], [ -106.9915, 35.711 ], [ -106.9914, 35.7255 ], [ -107.0012, 35.7263 ], [ -106.9936, 35.7397 ] ] ] } },
{ "type": "Feature", "properties": { "GEOIDFQ": "1400000US35043940900", "NAME": "9409", "NAMELSAD": "Census Tract 9409" }, "geometry": { "type": "Polygon", "coordinates": [ [ [ -107.6243, 36.2198 ], [ -106.9924, 36.2166 ], [ -106.9923, 36.0859 ], [ -107.2135, 36.0839 ], [ -107.2025, 36.0598 ], [ -107.2132, 36.0486 ], [ -107.2214, 36.0181 ], [ -107.2085, 36.0052 ], [ -107.1998, 36.0074 ], [ -107.1862, 35.9966 ], [ -107.1893, 35.9705 ], [ -107.1816, 35.9564 ], [ -107.0914, 35.9562 ], [ -107.0992, 35.9314 ], [ -107.1216, 35.9215 ], [ -107.1308, 35.9079 ], [ -107.11, 35.8882 ], [ -107.087, 35.8406 ], [ -107.0998, 35.8172 ], [ -107.098, 35.7804 ], [ -107.1399, 35.7475 ], [ -107.1541, 35.7211 ], [ -107.1797, 35.7061 ], [ -107.1932, 35.7048 ], [ -107.1929, 35.6968 ], [ -107.202, 35.6967 ], [ -107.2065, 35.7038 ], [ -107.2185, 35.6999 ], [ -107.2242, 35.6905 ], [ -107.2466, 35.6915 ], [ -107.2587, 35.6841 ], [ -107.2546, 35.6734 ], [ -107.2375, 35.669 ], [ -107.2381, 35.6643 ], [ -107.255, 35.6623 ], [ -107.2377, 35.6408 ], [ -107.2372, 35.6259 ], [ -107.2461, 35.6346 ], [ -107.2535, 35.6326 ], [ -107.2592, 35.6384 ], [ -107.2641, 35.6341 ], [ -107.2719, 35.6446 ], [ -107.2957, 35.6503 ], [ -107.3064, 35.6467 ], [ -107.3084, 35.6547 ], [ -107.3087, 35.9986 ], [ -107.6265, 36.0004 ], [ -107.6243, 36.2198 ] ] ] } },
{ "type": "Feature", "properties": { "GEOIDFQ": "1400000US35049001001", "NAME": "10.01", "NAMELSAD": "Census Tract 10.01" }, "geometry": { "type": "Polygon", "coordinates": [ [ [ -105.9536, 35.6741 ], [ -105.9358, 35.6706 ], [ -105.9388, 35.6546 ], [ -105.9565, 35.6593 ], [ -105.9536, 35.6741 ] ] ] } },
{ "type": "Feature", "properties": { "GEOIDFQ": "1400000US35049001002", "NAME": "10.02", "NAMELSAD": "Census Tract 10.02" }, "geometry": { "type": "Polygon", "coordinates": [ [ [ -105.9582, 35.675 ], [ -105.9536, 35.6741 ], [ -105.9565, 35.6591 ], [ -105.9773, 35.6627 ], [ -105.9582, 35.675 ] ] ] } },
{ "type": "Feature", "properties": { "GEOIDFQ": "1400000US35049001102", "NAME": "11.02", "NAMELSAD": "Census Tract 11.02" }, "geometry": { "type": "Polygon", "coordinates": [ [ [ -105.9388, 35.6546 ], [ -105.9305, 35.6362 ], [ -105.9562, 35.6343 ], [ -105.9566, 35.6588 ], [ -105.9388, 35.6546 ] ] ] } },
{ "type": "Feature", "properties": { "GEOIDFQ": "1400000US35045000707", "NAME": "7.07", "NAMELSAD": "Census Tract 7.07" }, "geometry": { "type": "Polygon", "coordinates": [ [ [ -107.98, 36.7756 ], [ -107.979, 36.7112 ], [ -107.9847, 36.7112 ], [ -107.9867, 36.6996 ], [ -108.015, 36.7008 ], [ -108.0127, 36.7071 ], [ -108.0226, 36.7171 ], [ -108.0152, 36.739 ], [ -108.0525, 36.7441 ], [ -107.98, 36.7756 ] ] ] } },
{ "type": "Feature", "properties": { "GEOIDFQ": "1400000US35045000504", "NAME": "5.04", "NAMELSAD": "Census Tract 5.04" }, "geometry": { "type": "Polygon", "coordinates": [ [ [ -108.5368, 36.7928 ], [ -108.5211, 36.7928 ], [ -108.5211, 36.8074 ], [ -108.5368, 36.8074 ], [ -108.5368, 36.8215 ], [ -108.4898, 36.8214 ], [ -108.4673, 36.8394 ], [ -108.4584, 36.8394 ], [ -108.4629, 36.8501 ], [ -108.3299, 36.8501 ], [ -108.3724, 36.8076 ], [ -108.3707, 36.7666 ], [ -108.3831, 36.7476 ], [ -108.4047, 36.7412 ], [ -108.4167, 36.7509 ], [ -108.4472, 36.7409 ], [ -108.5008, 36.7545 ], [ -108.5214, 36.7459 ], [ -108.5371, 36.7465 ], [ -108.5368, 36.7928 ] ] ] } },
{ "type": "Feature", "properties": { "GEOIDFQ": "1400000US35045942803", "NAME": "9428.03", "NAMELSAD": "Census Tract 9428.03" }, "geometry": { "type": "Polygon", "coordinates": [ [ [ -108.727, 36.7904 ], [ -108.7066, 36.7918 ], [ -108.6805, 36.7729 ], [ -108.6772, 36.7623 ], [ -108.6846, 36.7467 ], [ -108.7063, 36.7308 ], [ -108.7301, 36.7367 ], [ -108.7236, 36.7519 ], [ -108.727, 36.7904 ] ] ] } },
{ "type": "Feature", "properties": { "GEOIDFQ": "1400000US35045000607", "NAME": "6.07", "NAMELSAD": "Census Tract 6.07" }, "geometry": { "type": "Polygon", "coordinates": [ [ [ -108.117, 36.7394 ], [ -108.0871, 36.7348 ], [ -108.0876, 36.7202 ], [ -108.0988, 36.7052 ], [ -108.0957, 36.6894 ], [ -108.1135, 36.7016 ], [ -108.1341, 36.698 ], [ -108.1439, 36.7016 ], [ -108.1622, 36.7295 ], [ -108.117, 36.7394 ] ] ] } },
{ "type": "Feature", "properties": { "GEOIDFQ": "1400000US35045000708", "NAME": "7.08", "NAMELSAD": "Census Tract 7.08" }, "geometry": { "type": "Polygon", "coordinates": [ [ [ -108.0876, 36.7202 ], [ -108.0875, 36.743 ], [ -108.0152, 36.739 ], [ -108.0226, 36.7171 ], [ -108.0127, 36.7071 ], [ -108.0152, 36.6958 ], [ -108.0672, 36.6856 ], [ -108.0957, 36.6894 ], [ -108.0988, 36.703 ], [ -108.0876, 36.7202 ] ] ] } },
{ "type": "Feature", "properties": { "GEOIDFQ": "1400000US35045000900", "NAME": "9", "NAMELSAD": "Census Tract 9" }, "geometry": { "type": "Polygon", "coordinates": [ [ [ -108.1136, 36.7016 ], [ -108.0985, 36.6902 ], [ -108.0671, 36.6856 ], [ -108.0265, 36.6967 ], [ -108.0148, 36.6795 ], [ -108.0378, 36.675 ], [ -108.0432, 36.6589 ], [ -108.0519, 36.6715 ], [ -108.0755, 36.6724 ], [ -108.1063, 36.6905 ], [ -108.135, 36.698 ], [ -108.1136, 36.7016 ] ] ] } },
{ "type": "Feature", "properties": { "GEOIDFQ": "1400000US35045943300", "NAME": "9433", "NAMELSAD": "Census Tract 9433" }, "geometry": { "type": "Polygon", "coordinates": [ [ [ -108.5364, 36.9993 ], [ -108.0474, 36.9997 ], [ -108.0594, 36.9886 ], [ -108.109, 36.9653 ], [ -108.0999, 36.9197 ], [ -108.085, 36.9081 ], [ -108.1557, 36.841 ], [ -108.1774, 36.8047 ], [ -108.2167, 36.7616 ], [ -108.2314, 36.756 ], [ -108.2389, 36.7572 ], [ -108.2365, 36.7664 ], [ -108.3529, 36.7643 ], [ -108.3713, 36.7688 ], [ -108.3724, 36.8076 ], [ -108.3299, 36.8501 ], [ -108.5367, 36.8503 ], [ -108.5364, 36.9993 ] ] ] } },
{ "type": "Feature", "properties": { "GEOIDFQ": "1400000US35049940600", "NAME": "9406", "NAMELSAD": "Census Tract 9406" }, "geometry": { "type": "Polygon", "coordinates": [ [ [ -106.0625, 35.9308 ], [ -105.9903, 35.9321 ], [ -105.9904, 35.8559 ], [ -106.0628, 35.8564 ], [ -106.0625, 35.9308 ] ] ] } },
{ "type": "Feature", "properties": { "GEOIDFQ": "1400000US35049980000", "NAME": "9800", "NAMELSAD": "Census Tract 9800" }, "geometry": { "type": "Polygon", "coordinates": [ [ [ -106.0721, 35.5735 ], [ -106.0536, 35.5736 ], [ -106.0537, 35.5589 ], [ -106.0717, 35.5585 ], [ -106.0721, 35.5735 ] ] ] } },
{ "type": "Feature", "properties": { "GEOIDFQ": "1400000US35033955202", "NAME": "9552.02", "NAMELSAD": "Census Tract 9552.02" }, "geometry": { "type": "Polygon", "coordinates": [ [ [ -105.3428, 35.8825 ], [ -105.2996, 35.9201 ], [ -105.3031, 35.9736 ], [ -105.3208, 35.988 ], [ -105.2866, 36.0092 ], [ -105.3033, 36.0272 ], [ -105.303, 36.0101 ], [ -105.3114, 36.0101 ], [ -105.3227, 36.0455 ], [ -105.3444, 36.0804 ], [ -105.3401, 36.1073 ], [ -105.3007, 36.152 ], [ -105.2859, 36.2029 ], [ -105.3074, 36.2621 ], [ -104.8652, 36.2614 ], [ -104.8654, 36.2179 ], [ -104.4361, 36.2185 ], [ -104.4305, 36.2136 ], [ -104.4339, 36.2013 ], [ -104.4266, 36.1969 ], [ -104.439, 36.1948 ], [ -104.4321, 36.1884 ], [ -104.4361, 36.1771 ], [ -104.4279, 36.1767 ], [ -104.4241, 36.184 ], [ -104.4142, 36.1763 ], [ -104.4191, 36.1664 ], [ -104.4034, 36.1542 ], [ -104.4078, 36.1406 ], [ -104.4154, 36.1462 ], [ -104.4206, 36.1408 ], [ -104.4093, 36.132 ], [ -104.4141, 36.1224 ], [ -104.4027, 36.1166 ], [ -104.4011, 36.0915 ], [ -104.3855, 36.0884 ], [ -104.3903, 36.0822 ], [ -104.3703, 36.0661 ], [ -104.3797, 36.0493 ], [ -104.3616, 36.0388 ], [ -104.3653, 36.0134 ], [ -104.3506, 36.0107 ], [ -104.3397, 36.0004 ], [ -104.3412, 35.9919 ], [ -104.3563, 35.9839 ], [ -104.3273, 35.9602 ], [ -104.3406, 35.9487 ], [ -104.3442, 35.9555 ], [ -104.3521, 35.954 ], [ -104.339, 35.9432 ], [ -104.3535, 35.9398 ], [ -104.3547, 35.9296 ], [ -104.3429, 35.9306 ], [ -104.3382, 35.9237 ], [ -104.3548, 35.9203 ], [ -104.3437, 35.9122 ], [ -104.3541, 35.9077 ], [ -104.3507, 35.899 ], [ -104.3678, 35.8976 ], [ -104.3593, 35.8884 ], [ -104.374, 35.8812 ], [ -104.3669, 35.8714 ], [ -104.3736, 35.871 ], [ -104.3779, 35.8788 ], [ -104.3814, 35.8624 ], [ -104.3907, 35.8594 ], [ -104.3765, 35.8518 ], [ -104.382, 35.8429 ], [ -104.3761, 35.8415 ], [ -104.3735, 35.8483 ], [ -104.365, 35.8422 ], [ -104.3799, 35.8358 ], [ -104.3669, 35.8302 ], [ -104.3781, 35.8231 ], [ -104.3635, 35.8118 ], [ -104.3714, 35.8067 ], [ -104.3609, 35.7849 ], [ -104.3702, 35.7792 ], [ -104.7506, 35.7831 ], [ -105.0073, 35.7712 ], [ -105.0186, 35.7697 ], [ -105.0255, 35.7542 ], [ -105.0354, 35.7698 ], [ -105.0421, 35.7678 ], [ -105.0578, 35.7802 ], [ -105.0713, 35.7814 ], [ -105.1097, 35.8079 ], [ -105.1513, 35.8095 ], [ -105.1766, 35.8256 ], [ -105.2192, 35.8294 ], [ -105.2241, 35.837 ], [ -105.3479, 35.8708 ], [ -105.3428, 35.8825 ] ] ] } },
{ "type": "Feature", "properties": { "GEOIDFQ": "1400000US35033955201", "NAME": "9552.01", "NAMELSAD": "Census Tract 9552.01" }, "geometry": { "type": "Polygon", "coordinates": [ [ [ -105.7175, 35.9787 ], [ -105.7076, 35.9687 ], [ -105.6809, 35.9686 ], [ -105.66, 35.9585 ], [ -105.6452, 35.9622 ], [ -105.6321, 35.9796 ], [ -105.5724, 35.9725 ], [ -105.5371, 35.9909 ], [ -105.5301, 36.0018 ], [ -105.5328, 36.0111 ], [ -105.5087, 36.0191 ], [ -105.4893, 36.0374 ], [ -105.42, 36.1317 ], [ -105.4147, 36.1571 ], [ -105.4218, 36.1697 ], [ -105.397, 36.1916 ], [ -105.3928, 36.2161 ], [ -105.4097, 36.2368 ], [ -105.3874, 36.2528 ], [ -105.3449, 36.2614 ], [ -105.3074, 36.2621 ], [ -105.2859, 36.2029 ], [ -105.3007, 36.152 ], [ -105.3401, 36.1073 ], [ -105.3444, 36.0804 ], [ -105.3227, 36.0455 ], [ -105.3114, 36.0101 ], [ -105.303, 36.0101 ], [ -105.3033, 36.0272 ], [ -105.2866, 36.0092 ], [ -105.3208, 35.988 ], [ -105.3031, 35.9736 ], [ -105.2996, 35.9201 ], [ -105.3428, 35.8825 ], [ -105.348, 35.8707 ], [ -105.7205, 35.8712 ], [ -105.7175, 35.9787 ] ] ] } },
{ "type": "Feature", "properties": { "GEOIDFQ": "1400000US35041000300", "NAME": "3", "NAMELSAD": "Census Tract 3" }, "geometry": { "type": "Polygon", "coordinates": [ [ [ -103.3621, 34.1703 ], [ -103.3698, 34.1708 ], [ -103.3697, 34.1859 ], [ -103.3348, 34.1798 ], [ -103.3436, 34.1759 ], [ -103.3439, 34.1567 ], [ -103.3701, 34.1562 ], [ -103.3621, 34.1703 ] ] ] } },
{ "type": "Feature", "properties": { "GEOIDFQ": "1400000US35017964701", "NAME": "9647.01", "NAMELSAD": "Census Tract 9647.01" }, "geometry": { "type": "Polygon", "coordinates": [ [ [ -108.3421, 32.8299 ], [ -108.3384, 32.838 ], [ -108.3232, 32.8364 ], [ -108.3195, 32.8549 ], [ -108.3, 32.8472 ], [ -108.2846, 32.863 ], [ -108.274, 32.8616 ], [ -108.2753, 32.8508 ], [ -108.2553, 32.8651 ], [ -108.2455, 32.8532 ], [ -108.2318, 32.8527 ], [ -108.2245, 32.8586 ], [ -108.2284, 32.8477 ], [ -108.2125, 32.8411 ], [ -108.2001, 32.7822 ], [ -108.2566, 32.7867 ], [ -108.2555, 32.795 ], [ -108.2636, 32.7956 ], [ -108.2575, 32.8047 ], [ -108.2629, 32.8136 ], [ -108.2685, 32.8057 ], [ -108.2735, 32.81 ], [ -108.2802, 32.8052 ], [ -108.2807, 32.7856 ], [ -108.2946, 32.8004 ], [ -108.3235, 32.8072 ], [ -108.3386, 32.7983 ], [ -108.3374, 32.8105 ], [ -108.3495, 32.813 ], [ -108.3584, 32.8358 ], [ -108.3421, 32.8299 ] ] ] } },
{ "type": "Feature", "properties": { "GEOIDFQ": "1400000US35017964402", "NAME": "9644.02", "NAMELSAD": "Census Tract 9644.02" }, "geometry": { "type": "Polygon", "coordinates": [ [ [ -108.3025, 32.7626 ], [ -108.2881, 32.7812 ], [ -108.2807, 32.7807 ], [ -108.2817, 32.7709 ], [ -108.261, 32.7409 ], [ -108.2752, 32.7406 ], [ -108.2798, 32.7548 ], [ -108.2856, 32.7502 ], [ -108.3128, 32.7605 ], [ -108.3025, 32.7626 ] ] ] } },
{ "type": "Feature", "properties": { "GEOIDFQ": "1400000US35017964702", "NAME": "9647.02", "NAMELSAD": "Census Tract 9647.02" }, "geometry": { "type": "Polygon", "coordinates": [ [ [ -108.3129, 32.7604 ], [ -108.2856, 32.7502 ], [ -108.2798, 32.7548 ], [ -108.2752, 32.7406 ], [ -108.2611, 32.7408 ], [ -108.2688, 32.7591 ], [ -108.263, 32.7618 ], [ -108.26, 32.7538 ], [ -108.2561, 32.7532 ], [ -108.2525, 32.7874 ], [ -108.2014, 32.7824 ], [ -108.2008, 32.7699 ], [ -108.1779, 32.7615 ], [ -108.1906, 32.7284 ], [ -108.2047, 32.7239 ], [ -108.2184, 32.7004 ], [ -108.2183, 32.6565 ], [ -108.2226, 32.6536 ], [ -108.2415, 32.6808 ], [ -108.2685, 32.6983 ], [ -108.282, 32.7304 ], [ -108.2963, 32.7391 ], [ -108.2995, 32.7213 ], [ -108.3078, 32.7317 ], [ -108.3051, 32.7399 ], [ -108.3201, 32.7575 ], [ -108.3129, 32.7604 ] ] ] } },
{ "type": "Feature", "properties": { "GEOIDFQ": "1400000US35017964401", "NAME": "9644.01", "NAMELSAD": "Census Tract 9644.01" }, "geometry": { "type": "Polygon", "coordinates": [ [ [ -108.2807, 32.7807 ], [ -108.2525, 32.7874 ], [ -108.2561, 32.7532 ], [ -108.263, 32.7618 ], [ -108.2688, 32.7591 ], [ -108.2658, 32.753 ], [ -108.2817, 32.7716 ], [ -108.2807, 32.7807 ] ] ] } },
{ "type": "Feature", "properties": { "GEOIDFQ": "1400000US35045000507", "NAME": "5.07", "NAMELSAD": "Census Tract 5.07" }, "geometry": { "type": "Polygon", "coordinates": [ [ [ -108.3796, 36.7494 ], [ -108.3713, 36.7688 ], [ -108.358, 36.7647 ], [ -108.3598, 36.7432 ], [ -108.3121, 36.7291 ], [ -108.3277, 36.7205 ], [ -108.3494, 36.73 ], [ -108.3629, 36.7266 ], [ -108.3746, 36.7312 ], [ -108.3902, 36.725 ], [ -108.4045, 36.7414 ], [ -108.3796, 36.7494 ] ] ] } },
{ "type": "Feature", "properties": { "GEOIDFQ": "1400000US35045000614", "NAME": "6.14", "NAMELSAD": "Census Tract 6.14" }, "geometry": { "type": "Polygon", "coordinates": [ [ [ -108.0147, 36.8209 ], [ -108.0205, 36.809 ], [ -108.0107, 36.8071 ], [ -108.0229, 36.8038 ], [ -108.0131, 36.7913 ], [ -107.9968, 36.7882 ], [ -107.9823, 36.7745 ], [ -108.0537, 36.7436 ], [ -108.0778, 36.7434 ], [ -108.0686, 36.77 ], [ -108.0802, 36.7882 ], [ -108.0147, 36.8209 ] ] ] } },
{ "type": "Feature", "properties": { "GEOIDFQ": "1400000US35045000206", "NAME": "2.06", "NAMELSAD": "Census Tract 2.06" }, "geometry": { "type": "Polygon", "coordinates": [ [ [ -108.1717, 36.7561 ], [ -108.1561, 36.7588 ], [ -108.1753, 36.7396 ], [ -108.1752, 36.7482 ], [ -108.1842, 36.7482 ], [ -108.1847, 36.7562 ], [ -108.1717, 36.7561 ] ] ] } },
{ "type": "Feature", "properties": { "GEOIDFQ": "1400000US35045000615", "NAME": "6.15", "NAMELSAD": "Census Tract 6.15" }, "geometry": { "type": "Polygon", "coordinates": [ [ [ -108.1076, 36.7812 ], [ -108.0802, 36.7882 ], [ -108.0686, 36.7695 ], [ -108.0778, 36.7434 ], [ -108.0875, 36.743 ], [ -108.0866, 36.7348 ], [ -108.1163, 36.7394 ], [ -108.1624, 36.7293 ], [ -108.1673, 36.7328 ], [ -108.1076, 36.7812 ] ] ] } },
{ "type": "Feature", "properties": { "GEOIDFQ": "1400000US35045000207", "NAME": "2.07", "NAMELSAD": "Census Tract 2.07" }, "geometry": { "type": "Polygon", "coordinates": [ [ [ -108.1842, 36.7482 ], [ -108.1752, 36.7482 ], [ -108.1753, 36.7396 ], [ -108.1667, 36.7415 ], [ -108.1909, 36.727 ], [ -108.198, 36.733 ], [ -108.1842, 36.7482 ] ] ] } },
{ "type": "Feature", "properties": { "GEOIDFQ": "1400000US35045000506", "NAME": "5.06", "NAMELSAD": "Census Tract 5.06" }, "geometry": { "type": "Polygon", "coordinates": [ [ [ -108.358, 36.7647 ], [ -108.2782, 36.7636 ], [ -108.3017, 36.7211 ], [ -108.3142, 36.7239 ], [ -108.3121, 36.7304 ], [ -108.3598, 36.7432 ], [ -108.358, 36.7647 ] ] ] } },
{ "type": "Feature", "properties": { "GEOIDFQ": "1400000US35013000700", "NAME": "7", "NAMELSAD": "Census Tract 7" }, "geometry": { "type": "Polygon", "coordinates": [ [ [ -106.7474, 32.3138 ], [ -106.7425, 32.2987 ], [ -106.7568, 32.2957 ], [ -106.7643, 32.3062 ], [ -106.7474, 32.3138 ] ] ] } },
{ "type": "Feature", "properties": { "GEOIDFQ": "1400000US35061970104", "NAME": "9701.04", "NAMELSAD": "Census Tract 9701.04" }, "geometry": { "type": "Polygon", "coordinates": [ [ [ -106.6842, 34.8421 ], [ -106.6846, 34.8481 ], [ -106.6627, 34.8442 ], [ -106.6674, 34.8155 ], [ -106.7061, 34.8125 ], [ -106.7131, 34.8306 ], [ -106.6842, 34.8421 ] ] ] } },
{ "type": "Feature", "properties": { "GEOIDFQ": "1400000US35061980100", "NAME": "9801", "NAMELSAD": "Census Tract 9801" }, "geometry": { "type": "Polygon", "coordinates": [ [ [ -106.8205, 34.6551 ], [ -106.8205, 34.635 ], [ -106.8491, 34.6351 ], [ -106.8513, 34.6552 ], [ -106.8205, 34.6551 ] ] ] } },
{ "type": "Feature", "properties": { "GEOIDFQ": "1400000US35061970701", "NAME": "9707.01", "NAMELSAD": "Census Tract 9707.01" }, "geometry": { "type": "Polygon", "coordinates": [ [ [ -106.7863, 34.7542 ], [ -106.7736, 34.7848 ], [ -106.7632, 34.7831 ], [ -106.7612, 34.7909 ], [ -106.7405, 34.7872 ], [ -106.7345, 34.7791 ], [ -106.7283, 34.7946 ], [ -106.7182, 34.8046 ], [ -106.7449, 34.7413 ], [ -106.7383, 34.7272 ], [ -106.7513, 34.7052 ], [ -106.7435, 34.6753 ], [ -106.7508, 34.6782 ], [ -106.7566, 34.709 ], [ -106.7611, 34.6926 ], [ -106.7808, 34.6995 ], [ -106.7904, 34.7119 ], [ -106.7863, 34.7542 ] ] ] } },
{ "type": "Feature", "properties": { "GEOIDFQ": "1400000US35049000300", "NAME": "3", "NAMELSAD": "Census Tract 3" }, "geometry": { "type": "Polygon", "coordinates": [ [ [ -105.9538, 35.6955 ], [ -105.952, 35.6986 ], [ -105.9434, 35.6883 ], [ -105.9548, 35.6843 ], [ -105.9538, 35.6955 ] ] ] } },
{ "type": "Feature", "properties": { "GEOIDFQ": "1400000US35013000300", "NAME": "3", "NAMELSAD": "Census Tract 3" }, "geometry": { "type": "Polygon", "coordinates": [ [ [ -106.7817, 32.3308 ], [ -106.7796, 32.3164 ], [ -106.7903, 32.3147 ], [ -106.7989, 32.3314 ], [ -106.7817, 32.3308 ] ] ] } },
{ "type": "Feature", "properties": { "GEOIDFQ": "1400000US35013000401", "NAME": "4.01", "NAMELSAD": "Census Tract 4.01" }, "geometry": { "type": "Polygon", "coordinates": [ [ [ -106.7654, 32.3142 ], [ -106.7685, 32.3091 ], [ -106.7758, 32.3076 ], [ -106.7809, 32.3284 ], [ -106.7654, 32.3142 ] ] ] } },
{ "type": "Feature", "properties": { "GEOIDFQ": "1400000US35013000500", "NAME": "5", "NAMELSAD": "Census Tract 5" }, "geometry": { "type": "Polygon", "coordinates": [ [ [ -106.7941, 32.3222 ], [ -106.7903, 32.3147 ], [ -106.7781, 32.3165 ], [ -106.7758, 32.3076 ], [ -106.7925, 32.3037 ], [ -106.8002, 32.3213 ], [ -106.7941, 32.3222 ] ] ] } },
{ "type": "Feature", "properties": { "GEOIDFQ": "1400000US35006974701", "NAME": "9747.01", "NAMELSAD": "Census Tract 9747.01" }, "geometry": { "type": "Polygon", "coordinates": [ [ [ -109.046, 34.9598 ], [ -108.5208, 34.9591 ], [ -108.5205, 34.9439 ], [ -108.5385, 34.9438 ], [ -108.5381, 34.9294 ], [ -108.5556, 34.9296 ], [ -108.5413, 34.9025 ], [ -108.5662, 34.8906 ], [ -108.5583, 34.8787 ], [ -108.5738, 34.8679 ], [ -108.5667, 34.8659 ], [ -108.5727, 34.8571 ], [ -108.5717, 34.7845 ], [ -108.5554, 34.7848 ], [ -108.5554, 34.7987 ], [ -108.5377, 34.7991 ], [ -108.538, 34.785 ], [ -108.5024, 34.7849 ], [ -108.5023, 34.7774 ], [ -108.493, 34.7776 ], [ -108.4928, 34.785 ], [ -108.4853, 34.7849 ], [ -108.485, 34.7991 ], [ -108.4674, 34.7986 ], [ -108.4676, 34.784 ], [ -108.4506, 34.7841 ], [ -108.4504, 34.7987 ], [ -108.4318, 34.7988 ], [ -108.4316, 34.7843 ], [ -108.4223, 34.7842 ], [ -108.4319, 34.7695 ], [ -108.4141, 34.7696 ], [ -108.4145, 34.7552 ], [ -108.3968, 34.7551 ], [ -108.3971, 34.7408 ], [ -108.3792, 34.7404 ], [ -108.3792, 34.755 ], [ -108.385, 34.7584 ], [ -108.362, 34.7605 ], [ -108.3622, 34.6968 ], [ -108.3449, 34.6969 ], [ -108.3447, 34.7117 ], [ -108.3278, 34.7118 ], [ -108.3279, 34.6969 ], [ -108.2733, 34.6972 ], [ -108.2735, 34.7121 ], [ -108.2562, 34.7118 ], [ -108.256, 34.7481 ], [ -108.2473, 34.7481 ], [ -108.2473, 34.7555 ], [ -108.2568, 34.7556 ], [ -108.257, 34.7846 ], [ -108.274, 34.7845 ], [ -108.2737, 34.7993 ], [ -108.2553, 34.7994 ], [ -108.2555, 34.8067 ], [ -108.242, 34.8062 ], [ -108.2419, 34.8136 ], [ -108.2553, 34.814 ], [ -108.2564, 34.9593 ], [ -108.2736, 34.9598 ], [ -108.2738, 34.9456 ], [ -108.2924, 34.9451 ], [ -108.2935, 35.0076 ], [ -108.3228, 35.0041 ], [ -108.3148, 35.0432 ], [ -108.3207, 35.0453 ], [ -108.308, 35.0666 ], [ -108.3156, 35.0704 ], [ -108.3116, 35.0879 ], [ -108.4128, 35.1282 ], [ -108.4341, 35.1336 ], [ -108.4521, 35.1275 ], [ -108.452, 35.1333 ], [ -108.4697, 35.1332 ], [ -108.4687, 35.3067 ], [ -107.8354, 35.305 ], [ -107.8361, 35.2672 ], [ -107.8481, 35.2477 ], [ -107.8109, 35.1777 ], [ -107.8362, 35.1612 ], [ -107.8361, 35.169 ], [ -107.859, 35.1833 ], [ -107.8849, 35.218 ], [ -107.933, 35.2178 ], [ -107.9024, 35.1855 ], [ -107.904, 35.1753 ], [ -107.8921, 35.1598 ], [ -107.8721, 35.1562 ], [ -107.7518, 35.0729 ], [ -107.751, 35.0078 ], [ -107.775, 34.9996 ], [ -107.7876, 34.9872 ], [ -107.806, 34.987 ], [ -107.8241, 34.9408 ], [ -107.8403, 34.9432 ], [ -107.836, 34.937 ], [ -107.8421, 34.9291 ], [ -107.8534, 34.9329 ], [ -107.858, 34.8966 ], [ -107.8664, 34.8933 ], [ -107.8707, 34.8786 ], [ -107.8838, 34.8749 ], [ -107.8739, 34.8626 ], [ -107.8742, 34.8455 ], [ -107.8623, 34.833 ], [ -107.8644, 34.8191 ], [ -107.9036, 34.7685 ], [ -107.9058, 34.7561 ], [ -107.8868, 34.7725 ], [ -107.8614, 34.7626 ], [ -107.862, 34.7487 ], [ -107.8825, 34.7297 ], [ -107.8828, 34.707 ], [ -107.8741, 34.6964 ], [ -107.7295, 34.6961 ], [ -107.7297, 34.6092 ], [ -107.7078, 34.6096 ], [ -107.7096, 34.5778 ], [ -109.0461, 34.5793 ], [ -109.046, 34.9598 ] ] ] } },
{ "type": "Feature", "properties": { "GEOIDFQ": "1400000US35001000108", "NAME": "1.08", "NAMELSAD": "Census Tract 1.08" }, "geometry": { "type": "Polygon", "coordinates": [ [ [ -106.5157, 35.1307 ], [ -106.4979, 35.1307 ], [ -106.4977, 35.1234 ], [ -106.5157, 35.1264 ], [ -106.5157, 35.1307 ] ] ] } },
{ "type": "Feature", "properties": { "GEOIDFQ": "1400000US35001003718", "NAME": "37.18", "NAMELSAD": "Census Tract 37.18" }, "geometry": { "type": "Polygon", "coordinates": [ [ [ -106.5334, 35.1371 ], [ -106.5333, 35.1306 ], [ -106.551, 35.1307 ], [ -106.5511, 35.1375 ], [ -106.5334, 35.1371 ] ] ] } },
{ "type": "Feature", "properties": { "GEOIDFQ": "1400000US35025000504", "NAME": "5.04", "NAMELSAD": "Census Tract 5.04" }, "geometry": { "type": "Polygon", "coordinates": [ [ [ -103.1737, 32.762 ], [ -103.1643, 32.7549 ], [ -103.1449, 32.7548 ], [ -103.1448, 32.7258 ], [ -103.1787, 32.7586 ], [ -103.1737, 32.762 ] ] ] } },
{ "type": "Feature", "properties": { "GEOIDFQ": "1400000US35025001005", "NAME": "10.05", "NAMELSAD": "Census Tract 10.05" }, "geometry": { "type": "Polygon", "coordinates": [ [ [ -103.3856, 32.9533 ], [ -103.3425, 32.9554 ], [ -103.3338, 32.9586 ], [ -103.3338, 32.9667 ], [ -103.3166, 32.9667 ], [ -103.3165, 32.9441 ], [ -103.3857, 32.9439 ], [ -103.3856, 32.9533 ] ] ] } },
{ "type": "Feature", "properties": { "GEOIDFQ": "1400000US35025000503", "NAME": "5.03", "NAMELSAD": "Census Tract 5.03" }, "geometry": { "type": "Polygon", "coordinates": [ [ [ -103.1449, 32.7457 ], [ -103.1277, 32.7475 ], [ -103.1276, 32.7258 ], [ -103.1448, 32.7258 ], [ -103.1449, 32.7457 ] ] ] } },
{ "type": "Feature", "properties": { "GEOIDFQ": "1400000US35031945400", "NAME": "9454", "NAMELSAD": "Census Tract 9454" }, "geometry": { "type": "Polygon", "coordinates": [ [ [ -108.7323, 35.5307 ], [ -108.7394, 35.5025 ], [ -108.7549, 35.5176 ], [ -108.7578, 35.5231 ], [ -108.7323, 35.5307 ] ] ] } },
{ "type": "Feature", "properties": { "GEOIDFQ": "1400000US35031943500", "NAME": "9435", "NAMELSAD": "Census Tract 9435" }, "geometry": { "type": "Polygon", "coordinates": [ [ [ -107.8816, 36.0017 ], [ -107.8159, 35.9637 ], [ -107.7935, 35.9571 ], [ -107.7711, 35.959 ], [ -107.768, 35.9554 ], [ -107.7786, 35.9466 ], [ -107.7655, 35.9462 ], [ -107.7549, 35.9373 ], [ -107.7667, 35.9362 ], [ -107.7681, 35.9306 ], [ -107.7141, 35.9084 ], [ -107.7198, 35.9014 ], [ -107.7015, 35.8859 ], [ -107.7304, 35.8639 ], [ -107.7486, 35.8153 ], [ -107.7953, 35.8046 ], [ -107.826, 35.8057 ], [ -107.8171, 35.7954 ], [ -107.8265, 35.7831 ], [ -107.8228, 35.7608 ], [ -107.8392, 35.7516 ], [ -107.8301, 35.7298 ], [ -107.7972, 35.7209 ], [ -107.7788, 35.6995 ], [ -107.8369, 35.654 ], [ -107.8381, 35.6422 ], [ -107.8601, 35.6153 ], [ -107.9088, 35.6005 ], [ -107.9291, 35.6135 ], [ -107.9569, 35.6115 ], [ -107.9645, 35.6378 ], [ -107.9808, 35.6416 ], [ -107.9922, 35.6604 ], [ -107.9774, 35.6853 ], [ -107.9972, 35.6958 ], [ -108.0088, 35.6952 ], [ -108.0251, 35.6797 ], [ -108.0726, 35.6682 ], [ -108.0962, 35.6528 ], [ -108.1216, 35.6622 ], [ -108.1106, 35.6248 ], [ -108.1395, 35.5822 ], [ -108.1396, 35.5929 ], [ -108.1468, 35.5947 ], [ -108.132, 35.5989 ], [ -108.132, 35.6095 ], [ -108.125, 35.6089 ], [ -108.1221, 35.6161 ], [ -108.1299, 35.6213 ], [ -108.1265, 35.6291 ], [ -108.1351, 35.6243 ], [ -108.1449, 35.6315 ], [ -108.1347, 35.6541 ], [ -108.1413, 35.6514 ], [ -108.1444, 35.6577 ], [ -108.1582, 35.6497 ], [ -108.1559, 35.6617 ], [ -108.1632, 35.6488 ], [ -108.1638, 35.6578 ], [ -108.179, 35.6492 ], [ -108.1945, 35.6566 ], [ -108.2072, 35.6538 ], [ -108.2069, 35.6589 ], [ -108.2133, 35.6516 ], [ -108.2181, 35.6695 ], [ -108.2248, 35.6521 ], [ -108.2326, 35.6558 ], [ -108.231, 35.6655 ], [ -108.2392, 35.6576 ], [ -108.2435, 35.6647 ], [ -108.2469, 35.6598 ], [ -108.2561, 35.6631 ], [ -108.2698, 35.6586 ], [ -108.272, 36.0013 ], [ -107.8816, 36.0017 ] ] ] } },
{ "type": "Feature", "properties": { "GEOIDFQ": "1400000US35031945300", "NAME": "9453", "NAMELSAD": "Census Tract 9453" }, "geometry": { "type": "Polygon", "coordinates": [ [ [ -108.754, 35.5966 ], [ -108.7579, 35.6087 ], [ -108.7401, 35.6088 ], [ -108.7399, 35.5944 ], [ -108.7242, 35.5944 ], [ -108.7236, 35.6119 ], [ -108.7056, 35.6089 ], [ -108.7058, 35.5946 ], [ -108.6885, 35.5946 ], [ -108.6903, 35.5579 ], [ -108.6727, 35.5585 ], [ -108.676, 35.5505 ], [ -108.6904, 35.5501 ], [ -108.6891, 35.5375 ], [ -108.679, 35.5374 ], [ -108.6822, 35.5325 ], [ -108.7333, 35.5308 ], [ -108.758, 35.5231 ], [ -108.7577, 35.5792 ], [ -108.7735, 35.594 ], [ -108.754, 35.5966 ] ] ] } },
{ "type": "Feature", "properties": { "GEOIDFQ": "1400000US35029000402", "NAME": "4.02", "NAMELSAD": "Census Tract 4.02" }, "geometry": { "type": "Polygon", "coordinates": [ [ [ -107.7172, 32.2282 ], [ -107.6018, 32.2385 ], [ -107.6027, 32.2428 ], [ -107.6416, 32.2472 ], [ -107.688, 32.2682 ], [ -107.7147, 32.2692 ], [ -107.7132, 32.2761 ], [ -107.6974, 32.2804 ], [ -107.6321, 32.2872 ], [ -107.5673, 32.2803 ], [ -107.4391, 32.2418 ], [ -107.3919, 32.2364 ], [ -107.3651, 32.2442 ], [ -107.2984, 32.243 ], [ -107.2968, 31.7836 ], [ -107.6279, 31.7837 ], [ -107.7044, 32.0433 ], [ -107.6964, 32.053 ], [ -107.6738, 32.0579 ], [ -107.6666, 32.1349 ], [ -107.7173, 32.1392 ], [ -107.7172, 32.2282 ] ] ] } },
{ "type": "Feature", "properties": { "GEOIDFQ": "1400000US35029000401", "NAME": "4.01", "NAMELSAD": "Census Tract 4.01" }, "geometry": { "type": "Polygon", "coordinates": [ [ [ -107.9141, 31.8784 ], [ -107.847, 32.067 ], [ -107.7833, 32.0673 ], [ -107.7853, 32.1814 ], [ -107.8063, 32.1812 ], [ -107.7906, 32.225 ], [ -107.7172, 32.2252 ], [ -107.7174, 32.1382 ], [ -107.6666, 32.1349 ], [ -107.6738, 32.0579 ], [ -107.6964, 32.053 ], [ -107.7044, 32.0433 ], [ -107.6279, 31.7837 ], [ -107.8659, 31.7837 ], [ -107.8638, 31.7921 ], [ -107.8933, 31.7921 ], [ -107.8935, 31.8102 ], [ -107.9103, 31.8287 ], [ -107.9103, 31.8375 ], [ -107.9522, 31.8519 ], [ -107.9141, 31.8784 ] ] ] } },
{ "type": "Feature", "properties": { "GEOIDFQ": "1400000US35017964500", "NAME": "9645", "NAMELSAD": "Census Tract 9645" }, "geometry": { "type": "Polygon", "coordinates": [ [ [ -108.2062, 32.8361 ], [ -108.1751, 32.8229 ], [ -108.1667, 32.8382 ], [ -108.1508, 32.8164 ], [ -108.1273, 32.8328 ], [ -108.0992, 32.8358 ], [ -108.1075, 32.813 ], [ -108.1337, 32.7935 ], [ -108.1331, 32.7783 ], [ -108.1541, 32.7416 ], [ -108.1538, 32.7249 ], [ -108.164, 32.7239 ], [ -108.1739, 32.759 ], [ -108.201, 32.7701 ], [ -108.2002, 32.8035 ], [ -108.212, 32.83 ], [ -108.2062, 32.8361 ] ] ] } },
{ "type": "Feature", "properties": { "GEOIDFQ": "1400000US35017964300", "NAME": "9643", "NAMELSAD": "Census Tract 9643" }, "geometry": { "type": "Polygon", "coordinates": [ [ [ -108.3233, 32.7885 ], [ -108.3296, 32.8051 ], [ -108.2946, 32.8004 ], [ -108.2807, 32.7856 ], [ -108.2802, 32.8052 ], [ -108.2735, 32.81 ], [ -108.2685, 32.8057 ], [ -108.2619, 32.8133 ], [ -108.2575, 32.8043 ], [ -108.2636, 32.7956 ], [ -108.2555, 32.795 ], [ -108.2566, 32.7867 ], [ -108.275, 32.7795 ], [ -108.2877, 32.7814 ], [ -108.3031, 32.7622 ], [ -108.3254, 32.7554 ], [ -108.3324, 32.7755 ], [ -108.3233, 32.7885 ] ] ] } },
{ "type": "Feature", "properties": { "GEOIDFQ": "1400000US35017964100", "NAME": "9641", "NAMELSAD": "Census Tract 9641" }, "geometry": { "type": "Polygon", "coordinates": [ [ [ -108.6595, 33.2093 ], [ -108.45, 33.201 ], [ -107.8583, 33.2009 ], [ -107.8612, 33.1877 ], [ -107.8554, 33.1911 ], [ -107.8395, 33.1825 ], [ -107.8421, 33.173 ], [ -107.8576, 33.165 ], [ -107.8529, 33.1343 ], [ -107.8456, 33.1309 ], [ -107.8507, 33.1201 ], [ -107.8422, 33.0964 ], [ -107.8455, 33.0842 ], [ -107.8333, 33.075 ], [ -107.8515, 33.0562 ], [ -107.8568, 33.0366 ], [ -107.8462, 33.0134 ], [ -107.8567, 33.0025 ], [ -107.8407, 32.9876 ], [ -107.8298, 32.9639 ], [ -107.8039, 32.9591 ], [ -107.7918, 32.9481 ], [ -107.7741, 32.9506 ], [ -107.7757, 32.9308 ], [ -107.7653, 32.9118 ], [ -107.775, 32.9166 ], [ -107.775, 32.9125 ], [ -107.8155, 32.9083 ], [ -107.8351, 32.8908 ], [ -107.8635, 32.8857 ], [ -107.8732, 32.8622 ], [ -107.8971, 32.8335 ], [ -107.9, 32.807 ], [ -107.9163, 32.7906 ], [ -107.9351, 32.7999 ], [ -107.9605, 32.8001 ], [ -108.0029, 32.8131 ], [ -108.0602, 32.8062 ], [ -108.1037, 32.8097 ], [ -108.1007, 32.8366 ], [ -108.1273, 32.8328 ], [ -108.1508, 32.8164 ], [ -108.1667, 32.8382 ], [ -108.1751, 32.8229 ], [ -108.1859, 32.8235 ], [ -108.2274, 32.8462 ], [ -108.2241, 32.8585 ], [ -108.2455, 32.8532 ], [ -108.2551, 32.8652 ], [ -108.2753, 32.8508 ], [ -108.2773, 32.8629 ], [ -108.2851, 32.8628 ], [ -108.3, 32.8472 ], [ -108.3195, 32.8549 ], [ -108.3202, 32.8386 ], [ -108.3384, 32.838 ], [ -108.3421, 32.8299 ], [ -108.3584, 32.8358 ], [ -108.3495, 32.813 ], [ -108.3374, 32.8105 ], [ -108.3388, 32.7984 ], [ -108.3295, 32.8011 ], [ -108.3247, 32.7965 ], [ -108.3324, 32.7755 ], [ -108.3243, 32.7582 ], [ -108.33, 32.7527 ], [ -108.4318, 32.7686 ], [ -108.4774, 32.7844 ], [ -108.5177, 32.8486 ], [ -108.5246, 32.8874 ], [ -108.5654, 32.9129 ], [ -108.5782, 32.9458 ], [ -108.5929, 32.943 ], [ -108.5926, 32.9498 ], [ -108.6015, 32.9453 ], [ -108.6039, 32.9557 ], [ -108.5351, 33.0251 ], [ -108.536, 33.0358 ], [ -108.5282, 33.0434 ], [ -108.5471, 33.0469 ], [ -108.5699, 33.0676 ], [ -108.5815, 33.1103 ], [ -108.6117, 33.1183 ], [ -108.6422, 33.1491 ], [ -108.6514, 33.1714 ], [ -108.6708, 33.1842 ], [ -108.6595, 33.2093 ] ] ] } },
{ "type": "Feature", "properties": { "GEOIDFQ": "1400000US35017964200", "NAME": "9642", "NAMELSAD": "Census Tract 9642" }, "geometry": { "type": "Polygon", "coordinates": [ [ [ -109.0476, 33.2089 ], [ -108.6595, 33.2093 ], [ -108.6691, 33.1808 ], [ -108.6514, 33.1714 ], [ -108.6422, 33.1491 ], [ -108.611, 33.1177 ], [ -108.5815, 33.1103 ], [ -108.5699, 33.0676 ], [ -108.5471, 33.0469 ], [ -108.5281, 33.0432 ], [ -108.536, 33.0358 ], [ -108.5351, 33.0251 ], [ -108.6039, 32.9557 ], [ -108.6015, 32.9453 ], [ -108.5926, 32.9498 ], [ -108.5929, 32.943 ], [ -108.5782, 32.9458 ], [ -108.5654, 32.9129 ], [ -108.5246, 32.8874 ], [ -108.5177, 32.8486 ], [ -108.4767, 32.7837 ], [ -108.4318, 32.7686 ], [ -108.3961, 32.7663 ], [ -108.3714, 32.7558 ], [ -108.35, 32.7568 ], [ -108.3373, 32.7507 ], [ -108.3201, 32.7575 ], [ -108.3051, 32.7399 ], [ -108.3078, 32.7317 ], [ -108.2965, 32.7101 ], [ -108.3183, 32.6844 ], [ -108.3383, 32.6725 ], [ -108.3445, 32.5923 ], [ -108.3668, 32.555 ], [ -108.4266, 32.5458 ], [ -108.4644, 32.5025 ], [ -108.4825, 32.4916 ], [ -108.537, 32.4941 ], [ -108.537, 32.5166 ], [ -108.6468, 32.5165 ], [ -108.6465, 32.6037 ], [ -108.8529, 32.6034 ], [ -108.8546, 32.7773 ], [ -109.0476, 32.7778 ], [ -109.0476, 33.2089 ] ] ] } },
{ "type": "Feature", "properties": { "GEOIDFQ": "1400000US35001004729", "NAME": "47.29", "NAMELSAD": "Census Tract 47.29" }, "geometry": { "type": "Polygon", "coordinates": [ [ [ -106.7007, 35.138 ], [ -106.6861, 35.1496 ], [ -106.6784, 35.1458 ], [ -106.6899, 35.1309 ], [ -106.6915, 35.1085 ], [ -106.7044, 35.1067 ], [ -106.7007, 35.138 ] ] ] } },
{ "type": "Feature", "properties": { "GEOIDFQ": "1400000US35035940000", "NAME": "9400", "NAMELSAD": "Census Tract 9400" }, "geometry": { "type": "Polygon", "coordinates": [ [ [ -105.9316, 33.3899 ], [ -105.7272, 33.3906 ], [ -105.726, 33.3048 ], [ -105.3174, 33.306 ], [ -105.3162, 33.0027 ], [ -105.4131, 33.0038 ], [ -105.4133, 32.9925 ], [ -105.4188, 32.9923 ], [ -105.4362, 33.0043 ], [ -105.8314, 33.0038 ], [ -105.8251, 33.0852 ], [ -105.8274, 33.2178 ], [ -105.9296, 33.2184 ], [ -105.9316, 33.3899 ] ] ] } },
{ "type": "Feature", "properties": { "GEOIDFQ": "1400000US35031943602", "NAME": "9436.02", "NAMELSAD": "Census Tract 9436.02" }, "geometry": { "type": "Polygon", "coordinates": [ [ [ -108.5606, 35.4795 ], [ -108.5448, 35.4798 ], [ -108.5404, 35.525 ], [ -108.5264, 35.5452 ], [ -108.513, 35.5529 ], [ -108.5099, 35.5484 ], [ -108.4921, 35.5533 ], [ -108.4867, 35.5451 ], [ -108.4829, 35.552 ], [ -108.4783, 35.5471 ], [ -108.4857, 35.5394 ], [ -108.4763, 35.5463 ], [ -108.474, 35.5429 ], [ -108.4879, 35.531 ], [ -108.4745, 35.5313 ], [ -108.4663, 35.5451 ], [ -108.468, 35.5299 ], [ -108.4581, 35.5466 ], [ -108.4583, 35.5365 ], [ -108.4467, 35.5516 ], [ -108.4289, 35.5503 ], [ -108.4196, 35.5581 ], [ -108.4101, 35.5706 ], [ -108.4093, 35.5863 ], [ -108.3878, 35.602 ], [ -108.3923, 35.6375 ], [ -108.3827, 35.6584 ], [ -108.2698, 35.6586 ], [ -108.2561, 35.6631 ], [ -108.2469, 35.6598 ], [ -108.2435, 35.6647 ], [ -108.2392, 35.6576 ], [ -108.231, 35.6655 ], [ -108.2326, 35.6558 ], [ -108.2248, 35.6521 ], [ -108.2181, 35.6695 ], [ -108.2133, 35.6516 ], [ -108.2069, 35.6589 ], [ -108.2072, 35.6538 ], [ -108.1945, 35.6566 ], [ -108.179, 35.6492 ], [ -108.1638, 35.6578 ], [ -108.1632, 35.6488 ], [ -108.1559, 35.6617 ], [ -108.1582, 35.6497 ], [ -108.1444, 35.6577 ], [ -108.1413, 35.6514 ], [ -108.1347, 35.6541 ], [ -108.1449, 35.6315 ], [ -108.1351, 35.6243 ], [ -108.1265, 35.6291 ], [ -108.1299, 35.6213 ], [ -108.1221, 35.6161 ], [ -108.125, 35.6089 ], [ -108.132, 35.6095 ], [ -108.132, 35.5989 ], [ -108.1468, 35.5947 ], [ -108.1469, 35.5917 ], [ -108.1396, 35.5929 ], [ -108.1402, 35.5738 ], [ -108.1255, 35.555 ], [ -108.1327, 35.5311 ], [ -108.2009, 35.5329 ], [ -108.2014, 35.527 ], [ -108.2369, 35.5028 ], [ -108.2605, 35.4728 ], [ -108.2411, 35.4669 ], [ -108.2419, 35.4617 ], [ -108.2582, 35.458 ], [ -108.2639, 35.472 ], [ -108.2753, 35.4774 ], [ -108.2849, 35.4701 ], [ -108.28, 35.4664 ], [ -108.2931, 35.468 ], [ -108.2855, 35.4719 ], [ -108.2885, 35.4793 ], [ -108.2968, 35.4737 ], [ -108.3103, 35.4759 ], [ -108.327, 35.4902 ], [ -108.353, 35.4662 ], [ -108.3643, 35.4465 ], [ -108.4267, 35.4778 ], [ -108.5017, 35.4962 ], [ -108.5229, 35.4417 ], [ -108.5337, 35.4403 ], [ -108.5386, 35.4637 ], [ -108.5606, 35.4706 ], [ -108.5606, 35.4795 ] ] ] } },
{ "type": "Feature", "properties": { "GEOIDFQ": "1400000US35031945201", "NAME": "9452.01", "NAMELSAD": "Census Tract 9452.01" }, "geometry": { "type": "Polygon", "coordinates": [ [ [ -108.8125, 35.5088 ], [ -108.8212, 35.52 ], [ -108.8144, 35.522 ], [ -108.8134, 35.5309 ], [ -108.7936, 35.5442 ], [ -108.7773, 35.5468 ], [ -108.7587, 35.5414 ], [ -108.7569, 35.5207 ], [ -108.7394, 35.5025 ], [ -108.7422, 35.4797 ], [ -108.7618, 35.4813 ], [ -108.7598, 35.4938 ], [ -108.7954, 35.5005 ], [ -108.7953, 35.4935 ], [ -108.7867, 35.4935 ], [ -108.7911, 35.4831 ], [ -108.785, 35.4838 ], [ -108.7699, 35.465 ], [ -108.7865, 35.4652 ], [ -108.7867, 35.4797 ], [ -108.8129, 35.4796 ], [ -108.8128, 35.4865 ], [ -108.8216, 35.4865 ], [ -108.8216, 35.4796 ], [ -108.8391, 35.4793 ], [ -108.8304, 35.4934 ], [ -108.8606, 35.4966 ], [ -108.8125, 35.5088 ] ] ] } },
{ "type": "Feature", "properties": { "GEOIDFQ": "1400000US35031945202", "NAME": "9452.02", "NAMELSAD": "Census Tract 9452.02" }, "geometry": { "type": "Polygon", "coordinates": [ [ [ -108.8659, 35.515 ], [ -108.8621, 35.5562 ], [ -108.8554, 35.5587 ], [ -108.8402, 35.5512 ], [ -108.8032, 35.5533 ], [ -108.7654, 35.5724 ], [ -108.7644, 35.5848 ], [ -108.7589, 35.5812 ], [ -108.7587, 35.5414 ], [ -108.7769, 35.5467 ], [ -108.7936, 35.5442 ], [ -108.8212, 35.52 ], [ -108.8125, 35.5088 ], [ -108.8376, 35.4999 ], [ -108.8652, 35.5 ], [ -108.8657, 35.4954 ], [ -108.8843, 35.4908 ], [ -108.8841, 35.5011 ], [ -108.8894, 35.5012 ], [ -108.8659, 35.515 ] ] ] } },
{ "type": "Feature", "properties": { "GEOIDFQ": "1400000US35031940302", "NAME": "9403.02", "NAMELSAD": "Census Tract 9403.02" }, "geometry": { "type": "Polygon", "coordinates": [ [ [ -108.887, 35.0763 ], [ -108.8833, 35.0819 ], [ -108.8773, 35.078 ], [ -108.8712, 35.0935 ], [ -108.851, 35.0932 ], [ -108.8341, 35.0876 ], [ -108.8511, 35.0666 ], [ -108.8267, 35.068 ], [ -108.8139, 35.0781 ], [ -108.8076, 35.0634 ], [ -108.8451, 35.0535 ], [ -108.8531, 35.0445 ], [ -108.8661, 35.0515 ], [ -108.8684, 35.0397 ], [ -108.8751, 35.0399 ], [ -108.8827, 35.0521 ], [ -108.8984, 35.0447 ], [ -108.9034, 35.0708 ], [ -108.9236, 35.0854 ], [ -108.887, 35.0763 ] ] ] } },
{ "type": "Feature", "properties": { "GEOIDFQ": "1400000US35031940301", "NAME": "9403.01", "NAMELSAD": "Census Tract 9403.01" }, "geometry": { "type": "Polygon", "coordinates": [ [ [ -108.8341, 35.0876 ], [ -108.8167, 35.0845 ], [ -108.8147, 35.0769 ], [ -108.8267, 35.068 ], [ -108.8514, 35.0687 ], [ -108.8341, 35.0876 ] ] ] } },
{ "type": "Feature", "properties": { "GEOIDFQ": "1400000US35001004712", "NAME": "47.12", "NAMELSAD": "Census Tract 47.12" }, "geometry": { "type": "Polygon", "coordinates": [ [ [ -106.7516, 35.0833 ], [ -106.7467, 35.0859 ], [ -106.7408, 35.0556 ], [ -106.7601, 35.0554 ], [ -106.7647, 35.0676 ], [ -106.7918, 35.0632 ], [ -106.7516, 35.0833 ] ] ] } },
{ "type": "Feature", "properties": { "GEOIDFQ": "1400000US35001004713", "NAME": "47.13", "NAMELSAD": "Census Tract 47.13" }, "geometry": { "type": "Polygon", "coordinates": [ [ [ -106.7406, 35.0557 ], [ -106.7373, 35.0433 ], [ -106.7563, 35.04 ], [ -106.7601, 35.0554 ], [ -106.7406, 35.0557 ] ] ] } },
{ "type": "Feature", "properties": { "GEOIDFQ": "1400000US35049000800", "NAME": "8", "NAMELSAD": "Census Tract 8" }, "geometry": { "type": "Polygon", "coordinates": [ [ [ -105.9756, 35.6824 ], [ -105.9539, 35.6887 ], [ -105.9848, 35.6702 ], [ -105.9756, 35.6824 ] ] ] } },
{ "type": "Feature", "properties": { "GEOIDFQ": "1400000US35049940300", "NAME": "9403", "NAMELSAD": "Census Tract 9403" }, "geometry": { "type": "Polygon", "coordinates": [ [ [ -106.2456, 35.9307 ], [ -106.0625, 35.9308 ], [ -106.0625, 35.9142 ], [ -106.0734, 35.9143 ], [ -106.0732, 35.8554 ], [ -106.1589, 35.8556 ], [ -106.1612, 35.8373 ], [ -106.1719, 35.8278 ], [ -106.2254, 35.8288 ], [ -106.2483, 35.8392 ], [ -106.2456, 35.9307 ] ] ] } },
{ "type": "Feature", "properties": { "GEOIDFQ": "1400000US35049000500", "NAME": "5", "NAMELSAD": "Census Tract 5" }, "geometry": { "type": "Polygon", "coordinates": [ [ [ -105.9334, 35.6885 ], [ -105.9269, 35.6874 ], [ -105.9081, 35.6669 ], [ -105.9254, 35.6684 ], [ -105.9381, 35.6816 ], [ -105.9334, 35.6885 ] ] ] } },
{ "type": "Feature", "properties": { "GEOIDFQ": "1400000US35049010800", "NAME": "108", "NAMELSAD": "Census Tract 108" }, "geometry": { "type": "Polygon", "coordinates": [ [ [ -105.9026, 35.6173 ], [ -105.8884, 35.6284 ], [ -105.8567, 35.6349 ], [ -105.8502, 35.6548 ], [ -105.8577, 35.6626 ], [ -105.859, 35.6888 ], [ -105.8214, 35.6893 ], [ -105.7958, 35.7235 ], [ -105.7883, 35.7265 ], [ -105.784, 35.7207 ], [ -105.7719, 35.7271 ], [ -105.7391, 35.7124 ], [ -105.7185, 35.6881 ], [ -105.718, 35.5533 ], [ -105.7542, 35.5647 ], [ -105.7797, 35.5913 ], [ -105.8047, 35.5631 ], [ -105.8284, 35.5474 ], [ -105.8587, 35.5377 ], [ -105.8726, 35.5457 ], [ -105.8979, 35.5772 ], [ -105.9198, 35.6213 ], [ -105.9026, 35.6173 ] ] ] } },
{ "type": "Feature", "properties": { "GEOIDFQ": "1400000US35049001103", "NAME": "11.03", "NAMELSAD": "Census Tract 11.03" }, "geometry": { "type": "Polygon", "coordinates": [ [ [ -105.9773, 35.6627 ], [ -105.9565, 35.6591 ], [ -105.9564, 35.6521 ], [ -105.9849, 35.6521 ], [ -105.9773, 35.6627 ] ] ] } },
{ "type": "Feature", "properties": { "GEOIDFQ": "1400000US35049010102", "NAME": "101.02", "NAMELSAD": "Census Tract 101.02" }, "geometry": { "type": "Polygon", "coordinates": [ [ [ -105.7168, 36.0023 ], [ -105.7192, 35.9168 ], [ -105.7451, 35.8957 ], [ -105.7697, 35.8846 ], [ -105.7882, 35.8842 ], [ -105.8148, 35.8969 ], [ -105.8225, 35.9075 ], [ -105.8491, 35.9118 ], [ -105.8706, 35.9364 ], [ -105.8748, 35.8847 ], [ -105.9179, 35.8845 ], [ -105.9177, 35.9249 ], [ -105.9904, 35.9251 ], [ -105.9903, 35.9321 ], [ -106.0417, 35.9315 ], [ -106.0417, 36.002 ], [ -105.7168, 36.0023 ] ] ] } },
{ "type": "Feature", "properties": { "GEOIDFQ": "1400000US35049010400", "NAME": "104", "NAMELSAD": "Census Tract 104" }, "geometry": { "type": "Polygon", "coordinates": [ [ [ -105.9369, 35.6766 ], [ -105.9251, 35.6683 ], [ -105.9081, 35.6669 ], [ -105.8951, 35.6702 ], [ -105.8951, 35.6886 ], [ -105.8696, 35.6919 ], [ -105.8582, 35.6878 ], [ -105.8577, 35.6626 ], [ -105.8502, 35.6548 ], [ -105.8567, 35.6349 ], [ -105.8884, 35.6284 ], [ -105.9041, 35.6171 ], [ -105.9198, 35.6213 ], [ -105.9399, 35.6577 ], [ -105.9369, 35.6766 ] ] ] } },
{ "type": "Feature", "properties": { "GEOIDFQ": "1400000US35049010308", "NAME": "103.08", "NAMELSAD": "Census Tract 103.08" }, "geometry": { "type": "Polygon", "coordinates": [ [ [ -106.2098, 35.5208 ], [ -106.1664, 35.5217 ], [ -106.0622, 35.5904 ], [ -106.0535, 35.588 ], [ -106.0536, 35.5736 ], [ -106.0721, 35.5735 ], [ -106.0717, 35.5585 ], [ -106.0537, 35.5589 ], [ -106.0539, 35.5486 ], [ -106.07, 35.4543 ], [ -106.0896, 35.4301 ], [ -106.1245, 35.4376 ], [ -106.1548, 35.4531 ], [ -106.169, 35.4682 ], [ -106.2302, 35.4997 ], [ -106.2306, 35.5136 ], [ -106.2098, 35.5208 ] ] ] } },
{ "type": "Feature", "properties": { "GEOIDFQ": "1400000US35049001202", "NAME": "12.02", "NAMELSAD": "Census Tract 12.02" }, "geometry": { "type": "Polygon", "coordinates": [ [ [ -105.9973, 35.6646 ], [ -105.9858, 35.6731 ], [ -105.9853, 35.6586 ], [ -106.0175, 35.639 ], [ -106.0247, 35.6576 ], [ -105.9973, 35.6646 ] ] ] } },
{ "type": "Feature", "properties": { "GEOIDFQ": "1400000US35049001107", "NAME": "11.07", "NAMELSAD": "Census Tract 11.07" }, "geometry": { "type": "Polygon", "coordinates": [ [ [ -105.9849, 35.6588 ], [ -105.9849, 35.6521 ], [ -105.9738, 35.6521 ], [ -105.9739, 35.6372 ], [ -105.9902, 35.6388 ], [ -105.9922, 35.6551 ], [ -105.9849, 35.6588 ] ] ] } },
{ "type": "Feature", "properties": { "GEOIDFQ": "1400000US35015000401", "NAME": "4.01", "NAMELSAD": "Census Tract 4.01" }, "geometry": { "type": "Polygon", "coordinates": [ [ [ -104.3504, 32.4149 ], [ -104.3068, 32.4195 ], [ -104.3099, 32.4291 ], [ -104.3259, 32.435 ], [ -104.3059, 32.4442 ], [ -104.3189, 32.4551 ], [ -104.3267, 32.4846 ], [ -104.2848, 32.4724 ], [ -104.2732, 32.4785 ], [ -104.2627, 32.4758 ], [ -104.2667, 32.4517 ], [ -104.2506, 32.4392 ], [ -104.2634, 32.4217 ], [ -104.2771, 32.4217 ], [ -104.2697, 32.4147 ], [ -104.2526, 32.4145 ], [ -104.2515, 32.4038 ], [ -104.2424, 32.4 ], [ -104.2393, 32.3942 ], [ -104.2552, 32.3964 ], [ -104.2671, 32.3667 ], [ -104.2857, 32.3576 ], [ -104.3212, 32.3769 ], [ -104.3614, 32.3735 ], [ -104.358, 32.3868 ], [ -104.3673, 32.3989 ], [ -104.3504, 32.4149 ] ] ] } },
{ "type": "Feature", "properties": { "GEOIDFQ": "1400000US35015000402", "NAME": "4.02", "NAMELSAD": "Census Tract 4.02" }, "geometry": { "type": "Polygon", "coordinates": [ [ [ -104.2634, 32.4217 ], [ -104.2631, 32.4288 ], [ -104.254, 32.4288 ], [ -104.2533, 32.4384 ], [ -104.2461, 32.4339 ], [ -104.2447, 32.4238 ], [ -104.2526, 32.4145 ], [ -104.2697, 32.4147 ], [ -104.2771, 32.4217 ], [ -104.2634, 32.4217 ] ] ] } },
{ "type": "Feature", "properties": { "GEOIDFQ": "1400000US35015000100", "NAME": "1", "NAMELSAD": "Census Tract 1" }, "geometry": { "type": "Polygon", "coordinates": [ [ [ -104.2288, 32.4286 ], [ -104.2288, 32.4392 ], [ -104.2185, 32.4287 ], [ -104.221, 32.4112 ], [ -104.2317, 32.4113 ], [ -104.2288, 32.4286 ] ] ] } },
{ "type": "Feature", "properties": { "GEOIDFQ": "1400000US35015000600", "NAME": "6", "NAMELSAD": "Census Tract 6" }, "geometry": { "type": "Polygon", "coordinates": [ [ [ -104.2552, 32.3964 ], [ -104.2393, 32.394 ], [ -104.2375, 32.4079 ], [ -104.2249, 32.4116 ], [ -104.204, 32.4062 ], [ -104.1803, 32.4084 ], [ -104.1458, 32.3841 ], [ -104.1688, 32.3821 ], [ -104.1689, 32.371 ], [ -104.1937, 32.3707 ], [ -104.2031, 32.3783 ], [ -104.2031, 32.3636 ], [ -104.237, 32.363 ], [ -104.2376, 32.3704 ], [ -104.2671, 32.3668 ], [ -104.2552, 32.3964 ] ] ] } },
{ "type": "Feature", "properties": { "GEOIDFQ": "1400000US35015000300", "NAME": "3", "NAMELSAD": "Census Tract 3" }, "geometry": { "type": "Polygon", "coordinates": [ [ [ -104.2288, 32.4392 ], [ -104.2303, 32.4204 ], [ -104.2471, 32.421 ], [ -104.2461, 32.4339 ], [ -104.2567, 32.4444 ], [ -104.2288, 32.4392 ] ] ] } },
{ "type": "Feature", "properties": { "GEOIDFQ": "1400000US35015000900", "NAME": "9", "NAMELSAD": "Census Tract 9" }, "geometry": { "type": "Polygon", "coordinates": [ [ [ -104.8416, 32.9632 ], [ -103.8145, 32.9651 ], [ -103.8142, 32.5292 ], [ -103.9466, 32.5183 ], [ -104.0318, 32.5309 ], [ -104.1085, 32.4851 ], [ -104.1165, 32.4931 ], [ -104.1224, 32.5661 ], [ -104.152, 32.572 ], [ -104.1905, 32.5601 ], [ -104.2256, 32.5291 ], [ -104.2306, 32.4801 ], [ -104.2342, 32.4928 ], [ -104.27, 32.5001 ], [ -104.2986, 32.5255 ], [ -104.3378, 32.5106 ], [ -104.3421, 32.5211 ], [ -104.3621, 32.5252 ], [ -104.3797, 32.5155 ], [ -104.4214, 32.5829 ], [ -104.4208, 32.6052 ], [ -104.4107, 32.6242 ], [ -104.4695, 32.6243 ], [ -104.5057, 32.6137 ], [ -104.5546, 32.6144 ], [ -104.5867, 32.6008 ], [ -104.6559, 32.6015 ], [ -104.6909, 32.5931 ], [ -104.7128, 32.6008 ], [ -104.7366, 32.5787 ], [ -104.808, 32.5597 ], [ -104.8422, 32.5409 ], [ -104.8416, 32.9632 ] ], [ [ -104.4816, 32.8428 ], [ -104.4645, 32.8427 ], [ -104.4636, 32.8222 ], [ -104.4299, 32.8342 ], [ -104.4298, 32.8135 ], [ -104.3863, 32.8181 ], [ -104.3825, 32.8136 ], [ -104.3305, 32.8134 ], [ -104.3306, 32.8277 ], [ -104.3608, 32.8282 ], [ -104.3621, 32.8714 ], [ -104.4126, 32.8716 ], [ -104.4125, 32.8863 ], [ -104.4298, 32.8863 ], [ -104.4299, 32.8572 ], [ -104.4816, 32.8637 ], [ -104.4816, 32.8428 ] ] ] } },
{ "type": "Feature", "properties": { "GEOIDFQ": "1400000US35015000800", "NAME": "8", "NAMELSAD": "Census Tract 8" }, "geometry": { "type": "Polygon", "coordinates": [ [ [ -104.3108, 32.0336 ], [ -104.2991, 32.0317 ], [ -104.2907, 32.0403 ], [ -104.2485, 32.0515 ], [ -104.2517, 32.079 ], [ -104.2221, 32.1756 ], [ -104.2206, 32.2822 ], [ -104.1993, 32.2936 ], [ -104.1919, 32.3081 ], [ -104.1845, 32.3128 ], [ -104.1751, 32.3069 ], [ -104.1523, 32.3126 ], [ -104.061, 32.3117 ], [ -104.025, 32.3239 ], [ -104.0019, 32.3422 ], [ -103.8901, 32.3621 ], [ -103.7229, 32.4059 ], [ -103.7229, 32.0002 ], [ -104.3297, 32.0003 ], [ -104.3108, 32.0336 ] ] ] } },
{ "type": "Feature", "properties": { "GEOIDFQ": "1400000US35015000500", "NAME": "5", "NAMELSAD": "Census Tract 5" }, "geometry": { "type": "Polygon", "coordinates": [ [ [ -104.2485, 32.421 ], [ -104.2316, 32.4204 ], [ -104.2289, 32.408 ], [ -104.2375, 32.4079 ], [ -104.2393, 32.3942 ], [ -104.2515, 32.4038 ], [ -104.2485, 32.421 ] ] ] } },
{ "type": "Feature", "properties": { "GEOIDFQ": "1400000US35015000200", "NAME": "2", "NAMELSAD": "Census Tract 2" }, "geometry": { "type": "Polygon", "coordinates": [ [ [ -104.2555, 32.4938 ], [ -104.2506, 32.4977 ], [ -104.2342, 32.4928 ], [ -104.2248, 32.459 ], [ -104.197, 32.4412 ], [ -104.1875, 32.4292 ], [ -104.1844, 32.4083 ], [ -104.2222, 32.4113 ], [ -104.2224, 32.4356 ], [ -104.2613, 32.4475 ], [ -104.2669, 32.454 ], [ -104.2555, 32.4938 ] ] ] } },
{ "type": "Feature", "properties": { "GEOIDFQ": "1400000US35049010315", "NAME": "103.15", "NAMELSAD": "Census Tract 103.15" }, "geometry": { "type": "Polygon", "coordinates": [ [ [ -106.0005, 35.6388 ], [ -105.9827, 35.6384 ], [ -105.9829, 35.6249 ], [ -106.0005, 35.6198 ], [ -106.0005, 35.6388 ] ] ] } },
{ "type": "Feature", "properties": { "GEOIDFQ": "1400000US35049010316", "NAME": "103.16", "NAMELSAD": "Census Tract 103.16" }, "geometry": { "type": "Polygon", "coordinates": [ [ [ -105.9827, 35.6384 ], [ -105.9563, 35.6386 ], [ -105.9562, 35.6343 ], [ -105.9829, 35.6253 ], [ -105.9827, 35.6384 ] ] ] } },
{ "type": "Feature", "properties": { "GEOIDFQ": "1400000US35053978200", "NAME": "9782", "NAMELSAD": "Census Tract 9782" }, "geometry": { "type": "Polygon", "coordinates": [ [ [ -107.7162, 34.2494 ], [ -107.7115, 34.2556 ], [ -107.6716, 34.272 ], [ -107.6138, 34.2304 ], [ -107.5901, 34.1999 ], [ -107.5556, 34.2076 ], [ -107.5142, 34.2002 ], [ -107.4883, 34.2209 ], [ -107.4781, 34.2377 ], [ -107.4475, 34.2327 ], [ -107.433, 34.2662 ], [ -107.4151, 34.2524 ], [ -107.4159, 34.2691 ], [ -107.4043, 34.2807 ], [ -107.3828, 34.2777 ], [ -107.3734, 34.3123 ], [ -107.3801, 34.3244 ], [ -107.3728, 34.3447 ], [ -107.3796, 34.3741 ], [ -107.3638, 34.3746 ], [ -107.3405, 34.4121 ], [ -107.3594, 34.4448 ], [ -107.3903, 34.4429 ], [ -107.3938, 34.4487 ], [ -107.397, 34.4847 ], [ -107.3893, 34.4857 ], [ -107.3839, 34.4962 ], [ -107.3937, 34.5073 ], [ -107.3792, 34.5322 ], [ -107.3938, 34.5796 ], [ -106.8828, 34.5796 ], [ -106.7978, 34.5438 ], [ -106.8324, 34.4275 ], [ -106.8742, 34.3606 ], [ -106.88, 34.3291 ], [ -106.9238, 34.2122 ], [ -106.9187, 34.161 ], [ -106.8994, 34.0981 ], [ -106.9279, 34.1075 ], [ -106.9708, 34.1064 ], [ -106.9836, 34.0996 ], [ -106.9913, 34.0846 ], [ -107.0202, 34.0803 ], [ -107.0279, 34.0658 ], [ -107.0571, 34.051 ], [ -107.0373, 34.0178 ], [ -107.0086, 34.0197 ], [ -106.9764, 34.0046 ], [ -106.9697, 33.9843 ], [ -106.936, 33.9554 ], [ -106.9452, 33.9478 ], [ -106.9315, 33.9393 ], [ -106.9166, 33.9342 ], [ -106.8847, 33.9499 ], [ -106.879, 33.9185 ], [ -106.9287, 33.8239 ], [ -107.037, 33.7125 ], [ -107.1498, 33.6109 ], [ -107.2205, 33.478 ], [ -107.7128, 33.4768 ], [ -107.7162, 34.2494 ] ] ] } },
{ "type": "Feature", "properties": { "GEOIDFQ": "1400000US35053978303", "NAME": "9783.03", "NAMELSAD": "Census Tract 9783.03" }, "geometry": { "type": "Polygon", "coordinates": [ [ [ -106.9032, 34.1347 ], [ -106.8924, 34.1195 ], [ -106.8871, 34.1209 ], [ -106.8792, 34.0966 ], [ -106.866, 34.0824 ], [ -106.8752, 34.0617 ], [ -106.8635, 34.0453 ], [ -106.8619, 34.0182 ], [ -106.8711, 34.0041 ], [ -106.8474, 33.9518 ], [ -106.8509, 33.919 ], [ -106.8809, 33.9148 ], [ -106.8949, 34.004 ], [ -106.8881, 34.0392 ], [ -106.9095, 34.1333 ], [ -106.9032, 34.1347 ] ] ] } },
{ "type": "Feature", "properties": { "GEOIDFQ": "1400000US35053978100", "NAME": "9781", "NAMELSAD": "Census Tract 9781" }, "geometry": { "type": "Polygon", "coordinates": [ [ [ -107.1495, 33.6114 ], [ -107.037, 33.7125 ], [ -106.9287, 33.8239 ], [ -106.88, 33.916 ], [ -106.8509, 33.919 ], [ -106.8476, 33.953 ], [ -106.8711, 34.0041 ], [ -106.8619, 34.0182 ], [ -106.8635, 34.0453 ], [ -106.8752, 34.0617 ], [ -106.866, 34.0824 ], [ -106.8792, 34.0966 ], [ -106.8871, 34.1209 ], [ -106.8924, 34.1195 ], [ -106.9032, 34.1347 ], [ -106.9095, 34.1333 ], [ -106.9245, 34.208 ], [ -106.8742, 34.3606 ], [ -106.8324, 34.4275 ], [ -106.7978, 34.5438 ], [ -106.5046, 34.457 ], [ -106.4563, 34.4371 ], [ -106.4169, 34.4397 ], [ -106.416, 34.2598 ], [ -105.926, 34.26 ], [ -105.9247, 33.8256 ], [ -106.0527, 33.8256 ], [ -106.0527, 33.6503 ], [ -106.3737, 33.6605 ], [ -106.3728, 33.4799 ], [ -106.5783, 33.4755 ], [ -107.2203, 33.4784 ], [ -107.1495, 33.6114 ] ] ] } },
{ "type": "Feature", "properties": { "GEOIDFQ": "1400000US35053978302", "NAME": "9783.02", "NAMELSAD": "Census Tract 9783.02" }, "geometry": { "type": "Polygon", "coordinates": [ [ [ -106.898, 34.091 ], [ -106.8913, 34.0534 ], [ -106.9004, 34.0523 ], [ -106.899, 34.0594 ], [ -106.9067, 34.0625 ], [ -106.9102, 34.0842 ], [ -106.898, 34.091 ] ] ] } },
{ "type": "Feature", "properties": { "GEOIDFQ": "1400000US35053978301", "NAME": "9783.01", "NAMELSAD": "Census Tract 9783.01" }, "geometry": { "type": "Polygon", "coordinates": [ [ [ -107.0279, 34.0658 ], [ -107.0202, 34.0803 ], [ -106.9913, 34.0846 ], [ -106.9836, 34.0996 ], [ -106.9708, 34.1064 ], [ -106.9279, 34.1075 ], [ -106.8994, 34.0981 ], [ -106.897, 34.0885 ], [ -106.9102, 34.0842 ], [ -106.9085, 34.0659 ], [ -106.899, 34.0594 ], [ -106.9004, 34.0523 ], [ -106.8913, 34.0534 ], [ -106.8881, 34.0394 ], [ -106.8949, 34.004 ], [ -106.8847, 33.9499 ], [ -106.9166, 33.9342 ], [ -106.9315, 33.9393 ], [ -106.9452, 33.9478 ], [ -106.936, 33.9554 ], [ -106.9697, 33.9843 ], [ -106.9764, 34.0046 ], [ -107.0086, 34.0197 ], [ -107.0373, 34.0178 ], [ -107.057, 34.0511 ], [ -107.0279, 34.0658 ] ] ] } },
{ "type": "Feature", "properties": { "GEOIDFQ": "1400000US35013001204", "NAME": "12.04", "NAMELSAD": "Census Tract 12.04" }, "geometry": { "type": "Polygon", "coordinates": [ [ [ -106.7269, 32.2973 ], [ -106.7089, 32.2991 ], [ -106.7159, 32.3246 ], [ -106.6821, 32.3367 ], [ -106.6116, 32.3444 ], [ -106.5827, 32.3224 ], [ -106.5715, 32.3235 ], [ -106.5803, 32.3155 ], [ -106.5814, 32.205 ], [ -106.6149, 32.2097 ], [ -106.636, 32.2013 ], [ -106.6687, 32.1727 ], [ -106.7337, 32.2625 ], [ -106.7387, 32.2871 ], [ -106.7269, 32.2973 ] ] ] } },
{ "type": "Feature", "properties": { "GEOIDFQ": "1400000US35013001103", "NAME": "11.03", "NAMELSAD": "Census Tract 11.03" }, "geometry": { "type": "Polygon", "coordinates": [ [ [ -106.8183, 32.2663 ], [ -106.8132, 32.2533 ], [ -106.7783, 32.2687 ], [ -106.7817, 32.273 ], [ -106.7699, 32.2807 ], [ -106.737, 32.2287 ], [ -106.7576, 32.2291 ], [ -106.7595, 32.2067 ], [ -106.7669, 32.208 ], [ -106.8083, 32.2345 ], [ -106.8251, 32.2637 ], [ -106.8183, 32.2663 ] ] ] } },
{ "type": "Feature", "properties": { "GEOIDFQ": "1400000US35013001707", "NAME": "17.07", "NAMELSAD": "Census Tract 17.07" }, "geometry": { "type": "Polygon", "coordinates": [ [ [ -106.6113, 31.8301 ], [ -106.5821, 31.8016 ], [ -106.5777, 31.7888 ], [ -106.5941, 31.7978 ], [ -106.5991, 31.8082 ], [ -106.6286, 31.8217 ], [ -106.6113, 31.8301 ] ] ] } },
{ "type": "Feature", "properties": { "GEOIDFQ": "1400000US35013001706", "NAME": "17.06", "NAMELSAD": "Census Tract 17.06" }, "geometry": { "type": "Polygon", "coordinates": [ [ [ -106.5821, 31.8016 ], [ -106.5603, 31.7926 ], [ -106.5693, 31.785 ], [ -106.5821, 31.8016 ] ] ] } },
{ "type": "Feature", "properties": { "GEOIDFQ": "1400000US35013001805", "NAME": "18.05", "NAMELSAD": "Census Tract 18.05" }, "geometry": { "type": "Polygon", "coordinates": [ [ [ -106.5985, 32.0103 ], [ -106.5828, 32.0101 ], [ -106.5826, 32.0007 ], [ -106.5986, 32.0007 ], [ -106.5985, 32.0103 ] ] ] } },
{ "type": "Feature", "properties": { "GEOIDFQ": "1400000US35013001203", "NAME": "12.03", "NAMELSAD": "Census Tract 12.03" }, "geometry": { "type": "Polygon", "coordinates": [ [ [ -106.7299, 32.3208 ], [ -106.726, 32.3158 ], [ -106.728, 32.3077 ], [ -106.7425, 32.2987 ], [ -106.7474, 32.3138 ], [ -106.7299, 32.3208 ] ] ] } },
{ "type": "Feature", "properties": { "GEOIDFQ": "1400000US35013001205", "NAME": "12.05", "NAMELSAD": "Census Tract 12.05" }, "geometry": { "type": "Polygon", "coordinates": [ [ [ -106.728, 32.3077 ], [ -106.7299, 32.3208 ], [ -106.7217, 32.3267 ], [ -106.7089, 32.2991 ], [ -106.7269, 32.2973 ], [ -106.7387, 32.2871 ], [ -106.7425, 32.2987 ], [ -106.728, 32.3077 ] ] ] } },
{ "type": "Feature", "properties": { "GEOIDFQ": "1400000US35013000103", "NAME": "1.03", "NAMELSAD": "Census Tract 1.03" }, "geometry": { "type": "Polygon", "coordinates": [ [ [ -106.7897, 32.3574 ], [ -106.785, 32.3404 ], [ -106.7782, 32.3376 ], [ -106.7925, 32.329 ], [ -106.8063, 32.3458 ], [ -106.7897, 32.3574 ] ] ] } },
{ "type": "Feature", "properties": { "GEOIDFQ": "1400000US35025000502", "NAME": "5.02", "NAMELSAD": "Census Tract 5.02" }, "geometry": { "type": "Polygon", "coordinates": [ [ [ -103.1277, 32.7646 ], [ -103.1199, 32.7642 ], [ -103.1194, 32.7525 ], [ -103.1106, 32.7468 ], [ -103.1104, 32.7257 ], [ -103.0647, 32.727 ], [ -103.0648, 32.7138 ], [ -103.1276, 32.7112 ], [ -103.1277, 32.7646 ] ] ] } },
{ "type": "Feature", "properties": { "GEOIDFQ": "1400000US35009000100", "NAME": "1", "NAMELSAD": "Census Tract 1" }, "geometry": { "type": "Polygon", "coordinates": [ [ [ -103.2493, 34.4192 ], [ -103.2318, 34.4193 ], [ -103.2317, 34.4083 ], [ -103.2054, 34.4068 ], [ -103.2053, 34.3975 ], [ -103.2493, 34.4003 ], [ -103.2493, 34.4192 ] ] ] } },
{ "type": "Feature", "properties": { "GEOIDFQ": "1400000US35009000400", "NAME": "4", "NAMELSAD": "Census Tract 4" }, "geometry": { "type": "Polygon", "coordinates": [ [ [ -103.1876, 34.412 ], [ -103.1877, 34.4047 ], [ -103.1433, 34.4049 ], [ -103.1432, 34.3935 ], [ -103.2053, 34.3975 ], [ -103.2054, 34.4089 ], [ -103.1876, 34.412 ] ] ] } },
{ "type": "Feature", "properties": { "GEOIDFQ": "1400000US35009000202", "NAME": "2.02", "NAMELSAD": "Census Tract 2.02" }, "geometry": { "type": "Polygon", "coordinates": [ [ [ -103.2141, 34.4193 ], [ -103.2105, 34.4068 ], [ -103.2294, 34.4066 ], [ -103.2318, 34.4193 ], [ -103.2141, 34.4193 ] ] ] } },
{ "type": "Feature", "properties": { "GEOIDFQ": "1400000US35013001207", "NAME": "12.07", "NAMELSAD": "Census Tract 12.07" }, "geometry": { "type": "Polygon", "coordinates": [ [ [ -106.5813, 32.4312 ], [ -106.5641, 32.4256 ], [ -106.548, 32.4361 ], [ -106.548, 32.4014 ], [ -106.5354, 32.4012 ], [ -106.531, 32.3873 ], [ -106.5139, 32.3874 ], [ -106.5139, 32.3447 ], [ -106.5799, 32.3408 ], [ -106.5715, 32.3235 ], [ -106.5802, 32.3217 ], [ -106.6116, 32.3444 ], [ -106.6901, 32.335 ], [ -106.7095, 32.3871 ], [ -106.5813, 32.4312 ] ] ] } },
{ "type": "Feature", "properties": { "GEOIDFQ": "1400000US35013001314", "NAME": "13.14", "NAMELSAD": "Census Tract 13.14" }, "geometry": { "type": "Polygon", "coordinates": [ [ [ -106.7425, 32.6217 ], [ -106.6823, 32.6525 ], [ -106.6823, 32.6486 ], [ -106.6646, 32.6486 ], [ -106.6654, 32.6043 ], [ -106.6481, 32.6045 ], [ -106.6484, 32.5615 ], [ -106.6303, 32.5609 ], [ -106.6305, 32.532 ], [ -106.614, 32.5323 ], [ -106.614, 32.4893 ], [ -106.5976, 32.4895 ], [ -106.5981, 32.4494 ], [ -106.5815, 32.4496 ], [ -106.5813, 32.4313 ], [ -106.6459, 32.409 ], [ -106.6461, 32.4169 ], [ -106.6402, 32.417 ], [ -106.6403, 32.4488 ], [ -106.6813, 32.4499 ], [ -106.6833, 32.4318 ], [ -106.7288, 32.4331 ], [ -106.7464, 32.5369 ], [ -106.7425, 32.6217 ] ] ] } },
{ "type": "Feature", "properties": { "GEOIDFQ": "1400000US35013001310", "NAME": "13.10", "NAMELSAD": "Census Tract 13.10" }, "geometry": { "type": "Polygon", "coordinates": [ [ [ -106.7557, 32.3882 ], [ -106.728, 32.3913 ], [ -106.7295, 32.3802 ], [ -106.7499, 32.3644 ], [ -106.7557, 32.3882 ] ] ] } },
{ "type": "Feature", "properties": { "GEOIDFQ": "1400000US35013001316", "NAME": "13.16", "NAMELSAD": "Census Tract 13.16" }, "geometry": { "type": "Polygon", "coordinates": [ [ [ -106.7264, 32.4028 ], [ -106.7, 32.4027 ], [ -106.7002, 32.3903 ], [ -106.7295, 32.3804 ], [ -106.7264, 32.4028 ] ] ] } },
{ "type": "Feature", "properties": { "GEOIDFQ": "1400000US35013001208", "NAME": "12.08", "NAMELSAD": "Census Tract 12.08" }, "geometry": { "type": "Polygon", "coordinates": [ [ [ -106.7403, 32.3723 ], [ -106.7095, 32.3871 ], [ -106.6901, 32.335 ], [ -106.7175, 32.3235 ], [ -106.7316, 32.3327 ], [ -106.7403, 32.3723 ] ] ] } },
{ "type": "Feature", "properties": { "GEOIDFQ": "1400000US35013001315", "NAME": "13.15", "NAMELSAD": "Census Tract 13.15" }, "geometry": { "type": "Polygon", "coordinates": [ [ [ -106.6833, 32.4318 ], [ -106.6832, 32.4082 ], [ -106.6572, 32.4115 ], [ -106.6573, 32.4051 ], [ -106.7002, 32.3903 ], [ -106.7, 32.4027 ], [ -106.7264, 32.4028 ], [ -106.7288, 32.4331 ], [ -106.6833, 32.4318 ] ] ] } },
{ "type": "Feature", "properties": { "GEOIDFQ": "1400000US35013001313", "NAME": "13.13", "NAMELSAD": "Census Tract 13.13" }, "geometry": { "type": "Polygon", "coordinates": [ [ [ -106.6403, 32.4488 ], [ -106.6402, 32.417 ], [ -106.6461, 32.4169 ], [ -106.6459, 32.409 ], [ -106.6832, 32.4082 ], [ -106.6833, 32.4471 ], [ -106.6403, 32.4488 ] ] ] } },
{ "type": "Feature", "properties": { "GEOIDFQ": "1400000US35013001308", "NAME": "13.08", "NAMELSAD": "Census Tract 13.08" }, "geometry": { "type": "Polygon", "coordinates": [ [ [ -106.9268, 32.7084 ], [ -106.8768, 32.762 ], [ -106.8877, 32.785 ], [ -106.8879, 32.8228 ], [ -106.7516, 32.88 ], [ -106.7514, 32.8223 ], [ -106.7337, 32.8228 ], [ -106.7335, 32.7792 ], [ -106.7166, 32.7792 ], [ -106.7163, 32.7357 ], [ -106.6998, 32.7353 ], [ -106.7006, 32.6923 ], [ -106.6823, 32.6919 ], [ -106.6823, 32.6525 ], [ -106.7372, 32.6262 ], [ -106.7443, 32.6167 ], [ -106.7462, 32.5319 ], [ -106.7251, 32.4125 ], [ -106.728, 32.3913 ], [ -106.7729, 32.388 ], [ -106.7902, 32.3809 ], [ -106.799, 32.3966 ], [ -106.8072, 32.393 ], [ -106.828, 32.428 ], [ -106.8387, 32.4302 ], [ -106.8521, 32.4508 ], [ -106.8902, 32.5296 ], [ -106.908, 32.5349 ], [ -106.9674, 32.6333 ], [ -106.9268, 32.7084 ] ] ] } },
{ "type": "Feature", "properties": { "GEOIDFQ": "1400000US35013001105", "NAME": "11.05", "NAMELSAD": "Census Tract 11.05" }, "geometry": { "type": "Polygon", "coordinates": [ [ [ -106.7455, 32.2691 ], [ -106.7502, 32.2606 ], [ -106.7619, 32.2679 ], [ -106.7699, 32.2807 ], [ -106.7455, 32.2691 ] ] ] } },
{ "type": "Feature", "properties": { "GEOIDFQ": "1400000US35013001811", "NAME": "18.11", "NAMELSAD": "Census Tract 18.11" }, "geometry": { "type": "Polygon", "coordinates": [ [ [ -106.636, 32.068 ], [ -106.622, 32.0394 ], [ -106.6033, 32.0391 ], [ -106.603, 32.0571 ], [ -106.5885, 32.0247 ], [ -106.6298, 32.0248 ], [ -106.6186, 31.9999 ], [ -106.6236, 31.991 ], [ -106.6306, 31.9909 ], [ -106.6455, 32.0114 ], [ -106.6632, 32.0652 ], [ -106.636, 32.068 ] ] ] } },
{ "type": "Feature", "properties": { "GEOIDFQ": "1400000US35013001812", "NAME": "18.12", "NAMELSAD": "Census Tract 18.12" }, "geometry": { "type": "Polygon", "coordinates": [ [ [ -106.6391, 32.1259 ], [ -106.6687, 32.1727 ], [ -106.6648, 32.1775 ], [ -106.636, 32.2013 ], [ -106.6149, 32.2097 ], [ -106.5814, 32.205 ], [ -106.5813, 32.0828 ], [ -106.5287, 32.0828 ], [ -106.4628, 32.0011 ], [ -106.5826, 32.0007 ], [ -106.603, 32.0571 ], [ -106.6033, 32.0391 ], [ -106.622, 32.0394 ], [ -106.636, 32.068 ], [ -106.6632, 32.0656 ], [ -106.6562, 32.0996 ], [ -106.6687, 32.1135 ], [ -106.6391, 32.1259 ] ] ] } },
{ "type": "Feature", "properties": { "GEOIDFQ": "1400000US35013001813", "NAME": "18.13", "NAMELSAD": "Census Tract 18.13" }, "geometry": { "type": "Polygon", "coordinates": [ [ [ -106.6524, 32.15 ], [ -106.6391, 32.1259 ], [ -106.6688, 32.1135 ], [ -106.6828, 32.1288 ], [ -106.6767, 32.1331 ], [ -106.6873, 32.1499 ], [ -106.6524, 32.15 ] ] ] } },
{ "type": "Feature", "properties": { "GEOIDFQ": "1400000US35013000204", "NAME": "2.04", "NAMELSAD": "Census Tract 2.04" }, "geometry": { "type": "Polygon", "coordinates": [ [ [ -106.8156, 32.3456 ], [ -106.8208, 32.3401 ], [ -106.8076, 32.3268 ], [ -106.8051, 32.3126 ], [ -106.8154, 32.3109 ], [ -106.8099, 32.2941 ], [ -106.8255, 32.2906 ], [ -106.8357, 32.3375 ], [ -106.8156, 32.3456 ] ] ] } },
{ "type": "Feature", "properties": { "GEOIDFQ": "1400000US35013001206", "NAME": "12.06", "NAMELSAD": "Census Tract 12.06" }, "geometry": { "type": "Polygon", "coordinates": [ [ [ -106.7575, 32.3581 ], [ -106.75, 32.3504 ], [ -106.7544, 32.342 ], [ -106.7316, 32.3202 ], [ -106.7474, 32.3138 ], [ -106.7698, 32.3481 ], [ -106.7575, 32.3581 ] ] ] } },
{ "type": "Feature", "properties": { "GEOIDFQ": "1400000US35013001401", "NAME": "14.01", "NAMELSAD": "Census Tract 14.01" }, "geometry": { "type": "Polygon", "coordinates": [ [ [ -107.2436, 32.6179 ], [ -107.1683, 32.6628 ], [ -107.1489, 32.6649 ], [ -107.1081, 32.6499 ], [ -107.0956, 32.6544 ], [ -107.0763, 32.6495 ], [ -107.0763, 32.655 ], [ -107.1096, 32.656 ], [ -107.1393, 32.6792 ], [ -107.1968, 32.6826 ], [ -107.2116, 32.6941 ], [ -107.2362, 32.6954 ], [ -107.2543, 32.7042 ], [ -107.2561, 32.7189 ], [ -107.2847, 32.7381 ], [ -107.2895, 32.755 ], [ -107.2835, 32.7638 ], [ -107.2995, 32.7802 ], [ -106.8877, 32.7793 ], [ -106.8877, 32.785 ], [ -106.8768, 32.7619 ], [ -106.9268, 32.7084 ], [ -106.9675, 32.6331 ], [ -106.9075, 32.5341 ], [ -106.913, 32.514 ], [ -106.9295, 32.4993 ], [ -106.9513, 32.502 ], [ -106.959, 32.5175 ], [ -106.9731, 32.5165 ], [ -106.9869, 32.5357 ], [ -107.0053, 32.5244 ], [ -107.0183, 32.5294 ], [ -107.0427, 32.5158 ], [ -107.035, 32.5077 ], [ -107.0448, 32.4734 ], [ -107.1035, 32.4939 ], [ -107.1495, 32.4957 ], [ -107.1989, 32.4886 ], [ -107.2112, 32.4825 ], [ -107.2113, 32.4742 ], [ -107.2381, 32.4685 ], [ -107.2735, 32.4955 ], [ -107.298, 32.4934 ], [ -107.2995, 32.5958 ], [ -107.2436, 32.6179 ] ] ] } },
{ "type": "Feature", "properties": { "GEOIDFQ": "1400000US35013001402", "NAME": "14.02", "NAMELSAD": "Census Tract 14.02" }, "geometry": { "type": "Polygon", "coordinates": [ [ [ -107.2995, 32.7799 ], [ -107.2835, 32.7638 ], [ -107.2895, 32.755 ], [ -107.2847, 32.7381 ], [ -107.2561, 32.7189 ], [ -107.2543, 32.7042 ], [ -107.2362, 32.6954 ], [ -107.2116, 32.6941 ], [ -107.1968, 32.6826 ], [ -107.1393, 32.6792 ], [ -107.1054, 32.6543 ], [ -107.0763, 32.655 ], [ -107.0763, 32.6482 ], [ -107.0956, 32.6544 ], [ -107.1081, 32.6499 ], [ -107.1489, 32.6649 ], [ -107.1683, 32.6628 ], [ -107.2436, 32.6179 ], [ -107.2995, 32.5958 ], [ -107.2995, 32.7799 ] ] ] } },
{ "type": "Feature", "properties": { "GEOIDFQ": "1400000US35006974201", "NAME": "9742.01", "NAMELSAD": "Census Tract 9742.01" }, "geometry": { "type": "Polygon", "coordinates": [ [ [ -107.8411, 35.1451 ], [ -107.8442, 35.1515 ], [ -107.8278, 35.1471 ], [ -107.8268, 35.1573 ], [ -107.8341, 35.1619 ], [ -107.8109, 35.1777 ], [ -107.7979, 35.1319 ], [ -107.7768, 35.112 ], [ -107.7823, 35.1115 ], [ -107.7696, 35.0853 ], [ -107.8733, 35.1533 ], [ -107.8411, 35.1451 ] ] ] } },
{ "type": "Feature", "properties": { "GEOIDFQ": "1400000US35006945800", "NAME": "9458", "NAMELSAD": "Census Tract 9458" }, "geometry": { "type": "Polygon", "coordinates": [ [ [ -108.5583, 34.8787 ], [ -108.5662, 34.8906 ], [ -108.5413, 34.9025 ], [ -108.5556, 34.9296 ], [ -108.5381, 34.9294 ], [ -108.5385, 34.9438 ], [ -108.5205, 34.9439 ], [ -108.5208, 34.9591 ], [ -108.4694, 34.9591 ], [ -108.4697, 35.1332 ], [ -108.452, 35.1333 ], [ -108.4521, 35.1275 ], [ -108.4341, 35.1336 ], [ -108.4128, 35.1282 ], [ -108.3116, 35.0879 ], [ -108.3156, 35.0704 ], [ -108.308, 35.0666 ], [ -108.3207, 35.0453 ], [ -108.3148, 35.0432 ], [ -108.3228, 35.0041 ], [ -108.2935, 35.0076 ], [ -108.2924, 34.9451 ], [ -108.2738, 34.9456 ], [ -108.2736, 34.9598 ], [ -108.2564, 34.9593 ], [ -108.2553, 34.814 ], [ -108.2419, 34.8136 ], [ -108.242, 34.8062 ], [ -108.2555, 34.8067 ], [ -108.2553, 34.7994 ], [ -108.2737, 34.7993 ], [ -108.274, 34.7845 ], [ -108.257, 34.7846 ], [ -108.2568, 34.7556 ], [ -108.2473, 34.7555 ], [ -108.2473, 34.7481 ], [ -108.256, 34.7481 ], [ -108.2562, 34.7118 ], [ -108.2735, 34.7121 ], [ -108.2733, 34.6972 ], [ -108.3279, 34.6969 ], [ -108.3278, 34.7118 ], [ -108.3447, 34.7117 ], [ -108.3449, 34.6969 ], [ -108.3622, 34.6968 ], [ -108.362, 34.7605 ], [ -108.385, 34.7584 ], [ -108.3792, 34.755 ], [ -108.3792, 34.7404 ], [ -108.3971, 34.7408 ], [ -108.3968, 34.7551 ], [ -108.4145, 34.7552 ], [ -108.4141, 34.7696 ], [ -108.4319, 34.7695 ], [ -108.4223, 34.7842 ], [ -108.4316, 34.7843 ], [ -108.4318, 34.7988 ], [ -108.4504, 34.7987 ], [ -108.4506, 34.7841 ], [ -108.4676, 34.784 ], [ -108.4674, 34.7986 ], [ -108.485, 34.7991 ], [ -108.4853, 34.7849 ], [ -108.4928, 34.785 ], [ -108.493, 34.7776 ], [ -108.5023, 34.7774 ], [ -108.5024, 34.7849 ], [ -108.538, 34.785 ], [ -108.5377, 34.7991 ], [ -108.5554, 34.7987 ], [ -108.5554, 34.7848 ], [ -108.5717, 34.7845 ], [ -108.5727, 34.8571 ], [ -108.5667, 34.8659 ], [ -108.5738, 34.8679 ], [ -108.5583, 34.8787 ] ] ] } },
{ "type": "Feature", "properties": { "GEOIDFQ": "1400000US35045000702", "NAME": "7.02", "NAMELSAD": "Census Tract 7.02" }, "geometry": { "type": "Polygon", "coordinates": [ [ [ -108.0143, 36.6339 ], [ -107.9935, 36.6628 ], [ -107.9867, 36.6996 ], [ -107.9499, 36.7115 ], [ -107.935, 36.7052 ], [ -107.9129, 36.7088 ], [ -107.8786, 36.6972 ], [ -107.8333, 36.7079 ], [ -107.8139, 36.7243 ], [ -107.8161, 36.7467 ], [ -107.7929, 36.7438 ], [ -107.7803, 36.7566 ], [ -107.7478, 36.7589 ], [ -107.7315, 36.7821 ], [ -107.7197, 36.785 ], [ -107.7148, 36.7953 ], [ -107.6994, 36.799 ], [ -107.6963, 36.8105 ], [ -107.6751, 36.8091 ], [ -107.6501, 36.8272 ], [ -107.6172, 36.8065 ], [ -107.6077, 36.8086 ], [ -107.6041, 36.7985 ], [ -107.6182, 36.8043 ], [ -107.6242, 36.6265 ], [ -107.6894, 36.6524 ], [ -107.7525, 36.6938 ], [ -107.7576, 36.6885 ], [ -107.7505, 36.6812 ], [ -107.7658, 36.6651 ], [ -107.763, 36.6483 ], [ -107.7783, 36.646 ], [ -107.7932, 36.6516 ], [ -107.7866, 36.6403 ], [ -107.795, 36.6225 ], [ -107.7989, 36.6199 ], [ -107.8059, 36.6267 ], [ -107.8048, 36.6163 ], [ -107.8094, 36.6174 ], [ -107.8312, 36.5887 ], [ -107.8435, 36.5839 ], [ -107.8604, 36.5924 ], [ -107.8608, 36.5794 ], [ -107.8761, 36.5674 ], [ -107.889, 36.5666 ], [ -107.9248, 36.5874 ], [ -107.9408, 36.5756 ], [ -107.9479, 36.5908 ], [ -107.9508, 36.5825 ], [ -107.9818, 36.5652 ], [ -107.9787, 36.5715 ], [ -107.9892, 36.5695 ], [ -108.017, 36.6181 ], [ -108.0143, 36.6339 ] ] ] } },
{ "type": "Feature", "properties": { "GEOIDFQ": "1400000US35013001808", "NAME": "18.08", "NAMELSAD": "Census Tract 18.08" }, "geometry": { "type": "Polygon", "coordinates": [ [ [ -106.5885, 32.0247 ], [ -106.5828, 32.0101 ], [ -106.6237, 32.0103 ], [ -106.6297, 32.0248 ], [ -106.5885, 32.0247 ] ] ] } },
{ "type": "Feature", "properties": { "GEOIDFQ": "1400000US35013001318", "NAME": "13.18", "NAMELSAD": "Census Tract 13.18" }, "geometry": { "type": "Polygon", "coordinates": [ [ [ -106.8598, 32.436 ], [ -106.843, 32.4169 ], [ -106.8063, 32.3458 ], [ -106.8371, 32.3388 ], [ -106.8398, 32.3751 ], [ -106.8654, 32.3818 ], [ -106.8618, 32.4004 ], [ -106.8679, 32.4195 ], [ -106.8862, 32.4298 ], [ -106.8977, 32.4452 ], [ -106.8598, 32.436 ] ] ] } },
{ "type": "Feature", "properties": { "GEOIDFQ": "1400000US35013000203", "NAME": "2.03", "NAMELSAD": "Census Tract 2.03" }, "geometry": { "type": "Polygon", "coordinates": [ [ [ -106.8063, 32.3458 ], [ -106.7941, 32.3222 ], [ -106.8002, 32.3213 ], [ -106.7969, 32.3131 ], [ -106.8053, 32.3117 ], [ -106.8076, 32.3268 ], [ -106.8208, 32.3401 ], [ -106.8063, 32.3458 ] ] ] } },
{ "type": "Feature", "properties": { "GEOIDFQ": "1400000US35013000206", "NAME": "2.06", "NAMELSAD": "Census Tract 2.06" }, "geometry": { "type": "Polygon", "coordinates": [ [ [ -106.7969, 32.3131 ], [ -106.7925, 32.3037 ], [ -106.7854, 32.3053 ], [ -106.7748, 32.2878 ], [ -106.7791, 32.2846 ], [ -106.8034, 32.2952 ], [ -106.8054, 32.3111 ], [ -106.7969, 32.3131 ] ] ] } },
{ "type": "Feature", "properties": { "GEOIDFQ": "1400000US35013000205", "NAME": "2.05", "NAMELSAD": "Census Tract 2.05" }, "geometry": { "type": "Polygon", "coordinates": [ [ [ -106.8053, 32.3117 ], [ -106.8034, 32.2952 ], [ -106.7791, 32.2846 ], [ -106.7859, 32.2793 ], [ -106.7954, 32.283 ], [ -106.7966, 32.2781 ], [ -106.8156, 32.3096 ], [ -106.8053, 32.3117 ] ] ] } },
{ "type": "Feature", "properties": { "GEOIDFQ": "1400000US35013000901", "NAME": "9.01", "NAMELSAD": "Census Tract 9.01" }, "geometry": { "type": "Polygon", "coordinates": [ [ [ -106.7586, 32.3001 ], [ -106.7572, 32.2971 ], [ -106.7629, 32.2951 ], [ -106.7598, 32.2899 ], [ -106.7749, 32.2849 ], [ -106.7806, 32.2969 ], [ -106.7586, 32.3001 ] ] ] } },
{ "type": "Feature", "properties": { "GEOIDFQ": "1400000US35006941500", "NAME": "9415", "NAMELSAD": "Census Tract 9415" }, "geometry": { "type": "Polygon", "coordinates": [ [ [ -107.8644, 34.8191 ], [ -107.8623, 34.833 ], [ -107.8742, 34.8455 ], [ -107.8739, 34.8626 ], [ -107.8838, 34.8749 ], [ -107.8707, 34.8786 ], [ -107.8664, 34.8933 ], [ -107.858, 34.8966 ], [ -107.8534, 34.9329 ], [ -107.8421, 34.9291 ], [ -107.836, 34.937 ], [ -107.8403, 34.9432 ], [ -107.8241, 34.9408 ], [ -107.806, 34.987 ], [ -107.7876, 34.9872 ], [ -107.775, 34.9996 ], [ -107.751, 35.0078 ], [ -107.7513, 35.0913 ], [ -107.723, 35.0834 ], [ -107.5928, 35.0725 ], [ -107.5597, 35.074 ], [ -107.5668, 35.0847 ], [ -107.5572, 35.0847 ], [ -107.5562, 35.0705 ], [ -107.5448, 35.0687 ], [ -107.5433, 34.8697 ], [ -107.3095, 34.8701 ], [ -107.3098, 34.8415 ], [ -107.2922, 34.8415 ], [ -107.2922, 34.8256 ], [ -107.3098, 34.8256 ], [ -107.3098, 34.8115 ], [ -107.2922, 34.8115 ], [ -107.2922, 34.797 ], [ -107.2754, 34.7972 ], [ -107.2756, 34.7834 ], [ -107.2566, 34.7833 ], [ -107.2566, 34.7972 ], [ -107.2382, 34.7971 ], [ -107.2383, 34.783 ], [ -107.2209, 34.783 ], [ -107.2209, 34.797 ], [ -107.2033, 34.797 ], [ -107.2017, 34.5788 ], [ -107.7096, 34.5778 ], [ -107.7078, 34.6096 ], [ -107.7297, 34.6092 ], [ -107.7295, 34.6961 ], [ -107.8741, 34.6964 ], [ -107.8828, 34.707 ], [ -107.8825, 34.7297 ], [ -107.862, 34.7487 ], [ -107.8614, 34.7626 ], [ -107.8868, 34.7725 ], [ -107.906, 34.7582 ], [ -107.8644, 34.8191 ] ] ] } },
{ "type": "Feature", "properties": { "GEOIDFQ": "1400000US35049000900", "NAME": "9", "NAMELSAD": "Census Tract 9" }, "geometry": { "type": "Polygon", "coordinates": [ [ [ -105.9654, 35.68 ], [ -105.9645, 35.68 ], [ -105.9622, 35.6723 ], [ -105.9853, 35.6586 ], [ -105.9883, 35.6682 ], [ -105.9654, 35.68 ] ] ] } },
{ "type": "Feature", "properties": { "GEOIDFQ": "1400000US35049001203", "NAME": "12.03", "NAMELSAD": "Census Tract 12.03" }, "geometry": { "type": "Polygon", "coordinates": [ [ [ -106.0193, 35.6687 ], [ -105.9919, 35.6985 ], [ -105.9813, 35.6777 ], [ -105.9854, 35.6734 ], [ -106.0691, 35.639 ], [ -106.0193, 35.6687 ] ] ] } },
{ "type": "Feature", "properties": { "GEOIDFQ": "1400000US35049010304", "NAME": "103.04", "NAMELSAD": "Census Tract 103.04" }, "geometry": { "type": "Polygon", "coordinates": [ [ [ -106.11, 35.6389 ], [ -106.0757, 35.6654 ], [ -106.0454, 35.7044 ], [ -106.0356, 35.7041 ], [ -106.0217, 35.715 ], [ -105.995, 35.7052 ], [ -105.9919, 35.6985 ], [ -106.0189, 35.669 ], [ -106.0707, 35.6373 ], [ -106.0716, 35.6013 ], [ -106.0622, 35.5904 ], [ -106.0666, 35.5875 ], [ -106.0822, 35.5953 ], [ -106.1129, 35.5744 ], [ -106.1119, 35.5894 ], [ -106.1229, 35.5977 ], [ -106.11, 35.6389 ] ] ] } },
{ "type": "Feature", "properties": { "GEOIDFQ": "1400000US35049010500", "NAME": "105", "NAMELSAD": "Census Tract 105" }, "geometry": { "type": "Polygon", "coordinates": [ [ [ -105.8907, 35.7147 ], [ -105.8916, 35.7258 ], [ -105.8314, 35.7281 ], [ -105.818, 35.7199 ], [ -105.8266, 35.7069 ], [ -105.8237, 35.6887 ], [ -105.89, 35.6906 ], [ -105.8954, 35.6881 ], [ -105.8951, 35.6702 ], [ -105.9067, 35.6687 ], [ -105.9142, 35.6695 ], [ -105.9219, 35.6814 ], [ -105.8907, 35.7147 ] ] ] } },
{ "type": "Feature", "properties": { "GEOIDFQ": "1400000US35049000700", "NAME": "7", "NAMELSAD": "Census Tract 7" }, "geometry": { "type": "Polygon", "coordinates": [ [ [ -105.959, 35.6831 ], [ -105.9449, 35.6866 ], [ -105.9622, 35.6723 ], [ -105.9653, 35.68 ], [ -105.959, 35.6831 ] ] ] } },
{ "type": "Feature", "properties": { "GEOIDFQ": "1400000US35035000602", "NAME": "6.02", "NAMELSAD": "Census Tract 6.02" }, "geometry": { "type": "Polygon", "coordinates": [ [ [ -106.1371, 32.7967 ], [ -106.0672, 32.8321 ], [ -106.0675, 32.8563 ], [ -106.0522, 32.8738 ], [ -106.0049, 32.8742 ], [ -106.0114, 32.8545 ], [ -105.998, 32.8599 ], [ -105.9956, 32.8401 ], [ -106.016, 32.8151 ], [ -105.998, 32.8151 ], [ -105.9981, 32.8227 ], [ -105.9925, 32.8229 ], [ -105.9738, 32.8223 ], [ -105.975, 32.8156 ], [ -105.9258, 32.8172 ], [ -105.9281, 32.8235 ], [ -105.9334, 32.8217 ], [ -105.9305, 32.8361 ], [ -105.925, 32.8351 ], [ -105.9307, 32.8424 ], [ -105.9125, 32.8603 ], [ -105.9195, 32.8808 ], [ -105.9145, 32.8802 ], [ -105.915, 32.8981 ], [ -105.9049, 32.9075 ], [ -105.9346, 32.9387 ], [ -105.9328, 32.9447 ], [ -105.9252, 32.9442 ], [ -105.9325, 32.9495 ], [ -105.9294, 32.9574 ], [ -105.8706, 32.945 ], [ -105.8382, 32.9478 ], [ -105.8436, 32.9427 ], [ -105.8334, 32.9123 ], [ -105.8387, 32.9073 ], [ -105.8326, 32.9026 ], [ -105.8526, 32.8841 ], [ -105.8358, 32.8762 ], [ -105.8389, 32.859 ], [ -105.8214, 32.8336 ], [ -105.8352, 32.8258 ], [ -105.8301, 32.8127 ], [ -105.8424, 32.7764 ], [ -105.8328, 32.7564 ], [ -105.8398, 32.7456 ], [ -105.8315, 32.7317 ], [ -105.8202, 32.7265 ], [ -105.833, 32.7158 ], [ -105.8946, 32.7157 ], [ -105.9156, 32.7094 ], [ -105.9244, 32.7189 ], [ -105.9512, 32.7214 ], [ -106.0253, 32.7131 ], [ -106.1031, 32.6935 ], [ -106.1188, 32.7142 ], [ -106.1338, 32.7198 ], [ -106.1429, 32.7471 ], [ -106.1371, 32.7967 ] ] ] } },
{ "type": "Feature", "properties": { "GEOIDFQ": "1400000US35035000603", "NAME": "6.03", "NAMELSAD": "Census Tract 6.03" }, "geometry": { "type": "Polygon", "coordinates": [ [ [ -105.9468, 33.0125 ], [ -105.932, 33.0077 ], [ -105.8977, 33.0201 ], [ -105.8642, 33.0182 ], [ -105.8463, 33.0261 ], [ -105.8687, 33.0086 ], [ -105.8699, 32.9938 ], [ -105.9094, 32.9813 ], [ -105.8812, 32.9565 ], [ -105.8784, 32.9463 ], [ -105.9274, 32.9601 ], [ -105.9512, 32.9571 ], [ -105.9702, 32.9402 ], [ -106.0031, 33.0043 ], [ -105.9468, 33.0125 ] ] ] } },
{ "type": "Feature", "properties": { "GEOIDFQ": "1400000US35035000601", "NAME": "6.01", "NAMELSAD": "Census Tract 6.01" }, "geometry": { "type": "Polygon", "coordinates": [ [ [ -106.3764, 32.9104 ], [ -106.3527, 32.9183 ], [ -106.3459, 32.8964 ], [ -106.3021, 32.8809 ], [ -106.2529, 32.8876 ], [ -106.1506, 32.8841 ], [ -106.1288, 32.8989 ], [ -106.1357, 32.9169 ], [ -106.0976, 32.9173 ], [ -106.0921, 32.9092 ], [ -106.0662, 32.9329 ], [ -106.0677, 32.8505 ], [ -106.0882, 32.8334 ], [ -106.0825, 32.8244 ], [ -106.1371, 32.7967 ], [ -106.1429, 32.7465 ], [ -106.1338, 32.7198 ], [ -106.1188, 32.7142 ], [ -106.1031, 32.6935 ], [ -105.9916, 32.7165 ], [ -106.0202, 32.5458 ], [ -106.0318, 32.5179 ], [ -106.0329, 32.4427 ], [ -106.0458, 32.4086 ], [ -106.0912, 32.3645 ], [ -106.1524, 32.4053 ], [ -106.3257, 32.4004 ], [ -106.3256, 32.3872 ], [ -106.3689, 32.3878 ], [ -106.3769, 32.3929 ], [ -106.3764, 32.9104 ] ] ] } },
{ "type": "Feature", "properties": { "GEOIDFQ": "1400000US35035000401", "NAME": "4.01", "NAMELSAD": "Census Tract 4.01" }, "geometry": { "type": "Polygon", "coordinates": [ [ [ -105.9435, 32.8981 ], [ -105.9069, 32.9135 ], [ -105.9052, 32.9069 ], [ -105.915, 32.8981 ], [ -105.9106, 32.8915 ], [ -105.9438, 32.8912 ], [ -105.9435, 32.8981 ] ] ] } },
{ "type": "Feature", "properties": { "GEOIDFQ": "1400000US35035000100", "NAME": "1", "NAMELSAD": "Census Tract 1" }, "geometry": { "type": "Polygon", "coordinates": [ [ [ -105.9446, 32.8999 ], [ -105.9446, 32.905 ], [ -105.9375, 32.9018 ], [ -105.9441, 32.8904 ], [ -105.9614, 32.8902 ], [ -105.9616, 32.8991 ], [ -105.9446, 32.8999 ] ] ] } },
{ "type": "Feature", "properties": { "GEOIDFQ": "1400000US35035000200", "NAME": "2", "NAMELSAD": "Census Tract 2" }, "geometry": { "type": "Polygon", "coordinates": [ [ [ -105.9446, 32.9081 ], [ -105.9446, 32.8999 ], [ -105.9603, 32.8998 ], [ -105.9606, 32.908 ], [ -105.9446, 32.9081 ] ] ] } },
{ "type": "Feature", "properties": { "GEOIDFQ": "1400000US35001004724", "NAME": "47.24", "NAMELSAD": "Census Tract 47.24" }, "geometry": { "type": "Polygon", "coordinates": [ [ [ -106.7144, 35.1587 ], [ -106.7099, 35.1681 ], [ -106.7043, 35.1654 ], [ -106.6967, 35.1735 ], [ -106.6956, 35.1629 ], [ -106.7108, 35.1576 ], [ -106.7144, 35.1587 ] ] ] } },
{ "type": "Feature", "properties": { "GEOIDFQ": "1400000US35001004726", "NAME": "47.26", "NAMELSAD": "Census Tract 47.26" }, "geometry": { "type": "Polygon", "coordinates": [ [ [ -106.7185, 35.1522 ], [ -106.7217, 35.1557 ], [ -106.7192, 35.1576 ], [ -106.7105, 35.1422 ], [ -106.7201, 35.1406 ], [ -106.7256, 35.1458 ], [ -106.7185, 35.1522 ] ] ] } },
{ "type": "Feature", "properties": { "GEOIDFQ": "1400000US35001004728", "NAME": "47.28", "NAMELSAD": "Census Tract 47.28" }, "geometry": { "type": "Polygon", "coordinates": [ [ [ -106.6983, 35.1525 ], [ -106.6861, 35.1496 ], [ -106.7, 35.1393 ], [ -106.7015, 35.128 ], [ -106.7065, 35.1277 ], [ -106.7127, 35.1454 ], [ -106.6983, 35.1525 ] ] ] } },
{ "type": "Feature", "properties": { "GEOIDFQ": "1400000US35039944100", "NAME": "9441", "NAMELSAD": "Census Tract 9441" }, "geometry": { "type": "Polygon", "coordinates": [ [ [ -106.1187, 36.0901 ], [ -106.0255, 36.0898 ], [ -106.0248, 36.0166 ], [ -106.1187, 36.0163 ], [ -106.1187, 36.0901 ] ] ] } },
{ "type": "Feature", "properties": { "GEOIDFQ": "1400000US35049940900", "NAME": "9409", "NAMELSAD": "Census Tract 9409" }, "geometry": { "type": "Polygon", "coordinates": [ [ [ -106.0417, 36.002 ], [ -106.0418, 35.9308 ], [ -106.0543, 35.9308 ], [ -106.0542, 35.9859 ], [ -106.0659, 35.9893 ], [ -106.0649, 35.9967 ], [ -106.0714, 35.9998 ], [ -106.0417, 36.002 ] ] ] } },
{ "type": "Feature", "properties": { "GEOIDFQ": "1400000US35045943201", "NAME": "9432.01", "NAMELSAD": "Census Tract 9432.01" }, "geometry": { "type": "Polygon", "coordinates": [ [ [ -108.3563, 36.1152 ], [ -108.3559, 36.1492 ], [ -108.3728, 36.1807 ], [ -108.3708, 36.1952 ], [ -108.3452, 36.1864 ], [ -108.3322, 36.2039 ], [ -108.3249, 36.2033 ], [ -108.298, 36.1937 ], [ -108.296, 36.1833 ], [ -108.2718, 36.1647 ], [ -108.2704, 36.674 ], [ -108.2528, 36.6759 ], [ -108.2521, 36.7356 ], [ -108.2505, 36.7257 ], [ -108.2289, 36.7261 ], [ -108.2093, 36.7063 ], [ -108.1559, 36.7095 ], [ -108.0757, 36.6725 ], [ -108.0519, 36.6715 ], [ -108.0432, 36.6589 ], [ -108.0378, 36.675 ], [ -108.0149, 36.6792 ], [ -108.0228, 36.6958 ], [ -107.9869, 36.6998 ], [ -107.9935, 36.6628 ], [ -108.0143, 36.6339 ], [ -108.017, 36.6173 ], [ -107.9892, 36.5695 ], [ -107.9787, 36.5715 ], [ -107.9799, 36.57 ], [ -107.9818, 36.5654 ], [ -107.9818, 36.5652 ], [ -107.9508, 36.5825 ], [ -107.9479, 36.5908 ], [ -107.9408, 36.5756 ], [ -107.9248, 36.5874 ], [ -107.889, 36.5666 ], [ -107.8761, 36.5674 ], [ -107.8608, 36.5794 ], [ -107.8604, 36.5924 ], [ -107.8435, 36.5839 ], [ -107.8305, 36.589 ], [ -107.8094, 36.6174 ], [ -107.8048, 36.6163 ], [ -107.8059, 36.6267 ], [ -107.7989, 36.6199 ], [ -107.792, 36.6262 ], [ -107.7866, 36.6408 ], [ -107.7937, 36.6512 ], [ -107.7783, 36.646 ], [ -107.763, 36.6483 ], [ -107.7658, 36.6651 ], [ -107.7505, 36.6812 ], [ -107.7576, 36.6885 ], [ -107.7525, 36.6938 ], [ -107.6894, 36.6524 ], [ -107.6234, 36.627 ], [ -107.6265, 36.0003 ], [ -108.374, 36.0024 ], [ -108.3765, 36.0196 ], [ -108.3563, 36.1152 ] ] ] } },
{ "type": "Feature", "properties": { "GEOIDFQ": "1400000US35045943100", "NAME": "9431", "NAMELSAD": "Census Tract 9431" }, "geometry": { "type": "Polygon", "coordinates": [ [ [ -109.0461, 36.1415 ], [ -109.0308, 36.1477 ], [ -109.0262, 36.1413 ], [ -109.0139, 36.1422 ], [ -108.9966, 36.1205 ], [ -108.9182, 36.1783 ], [ -108.9205, 36.1683 ], [ -108.9179, 36.1646 ], [ -108.9146, 36.1676 ], [ -108.9022, 36.1575 ], [ -108.8845, 36.1551 ], [ -108.8902, 36.1349 ], [ -108.8822, 36.1207 ], [ -108.873, 36.1225 ], [ -108.875, 36.1162 ], [ -108.8567, 36.1088 ], [ -108.8603, 36.0958 ], [ -108.8389, 36.0939 ], [ -108.8239, 36.1045 ], [ -108.7514, 36.1188 ], [ -108.7083, 36.1428 ], [ -108.6716, 36.1447 ], [ -108.5672, 36.1651 ], [ -108.5524, 36.1762 ], [ -108.5214, 36.1782 ], [ -108.5166, 36.1895 ], [ -108.4887, 36.1678 ], [ -108.4713, 36.1718 ], [ -108.4665, 36.1932 ], [ -108.4442, 36.1958 ], [ -108.437, 36.1799 ], [ -108.4275, 36.1779 ], [ -108.4076, 36.1839 ], [ -108.3939, 36.1798 ], [ -108.3729, 36.1966 ], [ -108.3728, 36.1807 ], [ -108.3556, 36.1474 ], [ -108.3572, 36.101 ], [ -108.376, 36.0248 ], [ -108.374, 36.0024 ], [ -109.0461, 36.0027 ], [ -109.0461, 36.1415 ] ] ] } },
{ "type": "Feature", "properties": { "GEOIDFQ": "1400000US35045000100", "NAME": "1", "NAMELSAD": "Census Tract 1" }, "geometry": { "type": "Polygon", "coordinates": [ [ [ -108.2027, 36.7204 ], [ -108.1667, 36.7394 ], [ -108.15, 36.7072 ], [ -108.1721, 36.711 ], [ -108.1865, 36.705 ], [ -108.2089, 36.7062 ], [ -108.2224, 36.7139 ], [ -108.2244, 36.7217 ], [ -108.2027, 36.7204 ] ] ] } },
{ "type": "Feature", "properties": { "GEOIDFQ": "1400000US35045000201", "NAME": "2.01", "NAMELSAD": "Census Tract 2.01" }, "geometry": { "type": "Polygon", "coordinates": [ [ [ -108.1555, 36.7857 ], [ -108.1578, 36.7976 ], [ -108.1411, 36.8131 ], [ -108.1239, 36.8058 ], [ -108.1194, 36.7905 ], [ -108.1117, 36.7964 ], [ -108.1035, 36.7918 ], [ -108.1486, 36.7669 ], [ -108.1493, 36.7737 ], [ -108.1662, 36.7774 ], [ -108.1555, 36.7857 ] ] ] } },
{ "type": "Feature", "properties": { "GEOIDFQ": "1400000US35061970101", "NAME": "9701.01", "NAMELSAD": "Census Tract 9701.01" }, "geometry": { "type": "Polygon", "coordinates": [ [ [ -106.654, 34.8112 ], [ -106.4645, 34.811 ], [ -106.5168, 34.7948 ], [ -106.5732, 34.7894 ], [ -106.6579, 34.7976 ], [ -106.654, 34.8112 ] ] ] } },
{ "type": "Feature", "properties": { "GEOIDFQ": "1400000US35047957800", "NAME": "9578", "NAMELSAD": "Census Tract 9578" }, "geometry": { "type": "Polygon", "coordinates": [ [ [ -105.2461, 35.639 ], [ -105.2311, 35.6566 ], [ -105.2252, 35.6184 ], [ -105.2317, 35.6155 ], [ -105.2243, 35.6048 ], [ -105.2338, 35.5993 ], [ -105.229, 35.5926 ], [ -105.2386, 35.59 ], [ -105.2553, 35.6056 ], [ -105.2462, 35.6138 ], [ -105.2607, 35.6322 ], [ -105.2461, 35.639 ] ] ] } },
{ "type": "Feature", "properties": { "GEOIDFQ": "1400000US35047957300", "NAME": "9573", "NAMELSAD": "Census Tract 9573" }, "geometry": { "type": "Polygon", "coordinates": [ [ [ -105.2109, 35.6072 ], [ -105.2075, 35.6185 ], [ -105.2045, 35.625 ], [ -105.1869, 35.6198 ], [ -105.1898, 35.5997 ], [ -105.2219, 35.5926 ], [ -105.2338, 35.5993 ], [ -105.2109, 35.6072 ] ] ] } },
{ "type": "Feature", "properties": { "GEOIDFQ": "1400000US35061970800", "NAME": "9708", "NAMELSAD": "Census Tract 9708" }, "geometry": { "type": "Polygon", "coordinates": [ [ [ -106.7931, 34.6992 ], [ -106.7905, 34.7118 ], [ -106.7808, 34.6995 ], [ -106.7603, 34.6925 ], [ -106.767, 34.6613 ], [ -106.7761, 34.6628 ], [ -106.7787, 34.655 ], [ -106.796, 34.653 ], [ -106.7931, 34.6992 ] ] ] } },
{ "type": "Feature", "properties": { "GEOIDFQ": "1400000US35061970302", "NAME": "9703.02", "NAMELSAD": "Census Tract 9703.02" }, "geometry": { "type": "Polygon", "coordinates": [ [ [ -106.7322, 34.6921 ], [ -106.727, 34.6901 ], [ -106.7191, 34.7004 ], [ -106.7034, 34.7339 ], [ -106.7063, 34.7525 ], [ -106.6739, 34.7407 ], [ -106.5925, 34.7505 ], [ -106.5727, 34.7471 ], [ -106.5715, 34.759 ], [ -106.5528, 34.7589 ], [ -106.555, 34.7441 ], [ -106.5191, 34.7281 ], [ -106.503, 34.741 ], [ -106.4668, 34.7453 ], [ -106.4662, 34.671 ], [ -106.4917, 34.6902 ], [ -106.5169, 34.6893 ], [ -106.5284, 34.6833 ], [ -106.5624, 34.695 ], [ -106.6597, 34.6946 ], [ -106.6599, 34.6862 ], [ -106.6958, 34.6611 ], [ -106.7326, 34.6529 ], [ -106.7372, 34.6568 ], [ -106.7322, 34.6921 ] ] ] } },
{ "type": "Feature", "properties": { "GEOIDFQ": "1400000US35047957700", "NAME": "9577", "NAMELSAD": "Census Tract 9577" }, "geometry": { "type": "Polygon", "coordinates": [ [ [ -105.718, 35.5533 ], [ -105.6897, 35.5316 ], [ -105.6686, 35.4816 ], [ -105.5967, 35.4298 ], [ -105.5157, 35.415 ], [ -105.4624, 35.3972 ], [ -105.3176, 35.3933 ], [ -105.3101, 35.3548 ], [ -105.3283, 35.344 ], [ -105.3373, 35.3206 ], [ -105.3272, 35.2955 ], [ -105.3156, 35.2874 ], [ -105.3204, 35.2767 ], [ -105.3068, 35.2796 ], [ -105.3082, 35.2716 ], [ -105.3026, 35.278 ], [ -105.2967, 35.2653 ], [ -105.2925, 35.2712 ], [ -105.2784, 35.27 ], [ -105.2892, 35.2648 ], [ -105.2732, 35.2493 ], [ -105.2913, 35.2373 ], [ -105.2908, 35.042 ], [ -105.7144, 35.0416 ], [ -105.718, 35.5533 ] ] ] } },
{ "type": "Feature", "properties": { "GEOIDFQ": "1400000US35047957200", "NAME": "9572", "NAMELSAD": "Census Tract 9572" }, "geometry": { "type": "Polygon", "coordinates": [ [ [ -105.2246, 35.6671 ], [ -105.1967, 35.6637 ], [ -105.1952, 35.6446 ], [ -105.2109, 35.6072 ], [ -105.2243, 35.6048 ], [ -105.2317, 35.6155 ], [ -105.2252, 35.6184 ], [ -105.2319, 35.6588 ], [ -105.2246, 35.6671 ] ] ] } },
{ "type": "Feature", "properties": { "GEOIDFQ": "1400000US35047957400", "NAME": "9574", "NAMELSAD": "Census Tract 9574" }, "geometry": { "type": "Polygon", "coordinates": [ [ [ -105.187, 35.6004 ], [ -105.187, 35.5651 ], [ -105.2048, 35.5651 ], [ -105.2049, 35.5727 ], [ -105.2124, 35.5757 ], [ -105.225, 35.5571 ], [ -105.2346, 35.5575 ], [ -105.2386, 35.59 ], [ -105.187, 35.6004 ] ] ] } },
{ "type": "Feature", "properties": { "GEOIDFQ": "1400000US35035000404", "NAME": "4.04", "NAMELSAD": "Census Tract 4.04" }, "geometry": { "type": "Polygon", "coordinates": [ [ [ -105.9701, 32.8445 ], [ -105.9552, 32.8363 ], [ -105.9349, 32.8515 ], [ -105.9392, 32.8755 ], [ -105.9642, 32.8744 ], [ -105.9614, 32.8902 ], [ -105.9168, 32.8902 ], [ -105.9202, 32.8751 ], [ -105.9125, 32.8603 ], [ -105.9305, 32.8432 ], [ -105.9251, 32.8348 ], [ -105.9305, 32.8361 ], [ -105.934, 32.8251 ], [ -105.9258, 32.8172 ], [ -105.975, 32.8157 ], [ -105.9701, 32.8445 ] ] ] } },
{ "type": "Feature", "properties": { "GEOIDFQ": "1400000US35043011102", "NAME": "111.02", "NAMELSAD": "Census Tract 111.02" }, "geometry": { "type": "Polygon", "coordinates": [ [ [ -106.5859, 35.2386 ], [ -106.5985, 35.2806 ], [ -106.5782, 35.2986 ], [ -106.56, 35.2951 ], [ -106.553, 35.2848 ], [ -106.5338, 35.3162 ], [ -106.5028, 35.3123 ], [ -106.474, 35.3001 ], [ -106.4372, 35.3079 ], [ -106.4438, 35.3279 ], [ -106.4734, 35.3403 ], [ -106.4809, 35.358 ], [ -106.4043, 35.3546 ], [ -106.4042, 35.3483 ], [ -106.3948, 35.3484 ], [ -106.3997, 35.3652 ], [ -106.3552, 35.3656 ], [ -106.3559, 35.4676 ], [ -106.2488, 35.4433 ], [ -106.2442, 35.2157 ], [ -106.6054, 35.2174 ], [ -106.5859, 35.2386 ] ] ] } },
{ "type": "Feature", "properties": { "GEOIDFQ": "1400000US35043941000", "NAME": "9410", "NAMELSAD": "Census Tract 9410" }, "geometry": { "type": "Polygon", "coordinates": [ [ [ -106.6534, 35.6869 ], [ -106.629, 35.7029 ], [ -106.616, 35.722 ], [ -106.5843, 35.7319 ], [ -106.5691, 35.7461 ], [ -106.5601, 35.7455 ], [ -106.5395, 35.7678 ], [ -106.5324, 35.7917 ], [ -106.5444, 35.8011 ], [ -106.558, 35.8024 ], [ -106.5605, 35.8141 ], [ -106.5195, 35.8151 ], [ -106.4581, 35.8509 ], [ -106.428, 35.8538 ], [ -106.4222, 35.8475 ], [ -106.4126, 35.8528 ], [ -106.3996, 35.8282 ], [ -106.4189, 35.8255 ], [ -106.4111, 35.8109 ], [ -106.3824, 35.808 ], [ -106.3704, 35.8131 ], [ -106.357, 35.807 ], [ -106.357, 35.8164 ], [ -106.3249, 35.8071 ], [ -106.2826, 35.7919 ], [ -106.2506, 35.7563 ], [ -106.2487, 35.5465 ], [ -106.2853, 35.5477 ], [ -106.3126, 35.5701 ], [ -106.3814, 35.5698 ], [ -106.519, 35.635 ], [ -106.519, 35.6247 ], [ -106.539, 35.6246 ], [ -106.5391, 35.5485 ], [ -106.5168, 35.552 ], [ -106.4871, 35.533 ], [ -106.4941, 35.533 ], [ -106.4943, 35.5239 ], [ -106.5032, 35.5239 ], [ -106.4944, 35.4779 ], [ -106.4858, 35.4778 ], [ -106.4858, 35.4727 ], [ -106.4946, 35.4728 ], [ -106.4903, 35.4508 ], [ -106.5301, 35.4509 ], [ -106.5301, 35.4149 ], [ -106.5127, 35.4146 ], [ -106.5044, 35.403 ], [ -106.4947, 35.4031 ], [ -106.4872, 35.3927 ], [ -106.5014, 35.3925 ], [ -106.5012, 35.3823 ], [ -106.4964, 35.3876 ], [ -106.4872, 35.3877 ], [ -106.4871, 35.3846 ], [ -106.5117, 35.3797 ], [ -106.5153, 35.3592 ], [ -106.5372, 35.3497 ], [ -106.5575, 35.3221 ], [ -106.6314, 35.366 ], [ -106.6363, 35.3777 ], [ -106.6725, 35.3776 ], [ -106.6734, 35.4977 ], [ -106.6673, 35.4977 ], [ -106.6646, 35.5386 ], [ -106.6726, 35.5406 ], [ -106.651, 35.5548 ], [ -106.6234, 35.5516 ], [ -106.6239, 35.6205 ], [ -106.6688, 35.6232 ], [ -106.6692, 35.639 ], [ -106.6793, 35.6423 ], [ -106.6534, 35.6869 ] ] ] } },
{ "type": "Feature", "properties": { "GEOIDFQ": "1400000US35043010730", "NAME": "107.30", "NAMELSAD": "Census Tract 107.30" }, "geometry": { "type": "Polygon", "coordinates": [ [ [ -106.6969, 35.2415 ], [ -106.6966, 35.218 ], [ -106.729, 35.218 ], [ -106.7498, 35.229 ], [ -106.7511, 35.2416 ], [ -106.6969, 35.2415 ] ] ] } },
{ "type": "Feature", "properties": { "GEOIDFQ": "1400000US35043011101", "NAME": "111.01", "NAMELSAD": "Census Tract 111.01" }, "geometry": { "type": "Polygon", "coordinates": [ [ [ -106.5533, 35.3338 ], [ -106.5372, 35.3497 ], [ -106.516, 35.3585 ], [ -106.5097, 35.3681 ], [ -106.5137, 35.3596 ], [ -106.4809, 35.358 ], [ -106.4734, 35.3403 ], [ -106.4438, 35.3279 ], [ -106.4372, 35.3079 ], [ -106.474, 35.3001 ], [ -106.5028, 35.3123 ], [ -106.5338, 35.3162 ], [ -106.5214, 35.3343 ], [ -106.5393, 35.3343 ], [ -106.5394, 35.3261 ], [ -106.5536, 35.329 ], [ -106.5483, 35.3241 ], [ -106.5569, 35.3241 ], [ -106.5533, 35.3338 ] ] ] } },
{ "type": "Feature", "properties": { "GEOIDFQ": "1400000US35043010728", "NAME": "107.28", "NAMELSAD": "Census Tract 107.28" }, "geometry": { "type": "Polygon", "coordinates": [ [ [ -106.6363, 35.2967 ], [ -106.606, 35.2862 ], [ -106.6278, 35.266 ], [ -106.6381, 35.2742 ], [ -106.6833, 35.2743 ], [ -106.6363, 35.2967 ] ] ] } },
{ "type": "Feature", "properties": { "GEOIDFQ": "1400000US35043010729", "NAME": "107.29", "NAMELSAD": "Census Tract 107.29" }, "geometry": { "type": "Polygon", "coordinates": [ [ [ -106.6381, 35.2742 ], [ -106.6274, 35.2656 ], [ -106.6314, 35.2568 ], [ -106.6622, 35.2577 ], [ -106.687, 35.2727 ], [ -106.6381, 35.2742 ] ] ] } },
{ "type": "Feature", "properties": { "GEOIDFQ": "1400000US35043010734", "NAME": "107.34", "NAMELSAD": "Census Tract 107.34" }, "geometry": { "type": "Polygon", "coordinates": [ [ [ -106.8927, 35.4342 ], [ -106.8698, 35.4201 ], [ -106.84, 35.4139 ], [ -106.8332, 35.4066 ], [ -106.8149, 35.4064 ], [ -106.8084, 35.4001 ], [ -106.7611, 35.4032 ], [ -106.7394, 35.4107 ], [ -106.7259, 35.3932 ], [ -106.6727, 35.3921 ], [ -106.6725, 35.3776 ], [ -106.6363, 35.3777 ], [ -106.6346, 35.3714 ], [ -106.661, 35.365 ], [ -106.6702, 35.3449 ], [ -106.6961, 35.3397 ], [ -106.6969, 35.315 ], [ -106.713, 35.3111 ], [ -106.7183, 35.3179 ], [ -106.7313, 35.3186 ], [ -106.7261, 35.3063 ], [ -106.8244, 35.3071 ], [ -106.9059, 35.43 ], [ -106.8927, 35.4342 ] ] ] } },
{ "type": "Feature", "properties": { "GEOIDFQ": "1400000US35043010727", "NAME": "107.27", "NAMELSAD": "Census Tract 107.27" }, "geometry": { "type": "Polygon", "coordinates": [ [ [ -106.6968, 35.3388 ], [ -106.6695, 35.3454 ], [ -106.6602, 35.3656 ], [ -106.6386, 35.358 ], [ -106.6327, 35.3442 ], [ -106.6153, 35.3481 ], [ -106.6154, 35.3397 ], [ -106.5993, 35.3327 ], [ -106.5964, 35.3279 ], [ -106.6178, 35.3136 ], [ -106.6581, 35.3063 ], [ -106.6571, 35.2869 ], [ -106.6968, 35.2678 ], [ -106.6968, 35.3388 ] ] ] } },
{ "type": "Feature", "properties": { "GEOIDFQ": "1400000US35043010726", "NAME": "107.26", "NAMELSAD": "Census Tract 107.26" }, "geometry": { "type": "Polygon", "coordinates": [ [ [ -106.6215, 35.312 ], [ -106.5961, 35.3282 ], [ -106.5754, 35.3194 ], [ -106.606, 35.2862 ], [ -106.6276, 35.2967 ], [ -106.6571, 35.2869 ], [ -106.6581, 35.3042 ], [ -106.6215, 35.312 ] ] ] } },
{ "type": "Feature", "properties": { "GEOIDFQ": "1400000US35055952300", "NAME": "9523", "NAMELSAD": "Census Tract 9523" }, "geometry": { "type": "Polygon", "coordinates": [ [ [ -106.0383, 36.3257 ], [ -106.0018, 36.332 ], [ -105.96, 36.3538 ], [ -105.9515, 36.3798 ], [ -105.9545, 36.4257 ], [ -105.9385, 36.4655 ], [ -105.9725, 36.6481 ], [ -105.9844, 36.6453 ], [ -105.9843, 36.6596 ], [ -105.9681, 36.6612 ], [ -105.9811, 36.7128 ], [ -105.9845, 36.8114 ], [ -105.9746, 36.8375 ], [ -105.9719, 36.8862 ], [ -106.0063, 36.9953 ], [ -105.5223, 36.9955 ], [ -105.5836, 36.8717 ], [ -105.5959, 36.7037 ], [ -105.6261, 36.6814 ], [ -105.6397, 36.642 ], [ -105.6628, 36.6081 ], [ -105.6607, 36.5866 ], [ -105.6747, 36.5622 ], [ -105.667, 36.5213 ], [ -105.6589, 36.516 ], [ -105.7189, 36.4965 ], [ -105.72, 36.485 ], [ -105.7256, 36.4898 ], [ -105.7318, 36.4823 ], [ -105.7295, 36.4482 ], [ -105.7175, 36.4172 ], [ -105.7331, 36.3353 ], [ -105.7471, 36.3295 ], [ -105.7857, 36.2879 ], [ -105.7875, 36.2688 ], [ -105.8561, 36.2296 ], [ -106.0578, 36.2976 ], [ -106.0383, 36.3257 ] ] ] } },
{ "type": "Feature", "properties": { "GEOIDFQ": "1400000US35055940000", "NAME": "9400", "NAMELSAD": "Census Tract 9400" }, "geometry": { "type": "Polygon", "coordinates": [ [ [ -105.6627, 36.2386 ], [ -105.6626, 36.1624 ], [ -105.7562, 36.1626 ], [ -105.7564, 36.2382 ], [ -105.6627, 36.2386 ] ] ] } },
{ "type": "Feature", "properties": { "GEOIDFQ": "1400000US35061941400", "NAME": "9414", "NAMELSAD": "Census Tract 9414" }, "geometry": { "type": "Polygon", "coordinates": [ [ [ -106.7208, 34.8701 ], [ -106.7153, 34.8383 ], [ -106.7296, 34.836 ], [ -106.7358, 34.8075 ], [ -106.7614, 34.8145 ], [ -106.7553, 34.8287 ], [ -106.7727, 34.8287 ], [ -106.7685, 34.836 ], [ -106.7936, 34.836 ], [ -106.8049, 34.8238 ], [ -106.847, 34.8183 ], [ -106.8545, 34.7763 ], [ -106.8881, 34.7629 ], [ -106.9204, 34.7838 ], [ -106.966, 34.7785 ], [ -106.9895, 34.7937 ], [ -106.9954, 34.8357 ], [ -107.003, 34.8371 ], [ -106.9977, 34.8405 ], [ -107.0097, 34.8558 ], [ -107.0192, 34.8556 ], [ -107.0107, 34.8598 ], [ -107.0229, 34.87 ], [ -106.7208, 34.8701 ] ], [ [ -106.8865, 34.8117 ], [ -106.8748, 34.8117 ], [ -106.8418, 34.8249 ], [ -106.8621, 34.8234 ], [ -106.8621, 34.836 ], [ -106.8865, 34.836 ], [ -106.8865, 34.8117 ] ] ] } },
{ "type": "Feature", "properties": { "GEOIDFQ": "1400000US35061980300", "NAME": "9803", "NAMELSAD": "Census Tract 9803" }, "geometry": { "type": "Polygon", "coordinates": [ [ [ -106.7936, 34.836 ], [ -106.7685, 34.836 ], [ -106.7727, 34.8287 ], [ -106.7553, 34.8287 ], [ -106.7614, 34.8145 ], [ -106.8068, 34.8266 ], [ -106.7936, 34.836 ] ] ] } },
{ "type": "Feature", "properties": { "GEOIDFQ": "1400000US35061980200", "NAME": "9802", "NAMELSAD": "Census Tract 9802" }, "geometry": { "type": "Polygon", "coordinates": [ [ [ -106.7669, 34.7914 ], [ -106.7619, 34.7909 ], [ -106.7632, 34.7831 ], [ -106.7701, 34.7857 ], [ -106.7669, 34.7914 ] ] ] } },
{ "type": "Feature", "properties": { "GEOIDFQ": "1400000US35061980400", "NAME": "9804", "NAMELSAD": "Census Tract 9804" }, "geometry": { "type": "Polygon", "coordinates": [ [ [ -106.8865, 34.836 ], [ -106.8621, 34.836 ], [ -106.8621, 34.8234 ], [ -106.8418, 34.8249 ], [ -106.8748, 34.8117 ], [ -106.8865, 34.8117 ], [ -106.8865, 34.836 ] ] ] } },
{ "type": "Feature", "properties": { "GEOIDFQ": "1400000US35035000904", "NAME": "9.04", "NAMELSAD": "Census Tract 9.04" }, "geometry": { "type": "Polygon", "coordinates": [ [ [ -106.3769, 32.3887 ], [ -106.3256, 32.3872 ], [ -106.3257, 32.4004 ], [ -106.1524, 32.4053 ], [ -106.0912, 32.3645 ], [ -106.0477, 32.4057 ], [ -106.0329, 32.4427 ], [ -106.0318, 32.5179 ], [ -106.0202, 32.5458 ], [ -105.9916, 32.7165 ], [ -105.9463, 32.721 ], [ -105.9244, 32.7189 ], [ -105.9156, 32.7094 ], [ -105.8946, 32.7157 ], [ -105.8366, 32.7146 ], [ -105.8215, 32.7242 ], [ -105.8398, 32.7456 ], [ -105.8328, 32.7564 ], [ -105.8424, 32.7764 ], [ -105.8301, 32.8127 ], [ -105.8352, 32.8258 ], [ -105.8214, 32.8336 ], [ -105.8389, 32.859 ], [ -105.8358, 32.8762 ], [ -105.8526, 32.8839 ], [ -105.8326, 32.9026 ], [ -105.8387, 32.9073 ], [ -105.8334, 32.9123 ], [ -105.8436, 32.9427 ], [ -105.8381, 32.9473 ], [ -105.8173, 32.9309 ], [ -105.7889, 32.9241 ], [ -105.7973, 32.9176 ], [ -105.7721, 32.907 ], [ -105.7545, 32.9208 ], [ -105.7332, 32.9198 ], [ -105.7314, 32.9254 ], [ -105.7029, 32.9074 ], [ -105.6909, 32.9071 ], [ -105.6656, 32.8852 ], [ -105.6127, 32.8667 ], [ -105.599, 32.8561 ], [ -105.5831, 32.859 ], [ -105.5079, 32.85 ], [ -105.4957, 32.8719 ], [ -105.4886, 32.8775 ], [ -105.4811, 32.8654 ], [ -105.4582, 32.8624 ], [ -105.4585, 32.8478 ], [ -105.4459, 32.8408 ], [ -105.4516, 32.8376 ], [ -105.4397, 32.8208 ], [ -105.4016, 32.8246 ], [ -105.3735, 32.8355 ], [ -105.3615, 32.848 ], [ -105.3597, 32.8641 ], [ -105.3523, 32.8666 ], [ -105.354, 32.5188 ], [ -104.8515, 32.5205 ], [ -104.8477, 32.0004 ], [ -106.3772, 32.0015 ], [ -106.3773, 32.0194 ], [ -106.3272, 32.0219 ], [ -106.3262, 32.0131 ], [ -106.3161, 32.0126 ], [ -106.2732, 32.082 ], [ -106.3772, 32.0813 ], [ -106.3769, 32.3887 ] ] ] } },
{ "type": "Feature", "properties": { "GEOIDFQ": "1400000US35035000701", "NAME": "7.01", "NAMELSAD": "Census Tract 7.01" }, "geometry": { "type": "Polygon", "coordinates": [ [ [ -106.3407, 32.9584 ], [ -106.3457, 33.3906 ], [ -105.9316, 33.3899 ], [ -105.9296, 33.2184 ], [ -105.8274, 33.2178 ], [ -105.8272, 33.1645 ], [ -105.873, 33.1611 ], [ -105.9782, 33.0837 ], [ -106.0106, 33.0798 ], [ -106.0149, 33.0601 ], [ -105.9923, 33.0039 ], [ -106.0034, 33.0042 ], [ -105.9874, 32.9737 ], [ -105.9898, 32.966 ], [ -106.0213, 32.951 ], [ -106.0406, 32.9332 ], [ -106.0718, 32.9332 ], [ -106.0921, 32.9092 ], [ -106.0976, 32.9173 ], [ -106.1357, 32.9169 ], [ -106.1288, 32.8989 ], [ -106.1497, 32.8842 ], [ -106.2529, 32.8876 ], [ -106.292, 32.8807 ], [ -106.3455, 32.8961 ], [ -106.3527, 32.9183 ], [ -106.3764, 32.9104 ], [ -106.3766, 32.9581 ], [ -106.3407, 32.9584 ] ] ] } },
{ "type": "Feature", "properties": { "GEOIDFQ": "1400000US35035000702", "NAME": "7.02", "NAMELSAD": "Census Tract 7.02" }, "geometry": { "type": "Polygon", "coordinates": [ [ [ -106.0107, 33.0695 ], [ -106.0106, 33.0798 ], [ -105.9805, 33.0826 ], [ -105.9394, 33.108 ], [ -105.873, 33.1611 ], [ -105.8272, 33.1645 ], [ -105.8292, 33.0334 ], [ -105.8377, 33.0337 ], [ -105.8378, 33.0308 ], [ -105.8486, 33.0228 ], [ -105.8463, 33.0261 ], [ -105.8642, 33.0182 ], [ -105.8977, 33.0201 ], [ -105.932, 33.0077 ], [ -105.9552, 33.0121 ], [ -105.9923, 33.0039 ], [ -106.0156, 33.0695 ], [ -106.0107, 33.0695 ] ] ] } },
{ "type": "Feature", "properties": { "GEOIDFQ": "1400000US35035000502", "NAME": "5.02", "NAMELSAD": "Census Tract 5.02" }, "geometry": { "type": "Polygon", "coordinates": [ [ [ -106.0662, 32.9329 ], [ -106.0391, 32.9339 ], [ -106.0213, 32.951 ], [ -105.9898, 32.966 ], [ -105.9874, 32.9737 ], [ -105.9611, 32.9266 ], [ -105.9642, 32.8744 ], [ -106.0114, 32.8545 ], [ -106.0049, 32.8742 ], [ -106.0522, 32.8738 ], [ -106.0675, 32.8563 ], [ -106.0662, 32.9329 ] ] ] } },
{ "type": "Feature", "properties": { "GEOIDFQ": "1400000US35035000501", "NAME": "5.01", "NAMELSAD": "Census Tract 5.01" }, "geometry": { "type": "Polygon", "coordinates": [ [ [ -105.9956, 32.8401 ], [ -105.998, 32.8599 ], [ -105.9642, 32.8744 ], [ -105.9738, 32.8223 ], [ -105.9981, 32.8227 ], [ -105.998, 32.8151 ], [ -106.0159, 32.8154 ], [ -105.9956, 32.8401 ] ] ] } },
{ "type": "Feature", "properties": { "GEOIDFQ": "1400000US35035000403", "NAME": "4.03", "NAMELSAD": "Census Tract 4.03" }, "geometry": { "type": "Polygon", "coordinates": [ [ [ -105.9642, 32.8744 ], [ -105.9392, 32.8755 ], [ -105.9349, 32.8515 ], [ -105.942, 32.8432 ], [ -105.963, 32.8379 ], [ -105.9688, 32.8523 ], [ -105.9642, 32.8744 ] ] ] } },
{ "type": "Feature", "properties": { "GEOIDFQ": "1400000US35035000903", "NAME": "9.03", "NAMELSAD": "Census Tract 9.03" }, "geometry": { "type": "Polygon", "coordinates": [ [ [ -106.3772, 32.0813 ], [ -106.2732, 32.082 ], [ -106.3161, 32.0126 ], [ -106.3262, 32.0131 ], [ -106.3272, 32.0219 ], [ -106.3773, 32.0194 ], [ -106.3772, 32.0813 ] ] ] } },
{ "type": "Feature", "properties": { "GEOIDFQ": "1400000US35005001200", "NAME": "12", "NAMELSAD": "Census Tract 12" }, "geometry": { "type": "Polygon", "coordinates": [ [ [ -104.395, 33.3969 ], [ -104.4009, 33.4029 ], [ -104.396, 33.4061 ], [ -104.3994, 33.4175 ], [ -104.3762, 33.4571 ], [ -104.3913, 33.4831 ], [ -104.3849, 33.4947 ], [ -104.3884, 33.5046 ], [ -104.3815, 33.5088 ], [ -104.3899, 33.5198 ], [ -104.3668, 33.5298 ], [ -104.3796, 33.5396 ], [ -104.3663, 33.5615 ], [ -104.3802, 33.5769 ], [ -104.3635, 33.5969 ], [ -104.3726, 33.6032 ], [ -104.3662, 33.629 ], [ -104.3583, 33.6299 ], [ -104.3476, 33.6576 ], [ -104.3152, 33.68 ], [ -104.3245, 33.7101 ], [ -104.323, 33.7288 ], [ -104.3155, 33.7356 ], [ -104.3222, 33.7431 ], [ -104.3056, 33.7513 ], [ -104.3123, 33.7728 ], [ -104.2946, 33.8018 ], [ -104.3039, 33.8089 ], [ -104.295, 33.8119 ], [ -104.2929, 33.825 ], [ -104.3009, 33.8461 ], [ -104.2877, 33.8463 ], [ -104.2921, 33.8553 ], [ -104.2744, 33.8583 ], [ -104.2841, 33.8696 ], [ -104.2736, 33.8755 ], [ -104.2763, 33.8896 ], [ -104.2689, 33.899 ], [ -104.278, 33.922 ], [ -104.2743, 33.926 ], [ -104.2633, 33.9215 ], [ -104.2651, 33.9295 ], [ -104.2825, 33.9406 ], [ -104.2672, 33.9421 ], [ -104.2661, 33.947 ], [ -104.2847, 33.963 ], [ -104.2646, 33.9793 ], [ -104.2798, 33.9914 ], [ -104.3015, 33.9829 ], [ -104.304, 33.9931 ], [ -104.3174, 33.9959 ], [ -104.1563, 33.9954 ], [ -104.1556, 34.0832 ], [ -103.8417, 34.0819 ], [ -103.8419, 33.8192 ], [ -103.7169, 33.8196 ], [ -103.7183, 33.6562 ], [ -103.5098, 33.6573 ], [ -103.5101, 33.5701 ], [ -103.7208, 33.5695 ], [ -103.7214, 33.3954 ], [ -103.7664, 33.3953 ], [ -103.7664, 33.1402 ], [ -103.7847, 33.1452 ], [ -103.8007, 33.1418 ], [ -103.8001, 33.1201 ], [ -103.8114, 33.1191 ], [ -103.816, 33.1372 ], [ -103.8923, 33.1425 ], [ -103.8987, 33.1347 ], [ -103.9188, 33.1445 ], [ -103.958, 33.1446 ], [ -103.9999, 33.1261 ], [ -104.0726, 33.1165 ], [ -104.0919, 33.1075 ], [ -104.1387, 33.1156 ], [ -104.2238, 33.2413 ], [ -104.2596, 33.2416 ], [ -104.3053, 33.2231 ], [ -104.3323, 33.223 ], [ -104.3337, 33.2341 ], [ -104.3467, 33.2178 ], [ -104.3568, 33.2326 ], [ -104.3541, 33.2421 ], [ -104.3722, 33.2408 ], [ -104.3715, 33.2559 ], [ -104.4152, 33.256 ], [ -104.4835, 33.3502 ], [ -104.4744, 33.3502 ], [ -104.4745, 33.3796 ], [ -104.488, 33.3796 ], [ -104.4881, 33.3942 ], [ -104.395, 33.3969 ] ] ] } },
{ "type": "Feature", "properties": { "GEOIDFQ": "1400000US35005001400", "NAME": "14", "NAMELSAD": "Census Tract 14" }, "geometry": { "type": "Polygon", "coordinates": [ [ [ -104.8197, 32.9739 ], [ -104.8143, 32.9865 ], [ -104.7926, 32.9995 ], [ -104.7769, 33.0201 ], [ -104.7567, 33.0254 ], [ -104.7304, 33.0451 ], [ -104.6698, 33.052 ], [ -104.654, 33.073 ], [ -104.6241, 33.0797 ], [ -104.6035, 33.0968 ], [ -104.5747, 33.0871 ], [ -104.5646, 33.095 ], [ -104.5491, 33.09 ], [ -104.5448, 33.1006 ], [ -104.513, 33.1071 ], [ -104.4708, 33.0968 ], [ -104.4207, 33.1012 ], [ -104.4111, 33.1093 ], [ -104.3964, 33.1083 ], [ -104.3879, 33.119 ], [ -104.388, 33.1395 ], [ -104.3288, 33.138 ], [ -104.3096, 33.143 ], [ -104.3138, 33.1326 ], [ -104.3006, 33.1332 ], [ -104.3002, 33.1395 ], [ -104.2455, 33.1391 ], [ -104.2395, 33.1257 ], [ -104.2261, 33.1191 ], [ -104.198, 33.1371 ], [ -104.1985, 33.107 ], [ -104.162, 33.1399 ], [ -104.1387, 33.1156 ], [ -104.0919, 33.1075 ], [ -104.0726, 33.1165 ], [ -103.9999, 33.1261 ], [ -103.9658, 33.1441 ], [ -103.9188, 33.1445 ], [ -103.8987, 33.1347 ], [ -103.8923, 33.1425 ], [ -103.816, 33.1372 ], [ -103.8132, 33.1191 ], [ -103.8001, 33.1201 ], [ -103.8007, 33.1418 ], [ -103.7847, 33.1452 ], [ -103.7664, 33.1402 ], [ -103.7664, 32.9653 ], [ -104.8407, 32.9632 ], [ -104.8197, 32.9739 ] ] ] } },
{ "type": "Feature", "properties": { "GEOIDFQ": "1400000US35061971301", "NAME": "9713.01", "NAMELSAD": "Census Tract 9713.01" }, "geometry": { "type": "Polygon", "coordinates": [ [ [ -107.2029, 34.9576 ], [ -107.0666, 34.9572 ], [ -107.0245, 34.87 ], [ -107.0107, 34.8598 ], [ -107.0186, 34.8577 ], [ -107.0192, 34.8556 ], [ -107.0097, 34.8558 ], [ -106.9982, 34.8417 ], [ -107.0032, 34.8376 ], [ -106.9948, 34.8342 ], [ -106.9895, 34.7937 ], [ -106.966, 34.7785 ], [ -106.9204, 34.7838 ], [ -106.8905, 34.7632 ], [ -106.847, 34.7725 ], [ -106.8217, 34.7542 ], [ -106.7913, 34.708 ], [ -106.7971, 34.6606 ], [ -106.7829, 34.6288 ], [ -106.7978, 34.5438 ], [ -106.8828, 34.5796 ], [ -107.2017, 34.5788 ], [ -107.2029, 34.9576 ] ], [ [ -106.8491, 34.6351 ], [ -106.8205, 34.635 ], [ -106.8205, 34.6551 ], [ -106.8513, 34.6525 ], [ -106.8491, 34.6351 ] ] ] } },
{ "type": "Feature", "properties": { "GEOIDFQ": "1400000US35061970305", "NAME": "9703.05", "NAMELSAD": "Census Tract 9703.05" }, "geometry": { "type": "Polygon", "coordinates": [ [ [ -106.7383, 34.7272 ], [ -106.7449, 34.7407 ], [ -106.7421, 34.7515 ], [ -106.7182, 34.8046 ], [ -106.7147, 34.7978 ], [ -106.701, 34.7973 ], [ -106.7017, 34.7907 ], [ -106.7271, 34.7452 ], [ -106.7313, 34.7198 ], [ -106.7127, 34.7169 ], [ -106.7269, 34.6902 ], [ -106.7322, 34.6921 ], [ -106.7361, 34.6529 ], [ -106.7456, 34.6611 ], [ -106.7426, 34.6851 ], [ -106.7513, 34.7056 ], [ -106.7383, 34.7272 ] ] ] } },
{ "type": "Feature", "properties": { "GEOIDFQ": "1400000US35061970304", "NAME": "9703.04", "NAMELSAD": "Census Tract 9703.04" }, "geometry": { "type": "Polygon", "coordinates": [ [ [ -106.7201, 34.7654 ], [ -106.7078, 34.7766 ], [ -106.701, 34.7973 ], [ -106.6737, 34.7962 ], [ -106.6785, 34.7761 ], [ -106.7063, 34.7525 ], [ -106.7034, 34.734 ], [ -106.7129, 34.7196 ], [ -106.7311, 34.7213 ], [ -106.7201, 34.7654 ] ] ] } },
{ "type": "Feature", "properties": { "GEOIDFQ": "1400000US35061970306", "NAME": "9703.06", "NAMELSAD": "Census Tract 9703.06" }, "geometry": { "type": "Polygon", "coordinates": [ [ [ -106.6785, 34.7761 ], [ -106.6712, 34.7976 ], [ -106.6523, 34.7976 ], [ -106.6492, 34.7852 ], [ -106.6695, 34.7591 ], [ -106.5715, 34.759 ], [ -106.5727, 34.7471 ], [ -106.5925, 34.7505 ], [ -106.6739, 34.7407 ], [ -106.7007, 34.7534 ], [ -106.6785, 34.7761 ] ] ] } },
{ "type": "Feature", "properties": { "GEOIDFQ": "1400000US35061970307", "NAME": "9703.07", "NAMELSAD": "Census Tract 9703.07" }, "geometry": { "type": "Polygon", "coordinates": [ [ [ -106.6496, 34.7832 ], [ -106.6523, 34.7976 ], [ -106.5617, 34.79 ], [ -106.4646, 34.808 ], [ -106.4668, 34.7453 ], [ -106.503, 34.741 ], [ -106.5182, 34.7283 ], [ -106.555, 34.7441 ], [ -106.5528, 34.7589 ], [ -106.6695, 34.7591 ], [ -106.6496, 34.7832 ] ] ] } },
{ "type": "Feature", "properties": { "GEOIDFQ": "1400000US35061970103", "NAME": "9701.03", "NAMELSAD": "Census Tract 9701.03" }, "geometry": { "type": "Polygon", "coordinates": [ [ [ -106.7073, 34.8118 ], [ -106.714, 34.8273 ], [ -106.7137, 34.8307 ], [ -106.7061, 34.8125 ], [ -106.6841, 34.8171 ], [ -106.654, 34.8112 ], [ -106.6579, 34.7976 ], [ -106.7147, 34.7978 ], [ -106.7181, 34.8047 ], [ -106.7073, 34.8118 ] ] ] } },
{ "type": "Feature", "properties": { "GEOIDFQ": "1400000US35041000402", "NAME": "4.02", "NAMELSAD": "Census Tract 4.02" }, "geometry": { "type": "Polygon", "coordinates": [ [ [ -103.7373, 33.8561 ], [ -103.6909, 33.9151 ], [ -103.6667, 33.9184 ], [ -103.6624, 33.9366 ], [ -103.6495, 33.9366 ], [ -103.6494, 33.9475 ], [ -103.6222, 33.979 ], [ -103.3703, 34.1642 ], [ -103.3701, 34.1562 ], [ -103.3263, 34.1569 ], [ -103.3264, 34.1715 ], [ -103.3177, 34.1716 ], [ -103.3198, 34.201 ], [ -103.2264, 34.2685 ], [ -103.1973, 34.3031 ], [ -103.0438, 34.3026 ], [ -103.0526, 33.5706 ], [ -103.5101, 33.5701 ], [ -103.5098, 33.6573 ], [ -103.7183, 33.6562 ], [ -103.7169, 33.8196 ], [ -103.8168, 33.8192 ], [ -103.7373, 33.8561 ] ] ] } },
{ "type": "Feature", "properties": { "GEOIDFQ": "1400000US35041000401", "NAME": "4.01", "NAMELSAD": "Census Tract 4.01" }, "geometry": { "type": "Polygon", "coordinates": [ [ [ -103.9488, 34.6051 ], [ -103.7382, 34.6047 ], [ -103.7401, 34.3031 ], [ -103.1973, 34.3031 ], [ -103.2264, 34.2685 ], [ -103.3204, 34.2006 ], [ -103.3697, 34.2004 ], [ -103.3698, 34.1708 ], [ -103.3621, 34.1703 ], [ -103.6222, 33.979 ], [ -103.6494, 33.9475 ], [ -103.6495, 33.9366 ], [ -103.6624, 33.9366 ], [ -103.6667, 33.9184 ], [ -103.6909, 33.9151 ], [ -103.7373, 33.8561 ], [ -103.8168, 33.8192 ], [ -103.8419, 33.8192 ], [ -103.8417, 34.0819 ], [ -103.946, 34.0825 ], [ -103.9488, 34.6051 ] ] ] } },
{ "type": "Feature", "properties": { "GEOIDFQ": "1400000US35051962402", "NAME": "9624.02", "NAMELSAD": "Census Tract 9624.02" }, "geometry": { "type": "Polygon", "coordinates": [ [ [ -108.0006, 33.478 ], [ -107.2208, 33.478 ], [ -107.2484, 33.4354 ], [ -107.2958, 33.3262 ], [ -107.2889, 33.2967 ], [ -107.2755, 33.2825 ], [ -107.2658, 33.2525 ], [ -107.305, 33.2564 ], [ -107.3425, 33.2527 ], [ -107.3497, 33.2356 ], [ -107.3724, 33.2386 ], [ -107.4192, 33.2005 ], [ -107.4431, 33.1964 ], [ -107.4312, 33.1907 ], [ -107.4051, 33.1596 ], [ -107.3703, 33.1428 ], [ -107.3688, 33.1276 ], [ -107.342, 33.1135 ], [ -107.3314, 33.0992 ], [ -107.2794, 33.0997 ], [ -107.2932, 33.083 ], [ -107.2742, 33.0684 ], [ -107.2845, 32.9887 ], [ -107.2959, 32.9599 ], [ -107.2917, 32.8877 ], [ -107.3063, 32.8625 ], [ -107.2916, 32.8549 ], [ -107.2957, 32.8344 ], [ -107.3049, 32.8279 ], [ -107.3071, 32.7988 ], [ -107.2995, 32.7801 ], [ -107.2996, 32.6054 ], [ -107.6085, 32.6054 ], [ -107.7369, 32.6295 ], [ -107.7241, 32.6675 ], [ -107.7274, 32.6921 ], [ -107.7196, 32.6975 ], [ -107.7153, 32.7216 ], [ -107.7229, 32.7361 ], [ -107.7162, 32.763 ], [ -107.7218, 32.7788 ], [ -107.7369, 32.7844 ], [ -107.7479, 32.8001 ], [ -107.7451, 32.8253 ], [ -107.7584, 32.8461 ], [ -107.7736, 32.8551 ], [ -107.7789, 32.8969 ], [ -107.7653, 32.9118 ], [ -107.7757, 32.9308 ], [ -107.7704, 32.9409 ], [ -107.776, 32.9523 ], [ -107.7918, 32.9481 ], [ -107.8039, 32.9591 ], [ -107.8298, 32.9639 ], [ -107.8407, 32.9876 ], [ -107.8567, 33.0025 ], [ -107.8462, 33.0134 ], [ -107.8568, 33.0366 ], [ -107.8515, 33.0562 ], [ -107.8334, 33.074 ], [ -107.8455, 33.0842 ], [ -107.8422, 33.0964 ], [ -107.8507, 33.1201 ], [ -107.8456, 33.1309 ], [ -107.8529, 33.1343 ], [ -107.8576, 33.165 ], [ -107.8421, 33.173 ], [ -107.8395, 33.1825 ], [ -107.8554, 33.1911 ], [ -107.8612, 33.1877 ], [ -107.8583, 33.2009 ], [ -108.0006, 33.2013 ], [ -108.0006, 33.478 ] ] ] } },
{ "type": "Feature", "properties": { "GEOIDFQ": "1400000US35051962401", "NAME": "9624.01", "NAMELSAD": "Census Tract 9624.01" }, "geometry": { "type": "Polygon", "coordinates": [ [ [ -107.4192, 33.2005 ], [ -107.3724, 33.2386 ], [ -107.3497, 33.2356 ], [ -107.3425, 33.2527 ], [ -107.305, 33.2564 ], [ -107.2658, 33.2525 ], [ -107.2755, 33.2825 ], [ -107.2889, 33.2967 ], [ -107.2958, 33.3262 ], [ -107.2484, 33.4354 ], [ -107.2208, 33.478 ], [ -106.5749, 33.4755 ], [ -106.3728, 33.4799 ], [ -106.3719, 33.3906 ], [ -106.3457, 33.3906 ], [ -106.3405, 33.0528 ], [ -106.8879, 32.8228 ], [ -106.8877, 32.7793 ], [ -107.3045, 32.7819 ], [ -107.3055, 32.8257 ], [ -107.2957, 32.8344 ], [ -107.2916, 32.8549 ], [ -107.3063, 32.8625 ], [ -107.2917, 32.8877 ], [ -107.2959, 32.9599 ], [ -107.2845, 32.9887 ], [ -107.2742, 33.0684 ], [ -107.2925, 33.0788 ], [ -107.2794, 33.0997 ], [ -107.2925, 33.1014 ], [ -107.2975, 33.1107 ], [ -107.2564, 33.1171 ], [ -107.2489, 33.1285 ], [ -107.231, 33.1295 ], [ -107.221, 33.1481 ], [ -107.2431, 33.1604 ], [ -107.246, 33.1517 ], [ -107.2534, 33.1571 ], [ -107.2561, 33.1494 ], [ -107.2966, 33.121 ], [ -107.3053, 33.0965 ], [ -107.3313, 33.0992 ], [ -107.342, 33.1135 ], [ -107.3688, 33.1276 ], [ -107.3703, 33.1428 ], [ -107.4051, 33.1596 ], [ -107.4312, 33.1907 ], [ -107.4431, 33.1964 ], [ -107.4192, 33.2005 ] ] ] } },
{ "type": "Feature", "properties": { "GEOIDFQ": "1400000US35005000700", "NAME": "7", "NAMELSAD": "Census Tract 7" }, "geometry": { "type": "Polygon", "coordinates": [ [ [ -104.5416, 33.3503 ], [ -104.5324, 33.3506 ], [ -104.5319, 33.3764 ], [ -104.5188, 33.3764 ], [ -104.5059, 33.3357 ], [ -104.5417, 33.3359 ], [ -104.5416, 33.3503 ] ] ] } },
{ "type": "Feature", "properties": { "GEOIDFQ": "1400000US35005000500", "NAME": "5", "NAMELSAD": "Census Tract 5" }, "geometry": { "type": "Polygon", "coordinates": [ [ [ -104.5272, 33.3909 ], [ -104.5183, 33.3909 ], [ -104.5185, 33.3764 ], [ -104.5318, 33.3777 ], [ -104.5272, 33.3909 ] ] ] } },
{ "type": "Feature", "properties": { "GEOIDFQ": "1400000US35005001300", "NAME": "13", "NAMELSAD": "Census Tract 13" }, "geometry": { "type": "Polygon", "coordinates": [ [ [ -104.5939, 33.1071 ], [ -104.5954, 33.1669 ], [ -104.5786, 33.1677 ], [ -104.569, 33.2018 ], [ -104.5435, 33.2279 ], [ -104.5445, 33.2591 ], [ -104.5297, 33.2592 ], [ -104.5283, 33.2508 ], [ -104.5098, 33.2514 ], [ -104.5097, 33.2557 ], [ -104.3715, 33.2559 ], [ -104.3722, 33.2408 ], [ -104.3541, 33.2421 ], [ -104.3568, 33.2326 ], [ -104.3467, 33.2178 ], [ -104.3337, 33.2341 ], [ -104.3323, 33.223 ], [ -104.3053, 33.2231 ], [ -104.2596, 33.2416 ], [ -104.2238, 33.2413 ], [ -104.1513, 33.1338 ], [ -104.1625, 33.1398 ], [ -104.1985, 33.107 ], [ -104.198, 33.1371 ], [ -104.2261, 33.1191 ], [ -104.2395, 33.1257 ], [ -104.2455, 33.1391 ], [ -104.3002, 33.1395 ], [ -104.3006, 33.1332 ], [ -104.3138, 33.1326 ], [ -104.3096, 33.143 ], [ -104.3288, 33.138 ], [ -104.388, 33.1395 ], [ -104.3879, 33.119 ], [ -104.3964, 33.1083 ], [ -104.4111, 33.1093 ], [ -104.4207, 33.1012 ], [ -104.4708, 33.0968 ], [ -104.513, 33.1071 ], [ -104.5448, 33.1006 ], [ -104.5491, 33.09 ], [ -104.5646, 33.095 ], [ -104.5747, 33.0871 ], [ -104.6031, 33.0971 ], [ -104.5939, 33.1071 ] ] ] } },
{ "type": "Feature", "properties": { "GEOIDFQ": "1400000US35005000400", "NAME": "4", "NAMELSAD": "Census Tract 4" }, "geometry": { "type": "Polygon", "coordinates": [ [ [ -104.49, 33.4342 ], [ -104.4588, 33.4116 ], [ -104.47, 33.4092 ], [ -104.4701, 33.3943 ], [ -104.4881, 33.3906 ], [ -104.5174, 33.39 ], [ -104.5195, 33.4044 ], [ -104.49, 33.4342 ] ] ] } },
{ "type": "Feature", "properties": { "GEOIDFQ": "1400000US35045942802", "NAME": "9428.02", "NAMELSAD": "Census Tract 9428.02" }, "geometry": { "type": "Polygon", "coordinates": [ [ [ -108.736, 36.8257 ], [ -108.6918, 36.8245 ], [ -108.6855, 36.8093 ], [ -108.6472, 36.8014 ], [ -108.6342, 36.8061 ], [ -108.6144, 36.8014 ], [ -108.6017, 36.7625 ], [ -108.6329, 36.7697 ], [ -108.6419, 36.7779 ], [ -108.6748, 36.763 ], [ -108.6965, 36.7889 ], [ -108.7308, 36.7895 ], [ -108.7285, 36.8096 ], [ -108.7393, 36.8159 ], [ -108.7378, 36.8244 ], [ -108.7472, 36.8341 ], [ -108.736, 36.8257 ] ] ] } },
{ "type": "Feature", "properties": { "GEOIDFQ": "1400000US35053940000", "NAME": "9400", "NAMELSAD": "Census Tract 9400" }, "geometry": { "type": "Polygon", "coordinates": [ [ [ -107.7248, 34.5781 ], [ -107.3938, 34.5796 ], [ -107.3792, 34.5322 ], [ -107.3937, 34.5073 ], [ -107.3839, 34.4962 ], [ -107.3893, 34.4857 ], [ -107.397, 34.4847 ], [ -107.3938, 34.4487 ], [ -107.3903, 34.4429 ], [ -107.3594, 34.4448 ], [ -107.3405, 34.4121 ], [ -107.3638, 34.3746 ], [ -107.3796, 34.3741 ], [ -107.3728, 34.3447 ], [ -107.3801, 34.3244 ], [ -107.3734, 34.3123 ], [ -107.3828, 34.2777 ], [ -107.4043, 34.2807 ], [ -107.4159, 34.2691 ], [ -107.4151, 34.2524 ], [ -107.433, 34.2662 ], [ -107.4475, 34.2327 ], [ -107.4781, 34.2377 ], [ -107.4883, 34.2209 ], [ -107.5142, 34.2002 ], [ -107.5556, 34.2076 ], [ -107.5901, 34.1999 ], [ -107.6138, 34.2304 ], [ -107.6716, 34.272 ], [ -107.7115, 34.2556 ], [ -107.7163, 34.2469 ], [ -107.7163, 34.2599 ], [ -107.7254, 34.2598 ], [ -107.7248, 34.5781 ] ] ] } },
{ "type": "Feature", "properties": { "GEOIDFQ": "1400000US35043940700", "NAME": "9407", "NAMELSAD": "Census Tract 9407" }, "geometry": { "type": "Polygon", "coordinates": [ [ [ -106.5301, 35.4509 ], [ -106.4903, 35.4508 ], [ -106.4946, 35.4728 ], [ -106.4858, 35.4727 ], [ -106.4858, 35.4778 ], [ -106.4944, 35.4779 ], [ -106.4944, 35.4947 ], [ -106.4995, 35.4946 ], [ -106.5032, 35.5095 ], [ -106.5032, 35.5239 ], [ -106.4943, 35.5239 ], [ -106.4941, 35.533 ], [ -106.4005, 35.4766 ], [ -106.3427, 35.4765 ], [ -106.3425, 35.4708 ], [ -106.3559, 35.4712 ], [ -106.3552, 35.3656 ], [ -106.3997, 35.3652 ], [ -106.3948, 35.3484 ], [ -106.4042, 35.3483 ], [ -106.4043, 35.3546 ], [ -106.5137, 35.3596 ], [ -106.5129, 35.3782 ], [ -106.4871, 35.3846 ], [ -106.4964, 35.3876 ], [ -106.5012, 35.3823 ], [ -106.5014, 35.3925 ], [ -106.4872, 35.3957 ], [ -106.4947, 35.4031 ], [ -106.5044, 35.403 ], [ -106.5127, 35.4146 ], [ -106.5301, 35.4179 ], [ -106.5301, 35.4509 ] ] ] } },
{ "type": "Feature", "properties": { "GEOIDFQ": "1400000US35045000610", "NAME": "6.10", "NAMELSAD": "Census Tract 6.10" }, "geometry": { "type": "Polygon", "coordinates": [ [ [ -107.9947, 36.8537 ], [ -107.9907, 36.8416 ], [ -107.9885, 36.8459 ], [ -107.9765, 36.8423 ], [ -107.9524, 36.8656 ], [ -107.9197, 36.8596 ], [ -107.9296, 36.8431 ], [ -107.9146, 36.825 ], [ -107.9205, 36.8072 ], [ -107.9551, 36.7951 ], [ -107.98, 36.7756 ], [ -107.9998, 36.8065 ], [ -107.9936, 36.8261 ], [ -108.0095, 36.8267 ], [ -108.0129, 36.844 ], [ -107.9947, 36.8537 ] ] ] } },
{ "type": "Feature", "properties": { "GEOIDFQ": "1400000US35045000611", "NAME": "6.11", "NAMELSAD": "Census Tract 6.11" }, "geometry": { "type": "Polygon", "coordinates": [ [ [ -108.0474, 36.9997 ], [ -107.7806, 37.0001 ], [ -107.7729, 36.9767 ], [ -107.7789, 36.95 ], [ -107.7904, 36.9354 ], [ -107.8142, 36.9164 ], [ -107.8377, 36.8854 ], [ -107.9088, 36.842 ], [ -107.9146, 36.825 ], [ -107.929, 36.8382 ], [ -107.9198, 36.8597 ], [ -107.9524, 36.8656 ], [ -107.9765, 36.8423 ], [ -107.9885, 36.8459 ], [ -107.9907, 36.8416 ], [ -107.9947, 36.8537 ], [ -108.0129, 36.844 ], [ -108.0459, 36.8872 ], [ -108.0782, 36.8994 ], [ -108.0999, 36.9197 ], [ -108.1092, 36.9648 ], [ -108.0474, 36.9997 ] ] ] } },
{ "type": "Feature", "properties": { "GEOIDFQ": "1400000US35045000705", "NAME": "7.05", "NAMELSAD": "Census Tract 7.05" }, "geometry": { "type": "Polygon", "coordinates": [ [ [ -107.9847, 36.7112 ], [ -107.979, 36.7112 ], [ -107.9773, 36.7785 ], [ -107.958, 36.7656 ], [ -107.9699, 36.733 ], [ -107.9518, 36.733 ], [ -107.9458, 36.7185 ], [ -107.952, 36.7185 ], [ -107.9578, 36.7072 ], [ -107.9867, 36.6998 ], [ -107.9847, 36.7112 ] ] ] } },
{ "type": "Feature", "properties": { "GEOIDFQ": "1400000US35045000706", "NAME": "7.06", "NAMELSAD": "Census Tract 7.06" }, "geometry": { "type": "Polygon", "coordinates": [ [ [ -107.9551, 36.7951 ], [ -107.9205, 36.8072 ], [ -107.9088, 36.842 ], [ -107.8377, 36.8854 ], [ -107.8142, 36.9164 ], [ -107.7904, 36.9354 ], [ -107.7738, 36.9683 ], [ -107.7806, 37.0001 ], [ -107.4209, 37.0 ], [ -107.4315, 36.9863 ], [ -107.43, 36.9709 ], [ -107.4461, 36.9659 ], [ -107.4572, 36.955 ], [ -107.4484, 36.9449 ], [ -107.4551, 36.9311 ], [ -107.4457, 36.9154 ], [ -107.457, 36.8981 ], [ -107.4755, 36.8947 ], [ -107.4941, 36.8762 ], [ -107.5021, 36.8826 ], [ -107.5048, 36.8753 ], [ -107.5229, 36.8755 ], [ -107.5306, 36.8539 ], [ -107.5397, 36.8556 ], [ -107.5462, 36.8491 ], [ -107.5594, 36.8567 ], [ -107.58, 36.8351 ], [ -107.598, 36.8343 ], [ -107.6012, 36.8196 ], [ -107.592, 36.8147 ], [ -107.5943, 36.8103 ], [ -107.6166, 36.8063 ], [ -107.6501, 36.8272 ], [ -107.6751, 36.8091 ], [ -107.6963, 36.8105 ], [ -107.6994, 36.799 ], [ -107.7148, 36.7953 ], [ -107.7197, 36.785 ], [ -107.7315, 36.7821 ], [ -107.7478, 36.7589 ], [ -107.7803, 36.7566 ], [ -107.7929, 36.7438 ], [ -107.8161, 36.7467 ], [ -107.8139, 36.7243 ], [ -107.8333, 36.7079 ], [ -107.8786, 36.6972 ], [ -107.9129, 36.7088 ], [ -107.9455, 36.7065 ], [ -107.952, 36.7107 ], [ -107.952, 36.7185 ], [ -107.9458, 36.7185 ], [ -107.9518, 36.733 ], [ -107.9699, 36.733 ], [ -107.958, 36.7656 ], [ -107.9771, 36.7787 ], [ -107.9551, 36.7951 ] ] ] } },
{ "type": "Feature", "properties": { "GEOIDFQ": "1400000US35045942801", "NAME": "9428.01", "NAMELSAD": "Census Tract 9428.01" }, "geometry": { "type": "Polygon", "coordinates": [ [ [ -109.0452, 36.999 ], [ -108.5364, 36.9993 ], [ -108.5367, 36.8503 ], [ -108.4629, 36.8501 ], [ -108.4584, 36.8394 ], [ -108.4673, 36.8394 ], [ -108.4898, 36.8214 ], [ -108.5368, 36.8215 ], [ -108.5368, 36.8074 ], [ -108.5211, 36.8074 ], [ -108.5211, 36.7928 ], [ -108.5368, 36.7928 ], [ -108.5378, 36.7447 ], [ -108.5566, 36.74 ], [ -108.5935, 36.7542 ], [ -108.6085, 36.7723 ], [ -108.6042, 36.7787 ], [ -108.6144, 36.8014 ], [ -108.6342, 36.8061 ], [ -108.6472, 36.8014 ], [ -108.6855, 36.8093 ], [ -108.6918, 36.8245 ], [ -108.736, 36.8257 ], [ -108.7471, 36.8345 ], [ -108.7378, 36.8244 ], [ -108.7393, 36.8159 ], [ -108.7284, 36.8094 ], [ -108.7327, 36.7948 ], [ -108.7236, 36.7519 ], [ -108.7301, 36.7367 ], [ -108.7063, 36.7308 ], [ -108.6852, 36.7458 ], [ -108.6773, 36.7646 ], [ -108.6483, 36.7718 ], [ -108.6296, 36.7572 ], [ -108.6383, 36.7567 ], [ -108.6357, 36.7502 ], [ -108.6237, 36.749 ], [ -108.6035, 36.7342 ], [ -108.6096, 36.7225 ], [ -108.597, 36.7196 ], [ -108.5872, 36.7271 ], [ -108.5619, 36.7148 ], [ -108.5569, 36.7225 ], [ -108.55, 36.7146 ], [ -108.5385, 36.7177 ], [ -108.5382, 36.71 ], [ -108.5316, 36.7109 ], [ -108.5249, 36.6925 ], [ -108.5287, 36.682 ], [ -108.521, 36.6799 ], [ -108.5286, 36.6751 ], [ -108.5241, 36.6528 ], [ -108.5333, 36.6507 ], [ -108.5293, 36.6421 ], [ -108.5446, 36.6388 ], [ -108.5526, 36.6242 ], [ -108.5631, 36.6213 ], [ -108.5627, 36.6138 ], [ -108.5728, 36.6126 ], [ -108.5628, 36.6074 ], [ -108.5784, 36.5928 ], [ -108.5731, 36.581 ], [ -108.5794, 36.5717 ], [ -108.6452, 36.6065 ], [ -108.7038, 36.5974 ], [ -108.7047, 36.6169 ], [ -108.8485, 36.5789 ], [ -108.8323, 36.6018 ], [ -108.8499, 36.6145 ], [ -108.8259, 36.6394 ], [ -108.8274, 36.6859 ], [ -108.8772, 36.6803 ], [ -108.8902, 36.6692 ], [ -108.8917, 36.6877 ], [ -108.8954, 36.6816 ], [ -108.9207, 36.6882 ], [ -108.9348, 36.6832 ], [ -108.9409, 36.7041 ], [ -108.9267, 36.7313 ], [ -108.9295, 36.7408 ], [ -108.9633, 36.7463 ], [ -108.9609, 36.7557 ], [ -108.9768, 36.7639 ], [ -108.9952, 36.7605 ], [ -109.0197, 36.7741 ], [ -109.0454, 36.7691 ], [ -109.0452, 36.999 ] ] ] } },
{ "type": "Feature", "properties": { "GEOIDFQ": "1400000US35043940600", "NAME": "9406", "NAMELSAD": "Census Tract 9406" }, "geometry": { "type": "Polygon", "coordinates": [ [ [ -106.8583, 35.6531 ], [ -106.6801, 35.65 ], [ -106.6806, 35.6387 ], [ -106.6692, 35.639 ], [ -106.6688, 35.6232 ], [ -106.6243, 35.6236 ], [ -106.6234, 35.5516 ], [ -106.6391, 35.5518 ], [ -106.7074, 35.5749 ], [ -106.858, 35.5755 ], [ -106.8583, 35.6531 ] ] ] } },
{ "type": "Feature", "properties": { "GEOIDFQ": "1400000US35043940200", "NAME": "9402", "NAMELSAD": "Census Tract 9402" }, "geometry": { "type": "Polygon", "coordinates": [ [ [ -106.539, 35.6246 ], [ -106.519, 35.6247 ], [ -106.519, 35.635 ], [ -106.3814, 35.5698 ], [ -106.3126, 35.5701 ], [ -106.2853, 35.5477 ], [ -106.2487, 35.5465 ], [ -106.2488, 35.4433 ], [ -106.3559, 35.4676 ], [ -106.3425, 35.4708 ], [ -106.3427, 35.4765 ], [ -106.4005, 35.4766 ], [ -106.5168, 35.552 ], [ -106.5365, 35.5491 ], [ -106.539, 35.6246 ] ] ] } },
{ "type": "Feature", "properties": { "GEOIDFQ": "1400000US35043010702", "NAME": "107.02", "NAMELSAD": "Census Tract 107.02" }, "geometry": { "type": "Polygon", "coordinates": [ [ [ -106.5788, 35.3117 ], [ -106.5714, 35.3303 ], [ -106.5575, 35.3221 ], [ -106.5613, 35.3087 ], [ -106.5951, 35.2861 ], [ -106.6078, 35.266 ], [ -106.6279, 35.2657 ], [ -106.5788, 35.3117 ] ] ] } },
{ "type": "Feature", "properties": { "GEOIDFQ": "1400000US35043010900", "NAME": "109", "NAMELSAD": "Census Tract 109" }, "geometry": { "type": "Polygon", "coordinates": [ [ [ -107.3084, 35.6547 ], [ -107.3064, 35.6467 ], [ -107.2957, 35.6503 ], [ -107.2719, 35.6446 ], [ -107.2641, 35.6341 ], [ -107.2586, 35.6383 ], [ -107.2354, 35.6269 ], [ -107.2377, 35.6408 ], [ -107.255, 35.6623 ], [ -107.2381, 35.6643 ], [ -107.2375, 35.669 ], [ -107.2546, 35.6734 ], [ -107.2587, 35.6841 ], [ -107.2466, 35.6915 ], [ -107.2242, 35.6905 ], [ -107.2185, 35.6999 ], [ -107.2065, 35.7038 ], [ -107.202, 35.6967 ], [ -107.1929, 35.6968 ], [ -107.1932, 35.7048 ], [ -107.1797, 35.7061 ], [ -107.1541, 35.7211 ], [ -107.1399, 35.7475 ], [ -107.098, 35.7804 ], [ -107.0998, 35.8172 ], [ -107.087, 35.8403 ], [ -107.11, 35.8882 ], [ -107.1308, 35.9079 ], [ -107.1216, 35.9215 ], [ -107.0992, 35.9314 ], [ -107.0914, 35.9562 ], [ -107.1816, 35.9564 ], [ -107.1893, 35.9705 ], [ -107.1862, 35.9966 ], [ -107.1998, 36.0074 ], [ -107.2085, 36.0052 ], [ -107.2214, 36.0181 ], [ -107.2132, 36.0486 ], [ -107.2025, 36.0598 ], [ -107.2135, 36.0839 ], [ -106.9923, 36.0859 ], [ -106.9924, 36.2166 ], [ -106.8851, 36.2166 ], [ -106.8853, 35.999 ], [ -106.7963, 35.9938 ], [ -106.7848, 35.98 ], [ -106.7862, 35.9408 ], [ -106.8047, 35.9116 ], [ -106.8035, 35.8865 ], [ -106.8054, 35.8853 ], [ -106.8062, 35.8883 ], [ -106.8203, 35.893 ], [ -106.8243, 35.8934 ], [ -106.8193, 35.8878 ], [ -106.8315, 35.8849 ], [ -106.8526, 35.8575 ], [ -106.8659, 35.8193 ], [ -106.9744, 35.8188 ], [ -106.9793, 35.8148 ], [ -106.9877, 35.8003 ], [ -106.9936, 35.7397 ], [ -107.0012, 35.7263 ], [ -106.9914, 35.7255 ], [ -106.9915, 35.711 ], [ -106.9553, 35.7115 ], [ -106.9561, 35.6099 ], [ -106.965, 35.6099 ], [ -106.9651, 35.6024 ], [ -106.965, 35.5659 ], [ -106.9551, 35.566 ], [ -106.9558, 35.5488 ], [ -106.8544, 35.5504 ], [ -106.8339, 35.5389 ], [ -106.8169, 35.5519 ], [ -106.8001, 35.5442 ], [ -106.7868, 35.5483 ], [ -106.7789, 35.5227 ], [ -106.7698, 35.5228 ], [ -106.7698, 35.5156 ], [ -106.7783, 35.5155 ], [ -106.7782, 35.4937 ], [ -106.7962, 35.4936 ], [ -106.7977, 35.4646 ], [ -106.8157, 35.4645 ], [ -106.8154, 35.4498 ], [ -106.8331, 35.45 ], [ -106.8332, 35.4111 ], [ -106.8698, 35.4201 ], [ -106.8927, 35.4342 ], [ -106.9063, 35.4299 ], [ -106.7631, 35.218 ], [ -107.1972, 35.2195 ], [ -107.2389, 35.3055 ], [ -107.3094, 35.3057 ], [ -107.3084, 35.6547 ] ] ] } },
{ "type": "Feature", "properties": { "GEOIDFQ": "1400000US35013001814", "NAME": "18.14", "NAMELSAD": "Census Tract 18.14" }, "geometry": { "type": "Polygon", "coordinates": [ [ [ -106.7576, 32.2291 ], [ -106.724, 32.2236 ], [ -106.7009, 32.2015 ], [ -106.6895, 32.2016 ], [ -106.6524, 32.15 ], [ -106.6873, 32.1499 ], [ -106.6767, 32.1331 ], [ -106.6828, 32.1288 ], [ -106.6997, 32.1419 ], [ -106.703, 32.154 ], [ -106.7162, 32.1593 ], [ -106.7307, 32.1869 ], [ -106.7595, 32.2068 ], [ -106.7576, 32.2291 ] ] ] } },
{ "type": "Feature", "properties": { "GEOIDFQ": "1400000US35043010601", "NAME": "106.01", "NAMELSAD": "Census Tract 106.01" }, "geometry": { "type": "Polygon", "coordinates": [ [ [ -106.6334, 35.2343 ], [ -106.6099, 35.2415 ], [ -106.6036, 35.2546 ], [ -106.608, 35.2691 ], [ -106.5983, 35.2809 ], [ -106.5881, 35.2338 ], [ -106.6077, 35.2154 ], [ -106.6434, 35.1978 ], [ -106.6477, 35.2151 ], [ -106.6334, 35.2343 ] ] ] } },
{ "type": "Feature", "properties": { "GEOIDFQ": "1400000US35043010714", "NAME": "107.14", "NAMELSAD": "Census Tract 107.14" }, "geometry": { "type": "Polygon", "coordinates": [ [ [ -106.677, 35.2627 ], [ -106.6418, 35.2571 ], [ -106.655, 35.2445 ], [ -106.6771, 35.25 ], [ -106.677, 35.2627 ] ] ] } },
{ "type": "Feature", "properties": { "GEOIDFQ": "1400000US35001003806", "NAME": "38.06", "NAMELSAD": "Census Tract 38.06" }, "geometry": { "type": "Polygon", "coordinates": [ [ [ -106.3678, 35.0986 ], [ -106.3189, 35.1144 ], [ -106.2438, 35.0839 ], [ -106.2439, 35.0256 ], [ -106.2964, 35.0262 ], [ -106.3194, 35.0355 ], [ -106.3311, 35.0316 ], [ -106.3454, 35.0365 ], [ -106.3808, 35.0352 ], [ -106.3784, 35.0545 ], [ -106.3879, 35.0796 ], [ -106.3678, 35.0986 ] ] ] } },
{ "type": "Feature", "properties": { "GEOIDFQ": "1400000US35013001807", "NAME": "18.07", "NAMELSAD": "Census Tract 18.07" }, "geometry": { "type": "Polygon", "coordinates": [ [ [ -106.5985, 32.0103 ], [ -106.5986, 32.0007 ], [ -106.6186, 31.9999 ], [ -106.6237, 32.0103 ], [ -106.5985, 32.0103 ] ] ] } },
{ "type": "Feature", "properties": { "GEOIDFQ": "1400000US35013001106", "NAME": "11.06", "NAMELSAD": "Census Tract 11.06" }, "geometry": { "type": "Polygon", "coordinates": [ [ [ -106.7502, 32.2606 ], [ -106.7455, 32.2691 ], [ -106.7337, 32.2625 ], [ -106.6895, 32.2016 ], [ -106.7009, 32.2015 ], [ -106.724, 32.2236 ], [ -106.7338, 32.2236 ], [ -106.7619, 32.2679 ], [ -106.7502, 32.2606 ] ] ] } },
{ "type": "Feature", "properties": { "GEOIDFQ": "1400000US35013000902", "NAME": "9.02", "NAMELSAD": "Census Tract 9.02" }, "geometry": { "type": "Polygon", "coordinates": [ [ [ -106.7598, 32.2899 ], [ -106.7629, 32.2951 ], [ -106.7572, 32.2971 ], [ -106.7475, 32.2859 ], [ -106.7695, 32.281 ], [ -106.7791, 32.2846 ], [ -106.7598, 32.2899 ] ] ] } },
{ "type": "Feature", "properties": { "GEOIDFQ": "1400000US35013001810", "NAME": "18.10", "NAMELSAD": "Census Tract 18.10" }, "geometry": { "type": "Polygon", "coordinates": [ [ [ -106.3772, 32.0816 ], [ -106.3773, 32.023 ], [ -106.4112, 32.0237 ], [ -106.4113, 32.0381 ], [ -106.4647, 32.0382 ], [ -106.4829, 32.0267 ], [ -106.5288, 32.0826 ], [ -106.3772, 32.0816 ] ] ] } },
{ "type": "Feature", "properties": { "GEOIDFQ": "1400000US35013001311", "NAME": "13.11", "NAMELSAD": "Census Tract 13.11" }, "geometry": { "type": "Polygon", "coordinates": [ [ [ -106.799, 32.3966 ], [ -106.7902, 32.3809 ], [ -106.7557, 32.3882 ], [ -106.7499, 32.3644 ], [ -106.7577, 32.3582 ], [ -106.7696, 32.3592 ], [ -106.765, 32.352 ], [ -106.7698, 32.3481 ], [ -106.8081, 32.3902 ], [ -106.799, 32.3966 ] ] ] } },
{ "type": "Feature", "properties": { "GEOIDFQ": "1400000US35013001317", "NAME": "13.17", "NAMELSAD": "Census Tract 13.17" }, "geometry": { "type": "Polygon", "coordinates": [ [ [ -106.8081, 32.3902 ], [ -106.786, 32.3675 ], [ -106.7953, 32.3509 ], [ -106.8063, 32.3458 ], [ -106.8261, 32.3842 ], [ -106.8081, 32.3902 ] ] ] } },
{ "type": "Feature", "properties": { "GEOIDFQ": "1400000US35013001209", "NAME": "12.09", "NAMELSAD": "Census Tract 12.09" }, "geometry": { "type": "Polygon", "coordinates": [ [ [ -106.7342, 32.3406 ], [ -106.7217, 32.3267 ], [ -106.7316, 32.3202 ], [ -106.7501, 32.3361 ], [ -106.7342, 32.3406 ] ] ] } },
{ "type": "Feature", "properties": { "GEOIDFQ": "1400000US35013001210", "NAME": "12.10", "NAMELSAD": "Census Tract 12.10" }, "geometry": { "type": "Polygon", "coordinates": [ [ [ -106.7403, 32.3723 ], [ -106.7342, 32.3406 ], [ -106.7503, 32.336 ], [ -106.7549, 32.3436 ], [ -106.75, 32.3507 ], [ -106.7575, 32.3583 ], [ -106.7403, 32.3723 ] ] ] } },
{ "type": "Feature", "properties": { "GEOIDFQ": "1400000US35013001502", "NAME": "15.02", "NAMELSAD": "Census Tract 15.02" }, "geometry": { "type": "Polygon", "coordinates": [ [ [ -106.8643, 32.2928 ], [ -106.8674, 32.3002 ], [ -106.8462, 32.304 ], [ -106.847, 32.3398 ], [ -106.857, 32.3721 ], [ -106.8414, 32.3766 ], [ -106.8416, 32.3455 ], [ -106.8238, 32.3028 ], [ -106.8252, 32.2636 ], [ -106.8433, 32.2864 ], [ -106.886, 32.2817 ], [ -106.8643, 32.2928 ] ] ] } },
{ "type": "Feature", "properties": { "GEOIDFQ": "1400000US35013001309", "NAME": "13.09", "NAMELSAD": "Census Tract 13.09" }, "geometry": { "type": "Polygon", "coordinates": [ [ [ -106.9222, 32.4946 ], [ -106.9293, 32.5001 ], [ -106.913, 32.514 ], [ -106.908, 32.5349 ], [ -106.8902, 32.5296 ], [ -106.8521, 32.4508 ], [ -106.8387, 32.4302 ], [ -106.828, 32.428 ], [ -106.8063, 32.3915 ], [ -106.8261, 32.3842 ], [ -106.8608, 32.437 ], [ -106.8979, 32.4452 ], [ -106.9044, 32.4651 ], [ -106.9298, 32.4818 ], [ -106.9222, 32.4946 ] ] ] } },
{ "type": "Feature", "properties": { "GEOIDFQ": "1400000US35013001312", "NAME": "13.12", "NAMELSAD": "Census Tract 13.12" }, "geometry": { "type": "Polygon", "coordinates": [ [ [ -106.7638, 32.3616 ], [ -106.7577, 32.3582 ], [ -106.765, 32.352 ], [ -106.7708, 32.3569 ], [ -106.7638, 32.3616 ] ] ] } },
{ "type": "Feature", "properties": { "GEOIDFQ": "1400000US35001000208", "NAME": "2.08", "NAMELSAD": "Census Tract 2.08" }, "geometry": { "type": "Polygon", "coordinates": [ [ [ -106.6041, 35.1165 ], [ -106.5864, 35.1165 ], [ -106.5875, 35.1039 ], [ -106.6042, 35.1057 ], [ -106.6041, 35.1165 ] ] ] } },
{ "type": "Feature", "properties": { "GEOIDFQ": "1400000US35013001809", "NAME": "18.09", "NAMELSAD": "Census Tract 18.09" }, "geometry": { "type": "Polygon", "coordinates": [ [ [ -106.4647, 32.0382 ], [ -106.4113, 32.0381 ], [ -106.4112, 32.0237 ], [ -106.3773, 32.023 ], [ -106.3772, 32.0012 ], [ -106.4628, 32.0011 ], [ -106.4829, 32.0267 ], [ -106.4647, 32.0382 ] ] ] } },
{ "type": "Feature", "properties": { "GEOIDFQ": "1400000US35001000204", "NAME": "2.04", "NAMELSAD": "Census Tract 2.04" }, "geometry": { "type": "Polygon", "coordinates": [ [ [ -106.5865, 35.1309 ], [ -106.5864, 35.1233 ], [ -106.6029, 35.1233 ], [ -106.6041, 35.1274 ], [ -106.5865, 35.1309 ] ] ] } },
{ "type": "Feature", "properties": { "GEOIDFQ": "1400000US35001000205", "NAME": "2.05", "NAMELSAD": "Census Tract 2.05" }, "geometry": { "type": "Polygon", "coordinates": [ [ [ -106.6041, 35.1237 ], [ -106.5864, 35.1233 ], [ -106.5864, 35.1165 ], [ -106.6041, 35.1168 ], [ -106.6041, 35.1237 ] ] ] } },
{ "type": "Feature", "properties": { "GEOIDFQ": "1400000US35001000206", "NAME": "2.06", "NAMELSAD": "Census Tract 2.06" }, "geometry": { "type": "Polygon", "coordinates": [ [ [ -106.5688, 35.1235 ], [ -106.5689, 35.1164 ], [ -106.5864, 35.1165 ], [ -106.5864, 35.1226 ], [ -106.5688, 35.1235 ] ] ] } },
{ "type": "Feature", "properties": { "GEOIDFQ": "1400000US35001000207", "NAME": "2.07", "NAMELSAD": "Census Tract 2.07" }, "geometry": { "type": "Polygon", "coordinates": [ [ [ -106.5864, 35.1165 ], [ -106.5689, 35.1164 ], [ -106.5688, 35.1019 ], [ -106.5878, 35.1055 ], [ -106.5864, 35.1165 ] ] ] } },
{ "type": "Feature", "properties": { "GEOIDFQ": "1400000US35001000712", "NAME": "7.12", "NAMELSAD": "Census Tract 7.12" }, "geometry": { "type": "Polygon", "coordinates": [ [ [ -106.5062, 35.0865 ], [ -106.4971, 35.0863 ], [ -106.4967, 35.0695 ], [ -106.5068, 35.0734 ], [ -106.5062, 35.0865 ] ] ] } },
{ "type": "Feature", "properties": { "GEOIDFQ": "1400000US35001000300", "NAME": "3", "NAMELSAD": "Census Tract 3" }, "geometry": { "type": "Polygon", "coordinates": [ [ [ -106.6292, 35.1055 ], [ -106.6042, 35.1052 ], [ -106.6042, 35.0875 ], [ -106.6143, 35.0875 ], [ -106.6219, 35.102 ], [ -106.6274, 35.099 ], [ -106.6253, 35.0903 ], [ -106.6343, 35.0914 ], [ -106.6292, 35.1055 ] ] ] } },
{ "type": "Feature", "properties": { "GEOIDFQ": "1400000US35001000501", "NAME": "5.01", "NAMELSAD": "Census Tract 5.01" }, "geometry": { "type": "Polygon", "coordinates": [ [ [ -106.5862, 35.0874 ], [ -106.5775, 35.0874 ], [ -106.5775, 35.0728 ], [ -106.5862, 35.0771 ], [ -106.5862, 35.0874 ] ] ] } },
{ "type": "Feature", "properties": { "GEOIDFQ": "1400000US35001004736", "NAME": "47.36", "NAMELSAD": "Census Tract 47.36" }, "geometry": { "type": "Polygon", "coordinates": [ [ [ -106.7866, 35.0631 ], [ -106.7647, 35.0676 ], [ -106.7524, 35.0245 ], [ -106.7924, 35.0276 ], [ -106.7866, 35.0631 ] ] ] } },
{ "type": "Feature", "properties": { "GEOIDFQ": "1400000US35001004734", "NAME": "47.34", "NAMELSAD": "Census Tract 47.34" }, "geometry": { "type": "Polygon", "coordinates": [ [ [ -106.7225, 35.0581 ], [ -106.7125, 35.0593 ], [ -106.7205, 35.0377 ], [ -106.7277, 35.0387 ], [ -106.7225, 35.0581 ] ] ] } },
{ "type": "Feature", "properties": { "GEOIDFQ": "1400000US35001000402", "NAME": "4.02", "NAMELSAD": "Census Tract 4.02" }, "geometry": { "type": "Polygon", "coordinates": [ [ [ -106.5776, 35.0947 ], [ -106.5775, 35.0874 ], [ -106.6042, 35.0875 ], [ -106.6044, 35.0948 ], [ -106.5776, 35.0947 ] ] ] } },
{ "type": "Feature", "properties": { "GEOIDFQ": "1400000US35001000601", "NAME": "6.01", "NAMELSAD": "Census Tract 6.01" }, "geometry": { "type": "Polygon", "coordinates": [ [ [ -106.558, 35.0932 ], [ -106.5431, 35.0874 ], [ -106.5775, 35.0874 ], [ -106.5776, 35.1012 ], [ -106.558, 35.0932 ] ] ] } },
{ "type": "Feature", "properties": { "GEOIDFQ": "1400000US35001000603", "NAME": "6.03", "NAMELSAD": "Census Tract 6.03" }, "geometry": { "type": "Polygon", "coordinates": [ [ [ -106.5599, 35.0873 ], [ -106.5506, 35.0873 ], [ -106.5505, 35.0728 ], [ -106.5633, 35.0745 ], [ -106.5599, 35.0873 ] ] ] } },
{ "type": "Feature", "properties": { "GEOIDFQ": "1400000US35001000704", "NAME": "7.04", "NAMELSAD": "Census Tract 7.04" }, "geometry": { "type": "Polygon", "coordinates": [ [ [ -106.5062, 35.0865 ], [ -106.5063, 35.074 ], [ -106.5068, 35.0734 ], [ -106.5431, 35.0874 ], [ -106.5062, 35.0865 ] ] ] } },
{ "type": "Feature", "properties": { "GEOIDFQ": "1400000US35001000711", "NAME": "7.11", "NAMELSAD": "Census Tract 7.11" }, "geometry": { "type": "Polygon", "coordinates": [ [ [ -106.4898, 35.0887 ], [ -106.48, 35.0849 ], [ -106.4856, 35.0651 ], [ -106.4967, 35.0695 ], [ -106.4971, 35.085 ], [ -106.4898, 35.0887 ] ] ] } },
{ "type": "Feature", "properties": { "GEOIDFQ": "1400000US35001002200", "NAME": "22", "NAMELSAD": "Census Tract 22" }, "geometry": { "type": "Polygon", "coordinates": [ [ [ -106.6713, 35.0952 ], [ -106.6565, 35.0852 ], [ -106.6574, 35.0773 ], [ -106.6674, 35.075 ], [ -106.6812, 35.0891 ], [ -106.6713, 35.0952 ] ] ] } },
{ "type": "Feature", "properties": { "GEOIDFQ": "1400000US35001001800", "NAME": "18", "NAMELSAD": "Census Tract 18" }, "geometry": { "type": "Polygon", "coordinates": [ [ [ -106.6175, 35.0983 ], [ -106.6133, 35.081 ], [ -106.6268, 35.0814 ], [ -106.6274, 35.099 ], [ -106.6175, 35.0983 ] ] ] } },
{ "type": "Feature", "properties": { "GEOIDFQ": "1400000US35001002000", "NAME": "20", "NAMELSAD": "Census Tract 20" }, "geometry": { "type": "Polygon", "coordinates": [ [ [ -106.6405, 35.1054 ], [ -106.6292, 35.1055 ], [ -106.6361, 35.0852 ], [ -106.6439, 35.0873 ], [ -106.6405, 35.1054 ] ] ] } },
{ "type": "Feature", "properties": { "GEOIDFQ": "1400000US35001002100", "NAME": "21", "NAMELSAD": "Census Tract 21" }, "geometry": { "type": "Polygon", "coordinates": [ [ [ -106.6552, 35.0916 ], [ -106.6433, 35.0903 ], [ -106.6454, 35.0797 ], [ -106.6569, 35.0822 ], [ -106.6552, 35.0916 ] ] ] } },
{ "type": "Feature", "properties": { "GEOIDFQ": "1400000US35005001102", "NAME": "11.02", "NAMELSAD": "Census Tract 11.02" }, "geometry": { "type": "Polygon", "coordinates": [ [ [ -105.3525, 32.962 ], [ -105.316, 32.9621 ], [ -105.317, 33.1323 ], [ -105.1086, 33.1317 ], [ -104.9054, 33.1389 ], [ -104.9038, 33.3059 ], [ -104.8851, 33.3058 ], [ -104.8851, 33.3933 ], [ -104.8924, 33.3982 ], [ -104.8934, 34.0884 ], [ -104.7864, 34.0877 ], [ -104.7861, 34.0001 ], [ -104.3174, 33.9959 ], [ -104.304, 33.9931 ], [ -104.3005, 33.9828 ], [ -104.2795, 33.9913 ], [ -104.2646, 33.9793 ], [ -104.2847, 33.963 ], [ -104.2654, 33.9452 ], [ -104.2817, 33.9377 ], [ -104.2629, 33.9258 ], [ -104.2658, 33.9198 ], [ -104.2743, 33.926 ], [ -104.278, 33.922 ], [ -104.2689, 33.899 ], [ -104.2763, 33.8896 ], [ -104.2736, 33.8755 ], [ -104.2841, 33.8696 ], [ -104.2744, 33.8583 ], [ -104.2921, 33.8553 ], [ -104.2877, 33.8463 ], [ -104.3009, 33.8461 ], [ -104.2929, 33.825 ], [ -104.295, 33.8119 ], [ -104.3039, 33.8089 ], [ -104.2946, 33.8018 ], [ -104.3123, 33.7728 ], [ -104.3056, 33.7513 ], [ -104.3222, 33.7431 ], [ -104.3155, 33.7356 ], [ -104.323, 33.7288 ], [ -104.3245, 33.7101 ], [ -104.3152, 33.68 ], [ -104.3482, 33.6571 ], [ -104.3583, 33.6299 ], [ -104.3671, 33.6273 ], [ -104.3726, 33.6032 ], [ -104.3635, 33.5969 ], [ -104.3802, 33.5769 ], [ -104.3663, 33.5615 ], [ -104.3796, 33.5396 ], [ -104.3668, 33.5298 ], [ -104.39, 33.5195 ], [ -104.3815, 33.5088 ], [ -104.3884, 33.5046 ], [ -104.3849, 33.4947 ], [ -104.3913, 33.4827 ], [ -104.3758, 33.4595 ], [ -104.3994, 33.4175 ], [ -104.396, 33.4061 ], [ -104.4009, 33.4029 ], [ -104.395, 33.3969 ], [ -104.4701, 33.3943 ], [ -104.47, 33.4092 ], [ -104.4588, 33.4116 ], [ -104.4606, 33.4159 ], [ -104.4891, 33.4292 ], [ -104.4862, 33.4485 ], [ -104.4999, 33.4525 ], [ -104.5592, 33.4522 ], [ -104.5591, 33.423 ], [ -104.5952, 33.4226 ], [ -104.5956, 33.3798 ], [ -104.5456, 33.3796 ], [ -104.5461, 33.369 ], [ -104.5737, 33.3502 ], [ -104.5416, 33.3503 ], [ -104.5417, 33.3356 ], [ -104.5738, 33.3355 ], [ -104.574, 33.3208 ], [ -104.599, 33.3034 ], [ -104.5948, 33.2627 ], [ -104.5592, 33.283 ], [ -104.5591, 33.2516 ], [ -104.5444, 33.2537 ], [ -104.5434, 33.2285 ], [ -104.569, 33.2018 ], [ -104.5786, 33.1677 ], [ -104.5954, 33.1669 ], [ -104.5946, 33.1048 ], [ -104.6241, 33.0797 ], [ -104.6543, 33.0729 ], [ -104.6698, 33.052 ], [ -104.7304, 33.0451 ], [ -104.7567, 33.0254 ], [ -104.7769, 33.0201 ], [ -104.7926, 32.9995 ], [ -104.8143, 32.9865 ], [ -104.8197, 32.9739 ], [ -104.8416, 32.9632 ], [ -104.8422, 32.5205 ], [ -105.354, 32.5188 ], [ -105.3525, 32.962 ] ] ] } },
{ "type": "Feature", "properties": { "GEOIDFQ": "1400000US35035000303", "NAME": "3.03", "NAMELSAD": "Census Tract 3.03" }, "geometry": { "type": "Polygon", "coordinates": [ [ [ -105.9352, 32.9228 ], [ -105.935, 32.9152 ], [ -105.9606, 32.9151 ], [ -105.9352, 32.9228 ] ] ] } },
{ "type": "Feature", "properties": { "GEOIDFQ": "1400000US35035000901", "NAME": "9.01", "NAMELSAD": "Census Tract 9.01" }, "geometry": { "type": "Polygon", "coordinates": [ [ [ -105.8701, 32.9937 ], [ -105.8687, 33.0086 ], [ -105.8312, 33.0343 ], [ -105.8314, 33.0038 ], [ -105.4362, 33.0043 ], [ -105.4188, 32.9923 ], [ -105.4133, 32.9925 ], [ -105.4131, 33.0038 ], [ -105.3162, 33.0027 ], [ -105.316, 32.9621 ], [ -105.3525, 32.962 ], [ -105.3523, 32.8666 ], [ -105.3598, 32.8639 ], [ -105.3628, 32.8462 ], [ -105.3921, 32.8278 ], [ -105.4371, 32.8205 ], [ -105.4484, 32.8295 ], [ -105.4516, 32.8376 ], [ -105.4459, 32.8408 ], [ -105.4585, 32.8478 ], [ -105.4582, 32.8624 ], [ -105.4811, 32.8654 ], [ -105.4886, 32.8775 ], [ -105.5079, 32.85 ], [ -105.5831, 32.859 ], [ -105.599, 32.8561 ], [ -105.6127, 32.8667 ], [ -105.6656, 32.8852 ], [ -105.6909, 32.9071 ], [ -105.7029, 32.9074 ], [ -105.7314, 32.9254 ], [ -105.733, 32.9199 ], [ -105.7549, 32.9206 ], [ -105.7718, 32.9069 ], [ -105.7973, 32.9176 ], [ -105.7889, 32.9241 ], [ -105.8173, 32.9309 ], [ -105.8355, 32.9471 ], [ -105.8715, 32.9453 ], [ -105.9094, 32.9813 ], [ -105.8701, 32.9937 ] ] ] } },
{ "type": "Feature", "properties": { "GEOIDFQ": "1400000US35037958900", "NAME": "9589", "NAMELSAD": "Census Tract 9589" }, "geometry": { "type": "Polygon", "coordinates": [ [ [ -104.1251, 35.1421 ], [ -103.8577, 35.2641 ], [ -103.8575, 35.2424 ], [ -103.7682, 35.2415 ], [ -103.7742, 35.2351 ], [ -103.7752, 35.1562 ], [ -103.7434, 35.1518 ], [ -103.7437, 35.1456 ], [ -103.7211, 35.1408 ], [ -103.7067, 35.1438 ], [ -103.698, 35.1556 ], [ -103.6759, 35.1634 ], [ -103.6744, 35.1699 ], [ -103.6844, 35.1718 ], [ -103.6844, 35.1864 ], [ -103.7048, 35.1862 ], [ -103.7025, 35.1912 ], [ -103.7111, 35.188 ], [ -103.7102, 35.2121 ], [ -103.6998, 35.2176 ], [ -103.7216, 35.2339 ], [ -103.7174, 35.2382 ], [ -103.7146, 35.2346 ], [ -103.7156, 35.2414 ], [ -103.6371, 35.2408 ], [ -103.6371, 35.3897 ], [ -103.389, 35.3896 ], [ -103.3797, 35.3968 ], [ -103.3751, 35.7395 ], [ -103.0413, 35.7394 ], [ -103.0427, 34.9541 ], [ -103.2841, 34.9542 ], [ -103.2843, 34.865 ], [ -103.3898, 34.8654 ], [ -103.3903, 34.7781 ], [ -103.4956, 34.7786 ], [ -103.4957, 34.6914 ], [ -103.7058, 34.6924 ], [ -103.7061, 34.605 ], [ -104.1289, 34.6052 ], [ -104.1251, 35.1421 ] ] ] } },
{ "type": "Feature", "properties": { "GEOIDFQ": "1400000US35001003502", "NAME": "35.02", "NAMELSAD": "Census Tract 35.02" }, "geometry": { "type": "Polygon", "coordinates": [ [ [ -106.6541, 35.1726 ], [ -106.6528, 35.1822 ], [ -106.6275, 35.1792 ], [ -106.6347, 35.1725 ], [ -106.6413, 35.1386 ], [ -106.6784, 35.1459 ], [ -106.6541, 35.1726 ] ] ] } },
{ "type": "Feature", "properties": { "GEOIDFQ": "1400000US35001003707", "NAME": "37.07", "NAMELSAD": "Census Tract 37.07" }, "geometry": { "type": "Polygon", "coordinates": [ [ [ -106.5539, 35.1461 ], [ -106.551, 35.1307 ], [ -106.5687, 35.1308 ], [ -106.5687, 35.1384 ], [ -106.5864, 35.1471 ], [ -106.5539, 35.1461 ] ] ] } },
{ "type": "Feature", "properties": { "GEOIDFQ": "1400000US35001003717", "NAME": "37.17", "NAMELSAD": "Census Tract 37.17" }, "geometry": { "type": "Polygon", "coordinates": [ [ [ -106.5399, 35.1513 ], [ -106.5294, 35.1457 ], [ -106.5334, 35.1371 ], [ -106.5456, 35.1372 ], [ -106.5539, 35.1461 ], [ -106.5399, 35.1513 ] ] ] } },
{ "type": "Feature", "properties": { "GEOIDFQ": "1400000US35001000713", "NAME": "7.13", "NAMELSAD": "Census Tract 7.13" }, "geometry": { "type": "Polygon", "coordinates": [ [ [ -106.5152, 35.0701 ], [ -106.495, 35.0677 ], [ -106.4951, 35.0609 ], [ -106.5154, 35.056 ], [ -106.5152, 35.0701 ] ] ] } },
{ "type": "Feature", "properties": { "GEOIDFQ": "1400000US35001000904", "NAME": "9.04", "NAMELSAD": "Census Tract 9.04" }, "geometry": { "type": "Polygon", "coordinates": [ [ [ -106.5775, 35.0728 ], [ -106.5686, 35.0727 ], [ -106.5689, 35.0525 ], [ -106.5777, 35.0564 ], [ -106.5775, 35.0728 ] ] ] } },
{ "type": "Feature", "properties": { "GEOIDFQ": "1400000US35001001101", "NAME": "11.01", "NAMELSAD": "Census Tract 11.01" }, "geometry": { "type": "Polygon", "coordinates": [ [ [ -106.5862, 35.0729 ], [ -106.5865, 35.0584 ], [ -106.5985, 35.0629 ], [ -106.6043, 35.0583 ], [ -106.6046, 35.0736 ], [ -106.5862, 35.0729 ] ] ] } },
{ "type": "Feature", "properties": { "GEOIDFQ": "1400000US35001001102", "NAME": "11.02", "NAMELSAD": "Census Tract 11.02" }, "geometry": { "type": "Polygon", "coordinates": [ [ [ -106.6133, 35.0737 ], [ -106.6046, 35.0736 ], [ -106.6043, 35.0583 ], [ -106.6133, 35.0584 ], [ -106.6133, 35.0737 ] ] ] } },
{ "type": "Feature", "properties": { "GEOIDFQ": "1400000US35001001300", "NAME": "13", "NAMELSAD": "Census Tract 13" }, "geometry": { "type": "Polygon", "coordinates": [ [ [ -106.6498, 35.07 ], [ -106.6394, 35.0698 ], [ -106.6376, 35.0476 ], [ -106.6538, 35.0493 ], [ -106.6498, 35.07 ] ] ] } },
{ "type": "Feature", "properties": { "GEOIDFQ": "1400000US35001002401", "NAME": "24.01", "NAMELSAD": "Census Tract 24.01" }, "geometry": { "type": "Polygon", "coordinates": [ [ [ -106.7046, 35.1066 ], [ -106.6923, 35.1065 ], [ -106.6812, 35.0891 ], [ -106.6986, 35.0826 ], [ -106.6998, 35.0943 ], [ -106.7096, 35.0944 ], [ -106.7046, 35.1066 ] ] ] } },
{ "type": "Feature", "properties": { "GEOIDFQ": "1400000US35001002700", "NAME": "27", "NAMELSAD": "Census Tract 27" }, "geometry": { "type": "Polygon", "coordinates": [ [ [ -106.6534, 35.1071 ], [ -106.6405, 35.1054 ], [ -106.6433, 35.0903 ], [ -106.6552, 35.0916 ], [ -106.6565, 35.0852 ], [ -106.6648, 35.0903 ], [ -106.6534, 35.1071 ] ] ] } },
{ "type": "Feature", "properties": { "GEOIDFQ": "1400000US35001003746", "NAME": "37.46", "NAMELSAD": "Census Tract 37.46" }, "geometry": { "type": "Polygon", "coordinates": [ [ [ -106.6175, 35.1692 ], [ -106.6048, 35.1848 ], [ -106.6052, 35.1535 ], [ -106.6232, 35.1518 ], [ -106.6175, 35.1692 ] ] ] } },
{ "type": "Feature", "properties": { "GEOIDFQ": "1400000US35029000600", "NAME": "6", "NAMELSAD": "Census Tract 6" }, "geometry": { "type": "Polygon", "coordinates": [ [ [ -107.7565, 32.276 ], [ -107.7564, 32.2868 ], [ -107.7305, 32.278 ], [ -107.7029, 32.2788 ], [ -107.7528, 32.2713 ], [ -107.7468, 32.2614 ], [ -107.7666, 32.2635 ], [ -107.7594, 32.2729 ], [ -107.7686, 32.2735 ], [ -107.7565, 32.276 ] ] ] } },
{ "type": "Feature", "properties": { "GEOIDFQ": "1400000US35029000100", "NAME": "1", "NAMELSAD": "Census Tract 1" }, "geometry": { "type": "Polygon", "coordinates": [ [ [ -107.7132, 32.2761 ], [ -107.7141, 32.2689 ], [ -107.688, 32.2682 ], [ -107.6416, 32.2472 ], [ -107.6027, 32.2428 ], [ -107.6018, 32.2385 ], [ -107.7513, 32.2252 ], [ -107.7468, 32.2649 ], [ -107.7528, 32.2713 ], [ -107.7132, 32.2761 ] ] ] } },
{ "type": "Feature", "properties": { "GEOIDFQ": "1400000US35029000200", "NAME": "2", "NAMELSAD": "Census Tract 2" }, "geometry": { "type": "Polygon", "coordinates": [ [ [ -107.82, 32.2396 ], [ -107.8036, 32.24 ], [ -107.7834, 32.2541 ], [ -107.7516, 32.2571 ], [ -107.7513, 32.2252 ], [ -107.7906, 32.225 ], [ -107.8027, 32.219 ], [ -107.8072, 32.2251 ], [ -107.8072, 32.2183 ], [ -107.82, 32.218 ], [ -107.82, 32.2396 ] ] ] } },
{ "type": "Feature", "properties": { "GEOIDFQ": "1400000US35029000500", "NAME": "5", "NAMELSAD": "Census Tract 5" }, "geometry": { "type": "Polygon", "coordinates": [ [ [ -108.2293, 32.5168 ], [ -107.9238, 32.5174 ], [ -107.924, 32.6044 ], [ -107.2996, 32.6054 ], [ -107.2984, 32.243 ], [ -107.3651, 32.2442 ], [ -107.3919, 32.2364 ], [ -107.4391, 32.2418 ], [ -107.5673, 32.2803 ], [ -107.6321, 32.2872 ], [ -107.7302, 32.2779 ], [ -107.7554, 32.2868 ], [ -107.7565, 32.276 ], [ -107.7686, 32.2744 ], [ -107.7597, 32.2744 ], [ -107.7586, 32.2676 ], [ -107.7737, 32.2633 ], [ -107.8033, 32.2401 ], [ -107.82, 32.2396 ], [ -107.82, 32.2179 ], [ -107.8072, 32.2183 ], [ -107.8072, 32.2251 ], [ -107.8027, 32.219 ], [ -107.7925, 32.2199 ], [ -107.8063, 32.1812 ], [ -107.7853, 32.1814 ], [ -107.7833, 32.0673 ], [ -107.847, 32.067 ], [ -107.9141, 31.8784 ], [ -107.9526, 31.851 ], [ -107.9103, 31.8375 ], [ -107.9103, 31.8287 ], [ -107.8935, 31.8102 ], [ -107.8933, 31.7921 ], [ -107.8638, 31.7921 ], [ -107.8659, 31.7837 ], [ -108.21, 31.7837 ], [ -108.21, 31.8205 ], [ -108.2171, 31.8205 ], [ -108.217, 32.0799 ], [ -108.23, 32.0799 ], [ -108.2293, 32.5168 ] ] ] } },
{ "type": "Feature", "properties": { "GEOIDFQ": "1400000US35025000600", "NAME": "6", "NAMELSAD": "Census Tract 6" }, "geometry": { "type": "Polygon", "coordinates": [ [ [ -103.1792, 32.7257 ], [ -103.1793, 32.7532 ], [ -103.1742, 32.7537 ], [ -103.1467, 32.7258 ], [ -103.1276, 32.7258 ], [ -103.1276, 32.7112 ], [ -103.1871, 32.7115 ], [ -103.1878, 32.7257 ], [ -103.1792, 32.7257 ] ] ] } },
{ "type": "Feature", "properties": { "GEOIDFQ": "1400000US35025001003", "NAME": "10.03", "NAMELSAD": "Census Tract 10.03" }, "geometry": { "type": "Polygon", "coordinates": [ [ [ -103.3684, 32.944 ], [ -103.3339, 32.944 ], [ -103.3338, 32.9295 ], [ -103.3666, 32.9294 ], [ -103.3684, 32.944 ] ] ] } },
{ "type": "Feature", "properties": { "GEOIDFQ": "1400000US35011960100", "NAME": "9601", "NAMELSAD": "Census Tract 9601" }, "geometry": { "type": "Polygon", "coordinates": [ [ [ -104.892, 34.6044 ], [ -104.4448, 34.605 ], [ -104.4449, 34.6917 ], [ -104.3397, 34.6922 ], [ -104.3398, 34.7791 ], [ -104.1291, 34.7793 ], [ -104.1289, 34.6052 ], [ -103.9488, 34.6051 ], [ -103.946, 34.0825 ], [ -104.1556, 34.0832 ], [ -104.1563, 33.9954 ], [ -104.4714, 33.9964 ], [ -104.7861, 34.0001 ], [ -104.7864, 34.0877 ], [ -104.8934, 34.0889 ], [ -104.892, 34.6044 ] ] ] } },
{ "type": "Feature", "properties": { "GEOIDFQ": "1400000US35039941000", "NAME": "9410", "NAMELSAD": "Census Tract 9410" }, "geometry": { "type": "Polygon", "coordinates": [ [ [ -107.6182, 36.8043 ], [ -107.6034, 36.799 ], [ -107.6065, 36.8109 ], [ -107.5916, 36.8138 ], [ -107.6003, 36.8159 ], [ -107.5999, 36.8325 ], [ -107.58, 36.8351 ], [ -107.5617, 36.8558 ], [ -107.5462, 36.8491 ], [ -107.5397, 36.8556 ], [ -107.5306, 36.8539 ], [ -107.5229, 36.8755 ], [ -107.5048, 36.8753 ], [ -107.5021, 36.8826 ], [ -107.4941, 36.8762 ], [ -107.4755, 36.8947 ], [ -107.457, 36.8981 ], [ -107.4457, 36.9154 ], [ -107.4551, 36.9311 ], [ -107.4484, 36.9449 ], [ -107.4572, 36.955 ], [ -107.4461, 36.9659 ], [ -107.43, 36.9709 ], [ -107.4315, 36.9863 ], [ -107.4212, 37.0002 ], [ -106.9855, 37.0001 ], [ -106.9856, 36.9652 ], [ -106.9542, 36.9657 ], [ -106.9588, 36.9547 ], [ -106.9769, 36.9547 ], [ -106.9767, 36.9328 ], [ -106.9856, 36.9327 ], [ -106.9814, 36.9071 ], [ -106.9727, 36.907 ], [ -106.9679, 36.9179 ], [ -106.9498, 36.9181 ], [ -106.9546, 36.9069 ], [ -106.9504, 36.8925 ], [ -106.878, 36.8926 ], [ -106.8781, 36.8849 ], [ -106.869, 36.885 ], [ -106.8738, 36.8997 ], [ -106.8644, 36.8998 ], [ -106.8601, 36.8781 ], [ -106.8422, 36.8781 ], [ -106.8328, 36.8634 ], [ -106.8136, 36.8702 ], [ -106.8118, 36.8847 ], [ -106.7751, 36.8638 ], [ -106.7798, 36.8616 ], [ -106.7763, 36.8455 ], [ -106.7506, 36.8123 ], [ -106.7177, 36.8127 ], [ -106.7179, 36.8554 ], [ -106.6771, 36.8554 ], [ -106.6733, 36.845 ], [ -106.6646, 36.845 ], [ -106.6706, 36.8554 ], [ -106.657, 36.8555 ], [ -106.657, 36.8429 ], [ -106.6471, 36.843 ], [ -106.6471, 36.8362 ], [ -106.5738, 36.8365 ], [ -106.5839, 36.801 ], [ -106.5723, 36.779 ], [ -106.5645, 36.7789 ], [ -106.58, 36.75 ], [ -106.5797, 36.7329 ], [ -106.6876, 36.7323 ], [ -106.687, 36.7079 ], [ -106.7148, 36.717 ], [ -106.7467, 36.7076 ], [ -106.727, 36.6801 ], [ -106.7465, 36.6532 ], [ -106.774, 36.6651 ], [ -106.7711, 36.6437 ], [ -106.7768, 36.6407 ], [ -106.7675, 36.6394 ], [ -106.7695, 36.6241 ], [ -106.7593, 36.5997 ], [ -106.7505, 36.5852 ], [ -106.732, 36.59 ], [ -106.7177, 36.56 ], [ -106.7236, 36.5541 ], [ -106.7189, 36.5551 ], [ -106.7165, 36.5528 ], [ -106.7787, 36.5537 ], [ -106.7774, 36.521 ], [ -107.0871, 36.5211 ], [ -107.0875, 36.4358 ], [ -107.1952, 36.436 ], [ -107.1996, 36.2595 ], [ -106.9922, 36.26 ], [ -106.9924, 36.2166 ], [ -107.6243, 36.2198 ], [ -107.6182, 36.8043 ] ] ] } },
{ "type": "Feature", "properties": { "GEOIDFQ": "1400000US35043010725", "NAME": "107.25", "NAMELSAD": "Census Tract 107.25" }, "geometry": { "type": "Polygon", "coordinates": [ [ [ -106.6346, 35.3714 ], [ -106.5834, 35.3382 ], [ -106.5964, 35.3279 ], [ -106.6154, 35.3397 ], [ -106.6153, 35.3481 ], [ -106.6327, 35.3442 ], [ -106.6386, 35.358 ], [ -106.6587, 35.3661 ], [ -106.6346, 35.3714 ] ] ] } },
{ "type": "Feature", "properties": { "GEOIDFQ": "1400000US35043010733", "NAME": "107.33", "NAMELSAD": "Census Tract 107.33" }, "geometry": { "type": "Polygon", "coordinates": [ [ [ -106.7183, 35.3179 ], [ -106.713, 35.3111 ], [ -106.6969, 35.315 ], [ -106.697, 35.3063 ], [ -106.7261, 35.3063 ], [ -106.7313, 35.3186 ], [ -106.7183, 35.3179 ] ] ] } },
{ "type": "Feature", "properties": { "GEOIDFQ": "1400000US35043010732", "NAME": "107.32", "NAMELSAD": "Census Tract 107.32" }, "geometry": { "type": "Polygon", "coordinates": [ [ [ -106.6511, 35.2509 ], [ -106.6314, 35.2568 ], [ -106.6545, 35.2212 ], [ -106.6539, 35.2317 ], [ -106.6587, 35.2314 ], [ -106.6511, 35.2509 ] ] ] } },
{ "type": "Feature", "properties": { "GEOIDFQ": "1400000US35043010724", "NAME": "107.24", "NAMELSAD": "Census Tract 107.24" }, "geometry": { "type": "Polygon", "coordinates": [ [ [ -106.5834, 35.3382 ], [ -106.5714, 35.3303 ], [ -106.5754, 35.3194 ], [ -106.5961, 35.3282 ], [ -106.5834, 35.3382 ] ] ] } },
{ "type": "Feature", "properties": { "GEOIDFQ": "1400000US35043010731", "NAME": "107.31", "NAMELSAD": "Census Tract 107.31" }, "geometry": { "type": "Polygon", "coordinates": [ [ [ -106.6771, 35.2416 ], [ -106.6771, 35.2179 ], [ -106.6966, 35.218 ], [ -106.697, 35.2404 ], [ -106.6771, 35.2416 ] ] ] } },
{ "type": "Feature", "properties": { "GEOIDFQ": "1400000US35043980000", "NAME": "9800", "NAMELSAD": "Census Tract 9800" }, "geometry": { "type": "Polygon", "coordinates": [ [ [ -106.6588, 35.2313 ], [ -106.6539, 35.2317 ], [ -106.6545, 35.2212 ], [ -106.6624, 35.2184 ], [ -106.6588, 35.2313 ] ] ] } },
{ "type": "Feature", "properties": { "GEOIDFQ": "1400000US35049000400", "NAME": "4", "NAMELSAD": "Census Tract 4" }, "geometry": { "type": "Polygon", "coordinates": [ [ [ -105.9473, 35.6922 ], [ -105.9337, 35.689 ], [ -105.9348, 35.6811 ], [ -105.9482, 35.6821 ], [ -105.9473, 35.6922 ] ] ] } },
{ "type": "Feature", "properties": { "GEOIDFQ": "1400000US35059950200", "NAME": "9502", "NAMELSAD": "Census Tract 9502" }, "geometry": { "type": "Polygon", "coordinates": [ [ [ -104.0079, 36.9961 ], [ -103.0023, 37.0001 ], [ -103.0023, 36.5009 ], [ -103.0417, 36.5004 ], [ -103.0413, 35.7394 ], [ -103.3751, 35.7395 ], [ -103.3749, 35.9987 ], [ -103.3651, 35.9987 ], [ -103.365, 36.0861 ], [ -103.7945, 36.0857 ], [ -103.794, 36.174 ], [ -104.0089, 36.1745 ], [ -104.0079, 36.9961 ] ] ] } },
{ "type": "Feature", "properties": { "GEOIDFQ": "1400000US35035000604", "NAME": "6.04", "NAMELSAD": "Census Tract 6.04" }, "geometry": { "type": "Polygon", "coordinates": [ [ [ -106.0718, 32.8435 ], [ -106.0677, 32.8505 ], [ -106.0672, 32.8321 ], [ -106.0825, 32.8244 ], [ -106.0882, 32.8334 ], [ -106.0718, 32.8435 ] ] ] } },
{ "type": "Feature", "properties": { "GEOIDFQ": "1400000US35043010713", "NAME": "107.13", "NAMELSAD": "Census Tract 107.13" }, "geometry": { "type": "Polygon", "coordinates": [ [ [ -106.7468, 35.258 ], [ -106.7368, 35.258 ], [ -106.7368, 35.2486 ], [ -106.7134, 35.2557 ], [ -106.7143, 35.2416 ], [ -106.7514, 35.2418 ], [ -106.7468, 35.258 ] ] ] } },
{ "type": "Feature", "properties": { "GEOIDFQ": "1400000US35049001301", "NAME": "13.01", "NAMELSAD": "Census Tract 13.01" }, "geometry": { "type": "Polygon", "coordinates": [ [ [ -106.0712, 35.6321 ], [ -106.0453, 35.6357 ], [ -106.0453, 35.6276 ], [ -106.0676, 35.6278 ], [ -106.0713, 35.6227 ], [ -106.0712, 35.6321 ] ] ] } },
{ "type": "Feature", "properties": { "GEOIDFQ": "1400000US35049001302", "NAME": "13.02", "NAMELSAD": "Census Tract 13.02" }, "geometry": { "type": "Polygon", "coordinates": [ [ [ -106.0191, 35.6392 ], [ -106.0175, 35.639 ], [ -106.0243, 35.6279 ], [ -106.0369, 35.6276 ], [ -106.044, 35.6359 ], [ -106.0191, 35.6392 ] ] ] } },
{ "type": "Feature", "properties": { "GEOIDFQ": "1400000US35049010602", "NAME": "106.02", "NAMELSAD": "Census Tract 106.02" }, "geometry": { "type": "Polygon", "coordinates": [ [ [ -105.9737, 35.5593 ], [ -105.9273, 35.5533 ], [ -105.9203, 35.5227 ], [ -105.9391, 35.5227 ], [ -105.9554, 35.501 ], [ -105.9703, 35.4945 ], [ -105.9772, 35.5029 ], [ -105.9753, 35.5324 ], [ -105.983, 35.5452 ], [ -105.9737, 35.5593 ] ] ] } },
{ "type": "Feature", "properties": { "GEOIDFQ": "1400000US35001004725", "NAME": "47.25", "NAMELSAD": "Census Tract 47.25" }, "geometry": { "type": "Polygon", "coordinates": [ [ [ -106.6956, 35.1629 ], [ -106.6923, 35.1591 ], [ -106.6938, 35.1525 ], [ -106.7173, 35.1522 ], [ -106.719, 35.1576 ], [ -106.6956, 35.1629 ] ] ] } },
{ "type": "Feature", "properties": { "GEOIDFQ": "1400000US35001004720", "NAME": "47.20", "NAMELSAD": "Census Tract 47.20" }, "geometry": { "type": "Polygon", "coordinates": [ [ [ -106.7029, 35.2061 ], [ -106.6787, 35.2023 ], [ -106.6841, 35.1898 ], [ -106.7033, 35.1968 ], [ -106.7029, 35.2061 ] ] ] } },
{ "type": "Feature", "properties": { "GEOIDFQ": "1400000US35001000714", "NAME": "7.14", "NAMELSAD": "Census Tract 7.14" }, "geometry": { "type": "Polygon", "coordinates": [ [ [ -106.5325, 35.0673 ], [ -106.5152, 35.0691 ], [ -106.5153, 35.0559 ], [ -106.5329, 35.0432 ], [ -106.5325, 35.0673 ] ] ] } },
{ "type": "Feature", "properties": { "GEOIDFQ": "1400000US35001003600", "NAME": "36", "NAMELSAD": "Census Tract 36" }, "geometry": { "type": "Polygon", "coordinates": [ [ [ -106.6381, 35.2039 ], [ -106.6231, 35.2088 ], [ -106.5997, 35.2041 ], [ -106.6133, 35.1759 ], [ -106.6528, 35.1823 ], [ -106.6381, 35.2039 ] ] ] } },
{ "type": "Feature", "properties": { "GEOIDFQ": "1400000US35049010204", "NAME": "102.04", "NAMELSAD": "Census Tract 102.04" }, "geometry": { "type": "Polygon", "coordinates": [ [ [ -106.1589, 35.8556 ], [ -106.0732, 35.8554 ], [ -106.0734, 35.9143 ], [ -106.0625, 35.9142 ], [ -106.0628, 35.8564 ], [ -106.0174, 35.8561 ], [ -106.0237, 35.7661 ], [ -105.9441, 35.7667 ], [ -105.9405, 35.7548 ], [ -105.9471, 35.7546 ], [ -105.9488, 35.7264 ], [ -105.985, 35.7266 ], [ -105.9853, 35.7002 ], [ -105.9919, 35.6985 ], [ -105.995, 35.7052 ], [ -106.0421, 35.7287 ], [ -106.0676, 35.731 ], [ -106.0807, 35.7437 ], [ -106.1031, 35.7505 ], [ -106.1366, 35.8132 ], [ -106.1557, 35.8322 ], [ -106.1661, 35.8347 ], [ -106.1589, 35.8556 ] ] ] } },
{ "type": "Feature", "properties": { "GEOIDFQ": "1400000US35049010309", "NAME": "103.09", "NAMELSAD": "Census Tract 103.09" }, "geometry": { "type": "Polygon", "coordinates": [ [ [ -106.2488, 35.445 ], [ -106.2304, 35.4402 ], [ -106.2302, 35.4997 ], [ -106.169, 35.4682 ], [ -106.1309, 35.44 ], [ -106.0194, 35.395 ], [ -105.9907, 35.4003 ], [ -105.876, 35.4833 ], [ -105.8561, 35.5146 ], [ -105.8365, 35.5257 ], [ -105.8429, 35.5246 ], [ -105.8481, 35.5387 ], [ -105.8035, 35.564 ], [ -105.7824, 35.5905 ], [ -105.7722, 35.5889 ], [ -105.7542, 35.5647 ], [ -105.718, 35.5533 ], [ -105.7156, 35.2736 ], [ -105.7508, 35.2736 ], [ -105.751, 35.2597 ], [ -105.7685, 35.259 ], [ -105.7687, 35.2266 ], [ -105.7765, 35.2195 ], [ -105.8385, 35.2153 ], [ -105.8569, 35.2294 ], [ -105.8585, 35.2372 ], [ -105.8846, 35.2419 ], [ -105.8931, 35.2488 ], [ -105.8924, 35.2597 ], [ -105.903, 35.2645 ], [ -105.9125, 35.261 ], [ -105.925, 35.2756 ], [ -105.9426, 35.2717 ], [ -105.9505, 35.2504 ], [ -105.9799, 35.2589 ], [ -106.05, 35.2582 ], [ -106.0498, 35.2692 ], [ -106.0726, 35.28 ], [ -106.0771, 35.2918 ], [ -106.1073, 35.2831 ], [ -106.1792, 35.2788 ], [ -106.2434, 35.285 ], [ -106.2489, 35.3043 ], [ -106.2488, 35.445 ] ] ] } },
{ "type": "Feature", "properties": { "GEOIDFQ": "1400000US35049010603", "NAME": "106.03", "NAMELSAD": "Census Tract 106.03" }, "geometry": { "type": "Polygon", "coordinates": [ [ [ -106.0898, 35.43 ], [ -106.0701, 35.454 ], [ -106.0521, 35.558 ], [ -105.9915, 35.5767 ], [ -105.9809, 35.5556 ], [ -105.9787, 35.511 ], [ -105.9703, 35.4945 ], [ -105.9554, 35.501 ], [ -105.9391, 35.5227 ], [ -105.9203, 35.5227 ], [ -105.9175, 35.4936 ], [ -105.9103, 35.4838 ], [ -105.9037, 35.486 ], [ -105.9084, 35.4787 ], [ -105.9, 35.4654 ], [ -105.9913, 35.4 ], [ -106.0264, 35.3954 ], [ -106.117, 35.4351 ], [ -106.0898, 35.43 ] ] ] } },
{ "type": "Feature", "properties": { "GEOIDFQ": "1400000US35049010601", "NAME": "106.01", "NAMELSAD": "Census Tract 106.01" }, "geometry": { "type": "Polygon", "coordinates": [ [ [ -106.024, 35.612 ], [ -105.9651, 35.6313 ], [ -105.9635, 35.6139 ], [ -105.928, 35.567 ], [ -105.9273, 35.5533 ], [ -105.9736, 35.5593 ], [ -105.9808, 35.5546 ], [ -105.9915, 35.5767 ], [ -106.0537, 35.556 ], [ -106.0535, 35.588 ], [ -106.0621, 35.5905 ], [ -106.024, 35.612 ] ] ] } },
{ "type": "Feature", "properties": { "GEOIDFQ": "1400000US35049001205", "NAME": "12.05", "NAMELSAD": "Census Tract 12.05" }, "geometry": { "type": "Polygon", "coordinates": [ [ [ -106.0408, 35.6482 ], [ -106.0356, 35.637 ], [ -106.0712, 35.6321 ], [ -106.0408, 35.6482 ] ] ] } },
{ "type": "Feature", "properties": { "GEOIDFQ": "1400000US35049001304", "NAME": "13.04", "NAMELSAD": "Census Tract 13.04" }, "geometry": { "type": "Polygon", "coordinates": [ [ [ -106.063, 35.6163 ], [ -106.0503, 35.6097 ], [ -106.0316, 35.6161 ], [ -106.0349, 35.6049 ], [ -106.0622, 35.5904 ], [ -106.0713, 35.6001 ], [ -106.0717, 35.6129 ], [ -106.063, 35.6163 ] ] ] } },
{ "type": "Feature", "properties": { "GEOIDFQ": "1400000US35049010312", "NAME": "103.12", "NAMELSAD": "Census Tract 103.12" }, "geometry": { "type": "Polygon", "coordinates": [ [ [ -106.2438, 35.0846 ], [ -106.103, 35.0841 ], [ -106.103, 35.0406 ], [ -106.244, 35.0425 ], [ -106.2438, 35.0846 ] ] ] } },
{ "type": "Feature", "properties": { "GEOIDFQ": "1400000US35049010310", "NAME": "103.10", "NAMELSAD": "Census Tract 103.10" }, "geometry": { "type": "Polygon", "coordinates": [ [ [ -106.2457, 35.2864 ], [ -106.2315, 35.2868 ], [ -106.2212, 35.2809 ], [ -106.1792, 35.2788 ], [ -106.1079, 35.283 ], [ -106.0811, 35.2923 ], [ -106.0726, 35.28 ], [ -106.0498, 35.2692 ], [ -106.05, 35.2582 ], [ -105.9799, 35.2589 ], [ -105.9505, 35.2504 ], [ -105.9426, 35.2717 ], [ -105.925, 35.2756 ], [ -105.9125, 35.261 ], [ -105.903, 35.2645 ], [ -105.8924, 35.2597 ], [ -105.8931, 35.2488 ], [ -105.8846, 35.2419 ], [ -105.8585, 35.2372 ], [ -105.8569, 35.2294 ], [ -105.8356, 35.2146 ], [ -105.7756, 35.2198 ], [ -105.7687, 35.2266 ], [ -105.7685, 35.259 ], [ -105.751, 35.2597 ], [ -105.7508, 35.2736 ], [ -105.7156, 35.2736 ], [ -105.7144, 35.0416 ], [ -106.103, 35.0406 ], [ -106.1032, 35.1183 ], [ -106.1562, 35.1327 ], [ -106.1563, 35.2246 ], [ -106.1894, 35.2299 ], [ -106.2227, 35.248 ], [ -106.2452, 35.2387 ], [ -106.2457, 35.2864 ] ] ] } },
{ "type": "Feature", "properties": { "GEOIDFQ": "1400000US35049010311", "NAME": "103.11", "NAMELSAD": "Census Tract 103.11" }, "geometry": { "type": "Polygon", "coordinates": [ [ [ -106.2227, 35.248 ], [ -106.1894, 35.2299 ], [ -106.1566, 35.225 ], [ -106.1562, 35.1327 ], [ -106.1032, 35.1183 ], [ -106.103, 35.0841 ], [ -106.2438, 35.0846 ], [ -106.2452, 35.2387 ], [ -106.2227, 35.248 ] ] ] } },
{ "type": "Feature", "properties": { "GEOIDFQ": "1400000US35049940400", "NAME": "9404", "NAMELSAD": "Census Tract 9404" }, "geometry": { "type": "Polygon", "coordinates": [ [ [ -106.0174, 35.8561 ], [ -105.9904, 35.8559 ], [ -105.9905, 35.849 ], [ -105.9831, 35.8483 ], [ -105.929, 35.8487 ], [ -105.9301, 35.766 ], [ -105.9355, 35.7669 ], [ -105.9151, 35.7414 ], [ -105.9127, 35.7264 ], [ -105.9319, 35.7263 ], [ -105.9441, 35.7667 ], [ -106.0237, 35.7662 ], [ -106.0174, 35.8561 ] ] ] } },
{ "type": "Feature", "properties": { "GEOIDFQ": "1400000US35049010900", "NAME": "109", "NAMELSAD": "Census Tract 109" }, "geometry": { "type": "Polygon", "coordinates": [ [ [ -106.2186, 35.7702 ], [ -106.1978, 35.7876 ], [ -106.1939, 35.8039 ], [ -106.1805, 35.8088 ], [ -106.1772, 35.8224 ], [ -106.1631, 35.8364 ], [ -106.1366, 35.8132 ], [ -106.1023, 35.7496 ], [ -106.0807, 35.7437 ], [ -106.0634, 35.7291 ], [ -106.0421, 35.7287 ], [ -106.0197, 35.7147 ], [ -106.0357, 35.704 ], [ -106.0454, 35.7044 ], [ -106.0757, 35.6654 ], [ -106.1088, 35.6404 ], [ -106.1155, 35.6259 ], [ -106.1229, 35.5976 ], [ -106.1119, 35.5894 ], [ -106.1133, 35.5745 ], [ -106.0822, 35.5953 ], [ -106.0666, 35.5875 ], [ -106.1656, 35.5221 ], [ -106.2098, 35.5208 ], [ -106.2306, 35.5136 ], [ -106.2304, 35.4402 ], [ -106.2488, 35.445 ], [ -106.2505, 35.7558 ], [ -106.2186, 35.7702 ] ] ] } },
{ "type": "Feature", "properties": { "GEOIDFQ": "1400000US35015001001", "NAME": "10.01", "NAMELSAD": "Census Tract 10.01" }, "geometry": { "type": "Polygon", "coordinates": [ [ [ -104.4649, 32.864 ], [ -104.4576, 32.8573 ], [ -104.4175, 32.8571 ], [ -104.4127, 32.8422 ], [ -104.4048, 32.8389 ], [ -104.4299, 32.8389 ], [ -104.4299, 32.8342 ], [ -104.4636, 32.8222 ], [ -104.4645, 32.8427 ], [ -104.4816, 32.8428 ], [ -104.4816, 32.8641 ], [ -104.4649, 32.864 ] ] ] } },
{ "type": "Feature", "properties": { "GEOIDFQ": "1400000US35015001002", "NAME": "10.02", "NAMELSAD": "Census Tract 10.02" }, "geometry": { "type": "Polygon", "coordinates": [ [ [ -104.4298, 32.8863 ], [ -104.4125, 32.8863 ], [ -104.4126, 32.8716 ], [ -104.3615, 32.8711 ], [ -104.3608, 32.8427 ], [ -104.4048, 32.8389 ], [ -104.4127, 32.8422 ], [ -104.4175, 32.8571 ], [ -104.4299, 32.8577 ], [ -104.4298, 32.8863 ] ] ] } },
{ "type": "Feature", "properties": { "GEOIDFQ": "1400000US35009000201", "NAME": "2.01", "NAMELSAD": "Census Tract 2.01" }, "geometry": { "type": "Polygon", "coordinates": [ [ [ -103.2141, 34.4339 ], [ -103.2141, 34.4193 ], [ -103.2493, 34.4192 ], [ -103.2493, 34.4333 ], [ -103.2141, 34.4339 ] ] ] } },
{ "type": "Feature", "properties": { "GEOIDFQ": "1400000US35009000308", "NAME": "3.08", "NAMELSAD": "Census Tract 3.08" }, "geometry": { "type": "Polygon", "coordinates": [ [ [ -103.1964, 34.4339 ], [ -103.1608, 34.4339 ], [ -103.1608, 34.4194 ], [ -103.1965, 34.4194 ], [ -103.1964, 34.4339 ] ] ] } },
{ "type": "Feature", "properties": { "GEOIDFQ": "1400000US35009000307", "NAME": "3.07", "NAMELSAD": "Census Tract 3.07" }, "geometry": { "type": "Polygon", "coordinates": [ [ [ -103.1964, 34.4483 ], [ -103.1784, 34.4484 ], [ -103.1785, 34.4339 ], [ -103.1965, 34.4343 ], [ -103.1964, 34.4483 ] ] ] } },
{ "type": "Feature", "properties": { "GEOIDFQ": "1400000US35009000305", "NAME": "3.05", "NAMELSAD": "Census Tract 3.05" }, "geometry": { "type": "Polygon", "coordinates": [ [ [ -103.2141, 34.4193 ], [ -103.1965, 34.4193 ], [ -103.2054, 34.4068 ], [ -103.2141, 34.4193 ] ] ] } },
{ "type": "Feature", "properties": { "GEOIDFQ": "1400000US35009000306", "NAME": "3.06", "NAMELSAD": "Census Tract 3.06" }, "geometry": { "type": "Polygon", "coordinates": [ [ [ -103.214, 34.4484 ], [ -103.1964, 34.4483 ], [ -103.1965, 34.4193 ], [ -103.2141, 34.4193 ], [ -103.214, 34.4484 ] ] ] } },
{ "type": "Feature", "properties": { "GEOIDFQ": "1400000US35027960401", "NAME": "9604.01", "NAMELSAD": "Census Tract 9604.01" }, "geometry": { "type": "Polygon", "coordinates": [ [ [ -105.6165, 33.326 ], [ -105.6001, 33.3307 ], [ -105.5946, 33.3309 ], [ -105.598, 33.3261 ], [ -105.5793, 33.3299 ], [ -105.5828, 33.3394 ], [ -105.5749, 33.3488 ], [ -105.5528, 33.3559 ], [ -105.5296, 33.3742 ], [ -105.5, 33.3823 ], [ -105.4698, 33.405 ], [ -105.4389, 33.4148 ], [ -105.481, 33.4369 ], [ -105.4951, 33.4617 ], [ -105.4617, 33.4754 ], [ -105.4405, 33.4755 ], [ -105.4322, 33.4921 ], [ -105.4099, 33.4993 ], [ -105.3925, 33.515 ], [ -105.3863, 33.515 ], [ -105.3863, 33.4971 ], [ -105.3696, 33.4971 ], [ -105.3696, 33.4899 ], [ -105.3498, 33.4899 ], [ -105.3498, 33.4755 ], [ -105.2675, 33.476 ], [ -105.2676, 33.4905 ], [ -105.2501, 33.4844 ], [ -105.2211, 33.4963 ], [ -105.2066, 33.4876 ], [ -105.2033, 33.4969 ], [ -105.1764, 33.4836 ], [ -105.1585, 33.4834 ], [ -105.1468, 33.4699 ], [ -105.1222, 33.4802 ], [ -105.111, 33.4753 ], [ -105.1019, 33.4819 ], [ -105.0807, 33.4728 ], [ -105.051, 33.4815 ], [ -105.0645, 33.4957 ], [ -105.057, 33.5033 ], [ -105.0021, 33.5054 ], [ -104.9937, 33.5108 ], [ -104.9885, 33.5051 ], [ -104.968, 33.5162 ], [ -104.9246, 33.4947 ], [ -104.9049, 33.4915 ], [ -104.8923, 33.4807 ], [ -104.8851, 33.3058 ], [ -104.9038, 33.3059 ], [ -104.9054, 33.1389 ], [ -105.1086, 33.1317 ], [ -105.317, 33.1323 ], [ -105.3174, 33.306 ], [ -105.6141, 33.3052 ], [ -105.6165, 33.326 ] ] ] } },
{ "type": "Feature", "properties": { "GEOIDFQ": "1400000US35027960403", "NAME": "9604.03", "NAMELSAD": "Census Tract 9604.03" }, "geometry": { "type": "Polygon", "coordinates": [ [ [ -105.6101, 33.4367 ], [ -105.5462, 33.4309 ], [ -105.544, 33.4402 ], [ -105.5187, 33.4468 ], [ -105.497, 33.4617 ], [ -105.481, 33.4369 ], [ -105.4389, 33.4148 ], [ -105.4698, 33.405 ], [ -105.5, 33.3823 ], [ -105.5296, 33.3742 ], [ -105.5528, 33.3559 ], [ -105.5749, 33.3488 ], [ -105.5828, 33.3394 ], [ -105.579, 33.3301 ], [ -105.5903, 33.326 ], [ -105.5981, 33.3261 ], [ -105.5968, 33.3312 ], [ -105.637, 33.3277 ], [ -105.6441, 33.3503 ], [ -105.6378, 33.3777 ], [ -105.6473, 33.3846 ], [ -105.6405, 33.3897 ], [ -105.6177, 33.39 ], [ -105.6562, 33.391 ], [ -105.6807, 33.399 ], [ -105.6101, 33.4367 ] ] ] } },
{ "type": "Feature", "properties": { "GEOIDFQ": "1400000US35027960402", "NAME": "9604.02", "NAMELSAD": "Census Tract 9604.02" }, "geometry": { "type": "Polygon", "coordinates": [ [ [ -105.81, 33.4144 ], [ -105.7947, 33.4162 ], [ -105.7682, 33.4337 ], [ -105.7513, 33.4557 ], [ -105.6492, 33.4438 ], [ -105.595, 33.4619 ], [ -105.6133, 33.4356 ], [ -105.6806, 33.3988 ], [ -105.7845, 33.3904 ], [ -105.8006, 33.4005 ], [ -105.8183, 33.399 ], [ -105.81, 33.4144 ] ] ] } },
{ "type": "Feature", "properties": { "GEOIDFQ": "1400000US35027960601", "NAME": "9606.01", "NAMELSAD": "Census Tract 9606.01" }, "geometry": { "type": "Polygon", "coordinates": [ [ [ -105.6806, 33.3988 ], [ -105.6636, 33.3647 ], [ -105.6749, 33.3508 ], [ -105.6764, 33.3367 ], [ -105.7261, 33.3363 ], [ -105.7272, 33.3906 ], [ -105.7343, 33.3908 ], [ -105.6806, 33.3988 ] ] ] } },
{ "type": "Feature", "properties": { "GEOIDFQ": "1400000US35027960602", "NAME": "9606.02", "NAMELSAD": "Census Tract 9606.02" }, "geometry": { "type": "Polygon", "coordinates": [ [ [ -105.6751, 33.3486 ], [ -105.6593, 33.3491 ], [ -105.6559, 33.3546 ], [ -105.6439, 33.3479 ], [ -105.6364, 33.327 ], [ -105.6084, 33.3265 ], [ -105.656, 33.324 ], [ -105.6813, 33.3343 ], [ -105.6751, 33.3486 ] ] ] } },
{ "type": "Feature", "properties": { "GEOIDFQ": "1400000US35027960603", "NAME": "9606.03", "NAMELSAD": "Census Tract 9606.03" }, "geometry": { "type": "Polygon", "coordinates": [ [ [ -105.6177, 33.39 ], [ -105.6405, 33.3897 ], [ -105.6473, 33.3846 ], [ -105.6377, 33.3774 ], [ -105.6439, 33.3479 ], [ -105.6559, 33.3546 ], [ -105.6593, 33.3491 ], [ -105.6751, 33.3486 ], [ -105.6636, 33.3647 ], [ -105.6791, 33.3969 ], [ -105.6177, 33.39 ] ] ] } },
{ "type": "Feature", "properties": { "GEOIDFQ": "1400000US35007950700", "NAME": "9507", "NAMELSAD": "Census Tract 9507" }, "geometry": { "type": "Polygon", "coordinates": [ [ [ -105.3493, 36.5622 ], [ -105.3579, 36.5897 ], [ -105.3748, 36.6086 ], [ -105.3658, 36.6274 ], [ -105.351, 36.6334 ], [ -105.3641, 36.6541 ], [ -105.3603, 36.663 ], [ -105.3703, 36.6716 ], [ -105.365, 36.6887 ], [ -105.3355, 36.7025 ], [ -105.322, 36.6984 ], [ -105.3118, 36.7245 ], [ -105.2908, 36.7285 ], [ -105.2808, 36.7183 ], [ -105.2503, 36.7174 ], [ -105.2306, 36.7238 ], [ -105.2243, 36.7341 ], [ -105.2223, 36.7546 ], [ -105.2352, 36.7882 ], [ -105.2264, 36.8034 ], [ -105.2334, 36.812 ], [ -105.2231, 36.8335 ], [ -105.2294, 36.8477 ], [ -105.2001, 36.9156 ], [ -105.2108, 36.9173 ], [ -105.2131, 36.9324 ], [ -105.222, 36.9359 ], [ -105.2362, 36.9623 ], [ -105.2362, 36.9819 ], [ -105.2235, 36.9867 ], [ -105.2206, 36.9952 ], [ -105.1364, 36.9952 ], [ -105.1252, 36.9495 ], [ -105.0849, 36.9399 ], [ -105.0716, 36.9193 ], [ -105.0471, 36.9103 ], [ -105.0445, 36.9041 ], [ -105.0283, 36.8982 ], [ -105.0033, 36.8988 ], [ -104.9883, 36.8895 ], [ -104.9624, 36.8646 ], [ -104.9264, 36.8449 ], [ -104.9102, 36.821 ], [ -104.9028, 36.8209 ], [ -104.8675, 36.7939 ], [ -104.8586, 36.7761 ], [ -104.8247, 36.7578 ], [ -104.8153, 36.7374 ], [ -104.8241, 36.738 ], [ -104.824, 36.7339 ], [ -104.8173, 36.729 ], [ -104.8079, 36.7354 ], [ -104.8029, 36.7282 ], [ -104.8086, 36.7256 ], [ -104.7987, 36.7225 ], [ -104.7894, 36.695 ], [ -104.7936, 36.6875 ], [ -104.7863, 36.6814 ], [ -104.7914, 36.6766 ], [ -104.781, 36.6715 ], [ -104.7721, 36.6424 ], [ -104.7593, 36.6324 ], [ -104.7626, 36.6202 ], [ -104.7426, 36.5979 ], [ -104.691, 36.6304 ], [ -104.5545, 36.7001 ], [ -104.5384, 36.7168 ], [ -104.5257, 36.7164 ], [ -104.5116, 36.7035 ], [ -104.4845, 36.6934 ], [ -104.4821, 36.6868 ], [ -104.4844, 36.6736 ], [ -104.4938, 36.6689 ], [ -104.4865, 36.6629 ], [ -104.4914, 36.6364 ], [ -104.5053, 36.6201 ], [ -104.511, 36.6218 ], [ -104.5087, 36.6071 ], [ -104.532, 36.5876 ], [ -104.5227, 36.5684 ], [ -104.5241, 36.5596 ], [ -104.5325, 36.5578 ], [ -104.531, 36.5431 ], [ -104.5369, 36.5368 ], [ -104.5098, 36.5337 ], [ -104.4977, 36.523 ], [ -104.3774, 36.5241 ], [ -104.3493, 36.5231 ], [ -104.3406, 36.5161 ], [ -104.2847, 36.5183 ], [ -104.271, 36.502 ], [ -104.2688, 36.4872 ], [ -104.2302, 36.4865 ], [ -104.2055, 36.4799 ], [ -104.2151, 36.4975 ], [ -104.1924, 36.5318 ], [ -104.1828, 36.5408 ], [ -104.156, 36.5426 ], [ -104.1393, 36.5739 ], [ -104.1222, 36.5886 ], [ -104.0951, 36.5661 ], [ -104.0084, 36.5676 ], [ -104.0088, 36.2181 ], [ -104.8654, 36.2179 ], [ -104.8652, 36.2614 ], [ -105.3413, 36.2619 ], [ -105.3274, 36.2772 ], [ -105.336, 36.3034 ], [ -105.3288, 36.3506 ], [ -105.3374, 36.3689 ], [ -105.3251, 36.3886 ], [ -105.3279, 36.4083 ], [ -105.3405, 36.4161 ], [ -105.3327, 36.4288 ], [ -105.3397, 36.4344 ], [ -105.3365, 36.4424 ], [ -105.3432, 36.4465 ], [ -105.3536, 36.443 ], [ -105.3573, 36.4508 ], [ -105.3393, 36.4708 ], [ -105.3364, 36.4835 ], [ -105.3187, 36.4917 ], [ -105.3436, 36.5106 ], [ -105.3484, 36.5328 ], [ -105.3777, 36.5523 ], [ -105.3493, 36.5622 ] ] ] } },
{ "type": "Feature", "properties": { "GEOIDFQ": "1400000US35007950500", "NAME": "9505", "NAMELSAD": "Census Tract 9505" }, "geometry": { "type": "Polygon", "coordinates": [ [ [ -104.4583, 36.791 ], [ -104.4435, 36.818 ], [ -104.4396, 36.9079 ], [ -104.4748, 36.954 ], [ -104.4841, 36.9858 ], [ -104.4806, 36.9939 ], [ -104.0079, 36.9961 ], [ -104.0086, 36.5674 ], [ -104.0951, 36.5661 ], [ -104.1222, 36.5886 ], [ -104.1393, 36.5739 ], [ -104.156, 36.5426 ], [ -104.1828, 36.5408 ], [ -104.1924, 36.5318 ], [ -104.2151, 36.4975 ], [ -104.2055, 36.4799 ], [ -104.2302, 36.4865 ], [ -104.2688, 36.4872 ], [ -104.271, 36.502 ], [ -104.2847, 36.5183 ], [ -104.3406, 36.5161 ], [ -104.3493, 36.5231 ], [ -104.3774, 36.5241 ], [ -104.4977, 36.523 ], [ -104.5098, 36.5337 ], [ -104.5369, 36.5368 ], [ -104.531, 36.5431 ], [ -104.5325, 36.5578 ], [ -104.5241, 36.5596 ], [ -104.5227, 36.5684 ], [ -104.532, 36.5876 ], [ -104.5087, 36.6071 ], [ -104.511, 36.6218 ], [ -104.5053, 36.6201 ], [ -104.4914, 36.6364 ], [ -104.4865, 36.6629 ], [ -104.4938, 36.6689 ], [ -104.4844, 36.6736 ], [ -104.4821, 36.6868 ], [ -104.4845, 36.6934 ], [ -104.5116, 36.7035 ], [ -104.5242, 36.7159 ], [ -104.5384, 36.7168 ], [ -104.4583, 36.791 ] ] ] } },
{ "type": "Feature", "properties": { "GEOIDFQ": "1400000US35007950600", "NAME": "9506", "NAMELSAD": "Census Tract 9506" }, "geometry": { "type": "Polygon", "coordinates": [ [ [ -104.4806, 36.9939 ], [ -104.4841, 36.9858 ], [ -104.4748, 36.954 ], [ -104.4396, 36.9079 ], [ -104.4478, 36.8068 ], [ -104.554, 36.7004 ], [ -104.7426, 36.5979 ], [ -104.7626, 36.6202 ], [ -104.7593, 36.6324 ], [ -104.7721, 36.6424 ], [ -104.781, 36.6715 ], [ -104.7914, 36.6766 ], [ -104.7863, 36.6814 ], [ -104.7936, 36.6875 ], [ -104.7894, 36.695 ], [ -104.7987, 36.7225 ], [ -104.8086, 36.7256 ], [ -104.8029, 36.7282 ], [ -104.8079, 36.7354 ], [ -104.8173, 36.729 ], [ -104.824, 36.7339 ], [ -104.8241, 36.738 ], [ -104.8153, 36.7374 ], [ -104.8247, 36.7578 ], [ -104.8586, 36.7761 ], [ -104.8675, 36.7939 ], [ -104.9028, 36.8209 ], [ -104.9102, 36.821 ], [ -104.9264, 36.8449 ], [ -104.9624, 36.8646 ], [ -104.9883, 36.8895 ], [ -105.0033, 36.8988 ], [ -105.0283, 36.8982 ], [ -105.0445, 36.9041 ], [ -105.0471, 36.9103 ], [ -105.0716, 36.9193 ], [ -105.0849, 36.9399 ], [ -105.1252, 36.9495 ], [ -105.1365, 36.9929 ], [ -104.4806, 36.9939 ] ] ] } },
{ "type": "Feature", "properties": { "GEOIDFQ": "1400000US35009000500", "NAME": "5", "NAMELSAD": "Census Tract 5" }, "geometry": { "type": "Polygon", "coordinates": [ [ [ -103.2493, 34.4003 ], [ -103.1784, 34.3957 ], [ -103.1785, 34.3902 ], [ -103.1699, 34.3902 ], [ -103.1699, 34.3757 ], [ -103.2318, 34.3756 ], [ -103.2378, 34.3714 ], [ -103.2495, 34.3766 ], [ -103.2493, 34.4003 ] ] ] } },
{ "type": "Feature", "properties": { "GEOIDFQ": "1400000US35009000900", "NAME": "9", "NAMELSAD": "Census Tract 9" }, "geometry": { "type": "Polygon", "coordinates": [ [ [ -103.3372, 34.4123 ], [ -103.3196, 34.4124 ], [ -103.3182, 34.4041 ], [ -103.2979, 34.4028 ], [ -103.2956, 34.3836 ], [ -103.3023, 34.3833 ], [ -103.3031, 34.3656 ], [ -103.3235, 34.3654 ], [ -103.3236, 34.3726 ], [ -103.3371, 34.3725 ], [ -103.3372, 34.4123 ] ] ] } },
{ "type": "Feature", "properties": { "GEOIDFQ": "1400000US35001004738", "NAME": "47.38", "NAMELSAD": "Census Tract 47.38" }, "geometry": { "type": "Polygon", "coordinates": [ [ [ -106.7373, 35.0433 ], [ -106.7124, 35.0365 ], [ -106.7198, 35.0249 ], [ -106.7401, 35.0246 ], [ -106.7373, 35.0433 ] ] ] } },
{ "type": "Feature", "properties": { "GEOIDFQ": "1400000US35023970000", "NAME": "9700", "NAMELSAD": "Census Tract 9700" }, "geometry": { "type": "Polygon", "coordinates": [ [ [ -109.0476, 32.7778 ], [ -108.8546, 32.7773 ], [ -108.8529, 32.6034 ], [ -108.6465, 32.6037 ], [ -108.6468, 32.5165 ], [ -108.537, 32.5166 ], [ -108.5377, 32.0798 ], [ -108.5246, 32.0798 ], [ -108.5245, 31.8636 ], [ -108.2171, 31.8641 ], [ -108.2171, 31.8205 ], [ -108.21, 31.8205 ], [ -108.2085, 31.7837 ], [ -108.2085, 31.3334 ], [ -109.05, 31.3323 ], [ -109.0476, 32.7778 ] ], [ [ -108.7297, 32.3268 ], [ -108.6795, 32.3271 ], [ -108.6748, 32.342 ], [ -108.6997, 32.3486 ], [ -108.6997, 32.3561 ], [ -108.7088, 32.3561 ], [ -108.7081, 32.3669 ], [ -108.718, 32.3682 ], [ -108.7297, 32.3268 ] ] ] } },
{ "type": "Feature", "properties": { "GEOIDFQ": "1400000US35039000402", "NAME": "4.02", "NAMELSAD": "Census Tract 4.02" }, "geometry": { "type": "Polygon", "coordinates": [ [ [ -106.4121, 36.9937 ], [ -106.0063, 36.9953 ], [ -106.0064, 36.9814 ], [ -105.9755, 36.9024 ], [ -105.973, 36.8472 ], [ -105.9845, 36.8114 ], [ -105.9811, 36.7128 ], [ -105.9681, 36.6612 ], [ -105.9843, 36.6596 ], [ -105.9844, 36.6453 ], [ -105.9725, 36.6481 ], [ -105.9499, 36.5432 ], [ -105.9524, 36.5196 ], [ -105.9401, 36.4873 ], [ -105.9388, 36.4624 ], [ -105.9555, 36.4191 ], [ -105.9519, 36.3745 ], [ -105.96, 36.3538 ], [ -105.9716, 36.3446 ], [ -106.0048, 36.3312 ], [ -106.0383, 36.3257 ], [ -106.0559, 36.3049 ], [ -106.0602, 36.2577 ], [ -106.0474, 36.2135 ], [ -106.0592, 36.1913 ], [ -106.0991, 36.1595 ], [ -106.1125, 36.1306 ], [ -106.1425, 36.1099 ], [ -106.1542, 36.1099 ], [ -106.1829, 36.1586 ], [ -106.2555, 36.2109 ], [ -106.2192, 36.2305 ], [ -106.1945, 36.2335 ], [ -106.1777, 36.2571 ], [ -106.1918, 36.3407 ], [ -106.187, 36.3459 ], [ -106.2161, 36.3622 ], [ -106.2734, 36.4266 ], [ -106.2756, 36.4751 ], [ -106.2627, 36.5074 ], [ -106.2879, 36.5657 ], [ -106.2902, 36.6066 ], [ -106.3144, 36.6162 ], [ -106.2867, 36.6368 ], [ -106.2282, 36.6479 ], [ -106.2194, 36.66 ], [ -106.2305, 36.6723 ], [ -106.2468, 36.6744 ], [ -106.2522, 36.6856 ], [ -106.2322, 36.7087 ], [ -106.2814, 36.7329 ], [ -106.3096, 36.7341 ], [ -106.32, 36.7487 ], [ -106.3143, 36.7542 ], [ -106.3181, 36.761 ], [ -106.2808, 36.783 ], [ -106.2646, 36.8038 ], [ -106.2575, 36.7989 ], [ -106.2408, 36.8147 ], [ -106.2295, 36.816 ], [ -106.2302, 36.8225 ], [ -106.192, 36.8435 ], [ -106.1858, 36.8537 ], [ -106.2145, 36.853 ], [ -106.2351, 36.8668 ], [ -106.2378, 36.8787 ], [ -106.245, 36.878 ], [ -106.2492, 36.8656 ], [ -106.2666, 36.8618 ], [ -106.297, 36.8624 ], [ -106.3224, 36.8739 ], [ -106.3402, 36.8753 ], [ -106.3459, 36.9014 ], [ -106.3577, 36.9081 ], [ -106.3562, 36.9269 ], [ -106.3715, 36.9318 ], [ -106.3726, 36.946 ], [ -106.3978, 36.9522 ], [ -106.407, 36.9644 ], [ -106.4045, 36.9715 ], [ -106.4143, 36.977 ], [ -106.4121, 36.9937 ] ] ] } },
{ "type": "Feature", "properties": { "GEOIDFQ": "1400000US35039000301", "NAME": "3.01", "NAMELSAD": "Census Tract 3.01" }, "geometry": { "type": "Polygon", "coordinates": [ [ [ -106.3118, 36.0212 ], [ -106.3112, 36.0365 ], [ -106.2538, 36.0579 ], [ -106.1923, 36.0906 ], [ -106.1738, 36.0941 ], [ -106.1125, 36.1306 ], [ -106.0991, 36.1595 ], [ -106.0592, 36.1913 ], [ -106.0474, 36.2135 ], [ -106.0602, 36.2577 ], [ -106.0546, 36.2806 ], [ -106.0597, 36.2869 ], [ -106.0523, 36.295 ], [ -105.8985, 36.2444 ], [ -105.9223, 36.2277 ], [ -105.9253, 36.2154 ], [ -105.9579, 36.2096 ], [ -105.978, 36.1925 ], [ -105.9801, 36.1842 ], [ -105.9672, 36.1623 ], [ -105.9716, 36.153 ], [ -105.9916, 36.1392 ], [ -106.001, 36.1479 ], [ -106.021, 36.1436 ], [ -106.0328, 36.1582 ], [ -106.042, 36.1563 ], [ -106.0994, 36.1133 ], [ -106.1048, 36.0902 ], [ -106.1187, 36.0901 ], [ -106.1187, 36.0163 ], [ -106.0644, 36.0164 ], [ -106.0651, 36.0062 ], [ -106.1352, 36.0062 ], [ -106.1353, 35.9944 ], [ -106.1592, 35.9948 ], [ -106.159, 36.0017 ], [ -106.2078, 36.0015 ], [ -106.2066, 36.0079 ], [ -106.2255, 36.0086 ], [ -106.2255, 36.0158 ], [ -106.2433, 36.0158 ], [ -106.2438, 36.023 ], [ -106.296, 36.0219 ], [ -106.2958, 36.0147 ], [ -106.3293, 36.008 ], [ -106.3291, 36.0012 ], [ -106.382, 36.0004 ], [ -106.3118, 36.0212 ] ] ] } },
{ "type": "Feature", "properties": { "GEOIDFQ": "1400000US35039000401", "NAME": "4.01", "NAMELSAD": "Census Tract 4.01" }, "geometry": { "type": "Polygon", "coordinates": [ [ [ -106.9276, 36.237 ], [ -106.8943, 36.2425 ], [ -106.8682, 36.2339 ], [ -106.859, 36.2382 ], [ -106.824, 36.2284 ], [ -106.8053, 36.2307 ], [ -106.7803, 36.2152 ], [ -106.7708, 36.2004 ], [ -106.742, 36.1947 ], [ -106.7178, 36.2031 ], [ -106.6613, 36.1646 ], [ -106.641, 36.1606 ], [ -106.6114, 36.1656 ], [ -106.5869, 36.1879 ], [ -106.5611, 36.1877 ], [ -106.4966, 36.2342 ], [ -106.4636, 36.2308 ], [ -106.4551, 36.2213 ], [ -106.4488, 36.2225 ], [ -106.4255, 36.2363 ], [ -106.4404, 36.2599 ], [ -106.4349, 36.2658 ], [ -106.4329, 36.2687 ], [ -106.4433, 36.2628 ], [ -106.454, 36.277 ], [ -106.4285, 36.298 ], [ -106.418, 36.2995 ], [ -106.4108, 36.3167 ], [ -106.3911, 36.3347 ], [ -106.3762, 36.3363 ], [ -106.3423, 36.362 ], [ -106.3222, 36.3632 ], [ -106.3119, 36.3516 ], [ -106.296, 36.3492 ], [ -106.2904, 36.364 ], [ -106.3009, 36.3908 ], [ -106.2975, 36.414 ], [ -106.3176, 36.4533 ], [ -106.3083, 36.4578 ], [ -106.2937, 36.4502 ], [ -106.2753, 36.4515 ], [ -106.2735, 36.4268 ], [ -106.2542, 36.4007 ], [ -106.2341, 36.3871 ], [ -106.2159, 36.362 ], [ -106.187, 36.3459 ], [ -106.1918, 36.3407 ], [ -106.1777, 36.2571 ], [ -106.1945, 36.2335 ], [ -106.2192, 36.2305 ], [ -106.2555, 36.2109 ], [ -106.1816, 36.1573 ], [ -106.1532, 36.1088 ], [ -106.1738, 36.0941 ], [ -106.1923, 36.0906 ], [ -106.2538, 36.0579 ], [ -106.3112, 36.0365 ], [ -106.3118, 36.0212 ], [ -106.382, 36.0004 ], [ -106.8853, 35.999 ], [ -106.8851, 36.2166 ], [ -106.9375, 36.2172 ], [ -106.9276, 36.237 ] ] ] } },
{ "type": "Feature", "properties": { "GEOIDFQ": "1400000US35039000302", "NAME": "3.02", "NAMELSAD": "Census Tract 3.02" }, "geometry": { "type": "Polygon", "coordinates": [ [ [ -106.0994, 36.1133 ], [ -106.042, 36.1563 ], [ -106.0328, 36.1582 ], [ -106.0208, 36.1435 ], [ -106.001, 36.1479 ], [ -105.9945, 36.144 ], [ -105.9916, 36.1392 ], [ -106.0493, 36.0903 ], [ -106.1048, 36.0902 ], [ -106.0994, 36.1133 ] ] ] } },
{ "type": "Feature", "properties": { "GEOIDFQ": "1400000US35005001001", "NAME": "10.01", "NAMELSAD": "Census Tract 10.01" }, "geometry": { "type": "Polygon", "coordinates": [ [ [ -104.4862, 33.4485 ], [ -104.5026, 33.4232 ], [ -104.5144, 33.4232 ], [ -104.515, 33.4323 ], [ -104.5232, 33.4322 ], [ -104.5234, 33.4523 ], [ -104.4862, 33.4485 ] ] ] } },
{ "type": "Feature", "properties": { "GEOIDFQ": "1400000US35001002900", "NAME": "29", "NAMELSAD": "Census Tract 29" }, "geometry": { "type": "Polygon", "coordinates": [ [ [ -106.655, 35.1227 ], [ -106.6257, 35.1144 ], [ -106.6292, 35.1055 ], [ -106.6586, 35.1086 ], [ -106.655, 35.1227 ] ] ] } },
{ "type": "Feature", "properties": { "GEOIDFQ": "1400000US35001003001", "NAME": "30.01", "NAMELSAD": "Census Tract 30.01" }, "geometry": { "type": "Polygon", "coordinates": [ [ [ -106.6738, 35.1251 ], [ -106.655, 35.1227 ], [ -106.6583, 35.1064 ], [ -106.6708, 35.1052 ], [ -106.6738, 35.1251 ] ] ] } },
{ "type": "Feature", "properties": { "GEOIDFQ": "1400000US35001003719", "NAME": "37.19", "NAMELSAD": "Census Tract 37.19" }, "geometry": { "type": "Polygon", "coordinates": [ [ [ -106.4998, 35.1414 ], [ -106.4979, 35.1307 ], [ -106.5333, 35.1306 ], [ -106.5334, 35.1371 ], [ -106.4998, 35.1414 ] ] ] } },
{ "type": "Feature", "properties": { "GEOIDFQ": "1400000US35001003722", "NAME": "37.22", "NAMELSAD": "Census Tract 37.22" }, "geometry": { "type": "Polygon", "coordinates": [ [ [ -106.5778, 35.2016 ], [ -106.5606, 35.1999 ], [ -106.5599, 35.1743 ], [ -106.583, 35.1775 ], [ -106.5778, 35.2016 ] ] ] } },
{ "type": "Feature", "properties": { "GEOIDFQ": "1400000US35001003723", "NAME": "37.23", "NAMELSAD": "Census Tract 37.23" }, "geometry": { "type": "Polygon", "coordinates": [ [ [ -106.5837, 35.1744 ], [ -106.5599, 35.1743 ], [ -106.5599, 35.1589 ], [ -106.5868, 35.1609 ], [ -106.5837, 35.1744 ] ] ] } },
{ "type": "Feature", "properties": { "GEOIDFQ": "1400000US35001003724", "NAME": "37.24", "NAMELSAD": "Census Tract 37.24" }, "geometry": { "type": "Polygon", "coordinates": [ [ [ -106.5688, 35.1599 ], [ -106.5599, 35.1589 ], [ -106.5539, 35.1461 ], [ -106.5744, 35.1463 ], [ -106.5688, 35.1599 ] ] ] } },
{ "type": "Feature", "properties": { "GEOIDFQ": "1400000US35043010602", "NAME": "106.02", "NAMELSAD": "Census Tract 106.02" }, "geometry": { "type": "Polygon", "coordinates": [ [ [ -106.6274, 35.2657 ], [ -106.6072, 35.2663 ], [ -106.6036, 35.2541 ], [ -106.6147, 35.2364 ], [ -106.634, 35.2338 ], [ -106.646, 35.2087 ], [ -106.6581, 35.2179 ], [ -106.6274, 35.2657 ] ] ] } },
{ "type": "Feature", "properties": { "GEOIDFQ": "1400000US35043010705", "NAME": "107.05", "NAMELSAD": "Census Tract 107.05" }, "geometry": { "type": "Polygon", "coordinates": [ [ [ -106.6968, 35.2678 ], [ -106.687, 35.2727 ], [ -106.679, 35.2638 ], [ -106.6845, 35.2594 ], [ -106.683, 35.2451 ], [ -106.6969, 35.2417 ], [ -106.6968, 35.2678 ] ] ] } },
{ "type": "Feature", "properties": { "GEOIDFQ": "1400000US35043010712", "NAME": "107.12", "NAMELSAD": "Census Tract 107.12" }, "geometry": { "type": "Polygon", "coordinates": [ [ [ -106.6968, 35.2678 ], [ -106.6969, 35.2415 ], [ -106.7143, 35.2416 ], [ -106.7164, 35.2584 ], [ -106.6968, 35.2678 ] ] ] } },
{ "type": "Feature", "properties": { "GEOIDFQ": "1400000US35043010715", "NAME": "107.15", "NAMELSAD": "Census Tract 107.15" }, "geometry": { "type": "Polygon", "coordinates": [ [ [ -106.677, 35.2627 ], [ -106.6761, 35.2475 ], [ -106.6632, 35.2475 ], [ -106.656, 35.2412 ], [ -106.6845, 35.2416 ], [ -106.6844, 35.2581 ], [ -106.677, 35.2627 ] ] ] } },
{ "type": "Feature", "properties": { "GEOIDFQ": "1400000US35043940300", "NAME": "9403", "NAMELSAD": "Census Tract 9403" }, "geometry": { "type": "Polygon", "coordinates": [ [ [ -106.2483, 35.8557 ], [ -106.2483, 35.8392 ], [ -106.2653, 35.8524 ], [ -106.277, 35.8555 ], [ -106.2483, 35.8557 ] ] ] } },
{ "type": "Feature", "properties": { "GEOIDFQ": "1400000US35043940500", "NAME": "9405", "NAMELSAD": "Census Tract 9405" }, "geometry": { "type": "Polygon", "coordinates": [ [ [ -106.5598, 35.3107 ], [ -106.5401, 35.3008 ], [ -106.553, 35.2848 ], [ -106.56, 35.2951 ], [ -106.5782, 35.2986 ], [ -106.5598, 35.3107 ] ] ] } },
{ "type": "Feature", "properties": { "GEOIDFQ": "1400000US35043010503", "NAME": "105.03", "NAMELSAD": "Census Tract 105.03" }, "geometry": { "type": "Polygon", "coordinates": [ [ [ -106.5569, 35.3241 ], [ -106.5483, 35.3241 ], [ -106.5536, 35.329 ], [ -106.5394, 35.3261 ], [ -106.5393, 35.3343 ], [ -106.5214, 35.3343 ], [ -106.5393, 35.3005 ], [ -106.5598, 35.3107 ], [ -106.5569, 35.3241 ] ] ] } },
{ "type": "Feature", "properties": { "GEOIDFQ": "1400000US35057963700", "NAME": "9637", "NAMELSAD": "Census Tract 9637" }, "geometry": { "type": "Polygon", "coordinates": [ [ [ -106.4649, 34.6084 ], [ -106.4662, 34.6704 ], [ -106.439, 34.6544 ], [ -106.4261, 34.6671 ], [ -106.4278, 34.6487 ], [ -106.4401, 34.6355 ], [ -106.4358, 34.6284 ], [ -106.404, 34.6157 ], [ -106.3614, 34.615 ], [ -106.3488, 34.6302 ], [ -106.3303, 34.6315 ], [ -106.3027, 34.6245 ], [ -106.29, 34.609 ], [ -106.2405, 34.6089 ], [ -106.2364, 34.6165 ], [ -106.2191, 34.6111 ], [ -106.2077, 34.614 ], [ -106.2053, 34.6089 ], [ -106.0611, 34.6091 ], [ -106.0611, 34.638 ], [ -106.0274, 34.638 ], [ -106.0173, 34.6237 ], [ -106.0138, 34.5934 ], [ -105.9716, 34.5751 ], [ -105.9462, 34.5825 ], [ -105.8703, 34.6265 ], [ -105.8454, 34.6486 ], [ -105.7711, 34.6834 ], [ -105.5415, 34.6676 ], [ -105.5574, 34.6928 ], [ -105.5474, 34.7068 ], [ -105.5473, 34.7255 ], [ -105.5185, 34.7281 ], [ -105.599, 34.8655 ], [ -105.6018, 34.8954 ], [ -105.6828, 35.0416 ], [ -105.2908, 35.042 ], [ -105.2904, 34.6068 ], [ -105.3128, 34.607 ], [ -105.3132, 34.26 ], [ -106.416, 34.2598 ], [ -106.4169, 34.5217 ], [ -106.4698, 34.5212 ], [ -106.4712, 34.6084 ], [ -106.4649, 34.6084 ] ] ] } },
{ "type": "Feature", "properties": { "GEOIDFQ": "1400000US35045000302", "NAME": "3.02", "NAMELSAD": "Census Tract 3.02" }, "geometry": { "type": "Polygon", "coordinates": [ [ [ -108.2023, 36.7484 ], [ -108.1842, 36.7482 ], [ -108.1976, 36.7283 ], [ -108.2023, 36.7484 ] ] ] } },
{ "type": "Feature", "properties": { "GEOIDFQ": "1400000US35045943000", "NAME": "9430", "NAMELSAD": "Census Tract 9430" }, "geometry": { "type": "Polygon", "coordinates": [ [ [ -108.6375, 36.7771 ], [ -108.6342, 36.7703 ], [ -108.6071, 36.7647 ], [ -108.5566, 36.74 ], [ -108.5008, 36.7545 ], [ -108.4472, 36.7409 ], [ -108.4161, 36.7509 ], [ -108.3922, 36.7255 ], [ -108.3746, 36.7312 ], [ -108.3629, 36.7266 ], [ -108.3494, 36.73 ], [ -108.3278, 36.7205 ], [ -108.3178, 36.7244 ], [ -108.3019, 36.7211 ], [ -108.2842, 36.7314 ], [ -108.2783, 36.7281 ], [ -108.2521, 36.7356 ], [ -108.2528, 36.6759 ], [ -108.2704, 36.674 ], [ -108.2718, 36.1647 ], [ -108.296, 36.1833 ], [ -108.298, 36.1937 ], [ -108.332, 36.204 ], [ -108.3451, 36.1865 ], [ -108.3768, 36.1965 ], [ -108.3939, 36.1798 ], [ -108.4076, 36.1839 ], [ -108.4336, 36.1777 ], [ -108.4442, 36.1958 ], [ -108.4665, 36.1932 ], [ -108.4713, 36.1718 ], [ -108.4887, 36.1678 ], [ -108.5119, 36.189 ], [ -108.5195, 36.1886 ], [ -108.5213, 36.1783 ], [ -108.5301, 36.1761 ], [ -108.5474, 36.1836 ], [ -108.5365, 36.207 ], [ -108.5393, 36.2156 ], [ -108.5538, 36.2231 ], [ -108.5497, 36.2392 ], [ -108.561, 36.2541 ], [ -108.5641, 36.2759 ], [ -108.5414, 36.307 ], [ -108.5519, 36.3292 ], [ -108.5659, 36.3385 ], [ -108.567, 36.3704 ], [ -108.5897, 36.3779 ], [ -108.5826, 36.3976 ], [ -108.5923, 36.4049 ], [ -108.5961, 36.4198 ], [ -108.5777, 36.4373 ], [ -108.5613, 36.4738 ], [ -108.5735, 36.4909 ], [ -108.5677, 36.5043 ], [ -108.5754, 36.5136 ], [ -108.5668, 36.528 ], [ -108.5727, 36.5322 ], [ -108.5676, 36.548 ], [ -108.5744, 36.5586 ], [ -108.5665, 36.5742 ], [ -108.5784, 36.5924 ], [ -108.5628, 36.6074 ], [ -108.573, 36.6123 ], [ -108.5626, 36.6139 ], [ -108.5631, 36.6213 ], [ -108.5526, 36.6242 ], [ -108.5466, 36.6375 ], [ -108.5291, 36.6422 ], [ -108.5341, 36.647 ], [ -108.5241, 36.6528 ], [ -108.5286, 36.6751 ], [ -108.521, 36.6799 ], [ -108.5287, 36.682 ], [ -108.525, 36.6929 ], [ -108.5316, 36.7109 ], [ -108.5397, 36.7119 ], [ -108.5378, 36.7174 ], [ -108.55, 36.7146 ], [ -108.5572, 36.7225 ], [ -108.5619, 36.7148 ], [ -108.5874, 36.7272 ], [ -108.597, 36.7196 ], [ -108.6096, 36.7225 ], [ -108.6035, 36.7342 ], [ -108.6237, 36.749 ], [ -108.6357, 36.7502 ], [ -108.6383, 36.7567 ], [ -108.6296, 36.7572 ], [ -108.6428, 36.7627 ], [ -108.6416, 36.7698 ], [ -108.6544, 36.772 ], [ -108.6375, 36.7771 ] ] ] } },
{ "type": "Feature", "properties": { "GEOIDFQ": "1400000US35045000613", "NAME": "6.13", "NAMELSAD": "Census Tract 6.13" }, "geometry": { "type": "Polygon", "coordinates": [ [ [ -108.1252, 36.8736 ], [ -108.085, 36.9081 ], [ -108.0704, 36.8947 ], [ -108.0459, 36.8872 ], [ -108.0175, 36.8512 ], [ -108.0425, 36.8435 ], [ -108.0357, 36.8243 ], [ -108.0239, 36.8268 ], [ -108.0353, 36.8082 ], [ -108.0435, 36.8097 ], [ -108.0527, 36.8003 ], [ -108.1076, 36.7812 ], [ -108.1206, 36.7714 ], [ -108.1225, 36.7797 ], [ -108.1035, 36.7918 ], [ -108.1117, 36.7964 ], [ -108.1194, 36.7905 ], [ -108.1296, 36.8093 ], [ -108.1709, 36.8206 ], [ -108.1252, 36.8736 ] ] ] } },
{ "type": "Feature", "properties": { "GEOIDFQ": "1400000US35045000401", "NAME": "4.01", "NAMELSAD": "Census Tract 4.01" }, "geometry": { "type": "Polygon", "coordinates": [ [ [ -108.2389, 36.7572 ], [ -108.2229, 36.7571 ], [ -108.2096, 36.7703 ], [ -108.2025, 36.7339 ], [ -108.2504, 36.7373 ], [ -108.2389, 36.7572 ] ] ] } },
{ "type": "Feature", "properties": { "GEOIDFQ": "1400000US35045000301", "NAME": "3.01", "NAMELSAD": "Census Tract 3.01" }, "geometry": { "type": "Polygon", "coordinates": [ [ [ -108.2044, 36.7623 ], [ -108.1905, 36.7621 ], [ -108.1848, 36.7689 ], [ -108.1842, 36.7482 ], [ -108.2068, 36.7492 ], [ -108.2044, 36.7623 ] ] ] } },
{ "type": "Feature", "properties": { "GEOIDFQ": "1400000US35045000202", "NAME": "2.02", "NAMELSAD": "Census Tract 2.02" }, "geometry": { "type": "Polygon", "coordinates": [ [ [ -108.171, 36.8206 ], [ -108.1411, 36.8131 ], [ -108.1578, 36.7976 ], [ -108.1556, 36.7853 ], [ -108.1661, 36.7799 ], [ -108.1493, 36.7737 ], [ -108.1561, 36.7588 ], [ -108.1847, 36.7562 ], [ -108.1852, 36.769 ], [ -108.1927, 36.7614 ], [ -108.2112, 36.7638 ], [ -108.171, 36.8206 ] ] ] } },
{ "type": "Feature", "properties": { "GEOIDFQ": "1400000US35045000204", "NAME": "2.04", "NAMELSAD": "Census Tract 2.04" }, "geometry": { "type": "Polygon", "coordinates": [ [ [ -108.1537, 36.7643 ], [ -108.1224, 36.7796 ], [ -108.1224, 36.77 ], [ -108.1673, 36.7328 ], [ -108.1679, 36.7428 ], [ -108.1537, 36.7643 ] ] ] } },
{ "type": "Feature", "properties": { "GEOIDFQ": "1400000US35045000402", "NAME": "4.02", "NAMELSAD": "Census Tract 4.02" }, "geometry": { "type": "Polygon", "coordinates": [ [ [ -108.2019, 36.7339 ], [ -108.2018, 36.7281 ], [ -108.1909, 36.727 ], [ -108.2027, 36.7204 ], [ -108.2481, 36.7247 ], [ -108.2521, 36.7356 ], [ -108.2019, 36.7339 ] ] ] } },
{ "type": "Feature", "properties": { "GEOIDFQ": "1400000US35045942900", "NAME": "9429", "NAMELSAD": "Census Tract 9429" }, "geometry": { "type": "Polygon", "coordinates": [ [ [ -109.0454, 36.7691 ], [ -109.0197, 36.7741 ], [ -108.9952, 36.7605 ], [ -108.9725, 36.7618 ], [ -108.9609, 36.7557 ], [ -108.9633, 36.7463 ], [ -108.9295, 36.7408 ], [ -108.9267, 36.7313 ], [ -108.9409, 36.7041 ], [ -108.9348, 36.6832 ], [ -108.9207, 36.6882 ], [ -108.8954, 36.6816 ], [ -108.8917, 36.6877 ], [ -108.8902, 36.6692 ], [ -108.8772, 36.6803 ], [ -108.8274, 36.6859 ], [ -108.8259, 36.6394 ], [ -108.8499, 36.6145 ], [ -108.8323, 36.6018 ], [ -108.8485, 36.5789 ], [ -108.7047, 36.6169 ], [ -108.7038, 36.5974 ], [ -108.6506, 36.6075 ], [ -108.5804, 36.5718 ], [ -108.5705, 36.58 ], [ -108.5667, 36.5697 ], [ -108.5744, 36.5586 ], [ -108.5676, 36.5426 ], [ -108.5727, 36.5322 ], [ -108.5668, 36.528 ], [ -108.5754, 36.5136 ], [ -108.5677, 36.5043 ], [ -108.5735, 36.4909 ], [ -108.5613, 36.4738 ], [ -108.5777, 36.4373 ], [ -108.5961, 36.4198 ], [ -108.5923, 36.4049 ], [ -108.5826, 36.3976 ], [ -108.5897, 36.3779 ], [ -108.567, 36.3704 ], [ -108.5659, 36.3385 ], [ -108.5519, 36.3292 ], [ -108.5414, 36.307 ], [ -108.564, 36.2753 ], [ -108.561, 36.2541 ], [ -108.5497, 36.2392 ], [ -108.5538, 36.2231 ], [ -108.5393, 36.2156 ], [ -108.5365, 36.207 ], [ -108.5477, 36.1842 ], [ -108.5322, 36.1758 ], [ -108.5524, 36.1762 ], [ -108.5672, 36.1651 ], [ -108.6716, 36.1447 ], [ -108.7083, 36.1428 ], [ -108.7514, 36.1188 ], [ -108.8239, 36.1045 ], [ -108.8386, 36.0939 ], [ -108.8603, 36.0958 ], [ -108.8567, 36.1088 ], [ -108.875, 36.1162 ], [ -108.873, 36.1225 ], [ -108.8822, 36.1207 ], [ -108.8902, 36.1349 ], [ -108.8845, 36.1551 ], [ -108.9022, 36.1575 ], [ -108.9146, 36.1676 ], [ -108.9179, 36.1646 ], [ -108.9182, 36.1783 ], [ -108.9966, 36.1205 ], [ -109.0139, 36.1422 ], [ -109.0262, 36.1413 ], [ -109.0308, 36.1477 ], [ -109.0461, 36.1416 ], [ -109.0454, 36.7691 ] ] ] } },
{ "type": "Feature", "properties": { "GEOIDFQ": "1400000US35061970401", "NAME": "9704.01", "NAMELSAD": "Census Tract 9704.01" }, "geometry": { "type": "Polygon", "coordinates": [ [ [ -106.7296, 34.836 ], [ -106.7161, 34.836 ], [ -106.7122, 34.812 ], [ -106.7345, 34.7791 ], [ -106.7415, 34.7824 ], [ -106.7296, 34.836 ] ] ] } },
{ "type": "Feature", "properties": { "GEOIDFQ": "1400000US35006974202", "NAME": "9742.02", "NAMELSAD": "Census Tract 9742.02" }, "geometry": { "type": "Polygon", "coordinates": [ [ [ -107.8435, 35.1643 ], [ -107.8299, 35.1612 ], [ -107.8278, 35.1471 ], [ -107.8426, 35.1504 ], [ -107.8435, 35.1643 ] ] ] } },
{ "type": "Feature", "properties": { "GEOIDFQ": "1400000US35028000200", "NAME": "2", "NAMELSAD": "Census Tract 2" }, "geometry": { "type": "Polygon", "coordinates": [ [ [ -106.3995, 35.9601 ], [ -106.3858, 35.9599 ], [ -106.3861, 35.9527 ], [ -106.3317, 35.9518 ], [ -106.2961, 35.9352 ], [ -106.3011, 35.9319 ], [ -106.2957, 35.926 ], [ -106.3043, 35.9269 ], [ -106.3098, 35.9202 ], [ -106.3018, 35.9012 ], [ -106.316, 35.9001 ], [ -106.3004, 35.8886 ], [ -106.3197, 35.8913 ], [ -106.3191, 35.8774 ], [ -106.3486, 35.8716 ], [ -106.3609, 35.8343 ], [ -106.3996, 35.8282 ], [ -106.3995, 35.9601 ] ] ] } },
{ "type": "Feature", "properties": { "GEOIDFQ": "1400000US35028000500", "NAME": "5", "NAMELSAD": "Census Tract 5" }, "geometry": { "type": "Polygon", "coordinates": [ [ [ -106.3904, 35.8273 ], [ -106.3635, 35.8332 ], [ -106.3638, 35.8356 ], [ -106.3628, 35.8376 ], [ -106.338, 35.833 ], [ -106.3188, 35.8265 ], [ -106.2628, 35.7872 ], [ -106.2468, 35.7841 ], [ -106.2465, 35.8107 ], [ -106.2261, 35.8109 ], [ -106.2221, 35.8228 ], [ -106.2057, 35.8293 ], [ -106.1719, 35.8278 ], [ -106.2085, 35.7778 ], [ -106.2541, 35.7543 ], [ -106.2578, 35.7697 ], [ -106.2826, 35.7919 ], [ -106.357, 35.8164 ], [ -106.357, 35.807 ], [ -106.3704, 35.8131 ], [ -106.403, 35.808 ], [ -106.414, 35.8133 ], [ -106.4188, 35.8256 ], [ -106.3904, 35.8273 ] ] ] } },
{ "type": "Feature", "properties": { "GEOIDFQ": "1400000US35028000100", "NAME": "1", "NAMELSAD": "Census Tract 1" }, "geometry": { "type": "Polygon", "coordinates": [ [ [ -106.3002, 35.9584 ], [ -106.3004, 35.9734 ], [ -106.2642, 35.9728 ], [ -106.2642, 35.9655 ], [ -106.2482, 35.9663 ], [ -106.2472, 35.881 ], [ -106.3004, 35.8886 ], [ -106.316, 35.9001 ], [ -106.3018, 35.9012 ], [ -106.3098, 35.9202 ], [ -106.3043, 35.9269 ], [ -106.2957, 35.926 ], [ -106.3011, 35.9319 ], [ -106.2961, 35.9352 ], [ -106.3317, 35.9518 ], [ -106.3002, 35.9584 ] ] ] } },
{ "type": "Feature", "properties": { "GEOIDFQ": "1400000US35028000400", "NAME": "4", "NAMELSAD": "Census Tract 4" }, "geometry": { "type": "Polygon", "coordinates": [ [ [ -106.3497, 35.8704 ], [ -106.3191, 35.8774 ], [ -106.3198, 35.8913 ], [ -106.3139, 35.8922 ], [ -106.2472, 35.881 ], [ -106.2483, 35.8557 ], [ -106.277, 35.8552 ], [ -106.2254, 35.8288 ], [ -106.2057, 35.8293 ], [ -106.2221, 35.8228 ], [ -106.2259, 35.8109 ], [ -106.2476, 35.8101 ], [ -106.2462, 35.7846 ], [ -106.2635, 35.7898 ], [ -106.2562, 35.7842 ], [ -106.3198, 35.827 ], [ -106.3609, 35.8343 ], [ -106.3497, 35.8704 ] ] ] } },
{ "type": "Feature", "properties": { "GEOIDFQ": "1400000US35003976401", "NAME": "9764.01", "NAMELSAD": "Census Tract 9764.01" }, "geometry": { "type": "Polygon", "coordinates": [ [ [ -109.0469, 33.9567 ], [ -109.0157, 33.9649 ], [ -108.9811, 33.9572 ], [ -108.9774, 33.9502 ], [ -108.9235, 33.9228 ], [ -108.9135, 33.9296 ], [ -108.906, 33.9404 ], [ -108.9072, 33.9779 ], [ -108.8965, 33.997 ], [ -108.8999, 34.0512 ], [ -108.8669, 34.0704 ], [ -108.8545, 34.0901 ], [ -108.8469, 34.0763 ], [ -108.8329, 34.0703 ], [ -108.8148, 34.0831 ], [ -108.7942, 34.0769 ], [ -108.7809, 34.0604 ], [ -108.7722, 34.0306 ], [ -108.7629, 34.0285 ], [ -108.7595, 34.0189 ], [ -108.7161, 34.0042 ], [ -108.7009, 33.9869 ], [ -108.6761, 33.9958 ], [ -108.6711, 33.9675 ], [ -108.6373, 33.9807 ], [ -108.6392, 34.0026 ], [ -108.5896, 34.026 ], [ -108.5717, 34.0001 ], [ -108.5578, 33.9953 ], [ -108.5563, 33.9864 ], [ -108.5205, 33.9606 ], [ -108.5134, 33.9226 ], [ -108.5041, 33.9132 ], [ -108.4336, 33.9359 ], [ -108.4011, 33.9291 ], [ -108.4076, 33.9134 ], [ -108.4232, 33.9063 ], [ -108.4533, 33.867 ], [ -108.4184, 33.832 ], [ -108.4466, 33.8157 ], [ -108.4751, 33.8108 ], [ -108.4688, 33.7881 ], [ -108.4823, 33.7836 ], [ -108.4738, 33.7739 ], [ -108.4851, 33.7475 ], [ -108.468, 33.7524 ], [ -108.4383, 33.7399 ], [ -108.4935, 33.6799 ], [ -108.468, 33.6664 ], [ -108.4439, 33.6628 ], [ -108.4261, 33.6373 ], [ -108.4517, 33.622 ], [ -108.4251, 33.6186 ], [ -108.3815, 33.5769 ], [ -108.4035, 33.5557 ], [ -108.4139, 33.5608 ], [ -108.4087, 33.5496 ], [ -108.4149, 33.5281 ], [ -108.4086, 33.5165 ], [ -108.4161, 33.5014 ], [ -108.4734, 33.478 ], [ -108.4813, 33.4796 ], [ -108.4889, 33.4712 ], [ -108.4988, 33.4191 ], [ -108.4872, 33.4144 ], [ -108.488, 33.409 ], [ -108.48, 33.411 ], [ -108.4741, 33.3844 ], [ -108.4544, 33.3758 ], [ -108.414, 33.3744 ], [ -108.4103, 33.365 ], [ -108.3926, 33.3606 ], [ -108.3956, 33.3547 ], [ -108.3831, 33.3579 ], [ -108.3757, 33.3448 ], [ -108.3694, 33.3466 ], [ -108.3708, 33.3369 ], [ -108.3604, 33.3365 ], [ -108.3642, 33.331 ], [ -108.3472, 33.3302 ], [ -108.3503, 33.3251 ], [ -108.3438, 33.3249 ], [ -108.3285, 33.3028 ], [ -108.3229, 33.3066 ], [ -108.3126, 33.2964 ], [ -108.3027, 33.3005 ], [ -108.2995, 33.2925 ], [ -108.2808, 33.2984 ], [ -108.2827, 33.2924 ], [ -108.2705, 33.2927 ], [ -108.2714, 33.2863 ], [ -108.2639, 33.2855 ], [ -108.2622, 33.2708 ], [ -108.2452, 33.2768 ], [ -108.2342, 33.2709 ], [ -108.2307, 33.2395 ], [ -108.2452, 33.2245 ], [ -108.2235, 33.2042 ], [ -108.2084, 33.201 ], [ -108.45, 33.201 ], [ -108.6466, 33.2093 ], [ -109.0476, 33.2096 ], [ -109.0469, 33.9567 ] ] ] } },
{ "type": "Feature", "properties": { "GEOIDFQ": "1400000US35003976402", "NAME": "9764.02", "NAMELSAD": "Census Tract 9764.02" }, "geometry": { "type": "Polygon", "coordinates": [ [ [ -109.0461, 34.5793 ], [ -107.7248, 34.5781 ], [ -107.7254, 34.2598 ], [ -107.7163, 34.2599 ], [ -107.7166, 33.8801 ], [ -107.7114, 33.8256 ], [ -107.7128, 33.4768 ], [ -108.0006, 33.478 ], [ -108.0006, 33.2013 ], [ -108.2234, 33.2041 ], [ -108.2452, 33.2245 ], [ -108.2307, 33.2395 ], [ -108.2342, 33.2709 ], [ -108.2452, 33.2768 ], [ -108.2622, 33.2708 ], [ -108.2639, 33.2855 ], [ -108.2714, 33.2863 ], [ -108.2705, 33.2927 ], [ -108.2827, 33.2924 ], [ -108.2808, 33.2984 ], [ -108.2995, 33.2925 ], [ -108.3027, 33.3005 ], [ -108.3126, 33.2964 ], [ -108.3229, 33.3066 ], [ -108.3285, 33.3028 ], [ -108.3438, 33.3249 ], [ -108.3503, 33.3251 ], [ -108.3472, 33.3302 ], [ -108.3642, 33.331 ], [ -108.3604, 33.3365 ], [ -108.3708, 33.3369 ], [ -108.3694, 33.3466 ], [ -108.3757, 33.3448 ], [ -108.3831, 33.3579 ], [ -108.3956, 33.3547 ], [ -108.3926, 33.3606 ], [ -108.4103, 33.365 ], [ -108.414, 33.3744 ], [ -108.4544, 33.3758 ], [ -108.4741, 33.3844 ], [ -108.48, 33.411 ], [ -108.488, 33.409 ], [ -108.4872, 33.4144 ], [ -108.4988, 33.4191 ], [ -108.4889, 33.4712 ], [ -108.4813, 33.4796 ], [ -108.4734, 33.478 ], [ -108.4161, 33.5014 ], [ -108.4086, 33.5165 ], [ -108.4149, 33.5281 ], [ -108.4087, 33.5496 ], [ -108.4139, 33.5608 ], [ -108.4035, 33.5557 ], [ -108.3815, 33.5769 ], [ -108.4251, 33.6186 ], [ -108.4517, 33.622 ], [ -108.4261, 33.6373 ], [ -108.4439, 33.6628 ], [ -108.468, 33.6664 ], [ -108.4935, 33.6799 ], [ -108.4383, 33.7399 ], [ -108.468, 33.7524 ], [ -108.4851, 33.7475 ], [ -108.4738, 33.7739 ], [ -108.4823, 33.7836 ], [ -108.4688, 33.7881 ], [ -108.4751, 33.8108 ], [ -108.4466, 33.8157 ], [ -108.4184, 33.832 ], [ -108.4533, 33.867 ], [ -108.4232, 33.9063 ], [ -108.4076, 33.9134 ], [ -108.4011, 33.9291 ], [ -108.4336, 33.9359 ], [ -108.5041, 33.9132 ], [ -108.5134, 33.9226 ], [ -108.5205, 33.9606 ], [ -108.5563, 33.9864 ], [ -108.5578, 33.9953 ], [ -108.5717, 34.0001 ], [ -108.5896, 34.026 ], [ -108.6392, 34.0026 ], [ -108.6373, 33.9807 ], [ -108.6711, 33.9675 ], [ -108.6761, 33.9958 ], [ -108.7009, 33.9869 ], [ -108.7161, 34.0042 ], [ -108.7595, 34.0189 ], [ -108.7629, 34.0285 ], [ -108.7722, 34.0306 ], [ -108.7809, 34.0604 ], [ -108.7942, 34.0769 ], [ -108.8148, 34.0831 ], [ -108.8329, 34.0703 ], [ -108.8469, 34.0763 ], [ -108.8545, 34.0901 ], [ -108.8669, 34.0704 ], [ -108.8999, 34.0512 ], [ -108.8965, 33.9972 ], [ -108.9072, 33.9779 ], [ -108.906, 33.9402 ], [ -108.9235, 33.9228 ], [ -108.9774, 33.9502 ], [ -108.9811, 33.9572 ], [ -109.0201, 33.9652 ], [ -109.0469, 33.9567 ], [ -109.0461, 34.5793 ] ] ] } },
{ "type": "Feature", "properties": { "GEOIDFQ": "1400000US35041000100", "NAME": "1", "NAMELSAD": "Census Tract 1" }, "geometry": { "type": "Polygon", "coordinates": [ [ [ -103.3314, 34.1933 ], [ -103.3313, 34.1861 ], [ -103.3177, 34.1862 ], [ -103.3263, 34.1569 ], [ -103.3439, 34.1567 ], [ -103.3436, 34.1759 ], [ -103.3348, 34.1796 ], [ -103.3392, 34.1839 ], [ -103.3466, 34.1811 ], [ -103.3314, 34.1933 ] ] ] } },
{ "type": "Feature", "properties": { "GEOIDFQ": "1400000US35001004402", "NAME": "44.02", "NAMELSAD": "Census Tract 44.02" }, "geometry": { "type": "Polygon", "coordinates": [ [ [ -106.7073, 35.0514 ], [ -106.6884, 35.0518 ], [ -106.6898, 35.0267 ], [ -106.714, 35.0273 ], [ -106.7073, 35.0514 ] ] ] } },
{ "type": "Feature", "properties": { "GEOIDFQ": "1400000US35001004501", "NAME": "45.01", "NAMELSAD": "Census Tract 45.01" }, "geometry": { "type": "Polygon", "coordinates": [ [ [ -106.6795, 35.0432 ], [ -106.6765, 35.0536 ], [ -106.6625, 35.0478 ], [ -106.6728, 35.0272 ], [ -106.6804, 35.0269 ], [ -106.6795, 35.0432 ] ] ] } },
{ "type": "Feature", "properties": { "GEOIDFQ": "1400000US35013000800", "NAME": "8", "NAMELSAD": "Census Tract 8" }, "geometry": { "type": "Polygon", "coordinates": [ [ [ -106.7425, 32.2987 ], [ -106.7387, 32.2871 ], [ -106.7475, 32.2859 ], [ -106.7593, 32.2952 ], [ -106.7425, 32.2987 ] ] ] } },
{ "type": "Feature", "properties": { "GEOIDFQ": "1400000US35013001000", "NAME": "10", "NAMELSAD": "Census Tract 10" }, "geometry": { "type": "Polygon", "coordinates": [ [ [ -106.7387, 32.2871 ], [ -106.7314, 32.2623 ], [ -106.733, 32.262 ], [ -106.7695, 32.281 ], [ -106.7387, 32.2871 ] ] ] } },
{ "type": "Feature", "properties": { "GEOIDFQ": "1400000US35013001702", "NAME": "17.02", "NAMELSAD": "Census Tract 17.02" }, "geometry": { "type": "Polygon", "coordinates": [ [ [ -106.8899, 32.1221 ], [ -106.7129, 32.0794 ], [ -106.6641, 32.0826 ], [ -106.6611, 32.0466 ], [ -106.6357, 31.9993 ], [ -106.6554, 31.9976 ], [ -106.6518, 31.9707 ], [ -106.6709, 31.9707 ], [ -106.6678, 31.9571 ], [ -106.6903, 31.9582 ], [ -106.7291, 31.9457 ], [ -106.7599, 31.9183 ], [ -106.9094, 32.0533 ], [ -106.9446, 32.0721 ], [ -106.8899, 32.1221 ] ] ] } },
{ "type": "Feature", "properties": { "GEOIDFQ": "1400000US35001003737", "NAME": "37.37", "NAMELSAD": "Census Tract 37.37" }, "geometry": { "type": "Polygon", "coordinates": [ [ [ -106.5069, 35.1451 ], [ -106.5069, 35.1523 ], [ -106.4971, 35.1524 ], [ -106.4979, 35.1407 ], [ -106.5158, 35.1377 ], [ -106.5174, 35.1419 ], [ -106.5069, 35.1451 ] ] ] } },
{ "type": "Feature", "properties": { "GEOIDFQ": "1400000US35001004735", "NAME": "47.35", "NAMELSAD": "Census Tract 47.35" }, "geometry": { "type": "Polygon", "coordinates": [ [ [ -106.7125, 35.0593 ], [ -106.7035, 35.0612 ], [ -106.7124, 35.0365 ], [ -106.7202, 35.0383 ], [ -106.7125, 35.0593 ] ] ] } },
{ "type": "Feature", "properties": { "GEOIDFQ": "1400000US35001004745", "NAME": "47.45", "NAMELSAD": "Census Tract 47.45" }, "geometry": { "type": "Polygon", "coordinates": [ [ [ -106.6966, 35.218 ], [ -106.6771, 35.2179 ], [ -106.6787, 35.2023 ], [ -106.7029, 35.2062 ], [ -106.6966, 35.218 ] ] ] } },
{ "type": "Feature", "properties": { "GEOIDFQ": "1400000US35001004747", "NAME": "47.47", "NAMELSAD": "Census Tract 47.47" }, "geometry": { "type": "Polygon", "coordinates": [ [ [ -106.7029, 35.2061 ], [ -106.7033, 35.1969 ], [ -106.7277, 35.1921 ], [ -106.7277, 35.2065 ], [ -106.7029, 35.2061 ] ] ] } },
{ "type": "Feature", "properties": { "GEOIDFQ": "1400000US35001004743", "NAME": "47.43", "NAMELSAD": "Census Tract 47.43" }, "geometry": { "type": "Polygon", "coordinates": [ [ [ -106.7404, 35.0953 ], [ -106.7297, 35.1043 ], [ -106.7299, 35.0944 ], [ -106.7467, 35.0859 ], [ -106.7492, 35.0932 ], [ -106.7404, 35.0953 ] ] ] } },
{ "type": "Feature", "properties": { "GEOIDFQ": "1400000US35001003728", "NAME": "37.28", "NAMELSAD": "Census Tract 37.28" }, "geometry": { "type": "Polygon", "coordinates": [ [ [ -106.5269, 35.1488 ], [ -106.5158, 35.1377 ], [ -106.5278, 35.1351 ], [ -106.5334, 35.1373 ], [ -106.5269, 35.1488 ] ] ] } },
{ "type": "Feature", "properties": { "GEOIDFQ": "1400000US35001003725", "NAME": "37.25", "NAMELSAD": "Census Tract 37.25" }, "geometry": { "type": "Polygon", "coordinates": [ [ [ -106.5869, 35.1603 ], [ -106.5688, 35.1599 ], [ -106.5744, 35.1453 ], [ -106.5884, 35.1535 ], [ -106.5869, 35.1603 ] ] ] } },
{ "type": "Feature", "properties": { "GEOIDFQ": "1400000US35001003731", "NAME": "37.31", "NAMELSAD": "Census Tract 37.31" }, "geometry": { "type": "Polygon", "coordinates": [ [ [ -106.5334, 35.1944 ], [ -106.496, 35.1902 ], [ -106.4962, 35.175 ], [ -106.5334, 35.1747 ], [ -106.5334, 35.1944 ] ] ] } },
{ "type": "Feature", "properties": { "GEOIDFQ": "1400000US35001003733", "NAME": "37.33", "NAMELSAD": "Census Tract 37.33" }, "geometry": { "type": "Polygon", "coordinates": [ [ [ -106.592, 35.1437 ], [ -106.5877, 35.1526 ], [ -106.5865, 35.1309 ], [ -106.6096, 35.1327 ], [ -106.592, 35.1437 ] ] ] } },
{ "type": "Feature", "properties": { "GEOIDFQ": "1400000US35001001400", "NAME": "14", "NAMELSAD": "Census Tract 14" }, "geometry": { "type": "Polygon", "coordinates": [ [ [ -106.6571, 35.0812 ], [ -106.6477, 35.08 ], [ -106.6498, 35.07 ], [ -106.6672, 35.075 ], [ -106.6571, 35.0812 ] ] ] } },
{ "type": "Feature", "properties": { "GEOIDFQ": "1400000US35039000500", "NAME": "5", "NAMELSAD": "Census Tract 5" }, "geometry": { "type": "Polygon", "coordinates": [ [ [ -107.1952, 36.436 ], [ -107.0875, 36.4358 ], [ -107.0871, 36.5211 ], [ -106.7774, 36.521 ], [ -106.7787, 36.5537 ], [ -106.7165, 36.5528 ], [ -106.7236, 36.5541 ], [ -106.7177, 36.56 ], [ -106.732, 36.59 ], [ -106.7505, 36.5852 ], [ -106.7695, 36.6241 ], [ -106.7675, 36.6394 ], [ -106.7768, 36.6407 ], [ -106.7711, 36.6437 ], [ -106.774, 36.6651 ], [ -106.7465, 36.6532 ], [ -106.727, 36.6801 ], [ -106.7467, 36.7076 ], [ -106.7148, 36.717 ], [ -106.687, 36.7079 ], [ -106.6876, 36.7323 ], [ -106.5797, 36.7329 ], [ -106.58, 36.75 ], [ -106.5653, 36.7702 ], [ -106.5645, 36.7789 ], [ -106.5723, 36.779 ], [ -106.5839, 36.801 ], [ -106.5738, 36.8365 ], [ -106.6471, 36.8362 ], [ -106.6471, 36.843 ], [ -106.657, 36.8429 ], [ -106.657, 36.8555 ], [ -106.6706, 36.8554 ], [ -106.6646, 36.845 ], [ -106.6733, 36.845 ], [ -106.6771, 36.8554 ], [ -106.7179, 36.8554 ], [ -106.7177, 36.8127 ], [ -106.7506, 36.8123 ], [ -106.7763, 36.8455 ], [ -106.7798, 36.8616 ], [ -106.7751, 36.8638 ], [ -106.8118, 36.8847 ], [ -106.8136, 36.8702 ], [ -106.8328, 36.8634 ], [ -106.8422, 36.8781 ], [ -106.8601, 36.8781 ], [ -106.8644, 36.8998 ], [ -106.8738, 36.8997 ], [ -106.869, 36.885 ], [ -106.8781, 36.8849 ], [ -106.878, 36.8926 ], [ -106.9504, 36.8925 ], [ -106.9546, 36.9069 ], [ -106.9498, 36.9181 ], [ -106.9679, 36.9179 ], [ -106.9727, 36.907 ], [ -106.9814, 36.9071 ], [ -106.9856, 36.9327 ], [ -106.9767, 36.9328 ], [ -106.9769, 36.9547 ], [ -106.9588, 36.9547 ], [ -106.9542, 36.9657 ], [ -106.9856, 36.9652 ], [ -106.9855, 37.0001 ], [ -106.8772, 37.0001 ], [ -106.8698, 36.9925 ], [ -106.4121, 36.9937 ], [ -106.4143, 36.9769 ], [ -106.4045, 36.9715 ], [ -106.3998, 36.954 ], [ -106.3726, 36.946 ], [ -106.3715, 36.9318 ], [ -106.3562, 36.9269 ], [ -106.358, 36.909 ], [ -106.3459, 36.9014 ], [ -106.343, 36.877 ], [ -106.297, 36.8624 ], [ -106.2666, 36.8618 ], [ -106.2492, 36.8656 ], [ -106.245, 36.878 ], [ -106.2378, 36.8787 ], [ -106.2351, 36.8668 ], [ -106.2145, 36.853 ], [ -106.1858, 36.8537 ], [ -106.192, 36.8435 ], [ -106.2302, 36.8225 ], [ -106.2295, 36.816 ], [ -106.2408, 36.8147 ], [ -106.2575, 36.7989 ], [ -106.2646, 36.8038 ], [ -106.2808, 36.783 ], [ -106.3182, 36.7608 ], [ -106.3143, 36.7542 ], [ -106.32, 36.7487 ], [ -106.3096, 36.7341 ], [ -106.2814, 36.7329 ], [ -106.2322, 36.7087 ], [ -106.2522, 36.6856 ], [ -106.2467, 36.6743 ], [ -106.2227, 36.6677 ], [ -106.2195, 36.6571 ], [ -106.2282, 36.6479 ], [ -106.2867, 36.6368 ], [ -106.3144, 36.6162 ], [ -106.2902, 36.6066 ], [ -106.2879, 36.5657 ], [ -106.2627, 36.5072 ], [ -106.2749, 36.4793 ], [ -106.2772, 36.4529 ], [ -106.3177, 36.4547 ], [ -106.2976, 36.4141 ], [ -106.301, 36.391 ], [ -106.2905, 36.3623 ], [ -106.2973, 36.3476 ], [ -106.3119, 36.3516 ], [ -106.3222, 36.3632 ], [ -106.3506, 36.3585 ], [ -106.3762, 36.3363 ], [ -106.3911, 36.3347 ], [ -106.4108, 36.3167 ], [ -106.418, 36.2995 ], [ -106.4285, 36.298 ], [ -106.4539, 36.2773 ], [ -106.4433, 36.2628 ], [ -106.4329, 36.2687 ], [ -106.4404, 36.2599 ], [ -106.4322, 36.2549 ], [ -106.4338, 36.2431 ], [ -106.4261, 36.2353 ], [ -106.4537, 36.221 ], [ -106.4636, 36.2308 ], [ -106.4966, 36.2342 ], [ -106.5611, 36.1877 ], [ -106.5869, 36.1879 ], [ -106.6114, 36.1656 ], [ -106.641, 36.1606 ], [ -106.6613, 36.1646 ], [ -106.7178, 36.2031 ], [ -106.742, 36.1947 ], [ -106.7708, 36.2004 ], [ -106.7803, 36.2152 ], [ -106.8053, 36.2307 ], [ -106.824, 36.2284 ], [ -106.859, 36.2382 ], [ -106.8682, 36.2339 ], [ -106.8939, 36.2426 ], [ -106.9276, 36.237 ], [ -106.9377, 36.2165 ], [ -106.9924, 36.2166 ], [ -106.9922, 36.26 ], [ -107.1996, 36.2595 ], [ -107.1952, 36.436 ] ] ] } },
{ "type": "Feature", "properties": { "GEOIDFQ": "1400000US35039940700", "NAME": "9407", "NAMELSAD": "Census Tract 9407" }, "geometry": { "type": "Polygon", "coordinates": [ [ [ -106.0932, 36.0061 ], [ -106.0417, 36.0062 ], [ -106.0417, 36.002 ], [ -106.0713, 36.002 ], [ -106.0659, 35.9893 ], [ -106.0559, 35.9894 ], [ -106.0656, 35.9818 ], [ -106.0729, 35.9822 ], [ -106.0731, 35.9878 ], [ -106.088, 35.987 ], [ -106.0932, 36.0061 ] ] ] } },
{ "type": "Feature", "properties": { "GEOIDFQ": "1400000US35039000200", "NAME": "2", "NAMELSAD": "Census Tract 2" }, "geometry": { "type": "Polygon", "coordinates": [ [ [ -106.0644, 36.0164 ], [ -106.0248, 36.0166 ], [ -106.0255, 36.0898 ], [ -106.0493, 36.0903 ], [ -105.9687, 36.156 ], [ -105.978, 36.1925 ], [ -105.9579, 36.2096 ], [ -105.9253, 36.2154 ], [ -105.9223, 36.2277 ], [ -105.9021, 36.2436 ], [ -105.8569, 36.2304 ], [ -105.7614, 36.1298 ], [ -105.7805, 36.0913 ], [ -105.7977, 36.0802 ], [ -105.8127, 36.0442 ], [ -105.8404, 36.0401 ], [ -105.8651, 36.0559 ], [ -105.8652, 36.0501 ], [ -105.895, 36.0404 ], [ -105.9759, 36.052 ], [ -105.9845, 36.0474 ], [ -105.9889, 36.0324 ], [ -105.9877, 36.0021 ], [ -106.0417, 36.002 ], [ -106.0417, 36.0062 ], [ -106.0651, 36.0073 ], [ -106.0644, 36.0164 ] ] ] } },
{ "type": "Feature", "properties": { "GEOIDFQ": "1400000US35039940800", "NAME": "9408", "NAMELSAD": "Census Tract 9408" }, "geometry": { "type": "Polygon", "coordinates": [ [ [ -106.3123, 36.0077 ], [ -106.313, 36.0144 ], [ -106.2958, 36.0147 ], [ -106.296, 36.0219 ], [ -106.2438, 36.023 ], [ -106.2433, 36.0158 ], [ -106.2255, 36.0158 ], [ -106.2255, 36.0086 ], [ -106.2066, 36.0079 ], [ -106.2078, 36.0015 ], [ -106.159, 36.0017 ], [ -106.1592, 35.9948 ], [ -106.1353, 35.9944 ], [ -106.1352, 36.0062 ], [ -106.0932, 36.0061 ], [ -106.092, 35.9924 ], [ -106.0957, 35.9945 ], [ -106.088, 35.987 ], [ -106.0731, 35.9878 ], [ -106.071, 35.9818 ], [ -106.0542, 35.9859 ], [ -106.0543, 35.9308 ], [ -106.2456, 35.9307 ], [ -106.2472, 36.0014 ], [ -106.3291, 36.0012 ], [ -106.3293, 36.008 ], [ -106.3123, 36.0077 ] ] ] } },
{ "type": "Feature", "properties": { "GEOIDFQ": "1400000US35039000100", "NAME": "1", "NAMELSAD": "Census Tract 1" }, "geometry": { "type": "Polygon", "coordinates": [ [ [ -105.9845, 36.0474 ], [ -105.9759, 36.052 ], [ -105.895, 36.0404 ], [ -105.8652, 36.0501 ], [ -105.8651, 36.0559 ], [ -105.8404, 36.0401 ], [ -105.8127, 36.0442 ], [ -105.7977, 36.0802 ], [ -105.7805, 36.0913 ], [ -105.7614, 36.1298 ], [ -105.7359, 36.1001 ], [ -105.5304, 36.013 ], [ -105.5301, 36.0018 ], [ -105.5371, 35.9909 ], [ -105.5715, 35.9726 ], [ -105.6321, 35.9796 ], [ -105.6452, 35.9622 ], [ -105.66, 35.9585 ], [ -105.6809, 35.9686 ], [ -105.7076, 35.9687 ], [ -105.7175, 35.9787 ], [ -105.7168, 36.0023 ], [ -105.9877, 36.0021 ], [ -105.9845, 36.0474 ] ] ] } },
{ "type": "Feature", "properties": { "GEOIDFQ": "1400000US35001004401", "NAME": "44.01", "NAMELSAD": "Census Tract 44.01" }, "geometry": { "type": "Polygon", "coordinates": [ [ [ -106.701, 35.0679 ], [ -106.6816, 35.065 ], [ -106.6884, 35.0518 ], [ -106.7073, 35.0514 ], [ -106.701, 35.0679 ] ] ] } },
{ "type": "Feature", "properties": { "GEOIDFQ": "1400000US35061970200", "NAME": "9702", "NAMELSAD": "Census Tract 9702" }, "geometry": { "type": "Polygon", "coordinates": [ [ [ -106.7201, 34.8721 ], [ -106.6845, 34.8711 ], [ -106.684, 34.8422 ], [ -106.7137, 34.8307 ], [ -106.7072, 34.8126 ], [ -106.7133, 34.8078 ], [ -106.7201, 34.8721 ] ] ] } },
{ "type": "Feature", "properties": { "GEOIDFQ": "1400000US35001004744", "NAME": "47.44", "NAMELSAD": "Census Tract 47.44" }, "geometry": { "type": "Polygon", "coordinates": [ [ [ -106.792, 35.1199 ], [ -106.7616, 35.1011 ], [ -106.7554, 35.1011 ], [ -106.754, 35.1115 ], [ -106.7278, 35.1179 ], [ -106.7297, 35.1043 ], [ -106.7492, 35.0932 ], [ -106.7467, 35.0859 ], [ -106.7878, 35.0652 ], [ -106.7972, 35.0799 ], [ -106.792, 35.1199 ] ] ] } },
{ "type": "Feature", "properties": { "GEOIDFQ": "1400000US35049001105", "NAME": "11.05", "NAMELSAD": "Census Tract 11.05" }, "geometry": { "type": "Polygon", "coordinates": [ [ [ -105.9738, 35.6521 ], [ -105.9564, 35.6521 ], [ -105.9563, 35.6386 ], [ -105.9739, 35.6372 ], [ -105.9738, 35.6521 ] ] ] } },
{ "type": "Feature", "properties": { "GEOIDFQ": "1400000US35049001106", "NAME": "11.06", "NAMELSAD": "Census Tract 11.06" }, "geometry": { "type": "Polygon", "coordinates": [ [ [ -106.0153, 35.6408 ], [ -105.9922, 35.6551 ], [ -105.9902, 35.6388 ], [ -106.0153, 35.6408 ] ] ] } },
{ "type": "Feature", "properties": { "GEOIDFQ": "1400000US35049940500", "NAME": "9405", "NAMELSAD": "Census Tract 9405" }, "geometry": { "type": "Polygon", "coordinates": [ [ [ -105.9904, 35.9251 ], [ -105.9177, 35.9249 ], [ -105.9179, 35.8845 ], [ -105.8748, 35.8847 ], [ -105.8747, 35.8264 ], [ -105.9289, 35.8268 ], [ -105.929, 35.8487 ], [ -105.9905, 35.849 ], [ -105.9904, 35.9251 ] ] ] } },
{ "type": "Feature", "properties": { "GEOIDFQ": "1400000US35043010719", "NAME": "107.19", "NAMELSAD": "Census Tract 107.19" }, "geometry": { "type": "Polygon", "coordinates": [ [ [ -106.6771, 35.2416 ], [ -106.656, 35.2412 ], [ -106.6625, 35.2179 ], [ -106.6771, 35.2179 ], [ -106.6771, 35.2416 ] ] ] } },
{ "type": "Feature", "properties": { "GEOIDFQ": "1400000US35043010721", "NAME": "107.21", "NAMELSAD": "Census Tract 107.21" }, "geometry": { "type": "Polygon", "coordinates": [ [ [ -106.7168, 35.3063 ], [ -106.697, 35.3063 ], [ -106.6974, 35.2803 ], [ -106.7168, 35.2844 ], [ -106.7168, 35.3063 ] ] ] } },
{ "type": "Feature", "properties": { "GEOIDFQ": "1400000US35045000612", "NAME": "6.12", "NAMELSAD": "Census Tract 6.12" }, "geometry": { "type": "Polygon", "coordinates": [ [ [ -108.0175, 36.8512 ], [ -108.0095, 36.8267 ], [ -108.003, 36.8261 ], [ -108.0065, 36.8203 ], [ -108.0258, 36.8168 ], [ -108.0239, 36.8268 ], [ -108.0357, 36.8243 ], [ -108.0423, 36.8436 ], [ -108.0175, 36.8512 ] ] ] } },
{ "type": "Feature", "properties": { "GEOIDFQ": "1400000US35047957501", "NAME": "9575.01", "NAMELSAD": "Census Tract 9575.01" }, "geometry": { "type": "Polygon", "coordinates": [ [ [ -105.3283, 35.344 ], [ -105.3101, 35.3548 ], [ -105.312, 35.382 ], [ -105.3236, 35.3952 ], [ -105.2805, 35.4483 ], [ -105.2695, 35.492 ], [ -105.2489, 35.5219 ], [ -105.2317, 35.531 ], [ -105.2204, 35.5691 ], [ -105.2124, 35.5757 ], [ -105.2049, 35.5727 ], [ -105.2048, 35.5651 ], [ -105.187, 35.5651 ], [ -105.1869, 35.6002 ], [ -105.1927, 35.6041 ], [ -105.1869, 35.6198 ], [ -105.2047, 35.6243 ], [ -105.1834, 35.6676 ], [ -105.1707, 35.6784 ], [ -105.0922, 35.7036 ], [ -105.0309, 35.7434 ], [ -105.0186, 35.7697 ], [ -105.0073, 35.7712 ], [ -104.7506, 35.7831 ], [ -104.4204, 35.7784 ], [ -104.0217, 35.7815 ], [ -103.9769, 35.8017 ], [ -103.7236, 35.4228 ], [ -103.637, 35.4223 ], [ -103.6371, 35.2408 ], [ -103.8575, 35.2424 ], [ -103.8577, 35.2641 ], [ -104.1251, 35.1421 ], [ -104.1251, 35.2157 ], [ -105.291, 35.2165 ], [ -105.2901, 35.2401 ], [ -105.2732, 35.2491 ], [ -105.2892, 35.2648 ], [ -105.2782, 35.2698 ], [ -105.2925, 35.2712 ], [ -105.2967, 35.2653 ], [ -105.3026, 35.278 ], [ -105.3082, 35.2716 ], [ -105.3068, 35.2796 ], [ -105.3201, 35.2765 ], [ -105.3156, 35.2874 ], [ -105.3272, 35.2955 ], [ -105.3373, 35.3207 ], [ -105.3283, 35.344 ] ] ] } },
{ "type": "Feature", "properties": { "GEOIDFQ": "1400000US35047957602", "NAME": "9576.02", "NAMELSAD": "Census Tract 9576.02" }, "geometry": { "type": "Polygon", "coordinates": [ [ [ -105.7205, 35.8712 ], [ -105.5243, 35.8707 ], [ -105.5346, 35.8421 ], [ -105.5339, 35.8001 ], [ -105.5483, 35.7809 ], [ -105.5469, 35.7721 ], [ -105.5273, 35.7707 ], [ -105.5223, 35.7575 ], [ -105.5306, 35.7454 ], [ -105.5118, 35.7248 ], [ -105.4904, 35.7171 ], [ -105.4878, 35.7082 ], [ -105.4656, 35.6967 ], [ -105.4676, 35.6891 ], [ -105.4579, 35.6806 ], [ -105.4559, 35.6927 ], [ -105.4489, 35.6961 ], [ -105.4252, 35.6871 ], [ -105.4172, 35.6878 ], [ -105.422, 35.6945 ], [ -105.415, 35.6992 ], [ -105.3973, 35.6975 ], [ -105.3572, 35.6855 ], [ -105.33, 35.6551 ], [ -105.2767, 35.6521 ], [ -105.2462, 35.6138 ], [ -105.2553, 35.6056 ], [ -105.2371, 35.5874 ], [ -105.2346, 35.5575 ], [ -105.2543, 35.5654 ], [ -105.2786, 35.5632 ], [ -105.3229, 35.5823 ], [ -105.3579, 35.5893 ], [ -105.3851, 35.6125 ], [ -105.3976, 35.6143 ], [ -105.4034, 35.6124 ], [ -105.4032, 35.5941 ], [ -105.379, 35.5622 ], [ -105.3818, 35.5507 ], [ -105.3973, 35.5495 ], [ -105.3958, 35.5579 ], [ -105.4226, 35.5602 ], [ -105.4543, 35.5527 ], [ -105.4595, 35.5658 ], [ -105.4747, 35.5768 ], [ -105.4843, 35.5671 ], [ -105.4903, 35.5754 ], [ -105.4923, 35.5661 ], [ -105.5007, 35.5749 ], [ -105.5138, 35.5596 ], [ -105.555, 35.5589 ], [ -105.5673, 35.5399 ], [ -105.5807, 35.5334 ], [ -105.6021, 35.5678 ], [ -105.6248, 35.5756 ], [ -105.6257, 35.5818 ], [ -105.641, 35.5843 ], [ -105.6696, 35.5764 ], [ -105.6811, 35.5921 ], [ -105.6763, 35.6104 ], [ -105.6845, 35.6201 ], [ -105.6787, 35.6282 ], [ -105.682, 35.6565 ], [ -105.6896, 35.659 ], [ -105.6926, 35.6765 ], [ -105.7185, 35.6881 ], [ -105.7205, 35.8712 ] ] ] } },
{ "type": "Feature", "properties": { "GEOIDFQ": "1400000US35047957502", "NAME": "9575.02", "NAMELSAD": "Census Tract 9575.02" }, "geometry": { "type": "Polygon", "coordinates": [ [ [ -105.5339, 35.8001 ], [ -105.5346, 35.8421 ], [ -105.5243, 35.8707 ], [ -105.3478, 35.8707 ], [ -105.2241, 35.837 ], [ -105.2192, 35.8294 ], [ -105.1766, 35.8256 ], [ -105.1501, 35.8092 ], [ -105.1097, 35.8079 ], [ -105.0713, 35.7814 ], [ -105.0578, 35.7802 ], [ -105.0421, 35.7678 ], [ -105.0354, 35.7698 ], [ -105.0367, 35.7645 ], [ -105.0221, 35.7549 ], [ -105.0315, 35.7496 ], [ -105.0266, 35.7481 ], [ -105.0309, 35.7434 ], [ -105.0936, 35.7028 ], [ -105.1709, 35.6783 ], [ -105.1952, 35.6446 ], [ -105.1968, 35.664 ], [ -105.2246, 35.6671 ], [ -105.2461, 35.639 ], [ -105.2607, 35.6322 ], [ -105.2767, 35.6521 ], [ -105.33, 35.6551 ], [ -105.3572, 35.6855 ], [ -105.3917, 35.6965 ], [ -105.415, 35.6992 ], [ -105.422, 35.6945 ], [ -105.4172, 35.6878 ], [ -105.4252, 35.6871 ], [ -105.4489, 35.6961 ], [ -105.4581, 35.6807 ], [ -105.4676, 35.6891 ], [ -105.4658, 35.6969 ], [ -105.4818, 35.7033 ], [ -105.4967, 35.7211 ], [ -105.5118, 35.7248 ], [ -105.5297, 35.7443 ], [ -105.5223, 35.7575 ], [ -105.5265, 35.7691 ], [ -105.5469, 35.7721 ], [ -105.5477, 35.7816 ], [ -105.5339, 35.8001 ] ] ] } },
{ "type": "Feature", "properties": { "GEOIDFQ": "1400000US35047957603", "NAME": "9576.03", "NAMELSAD": "Census Tract 9576.03" }, "geometry": { "type": "Polygon", "coordinates": [ [ [ -105.7185, 35.6881 ], [ -105.6926, 35.6765 ], [ -105.6896, 35.659 ], [ -105.682, 35.6565 ], [ -105.6787, 35.6282 ], [ -105.6845, 35.6201 ], [ -105.6763, 35.6104 ], [ -105.681, 35.5918 ], [ -105.6636, 35.5711 ], [ -105.671, 35.5586 ], [ -105.6686, 35.533 ], [ -105.7071, 35.5569 ], [ -105.718, 35.5537 ], [ -105.7185, 35.6881 ] ] ] } },
{ "type": "Feature", "properties": { "GEOIDFQ": "1400000US35047957601", "NAME": "9576.01", "NAMELSAD": "Census Tract 9576.01" }, "geometry": { "type": "Polygon", "coordinates": [ [ [ -105.7071, 35.5569 ], [ -105.6686, 35.533 ], [ -105.6731, 35.5388 ], [ -105.6667, 35.5463 ], [ -105.671, 35.5584 ], [ -105.6648, 35.5766 ], [ -105.6354, 35.5848 ], [ -105.6021, 35.5678 ], [ -105.5808, 35.5334 ], [ -105.5673, 35.5399 ], [ -105.555, 35.5589 ], [ -105.5138, 35.5596 ], [ -105.5007, 35.5749 ], [ -105.4923, 35.5661 ], [ -105.4903, 35.5754 ], [ -105.4843, 35.5671 ], [ -105.4747, 35.5768 ], [ -105.4595, 35.5658 ], [ -105.4543, 35.5527 ], [ -105.4226, 35.5602 ], [ -105.3958, 35.5579 ], [ -105.3973, 35.5495 ], [ -105.3818, 35.5507 ], [ -105.379, 35.5622 ], [ -105.4032, 35.5941 ], [ -105.4034, 35.6124 ], [ -105.3976, 35.6143 ], [ -105.3851, 35.6125 ], [ -105.3579, 35.5893 ], [ -105.3229, 35.5823 ], [ -105.2782, 35.5631 ], [ -105.2543, 35.5654 ], [ -105.225, 35.5571 ], [ -105.2317, 35.531 ], [ -105.2491, 35.5217 ], [ -105.2714, 35.4888 ], [ -105.2822, 35.4457 ], [ -105.32, 35.3972 ], [ -105.3454, 35.3921 ], [ -105.398, 35.3984 ], [ -105.4624, 35.3972 ], [ -105.5157, 35.415 ], [ -105.5979, 35.4303 ], [ -105.6686, 35.4816 ], [ -105.6897, 35.5316 ], [ -105.718, 35.5537 ], [ -105.7071, 35.5569 ] ] ] } },
{ "type": "Feature", "properties": { "GEOIDFQ": "1400000US35001000906", "NAME": "9.06", "NAMELSAD": "Census Tract 9.06" }, "geometry": { "type": "Polygon", "coordinates": [ [ [ -106.5864, 35.0656 ], [ -106.5775, 35.0655 ], [ -106.5776, 35.0553 ], [ -106.5689, 35.0525 ], [ -106.5865, 35.055 ], [ -106.5864, 35.0656 ] ] ] } },
{ "type": "Feature", "properties": { "GEOIDFQ": "1400000US35001004716", "NAME": "47.16", "NAMELSAD": "Census Tract 47.16" }, "geometry": { "type": "Polygon", "coordinates": [ [ [ -106.6487, 35.2145 ], [ -106.6425, 35.2073 ], [ -106.6504, 35.1863 ], [ -106.6577, 35.191 ], [ -106.6631, 35.2155 ], [ -106.6487, 35.2145 ] ] ] } },
{ "type": "Feature", "properties": { "GEOIDFQ": "1400000US35001003805", "NAME": "38.05", "NAMELSAD": "Census Tract 38.05" }, "geometry": { "type": "Polygon", "coordinates": [ [ [ -106.48, 35.0728 ], [ -106.4804, 35.1345 ], [ -106.4362, 35.1274 ], [ -106.415, 35.1483 ], [ -106.4156, 35.1827 ], [ -106.4594, 35.2179 ], [ -106.4102, 35.215 ], [ -106.4054, 35.1915 ], [ -106.3988, 35.193 ], [ -106.3909, 35.1807 ], [ -106.3894, 35.1852 ], [ -106.377, 35.1817 ], [ -106.3748, 35.1705 ], [ -106.3477, 35.1632 ], [ -106.3656, 35.1361 ], [ -106.3803, 35.0857 ], [ -106.4066, 35.0803 ], [ -106.4236, 35.0656 ], [ -106.4599, 35.0608 ], [ -106.4856, 35.0651 ], [ -106.48, 35.0728 ] ] ] } },
{ "type": "Feature", "properties": { "GEOIDFQ": "1400000US35013000102", "NAME": "1.02", "NAMELSAD": "Census Tract 1.02" }, "geometry": { "type": "Polygon", "coordinates": [ [ [ -106.7698, 32.3481 ], [ -106.7558, 32.3278 ], [ -106.763, 32.3247 ], [ -106.7829, 32.3315 ], [ -106.7698, 32.3481 ] ] ] } },
{ "type": "Feature", "properties": { "GEOIDFQ": "1400000US35045000609", "NAME": "6.09", "NAMELSAD": "Census Tract 6.09" }, "geometry": { "type": "Polygon", "coordinates": [ [ [ -108.0107, 36.8071 ], [ -108.0205, 36.809 ], [ -108.0147, 36.8209 ], [ -107.9936, 36.8261 ], [ -107.9998, 36.8065 ], [ -107.98, 36.7756 ], [ -107.9908, 36.7785 ], [ -107.9968, 36.7882 ], [ -108.0131, 36.7913 ], [ -108.0227, 36.8041 ], [ -108.0107, 36.8071 ] ] ] } },
{ "type": "Feature", "properties": { "GEOIDFQ": "1400000US35023970200", "NAME": "9702", "NAMELSAD": "Census Tract 9702" }, "geometry": { "type": "Polygon", "coordinates": [ [ [ -108.718, 32.3682 ], [ -108.7081, 32.3669 ], [ -108.7088, 32.3561 ], [ -108.6997, 32.3561 ], [ -108.6997, 32.3486 ], [ -108.6748, 32.342 ], [ -108.6795, 32.3271 ], [ -108.7297, 32.3268 ], [ -108.718, 32.3682 ] ] ] } },
{ "type": "Feature", "properties": { "GEOIDFQ": "1400000US35001004742", "NAME": "47.42", "NAMELSAD": "Census Tract 47.42" }, "geometry": { "type": "Polygon", "coordinates": [ [ [ -106.7269, 35.1238 ], [ -106.7093, 35.1384 ], [ -106.7083, 35.1166 ], [ -106.7293, 35.1042 ], [ -106.7269, 35.1238 ] ] ] } },
{ "type": "Feature", "properties": { "GEOIDFQ": "1400000US35035000305", "NAME": "3.05", "NAMELSAD": "Census Tract 3.05" }, "geometry": { "type": "Polygon", "coordinates": [ [ [ -105.9346, 32.9152 ], [ -105.9375, 32.9018 ], [ -105.9446, 32.9081 ], [ -105.9606, 32.908 ], [ -105.9606, 32.9151 ], [ -105.9346, 32.9152 ] ] ] } },
{ "type": "Feature", "properties": { "GEOIDFQ": "1400000US35055952702", "NAME": "9527.02", "NAMELSAD": "Census Tract 9527.02" }, "geometry": { "type": "Polygon", "coordinates": [ [ [ -105.7875, 36.2688 ], [ -105.7859, 36.2876 ], [ -105.7534, 36.3207 ], [ -105.7331, 36.302 ], [ -105.7256, 36.3141 ], [ -105.6041, 36.3631 ], [ -105.5815, 36.3172 ], [ -105.5738, 36.2686 ], [ -105.579, 36.2564 ], [ -105.6037, 36.2393 ], [ -105.5933, 36.2089 ], [ -105.5556, 36.1918 ], [ -105.5368, 36.1963 ], [ -105.5209, 36.1751 ], [ -105.4955, 36.176 ], [ -105.4729, 36.1572 ], [ -105.4726, 36.1422 ], [ -105.4529, 36.1381 ], [ -105.4319, 36.1482 ], [ -105.421, 36.1473 ], [ -105.42, 36.1317 ], [ -105.4893, 36.0374 ], [ -105.5087, 36.0191 ], [ -105.5304, 36.013 ], [ -105.7359, 36.1001 ], [ -105.8557, 36.2297 ], [ -105.7875, 36.2688 ] ], [ [ -105.7562, 36.1626 ], [ -105.6626, 36.1624 ], [ -105.6627, 36.2386 ], [ -105.7564, 36.2382 ], [ -105.7562, 36.1626 ] ] ] } },
{ "type": "Feature", "properties": { "GEOIDFQ": "1400000US35055952102", "NAME": "9521.02", "NAMELSAD": "Census Tract 9521.02" }, "geometry": { "type": "Polygon", "coordinates": [ [ [ -105.6606, 36.5874 ], [ -105.6628, 36.6081 ], [ -105.6397, 36.642 ], [ -105.6263, 36.681 ], [ -105.5959, 36.7037 ], [ -105.5836, 36.8717 ], [ -105.5223, 36.9955 ], [ -105.2204, 36.995 ], [ -105.2235, 36.9867 ], [ -105.2362, 36.9819 ], [ -105.2362, 36.9623 ], [ -105.221, 36.9343 ], [ -105.2131, 36.9324 ], [ -105.2108, 36.9173 ], [ -105.2001, 36.9156 ], [ -105.2294, 36.8477 ], [ -105.2231, 36.8335 ], [ -105.2334, 36.812 ], [ -105.2264, 36.8034 ], [ -105.2352, 36.7882 ], [ -105.2223, 36.7546 ], [ -105.2243, 36.7341 ], [ -105.2306, 36.7238 ], [ -105.2503, 36.7174 ], [ -105.2808, 36.7183 ], [ -105.2908, 36.7285 ], [ -105.3118, 36.7245 ], [ -105.322, 36.6984 ], [ -105.3355, 36.7025 ], [ -105.3523, 36.6972 ], [ -105.3706, 36.681 ], [ -105.351, 36.6334 ], [ -105.3658, 36.6274 ], [ -105.3748, 36.6086 ], [ -105.3579, 36.5897 ], [ -105.3493, 36.5618 ], [ -105.4034, 36.548 ], [ -105.4015, 36.538 ], [ -105.4134, 36.5291 ], [ -105.4141, 36.5623 ], [ -105.4258, 36.5768 ], [ -105.4243, 36.6107 ], [ -105.4376, 36.6124 ], [ -105.4573, 36.6354 ], [ -105.4643, 36.6219 ], [ -105.4801, 36.6223 ], [ -105.5, 36.6115 ], [ -105.5226, 36.6174 ], [ -105.5576, 36.6054 ], [ -105.5691, 36.5953 ], [ -105.5894, 36.5947 ], [ -105.6059, 36.5815 ], [ -105.6099, 36.5865 ], [ -105.6381, 36.5877 ], [ -105.6665, 36.5801 ], [ -105.6606, 36.5874 ] ] ] } },
{ "type": "Feature", "properties": { "GEOIDFQ": "1400000US35055952101", "NAME": "9521.01", "NAMELSAD": "Census Tract 9521.01" }, "geometry": { "type": "Polygon", "coordinates": [ [ [ -105.6611, 36.5829 ], [ -105.6373, 36.5876 ], [ -105.6099, 36.5865 ], [ -105.6059, 36.5815 ], [ -105.5894, 36.5947 ], [ -105.5691, 36.5953 ], [ -105.5576, 36.6054 ], [ -105.5226, 36.6174 ], [ -105.5, 36.6115 ], [ -105.4801, 36.6223 ], [ -105.4643, 36.6219 ], [ -105.4579, 36.6354 ], [ -105.4376, 36.6124 ], [ -105.4257, 36.6135 ], [ -105.4258, 36.5768 ], [ -105.4141, 36.5623 ], [ -105.4161, 36.5489 ], [ -105.4312, 36.5431 ], [ -105.4456, 36.5485 ], [ -105.456, 36.5308 ], [ -105.4836, 36.5339 ], [ -105.5816, 36.5103 ], [ -105.5934, 36.4983 ], [ -105.5933, 36.455 ], [ -105.6144, 36.4747 ], [ -105.6308, 36.5236 ], [ -105.6368, 36.528 ], [ -105.6589, 36.516 ], [ -105.6665, 36.5203 ], [ -105.6746, 36.5627 ], [ -105.6611, 36.5829 ] ] ] } },
{ "type": "Feature", "properties": { "GEOIDFQ": "1400000US35055940101", "NAME": "9401.01", "NAMELSAD": "Census Tract 9401.01" }, "geometry": { "type": "Polygon", "coordinates": [ [ [ -105.5723, 36.4204 ], [ -105.5772, 36.4391 ], [ -105.5933, 36.455 ], [ -105.5934, 36.4983 ], [ -105.5657, 36.5177 ], [ -105.5368, 36.5182 ], [ -105.4836, 36.5339 ], [ -105.456, 36.5308 ], [ -105.4456, 36.5485 ], [ -105.4312, 36.5431 ], [ -105.4156, 36.549 ], [ -105.4134, 36.5291 ], [ -105.4015, 36.538 ], [ -105.4034, 36.548 ], [ -105.3777, 36.5523 ], [ -105.3484, 36.5328 ], [ -105.3436, 36.5106 ], [ -105.3187, 36.4917 ], [ -105.3364, 36.4835 ], [ -105.3393, 36.4708 ], [ -105.3571, 36.4515 ], [ -105.352, 36.4211 ], [ -105.3664, 36.4067 ], [ -105.3873, 36.3994 ], [ -105.4071, 36.4003 ], [ -105.4154, 36.4091 ], [ -105.4361, 36.4018 ], [ -105.4525, 36.4097 ], [ -105.4686, 36.4027 ], [ -105.4877, 36.4167 ], [ -105.4999, 36.401 ], [ -105.5844, 36.3998 ], [ -105.5938, 36.4042 ], [ -105.5723, 36.4204 ] ] ] } },
{ "type": "Feature", "properties": { "GEOIDFQ": "1400000US35057963601", "NAME": "9636.01", "NAMELSAD": "Census Tract 9636.01" }, "geometry": { "type": "Polygon", "coordinates": [ [ [ -106.4639, 34.8702 ], [ -106.1497, 34.8701 ], [ -106.1498, 34.9499 ], [ -106.1384, 34.9534 ], [ -106.1385, 34.9678 ], [ -106.051, 34.9679 ], [ -106.0507, 34.9825 ], [ -106.0277, 34.9825 ], [ -105.9964, 34.9632 ], [ -105.9863, 34.9663 ], [ -105.9793, 34.9808 ], [ -105.9794, 35.0046 ], [ -105.7239, 35.0041 ], [ -105.705, 35.0106 ], [ -105.664, 35.0082 ], [ -105.6018, 34.8954 ], [ -105.599, 34.8655 ], [ -105.5185, 34.7281 ], [ -105.5473, 34.7255 ], [ -105.5474, 34.7068 ], [ -105.5574, 34.6928 ], [ -105.5415, 34.6676 ], [ -105.7711, 34.6834 ], [ -105.8454, 34.6486 ], [ -105.8703, 34.6265 ], [ -105.9462, 34.5825 ], [ -105.9742, 34.575 ], [ -106.0138, 34.5934 ], [ -106.0173, 34.6237 ], [ -106.0276, 34.638 ], [ -106.0611, 34.638 ], [ -106.0611, 34.6091 ], [ -106.2053, 34.6089 ], [ -106.2077, 34.614 ], [ -106.2191, 34.6111 ], [ -106.2364, 34.6165 ], [ -106.2405, 34.6089 ], [ -106.29, 34.609 ], [ -106.3027, 34.6245 ], [ -106.3303, 34.6315 ], [ -106.3488, 34.6302 ], [ -106.3614, 34.615 ], [ -106.404, 34.6157 ], [ -106.4358, 34.6284 ], [ -106.4401, 34.6355 ], [ -106.4278, 34.6487 ], [ -106.4261, 34.6671 ], [ -106.439, 34.6544 ], [ -106.4662, 34.6704 ], [ -106.4639, 34.8702 ] ], [ [ -106.0086, 34.7541 ], [ -106.0086, 34.7687 ], [ -106.0262, 34.7687 ], [ -106.0261, 34.7541 ], [ -106.0086, 34.7541 ] ] ] } },
{ "type": "Feature", "properties": { "GEOIDFQ": "1400000US35057980000", "NAME": "9800", "NAMELSAD": "Census Tract 9800" }, "geometry": { "type": "Polygon", "coordinates": [ [ [ -106.0086, 34.7687 ], [ -106.0086, 34.7541 ], [ -106.0261, 34.7541 ], [ -106.0262, 34.7687 ], [ -106.0086, 34.7687 ] ] ] } },
{ "type": "Feature", "properties": { "GEOIDFQ": "1400000US35045000503", "NAME": "5.03", "NAMELSAD": "Census Tract 5.03" }, "geometry": { "type": "Polygon", "coordinates": [ [ [ -108.279, 36.7632 ], [ -108.2365, 36.7664 ], [ -108.2521, 36.7356 ], [ -108.2967, 36.7263 ], [ -108.279, 36.7632 ] ] ] } },
{ "type": "Feature", "properties": { "GEOIDFQ": "1400000US35001004756", "NAME": "47.56", "NAMELSAD": "Census Tract 47.56" }, "geometry": { "type": "Polygon", "coordinates": [ [ [ -106.7033, 35.1968 ], [ -106.6841, 35.1898 ], [ -106.6877, 35.1799 ], [ -106.6913, 35.1796 ], [ -106.6877, 35.1904 ], [ -106.7076, 35.1888 ], [ -106.701, 35.1796 ], [ -106.7161, 35.1803 ], [ -106.7277, 35.1894 ], [ -106.7033, 35.1968 ] ] ] } },
{ "type": "Feature", "properties": { "GEOIDFQ": "1400000US35001002302", "NAME": "23.02", "NAMELSAD": "Census Tract 23.02" }, "geometry": { "type": "Polygon", "coordinates": [ [ [ -106.6812, 35.0891 ], [ -106.6661, 35.0738 ], [ -106.6899, 35.0737 ], [ -106.6943, 35.0836 ], [ -106.6812, 35.0891 ] ] ] } },
{ "type": "Feature", "properties": { "GEOIDFQ": "1400000US35001004763", "NAME": "47.63", "NAMELSAD": "Census Tract 47.63" }, "geometry": { "type": "Polygon", "coordinates": [ [ [ -106.6625, 35.2179 ], [ -106.6591, 35.2056 ], [ -106.6752, 35.2058 ], [ -106.6771, 35.2179 ], [ -106.6625, 35.2179 ] ] ] } },
{ "type": "Feature", "properties": { "GEOIDFQ": "1400000US35001004800", "NAME": "48", "NAMELSAD": "Census Tract 48" }, "geometry": { "type": "Polygon", "coordinates": [ [ [ -106.673, 35.105 ], [ -106.6646, 35.1064 ], [ -106.6531, 35.1067 ], [ -106.6636, 35.0907 ], [ -106.6753, 35.0954 ], [ -106.6812, 35.0891 ], [ -106.6924, 35.1063 ], [ -106.673, 35.105 ] ] ] } },
{ "type": "Feature", "properties": { "GEOIDFQ": "1400000US35001002303", "NAME": "23.03", "NAMELSAD": "Census Tract 23.03" }, "geometry": { "type": "Polygon", "coordinates": [ [ [ -106.6911, 35.0753 ], [ -106.661, 35.0697 ], [ -106.6816, 35.065 ], [ -106.6976, 35.0676 ], [ -106.6911, 35.0753 ] ] ] } },
{ "type": "Feature", "properties": { "GEOIDFQ": "1400000US35001004764", "NAME": "47.64", "NAMELSAD": "Census Tract 47.64" }, "geometry": { "type": "Polygon", "coordinates": [ [ [ -106.6591, 35.2056 ], [ -106.6575, 35.1912 ], [ -106.6664, 35.1974 ], [ -106.6787, 35.2023 ], [ -106.6591, 35.2056 ] ] ] } },
{ "type": "Feature", "properties": { "GEOIDFQ": "1400000US35001980600", "NAME": "9806", "NAMELSAD": "Census Tract 9806" }, "geometry": { "type": "Polygon", "coordinates": [ [ [ -106.7858, 35.1285 ], [ -106.7835, 35.1798 ], [ -106.7457, 35.1843 ], [ -106.7453, 35.1743 ], [ -106.7586, 35.1743 ], [ -106.7585, 35.1598 ], [ -106.7277, 35.16 ], [ -106.7278, 35.1464 ], [ -106.7248, 35.1672 ], [ -106.7149, 35.163 ], [ -106.7099, 35.1723 ], [ -106.6988, 35.1738 ], [ -106.7076, 35.1888 ], [ -106.6863, 35.1899 ], [ -106.7043, 35.1654 ], [ -106.7099, 35.1681 ], [ -106.7217, 35.1557 ], [ -106.7253, 35.1447 ], [ -106.7093, 35.1384 ], [ -106.7278, 35.1179 ], [ -106.754, 35.1115 ], [ -106.7554, 35.1011 ], [ -106.7616, 35.1011 ], [ -106.7915, 35.1205 ], [ -106.7858, 35.1285 ] ] ] } },
{ "type": "Feature", "properties": { "GEOIDFQ": "1400000US35001001202", "NAME": "12.02", "NAMELSAD": "Census Tract 12.02" }, "geometry": { "type": "Polygon", "coordinates": [ [ [ -106.6334, 35.0782 ], [ -106.6241, 35.075 ], [ -106.6242, 35.0585 ], [ -106.6105, 35.0585 ], [ -106.6123, 35.0297 ], [ -106.6194, 35.0282 ], [ -106.6218, 35.0369 ], [ -106.6287, 35.0368 ], [ -106.6353, 35.023 ], [ -106.6399, 35.074 ], [ -106.6334, 35.0782 ] ] ] } },
{ "type": "Feature", "properties": { "GEOIDFQ": "1400000US35001001201", "NAME": "12.01", "NAMELSAD": "Census Tract 12.01" }, "geometry": { "type": "Polygon", "coordinates": [ [ [ -106.6133, 35.0737 ], [ -106.6133, 35.0584 ], [ -106.6242, 35.0585 ], [ -106.6243, 35.0713 ], [ -106.6133, 35.0737 ] ] ] } },
{ "type": "Feature", "properties": { "GEOIDFQ": "1400000US35001000905", "NAME": "9.05", "NAMELSAD": "Census Tract 9.05" }, "geometry": { "type": "Polygon", "coordinates": [ [ [ -106.5862, 35.0729 ], [ -106.5775, 35.0728 ], [ -106.5775, 35.0655 ], [ -106.5864, 35.0674 ], [ -106.5862, 35.0729 ] ] ] } },
{ "type": "Feature", "properties": { "GEOIDFQ": "1400000US35001002301", "NAME": "23.01", "NAMELSAD": "Census Tract 23.01" }, "geometry": { "type": "Polygon", "coordinates": [ [ [ -106.698, 35.0828 ], [ -106.6943, 35.0836 ], [ -106.6912, 35.075 ], [ -106.701, 35.0679 ], [ -106.698, 35.0828 ] ] ] } },
{ "type": "Feature", "properties": { "GEOIDFQ": "1400000US35001000605", "NAME": "6.05", "NAMELSAD": "Census Tract 6.05" }, "geometry": { "type": "Polygon", "coordinates": [ [ [ -106.5775, 35.0788 ], [ -106.5686, 35.0759 ], [ -106.5686, 35.0873 ], [ -106.5599, 35.0873 ], [ -106.5601, 35.075 ], [ -106.5775, 35.0748 ], [ -106.5775, 35.0788 ] ] ] } },
{ "type": "Feature", "properties": { "GEOIDFQ": "1400000US35001940601", "NAME": "9406.01", "NAMELSAD": "Census Tract 9406.01" }, "geometry": { "type": "Polygon", "coordinates": [ [ [ -106.7453, 35.1743 ], [ -106.7497, 35.196 ], [ -106.7585, 35.1942 ], [ -106.7527, 35.2033 ], [ -106.7432, 35.189 ], [ -106.7256, 35.1888 ], [ -106.6988, 35.1738 ], [ -106.7099, 35.1723 ], [ -106.7149, 35.163 ], [ -106.7248, 35.1672 ], [ -106.7278, 35.1464 ], [ -106.7277, 35.16 ], [ -106.7585, 35.1598 ], [ -106.7586, 35.1743 ], [ -106.7453, 35.1743 ] ] ] } },
{ "type": "Feature", "properties": { "GEOIDFQ": "1400000US35001004760", "NAME": "47.60", "NAMELSAD": "Census Tract 47.60" }, "geometry": { "type": "Polygon", "coordinates": [ [ [ -106.7091, 35.1049 ], [ -106.7046, 35.1066 ], [ -106.7106, 35.08 ], [ -106.7228, 35.0772 ], [ -106.7299, 35.0939 ], [ -106.7091, 35.1049 ] ] ] } },
{ "type": "Feature", "properties": { "GEOIDFQ": "1400000US35001004761", "NAME": "47.61", "NAMELSAD": "Census Tract 47.61" }, "geometry": { "type": "Polygon", "coordinates": [ [ [ -106.701, 35.0679 ], [ -106.7035, 35.0612 ], [ -106.7225, 35.0581 ], [ -106.7238, 35.0701 ], [ -106.701, 35.0679 ] ] ] } },
{ "type": "Feature", "properties": { "GEOIDFQ": "1400000US35001003743", "NAME": "37.43", "NAMELSAD": "Census Tract 37.43" }, "geometry": { "type": "Polygon", "coordinates": [ [ [ -106.5422, 35.1888 ], [ -106.5334, 35.1747 ], [ -106.5599, 35.1743 ], [ -106.5601, 35.1902 ], [ -106.5422, 35.1888 ] ] ] } },
{ "type": "Feature", "properties": { "GEOIDFQ": "1400000US35001940602", "NAME": "9406.02", "NAMELSAD": "Census Tract 9406.02" }, "geometry": { "type": "MultiPolygon", "coordinates": [ [ [ [ -107.0219, 34.8742 ], [ -107.0229, 34.87 ], [ -107.0245, 34.87 ], [ -107.0306, 34.883 ], [ -107.0219, 34.8742 ] ] ], [ [ [ -106.7631, 35.218 ], [ -106.7526, 35.2033 ], [ -106.7585, 35.1942 ], [ -106.7497, 35.196 ], [ -106.7486, 35.1888 ], [ -106.7588, 35.1798 ], [ -106.7835, 35.1798 ], [ -106.7866, 35.1751 ], [ -106.7858, 35.1285 ], [ -106.7965, 35.1115 ], [ -106.7979, 35.085 ], [ -106.7857, 35.0599 ], [ -106.8054, 34.9568 ], [ -106.9471, 34.9573 ], [ -106.9605, 34.9504 ], [ -106.9818, 34.9523 ], [ -106.9816, 34.9466 ], [ -106.9844, 34.9502 ], [ -107.0347, 34.9133 ], [ -107.025, 34.887 ], [ -107.031, 34.8835 ], [ -107.1968, 35.2195 ], [ -106.7631, 35.218 ] ], [ [ -106.9965, 35.0155 ], [ -106.9744, 35.0047 ], [ -106.9666, 35.0138 ], [ -106.96, 35.0001 ], [ -106.9269, 35.0001 ], [ -106.9265, 35.0114 ], [ -106.939, 35.0212 ], [ -106.9416, 35.0337 ], [ -106.9216, 35.0384 ], [ -106.9727, 35.0445 ], [ -106.9679, 35.0297 ], [ -107.0097, 35.0303 ], [ -107.0098, 35.0155 ], [ -106.9965, 35.0155 ] ], [ [ -106.8556, 35.0045 ], [ -106.8552, 35.0107 ], [ -106.8663, 35.0107 ], [ -106.8556, 35.0045 ] ] ] ] } },
{ "type": "Feature", "properties": { "GEOIDFQ": "1400000US35001002403", "NAME": "24.03", "NAMELSAD": "Census Tract 24.03" }, "geometry": { "type": "Polygon", "coordinates": [ [ [ -106.7096, 35.0944 ], [ -106.6998, 35.0943 ], [ -106.6986, 35.0826 ], [ -106.7108, 35.0831 ], [ -106.7096, 35.0944 ] ] ] } },
{ "type": "Feature", "properties": { "GEOIDFQ": "1400000US35001004755", "NAME": "47.55", "NAMELSAD": "Census Tract 47.55" }, "geometry": { "type": "Polygon", "coordinates": [ [ [ -106.7157, 35.218 ], [ -106.6966, 35.218 ], [ -106.6985, 35.2131 ], [ -106.7276, 35.212 ], [ -106.7277, 35.2065 ], [ -106.7523, 35.2029 ], [ -106.7631, 35.218 ], [ -106.7157, 35.218 ] ] ] } },
{ "type": "Feature", "properties": { "GEOIDFQ": "1400000US35001002404", "NAME": "24.04", "NAMELSAD": "Census Tract 24.04" }, "geometry": { "type": "Polygon", "coordinates": [ [ [ -106.698, 35.0828 ], [ -106.701, 35.0679 ], [ -106.709, 35.0693 ], [ -106.7107, 35.0787 ], [ -106.698, 35.0828 ] ] ] } },
{ "type": "Feature", "properties": { "GEOIDFQ": "1400000US35001003742", "NAME": "37.42", "NAMELSAD": "Census Tract 37.42" }, "geometry": { "type": "Polygon", "coordinates": [ [ [ -106.4961, 35.1531 ], [ -106.475, 35.1553 ], [ -106.4635, 35.1616 ], [ -106.4665, 35.1651 ], [ -106.4464, 35.167 ], [ -106.4156, 35.1827 ], [ -106.4165, 35.1433 ], [ -106.4362, 35.1274 ], [ -106.4797, 35.1345 ], [ -106.4979, 35.1307 ], [ -106.4961, 35.1531 ] ] ] } },
{ "type": "Feature", "properties": { "GEOIDFQ": "1400000US35001940800", "NAME": "9408", "NAMELSAD": "Census Tract 9408" }, "geometry": { "type": "Polygon", "coordinates": [ [ [ -107.0097, 35.0303 ], [ -106.9679, 35.0297 ], [ -106.9727, 35.0445 ], [ -106.9216, 35.0384 ], [ -106.9416, 35.0337 ], [ -106.939, 35.0212 ], [ -106.9265, 35.0114 ], [ -106.9269, 35.0001 ], [ -106.96, 35.0001 ], [ -106.9666, 35.0138 ], [ -106.9744, 35.0047 ], [ -107.0098, 35.0164 ], [ -107.0097, 35.0303 ] ] ] } },
{ "type": "Feature", "properties": { "GEOIDFQ": "1400000US35001003740", "NAME": "37.40", "NAMELSAD": "Census Tract 37.40" }, "geometry": { "type": "Polygon", "coordinates": [ [ [ -106.5865, 35.1449 ], [ -106.5808, 35.1446 ], [ -106.5777, 35.1309 ], [ -106.5865, 35.132 ], [ -106.5865, 35.1449 ] ] ] } },
{ "type": "Feature", "properties": { "GEOIDFQ": "1400000US35001003739", "NAME": "37.39", "NAMELSAD": "Census Tract 37.39" }, "geometry": { "type": "Polygon", "coordinates": [ [ [ -106.5776, 35.1397 ], [ -106.5767, 35.1423 ], [ -106.5687, 35.1384 ], [ -106.5687, 35.1308 ], [ -106.5776, 35.1315 ], [ -106.5776, 35.1397 ] ] ] } },
{ "type": "Feature", "properties": { "GEOIDFQ": "1400000US35001000908", "NAME": "9.08", "NAMELSAD": "Census Tract 9.08" }, "geometry": { "type": "Polygon", "coordinates": [ [ [ -106.5686, 35.0727 ], [ -106.5593, 35.0728 ], [ -106.5594, 35.0655 ], [ -106.5688, 35.06 ], [ -106.5686, 35.0727 ] ] ] } },
{ "type": "Feature", "properties": { "GEOIDFQ": "1400000US35001000715", "NAME": "7.15", "NAMELSAD": "Census Tract 7.15" }, "geometry": { "type": "Polygon", "coordinates": [ [ [ -106.5324, 35.0719 ], [ -106.5325, 35.0673 ], [ -106.5505, 35.0673 ], [ -106.5505, 35.0716 ], [ -106.5324, 35.0719 ] ] ] } },
{ "type": "Feature", "properties": { "GEOIDFQ": "1400000US35001000716", "NAME": "7.16", "NAMELSAD": "Census Tract 7.16" }, "geometry": { "type": "Polygon", "coordinates": [ [ [ -106.5324, 35.0833 ], [ -106.5324, 35.0719 ], [ -106.5504, 35.0739 ], [ -106.5506, 35.0873 ], [ -106.5324, 35.0833 ] ] ] } },
{ "type": "Feature", "properties": { "GEOIDFQ": "1400000US35001000718", "NAME": "7.18", "NAMELSAD": "Census Tract 7.18" }, "geometry": { "type": "Polygon", "coordinates": [ [ [ -106.5324, 35.0833 ], [ -106.5151, 35.0766 ], [ -106.517, 35.0668 ], [ -106.5325, 35.0682 ], [ -106.5324, 35.0833 ] ] ] } },
{ "type": "Feature", "properties": { "GEOIDFQ": "1400000US35001004757", "NAME": "47.57", "NAMELSAD": "Census Tract 47.57" }, "geometry": { "type": "Polygon", "coordinates": [ [ [ -106.7365, 35.2032 ], [ -106.7366, 35.1891 ], [ -106.7432, 35.189 ], [ -106.7523, 35.2029 ], [ -106.7365, 35.2032 ] ] ] } },
{ "type": "Feature", "properties": { "GEOIDFQ": "1400000US35001003744", "NAME": "37.44", "NAMELSAD": "Census Tract 37.44" }, "geometry": { "type": "Polygon", "coordinates": [ [ [ -106.5244, 35.1952 ], [ -106.5334, 35.1944 ], [ -106.5334, 35.1772 ], [ -106.5422, 35.1816 ], [ -106.5422, 35.1888 ], [ -106.5601, 35.1917 ], [ -106.5606, 35.1999 ], [ -106.5244, 35.1952 ] ] ] } },
{ "type": "Feature", "properties": { "GEOIDFQ": "1400000US35001004754", "NAME": "47.54", "NAMELSAD": "Census Tract 47.54" }, "geometry": { "type": "Polygon", "coordinates": [ [ [ -106.7148, 35.214 ], [ -106.6985, 35.2131 ], [ -106.7029, 35.2061 ], [ -106.7277, 35.2088 ], [ -106.7148, 35.214 ] ] ] } },
{ "type": "Feature", "properties": { "GEOIDFQ": "1400000US35001004900", "NAME": "49", "NAMELSAD": "Census Tract 49" }, "geometry": { "type": "Polygon", "coordinates": [ [ [ -106.6343, 35.0914 ], [ -106.6253, 35.0903 ], [ -106.6241, 35.075 ], [ -106.639, 35.0761 ], [ -106.6343, 35.0914 ] ] ] } },
{ "type": "Feature", "properties": { "GEOIDFQ": "1400000US35001001702", "NAME": "17.02", "NAMELSAD": "Census Tract 17.02" }, "geometry": { "type": "Polygon", "coordinates": [ [ [ -106.624, 35.0811 ], [ -106.6133, 35.081 ], [ -106.6133, 35.0737 ], [ -106.6241, 35.0741 ], [ -106.624, 35.0811 ] ] ] } },
{ "type": "Feature", "properties": { "GEOIDFQ": "1400000US35001003745", "NAME": "37.45", "NAMELSAD": "Census Tract 37.45" }, "geometry": { "type": "Polygon", "coordinates": [ [ [ -106.6233, 35.1514 ], [ -106.6052, 35.1535 ], [ -106.6051, 35.1354 ], [ -106.628, 35.1375 ], [ -106.6233, 35.1514 ] ] ] } },
{ "type": "Feature", "properties": { "GEOIDFQ": "1400000US35001001701", "NAME": "17.01", "NAMELSAD": "Census Tract 17.01" }, "geometry": { "type": "Polygon", "coordinates": [ [ [ -106.6132, 35.0875 ], [ -106.6042, 35.0875 ], [ -106.6046, 35.0736 ], [ -106.6133, 35.0773 ], [ -106.6132, 35.0875 ] ] ] } },
{ "type": "Feature", "properties": { "GEOIDFQ": "1400000US35001000503", "NAME": "5.03", "NAMELSAD": "Census Tract 5.03" }, "geometry": { "type": "Polygon", "coordinates": [ [ [ -106.6042, 35.0875 ], [ -106.5862, 35.0874 ], [ -106.5862, 35.0778 ], [ -106.6045, 35.0803 ], [ -106.6042, 35.0875 ] ] ] } },
{ "type": "Feature", "properties": { "GEOIDFQ": "1400000US35001003741", "NAME": "37.41", "NAMELSAD": "Census Tract 37.41" }, "geometry": { "type": "Polygon", "coordinates": [ [ [ -106.4962, 35.1714 ], [ -106.4768, 35.17 ], [ -106.4462, 35.1879 ], [ -106.4423, 35.196 ], [ -106.4256, 35.1927 ], [ -106.4156, 35.1827 ], [ -106.4464, 35.167 ], [ -106.4665, 35.1651 ], [ -106.4635, 35.1616 ], [ -106.4751, 35.1553 ], [ -106.4971, 35.1524 ], [ -106.4962, 35.1714 ] ] ] } },
{ "type": "Feature", "properties": { "GEOIDFQ": "1400000US35001000504", "NAME": "5.04", "NAMELSAD": "Census Tract 5.04" }, "geometry": { "type": "Polygon", "coordinates": [ [ [ -106.6045, 35.0798 ], [ -106.5862, 35.0778 ], [ -106.5862, 35.0729 ], [ -106.6045, 35.0754 ], [ -106.6045, 35.0798 ] ] ] } },
{ "type": "Feature", "properties": { "GEOIDFQ": "1400000US35001000719", "NAME": "7.19", "NAMELSAD": "Census Tract 7.19" }, "geometry": { "type": "Polygon", "coordinates": [ [ [ -106.5183, 35.0544 ], [ -106.5109, 35.0569 ], [ -106.5089, 35.0428 ], [ -106.5292, 35.0429 ], [ -106.5183, 35.0544 ] ] ] } },
{ "type": "Feature", "properties": { "GEOIDFQ": "1400000US35001000720", "NAME": "7.20", "NAMELSAD": "Census Tract 7.20" }, "geometry": { "type": "Polygon", "coordinates": [ [ [ -106.4951, 35.0609 ], [ -106.4937, 35.0684 ], [ -106.4802, 35.0627 ], [ -106.4447, 35.0618 ], [ -106.4605, 35.017 ], [ -106.4628, 35.043 ], [ -106.5089, 35.0428 ], [ -106.5114, 35.0546 ], [ -106.4951, 35.0609 ] ] ] } },
{ "type": "Feature", "properties": { "GEOIDFQ": "1400000US35001980500", "NAME": "9805", "NAMELSAD": "Census Tract 9805" }, "geometry": { "type": "Polygon", "coordinates": [ [ [ -106.8553, 35.0108 ], [ -106.8556, 35.0045 ], [ -106.8647, 35.0045 ], [ -106.8663, 35.0107 ], [ -106.8553, 35.0108 ] ] ] } },
{ "type": "Feature", "properties": { "GEOIDFQ": "1400000US35001004759", "NAME": "47.59", "NAMELSAD": "Census Tract 47.59" }, "geometry": { "type": "Polygon", "coordinates": [ [ [ -106.7299, 35.0944 ], [ -106.7228, 35.0772 ], [ -106.7427, 35.0727 ], [ -106.7466, 35.086 ], [ -106.7299, 35.0944 ] ] ] } },
{ "type": "Feature", "properties": { "GEOIDFQ": "1400000US35013001703", "NAME": "17.03", "NAMELSAD": "Census Tract 17.03" }, "geometry": { "type": "Polygon", "coordinates": [ [ [ -106.7291, 31.9457 ], [ -106.6903, 31.9582 ], [ -106.6678, 31.9571 ], [ -106.6709, 31.9707 ], [ -106.6518, 31.9707 ], [ -106.6554, 31.9976 ], [ -106.6357, 31.9993 ], [ -106.6294, 31.9901 ], [ -106.6382, 31.9768 ], [ -106.6196, 31.9716 ], [ -106.6251, 31.9545 ], [ -106.6144, 31.956 ], [ -106.6297, 31.9266 ], [ -106.6129, 31.9204 ], [ -106.6455, 31.8987 ], [ -106.6303, 31.8858 ], [ -106.6501, 31.8857 ], [ -106.6571, 31.9035 ], [ -106.6756, 31.8985 ], [ -106.6866, 31.8884 ], [ -106.7226, 31.8845 ], [ -106.7598, 31.9183 ], [ -106.7291, 31.9457 ] ] ] } },
{ "type": "Feature", "properties": { "GEOIDFQ": "1400000US35013001900", "NAME": "19", "NAMELSAD": "Census Tract 19" }, "geometry": { "type": "Polygon", "coordinates": [ [ [ -106.3405, 33.0528 ], [ -106.3407, 32.9584 ], [ -106.3766, 32.9581 ], [ -106.3772, 32.0816 ], [ -106.5813, 32.0828 ], [ -106.5803, 32.3155 ], [ -106.5715, 32.3194 ], [ -106.5715, 32.3268 ], [ -106.5799, 32.3408 ], [ -106.5139, 32.3447 ], [ -106.5139, 32.3874 ], [ -106.531, 32.3873 ], [ -106.5354, 32.4012 ], [ -106.548, 32.4014 ], [ -106.548, 32.4361 ], [ -106.5674, 32.4256 ], [ -106.5813, 32.4313 ], [ -106.5815, 32.4496 ], [ -106.5981, 32.4494 ], [ -106.5976, 32.4895 ], [ -106.614, 32.4893 ], [ -106.614, 32.5323 ], [ -106.6305, 32.532 ], [ -106.6303, 32.5609 ], [ -106.6484, 32.5615 ], [ -106.6481, 32.6045 ], [ -106.6654, 32.6043 ], [ -106.6646, 32.6486 ], [ -106.6823, 32.6486 ], [ -106.6823, 32.6919 ], [ -106.7006, 32.6923 ], [ -106.6998, 32.7353 ], [ -106.7163, 32.7357 ], [ -106.7166, 32.7792 ], [ -106.7335, 32.7792 ], [ -106.7337, 32.8228 ], [ -106.7514, 32.8223 ], [ -106.7517, 32.8762 ], [ -106.3405, 33.0528 ] ] ] } },
{ "type": "Feature", "properties": { "GEOIDFQ": "1400000US35013001600", "NAME": "16", "NAMELSAD": "Census Tract 16" }, "geometry": { "type": "Polygon", "coordinates": [ [ [ -106.903, 32.2096 ], [ -106.8566, 32.2235 ], [ -106.8286, 32.2183 ], [ -106.7984, 32.2276 ], [ -106.7307, 32.1869 ], [ -106.7162, 32.1593 ], [ -106.7027, 32.1536 ], [ -106.6997, 32.1419 ], [ -106.6577, 32.1016 ], [ -106.6574, 32.0925 ], [ -106.6641, 32.0826 ], [ -106.7129, 32.0794 ], [ -106.8899, 32.1221 ], [ -106.8836, 32.1283 ], [ -106.9051, 32.1654 ], [ -106.9091, 32.1863 ], [ -106.903, 32.2096 ] ] ] } },
{ "type": "Feature", "properties": { "GEOIDFQ": "1400000US35031943905", "NAME": "9439.05", "NAMELSAD": "Census Tract 9439.05" }, "geometry": { "type": "Polygon", "coordinates": [ [ [ -109.0136, 35.3848 ], [ -108.9893, 35.4203 ], [ -108.9376, 35.4657 ], [ -108.8916, 35.489 ], [ -108.8917, 35.4746 ], [ -108.8496, 35.4408 ], [ -108.8474, 35.4243 ], [ -108.8328, 35.4061 ], [ -108.7998, 35.387 ], [ -108.7784, 35.3642 ], [ -108.7544, 35.3641 ], [ -108.7579, 35.3417 ], [ -108.8401, 35.348 ], [ -108.8696, 35.3356 ], [ -108.9096, 35.3435 ], [ -108.9035, 35.3322 ], [ -108.9058, 35.3139 ], [ -108.9009, 35.3129 ], [ -108.9079, 35.3079 ], [ -108.9274, 35.3307 ], [ -108.933, 35.3251 ], [ -108.9381, 35.3377 ], [ -108.9553, 35.3439 ], [ -108.9532, 35.3324 ], [ -108.9441, 35.3296 ], [ -108.9469, 35.324 ], [ -108.9395, 35.3249 ], [ -108.9627, 35.2972 ], [ -108.9665, 35.3138 ], [ -108.9771, 35.3121 ], [ -108.9654, 35.3206 ], [ -108.9793, 35.3216 ], [ -108.9725, 35.3276 ], [ -108.9795, 35.3327 ], [ -108.982, 35.3265 ], [ -108.9892, 35.3282 ], [ -108.9927, 35.3173 ], [ -109.0071, 35.3367 ], [ -109.0215, 35.3407 ], [ -109.0289, 35.3496 ], [ -109.0415, 35.343 ], [ -109.0394, 35.328 ], [ -109.0466, 35.3305 ], [ -109.0468, 35.3626 ], [ -109.0136, 35.3848 ] ] ] } },
{ "type": "Feature", "properties": { "GEOIDFQ": "1400000US35037958602", "NAME": "9586.02", "NAMELSAD": "Census Tract 9586.02" }, "geometry": { "type": "Polygon", "coordinates": [ [ [ -103.7682, 35.2415 ], [ -103.7148, 35.2407 ], [ -103.7146, 35.2346 ], [ -103.7174, 35.2382 ], [ -103.7217, 35.2338 ], [ -103.7185, 35.2287 ], [ -103.6998, 35.2176 ], [ -103.7102, 35.2121 ], [ -103.7111, 35.188 ], [ -103.7025, 35.1912 ], [ -103.7159, 35.1688 ], [ -103.73, 35.1668 ], [ -103.7328, 35.1778 ], [ -103.7454, 35.1719 ], [ -103.7728, 35.1721 ], [ -103.7741, 35.2353 ], [ -103.7682, 35.2415 ] ] ] } },
{ "type": "Feature", "properties": { "GEOIDFQ": "1400000US35037958601", "NAME": "9586.01", "NAMELSAD": "Census Tract 9586.01" }, "geometry": { "type": "Polygon", "coordinates": [ [ [ -103.7728, 35.1721 ], [ -103.7454, 35.1719 ], [ -103.7328, 35.1778 ], [ -103.73, 35.1668 ], [ -103.7198, 35.1669 ], [ -103.7146, 35.179 ], [ -103.6995, 35.1889 ], [ -103.6844, 35.1864 ], [ -103.6844, 35.1718 ], [ -103.6744, 35.1699 ], [ -103.6759, 35.1634 ], [ -103.7171, 35.141 ], [ -103.7756, 35.1578 ], [ -103.7728, 35.1721 ] ] ] } },
{ "type": "Feature", "properties": { "GEOIDFQ": "1400000US35025000703", "NAME": "7.03", "NAMELSAD": "Census Tract 7.03" }, "geometry": { "type": "Polygon", "coordinates": [ [ [ -103.1636, 32.7839 ], [ -103.1632, 32.7983 ], [ -103.1449, 32.7984 ], [ -103.1449, 32.7548 ], [ -103.1643, 32.7549 ], [ -103.1737, 32.762 ], [ -103.1788, 32.7586 ], [ -103.2031, 32.7838 ], [ -103.1636, 32.7839 ] ] ] } },
{ "type": "Feature", "properties": { "GEOIDFQ": "1400000US35009000602", "NAME": "6.02", "NAMELSAD": "Census Tract 6.02" }, "geometry": { "type": "Polygon", "coordinates": [ [ [ -103.4956, 34.7786 ], [ -103.3903, 34.7781 ], [ -103.3898, 34.8654 ], [ -103.2843, 34.865 ], [ -103.2841, 34.9542 ], [ -103.0427, 34.9541 ], [ -103.0436, 34.4191 ], [ -103.1608, 34.4194 ], [ -103.1608, 34.4339 ], [ -103.1785, 34.4339 ], [ -103.1784, 34.4484 ], [ -103.214, 34.4484 ], [ -103.2141, 34.4339 ], [ -103.2493, 34.434 ], [ -103.2493, 34.4192 ], [ -103.3724, 34.4199 ], [ -103.3718, 34.5508 ], [ -103.3895, 34.5504 ], [ -103.3904, 34.633 ], [ -103.4954, 34.6335 ], [ -103.4956, 34.7786 ] ] ] } },
{ "type": "Feature", "properties": { "GEOIDFQ": "1400000US35009000601", "NAME": "6.01", "NAMELSAD": "Census Tract 6.01" }, "geometry": { "type": "Polygon", "coordinates": [ [ [ -103.7382, 34.6051 ], [ -103.7061, 34.605 ], [ -103.7058, 34.6924 ], [ -103.496, 34.6914 ], [ -103.4954, 34.6335 ], [ -103.3904, 34.633 ], [ -103.3895, 34.5504 ], [ -103.3718, 34.5508 ], [ -103.3724, 34.4199 ], [ -103.3196, 34.4197 ], [ -103.3196, 34.4124 ], [ -103.3372, 34.4123 ], [ -103.3372, 34.4054 ], [ -103.3371, 34.3725 ], [ -103.3236, 34.3726 ], [ -103.3196, 34.3654 ], [ -103.3196, 34.3033 ], [ -103.7401, 34.3031 ], [ -103.7382, 34.6051 ] ] ] } },
{ "type": "Feature", "properties": { "GEOIDFQ": "1400000US35009000603", "NAME": "6.03", "NAMELSAD": "Census Tract 6.03" }, "geometry": { "type": "Polygon", "coordinates": [ [ [ -103.3196, 34.3654 ], [ -103.3029, 34.3657 ], [ -103.3023, 34.3833 ], [ -103.2956, 34.3841 ], [ -103.2977, 34.4026 ], [ -103.3182, 34.4041 ], [ -103.3196, 34.4197 ], [ -103.2493, 34.4194 ], [ -103.2495, 34.3757 ], [ -103.2378, 34.3714 ], [ -103.2318, 34.3756 ], [ -103.1699, 34.3757 ], [ -103.1699, 34.3902 ], [ -103.1785, 34.3902 ], [ -103.1784, 34.3957 ], [ -103.1432, 34.3935 ], [ -103.1433, 34.4049 ], [ -103.1611, 34.4049 ], [ -103.1608, 34.4194 ], [ -103.0436, 34.4191 ], [ -103.0438, 34.3026 ], [ -103.3196, 34.3033 ], [ -103.3196, 34.3654 ] ] ] } },
{ "type": "Feature", "properties": { "GEOIDFQ": "1400000US35021000100", "NAME": "1", "NAMELSAD": "Census Tract 1" }, "geometry": { "type": "Polygon", "coordinates": [ [ [ -104.4266, 36.1969 ], [ -104.4339, 36.2013 ], [ -104.4305, 36.2136 ], [ -104.4361, 36.2185 ], [ -104.0088, 36.2181 ], [ -104.0089, 36.1745 ], [ -103.794, 36.174 ], [ -103.7945, 36.0857 ], [ -103.365, 36.0861 ], [ -103.3651, 35.9987 ], [ -103.3749, 35.9987 ], [ -103.3797, 35.3968 ], [ -103.389, 35.3896 ], [ -103.6371, 35.3897 ], [ -103.637, 35.4223 ], [ -103.7236, 35.4228 ], [ -103.9769, 35.8017 ], [ -104.0217, 35.7815 ], [ -104.3701, 35.7793 ], [ -104.3609, 35.7849 ], [ -104.3714, 35.8067 ], [ -104.3635, 35.8118 ], [ -104.3781, 35.8231 ], [ -104.3669, 35.8302 ], [ -104.3799, 35.8358 ], [ -104.365, 35.8422 ], [ -104.3735, 35.8483 ], [ -104.3761, 35.8415 ], [ -104.382, 35.8429 ], [ -104.3765, 35.8518 ], [ -104.3907, 35.8594 ], [ -104.3814, 35.8624 ], [ -104.3779, 35.8788 ], [ -104.3736, 35.871 ], [ -104.3669, 35.8714 ], [ -104.374, 35.8812 ], [ -104.3593, 35.8884 ], [ -104.3678, 35.8976 ], [ -104.3507, 35.899 ], [ -104.3541, 35.9077 ], [ -104.3437, 35.9122 ], [ -104.3548, 35.9203 ], [ -104.3382, 35.9237 ], [ -104.3429, 35.9306 ], [ -104.3547, 35.9296 ], [ -104.3535, 35.9398 ], [ -104.339, 35.9432 ], [ -104.3521, 35.954 ], [ -104.3442, 35.9555 ], [ -104.3406, 35.9487 ], [ -104.3273, 35.9602 ], [ -104.3563, 35.9839 ], [ -104.3412, 35.9919 ], [ -104.3397, 36.0004 ], [ -104.3506, 36.0107 ], [ -104.3655, 36.0138 ], [ -104.3616, 36.0388 ], [ -104.3797, 36.0493 ], [ -104.3703, 36.0661 ], [ -104.3903, 36.0822 ], [ -104.3855, 36.0884 ], [ -104.4011, 36.0915 ], [ -104.4027, 36.1166 ], [ -104.4141, 36.1224 ], [ -104.4093, 36.132 ], [ -104.4205, 36.1403 ], [ -104.4154, 36.1462 ], [ -104.4078, 36.1406 ], [ -104.4034, 36.1542 ], [ -104.4191, 36.1664 ], [ -104.4142, 36.1763 ], [ -104.4241, 36.184 ], [ -104.4279, 36.1767 ], [ -104.4361, 36.1771 ], [ -104.4321, 36.1884 ], [ -104.4392, 36.1942 ], [ -104.4266, 36.1969 ] ] ] } },
{ "type": "Feature", "properties": { "GEOIDFQ": "1400000US35001003738", "NAME": "37.38", "NAMELSAD": "Census Tract 37.38" }, "geometry": { "type": "Polygon", "coordinates": [ [ [ -106.5245, 35.1544 ], [ -106.5069, 35.1523 ], [ -106.5069, 35.1451 ], [ -106.5174, 35.1419 ], [ -106.5267, 35.1491 ], [ -106.5245, 35.1544 ] ] ] } },
{ "type": "Feature", "properties": { "GEOIDFQ": "1400000US35013001705", "NAME": "17.05", "NAMELSAD": "Census Tract 17.05" }, "geometry": { "type": "Polygon", "coordinates": [ [ [ -106.5938, 31.8249 ], [ -106.5772, 31.8104 ], [ -106.5665, 31.8134 ], [ -106.5471, 31.8073 ], [ -106.5274, 31.79 ], [ -106.5279, 31.7839 ], [ -106.5693, 31.7839 ], [ -106.5606, 31.7953 ], [ -106.5827, 31.802 ], [ -106.6025, 31.8216 ], [ -106.5938, 31.8249 ] ] ] } },
{ "type": "Feature", "properties": { "GEOIDFQ": "1400000US35057963201", "NAME": "9632.01", "NAMELSAD": "Census Tract 9632.01" }, "geometry": { "type": "Polygon", "coordinates": [ [ [ -106.0677, 35.0406 ], [ -106.0677, 34.9971 ], [ -106.0588, 34.9971 ], [ -106.059, 34.9859 ], [ -106.0507, 34.986 ], [ -106.051, 34.9679 ], [ -106.1385, 34.9678 ], [ -106.1384, 34.9534 ], [ -106.1498, 34.9499 ], [ -106.2438, 34.9534 ], [ -106.2439, 35.04 ], [ -106.0677, 35.0406 ] ] ] } },
{ "type": "Feature", "properties": { "GEOIDFQ": "1400000US35057963202", "NAME": "9632.02", "NAMELSAD": "Census Tract 9632.02" }, "geometry": { "type": "Polygon", "coordinates": [ [ [ -106.0677, 35.0406 ], [ -105.6828, 35.0416 ], [ -105.664, 35.0083 ], [ -105.9794, 35.0046 ], [ -105.9793, 34.9808 ], [ -105.9863, 34.9663 ], [ -105.9969, 34.9631 ], [ -106.0277, 34.9825 ], [ -106.059, 34.9859 ], [ -106.0588, 34.9971 ], [ -106.0677, 34.9971 ], [ -106.0677, 35.0406 ] ] ] } },
{ "type": "Feature", "properties": { "GEOIDFQ": "1400000US35025001004", "NAME": "10.04", "NAMELSAD": "Census Tract 10.04" }, "geometry": { "type": "Polygon", "coordinates": [ [ [ -103.3521, 32.9668 ], [ -103.3521, 32.9814 ], [ -103.3349, 32.9813 ], [ -103.3338, 32.9586 ], [ -103.3684, 32.9543 ], [ -103.3685, 32.9667 ], [ -103.3521, 32.9668 ] ] ] } },
{ "type": "Feature", "properties": { "GEOIDFQ": "1400000US35029000300", "NAME": "3", "NAMELSAD": "Census Tract 3" }, "geometry": { "type": "Polygon", "coordinates": [ [ [ -107.7737, 32.2633 ], [ -107.7516, 32.2613 ], [ -107.76, 32.2541 ], [ -107.7828, 32.2545 ], [ -107.7737, 32.2633 ] ] ] } },
{ "type": "Feature", "properties": { "GEOIDFQ": "1400000US35055940102", "NAME": "9401.02", "NAMELSAD": "Census Tract 9401.02" }, "geometry": { "type": "Polygon", "coordinates": [ [ [ -105.7281, 36.488 ], [ -105.72, 36.485 ], [ -105.7189, 36.4965 ], [ -105.6689, 36.5109 ], [ -105.6732, 36.515 ], [ -105.6616, 36.5145 ], [ -105.6368, 36.528 ], [ -105.6144, 36.4747 ], [ -105.5787, 36.4411 ], [ -105.5723, 36.4204 ], [ -105.5937, 36.4038 ], [ -105.6674, 36.38 ], [ -105.6886, 36.3632 ], [ -105.7144, 36.3528 ], [ -105.7288, 36.3377 ], [ -105.7327, 36.3446 ], [ -105.724, 36.3679 ], [ -105.7287, 36.3798 ], [ -105.7175, 36.4173 ], [ -105.733, 36.475 ], [ -105.7281, 36.488 ] ] ] } },
{ "type": "Feature", "properties": { "GEOIDFQ": "1400000US35055952701", "NAME": "9527.01", "NAMELSAD": "Census Tract 9527.01" }, "geometry": { "type": "Polygon", "coordinates": [ [ [ -105.5898, 36.3797 ], [ -105.5515, 36.3772 ], [ -105.5576, 36.3853 ], [ -105.553, 36.3928 ], [ -105.5631, 36.4013 ], [ -105.4999, 36.401 ], [ -105.4877, 36.4167 ], [ -105.4686, 36.4027 ], [ -105.4525, 36.4097 ], [ -105.4361, 36.4018 ], [ -105.4154, 36.4091 ], [ -105.4071, 36.4003 ], [ -105.3873, 36.3994 ], [ -105.3664, 36.4067 ], [ -105.352, 36.4211 ], [ -105.3511, 36.4452 ], [ -105.3378, 36.4446 ], [ -105.3397, 36.4344 ], [ -105.3327, 36.4288 ], [ -105.3405, 36.4161 ], [ -105.3279, 36.4083 ], [ -105.3251, 36.3886 ], [ -105.3374, 36.3689 ], [ -105.3288, 36.3506 ], [ -105.336, 36.3034 ], [ -105.3274, 36.2772 ], [ -105.3413, 36.2619 ], [ -105.3874, 36.2528 ], [ -105.4097, 36.2368 ], [ -105.3928, 36.2161 ], [ -105.397, 36.1916 ], [ -105.4217, 36.1699 ], [ -105.4147, 36.1571 ], [ -105.421, 36.1473 ], [ -105.4319, 36.1482 ], [ -105.4529, 36.1381 ], [ -105.4726, 36.1422 ], [ -105.4729, 36.1572 ], [ -105.4955, 36.176 ], [ -105.5209, 36.1751 ], [ -105.5368, 36.1963 ], [ -105.5556, 36.1918 ], [ -105.5933, 36.2089 ], [ -105.6037, 36.2393 ], [ -105.579, 36.2564 ], [ -105.5738, 36.2686 ], [ -105.5815, 36.3172 ], [ -105.6041, 36.3631 ], [ -105.5898, 36.3797 ] ] ] } },
{ "type": "Feature", "properties": { "GEOIDFQ": "1400000US35055952602", "NAME": "9526.02", "NAMELSAD": "Census Tract 9526.02" }, "geometry": { "type": "Polygon", "coordinates": [ [ [ -105.7144, 36.3528 ], [ -105.6574, 36.3846 ], [ -105.5983, 36.4041 ], [ -105.5756, 36.4014 ], [ -105.5974, 36.3691 ], [ -105.615, 36.3549 ], [ -105.7256, 36.3141 ], [ -105.7333, 36.302 ], [ -105.7534, 36.3207 ], [ -105.7144, 36.3528 ] ] ] } },
{ "type": "Feature", "properties": { "GEOIDFQ": "1400000US35055952601", "NAME": "9526.01", "NAMELSAD": "Census Tract 9526.01" }, "geometry": { "type": "Polygon", "coordinates": [ [ [ -105.5756, 36.4014 ], [ -105.5628, 36.4012 ], [ -105.553, 36.3928 ], [ -105.5576, 36.3853 ], [ -105.5527, 36.3765 ], [ -105.5896, 36.38 ], [ -105.5756, 36.4014 ] ] ] } },
{ "type": "Feature", "properties": { "GEOIDFQ": "1400000US35015001100", "NAME": "11", "NAMELSAD": "Census Tract 11" }, "geometry": { "type": "Polygon", "coordinates": [ [ [ -104.4299, 32.8389 ], [ -104.3608, 32.8427 ], [ -104.3608, 32.8282 ], [ -104.3306, 32.8277 ], [ -104.3305, 32.8134 ], [ -104.3825, 32.8136 ], [ -104.3863, 32.8181 ], [ -104.4298, 32.8135 ], [ -104.4299, 32.8389 ] ] ] } },
{ "type": "Feature", "properties": { "GEOIDFQ": "1400000US35015000700", "NAME": "7", "NAMELSAD": "Census Tract 7" }, "geometry": { "type": "Polygon", "coordinates": [ [ [ -104.8515, 32.5205 ], [ -104.8422, 32.5205 ], [ -104.8422, 32.5409 ], [ -104.808, 32.5597 ], [ -104.7366, 32.5787 ], [ -104.7128, 32.6008 ], [ -104.6909, 32.5931 ], [ -104.6559, 32.6015 ], [ -104.5867, 32.6008 ], [ -104.5546, 32.6144 ], [ -104.5057, 32.6137 ], [ -104.4695, 32.6243 ], [ -104.4105, 32.6242 ], [ -104.4208, 32.6052 ], [ -104.4214, 32.5829 ], [ -104.3797, 32.5155 ], [ -104.3621, 32.5252 ], [ -104.3421, 32.5211 ], [ -104.3378, 32.5106 ], [ -104.2996, 32.5257 ], [ -104.27, 32.5001 ], [ -104.2513, 32.4976 ], [ -104.2627, 32.4758 ], [ -104.2732, 32.4785 ], [ -104.2848, 32.4724 ], [ -104.3267, 32.4846 ], [ -104.3189, 32.4551 ], [ -104.3059, 32.4442 ], [ -104.3259, 32.435 ], [ -104.3099, 32.4291 ], [ -104.3068, 32.4195 ], [ -104.3504, 32.4149 ], [ -104.3673, 32.3993 ], [ -104.358, 32.3868 ], [ -104.3614, 32.3735 ], [ -104.3212, 32.3769 ], [ -104.2857, 32.3576 ], [ -104.2597, 32.3708 ], [ -104.2376, 32.3704 ], [ -104.237, 32.363 ], [ -104.2031, 32.3636 ], [ -104.2031, 32.3783 ], [ -104.1937, 32.3707 ], [ -104.1689, 32.371 ], [ -104.1688, 32.3821 ], [ -104.1458, 32.3834 ], [ -104.186, 32.4076 ], [ -104.1875, 32.4292 ], [ -104.2248, 32.459 ], [ -104.2306, 32.4801 ], [ -104.2256, 32.5291 ], [ -104.1905, 32.5601 ], [ -104.1609, 32.5702 ], [ -104.1226, 32.5664 ], [ -104.1165, 32.4931 ], [ -104.1085, 32.4851 ], [ -104.0318, 32.5309 ], [ -103.9466, 32.5183 ], [ -103.8142, 32.5292 ], [ -103.8142, 32.5224 ], [ -103.7229, 32.5223 ], [ -103.7229, 32.4059 ], [ -103.8901, 32.3621 ], [ -104.0019, 32.3422 ], [ -104.025, 32.3239 ], [ -104.061, 32.3117 ], [ -104.1523, 32.3126 ], [ -104.1751, 32.3069 ], [ -104.1845, 32.3128 ], [ -104.1919, 32.3081 ], [ -104.1993, 32.2936 ], [ -104.2206, 32.2822 ], [ -104.2221, 32.1756 ], [ -104.2517, 32.079 ], [ -104.2485, 32.0515 ], [ -104.2907, 32.0403 ], [ -104.2991, 32.0317 ], [ -104.3108, 32.0336 ], [ -104.3296, 32.0002 ], [ -104.8477, 32.0004 ], [ -104.8515, 32.5205 ] ] ] } },
{ "type": "Feature", "properties": { "GEOIDFQ": "1400000US35005000202", "NAME": "2.02", "NAMELSAD": "Census Tract 2.02" }, "geometry": { "type": "Polygon", "coordinates": [ [ [ -104.5591, 33.4016 ], [ -104.5409, 33.3971 ], [ -104.5411, 33.3796 ], [ -104.559, 33.3796 ], [ -104.5591, 33.4016 ] ] ] } },
{ "type": "Feature", "properties": { "GEOIDFQ": "1400000US35005001002", "NAME": "10.02", "NAMELSAD": "Census Tract 10.02" }, "geometry": { "type": "Polygon", "coordinates": [ [ [ -104.5234, 33.4523 ], [ -104.5232, 33.4322 ], [ -104.515, 33.4323 ], [ -104.5144, 33.4232 ], [ -104.5591, 33.423 ], [ -104.5593, 33.4488 ], [ -104.5234, 33.4523 ] ] ] } },
{ "type": "Feature", "properties": { "GEOIDFQ": "1400000US35025000704", "NAME": "7.04", "NAMELSAD": "Census Tract 7.04" }, "geometry": { "type": "Polygon", "coordinates": [ [ [ -103.1449, 32.7984 ], [ -103.1175, 32.7984 ], [ -103.1188, 32.764 ], [ -103.1277, 32.7646 ], [ -103.1277, 32.7475 ], [ -103.1362, 32.7457 ], [ -103.1449, 32.7457 ], [ -103.1449, 32.7984 ] ] ] } },
{ "type": "Feature", "properties": { "GEOIDFQ": "1400000US35049010205", "NAME": "102.05", "NAMELSAD": "Census Tract 102.05" }, "geometry": { "type": "Polygon", "coordinates": [ [ [ -105.9301, 35.766 ], [ -105.9289, 35.8268 ], [ -105.8924, 35.8265 ], [ -105.8937, 35.7689 ], [ -105.9174, 35.7697 ], [ -105.9171, 35.7449 ], [ -105.8981, 35.7398 ], [ -105.8952, 35.7305 ], [ -105.8729, 35.7324 ], [ -105.8732, 35.7279 ], [ -105.9127, 35.7264 ], [ -105.9151, 35.7414 ], [ -105.9355, 35.7669 ], [ -105.9301, 35.766 ] ] ] } },
{ "type": "Feature", "properties": { "GEOIDFQ": "1400000US35049000201", "NAME": "2.01", "NAMELSAD": "Census Tract 2.01" }, "geometry": { "type": "Polygon", "coordinates": [ [ [ -105.985, 35.7266 ], [ -105.9488, 35.7264 ], [ -105.9471, 35.7546 ], [ -105.9408, 35.7558 ], [ -105.9316, 35.7376 ], [ -105.9416, 35.7083 ], [ -105.9536, 35.6964 ], [ -105.9559, 35.7041 ], [ -105.965, 35.7017 ], [ -105.9648, 35.7074 ], [ -105.9853, 35.7002 ], [ -105.985, 35.7266 ] ] ] } },
{ "type": "Feature", "properties": { "GEOIDFQ": "1400000US35049010701", "NAME": "107.01", "NAMELSAD": "Census Tract 107.01" }, "geometry": { "type": "Polygon", "coordinates": [ [ [ -105.9091, 35.5596 ], [ -105.8977, 35.5529 ], [ -105.882, 35.5593 ], [ -105.8705, 35.5439 ], [ -105.8481, 35.5387 ], [ -105.8429, 35.5246 ], [ -105.8365, 35.5257 ], [ -105.8561, 35.5146 ], [ -105.876, 35.4833 ], [ -105.9, 35.4654 ], [ -105.9084, 35.4787 ], [ -105.9037, 35.486 ], [ -105.9103, 35.4838 ], [ -105.9175, 35.4936 ], [ -105.9273, 35.5533 ], [ -105.9091, 35.5596 ] ] ] } },
{ "type": "Feature", "properties": { "GEOIDFQ": "1400000US35049001206", "NAME": "12.06", "NAMELSAD": "Census Tract 12.06" }, "geometry": { "type": "Polygon", "coordinates": [ [ [ -106.0213, 35.6467 ], [ -106.0193, 35.6392 ], [ -106.0356, 35.637 ], [ -106.0381, 35.6427 ], [ -106.0213, 35.6467 ] ] ] } },
{ "type": "Feature", "properties": { "GEOIDFQ": "1400000US35049010702", "NAME": "107.02", "NAMELSAD": "Census Tract 107.02" }, "geometry": { "type": "Polygon", "coordinates": [ [ [ -105.9493, 35.6365 ], [ -105.9277, 35.6345 ], [ -105.8985, 35.5781 ], [ -105.882, 35.5593 ], [ -105.8977, 35.5529 ], [ -105.9091, 35.5596 ], [ -105.9273, 35.5533 ], [ -105.928, 35.567 ], [ -105.9603, 35.6085 ], [ -105.9669, 35.6274 ], [ -105.9493, 35.6365 ] ] ] } },
{ "type": "Feature", "properties": { "GEOIDFQ": "1400000US35049001207", "NAME": "12.07", "NAMELSAD": "Census Tract 12.07" }, "geometry": { "type": "Polygon", "coordinates": [ [ [ -106.0247, 35.6576 ], [ -106.0232, 35.656 ], [ -106.0213, 35.6467 ], [ -106.0381, 35.6427 ], [ -106.0408, 35.6482 ], [ -106.0247, 35.6576 ] ] ] } },
{ "type": "Feature", "properties": { "GEOIDFQ": "1400000US35049001306", "NAME": "13.06", "NAMELSAD": "Census Tract 13.06" }, "geometry": { "type": "Polygon", "coordinates": [ [ [ -106.039, 35.6274 ], [ -106.0243, 35.6279 ], [ -106.0316, 35.6161 ], [ -106.0503, 35.6097 ], [ -106.0717, 35.6159 ], [ -106.039, 35.6274 ] ] ] } },
{ "type": "Feature", "properties": { "GEOIDFQ": "1400000US35049000102", "NAME": "1.02", "NAMELSAD": "Census Tract 1.02" }, "geometry": { "type": "Polygon", "coordinates": [ [ [ -105.9127, 35.7264 ], [ -105.8875, 35.7259 ], [ -105.8907, 35.7147 ], [ -105.922, 35.6812 ], [ -105.9362, 35.6913 ], [ -105.9127, 35.7264 ] ] ] } },
{ "type": "Feature", "properties": { "GEOIDFQ": "1400000US35049980200", "NAME": "9802", "NAMELSAD": "Census Tract 9802" }, "geometry": { "type": "Polygon", "coordinates": [ [ [ -105.8937, 35.7689 ], [ -105.8924, 35.8265 ], [ -105.8747, 35.8264 ], [ -105.8706, 35.9364 ], [ -105.8491, 35.9118 ], [ -105.8225, 35.9075 ], [ -105.8148, 35.8969 ], [ -105.7882, 35.8842 ], [ -105.7697, 35.8846 ], [ -105.7451, 35.8957 ], [ -105.7192, 35.9168 ], [ -105.7185, 35.6881 ], [ -105.7391, 35.7124 ], [ -105.7772, 35.7285 ], [ -105.784, 35.7207 ], [ -105.7883, 35.7265 ], [ -105.7958, 35.7235 ], [ -105.8237, 35.6887 ], [ -105.8266, 35.7069 ], [ -105.818, 35.7199 ], [ -105.8314, 35.7281 ], [ -105.8952, 35.7305 ], [ -105.8981, 35.7398 ], [ -105.9171, 35.7449 ], [ -105.9173, 35.7672 ], [ -105.8937, 35.7689 ] ] ] } },
{ "type": "Feature", "properties": { "GEOIDFQ": "1400000US35049010318", "NAME": "103.18", "NAMELSAD": "Census Tract 103.18" }, "geometry": { "type": "Polygon", "coordinates": [ [ [ -106.0175, 35.639 ], [ -106.0005, 35.6388 ], [ -106.0006, 35.6278 ], [ -106.0243, 35.6279 ], [ -106.0175, 35.639 ] ] ] } },
{ "type": "Feature", "properties": { "GEOIDFQ": "1400000US35049000103", "NAME": "1.03", "NAMELSAD": "Census Tract 1.03" }, "geometry": { "type": "Polygon", "coordinates": [ [ [ -105.9319, 35.7263 ], [ -105.9127, 35.7264 ], [ -105.9363, 35.691 ], [ -105.952, 35.6982 ], [ -105.9319, 35.7263 ] ] ] } },
{ "type": "Feature", "properties": { "GEOIDFQ": "1400000US35049001305", "NAME": "13.05", "NAMELSAD": "Census Tract 13.05" }, "geometry": { "type": "Polygon", "coordinates": [ [ [ -106.0676, 35.6278 ], [ -106.0453, 35.6276 ], [ -106.044, 35.6359 ], [ -106.0386, 35.6315 ], [ -106.0419, 35.6253 ], [ -106.0717, 35.6172 ], [ -106.0676, 35.6278 ] ] ] } },
{ "type": "Feature", "properties": { "GEOIDFQ": "1400000US35049000202", "NAME": "2.02", "NAMELSAD": "Census Tract 2.02" }, "geometry": { "type": "Polygon", "coordinates": [ [ [ -105.9648, 35.7074 ], [ -105.965, 35.7017 ], [ -105.9533, 35.7016 ], [ -105.9539, 35.6887 ], [ -105.9813, 35.6777 ], [ -105.9919, 35.6985 ], [ -105.9648, 35.7074 ] ] ] } },
{ "type": "Feature", "properties": { "GEOIDFQ": "1400000US35049010317", "NAME": "103.17", "NAMELSAD": "Census Tract 103.17" }, "geometry": { "type": "Polygon", "coordinates": [ [ [ -106.0243, 35.6279 ], [ -106.0006, 35.6278 ], [ -106.0005, 35.6198 ], [ -106.0349, 35.6049 ], [ -106.0243, 35.6279 ] ] ] } },
{ "type": "Feature", "properties": { "GEOIDFQ": "1400000US35005000301", "NAME": "3.01", "NAMELSAD": "Census Tract 3.01" }, "geometry": { "type": "Polygon", "coordinates": [ [ [ -104.559, 33.4085 ], [ -104.5407, 33.4086 ], [ -104.5404, 33.4161 ], [ -104.5274, 33.416 ], [ -104.5275, 33.3999 ], [ -104.5499, 33.3964 ], [ -104.559, 33.4085 ] ] ] } },
{ "type": "Feature", "properties": { "GEOIDFQ": "1400000US35005000302", "NAME": "3.02", "NAMELSAD": "Census Tract 3.02" }, "geometry": { "type": "Polygon", "coordinates": [ [ [ -104.5411, 33.4234 ], [ -104.5026, 33.4232 ], [ -104.5196, 33.3998 ], [ -104.5275, 33.3999 ], [ -104.5274, 33.416 ], [ -104.5404, 33.4161 ], [ -104.5407, 33.4086 ], [ -104.559, 33.4085 ], [ -104.5591, 33.4226 ], [ -104.5411, 33.4234 ] ] ] } },
{ "type": "Feature", "properties": { "GEOIDFQ": "1400000US35019961600", "NAME": "9616", "NAMELSAD": "Census Tract 9616" }, "geometry": { "type": "Polygon", "coordinates": [ [ [ -105.3128, 34.607 ], [ -105.2904, 34.6068 ], [ -105.2912, 35.2165 ], [ -104.1251, 35.2157 ], [ -104.1291, 34.7793 ], [ -104.3398, 34.7791 ], [ -104.3397, 34.6922 ], [ -104.4449, 34.6917 ], [ -104.4448, 34.605 ], [ -104.892, 34.6044 ], [ -104.8917, 34.347 ], [ -105.3131, 34.3476 ], [ -105.3128, 34.607 ] ] ] } },
{ "type": "Feature", "properties": { "GEOIDFQ": "1400000US35025000200", "NAME": "2", "NAMELSAD": "Census Tract 2" }, "geometry": { "type": "Polygon", "coordinates": [ [ [ -103.1437, 32.7112 ], [ -103.1374, 32.6821 ], [ -103.1275, 32.6821 ], [ -103.1275, 32.653 ], [ -103.1435, 32.653 ], [ -103.1438, 32.6821 ], [ -103.1595, 32.683 ], [ -103.1685, 32.6929 ], [ -103.1789, 32.691 ], [ -103.1871, 32.7115 ], [ -103.1437, 32.7112 ] ] ] } },
{ "type": "Feature", "properties": { "GEOIDFQ": "1400000US35025000400", "NAME": "4", "NAMELSAD": "Census Tract 4" }, "geometry": { "type": "Polygon", "coordinates": [ [ [ -103.0932, 32.7112 ], [ -103.0933, 32.6967 ], [ -103.1275, 32.6966 ], [ -103.1276, 32.7102 ], [ -103.0932, 32.7112 ] ] ] } },
{ "type": "Feature", "properties": { "GEOIDFQ": "1400000US35005000201", "NAME": "2.01", "NAMELSAD": "Census Tract 2.01" }, "geometry": { "type": "Polygon", "coordinates": [ [ [ -104.5409, 33.3976 ], [ -104.5196, 33.3998 ], [ -104.5183, 33.3909 ], [ -104.5411, 33.3805 ], [ -104.5409, 33.3976 ] ] ] } },
{ "type": "Feature", "properties": { "GEOIDFQ": "1400000US35041000200", "NAME": "2", "NAMELSAD": "Census Tract 2" }, "geometry": { "type": "Polygon", "coordinates": [ [ [ -103.3177, 34.2008 ], [ -103.3177, 34.1862 ], [ -103.3313, 34.1861 ], [ -103.3314, 34.1933 ], [ -103.3466, 34.1821 ], [ -103.3567, 34.1824 ], [ -103.3697, 34.1859 ], [ -103.3697, 34.1998 ], [ -103.3177, 34.2008 ] ] ] } },
{ "type": "Feature", "properties": { "GEOIDFQ": "1400000US35001004001", "NAME": "40.01", "NAMELSAD": "Census Tract 40.01" }, "geometry": { "type": "Polygon", "coordinates": [ [ [ -106.6874, 34.9993 ], [ -106.6728, 35.0138 ], [ -106.6717, 35.0377 ], [ -106.6592, 35.0563 ], [ -106.661, 35.0697 ], [ -106.6498, 35.07 ], [ -106.6538, 35.0493 ], [ -106.6376, 35.0476 ], [ -106.6381, 35.0234 ], [ -106.6287, 35.0368 ], [ -106.6218, 35.0369 ], [ -106.6194, 35.0282 ], [ -106.5866, 35.0286 ], [ -106.5861, 35.0113 ], [ -106.5689, 35.011 ], [ -106.5691, 34.9472 ], [ -106.6808, 34.9469 ], [ -106.6874, 34.9993 ] ] ] } },
{ "type": "Feature", "properties": { "GEOIDFQ": "1400000US35001003712", "NAME": "37.12", "NAMELSAD": "Census Tract 37.12" }, "geometry": { "type": "Polygon", "coordinates": [ [ [ -106.5599, 35.1743 ], [ -106.5422, 35.1745 ], [ -106.5422, 35.1595 ], [ -106.5599, 35.1595 ], [ -106.5599, 35.1743 ] ] ] } },
{ "type": "Feature", "properties": { "GEOIDFQ": "1400000US35001004604", "NAME": "46.04", "NAMELSAD": "Census Tract 46.04" }, "geometry": { "type": "Polygon", "coordinates": [ [ [ -106.7162, 35.0118 ], [ -106.6736, 35.0137 ], [ -106.6874, 34.9993 ], [ -106.6871, 34.9845 ], [ -106.7186, 34.995 ], [ -106.7162, 35.0118 ] ] ] } },
{ "type": "Feature", "properties": { "GEOIDFQ": "1400000US35001004727", "NAME": "47.27", "NAMELSAD": "Census Tract 47.27" }, "geometry": { "type": "Polygon", "coordinates": [ [ [ -106.7144, 35.1528 ], [ -106.6983, 35.1525 ], [ -106.7049, 35.1455 ], [ -106.7144, 35.1528 ] ] ] } },
{ "type": "Feature", "properties": { "GEOIDFQ": "1400000US35001003730", "NAME": "37.30", "NAMELSAD": "Census Tract 37.30" }, "geometry": { "type": "Polygon", "coordinates": [ [ [ -106.5244, 35.1746 ], [ -106.5247, 35.1597 ], [ -106.5422, 35.1595 ], [ -106.5423, 35.1717 ], [ -106.5244, 35.1746 ] ] ] } },
{ "type": "Feature", "properties": { "GEOIDFQ": "1400000US35001001500", "NAME": "15", "NAMELSAD": "Census Tract 15" }, "geometry": { "type": "Polygon", "coordinates": [ [ [ -106.6441, 35.0863 ], [ -106.6361, 35.0852 ], [ -106.6394, 35.0698 ], [ -106.6498, 35.07 ], [ -106.6441, 35.0863 ] ] ] } },
{ "type": "Feature", "properties": { "GEOIDFQ": "1400000US35001000126", "NAME": "1.26", "NAMELSAD": "Census Tract 1.26" }, "geometry": { "type": "Polygon", "coordinates": [ [ [ -106.4973, 35.1009 ], [ -106.4976, 35.0948 ], [ -106.5153, 35.0936 ], [ -106.5154, 35.1015 ], [ -106.4973, 35.1009 ] ] ] } },
{ "type": "Feature", "properties": { "GEOIDFQ": "1400000US35001003804", "NAME": "38.04", "NAMELSAD": "Census Tract 38.04" }, "geometry": { "type": "Polygon", "coordinates": [ [ [ -106.3655, 35.1363 ], [ -106.3477, 35.1632 ], [ -106.3153, 35.1561 ], [ -106.3028, 35.1418 ], [ -106.2436, 35.1417 ], [ -106.2438, 35.0839 ], [ -106.3256, 35.1152 ], [ -106.368, 35.0985 ], [ -106.3803, 35.0857 ], [ -106.3655, 35.1363 ] ] ] } },
{ "type": "Feature", "properties": { "GEOIDFQ": "1400000US35001000401", "NAME": "4.01", "NAMELSAD": "Census Tract 4.01" }, "geometry": { "type": "Polygon", "coordinates": [ [ [ -106.6042, 35.1052 ], [ -106.5776, 35.1012 ], [ -106.5775, 35.0947 ], [ -106.6042, 35.095 ], [ -106.6042, 35.1052 ] ] ] } },
{ "type": "Feature", "properties": { "GEOIDFQ": "1400000US35001000114", "NAME": "1.14", "NAMELSAD": "Census Tract 1.14" }, "geometry": { "type": "Polygon", "coordinates": [ [ [ -106.5156, 35.1163 ], [ -106.5156, 35.1089 ], [ -106.5331, 35.1089 ], [ -106.5333, 35.1147 ], [ -106.5156, 35.1163 ] ] ] } },
{ "type": "Feature", "properties": { "GEOIDFQ": "1400000US35001003729", "NAME": "37.29", "NAMELSAD": "Census Tract 37.29" }, "geometry": { "type": "Polygon", "coordinates": [ [ [ -106.5244, 35.1746 ], [ -106.4962, 35.175 ], [ -106.4968, 35.1596 ], [ -106.5247, 35.1597 ], [ -106.5244, 35.1746 ] ] ] } },
{ "type": "Feature", "properties": { "GEOIDFQ": "1400000US35001004715", "NAME": "47.15", "NAMELSAD": "Census Tract 47.15" }, "geometry": { "type": "Polygon", "coordinates": [ [ [ -106.7921, 35.0242 ], [ -106.7138, 35.0284 ], [ -106.7192, 34.966 ], [ -106.7101, 34.9472 ], [ -106.7251, 34.9473 ], [ -106.7253, 34.9567 ], [ -106.8054, 34.9569 ], [ -106.7921, 35.0242 ] ] ] } },
{ "type": "Feature", "properties": { "GEOIDFQ": "1400000US35001000117", "NAME": "1.17", "NAMELSAD": "Census Tract 1.17" }, "geometry": { "type": "Polygon", "coordinates": [ [ [ -106.551, 35.1307 ], [ -106.5333, 35.1306 ], [ -106.5333, 35.1234 ], [ -106.551, 35.1307 ] ] ] } },
{ "type": "Feature", "properties": { "GEOIDFQ": "1400000US35001003201", "NAME": "32.01", "NAMELSAD": "Census Tract 32.01" }, "geometry": { "type": "Polygon", "coordinates": [ [ [ -106.6508, 35.1397 ], [ -106.6096, 35.1327 ], [ -106.6249, 35.1239 ], [ -106.6584, 35.1341 ], [ -106.6508, 35.1397 ] ] ] } },
{ "type": "Feature", "properties": { "GEOIDFQ": "1400000US35001004752", "NAME": "47.52", "NAMELSAD": "Census Tract 47.52" }, "geometry": { "type": "Polygon", "coordinates": [ [ [ -106.6807, 35.1922 ], [ -106.6625, 35.1861 ], [ -106.6681, 35.1809 ], [ -106.6878, 35.1805 ], [ -106.6807, 35.1922 ] ] ] } },
{ "type": "Feature", "properties": { "GEOIDFQ": "1400000US35001003736", "NAME": "37.36", "NAMELSAD": "Census Tract 37.36" }, "geometry": { "type": "Polygon", "coordinates": [ [ [ -106.5997, 35.2041 ], [ -106.5778, 35.2016 ], [ -106.5901, 35.1464 ], [ -106.6051, 35.1354 ], [ -106.6065, 35.1858 ], [ -106.5997, 35.2041 ] ] ] } },
{ "type": "Feature", "properties": { "GEOIDFQ": "1400000US35001004300", "NAME": "43", "NAMELSAD": "Census Tract 43" }, "geometry": { "type": "Polygon", "coordinates": [ [ [ -106.6816, 35.065 ], [ -106.661, 35.0697 ], [ -106.6625, 35.0478 ], [ -106.6881, 35.0527 ], [ -106.6816, 35.065 ] ] ] } },
{ "type": "Feature", "properties": { "GEOIDFQ": "1400000US35061971000", "NAME": "9710", "NAMELSAD": "Census Tract 9710" }, "geometry": { "type": "Polygon", "coordinates": [ [ [ -106.7373, 34.6419 ], [ -106.7379, 34.6528 ], [ -106.6971, 34.6605 ], [ -106.686, 34.6683 ], [ -106.6903, 34.6371 ], [ -106.703, 34.6361 ], [ -106.7208, 34.6239 ], [ -106.7213, 34.5996 ], [ -106.7365, 34.5983 ], [ -106.7406, 34.6247 ], [ -106.7479, 34.631 ], [ -106.7373, 34.6419 ] ] ] } },
{ "type": "Feature", "properties": { "GEOIDFQ": "1400000US35001000717", "NAME": "7.17", "NAMELSAD": "Census Tract 7.17" }, "geometry": { "type": "Polygon", "coordinates": [ [ [ -106.5151, 35.0766 ], [ -106.4937, 35.0684 ], [ -106.5152, 35.0701 ], [ -106.5151, 35.0766 ] ] ] } },
{ "type": "Feature", "properties": { "GEOIDFQ": "1400000US35001980000", "NAME": "9800", "NAMELSAD": "Census Tract 9800" }, "geometry": { "type": "Polygon", "coordinates": [ [ [ -106.6105, 35.0585 ], [ -106.603, 35.0582 ], [ -106.603, 35.0629 ], [ -106.5865, 35.0584 ], [ -106.5834, 35.0513 ], [ -106.57, 35.0512 ], [ -106.5643, 35.0654 ], [ -106.5325, 35.0673 ], [ -106.533, 35.0431 ], [ -106.4628, 35.043 ], [ -106.4648, 34.9473 ], [ -106.5691, 34.9472 ], [ -106.5689, 35.011 ], [ -106.5861, 35.0113 ], [ -106.5866, 35.0286 ], [ -106.6123, 35.0303 ], [ -106.6105, 35.0585 ] ] ] } },
{ "type": "Feature", "properties": { "GEOIDFQ": "1400000US35001980300", "NAME": "9803", "NAMELSAD": "Census Tract 9803" }, "geometry": { "type": "Polygon", "coordinates": [ [ [ -106.5686, 35.0873 ], [ -106.5686, 35.0759 ], [ -106.5775, 35.0788 ], [ -106.5775, 35.0874 ], [ -106.5686, 35.0873 ] ] ] } },
{ "type": "Feature", "properties": { "GEOIDFQ": "1400000US35001004762", "NAME": "47.62", "NAMELSAD": "Census Tract 47.62" }, "geometry": { "type": "Polygon", "coordinates": [ [ [ -106.73, 35.0756 ], [ -106.7106, 35.08 ], [ -106.7076, 35.0699 ], [ -106.7231, 35.072 ], [ -106.7225, 35.0581 ], [ -106.7296, 35.0575 ], [ -106.73, 35.0756 ] ] ] } },
{ "type": "Feature", "properties": { "GEOIDFQ": "1400000US35001004758", "NAME": "47.58", "NAMELSAD": "Census Tract 47.58" }, "geometry": { "type": "Polygon", "coordinates": [ [ [ -106.7277, 35.2065 ], [ -106.7277, 35.1891 ], [ -106.7366, 35.1891 ], [ -106.7405, 35.2047 ], [ -106.7277, 35.2065 ] ] ] } },
{ "type": "Feature", "properties": { "GEOIDFQ": "1400000US35001000907", "NAME": "9.07", "NAMELSAD": "Census Tract 9.07" }, "geometry": { "type": "Polygon", "coordinates": [ [ [ -106.5593, 35.0728 ], [ -106.5505, 35.0728 ], [ -106.5505, 35.0655 ], [ -106.5594, 35.0658 ], [ -106.5593, 35.0728 ] ] ] } },
{ "type": "Feature", "properties": { "GEOIDFQ": "1400000US35013000104", "NAME": "1.04", "NAMELSAD": "Census Tract 1.04" }, "geometry": { "type": "Polygon", "coordinates": [ [ [ -106.786, 32.3675 ], [ -106.7698, 32.3481 ], [ -106.781, 32.3358 ], [ -106.7922, 32.3599 ], [ -106.786, 32.3675 ] ] ] } },
{ "type": "Feature", "properties": { "GEOIDFQ": "1400000US35013000402", "NAME": "4.02", "NAMELSAD": "Census Tract 4.02" }, "geometry": { "type": "Polygon", "coordinates": [ [ [ -106.7558, 32.3278 ], [ -106.7474, 32.3138 ], [ -106.7685, 32.3091 ], [ -106.7654, 32.3142 ], [ -106.7789, 32.3278 ], [ -106.7558, 32.3278 ] ] ] } },
{ "type": "Feature", "properties": { "GEOIDFQ": "1400000US35013001102", "NAME": "11.02", "NAMELSAD": "Census Tract 11.02" }, "geometry": { "type": "Polygon", "coordinates": [ [ [ -106.8255, 32.2906 ], [ -106.8099, 32.2941 ], [ -106.7965, 32.278 ], [ -106.795, 32.2831 ], [ -106.7695, 32.281 ], [ -106.7817, 32.273 ], [ -106.7783, 32.2687 ], [ -106.8132, 32.2533 ], [ -106.8183, 32.2663 ], [ -106.8252, 32.2636 ], [ -106.8255, 32.2906 ] ] ] } },
{ "type": "Feature", "properties": { "GEOIDFQ": "1400000US35013000600", "NAME": "6", "NAMELSAD": "Census Tract 6" }, "geometry": { "type": "Polygon", "coordinates": [ [ [ -106.759, 32.3102 ], [ -106.7643, 32.3062 ], [ -106.7586, 32.3001 ], [ -106.7778, 32.296 ], [ -106.7854, 32.3054 ], [ -106.759, 32.3102 ] ] ] } },
{ "type": "Feature", "properties": { "GEOIDFQ": "1400000US35013001701", "NAME": "17.01", "NAMELSAD": "Census Tract 17.01" }, "geometry": { "type": "Polygon", "coordinates": [ [ [ -107.2983, 32.2201 ], [ -107.1559, 32.1835 ], [ -107.114, 32.1427 ], [ -107.0183, 32.1074 ], [ -106.9111, 32.0545 ], [ -106.7226, 31.8845 ], [ -106.6866, 31.8884 ], [ -106.6756, 31.8985 ], [ -106.6571, 31.9035 ], [ -106.6501, 31.8857 ], [ -106.6303, 31.8858 ], [ -106.6359, 31.8662 ], [ -106.6148, 31.8464 ], [ -106.6017, 31.8444 ], [ -106.6053, 31.8277 ], [ -106.5983, 31.823 ], [ -106.6113, 31.8301 ], [ -106.6286, 31.8217 ], [ -106.5991, 31.8082 ], [ -106.5934, 31.7971 ], [ -106.5693, 31.7839 ], [ -107.2968, 31.7836 ], [ -107.2983, 32.2201 ] ] ] } },
{ "type": "Feature", "properties": { "GEOIDFQ": "1400000US35001003002", "NAME": "30.02", "NAMELSAD": "Census Tract 30.02" }, "geometry": { "type": "Polygon", "coordinates": [ [ [ -106.6899, 35.1309 ], [ -106.6738, 35.1251 ], [ -106.6708, 35.1052 ], [ -106.6923, 35.1065 ], [ -106.6899, 35.1309 ] ] ] } },
{ "type": "Feature", "properties": { "GEOIDFQ": "1400000US35025001100", "NAME": "11", "NAMELSAD": "Census Tract 11" }, "geometry": { "type": "Polygon", "coordinates": [ [ [ -103.8145, 32.9651 ], [ -103.7664, 32.9653 ], [ -103.7664, 33.3953 ], [ -103.7214, 33.3954 ], [ -103.7208, 33.5695 ], [ -103.0526, 33.5706 ], [ -103.0647, 32.8999 ], [ -103.1264, 32.8999 ], [ -103.1278, 32.8565 ], [ -103.351, 32.8569 ], [ -103.3508, 32.6967 ], [ -103.3828, 32.6952 ], [ -103.5707, 32.6103 ], [ -103.6846, 32.567 ], [ -103.7945, 32.5309 ], [ -103.8142, 32.5292 ], [ -103.8145, 32.9651 ] ], [ [ -103.3684, 32.944 ], [ -103.3666, 32.9294 ], [ -103.3338, 32.9295 ], [ -103.3339, 32.944 ], [ -103.3165, 32.9441 ], [ -103.3166, 32.9667 ], [ -103.3338, 32.9667 ], [ -103.3349, 32.9813 ], [ -103.3521, 32.9814 ], [ -103.3521, 32.9668 ], [ -103.3685, 32.9667 ], [ -103.3684, 32.9544 ], [ -103.3856, 32.9533 ], [ -103.3857, 32.9439 ], [ -103.3684, 32.944 ] ] ] } },
{ "type": "Feature", "properties": { "GEOIDFQ": "1400000US35006974702", "NAME": "9747.02", "NAMELSAD": "Census Tract 9747.02" }, "geometry": { "type": "Polygon", "coordinates": [ [ [ -107.8361, 35.2672 ], [ -107.8354, 35.305 ], [ -107.7342, 35.305 ], [ -107.7342, 35.3481 ], [ -107.6283, 35.3483 ], [ -107.6288, 35.3043 ], [ -107.2389, 35.3055 ], [ -107.1785, 35.1822 ], [ -107.1859, 35.1827 ], [ -107.1861, 35.1679 ], [ -107.2303, 35.1678 ], [ -107.2302, 35.1534 ], [ -107.2471, 35.1467 ], [ -107.2471, 35.1391 ], [ -107.2683, 35.139 ], [ -107.2752, 35.1532 ], [ -107.3713, 35.1537 ], [ -107.3714, 35.1609 ], [ -107.4326, 35.1608 ], [ -107.4327, 35.1537 ], [ -107.4648, 35.1535 ], [ -107.4621, 35.1685 ], [ -107.4471, 35.1683 ], [ -107.4471, 35.1754 ], [ -107.4651, 35.1755 ], [ -107.4653, 35.1897 ], [ -107.4767, 35.19 ], [ -107.4768, 35.1682 ], [ -107.4857, 35.1683 ], [ -107.4821, 35.1467 ], [ -107.5039, 35.1116 ], [ -107.4897, 35.0873 ], [ -107.5059, 35.0775 ], [ -107.492, 35.0674 ], [ -107.5554, 35.0695 ], [ -107.5572, 35.0847 ], [ -107.5668, 35.0847 ], [ -107.5597, 35.074 ], [ -107.5928, 35.0725 ], [ -107.723, 35.0834 ], [ -107.7513, 35.0913 ], [ -107.7518, 35.0729 ], [ -107.7704, 35.0846 ], [ -107.7823, 35.1115 ], [ -107.7768, 35.112 ], [ -107.7954, 35.1273 ], [ -107.804, 35.166 ], [ -107.8481, 35.2477 ], [ -107.8361, 35.2672 ] ] ] } },
{ "type": "Feature", "properties": { "GEOIDFQ": "1400000US35006974401", "NAME": "9744.01", "NAMELSAD": "Census Tract 9744.01" }, "geometry": { "type": "Polygon", "coordinates": [ [ [ -107.88, 35.175 ], [ -107.8639, 35.1709 ], [ -107.8556, 35.1802 ], [ -107.8432, 35.1741 ], [ -107.8361, 35.169 ], [ -107.8362, 35.1612 ], [ -107.8435, 35.1643 ], [ -107.846, 35.1567 ], [ -107.8405, 35.1457 ], [ -107.8784, 35.1572 ], [ -107.8878, 35.1702 ], [ -107.88, 35.175 ] ] ] } },
{ "type": "Feature", "properties": { "GEOIDFQ": "1400000US35006974402", "NAME": "9744.02", "NAMELSAD": "Census Tract 9744.02" }, "geometry": { "type": "Polygon", "coordinates": [ [ [ -107.8849, 35.218 ], [ -107.8556, 35.1802 ], [ -107.8582, 35.1732 ], [ -107.8683, 35.1703 ], [ -107.88, 35.175 ], [ -107.8878, 35.1702 ], [ -107.882, 35.1608 ], [ -107.8921, 35.1598 ], [ -107.904, 35.1753 ], [ -107.9024, 35.1855 ], [ -107.9328, 35.2179 ], [ -107.8849, 35.218 ] ] ] } },
{ "type": "Feature", "properties": { "GEOIDFQ": "1400000US35031946003", "NAME": "9460.03", "NAMELSAD": "Census Tract 9460.03" }, "geometry": { "type": "Polygon", "coordinates": [ [ [ -108.2369, 35.5028 ], [ -108.2014, 35.527 ], [ -108.2009, 35.5329 ], [ -108.1327, 35.5311 ], [ -108.1253, 35.5535 ], [ -108.1405, 35.5778 ], [ -108.1356, 35.5885 ], [ -108.1336, 35.5847 ], [ -108.1268, 35.5858 ], [ -108.1342, 35.5927 ], [ -108.1185, 35.5953 ], [ -108.1253, 35.6003 ], [ -108.1138, 35.6024 ], [ -108.1078, 35.6171 ], [ -108.1094, 35.6092 ], [ -108.1026, 35.6091 ], [ -108.1074, 35.5885 ], [ -108.0983, 35.6001 ], [ -108.0931, 35.5984 ], [ -108.092, 35.6106 ], [ -108.0834, 35.5966 ], [ -108.056, 35.6042 ], [ -108.0401, 35.5976 ], [ -108.0239, 35.6048 ], [ -107.998, 35.5917 ], [ -107.9991, 35.5808 ], [ -107.9878, 35.5863 ], [ -107.961, 35.579 ], [ -107.9711, 35.5711 ], [ -107.9602, 35.5715 ], [ -107.9675, 35.5623 ], [ -107.9707, 35.5674 ], [ -107.9988, 35.5666 ], [ -107.9973, 35.5594 ], [ -107.9798, 35.5603 ], [ -108.0009, 35.5426 ], [ -107.9904, 35.5475 ], [ -107.9897, 35.5428 ], [ -107.9813, 35.544 ], [ -107.9804, 35.5528 ], [ -107.9715, 35.554 ], [ -107.9693, 35.5436 ], [ -107.9779, 35.5279 ], [ -107.947, 35.5192 ], [ -107.9532, 35.5046 ], [ -107.9329, 35.5081 ], [ -107.9254, 35.5044 ], [ -107.9507, 35.4887 ], [ -107.944, 35.484 ], [ -107.9544, 35.4746 ], [ -107.9452, 35.4712 ], [ -107.9435, 35.4632 ], [ -107.9508, 35.4587 ], [ -107.9438, 35.4528 ], [ -107.9495, 35.4395 ], [ -107.9163, 35.4247 ], [ -107.9116, 35.4314 ], [ -107.9204, 35.4324 ], [ -107.9219, 35.4382 ], [ -107.9117, 35.4484 ], [ -107.9051, 35.4447 ], [ -107.8989, 35.4486 ], [ -107.924, 35.45 ], [ -107.9261, 35.4557 ], [ -107.8896, 35.4625 ], [ -107.8615, 35.4567 ], [ -107.8631, 35.45 ], [ -107.8385, 35.439 ], [ -107.7803, 35.348 ], [ -107.7586, 35.3515 ], [ -107.7324, 35.3481 ], [ -107.7342, 35.305 ], [ -107.9906, 35.3053 ], [ -108.01, 35.3447 ], [ -108.0559, 35.3646 ], [ -108.1299, 35.3833 ], [ -108.208, 35.393 ], [ -108.1953, 35.3959 ], [ -108.1828, 35.4151 ], [ -108.1477, 35.4237 ], [ -108.1372, 35.445 ], [ -108.1721, 35.4398 ], [ -108.1863, 35.4548 ], [ -108.2068, 35.4467 ], [ -108.2327, 35.449 ], [ -108.2392, 35.4569 ], [ -108.2487, 35.4518 ], [ -108.2568, 35.4589 ], [ -108.2419, 35.4617 ], [ -108.2411, 35.4669 ], [ -108.2605, 35.4728 ], [ -108.2369, 35.5028 ] ] ] } },
{ "type": "Feature", "properties": { "GEOIDFQ": "1400000US35031945702", "NAME": "9457.02", "NAMELSAD": "Census Tract 9457.02" }, "geometry": { "type": "Polygon", "coordinates": [ [ [ -109.0394, 35.328 ], [ -109.0415, 35.343 ], [ -109.0289, 35.3496 ], [ -109.0215, 35.3407 ], [ -109.0071, 35.3367 ], [ -108.9927, 35.3173 ], [ -108.9892, 35.3282 ], [ -108.982, 35.3265 ], [ -108.9795, 35.3327 ], [ -108.9725, 35.3276 ], [ -108.9793, 35.3216 ], [ -108.9654, 35.3206 ], [ -108.9771, 35.3121 ], [ -108.9665, 35.3138 ], [ -108.9627, 35.2972 ], [ -108.9395, 35.3249 ], [ -108.9469, 35.324 ], [ -108.9441, 35.3296 ], [ -108.9532, 35.3324 ], [ -108.9553, 35.3439 ], [ -108.9381, 35.3377 ], [ -108.933, 35.3251 ], [ -108.9274, 35.3307 ], [ -108.9079, 35.3079 ], [ -108.9009, 35.3129 ], [ -108.9058, 35.3139 ], [ -108.9035, 35.3322 ], [ -108.909, 35.3405 ], [ -108.9088, 35.3418 ], [ -108.9093, 35.3424 ], [ -108.9097, 35.3432 ], [ -108.9096, 35.3435 ], [ -108.8695, 35.3356 ], [ -108.8361, 35.3467 ], [ -108.8258, 35.3235 ], [ -108.8321, 35.32 ], [ -108.8226, 35.3073 ], [ -108.8219, 35.28 ], [ -108.8299, 35.2708 ], [ -108.8033, 35.2656 ], [ -108.7904, 35.2493 ], [ -108.7611, 35.2447 ], [ -108.7698, 35.2055 ], [ -108.7866, 35.2061 ], [ -108.7848, 35.1338 ], [ -108.8432, 35.111 ], [ -108.8514, 35.1222 ], [ -108.8385, 35.1312 ], [ -108.851, 35.1507 ], [ -108.8398, 35.1595 ], [ -108.8396, 35.1696 ], [ -108.8929, 35.1696 ], [ -108.8932, 35.1622 ], [ -108.9104, 35.1621 ], [ -108.9104, 35.1766 ], [ -109.046, 35.1755 ], [ -109.0466, 35.3305 ], [ -109.0394, 35.328 ] ] ] } },
{ "type": "Feature", "properties": { "GEOIDFQ": "1400000US35031980000", "NAME": "9800", "NAMELSAD": "Census Tract 9800" }, "geometry": { "type": "Polygon", "coordinates": [ [ [ -108.6212, 35.5049 ], [ -108.6212, 35.5195 ], [ -108.6047, 35.5296 ], [ -108.5398, 35.5088 ], [ -108.5448, 35.4798 ], [ -108.5606, 35.4795 ], [ -108.5664, 35.4635 ], [ -108.5779, 35.47 ], [ -108.5952, 35.4534 ], [ -108.5914, 35.4418 ], [ -108.598, 35.4345 ], [ -108.6201, 35.4367 ], [ -108.6257, 35.4769 ], [ -108.6393, 35.4903 ], [ -108.6212, 35.5049 ] ] ] } },
{ "type": "Feature", "properties": { "GEOIDFQ": "1400000US35031943601", "NAME": "9436.01", "NAMELSAD": "Census Tract 9436.01" }, "geometry": { "type": "Polygon", "coordinates": [ [ [ -108.7057, 35.6003 ], [ -108.6859, 35.605 ], [ -108.6871, 35.617 ], [ -108.6757, 35.6371 ], [ -108.6438, 35.6517 ], [ -108.6482, 35.6594 ], [ -108.3827, 35.6584 ], [ -108.3923, 35.6375 ], [ -108.3878, 35.602 ], [ -108.4093, 35.5863 ], [ -108.4101, 35.5706 ], [ -108.4211, 35.5567 ], [ -108.4289, 35.5503 ], [ -108.4467, 35.5516 ], [ -108.4583, 35.5365 ], [ -108.4581, 35.5466 ], [ -108.468, 35.5299 ], [ -108.4651, 35.5429 ], [ -108.4663, 35.5451 ], [ -108.4831, 35.5283 ], [ -108.4878, 35.5313 ], [ -108.474, 35.5429 ], [ -108.4763, 35.5463 ], [ -108.4788, 35.5427 ], [ -108.4857, 35.5394 ], [ -108.4793, 35.5503 ], [ -108.4867, 35.5451 ], [ -108.4921, 35.5533 ], [ -108.5099, 35.5484 ], [ -108.513, 35.5529 ], [ -108.537, 35.5328 ], [ -108.5409, 35.5111 ], [ -108.5988, 35.5289 ], [ -108.6352, 35.5315 ], [ -108.6351, 35.5376 ], [ -108.6624, 35.5376 ], [ -108.6533, 35.5512 ], [ -108.6715, 35.5507 ], [ -108.6698, 35.5375 ], [ -108.6891, 35.5375 ], [ -108.6904, 35.5501 ], [ -108.676, 35.5505 ], [ -108.6727, 35.5585 ], [ -108.6903, 35.5579 ], [ -108.6885, 35.5946 ], [ -108.7058, 35.5955 ], [ -108.7057, 35.6003 ] ] ] } },
{ "type": "Feature", "properties": { "GEOIDFQ": "1400000US35031946001", "NAME": "9460.01", "NAMELSAD": "Census Tract 9460.01" }, "geometry": { "type": "Polygon", "coordinates": [ [ [ -108.353, 35.4662 ], [ -108.3263, 35.4903 ], [ -108.3103, 35.4759 ], [ -108.2968, 35.4737 ], [ -108.2885, 35.4793 ], [ -108.2855, 35.4719 ], [ -108.2931, 35.468 ], [ -108.28, 35.4664 ], [ -108.2849, 35.4701 ], [ -108.2753, 35.4774 ], [ -108.2639, 35.472 ], [ -108.2487, 35.4518 ], [ -108.2392, 35.4569 ], [ -108.2327, 35.449 ], [ -108.2068, 35.4467 ], [ -108.1887, 35.4551 ], [ -108.1779, 35.45 ], [ -108.1839, 35.4469 ], [ -108.1737, 35.44 ], [ -108.137, 35.4431 ], [ -108.1483, 35.4232 ], [ -108.1828, 35.4151 ], [ -108.1953, 35.3959 ], [ -108.208, 35.393 ], [ -108.2734, 35.4067 ], [ -108.3642, 35.4465 ], [ -108.353, 35.4662 ] ] ] } },
{ "type": "Feature", "properties": { "GEOIDFQ": "1400000US35031943801", "NAME": "9438.01", "NAMELSAD": "Census Tract 9438.01" }, "geometry": { "type": "Polygon", "coordinates": [ [ [ -109.046, 35.9093 ], [ -109.0195, 35.9211 ], [ -109.0186, 35.9169 ], [ -108.9941, 35.9179 ], [ -108.9885, 35.9045 ], [ -108.9467, 35.8981 ], [ -108.9338, 35.9137 ], [ -108.9216, 35.9132 ], [ -108.9332, 35.8948 ], [ -108.9782, 35.8751 ], [ -108.9818, 35.8631 ], [ -108.9719, 35.8496 ], [ -108.9756, 35.8469 ], [ -109.0324, 35.8407 ], [ -109.0465, 35.8305 ], [ -109.046, 35.9093 ] ] ] } },
{ "type": "Feature", "properties": { "GEOIDFQ": "1400000US35031946002", "NAME": "9460.02", "NAMELSAD": "Census Tract 9460.02" }, "geometry": { "type": "Polygon", "coordinates": [ [ [ -108.0644, 35.368 ], [ -108.0107, 35.3453 ], [ -107.9906, 35.3053 ], [ -108.2014, 35.3065 ], [ -108.1975, 35.3167 ], [ -108.2193, 35.3509 ], [ -108.2044, 35.3768 ], [ -108.2244, 35.3961 ], [ -108.0644, 35.368 ] ] ] } },
{ "type": "Feature", "properties": { "GEOIDFQ": "1400000US35031945701", "NAME": "9457.01", "NAMELSAD": "Census Tract 9457.01" }, "geometry": { "type": "Polygon", "coordinates": [ [ [ -108.7579, 35.3417 ], [ -108.7569, 35.3501 ], [ -108.6617, 35.3503 ], [ -108.6497, 35.3556 ], [ -108.6439, 35.348 ], [ -108.5931, 35.355 ], [ -108.5724, 35.3069 ], [ -108.6806, 35.3071 ], [ -108.6816, 35.2188 ], [ -108.7647, 35.2192 ], [ -108.7611, 35.2447 ], [ -108.7904, 35.2493 ], [ -108.8033, 35.2656 ], [ -108.8316, 35.2735 ], [ -108.8219, 35.28 ], [ -108.8226, 35.3073 ], [ -108.8386, 35.3479 ], [ -108.7579, 35.3417 ] ] ] } },
{ "type": "Feature", "properties": { "GEOIDFQ": "1400000US35031943904", "NAME": "9439.04", "NAMELSAD": "Census Tract 9439.04" }, "geometry": { "type": "Polygon", "coordinates": [ [ [ -108.8606, 35.5 ], [ -108.8514, 35.4925 ], [ -108.8304, 35.4934 ], [ -108.8391, 35.4793 ], [ -108.8216, 35.4796 ], [ -108.8216, 35.4865 ], [ -108.8128, 35.4865 ], [ -108.8129, 35.4796 ], [ -108.7867, 35.4797 ], [ -108.7865, 35.4652 ], [ -108.7699, 35.465 ], [ -108.785, 35.4838 ], [ -108.7911, 35.4831 ], [ -108.7867, 35.4935 ], [ -108.7953, 35.4935 ], [ -108.7954, 35.5005 ], [ -108.7777, 35.5008 ], [ -108.7778, 35.4936 ], [ -108.7598, 35.4938 ], [ -108.7598, 35.4797 ], [ -108.7422, 35.4797 ], [ -108.746, 35.4465 ], [ -108.7382, 35.4257 ], [ -108.7534, 35.404 ], [ -108.7544, 35.3641 ], [ -108.7784, 35.3642 ], [ -108.7998, 35.387 ], [ -108.8322, 35.4055 ], [ -108.8474, 35.4243 ], [ -108.8496, 35.4408 ], [ -108.8917, 35.4746 ], [ -108.8926, 35.4854 ], [ -108.8606, 35.5 ] ] ] } },
{ "type": "Feature", "properties": { "GEOIDFQ": "1400000US35001003100", "NAME": "31", "NAMELSAD": "Census Tract 31" }, "geometry": { "type": "Polygon", "coordinates": [ [ [ -106.6784, 35.1458 ], [ -106.6508, 35.1397 ], [ -106.6627, 35.1346 ], [ -106.6659, 35.1239 ], [ -106.6899, 35.1309 ], [ -106.6784, 35.1458 ] ] ] } },
{ "type": "Feature", "properties": { "GEOIDFQ": "1400000US35005001101", "NAME": "11.01", "NAMELSAD": "Census Tract 11.01" }, "geometry": { "type": "Polygon", "coordinates": [ [ [ -104.574, 33.3208 ], [ -104.5738, 33.3355 ], [ -104.4729, 33.3356 ], [ -104.4152, 33.256 ], [ -104.5097, 33.2557 ], [ -104.5098, 33.2514 ], [ -104.5283, 33.2508 ], [ -104.5297, 33.2592 ], [ -104.5445, 33.2591 ], [ -104.5444, 33.2537 ], [ -104.5588, 33.2514 ], [ -104.5592, 33.283 ], [ -104.5948, 33.2627 ], [ -104.599, 33.3033 ], [ -104.574, 33.3208 ] ] ] } },
{ "type": "Feature", "properties": { "GEOIDFQ": "1400000US35001000118", "NAME": "1.18", "NAMELSAD": "Census Tract 1.18" }, "geometry": { "type": "Polygon", "coordinates": [ [ [ -106.5687, 35.1308 ], [ -106.551, 35.1307 ], [ -106.551, 35.1236 ], [ -106.5688, 35.1254 ], [ -106.5687, 35.1308 ] ] ] } },
{ "type": "Feature", "properties": { "GEOIDFQ": "1400000US35001004749", "NAME": "47.49", "NAMELSAD": "Census Tract 47.49" }, "geometry": { "type": "Polygon", "coordinates": [ [ [ -106.7078, 35.1174 ], [ -106.7098, 35.1265 ], [ -106.7015, 35.128 ], [ -106.7021, 35.1124 ], [ -106.7146, 35.113 ], [ -106.7078, 35.1174 ] ] ] } },
{ "type": "Feature", "properties": { "GEOIDFQ": "1400000US35009000303", "NAME": "3.03", "NAMELSAD": "Census Tract 3.03" }, "geometry": { "type": "Polygon", "coordinates": [ [ [ -103.1608, 34.4194 ], [ -103.1611, 34.4049 ], [ -103.1877, 34.4047 ], [ -103.1965, 34.4193 ], [ -103.1608, 34.4194 ] ] ] } },
{ "type": "Feature", "properties": { "GEOIDFQ": "1400000US35061970901", "NAME": "9709.01", "NAMELSAD": "Census Tract 9709.01" }, "geometry": { "type": "Polygon", "coordinates": [ [ [ -106.7787, 34.655 ], [ -106.7761, 34.6628 ], [ -106.767, 34.6613 ], [ -106.7566, 34.709 ], [ -106.7373, 34.6418 ], [ -106.7479, 34.631 ], [ -106.7687, 34.6291 ], [ -106.7783, 34.6301 ], [ -106.7808, 34.6392 ], [ -106.7829, 34.6303 ], [ -106.796, 34.653 ], [ -106.7787, 34.655 ] ] ] } },
{ "type": "Feature", "properties": { "GEOIDFQ": "1400000US35061970902", "NAME": "9709.02", "NAMELSAD": "Census Tract 9709.02" }, "geometry": { "type": "Polygon", "coordinates": [ [ [ -106.7808, 34.6392 ], [ -106.7783, 34.6301 ], [ -106.752, 34.6328 ], [ -106.7441, 34.599 ], [ -106.7705, 34.5714 ], [ -106.7646, 34.5415 ], [ -106.7733, 34.5334 ], [ -106.798, 34.5447 ], [ -106.7808, 34.6392 ] ] ] } },
{ "type": "Feature", "properties": { "GEOIDFQ": "1400000US35061971100", "NAME": "9711", "NAMELSAD": "Census Tract 9711" }, "geometry": { "type": "Polygon", "coordinates": [ [ [ -106.7635, 34.5457 ], [ -106.7705, 34.5714 ], [ -106.7443, 34.5975 ], [ -106.7519, 34.62 ], [ -106.7482, 34.6307 ], [ -106.7406, 34.6247 ], [ -106.7365, 34.5983 ], [ -106.7213, 34.5996 ], [ -106.7208, 34.6239 ], [ -106.703, 34.6361 ], [ -106.6903, 34.6371 ], [ -106.6852, 34.6731 ], [ -106.6599, 34.6862 ], [ -106.6597, 34.6946 ], [ -106.5624, 34.695 ], [ -106.5284, 34.6833 ], [ -106.5169, 34.6893 ], [ -106.4917, 34.6902 ], [ -106.4662, 34.671 ], [ -106.4698, 34.5212 ], [ -106.4169, 34.5217 ], [ -106.4169, 34.4397 ], [ -106.4563, 34.4371 ], [ -106.5046, 34.457 ], [ -106.7733, 34.5334 ], [ -106.7635, 34.5457 ] ] ] } },
{ "type": "Feature", "properties": { "GEOIDFQ": "1400000US35061940300", "NAME": "9403", "NAMELSAD": "Census Tract 9403" }, "geometry": { "type": "Polygon", "coordinates": [ [ [ -106.6858, 34.9064 ], [ -106.4295, 34.9034 ], [ -106.4116, 34.8897 ], [ -106.4118, 34.8702 ], [ -106.4639, 34.8702 ], [ -106.4645, 34.811 ], [ -106.6676, 34.8112 ], [ -106.6627, 34.8442 ], [ -106.6847, 34.8481 ], [ -106.6845, 34.8711 ], [ -106.7201, 34.8713 ], [ -106.6858, 34.9064 ] ] ] } },
{ "type": "Feature", "properties": { "GEOIDFQ": "1400000US35061970405", "NAME": "9704.05", "NAMELSAD": "Census Tract 9704.05" }, "geometry": { "type": "Polygon", "coordinates": [ [ [ -106.847, 34.8183 ], [ -106.8054, 34.8238 ], [ -106.7614, 34.8145 ], [ -106.7861, 34.755 ], [ -106.7913, 34.708 ], [ -106.834, 34.7665 ], [ -106.8584, 34.7734 ], [ -106.847, 34.8183 ] ] ] } },
{ "type": "Feature", "properties": { "GEOIDFQ": "1400000US35061970404", "NAME": "9704.04", "NAMELSAD": "Census Tract 9704.04" }, "geometry": { "type": "Polygon", "coordinates": [ [ [ -106.7614, 34.8145 ], [ -106.7358, 34.8075 ], [ -106.7405, 34.7872 ], [ -106.7669, 34.7914 ], [ -106.774, 34.7849 ], [ -106.7614, 34.8145 ] ] ] } },
{ "type": "Feature", "properties": { "GEOIDFQ": "1400000US35025000100", "NAME": "1", "NAMELSAD": "Census Tract 1" }, "geometry": { "type": "Polygon", "coordinates": [ [ [ -103.1276, 32.7112 ], [ -103.1275, 32.6966 ], [ -103.1436, 32.6966 ], [ -103.1437, 32.7112 ], [ -103.1276, 32.7112 ] ] ] } },
{ "type": "Feature", "properties": { "GEOIDFQ": "1400000US35025000900", "NAME": "9", "NAMELSAD": "Census Tract 9" }, "geometry": { "type": "Polygon", "coordinates": [ [ [ -103.8142, 32.5292 ], [ -103.726, 32.5546 ], [ -103.6954, 32.548 ], [ -103.6427, 32.5227 ], [ -103.5415, 32.5225 ], [ -103.5435, 32.5116 ], [ -103.5338, 32.5066 ], [ -103.518, 32.4591 ], [ -103.5036, 32.4616 ], [ -103.4334, 32.4132 ], [ -103.4415, 32.3807 ], [ -103.4368, 32.3264 ], [ -103.3879, 32.3264 ], [ -103.3652, 32.3408 ], [ -103.3146, 32.3415 ], [ -103.3082, 32.3991 ], [ -103.1595, 32.399 ], [ -103.1628, 32.341 ], [ -103.0647, 32.3347 ], [ -103.0645, 32.0004 ], [ -103.7229, 32.0002 ], [ -103.7229, 32.5223 ], [ -103.8142, 32.5225 ], [ -103.8142, 32.5292 ] ] ] } },
{ "type": "Feature", "properties": { "GEOIDFQ": "1400000US35025000800", "NAME": "8", "NAMELSAD": "Census Tract 8" }, "geometry": { "type": "Polygon", "coordinates": [ [ [ -103.3576, 32.4715 ], [ -103.3238, 32.4717 ], [ -103.335, 32.5001 ], [ -103.3335, 32.5433 ], [ -103.2565, 32.5367 ], [ -103.265, 32.6008 ], [ -103.188, 32.5914 ], [ -103.1277, 32.5913 ], [ -103.1277, 32.5691 ], [ -103.0647, 32.5622 ], [ -103.0647, 32.3347 ], [ -103.1628, 32.341 ], [ -103.1595, 32.399 ], [ -103.3082, 32.3991 ], [ -103.3146, 32.3415 ], [ -103.3652, 32.3408 ], [ -103.3879, 32.3264 ], [ -103.4368, 32.3264 ], [ -103.4415, 32.3807 ], [ -103.4323, 32.4099 ], [ -103.4421, 32.4187 ], [ -103.3576, 32.4715 ] ] ] } },
{ "type": "Feature", "properties": { "GEOIDFQ": "1400000US35025000300", "NAME": "3", "NAMELSAD": "Census Tract 3" }, "geometry": { "type": "Polygon", "coordinates": [ [ [ -103.1362, 32.6966 ], [ -103.0933, 32.6967 ], [ -103.0933, 32.6822 ], [ -103.1378, 32.6845 ], [ -103.1362, 32.6966 ] ] ] } },
{ "type": "Feature", "properties": { "GEOIDFQ": "1400000US35051962200", "NAME": "9622", "NAMELSAD": "Census Tract 9622" }, "geometry": { "type": "Polygon", "coordinates": [ [ [ -107.2534, 33.1571 ], [ -107.246, 33.1517 ], [ -107.2431, 33.1604 ], [ -107.221, 33.1481 ], [ -107.2354, 33.1279 ], [ -107.2576, 33.1332 ], [ -107.2534, 33.1571 ] ] ] } },
{ "type": "Feature", "properties": { "GEOIDFQ": "1400000US35051962300", "NAME": "9623", "NAMELSAD": "Census Tract 9623" }, "geometry": { "type": "Polygon", "coordinates": [ [ [ -107.2959, 33.1217 ], [ -107.2588, 33.1474 ], [ -107.2576, 33.1332 ], [ -107.2504, 33.1331 ], [ -107.2489, 33.1285 ], [ -107.254, 33.1186 ], [ -107.2961, 33.1124 ], [ -107.2938, 33.1032 ], [ -107.303, 33.102 ], [ -107.2959, 33.1217 ] ] ] } },
{ "type": "Feature", "properties": { "GEOIDFQ": "1400000US35001004739", "NAME": "47.39", "NAMELSAD": "Census Tract 47.39" }, "geometry": { "type": "Polygon", "coordinates": [ [ [ -106.73, 35.0756 ], [ -106.7296, 35.0575 ], [ -106.7408, 35.0556 ], [ -106.7427, 35.0727 ], [ -106.73, 35.0756 ] ] ] } },
{ "type": "Feature", "properties": { "GEOIDFQ": "1400000US35001004733", "NAME": "47.33", "NAMELSAD": "Census Tract 47.33" }, "geometry": { "type": "Polygon", "coordinates": [ [ [ -106.7225, 35.0581 ], [ -106.7277, 35.0385 ], [ -106.7373, 35.0433 ], [ -106.7406, 35.0557 ], [ -106.7225, 35.0581 ] ] ] } },
{ "type": "Feature", "properties": { "GEOIDFQ": "1400000US35001004753", "NAME": "47.53", "NAMELSAD": "Census Tract 47.53" }, "geometry": { "type": "Polygon", "coordinates": [ [ [ -106.6777, 35.2024 ], [ -106.6664, 35.1974 ], [ -106.6508, 35.187 ], [ -106.6528, 35.1822 ], [ -106.6681, 35.1809 ], [ -106.6625, 35.1861 ], [ -106.6807, 35.1922 ], [ -106.6777, 35.2024 ] ] ] } },
{ "type": "Feature", "properties": { "GEOIDFQ": "1400000US35001004750", "NAME": "47.50", "NAMELSAD": "Census Tract 47.50" }, "geometry": { "type": "Polygon", "coordinates": [ [ [ -106.7297, 35.1043 ], [ -106.7187, 35.1108 ], [ -106.7021, 35.1124 ], [ -106.7298, 35.0963 ], [ -106.7297, 35.1043 ] ] ] } },
{ "type": "Feature", "properties": { "GEOIDFQ": "1400000US35049000600", "NAME": "6", "NAMELSAD": "Census Tract 6" }, "geometry": { "type": "Polygon", "coordinates": [ [ [ -105.9381, 35.6816 ], [ -105.9358, 35.6706 ], [ -105.9417, 35.6699 ], [ -105.9582, 35.675 ], [ -105.9381, 35.6816 ] ] ] } },
{ "type": "Feature", "properties": { "GEOIDFQ": "1400000US35001003807", "NAME": "38.07", "NAMELSAD": "Census Tract 38.07" }, "geometry": { "type": "Polygon", "coordinates": [ [ [ -106.4627, 35.0167 ], [ -106.4509, 35.0552 ], [ -106.4447, 35.0618 ], [ -106.4229, 35.0658 ], [ -106.4063, 35.0804 ], [ -106.3875, 35.0812 ], [ -106.3784, 35.0545 ], [ -106.381, 35.0353 ], [ -106.3454, 35.0365 ], [ -106.3311, 35.0316 ], [ -106.3194, 35.0355 ], [ -106.2964, 35.0262 ], [ -106.2439, 35.0256 ], [ -106.2438, 34.9534 ], [ -106.1498, 34.9535 ], [ -106.1497, 34.8701 ], [ -106.3607, 34.8703 ], [ -106.3182, 34.9033 ], [ -106.3251, 34.931 ], [ -106.3165, 34.9419 ], [ -106.323, 34.9419 ], [ -106.3229, 34.9473 ], [ -106.4648, 34.9473 ], [ -106.4627, 35.0167 ] ] ] } },
{ "type": "Feature", "properties": { "GEOIDFQ": "1400000US35001000107", "NAME": "1.07", "NAMELSAD": "Census Tract 1.07" }, "geometry": { "type": "Polygon", "coordinates": [ [ [ -106.4804, 35.131 ], [ -106.48, 35.1127 ], [ -106.4889, 35.1096 ], [ -106.4896, 35.1156 ], [ -106.4975, 35.1156 ], [ -106.4979, 35.1307 ], [ -106.4804, 35.131 ] ] ] } },
{ "type": "Feature", "properties": { "GEOIDFQ": "1400000US35001003715", "NAME": "37.15", "NAMELSAD": "Census Tract 37.15" }, "geometry": { "type": "Polygon", "coordinates": [ [ [ -106.5599, 35.1595 ], [ -106.5244, 35.1589 ], [ -106.5294, 35.1457 ], [ -106.5399, 35.1513 ], [ -106.5539, 35.1461 ], [ -106.5599, 35.1595 ] ] ] } },
{ "type": "Feature", "properties": { "GEOIDFQ": "1400000US35001003726", "NAME": "37.26", "NAMELSAD": "Census Tract 37.26" }, "geometry": { "type": "Polygon", "coordinates": [ [ [ -106.4968, 35.1596 ], [ -106.4971, 35.1524 ], [ -106.517, 35.151 ], [ -106.5247, 35.1597 ], [ -106.4968, 35.1596 ] ] ] } },
{ "type": "Feature", "properties": { "GEOIDFQ": "1400000US35001003803", "NAME": "38.03", "NAMELSAD": "Census Tract 38.03" }, "geometry": { "type": "Polygon", "coordinates": [ [ [ -106.2442, 35.2157 ], [ -106.2436, 35.1417 ], [ -106.3028, 35.1418 ], [ -106.3153, 35.1561 ], [ -106.3731, 35.1697 ], [ -106.377, 35.1817 ], [ -106.3894, 35.1852 ], [ -106.3909, 35.1807 ], [ -106.3988, 35.193 ], [ -106.4055, 35.1916 ], [ -106.4133, 35.2082 ], [ -106.4087, 35.2134 ], [ -106.4187, 35.2174 ], [ -106.2442, 35.2157 ] ] ] } },
{ "type": "Feature", "properties": { "GEOIDFQ": "1400000US35001000109", "NAME": "1.09", "NAMELSAD": "Census Tract 1.09" }, "geometry": { "type": "Polygon", "coordinates": [ [ [ -106.5157, 35.1307 ], [ -106.5157, 35.1235 ], [ -106.5333, 35.1234 ], [ -106.5334, 35.1282 ], [ -106.5157, 35.1307 ] ] ] } },
{ "type": "Feature", "properties": { "GEOIDFQ": "1400000US35001000110", "NAME": "1.10", "NAMELSAD": "Census Tract 1.10" }, "geometry": { "type": "Polygon", "coordinates": [ [ [ -106.5157, 35.1235 ], [ -106.5156, 35.1163 ], [ -106.5332, 35.1162 ], [ -106.5157, 35.1235 ] ] ] } },
{ "type": "Feature", "properties": { "GEOIDFQ": "1400000US35001000111", "NAME": "1.11", "NAMELSAD": "Census Tract 1.11" }, "geometry": { "type": "Polygon", "coordinates": [ [ [ -106.4977, 35.1234 ], [ -106.4975, 35.1156 ], [ -106.5156, 35.1163 ], [ -106.5157, 35.1211 ], [ -106.4977, 35.1234 ] ] ] } },
{ "type": "Feature", "properties": { "GEOIDFQ": "1400000US35001000112", "NAME": "1.12", "NAMELSAD": "Census Tract 1.12" }, "geometry": { "type": "Polygon", "coordinates": [ [ [ -106.4896, 35.1156 ], [ -106.4889, 35.1096 ], [ -106.48, 35.1127 ], [ -106.48, 35.0987 ], [ -106.4973, 35.1027 ], [ -106.4975, 35.1156 ], [ -106.4896, 35.1156 ] ] ] } },
{ "type": "Feature", "properties": { "GEOIDFQ": "1400000US35001000113", "NAME": "1.13", "NAMELSAD": "Census Tract 1.13" }, "geometry": { "type": "Polygon", "coordinates": [ [ [ -106.4975, 35.1156 ], [ -106.4974, 35.1093 ], [ -106.5156, 35.1089 ], [ -106.5157, 35.115 ], [ -106.4975, 35.1156 ] ] ] } },
{ "type": "Feature", "properties": { "GEOIDFQ": "1400000US35001000115", "NAME": "1.15", "NAMELSAD": "Census Tract 1.15" }, "geometry": { "type": "Polygon", "coordinates": [ [ [ -106.5156, 35.1089 ], [ -106.5154, 35.1015 ], [ -106.5329, 35.1017 ], [ -106.5331, 35.1089 ], [ -106.5156, 35.1089 ] ] ] } },
{ "type": "Feature", "properties": { "GEOIDFQ": "1400000US35001000116", "NAME": "1.16", "NAMELSAD": "Census Tract 1.16" }, "geometry": { "type": "Polygon", "coordinates": [ [ [ -106.4974, 35.1093 ], [ -106.4973, 35.1009 ], [ -106.5154, 35.1015 ], [ -106.5156, 35.1089 ], [ -106.4974, 35.1093 ] ] ] } },
{ "type": "Feature", "properties": { "GEOIDFQ": "1400000US35001003202", "NAME": "32.02", "NAMELSAD": "Census Tract 32.02" }, "geometry": { "type": "Polygon", "coordinates": [ [ [ -106.6627, 35.1346 ], [ -106.6217, 35.1238 ], [ -106.6257, 35.1144 ], [ -106.6658, 35.1247 ], [ -106.6627, 35.1346 ] ] ] } },
{ "type": "Feature", "properties": { "GEOIDFQ": "1400000US35001003400", "NAME": "34", "NAMELSAD": "Census Tract 34" }, "geometry": { "type": "Polygon", "coordinates": [ [ [ -106.6201, 35.1257 ], [ -106.6041, 35.131 ], [ -106.6042, 35.1052 ], [ -106.6291, 35.1059 ], [ -106.6201, 35.1257 ] ] ] } },
{ "type": "Feature", "properties": { "GEOIDFQ": "1400000US35001000119", "NAME": "1.19", "NAMELSAD": "Census Tract 1.19" }, "geometry": { "type": "Polygon", "coordinates": [ [ [ -106.5688, 35.1235 ], [ -106.551, 35.1236 ], [ -106.5509, 35.1165 ], [ -106.5689, 35.1173 ], [ -106.5688, 35.1235 ] ] ] } },
{ "type": "Feature", "properties": { "GEOIDFQ": "1400000US35001000120", "NAME": "1.20", "NAMELSAD": "Census Tract 1.20" }, "geometry": { "type": "Polygon", "coordinates": [ [ [ -106.5333, 35.1234 ], [ -106.5332, 35.1162 ], [ -106.5509, 35.1165 ], [ -106.551, 35.1236 ], [ -106.5333, 35.1234 ] ] ] } },
{ "type": "Feature", "properties": { "GEOIDFQ": "1400000US35001000121", "NAME": "1.21", "NAMELSAD": "Census Tract 1.21" }, "geometry": { "type": "Polygon", "coordinates": [ [ [ -106.5332, 35.1162 ], [ -106.5329, 35.1017 ], [ -106.5508, 35.102 ], [ -106.5509, 35.1165 ], [ -106.5332, 35.1162 ] ] ] } },
{ "type": "Feature", "properties": { "GEOIDFQ": "1400000US35001000122", "NAME": "1.22", "NAMELSAD": "Census Tract 1.22" }, "geometry": { "type": "Polygon", "coordinates": [ [ [ -106.5509, 35.1165 ], [ -106.5508, 35.102 ], [ -106.5688, 35.1019 ], [ -106.5689, 35.1164 ], [ -106.5509, 35.1165 ] ] ] } },
{ "type": "Feature", "properties": { "GEOIDFQ": "1400000US35001000123", "NAME": "1.23", "NAMELSAD": "Census Tract 1.23" }, "geometry": { "type": "Polygon", "coordinates": [ [ [ -106.5329, 35.1017 ], [ -106.5326, 35.0873 ], [ -106.5507, 35.0903 ], [ -106.5508, 35.102 ], [ -106.5329, 35.1017 ] ] ] } },
{ "type": "Feature", "properties": { "GEOIDFQ": "1400000US35001000124", "NAME": "1.24", "NAMELSAD": "Census Tract 1.24" }, "geometry": { "type": "Polygon", "coordinates": [ [ [ -106.5508, 35.102 ], [ -106.5507, 35.0903 ], [ -106.5776, 35.1012 ], [ -106.5508, 35.102 ] ] ] } },
{ "type": "Feature", "properties": { "GEOIDFQ": "1400000US35001000125", "NAME": "1.25", "NAMELSAD": "Census Tract 1.25" }, "geometry": { "type": "Polygon", "coordinates": [ [ [ -106.4973, 35.1027 ], [ -106.4814, 35.0995 ], [ -106.48, 35.0849 ], [ -106.4971, 35.0863 ], [ -106.4973, 35.1027 ] ] ] } },
{ "type": "Feature", "properties": { "GEOIDFQ": "1400000US35001000127", "NAME": "1.27", "NAMELSAD": "Census Tract 1.27" }, "geometry": { "type": "Polygon", "coordinates": [ [ [ -106.5154, 35.1015 ], [ -106.5153, 35.0936 ], [ -106.5327, 35.0945 ], [ -106.5329, 35.1017 ], [ -106.5154, 35.1015 ] ] ] } },
{ "type": "Feature", "properties": { "GEOIDFQ": "1400000US35001000128", "NAME": "1.28", "NAMELSAD": "Census Tract 1.28" }, "geometry": { "type": "Polygon", "coordinates": [ [ [ -106.5153, 35.0936 ], [ -106.515, 35.0868 ], [ -106.5326, 35.0873 ], [ -106.5327, 35.0945 ], [ -106.5153, 35.0936 ] ] ] } },
{ "type": "Feature", "properties": { "GEOIDFQ": "1400000US35001000129", "NAME": "1.29", "NAMELSAD": "Census Tract 1.29" }, "geometry": { "type": "Polygon", "coordinates": [ [ [ -106.4976, 35.0948 ], [ -106.4971, 35.0863 ], [ -106.515, 35.0868 ], [ -106.5153, 35.0936 ], [ -106.4976, 35.0948 ] ] ] } },
{ "type": "Feature", "properties": { "GEOIDFQ": "1400000US35001000203", "NAME": "2.03", "NAMELSAD": "Census Tract 2.03" }, "geometry": { "type": "Polygon", "coordinates": [ [ [ -106.5687, 35.1308 ], [ -106.5688, 35.1235 ], [ -106.5864, 35.1233 ], [ -106.5865, 35.129 ], [ -106.5687, 35.1308 ] ] ] } },
{ "type": "Feature", "properties": { "GEOIDFQ": "1400000US35001003501", "NAME": "35.01", "NAMELSAD": "Census Tract 35.01" }, "geometry": { "type": "Polygon", "coordinates": [ [ [ -106.6347, 35.1725 ], [ -106.6275, 35.1792 ], [ -106.6133, 35.1759 ], [ -106.6284, 35.1366 ], [ -106.641, 35.1399 ], [ -106.6347, 35.1725 ] ] ] } },
{ "type": "Feature", "properties": { "GEOIDFQ": "1400000US35001004602", "NAME": "46.02", "NAMELSAD": "Census Tract 46.02" }, "geometry": { "type": "Polygon", "coordinates": [ [ [ -106.7189, 34.9918 ], [ -106.6871, 34.9845 ], [ -106.6808, 34.9469 ], [ -106.7101, 34.9472 ], [ -106.7192, 34.9684 ], [ -106.7189, 34.9918 ] ] ] } },
{ "type": "Feature", "properties": { "GEOIDFQ": "1400000US35025000701", "NAME": "7.01", "NAMELSAD": "Census Tract 7.01" }, "geometry": { "type": "Polygon", "coordinates": [ [ [ -103.1793, 32.7984 ], [ -103.1793, 32.8565 ], [ -103.1278, 32.8565 ], [ -103.1264, 32.8999 ], [ -103.0647, 32.8999 ], [ -103.0647, 32.727 ], [ -103.1104, 32.7257 ], [ -103.1106, 32.7468 ], [ -103.1218, 32.7574 ], [ -103.1175, 32.7984 ], [ -103.1632, 32.7983 ], [ -103.1636, 32.7839 ], [ -103.2033, 32.7836 ], [ -103.2177, 32.7984 ], [ -103.1793, 32.7984 ] ] ] } },
{ "type": "Feature", "properties": { "GEOIDFQ": "1400000US35006946100", "NAME": "9461", "NAMELSAD": "Census Tract 9461" }, "geometry": { "type": "Polygon", "coordinates": [ [ [ -107.5448, 35.0676 ], [ -107.492, 35.0674 ], [ -107.5059, 35.0775 ], [ -107.4897, 35.0873 ], [ -107.5039, 35.1116 ], [ -107.4821, 35.1467 ], [ -107.4857, 35.1683 ], [ -107.4768, 35.1682 ], [ -107.4767, 35.19 ], [ -107.4653, 35.1897 ], [ -107.4651, 35.1755 ], [ -107.4471, 35.1754 ], [ -107.4471, 35.1683 ], [ -107.4621, 35.1685 ], [ -107.4648, 35.1535 ], [ -107.4327, 35.1537 ], [ -107.4326, 35.1608 ], [ -107.3714, 35.1609 ], [ -107.3713, 35.1537 ], [ -107.2752, 35.1532 ], [ -107.2683, 35.139 ], [ -107.2471, 35.1391 ], [ -107.2471, 35.1467 ], [ -107.2302, 35.1534 ], [ -107.2303, 35.1678 ], [ -107.1861, 35.1679 ], [ -107.1841, 35.1837 ], [ -107.0666, 34.9572 ], [ -107.2029, 34.9576 ], [ -107.2033, 34.797 ], [ -107.2209, 34.797 ], [ -107.2209, 34.783 ], [ -107.2383, 34.783 ], [ -107.2382, 34.7971 ], [ -107.2566, 34.7972 ], [ -107.2566, 34.7833 ], [ -107.2756, 34.7834 ], [ -107.2754, 34.7972 ], [ -107.2922, 34.797 ], [ -107.2922, 34.8115 ], [ -107.3098, 34.8115 ], [ -107.3098, 34.8256 ], [ -107.2922, 34.8256 ], [ -107.2922, 34.8415 ], [ -107.3098, 34.8415 ], [ -107.3095, 34.8701 ], [ -107.5433, 34.8697 ], [ -107.5448, 35.0676 ] ] ] } },
{ "type": "Feature", "properties": { "GEOIDFQ": "1400000US35031973100", "NAME": "9731", "NAMELSAD": "Census Tract 9731" }, "geometry": { "type": "Polygon", "coordinates": [ [ [ -108.6202, 35.4446 ], [ -108.62, 35.4365 ], [ -108.598, 35.4345 ], [ -108.5914, 35.4418 ], [ -108.5952, 35.4534 ], [ -108.5779, 35.47 ], [ -108.5664, 35.4635 ], [ -108.5601, 35.4684 ], [ -108.5442, 35.4673 ], [ -108.5337, 35.4403 ], [ -108.5233, 35.4412 ], [ -108.5017, 35.4962 ], [ -108.4258, 35.4775 ], [ -108.2756, 35.4075 ], [ -108.2244, 35.3963 ], [ -108.2045, 35.3771 ], [ -108.2193, 35.3509 ], [ -108.1975, 35.3167 ], [ -108.2014, 35.3065 ], [ -108.4687, 35.3067 ], [ -108.4694, 34.9591 ], [ -108.5044, 34.9591 ], [ -108.5045, 34.9737 ], [ -108.5221, 34.9737 ], [ -108.5238, 34.9907 ], [ -108.5418, 34.9898 ], [ -108.5391, 35.3069 ], [ -108.5724, 35.3069 ], [ -108.5846, 35.3432 ], [ -108.602, 35.3685 ], [ -108.6074, 35.4017 ], [ -108.6214, 35.4234 ], [ -108.6249, 35.4432 ], [ -108.6202, 35.4446 ] ] ] } },
{ "type": "Feature", "properties": { "GEOIDFQ": "1400000US35031944000", "NAME": "9440", "NAMELSAD": "Census Tract 9440" }, "geometry": { "type": "Polygon", "coordinates": [ [ [ -108.1359, 35.5933 ], [ -108.1106, 35.6248 ], [ -108.1216, 35.6622 ], [ -108.0962, 35.6528 ], [ -108.0726, 35.6682 ], [ -108.0251, 35.6797 ], [ -108.0088, 35.6952 ], [ -107.9972, 35.6958 ], [ -107.9774, 35.6853 ], [ -107.9922, 35.6604 ], [ -107.9808, 35.6416 ], [ -107.9645, 35.6378 ], [ -107.9575, 35.6121 ], [ -107.9291, 35.6135 ], [ -107.9088, 35.6005 ], [ -107.8601, 35.6153 ], [ -107.8381, 35.6422 ], [ -107.8369, 35.654 ], [ -107.7788, 35.6995 ], [ -107.7972, 35.7209 ], [ -107.8301, 35.7298 ], [ -107.8392, 35.7516 ], [ -107.8228, 35.7608 ], [ -107.8265, 35.7831 ], [ -107.8171, 35.7954 ], [ -107.826, 35.8057 ], [ -107.7953, 35.8046 ], [ -107.7497, 35.8143 ], [ -107.7304, 35.8639 ], [ -107.7015, 35.8863 ], [ -107.7198, 35.9014 ], [ -107.7155, 35.9096 ], [ -107.7681, 35.9306 ], [ -107.7667, 35.9362 ], [ -107.7549, 35.9373 ], [ -107.7655, 35.9462 ], [ -107.7786, 35.9466 ], [ -107.768, 35.9554 ], [ -107.7711, 35.959 ], [ -107.7935, 35.9571 ], [ -107.8159, 35.9637 ], [ -107.8816, 36.0017 ], [ -107.3087, 35.9986 ], [ -107.3094, 35.3057 ], [ -107.6288, 35.3043 ], [ -107.6283, 35.3483 ], [ -107.7803, 35.348 ], [ -107.8385, 35.439 ], [ -107.8631, 35.45 ], [ -107.8615, 35.4567 ], [ -107.8896, 35.4625 ], [ -107.9261, 35.4557 ], [ -107.924, 35.45 ], [ -107.8989, 35.4486 ], [ -107.9051, 35.4447 ], [ -107.9117, 35.4484 ], [ -107.9219, 35.4382 ], [ -107.9204, 35.4324 ], [ -107.9116, 35.4314 ], [ -107.9163, 35.4247 ], [ -107.9495, 35.4395 ], [ -107.9438, 35.4528 ], [ -107.9508, 35.4587 ], [ -107.9435, 35.4632 ], [ -107.9452, 35.4712 ], [ -107.9544, 35.4746 ], [ -107.944, 35.484 ], [ -107.9507, 35.4887 ], [ -107.9254, 35.5044 ], [ -107.9329, 35.5081 ], [ -107.9532, 35.5046 ], [ -107.947, 35.5192 ], [ -107.9779, 35.5279 ], [ -107.9693, 35.5436 ], [ -107.9715, 35.554 ], [ -107.9804, 35.5528 ], [ -107.9824, 35.5436 ], [ -107.9897, 35.5428 ], [ -107.9899, 35.5475 ], [ -108.0012, 35.5432 ], [ -107.9798, 35.5603 ], [ -107.9973, 35.5594 ], [ -107.9988, 35.5666 ], [ -107.9707, 35.5674 ], [ -107.9675, 35.5623 ], [ -107.9602, 35.5715 ], [ -107.9711, 35.5711 ], [ -107.9613, 35.5795 ], [ -107.9878, 35.5863 ], [ -107.9991, 35.5808 ], [ -107.998, 35.5917 ], [ -108.0243, 35.6049 ], [ -108.0401, 35.5976 ], [ -108.056, 35.6042 ], [ -108.0834, 35.5966 ], [ -108.092, 35.6106 ], [ -108.0931, 35.5984 ], [ -108.0983, 35.6001 ], [ -108.1074, 35.5885 ], [ -108.1026, 35.6091 ], [ -108.1094, 35.6092 ], [ -108.1078, 35.6171 ], [ -108.1138, 35.6024 ], [ -108.1253, 35.6003 ], [ -108.1185, 35.5953 ], [ -108.1347, 35.5917 ], [ -108.1268, 35.5858 ], [ -108.1353, 35.5886 ], [ -108.1387, 35.583 ], [ -108.1359, 35.5933 ] ] ] } },
{ "type": "Feature", "properties": { "GEOIDFQ": "1400000US35031940500", "NAME": "9405", "NAMELSAD": "Census Tract 9405" }, "geometry": { "type": "Polygon", "coordinates": [ [ [ -109.046, 35.1755 ], [ -108.9104, 35.1766 ], [ -108.9104, 35.1621 ], [ -108.8932, 35.1622 ], [ -108.8929, 35.1696 ], [ -108.8396, 35.1696 ], [ -108.8398, 35.1595 ], [ -108.851, 35.1507 ], [ -108.8385, 35.1312 ], [ -108.8514, 35.1222 ], [ -108.8432, 35.111 ], [ -108.7848, 35.1338 ], [ -108.7866, 35.2061 ], [ -108.7698, 35.2055 ], [ -108.7689, 35.2192 ], [ -108.6816, 35.2188 ], [ -108.6806, 35.3071 ], [ -108.5391, 35.3069 ], [ -108.5418, 34.9898 ], [ -108.5238, 34.9907 ], [ -108.5221, 34.9737 ], [ -108.5045, 34.9737 ], [ -108.5044, 34.9591 ], [ -109.046, 34.9598 ], [ -109.046, 35.1755 ] ], [ [ -108.9034, 35.0708 ], [ -108.8984, 35.0447 ], [ -108.8827, 35.0521 ], [ -108.8751, 35.0399 ], [ -108.8684, 35.0397 ], [ -108.8661, 35.0515 ], [ -108.8531, 35.0445 ], [ -108.8451, 35.0535 ], [ -108.8076, 35.0634 ], [ -108.8167, 35.0845 ], [ -108.851, 35.0932 ], [ -108.8712, 35.0935 ], [ -108.8773, 35.078 ], [ -108.8833, 35.0819 ], [ -108.887, 35.0763 ], [ -108.9236, 35.0852 ], [ -108.9034, 35.0708 ] ] ] } },
{ "type": "Feature", "properties": { "GEOIDFQ": "1400000US35001004737", "NAME": "47.37", "NAMELSAD": "Census Tract 47.37" }, "geometry": { "type": "Polygon", "coordinates": [ [ [ -106.7373, 35.0433 ], [ -106.7401, 35.0246 ], [ -106.7524, 35.0245 ], [ -106.7559, 35.04 ], [ -106.7373, 35.0433 ] ] ] } },
{ "type": "Feature", "properties": { "GEOIDFQ": "1400000US35001940700", "NAME": "9407", "NAMELSAD": "Census Tract 9407" }, "geometry": { "type": "Polygon", "coordinates": [ [ [ -106.9844, 34.9502 ], [ -106.9816, 34.9466 ], [ -106.9818, 34.9523 ], [ -106.9605, 34.9504 ], [ -106.9471, 34.9573 ], [ -106.7253, 34.9567 ], [ -106.7251, 34.9473 ], [ -106.3229, 34.9473 ], [ -106.323, 34.9419 ], [ -106.3165, 34.9419 ], [ -106.3251, 34.931 ], [ -106.3183, 34.9031 ], [ -106.3607, 34.8703 ], [ -106.4118, 34.8703 ], [ -106.4116, 34.8897 ], [ -106.4295, 34.9034 ], [ -106.6858, 34.9064 ], [ -106.7207, 34.8701 ], [ -107.0229, 34.87 ], [ -107.0347, 34.9133 ], [ -106.9844, 34.9502 ] ] ] } },
{ "type": "Feature", "properties": { "GEOIDFQ": "1400000US35001940500", "NAME": "9405", "NAMELSAD": "Census Tract 9405" }, "geometry": { "type": "Polygon", "coordinates": [ [ [ -106.6045, 35.2179 ], [ -106.4594, 35.2179 ], [ -106.4367, 35.1971 ], [ -106.4864, 35.1676 ], [ -106.4962, 35.1714 ], [ -106.4977, 35.1914 ], [ -106.6231, 35.2088 ], [ -106.6045, 35.2179 ] ] ] } },
{ "type": "Feature", "properties": { "GEOIDFQ": "1400000US35001004502", "NAME": "45.02", "NAMELSAD": "Census Tract 45.02" }, "geometry": { "type": "Polygon", "coordinates": [ [ [ -106.6884, 35.0518 ], [ -106.6777, 35.0535 ], [ -106.6804, 35.0268 ], [ -106.6898, 35.0267 ], [ -106.6884, 35.0518 ] ] ] } },
{ "type": "Feature", "properties": { "GEOIDFQ": "1400000US35025000702", "NAME": "7.02", "NAMELSAD": "Census Tract 7.02" }, "geometry": { "type": "Polygon", "coordinates": [ [ [ -103.5688, 32.6111 ], [ -103.3828, 32.6952 ], [ -103.3508, 32.6967 ], [ -103.351, 32.8569 ], [ -103.1793, 32.8565 ], [ -103.1793, 32.7984 ], [ -103.2177, 32.7984 ], [ -103.1738, 32.7534 ], [ -103.1793, 32.7532 ], [ -103.1792, 32.7257 ], [ -103.1878, 32.7257 ], [ -103.183, 32.6966 ], [ -103.1789, 32.691 ], [ -103.1685, 32.6929 ], [ -103.1587, 32.6826 ], [ -103.1438, 32.6821 ], [ -103.1435, 32.653 ], [ -103.1275, 32.653 ], [ -103.1275, 32.6821 ], [ -103.0933, 32.6822 ], [ -103.0932, 32.7112 ], [ -103.0648, 32.7138 ], [ -103.0647, 32.5622 ], [ -103.1277, 32.5691 ], [ -103.1277, 32.5913 ], [ -103.188, 32.5914 ], [ -103.265, 32.6008 ], [ -103.2565, 32.5367 ], [ -103.3335, 32.5433 ], [ -103.335, 32.5001 ], [ -103.3238, 32.4717 ], [ -103.3576, 32.4715 ], [ -103.4421, 32.4187 ], [ -103.5036, 32.4616 ], [ -103.518, 32.4591 ], [ -103.5338, 32.5066 ], [ -103.5435, 32.5116 ], [ -103.5415, 32.5225 ], [ -103.6427, 32.5227 ], [ -103.6954, 32.548 ], [ -103.726, 32.5546 ], [ -103.5688, 32.6111 ] ] ] } }
]
}
